tree
version=v4
num_class=1
num_tree_per_iteration=1
label_index=0
max_feature_idx=15
objective=regression_l1
feature_names=oil_tpd liquid_tpd pressure_bar control_value target_orat target_lrat target_wrat status oil_fraction watercut injection_minus_liquid allocated_injection_m3d neighbor_pressure_bar perm_md poro completed_net_thickness_m
feature_infos=[0:43.42959140103163] [0:65.965654103293801] [0:285.00482199999999] [0:410.73022900000001] none [0:1] [0:1] [0:1] [0:1] [0:1] [-65.965654103293801:410.73022900000001] [0:107.26061067246896] [0:229.06531212722095] [212.71655300490687:738.00869701563943] [0.15975654196058092:0.23766614019099039] [0.63501341750003348:13.268681986250044]
tree_sizes=1544 1559 1548 1557 1552 1554 1556 1557 1560 1548 1548 1552 1554 1551 1565 1550 1580 1543 1562 1564 1553 1548 1555 1555 1541 1541 1562 1545 1535 1543 1567 1544 1550 1552 1542 1526 1533 1562 1558 1556 1567 1542 1548 1540 1519 1535 1550 1509 1548 1535 1532 1541 1542 1543 1551 1550 1530 1539 1555 1548 1533 1547 1550 1489 1544 1551 1528 1517 1545 1510 1488 1559 1554 1530 1489 1479 1509 1524 1493 1504 1515 1496 1501 1479 1504 1497 1503 1537 1491 1493 1458 1491 1441 1504 1482 1526 1521 1528 1490 1485 1482 1524 1491 1537 1467 1515 1491 1490 1489 1493 1507 1511 1527 1518 1509 1532 1440 1490 1445 1480 1472 1473 1484 1472 1525 1485 1468 1488 1542 1444 1456 1505 1479 1472 1522 1506 1497 1477 1477 1457 1473 1487 1464 1488 1461 1446 1463 1476 1469 1439 1483 1497 1470 1475 1513 1453 1498 1488 1547 1436

Tree=0
num_leaves=15
num_cat=0
split_feature=9 1 15 11 11 11 1 10 3 9 11 1 3 11
split_gain=7976.62 5715.18 5080.91 4494.82 3788.71 2270.36 2096.05 1829.66 1111.45 1029.5 894.217 1149.65 865.835 891.595
threshold=0.0010248672824925145 2.8813295917163884 8.4516063852500043 23.667050517633534 0.84471082077799908 0.9936607726447747 16.93646228029662 -19.109705338433169 20.000043500000004 0.7546746310943786 14.447495175357341 5.4055831732303465 5.0000175000000011 21.305998551435664
decision_type=2 2 2 2 2 2 2 2 2 2 2 2 2 2
left_child=1 -1 3 6 -3 -4 10 8 -5 -10 11 -2 -6 -14
right_child=2 4 5 7 12 -7 -8 -9 9 -11 -12 -13 13 -15
leaf_value=-0.0016616020351648332 0 -0.011078947782516479 0 -0.031616830825805665 -0.0095496767759323115 0.0062623822689056394 0.0032883918285369872 -0.0050359579920768735 -0.0036998721957206726 0.00046946292743086819 -0.0019807793200016023 0.001923273578286171 0.0013986578583717346 -0.0026180720329284667
leaf_weight=29776 135065 5597 14243 3551 3000 27510 15271 25936 11607 24184 11387 4604 17628 13640
leaf_count=29776 135065 5597 14243 3551 3000 27510 15271 25936 11607 24184 11387 4604 17628 13640
internal_value=-0.00307476 -0.01516 4.09719e-06 -0.00231135 -0.00525674 0.0128479 0.0011796 -0.0112062 -0.0057689 -0.0036512 -0.00024812 0.000630634 -0.000273141 0.0016963
internal_weight=342999 69641 273358 231605 39865 41753 166327 65278 39342 35791 151056 139669 34268 31268
internal_count=342999 69641 273358 231605 39865 41753 166327 65278 39342 35791 151056 139669 34268 31268
is_linear=0
shrinkage=0.04


Tree=1
num_leaves=15
num_cat=0
split_feature=9 0 11 10 11 0 10 12 3 13 3 13 3 11
split_gain=7742.03 5419.59 3633.34 3018.49 4064.75 2387.98 1733.06 1872.05 1412.38 1179.75 865.364 981.562 795.898 805.417
threshold=0.0010248672824925145 2.8436667123879471 0.84471082077799908 -32.618526298808384 23.900545221570891 4.1293423037821126 -18.583526681812042 129.63000563001768 34.908647000000009 363.32443571946186 20.000043500000004 513.32521284928225 5.0000175000000011 21.305998551435664
decision_type=2 2 2 2 2 2 2 2 2 2 2 2 2 2
left_child=1 -1 -3 8 5 -5 7 -6 -2 -7 -9 -12 -4 -14
right_child=3 2 12 4 6 9 -8 10 -10 -11 11 -13 13 -15
leaf_value=-0.00160080948472023 -0.063048034384101628 -0.010637231111526488 -0.0095691412925720219 0 0.0060157485127449043 3.9086217433214193e-05 -0.0048638490319252011 -0.027054745197296143 0.0084517357587814337 0.0026682882279157639 -0.00067949206493794919 -0.0047863553177565337 0.0012949042975902558 -0.0025460718035697941
leaf_weight=29680 2007 5736 2973 156780 4319 9771 24427 4051 20665 21017 24846 5814 17625 13689
leaf_count=29680 2007 5736 2973 156780 4319 9771 24427 4051 20665 21017 24846 5814 17625 13689
internal_value=-0.0030495 -0.0149509 -0.00534593 -1.85607e-05 -0.00128099 0.0016796 -0.010032 -0.00480246 0.0139591 0.0118644 -0.0078926 -0.00559687 -0.000416484 0.00146133
internal_weight=343400 69703 40023 273697 251025 187568 63457 39030 22672 30788 34711 30660 34287 31314
internal_count=343400 69703 40023 273697 251025 187568 63457 39030 22672 30788 34711 30660 34287 31314
is_linear=0
shrinkage=0.04


Tree=2
num_leaves=15
num_cat=0
split_feature=9 0 15 11 11 10 10 8 3 1 1 11 10 13
split_gain=7385.99 5483.81 4745.91 3916.34 3333.29 2168.57 1814.53 1672.24 1100.57 1018.96 802.901 792.693 1214.58 774.088
threshold=0.010137211501616008 3.0634550437912362 8.4516063852500043 23.532484736268774 1.0000000180025095e-35 -6.2458548981208413 -16.992817446671346 0.21293876189601721 25.197812000000003 28.364405480011708 23.280024178531544 14.447495175357341 -5.4295548517645322 289.15636952549113
decision_type=2 2 2 2 2 2 2 2 2 2 2 2 2 2
left_child=1 -1 3 6 -3 -4 -2 8 9 -5 -10 12 -8 -13
right_child=2 4 5 7 -6 -7 11 -9 10 -11 -12 13 -14 -15
leaf_value=-0.001552122991681099 0.0032083443487286568 -0.010406134071350097 0.0062861491765975955 -0.0024631799440383911 -0.00011539059453271329 0 0.0019534924024939538 -0.0044200062859728936 -0.0022040015935897829 -0.14214965890835227 0.0036821751694828268 -0.0055688185488134622 0 -0.00064071690617501734
leaf_weight=30713 14222 5608 26425 12379 36549 15141 3830 34862 3001 1859 13119 2592 134715 7948
leaf_count=30713 14222 5608 26425 12379 36549 15141 3830 34862 3001 1859 13119 2592 134715 7948
internal_value=-0.00295985 -0.014261 8.91545e-05 -0.00217217 -0.00489504 0.0125218 0.001137 -0.0104581 -0.00359444 -0.0116983 0.00356328 -0.000165275 0.000639215 -0.01074
internal_weight=342963 72870 270093 228527 42157 41566 163307 65220 30358 14238 16120 149085 138545 10540
internal_count=342963 72870 270093 228527 42157 41566 163307 65220 30358 14238 16120 149085 138545 10540
is_linear=0
shrinkage=0.04


Tree=3
num_leaves=15
num_cat=0
split_feature=8 1 15 11 11 10 10 8 11 10 13 10 2 11
split_gain=7217.12 5275.38 4495.76 3436.61 2915.34 2050.01 1753.79 1706.44 828.357 1075.4 790.467 639.933 627.727 644.196
threshold=0.98644317661383074 3.5378964871579748 8.4516063852500043 23.667050517633534 1.0000000180025095e-35 -4.1835333992990469 -16.79593137005357 0.21293876189601721 14.447495175357341 -3.6063447334603262 289.15636952549113 -11.835539333516151 52.849275500000012 1.0000000180025095e-35
decision_type=2 2 2 2 2 2 2 2 2 2 2 2 2 2
left_child=2 12 3 6 -3 -4 -1 11 9 -8 -10 -5 -2 -14
right_child=1 4 5 7 -6 -7 8 -9 10 -11 -12 -13 13 -15
leaf_value=0.0029904236696875097 -0.00138875622048378 -0.010650599043273925 0.0057059925342941289 -0.00065835229392528533 -1.877111885525286e-05 0 0.0017047671123659612 -0.0042646292424651988 -0.0053461760754537581 0 -0.00068234095459043982 -0.012975317927360536 -0.003707326834344864 -0.0013569873553156853
leaf_weight=14763 13062 5243 27437 29047 35198 14090 5161 34437 2646 133173 7851 1065 3374 16584
leaf_count=14763 13062 5243 27437 29047 35198 14090 5161 34437 2646 133173 7851 1065 3374 16584
internal_value=-0.00282516 -0.0139399 0.000202618 -0.00200085 -0.0042541 0.0123081 0.00108292 -0.00981642 -0.000221459 0.000600575 -0.0110546 -0.00286132 -0.0258025 -0.0213408
internal_weight=343131 73461 269670 228143 40441 41527 163594 64549 148831 138334 10497 30112 33020 19958
internal_count=343131 73461 269670 228143 40441 41527 163594 64549 148831 138334 10497 30112 33020 19958
is_linear=0
shrinkage=0.04


Tree=4
num_leaves=15
num_cat=0
split_feature=8 1 15 11 11 10 10 9 11 10 13 10 13 2
split_gain=6890.36 4968.43 4099.89 3174.36 2863.42 2018.8 1753.95 1600.97 901.412 1044.99 824.579 818.404 670.394 598.749
threshold=0.98644317661383074 3.5378964871579748 8.4516063852500043 23.900545221570891 1.0000000180025095e-35 -6.2458548981208413 -16.79593137005357 0.7546746310943786 14.447495175357341 -5.4295548517645322 289.15636952549113 -14.540591975395168 520.88873726602321 52.849275500000012
decision_type=2 2 2 2 2 2 2 2 2 2 2 2 2 2
left_child=2 13 3 6 -3 12 -1 -5 9 -8 -10 -9 -4 -2
right_child=1 4 5 7 -6 -7 8 11 10 -11 -12 -13 -14 -15
leaf_value=0.0028718408634868619 -0.0013280524050655366 -0.010206717529968261 0.003845490364584351 -0.0042804520218714956 -2.1557260288143158e-05 0 0.0017867483871820927 -0.0007485483443846583 -0.0051746292473073717 0 -0.0007648039053426743 -0.0056087471081212046 0.0081573167706459997 -0.001616443278409481
leaf_weight=15121 13120 5238 15213 29721 35144 15123 3686 31406 2778 134532 8378 2329 11140 19918
leaf_count=15121 13120 5238 15213 29721 35144 15123 3686 31406 2778 134532 8378 2329 11140 19918
internal_value=-0.00277267 -0.0136355 0.000187509 -0.00191725 -0.00422366 0.0117552 0.0010145 -0.00951715 -0.000299651 0.000583137 -0.011237 -0.00355358 0.0184404 -0.0251395
internal_weight=342847 73420 269427 227951 40382 41476 164495 63456 149374 138218 11156 33735 26353 33038
internal_count=342847 73420 269427 227951 40382 41476 164495 63456 149374 138218 11156 33735 26353 33038
is_linear=0
shrinkage=0.04


Tree=5
num_leaves=15
num_cat=0
split_feature=8 1 15 11 11 10 10 3 11 8 10 14 3 1
split_gain=6445.55 4721.11 3935.19 3012.19 2676.28 1976.39 1907.92 1390.02 1348.53 1069.57 1001.89 881.675 817.968 804.029
threshold=0.98644317661383074 3.5378964871579748 8.4516063852500043 25.970805068681759 1.0000000180025095e-35 -16.79593137005357 -6.2458548981208413 15.000312500000001 14.447495175357341 0.24914167217510577 -5.4295548517645322 0.17495902990765722 5.0000175000000011 3.974873501655197
decision_type=2 2 2 2 2 2 2 2 2 2 2 2 2 2
left_child=2 -2 3 5 -3 -1 -4 -5 10 -9 -7 -10 -6 -13
right_child=1 4 6 7 12 8 -8 9 11 -11 -12 13 -14 -15
leaf_value=0.0029839001359624729 -0.001397906313940277 -0.0098753853121527103 0.0056640962769549117 -0.010325927078508245 -0.0080516369432052075 0.0017625276526796445 0 -0.00099593479403014369 -0.0044641707955547253 -0.0034796088297594677 0 -0.012015239642996015 0.00040292157353559113 -0.00035673901062455751
leaf_weight=17162 32868 5189 26442 6462 2794 3646 15012 28880 3599 22792 134867 1216 32471 9669
leaf_count=17162 32868 5189 26442 6462 2794 3646 15012 28880 3599 22792 134867 1216 32471 9669
internal_value=-0.00268471 -0.0132009 0.000173792 -0.00188495 -0.00405201 0.000800663 0.0115116 -0.00974576 -0.00064315 -0.00755845 0.00057121 -0.0122563 -0.000105487 -0.00658153
internal_weight=343069 73322 269747 228293 40454 170159 41454 58134 152997 51672 138513 14484 35265 10885
internal_count=343069 73322 269747 228293 40454 170159 41454 58134 152997 51672 138513 14484 35265 10885
is_linear=0
shrinkage=0.04


Tree=6
num_leaves=15
num_cat=0
split_feature=8 0 11 10 11 0 3 3 2 9 13 13 12 3
split_gain=6137.95 4471.23 2862.15 2433.83 2787.96 1924.99 1612.94 1169.66 993.363 993.64 876.192 796.413 1282.89 1132.14
threshold=0.98644317661383074 3.0634550437912362 1.0000000180025095e-35 -32.618526298808384 23.900545221570891 4.1293423037821126 15.000312500000001 34.908647000000009 103.16568000000002 0.1312231903953168 715.51569672958851 513.32521284928225 105.97823981987422 24.307094500000002
decision_type=2 2 2 2 2 2 2 2 2 2 2 2 2 2
left_child=3 -2 -3 7 5 -5 -6 -1 -7 -10 11 13 -13 -8
right_child=1 2 -4 4 6 8 10 -9 9 -11 -12 12 -14 -15
leaf_value=-0.062571343299883425 -0.0013136499899429231 -0.0087819483021858279 -0.00011938571287129499 0 -0.0094411191116457668 0.002254550445010078 -0.0037357686781338772 0.0073643275822521991 -0.0033020169745050965 0.0013903630595863154 0.0051420693132613682 0.010210188441011766 -0.0041193174540452085 0.00062144428515153668
leaf_weight=1984 30725 5676 36973 156075 7430 13139 21281 20592 2450 12428 1242 857 10554 21429
leaf_count=1984 30725 5676 36973 156075 7430 13139 21281 20592 2450 12428 1242 857 10554 21429
internal_value=-0.00268526 -0.0129419 -0.00456095 0.000107622 -0.00104194 0.00144058 -0.00832004 0.012679 0.0110947 0.00401667 -0.0059715 -0.0067338 -0.0161213 -0.00422571
internal_weight=342835 73374 42649 269461 246885 184092 62793 22576 28017 14878 55363 54121 11411 42710
internal_count=342835 73374 42649 269461 246885 184092 62793 22576 28017 14878 55363 54121 11411 42710
is_linear=0
shrinkage=0.04


Tree=7
num_leaves=15
num_cat=0
split_feature=8 1 15 11 11 10 10 3 11 9 13 3 10 13
split_gain=5861.03 4206.01 3432.49 2688.71 2536.2 1860.86 1793.45 1328.53 1223.37 1013.62 804.673 774.021 759.928 711.836
threshold=0.98644317661383074 3.5378964871579748 8.4516063852500043 25.970805068681759 1.0000000180025095e-35 -16.79593137005357 -6.8203864066521831 15.000312500000001 14.447495175357341 0.7519074089564638 289.15636952549113 5.0000175000000011 -5.4295548517645322 520.88873726602321
decision_type=2 2 2 2 2 2 2 2 2 2 2 2 2 2
left_child=2 -2 3 5 -3 -1 13 -5 12 -9 -10 -6 -7 -4
right_child=1 4 6 7 11 8 -8 9 10 -11 -12 -13 -14 -15
leaf_value=0.0028887779274325899 -0.0012861682730926655 -0.0090894447460139211 0.0032916480496304945 -0.0095228233759840613 -0.0081193662683998295 0.0016001758937166327 0 -0.0032141522239162367 -0.004118841455394138 -0.00087017677947730991 -0.00087291709453889382 0.00037801568658006574 0 0.0081642045961873664
leaf_weight=17090 32961 5212 15133 6412 2788 3673 15732 22960 4065 28799 10488 32343 134648 10674
leaf_count=17090 32961 5212 15133 6412 2788 3673 15732 22960 4065 28799 10488 32343 134648 10674
internal_value=-0.00261614 -0.0126454 0.000110059 -0.00181559 -0.00398483 0.000724859 0.0106859 -0.00923828 -0.000674542 -0.00711065 -0.0117062 -0.00012183 0.000486116 0.0171752
internal_weight=342978 73304 269674 228135 40343 169964 41539 58171 152874 51759 14553 35131 138321 25807
internal_count=342978 73304 269674 228135 40343 169964 41539 58171 152874 51759 14553 35131 138321 25807
is_linear=0
shrinkage=0.04


Tree=8
num_leaves=15
num_cat=0
split_feature=8 0 15 11 11 10 10 3 11 9 14 10 11 11
split_gain=5504.67 3889.6 3195.14 2632.91 2528.39 1718.37 1670.26 1314.25 1086.79 961.007 817.932 840.328 789.054 1033.3
threshold=0.98644317661383074 3.1471323339376047 8.4516063852500043 1.0000000180025095e-35 25.970805068681759 -16.992817446671346 -6.8203864066521831 15.000312500000001 14.447495175357341 0.7519074089564638 0.17495902990765722 -3.9205477163869991 2.8281319179282565 1.0000000180025095e-35
decision_type=2 2 2 2 2 2 2 2 2 2 2 2 2 2
left_child=2 12 4 -3 5 -1 -4 -6 -7 -9 -10 -12 13 -2
right_child=1 3 6 -5 7 8 -8 9 10 -11 11 -13 -14 -15
leaf_value=0.0028074948825182002 -0.002964112841385706 -0.0082649078792919571 0.0052088461503068994 -0.00011732132966376059 -0.0091402970666840458 0 0 -0.0031097298769010395 -0.0040555626373155887 -0.00079940727488435391 -0.0002794567117718379 -0.011351858510606551 -0.001542752899365576 -0.00034789025052085705
leaf_weight=16642 3163 5553 25737 36852 6474 138216 15709 22918 3642 28823 10185 1183 17327 10543
leaf_count=16642 3163 5553 25737 36852 6474 138216 15709 22918 3642 28823 10185 1183 17327 10543
internal_value=-0.00257856 -0.0122868 6.66348e-05 -0.00441174 -0.00178987 0.000675583 0.0102833 -0.00898394 -0.000650281 -0.006858 -0.0108728 -0.00558761 -0.0230477 -0.0158763
internal_weight=342967 73438 269529 42405 228083 169868 41446 58215 153226 51741 15010 11368 31033 13706
internal_count=342967 73438 269529 42405 228083 169868 41446 58215 153226 51741 15010 11368 31033 13706
is_linear=0
shrinkage=0.04


Tree=9
num_leaves=15
num_cat=0
split_feature=9 1 15 11 11 10 10 3 11 9 15 9 1 13
split_gain=5266.59 3431.84 2800.68 2471.3 2427.5 1631.55 1436.69 1360.01 1083.3 1012.06 985.531 796.112 744.045 706.605
threshold=0.00014121542359402109 3.5378964871579748 8.4516063852500043 26.301805065380083 0.84471082077799908 -16.992817446671346 -6.8203864066521831 15.000312500000001 20.131027427914066 0.030788325393645125 4.5215900242500036 0.7519074089564638 9.0203089262511202 520.88873726602321
decision_type=2 2 2 2 2 2 2 2 2 2 2 2 2 2
left_child=1 -1 3 5 -3 -2 9 -5 -7 -4 -9 -12 -10 -11
right_child=2 4 6 7 -6 8 -8 10 12 13 11 -13 -14 -15
leaf_value=-0.0012171580751400984 0.002612804579806532 -0.009779531295451149 -0.0028062954186675892 -0.0094939065418116943 6.0984730196203386e-05 0 0 -0.0066633513974526685 -0.0064814784326916895 0.0030180612345138583 -0.0026822058918365998 -0.00046076488817578201 -0.00086229546143994345 0.0077245283226820066
leaf_weight=31017 17745 4416 762 6667 29192 147789 15905 1923 3109 15075 22131 27724 8940 10605
leaf_count=31017 17745 4416 762 6667 29192 147789 15905 1923 3109 15075 22131 27724 8940 10605
internal_value=-0.0024863 -0.0127734 -9.8141e-05 -0.00179758 -0.00391811 0.000550503 0.00937398 -0.00893216 -0.000726986 0.0150881 -0.00674263 -0.00565881 -0.0122599 0.0164361
internal_weight=343000 64625 278375 236028 33608 177583 42347 58445 159838 26442 51778 49855 12049 25680
internal_count=343000 64625 278375 236028 33608 177583 42347 58445 159838 26442 51778 49855 12049 25680
is_linear=0
shrinkage=0.04


Tree=10
num_leaves=15
num_cat=0
split_feature=8 1 15 11 11 10 10 3 11 15 8 9 10 3
split_gain=4902.68 3213.65 2696.49 2388.34 2363.18 1486.17 1350.19 1311.74 989.873 949.919 890.476 767.293 764.37 697.112
threshold=0.9998602938203569 3.5378964871579748 8.4516063852500043 26.301805065380083 0.84471082077799908 -16.992817446671346 -6.8203864066521831 15.000312500000001 20.131027427914066 4.5215900242500036 0.97044382797584017 0.7519074089564638 -8.8803246417342852 5.0000175000000011
decision_type=2 2 2 2 2 2 2 2 2 2 2 2 2 2
left_child=2 -2 3 5 -3 -1 10 -5 -7 -9 -4 -11 -10 -6
right_child=1 4 6 7 13 8 -8 9 12 11 -12 -13 -14 -15
leaf_value=0.0024717328603378482 -0.0011639823085319784 -0.0094566742518926872 0.0049139260024484363 -0.0091168706361267754 -0.0068726846784005593 0 0 -0.0063039524109248313 -0.00075958952963762897 -0.0026084079920112163 -0.0025876500590798091 -0.00045014351575364489 -0.0064053557585493047 0.0006478385266098552
leaf_weight=17749 31075 4386 25605 6684 2468 147689 15891 1926 8997 22244 758 27738 3097 26585
leaf_count=17749 31075 4386 25605 6684 2468 147689 15891 1926 8997 22244 758 27738 3097 26585
internal_value=-0.00240169 -0.0123372 -9.91458e-05 -0.0017645 -0.00373097 0.000546606 0.00920718 -0.00876707 -0.000673163 -0.0066194 0.0147586 -0.0055572 -0.0116752 0.000400647
internal_weight=342892 64514 278378 236124 33439 177532 42254 58592 159783 51908 26363 49982 12094 29053
internal_count=342892 64514 278378 236124 33439 177532 42254 58592 159783 51908 26363 49982 12094 29053
is_linear=0
shrinkage=0.04


Tree=11
num_leaves=15
num_cat=0
split_feature=8 0 15 11 11 10 10 3 11 8 13 15 14 15
split_gain=4564.57 3181.63 2252.72 2286.41 2231.63 1484.28 1384.8 1271.56 1077.34 915.138 785.716 793.005 746.593 783.622
threshold=0.99991907683374837 3.6274282120259298 8.4516063852500043 26.301805065380083 0.84471082077799908 -6.8203864066521831 -16.593762680749489 20.000043500000004 14.447495175357341 0.97044382797584017 513.32521284928225 6.7514341424999467 0.17495902990765722 2.7549546101249835
decision_type=2 2 2 2 2 2 2 2 2 2 2 2 2 2
left_child=2 -2 3 6 -3 9 -1 -5 -8 -4 -9 -12 -10 -14
right_child=1 4 5 7 -6 -7 8 10 12 -11 11 -13 13 -15
leaf_value=0.002284384934647945 -0.0011803189468660149 -0.0097154569568047716 0.004719282867494237 -0.0064149692537122209 0.0001353442130300747 0 0 -0.00050981506240193437 -0.0035936947837709138 -0.0023985963382661892 -0.0045959196447562453 -0.0011153407517673125 -0.0061888541411728162 -4.8419263507724496e-05
leaf_weight=18697 29435 3761 25713 15986 27972 16682 145100 30247 4129 1165 5523 6832 2471 9521
leaf_count=18697 29435 3761 25713 15986 27972 16682 145100 30247 4129 1165 5523 6832 2471 9521
internal_value=-0.00235839 -0.0122639 -0.000210305 -0.00173799 -0.00347777 0.00815427 0.000496893 -0.00860108 -0.000698172 0.0139713 -0.00499131 -0.0134909 -0.010508 -0.00545697
internal_weight=343234 61168 282066 238506 31733 43560 179918 58588 161221 26878 42602 12355 16121 11992
internal_count=343234 61168 282066 238506 31733 43560 179918 58588 161221 26878 42602 12355 16121 11992
is_linear=0
shrinkage=0.04


Tree=12
num_leaves=15
num_cat=0
split_feature=8 0 15 11 11 10 3 10 15 11 10 8 11 11
split_gain=4414.16 2784.14 2321.84 2093.68 1967.12 1325.12 1204.56 1187.61 950.304 821.372 852.221 782.591 779.176 1539.43
threshold=0.9998602938203569 3.8725919349895812 8.4516063852500043 26.301805065380083 0.84471082077799908 -17.949027065726373 15.000312500000001 -6.8203864066521831 4.5215900242500036 20.131027427914066 -8.8803246417342852 0.96495340481770153 3.0334720131304862 1.0000000180025095e-35
decision_type=2 2 2 2 2 2 2 2 2 2 2 2 2 2
left_child=2 12 3 5 -3 -1 -5 11 -8 -7 -11 -4 13 -2
right_child=1 4 7 6 -6 9 8 -9 -10 10 -12 -13 -14 -15
leaf_value=0.002968491595787113 -0.0030582671781911575 -0.0095822896662328249 0.0045228321996576013 -0.0083312555984563549 9.270353128769126e-05 0 -0.00590602591095083 0 -0.0014951402016007882 -0.00056572462341786809 -0.0060011194877796527 -0.0024854061370697552 -0.0014364800886162944 -0.0002027489488509364
leaf_weight=15590 3705 4100 25474 6696 28188 148529 1949 15917 49929 10485 3119 882 17494 10904
leaf_count=15590 3705 4100 25474 6696 28188 148529 1949 15917 49929 10485 3119 882 17494 10904
internal_value=-0.00229391 -0.0117327 -0.000112144 -0.00165673 -0.00343905 0.000504831 -0.00821525 0.00852175 -0.00615444 -0.000566202 -0.00997354 0.013732 -0.0200741 -0.0132548
internal_weight=342961 64391 278570 236297 32288 177723 58574 42273 51878 162133 13604 26356 32103 14609
internal_count=342961 64391 278570 236297 32288 177723 58574 42273 51878 162133 13604 26356 32103 14609
is_linear=0
shrinkage=0.04


Tree=13
num_leaves=15
num_cat=0
split_feature=9 0 11 15 11 10 3 1 15 9 13 8 3 11
split_gain=4275.24 2811.71 2176.53 2016.46 2050.97 1332.98 1172.54 1172.08 932.092 824.14 761.973 673.664 664.392 654.242
threshold=8.1861500620283869e-05 3.6274282120259298 0.84471082077799908 8.4516063852500043 26.301805065380083 -6.8203864066521831 15.000312500000001 19.26670741289561 4.5215900242500036 0.035716777817488506 520.88873726602321 0.29992573430849973 24.999868000000003 20.45361881330129
decision_type=2 2 2 2 2 2 2 2 2 2 2 2 2 2
left_child=1 -1 -3 4 7 9 -6 13 -8 -5 -11 -10 -9 -2
right_child=3 2 -4 5 6 -7 8 12 11 10 -12 -13 -14 -15
leaf_value=-0.0010894240030401064 0 -0.008943547091883268 7.9394348275888021e-05 -0.0022591653636080677 -0.0081967875724390776 0 -0.0056527368669790513 -0.00083311659952396786 -0.00058008716195803972 0.0024612412466828129 0.0068196113869982257 -0.0025523650437283434 0.0060408120442390981 -0.0012140096621189973
leaf_weight=29551 151844 3792 27983 1333 6707 16589 1927 3765 31304 14941 10626 18669 8741 15090
leaf_count=29551 151844 3792 27983 1333 6707 16589 1927 3765 31304 14941 10626 18669 8741 15090
internal_value=-0.0022759 -0.0118462 -0.00358647 -0.000191237 -0.00163816 0.00772885 -0.00813486 0.000483727 -0.00610096 0.0132283 0.0148269 -0.00504833 0.0122949 -0.000401117
internal_weight=342862 61326 31775 281536 238047 43489 58607 179440 51900 26900 25567 49973 12506 166934
internal_count=342862 61326 31775 281536 238047 43489 58607 179440 51900 26900 25567 49973 12506 166934
is_linear=0
shrinkage=0.04


Tree=14
num_leaves=15
num_cat=0
split_feature=8 0 11 1 11 3 1 15 3 11 0 1 13 11
split_gain=4001.9 2679.07 2033.94 1845.8 2051.04 1200.32 1075.21 1009.29 869.339 816.62 1020.26 832.062 773.024 671.429
threshold=0.99991907683374837 3.6274282120259298 0.84471082077799908 32.760892682952139 26.301805065380083 15.000312500000001 17.075400319317179 4.5215900242500036 33.024982000000008 20.131027427914066 5.2227117994666115 8.8452778946162933 642.89807683317133 3.1754444369233958
decision_type=2 2 2 2 2 2 2 2 2 2 2 2 2 2
left_child=3 13 -3 4 6 -6 9 -7 -5 10 -1 -11 -9 -2
right_child=1 2 -4 8 5 7 -8 12 -10 11 -12 -13 -14 -15
leaf_value=0 -0.00054178818048566382 -0.0085493557758348909 8.5946888319888602e-05 -0.095350489560784471 -0.0078526425863277328 -0.0055231671343383337 0.0021198513748309118 -0.0015018614727380598 0.0060114866340672934 -0.0055309930033588355 0.0012574967087377723 -0.0005149202644472076 0.0042100262956796903 -0.0014127909685376278
leaf_weight=158634 13374 3777 27979 1283 6853 1911 17461 47890 21205 3242 12226 9538 1502 16151
leaf_count=158634 13374 3777 27979 1283 6853 1911 17461 47890 21205 3242 12226 9538 1502 16151
internal_value=-0.00220391 -0.0114678 -0.00340345 -0.000188965 -0.0011425 -0.00775844 0.000770757 -0.00565815 0.010804 -0.000131126 0.000598385 -0.00988419 -0.00455458 -0.0201416
internal_weight=343026 61281 31756 281745 259257 58156 201101 51303 22488 183640 170860 12780 49392 29525
internal_count=343026 61281 31756 281745 259257 58156 201101 51303 22488 183640 170860 12780 49392 29525
is_linear=0
shrinkage=0.04


Tree=15
num_leaves=15
num_cat=0
split_feature=9 0 15 11 11 1 10 11 11 3 2 15 15 14
split_gain=3794.19 2849.25 2268.38 1798.27 1648.85 1330.62 1134.35 1000.31 1508.2 978.318 964.664 899.837 880.26 759.567
threshold=0.053285125653714134 3.5807375841437681 8.4516063852500043 1.0000000180025095e-35 25.970805068681759 19.26670741289561 -6.8203864066521831 3.1754444369233958 1.0000000180025095e-35 15.000312500000001 53.18856250000001 5.108791732625023 4.5215900242500036 0.21135727656717004
decision_type=2 2 2 2 2 2 2 2 2 2 2 2 2 2
left_child=1 7 4 -3 5 -2 -4 8 -1 -6 -10 -12 -11 -5
right_child=2 3 6 13 9 -7 -8 -9 10 12 11 -13 -14 -15
leaf_value=-0.0027949630512623782 0 -0.0068584366423814517 0.0041062658637692016 -0.00050859671058649887 -0.0067545435041728172 0.004611622454376108 0 -0.0013502644428667057 -0.00033143315026197247 -0.0051918091354500916 0.00082902038100094984 -0.00017584354126720238 -0.0012624044068528057 0.0028843673135102287
leaf_weight=3598 155495 5305 24998 34910 6232 11435 15530 17644 7130 1995 1930 3010 48914 4674
leaf_count=3598 155495 5305 24998 34910 6232 11435 15530 17644 7130 1995 1930 3010 48914 4674
internal_value=-0.00217363 -0.00991445 0.000114135 -0.00333712 -0.00146097 0.000546576 0.00882254 -0.0187776 -0.011422 -0.00732574 -0.00464623 0.00893927 -0.00549451 -0.000406225
internal_weight=342800 78201 264599 44889 224071 166930 40528 33312 15668 57141 12070 4940 50909 39584
internal_count=342800 78201 264599 44889 224071 166930 40528 33312 15668 57141 12070 4940 50909 39584
is_linear=0
shrinkage=0.04


Tree=16
num_leaves=15
num_cat=0
split_feature=9 0 11 10 11 3 10 11 0 11 3 10 11 11
split_gain=3689.32 2473.61 1851.78 1708.48 1854.83 1115.63 965.151 804.504 815.531 835.686 801.886 747.661 737.884 1308.12
threshold=8.1861500620283869e-05 3.6274282120259298 0.84471082077799908 -32.618526298808384 26.301805065380083 20.000043500000004 -16.593762680749489 20.131027427914066 4.0142983059598425 3.756297694650907 33.63970650000001 -8.8803246417342852 3.1754444369233958 0.74286934780382941
decision_type=2 2 2 2 2 2 2 2 2 2 2 2 2 2
left_child=1 12 -3 10 6 -6 -5 8 9 -8 -2 -9 13 -1
right_child=3 2 -4 4 5 -7 7 11 -10 -11 -12 -13 -14 -15
leaf_value=-0.0024709081503235665 -0.082314424328485375 -0.0080072876246384643 7.3602027515577644e-05 0.0018861826345001895 -0.005350006434358321 -0.0010508438947222842 0 -0.00050281525191800186 0.00086446359768446355 -0.0019196250401073767 0.0056739205401896741 -0.005168839526044364 -0.0013160857047868374 -0.00016233009275468265
leaf_weight=3819 1542 3797 27981 18663 16310 41568 149170 8798 16432 4802 21153 3225 16155 9543
leaf_count=3819 1542 3797 27981 18663 16310 41568 149170 8798 16432 4802 21153 3225 16155 9543
internal_value=-0.00214639 -0.0110397 -0.00329536 -0.000211032 -0.00113327 -0.00744324 0.000682878 -0.000203479 0.000502101 -0.000401891 0.0103124 -0.0102038 -0.0193773 -0.0124233
internal_weight=342958 61295 31778 281663 258968 57878 201090 182427 170404 153972 22695 12023 29517 13362
internal_count=342958 61295 31778 281663 258968 57878 201090 182427 170404 153972 22695 12023 29517 13362
is_linear=0
shrinkage=0.04


Tree=17
num_leaves=15
num_cat=0
split_feature=8 0 15 11 11 1 11 11 3 15 1 13 1 13
split_gain=3457.28 2664.62 1951.3 1566.57 1400.88 1218.8 963.645 1410.97 924.432 930.845 923.314 875.212 847.341 844.338
threshold=0.94256592983472431 3.5807375841437681 8.4516063852500043 1.0000000180025095e-35 26.301805065380083 19.26670741289561 3.1754444369233958 1.0000000180025095e-35 15.000312500000001 4.5215900242500036 7.0867308516766707 268.32281790025485 1.4567844782175852 520.88873726602321
decision_type=2 2 2 2 2 2 2 2 2 2 2 2 2 2
left_child=2 6 4 -3 5 -1 7 -2 -6 -10 -4 -9 -8 -12
right_child=1 3 10 -5 8 -7 12 11 9 -11 13 -13 -14 -15
leaf_value=0 -0.002571700690364167 -0.006553526776467501 0 -9.9168305971019391e-05 -0.0062719308969285082 0.0044416446693752018 -0.0013368891407043368 0.00086043486947505693 -0.0047746771944967448 -0.0011483332129642689 0.0020732841998824421 -0.00021056475629016954 -0.0010219765671200375 0.0061998749216396979
leaf_weight=155498 3607 5302 15720 40275 6171 11611 9811 710 1920 48372 14345 11347 7974 10464
leaf_count=155498 3607 5302 15720 40275 6171 11611 9811 710 1920 48372 14345 11347 7974 10464
internal_value=-0.00209683 -0.00943689 9.95074e-05 -0.00314457 -0.00136439 0.000476096 -0.0180107 -0.0107763 -0.00681154 -0.00501869 0.00817489 -0.00421 -0.0243823 0.0129808
internal_weight=343127 79026 264101 45577 223572 167109 33449 15664 56463 50292 40529 12057 17785 24809
internal_count=343127 79026 264101 45577 223572 167109 33449 15664 56463 50292 40529 12057 17785 24809
is_linear=0
shrinkage=0.04


Tree=18
num_leaves=15
num_cat=0
split_feature=8 0 10 11 10 11 12 3 10 11 0 2 3 11
split_gain=3236.55 2366.1 1602.72 1632.95 1271.12 1258.56 1052.59 909.941 828.094 865.718 767.538 711.732 701.007 659.477
threshold=0.99999990486857915 3.5807375841437681 -32.618526298808384 22.840554000845447 -7.2906628353537792 0.84471082077799908 106.9611663363563 15.000312500000001 -8.8803246417342852 14.447495175357341 9.1035058643481666 109.83624300000001 33.024982000000008 5.146474859662308
decision_type=2 2 2 2 2 2 2 2 2 2 2 2 2 2
left_child=2 -2 12 8 6 -3 -5 -8 10 -10 11 -4 -1 -12
right_child=1 5 3 4 -6 -7 7 -9 9 -11 13 -13 -14 -15
leaf_value=-0.089113126219162453 -0.00091238269402604301 -0.0068272946428630243 0.0039475959244719815 0.012625925853582567 -0.010130111414870127 3.2659565175977497e-05 -0.0058832764615680214 -0.0010864429179637195 0 -0.0027571454317997209 -0.014495037610468615 0.0010077502927303811 0.0053682243452538433 0.00054465056406391291
leaf_weight=1387 27107 3152 5823 1443 2976 25493 7340 57481 163217 4961 1097 7518 21344 12696
leaf_count=1387 27107 3152 5823 1443 2976 25493 7340 57481 163217 4961 1097 7518 21344 12696
internal_value=-0.00202685 -0.0108466 -0.000315229 -0.00119099 -0.00646909 -0.00283051 -0.00532054 -0.00607272 0.000680143 -0.000366041 0.00716444 0.0140049 0.00987726 0.000548104
internal_weight=343035 55752 287283 264552 69240 28645 66264 64821 195312 168178 27134 13341 22731 13793
internal_count=343035 55752 287283 264552 69240 28645 66264 64821 195312 168178 27134 13341 22731 13793
is_linear=0
shrinkage=0.04


Tree=19
num_leaves=15
num_cat=0
split_feature=9 0 11 10 11 3 10 11 11 2 11 11 10 3
split_gain=3126.36 2121.75 1542.14 1445.12 1567.11 979.734 923.438 796.443 1250.02 682.128 1269.2 678.141 767.612 667.562
threshold=8.1861500620283869e-05 3.5807375841437681 0.84471082077799908 -32.618526298808384 27.54461284968281 20.000043500000004 -19.280126907799353 3.1754444369233958 1.0000000180025095e-35 53.18856250000001 1.649443697890661 43.14368861925194 -19.447910200760262 24.999868000000003
decision_type=2 2 2 2 2 2 2 2 2 2 2 2 2 2
left_child=1 7 -3 -2 6 -6 13 8 -1 -10 -11 12 -7 -5
right_child=3 2 -4 4 5 11 -8 -9 9 10 -12 -13 -14 -15
leaf_value=-0.0026275840451655606 0.0046373698116368659 -0.0069087038661359299 7.0836995387278526e-05 -0.00119087343606865 -0.0050284236369847156 0.0011413078385479401 0 -0.0011714465669960886 -0.0002667647225286579 -0.0036536038026619543 0.0008098469413124926 -0.0037096729898796412 -0.0016644869367206799 0.0047704521373813881
leaf_weight=3188 22765 3873 28198 3959 15365 20516 191057 15998 6543 1042 2556 11073 7996 8599
leaf_count=3188 22765 3873 28198 3959 15365 20516 191057 15998 6543 1042 2556 11073 7996 8599
internal_value=-0.00194241 -0.0101202 -0.00300957 -0.00015768 -0.00100833 -0.00700273 0.000609385 -0.0178961 -0.0106745 -0.00380633 0.0101834 -0.00367513 -0.000412458 0.0111164
internal_weight=342728 61398 32071 281330 258565 54950 203615 29327 13329 10141 3598 39585 28512 12558
internal_count=342728 61398 32071 281330 258565 54950 203615 29327 13329 10141 3598 39585 28512 12558
is_linear=0
shrinkage=0.04


Tree=20
num_leaves=15
num_cat=0
split_feature=8 1 1 11 11 3 1 1 11 13 11 11 11 0
split_gain=2960.3 2098.14 1371.1 1422.95 1174.38 739.964 1651.26 1537.64 921.749 1135.82 770.503 710.847 898.197 655.823
threshold=0.99999990486857915 3.5378964871579748 32.760892682952139 42.672427636020338 0.84471082077799908 23.917122000000003 24.944432858953839 22.435341259855999 20.131027427914066 268.7841962257441 24.756729676652636 3.1754444369233958 0.56687944252171629 5.2227117994666115
decision_type=2 2 2 2 2 2 2 2 2 2 2 2 2 2
left_child=2 11 3 5 -3 6 8 10 13 -10 -7 12 -2 -1
right_child=1 4 -4 -5 -6 7 -8 -9 9 -11 -12 -13 -14 -15
leaf_value=0 -0.0024484671584460659 -0.0061532237744635152 0.0044661491395022023 -0.0049427958349813625 9.4466797490263409e-06 0 -0.098412324819030186 0.0039457198121101225 -0.0028487190701980093 -0.00097020819302172042 -0.0015451354888407309 -0.001153772438210498 -0.00014379820747458221 0.0019578198496227016
leaf_weight=102345 2836 3209 22527 16574 25653 78376 2682 17823 6541 22506 10434 15126 9003 7321
leaf_count=102345 2836 3209 22527 16574 25653 78376 2682 17823 6541 22506 10434 15126 9003 7321
internal_value=-0.00189459 -0.0103226 -0.000255913 -0.00106243 -0.00282725 -0.000304159 -0.00220149 0.0022117 -0.00160043 -0.0079361 5.99032e-05 -0.0183453 -0.0110043 7.76904e-05
internal_weight=342956 55827 287129 264602 28862 248028 141395 106633 138713 29047 88810 26965 11839 109666
internal_count=342956 55827 287129 264602 28862 248028 141395 106633 138713 29047 88810 26965 11839 109666
is_linear=0
shrinkage=0.04


Tree=21
num_leaves=15
num_cat=0
split_feature=8 0 15 11 11 1 11 11 1 2 15 1 15 3
split_gain=2845.52 2157.88 1652.72 1213.28 1124.41 1114.01 922.211 1232.67 911.703 808.43 867.408 789.394 752.967 697.288
threshold=0.94256592983472431 3.5807375841437681 8.4516063852500043 1.0000000180025095e-35 26.301805065380083 19.857021964129704 3.1754444369233958 1.0000000180025095e-35 0.98056242598925858 53.18856250000001 5.108791732625023 6.7808521490129339 4.5215900242500036 5.0000175000000011
decision_type=2 2 2 2 2 2 2 2 2 2 2 2 2 2
left_child=2 6 4 -3 5 -1 7 -2 -8 -9 -11 -4 -6 -5
right_child=1 3 11 13 12 -7 8 9 -10 10 -12 -13 -14 -15
leaf_value=0 -0.0022932205966171189 -0.0055508686998438006 0 -0.007391522397000562 -0.0034500353640764341 0.0046484482659275997 -0.0013135267878476625 -0.00026232466494970297 -0.00078700370504906209 0.00086460601224744359 -0.00015080220293436011 0.003341294935320429 -0.0014134772816834643 0.00021771232667070332
leaf_weight=156807 3605 5295 15398 2845 3262 10490 7495 7110 10276 1912 3028 25054 53223 37250
leaf_count=156807 3605 5295 15398 2845 3262 10490 7495 7110 10276 1912 3028 25054 53223 37250
internal_value=-0.00185582 -0.00852619 0.000133821 -0.00284644 -0.00121118 0.00043635 -0.0162389 -0.00916001 -0.0224748 -0.00302075 0.00940891 0.00757441 -0.00609082 -0.000469884
internal_weight=343050 78816 264234 45390 223782 167297 33426 15655 17771 12050 4940 40452 56485 40095
internal_count=343050 78816 264234 45390 223782 167297 33426 15655 17771 12050 4940 40452 56485 40095
is_linear=0
shrinkage=0.04


Tree=22
num_leaves=15
num_cat=0
split_feature=9 0 15 11 11 10 11 11 1 10 13 2 15 3
split_gain=2600.94 1993.94 1488.55 1164.74 1048.06 1043.43 947.338 1200.95 891.661 774.994 796.103 772.121 797.283 694.535
threshold=0.053285125653714134 3.5807375841437681 8.4516063852500043 1.0000000180025095e-35 25.970805068681759 -19.97067504843324 3.1754444369233958 1.0000000180025095e-35 0.98056242598925858 -8.0313979032741134 520.88873726602321 53.18856250000001 5.108791732625023 20.000043500000004
decision_type=2 2 2 2 2 2 2 2 2 2 2 2 2 2
left_child=1 6 4 -3 5 -2 7 -1 -8 10 -4 -9 -13 -6
right_child=2 3 9 -5 13 -7 8 11 -10 -11 -12 12 -14 -15
leaf_value=-0.0022014917727524344 0.0045698768956476104 -0.0055214369989414688 0.0017923035359620244 -7.8886293714443612e-05 -0.0037835702457815561 0 -0.0012550865782132955 -0.0002416550904556225 -0.00074891680667846586 0 0.005491762557681348 0.00080128659261368221 -0.00012372807797938733 -0.00087351329663653947
leaf_weight=3649 10156 5316 14051 39703 15126 156814 7527 7107 10235 16096 10348 1937 3026 42004
leaf_count=3649 10156 5316 14051 39703 15126 156814 7527 7107 10235 16096 10348 1937 3026 42004
internal_value=-0.00179146 -0.00818548 0.00010552 -0.00268775 -0.00116983 0.000430257 -0.0155778 -0.00842547 -0.0219074 0.00716335 0.0116579 -0.00234631 0.00976023 -0.00584632
internal_weight=343095 78500 264595 45019 224100 166970 33481 15719 17762 40495 24399 12070 4963 57130
internal_count=343095 78500 264595 45019 224100 166970 33481 15719 17762 40495 24399 12070 4963 57130
is_linear=0
shrinkage=0.04


Tree=23
num_leaves=15
num_cat=0
split_feature=8 0 15 11 11 11 11 10 1 13 10 13 11 3
split_gain=2398.89 1895.83 1381.08 1023.33 974.756 954.272 1058.93 951.45 843.866 807.546 705.318 759.311 683.917 804.345
threshold=0.94256592983472431 3.5807375841437681 8.4516063852500043 1.0000000180025095e-35 25.970805068681759 3.3056686168666514 1.0000000180025095e-35 -19.97067504843324 0.98056242598925858 268.32281790025485 -8.0313979032741134 520.88873726602321 21.033691668593363 5.0000175000000011
decision_type=2 2 2 2 2 2 2 2 2 2 2 2 2 2
left_child=2 5 4 -3 7 6 -2 -1 -7 -8 11 -4 13 -5
right_child=1 3 10 12 -6 8 9 -9 -10 -11 -12 -13 -14 -15
leaf_value=0.0043419081046771222 -0.0021055017995571046 -0.0051163627126274928 0.0017125223417984159 -0.0058194697746527238 -0.001524167085642107 -0.0013035916025037014 0.00086962887958927056 0 -0.00077706020894097508 -0.00013788660779778119 0 0.0051601356149828118 -0.0025440347505349794 0.0011560949778277989
leaf_weight=10096 3605 5278 14020 2628 56916 7081 733 156546 10081 11962 16019 10375 17394 20168
leaf_count=10096 3605 5278 14020 2628 56916 7081 733 156546 10081 11962 16019 10375 17394 20168
internal_value=-0.00173869 -0.00785709 9.07672e-05 -0.00253893 -0.00113939 -0.0150834 -0.00815215 0.00040422 -0.0216665 -0.00271918 0.00689563 0.0111777 -0.00036427 0.00419372
internal_weight=342902 78930 263972 45468 223558 33462 16300 166642 17162 12695 40414 24395 40190 22796
internal_count=342902 78930 263972 45468 223558 33462 16300 166642 17162 12695 40414 24395 40190 22796
is_linear=0
shrinkage=0.04


Tree=24
num_leaves=15
num_cat=0
split_feature=8 12 11 15 11 11 1 11 3 1 2 10 13 3
split_gain=2261.3 1790.96 1532.35 1341.03 1162.58 939.675 895.809 825.42 823.592 1123.83 722.168 688.084 729.768 680.142
threshold=0.94256592983472431 71.235858021773382 3.0334720131304862 8.4516063852500043 2.0210779222067612 26.301805065380083 20.154297077712904 1.0000000180025095e-35 15.000312500000001 13.076951282030858 79.822464000000011 -8.0313979032741134 520.88873726602321 24.999868000000003
decision_type=2 2 2 2 2 2 2 2 2 2 2 2 2 2
left_child=3 2 7 5 -3 6 -1 10 9 -6 -2 12 -5 -8
right_child=1 4 -4 11 8 -7 13 -9 -10 -11 -12 -13 -14 -15
leaf_value=0 -0.0025408598385791912 -0.0049550112442142934 -0.0010392472073645063 0.0016461109765865836 -0.00060228408928478803 -0.0014828338992091089 -0.005590081707068051 -6.3426034329494839e-05 0.00062283567788496319 -0.05035201461877746 0.0014745851220493657 0 0.0049982568743488576 0.0058086156991148143
leaf_weight=157211 3660 4660 13796 14082 14888 56549 2670 12370 26802 1956 608 16036 10346 7361
leaf_count=157211 3660 4660 13796 14082 14888 56549 2670 12370 26802 1956 608 16036 10346 7361
internal_value=-0.00166708 -0.00761697 -0.0152172 0.000105807 -0.00282863 -0.00110585 0.000401335 -0.00704412 -0.00080099 -0.00773213 -0.0222118 0.00680704 0.0110332 0.0119908
internal_weight=342995 78740 30434 264255 48306 223791 167242 16638 43646 16844 4268 40464 24428 10031
internal_count=342995 78740 30434 264255 48306 223791 167242 16638 43646 16844 4268 40464 24428 10031
is_linear=0
shrinkage=0.04


Tree=25
num_leaves=15
num_cat=0
split_feature=8 12 11 15 11 14 11 1 0 3 13 11 2 1
split_gain=2060.23 1700.81 1407.54 1265.77 1011.84 958.596 837.329 841.922 727.209 684.612 668.363 661.484 667.327 635.618
threshold=0.94256592983472431 71.235858021773382 3.3056686168666514 8.4516063852500043 2.0210779222067612 0.21135727656717004 26.301805065380083 20.154297077712904 22.765995019075262 20.000043500000004 513.32521284928225 1.0000000180025095e-35 79.822464000000011 7.9573592101050759
decision_type=2 2 2 2 2 2 2 2 2 2 2 2 2 2
left_child=3 2 11 6 -3 -6 7 -1 -7 -8 -11 12 -2 -5
right_child=1 4 -4 13 5 8 9 -9 -10 10 -12 -13 -14 -15
leaf_value=0 -0.0024274211834667643 -0.0047162133427081157 -0.0011578634716684381 0 -0.00042138679762368313 0.0032009388441000216 -0.0035897376752591771 0.0040567115689548279 -0.011363829846179117 0.00021376676672821727 -0.0021219291779054788 -9.692033624465892e-05 0.001379027806550287 0.0030197139734298452
leaf_weight=157419 3688 4666 12719 16054 38867 4081 14920 9990 790 29287 12147 13456 617 24462
leaf_count=157419 3688 4666 12719 16054 38867 4081 14920 9990 790 29287 12147 13456 617 24462
internal_value=-0.00161579 -0.00728868 -0.0146903 7.74939e-05 -0.00262788 -0.000738946 -0.00110045 0.000319218 0.0159885 -0.00531781 -0.0026722 -0.00741625 -0.0210639 0.00658308
internal_weight=343163 78884 30480 264279 48404 43738 223763 167409 4871 56354 41434 17761 4305 40516
internal_count=343163 78884 30480 264279 48404 43738 223763 167409 4871 56354 41434 17761 4305 40516
is_linear=0
shrinkage=0.04


Tree=26
num_leaves=15
num_cat=0
split_feature=8 12 11 15 11 14 11 10 11 1 11 10 3 10
split_gain=1934.23 1599.02 1335.99 1188.27 931.7 920.179 804.679 821.685 661.168 654.663 646.935 883.367 625.217 1116.47
threshold=0.94256592983472431 71.235858021773382 3.3056686168666514 8.4516063852500043 2.0210779222067612 0.21135727656717004 25.970805068681759 -17.569324442732515 1.0000000180025095e-35 20.789054136348721 14.061847080104501 -9.1272249815227138 24.119348000000006 -21.581356495178095
decision_type=2 2 2 2 2 2 2 2 2 2 2 2 2 2
left_child=3 2 8 6 -3 -6 7 -1 -2 -7 -9 -12 -8 -14
right_child=1 4 -4 -5 5 9 12 10 -10 -11 11 -13 13 -15
leaf_value=0.0019489149498972144 -0.0019499496496746217 -0.0045245691883318562 -0.0011184189532893549 0 -0.00040933545398848692 0.0031052846428309025 -0.0031819622641790757 0 -8.9289301521119289e-05 -0.0052508971608651624 -0.00025286901384703861 -0.0038683401728621066 0.00099899364837707544 -0.0017504004428567789
leaf_weight=14943 4262 4629 12744 40397 38764 3697 24259 136868 13458 1216 10348 4529 23830 8845
leaf_count=14943 4262 4629 12744 40397 38764 3697 24259 136868 13458 1216 10348 4529 23830 8845
internal_value=-0.00155046 -0.00705142 -0.0142279 9.0751e-05 -0.00252557 -0.000717082 -0.00104981 0.000352515 -0.00712415 0.0155913 -0.000528782 -0.00845063 -0.00515544 -0.00154369
internal_weight=342789 78770 30464 264019 48306 43677 223622 166688 17720 4913 151745 14877 56934 32675
internal_count=342789 78770 30464 264019 48306 43677 223622 166688 17720 4913 151745 14877 56934 32675
is_linear=0
shrinkage=0.04


Tree=27
num_leaves=15
num_cat=0
split_feature=9 12 11 15 11 14 11 1 11 2 3 1 1 11
split_gain=1763.82 1484.82 1204.73 1180.26 833.183 869.911 753.745 755.585 685.232 662.53 616.323 1085.47 1035.23 695.191
threshold=0.053285125653714134 71.235858021773382 3.0334720131304862 8.4516063852500043 2.0210779222067612 0.21135727656717004 25.970805068681759 20.154297077712904 1.0000000180025095e-35 71.11269750000001 24.119348000000006 25.655934274471011 21.59939206346375 45.238746905407218
decision_type=2 2 2 2 2 2 2 2 2 2 2 2 2 2
left_child=1 2 8 6 -3 -6 7 -2 9 -1 11 -8 -12 -14
right_child=3 4 -4 -5 5 -7 10 -9 -10 -11 12 -13 13 -15
leaf_value=-0.0024514278654511178 0 -0.0043218121932548734 -0.00089437633956774957 0 -0.00038483287159762577 0.0023579519626253233 -0.0018503365622758029 0.0038205055297824315 -5.9986538546529249e-05 0.00079749365690497565 -0.0016849178048961837 -0.11525105607204104 0.0027374539974994883 -0.0017844991312684867
leaf_weight=3422 157238 4640 13634 40488 38751 4773 21830 9924 12410 853 8902 2514 13410 10421
leaf_count=3422 157238 4640 13634 40488 38751 4773 21830 9924 12410 853 8902 2514 13410 10421
internal_value=-0.00143411 -0.00670056 -0.013635 0.000127225 -0.00233535 -0.00061759 -0.00100767 0.000347447 -0.00642733 -0.0202386 -0.00497644 -0.00979625 -0.00139187 0.00295581
internal_weight=343210 78483 30319 264727 48164 43524 224239 167162 16685 4275 57077 24344 32733 23831
internal_count=343210 78483 30319 264727 48164 43524 224239 167162 16685 4275 57077 24344 32733 23831
is_linear=0
shrinkage=0.04


Tree=28
num_leaves=15
num_cat=0
split_feature=8 2 11 15 11 11 0 3 11 1 1 2 0 1
split_gain=1647.85 1457.05 1365.35 1165.04 972.834 936.671 1036.49 712.809 681.904 702.281 650.785 613.106 618.214 589.7
threshold=0.94256592983472431 53.18856250000001 1.0000000180025095e-35 8.4516063852500043 1.649443697890661 21.305998551435664 7.7255509309666248 5.1682955000000002 26.301805065380083 17.861789742531112 4.496759530985555 72.144817500000016 7.1896542148524967 7.9573592101050759
decision_type=2 2 2 2 2 2 2 2 2 2 2 2 2 2
left_child=3 4 11 8 -2 7 -7 10 9 -1 -4 -3 -13 -5
right_child=1 2 5 13 -6 6 -8 -9 -10 -11 -12 12 -14 -15
leaf_value=0 -4.8021224154357754e-05 -0.0030016779145837407 -0.00014058054661836018 0 -0.00070227087245359392 -0.009612431414031267 -0.0013361907308055403 0.00032477046651336548 -0.0012240409761643744 0.0019791375781452727 -0.017239868259511241 0.00065078578864018416 -0.013565972646931967 0.002905310967029649
leaf_weight=152513 4036 4557 4145 15980 10108 4587 14278 31229 56546 14489 1691 2146 1991 24418
leaf_count=152513 4036 4557 4145 15980 10108 4587 14278 31229 56546 14489 1691 2146 1991 24418
internal_value=-0.00138214 -0.00645948 -0.00391434 0.000133058 -0.0180882 -0.00162203 -0.00887782 0.00207096 -0.000996654 0.000288859 -0.0107608 -0.0186611 -0.00751269 0.00638447
internal_weight=342714 78768 64624 263946 14144 55930 18865 37065 223548 167002 5836 8694 4137 40398
internal_count=342714 78768 64624 263946 14144 55930 18865 37065 223548 167002 5836 8694 4137 40398
is_linear=0
shrinkage=0.04


Tree=29
num_leaves=15
num_cat=0
split_feature=8 0 15 11 11 11 13 0 11 0 11 3 11 10
split_gain=1552.57 1399.31 1054.03 955.586 749.465 707.58 707.598 675.322 703.774 685.25 651.741 779.233 625.825 1076.25
threshold=0.94256592983472431 3.5807375841437681 8.4516063852500043 3.3056686168666514 1.0000000180025095e-35 1.0000000180025095e-35 268.32281790025485 0.95031687351543792 25.970805068681759 2.8436667123879471 21.033691668593363 4.6813965000000008 22.971938069133767 -6.8203864066521831
decision_type=2 2 2 2 2 2 2 2 2 2 2 2 2 2
left_child=2 3 12 5 -3 -2 -7 -5 9 -9 11 -6 -1 -14
right_child=1 4 -4 7 10 6 -8 8 -10 -11 -12 -13 13 -15
leaf_value=0 -0.0014579064595628883 -0.0042927583792788269 0 -0.0010861373863685392 -0.016328480130763951 0.00078700649719466752 -9.4682356940836506e-05 -0.00048008118201337604 -0.010624235712313142 0.0016441462242545088 -0.0021286502830747075 0.0010008865144466004 -0.0007573001571139226 -0.0094200918913222506
leaf_weight=158220 3647 5298 40365 6764 1218 730 11995 7325 1693 1428 17435 21458 63510 1971
leaf_count=158220 3647 5298 40365 6764 1218 730 11995 7325 1693 1428 17435 21458 63510 1971
internal_value=-0.00134345 -0.0062635 0.000128301 -0.0124543 -0.00168513 -0.00553628 -0.00108448 -0.0190354 -0.0126594 -0.00809323 0.000182494 0.00465338 -0.00094519 -0.0042339
internal_weight=343057 78991 264066 33582 45409 16372 12725 17210 10446 8753 40111 22676 223701 65481
internal_count=343057 78991 264066 33582 45409 16372 12725 17210 10446 8753 40111 22676 223701 65481
is_linear=0
shrinkage=0.04


Tree=30
num_leaves=15
num_cat=0
split_feature=9 0 11 11 1 13 11 2 13 14 3 14 11 11
split_gain=1457.07 1734.74 1241.9 1173.55 1051.93 874.961 797.918 858.842 704.16 510.926 486.501 474.874 463.097 458.28
threshold=0.47723094617719836 3.5807375841437681 42.672427636020338 4.3177624222488733 32.760892682952139 404.77532965714101 1.0000000180025095e-35 108.07067100000002 268.32281790025485 0.16176218473511844 33.024982000000008 0.21256765339438269 1.0000000180025095e-35 3.3056686168666514
decision_type=2 2 2 2 2 2 2 2 2 2 2 2 2 2
left_child=1 3 5 8 -2 9 -7 -8 -1 -3 -6 -5 -10 -14
right_child=4 2 -4 11 10 6 7 -9 12 -11 -12 -13 13 -15
leaf_value=0.00046327426000624826 0 -0.0040843014419851068 -0.0065396597234784262 -0.0016589389345627919 -0.07632653624430133 -0.0049530076731129601 0.0011359944452719148 -0.0011121304351467314 -0.0016358218858651265 -0.00075840726801795853 0.0049252712938300889 0.00081980246529924229 -7.2614301494242786e-05 -0.00037163581466494958
leaf_weight=2316 205998 847 7370 14042 1232 3248 27436 11656 3055 31329 18226 606 12115 3159
leaf_count=2316 205998 847 7370 14042 1232 3248 27436 11656 3055 31329 18226 606 12115 3159
internal_value=-0.00124856 -0.00486674 -0.00167159 -0.0122801 0.000631964 -0.00012239 0.00365612 0.00523892 -0.00613611 -0.00509448 0.00952205 -0.0209394 -0.00876207 -0.00591855
internal_weight=342635 117179 81886 35293 225456 74516 42340 39092 20645 32176 19458 14648 18329 15274
internal_count=342635 117179 81886 35293 225456 74516 42340 39092 20645 32176 19458 14648 18329 15274
is_linear=0
shrinkage=0.04


Tree=31
num_leaves=15
num_cat=0
split_feature=3 10 2 13 8 0 11 13 13 10 11 9 11 12
split_gain=1370.51 1921.57 1490.52 1527.07 1048.21 1333.03 1078.04 938.871 603.998 594.329 953.343 820.246 693.947 529.893
threshold=24.307094500000002 -25.195282185311036 59.693140000000007 642.89807683317133 0.20594771490205799 3.6274282120259298 4.3177624222488733 264.2857089727114 268.32281790025485 -21.581356495178095 43.384808711340831 0.6199042342453237 40.278393343314541 72.371446376483064
decision_type=2 2 2 2 2 2 2 2 2 2 2 2 2 2
left_child=1 -1 -2 9 -3 6 8 -7 -6 10 -4 -12 -11 -8
right_child=2 4 3 -5 5 7 13 -9 -10 12 11 -13 -14 -15
leaf_value=-0.10138519059466512 -0.0016849401332397109 0 0.0035495059241096518 0.0041851192220195444 0.00044418851937475136 -0.0027613822997993578 -0.001476518856770209 -0.00011836441669193524 -0.00024604624988201404 0 -0.0047349993234412227 0.0011719132271750517 -0.0048589811725717347 -0.0015400569342335208
leaf_weight=3732 4768 102060 28020 6334 2315 3807 7893 51354 16237 84936 4866 13876 2623 10229
leaf_count=3732 4768 102060 28020 6334 2315 3807 7893 51354 16237 84936 4866 13876 2623 10229
internal_value=-0.00121253 -0.00338132 0.0017348 0.0024804 -0.00283411 -0.00593456 -0.0118449 -0.00200504 -0.00506684 0.00157533 0.0052162 -0.00176715 -0.000369123 -0.0187838
internal_weight=343050 197627 145423 140655 193895 91835 36674 55161 18552 134321 46762 18742 87559 18122
internal_count=343050 197627 145423 140655 193895 91835 36674 55161 18552 134321 46762 18742 87559 18122
is_linear=0
shrinkage=0.04


Tree=32
num_leaves=15
num_cat=0
split_feature=9 0 11 11 10 11 2 3 14 1 13 12 11 12
split_gain=1300.52 1492.77 1119.56 1053.81 979.077 777.458 1065.14 797.957 687.209 632.335 609.753 569.217 495.635 925.675
threshold=0.47723094617719836 3.6274282120259298 43.14368861925194 4.3177624222488733 -32.618526298808384 1.0000000180025095e-35 103.16568000000002 4.9416075000000008 0.21021760849986634 4.254946172028081 268.32281790025485 71.589449912925417 25.199477516290596 72.748233629733491
decision_type=2 2 2 2 2 2 2 2 2 2 2 2 2 2
left_child=1 3 5 10 -2 -3 7 9 -9 -7 -1 -10 13 -5
right_child=4 2 -4 12 -6 6 -8 8 11 -11 -12 -13 -14 -15
leaf_value=0.0004233673208892091 0.0042154433083853105 -0.0038829314553496829 -0.00612165380709095 -0.0012706781465415215 0 0.0046281737512107622 -0.0011419112623990613 0.0004675298218607786 5.1984966403751114e-05 -0.019429330235338257 -0.00024847000356439442 0.0043921239303553843 -0.010109076558676376 -1.3298185000318319e-06
leaf_weight=2318 19621 5591 6934 8553 206100 594 29707 28561 2921 1453 18527 5871 2549 3899
leaf_count=2318 19621 5591 6934 8553 206100 594 29707 28561 2921 1453 18527 5871 2549 3899
internal_value=-0.00117122 -0.00458435 -0.00159643 -0.0113887 0.000605172 -0.000169215 0.000991506 0.00530355 0.00663615 -0.0190132 -0.00557064 0.0164149 -0.0194734 -0.0161837
internal_weight=343199 117478 81632 35846 225721 74698 69107 39400 37353 2047 20845 8792 15001 12452
internal_count=343199 117478 81632 35846 225721 74698 69107 39400 37353 2047 20845 8792 15001 12452
is_linear=0
shrinkage=0.04


Tree=33
num_leaves=15
num_cat=0
split_feature=9 0 11 2 11 10 11 2 15 13 10 0 11 11
split_gain=1197.64 1427.84 1053.58 1033.8 1036.88 861.877 713.527 750.821 819.61 672.619 666.032 570.593 1154.2 478.76
threshold=0.47094312974799302 3.5807375841437681 3.470790488553249 105.02199950000001 1.0000000180025095e-35 -32.618526298808384 1.0000000180025095e-35 53.18856250000001 7.1632566795000097 408.56842982380664 -1.1428345067802768 1.3658767469310291 15.72036527913369 40.480111174871212
decision_type=2 2 2 2 2 2 2 2 2 2 2 2 2 2
left_child=1 2 6 4 -3 -2 10 -8 -9 -6 -1 -4 -13 -5
right_child=5 3 11 13 9 -7 7 8 -10 -11 -12 12 -14 -15
leaf_value=-0.0018697584947784884 0.0040332414222285342 -0.0037819596882296093 -0.0009389805234531457 -0.0010195699150035043 -0.00032025035973061086 0 -0.00015577594365287801 0.00040948628576419294 -0.0033074104327958211 0.0010048045560076295 0.00060983403426935956 -2.8707243008478935e-05 -0.0074857577124208931 -0.0055068962072612323
leaf_weight=3091 19642 5499 8575 26051 15915 206585 7961 5085 453 26572 625 6155 3509 7287
leaf_count=3091 19642 5499 8575 26051 15915 206585 7961 5085 453 26572 625 6155 3509 7287
internal_value=-0.00113573 -0.00442549 -0.0111243 -0.00150509 0.00225399 0.000562444 -0.00402672 0.000245944 0.0115565 0.00436934 -0.0195479 -0.0178233 -0.0111589 -0.00691583
internal_weight=343005 116778 35454 81324 47986 226227 17215 13499 5538 42487 3716 18239 9664 33338
internal_count=343005 116778 35454 81324 47986 226227 17215 13499 5538 42487 3716 18239 9664 33338
is_linear=0
shrinkage=0.04


Tree=34
num_leaves=15
num_cat=0
split_feature=3 10 2 13 8 0 11 13 3 11 3 14 0 2
split_gain=1191.31 1804.23 1121.99 1320.48 898.793 1185.7 953.235 885.209 532.272 636.618 725.807 649.694 642.404 587.344
threshold=24.494082500000005 -25.195282185311036 59.693140000000007 642.89807683317133 0.20085045564532841 3.6274282120259298 4.3177624222488733 264.2857089727114 4.6813965000000008 20.131027427914066 14.208550500000001 0.17002377295782856 17.549030255744359 70.286045000000016
decision_type=2 2 2 2 2 2 2 2 2 2 2 2 2 2
left_child=1 -1 -2 -4 -3 6 -6 -7 -9 13 -11 -12 -13 -10
right_child=2 4 3 -5 5 7 -8 8 9 10 11 12 -14 -15
leaf_value=-0.094289425542723751 -0.0014996903612963628 0 0 0.0039654965921367283 -0.00013928234702393074 -0.0026373362270885382 -0.0013801556765613455 -0.014688583144277453 -0.00084717594620630995 -0.017445224635449716 -0.0037667148682871028 0.00066899622040626858 -0.025325588749509215 0.0013857342297489078
leaf_weight=3903 4735 102527 133107 6340 18559 3833 18270 1355 5063 4442 1160 19680 2194 18001
leaf_count=3903 4735 102527 133107 6340 18559 3833 18270 1355 5063 4442 1160 19680 2194 18001
internal_value=-0.00116572 -0.00317187 0.00160297 0.00225319 -0.00263312 -0.00549067 -0.0110598 -0.00181022 -0.000440119 0.00022319 -0.00388994 -0.00103499 0.000512023 0.00512314
internal_weight=343169 198987 144182 139447 195084 92557 36829 55728 51895 50540 27476 23034 21874 23064
internal_count=343169 198987 144182 139447 195084 92557 36829 55728 51895 50540 27476 23034 21874 23064
is_linear=0
shrinkage=0.04


Tree=35
num_leaves=15
num_cat=0
split_feature=3 10 10 8 0 13 14 2 15 2 0 12 2 0
split_gain=1108.23 1675 1068.54 833.031 1088.86 874.994 822.647 714.431 681.175 634.058 962.423 549.386 523.126 515.544
threshold=24.307094500000002 -25.195282185311036 -20.64749578005571 0.20085045564532841 3.5807375841437681 264.2857089727114 0.21850692549482056 59.693140000000007 4.8872795136250327 110.33656300000001 15.138029610440904 57.128264042363035 121.20766800000001 18.261479264544452
decision_type=2 2 2 2 2 2 2 2 2 2 2 2 2 2
left_child=1 -1 6 -3 -5 -6 8 11 -2 -10 -11 -4 -8 -7
right_child=2 3 7 4 5 13 12 -9 9 10 -12 -13 -14 -15
leaf_value=-0.09279757172968553 0.0091727832683733152 0 0.00055739507917779488 -0.00047278323097569604 -0.0025029589631932903 7.9818776802197193e-05 -3.8575115302728895e-05 0 0.0060168946703684249 0.0022803089447993407 -0.0039189864091594244 -0.0018686008801066492 -0.0043432734200305866 -0.031376068640596298
leaf_weight=3756 3091 101804 309 36351 3909 49752 2051 86122 7908 33660 6138 4422 1367 2132
leaf_count=3756 3091 101804 309 36351 3909 49752 2051 86122 7908 33660 6138 4422 1367 2132
internal_value=-0.00109426 -0.00304253 0.00156092 -0.00253016 -0.00528564 -0.00177585 0.00600498 -0.00109099 0.00728311 0.00610405 0.00404844 -0.0162249 -0.0129901 -0.000400894
internal_weight=342772 197704 145068 193948 92144 55793 54215 90853 50797 47706 39798 4731 3418 51884
internal_count=342772 197704 145068 193948 92144 55793 54215 90853 50797 47706 39798 4731 3418 51884
is_linear=0
shrinkage=0.04


Tree=36
num_leaves=15
num_cat=0
split_feature=3 10 10 11 11 11 10 11 3 1 8 1 3 0
split_gain=1003.95 1790.73 1064.67 1118.56 816.696 790.113 2074.59 1004.59 1548.55 1019.78 660.822 606.026 1152.04 780.269
threshold=24.851730500000006 -27.155948064196227 -20.64749578005571 43.648533564424547 24.566800029051347 3.3056686168666514 -1.7752738099137375 15.395052116293281 14.208550500000001 9.0203089262511202 0.40044599292400535 22.627890539155086 22.110084500000003 10.854393062852397
decision_type=2 2 2 2 2 2 2 2 2 2 2 2 2 2
left_child=1 -1 3 -2 -4 -3 7 -7 -9 -10 -5 -11 -13 -14
right_child=2 5 4 10 -6 6 -8 8 9 11 -12 12 13 -15
leaf_value=-0.11921204084282919 0.0032950284695125931 0 0 0.0010110314577423398 -0.001621196508532608 0.0005080883089221747 -0.00081661424921951971 -0.0062705143983247539 -0.0035751071560895815 0.00049964164099433768 -0.0041695424832293637 -0.060990786912666413 0.015271820328704644 -0.052024881966685296
leaf_weight=2400 34504 112387 77995 13843 10915 16776 11416 12310 5872 33622 4779 2946 2389 678
leaf_count=2400 34504 112387 77995 13843 10915 16776 11416 12310 5872 33622 4779 2946 2389 678
internal_value=-0.00103491 -0.00285544 0.00153876 0.0060189 -0.00113823 -0.00243997 -0.00532549 -0.00289518 -0.00539564 -0.0019909 -0.00188165 0.000313864 -0.011382 0.00577763
internal_weight=342832 200796 142036 53126 88910 198396 86009 74593 57817 45507 18622 39635 6013 3067
internal_count=342832 200796 142036 53126 88910 198396 86009 74593 57817 45507 18622 39635 6013 3067
is_linear=0
shrinkage=0.04


Tree=37
num_leaves=15
num_cat=0
split_feature=9 0 11 11 10 13 11 2 3 14 14 12 14 13
split_gain=988.784 988.407 1120.54 941.342 714.191 619.402 609.861 778.783 683.646 557.542 505.149 671.142 462.181 443.282
threshold=0.4842391518606689 3.5807375841437681 12.01987296277437 42.672427636020338 -32.618526298808384 268.32281790025485 1.0000000180025095e-35 103.16568000000002 4.6813965000000008 0.21256765339438269 0.21021760849986634 72.018121648416496 0.20503765280002462 408.56842982380664
decision_type=2 2 2 2 2 2 2 2 2 2 2 2 2 2
left_child=1 2 5 6 -2 -1 -3 8 -8 -7 12 -12 13 -10
right_child=4 3 -4 -5 -6 9 7 -9 10 -11 11 -13 -14 -15
leaf_value=0.00036178280487562584 0.003655955713985375 -0.0034463932971333447 -0.0053720602048602864 -0.0052219350497617004 0 -0.00031082533741492172 -0.014665178322873371 -0.00093021487229540177 0.00011925386174199432 0.00042141325653001022 -3.32080929271783e-05 0.0042410731852707906 -0.00066319984751534377 0.0015469734518215651
leaf_weight=2755 19513 5626 5707 7459 205691 25089 1279 29605 12694 1957 3078 5797 6661 10227
leaf_count=2755 19513 5626 5707 7459 205691 25089 1279 29605 12694 1957 3078 5797 6661 10227
internal_value=-0.00100181 -0.003969 -0.00954827 -0.00156553 0.000552033 -0.00643871 -0.000217162 0.000810487 0.0044695 -0.00827923 0.00542632 0.0137961 0.00291529 0.00561058
internal_weight=343138 117934 35508 82426 225204 29801 74967 69341 39736 27046 38457 8875 29582 22921
internal_count=343138 117934 35508 82426 225204 29801 74967 69341 39736 27046 38457 8875 29582 22921
is_linear=0
shrinkage=0.04


Tree=38
num_leaves=15
num_cat=0
split_feature=8 0 11 11 1 11 2 3 13 14 13 14 0 3
split_gain=943.584 888.874 1159.65 903.095 638.47 576.256 765.646 661.748 549.853 518.504 471.997 394.332 388.366 386.996
threshold=0.51291298456902013 3.6274282120259298 12.01987296277437 42.672427636020338 32.760892682952139 1.0000000180025095e-35 108.07067100000002 4.6813965000000008 268.32281790025485 0.21256765339438269 260.42522452097228 0.17002377295782856 16.176031729651605 31.532911000000002
decision_type=2 2 2 2 2 2 2 2 2 2 2 2 2 2
left_child=4 2 8 5 -1 -3 7 -7 -2 -10 -9 -8 -12 -6
right_child=1 3 -4 -5 13 6 11 10 9 -11 12 -13 -14 -15
leaf_value=0 0.00034237700398251239 -0.0034401613389168275 -0.0052219924178875353 -0.0050544080378086683 -0.097438525306266899 -0.014365591370289917 -0.0028758544988271048 -0.0045436958985119241 -0.00029238573447321867 0.00040621219451076414 0.00041936728384024734 -0.00078735869891901733 0.004791223874300094 0.0038161252264791558
leaf_weight=205159 2751 5596 5852 7448 827 1319 1981 531 25323 1974 37361 22737 5427 18597
leaf_count=205159 2751 5596 5852 7448 827 1319 1981 531 25323 1974 37361 22737 5427 18597
internal_value=-0.000978993 -0.00387016 -0.00912312 -0.00158155 0.000543941 -0.000261501 0.00073476 0.00386218 -0.00595048 -0.00766824 0.00471202 -0.00491302 0.00517715 0.00747529
internal_weight=342883 118300 35900 82400 224583 74952 69356 44638 30048 27297 43319 24718 42788 19424
internal_count=342883 118300 35900 82400 224583 74952 69356 44638 30048 27297 43319 24718 42788 19424
is_linear=0
shrinkage=0.04


Tree=39
num_leaves=15
num_cat=0
split_feature=8 0 11 11 1 13 2 11 3 14 13 9 0 2
split_gain=880.028 875.01 1104.1 810.466 605.336 579.309 536.975 716.186 615.201 502.437 490.447 426.717 401.454 786.045
threshold=0.51291298456902013 3.6274282120259298 23.114246441599402 46.259469560879616 32.760892682952139 268.32281790025485 108.85315700000002 1.0000000180025095e-35 4.6813965000000008 0.21256765339438269 260.42522452097228 0.00032208405683298308 7.9925418652411153 74.813641000000004
decision_type=2 2 2 2 2 2 2 2 2 2 2 2 2 2
left_child=4 2 5 6 -1 -2 7 12 -9 11 -10 -7 13 -3
right_child=1 3 -4 -5 -6 9 -8 8 10 -11 -12 -13 -14 -15
leaf_value=0 0.00033371770532615656 -0.0034019514766512782 -0.008381063456084149 -0.0057476076077955431 0.003394748572329318 -0.00028459668960394954 -0.0011684949669433888 -0.013740001803241425 -0.0045019865086033325 0.00038974141216310647 0.00067232277674948357 -0.0012510989413176566 -0.013432496684267938 0.0023062814037905833
leaf_weight=205205 2802 1679 2900 5254 19369 25775 25230 1320 573 1966 44549 2331 2174 1675
leaf_count=205205 2802 1679 2900 5254 19369 25775 25230 1320 573 1966 44549 2331 2174 1675
internal_value=-0.00092975 -0.00372298 -0.00894728 -0.00145633 0.000540757 -0.00686013 -0.000421762 0.00190264 0.00352267 -0.00848098 0.00431009 -0.00984843 -0.0117077 -0.00302922
internal_weight=342802 118228 35774 82454 224574 32874 77200 51970 46442 30072 45122 28106 5528 3354
internal_count=342802 118228 35774 82454 224574 32874 77200 51970 46442 30072 45122 28106 5528 3354
is_linear=0
shrinkage=0.04


Tree=40
num_leaves=15
num_cat=0
split_feature=9 11 1 11 11 2 10 1 14 11 8 14 2 0
split_gain=820.302 804.965 952.336 903.24 658.565 655.08 609.033 558.059 552.881 483.874 521.833 464.44 449.104 879.978
threshold=0.47094312974799302 46.259469560879616 3.5378964871579748 4.8811881326391946 1.0000000180025095e-35 58.187654500000008 -1.1428345067802768 32.760892682952139 0.21021760849986634 1.0000000180025095e-35 0.77474358007089272 0.16176218473511844 72.144817500000016 1.8041608139384941
decision_type=2 2 2 2 2 2 2 2 2 2 2 2 2 2
left_child=1 2 3 4 6 -6 -1 -2 11 -10 -11 -4 13 -5
right_child=7 -3 8 12 5 -7 -8 -9 9 10 -12 -13 -14 -15
leaf_value=-0.0017570950837968702 0 -0.0067921150319720878 -0.0032828649879934513 -0.0012112412094282623 -6.9125800255356583e-05 0.00066921102860029223 0.00061716914677480811 0.0031640567838578772 -0.0061747186568321781 -0.00036755429502326176 0.0015521228134745813 -0.00030067177201665798 -0.0048002972497343038 0.00015526356291160892
leaf_weight=3062 206809 5447 892 6730 16093 1800 629 19468 1431 3437 11226 60567 2002 3405
leaf_count=3062 206809 5447 892 6730 16093 1800 629 19468 1431 3437 11226 60567 2002 3405
internal_value=-0.000922338 -0.00364596 -0.00291101 -0.00852288 -0.00361379 -0.000440396 -0.0189976 0.000482594 -0.000470904 0.00612899 0.00829571 -0.00219919 -0.017253 -0.0138333
internal_weight=342998 116721 111274 33721 21584 17893 3691 226277 77553 16094 14663 61459 12137 10135
internal_count=342998 116721 111274 33721 21584 17893 3691 226277 77553 16094 14663 61459 12137 10135
is_linear=0
shrinkage=0.04


Tree=41
num_leaves=15
num_cat=0
split_feature=3 1 1 11 13 11 10 13 11 1 12 11 0 3
split_gain=782.051 1730.42 858.724 1031.59 671.553 671.413 1770.24 1138.96 840.935 611.822 573.905 558.513 523.385 651.463
threshold=23.718067000000005 24.423175630017621 20.154297077712904 43.648533564424547 688.62798463473371 3.470790488553249 -0.96542007336287849 289.15636952549113 13.679671150656231 3.974873501655197 62.922451429626754 26.566726368644712 18.261479264544452 14.319600500000002
decision_type=2 2 2 2 2 2 2 2 2 2 2 2 2 2
left_child=1 5 4 -4 11 -1 7 8 -7 -10 -9 -2 13 -12
right_child=2 -3 3 -5 -6 6 -8 10 9 -11 12 -13 -14 -15
leaf_value=0 0 -0.079296601002605008 0.0028821449951959232 -0.00084359939089608232 -0.0091586001304619236 0.00045204786339514457 -0.0008579141010482327 -0.0024802085388933221 -0.0074471003574161478 -0.0022718034088552675 -0.001045011185234492 -0.0013830624298636278 -0.031774285223997084 0.00066178503392730294
leaf_weight=111182 81374 4075 37555 19067 741 3056 7133 1356 1957 13118 15982 9514 1807 34733
leaf_count=111182 81374 4075 37555 19067 741 3056 7133 1356 1957 13118 15982 9514 1807 34733
internal_value=-0.000898293 -0.00256709 0.00128997 0.00516266 -0.00110314 -0.00201488 -0.00483081 -0.00294796 -0.0116199 -0.0154985 -2.96967e-05 -0.000793944 0.000633639 0.00138736
internal_weight=342650 194399 148251 56622 91629 190324 79142 72009 18131 15075 53878 90888 52522 50715
internal_count=342650 194399 148251 56622 91629 190324 79142 72009 18131 15075 53878 90888 52522 50715
is_linear=0
shrinkage=0.04


Tree=42
num_leaves=15
num_cat=0
split_feature=9 11 0 11 10 2 11 10 11 11 2 0 3 2
split_gain=716.527 765.043 863.536 990.893 499.515 496.668 1080.89 804.182 748.793 587.854 573.347 489.612 488.359 536.46
threshold=0.4842391518606689 46.259469560879616 3.5807375841437681 12.01987296277437 -32.618526298808384 53.18856250000001 1.3197530281607748 -0.90472467676902857 2.6791923625359284 3.3056686168666514 70.286045000000016 1.85998869881567 4.6813965000000008 108.07067100000002
decision_type=2 2 2 2 2 2 2 2 2 2 2 2 2 2
left_child=1 2 3 5 -2 8 7 10 -1 -8 -7 -11 -4 -14
right_child=4 -3 12 -5 -6 6 9 -9 -10 11 -12 -13 13 -15
leaf_value=-7.7672294595547424e-06 0.0030551855132195699 -0.0063947368486127563 -0.01450320759809641 -0.0043131556304674811 0 -0.0024508977629869094 0.00046341383097604397 0.00037144744049519003 -0.00045835039566228435 -0.00020043663161067093 0.0006586843134486765 0.00030418803798080009 0.00033033985321251775 -0.0010154547863583179
leaf_weight=6128 19584 5602 1537 5349 205435 3227 4114 716 7332 3867 876 3488 49399 26175
leaf_count=6128 19584 5602 1537 5349 205435 3227 4114 716 7332 3867 876 3488 49399 26175
internal_value=-0.00085442 -0.00338172 -0.00266149 -0.00786278 0.00046876 -0.00501277 -0.000314342 -0.0162108 -0.0106984 0.00636498 -0.0230368 -0.000407886 -0.000294121 0.000159843
internal_weight=342829 117810 112208 35097 225019 29748 16288 4819 13460 11469 4103 7355 77111 75574
internal_count=342829 117810 112208 35097 225019 29748 16288 4819 13460 11469 4103 7355 77111 75574
is_linear=0
shrinkage=0.04


Tree=43
num_leaves=15
num_cat=0
split_feature=3 10 10 11 13 11 10 13 11 11 10 12 0 3
split_gain=704.006 1635.51 754.463 967 639.029 622.821 1537.91 1040.47 749.47 621.702 606.558 495.249 453.854 509.132
threshold=23.718067000000005 -24.9503934381544 -21.581356495178095 43.648533564424547 688.62798463473371 3.470790488553249 -0.96542007336287849 289.15636952549113 13.679671150656231 37.912760413115926 -3.9205477163869991 62.922451429626754 20.021147225948877 14.208550500000001
decision_type=2 2 2 2 2 2 2 2 2 2 2 2 2 2
left_child=1 -1 3 -2 9 -3 7 8 -7 -4 -10 -9 13 -13
right_child=2 5 4 -5 -6 6 -8 11 10 -11 -12 12 -14 -15
leaf_value=-0.08389019183342207 0.003046795371333906 0 0 -0.00075717237745989707 -0.0087223255718071688 0.00040783339219570871 -0.00079134157597903257 -0.0022545761171811197 -0.0021891864001042038 -0.0041729856705286844 -0.0068898434640596792 -0.0010452866229452601 -0.06178049547299392 0.00051192292141215431
leaf_weight=3461 33675 111264 91412 18823 854 3058 7070 1353 13245 3620 1876 15540 801 37074
leaf_count=3461 33675 111264 91412 18823 854 3058 7070 1353 13245 3620 1876 15540 801 37074
internal_value=-0.000834562 -0.00241612 0.0012411 0.00509581 -0.000869366 -0.00192303 -0.00461452 -0.00288812 -0.0111799 -0.000559811 -0.0148324 -0.000135846 0.000469531 0.000924469
internal_weight=343126 194742 148384 52498 95886 191281 80017 72947 18179 95032 15121 54768 53415 52614
internal_count=343126 194742 148384 52498 95886 191281 80017 72947 18179 95032 15121 54768 53415 52614
is_linear=0
shrinkage=0.04


Tree=44
num_leaves=15
num_cat=0
split_feature=3 1 1 11 11 1 3 13 13 11 1 0 1 3
split_gain=670.727 1566.54 745.274 923.662 631.116 1256.87 954.235 760.206 613.019 597.413 560.457 552.533 440.639 793.943
threshold=23.718067000000005 25.833085289154074 21.59939206346375 43.648533564424547 20.131027427914066 3.974873501655197 14.208550500000001 268.7841962257441 688.62798463473371 37.912760413115926 13.455302545891831 17.549030255744359 22.826917426756175 21.812074000000006
decision_type=2 2 2 2 2 2 2 2 2 2 2 2 2 2
left_child=1 4 8 -4 -1 -6 10 -8 9 -2 -7 12 -9 -14
right_child=2 -3 3 -5 5 6 7 11 -10 -11 -12 -13 13 -15
leaf_value=0 0 -0.1022574794141007 0.0029446267146077234 -0.00071032737522420009 -0.0079281307775857061 -0.0020857960797876179 -0.0016734776333995861 0.0011799583322444668 -0.0083725297295620966 -0.0040439740676150504 -0.070676194486816529 -0.02826698787142207 -0.062597050897928025 0.0095189439990505907
leaf_weight=146437 91449 2435 33675 18848 3043 5734 4899 23901 853 3625 2768 1960 1927 1493
leaf_count=146437 91449 2435 33675 18848 3043 5734 4899 23901 853 3625 2768 1960 1927 1493
internal_value=-0.000823561 -0.00236838 0.00120148 0.0050317 -0.00196438 -0.0060667 -0.00429596 -0.00131305 -0.000895681 -0.000592801 -0.0162879 0.00112701 0.00259873 -0.0108304
internal_weight=343047 194597 148450 52523 192162 45725 42682 34180 95927 95074 8502 29281 27321 3420
internal_count=343047 194597 148450 52523 192162 45725 42682 34180 95927 95074 8502 29281 27321 3420
is_linear=0
shrinkage=0.04


Tree=45
num_leaves=15
num_cat=0
split_feature=8 14 12 0 11 2 0 13 2 13 8 12 3 14
split_gain=644.83 758.5 640.802 622.579 1153.75 510.36 643.512 496.869 478.73 518.229 463.369 437.364 424.303 401.815
threshold=0.4561547534895915 0.21135727656717004 150.74783303778375 3.6274282120259298 23.114246441599402 109.83624300000001 18.809547738835139 268.32281790025485 69.597168000000025 228.57383096747418 0.99949963839910627 105.03416218183365 4.6813965000000008 0.22601595510611858
decision_type=2 2 2 2 2 2 2 2 2 2 2 2 2 2
left_child=13 3 -3 4 7 6 8 -2 -5 -10 -9 12 -11 -1
right_child=1 2 -4 5 -6 -7 -8 10 9 11 -12 -13 -14 -15
leaf_value=0 0.00027440446693974095 0.00059051631760725931 -0.0034583328433423709 -0.0013113492011273926 -0.0072042672851479299 -0.0015655114267331665 0.0061306344015869749 -0.0022771403428429229 -0.0045165530455498959 -0.012767869339134597 -0.00022211043648705201 -0.00072221205752343173 0.00087233027157201492 0
leaf_weight=211883 2900 17821 874 7559 2988 26050 3189 1548 754 858 25976 14111 18597 7791
leaf_count=211883 2900 17821 874 7559 2988 26050 3189 1548 754 858 25976 14111 18597 7791
internal_value=-0.000772006 -0.00308801 0.00433271 -0.00441519 -0.00891895 -0.00229928 0.000276915 -0.00658953 -0.00104205 0.000965035 -0.0082488 0.00170172 0.00559034 0.000527145
internal_weight=342899 123225 18695 104530 33412 71118 45068 30424 41879 34320 27524 33566 19455 219674
internal_count=342899 123225 18695 104530 33412 71118 45068 30424 41879 34320 27524 33566 19455 219674
is_linear=0
shrinkage=0.04


Tree=46
num_leaves=15
num_cat=0
split_feature=9 11 11 14 2 11 0 11 11 10 2 0 2 15
split_gain=613.551 690.056 755.228 823.241 717.682 999.552 720.719 734.841 706.562 590.333 619.642 685.619 586.4 531.698
threshold=0.47094312974799302 46.259469560879616 1.0000000180025095e-35 0.21256765339438269 53.18856250000001 3.470790488553249 6.1323353940737748 15.72036527913369 4.8811881326391946 -0.90472467676902857 74.813641000000004 9.0116471057232825 109.83624300000001 5.108791732625023
decision_type=2 2 2 2 2 2 2 2 2 2 2 2 2 2
left_child=1 2 9 4 8 13 7 -7 -4 10 -1 -12 -8 -6
right_child=-2 -3 3 -5 5 6 12 -9 -10 -11 11 -13 -14 -15
leaf_value=-0.0024412119905276551 0 -0.0059601620602648259 -0.00010279127409054373 0.00072814615245342829 0.00083259977890328047 -0.00013690807615552317 0.00079028919877575043 -0.0042504154581989072 -0.0010795314932863338 0.0007779234671888613 0.0010222750573119998 -0.015785174991499094 -0.0013510738841078552 0.00022401951213783057
leaf_weight=4775 226394 5463 9149 11784 2156 16000 26977 7775 3975 526 2512 1491 18612 5482
leaf_count=4775 226394 5463 9149 11784 2156 16000 26977 7775 3975 526 2512 1491 18612 5482
internal_value=-0.000743869 -0.00310018 -0.0024184 -0.00142243 -0.00272241 -0.0012488 -0.00276109 -0.00840715 -0.0113685 -0.0133276 -0.015794 -0.00418686 0.000183378 0.0124849
internal_weight=343071 116677 111214 101910 90126 77002 69364 23775 13124 9304 8778 4003 45589 7638
internal_count=343071 116677 111214 101910 90126 77002 69364 23775 13124 9304 8778 4003 45589 7638
is_linear=0
shrinkage=0.04


Tree=47
num_leaves=15
num_cat=0
split_feature=9 11 1 11 2 0 11 2 10 3 1 15 13 13
split_gain=592.12 630.509 718.209 920.655 543.84 680.51 509.481 714.651 618.481 449.911 453.233 444.144 446.301 849.586
threshold=0.47094312974799302 40.480111174871212 3.5378964871579748 7.1984945652309227 72.144817500000016 1.4091730125961013 1.0000000180025095e-35 55.299376000000002 -1.2545065127618729 4.6002795000000001 4.1682328316441355 8.4516063852500043 688.62798463473371 669.07096523690564
decision_type=2 2 2 2 2 2 2 2 2 2 2 2 2 2
left_child=1 2 3 6 5 -5 8 -8 -1 10 -4 12 13 -2
right_child=11 -3 9 4 -6 -7 7 -9 -10 -11 -12 -13 -14 -15
leaf_value=-0.001664424641457667 0 -0.0045898708732084719 0.0034519528587928171 -0.001786530960503703 -0.0044221849953674239 -5.0256475699714809e-05 -0.00010676996729370891 0.0002605001355125351 0.00054127399769676732 6.556611543572191e-05 -0.020574770560227912 0 0 0.0077288649421938943
leaf_weight=2967 192626 9378 310 3376 1814 3575 16271 4885 743 72342 1002 28340 3355 1650
leaf_count=2967 192626 9378 310 3376 1814 3575 16271 4885 743 72342 1002 28340 3355 1650
internal_value=-0.000723221 -0.00303747 -0.00216806 -0.00701139 -0.0181586 -0.0130686 -0.00308212 -0.000684439 -0.0167547 4.34464e-05 -0.0231707 0.000471565 -0.000199969 4.9826e-05
internal_weight=342634 116663 107285 33631 8765 6951 24866 21156 3710 73654 1312 225971 197631 194276
internal_count=342634 116663 107285 33631 8765 6951 24866 21156 3710 73654 1312 225971 197631 194276
is_linear=0
shrinkage=0.04


Tree=48
num_leaves=15
num_cat=0
split_feature=9 11 11 14 2 11 12 11 10 2 1 2 1 1
split_gain=583.337 611.702 665.5 745.839 667.954 943.172 830.563 691.16 556.804 739.593 646.046 539.307 560.458 481.787
threshold=0.47094312974799302 46.259469560879616 1.0000000180025095e-35 0.21256765339438269 53.18856250000001 3.3056686168666514 69.446399873942838 5.344856383215963 -1.2545065127618729 74.034153000000018 12.195797879640191 109.83624300000001 3.8133381282595722 18.78352859175234
decision_type=2 2 2 2 2 2 2 2 2 2 2 2 2 2
left_child=1 2 8 4 7 -6 -7 -4 9 -1 -11 13 -13 -8
right_child=-2 -3 3 -5 5 6 11 -9 -10 10 -12 12 -14 -15
leaf_value=-0.0025347576532335154 0 -0.0056131055354593784 -0.00010646485000253308 0.00070973365281226154 0.0003806233120567393 -0.00060209668616029513 1.0242451030248864e-05 -0.0012018599720077547 0.00054953963576259951 0.00060196085724896378 -0.024497049957152947 -0.0069710913811169405 -0.0013180546082130818 0.0054697403735004301
leaf_weight=4409 226265 5479 9685 11801 7388 6963 37954 3450 886 3225 868 768 20276 3633
leaf_count=4409 226265 5479 9685 11801 7388 6963 37954 3450 886 3225 868 768 20276 3633
internal_value=-0.000724676 -0.00302059 -0.00237831 -0.00143959 -0.00267785 -0.00125536 -0.00269793 -0.0110148 -0.0125692 -0.0157139 -0.00346934 -0.00124092 -0.00645885 0.00139948
internal_weight=343050 116785 111306 101918 90117 76982 69594 13135 9388 8502 4093 62631 21044 41587
internal_count=343050 116785 111306 101918 90117 76982 69594 13135 9388 8502 4093 62631 21044 41587
is_linear=0
shrinkage=0.04


Tree=49
num_leaves=15
num_cat=0
split_feature=3 10 10 11 13 11 1 15 12 3 1 10 3 13
split_gain=570.099 1582.47 703.673 732.563 670.752 526.48 1586.77 759.702 858.789 730.696 1176.58 661.296 894.978 542.951
threshold=23.718067000000005 -25.195282185311036 -19.615561448988526 43.648533564424547 688.62798463473371 4.6290577591040778 3.895712535452208 5.0400225216250343 66.369411949604554 14.319600500000002 13.803643388412931 -4.5539797322667424 5.2527085000000007 268.7841962257441
decision_type=2 2 2 2 2 2 2 2 2 2 2 2 2 2
left_child=1 -1 3 -2 -4 -3 7 -7 -9 10 11 12 -8 -11
right_child=2 5 4 -5 -6 6 9 8 -10 13 -12 -13 -14 -15
leaf_value=-0.083443278301290752 0.0023941062436858419 0 0 -0.00053034440963499962 -0.0081122086611592568 -0.0032553068223634351 -0.016558003532009865 -0.0012567682487159379 0.00010580983910917497 -0.0010871509991692743 -0.070927178247260858 0.0056826365110929358 -0.00059598985448621833 0.00071234419446699552
leaf_weight=3173 38964 115719 89444 19222 730 5916 2186 3239 4796 5616 3023 2962 9600 38414
leaf_count=3173 38964 115719 89444 19222 730 5916 2186 3239 4796 5616 3023 2962 9600 38414
internal_value=-0.000700983 -0.0021247 0.00116689 0.00459629 -0.00104598 -0.00166041 -0.00425283 -0.0164375 -0.00842813 -0.00150224 -0.00834843 -0.00368864 -0.00793484 0.00126096
internal_weight=343004 194644 148360 58186 90174 191471 75752 13951 8035 61801 17771 14748 11786 44030
internal_count=343004 194644 148360 58186 90174 191471 75752 13951 8035 61801 17771 14748 11786 44030
is_linear=0
shrinkage=0.04


Tree=50
num_leaves=15
num_cat=0
split_feature=3 10 10 11 11 11 1 3 13 10 15 13 0 10
split_gain=523.606 1722.6 688.244 747.978 580.133 531.163 1428.11 775.394 630.18 553.678 486.043 453.129 435.081 435.065
threshold=24.851730500000006 -27.475161206963467 -21.581356495178095 43.648533564424547 24.566800029051347 20.131027427914066 3.974873501655197 14.208550500000001 268.7841962257441 -14.890500984218724 4.8872795136250327 260.42522452097228 12.350074815892842 -10.805620115447033
decision_type=2 2 2 2 2 2 2 2 2 2 2 2 2 2
left_child=1 -1 3 10 -4 13 -7 9 11 -8 -2 -9 -11 -3
right_child=2 5 4 -5 -6 6 7 8 -10 12 -12 -13 -14 -15
leaf_value=-0.1125887914078879 0.0077466808772927885 0.0020391148444753103 0 -0.00044692810929306215 -0.0012847707678234333 -0.0070074180180746083 -0.0876648382029417 0.00017713507077849854 0.00029031226872012426 -0.0014058261932447581 0.0022017513251087239 -0.0021270786097684589 -0.048378121984244536 0
leaf_weight=2179 2746 7728 79274 18385 12397 3168 1654 1652 33112 6141 29208 3269 776 141082
leaf_count=2179 2746 7728 79274 18385 12397 3168 1654 1652 33112 6141 29208 3269 776 141082
internal_value=-0.000670185 -0.00198505 0.00118865 0.00494646 -0.000874868 -0.00159692 -0.00517399 -0.00340743 -0.000958115 -0.014276 0.00864493 -0.0143142 -0.00930461 -0.000400511
internal_weight=342771 200761 142010 50339 91671 198582 49772 46604 38033 8571 31954 4921 6917 148810
internal_count=342771 200761 142010 50339 91671 198582 49772 46604 38033 8571 31954 4921 6917 148810
is_linear=0
shrinkage=0.04


Tree=51
num_leaves=15
num_cat=0
split_feature=9 14 2 0 9 2 2 2 13 13 3 10 2 14
split_gain=526.818 596.432 459.924 459.012 666.752 654.617 427.65 590.196 454.708 426.863 421.247 390.548 363.096 362.502
threshold=0.55176891310401743 0.21135727656717004 82.776764000000014 3.6274282120259298 0.00052953994667587223 87.115097000000006 109.83624300000001 69.597168000000025 228.57383096747418 268.32281790025485 4.6813965000000008 -46.360232887572799 58.934145000000008 0.22601595510611858
decision_type=2 2 2 2 2 2 2 2 2 2 2 2 2 2
left_child=1 3 12 4 5 9 7 -5 -9 -1 -10 -2 -3 -13
right_child=11 2 -4 6 -6 -7 -8 8 10 -11 -12 13 -14 -15
leaf_value=0.00026180644598533922 0.0053017854812813662 6.0643639160398723e-05 -1.8665208521871924e-05 -0.0012900302463842574 -0.0025812112236699709 -0.005539525256773631 -0.0013556910013975349 -0.0042196380888338582 -0.012988260422168581 -0.00020861755449467641 0.00055716366855282969 0 0.0022089333355787329 0
leaf_weight=2609 4380 2480 13304 7552 2878 1035 26414 738 1003 26971 35872 207082 2958 7847
leaf_count=2609 4380 2480 13304 7552 2878 1035 26414 738 1003 26971 35872 207082 2958 7847
internal_value=-0.000709833 -0.00279581 0.00377761 -0.00396833 -0.00783328 -0.00610289 -0.00215985 0.000204583 0.00225348 -0.00500879 0.00287566 0.000467833 0.0135785 0.000226866
internal_weight=343123 123814 18742 105072 33493 30615 71579 45165 37613 29580 36875 219309 5438 214929
internal_count=343123 123814 18742 105072 33493 30615 71579 45165 37613 29580 36875 219309 5438 214929
is_linear=0
shrinkage=0.04


Tree=52
num_leaves=15
num_cat=0
split_feature=10 11 3 10 3 11 1 11 12 14 15 0 3 1
split_gain=500.261 755.249 656.165 514.679 1424.43 984.782 1347.24 478.121 740.896 471.585 446.445 405.594 366.904 507.065
threshold=-32.618526298808384 40.673170147241159 15.000312500000001 -15.76350769696492 18.601719500000005 21.399205079606336 3.8133381282595722 12.713199073380713 110.23584750391107 0.21135727656717004 5.0120371472499707 3.3040598555800758 35.766897500000006 38.831045743956416
decision_type=2 2 2 2 2 2 2 2 2 2 2 2 2 2
left_child=12 3 -3 4 -2 -5 -7 -6 -9 -8 -10 -4 13 -1
right_child=1 2 11 5 7 6 9 8 10 -11 -12 -13 -14 -15
leaf_value=0.0043868169907538878 -0.03588875358132252 -0.019761943166874209 0.015752348346875503 0 -0.0385645264714536 -0.0065924361613951959 -0.00087268607964266531 0.0061109683963902787 0.0017419317253747897 0.028196028177755707 0.00032961127286868766 -0.0021075283037378491 0.0028702416710829548 -0.10859998933740901
leaf_weight=1661 3608 2648 3242 218326 375 3568 23500 1942 13149 367 31874 17476 20536 928
leaf_count=1661 3608 2648 3242 218326 375 3568 23500 1942 13149 367 31874 17476 20536 928
internal_value=-0.000653263 -0.00106375 -0.00798767 -0.000518488 0.00314046 -0.00127701 -0.0084199 0.0049869 0.00534611 -0.00499267 0.00430269 -0.00559127 0.00502832 -0.00916184
internal_weight=343200 320075 23366 296709 50948 245761 27435 47340 46965 23867 45023 20718 23125 2589
internal_count=343200 320075 23366 296709 50948 245761 27435 47340 46965 23867 45023 20718 23125 2589
is_linear=0
shrinkage=0.04


Tree=53
num_leaves=15
num_cat=0
split_feature=10 11 3 10 3 11 1 14 11 12 15 15 12 13
split_gain=520.914 753.195 589.519 518.429 1246.7 947.993 1413.5 485.015 470.143 691.644 455.114 422.957 650.561 405.595
threshold=-32.618526298808384 40.673170147241159 15.000312500000001 -15.76350769696492 18.601719500000005 14.447495175357341 3.8133381282595722 0.21135727656717004 12.713199073380713 111.87285026083465 5.0120371472499707 4.4222012862499875 76.736279618188846 268.7841962257441
decision_type=2 2 2 2 2 2 2 2 2 2 2 2 2 2
left_child=-1 3 -3 4 -2 -5 11 13 -6 -10 -11 -7 -13 -8
right_child=1 2 -4 5 8 6 7 -9 9 10 -12 12 -14 -15
leaf_value=0.0024143207803899816 -0.034916431600200352 -0.018628925891325337 -0.0017095471443489326 0 -0.037643905575711907 -0.0064988286313318591 -0.0014386596169485969 0.011296149393190173 0.0057811291539827496 0.0017266309782740267 0.00031250937768574351 -0.00393667923619669 0.0087460194789074838 -0.00045797481945795493
leaf_weight=23110 3602 2656 20706 202428 370 2646 6819 952 2094 13160 31643 2222 509 30070
leaf_count=23110 3602 2656 20706 202428 370 2646 6819 952 2094 13160 31643 2222 509 30070
internal_value=-0.000617399 -0.0010364 -0.00795137 -0.000491577 0.00318386 -0.0012527 -0.00663057 -0.0039037 0.00491252 0.00526686 0.00421668 -0.0258211 -0.0147785 -0.00463119
internal_weight=342987 319877 23362 296515 50869 245646 43218 37841 47267 46897 44803 5377 2731 36889
internal_count=342987 319877 23362 296515 50869 245646 43218 37841 47267 46897 44803 5377 2731 36889
is_linear=0
shrinkage=0.04


Tree=54
num_leaves=15
num_cat=0
split_feature=9 11 11 2 11 11 12 14 10 2 0 11 2 12
split_gain=520.842 540.903 612.518 681.106 702.357 700.814 654.083 726.805 553.622 612.752 640.717 474.907 453.823 451.747
threshold=0.38566687845925235 1.0000000180025095e-35 40.278393343314541 53.18856250000001 5.344856383215963 3.3056686168666514 72.748233629733491 0.21021760849986634 -1.1428345067802768 74.034153000000018 9.0116471057232825 14.447495175357341 95.16140750000001 133.90624156893907
decision_type=2 2 2 2 2 2 2 2 2 2 2 2 2 2
left_child=1 8 3 4 -3 -5 11 13 9 -1 -11 -7 -9 -8
right_child=-2 2 -4 5 -6 6 7 12 -10 10 -12 -13 -14 -15
leaf_value=-0.002319627318916787 0 -7.6669378920595646e-05 -0.0049558368277620793 0.00035870038050735527 -0.0010535637794994086 -0.00013419895997105442 0.00010550436240754149 0.0029663702340774695 0.00068263356699695989 0.00099515579426755533 -0.013131809921574131 -0.0036342112369906112 0.00070148791669439106 -0.002067000989404405
leaf_weight=4511 232732 10531 7996 8156 3496 8455 38432 4405 725 2594 1536 2529 5482 11435
leaf_count=4511 232732 10531 7996 8156 3496 8455 38432 4405 725 2594 1536 2529 5482 11435
internal_value=-0.000652216 -0.0029165 -0.00206308 -0.00114893 -0.00927069 0.000295079 -0.000985043 0.000664056 -0.0121119 -0.0149288 -0.00379661 -0.0099563 0.0105715 -0.00130026
internal_weight=343015 110283 100917 92921 14027 78894 70738 59754 9366 8641 4130 10984 9887 49867
internal_count=343015 110283 100917 92921 14027 78894 70738 59754 9366 8641 4130 10984 9887 49867
is_linear=0
shrinkage=0.04


Tree=55
num_leaves=15
num_cat=0
split_feature=8 11 11 12 2 11 10 14 10 11 10 2 10 13
split_gain=482.662 486.595 570.543 1062.45 705.758 685.246 592.11 581.073 577.398 520.059 509.012 664.533 621.481 473.566
threshold=0.53130980135126771 1.0000000180025095e-35 2.6791923625359284 71.589449912925417 106.39326850000002 5.344856383215963 -3.6063447334603262 0.21135727656717004 -18.753934946076964 46.99801879507762 -1.3369084790899117 74.813641000000004 -12.231053445061447 354.50597489987246
decision_type=2 2 2 2 2 2 2 2 2 2 2 2 2 2
left_child=-1 10 -3 5 7 -4 -6 8 -5 -10 11 -2 -13 -14
right_child=1 2 3 4 6 -7 -8 -9 9 -11 -12 12 13 -15
leaf_value=0 -0.0023510906638955077 0.00020245576641113539 -5.3435424914562438e-05 0.0054228157629405953 -0.0010314638340453419 -0.0011572615683108313 -0.0054563692627378323 0.0021721621207215127 -2.2330918421081815e-06 -0.016808550590367594 0.00050901610674048249 -0.021303368024841573 -0.0022864507171898836 0.0021815699445861003
leaf_weight=226270 4392 12877 8440 2323 31585 9604 786 6269 34352 832 1007 862 958 2154
leaf_count=226270 4392 12877 8440 2323 31585 9604 786 6269 34352 832 1007 862 958 2154
internal_value=-0.000583816 -0.00267638 -0.00191131 -0.00299094 -0.000922952 -0.011718 -0.00540113 0.00238852 0.000504439 -0.000770805 -0.0114158 -0.0146498 -0.00279819 0.00552699
internal_weight=342711 116441 107068 94191 76147 18044 32371 43776 37507 35184 9373 8366 3974 3112
internal_count=342711 116441 107068 94191 76147 18044 32371 43776 37507 35184 9373 8366 3974 3112
is_linear=0
shrinkage=0.04


Tree=56
num_leaves=15
num_cat=0
split_feature=1 11 3 10 3 11 1 1 14 11 2 0 3 9
split_gain=460.751 632.536 609.668 501.107 1107.1 918.276 1287.17 457.537 457.312 409.6 584.084 378.243 425.489 377.701
threshold=33.185063889482095 40.673170147241159 15.000312500000001 -15.76350769696492 18.963624500000005 21.789031938589698 4.0736761578474843 19.992062648230661 0.21135727656717004 12.713199073380713 101.491112 8.5260071601500673 14.999899500000001 0.73948789184984565
decision_type=2 2 2 2 2 2 2 2 2 2 2 2 2 2
left_child=1 3 -3 4 7 -5 -7 11 -8 -6 -11 12 -1 -4
right_child=-2 2 13 5 9 6 8 -9 -10 10 -12 -13 -14 -15
leaf_value=-0.064467601353990295 0.0023620103203070486 -0.017051154798958319 -0.0022785384751094801 0 -0.034544961499810935 -0.0059671293689201399 -0.00080482186796018262 -0.090224740566502593 0.026557583135772736 0.0049402706410287397 0.00071701343225454017 -0.034081291370068642 0.0043881844441017483 0.00076271818535889545
leaf_weight=313 22096 2644 12464 219355 354 3782 22064 1356 379 4398 42513 1234 1263 8630
leaf_count=313 22096 2644 12464 219355 354 3782 22064 1356 379 4398 42513 1234 1263 8630
internal_value=-0.000550686 -0.00093556 -0.00721881 -0.000433385 0.00315685 -0.00118528 -0.00825929 -0.0166107 -0.00462149 0.00489919 0.00522266 -0.00740214 0.00558376 -0.00494927
internal_weight=342845 320749 23738 297011 51431 245580 26225 4166 22443 47265 46911 2810 1576 21094
internal_count=342845 320749 23738 297011 51431 245580 26225 4166 22443 47265 46911 2810 1576 21094
is_linear=0
shrinkage=0.04


Tree=57
num_leaves=15
num_cat=0
split_feature=1 11 3 10 3 11 1 15 12 11 12 13 0 3
split_gain=436.511 597.034 607.4 488.799 1008.65 880.027 1396.32 419.899 627.527 419.876 627.046 414.212 396.63 391.489
threshold=33.185063889482095 40.278393343314541 15.000312500000001 -15.76350769696492 18.429024500000001 14.447495175357341 3.895712535452208 4.4222012862499875 76.736279618188846 12.713199073380713 109.26679019879269 268.7841962257441 3.3040598555800758 13.496534000000002
decision_type=2 2 2 2 2 2 2 2 2 2 2 2 2 2
left_child=1 3 -3 4 -1 -5 7 -7 -9 -6 -11 -8 -4 -13
right_child=-2 2 12 5 9 6 11 8 -10 10 -12 13 -14 -15
leaf_value=-0.033559888277459642 0.0022692958522940966 -0.016881561839038994 0.010612961956354656 0 -0.032073666427269672 -0.0059479269677252204 -0.0013000502898575129 -0.0036142254514285065 0.008270729219065024 0.0056323023301216701 0.00078898329046655071 -0.0038090753620536144 -0.0018462236004043475 8.4016114649067275e-05
leaf_weight=3300 22153 2688 3648 202256 369 2629 6833 2269 547 1825 44949 5807 18564 24897
leaf_count=3300 22153 2688 3648 202256 369 2629 6833 2269 547 1825 44949 5807 18564 24897
internal_value=-0.00053896 -0.000914215 -0.00686265 -0.000413283 0.00317269 -0.00115088 -0.0063487 -0.0252782 -0.0145455 0.0046692 0.00500449 -0.00360285 -0.00468936 -0.00162064
internal_weight=342734 320581 24900 295681 50443 245238 42982 5445 2816 47143 46774 37537 22212 30704
internal_count=342734 320581 24900 295681 50443 245238 42982 5445 2816 47143 46774 37537 22212 30704
is_linear=0
shrinkage=0.04


Tree=58
num_leaves=15
num_cat=0
split_feature=9 11 11 2 11 11 12 14 11 12 1 2 12 10
split_gain=431.762 468.24 515.05 558.347 655.229 620.473 563.892 622.859 573.448 502.834 548.298 456.843 451.249 450.997
threshold=0.38566687845925235 45.880227329949996 1.0000000180025095e-35 53.18856250000001 3.3056686168666514 5.344856383215963 72.748233629733491 0.21021760849986634 14.061847080104501 133.90624156893907 3.8133381282595722 95.16140750000001 68.55400976377139 -1.3369084790899117
decision_type=2 2 2 2 2 2 2 2 2 2 2 2 2 2
left_child=1 2 13 5 12 -4 8 9 -6 -8 -11 -9 -5 -1
right_child=-2 -3 3 4 6 -7 7 11 -10 10 -12 -13 -14 -15
leaf_value=-0.0018998078649610207 0 -0.0051952821195927878 -7.2374194394430886e-05 0.00017577260783741805 -0.00010576197669000934 -0.00094447754794106469 9.6277764557346077e-05 0.0028754354115092949 -0.0034992609622176997 -0.0047429902039379203 -0.0015689083988217212 0.00046553390744529579 0.00084107664712163163 0.00048760671874604008
leaf_weight=8408 232799 4847 10495 6161 8361 3445 39773 4547 2824 866 11461 6033 1953 984
leaf_count=8408 232799 4847 10495 6161 8361 3445 39773 4547 2824 866 11461 6033 1953 984
internal_value=-0.000544675 -0.00260789 -0.00204841 -0.00117307 8.53877e-05 -0.00857389 -0.00109984 0.000376516 -0.00937327 -0.00142035 -0.00847895 0.00922495 0.010875 -0.0109881
internal_weight=342957 110158 105311 95919 81979 13940 73865 62680 11185 52100 12327 10580 8114 9392
internal_count=342957 110158 105311 95919 81979 13940 73865 62680 11185 52100 12327 10580 8114 9392
is_linear=0
shrinkage=0.04


Tree=59
num_leaves=15
num_cat=0
split_feature=9 11 11 12 11 12 1 3 1 15 12 10 2 1
split_gain=398.575 423.687 530.957 988.806 633.039 621.821 585.927 455.466 1003.86 478.254 433.221 425.992 459.167 596.353
threshold=0.47094312974799302 1.0000000180025095e-35 2.6791923625359284 71.589449912925417 6.1385674693344816 134.13002160947954 3.8133381282595722 15.000312500000001 13.696152190840561 2.7549546101249835 68.55400976377139 -1.0466610628088653 74.034153000000018 12.195797879640191
decision_type=2 2 2 2 2 2 2 2 2 2 2 2 2 2
left_child=1 11 10 4 -4 7 -7 8 -5 -9 -3 12 -1 -14
right_child=-2 2 3 5 -6 6 -8 9 -10 -11 -12 -13 13 -15
leaf_value=-0.0019722958606257319 0 8.086843770205895e-05 -7.3887062491636153e-05 -8.0345858021422796e-05 -0.0012803908620374082 -0.0045435671435866175 -0.0011534990129492453 -0.0040742995229464908 -0.058276784053605708 0.00057277901149869288 0.0006684830147618469 0.00062537687007679281 0.00065523203447708455 -0.018189315579972082
leaf_weight=4641 226268 10844 9851 15331 8140 856 19990 535 1693 38179 1999 621 3248 889
leaf_count=4641 226268 10844 9851 15331 8140 856 19990 535 1693 38179 1999 621 3248 889
internal_value=-0.000525817 -0.00242328 -0.0017107 -0.00274703 -0.0111856 -0.000764651 -0.00665835 0.00143959 -0.00401316 0.00383737 0.00592074 -0.0105671 -0.0128321 -0.00314237
internal_weight=343085 116817 107418 94575 17991 76584 20846 55738 17024 38714 12843 9399 8778 4137
internal_count=343085 116817 107418 94575 17991 76584 20846 55738 17024 38714 12843 9399 8778 4137
is_linear=0
shrinkage=0.04


Tree=60
num_leaves=15
num_cat=0
split_feature=1 3 14 1 9 13 13 9 2 14 14 12 3 12
split_gain=398.64 330.579 403.323 299.777 284.818 352.695 808.386 563.2 623.244 447.744 400.327 393.071 374.556 404.812
threshold=33.185063889482095 33.024982000000008 0.20924247074170185 36.432475039746485 0.36718358381762201 308.55072763694039 268.32281790025485 0.002549535925532143 172.49402600000005 0.16176218473511844 0.17304916140317197 68.55400976377139 60.499044500000004 58.389243716849698
decision_type=2 2 2 2 2 2 2 2 2 2 2 2 2 2
left_child=4 3 -3 -2 5 6 7 9 -9 -1 -8 12 13 -7
right_child=1 2 -4 -5 -6 11 10 8 -10 -11 -12 -13 -14 -15
leaf_value=-0.00090584641685997837 0.0082727045955947737 0.00047154756467843287 0.0045552851904134238 -0.15207006279262344 0 0.00013695850182976658 0.00017197990524938603 -0.002791688098131006 0.0024489338326461173 0.00075717360331044011 -0.0021124085686102224 2.2897030121558914e-05 0.0010659534541861062 -0.00031816288085425844
leaf_weight=984 551 11657 9307 577 214617 3640 1558 2189 505 4785 7732 62703 1074 21418
leaf_count=984 551 11657 9307 577 214617 3640 1558 2189 505 4785 7732 62703 1074 21418
internal_value=-0.000486226 0.00471121 0.00584621 -0.016383 -0.000843698 -0.00253387 -0.00768096 0.00126196 -0.0138382 0.0083134 -0.0158278 -0.00150526 -0.00562682 -0.00661825
internal_weight=343297 22092 20964 1128 321205 106588 17753 8463 2694 5769 9290 88835 26132 25058
internal_count=343297 22092 20964 1128 321205 106588 17753 8463 2694 5769 9290 88835 26132 25058
is_linear=0
shrinkage=0.04


Tree=61
num_leaves=15
num_cat=0
split_feature=1 11 3 1 3 11 1 1 11 3 11 13 13 0
split_gain=376.675 408.745 425.299 409.853 497.84 367.854 1363.99 598.67 1036.29 924.374 702.045 508.849 502.023 487.109
threshold=50.027349331327692 52.863872565849114 15.112178000000002 35.430570986193729 34.256252500000009 26.566726368644712 5.5420137999424579 9.4265199040228129 14.447495175357341 14.002198500000002 1.1631625246686659 515.31255052261804 583.60789811233519 12.671970150643647
decision_type=2 2 2 2 2 2 2 2 2 2 2 2 2 2
left_child=1 3 -3 5 -5 7 -7 8 -1 13 -11 -10 -12 -9
right_child=-2 2 -4 4 -6 6 -8 9 11 10 12 -13 -14 -15
leaf_value=0 0.0068536878792666593 -0.026745905688555175 -0.0030211383052009605 -0.10286777120775488 0.0032961820906021611 -0.0054803995219847189 -0.00045486811145506429 -0.0026593735916091215 -0.001317945304281758 -0.010724663813088087 0.00089447654816866872 -0.0051362364821386161 0.0033609754980728447 -0.067399524476389194
leaf_weight=196658 2316 1344 8700 753 10568 3247 60738 2375 8956 1562 38134 3079 3669 977
leaf_count=196658 2316 1344 8700 753 10568 3247 60738 2375 8956 1562 38134 3079 3669 977
internal_value=-0.000463804 -0.000573072 -0.0085225 -0.000331644 0.00714778 -0.000596753 -0.0033089 8.26906e-05 -0.000833569 0.00417578 0.00574011 -0.0122277 0.00672392 -0.0160621
internal_weight=343076 340760 10044 330716 11321 319395 63985 255410 208693 46717 43365 12035 41803 3352
internal_count=343076 340760 10044 330716 11321 319395 63985 255410 208693 46717 43365 12035 41803 3352
is_linear=0
shrinkage=0.04


Tree=62
num_leaves=15
num_cat=0
split_feature=1 11 3 1 3 11 1 1 12 11 13 11 1 3
split_gain=371.113 365.683 450.504 372.594 448.769 314.81 1239.18 597.216 432.539 430.067 553.17 411.098 897.296 395.495
threshold=50.027349331327692 52.863872565849114 15.112178000000002 35.430570986193729 33.331583000000009 26.875135075885044 5.5420137999424579 15.791266560455412 108.13139830339735 5.574245708042362 583.60789811233519 14.447495175357341 2.7420661219186209 14.999899500000001
decision_type=2 2 2 2 2 2 2 2 2 2 2 2 2 2
left_child=1 3 -3 5 -5 7 -7 11 -8 -9 13 -1 -13 -11
right_child=-2 2 -4 4 -6 6 8 9 -10 10 -12 12 -14 -15
leaf_value=0 0.0067760260812306274 -0.025676069461012967 -0.0028098269793077548 -0.11661299092690663 0.0031191084202992591 -0.0053355064119269581 0.0046751335856404916 -0.026743250938854754 -0.00058165060201171366 -0.072398114206644618 0.0076367304219709178 -0.0037561337595467272 -0.00041287175819493927 0.0010176554230779946
leaf_weight=202387 2295 1332 8687 624 10696 3057 2377 429 57817 361 1678 2816 26731 21768
leaf_count=202387 2295 1332 8687 624 10696 3057 2377 429 57817 361 1678 2816 26731 21768
internal_value=-0.000432001 -0.000539969 -0.00806867 -0.000311906 0.00681979 -0.000564647 -0.00309181 5.93356e-05 -0.00183008 0.006034 0.00674928 -0.000564988 -0.00497242 0.00507027
internal_weight=343055 340760 10019 330741 11320 319421 63251 256170 60194 24236 23807 231934 29547 22129
internal_count=343055 340760 10019 330741 11320 319421 63251 256170 60194 24236 23807 231934 29547 22129
is_linear=0
shrinkage=0.04


Tree=63
num_leaves=15
num_cat=0
split_feature=9 11 3 8 10 15 13 11 13 13 8 11 3 2
split_gain=351.892 454.933 412.15 409.759 407.627 404.042 437.508 783.326 629.627 356.229 484.761 339.698 399.707 430.229
threshold=0.38566687845925235 40.278393343314541 51.931405500000004 0.77474358007089272 -5.6286734728834498 6.439399022125003 688.62798463473371 12.355720527545339 669.07096523690564 502.68433582634469 0.18014106252422982 1.0000000180025095e-35 36.56279150000001 83.951454000000027
decision_type=2 2 2 2 2 2 2 2 2 2 2 2 2 2
left_child=1 2 11 -4 -3 6 8 -8 9 -2 -11 12 13 -1
right_child=5 4 3 -5 -6 -7 7 -9 -10 10 -12 -13 -14 -15
leaf_value=-0.0010458585055792369 0 -0.0026170207158203672 -0.0028647347687118917 0.0013670581862047272 -0.015044961062687002 0 0 -0.0065308767287677906 0.0064777539973883067 0 -0.0019210028462792661 -9.5570139006180625e-05 -0.0073257867520210912 0.0016079837787698859
leaf_weight=5532 143911 7077 604 5942 869 75356 2076 1258 1697 5063 3489 87080 967 2043
leaf_count=5532 143911 7077 604 5942 869 75356 2076 1258 1697 5063 3489 87080 967 2043
internal_value=-0.000485649 -0.00234884 -0.00163182 0.00807822 -0.0115681 0.000395448 -0.000757108 -0.015093 -0.000447068 -0.000716764 -0.00864827 -0.00229654 -0.00990869 -0.00681716
internal_weight=342964 110114 102168 6546 7946 232850 157494 3334 154160 152463 8552 95622 8542 7575
internal_count=342964 110114 102168 6546 7946 232850 157494 3334 154160 152463 8552 95622 8542 7575
is_linear=0
shrinkage=0.04


Tree=64
num_leaves=15
num_cat=0
split_feature=10 11 3 1 11 3 1 11 11 13 13 15 12 12
split_gain=350.6 394.655 425.596 280.763 1447.26 902.054 847.867 555.422 560.328 747.309 547.503 418.596 554.508 401.936
threshold=-46.360232887572799 52.863872565849114 15.112178000000002 11.042083002248461 14.447495175357341 13.496534000000002 3.895712535452208 28.688385790667031 2.8281319179282565 583.60789811233519 536.41543727593194 4.4222012862499875 80.251114817627382 105.97823981987422
decision_type=2 2 2 2 2 2 2 2 2 2 2 2 2 2
left_child=-1 3 -3 4 -2 -5 11 8 -7 10 -10 -6 -13 -8
right_child=1 2 -4 5 6 7 13 -9 9 -11 -12 12 -14 -15
leaf_value=0.0043397618601973536 0 -0.024288117234832391 -0.0029285283200891766 -0.030048578886971895 -0.0049654148272169057 -0.012024839085499957 3.0577560326395182e-05 -0.00015875644325044749 0.0010629089500091627 0.0051145106660428329 -0.001011406380926731 -0.0031130215385488042 0.010599354317917569 -0.0019947411024562162
leaf_weight=4426 199718 1340 7914 2557 2610 1241 7942 60470 37672 3310 2935 2556 434 8100
leaf_count=4426 199718 1340 7914 2557 2610 1241 7942 60470 37672 3310 2935 2556 434 8100
internal_value=-0.000412441 -0.000558561 -0.00870542 -0.000329788 -0.00114601 0.0013403 -0.0109713 0.00190858 0.00526507 0.00601407 0.00452434 -0.0243714 -0.0141538 -0.00629348
internal_weight=343225 338799 9254 329545 221360 108185 21642 105628 45158 43917 40607 5600 2990 16042
internal_count=343225 338799 9254 329545 221360 108185 21642 105628 45158 43917 40607 5600 2990 16042
is_linear=0
shrinkage=0.04


Tree=65
num_leaves=15
num_cat=0
split_feature=1 11 3 1 3 11 1 1 3 11 11 13 1 12
split_gain=346.23 335.442 431.095 355.263 445.865 269.811 1265.39 502.552 924.226 798.502 616.199 730.217 599.845 593.494
threshold=50.027349331327692 52.863872565849114 15.112178000000002 35.430570986193729 33.331583000000009 26.566726368644712 5.5420137999424579 11.609251106093916 14.002198500000002 14.447495175357341 2.8281319179282565 583.60789811233519 2.7420661219186209 105.97823981987422
decision_type=2 2 2 2 2 2 2 2 2 2 2 2 2 2
left_child=1 3 -3 5 -5 7 -7 9 -9 -1 -10 -12 -11 -14
right_child=-2 2 -4 4 -6 6 -8 8 10 12 11 -13 13 -15
leaf_value=0 0.0062009649002392961 -0.023686131122257766 -0.00265385373655004 -0.11647805803347711 0.0029382256385347316 -0.0049439530022200428 -0.00035440604195346895 -0.028384724692025146 -0.013150648462448612 -0.0034061973764834465 0.0009285753306841456 0.0077712403302222467 0.00038396318873641449 -0.0018036799114682098
leaf_weight=200349 2337 1322 8757 614 10649 3256 60742 2492 1027 2737 33762 1922 7267 6026
leaf_count=200349 2337 1322 8757 614 10649 3256 60742 2492 1027 2737 33762 1922 7267 6026
internal_value=-0.000401446 -0.000506626 -0.00769521 -0.000287629 0.00669449 -0.0005337 -0.00285634 4.78907e-05 0.00421498 -0.000707093 0.00581515 0.00669432 -0.00929757 -0.0057865
internal_weight=343259 340922 10079 330843 11263 319580 63998 255582 39203 216379 36711 35684 16030 13293
internal_count=343259 340922 10079 330843 11263 319580 63998 255582 39203 216379 36711 35684 16030 13293
is_linear=0
shrinkage=0.04


Tree=66
num_leaves=15
num_cat=0
split_feature=1 11 3 0 1 11 1 3 12 1 15 12 0 1
split_gain=319.491 495.944 554.237 368.746 354.167 1250.77 865.216 569.062 428.154 403.023 399.227 492.393 393.918 361.596
threshold=33.185063889482095 40.278393343314541 15.000312500000001 3.1023653460643019 11.042083002248461 14.447495175357341 3.895712535452208 13.496534000000002 105.97823981987422 6.1631719362104223 4.4222012862499875 76.736279618188846 12.002730159863008 13.922959794807237
decision_type=2 2 2 2 2 2 2 2 2 2 2 2 2 2
left_child=1 4 -3 -4 5 -1 10 12 9 -8 -7 -12 13 -6
right_child=-2 2 3 -5 7 6 8 -9 -10 -11 11 -13 -14 -15
leaf_value=0 0.0018077433292094925 -0.012937932566183315 0.011598232848997126 -0.0016280458918967555 0.0024095026321438295 -0.0046646313161025276 -0.0024177620100937647 0.00051760008044734183 -0.0018636418698978179 0.0017650664324376814 -0.0028183879369361453 0.0077669185094793878 -0.059745243843542774 -0.045928060068556563
leaf_weight=199403 22207 2676 3347 18767 827 2633 3093 73314 8106 4341 2249 550 885 544
leaf_count=199403 22207 2676 3347 18767 827 2633 3093 73314 8106 4341 2249 550 885 544
internal_value=-0.000369159 -0.000690414 -0.00612505 -0.0040445 -0.000235179 -0.00104549 -0.0103376 0.00212783 -0.00553411 0.00139898 -0.0240795 -0.013562 -0.0176596 -0.00423049
internal_weight=342942 320735 24790 22114 295945 220375 20972 75570 15540 7434 5432 2799 2256 1371
internal_count=342942 320735 24790 22114 295945 220375 20972 75570 15540 7434 5432 2799 2256 1371
is_linear=0
shrinkage=0.04


Tree=67
num_leaves=15
num_cat=0
split_feature=9 11 10 3 8 15 13 11 13 11 11 0 12 11
split_gain=310.246 409.102 426.579 415.257 401.464 367.127 440.354 781.667 567.277 318.494 414.403 811.342 486.572 399.27
threshold=0.38566687845925235 40.278393343314541 -5.6286734728834498 51.931405500000004 0.77474358007089272 6.439399022125003 688.62798463473371 12.355720527545339 669.07096523690564 1.0000000180025095e-35 2.6791923625359284 0.95031687351543792 68.55400976377139 14.061847080104501
decision_type=2 2 2 2 2 2 2 2 2 2 2 2 2 2
left_child=1 3 -3 9 -5 6 8 -8 -2 -1 12 -12 -11 -13
right_child=5 2 -4 4 -6 -7 7 -9 -10 10 11 13 -14 -15
leaf_value=-0.0010594060755758823 0 -0.0023407181317533611 -0.013719115373423 -0.0028775386832650828 0.0013871572886323081 0 0 -0.0057481919188249629 0.005585734570665829 6.4408652076344348e-05 -0.00031888354903102215 0.00013776274256925957 0.00063209375623629019 -0.00066479919403148846
leaf_weight=8555 152573 7067 878 587 5925 75246 2078 1253 1686 10366 8119 22273 2015 44331
leaf_count=8555 152573 7067 878 587 5925 75246 2078 1253 1686 10366 8119 22273 2015 44331
internal_value=-0.000387226 -0.00213666 -0.0108798 -0.00145677 0.00831695 0.000440138 -0.000657402 -0.0150465 -0.00034669 -0.00212212 -0.00139879 -0.00252185 0.00537921 -0.0010666
internal_weight=342952 110116 7945 102171 6512 232836 157590 3331 154259 95659 87104 74723 12381 66604
internal_count=342952 110116 7945 102171 6512 232836 157590 3331 154259 95659 87104 74723 12381 66604
is_linear=0
shrinkage=0.04


Tree=68
num_leaves=15
num_cat=0
split_feature=1 11 1 3 3 11 1 1 11 3 0 13 11 15
split_gain=358.772 301.872 335.655 454.73 317.17 250.749 1193.51 462.974 929.123 684.862 554.744 542.559 531.643 617.717
threshold=50.027349331327692 54.21166465367191 35.430570986193729 33.63970650000001 15.112178000000002 26.566726368644712 5.4055831732303465 9.4265199040228129 14.447495175357341 14.002198500000002 12.462310257189307 515.31255052261804 1.1631625246686659 11.720497890624971
decision_type=2 2 2 2 2 2 2 2 2 2 2 2 2 2
left_child=1 2 5 -4 -3 7 -7 8 -1 10 -9 -10 -11 -14
right_child=-2 4 3 -5 -6 6 -8 9 11 12 -12 -13 13 -15
leaf_value=0 0.006029404464986377 -0.022170203533050211 -0.10277995186559097 0.0028947043618195913 -0.0029248083979579835 -0.0045510943726338668 -0.00033989209464815493 -0.0010507232901442076 -0.00097854278527165 -0.0084187193829897283 -0.057835812008877177 -0.0045216076990830445 0.00074207754514011236 0.0050427228061771454
leaf_weight=196760 2323 1078 703 10851 7632 3228 61716 2304 8995 1587 1061 3059 39520 2176
leaf_count=196760 2323 1078 703 10851 7632 3228 61716 2304 8995 1587 1061 3059 39520 2176
internal_value=-0.000358608 -0.000465436 -0.000272563 0.00642548 -0.0078163 -0.000514098 -0.00273343 5.01053e-05 -0.000754739 0.00365289 -0.0137296 -0.0115348 0.00500427 0.00586915
internal_weight=342993 340670 331960 11554 8710 320406 64944 255462 208814 46648 3365 12054 43283 41696
internal_count=342993 340670 331960 11554 8710 320406 64944 255462 208814 46648 3365 12054 43283 41696
is_linear=0
shrinkage=0.04


Tree=69
num_leaves=15
num_cat=0
split_feature=3 10 10 11 0 10 2 0 11 11 13 0 10 12
split_gain=294.88 1349.07 628.481 591.039 436.553 418.076 393.044 552.649 447.048 352.212 349.554 310.633 303.69 679.158
threshold=25.395358500000004 -29.108225407622214 -21.581356495178095 46.99801879507762 3.6748586778204499 -41.5913356545394 110.09468450000001 14.680098874482505 19.64389436513336 24.566800029051347 289.15636952549113 20.566338865300072 -6.2458548981208413 108.13139830339735
decision_type=2 2 2 2 2 2 2 2 2 2 2 2 2 2
left_child=1 -1 4 11 5 -2 8 -8 -6 -4 -7 -3 13 -11
right_child=2 3 9 -5 6 10 7 -9 -10 12 -12 -13 -14 -15
leaf_value=-0.131487363110419 -0.12685685296538346 0 0 -0.0088486953294620134 -0.0049453438708740608 -0.00095223466321730209 0.0012869608564279043 -0.0023141553312588294 0.005974193409444023 0.0055201593393609059 0.013909772794576915 -0.027573593141861041 -0.0058699464145335715 -0.0010776555877407138
leaf_weight=1533 396 200200 75196 5430 834 858 28052 7261 5942 1395 4571 1218 1019 9102
leaf_count=1533 396 200200 75196 5430 834 858 28052 7261 5942 1395 4571 1218 1019 9102
internal_value=-0.000367223 -0.00130991 0.00109191 -0.00103284 0.00476854 0.0150318 0.00334814 0.00165491 0.0121724 -0.000939662 0.017926 -0.000681766 -0.00745398 -0.00543012
internal_weight=343007 208381 134626 206848 47914 5825 42089 35313 6776 86712 5429 201418 11516 10497
internal_count=343007 208381 134626 206848 47914 5825 42089 35313 6776 86712 5429 201418 11516 10497
is_linear=0
shrinkage=0.04


Tree=70
num_leaves=15
num_cat=0
split_feature=9 15 13 11 13 11 10 3 8 13 8 0 12 11
split_gain=299.671 349.195 419.315 767.765 412.679 331.794 434.189 355.517 433.247 304.474 416.45 287.871 593.61 275.015
threshold=0.38566687845925235 6.439399022125003 688.62798463473371 12.355720527545339 669.07096523690564 40.480111174871212 -5.6286734728834498 55.000602500000007 0.77474358007089272 502.68433582634469 0.18014106252422982 1.4753176502690593 109.26679019879269 1.0000000180025095e-35
decision_type=2 2 2 2 2 2 2 2 2 2 2 2 2 2
left_child=5 2 4 -4 9 7 -7 13 -9 -2 -11 -3 -13 -1
right_child=1 11 3 -5 -6 6 -8 8 -10 10 -12 12 -14 -15
leaf_value=-0.0010051497877046579 0 0 0 -0.0053428301269017302 0.0048414032860697245 -0.0021700320793168739 -0.012961093042168971 -0.002964233135579657 0.0012753775341769458 0 -0.001832981027343782 0.0049139187191406314 0.0012953786946531059 -9.180018467341108e-05
leaf_weight=8579 143896 39079 2077 1218 1681 6962 849 565 5701 5025 3485 1853 34433 87601
leaf_count=8579 143896 39079 2077 1218 1681 6962 849 565 5701 5025 3485 1853 34433 87601
internal_value=-0.000408508 0.000405247 -0.000666912 -0.014786 -0.000364989 -0.0021263 -0.010073 -0.00152041 0.00771146 -0.000582392 -0.0079342 0.0026442 0.00520972 -0.00212185
internal_weight=343004 232747 157382 3295 154087 110257 7811 102446 6266 152406 8510 75365 36286 96180
internal_count=343004 232747 157382 3295 154087 110257 7811 102446 6266 152406 8510 75365 36286 96180
is_linear=0
shrinkage=0.04


Tree=71
num_leaves=15
num_cat=0
split_feature=1 11 12 11 1 11 1 1 11 1 9 13 12 11
split_gain=308.458 278.781 316.006 255.888 242.767 232.444 1124.83 405.866 921.483 517.248 438.072 499.16 394.423 337.838
threshold=48.186467165172623 52.863872565849114 93.120227699661527 61.380817138695015 35.430570986193729 26.566726368644712 5.4055831732303465 9.4265199040228129 14.447495175357341 0.83589605046469695 0.47094312974799302 602.77527870826805 108.13139830339735 2.3558244329090168
decision_type=2 2 2 2 2 2 2 2 2 2 2 2 2 2
left_child=1 4 -3 -4 5 7 -7 8 -1 -10 13 -12 -8 -9
right_child=-2 2 3 -5 -6 6 12 10 9 -11 11 -13 -14 -15
leaf_value=0 0.0047630890705220351 -0.019467939967465129 -0.0046886114685329395 0.0031284010675785645 0.0019780038551426827 -0.004225104168300838 0.0043014202079475683 -0.0073941934219404603 -0.0049685549121685595 -0.0011417271613748451 0.001047729906432277 0.004384097773105557 -0.00045877736796039154 0.00024480278681693861
leaf_weight=196713 3060 497 6955 2313 10785 3160 2500 1846 1243 10820 16415 1936 58122 26439
leaf_count=196713 3060 497 6955 2313 10785 3160 2500 1846 1243 10820 16415 1936 58122 26439
internal_value=-0.000381559 -0.000495432 -0.00715617 -0.00548986 -0.000298322 -0.000497754 -0.0026578 4.16582e-05 -0.000711959 -0.0114433 0.00341539 0.00822843 -0.00144502 0.000292735
internal_weight=342804 339744 9765 9268 329979 319194 63782 255412 208776 12063 46636 18351 60622 28285
internal_count=342804 339744 9765 9268 329979 319194 63782 255412 208776 12063 46636 18351 60622 28285
is_linear=0
shrinkage=0.04


Tree=72
num_leaves=15
num_cat=0
split_feature=1 11 3 1 3 11 1 12 1 3 11 1 11 15
split_gain=302.752 272.686 303.422 266.606 379.051 218.357 1087.55 377.298 376.109 805.96 723.382 605.161 516.674 574.663
threshold=50.027349331327692 54.21166465367191 15.112178000000002 35.430570986193729 33.63970650000001 26.566726368644712 5.5420137999424579 108.13139830339735 11.609251106093916 14.002198500000002 14.447495175357341 0.83589605046469695 2.8281319179282565 9.8967739006249946
decision_type=2 2 2 2 2 2 2 2 2 2 2 2 2 2
left_child=1 3 -3 5 -5 8 -7 -8 10 -10 -1 -12 -11 -14
right_child=-2 2 -4 4 -6 6 7 -9 9 12 11 -13 13 -15
leaf_value=0 0.0053992765663177919 -0.020021317513968996 -0.0027093391411891388 -0.098990550635714561 0.0025243254222108449 -0.0041078586086348099 0.0042907674518821758 -0.00044226396037463255 -0.024084411179322696 -0.011100733701232582 -0.0047625772857769122 -0.00083005640821975707 0.0008374393632916467 0.0075977259506667385
leaf_weight=200069 2354 1091 7654 702 10848 3260 2490 59146 2497 1046 1250 14776 33909 1634
leaf_count=200069 2354 1091 7654 702 10848 3260 2490 59146 2497 1046 1250 14776 33909 1634
internal_value=-0.000361922 -0.00046079 -0.00743282 -0.000276938 0.00569351 -0.000492382 -0.0025641 -0.00137322 3.44853e-05 0.00364529 -0.000618617 -0.00879571 0.00514581 0.00596123
internal_weight=342726 340372 8745 331627 11550 320077 64896 61636 255181 39086 216095 16026 36589 35543
internal_count=342726 340372 8745 331627 11550 320077 64896 61636 255181 39086 216095 16026 36589 35543
is_linear=0
shrinkage=0.04


Tree=73
num_leaves=15
num_cat=0
split_feature=1 11 3 2 11 0 3 2 9 3 9 0 11 14
split_gain=294.154 255.142 303.168 221.944 882.557 1170.06 471.886 471.936 469.117 468.607 422.487 407.527 1204.33 348.794
threshold=50.027349331327692 54.21166465367191 15.112178000000002 68.607055500000016 7.1984945652309227 0.97859531199407701 4.6002795000000001 108.452263 0.38566687845925235 12.822675000000002 0.58936140814972182 2.306551988212076 2.1486026637177615 0.16395406352455358
decision_type=2 2 2 2 2 2 2 2 2 2 2 2 2 2
left_child=1 3 -3 4 11 -6 -5 8 13 -7 -9 -1 -13 -8
right_child=-2 2 -4 6 5 9 7 10 -10 -11 -12 12 -14 -15
leaf_value=0 0.0051656204306886715 -0.019914769660465917 -0.0025638184071811467 -0.0067289887770518187 -0.002332174141749601 0.0029465073000476132 -0.0033804233012122067 -0.00075870938005945742 0.0026424940351095385 -0.00084348405297818198 0 -0.0034205031975906015 0.0007151944801221089 0.00032566814966790067
leaf_weight=83183 2320 1092 7649 1413 3894 2696 698 36204 7653 7726 138714 2921 1683 44924
leaf_count=83183 2320 1092 7649 1413 3894 2696 698 36204 7653 7726 138714 2921 1683 44924
internal_value=-0.000401669 -0.000498399 -0.00724402 -0.000320642 -0.00187223 -0.0110813 0.000369328 0.000512023 0.00380817 -0.00409135 -0.000491888 -0.000370442 -0.0119548 0.00227083
internal_weight=342770 340450 8741 331709 102103 14316 229606 228193 53275 10422 174918 87787 4604 45622
internal_count=342770 340450 8741 331709 102103 14316 229606 228193 53275 10422 174918 87787 4604 45622
is_linear=0
shrinkage=0.04


Tree=74
num_leaves=15
num_cat=0
split_feature=1 11 1 11 14 11 13 11 11 11 14 9 3 14
split_gain=266.421 223.422 283.329 269.194 212.95 1015.04 277.793 257.9 326.673 255.994 227.788 325.965 275.838 340.803
threshold=48.186467165172623 54.21166465367191 11.609251106093916 61.380817138695015 0.23320872121670802 12.355720527545339 642.89807683317133 8.7284361891675371 2.5901203389456877 1.649443697890661 0.21135727656717004 0.25017296151418322 55.000602500000007 0.20681441716486695
decision_type=2 2 2 2 2 2 2 2 2 2 2 2 2 2
left_child=1 4 -3 -4 6 -6 10 8 9 -8 11 12 13 -1
right_child=-2 2 3 -5 5 -7 7 -9 -10 -11 -12 -13 -14 -15
leaf_value=-0.00014197454755972589 0.0040183442676167344 -0.018601398058890002 -0.0044252196800095966 0.0033543483016772735 0 -0.0046523300143895795 0 0.0019193813573909657 -0.0003805463600675907 0.00034104098812414162 0 0 0.0023637496161337747 -0.00064766521079060975
leaf_weight=68933 3071 552 5690 2232 5452 1245 2592 6070 511 385 38120 192929 2482 12706
leaf_count=68933 3071 552 5690 2232 5452 1245 2592 6070 511 385 38120 192929 2482 12706
internal_value=-0.000409948 -0.000515918 -0.00692943 -0.00499874 -0.000351935 -0.00741227 -0.000206327 0.00651182 -0.00215596 0.00291569 -0.000410064 -0.000808951 -0.00288679 -0.00328617
internal_weight=342970 339899 8474 7922 331425 6697 324728 9558 3488 2977 315170 277050 84121 81639
internal_count=342970 339899 8474 7922 331425 6697 324728 9558 3488 2977 315170 277050 84121 81639
is_linear=0
shrinkage=0.04


Tree=75
num_leaves=15
num_cat=0
split_feature=1 13 11 1 14 11 2 13 15 12 11 14 0 2
split_gain=277.914 218.86 609.656 625.435 293.452 296.426 273.418 258.131 245.926 239.326 1074.97 788.166 372.081 389.005
threshold=50.027349331327692 289.15636952549113 13.679671150656231 3.974873501655197 0.18056961931331353 1.649443697890661 177.54484550000004 282.46392299658419 5.0652028063750416 66.369411949604554 5.574245708042362 0.21021760849986634 6.3803630894693439 76.05765150000002
decision_type=2 2 2 2 2 2 2 2 2 2 2 2 2 2
left_child=1 2 7 -4 5 -3 -5 -1 -7 10 12 -12 13 -6
right_child=-2 4 3 6 9 8 -8 -9 -10 -11 11 -13 -14 -15
leaf_value=0 0.0049045135654279337 0 -0.0026671333349114006 -0.0010787261473818367 0 0.002647152277091145 0.00087162472633310476 -0.00075425195065430002 -0.00031274432370935966 0 -0.0013412671514852234 0.0015433308766790944 -0.0070341951430384084 0.0010377373656084879
leaf_weight=33835 2327 8255 2037 15623 26004 7179 941 884 1157 236293 5020 694 373 2122
leaf_count=33835 2327 8255 2037 15623 26004 7179 941 884 1157 236293 5020 694 373 2122
internal_value=-0.000385827 -0.00048 -0.00283346 -0.00867695 -4.29123e-05 0.00512085 -0.00610481 0.000297244 0.0104415 -0.000359622 -0.00348639 -0.019321 -0.00031159 0.000214748
internal_weight=342744 340417 53320 18601 287097 16591 16564 34719 8336 270506 34213 5714 28499 28126
internal_count=342744 340417 53320 18601 287097 16591 16564 34719 8336 270506 34213 5714 28499 28126
is_linear=0
shrinkage=0.04


Tree=76
num_leaves=15
num_cat=0
split_feature=1 11 3 14 11 13 11 11 11 9 12 2 8 13
split_gain=242.74 240.574 345.459 216.779 1000.08 221.184 252.626 348.644 230.635 205.681 312.878 385.309 419.723 432.839
threshold=46.098956625965748 52.863872565849114 15.000312500000001 0.23320872121670802 12.355720527545339 642.89807683317133 8.7284361891675371 2.5901203389456877 1.649443697890661 0.35074999668237083 133.66866424280218 70.286045000000016 0.99902239380622027 515.31255052261804
decision_type=2 2 2 2 2 2 2 2 2 2 2 2 2 2
left_child=1 3 -3 5 -5 9 7 8 -7 10 11 12 -1 -14
right_child=-2 2 -4 4 -6 6 -8 -9 -10 -11 -12 -13 13 -15
leaf_value=-0.00091447717169228508 0.0030828273370045421 -0.017633212080192646 -0.0022413451561214969 0 -0.0044550612748691862 0 0.0018354329333209313 -0.0003995646799097028 0.00025401164353937663 0 -0.001552403680539092 0.00019810412154984267 -7.5116728698760299e-05 -0.0018682312560009389
leaf_weight=850 4531 1291 7859 5406 1231 2554 5567 502 384 210791 15540 48120 36130 2079
leaf_count=850 4531 1291 7859 5406 1231 2554 5567 502 384 210791 15540 48120 36130 2079
internal_value=-0.000360057 -0.000483234 -0.00688087 -0.000305389 -0.0074612 -0.000158131 0.00602198 -0.0025 0.00276378 -0.000335683 -0.00180337 -0.000871311 -0.00382293 -0.00320448
internal_weight=342835 338304 9150 329154 6637 322517 9007 3440 2938 313510 102719 87179 39059 38209
internal_count=342835 338304 9150 329154 6637 322517 9007 3440 2938 313510 102719 87179 39059 38209
is_linear=0
shrinkage=0.04


Tree=77
num_leaves=15
num_cat=0
split_feature=1 14 11 14 11 3 1 1 3 2 0 11 12 11
split_gain=225.047 218.302 1018 242.198 350.704 418.732 286.496 262.59 1202.74 383.204 401.711 341.412 1203.14 372.002
threshold=48.186467165172623 0.23320872121670802 12.355720527545339 0.21135727656717004 42.672427636020338 15.000312500000001 7.2685365940363988 19.386127306158961 19.296557000000004 109.83624300000001 15.138029610440904 4.8811881326391946 66.369411949604554 1.4069179835203147
decision_type=2 2 2 2 2 2 2 2 2 2 2 2 2 2
left_child=1 3 -3 4 7 -6 -7 11 -9 -10 -11 13 -13 -1
right_child=-2 2 -4 -5 5 6 -8 8 9 10 -12 12 -14 -15
leaf_value=0 0.0036510803958604795 0 -0.0042914818954730392 0 -0.013023063208305001 -0.013510915202398638 -0.0013159958414574004 -0.060002399209377853 0.0040408698402543087 0.0013300778703440558 -0.0032281740569103726 -0.00093245717708114796 -0.00019317167455557436 0.00012026278960435257
leaf_weight=135727 3044 5412 1259 45216 2230 583 18038 2147 6608 24767 4361 6014 71959 15556
leaf_count=135727 3044 5412 1259 45216 2230 583 18038 2147 6608 24767 4361 6014 71959 15556
internal_value=-0.000341536 -0.000438512 -0.00760306 -0.000295073 -0.000722386 -0.00571867 -0.00375705 -0.000332411 0.00275269 0.00449966 0.00252678 -0.000842203 -0.00299232 0.000265992
internal_weight=342921 339877 6671 333206 287990 20851 18621 267139 37883 35736 29128 229256 77973 151283
internal_count=342921 339877 6671 333206 287990 20851 18621 267139 37883 35736 29128 229256 77973 151283
is_linear=0
shrinkage=0.04


Tree=78
num_leaves=15
num_cat=0
split_feature=1 14 11 13 11 14 11 1 3 1 8 12 14 2
split_gain=230.821 221.313 1024.61 260.905 251.081 224.94 301.532 391.44 291.252 361.456 238.106 342.306 354.501 320.09
threshold=50.027349331327692 0.23320872121670802 12.355720527545339 642.89807683317133 10.202080632683939 0.21135727656717004 42.672427636020338 6.4131288388078778 15.000312500000001 15.936850219379966 0.75944300149775457 144.35837786785387 0.17495902990765722 76.05765150000002
decision_type=2 2 2 2 2 2 2 2 2 2 2 2 2 2
left_child=1 3 -3 5 -5 6 10 -8 9 -9 -1 13 -13 -12
right_child=-2 2 -4 4 -6 -7 7 8 -10 -11 11 12 -14 -15
leaf_value=0 0.0043480385927109899 0 -0.004112870049185609 0 0.0019648026931884744 0 -0.012544891265031492 -0.00029006329858020208 -0.0012446038218650835 -0.053285925304705516 -0.00017074994210839552 -0.0024406207133611767 -0.00085906993215669348 0.00017316566455878715
leaf_weight=182523 2337 5429 1267 3867 5818 39087 873 913 18457 1016 40393 1785 2436 36747
leaf_count=182523 2337 5429 1267 3867 5818 39087 873 913 18457 1016 40393 1785 2436 36747
internal_value=-0.000324364 -0.000410321 -0.00761051 -0.000265936 0.00620341 -0.00045918 -0.000849258 -0.00543205 -0.00430884 -0.019098 -0.000480059 -0.00227972 -0.0133712 -0.0016728
internal_weight=342948 340611 6696 333915 9685 324230 285143 21259 20386 1929 263884 81361 4221 77140
internal_count=342948 340611 6696 333915 9685 324230 285143 21259 20386 1929 263884 81361 4221 77140
is_linear=0
shrinkage=0.04


Tree=79
num_leaves=15
num_cat=0
split_feature=14 11 14 11 1 1 3 11 12 0 0 3 8 1
split_gain=225.608 1017.19 288.026 367.011 960.159 390.117 293.072 283.725 307.985 266.927 233.094 775.552 424.408 260.908
threshold=0.23320872121670802 12.355720527545339 0.21021760849986634 26.875135075885044 5.5420137999424579 18.427366157444165 19.296557000000004 19.908428181365988 98.31529308546429 2.0103459919769597 13.691278076197369 15.954180000000003 0.99825064101780503 11.609251106093916
decision_type=2 2 2 2 2 2 2 2 2 2 2 2 2 2
left_child=2 -2 3 5 9 10 -7 -4 -9 -5 13 -12 -13 -1
right_child=1 -3 7 4 -6 6 -8 8 -10 -11 11 12 -14 -15
leaf_value=0 0 -0.0039553078176866952 0 0.00023169821565676595 -0.00055779499079383849 -0.055203660869924454 0.0019116238901846772 0.013175308250872439 0.0011807390063308288 -0.0045474667630225367 -0.044504926998328989 -0.002271801623597693 0.0060130952932484338 0.00066910123179960541
leaf_weight=178510 5442 1255 35020 485 63493 700 13757 886 20830 2795 1731 747 1579 15905
leaf_count=178510 5442 1255 35020 485 63493 700 13757 886 20830 2795 1731 747 1579 15905
internal_value=-0.000267999 -0.0075377 -0.000123292 -0.000650407 -0.00323784 0.000160993 0.00650481 0.00247532 0.00606742 -0.0243415 -0.0003011 -0.00979049 0.00529665 -0.000103078
internal_weight=343135 6697 336438 279702 66773 212929 14457 56736 21716 3280 198472 4057 2326 194415
internal_count=343135 6697 336438 279702 66773 212929 14457 56736 21716 3280 198472 4057 2326 194415
is_linear=0
shrinkage=0.04


Tree=80
num_leaves=15
num_cat=0
split_feature=14 11 14 11 10 10 3 3 0 10 10 11 15 15
split_gain=223.025 1007 251.815 347.843 971.861 360.627 749.218 544.866 953.965 747.185 469.172 401.183 376.979 374.783
threshold=0.23320872121670802 12.355720527545339 0.21021760849986634 26.566726368644712 -6.2458548981208413 -11.60354355501641 14.002198500000002 17.220702000000003 14.084872404612256 -14.149586377017878 -12.608149719772756 14.447495175357341 7.8595107582499688 7.5518605999999986
decision_type=2 2 2 2 2 2 2 2 2 2 2 2 2 2
left_child=2 -2 3 5 -5 6 10 8 -8 -9 -1 -7 13 -13
right_child=1 -3 -4 4 -6 11 7 9 -10 -11 -12 12 -14 -15
leaf_value=-0.043417657992676849 0 -0.0037970955049792267 0 -0.00049503409357329114 -0.0036584438674936784 0 0.0064282619263474781 0.0011269983678571112 -0.023904666366263302 -0.001332761792517824 0.0038386363740907608 -0.0008439938409391173 0.0016567406687203949 -0.0049109371824002128
leaf_weight=1833 5423 1240 56644 63727 3681 165188 5769 20652 1024 4336 603 10373 1680 1007
leaf_count=1833 5423 1240 56644 63727 3681 165188 5769 20652 1024 4336 603 10373 1680 1007
internal_value=-0.000233347 -0.00748011 -8.98617e-05 -0.000582121 -0.00308569 0.000212176 0.00397346 0.00561216 0.0156573 0.00288138 -0.0174056 -0.000509851 -0.00725881 -0.00986995
internal_weight=343180 6663 336517 279873 67408 212465 34217 31781 6793 24988 2436 178248 13060 11380
internal_count=343180 6663 336517 279873 67408 212465 34217 31781 6793 24988 2436 178248 13060 11380
is_linear=0
shrinkage=0.04


Tree=81
num_leaves=15
num_cat=0
split_feature=14 11 14 11 1 1 3 0 3 0 1 10 11 3
split_gain=224.404 1006.93 243.9 327.427 944.03 347.141 714.235 640.026 618.854 714.994 678.513 471.983 395.689 343.51
threshold=0.23320872121670802 12.355720527545339 0.21021760849986634 26.875135075885044 5.5420137999424579 11.609251106093916 14.319600500000002 12.671970150643647 17.220702000000003 14.084872404612256 13.318420350299645 -14.336414532353144 14.447495175357341 15.954180000000003
decision_type=2 2 2 2 2 2 2 2 2 2 2 2 2 2
left_child=2 -2 3 5 -5 12 7 11 9 -8 -10 -7 -1 -11
right_child=1 -3 -4 4 -6 6 8 -9 10 13 -12 -13 -14 -15
leaf_value=0 0 -0.0036479780293640109 0 -0.003608131939069279 -0.00049944552974656438 -0.051722732978672109 0.0066256164073971863 -0.054353703465379856 -0.0014614293958773417 -0.038142050814575557 0.00098790069555178294 0.0048030272123557472 -0.0008480090974792193 0.007178669201891026
leaf_weight=165096 5394 1242 56560 3310 63448 581 5337 1159 3319 514 21940 1278 13334 416
leaf_count=165096 5394 1242 56560 3310 63448 581 5337 1159 3319 514 21940 1278 13334 416
internal_value=-0.000244483 -0.00752863 -0.000100746 -0.000585131 -0.00302945 0.000181055 0.00385132 -0.0147382 0.00563091 0.0168821 0.00283938 -0.000193653 -0.000529507 -0.0154839
internal_weight=342928 6636 336292 279732 66758 212974 34544 3018 31526 6267 25259 1859 178430 930
internal_count=342928 6636 336292 279732 66758 212974 34544 3018 31526 6267 25259 1859 178430 930
is_linear=0
shrinkage=0.04


Tree=82
num_leaves=15
num_cat=0
split_feature=14 11 14 11 1 0 1 3 1 1 12 15 13 3
split_gain=223.893 1014.8 244.116 296.182 890.483 306.205 302.328 284.786 339.874 263.042 249.067 331.268 253.95 446.12
threshold=0.23320872121670802 12.355720527545339 0.21021760849986634 26.566726368644712 5.5420137999424579 2.0589356613015095 18.427366157444165 25.878890500000001 28.364405480011708 30.691433619527775 110.23584750391107 4.6623337708749952 466.27196737977994 25.395358500000004
decision_type=2 2 2 2 2 2 2 2 2 2 2 2 2 2
left_child=2 -2 3 6 5 -5 -1 8 -8 -4 11 -6 13 -12
right_child=1 -3 9 4 10 -7 7 -9 -10 -11 12 -13 -14 -15
leaf_value=0 0 -0.0034958450309516874 0 0.00029173158315802137 -0.0043657327686028738 -0.0039197890124748891 0.00040999009139217003 0.0025520229131349606 -0.11009163867921473 0.002579057849671476 -0.0010226011267886715 0.0039500903095526438 -0.0016234539063674808 0.0012878922536496496
leaf_weight=198023 5417 1251 46237 547 321 2908 5705 8342 351 10371 28613 1849 16997 16029
leaf_count=198023 5417 1251 46237 547 321 2908 5705 8342 351 10371 28613 1849 16997 16029
internal_value=-0.000270468 -0.00752849 -0.000126556 -0.000611402 -0.0029246 -0.0227033 0.00012108 0.00571746 -0.000885073 0.00226894 -0.00185366 0.0114654 -0.00232256 -0.000738318
internal_weight=342961 6668 336293 279685 67264 3455 212421 14398 6056 56608 63809 2170 61639 44642
internal_count=342961 6668 336293 279685 67264 3455 212421 14398 6056 56608 63809 2170 61639 44642
is_linear=0
shrinkage=0.04


Tree=83
num_leaves=15
num_cat=0
split_feature=14 11 14 13 13 11 8 11 11 2 3 10 11 11
split_gain=228.105 1008.17 230.902 258.637 310.158 295.991 533.96 289.968 250.983 465.713 482.016 379.494 315.947 279.348
threshold=0.23320872121670802 12.355720527545339 0.21021760849986634 669.07096523690564 513.32521284928225 3.756297694650907 0.95665779578962618 2.5133175302346569 9.9216308263336277 93.074123500000013 94.324601500000014 -13.502870142235 46.259469560879616 19.76984555706748
decision_type=2 2 2 2 2 2 2 2 2 2 2 2 2 2
left_child=2 -2 3 4 -1 7 -7 -6 11 10 12 -4 -10 -11
right_child=1 -3 8 -5 5 6 -8 -9 9 13 -12 -13 -14 -15
leaf_value=0 0 -0.0033524904939050992 -0.011956017104936704 0.00097448438882481953 0 -0.00055180881207573499 -0.0035449531811411429 0.0014851427779227345 0.0074463517343467331 -0.0012478215524828356 -0.0018006755905482924 0 -0.0053902423153144819 0.0010923780841511817
leaf_weight=259390 5405 1245 434 3325 3898 10581 1734 515 3068 3360 380 28979 168 20081
leaf_count=259390 5405 1245 434 3325 3898 10581 1734 515 3068 3360 380 28979 168 20081
internal_value=-0.000212866 -0.00754887 -6.76366e-05 -0.000539072 -0.000672611 -0.0059517 -0.00913683 0.00293678 0.00226527 0.00504564 0.0184071 -0.000292388 0.0234116 0.00298451
internal_weight=342563 6650 335913 279443 276118 16728 12315 4413 56470 27057 3616 29413 3236 23441
internal_count=342563 6650 335913 279443 276118 16728 12315 4413 56470 27057 3616 29413 3236 23441
is_linear=0
shrinkage=0.04


Tree=84
num_leaves=15
num_cat=0
split_feature=14 11 14 11 1 12 15 10 0 11 2 10 14 9
split_gain=218.893 1001.23 228.761 272.073 828.732 309.317 398.916 303.128 264.74 251.773 445.732 393.091 300.859 286.279
threshold=0.23320872121670802 12.355720527545339 0.21021760849986634 26.875135075885044 6.4131288388078778 108.13139830339735 4.6623337708749952 -20.195038767491177 2.0103459919769597 9.9216308263336277 95.16140750000001 -13.502870142235 0.21850692549482056 0.70168620309101448
decision_type=2 2 2 2 2 2 2 2 2 2 2 2 2 2
left_child=2 -2 3 7 8 6 -6 -1 -5 11 12 -4 -11 -12
right_child=1 -3 9 4 5 -7 -8 -9 -10 10 13 -13 -14 -15
leaf_value=0.0022457444998629952 0 -0.0032394717343546932 -0.011532077444222513 0.00046301293467039263 -0.0038701044772947403 -0.00055281489352440702 0.0069821036997627511 0 -0.0038711516817289851 0.0055042789225726498 -0.00024098720805601381 0 -0.0015990597617872959 0.001900967589543383
leaf_weight=10077 5437 1230 452 479 231 61880 1088 202722 3080 3626 12767 28982 457 10235
leaf_count=10077 5437 1230 452 479 231 61880 1088 202722 3080 3626 12767 28982 457 10235
internal_value=-0.000232594 -0.00740963 -9.02177e-05 -0.000559457 -0.00278738 -0.00172977 0.0174375 0.000139474 -0.0215679 0.00223075 0.00501385 -0.00033023 0.0171932 0.00285193
internal_weight=342743 6667 336076 279557 66758 63199 1319 212799 3559 56519 27085 29434 4083 23002
internal_count=342743 6667 336076 279557 66758 63199 1319 212799 3559 56519 27085 29434 4083 23002
is_linear=0
shrinkage=0.04


Tree=85
num_leaves=15
num_cat=0
split_feature=14 11 14 11 1 1 3 3 0 1 0 3 11 3
split_gain=222.937 1002.16 210.197 238.473 868.132 289.635 704.27 451.996 766.397 585.084 446.26 368.852 365.752 370.536
threshold=0.23320872121670802 12.355720527545339 0.21021760849986634 26.875135075885044 5.4055831732303465 11.609251106093916 14.002198500000002 17.220702000000003 14.084872404612256 13.318420350299645 12.562629981948293 15.954180000000003 14.447495175357341 29.103087000000006
decision_type=2 2 2 2 2 2 2 2 2 2 2 2 2 2
left_child=2 -2 3 5 -5 12 10 8 -8 -9 -7 -10 -1 -14
right_child=1 -3 -4 4 -6 6 7 9 11 -11 -12 -13 13 -15
leaf_value=0 0 -0.0030982265719746971 0 -0.0031489744451159997 -0.00041422025479287975 -0.002291477585724263 0.0060416932260050462 -0.0013341096494869059 -0.042729096214274981 0.00088485546571726134 -0.052364823672632996 0.0072462343474579962 -0.0011251543010714919 0.0016101356509640758
leaf_weight=165127 5430 1234 56613 3233 63603 1449 5822 3311 633 21845 980 397 11869 1391
leaf_count=165127 5430 1234 56613 3233 63603 1449 5822 3311 633 21845 980 397 11869 1391
internal_value=-0.00021625 -0.00746098 -7.2679e-05 -0.000522635 -0.00260698 0.00013194 0.00349043 0.00506623 0.014174 0.00258547 -0.0172746 -0.0176311 -0.000516405 -0.00690799
internal_weight=342937 6664 336273 279660 66836 212824 34437 32008 6852 25156 2429 1030 178387 13260
internal_count=342937 6664 336273 279660 66836 212824 34437 32008 6852 25156 2429 1030 178387 13260
is_linear=0
shrinkage=0.04


Tree=86
num_leaves=15
num_cat=0
split_feature=14 11 14 11 1 10 3 1 3 3 1 15 13 1
split_gain=227.881 1012.89 199.644 238.443 819.518 280.738 519.544 282.699 279.493 259.048 421.534 275.715 311.462 387.377
threshold=0.23320872121670802 12.355720527545339 0.21021760849986634 26.875135075885044 5.5420137999424579 -20.195038767491177 23.718067000000005 24.944432858953839 18.963624500000005 14.319600500000002 9.0203089262511202 4.5215900242500036 466.27196737977994 17.358083295127894
decision_type=2 2 2 2 2 2 2 2 2 2 2 2 2 2
left_child=2 -2 3 5 -5 6 7 8 -1 10 -6 -11 13 -13
right_child=1 -3 -4 4 9 -7 -8 -9 -10 11 -12 12 -14 -15
leaf_value=-0.083747183408816386 0 -0.0029689687297367118 0 -0.003068950859650589 0.0060081786223707611 0 0.0030379100193414959 -0.068658457614122398 0.0034588829235020174 -0.0012788750664178229 -0.0079662725804089448 0.0023605802325147212 -0.001161303838430019 -0.00013469033050916271
leaf_weight=308 5432 1249 56524 3312 762 202784 7870 644 1303 1222 4048 7908 17484 32036
leaf_count=308 5432 1249 56524 3312 762 202784 7870 644 1303 1222 4048 7908 17484 32036
internal_value=-0.000204733 -0.00751983 -5.93685e-05 -0.000497567 -0.00258312 0.000156499 0.00665679 -0.0102705 -0.00131595 -0.00157075 -0.0104948 -0.000838875 -0.00043881 0.00151011
internal_weight=342886 6681 336205 279681 66772 212909 10125 2255 1611 63460 4810 58650 57428 39944
internal_count=342886 6681 336205 279681 66772 212909 10125 2255 1611 63460 4810 58650 57428 39944
is_linear=0
shrinkage=0.04


Tree=87
num_leaves=15
num_cat=0
split_feature=14 11 14 9 11 14 14 12 2 8 11 10 11 10
split_gain=229.072 1014.86 220.149 243.116 343.203 254.396 584.908 336.031 409.05 564.128 344.801 838.256 765.76 337.577
threshold=0.23320872121670802 12.355720527545339 0.21135727656717004 0.55176891310401743 46.259469560879616 0.20681441716486695 0.20766949380718766 133.66866424280218 73.016006500000017 0.99902239380622027 1.4069179835203147 -0.44088542220759569 2.5901203389456877 -1.7752738099137375
decision_type=2 2 2 2 2 2 2 2 2 2 2 2 2 2
left_child=2 -2 3 4 5 7 -7 8 9 -1 11 13 -12 -11
right_child=1 -3 -4 -5 -6 6 -8 -9 -10 10 12 -13 -14 -15
leaf_value=-0.0017510063170587378 0 -0.002842820947946665 0 0 -0.0056634968822080059 -0.0036935215810460155 -0.00021374152202166411 -0.00095768000371947387 0.00049175981870303173 -0.0025284270428304785 0.00041859408218822085 0.00029772207123880402 -8.0176671695830764e-05 -0.00017940191902676207
leaf_weight=1392 5424 1253 46652 184379 4097 1853 13264 17831 34840 3467 3789 1236 20664 2877
leaf_count=1392 5424 1253 46652 184379 4097 1853 13264 17831 34840 3467 3789 1236 20664 2877
internal_value=-0.000217831 -0.00755429 -7.21886e-05 -0.000482863 -0.00201614 -0.00155672 -0.00634253 -0.00071641 0.000560756 -0.00260045 -0.00151719 -0.00897098 0.000793359 -0.0148424
internal_weight=343018 6677 336341 289689 105310 101213 15117 86096 68265 33425 32033 7580 24453 6344
internal_count=343018 6677 336341 289689 105310 101213 15117 86096 68265 33425 32033 7580 24453 6344
is_linear=0
shrinkage=0.04


Tree=88
num_leaves=15
num_cat=0
split_feature=14 11 14 1 11 10 12 15 0 10 3 11 1 3
split_gain=224.633 1008.21 200.661 232.771 218.111 786.485 304.717 382.246 268.373 254.506 487.626 233.323 220.577 271.34
threshold=0.23320872121670802 12.355720527545339 0.21021760849986634 30.691433619527775 26.875135075885044 -6.2458548981208413 108.13139830339735 4.6623337708749952 2.0103459919769597 -20.195038767491177 23.718067000000005 17.703870926110408 24.944432858953839 19.296557000000004
decision_type=2 2 2 2 2 2 2 2 2 2 2 2 2 2
left_child=2 -2 4 -4 9 6 7 -6 -7 10 12 -12 13 -1
right_child=1 -3 3 -5 5 8 -8 -9 -10 -11 11 -13 -14 -15
leaf_value=-0.076254115655516624 0 -0.002736497142629375 0 0.0023636107832314709 -0.0039505368313447597 0.00069401753911111361 -0.00048298006274119428 0.0071940626229958287 -0.0035369608305437826 0 -0.0078314978230441049 0.0031236001760113542 -0.065717741781386022 0.0034408285251231502
leaf_weight=368 5460 1241 46152 10428 237 469 61788 1119 3044 202886 153 7730 642 1251
leaf_count=368 5460 1241 46152 10428 237 469 61788 1119 3044 202886 153 7730 642 1251
internal_value=-0.000203867 -0.0074556 -5.93576e-05 0.00211311 -0.000498843 -0.00249576 -0.00147092 0.0172861 -0.0209166 0.000125992 0.00630915 0.011006 -0.0100663 -0.00219889
internal_weight=342968 6701 336267 56580 279687 66657 63144 1356 3513 213030 10144 7883 2261 1619
internal_count=342968 6701 336267 56580 279687 66657 63144 1356 3513 213030 10144 7883 2261 1619
is_linear=0
shrinkage=0.04


Tree=89
num_leaves=15
num_cat=0
split_feature=14 11 14 11 2 10 11 12 9 0 11 1 12 15
split_gain=228.029 1004.56 190.486 209.513 430.329 386.621 306.606 316.738 262.377 221.071 203.026 782.156 280.515 363.924
threshold=0.23320872121670802 12.355720527545339 0.21021760849986634 9.9216308263336277 93.074123500000013 -13.502870142235 46.259469560879616 71.589449912925417 0.70168620309101448 19.55700619957501 26.566726368644712 6.4131288388078778 108.13139830339735 4.6623337708749952
decision_type=2 2 2 2 2 2 2 2 2 2 2 2 2 2
left_child=2 -2 10 5 6 -4 7 -5 -6 -9 -1 -12 13 -13
right_child=1 -3 3 4 8 -7 -8 9 -10 -11 11 12 -14 -15
leaf_value=0 0 -0.0026166658369300277 -0.010739763262392944 -0.0013866124409197239 -0.00022016724755814288 0 -0.0052556092873445931 0.0077347661737516352 0.0017159075117714351 -0.00066540134604806676 -0.0026536384154702388 -0.0037157019346618914 -0.0004402819505569411 0.0068527974934712637
leaf_weight=212375 5409 1248 448 505 13255 29024 211 2549 10281 369 3775 246 62145 1106
leaf_count=212375 5409 1248 448 505 13255 29024 211 2549 10281 369 3775 246 62145 1106
internal_value=-0.000191984 -0.00752291 -4.68645e-05 0.00206843 0.00460213 -0.000267372 0.0174133 0.020298 0.00262407 0.0253598 -0.000475314 -0.0023903 -0.00133865 0.0166864
internal_weight=342946 6657 336289 56642 27170 29472 3634 3423 23536 2918 279647 67272 63497 1352
internal_count=342946 6657 336289 56642 27170 29472 3634 3423 23536 2918 279647 67272 63497 1352
is_linear=0
shrinkage=0.04


Tree=90
num_leaves=15
num_cat=0
split_feature=13 11 13 13 12 11 1 11 3 11 14 13 13 11
split_gain=217.396 354.739 608.79 209.709 254.598 332.564 193.383 152.514 176.166 143.741 147.41 199.742 297.646 385.524
threshold=688.62798463473371 12.355720527545339 715.51569672958851 642.89807683317133 72.018121648416496 2.5901203389456877 50.027349331327692 67.898054504919216 31.248037000000004 64.172581582735589 0.21135727656717004 513.32521284928225 520.88873726602321 4.3177624222488733
decision_type=2 2 2 2 2 2 2 2 2 2 2 2 2 2
left_child=3 -2 -3 6 5 -5 7 9 -9 10 11 -1 13 -13
right_child=1 2 -4 4 -6 -7 -8 8 -10 -11 -12 12 -14 -15
leaf_value=0 0 -0.0025182848356060084 -8.1513616917416881e-05 0.00015887760773577165 0.0016783384722490067 -0.00043998231752665 0.0049810017308120885 -0.020001216333077564 0.023999634797199063 0.0066325347298823731 0 0 0 -0.0036155047411463078
leaf_weight=261698 4074 1231 1341 604 5233 813 2067 600 143 727 42561 2675 15393 3925
leaf_count=261698 4074 1231 1341 604 5233 813 2067 600 143 727 42561 2675 15393 3925
internal_value=-0.000178731 -0.00734276 -0.0189736 -3.72133e-05 0.00699549 -0.00804517 -0.000179024 -0.000255949 -0.018358 -0.000214815 -0.000254405 -0.000583734 -0.00424499 -0.0113515
internal_weight=343085 6646 2572 336439 6650 1417 329789 327722 743 326979 326252 283691 21993 6600
internal_count=343085 6646 2572 336439 6650 1417 329789 327722 743 326979 326252 283691 21993 6600
is_linear=0
shrinkage=0.04


Tree=91
num_leaves=15
num_cat=0
split_feature=14 11 11 1 0 11 14 11 13 2 12 11 0 12
split_gain=216.026 964.314 164.844 159.315 149.223 147.653 147.513 204.378 289.321 219.891 209.549 1393.51 266.518 205.298
threshold=0.23320872121670802 12.355720527545339 67.898054504919216 50.027349331327692 3.9077377027196749 64.172581582735589 0.21135727656717004 42.672427636020338 546.33133908632681 67.506882000000004 66.369411949604554 5.9337789617674206 6.3803630894693439 57.68998942311044
decision_type=2 2 2 2 2 2 2 2 2 2 2 2 2 2
left_child=2 -2 3 5 -4 6 7 8 10 13 11 12 -1 -10
right_child=1 -3 4 -5 -6 -7 -8 -9 9 -11 -12 -13 -14 -15
leaf_value=0 0 -0.0024245217106440963 -0.018909869664547208 0.0036449649359346025 -0.0011795025559122464 0.0067995705489493283 0 -0.0017777259043863182 0.00010972187540472259 0.0012545871863186054 0 -0.001183040261818183 -0.0054579744933214228 -0.00040382970078183325
leaf_weight=27466 5393 1236 387 2300 374 738 45609 19793 201 3333 230575 4744 267 806
leaf_count=27466 5393 1236 387 2300 374 738 45609 19793 201 3333 230575 4744 267 806
internal_value=-0.000204765 -0.00735556 -6.39348e-05 -2.17966e-05 -0.0186597 -9.41439e-05 -0.000133776 -0.000469384 -0.000179063 0.0100645 -0.000348068 -0.00335622 7.06739e-05 -0.00631579
internal_weight=343222 6629 336593 335832 761 333532 332794 287185 267392 4340 263052 32477 27733 1007
internal_count=343222 6629 336593 335832 761 333532 332794 287185 267392 4340 263052 32477 27733 1007
is_linear=0
shrinkage=0.04


Tree=92
num_leaves=15
num_cat=0
split_feature=14 11 11 3 12 11 0 2 0 14 2 0 2 11
split_gain=223.755 979.579 174.639 155.159 148.516 1182.94 373.255 346.361 276.171 261.226 222.138 192.798 242.798 185.904
threshold=0.23320872121670802 12.355720527545339 67.898054504919216 31.248037000000004 70.32443432124667 6.3298237967923408 6.3235571097180001 77.494896000000011 1.7530189376882617 0.21256765339438269 82.776764000000014 3.797243565537014 80.682647500000016 4.6290577591040778
decision_type=2 2 2 2 2 2 2 2 2 2 2 2 2 2
left_child=2 -2 4 -4 5 6 7 -1 -9 -7 -11 -10 -13 -14
right_child=1 -3 3 -5 -6 9 -8 8 11 10 -12 12 13 -15
leaf_value=0 0 -0.0023246583615969939 -0.019153987577517972 0.023068511937848882 0 -0.0011416854067372363 -0.0030535869508154473 0 0.00079835608615445419 0.0010666677343110021 -0.0012009214146298363 -0.00066753801544888758 0.0013151791774524341 1.5290756812144872e-05
leaf_weight=39378 5416 1253 616 134 284052 6457 1004 854 707 613 333 392 1172 595
leaf_count=39378 5416 1253 616 134 284052 6457 1004 854 707 613 333 392 1172 595
internal_value=-0.000170158 -0.0074254 -2.62855e-05 -0.0193067 1.68079e-05 -0.00195942 0.000524239 0.0010859 0.0127527 -0.0167554 0.00287526 0.018702 0.0127652 0.0190832
internal_weight=342976 6669 336307 750 335557 51505 44102 43098 3720 7403 946 2866 2159 1767
internal_count=342976 6669 336307 750 335557 51505 44102 43098 3720 7403 946 2866 2159 1767
is_linear=0
shrinkage=0.04


Tree=93
num_leaves=15
num_cat=0
split_feature=14 11 11 14 11 10 15 13 3 8 11 11 12 1
split_gain=216.823 965.988 170.619 155.484 218.427 347.973 251.442 292.959 303.379 276.063 252.514 265.292 250.632 462.447
threshold=0.23320872121670802 12.355720527545339 67.898054504919216 0.21021760849986634 1.0000000180025095e-35 -13.502870142235 13.078688944500003 540.80167428207517 23.523092000000002 0.61795261838920645 58.085404912930564 2.5901203389456877 73.270066623768102 8.297673358385774
decision_type=2 2 2 2 2 2 2 2 2 2 2 2 2 2
left_child=2 -2 3 -1 5 -5 7 8 -6 -8 11 -9 -13 -14
right_child=1 -3 -4 4 6 -7 9 10 -10 -11 -12 12 13 -15
leaf_value=0 0 -0.0022311069751006431 -0.014849948539549407 -0.0098650883085912751 2.4190220739627041e-05 0 0.0027325279454641751 0.00039637287763892674 0.0023714074180510281 -0.0075892792252131502 0.0096354448485909093 -0.00039433868582329225 0.0038068483215598927 -0.00039193162771292644
leaf_weight=278865 5432 1245 758 446 7114 20942 1026 890 10748 103 650 2133 498 11953
leaf_count=278865 5432 1245 758 446 7114 20942 1026 890 10748 103 650 2133 498 11953
internal_value=-0.000183079 -0.00732065 -4.1294e-05 1.55054e-06 0.00191494 -0.00127174 0.0038559 0.00323898 0.00676744 0.0224269 -0.000669809 -0.00169575 -0.00298958 -0.000819211
internal_weight=342803 6677 336126 335368 56503 21388 35115 33986 17862 1129 16124 15474 14584 12451
internal_count=342803 6677 336126 335368 56503 21388 35115 33986 17862 1129 16124 15474 14584 12451
is_linear=0
shrinkage=0.04


Tree=94
num_leaves=15
num_cat=0
split_feature=13 11 13 13 2 12 9 9 11 10 15 15 12 13
split_gain=222.008 365.774 613.257 165.949 216.359 246.931 229.562 151.016 284.379 295.433 275.63 267.851 262.791 254.26
threshold=688.62798463473371 12.355720527545339 715.51569672958851 669.07096523690564 67.506882000000004 65.662972932464569 1.4864568771755239e-05 0.37656245806184019 40.278393343314541 -5.6286734728834498 13.078688944500003 6.439399022125003 172.82599436657776 502.68433582634469
decision_type=2 2 2 2 2 2 2 2 2 2 2 2 2 2
left_child=3 -2 -3 7 5 6 -5 8 10 -10 12 13 -1 -9
right_child=1 2 -4 4 -6 -7 -8 11 9 -11 -12 -13 -14 -15
leaf_value=-5.3241372354037727e-05 0 -0.0021269797261711564 -5.424123508732226e-05 0.00021302567605355462 0.0019494844083232585 -0.0024619649964357313 -0.00027181665868128202 0 -0.0017536776312347957 -0.0093345274230102575 -0.0051849241344220157 0 0.0018750420126295781 0
leaf_weight=99067 4111 1256 1323 242 2481 305 315 144175 7011 861 310 72361 588 8560
leaf_count=99067 4111 1256 1323 242 2481 305 315 144175 7011 861 310 72361 588 8560
internal_value=-0.000192789 -0.00740807 -0.0192168 -4.92453e-05 0.00881843 -0.00844548 0.00739677 -0.000138286 -0.0013691 -0.00868902 -0.000792677 0.000451363 -0.000675531 -0.00049838
internal_weight=342966 6690 2579 336276 3343 862 557 332933 107837 7872 99965 225096 99655 152735
internal_count=342966 6690 2579 336276 3343 862 557 332933 107837 7872 99965 225096 99655 152735
is_linear=0
shrinkage=0.04


Tree=95
num_leaves=15
num_cat=0
split_feature=13 11 13 13 2 12 9 9 12 12 2 13 11 11
split_gain=216.53 354.04 601.367 157.472 188.65 248.591 191.451 147.995 291.484 337.428 350.413 456.951 444.76 355.607
threshold=688.62798463473371 12.355720527545339 715.51569672958851 669.07096523690564 67.506882000000004 65.662972932464569 1.4864568771755239e-05 0.38566687845925235 172.82599436657776 133.66866424280218 76.05765150000002 515.31255052261804 36.619921439350897 1.0000000180025095e-35
decision_type=2 2 2 2 2 2 2 2 2 2 2 2 2 2
left_child=3 -2 -3 7 5 6 -5 8 9 10 11 12 13 -1
right_child=1 2 -4 4 -6 -7 -8 -9 -10 -11 -12 -13 -14 -15
leaf_value=-0.0010516418268714412 0 -0.0020524374683033252 -0.00010004093558306448 0.00024147320990077577 0.0018715050319903282 -0.002309398120883775 -0.00026618578408593735 0 0.0017429115322754951 -0.0013530250225373931 0.00024026513729285547 -0.001292721542262755 -0.0084763373858781944 1.9880345443637484e-06
leaf_weight=4792 4087 1246 1335 245 2494 305 307 224415 607 16904 45516 3065 1031 36249
leaf_count=4792 4087 1246 1335 245 2494 305 307 224415 607 16904 45516 3065 1031 36249
internal_value=-0.000186925 -0.00732454 -0.0189229 -4.52475e-05 0.00858251 -0.00760793 0.0084058 -0.000132179 -0.00134758 -0.00150357 -0.00053611 -0.00303343 -0.00194714 -0.00129529
internal_weight=342598 6668 2581 335930 3351 857 552 332579 108164 107557 90653 45137 42072 41041
internal_count=342598 6668 2581 335930 3351 857 552 332579 108164 107557 90653 45137 42072 41041
is_linear=0
shrinkage=0.04


Tree=96
num_leaves=15
num_cat=0
split_feature=14 11 11 3 1 14 9 12 14 14 13 8 11 10
split_gain=215.65 957.748 156.731 157.931 141.63 121.617 166.422 256.681 375.738 490.875 277.484 362.812 274.139 680.893
threshold=0.23320872121670802 12.355720527545339 67.898054504919216 31.248037000000004 48.186467165172623 0.21135727656717004 0.32462575452632048 133.66866424280218 0.20681441716486695 0.20770319864275835 496.81713644221236 0.99825064101780503 1.4069179835203147 -0.44088542220759569
decision_type=2 2 2 2 2 2 2 2 2 2 2 2 2 2
left_child=2 -2 4 -4 5 6 7 8 10 -10 11 -1 13 -13
right_child=1 -3 3 -5 -6 -7 -8 -9 9 -11 -12 12 -14 -15
leaf_value=-0.001199884400537833 0 -0.0019666004264506033 -0.017733293633077598 0.023467301655961004 0.0028634331834032451 0 0 -0.0014159759782497356 -0.0033854026479007808 -0.00021687944325209194 0.00047039804484890423 -0.00079660470306756046 9.4419255548685584e-05 0.00030210762849233904
leaf_weight=8715 5416 1234 609 142 3030 45281 196780 12328 1832 10883 7091 8367 39491 1286
leaf_count=8715 5416 1234 609 142 3030 45281 196780 12328 1832 10883 7091 8367 39491 1286
internal_value=-0.000157321 -0.00729023 -1.60793e-05 -0.018269 2.48296e-05 -5.37262e-05 -0.000357914 -0.00178281 -0.000931694 -0.00721982 0.000299307 -0.00061598 0.00071789 -0.00532477
internal_weight=342485 6650 335835 751 335084 332054 286773 89993 77665 12715 64950 57859 49144 9653
internal_count=342485 6650 335835 751 335084 332054 286773 89993 77665 12715 64950 57859 49144 9653
is_linear=0
shrinkage=0.04


Tree=97
num_leaves=15
num_cat=0
split_feature=14 11 11 1 11 10 0 1 13 1 15 15 1 11
split_gain=219.787 962.641 153.205 143.484 158.424 233.094 223.062 246.944 344.783 233.139 273.108 282.486 193.683 478.389
threshold=0.23320872121670802 12.355720527545339 67.898054504919216 35.430570986193729 40.278393343314541 -6.2458548981208413 3.6274282120259298 16.797625578197469 308.55072763694039 13.455302545891831 6.3665065888750698 6.8508014357500722 11.609251106093916 14.447495175357341
decision_type=2 2 2 2 2 2 2 2 2 2 2 2 2 2
left_child=2 -2 3 4 12 6 7 -6 -9 -8 -11 -12 13 -1
right_child=1 -3 -4 -5 5 -7 9 8 -10 10 11 -13 -14 -15
leaf_value=0 0 -0.0019022358684973794 -0.012857275361936095 0.0012191782178769561 0.043272773523587819 -0.006747005368546344 0.011201299123550994 -0.02557160918214129 0.011522266525927595 -0.0028030832249030836 0.0041327581408291108 -0.00095265074965253274 0.00034539720398683442 -0.00085242377395772012
leaf_weight=194628 5407 1246 743 17461 905 649 762 1342 3173 8823 2164 8284 75913 21351
leaf_count=194628 5407 1246 743 17461 905 649 762 1342 3173 8823 2164 8284 75913 21351
internal_value=-0.000141636 -0.00734105 8.32843e-07 4.10189e-05 -0.000152833 -0.00313846 -0.00253487 0.00466421 0.000841639 -0.0044826 -0.00534067 -0.000964778 0.000114152 -0.000496715
internal_weight=342851 6653 336198 335455 317994 26102 25453 5420 4515 20033 19271 10448 291892 215979
internal_count=342851 6653 336198 335455 317994 26102 25453 5420 4515 20033 19271 10448 291892 215979
is_linear=0
shrinkage=0.04


Tree=98
num_leaves=15
num_cat=0
split_feature=13 11 13 11 3 11 14 11 11 10 11 13 13 11
split_gain=227.464 369.644 589.506 157.289 156.217 140.949 141.834 237.269 300.156 252.924 203.874 245.298 263.714 258.447
threshold=688.62798463473371 12.355720527545339 715.51569672958851 67.898054504919216 30.945683000000002 64.172581582735589 0.21021760849986634 19.908428181365988 37.675515853271527 -28.03206045357491 55.71867890244372 546.33133908632681 513.32521284928225 5.344856383215963
decision_type=2 2 2 2 2 2 2 2 2 2 2 2 2 2
left_child=3 -2 -3 5 -5 6 10 -8 -9 -10 11 12 -1 -14
right_child=1 2 -4 4 -6 -7 7 8 9 -11 -12 -13 13 -15
leaf_value=0 0 -0.0018255063420648955 -0.00013232598975933098 -0.016646423001878127 0.019567647164427219 0.0066223433533740333 0 0.0035475801730881695 0.0013861621215050164 -0.00096135003716224304 -0.0036264003512747611 0.00030132759456089531 0 -0.00092450788583593876
leaf_weight=255177 4086 1251 1325 601 156 749 36358 7689 8545 4077 5274 4580 3974 9295
leaf_count=255177 4086 1251 1325 601 156 749 36358 7689 8545 4077 5274 4580 3974 9295
internal_value=-0.000162151 -0.00748124 -0.0193478 -1.72375e-05 -0.0182299 2.38295e-05 -1.49268e-05 0.0018091 0.00527202 0.00147679 -0.000386346 -0.000235875 -0.000392481 -0.00589042
internal_weight=343137 6662 2576 336475 757 335718 334969 56669 20311 12622 278300 273026 268446 13269
internal_count=343137 6662 2576 336475 757 335718 334969 56669 20311 12622 278300 273026 268446 13269
is_linear=0
shrinkage=0.04


Tree=99
num_leaves=15
num_cat=0
split_feature=14 5 3 14 14 1 9 5 13 14 14 12 2 8
split_gain=218.276 567.418 388.963 141.18 190.178 297.096 140.701 213.963 207.913 205.517 460.771 296.397 264.67 523.542
threshold=0.23320872121670802 1.0000000180025095e-35 1.0000000180025095e-35 0.21021760849986634 0.210843859845816 5.9624654205456293 0.55176891310401743 1.0000000180025095e-35 669.07096523690564 0.20681441716486695 0.20766949380718766 134.13002160947954 73.016006500000017 0.99902239380622027
decision_type=2 2 2 2 2 2 2 2 2 2 2 2 2 2
left_child=3 -2 -3 6 5 -5 7 -1 -8 11 -11 12 13 -9
right_child=1 2 -4 4 -6 -7 8 9 -10 10 -12 -13 -14 -15
leaf_value=0.0026088070056644549 0 0 -0.001743391567028605 0 0 0.0063099962122369572 0 -0.0020023393695908836 0.003386349664940076 -0.0032416635393428639 -0.00022747331010843864 -0.00093932576015208599 0.00035875318312232119 -4.6067100915988779e-05
leaf_weight=198 4811 610 1237 613 53350 2741 177226 1515 1653 1800 10139 18520 36828 32164
leaf_count=198 4811 610 1237 613 53350 2741 177226 1515 1653 1800 10139 18520 36828 32164
internal_value=-0.000121489 -0.00729348 -0.0261397 2.0312e-05 0.00184043 0.0110793 -0.000348232 -0.00154047 0.00032603 -0.00162193 -0.00654996 -0.000961057 0.000221822 -0.00234092
internal_weight=343405 6658 1847 336747 56704 3354 280043 101164 178879 100966 11939 89027 70507 33679
internal_count=343405 6658 1847 336747 56704 3354 280043 101164 178879 100966 11939 89027 70507 33679
is_linear=0
shrinkage=0.04


Tree=100
num_leaves=15
num_cat=0
split_feature=14 11 11 3 14 11 12 13 11 2 11 13 11 1
split_gain=212.418 934.3 157.661 141.236 130.259 211.95 278.107 293.011 220.549 234.005 173.928 219.024 145.914 505.504
threshold=0.23320872121670802 12.355720527545339 67.898054504919216 31.248037000000004 0.21021760849986634 19.76984555706748 97.531764012794909 540.80167428207517 58.085404912930564 118.0808755 41.705402148818777 613.56417515146063 26.875135075885044 5.4055831732303465
decision_type=2 2 2 2 2 2 2 2 2 2 2 2 2 2
left_child=2 -2 4 -4 12 -6 -7 -8 9 -9 -11 -12 -1 -14
right_child=1 -3 3 -5 5 6 7 8 -10 10 11 -13 13 -15
leaf_value=0 0 -0.0016771766401559795 -0.015987569340612878 0.0208513165819675 0 0.014009430891146155 0.0030586668637813449 0.00060296252361206285 0.0088188558885924292 -0.0052156471508403067 -0.0018717287376518535 0.0012314347014008276 -0.002052648721353194 -0.00029551218444206942
leaf_weight=212809 5386 1221 612 137 34836 825 9630 5903 625 535 2844 1358 2909 63049
leaf_count=212809 5386 1221 612 137 34836 825 9630 5903 625 535 2844 1358 2909 63049
internal_value=-0.000125949 -0.0072287 1.36875e-05 -0.0183178 5.46339e-05 0.00180494 0.00490608 0.0040067 -0.000372836 -0.00172932 -0.00835128 -0.00561637 -0.000300466 -0.00194427
internal_weight=342679 6607 336072 749 335323 56556 21720 20895 11265 10640 4737 4202 278767 65958
internal_count=342679 6607 336072 749 335323 56556 21720 20895 11265 10640 4737 4202 278767 65958
is_linear=0
shrinkage=0.04


Tree=101
num_leaves=15
num_cat=0
split_feature=13 11 13 1 3 11 0 12 1 12 2 11 15 0
split_gain=221.503 352.057 596.392 147.49 772.786 554.025 445.489 507.552 401.853 295.327 285.998 415.184 463.693 357.569
threshold=688.62798463473371 12.355720527545339 715.51569672958851 11.042083002248461 13.496534000000002 14.447495175357341 5.5183714772249397 105.97823981987422 12.062745603111965 69.446399873942838 109.83624300000001 2.8281319179282565 11.201103675124985 13.914625225507054
decision_type=2 2 2 2 2 2 2 2 2 2 2 2 2 2
left_child=3 -2 -3 5 8 -1 -7 9 -5 -8 11 -6 -13 -12
right_child=1 2 -4 4 10 6 7 -9 -10 -11 13 12 -14 -15
leaf_value=0 0 -0.0016156633600949144 -5.1943321175667578e-05 0.0035315862583928377 -0.0088828200328208134 -0.0014462607484523016 -0.0033613588405705147 -0.0023261727139400725 -0.035268028178782086 0.0021826621140374329 0.00034157111320391845 0.00079641075032497294 0.0054185216698800819 -0.0016500231877752747
leaf_weight=195316 4097 1245 1336 397 1185 13548 254 2781 2429 4560 73850 24043 3165 14808
leaf_count=195316 4097 1245 1336 397 1185 13548 254 2781 2429 4560 73850 24043 3165 14808
internal_value=-7.59153e-05 -0.00728961 -0.0188609 6.73136e-05 0.00119289 -0.000556041 -0.00670671 0.00104806 -0.0194763 0.00890735 0.00169191 0.00518579 0.00619524 0.000572988
internal_weight=343014 6678 2581 336336 119877 216459 21143 7595 2826 4814 117051 28393 27208 88658
internal_count=343014 6678 2581 336336 119877 216459 21143 7595 2826 4814 117051 28393 27208 88658
is_linear=0
shrinkage=0.04


Tree=102
num_leaves=15
num_cat=0
split_feature=14 11 11 0 11 14 11 10 13 13 1 11 8 2
split_gain=223.118 954.558 154.832 137.449 136.762 127.016 187.552 247.049 230.388 204.7 366.478 426.401 382.934 254.227
threshold=0.23320872121670802 12.355720527545339 67.898054504919216 3.9077377027196749 64.172581582735589 0.21135727656717004 55.71867890244372 -39.540510733079195 546.33133908632681 513.32521284928225 27.476270906107562 2.8281319179282565 0.94781035889857923 117.79927450000001
decision_type=2 2 2 2 2 2 2 2 2 2 2 2 2 2
left_child=2 -2 4 -4 5 6 7 -1 9 -9 11 -11 13 -13
right_child=1 -3 3 -5 -6 -7 -8 8 -10 10 -12 12 -14 -15
leaf_value=0.0033921894260852169 0 -0.0015489105727997533 -0.013244027981166593 -0.00074130507953815389 0.006639082864798502 0 -0.0034269576369518407 0 0.00032365632391593847 0 0.011365134013515805 -0.00014659691377260601 -0.0020894996140362917 -0.0044951467695865822
leaf_weight=4917 5414 1263 392 363 726 46545 5288 255874 4527 6982 857 5550 2601 2013
leaf_count=4917 5414 1263 392 363 726 46545 5288 255874 4527 6982 857 5550 2601 2013
internal_value=-0.000116046 -0.0073566 2.75669e-05 -0.0180662 6.82387e-05 3.06725e-05 -0.000282042 -0.000142736 -0.000299708 -0.000447646 -0.00457035 -0.00584626 -0.0110744 -0.00652122
internal_weight=343312 6677 336635 755 335880 335154 288609 283321 278404 273877 18003 17146 10164 7563
internal_count=343312 6677 336635 755 335880 335154 288609 283321 278404 273877 18003 17146 10164 7563
is_linear=0
shrinkage=0.04


Tree=103
num_leaves=15
num_cat=0
split_feature=13 11 13 11 3 1 3 11 12 12 10 0 11 10
split_gain=215.195 348.635 581.676 163.095 143.304 130.023 698.465 424.322 930.251 437.55 416.987 376.487 313.043 361.275
threshold=688.62798463473371 12.355720527545339 715.51569672958851 67.898054504919216 30.945683000000002 11.042083002248461 13.496534000000002 4.8811881326391946 72.748233629733491 105.97823981987422 -13.131514433950185 11.797425234028106 1.1631625246686659 -1.5570124387794422
decision_type=2 2 2 2 2 2 2 2 2 2 2 2 2 2
left_child=3 -2 -3 5 -5 7 10 12 -9 -10 -7 -12 13 -1
right_child=1 2 -4 4 -6 6 -8 8 9 -11 11 -13 -14 -15
leaf_value=-0.00099086065752989065 0 -0.0014791605784875083 -3.9339655804446207e-05 -0.015123008176209764 0.020013969762775502 -0.053397893972741757 0.00032879877245059252 -0.00056735626583727882 0.00028279212442055185 -0.00099912253252538085 0.0040386797886036718 -0.011406997741280912 0.00010473763346984022 0
leaf_weight=7743 4066 1240 1320 609 148 1826 116849 12191 20793 10592 630 381 18393 146297
leaf_count=7743 4066 1240 1320 609 148 1826 116849 12191 20793 10592 630 381 18393 146297
internal_value=-0.000141775 -0.00728041 -0.0188437 -1.18888e-06 -0.0185469 4.06321e-05 0.00109821 -0.000545348 -0.00407197 -0.000429505 -0.0185125 0.00209693 0.000345873 -0.000243054
internal_weight=343078 6626 2560 336452 757 335695 119686 216009 43576 31385 2837 1011 172433 154040
internal_count=343078 6626 2560 336452 757 335695 119686 216009 43576 31385 2837 1011 172433 154040
is_linear=0
shrinkage=0.04


Tree=104
num_leaves=15
num_cat=0
split_feature=14 11 11 3 14 11 12 11 0 13 12 11 2 12
split_gain=215.977 941.108 157.216 128.004 127.076 166.005 153.658 1092.92 239.888 191.461 175.465 131.798 301.613 363.383
threshold=0.23320872121670802 12.355720527545339 67.898054504919216 31.248037000000004 0.21135727656717004 58.085404912930564 66.369411949604554 5.9337789617674206 6.3803630894693439 669.07096523690564 58.75310183626025 1.0000000180025095e-35 101.491112 72.018121648416496
decision_type=2 2 2 2 2 2 2 2 2 2 2 2 2 2
left_child=2 -2 4 -4 6 11 7 8 -1 10 -9 -6 13 -13
right_child=1 -3 3 -5 5 -7 -8 9 -10 -11 -12 12 -14 -15
leaf_value=0 0 -0.0014249052461269241 -0.01464014624073242 0.018608343616007574 0 0.008465367806438499 0 0.00023253452703836234 -0.0048739837070466184 0.0049937819435974876 -0.0011516152240058895 2.4835828366656101e-05 3.3242565023460234e-05 0.0020163436109947109
leaf_weight=27987 5406 1249 602 142 18185 650 256006 286 270 128 4550 4926 17301 5610
leaf_count=27987 5406 1249 602 142 18185 650 256006 286 270 128 4550 4926 17301 5610
internal_value=-0.000161026 -0.00729677 -1.99618e-05 -0.0183871 2.07205e-05 0.00195749 -0.000291812 -0.00285121 0.000189688 -0.0201612 -0.0214392 0.00167398 0.0034041 0.00873956
internal_weight=343298 6655 336643 744 335899 46672 289227 33221 28257 4964 4836 46022 27837 10536
internal_count=343298 6655 336643 744 335899 46672 289227 33221 28257 4964 4836 46022 27837 10536
is_linear=0
shrinkage=0.04


Tree=105
num_leaves=15
num_cat=0
split_feature=14 11 11 3 1 3 11 12 3 11 12 1 0 12
split_gain=209.285 931.619 144.34 131.653 120.885 760.131 452.533 416.969 517.286 326.205 482.315 303.366 413.931 270.111
threshold=0.23320872121670802 12.355720527545339 67.898054504919216 30.945683000000002 11.609251106093916 13.496534000000002 14.447495175357341 71.589449912925417 29.103087000000006 2.8281319179282565 104.34628738091733 13.595078966244612 11.895107537061719 60.311157523274041
decision_type=2 2 2 2 2 2 2 2 2 2 2 2 2 2
left_child=2 -2 4 -4 6 11 -1 13 -9 -7 -11 12 -6 -8
right_child=1 -3 3 -5 5 9 7 8 -10 10 -12 -13 -14 -15
leaf_value=0 0 -0.001356204565207233 -0.013796532470065204 0.017039672865752035 0.0038771325970595252 -0.0097685659986566937 0.0025655126816842956 -0.00080037902467775229 0.0034278105311506134 0.0038421794309201119 0.00025883179136173607 -0.057647945987110448 -0.016900098325304334 -0.0023967818748491998
leaf_weight=194731 5417 1228 601 150 602 1071 267 17816 1463 4261 110519 1557 482 2771
leaf_count=194731 5417 1228 601 150 602 1071 267 17816 1463 4261 110519 1557 482 2771
internal_value=-0.000145683 -0.00717532 -6.77984e-06 -0.0175233 3.24253e-05 0.00105999 -0.000528547 -0.00592374 -0.00375331 0.00154371 0.00174874 -0.020159 -0.00391144 -0.0196972
internal_weight=342936 6645 336291 751 335540 118492 217048 22317 19279 115851 114780 2641 1084 3038
internal_count=342936 6645 336291 751 335540 118492 217048 22317 19279 115851 114780 2641 1084 3038
is_linear=0
shrinkage=0.04


Tree=106
num_leaves=15
num_cat=0
split_feature=13 11 13 11 14 11 10 2 9 14 11 8 14 13
split_gain=205.44 336.432 576.377 166.067 120.727 162.243 264.918 227.933 215.007 204.322 279.71 272.77 211.697 210.957
threshold=688.62798463473371 12.355720527545339 715.51569672958851 67.898054504919216 0.21135727656717004 1.0000000180025095e-35 -13.502870142235 82.776764000000014 0.014177704524360514 0.21850692549482056 6.3298237967923408 0.90158807513319783 0.21785094171797917 570.75545409713311
decision_type=2 2 2 2 2 2 2 2 2 2 2 2 2 2
left_child=3 -2 -3 4 -1 6 -6 8 -7 12 -11 -12 -9 -13
right_child=1 2 -4 -5 5 7 -8 9 -10 10 11 13 -14 -15
leaf_value=0 0 -0.0013113432827337357 -4.9449043827676785e-05 -0.0095660599280906096 -0.0084489041694891538 0.00025315169132508281 0 0.00050700593983332937 0.0015555129785296974 0.00074380025172774041 -0.0013574637405530583 0.0025780865005705722 0.0058753482967413943 -0.0039520905881361415
leaf_weight=289139 4107 1242 1348 757 412 4011 19131 16499 1361 233 3381 774 533 184
leaf_count=289139 4107 1242 1348 757 412 4011 19131 16499 1361 233 3381 774 533 184
internal_value=-0.000182448 -0.00711961 -0.0184093 -4.435e-05 -2.14504e-06 0.00188912 -0.000886251 0.00389976 0.0112733 0.00206628 -0.00544182 -0.0077345 0.00408173 0.0111065
internal_weight=343112 6697 2590 336415 335658 46519 19543 26976 5372 21604 4572 4339 17032 958
internal_count=343112 6697 2590 336415 335658 46519 19543 26976 5372 21604 4572 4339 17032 958
is_linear=0
shrinkage=0.04


Tree=107
num_leaves=15
num_cat=0
split_feature=13 11 13 11 3 14 11 11 10 12 11 12 3 12
split_gain=205.262 336.244 555.034 152.681 126.407 112.765 208.105 239.037 227.379 197.321 127.98 407.739 296.654 237.447
threshold=688.62798463473371 12.355720527545339 715.51569672958851 67.898054504919216 31.248037000000004 0.21021760849986634 19.908428181365988 38.371381952465292 -26.546311000899703 95.847255242782836 27.54461284968281 83.80915327889177 10.000159500000001 61.684497076121893
decision_type=2 2 2 2 2 2 2 2 2 2 2 2 2 2
left_child=3 -2 -3 5 -5 10 -7 9 -9 -8 -1 13 -13 -12
right_child=1 2 -4 4 -6 6 7 8 -10 -11 11 12 -14 -15
leaf_value=0 0 -0.0012665359017232059 -9.0932277219627492e-05 -0.012997978303605846 0.017058945284209745 0 0.016541196814410609 0.0010000338169549141 -0.0010468559685596064 0.0024127326817366913 0.0052858819360928656 -0.0019121405740179221 -0.00020556303800608799 -0.00428673030324765
leaf_weight=214014 4114 1246 1340 615 141 36229 534 9135 3099 7557 120 1734 61033 1624
leaf_count=214014 4114 1246 1340 615 141 36229 534 9135 3099 7557 120 1734 61033 1624
internal_value=-0.000172012 -0.00710448 -0.0184068 -3.3707e-05 -0.0179894 6.80437e-06 0.00163525 0.00487478 0.00134707 0.0102089 -0.000323849 -0.00188557 -0.00135549 -0.0209633
internal_weight=342535 6700 2586 335835 756 335079 56554 20325 12234 8091 278525 64511 62767 1744
internal_count=342535 6700 2586 335835 756 335079 56554 20325 12234 8091 278525 64511 62767 1744
is_linear=0
shrinkage=0.04


Tree=108
num_leaves=15
num_cat=0
split_feature=14 11 11 3 0 3 11 2 8 13 3 0 1 3
split_gain=188.713 839.007 142.042 119.573 112.756 1136.21 338.521 446.433 276.926 313.834 256.339 366.625 305.274 278.796
threshold=0.23320872121670802 14.777321482936109 67.898054504919216 30.945683000000002 13.757609379611074 15.537822500000003 10.202080632683939 105.75604600000001 0.99767660409522396 268.7841962257441 20.000043500000004 21.495604301533444 17.075400319317179 24.494082500000005
decision_type=2 2 2 2 2 2 2 2 2 2 2 2 2 2
left_child=2 -2 4 -4 -1 -6 -7 -8 -9 -10 12 -12 -11 -13
right_child=1 -3 3 -5 5 6 7 8 9 10 11 13 -14 -15
leaf_value=0 0 -0.0011859332955404046 -0.012600117563032658 0.016058370536877191 -0.055720276575541863 -0.023197126814515884 0.0020297610062534584 -0.0015266876572346416 0.0052777227076983039 0.014667957174346796 0.052497015168866977 -0.082923728051104859 -0.052791037449752908 0.0025607155168154996
leaf_weight=308462 5551 1101 597 152 1310 576 7633 13165 440 552 1334 343 791 932
leaf_count=308462 5551 1101 597 152 1310 576 7633 13165 440 552 1334 343 791 932
internal_value=-0.000195487 -0.00686711 -6.35172e-05 -0.0174633 -2.46768e-05 -0.00249963 -0.000652022 4.12862e-05 -0.00346984 0.00522769 0.00165992 0.00896895 -0.0125391 -0.00636863
internal_weight=342939 6652 336287 749 335538 27076 25766 25190 17557 4392 3952 2609 1343 1275
internal_count=342939 6652 336287 749 335538 27076 25766 25190 17557 4392 3952 2609 1343 1275
is_linear=0
shrinkage=0.04


Tree=109
num_leaves=15
num_cat=0
split_feature=13 11 13 11 3 0 3 11 2 9 13 3 1 1
split_gain=194.174 320.454 493.45 141.987 113.654 112.109 1118.19 293.803 403.128 271.108 311.925 256.308 369.34 363.333
threshold=688.62798463473371 12.355720527545339 715.51569672958851 67.898054504919216 31.248037000000004 13.757609379611074 15.437255500000001 10.202080632683939 106.39326850000002 0.002549535925532143 268.7841962257441 19.820414500000002 17.075400319317179 21.264385595154316
decision_type=2 2 2 2 2 2 2 2 2 2 2 2 2 2
left_child=3 -2 -3 5 -5 -1 -7 -8 -9 10 -10 12 -12 -13
right_child=1 2 -4 4 -6 6 7 8 9 -11 11 13 -14 -15
leaf_value=0 0 -0.0011625433024411924 -0.00018564122396559025 -0.011827814333309901 0.016944387363880077 -0.056221952413939409 -0.02261090033415937 0.0018405206735153752 0.0050010745142106206 -0.0015766356710354729 0.012992321470813086 0.036751888442038687 -0.072932601837915209 -0.0034615374474418121
leaf_weight=308686 4107 1230 1330 608 135 1277 573 8122 443 12670 529 1498 567 1303
leaf_count=308686 4107 1230 1330 608 135 1277 573 8122 443 12670 529 1498 567 1303
internal_value=-0.000163928 -0.00692365 -0.0180313 -2.99633e-05 -0.0174966 8.69907e-06 -0.00246386 -0.000648901 -3.18319e-06 -0.00350382 0.00512442 0.00150885 -0.0148905 0.00792574
internal_weight=343078 6667 2560 336411 743 335668 26982 25705 25132 17010 4340 3897 1096 2801
internal_count=343078 6667 2560 336411 743 335668 26982 25705 25132 17010 4340 3897 1096 2801
is_linear=0
shrinkage=0.04


Tree=110
num_leaves=15
num_cat=0
split_feature=14 11 14 9 11 5 12 12 2 3 1 13 13 1
split_gain=161.262 785.802 120.117 167.059 207.647 188.895 169.519 217.801 337.075 618.994 764.495 375.022 356.252 304.081
threshold=0.23320872121670802 15.085376109548628 0.21135727656717004 0.32462575452632048 45.238746905407218 1.0000000180025095e-35 172.82599436657776 134.13002160947954 87.725509500000015 14.8306725 13.187257837903983 260.42522452097228 268.32281790025485 14.567349143605634
decision_type=2 2 2 2 2 2 2 2 2 2 2 2 2 2
left_child=2 -2 3 4 5 -1 7 8 12 10 11 -10 -7 -11
right_child=1 -3 -4 -5 -6 6 -8 -9 9 13 -12 -13 -14 -15
leaf_value=0.0025625672250537313 0 -0.0011049021513014014 0 0 -0.0044333488815820601 0.00024142113359360511 0.002149782770672899 -0.0012136998446381252 -0.0027476199604853924 0.0015692178709618243 -0.047867370845039718 0.00056291334793920789 -0.00014927755362698455 0.00052845346340635909
leaf_weight=176 5584 1030 46568 198910 3178 3408 376 10497 431 8192 1163 3636 52226 7492
leaf_count=176 5584 1030 46568 198910 3178 3408 376 10497 431 8192 1163 3636 52226 7492
internal_value=-0.000158779 -0.00634412 -3.71149e-05 -0.000340232 -0.00176216 -0.00139776 -0.00148111 -0.00159688 -0.000855934 0.00347327 -0.00844359 -0.000265552 -0.00248337 0.00744708
internal_weight=342867 6614 336253 289685 90775 87597 87421 87045 76548 20914 5230 4067 55634 15684
internal_count=342867 6614 336253 289685 90775 87597 87421 87045 76548 20914 5230 4067 55634 15684
is_linear=0
shrinkage=0.04


Tree=111
num_leaves=15
num_cat=0
split_feature=13 11 13 11 3 11 14 11 10 3 11 8 11 12
split_gain=172.469 280.807 452.066 113.623 120.347 113.042 113.59 169.869 211.351 181.733 151.001 139.276 211.117 782.745
threshold=688.62798463473371 12.355720527545339 715.51569672958851 67.898054504919216 30.945683000000002 64.172581582735589 0.21135727656717004 55.71867890244372 -40.301864691017734 39.281171000000008 58.085404912930564 0.66980741896352913 4.8811881326391946 72.748233629733491
decision_type=2 2 2 2 2 2 2 2 2 2 2 2 2 2
left_child=3 -2 -3 5 -5 6 7 8 9 -1 -8 -10 -13 -14
right_child=1 2 -4 4 -6 -7 10 -9 11 -11 -12 12 13 -15
leaf_value=-0.036133240052954818 0 -0.0010721280103077246 -0.00012367140104901364 -0.010350634791791278 0.017946941315615989 0.0063402907440100031 0 -0.0032961372646970757 0 0.0039905223647725609 0.0087521320576852309 3.4093296978320381e-05 -0.00058311562639309228 -0.00013850220770733447
leaf_weight=243 4095 1254 1327 590 155 734 46062 5258 189264 4220 620 27447 9895 51981
leaf_count=243 4095 1254 1327 590 155 734 46062 5258 189264 4220 620 27447 9895 51981
internal_value=-0.000146527 -0.00651288 -0.0168462 -2.02099e-05 -0.0156242 1.44166e-05 -1.99409e-05 -0.000316328 -0.000183996 0.00845171 0.00181055 -0.000322341 -0.00162422 -0.00291939
internal_weight=343145 6676 2581 336469 745 335724 334990 288308 283050 4463 46682 278587 89323 61876
internal_count=343145 6676 2581 336469 745 335724 334990 288308 283050 4463 46682 278587 89323 61876
is_linear=0
shrinkage=0.04


Tree=112
num_leaves=15
num_cat=0
split_feature=14 11 11 0 3 2 11 1 3 3 10 11 12 13
split_gain=157.473 780.828 119.132 115.127 1098.23 263.18 352.68 245.961 539.873 531.329 805.684 381.544 412.346 475.936
threshold=0.23320872121670802 15.085376109548628 67.898054504919216 13.757609379611074 15.437255500000001 106.39326850000002 10.202080632683939 11.609251106093916 13.388991500000001 17.000007500000006 -17.569324442732515 14.447495175357341 71.589449912925417 536.41543727593194
decision_type=2 2 2 2 2 2 2 2 2 2 2 2 2 2
left_child=2 -2 3 7 -5 6 -6 11 -9 10 -10 -1 -13 -14
right_child=1 -3 -4 4 5 -7 -8 8 9 -11 -12 12 13 -15
leaf_value=0 0 -0.0010177848249343713 -0.0074633358153875055 -0.053079472201950376 -0.021023147136344754 -0.0010180955123991575 0.0017289778787191179 -0.020907938580257045 -0.051145373480158685 0.0002530448558564846 0.0028832854402624209 -0.0019430370306603207 -0.00057972353941734053 0.0074709598136848297
leaf_weight=194793 5611 1042 748 1260 575 17160 8071 1972 902 77371 11482 3041 18705 574
leaf_count=194793 5611 1042 748 1260 575 17160 8071 1972 902 77371 11482 3041 18705 574
internal_value=-0.000110688 -0.00620472 9.74294e-06 4.52508e-05 -0.00245622 -0.000675812 0.00501504 0.000264474 0.00200116 0.00245602 0.0101486 -0.000469249 -0.00542294 -0.00326365
internal_weight=343307 6653 336654 335906 27066 25806 8646 308840 91727 89755 12384 217113 22320 19279
internal_count=343307 6653 336654 335906 27066 25806 8646 308840 91727 89755 12384 217113 22320 19279
is_linear=0
shrinkage=0.04


Tree=113
num_leaves=15
num_cat=0
split_feature=13 3 9 14 9 5 14 14 12 2 2 3 10 10
split_gain=145.273 202.93 419.194 128.445 137.252 211.911 205.801 405.722 224.614 264.34 238.084 476.878 731.436 351.244
threshold=688.62798463473371 21.231660000000002 0.79213469123946212 0.21135727656717004 0.55176891310401743 1.0000000180025095e-35 0.20681441716486695 0.20766949380718766 133.66866424280218 172.49402600000005 89.894024000000016 14.530581500000002 -13.502870142235 -14.72654308938224
decision_type=2 2 2 2 2 2 2 2 2 2 2 2 2 2
left_child=3 -2 -3 4 5 -1 8 -8 10 -10 -7 12 -12 -13
right_child=1 2 -4 -5 -6 6 7 -9 9 -11 11 13 -14 -15
leaf_value=0.0024436832678930878 0 1.8219139872700519e-05 -0.0010213099897577349 0 0 -5.5016356867861884e-05 -0.0028739276535328455 -0.00022821934813647499 -0.0010048050706104577 0.00082056538173423286 -0.04808791520318019 0.0004746874582212106 0.00043122949384570092 0.002210168244911916
leaf_weight=212 4397 1235 1039 46657 184680 49970 1816 14122 17258 1945 1098 8557 3064 7062
leaf_count=212 4397 1235 1039 46657 184680 49970 1816 14122 17258 1945 1098 8557 3064 7062
internal_value=-0.000109002 -0.00595413 -0.0156552 6.89571e-06 -0.000306711 -0.00146065 -0.00154139 -0.00572719 -0.00079142 -0.00462219 0.000263222 0.00397755 -0.00805382 0.00718356
internal_weight=343112 6671 2274 336441 289784 105104 104892 15938 88954 19203 69751 19781 4162 15619
internal_count=343112 6671 2274 336441 289784 105104 104892 15938 88954 19203 69751 19781 4162 15619
is_linear=0
shrinkage=0.04


Tree=114
num_leaves=15
num_cat=0
split_feature=13 11 13 14 11 11 1 1 2 9 13 10 14 15
split_gain=145.031 231.832 415.902 112.976 152.307 128.892 267.662 215.193 260.525 405.179 190.949 343.467 307.152 294.241
threshold=688.62798463473371 15.085376109548628 715.51569672958851 0.21135727656717004 58.085404912930564 42.672427636020338 6.4131288388078778 22.627890539155086 110.09468450000001 0.49459038457262083 520.88873726602321 -29.108225407622214 0.19170785096738172 7.0686041913750168
decision_type=2 2 2 2 2 2 2 2 2 2 2 2 2 2
left_child=3 -2 -3 5 -5 7 -7 -1 -9 -10 11 13 -13 -11
right_child=1 2 -4 4 -6 6 -8 8 9 10 -12 12 -14 -15
leaf_value=0 0 -0.00094272985955615955 -0.00019641620189358444 0 0.0083157538213993014 -0.0071436678944782122 -0.0009061790702981665 0.0037021326232627993 -0.0038979294128815602 -0.049672386844391861 0.0058275061369543217 -0.0013316461745897174 0.0030625347772844347 0.00060416777856800441
leaf_weight=240474 4244 1061 1311 45962 640 874 20910 5509 3195 2372 2294 2819 7840 3595
leaf_count=240474 4244 1061 1311 45962 640 874 20910 5509 3195 2372 2294 2819 7840 3595
internal_value=-7.21655e-05 -0.00593712 -0.0159528 4.31521e-05 0.00187116 -0.000250723 -0.0032097 -1.02947e-05 0.00333333 0.00139453 0.00361945 0.00212679 0.00642837 -0.00555723
internal_weight=343100 6616 2372 336484 46602 289882 21784 268098 27624 22115 18920 16626 10659 5967
internal_count=343100 6616 2372 336484 46602 289882 21784 268098 27624 22115 18920 16626 10659 5967
is_linear=0
shrinkage=0.04


Tree=115
num_leaves=15
num_cat=0
split_feature=14 11 11 0 3 12 11 10 3 3 10 3 11 15
split_gain=124.453 590.916 118.435 114.308 1044.67 254.445 248.449 221.722 456.131 516.834 773.423 381.635 353.917 357.871
threshold=0.23320872121670802 15.085376109548628 67.898054504919216 13.757609379611074 15.437255500000001 133.0258501021182 10.202080632683939 -11.60354355501641 13.388991500000001 17.000007500000006 -16.593762680749489 14.999899500000001 14.447495175357341 9.0992552776249926
decision_type=2 2 2 2 2 2 2 2 2 2 2 2 2 2
left_child=2 -2 3 7 -5 6 -6 8 -1 10 11 -10 -9 -14
right_child=1 -3 -4 4 5 -7 -8 12 9 -11 -12 -13 13 -15
leaf_value=-0.019876799331890894 0 -0.00091025242894172021 -0.0068891129562515373 -0.049107135288880395 -0.021487498598455661 -0.0012423965913855807 0.0013424575559341067 0 -0.068383720458535399 0.00022730959978147503 0.0033284470852272654 -7.421769791771116e-06 -0.00078146931896653116 0.0077038065129114265
leaf_weight=1950 5602 1041 771 1249 586 13349 11811 194811 663 77177 10627 1102 21907 356
leaf_count=1950 5602 1041 771 1249 586 13349 11811 194811 663 77177 10627 1102 21907 356
internal_value=-6.37897e-05 -0.00548547 4.32871e-05 7.92639e-05 -0.00241674 -0.000683601 0.00344277 0.000297609 0.00194888 0.00236555 0.00994835 -0.0145722 -0.000398574 -0.0051763
internal_weight=343002 6643 336359 335588 26995 25746 12397 308593 91519 89569 12392 1765 217074 22263
internal_count=343002 6643 336359 335588 26995 25746 12397 308593 91519 89569 12392 1765 217074 22263
is_linear=0
shrinkage=0.04


Tree=116
num_leaves=15
num_cat=0
split_feature=13 11 13 11 15 2 11 1 3 10 3 15 2 10
split_gain=120.634 193.713 307.578 109.377 105.39 273.486 232.574 186.535 149.487 124.608 247.009 170.913 306.433 298.818
threshold=688.62798463473371 12.355720527545339 715.51569672958851 67.898054504919216 12.200141976749977 102.36229750000001 40.673170147241159 32.760892682952139 4.8557120000000014 -32.618526298808384 28.319568500000003 7.5518605999999986 83.951454000000027 -0.62306611541603696
decision_type=2 2 2 2 2 2 2 2 2 2 2 2 2 2
left_child=3 -2 -3 4 9 8 7 -7 -6 10 -1 -11 13 -13
right_child=1 2 -4 -5 5 6 -8 -9 -10 11 -12 12 -14 -15
leaf_value=-0.12783663309825138 0 -0.00087949115698934485 -0.00013143208472485068 -0.0066571357787298955 0 0 0.014648720102943713 -0.0062072642577033679 0.0026767059295729999 0 0.001157702889715473 -0.00097239236709558482 0 0
leaf_weight=231 4062 1233 1347 760 704 4690 402 1220 2991 271199 21043 9735 19083 4351
leaf_count=231 4062 1233 1347 760 704 4690 402 1220 2991 271199 21043 9735 19083 4351
internal_value=-0.000105873 -0.00544414 -0.0140155 -4.75612e-07 3.38449e-05 0.00407715 -0.000982256 -0.00298477 0.0127199 -9.0406e-05 0.00286923 -0.000297272 -0.00300763 -0.00748261
internal_weight=343051 6642 2580 336409 335649 10007 6312 5910 3695 325642 21274 304368 33169 14086
internal_count=343051 6642 2580 336409 335649 10007 6312 5910 3695 325642 21274 304368 33169 14086
is_linear=0
shrinkage=0.04


Tree=117
num_leaves=15
num_cat=0
split_feature=13 11 13 14 11 8 8 12 1 12 11 3 14 1
split_gain=109.799 176.653 344.71 117.594 143.138 133.887 253.175 304.772 239.445 141.14 126.715 290.561 251.316 346.669
threshold=688.62798463473371 15.395052116293281 715.51569672958851 0.21135727656717004 59.621961530485216 0.77474358007089272 0.61795261838920645 72.018121648416496 17.229819987613954 135.98227645934398 42.672427636020338 14.319600500000002 0.18278494736013726 17.861789742531112
decision_type=2 2 2 2 2 2 2 2 2 2 2 2 2 2
left_child=3 -2 -3 10 5 6 -5 -8 -9 -10 -1 -12 13 -13
right_child=1 2 -4 4 -6 -7 7 8 9 -11 11 12 -14 -15
leaf_value=0 0 -0.00083838015948824347 -8.2095496787799597e-05 0 0.018713000357445615 0.00034103258716280423 -0.00058100293207820927 0.0037071258543915288 -0.0037922106882824465 0.00018474965814914369 -0.023212993690791967 0.013138378330091906 -0.0014360897792207172 -0.035096556607234992
leaf_weight=268004 4270 1030 1342 30217 230 13770 734 365 630 727 1336 2021 17908 500
leaf_count=268004 4270 1030 1342 30217 230 13770 734 365 630 727 1336 2021 17908 500
internal_value=-5.01335e-05 -0.00514303 -0.0138954 5.04099e-05 0.00191374 0.00175785 0.000363603 -0.011987 -0.00278746 -0.0105232 -0.000249716 -0.00318493 -0.00200303 0.0098215
internal_weight=343084 6642 2372 336442 46673 46443 32673 2456 1722 1357 289769 21765 20429 2521
internal_count=343084 6642 2372 336442 46673 46443 32673 2456 1722 1357 289769 21765 20429 2521
is_linear=0
shrinkage=0.04


Tree=118
num_leaves=15
num_cat=0
split_feature=15 2 11 1 3 8 2 0 13 11 2 13 2 12
split_gain=118.683 284.461 203.035 164.547 144.341 133.932 207.959 156.648 107.415 177.841 282.743 109.071 204.335 188.58
threshold=12.200141976749977 102.36229750000001 40.673170147241159 32.760892682952139 4.8557120000000014 0.61795261838920645 84.757812500000014 9.5450543394177689 688.62798463473371 12.355720527545339 109.21984500000001 669.07096523690564 67.506882000000004 66.040288675132231
decision_type=2 2 2 2 2 2 2 2 2 2 2 2 2 2
left_child=8 4 3 -3 -2 -6 -7 -8 11 -10 -11 -1 13 -13
right_child=1 2 -4 -5 5 6 7 -9 9 10 -12 12 -14 -15
leaf_value=0 0 0 0.014956436433278583 -0.0058777205748240906 0.0036648217750666567 -0.0057688188263801598 0.0053371543605494932 4.2463923101738741e-05 0 -0.00083762344596840729 4.9543502748587989e-05 1.7718591600265414e-05 0.0015957400651370988 -0.0018314013248756336
leaf_weight=323011 699 4689 409 1207 1659 191 543 627 4082 1359 1241 573 2470 281
leaf_count=323011 699 4689 409 1207 1659 191 543 627 4082 1359 1241 573 2470 281
internal_value=-5.85353e-05 0.00422985 -0.000945282 -0.00283582 0.0130035 0.0167947 0.00749449 0.013812 -0.000187618 -0.00520802 -0.0133846 -8.48208e-05 0.00712395 -0.00974239
internal_weight=343041 10024 6305 5896 3719 3020 1361 1170 333017 6682 2600 326335 3324 854
internal_count=343041 10024 6305 5896 3719 3020 1361 1170 333017 6682 2600 326335 3324 854
is_linear=0
shrinkage=0.04


Tree=119
num_leaves=15
num_cat=0
split_feature=15 2 11 10 3 8 2 10 10 3 11 3 10 8
split_gain=106.049 242.088 190.942 135.801 126.328 139.2 193.821 147.699 109.486 238.021 140.476 290.755 266.74 212.728
threshold=12.200141976749977 102.36229750000001 40.835823007112417 -32.618526298808384 4.8557120000000014 0.61795261838920645 84.757812500000014 -11.60354355501641 -32.618526298808384 28.319568500000003 40.278393343314541 14.319600500000002 -6.5950151498077494 0.11962878176122048
decision_type=2 2 2 2 2 2 2 2 2 2 2 2 2 2
left_child=8 4 3 -3 -2 -6 -7 -8 9 -1 -10 -12 13 -13
right_child=1 2 -4 -5 5 6 7 -9 10 -11 11 12 -14 -15
leaf_value=-0.12420341145445349 0 -0.0049786448421384804 0.015982543828852714 0 0.0033723071969106698 -0.0052691340884235263 -2.4099810959516964e-05 0.0053101218236621039 0 0.0010567586951736542 -0.020005523252061598 0.0041188893013250662 -0.0079610424758020052 -0.00070144381613616857
leaf_weight=230 700 1253 379 4608 1653 191 633 522 287142 21268 1613 3295 741 18797
leaf_count=230 700 1253 379 4608 1653 191 633 522 287142 21268 1613 3295 741 18797
internal_value=-7.91779e-05 0.00399235 -0.000814103 -0.00259341 0.0121006 0.0156719 0.00612184 0.0122944 -0.000200669 0.00256024 -0.000391158 -0.00330197 -0.00214251 -0.00135072
internal_weight=343025 9939 6240 5861 3699 2999 1346 1155 333086 21498 311588 24446 22833 22092
internal_count=343025 9939 6240 5861 3699 2999 1346 1155 333086 21498 311588 24446 22833 22092
is_linear=0
shrinkage=0.04


Tree=120
num_leaves=15
num_cat=0
split_feature=13 11 2 14 11 1 3 1 3 0 10 3 15 13
split_gain=101.146 167.926 329.97 106.6 125.917 189.095 1381.52 394.749 687.612 438.408 360.602 562.977 281.06 265.021
threshold=688.62798463473371 15.395052116293281 108.452263 0.21135727656717004 42.672427636020338 22.627890539155086 23.340375000000005 26.6198414426871 19.999941500000002 10.266628816038951 -28.03206045357491 24.999868000000003 9.4220805387499968 289.15636952549113
decision_type=2 2 2 2 2 2 2 2 2 2 2 2 2 2
left_child=3 -2 -3 4 5 -1 7 8 -7 -10 11 -8 -13 -12
right_child=1 2 -4 -5 -6 6 10 -9 9 -11 13 12 -14 -15
leaf_value=0 0 -0.00077450502190755225 2.4191755938378635e-05 0 -0.0011781774072312384 -0.11306999668848365 -0.074117149954314496 -0.11020645496950333 0.0028056429020831318 -0.073148963353997884 -0.00091562925044274017 0.0028815534775123346 -0.0014321223695629237 0.0049290430490888616
leaf_weight=240263 4272 1084 1280 46702 21817 910 596 1103 1920 371 918 10309 3847 7631
leaf_count=240263 4272 1084 1280 46702 21817 910 596 1103 1920 371 918 10309 3847 7631
internal_value=-5.84217e-05 -0.00494876 -0.0135025 3.80514e-05 -0.000247855 -9.8556e-06 0.00312552 -0.0176952 -0.0105842 0.00109996 0.00697137 0.0031833 0.00478666 0.013508
internal_weight=343023 6636 2364 336387 289685 267868 27605 4304 3201 2291 23301 14752 14156 8549
internal_count=343023 6636 2364 336387 289685 267868 27605 4304 3201 2291 23301 14752 14156 8549
is_linear=0
shrinkage=0.04


Tree=121
num_leaves=15
num_cat=0
split_feature=15 2 11 1 13 1 0 10 11 0 1 1 1 15
split_gain=104.326 203.43 174.897 137.077 124.646 129.788 134.444 106.355 137.035 201.288 249.34 230.128 214.859 172.927
threshold=12.200141976749977 102.36229750000001 40.673170147241159 32.760892682952139 508.34694477220165 16.93646228029662 26.143275385359846 -32.618526298808384 40.278393343314541 3.1023653460643019 16.368215035688554 6.4131288388078778 13.922959794807237 6.3665065888750698
decision_type=2 2 2 2 2 2 2 2 2 2 2 2 2 2
left_child=7 4 3 -3 -2 -6 -7 -1 -9 10 -10 -11 -13 -14
right_child=1 2 -4 -5 5 6 -8 8 9 11 -12 12 13 -15
leaf_value=0.00088092514378569989 0.00450982347255859 0 0.013531937271666929 -0.0052134099085242571 0 0.0040986685138665801 -0.020776233855406195 0 0.03614722718272935 -0.0061789895660566965 -5.6380175232095821e-05 0.0081982263003824146 -0.0024277792870715967 -0.00031434258233133659
leaf_weight=21455 841 4720 402 1195 2215 626 53 287024 853 851 3591 1015 9043 9164
leaf_count=21455 841 4720 402 1195 2215 626 53 287024 853 851 3591 1015 9043 9164
internal_value=-9.52636e-05 0.00391962 -0.000455913 -0.00219104 0.0113199 0.00738079 0.0226804 -0.000216459 -0.000404056 -0.00327446 0.00442844 -0.00497982 -0.00407866 -0.00507717
internal_weight=343048 10052 6317 5915 3735 2894 679 332996 311541 24517 4444 20073 19222 18207
internal_count=343048 10052 6317 5915 3735 2894 679 332996 311541 24517 4444 20073 19222 18207
is_linear=0
shrinkage=0.04


Tree=122
num_leaves=15
num_cat=0
split_feature=13 11 2 14 11 3 1 1 0 10 3 10 11 1
split_gain=92.6155 162.926 315.949 105.703 128.672 199.301 276.735 227.253 195.964 331.482 322.271 169.956 159.453 158.874
threshold=688.62798463473371 15.72036527913369 108.452263 0.21135727656717004 42.672427636020338 14.624711000000001 15.936850219379966 7.2685365940363988 3.3040598555800758 -17.392184447845157 20.000043500000004 -44.931145900816311 62.634648028995088 14.298087551365446
decision_type=2 2 2 2 2 2 2 2 2 2 2 2 2 2
left_child=3 -2 -3 4 11 6 -6 -7 9 10 -9 -1 13 -10
right_child=1 2 -4 -5 5 7 -8 8 12 -11 -12 -13 -14 -15
leaf_value=0.0073009323148667338 0 -0.00074629116561520498 1.9263022278270813e-05 0 -0.0013453909080214245 -0.0077738539758721538 -0.069434816675125147 -0.017554813826375106 0.010035663339614111 0.057215473962703753 0.045123684941287198 0 0.0047656949851019271 -0.0019011280587773727
leaf_weight=1220 4291 1089 1306 46716 904 626 636 912 588 650 1081 266594 1720 14705
leaf_count=1220 4291 1089 1306 46716 904 626 636 912 588 650 1081 266594 1720 14705
internal_value=-0.000124418 -0.00478612 -0.0131441 -3.17524e-05 -0.000316535 -0.00327009 -0.0171429 -0.00221674 -0.00146113 0.00867196 0.000582037 -7.58736e-05 -0.00303533 -0.00433401
internal_weight=343038 6686 2395 336352 289636 21822 1540 20282 19656 2643 1993 267814 17013 15293
internal_count=343038 6686 2395 336352 289636 21822 1540 20282 19656 2643 1993 267814 17013 15293
is_linear=0
shrinkage=0.04


Tree=123
num_leaves=15
num_cat=0
split_feature=15 12 11 12 0 3 0 10 3 11 3 10 0 1
split_gain=91.0367 196.374 183.22 141.65 161.925 117.835 130.756 99.0431 230.953 158.94 222.694 387.367 324.861 253.422
threshold=12.200141976749977 85.044386515334324 41.373025202505566 69.048360860860029 5.9040926795941919 13.277705500000001 24.758118523014229 -32.618526298808384 28.319568500000003 40.278393343314541 15.112178000000002 -16.193269672219991 1.124533256182237 7.0867308516766707
decision_type=2 2 2 2 2 2 2 2 2 2 2 2 2 2
left_child=7 3 -3 4 -2 -5 -7 8 -1 -9 11 -11 -12 -14
right_child=1 2 -4 5 -6 6 -8 9 -10 10 12 -13 13 -15
leaf_value=-0.1181202840265631 0.00055540405356946875 0 0.020511561163223852 0 -0.004133739795696245 0.0041872222802509943 -0.01275118521072364 0 0.00099459137625114154 -0.044954674666470885 0.035521017612679784 -0.00065528466421829409 -0.0076186193961126514 -0.00061829616028566956
leaf_weight=229 1124 6980 217 379 174 1115 47 287032 21124 1123 1022 1703 627 20043
leaf_count=229 1124 6980 217 379 174 1115 47 287032 21124 1123 1022 1703 627 20043
internal_value=-0.000122587 0.00363093 0.000116715 0.0125396 0.00280431 0.0207398 0.0270568 -0.000235744 0.00239966 -0.00041637 -0.00350763 -0.0140694 -0.00213166 -0.00322013
internal_weight=342939 10036 7197 2839 1298 1541 1162 332903 21353 311550 24518 2826 21692 20670
internal_count=342939 10036 7197 2839 1298 1541 1162 332903 21353 311550 24518 2826 21692 20670
is_linear=0
shrinkage=0.04


Tree=124
num_leaves=15
num_cat=0
split_feature=1 3 10 11 0 1 12 3 0 10 11 3 1 0
split_gain=89.4411 607.655 689.499 532.299 447.384 412.114 614.868 293.702 695.045 608.843 268.686 251.562 1137.7 727.594
threshold=11.609251106093916 13.908696000000001 -13.502870142235 15.395052116293281 12.350074815892842 6.1631719362104223 105.97823981987422 17.000007500000006 14.2851197473677 -17.211837522819266 23.263014207474566 19.296557000000004 20.446351655384095 16.734146380268431
decision_type=2 2 2 2 2 2 2 2 2 2 2 2 2 2
left_child=3 2 -2 -1 -4 -5 -7 8 9 -3 -11 12 13 -9
right_child=1 7 4 5 -6 6 -8 11 -10 10 -12 -13 -14 -15
leaf_value=0 -0.044902307644409743 -0.027377920107973148 0.0044545519699333118 -0.0011592162976423858 -0.013727794528709467 0.0019734319514227018 -0.0011300524095147547 0.0022079861230262167 -0.029342998637884359 0.0060540158203018033 0.0014626424544772882 0.00023780234402284925 -0.092099220214423211 -0.064573189822653781
leaf_weight=201804 2458 1068 1144 9314 466 4791 8203 4431 944 4346 5956 95678 1759 658
leaf_count=201804 2458 1068 1144 9314 466 4791 8203 4431 944 4346 5956 95678 1759 658
internal_value=-0.000128506 0.000758233 -0.0144346 -0.000598986 0.00591304 -0.00646226 -0.00185932 0.00129641 0.00713334 0.00987159 0.0128519 0.000595361 -0.00681075 0.00277461
internal_weight=343020 118908 4068 224112 1610 22308 12994 114840 12314 11370 10302 102526 6848 5089
internal_count=343020 118908 4068 224112 1610 22308 12994 114840 12314 11370 10302 102526 6848 5089
is_linear=0
shrinkage=0.04


Tree=125
num_leaves=15
num_cat=0
split_feature=13 11 2 14 11 8 8 11 2 2 11 1 11 1
split_gain=76.4794 139.611 262.923 103.605 123.736 133.435 222.61 240.416 194.709 181.209 108.945 157.186 154.498 254.163
threshold=688.62798463473371 15.72036527913369 109.21984500000001 0.21135727656717004 58.849254208075543 0.77474358007089272 0.61795261838920645 15.72036527913369 101.491112 112.80261600000001 54.906443753795962 42.572271287430063 61.380817138695015 17.075400319317179
decision_type=2 2 2 2 2 2 2 2 2 2 2 2 2 2
left_child=3 -2 -3 10 5 6 -5 -8 -9 -10 11 -1 13 -12
right_child=1 2 -4 4 -6 -7 7 8 9 -11 12 -13 -14 -15
leaf_value=0 0 -0.00068290638624101622 5.6193987051897934e-05 0 0.0091206430790296937 0.00032297691974971567 -0.00052759165472669788 0.0079230899738838723 -0.0043943970856773198 0.0003001656991719093 0.0016351394236641715 0.0036419556785692729 0.00086525052171225914 -0.0070054998678788418
leaf_weight=279109 4327 1144 1226 29947 433 13760 751 159 565 992 1030 3218 2928 3333
leaf_count=279109 4327 1144 1226 29947 433 13760 751 159 565 992 1030 3218 2928 3333
internal_value=-0.000115595 -0.00434822 -0.0121519 -3.12886e-05 0.00171906 0.00151947 0.000118467 -0.0114309 -0.00317016 -0.00747592 -0.000312964 -0.000188292 -0.00514058 -0.00991061
internal_weight=342922 6697 2370 336225 46607 46174 32414 2467 1716 1557 289618 282327 7291 4363
internal_count=342922 6697 2370 336225 46607 46174 32414 2467 1716 1557 289618 282327 7291 4363
is_linear=0
shrinkage=0.04


Tree=126
num_leaves=15
num_cat=0
split_feature=2 3 10 2 0 15 0 12 11 1 3 12 12 2
split_gain=72.9615 341.488 298.682 256.767 416.202 247.742 339.759 336.27 329.16 286.68 286.293 243.671 389.682 558.025
threshold=76.05765150000002 4.7723525000000011 -4.3075978776330324 108.452263 1.234262235183883 7.5518605999999986 0.60671519641065352 57.128264042363035 16.874277643654889 12.96111322372052 1.0000000180025095e-35 61.362819044566457 66.369411949604554 65.332866500000009
decision_type=2 2 2 2 2 2 2 2 2 2 2 2 2 2
left_child=5 2 -2 4 -3 -1 10 -8 -9 11 -7 -10 -13 -14
right_child=1 3 -4 -5 -6 6 7 8 9 -11 -12 12 13 -15
leaf_value=0 -0.018728830112972439 -0.00010569976140438154 3.5794425790589557e-05 0 0.0003659270328956518 0 0.00070961450654584565 -0.0010568464081786193 0.0040207044691214231 0.0077445052344255593 0.00041148498582677551 -0.0039656910203646287 0.0044482391665162579 -0.0014660523281943394
leaf_weight=97238 878 366 785 185523 44378 5813 222 3834 176 238 948 863 681 1104
leaf_count=97238 878 366 785 185523 44378 5813 222 3834 176 238 948 863 681 1104
internal_value=-0.000118001 0.000285776 -0.0177751 0.000416212 0.00313606 -0.000960789 -0.00596008 -0.0120596 -0.0136195 -0.00384063 0.00046147 -0.00739377 -0.010423 0.000246499
internal_weight=343047 231930 1663 230267 44744 111117 13879 7118 6896 3062 6761 2824 2648 1785
internal_count=343047 231930 1663 230267 44744 111117 13879 7118 6896 3062 6761 2824 2648 1785
is_linear=0
shrinkage=0.04


Tree=127
num_leaves=15
num_cat=0
split_feature=14 11 14 11 8 8 12 12 12 12 11 12 11 12
split_gain=75.784 408.984 98.4387 103.839 114.449 215.991 277.425 231.081 223.594 115.263 120.981 227.616 207.033 164.677
threshold=0.23320872121670802 15.72036527913369 0.21135727656717004 58.849254208075543 0.77474358007089272 0.61795261838920645 72.018121648416496 111.87285026083465 135.98227645934398 57.128264042363035 2.0210779222067612 77.144359922234557 1.4069179835203147 129.08661664427828
decision_type=2 2 2 2 2 2 2 2 2 2 2 2 2 2
left_child=2 -2 -1 4 5 -4 -7 -8 -9 -6 11 12 -11 -12
right_child=1 -3 3 -5 9 6 7 8 -10 10 13 -13 -14 -15
leaf_value=0 0 -0.00063710578642996781 0 0.008820005687647757 0.00035158420208366485 -0.00054549556171622942 0.0074519375109785299 -0.0040497936682788302 0.00059274941011113965 0.00038134214694177565 0.00055746864343413311 -0.0094740780401651598 -0.0022389919489119339 -0.00029982203538081567
leaf_weight=289829 5657 1043 29831 436 145 731 183 691 957 1767 7845 449 212 3493
leaf_count=289829 5657 1043 29831 436 145 731 183 691 957 1767 7845 449 212 3493
internal_value=-0.000115944 -0.00432836 -3.20885e-05 0.00167137 0.00148842 0.000185225 -0.0109602 -0.00264336 -0.00737864 0.00452304 0.00414935 -0.00395387 0.00187974 0.00588464
internal_weight=343269 6700 336569 46740 46304 32393 2562 1831 1648 13911 13766 2428 1979 11338
internal_count=343269 6700 336569 46740 46304 32393 2562 1831 1648 13911 13766 2428 1979 11338
is_linear=0
shrinkage=0.04


Tree=128
num_leaves=15
num_cat=0
split_feature=0 3 12 9 13 11 1 11 1 12 3 3 10 10
split_gain=75.9458 1039.04 256.32 187.437 277.634 187.192 175.106 484.364 385.131 514.587 380.965 350.028 688.572 295.964
threshold=13.757609379611074 15.225621500000001 133.23652206107963 0.002549535925532143 308.55072763694039 10.202080632683939 11.609251106093916 15.395052116293281 5.9624654205456293 105.97823981987422 13.277705500000001 17.000007500000006 -17.569324442732515 -12.788617479025509
decision_type=2 2 2 2 2 2 2 2 2 2 2 2 2 2
left_child=6 -2 5 4 -4 -3 7 -1 -9 -10 -8 12 -12 -14
right_child=1 2 3 -5 -6 -7 10 8 9 -11 11 -13 13 -15
leaf_value=0 -0.048549255732519406 -0.017834784409233181 0.0042664164210846232 -0.0015305045607674707 -7.5733310714792276e-05 0.0012625575080175324 -0.019429880502991766 -0.0010942408382401349 0.00167212271658284 -0.0010451125171835169 -0.045100864615712409 0.00016884878481297606 0.0013540640360559049 0.0090617758151756451
leaf_weight=201595 1175 585 362 10667 2135 12448 1700 9102 4928 8352 906 77285 8813 2980
leaf_count=201595 1175 585 362 10667 2135 12448 1700 9102 4928 8352 906 77285 8813 2980
internal_value=-0.000159168 -0.00218033 -0.000529832 -0.00446673 0.00539848 0.00344664 1.60932e-05 -0.000586667 -0.00616924 -0.0018253 0.00148859 0.00184299 0.00799748 0.0105792
internal_weight=343033 27372 26197 13164 2497 13033 315661 223977 22382 13280 91684 89984 12699 11793
internal_count=343033 27372 26197 13164 2497 13033 315661 223977 22382 13280 91684 89984 12699 11793
is_linear=0
shrinkage=0.04


Tree=129
num_leaves=15
num_cat=0
split_feature=15 2 3 11 9 2 1 9 12 3 10 10 11 9
split_gain=73.9041 149.472 203.548 165.266 112.736 170.15 103.95 98.4174 89.5662 91.0036 152.282 81.1076 124.456 80.871
threshold=12.200141976749977 102.36229750000001 4.7723525000000011 41.373025202505566 0.36718358381762201 84.757812500000014 4.7564487831014768 0.22108161893078318 65.327202370941208 14.731003500000002 -13.975806866279397 -32.618526298808384 39.246440494009811 0.60186556455672457
decision_type=2 2 2 2 2 2 2 2 2 2 2 2 2 2
left_child=13 2 -2 11 5 -4 -7 -8 -6 10 -10 12 -3 -1
right_child=1 3 4 -5 8 6 7 -9 9 -11 -12 -13 -14 -15
leaf_value=-7.0788065866287387e-05 0 -0.0088792225922430142 -0.0054864648986641994 0.019001515119020315 0.00036796362829150109 0.016341510129315749 7.7360072381137398e-05 0.0042221529286960166 -0.019740402458161471 0.0055745378929516389 0.011785715700278651 0 0.00072346367468711925 0
leaf_weight=124811 674 809 186 224 504 210 830 120 113 954 112 4626 604 208443
leaf_count=124811 674 809 186 224 504 210 830 120 113 954 112 4626 604 208443
internal_value=-0.000151157 0.00324303 0.00961383 -0.000523711 0.0140376 0.00540862 0.0111034 0.00547368 0.0209388 0.026972 0.00408889 -0.00177513 -0.0101628 -0.00025266
internal_weight=343220 9966 3703 6263 3029 1346 1160 950 1683 1179 225 6039 1413 333254
internal_count=343220 9966 3703 6263 3029 1346 1160 950 1683 1179 225 6039 1413 333254
is_linear=0
shrinkage=0.04


Tree=130
num_leaves=15
num_cat=0
split_feature=15 12 12 11 3 0 1 11 3 1 9 10 3 1
split_gain=72.0148 157.167 210.155 164.451 128.119 115.107 107.35 104.373 103.477 129.628 151.339 87.3557 232.087 126.162
threshold=12.200141976749977 85.044386515334324 69.048360860860029 41.018831746372378 13.277705500000001 26.143275385359846 33.941729957861355 39.246440494009811 4.3382475000000005 4.7564487831014768 0.38566687845925235 -32.618526298808384 28.319568500000003 29.17654475013633
decision_type=2 2 2 2 2 2 2 2 2 2 2 2 2 2
left_child=11 2 8 6 -4 -6 -3 -8 -2 -10 -11 12 -1 -13
right_child=1 3 4 -5 5 -7 7 -9 9 10 -12 13 -14 -15
leaf_value=-0.11075637559675397 -2.2216162142778752e-05 0 0 0.016603591662198457 0.0036559070608064826 -0.016930532644261396 -0.014964515410158641 -0.0001316493545698516 0.009489621528694472 -0.0049204122247915238 0.00053409400433911071 0 0.00092369908993868545 -0.0022614151797649522
leaf_weight=228 124 5808 372 312 1139 39 518 517 281 366 519 304449 21189 7106
leaf_count=228 124 5808 372 312 1139 39 518 517 281 366 519 304449 21189 7106
internal_value=-0.00012386 0.00322161 0.0111831 6.14955e-05 0.0211097 0.0275722 -0.00123338 -0.0131014 -0.000744186 0.00295026 -0.00456497 -0.000224283 0.00224681 -0.000394152
internal_weight=342967 9995 2840 7155 1550 1178 6843 1035 1290 1166 885 332972 21417 311555
internal_count=342967 9995 2840 7155 1550 1178 6843 1035 1290 1166 885 332972 21417 311555
is_linear=0
shrinkage=0.04


Tree=131
num_leaves=15
num_cat=0
split_feature=11 11 11 1 3 1 15 2 11 0 11 14 1 3
split_gain=76.4788 87.8699 116.094 119.645 363.463 184.547 150.764 118.103 135.135 124.876 138.922 113.31 164.661 123.32
threshold=67.898054504919216 62.634648028995088 54.906443753795962 35.430570986193729 33.63970650000001 37.009348351324796 9.4220805387499968 118.93086250000002 41.018831746372378 8.2539116937354269 47.310546999536193 0.20924247074170185 16.092750191605145 14.999899500000001
decision_type=2 2 2 2 2 2 2 2 2 2 2 2 2 2
left_child=1 2 3 -1 5 -5 -6 8 -8 10 -10 12 -4 -14
right_child=-2 -3 11 4 6 -7 7 -9 9 -11 -12 -13 13 -15
leaf_value=0 -0.0056064550113606492 0.0044863762913305606 0.0050381571238324744 0.02184838951027409 0.0026872068484366084 -0.13267234389864016 -0.0029070833765053893 -0.015770365291995003 -0.0038289754157758062 0.0029150141750584526 0.0061193551058077514 0.00091332378447568305 -0.063807714230807361 -0.0039596942409754633
leaf_weight=320908 750 1468 740 172 8472 544 1238 183 729 1626 149 1636 273 4032
leaf_count=320908 750 1468 740 172 8472 544 1238 183 729 1626 149 1636 273 4032
internal_value=-0.00014744 -0.000119473 -0.000161549 -5.71222e-05 0.00368794 -0.0240223 0.00528838 -0.00119236 0.000342063 0.0056869 -0.00646925 -0.00538243 -0.00834886 -0.0113449
internal_weight=342920 342170 340702 334021 13113 716 12397 3925 3742 2504 878 6681 5045 4305
internal_count=342920 342170 340702 334021 13113 716 12397 3925 3742 2504 878 6681 5045 4305
is_linear=0
shrinkage=0.04


Tree=132
num_leaves=15
num_cat=0
split_feature=15 2 11 2 11 8 0 10 1 13 13 11 2 11
split_gain=76.6152 139.561 175.844 145.29 163.909 130.58 86.6306 73.4385 115.864 315.025 166.453 312.242 489.775 409.134
threshold=12.200141976749977 102.36229750000001 41.373025202505566 85.199161500000017 10.202080632683939 0.78026360488878244 5.9040926795941919 -32.618526298808384 29.17654475013633 440.48236186775978 513.32521284928225 3.0334720131304862 67.506882000000004 1.0000000180025095e-35
decision_type=2 2 2 2 2 2 2 2 2 2 2 2 2 2
left_child=7 3 -3 4 6 -5 -2 -1 10 -10 -9 13 -13 -12
right_child=1 2 -4 5 -6 -7 -8 8 9 -11 11 12 -14 -15
leaf_value=0.00070077057511103711 0 0 0.018134027833290378 0.0037589208668661646 0.011299497546375865 0.00070134665440905076 -0.0037863230902667783 0 -0.037565165292161022 0.00063699201133717357 0 -0.00097320633777693739 -0.00025195707452325316 0.00037755542367803988
leaf_weight=21439 1400 6002 229 1155 156 841 156 259582 3442 3725 19563 2875 20014 2698
leaf_count=21439 1400 6002 229 1155 156 841 156 259582 3442 3725 19563 2875 20014 2698
internal_value=-0.00014449 0.00331623 -0.000340234 0.00946063 0.000911215 0.0167936 -0.00300771 -0.000247677 -0.000403336 -0.00543045 -0.000285103 -0.00252669 -0.00580716 0.000846323
internal_weight=343277 9939 6231 3708 1712 1996 1556 333338 311899 7167 304732 45150 22889 22261
internal_count=343277 9939 6231 3708 1712 1996 1556 333338 311899 7167 304732 45150 22889 22261
is_linear=0
shrinkage=0.04


Tree=133
num_leaves=15
num_cat=0
split_feature=15 12 12 11 12 0 1 10 11 1 9 11 12 0
split_gain=66.9409 146.447 173.603 153.953 106.07 86.9677 92.771 81.8143 118.419 109.051 80.7113 178.361 795.065 588.295
threshold=12.200141976749977 85.044386515334324 69.048360860860029 41.373025202505566 63.764914599408748 26.143275385359846 10.153972630808036 -32.618526298808384 37.675515853271527 17.479568878969392 0.58936140814972182 4.8811881326391946 72.748233629733491 6.2634429907017823
decision_type=2 2 2 2 2 2 2 2 2 2 2 2 2 2
left_child=10 2 4 7 -2 6 -4 8 -3 -9 11 13 -13 -1
right_child=1 3 5 -5 -6 -7 -8 9 -10 -11 -12 12 -14 -15
leaf_value=8.6635874343739472e-05 0.00054695105887044178 -0.012855751894773167 0 0.016827680338473375 -0.0001599790621742636 -0.013799878407334539 0.0031891984806458485 0 -0.00082326558085330068 0.0078254640789282154 0 -0.00044069376626225523 -7.4698438673975748e-05 -0.0024139394156119766
leaf_weight=27019 969 350 285 219 311 38 1231 4909 1103 572 209598 11564 81399 3631
leaf_count=27019 969 350 285 219 311 38 1231 4909 1103 572 209598 11564 81399 3631
internal_value=-0.000138812 0.00308801 0.0107833 3.91444e-05 -0.000125 0.0197683 0.0212665 -0.00100375 -0.00944253 0.00123335 -0.000235526 -0.00104617 -0.00191861 0.0016
internal_weight=343198 9987 2834 7153 1280 1554 1516 6934 1453 5481 333211 123613 92963 30650
internal_count=343198 9987 2834 7153 1280 1554 1516 6934 1453 5481 333211 123613 92963 30650
is_linear=0
shrinkage=0.04


Tree=134
num_leaves=15
num_cat=0
split_feature=1 3 10 0 10 11 15 1 12 3 0 1 13 15
split_gain=83.2523 530.289 919.885 499.717 839.637 450.591 355.073 323.213 401.87 312.744 518.049 400.682 356.014 261.343
threshold=11.609251106093916 14.319600500000002 -13.131514433950185 7.6612598508808141 -15.392692672142081 15.395052116293281 9.0992552776249926 5.9624654205456293 105.97823981987422 17.000007500000006 14.680098874482505 17.861789742531112 268.7841962257441 7.5518605999999986
decision_type=2 2 2 2 2 2 2 2 2 2 2 2 2 2
left_child=5 2 3 4 -2 -1 7 -7 -9 10 11 12 -3 -10
right_child=1 9 -4 -5 -6 6 -8 8 13 -11 -12 -13 -14 -15
leaf_value=0 -0.050183681064490955 -0.0011723555336079405 0.0028873754514291473 -0.041467579440008236 0.0085128250336108206 -0.0010665045188828193 0.007102872845038616 0.0013262503341216973 -0.00079822189835471126 0.00014241372490630123 -0.030463455488233055 -0.032077766919700636 0.0034461204749357079 -0.0047738820266328801
leaf_weight=202153 980 499 1724 1949 893 8976 365 4719 7919 102561 580 581 9197 418
leaf_count=202153 980 499 1724 1949 893 8976 365 4719 7919 102561 580 581 9197 418
internal_value=-8.75656e-05 0.000767963 -0.0113091 -0.0222501 -0.007496 -0.000540815 -0.00592401 -0.00657226 -0.00255515 0.00135851 0.00781431 0.00989005 0.0118234 -0.00783495
internal_weight=343514 118964 5546 3822 1873 224550 22397 22032 13056 113418 10857 10277 9696 8337
internal_count=343514 118964 5546 3822 1873 224550 22397 22032 13056 113418 10857 10277 9696 8337
is_linear=0
shrinkage=0.04


Tree=135
num_leaves=15
num_cat=0
split_feature=3 1 1 13 1 3 0 3 1 14 13 13 0 3
split_gain=71.0002 1514.28 467.306 495.036 489.557 510.569 279.378 257.614 234.519 228.643 276.592 228.431 281.525 290.297
threshold=25.395358500000004 28.049563007472312 22.627890539155086 466.27196737977994 29.986953867538883 27.328167000000004 20.021147225948877 24.999868000000003 34.327855421369527 0.20924247074170185 559.78456154099251 289.15636952549113 6.4330500164967388 29.103087000000006
decision_type=2 2 2 2 2 2 2 2 2 2 2 2 2 2
left_child=1 6 -2 4 11 -6 -1 -3 -7 -5 -11 -4 13 -13
right_child=2 7 3 9 5 8 -8 -9 -10 10 -12 12 -14 -15
leaf_value=0 0 -0.10849654964435632 -0.00078402064143363902 -0.00089516442433714924 -0.061396124308090563 0.0078179789363988193 -0.023711697779869884 -0.0009922123079274597 0.00026021326397545507 0.0042054162293598905 -7.2474403711431104e-05 0.11785110865453674 0.0033492548208108033 0.0028133598421209794
leaf_weight=204296 88529 1929 733 12479 565 2187 1501 724 4977 7191 10153 2471 3552 1574
leaf_count=204296 88529 1929 733 12479 565 2187 1501 724 4977 7191 10153 2471 3552 1574
internal_value=-0.000132649 -0.000594867 0.000584178 0.00386034 0.00952239 0.00227196 -0.000207778 -0.0306219 0.00515913 0.000811454 0.00378229 0.0162497 0.0183072 0.0255229
internal_weight=342861 208450 134411 45882 16059 7729 205797 2653 7164 29823 17344 8330 7597 4045
internal_count=342861 208450 134411 45882 16059 7729 205797 2653 7164 29823 17344 8330 7597 4045
is_linear=0
shrinkage=0.04


Tree=136
num_leaves=15
num_cat=0
split_feature=0 3 2 9 13 10 3 3 3 14 10 3 3 11
split_gain=65.6411 1000.13 197.179 195.219 340.261 222.103 438.079 275.095 187.257 286.085 173.622 200.343 185.359 167.503
threshold=13.691278076197369 14.999899500000001 107.08577350000002 0.002549535925532143 268.7841962257441 -17.392184447845157 19.999941500000002 18.601719500000005 51.263304500000004 0.20458749566533713 -23.009822510879143 26.505088000000004 22.208853000000001 9.6965359003044238
decision_type=2 2 2 2 2 2 2 2 2 2 2 2 2 2
left_child=-1 -2 8 4 -4 6 -6 -7 9 13 11 -8 -12 -3
right_child=1 2 3 -5 5 7 10 -9 -10 -11 12 -13 -14 -15
leaf_value=0 -0.046483043465610621 -0.060276300160827294 0.0048108311177754697 -0.0013523350934390433 -0.069053441750332331 -0.00011852325038076316 -0.081549532015959908 0.077686933537983144 0.0047253203420208377 -0.0012443340275386655 -0.0020689983151488812 0.0016221271499231461 0.033879328656850963 0.0017924484363758765
leaf_weight=315027 1113 118 452 12785 562 639 333 494 1721 4173 653 590 966 3604
leaf_count=315027 1113 118 452 12785 562 639 333 494 1721 4173 653 590 966 3604
internal_value=-0.000126912 -0.00197568 -0.000448874 -0.00298043 0.00400085 0.000481473 -0.00505155 0.0156399 0.00415141 0.00154528 0.00201416 -0.011831 0.00990735 0.00960774
internal_weight=343230 28203 27090 17474 4689 4237 3104 1133 9616 7895 2542 923 1619 3722
internal_count=343230 28203 27090 17474 4689 4237 3104 1133 9616 7895 2542 923 1619 3722
is_linear=0
shrinkage=0.04


Tree=137
num_leaves=15
num_cat=0
split_feature=12 11 0 13 12 14 0 12 3 1 1 13 2 0
split_gain=66.8038 758.941 326.793 312.109 179.912 136.443 166.209 116.907 231.569 110.27 170.988 149.819 147.979 369.607
threshold=66.369411949604554 6.3298237967923408 6.3803630894693439 613.56417515146063 58.75310183626025 0.21021760849986634 3.4556675488434232 61.684497076121893 22.011335000000006 5.9624654205456293 4.7564487831014768 613.56417515146063 58.187654500000008 2.3564415799214249
decision_type=2 2 2 2 2 2 2 2 2 2 2 2 2 2
left_child=1 2 9 4 -3 7 -7 8 -6 10 12 -12 13 -1
right_child=-2 3 -4 -5 5 6 -8 -9 -10 -11 11 -13 -14 -15
leaf_value=0 0 0.0005970160573123606 -0.0054148314009290757 0.0051755363305641669 -0.00085936763188417475 0.00194646451093423 -0.00054610240460261088 -0.0015163991816300759 0.0029005113280295724 0.0013944907727969252 -0.0010667024142287083 0.002140149180209897 0.0001592770638236253 -0.0033681794113765572
leaf_weight=26611 304356 251 380 190 1042 125 343 2851 237 595 763 67 4498 649
leaf_count=26611 304356 251 380 190 1042 125 343 2851 237 595 763 67 4498 649
internal_value=-0.000143225 -0.00171079 0.000462414 -0.0161858 -0.0181563 -0.0199565 0.000512821 -0.022276 -0.0122283 0.00088479 0.000573217 -0.0173494 0.00104163 -6.74982e-05
internal_weight=342958 38602 33563 5039 4849 4598 468 4130 1279 33183 32588 830 31758 27260
internal_count=342958 38602 33563 5039 4849 4598 468 4130 1279 33183 32588 830 31758 27260
is_linear=0
shrinkage=0.04


Tree=138
num_leaves=15
num_cat=0
split_feature=12 11 2 13 0 12 3 2 14 13 2 0 2 11
split_gain=99.9694 695.108 634.111 280.966 268.564 185.149 254.775 164.443 157.908 137.577 158.234 135.064 115.401 397.886
threshold=66.369411949604554 6.3298237967923408 97.778469000000015 613.56417515146063 6.4927736889213703 61.684497076121893 23.523092000000002 79.18666450000002 0.21021760849986634 228.57383096747418 54.371864500000008 3.4556675488434232 52.008179000000005 1.3197530281607748
decision_type=2 2 2 2 2 2 2 2 2 2 2 2 2 2
left_child=1 2 4 5 7 6 -3 9 -7 10 -1 -10 -11 -14
right_child=-2 3 -4 -5 -6 8 -8 -9 11 12 -12 -13 13 -15
leaf_value=0 0 -0.00067309048939872499 -6.3710825529450119e-06 0.004992405015014024 -0.0053137292846049487 -0.0014945923609356382 0.0033685740215230243 0.00083484688387187368 0.0017704555000914884 0 0.00020376577973127698 -0.0005094488631625316 -0.00093646825172952089 3.3239146979746338e-05
leaf_weight=715 304442 1239 624 186 348 2861 291 1799 108 18515 695 349 3473 7539
leaf_count=715 304442 1239 624 186 348 2861 291 1799 108 18515 695 349 3473 7539
internal_value=-0.000208984 -0.00212276 -5.22131e-05 -0.0159873 0.000701245 -0.0178383 -0.0063268 0.00107283 -0.0231465 0.000389178 0.0125957 -0.00131291 -0.000193721 -0.00343625
internal_weight=343184 38742 33708 5034 33084 4848 1530 32736 3318 30937 1410 457 29527 11012
internal_count=343184 38742 33708 5034 33084 4848 1530 32736 3318 30937 1410 457 29527 11012
is_linear=0
shrinkage=0.04


Tree=139
num_leaves=15
num_cat=0
split_feature=15 11 3 11 0 0 0 15 11 15 10 10 3 2
split_gain=93.8573 304.179 223.676 218.151 141.342 151.955 141.083 117.571 300.1 214.359 189.547 180.462 342.386 208.177
threshold=2.6583574773750063 2.2588781612448181 105.00020600000001 14.447495175357341 1.2763084989995417 1.0000000180025095e-35 7.7943234357314859 3.6895660932500083 0.56687944252171629 3.7914950851250073 -2.0792450595840246 -1.0000000180025095e-35 14.731003500000002 61.317316000000005
decision_type=2 2 2 2 2 2 2 2 2 2 2 2 2 2
left_child=1 2 4 -3 5 -1 -6 8 10 11 -2 12 13 -9
right_child=7 3 -4 -5 6 -7 -8 9 -10 -11 -12 -13 -14 -15
leaf_value=0 -0.0016827118491398157 -0.0030195747438522529 0 -0.00046605111129922162 -0.0028269708423143058 0.00019350359797943 0.0047842921441292752 -0.000669749334660698 0.00067195643057020192 0 0 0 -0.0012793534198084955 0.00025606267768701787
leaf_weight=28526 774 873 1344 5004 245 624 42 273 12800 266511 19720 3104 1541 1715
leaf_count=28526 774 873 1344 5004 245 624 42 273 12800 266511 19720 3104 1541 1715
internal_value=-0.000209504 -0.00212232 -0.000530197 -0.0104611 0.00019839 0.000473413 -0.0277352 1.93188e-05 0.00226347 -0.000254225 -0.000737777 -0.00735715 -0.0135449 -0.00257545
internal_weight=343096 36658 30781 5877 29437 29150 287 306438 33294 273144 20494 6633 3529 1988
internal_count=343096 36658 30781 5877 29437 29150 287 306438 33294 273144 20494 6633 3529 1988
is_linear=0
shrinkage=0.04


Tree=140
num_leaves=15
num_cat=0
split_feature=12 11 2 0 13 12 3 14 0 15 11 10 15 10
split_gain=103.717 649.892 600.248 265.735 265.493 206.659 233.143 123.435 140.762 109.125 288.248 329.213 215.576 350.051
threshold=66.369411949604554 6.5027736621637446 97.778469000000015 6.4927736889213703 613.56417515146063 61.684497076121893 23.340375000000005 0.21021760849986634 3.4202176172328498 6.439399022125003 21.789031938589698 -7.2906628353537792 6.7825781912500256 -41.5913356545394
decision_type=2 2 2 2 2 2 2 2 2 2 2 2 2 2
left_child=1 2 3 -1 5 6 -3 -7 -9 10 -2 -12 13 -11
right_child=9 4 -4 -5 -6 7 -8 8 -10 12 11 -13 -14 -15
leaf_value=0 0 -0.00063866602834099229 -6.1162392508272122e-06 -0.0050945869454389215 0.0048037514640532977 -0.0014458444777417968 0.0032338310606621033 0.0017268896134661174 -0.0005203824515859647 -0.13237309683412987 -0.00029938158891468946 -0.00083294731737559413 0 0
leaf_weight=32939 137634 1172 595 358 186 2769 276 94 314 473 54034 5383 89509 17331
leaf_count=32939 137634 1172 595 358 186 2769 276 94 314 473 54034 5383 89509 17331
internal_value=-0.000180723 -0.0021311 -0.000178213 0.000533381 -0.0158886 -0.017773 -0.00524862 -0.0234813 -0.00294118 6.72879e-05 -0.000491649 -0.00282007 0.00109362 0.00511346
internal_weight=343067 38703 33892 33297 4811 4625 1448 3177 408 304364 197051 59417 107313 17804
internal_count=343067 38703 33892 33297 4811 4625 1448 3177 408 304364 197051 59417 107313 17804
is_linear=0
shrinkage=0.04


Tree=141
num_leaves=15
num_cat=0
split_feature=12 11 2 14 0 2 11 2 0 12 3 0 11 2
split_gain=82.2647 592.475 622.023 292.341 262.374 206.829 500.326 217.188 178.803 173.96 188.837 164.771 470.034 192.109
threshold=66.369411949604554 5.7565265955091407 97.778469000000015 0.21021760849986634 6.4927736889213703 64.23906700000002 1.649443697890661 84.757812500000014 3.4556675488434232 61.684497076121893 24.999868000000003 2.306551988212076 2.1486026637177615 55.299376000000002
decision_type=2 2 2 2 2 2 2 2 2 2 2 2 2 2
left_child=1 2 4 9 5 11 -7 -8 -5 10 -3 13 -13 -1
right_child=-2 3 -4 8 -6 6 7 -9 -10 -11 -12 12 -14 -15
leaf_value=0 0 -0.00047888404163693387 -5.8715896807941235e-06 0.0046905634937215038 -0.0048973966354031945 0.0013007820889395893 -0.0010009091827782065 0.00032269420236226193 -0.00013985022161070338 -0.0011211058252370266 0.0030145122323075391 -0.0020111132471634908 0.0011150386611996511 0.00015966787292572956
leaf_weight=24289 304229 1476 605 236 352 2103 825 366 409 3331 263 1356 624 2415
leaf_count=24289 304229 1476 605 236 352 2103 825 366 409 3331 263 1356 624 2415
internal_value=-0.000140108 -0.0018784 0.000184606 -0.0137673 0.000936591 0.00131465 0.0108075 -0.00990764 0.0115969 -0.0169941 -0.00673951 0.000224515 -0.0109091 0.00105003
internal_weight=342879 38650 32935 5715 32330 31978 3294 1191 645 5070 1739 28684 1980 26704
internal_count=342879 38650 32935 5715 32330 31978 3294 1191 645 5070 1739 28684 1980 26704
is_linear=0
shrinkage=0.04


Tree=142
num_leaves=15
num_cat=0
split_feature=12 2 11 0 13 12 3 14 13 2 0 13 13 8
split_gain=91.7869 556.317 611.487 247.998 218.252 165.096 193.998 146.441 141.228 137.562 115.926 113.179 108.362 131.673
threshold=66.369411949604554 97.778469000000015 6.3298237967923408 6.4927736889213703 613.56417515146063 61.684497076121893 23.340375000000005 0.21021760849986634 437.10312914365767 80.682647500000016 3.4894445345369403 402.92620667239208 228.57383096747418 0.99949963839910627
decision_type=2 2 2 2 2 2 2 2 2 2 2 2 2 2
left_child=1 2 3 9 5 6 -4 8 11 12 -9 -7 13 -1
right_child=-2 -3 4 -5 -6 7 -8 10 -10 -11 -12 -13 -14 -15
leaf_value=0 0 -5.636726093562359e-06 -0.00059521874209982897 -0.0047092165912532413 0.0044239788657423054 -0.00042639191168261371 0.0029556847180122266 0.0010318513737257538 -0.0024921642338137369 0.00096962563292248504 -0.00049862128462050705 0.0032135359442355383 0 0.00018015540331553845
leaf_weight=702 304201 606 1236 353 187 1228 281 117 1584 1348 327 61 30000 723
leaf_count=702 304201 606 1236 353 187 1228 281 117 1584 1348 327 61 30000 723
internal_value=-0.000142177 -0.00197559 -0.00137154 0.000600133 -0.0143796 -0.0160199 -0.00508899 -0.021019 -0.024323 0.000959326 0.00036036 -0.0144919 0.000422593 0.0112
internal_weight=342954 38753 38147 33126 5021 4834 1517 3317 2873 32773 444 1289 31425 1425
internal_count=342954 38753 38147 33126 5021 4834 1517 3317 2873 32773 444 1289 31425 1425
is_linear=0
shrinkage=0.04


Tree=143
num_leaves=15
num_cat=0
split_feature=12 2 11 14 0 12 3 14 0 2 11 2 0 11
split_gain=85.8082 566.395 594.628 259.066 224.758 181.413 182.807 176.838 173.148 167.334 501.684 175.855 153.696 445.022
threshold=66.369411949604554 97.778469000000015 5.7565265955091407 0.21021760849986634 6.4927736889213703 61.684497076121893 23.340375000000005 0.18791882470639382 3.4202176172328498 64.23906700000002 1.649443697890661 84.757812500000014 2.306551988212076 2.1486026637177615
decision_type=2 2 2 2 2 2 2 2 2 2 2 2 2 2
left_child=1 2 4 5 9 6 -4 -7 -5 12 -11 -12 -1 -14
right_child=-2 -3 3 8 -6 7 -8 -9 -10 10 11 -13 13 -15
leaf_value=0 0 -5.4112570498198649e-06 -0.00043220914468852399 0.0046218101411815826 -0.0045065389385551069 -4.0017218429334034e-05 0.0028179518210476994 -0.0014791526337169496 -0.00018895208720855401 0.0012780788979940521 -0.00096928597581155316 0.00027100140895087207 -0.0019091677197078155 0.0010264175292763395
leaf_weight=26624 304325 616 1487 222 363 614 264 2714 422 2087 849 349 1360 621
leaf_count=26624 304325 616 1487 222 363 614 264 2714 422 2087 849 349 1360 621
internal_value=-0.000174853 -0.0019517 -0.00133453 -0.0132168 0.000773881 -0.0162473 -0.00582524 -0.0217308 0.0106832 0.00113013 0.00968037 -0.0109516 0.000148226 -0.0106007
internal_weight=342917 38592 37976 5723 32253 5079 1751 3328 644 31890 3285 1198 28605 1981
internal_count=342917 38592 37976 5723 32253 5079 1751 3328 644 31890 3285 1198 28605 1981
is_linear=0
shrinkage=0.04


Tree=144
num_leaves=15
num_cat=0
split_feature=15 11 11 3 12 0 0 0 9 11 11 11 3 0
split_gain=88.8123 255.185 239.416 223.991 274.685 127.184 153.665 122.959 120.408 206.5 141.366 343.857 140.688 139.323
threshold=2.6583574773750063 6.1385674693344816 14.447495175357341 105.00020600000001 66.369411949604554 1.2763084989995417 7.7943234357314859 0.31510181755347672 0.90987121228575851 15.72036527913369 23.667050517633534 25.672319067438767 23.718067000000005 3.0634550437912362
decision_type=2 2 2 2 2 2 2 2 2 2 2 2 2 2
left_child=1 3 -3 5 -5 7 -7 -1 13 -10 -11 12 -12 -4
right_child=-2 2 8 4 -6 6 -8 -9 9 10 11 -13 -14 -15
leaf_value=0 0 -0.0028765228826380497 0.00044333097245078865 -5.1948067678270704e-06 0 -0.0026906816619229725 0.0045888605252381309 0.00017313179996016946 0.0002117823109871697 -0.00090204853223574855 -0.0003576218898243355 -0.0014496507086518551 0.00028468588370749614 -0.0011479037023329087
leaf_weight=28795 306224 604 1087 604 722 243 47 512 103 748 201 357 447 2035
leaf_count=28795 306224 604 1087 604 722 243 47 512 103 748 201 357 447 2035
internal_value=-0.00012383 -0.00198877 -0.00986027 -0.000567862 -0.0166516 0.000152718 -0.0262069 0.000413553 -0.00697469 -0.0150431 -0.0182772 -0.00847761 0.00888889 -0.00217809
internal_weight=342729 36505 5582 30923 1326 29597 290 29307 4978 1856 1753 1005 648 3122
internal_count=342729 36505 5582 30923 1326 29597 290 29307 4978 1856 1753 1005 648 3122
is_linear=0
shrinkage=0.04


Tree=145
num_leaves=15
num_cat=0
split_feature=15 3 12 14 13 1 8 10 8 9 10 12 1 8
split_gain=80.1157 186.693 274.178 101.872 202.854 192.902 171.918 230.155 169.51 213.72 195.654 190.29 129.5 129.428
threshold=2.6583574773750063 105.00020600000001 66.369411949604554 0.21021760849986634 528.64857125933054 5.9624654205456293 0.99994924073772018 -0.57581166274058704 0.77474358007089272 0.37656245806184019 -5.6286734728834498 71.235858021773382 6.6190679990679984 0.88795158521079054
decision_type=2 2 2 2 2 2 2 2 2 2 2 2 2 2
left_child=1 -1 -3 -2 5 -5 8 -8 9 11 -10 -6 -7 -12
right_child=3 2 -4 4 6 12 7 -9 10 -11 13 -13 -14 -15
leaf_value=0 0 -4.9870144971139872e-06 0 0 -0.0013231375772483306 0.0015507525375196346 -0.0018271086693257476 0.00028234587999680306 0.00027086050973302553 0 0.00096781823353479931 -0.00027929430089761452 0.0017738886994235442 0.00063491413040284237
leaf_weight=35305 253070 603 721 7878 445 354 1245 259 5311 23633 444 1505 11744 459
leaf_count=35305 253070 603 721 7878 445 354 1245 259 5311 23633 444 1505 11744 459
internal_value=-0.000132138 -0.00190013 -0.0166465 7.92565e-05 0.00166901 0.00485583 -0.000242635 -0.0134574 0.000382426 -0.00105695 0.00630834 -0.0137846 0.00802777 0.0235216
internal_weight=342976 36629 1324 306347 53277 19976 33301 1504 31797 25583 6214 1950 12098 903
internal_count=342976 36629 1324 306347 53277 19976 33301 1504 31797 25583 6214 1950 12098 903
is_linear=0
shrinkage=0.04


Tree=146
num_leaves=15
num_cat=0
split_feature=15 11 11 3 12 0 0 0 9 11 11 11 3 2
split_gain=85.2833 243.022 258.908 225.528 279.417 110.749 142.241 113.159 100.427 217.057 145.116 328.207 140.443 123.567
threshold=2.6583574773750063 6.1385674693344816 14.447495175357341 105.00020600000001 66.369411949604554 1.2763084989995417 7.7943234357314859 0.31510181755347672 0.90987121228575851 16.037921443366539 23.667050517633534 25.672319067438767 23.718067000000005 160.02613850000003
decision_type=2 2 2 2 2 2 2 2 2 2 2 2 2 2
left_child=1 3 -3 5 -5 7 -7 -1 -4 -10 -11 12 -12 -14
right_child=-2 2 8 4 -6 6 -8 -9 9 10 11 -13 13 -15
leaf_value=0 0 -0.0027596491895247256 -0.00018739013227017488 -4.7875339172294278e-06 0 -0.0025830543954460539 0.0044093660373545783 0.00016602391518451013 0.00020325618227448939 -0.00088329855749836488 -0.00035269878531900777 -0.0013916646803057819 0.00034242137127934779 -0.00053162572076995433
leaf_weight=28900 306450 618 3147 607 732 243 46 514 112 735 200 354 272 184
leaf_count=28900 306450 618 3147 607 732 243 46 514 112 735 200 354 272 184
internal_value=-0.000143859 -0.00196705 -0.00961935 -0.000581148 -0.0166393 0.000142747 -0.0244983 0.000384851 -0.00660272 -0.0139795 -0.0174441 -0.00760396 0.00914634 0.0214035
internal_weight=343114 36664 5622 31042 1339 29703 289 29414 5004 1857 1745 1010 656 456
internal_count=343114 36664 5622 31042 1339 29703 289 29414 5004 1857 1745 1010 656 456
is_linear=0
shrinkage=0.04


Tree=147
num_leaves=15
num_cat=0
split_feature=12 2 11 14 0 0 14 12 3 2 11 15 0 2
split_gain=81.4051 558.396 549.725 232.595 199.701 164.326 159.342 194.73 185.23 156.462 169.062 141.117 210.522 135.885
threshold=66.369411949604554 97.778469000000015 5.7565265955091407 0.21021760849986634 6.4927736889213703 3.4202176172328498 0.18791882470639382 61.684497076121893 22.492441500000002 76.05765150000002 1.649443697890661 8.66960060162498 1.234262235183883 51.830848500000009
decision_type=2 2 2 2 2 2 2 2 2 2 2 2 2 2
left_child=1 2 4 6 9 -5 -4 8 -8 11 -11 -1 13 -13
right_child=-2 -3 3 5 -6 -7 7 -9 -10 10 -12 12 -14 -15
leaf_value=0 0 -4.5960325605402504e-06 1.4574252788314285e-05 0.0043802559939324906 -0.0043437049691840536 -0.00017061037498812952 -0.00059086536212112463 -0.0014786847688767718 0.0027279837174448173 0.0010984440444252101 -0.00021229328515730297 -6.355104309430866e-06 -0.001864496715787505 0.00060659697536401746
leaf_weight=28754 304255 605 794 228 338 426 1302 2719 274 1489 767 345 450 128
leaf_count=28754 304255 605 794 228 338 426 1302 2719 274 1489 767 345 450 128
internal_value=-0.000143726 -0.00187369 -0.0012669 -0.0126693 0.000762294 0.00978593 -0.0155551 -0.0185984 -0.00741117 0.00108602 0.0112411 0.000314048 -0.0150813 0.0035518
internal_weight=342874 38619 38014 5743 32271 654 5089 4295 1576 31933 2256 29677 923 473
internal_count=342874 38619 38014 5743 32271 654 5089 4295 1576 31933 2256 29677 923 473
is_linear=0
shrinkage=0.04


Tree=148
num_leaves=15
num_cat=0
split_feature=15 11 11 3 12 0 0 3 11 11 10 11 3 12
split_gain=81.3086 220.141 259.401 224.219 278.919 123.468 113.975 113.006 192.118 370.375 151.16 189.109 118.685 111.731
threshold=2.6583574773750063 6.1385674693344816 14.447495175357341 105.00020600000001 66.369411949604554 1.2763084989995417 0.31510181755347672 21.058369500000005 23.667050517633534 25.672319067438767 -4.5539797322667424 19.359960127500461 23.718067000000005 114.21566699418399
decision_type=2 2 2 2 2 2 2 2 2 2 2 2 2 2
left_child=1 3 -3 5 -5 6 -1 10 -9 12 11 -4 -10 -13
right_child=-2 2 7 4 -6 -7 -8 8 9 -11 -12 13 -14 -15
leaf_value=0 0 -0.0026135253294028021 -0.0024260773430436456 -4.4121912581186407e-06 0 -0.0019262721795580691 0.00016188290292967097 -0.00094411981717397063 -0.00026391396260650346 -0.001381885965034968 0.00025073935139007355 -0.0056273191242294475 0.00037939709041901474 0.0011586481617811561
leaf_weight=28975 306469 617 902 605 733 283 518 854 276 420 526 193 582 1249
leaf_count=28975 306469 617 902 605 733 283 518 854 276 420 526 193 582 1249
internal_value=-0.000110955 -0.00188931 -0.00917601 -0.000573375 -0.0165919 0.000146427 0.000398739 -0.00615754 -0.0131332 -0.00331768 -0.00097561 -0.00532423 0.0117483 0.00366158
internal_weight=343202 36733 5619 31114 1338 29776 29493 5002 2132 1278 2870 2344 858 1442
internal_count=343202 36733 5619 31114 1338 29776 29493 5002 2132 1278 2870 2344 858 1442
is_linear=0
shrinkage=0.04


Tree=149
num_leaves=15
num_cat=0
split_feature=15 3 12 0 8 5 3 12 14 13 1 8 12 8
split_gain=83.6685 195.153 284.227 108.394 101.035 134.485 190.608 124.663 94.0058 181.379 179.461 160.304 212.682 155.32
threshold=2.6583574773750063 105.00020600000001 66.369411949604554 4.5409741217147408 0.99949963839910627 1.0000000180025095e-35 14.424129500000001 179.75721588298953 0.21021760849986634 528.64857125933054 5.9624654205456293 0.99994924073772018 71.235858021773382 0.77474358007089272
decision_type=2 2 2 2 2 2 2 2 2 2 2 2 2 2
left_child=1 3 -3 4 5 -1 -7 -8 -2 10 -10 13 -13 -11
right_child=8 2 -4 -5 -6 6 7 -9 9 11 -12 12 -14 -15
leaf_value=0 0 -4.2357036077938952e-06 0 -0.0088487298718857108 0.00012949773086615946 0 -0.00072487928370430776 0.0011169510445642895 0 0 0.0016866277740978813 0.00025386869626043947 -0.0017981517272425069 0.00046475057070049629
leaf_weight=24767 253075 616 731 398 1063 4697 4004 346 7820 25541 12125 390 1091 6244
leaf_count=24767 253075 616 731 398 1063 4697 4004 346 7820 25541 12125 390 1091 6244
internal_value=-0.000117583 -0.00192453 -0.0168671 -0.00135393 -0.00111707 -0.00149879 -0.0056726 -0.0117057 9.84701e-05 0.00162673 0.00464277 -0.000181567 -0.0130452 0.000417807
internal_weight=342908 36622 1347 35275 34877 33814 9047 4350 306286 53211 19945 33266 1481 31785
internal_count=342908 36622 1347 35275 34877 33814 9047 4350 306286 53211 19945 33266 1481 31785
is_linear=0
shrinkage=0.04


Tree=150
num_leaves=15
num_cat=0
split_feature=12 11 10 13 0 12 3 15 11 10 15 1 10 0
split_gain=74.2276 492.25 526.265 215.007 204.773 140.437 180.34 101.254 259.527 326.304 228.551 324.788 243.181 298.297
threshold=66.369411949604554 6.5027736621637446 77.976189000000019 613.56417515146063 6.8999236328767468 61.684497076121893 23.340375000000005 6.439399022125003 21.789031938589698 -7.2906628353537792 6.7825781912500256 41.889675652961905 -3.1967275095912711 13.558234541167934
decision_type=2 2 2 2 2 2 2 2 2 2 2 2 2 2
left_child=1 2 4 5 -1 6 -3 8 -2 -10 11 12 13 -9
right_child=7 3 -4 -5 -6 -7 -8 10 9 -11 -12 -13 -14 -15
leaf_value=0 0 -0.00055274949930567336 -4.0662754634821396e-06 0.0038296343135386379 -0.0047440543345957601 -0.00093907744960912757 0.002643832518683129 0.0035250358081823064 -0.00027589340061470789 -0.0007638746846112543 0 -0.12965338442742805 0 -0.0027421567609218623
leaf_weight=32855 137505 1170 622 191 287 3172 289 10064 54049 5390 89497 429 6153 1217
leaf_count=32855 137505 1170 622 191 287 3172 289 10064 54049 5390 89497 429 6153 1217
internal_value=-0.000129254 -0.00178199 -7.46357e-05 -0.013737 0.000609499 -0.0154524 -0.00518163 8.03144e-05 -0.000458404 -0.00266694 0.00106855 0.00519957 0.00604566 0.00953462
internal_weight=342890 38586 33764 4822 33142 4631 1459 304304 196944 59439 107360 17863 17434 11281
internal_count=342890 38586 33764 4822 33142 4631 1459 304304 196944 59439 107360 17863 17434 11281
is_linear=0
shrinkage=0.04


Tree=151
num_leaves=15
num_cat=0
split_feature=0 3 12 0 9 3 1 9 11 3 1 3 2 3
split_gain=73.7556 969.231 168.232 179.228 272.053 354.396 273.545 192.318 174.291 197.856 328.722 221.195 154.643 146.858
threshold=13.691278076197369 14.999899500000001 133.23652206107963 21.495604301533444 0.002549535925532143 21.812074000000006 17.724268558743081 0.14400472732105504 9.6965359003044238 18.777554500000004 15.16423868654846 15.954180000000003 76.05765150000002 24.494082500000005
decision_type=2 2 2 2 2 2 2 2 2 2 2 2 2 2
left_child=-1 -2 8 4 5 6 -4 -6 -3 10 11 -10 -11 -5
right_child=1 2 3 13 7 -7 -8 -9 9 12 -12 -13 -14 -15
leaf_value=0 -0.043832854663642264 -0.016975916460025511 0.0060404965856069972 -0.072558155617230807 -0.00230970381523258 0.017406331707517812 -0.04047000437416106 1.9454962666819236e-05 -0.00043148214903674764 0.0076296659927610148 -0.031233415057407968 0.012689051122519784 0.001348120844542377 -0.0036711635703844882
leaf_weight=314296 1111 600 449 348 2316 760 396 5602 644 245 861 531 10744 3476
leaf_count=314296 1111 600 449 348 2316 760 396 5602 644 245 861 531 10744 3476
internal_value=-0.000125475 -0.00208952 -0.000581344 -0.00377313 -0.000835871 0.0141807 -0.00364497 -0.00387977 0.00254532 0.00351631 -0.00793713 0.00582128 0.00563837 -0.0110879
internal_weight=342379 28083 26972 13347 9523 1605 845 7918 13625 13025 2036 1175 10989 3824
internal_count=342379 28083 26972 13347 9523 1605 845 7918 13625 13025 2036 1175 10989 3824
is_linear=0
shrinkage=0.04


Tree=152
num_leaves=15
num_cat=0
split_feature=15 2 3 11 1 9 2 9 0 3 11 2 14 3
split_gain=73.0465 117.109 186.423 144.964 87.4369 130.201 93.6761 88.8634 73.0904 938.545 147.515 192.236 198.873 185.284
threshold=12.200141976749977 102.36229750000001 4.8557120000000014 41.373025202505566 4.7564487831014768 0.36718358381762201 83.443668500000015 0.22108161893078318 13.691278076197369 14.999899500000001 10.202080632683939 105.02199950000001 0.20458749566533713 18.777554500000004
decision_type=2 2 2 2 2 2 2 2 2 2 2 2 2 2
left_child=8 2 -2 -3 -4 6 -6 -8 -1 -10 -11 12 -12 -13
right_child=1 3 4 -5 5 -7 7 -9 9 10 11 13 -14 -15
leaf_value=0 0 0 0.020559941351688833 0.016199399980861173 -0.0047511332223271942 0.0023000451076870942 -1.0332068074688505e-05 0.0036850132372133115 -0.042063814614965687 -0.034066628159009842 0.0023942737351468307 -0.015363259490390465 -0.0001810668192972814 -0.00027037985783617715
leaf_weight=306396 687 6009 209 218 83 1668 947 123 1117 391 3164 1557 4315 16237
leaf_count=306396 687 6009 209 218 83 1668 947 123 1117 391 3164 1557 4315 16237
internal_value=-0.000140125 0.00323813 0.0088566 -0.000115626 0.0131221 0.0112726 0.000936687 0.00411215 -0.000240953 -0.00224488 -0.000682668 -0.000305464 0.00507554 -0.00256716
internal_weight=343121 9944 3717 6227 3030 2821 1153 1070 333177 26781 25664 25273 7479 17794
internal_count=343121 9944 3717 6227 3030 2821 1153 1070 333177 26781 25664 25273 7479 17794
is_linear=0
shrinkage=0.04


Tree=153
num_leaves=15
num_cat=0
split_feature=12 2 11 0 13 12 3 2 3 14 11 11 0 11
split_gain=67.5085 571.813 504.17 196.785 185.171 171.99 189.49 147.405 137.32 170.485 142.68 128.386 131.276 108.626
threshold=66.369411949604554 97.778469000000015 5.574245708042362 6.7635406956421873 613.56417515146063 61.684497076121893 23.340375000000005 76.05765150000002 5.657026000000001 0.21021760849986634 7.1984945652309227 1.649443697890661 4.7339747779056536 10.802959726954699
decision_type=2 2 2 2 2 2 2 2 2 2 2 2 2 2
left_child=1 2 3 7 5 6 13 -1 10 -10 -7 -9 -13 -4
right_child=-2 -3 4 -5 -6 8 -8 11 9 -11 -12 12 -14 -15
leaf_value=0 0 -3.9036244449428539e-06 6.3540683769874874e-06 -0.0044298243267161409 0.004023889779810874 0.00019114051104301118 0.002994993547064324 0.0010024842744739133 -0.0017334316112919913 -3.9034573106509345e-05 -0.00040096606474170293 0.00015773202818409785 -0.002951768338450911 -0.00099951349513537784
leaf_weight=29675 304233 613 911 311 191 498 321 1482 2265 533 555 533 149 695
leaf_count=29675 304233 613 911 311 191 498 321 1482 2265 533 555 533 149 695
internal_value=-0.000101235 -0.00167407 -0.00105774 0.000924417 -0.011734 -0.0130149 -0.00325895 0.00123371 -0.0178967 -0.0225304 -0.00558405 0.0113124 -0.00304985 -0.00886675
internal_weight=342965 38732 38119 32150 5969 5778 1927 31839 3851 2798 1053 2164 682 1606
internal_count=342965 38732 38119 32150 5969 5778 1927 31839 3851 2798 1053 2164 682 1606
is_linear=0
shrinkage=0.04


Tree=154
num_leaves=15
num_cat=0
split_feature=15 11 10 15 3 2 15 10 3 10 10 10 3 11
split_gain=70.0423 179.415 263.595 260.956 191.245 152.708 147.612 233.566 292.795 611.335 169.185 497.508 395.891 173.958
threshold=6.1419733583750125 21.789031938589698 -7.2906628353537792 6.1052587268750651 10.000159500000001 156.00045000000003 4.6623337708749952 -9.7473060914875607 20.533159500000004 -23.009822510879143 -28.507842167884522 -20.195038767491177 26.673459500000003 35.108592729561785
decision_type=2 2 2 2 2 2 2 2 2 2 2 2 2 2
left_child=1 -1 3 4 -3 -4 7 8 9 -6 12 -12 -10 -13
right_child=-2 2 5 -5 6 -7 -8 -9 10 -11 11 13 -14 -15
leaf_value=0 0 -0.0042609015833154429 -0.00076788875363930091 -0.0032392460095188634 -0.099920729631964189 0.0014876767286540705 -0.00031622854172895428 0.021587572777644864 -0.058917268336185762 -4.7609641000867509e-05 0.029439539421684306 -0.00018398329664862572 0.003507824773147785 0.11641433175460336
leaf_weight=151645 136563 1363 5425 2279 692 133 30021 449 737 6289 2576 3491 1121 257
leaf_count=151645 136563 1363 5425 2279 692 133 30021 449 737 6289 2576 3491 1121 257
internal_value=-8.30221e-05 -0.000547855 -0.00250871 -0.00157727 -0.00093625 -0.0107665 -0.000495256 0.00265949 0.00181758 -0.00419997 0.00695185 0.0100696 -0.00365985 0.00076841
internal_weight=343041 206478 54833 49275 46996 5558 45633 15612 15163 6981 8182 6324 1858 3748
internal_count=343041 206478 54833 49275 46996 5558 45633 15612 15163 6981 8182 6324 1858 3748
is_linear=0
shrinkage=0.04


Tree=155
num_leaves=15
num_cat=0
split_feature=15 11 11 3 12 11 11 11 3 8 3 10 2 11
split_gain=71.3486 204.695 261.602 225.975 273.032 104.874 118.182 158.216 235.992 172.928 135.245 117.807 103.18 93.4362
threshold=2.6583574773750063 6.1385674693344816 14.447495175357341 105.00020600000001 66.369411949604554 15.085376109548628 23.667050517633534 25.420938171807816 14.999899500000001 0.78026360488878244 20.355856000000003 -4.5539797322667424 72.144817500000016 19.497320235749594
decision_type=2 2 2 2 2 2 2 2 2 2 2 2 2 2
left_child=1 3 -3 -1 12 11 10 -8 -9 -10 13 -4 -5 -7
right_child=-2 2 5 4 -6 6 7 8 9 -11 -12 -13 -14 -15
leaf_value=0 0 -0.0024001862118950175 -0.0067239317413059982 0.0002032365960061715 0 -0.001069720030337814 0.00035231005387077464 0.0038068382834243299 -0.0012574866391411811 0.0018396457685111466 -0.00091073143861597039 0.00023892970476547038 -3.7474794671451394e-06 0.0012728856437600369
leaf_weight=29612 306391 607 49 27 722 1123 947 395 989 101 826 189 578 443
leaf_count=29612 306391 607 49 27 722 1123 947 395 989 101 826 189 578 443
internal_value=-7.16037e-05 -0.0017406 -0.00872817 -0.000460261 -0.0166089 -0.00575267 -0.00703151 -0.000822368 -0.0089697 -0.0185688 -0.0133445 0.0201681 -0.0364298 -0.00643678
internal_weight=342999 36608 5669 30939 1327 5062 4824 2432 1485 1090 2392 238 605 1566
internal_count=342999 36608 5669 30939 1327 5062 4824 2432 1485 1090 2392 238 605 1566
is_linear=0
shrinkage=0.04


Tree=156
num_leaves=15
num_cat=0
split_feature=13 3 0 12 12 0 12 11 3 11 1 11 13 3
split_gain=80.3312 209.084 183.773 184.176 196.558 284.596 197.838 178.355 212.704 288.171 237.136 198.091 304.866 258.432
threshold=289.15636952549113 233.86231200000003 2.3564415799214249 188.16391572349144 160.67914011691383 15.640466517164713 79.481349429874925 19.497320235749594 4.9416075000000008 3.0334720131304862 4.4220382723516316 34.243069734791341 266.16836799851399 14.731003500000002
decision_type=2 2 2 2 2 2 2 2 2 2 2 2 2 2
left_child=1 2 -1 4 5 6 -4 8 10 -10 -8 12 -9 -13
right_child=-2 -3 3 -5 -6 -7 7 11 9 -11 -12 13 -14 -15
leaf_value=0 0 -3.5975802884593343e-06 -0.0021117353195768151 0.00097920512384310127 -0.00078729130420345493 0.0031547696724146725 0.0020439101227634291 -9.3394660202858468e-05 -0.0019018005752303834 0.0017042279810746738 -0.022963585147442379 -0.019421347610916313 -0.0017139988024684133 0.0017038260562022985
leaf_weight=35039 289605 276 929 475 3637 405 242 2662 554 1877 348 1212 2675 2932
leaf_count=35039 289605 276 929 475 3637 405 242 2662 554 1877 348 1212 2675 2932
internal_value=-7.95641e-05 -0.00150724 -0.00132636 -0.00461778 -0.00528587 -0.00311073 -0.00410692 -0.00278355 0.00568024 0.0109091 -0.0158644 -0.00548043 -0.0105752 0.00108108
internal_weight=342868 53263 52987 17948 17473 13836 13431 12502 3021 2431 590 9481 5337 4144
internal_count=342868 53263 52987 17948 17473 13836 13431 12502 3021 2431 590 9481 5337 4144
is_linear=0
shrinkage=0.04


Tree=157
num_leaves=15
num_cat=0
split_feature=13 3 0 11 11 3 1 1 8 8 3 11 2 11
split_gain=72.0013 183.938 179.587 170.49 267.214 286.185 264.634 218.594 180.212 278.903 208.063 154 145.75 183.735
threshold=289.15636952549113 233.86231200000003 2.3564415799214249 3.0334720131304862 14.061847080104501 4.9416075000000008 4.4220382723516316 3.974873501655197 0.99767660409522396 0.89304237157515842 17.520304500000005 24.566800029051347 178.25798800000004 34.243069734791341
decision_type=2 2 2 2 2 2 2 2 2 2 2 2 2 2
left_child=1 2 -1 -4 5 6 -5 -6 9 12 -10 -11 13 -9
right_child=-2 -3 3 4 7 -7 -8 8 10 11 -12 -13 -14 -15
leaf_value=0 0 -3.4536770769209606e-06 -0.0027324072964977574 0.0033338388883944929 -0.0011307768043562062 0.001531562480381482 -0.0211196356459274 -0.00076547244309613488 -0.00092869623093832176 -0.002438255246958356 0.0038269249835383495 -0.0011575498382854269 0.00070693837574296761 0.00065893416188637758
leaf_weight=35024 289382 270 937 244 1212 1814 369 5665 1405 732 765 510 891 3451
leaf_count=35024 289382 270 937 244 1212 1814 369 5665 1405 732 765 510 891 3451
internal_value=-8.7781e-05 -0.00143895 -0.00127124 -0.00451903 -0.00360652 0.00868562 -0.0149429 -0.00564555 -0.00417617 -0.00621211 0.00637788 -0.0240902 -0.0039932 -0.00550241
internal_weight=342671 53289 53019 17995 17058 2427 613 14631 13419 11249 2170 1242 10007 9116
internal_count=342671 53289 53019 17995 17058 2427 613 14631 13419 11249 2170 1242 10007 9116
is_linear=0
shrinkage=0.04


Tree=158
num_leaves=15
num_cat=0
split_feature=0 14 12 13 2 0 1 11 15 12 12 15 15 13
split_gain=69.2806 156.038 228.349 201.974 303.786 168.51 120.423 309.715 304.172 224.302 309.878 195.671 504.63 270.573
threshold=14.680098874482505 0.19356640250980447 132.17998797446231 308.55072763694039 149.11859900000005 19.172648395359158 11.609251106093916 15.395052116293281 9.0992552776249926 71.235858021773382 60.670421028383167 6.1419733583750125 5.8590375237500192 403.12996233801147
decision_type=2 2 2 2 2 2 2 2 2 2 2 2 2 2
left_child=6 3 5 4 -2 -3 7 -1 9 10 -9 12 13 -8
right_child=1 2 -4 -5 -6 -7 11 8 -10 -11 -12 -13 -14 -15
leaf_value=0 0.0031282464074966466 -0.00034361966084836662 -0.0014411979912905865 -0.0056208420378486505 -0.0029541221431709929 0.0031943993249403772 -0.00020875806878405733 0.0024182794760532313 0.0070905032265236728 -0.00040662550222668957 -0.0019803862515324565 0.00079391389728536758 -0.0014120851539988397 0.0014822507647579985
leaf_weight=201555 756 4539 10323 3007 226 4731 27521 275 345 19316 2353 48312 5160 14225
leaf_count=201555 756 4539 10323 3007 226 4731 27521 275 345 19316 2353 48312 5160 14225
internal_value=-9.25742e-05 -0.00218472 -0.000716582 -0.00939584 0.00635438 0.00384035 6.20569e-05 -0.000444774 -0.00491902 -0.00550492 -0.0164688 0.00125354 -0.000586705 0.00087194
internal_weight=342644 23582 19593 3989 982 9270 319062 223844 22289 21944 2628 95218 46906 41746
internal_count=342644 23582 19593 3989 982 9270 319062 223844 22289 21944 2628 95218 46906 41746
is_linear=0
shrinkage=0.04


Tree=159
num_leaves=15
num_cat=0
split_feature=15 3 12 11 11 2 0 0 12 0 2 15 11 2
split_gain=64.5427 190.99 283.955 198.134 287.547 103.251 97.7037 132.567 95.7834 91.9969 111.001 82.5066 284.46 141.374
threshold=2.6583574773750063 105.00020600000001 66.369411949604554 6.1385674693344816 14.447495175357341 72.144817500000016 1.3658767469310291 7.7943234357314859 84.404962495247858 0.31510181755347672 74.034153000000018 3.5068043262499917 3.614755457155773 63.135542000000008
decision_type=2 2 2 2 2 2 2 2 2 2 2 2 2 2
left_child=1 3 5 6 -5 -3 9 -8 -6 -1 -11 12 -2 -14
right_child=11 2 -4 4 8 -7 7 -9 -10 10 -12 -13 13 -15
leaf_value=0 0 0.00019510713216592466 0 -0.002301350011308185 0.00033365192756501852 -3.5975802884593343e-06 -0.0023755079770652761 0.0048452998596612987 -0.00036038649837297324 0.00016756672072334642 -0.00047784886618786325 0 0.01995306018517572 0.0016462647246236856
leaf_weight=28961 15380 27 734 604 258 587 229 44 4738 474 57 283122 296 7696
leaf_count=28961 15380 27 734 604 258 587 229 44 4738 474 57 283122 296 7696
internal_value=-4.72018e-05 -0.00163212 -0.0164095 -0.00106885 -0.00797143 -0.0364821 0.0002298 -0.0235897 -0.00481986 0.000450292 0.0169492 0.000142646 0.00242684 0.00854855
internal_weight=343207 36713 1348 35365 5600 614 29765 273 4996 29492 531 306494 23372 7992
internal_count=343207 36713 1348 35365 5600 614 29765 273 4996 29492 531 306494 23372 7992
is_linear=0
shrinkage=0.04


end of trees

feature_importances:
allocated_injection_m3d=537
control_value=257
liquid_tpd=224
injection_minus_liquid=179
perm_md=173
oil_tpd=172
neighbor_pressure_bar=152
pressure_bar=147
poro=136
completed_net_thickness_m=109
watercut=75
oil_fraction=74
target_lrat=5

parameters:
[boosting: gbdt]
[objective: regression_l1]
[metric: l1]
[tree_learner: serial]
[device_type: cpu]
[data_sample_strategy: bagging]
[data: ]
[valid: ]
[num_iterations: 160]
[learning_rate: 0.04]
[num_leaves: 15]
[num_threads: 1]
[seed: 20260883]
[deterministic: 1]
[force_col_wise: 1]
[force_row_wise: 0]
[histogram_pool_size: -1]
[max_depth: -1]
[min_data_in_leaf: 12]
[min_sum_hessian_in_leaf: 0.001]
[bagging_fraction: 0.9]
[pos_bagging_fraction: 1]
[neg_bagging_fraction: 1]
[bagging_freq: 1]
[bagging_seed: 16129]
[bagging_by_query: 0]
[feature_fraction: 0.9]
[feature_fraction_bynode: 1]
[feature_fraction_seed: 22985]
[extra_trees: 0]
[extra_seed: 26276]
[early_stopping_round: 0]
[early_stopping_min_delta: 0]
[first_metric_only: 0]
[max_delta_step: 0]
[lambda_l1: 0]
[lambda_l2: 0]
[linear_lambda: 0]
[min_gain_to_split: 0]
[drop_rate: 0.1]
[max_drop: 50]
[skip_drop: 0.5]
[xgboost_dart_mode: 0]
[uniform_drop: 0]
[drop_seed: 17174]
[top_rate: 0.2]
[other_rate: 0.1]
[min_data_per_group: 100]
[max_cat_threshold: 32]
[cat_l2: 10]
[cat_smooth: 10]
[max_cat_to_onehot: 4]
[top_k: 20]
[monotone_constraints: ]
[monotone_constraints_method: basic]
[monotone_penalty: 0]
[feature_contri: ]
[forcedsplits_filename: ]
[refit_decay_rate: 0.9]
[cegb_tradeoff: 1]
[cegb_penalty_split: 0]
[cegb_penalty_feature_lazy: ]
[cegb_penalty_feature_coupled: ]
[path_smooth: 0]
[interaction_constraints: ]
[verbosity: -1]
[saved_feature_importance_type: 0]
[use_quantized_grad: 0]
[num_grad_quant_bins: 4]
[quant_train_renew_leaf: 0]
[stochastic_rounding: 1]
[linear_tree: 0]
[max_bin: 255]
[max_bin_by_feature: ]
[min_data_in_bin: 3]
[bin_construct_sample_cnt: 200000]
[data_random_seed: 4965]
[is_enable_sparse: 1]
[enable_bundle: 1]
[use_missing: 1]
[zero_as_missing: 0]
[feature_pre_filter: 1]
[pre_partition: 0]
[two_round: 0]
[header: 0]
[label_column: ]
[weight_column: ]
[group_column: ]
[ignore_column: ]
[categorical_feature: ]
[forcedbins_filename: ]
[precise_float_parser: 0]
[parser_config_file: ]
[objective_seed: 17867]
[num_class: 1]
[is_unbalance: 0]
[scale_pos_weight: 1]
[sigmoid: 1]
[boost_from_average: 1]
[reg_sqrt: 0]
[alpha: 0.9]
[fair_c: 1]
[poisson_max_delta_step: 0.7]
[tweedie_variance_power: 1.5]
[lambdarank_truncation_level: 30]
[lambdarank_norm: 1]
[label_gain: ]
[lambdarank_position_bias_regularization: 0]
[eval_at: ]
[multi_error_top_k: 1]
[auc_mu_weights: ]
[num_machines: 1]
[local_listen_port: 12400]
[time_out: 120]
[machine_list_filename: ]
[machines: ]
[gpu_platform_id: -1]
[gpu_device_id: -1]
[gpu_use_dp: 0]
[num_gpu: 1]

end of parameters

pandas_categorical:null
