tree
version=v4
num_class=1
num_tree_per_iteration=1
label_index=0
max_feature_idx=15
objective=regression_l1
feature_names=oil_tpd liquid_tpd pressure_bar control_value target_orat target_lrat target_wrat status oil_fraction watercut injection_minus_liquid allocated_injection_m3d neighbor_pressure_bar perm_md poro completed_net_thickness_m
feature_infos=[0:43.120984107203206] [0:65.870736625282802] [0:284.32791099999997] [0:413.63752299999999] none [0:1] [0:1] [0:1] [0:1] [0:1] [-65.870736625282802:413.63752299999999] [0:107.72535392498621] [0:228.87320903747411] [212.71655300490687:738.00869701563943] [0.15975654196058092:0.23766614019099039] [0.63501341750003348:13.268681986250044]
tree_sizes=1533 1540 1554 1552 1549 1548 1556 1542 1553 1546 1553 1561 1554 1573 1569 1566 1562 1579 1562 1571 1558 1569 1576 1576 1573 1566 1578 1562 1568 1562 1574 1570 1567 1571 1565 1562 1566 1564 1563 1568 1579 1580 1571 1557 1551 1562 1566 1564 1581 1566 1569 1559 1576 1567 1570 1562 1578 1569 1569 1579 1568 1571 1564 1577 1578 1565 1574 1580 1573 1563 1576 1566 1567 1564 1583 1584 1563 1572 1569 1578 1578 1572 1576 1563 1573 1572 1558 1595 1581 1580 1569 1583 1589 1590 1581 1590 1563 1568 1572 1588 1579 1580 1571 1561 1577 1584 1569 1558 1589 1574 1565 1591 1587 1575 1578 1549 1575 1567 1587 1583 1567 1580 1559 1569 1563 1554 1544 1553 1565 1553 1557 1575 1575 1567 1561 1560 1562 1560 1567 1575 1551 1566 1549 1572 1561 1559 1576 1566 1564 1543 1559 1558 1555 1559 1569 1546 1567 1562 1569 1550

Tree=0
num_leaves=15
num_cat=0
split_feature=2 10 11 12 1 2 10 2 10 15 3 3 2 14
split_gain=164569 11071.8 2803.38 2518.72 1947.05 1910.11 1259.73 1046.25 1735.23 886.054 915.149 851.053 791.808 631.734
threshold=90.544632000000021 127.07524650000001 7.8035022786895416 136.76543134632115 17.596707149686399 204.35031900000004 1.0000000180025095e-35 198.36637150000004 91.842445500000011 6.2347572539999883 14.833208000000003 55.627887500000007 71.148117000000013 0.18278494736013726
decision_type=2 2 2 2 2 2 2 2 2 2 2 2 2 2
left_child=2 3 6 4 9 -3 -1 8 11 -2 -11 13 -4 -5
right_child=1 5 12 7 -6 -7 -8 -9 -10 10 -12 -13 -14 -15
leaf_value=-0.76289727210998537 -0.61605060145258905 -0.72760394573211673 -0.6819066643714905 -0.57883213758468632 -0.61764777570962903 -0.60978989034891129 0.70794675827026365 -0.51057862281799316 -0.68733817100524908 -0.6069544756412506 -0.63770440578460696 -0.60833120763301851 -0.6522997140884399 -0.60049035191535949
leaf_weight=100961 37989 9884 16062 18209 29190 881 413 22907 1907 3202 13272 11143 18020 59309
leaf_count=100961 37989 9884 16062 18209 29190 881 413 22907 1907 3202 13272 11143 18020 59309
internal_value=-0.64009 -0.617737 -0.674397 -0.615579 -0.620845 -0.657238 -0.677734 -0.611697 -0.613629 -0.625313 -0.633061 -0.612817 -0.664473 -0.614303
internal_weight=343349 207893 135456 197128 83653 10765 101374 113475 90568 54463 16474 88661 34082 77518
internal_count=343349 207893 135456 197128 83653 10765 101374 113475 90568 54463 16474 88661 34082 77518
is_linear=0
shrinkage=1


Tree=1
num_leaves=15
num_cat=0
split_feature=2 10 12 1 2 2 13 15 13 15 3 15 12 10
split_gain=157718 10284.8 3394.57 2281.76 2081.64 1843.23 1294.25 1091.7 950.999 1007.79 1437.27 748.285 671.901 649.947
threshold=86.931697500000013 127.07524650000001 136.35563293803065 17.72085424141547 59.745748500000005 204.35031900000004 282.46392299658419 6.2347572539999883 520.88873726602321 4.4222012862499875 92.601887500000018 8.4516063852500043 71.550909014298227 1.0000000180025095e-35
decision_type=2 2 2 2 2 2 2 2 2 2 2 2 2 2
left_child=4 2 3 7 13 -3 -4 -2 9 -8 11 -11 -6 -1
right_child=1 5 6 -5 12 -7 8 -9 -10 10 -12 -13 -14 -15
leaf_value=-0.11790901107788086 0.021247472780942918 -0.085095785713195801 0.07408416829109192 0.021188037741184235 -0.016697227191925047 0.029114697766304015 0.082196991658210761 0.003548134136199952 0.033500855755805969 0.037200948166847228 -0.052136991119384767 0.031107450342178346 -0.018256680011749266 4.1187368782043459
leaf_weight=92236 39144 9882 23067 28106 9756 868 21420 19627 12952 50254 1892 6292 27597 171
leaf_count=92236 39144 9882 23067 28106 9756 868 21420 19627 12952 50254 1892 6292 27597 171
internal_value=8.92607e-05 0.0212268 0.0232483 0.0172709 -0.0346899 -0.0169005 0.0277297 0.0127879 0.0256222 0.0239916 0.0212711 0.0224186 -0.0267213 -0.037911
internal_weight=343264 213504 202754 86877 129760 10750 115877 58771 92810 79858 58438 56546 37353 92407
internal_count=343264 213504 202754 86877 129760 10750 115877 58771 92810 79858 58438 56546 37353 92407
is_linear=0
shrinkage=0.04


Tree=2
num_leaves=15
num_cat=0
split_feature=2 10 12 2 2 10 3 2 8 15 15 3 10 15
split_gain=152068 9656.5 3854.36 2488.17 2068.55 2986.95 1934.72 1761.19 1020.02 942.409 943.991 703.179 1240.83 2580.93
threshold=86.931697500000013 127.07524650000001 113.18350062455625 66.326775000000012 198.36637150000004 85.750415500000017 55.627887500000007 204.35031900000004 0.99972340765701306 5.108791732625023 8.4516063852500043 1.0000000180025095e-35 -1.0000000180025095e-35 1.9769870124999758
decision_type=2 2 2 2 2 2 2 2 2 2 2 2 2 2
left_child=3 2 8 11 5 6 9 -3 -2 -4 -11 -1 -13 -14
right_child=1 7 4 -5 -6 -7 -8 -9 -10 10 -12 12 13 -15
leaf_value=-0.11319265063476562 0.0065238029651641851 -0.080599329620361329 0.048486024301528929 -0.013671456661224365 0.11804208554363252 -0.034217995244979864 0.025515923155546186 0.027846869842529296 -0.0066523832715749756 0.020625582001686096 0.028042614880561829 -0.047559291679382325 -0.14180936730575563 3.1824517947845461
leaf_weight=60978 16868 9835 60312 29655 24573 4354 18964 849 4124 64095 8995 36010 1824 1120
leaf_count=60978 16868 9835 60312 29655 24573 4354 18964 849 4124 64095 8995 36010 1824 1120
internal_value=-0.000133117 0.020656 0.0226134 -0.0342988 0.0244923 0.0228004 0.0237339 -0.0164058 0.0063872 0.0220345 0.0189804 -0.0373182 -0.0331201 -0.00815217
internal_weight=342556 212969 202285 129587 181293 156720 152366 10684 20992 133402 73090 99932 38954 2944
internal_count=342556 212969 202285 129587 181293 156720 152366 10684 20992 133402 73090 99932 38954 2944
is_linear=0
shrinkage=0.04


Tree=3
num_leaves=15
num_cat=0
split_feature=2 10 12 2 1 2 2 10 3 13 2 3 10 15
split_gain=148305 9089.63 3415.65 3098.3 1803.89 1761.87 1308.54 1679.75 1109.55 968.924 869.04 716.515 1116.37 2352.67
threshold=87.659889000000007 127.07524650000001 133.85517430496483 66.326775000000012 18.331730665804923 204.35031900000004 208.67728400000001 96.527842500000006 55.627887500000007 319.16334368527947 97.418068000000019 1.0000000180025095e-35 -1.0000000180025095e-35 1.9769870124999758
decision_type=2 2 2 2 2 2 2 2 2 2 2 2 2 2
left_child=3 2 4 11 10 -3 7 8 9 -4 -2 -1 -13 -14
right_child=1 5 6 -5 -6 -7 -8 -9 -10 -11 -12 12 13 -15
leaf_value=-0.10866494460937499 7.4315907387734201e-05 -0.077132150411376957 0.060144014166221622 -0.012904738691711427 0.018395078250317571 0.026795612708396914 0.1242490200522995 -0.01489348570892334 0.026954650762748718 0.030970715648727418 0.018670603578500748 -0.045646825369567871 -0.13607008282348632 3.1087859251416017
leaf_weight=60997 9501 9919 27948 30761 18596 881 17775 3108 15000 66405 42972 36191 1811 1111
leaf_count=60997 9501 9919 27948 30761 18596 881 17775 3108 15000 66405 42972 36191 1811 1111
internal_value=-0.000392797 0.0202683 0.0221862 -0.0338786 0.0151329 -0.0154815 0.0260352 0.0244412 0.0252653 0.0236588 0.0113392 -0.0372902 -0.0330642 -0.00928131
internal_weight=342976 212105 201305 130871 71069 10800 130236 112461 109353 94353 52473 100110 39113 2922
internal_count=342976 212105 201305 130871 71069 10800 130236 112461 109353 94353 52473 100110 39113 2922
is_linear=0
shrinkage=0.04


Tree=4
num_leaves=15
num_cat=0
split_feature=2 10 12 2 1 2 15 10 3 13 2 3 10 15
split_gain=144212 8527.42 3577.28 3183.52 1783.31 1732.22 1266.94 2287.16 1255.35 1229.57 1132.52 736.988 1010.75 2252.73
threshold=86.931697500000013 127.07524650000001 133.64802644770967 66.326775000000012 22.62138294479896 204.35031900000004 4.4222012862499875 91.842445500000011 55.627887500000007 282.46392299658419 97.418068000000019 1.0000000180025095e-35 -1.0000000180025095e-35 1.9769870124999758
decision_type=2 2 2 2 2 2 2 2 2 2 2 2 2 2
left_child=3 2 4 11 10 -3 -4 8 9 -8 -2 -1 -13 -14
right_child=1 5 6 -5 -6 -7 7 -9 -10 -11 -12 12 13 -15
leaf_value=-0.10431834682500001 -2.6184718712518595e-05 -0.074942784194726567 0.067222858970018007 -0.012587204272521975 0.018443301925271795 0.025723788200061035 0.063566212861390692 -0.049964150319949337 0.026892295836278914 0.028798621972157289 0.017558361476467891 -0.043834661423083496 -0.13065466903691406 2.9308022859875003
leaf_weight=61064 11228 9884 40703 29591 12253 880 9793 2701 12403 65729 47470 36164 1842 1101
leaf_count=61064 11228 9884 40703 29591 12253 880 9793 2701 12403 65729 47470 36164 1842 1101
internal_value=-0.00060629 0.0196414 0.0214874 -0.033849 0.0142504 -0.0150502 0.0253973 0.0227643 0.0238781 0.0219412 0.011353 -0.0372543 -0.032967 -0.0104247
internal_weight=342806 213044 202280 129762 70951 10764 131329 90626 87925 75522 58698 100171 39107 2943
internal_count=342806 213044 202280 129762 70951 10764 131329 90626 87925 75522 58698 100171 39107 2943
is_linear=0
shrinkage=0.04


Tree=5
num_leaves=15
num_cat=0
split_feature=2 10 2 12 10 2 13 2 15 15 0 3 10 15
split_gain=139764 7965.75 3583.45 3495.54 2183.89 1645.94 1418.58 1320.66 992.925 958.754 938.746 784.544 940.447 2151.54
threshold=86.931697500000013 127.07524650000001 66.326775000000012 139.78100784569207 -27.4009031752685 204.35031900000004 282.46392299658419 97.418068000000019 11.720497890624971 3.7507811581250086 6.1907696770001772 1.0000000180025095e-35 -1.0000000180025095e-35 1.9769870124999758
decision_type=2 2 2 2 2 2 2 2 2 2 2 2 2 2
left_child=2 3 11 4 -2 -3 -5 -6 -4 -8 -11 -1 -13 -14
right_child=1 5 8 6 7 -7 9 -9 -10 10 -12 12 13 -15
leaf_value=-0.100145612952 0.019562902663398961 -0.072000099834994141 -0.013401478579495847 0.064918293961192877 0.00019202433446230849 0.024751733477821839 0.096134837420131486 0.018054906914330218 0.00033959722235351821 0.035895085259789586 0.02798006265040753 -0.04206068036929736 -0.1254859888367168 2.8650216105636255
leaf_weight=60899 18322 9884 27315 21424 11564 864 16800 75347 2274 38685 20284 36163 1825 1118
leaf_count=60899 18322 9884 27315 21424 11564 864 16800 75347 2274 38685 20284 36163 1825 1118
internal_value=-0.000783737 0.0191314 -0.0335429 0.0209131 0.0158616 -0.014425 0.0263826 0.0132158 -0.0213147 0.0238129 0.0214112 -0.0371609 -0.0327397 -0.0109956
internal_weight=342768 213174 129594 202426 105233 10748 97193 86911 29589 75769 58969 100005 39106 2943
internal_count=342768 213174 129594 202426 105233 10748 97193 86911 29589 75769 58969 100005 39106 2943
is_linear=0
shrinkage=0.04


Tree=6
num_leaves=15
num_cat=0
split_feature=2 10 2 12 2 10 3 2 15 13 15 15 3 10
split_gain=135798 7510.15 3833.79 3448.56 1944.51 2540.94 1825.76 1567.58 1253.38 1237.39 976.001 902.366 822.15 773.947
threshold=86.931697500000013 127.07524650000001 66.326775000000012 118.70151709559254 198.36637150000004 85.750415500000017 55.627887500000007 204.35031900000004 5.108791732625023 642.89807683317133 8.4516063852500043 11.720497890624971 1.0000000180025095e-35 -1.0000000180025095e-35
decision_type=2 2 2 2 2 2 2 2 2 2 2 2 2 2
left_child=2 3 12 9 5 6 8 -3 -5 -2 -10 -4 -1 -14
right_child=1 7 11 4 -6 -7 -8 -9 10 -11 -12 -13 13 -15
leaf_value=-0.096139788433920015 0.0025670446643036061 -0.068843501679607066 -0.012769971793035989 0.042579321404284443 0.10429218499117442 -0.030362431528170756 0.022053538548483236 0.023704767332945718 0.017999955112689935 0.011332939649370015 0.025001739669954059 0.0002859566279845227 -0.040392033748397539 -0.1010045889738093
leaf_weight=60851 25347 9896 27289 58357 24432 4162 17949 864 61406 2464 8602 2269 36111 2908
leaf_count=60851 25347 9896 27289 58357 24432 4162 17949 864 61406 2464 8602 2269 36111 2908
internal_value=-0.00102033 0.0185796 -0.0333486 0.0203081 0.0223885 0.020689 0.0215657 -0.0139851 0.0198948 0.00722448 0.0162861 -0.0206942 -0.0370938 -0.0325616
internal_weight=342907 213479 129428 202719 174908 150476 146314 10760 128365 27811 70008 29558 99870 39019
internal_count=342907 213479 129428 202719 174908 150476 146314 10760 128365 27811 70008 29558 99870 39019
is_linear=0
shrinkage=0.04


Tree=7
num_leaves=15
num_cat=0
split_feature=2 10 2 12 10 2 13 2 15 12 15 0 2 10
split_gain=132101 6973.36 4081.17 3465.11 2126.02 1533.17 1373.19 1245.61 1046.67 1050.97 902.386 884.534 742.579 1741.69
threshold=86.931697500000013 127.07524650000001 56.927828000000005 140.01835403082319 -27.4009031752685 206.42608650000003 282.46392299658419 97.418068000000019 11.720497890624971 67.062838313522221 3.7507811581250086 6.1907696770001772 193.00085450000003 78.999242000000024
decision_type=2 2 2 2 2 2 2 2 2 2 2 2 2 2
left_child=2 3 -1 4 -2 -3 -5 -6 9 -4 -8 -12 13 -9
right_child=1 5 8 6 7 -7 10 12 -10 -11 11 -13 -14 -15
leaf_value=-0.092294196896563194 0.018105676050087477 -0.065183141586788021 -0.02744937162889512 0.060377021766159958 -1.8629945845458631e-05 0.0229240826787705 0.088503731887352902 0.016022902713084132 0.00027451836286514377 -0.015795677769794771 0.0335039641639533 0.026548745306911467 0.061885979670410304 -0.028070828419799666
leaf_weight=87931 18731 9945 7265 21156 11639 852 16631 68367 2270 32325 38178 19727 3847 4309
leaf_count=87931 18731 9945 7265 21156 11639 852 16631 68367 2270 32325 38178 19727 3847 4309
internal_value=-0.00131444 0.0180409 -0.0331354 0.0197102 0.0147606 -0.0132815 0.0252393 0.0121603 -0.0228552 -0.0243698 0.0226865 0.0203278 0.0140146 0.013108
internal_weight=343173 213382 129791 202585 106893 10797 95692 88162 41860 39590 74536 57905 76523 72676
internal_count=343173 213382 129791 202585 106893 10797 95692 88162 41860 39590 74536 57905 76523 72676
is_linear=0
shrinkage=0.04


Tree=8
num_leaves=15
num_cat=0
split_feature=2 10 2 12 12 1 2 15 13 7 15 10 15 12
split_gain=128523 6509.26 4313.14 3225.66 1830.46 1724.45 1487.39 1464.36 1276.33 984.149 971.705 874.307 836.799 765.438
threshold=86.931697500000013 127.07524650000001 67.429142000000013 118.70151709559254 148.37953849238684 29.436158407730264 204.35031900000004 12.200141976749977 642.89807683317133 1.0000000180025095e-35 0.91381273125000473 38.629845500000009 11.720497890624971 67.062838313522221
decision_type=2 2 2 2 2 2 2 2 2 2 2 2 2 2
left_child=2 3 9 8 5 7 -3 10 -2 -1 -5 -6 13 -4
right_child=1 6 12 4 11 -7 -8 -9 -10 -11 -12 -13 -14 -15
leaf_value=-0.08860242902070066 0.0022098014710132132 -0.06441780925522568 -0.012376489079413138 0.086108664388269959 0.066534711942551575 0.021597336141903303 0.021954055442538714 -0.056491455163985689 0.010207277151380558 -0.035398753452652816 0.017945278703006801 0.018789575483262561 0.00030656026094941338 -0.010655440300574028
leaf_weight=61102 25387 9844 3535 2804 49079 22992 863 2319 2483 40208 91481 6247 2280 22614
leaf_count=61102 25387 9844 3535 2804 49079 22992 863 2319 2483 40208 91481 6247 2280 22614
internal_value=-0.00153946 0.0175411 -0.0329384 0.0191459 0.0211596 0.0183765 -0.0128551 0.0160333 0.00650736 -0.0368019 0.0168056 0.0271756 -0.0191706 -0.021197
internal_weight=343238 213499 129739 202792 174922 119596 10707 96604 27870 101310 94285 55326 28429 26149
internal_count=343238 213499 129739 202792 174922 119596 10707 96604 27870 101310 94285 55326 28429 26149
is_linear=0
shrinkage=0.04


Tree=9
num_leaves=15
num_cat=0
split_feature=2 3 2 2 12 1 2 13 12 2 10 0 11 2
split_gain=124838 5942.13 4518.79 3417.93 2203.59 1747.53 1449.06 1071.91 958.395 846.305 1900.81 799.832 702.985 702.293
threshold=84.706050500000018 126.08888450000002 98.636383000000009 56.337551000000012 144.57886824843357 29.436158407730264 204.35031900000004 313.87503678502748 67.062838313522221 188.35116600000001 78.999242000000024 4.3423448510332712 0.85467586113140448 115.79008500000002
decision_type=2 2 2 2 2 2 2 2 2 2 2 2 2 2
left_child=3 2 11 -1 5 9 -3 -6 -5 10 -4 -2 -13 -9
right_child=1 6 4 8 7 -7 -8 13 -10 -11 -12 12 -14 -15
leaf_value=-0.085058331859872646 -0.0065873566297500828 -0.061430678374579641 0.014892092361035067 -0.025657316273068373 0.061281905624036188 0.019633553283889594 0.020898833455206739 -0.010749874462273571 -0.016018537340040325 0.060412968954414503 -0.018966755056567978 -0.01776002026545536 0.001818749597311522 0.040549259952701998
leaf_weight=86762 2889 10050 86517 8223 26468 19083 945 1295 30215 6444 5075 1776 12576 44601
leaf_count=86762 2889 10050 86517 8223 26468 19083 945 1295 30215 6444 5075 1776 12576 44601
internal_value=-0.00174444 0.0165573 0.0180813 -0.0335706 0.0198652 0.0164745 -0.0120964 0.0253529 -0.0236412 0.0143188 0.013333 -0.00152427 0.00234114 0.0216559
internal_weight=342919 217719 206724 125200 189483 117119 10995 72364 38438 98036 91592 17241 14352 45896
internal_count=342919 217719 206724 125200 189483 117119 10995 72364 38438 98036 91592 17241 14352 45896
is_linear=0
shrinkage=0.04


Tree=10
num_leaves=15
num_cat=0
split_feature=2 10 2 2 11 2 15 14 3 10 15 13 0 3
split_gain=121758 5484.15 5642.61 3312.26 3123.8 2366.2 2019.24 1074.85 957.726 950.649 934.838 798.005 684.461 619.252
threshold=83.288810500000025 96.527842500000006 98.636383000000009 199.99832950000004 5.9329941244574202 189.76892050000001 8.4516063852500043 0.19285141462713501 10.785438000000001 1.0000000180025095e-35 6.7095928932499769 642.89807683317133 4.3423448510332712 35.883170500000013
decision_type=2 2 2 2 2 2 2 2 2 2 2 2 2 2
left_child=4 2 11 -3 9 6 7 10 -6 -1 13 12 -2 -4
right_child=1 3 5 -5 8 -7 -8 -9 -10 -11 -12 -13 -14 -15
leaf_value=-0.081655998585477757 -0.0065820763084928971 -0.051381006819735613 0.031127809798324614 0.0173477222505205 -0.01252820268390209 0.10456902863436839 0.018441660747548962 0.013872339843036451 -0.02370503928340353 1.2189333050177578 0.013907935990316506 0.0050094620011808776 -0.00018357057283415303 0.050008807134284128
leaf_weight=90700 3095 14016 42162 5423 7683 25251 21448 74190 23265 346 11798 1032 16591 6006
leaf_count=90700 3095 14016 42162 5423 7683 25251 21448 74190 23265 346 11798 1032 16591 6006
internal_value=-0.00192836 0.0157776 0.0177343 -0.00451258 -0.0340056 0.0199994 0.0181563 0.0163344 -0.023027 -0.0377374 0.0203168 -0.00203881 -0.00383623 0.0227886
internal_weight=343006 221012 201573 19439 121994 180855 155604 134156 30948 91046 59966 20718 19686 48168
internal_count=343006 221012 201573 19439 121994 180855 155604 134156 30948 91046 59966 20718 19686 48168
is_linear=0
shrinkage=0.04


Tree=11
num_leaves=15
num_cat=0
split_feature=2 12 10 11 15 2 15 15 9 3 3 10 10 11
split_gain=116840 5956.89 4957.48 2949.24 2827.44 2152.77 1424.65 1619.65 1199.25 1141.12 978.58 794.287 678.584 649.391
threshold=81.321602000000013 117.61020821919378 96.527842500000006 6.3359708891638453 6.532326244750025 208.67728400000001 8.4516063852500043 5.108791732625023 8.1665127303176557e-05 87.080787000000015 10.785438000000001 1.0000000180025095e-35 -22.101432053955183 6.1434233328003733
decision_type=2 2 2 2 2 2 2 2 2 2 2 2 2 2
left_child=3 8 5 11 -4 6 7 -3 -2 12 -5 -1 -10 -14
right_child=1 2 4 10 -6 -7 -8 -9 9 -11 -12 -13 13 -15
leaf_value=-0.078389758642058646 -0.0058306157556628734 0.033990053562331903 0.01560150675337884 -0.011343476058174425 -0.051966195090037005 0.11342769687885039 0.019308564946350169 0.014999089881852105 0.011405816209130662 -0.012371631985760634 -0.024675484892473176 1.2048577325561836 0.0049002166388094227 2.6684043374751721e-05
leaf_weight=90446 8600 64341 5569 7043 11237 14570 18761 70206 1995 4428 20535 313 10723 13871
leaf_count=90446 8600 64341 5569 7043 11237 14570 18761 70206 1995 4428 20535 313 10723 13871
internal_value=-0.0020285 0.0149376 0.0179567 -0.0341868 -0.00275616 0.0200303 0.0186339 0.017194 0.000863266 0.00452784 -0.0227312 -0.0376677 0.00765881 0.00583882
internal_weight=342638 224301 184684 118337 16806 167878 153308 134547 39617 31017 27578 90759 26589 24594
internal_count=342638 224301 184684 118337 16806 167878 153308 134547 39617 31017 27578 90759 26589 24594
is_linear=0
shrinkage=0.04


Tree=12
num_leaves=15
num_cat=0
split_feature=2 12 3 11 12 15 1 13 15 2 3 14 13 9
split_gain=113488 5572.47 4479.72 3142.62 2048.62 1662.15 1662.33 1631.8 1182 1165.2 1138.93 1053.05 934.416 1053.03
threshold=81.321602000000013 118.70151709559254 126.08888450000002 6.5040531852238717 155.2942475954433 0.91381273125000473 29.436158407730264 642.89807683317133 12.200141976749977 199.99832950000004 63.75714150000001 0.19726957747197196 254.05081887727795 0.045460977793856668
decision_type=2 2 2 2 2 2 2 2 2 2 2 2 2 2
left_child=3 7 4 10 5 -3 8 11 -7 -4 -1 -2 -13 -14
right_child=1 2 9 -5 -6 6 -8 -9 -10 -11 -12 12 13 -15
leaf_value=-0.075254168296376295 0.0059580007033097539 0.089013517023441652 -0.049906630309506816 -0.02243917706771241 0.066602863529723083 0.016574630796092248 0.019109476369169678 0.0080415933435565717 -0.049411727154917234 0.018566478492242883 0.0035842605624594537 -0.062279897811400038 -0.0075267659721433436 0.0003325109662334658
leaf_weight=90591 14317 4821 8080 27307 32567 107888 26450 2602 2512 978 724 1278 6864 15674
leaf_count=90591 14317 4821 8080 27307 32567 107888 26450 2602 2512 978 724 1278 6864 15674
internal_value=-0.00228768 0.0144632 0.0174372 -0.0339236 0.0188629 0.0167834 0.0159702 0.00108113 0.0138123 -0.00998896 -0.0374839 -0.00101015 -0.00616392 -0.00427722
internal_weight=342653 224031 183296 118622 174238 141671 136850 40735 110400 9058 91315 38133 23816 22538
internal_count=342653 224031 183296 118622 174238 141671 136850 40735 110400 9058 91315 38133 23816 22538
is_linear=0
shrinkage=0.04


Tree=13
num_leaves=15
num_cat=0
split_feature=2 12 10 3 2 2 13 13 12 13 14 14 10 11
split_gain=109012 6250.25 4670.95 2760.56 2617.04 2367.55 1625.2 1252.77 1248.15 1132.47 1004.85 989.22 831.879 753.245
threshold=78.15543000000001 118.70151709559254 78.999242000000024 1.0000000180025095e-35 199.99832950000004 189.76892050000001 583.60789811233519 642.89807683317133 70.247232702061936 319.16334368527947 0.19726957747197196 0.20603207634240592 -29.464022871728393 23.791403526013884
decision_type=2 2 2 2 2 2 2 2 2 2 2 2 2 2
left_child=3 7 5 -1 -4 6 9 10 -5 -3 -2 -12 -11 -14
right_child=1 2 4 8 -6 -7 -8 -9 -10 12 11 -13 13 -15
leaf_value=-0.072244001564521251 0.0054024204360584339 0.031892810568954946 -0.034730605117878496 -0.022010786785674794 0.014597357346533654 0.098298573136525694 0.019290908793035102 0.005692083651047306 -0.019924359705454659 0.017966761168694161 -0.0060380363562281981 7.655875874030715e-05 0.025974314320955746 0.007097833582303841
leaf_weight=61132 15322 30052 12814 28547 6402 22851 7653 2959 24762 21197 11169 15440 44210 38504
leaf_count=61132 15322 30052 12814 28547 6402 22851 7653 2959 24762 21197 11169 15440 44210 38504
internal_value=-0.00232993 0.0136259 0.0168958 -0.0341986 -0.0017652 0.0190762 0.0171483 0.000245935 -0.0275458 0.0161242 -0.00152918 -0.00622797 0.0141463 0.0123346
internal_weight=343014 228573 183683 114441 19216 164467 141616 44890 53309 133963 41931 26609 103911 82714
internal_count=343014 228573 183683 114441 19216 164467 141616 44890 53309 133963 41931 26609 103911 82714
is_linear=0
shrinkage=0.04


Tree=14
num_leaves=15
num_cat=0
split_feature=2 2 10 2 2 2 15 2 15 8 3 11 11 15
split_gain=106866 6073.54 5478.88 2868.47 2715.37 2534.19 2007.23 1226.13 849.655 781.272 764.021 636.904 1038.26 934.647
threshold=77.455845000000011 97.418068000000019 78.999242000000024 198.36637150000004 54.349966000000009 189.76892050000001 8.4516063852500043 125.57123200000002 11.201103675124985 0.26211334627933752 5.3598355000000009 1.0000000180025095e-35 4.6773389628394861 6.532326244750025
decision_type=2 2 2 2 2 2 2 2 2 2 2 2 2 2
left_child=4 8 5 -4 -1 6 7 -3 11 -9 -6 -2 -13 -14
right_child=1 2 3 -5 10 -7 -8 9 -10 -11 -12 12 13 -15
leaf_value=-0.069354241501940403 -0.030189806858390546 0.0068986096598278018 -0.035412195148579705 0.014672224841463648 -0.010285371259682376 0.093856911342707572 0.015823004636872032 0.031776277787944923 0.0015351005741951651 0.033967063317294668 -0.021913470586853032 0.0021043049929806035 -0.00014709693715876605 -0.0057592897367636465
leaf_weight=82301 2771 55623 15820 6971 4875 23798 21537 59747 4100 17771 26088 2369 11287 7731
leaf_count=82301 2771 55623 15820 6971 4875 23798 21537 59747 4100 17771 26088 2369 11287 7731
internal_value=-0.00249681 0.0131923 0.0156304 -0.00283796 -0.0342902 0.0179887 0.0161192 0.0142865 -0.00417298 0.0175381 -0.0241927 -0.00703038 -0.00469257 -0.00780313
internal_weight=342789 229525 201267 22791 113264 178476 154678 133141 28258 77518 30963 24158 21387 19018
internal_count=342789 229525 201267 22791 113264 178476 154678 133141 28258 77518 30963 24158 21387 19018
is_linear=0
shrinkage=0.04


Tree=15
num_leaves=15
num_cat=0
split_feature=2 12 10 11 2 13 13 12 8 13 15 3 2 11
split_gain=103905 6289.69 4164.64 2776.38 2445.37 2291.05 1612.09 1202.91 1101.82 1119.03 973.154 878.552 877.053 980.132
threshold=75.952629000000016 117.61020821919378 91.842445500000011 5.7738640756329156 189.76892050000001 487.55222243242525 583.60789811233519 147.83548803841597 0.99985755871018378 228.57383096747418 8.4516063852500043 11.455642000000003 97.418068000000019 4.6773389628394861
decision_type=2 2 2 2 2 2 2 2 2 2 2 2 2 2
left_child=3 8 4 -1 6 -4 7 10 9 -2 -3 -5 13 -11
right_child=1 2 5 11 -6 -7 -8 -9 -10 12 -12 -13 -14 -15
leaf_value=-0.066580071841862778 -0.039500729035686383 0.012115882115246926 0.012909037034493184 -0.01261815205050131 0.088241476521871323 -0.046430432047649857 0.017871606057058242 0.03372958468398643 -0.0054611382917873199 0.0026849036255291868 0.01437157048476809 -0.024074289744179148 0.0091126699606162917 -0.0011631709194874862
leaf_weight=87566 1530 88605 6196 6979 23567 11504 7672 34886 13466 3472 12450 16562 15980 12681
leaf_count=87566 1530 88605 6196 6979 23567 11504 7672 34886 13466 3472 12450 16562 15980 12681
internal_value=-0.0026475 0.0125852 0.0159104 -0.0344558 0.0178639 -0.00254011 0.0159041 0.0148973 -0.000459165 0.00340908 0.0126866 -0.0222607 0.00500047 -0.00157246
internal_weight=343116 232009 184880 111107 167180 17700 143613 135941 47129 33663 101055 23541 32133 16153
internal_count=343116 232009 184880 111107 167180 17700 143613 135941 47129 33663 101055 23541 32133 16153
is_linear=0
shrinkage=0.04


Tree=16
num_leaves=15
num_cat=0
split_feature=2 2 10 2 11 2 15 15 11 11 12 3 2 2
split_gain=100878 6564.67 4972.03 2473.85 2473.02 2454.34 1831.44 1357.47 929.472 1903.31 825.535 756.098 722.995 684.805
threshold=73.030933500000017 97.418068000000019 78.999242000000024 189.76892050000001 5.3777941955672235 211.79447950000002 8.4516063852500043 5.0983766455000117 1.0000000180025095e-35 4.6773389628394861 153.14679011587108 11.455642000000003 89.694366500000015 51.970493500000011
decision_type=2 2 2 2 2 2 2 2 2 2 2 2 2 2
left_child=4 8 3 6 -1 -4 7 10 -2 -10 -3 13 -11 -6
right_child=1 2 5 -5 11 -7 -8 -9 9 12 -12 -13 -14 -15
leaf_value=-0.063916868968188267 -0.023625437299278906 0.021308965140390674 -0.021155551298959071 0.086726890758578604 -0.027138956244382086 0.016736318724918507 0.01461364681280026 0.0094032384738524065 0.0027024665602504473 -0.0034762685497523728 0.046155050908379902 -0.02325058403802132 0.0024135132247117652 -0.0030928282445629751
leaf_weight=85804 3792 46586 17821 23770 1823 4950 21489 72372 4482 19448 14246 15447 6143 4733
leaf_count=85804 3792 46586 17821 23770 1823 4950 21489 72372 4482 19448 14246 15447 6143 4733
internal_value=-0.00275294 0.0119386 0.0146806 0.0169265 -0.0347914 -0.00292126 0.0150804 0.0133323 -0.00435494 -0.0020018 0.0177367 -0.0228278 -0.00621312 -0.011446
internal_weight=342906 235099 201234 178463 107807 22771 154693 133204 33865 30073 60832 22003 25591 6556
internal_count=342906 235099 201234 178463 107807 22771 154693 133204 33865 30073 60832 22003 25591 6556
is_linear=0
shrinkage=0.04


Tree=17
num_leaves=15
num_cat=0
split_feature=2 12 10 3 2 13 13 12 13 9 13 14 11 11
split_gain=98309.4 6231.39 3612.68 2649.69 2385.38 2035.15 1498.61 1373.16 1328.88 1299.07 1079.25 856.898 852.886 818.207
threshold=73.030933500000017 118.70151709559254 91.842445500000011 1.0000000180025095e-35 208.67728400000001 487.55222243242525 583.60789811233519 70.247232702061936 315.69819775805632 0.00014454752091430659 228.57383096747418 0.17495902990765722 0.85467586113140448 5.9329941244574202
decision_type=2 2 2 2 2 2 2 2 2 2 2 2 2 2
left_child=3 9 4 -1 6 -4 8 -5 11 12 -11 -3 -2 -12
right_child=1 2 5 7 -6 -7 -8 -9 -10 10 13 -13 -14 -15
leaf_value=-0.06136019420946074 -0.053401377123545028 0.012667122333203169 0.012394052599310789 -0.01390794498465878 0.093125006031205701 -0.042599403220557809 0.01663085166754882 -0.016875094374324787 0.01373009138862873 -0.037066992084876425 0.0038063609772454512 0.041176656576898764 -0.0020731595860342678 -4.6630382740555645e-05
leaf_weight=60984 3087 10480 6182 26805 14179 11477 7667 20011 110730 1545 14366 23289 13101 19340
leaf_count=60984 3087 10480 6182 26805 14179 11477 7667 20011 110730 1545 14366 23289 13101 19340
internal_value=-0.00286875 0.0116164 0.0150571 -0.0345054 0.0168832 -0.00214508 0.0154211 -0.0273479 0.0145067 -0.000691304 0.00361635 0.0214528 -0.0100717 0.00511482
internal_weight=343243 235443 184004 107800 166345 17659 152166 46816 144499 51439 35251 33769 16188 33706
internal_count=343243 235443 184004 107800 166345 17659 152166 46816 144499 51439 35251 33769 16188 33706
is_linear=0
shrinkage=0.04


Tree=18
num_leaves=15
num_cat=0
split_feature=3 12 11 9 12 3 10 15 15 11 15 10 0 3
split_gain=65728.4 24354 6113.95 4968.35 3233.62 2252.47 1726.93 1849.43 1492.07 1773.06 1194.89 1167.19 1020.85 933.562
threshold=5.7414975000000004 94.536982826242635 6.5040531852238717 0.00014454752091430659 148.93943053928453 137.67639250000002 -29.464022871728393 0.91381273125000473 3.371450947500009 5.9329941244574202 6.532326244750025 38.629845500000009 4.3058637517264975 11.455642000000003
decision_type=2 2 2 2 2 2 2 2 2 2 2 2 2 2
left_child=2 3 12 13 5 6 -3 -8 -5 -10 -9 -6 -1 -2
right_child=1 4 -4 8 11 -7 7 10 9 -11 -12 -13 -14 -15
leaf_value=-0.058905786441082311 -0.0094827802919618797 0.013286491491009675 -0.0049839736999595452 -0.037224158370718852 0.048369897454423001 -0.036162950171083799 0.058718189345140108 0.011270825463035997 0.0029741642283504888 -0.0018938930759862971 0.0021451116836780425 0.0082197470210190766 0.0026436393477778353 -0.015928872192244165
leaf_weight=72165 5172 25126 9136 3787 47053 7360 3120 82287 8084 8362 37932 6701 720 26115
leaf_count=72165 5172 25126 9136 3787 47053 7360 3120 82287 8084 8362 37932 6701 720 26115
internal_value=-0.00306901 0.00674334 -0.0343049 -0.017896 0.0128003 0.00988211 0.0109529 0.00900575 -0.00244946 0.00276298 0.00821667 0.0212598 -0.0381714 -0.0278851
internal_weight=343120 261099 82021 51520 209579 155825 148465 123339 20233 16446 120219 53754 72885 31287
internal_count=343120 261099 82021 51520 209579 155825 148465 123339 20233 16446 120219 53754 72885 31287
is_linear=0
shrinkage=0.04


Tree=19
num_leaves=15
num_cat=0
split_feature=2 12 10 3 2 15 3 12 15 2 15 15 12 15
split_gain=94690.9 5036.49 3359.51 2898.31 2517.48 1862.32 1588.01 1414.09 1080.29 1019.99 1011.09 1213.97 938.115 840.339
threshold=73.030933500000017 118.70151709559254 63.415359500000008 1.0000000180025095e-35 189.76892050000001 6.532326244750025 79.299059000000014 70.247232702061936 11.201103675124985 89.694366500000015 5.0983766455000117 8.4516063852500043 63.791181629226081 1.1937700325000125
decision_type=2 2 2 2 2 2 2 2 2 2 2 2 2 2
left_child=3 8 4 -1 6 -4 10 -5 9 12 -3 -12 -2 -11
right_child=1 2 5 7 -6 -7 -8 -9 -10 13 11 -13 -14 -15
leaf_value=-0.056549554983439027 0.0018933432013612439 0.025793082229606839 0.008602735595474165 -0.011779630728239487 0.079229987133066795 -0.040677979927270028 0.017980740442136559 -0.01566242190088396 0.0023142852873132692 -0.031659481526503927 0.0086720951379712224 0.011741224533270511 -0.0052053568904741401 0.0038197380644311796
leaf_weight=60966 1982 54600 8477 26845 22729 11718 6294 19962 5837 1993 65694 14456 20482 21118
leaf_count=60966 1982 54600 8477 26845 22729 11718 6294 19962 5837 1993 65694 14456 20482 21118
internal_value=-0.00319962 0.0110184 0.0141116 -0.0342524 0.0160097 -0.00128151 0.0140189 -0.0267661 -4.97938e-05 -0.00212485 0.0131016 0.0102418 -0.00819444 0.00377483
internal_weight=343153 235380 183968 107773 163773 20195 141044 46807 51412 45575 134750 80150 22464 23111
internal_count=343153 235380 183968 107773 163773 20195 141044 46807 51412 45575 134750 80150 22464 23111
is_linear=0
shrinkage=0.04


Tree=20
num_leaves=15
num_cat=0
split_feature=2 2 10 2 2 3 15 2 11 11 12 3 15 8
split_gain=92995 6037.06 4121.2 2566.88 2145.2 2084.04 1735.36 1620.17 1002.37 2225 956.705 763.843 693.684 670.936
threshold=68.558834000000019 97.418068000000019 63.415359500000008 188.35116600000001 217.35298900000004 1.0000000180025095e-35 8.4516063852500043 125.57123200000002 1.0000000180025095e-35 4.6773389628394861 70.247232702061936 11.455642000000003 1.1937700325000125 0.26874339161411948
decision_type=2 2 2 2 2 2 2 2 2 2 2 2 2 2
left_child=5 8 3 6 -4 -1 7 -3 -2 -10 -7 -12 -5 -9
right_child=1 2 4 12 -6 10 -8 13 9 -11 11 -13 -14 -15
leaf_value=-0.054287572784101457 -0.03363233179831919 0.0043751887732285293 -0.011943100838185679 0.066587005941012939 0.017870158099552006 -0.01122683237179781 0.01264170311014365 0.026895750393209111 0.0024027161342602232 -0.0021023779948732549 -0.0076399436865376208 -0.018960397813890122 0.083157184726254232 0.027906851159149832
leaf_weight=61096 4411 55601 19885 5807 3982 26191 21546 58480 4697 30258 5311 9756 18742 17146
leaf_count=61096 4411 55601 19885 5807 3982 26191 21546 58480 4697 30258 5311 9756 18742 17146
internal_value=-0.00337547 0.0102122 0.0130152 0.0151156 -0.00258935 -0.0353096 0.0131864 0.0114589 -0.00411319 -0.0018458 -0.028364 -0.0203332 0.0271213 0.0152699
internal_weight=342909 240555 201189 177322 23867 102354 152773 131227 39366 34955 41258 15067 24549 75626
internal_count=342909 240555 201189 177322 23867 102354 152773 131227 39366 34955 41258 15067 24549 75626
is_linear=0
shrinkage=0.04


Tree=21
num_leaves=15
num_cat=0
split_feature=2 2 3 12 3 15 1 15 11 11 14 12 14 3
split_gain=91267.2 5548.28 3312.75 2243.43 2127.05 1933.82 1648.49 1418.13 1078.14 1483.04 1053.19 943.338 838.475 814.084
threshold=68.558834000000019 102.15045550000001 126.08888450000002 157.71493119704112 1.0000000180025095e-35 0.91381273125000473 29.69422373301984 11.201103675124985 1.0000000180025095e-35 4.6773389628394861 0.18791882470639382 70.247232702061936 0.19726957747197196 75.025286000000008
decision_type=2 2 2 2 2 2 2 2 2 2 2 2 2 2
left_child=4 7 3 5 -1 -3 -7 8 -2 -10 -4 -6 -11 -8
right_child=1 2 10 -5 11 6 13 -9 9 12 -12 -13 -14 -15
leaf_value=-0.052116069872737397 -0.043648297827501729 0.058199116357330202 0.018301934455553753 0.053594678587296114 -0.010791224958273551 0.010387176194966768 0.012094756765008095 0.002173461596604951 0.0018978897161468034 0.0014027379318777423 -0.046085838773404934 -0.016287867977152964 -0.0047694154025699521 0.01659099322227741
leaf_weight=60946 4325 5593 1209 29027 26169 123860 20732 5344 3499 12188 9758 15054 19628 5591
leaf_count=60946 4325 5593 1209 29027 26169 123860 20732 5344 3499 12188 9758 15054 19628 5591
internal_value=-0.0035762 0.00986667 0.0127774 0.014045 -0.0352534 0.0121426 0.0112825 -0.002801 -0.00540868 -0.0031001 -0.00858211 -0.0282357 -0.00581846 0.0203731
internal_weight=342923 240754 195770 184803 102169 155776 150183 44984 39640 35315 10967 41223 31816 26323
internal_count=342923 240754 195770 184803 102169 155776 150183 44984 39640 35315 10967 41223 31816 26323
is_linear=0
shrinkage=0.04


Tree=22
num_leaves=15
num_cat=0
split_feature=2 12 15 3 3 15 1 12 15 12 0 13 13 13
split_gain=89838.5 4831.23 2659.77 2459.29 2280.34 1246.87 1212.03 1455.32 1118.55 1112.04 1016.15 1212.43 930.627 928.355
threshold=69.593292500000004 118.70151709559254 3.7914950851250073 1.0000000180025095e-35 126.08888450000002 0.91381273125000473 39.500921421152654 164.43949920885487 8.5257561433749931 70.247232702061936 16.937947594630966 434.15911543596184 477.47418470492562 613.56417515146063
decision_type=2 2 2 2 2 2 2 2 2 2 2 2 2 2
left_child=3 8 5 -1 6 -3 7 10 -2 -5 11 -4 -10 -13
right_child=1 2 4 9 -6 -7 -8 -9 12 -11 -12 13 -14 -15
leaf_value=-0.050031427077827914 -0.0021901522743438939 0.061828688757359418 0.012281818677702257 -0.010343485153538889 -0.030787090586238266 0.032022114586570602 0.015792190484544721 0.057691933711211084 -0.012104024533764522 -0.015561313394480419 0.01556328637512947 -0.00036891234550724629 0.0019737860547118925 0.011876470303394164
leaf_weight=61102 42016 5869 69125 26224 8347 33615 12041 10860 1173 16229 12544 30070 11783 2022
leaf_count=61102 42016 5869 69125 26224 8347 33615 12041 10860 1173 16229 12544 30070 11783 2022
internal_value=-0.00373273 0.00972885 0.0128302 -0.0348619 0.010324 0.0220342 0.0115637 0.0103928 -0.000679619 -0.0274666 0.00905723 0.00772637 0.00959555 0.00130126
internal_weight=343020 239465 184493 103555 145009 39484 136662 124621 54972 42453 113761 101217 12956 32092
internal_count=343020 239465 184493 103555 145009 39484 136662 124621 54972 42453 113761 101217 12956 32092
is_linear=0
shrinkage=0.04


Tree=23
num_leaves=15
num_cat=0
split_feature=2 2 10 2 3 15 2 15 15 12 11 11 14 14
split_gain=88247.1 4859.64 3842.24 2529.72 2318.71 1944 1767.67 1265.46 1263.96 1047.2 942.865 1497.9 891.213 889.849
threshold=68.558834000000019 102.15045550000001 63.415359500000008 160.58164200000002 1.0000000180025095e-35 8.4516063852500043 201.36885050000004 11.201103675124985 1.1937700325000125 70.247232702061936 1.0000000180025095e-35 5.7738640756329156 0.19726957747197196 0.19726957747197196
decision_type=2 2 2 2 2 2 2 2 2 2 2 2 2 2
left_child=4 7 3 5 -1 -3 -4 10 -5 -6 -2 -12 -7 -13
right_child=1 2 6 8 9 12 -8 -9 -10 -11 11 13 -14 -15
leaf_value=-0.048030169994714794 -0.042181850128949872 0.0083018144788423731 -0.019771250840602283 0.060602727732884269 -0.0099458365538010532 -0.00035228925809692723 0.010668403056126546 0.0020471358485149469 0.057517680601716352 -0.014962031979524185 0.0013501935498623041 0.0018862805268466067 0.013243385941529302 -0.0051204405620343743
leaf_weight=60983 4351 100365 17242 6016 26188 2310 6572 5425 45951 15003 4821 11578 17420 18830
leaf_count=60983 4351 100365 17242 6016 26188 2310 6572 5425 45951 15003 4821 11578 17420 18830
internal_value=-0.00389757 0.00931531 0.0120386 0.0141228 -0.0350477 0.0109323 -0.00302007 -0.0025375 0.0214959 -0.0277158 -0.00502072 -0.00285106 0.0224105 -0.00613523
internal_weight=343055 240881 195876 172062 102174 120095 23814 45005 51967 41191 39580 35229 19730 30408
internal_count=343055 240881 195876 172062 102174 120095 23814 45005 51967 41191 39580 35229 19730 30408
is_linear=0
shrinkage=0.04


Tree=24
num_leaves=15
num_cat=0
split_feature=2 12 15 12 3 3 1 12 15 13 3 2 13 0
split_gain=86829.7 4420.04 2601.05 2586.88 2414.22 1547.88 1261.08 1070.9 961.401 951.917 920.337 796.703 901.599 784.6
threshold=68.558834000000019 118.70151709559254 0.91381273125000473 164.43949920885487 1.0000000180025095e-35 131.55236700000003 39.500921421152654 70.247232702061936 8.5257561433749931 477.47418470492562 11.455642000000003 87.659889000000007 228.57383096747418 17.172601787288222
decision_type=2 2 2 2 2 2 2 2 2 2 2 2 2 2
left_child=4 8 -3 5 -1 6 13 -6 11 -10 -9 -2 -13 -4
right_child=1 2 3 -5 7 -7 -8 10 9 -11 -12 12 -14 -15
leaf_value=-0.046108963194926196 -0.0052330740241815343 0.056985199244891309 0.0089983122000110802 0.056058264748148033 -0.0095535916231431536 -0.021428111802821875 0.014585760496348538 -0.0054199152363181829 -0.012490254516623365 0.0018037094385729713 -0.016316411836600306 -0.033442062742458471 0.0016427429710397889 0.014560204362290517
leaf_weight=61014 20164 5844 126272 20299 26075 8122 12121 5290 1280 11799 9787 1614 21076 12143
leaf_count=61014 20164 5844 126272 20299 26075 8122 12121 5290 1280 11799 9787 1614 21076 12143
internal_value=-0.00405249 0.00906029 0.0120421 0.0111846 -0.0349502 0.00946438 0.0103821 -0.0274631 -0.000791661 0.00870097 -0.0189773 -0.0036888 0.00145262 0.0092987
internal_weight=342900 240734 184801 178957 102166 158658 150536 41152 55933 13079 15077 42854 22690 138415
internal_count=342900 240734 184801 178957 102166 158658 150536 41152 55933 13079 15077 42854 22690 138415
is_linear=0
shrinkage=0.04


Tree=25
num_leaves=15
num_cat=0
split_feature=2 2 10 2 3 15 2 15 12 14 2 3 13 12
split_gain=85253.8 4217.76 3371.23 2718.1 2520.06 1889.29 1756.68 1293.98 1049.36 963.427 908.118 871.088 718.16 629.964
threshold=68.558834000000019 97.418068000000019 63.415359500000008 160.58164200000002 1.0000000180025095e-35 8.4516063852500043 225.59345250000004 1.1937700325000125 70.247232702061936 0.21021760849986634 125.57123200000002 11.455642000000003 520.88873726602321 162.52531804296078
decision_type=2 2 2 2 2 2 2 2 2 2 2 2 2 2
left_child=4 9 3 5 -1 10 -4 -5 -6 -2 -3 -10 -7 -9
right_child=1 2 6 7 8 12 -8 13 11 -11 -12 -13 -14 -15
leaf_value=-0.044264604667129143 -0.0031773942199935057 0.0028246320807214474 -0.0085587379179239906 0.055982836467891588 -0.0091316106613351967 0.0083040081801993362 0.02033184200626785 0.047496942072539787 -0.0055607450718852917 0.0011258856563854725 0.015810048385489099 -0.015736577933937072 0.012921516400538312 0.060147833234503456
leaf_weight=60985 30016 55685 21747 6040 26303 13688 2143 27068 5329 9355 48447 9783 7884 18829
leaf_count=60985 30016 55685 21747 6040 26303 13688 2143 27068 5329 9355 48447 9783 7884 18829
internal_value=-0.00425515 0.00874082 0.0110802 0.0129774 -0.0348289 0.00979698 -0.00302721 0.020675 -0.0272143 -0.00323385 0.00756501 -0.0188142 0.0205711 0.0183846
internal_weight=343302 240902 201531 177641 102400 125704 23890 51937 41415 39371 104132 15112 21572 45897
internal_count=343302 240902 201531 177641 102400 125704 23890 51937 41415 39371 104132 15112 21572 45897
is_linear=0
shrinkage=0.04


Tree=26
num_leaves=15
num_cat=0
split_feature=3 12 9 15 12 1 13 15 0 3 11 3 10 1
split_gain=58803 22618.9 4547.87 3036.84 2559.52 1827.31 2372.32 1528.74 1502.79 1258.72 1080.45 908.646 894.263 906.659
threshold=1.0000000180025095e-35 94.536982826242635 0.00014454752091430659 0.91381273125000473 164.43949920885487 29.69422373301984 437.10312914365767 3.0686840562500071 2.621928185280344 11.455642000000003 4.3664678048730829 75.025286000000008 14.346233500000002 13.761739968765843
decision_type=2 2 2 2 2 2 2 2 2 2 2 2 2 2
left_child=-1 2 8 -3 5 6 12 -4 -2 -10 -9 -7 13 -5
right_child=1 3 7 4 -6 11 -8 10 9 -11 -12 -13 -14 -15
leaf_value=-0.04249402048044397 -0.0079627707191347145 0.053283786153041544 -0.045605015886796045 -0.00025740154084450404 0.050350909955466761 0.0087962885534988208 -0.00064863050388101143 0.0031043382418170749 -0.00037303562304931149 -0.017093467628241488 -0.00098869154439697789 0.01393625248311495 0.027199756655246338 0.010109998292467252
leaf_weight=60938 26483 6010 3710 21363 20516 22888 55153 8363 6332 13504 10736 5817 38872 42231
leaf_count=60938 26483 6010 3710 21363 20516 22888 55153 8363 6332 13504 10736 5817 38872 42231
internal_value=-0.00436888 0.00333132 -0.0165479 0.00978755 0.00897312 0.00749662 0.00580615 -0.00192731 -0.0237475 -0.0154225 0.00263679 0.016779 0.00940644 0.00648489
internal_weight=342916 281978 69128 212850 206840 186324 157619 22809 46319 19836 19099 28705 102466 63594
internal_count=342916 281978 69128 212850 206840 186324 157619 22809 46319 19836 19099 28705 102466 63594
is_linear=0
shrinkage=0.04


Tree=27
num_leaves=15
num_cat=0
split_feature=2 2 10 2 3 15 2 15 11 13 2 8 2 3
split_gain=82637.1 3591.24 3088.32 2812.36 2727.81 1670.2 1603.98 1320.49 1178.87 2029.52 852.12 631.459 621.144 614.167
threshold=68.558834000000019 89.694366500000015 63.415359500000008 160.58164200000002 1.0000000180025095e-35 8.4516063852500043 225.59345250000004 1.1937700325000125 6.7589164080921398 449.35294705808218 125.57123200000002 0.9998654614808774 235.79741650000003 11.455642000000003
decision_type=2 2 2 2 2 2 2 2 2 2 2 2 2 2
left_child=4 8 3 5 -1 10 -4 -5 9 11 -3 -2 -9 -6
right_child=1 2 6 7 13 -7 -8 12 -10 -11 -12 -13 -14 -15
leaf_value=-0.040794259661226205 -0.00035168286257455163 0.0023109161983324022 -0.0085861238629339875 0.051647545365084473 -0.0070658128945714702 0.0094841335323574642 0.018193957364121122 0.043486064691853774 -0.0045781204469193208 0.0017643728898158394 0.014701047500910478 -0.057654304492558678 0.10876339645398715 -0.012599513731601526
leaf_weight=61154 1632 62038 21778 6031 17003 22715 2132 40424 21169 7370 48294 1658 5455 24227
leaf_count=61154 1632 62038 21778 6031 17003 22715 2132 40424 21169 7370 48294 1658 5455 24227
internal_value=-0.00453888 0.0082647 0.010172 0.0119208 -0.034639 0.00883988 -0.00335592 0.0198174 -0.00425147 0.00659662 0.00680637 -0.0195258 0.0175043 -0.0266874
internal_weight=343080 240696 208867 184957 102384 133047 23910 51910 31829 10660 110332 3290 45879 41230
internal_count=343080 240696 208867 184957 102384 133047 23910 51910 31829 10660 110332 3290 45879 41230
is_linear=0
shrinkage=0.04


Tree=28
num_leaves=15
num_cat=0
split_feature=2 12 3 2 10 2 1 10 3 10 12 2 3 14
split_gain=80513.8 3477.43 2995.01 2129.96 1707.44 1296.72 1563.81 1266.88 1153.4 1154.83 1052.01 955.051 865.426 832.845
threshold=68.558834000000019 147.83548803841597 1.0000000180025095e-35 84.706050500000018 178.13684800000001 188.35116600000001 29.436158407730264 40.067132500000007 75.025286000000008 32.17470500000001 70.247232702061936 208.67728400000001 12.830458500000001 0.21021760849986634
decision_type=2 2 2 2 2 2 2 2 2 2 2 2 2 2
left_child=2 3 -1 13 5 6 8 11 9 -5 -4 -3 -12 -2
right_child=1 7 10 4 -6 -7 -8 -9 -10 -11 12 -13 -14 -15
leaf_value=-0.039162489274777154 -0.0055427290161564292 0.022525786300594111 -0.0080753574197589464 0.0029499149068609198 -0.08968464894547179 0.02207789762384051 0.0095072632466894087 0.0016968156616088614 -0.0071951565009127942 0.04710086460325931 -0.0047371719244616271 0.070380353224396161 -0.014133748169912917 0.00066221638840894496
leaf_weight=61068 17768 38628 26106 99607 4218 9702 23185 7476 12718 9452 5383 12681 9731 5305
leaf_count=61068 17768 38628 26106 99607 4218 9702 23185 7476 12718 9452 5383 12681 9731 5305
internal_value=-0.00464685 0.00798505 -0.0343767 0.00525251 0.00690173 0.00758651 0.00663898 0.016443 0.0048262 0.00615557 -0.0260456 0.0186844 -0.0176472 -0.0061041
internal_weight=343028 240740 102288 181955 158882 154664 144962 58785 121777 109059 41220 51309 15114 23073
internal_count=343028 240740 102288 181955 158882 154664 144962 58785 121777 109059 41220 51309 15114 23073
is_linear=0
shrinkage=0.04


Tree=29
num_leaves=15
num_cat=0
split_feature=2 2 3 10 2 12 13 11 15 11 11 3 3 15
split_gain=78709.5 3388.55 3205 2671.12 3290.11 1151.28 1050.39 1310.49 988.883 955.242 1092.35 884.228 778.716 764.416
threshold=68.558834000000019 208.67728400000001 1.0000000180025095e-35 63.415359500000008 104.802677 70.247232702061936 583.60789811233519 26.010413826575821 9.0992552776249926 1.0000000180025095e-35 4.1935864961169189 81.70484900000001 11.455642000000003 1.1937700325000125
decision_type=2 2 2 2 2 2 2 2 2 2 2 2 2 2
left_child=2 3 -1 4 8 -4 7 13 9 -2 -11 -9 -7 -6
right_child=1 -3 5 -5 6 12 -8 11 -10 10 -12 -13 -14 -15
leaf_value=-0.037595989703786067 -0.039468828433469938 0.04255361388802701 -0.0077549667574103066 -0.013616393145448477 0.027583858442462372 -0.0044068747556452606 0.0093711516981752636 0.0041035063492768841 0.0014838161856520738 0.0018434401604588047 -0.0019444395952878436 0.023508442542718777 -0.013393666034864448 0.021564285170560513
leaf_weight=60920 4115 19838 26221 18406 2393 5331 9072 67687 7866 2583 33256 1877 9791 73589
leaf_count=60920 4115 19838 26221 18406 2393 5331 9072 67687 7866 2583 33256 1877 9791 73589
internal_value=-0.00476799 0.00772305 -0.0341664 0.00630056 0.00762703 -0.0255705 0.0104629 0.00963984 -0.00154245 -0.00409471 -0.00199894 0.00567305 -0.0167808 0.0132716
internal_weight=342945 240682 102263 220844 202438 41343 154618 145546 47820 39954 35839 69564 15122 75982
internal_count=342945 240682 102263 220844 202438 41343 154618 145546 47820 39954 35839 69564 15122 75982
is_linear=0
shrinkage=0.04


Tree=30
num_leaves=15
num_cat=0
split_feature=2 3 12 2 13 3 2 12 15 14 1 13 3 14
split_gain=76779.3 3468.36 3222.84 1810.9 1593.54 1394.8 1220.44 1205.29 1005.05 837.069 719.714 932.745 677.942 648.289
threshold=68.558834000000019 1.0000000180025095e-35 147.83548803841597 87.659889000000007 642.89807683317133 176.64050450000005 186.83972200000002 70.247232702061936 3.0686840562500071 0.21021760849986634 29.436158407730264 466.27196737977994 11.455642000000003 0.20603207634240592
decision_type=2 2 2 2 2 2 2 2 2 2 2 2 2 2
left_child=1 -1 3 9 5 6 10 -3 -4 -2 11 -5 -9 -8
right_child=2 7 8 4 -6 -7 13 12 -10 -11 -12 -13 -14 -15
leaf_value=-0.036092150115634623 -0.0041797598616116205 -0.0073788319240745536 0.05248765248856499 0.0086081111214213538 0.0078481647639969416 -0.082227879249750016 0.023081866546736531 -0.0043714100572573586 0.019299977186580417 0.0009079417530899114 0.0083749222749299797 -0.0006487501974635734 -0.012888081358430946 -0.0082840134118460727
leaf_weight=61067 21976 26160 11241 79298 5770 4279 8732 5298 47466 6627 19697 34258 9782 1399
leaf_count=61067 21976 26160 11241 79298 5770 4279 8732 5298 47466 6627 19697 34258 9782 1399
internal_value=-0.00491893 -0.0339476 0.0074172 0.00478894 0.00651151 0.00570569 0.00637728 -0.0249855 0.0155668 -0.00445128 0.00535973 0.0041354 -0.0159788 0.0197611
internal_weight=343050 102307 240743 182036 153433 147663 143384 41240 58707 28603 133253 113556 15080 10131
internal_count=343050 102307 240743 182036 153433 147663 143384 41240 58707 28603 133253 113556 15080 10131
is_linear=0
shrinkage=0.04


Tree=31
num_leaves=15
num_cat=0
split_feature=2 2 12 2 10 14 10 13 10 3 11 15 11 13
split_gain=75528.1 3667.21 3018.32 1697.04 1595.97 1489.59 1327.92 1498.92 1294.12 1154.92 1084.7 987.196 833.025 1575.54
threshold=68.558834000000019 52.789633000000009 147.83548803841597 87.659889000000007 63.415359500000008 0.18791882470639382 32.17470500000001 642.89807683317133 40.067132500000007 11.455642000000003 24.973244639617928 0.91381273125000473 6.5040531852238717 449.35294705808218
decision_type=2 2 2 2 2 2 2 2 2 2 2 2 2 2
left_child=1 -1 3 12 6 -6 7 11 10 -3 -4 -5 13 -2
right_child=2 9 8 4 5 -7 -8 -9 -10 -11 -12 -13 -14 -15
leaf_value=-0.03464846411100924 -0.018247893823594437 -0.0046721126105656822 0.048175328960383047 0.049432348267867861 0.012728847223225662 -0.017342608913134043 0.042316492838667695 0.0075493197528500458 -0.00047787954513916375 -0.011356826230119381 0.010395686114895317 0.0040948819750172725 -0.0040190606013263694 0.0019707630026744383
leaf_weight=76819 3163 7961 31550 1512 3560 15795 11486 5797 7515 17503 19678 115194 19298 6158
leaf_count=76819 3163 7961 31550 1512 3560 15795 11486 5797 7515 17503 19678 115194 19298 6158
internal_value=-0.00498547 -0.0337804 0.00725034 0.00470535 0.00637417 -0.0043627 0.00792513 0.00670579 0.0151337 -0.0206252 0.0174077 0.00571967 -0.00423635 0.00558309
internal_weight=342989 102283 240706 181963 153344 19355 133989 122503 58743 25464 51228 116706 28619 9321
internal_count=342989 102283 240706 181963 153344 19355 133989 122503 58743 25464 51228 116706 28619 9321
is_linear=0
shrinkage=0.04


Tree=32
num_leaves=15
num_cat=0
split_feature=2 3 2 10 2 13 3 12 15 11 11 11 10 3
split_gain=73201.9 4087.63 2963.62 2182.45 2533.3 1257.34 1189.01 1140.56 1082.86 1030.39 921.111 1208.77 767.851 966.986
threshold=68.558834000000019 1.0000000180025095e-35 193.00085450000003 63.415359500000008 109.7349205 570.75545409713311 21.184137500000002 70.68411032539349 11.201103675124985 26.010413826575821 1.0000000180025095e-35 3.9027100179603811 -39.610203312838124 25.3749365
decision_type=2 2 2 2 2 2 2 2 2 2 2 2 2 2
left_child=1 -1 3 4 8 9 -4 -3 10 -6 -2 -12 -11 -14
right_child=2 7 6 -5 5 -7 -8 -9 -10 12 11 -13 13 -15
leaf_value=-0.033262525546568861 -0.037098977716339993 -0.0061456161539370684 0.058057147972713177 -0.018241932329848633 0.020744055219844786 0.009254468615390395 0.012955968644209753 -0.010070024068016244 0.0021431476138909235 0.012538624053427032 0.0025143619050354274 -0.00093278245948407617 0.011849107084158077 -0.0010657851601777041
leaf_weight=60940 4407 26527 13831 16126 62055 8209 16022 14705 6331 8632 2906 45232 28698 28476
leaf_count=60940 4407 26527 13831 16126 62055 8209 16022 14705 6331 8632 2906 45232 28698 28476
internal_value=-0.00504709 -0.0334189 0.00698491 0.00531648 0.00648631 0.00948571 0.0187814 -0.0236923 -0.000445682 0.00851143 -0.00232867 -0.000726245 0.00502447 0.00334558
internal_weight=343097 102172 240925 211072 194946 136070 29853 41232 58876 127861 52545 48138 65806 57174
internal_count=343097 102172 240925 211072 194946 136070 29853 41232 58876 127861 52545 48138 65806 57174
is_linear=0
shrinkage=0.04


Tree=33
num_leaves=15
num_cat=0
split_feature=2 3 2 10 2 12 3 13 15 2 0 13 10 13
split_gain=71832.5 4302.65 2830.97 2008.95 2276.47 1188.54 1176.11 1157.8 956.403 922.419 765.741 736.148 731.625 894.182
threshold=68.558834000000019 1.0000000180025095e-35 193.00085450000003 85.750415500000017 109.7349205 70.68411032539349 21.184137500000002 570.75545409713311 9.8967739006249946 139.57262400000002 10.821715244053129 515.31255052261804 -39.610203312838124 466.27196737977994
decision_type=2 2 2 2 2 2 2 2 2 2 2 2 2 2
left_child=1 -1 3 4 8 -3 -4 9 -2 10 12 -7 -6 -14
right_child=2 5 6 -5 7 11 -8 -9 -10 -11 -12 -13 13 -15
leaf_value=-0.031932024524706101 -0.0010535621683410335 -0.0059281561385096772 0.055731772407656685 -0.026935942831345008 0.010932618051705929 -0.0074464762704210853 0.012582838399350801 0.0087210697469904275 0.0017756630379306148 0.023227074909790604 0.0089913932746393428 -0.057239809870174456 0.0041115169185507623 -0.0036959545577060116
leaf_weight=60925 51122 26520 13894 14368 7047 12074 15968 8220 7706 56330 19785 2545 34718 11465
leaf_count=60925 51122 26520 13894 14368 7047 12074 15968 8220 7706 56330 19785 2545 34718 11465
internal_value=-0.00513203 -0.0332513 0.00679519 0.00516206 0.00621835 -0.0232568 0.0183216 0.00903457 -0.000367172 0.00810947 0.0051425 -0.0140995 0.00264512 0.000813286
internal_weight=342687 102064 240623 210761 196393 41139 29862 137565 58828 129345 73015 14619 53230 46183
internal_count=342687 102064 240623 210761 196393 41139 29862 137565 58828 129345 73015 14619 53230 46183
is_linear=0
shrinkage=0.04


Tree=34
num_leaves=15
num_cat=0
split_feature=2 3 2 10 2 12 3 15 2 12 11 11 13 13
split_gain=70081.3 4679.39 2732.25 1852.22 2079.78 1275.39 1241.47 1095.84 1373.18 647.834 1321.03 1024.07 773.75 629.397
threshold=68.558834000000019 1.0000000180025095e-35 188.35116600000001 63.415359500000008 97.418068000000019 70.68411032539349 21.184137500000002 8.4516063852500043 125.57123200000002 75.711898323270077 6.7589164080921398 2.6023945207146562 390.72398086571758 520.88873726602321
decision_type=2 2 2 2 2 2 2 2 2 2 2 2 2 2
left_child=1 -1 3 4 9 -3 -4 8 -6 10 12 -11 -2 -9
right_child=2 5 6 -5 7 -7 -8 13 -10 11 -12 -13 -14 -15
leaf_value=-0.030654743543717854 -0.038095610887618349 -0.0056936089674824242 0.053415781458831781 -0.017126136111907258 0.0012622490268839358 -0.0092990830257311877 0.01227779794143582 0.0062092259653075618 0.016773159080552161 -0.049908854521906701 -0.0049026199674192354 -0.0017568676021732267 0.0013859675802772476 0.0095937107373188189
leaf_weight=61038 676 26513 14014 15476 55710 14713 19079 13674 75938 2346 3135 25347 7812 7831
leaf_count=61038 676 26513 14014 15476 55710 14713 19079 13674 75938 2346 3135 25347 7812 7831
internal_value=-0.00522176 -0.032968 0.00655 0.00485109 0.00592158 -0.0225566 0.0172254 0.00802831 0.00666079 -0.00228507 0.00564054 -0.00561153 0.013836 0.0163999
internal_weight=343302 102264 241038 207945 192469 41226 33093 153153 131648 39316 11623 27693 8488 21505
internal_count=343302 102264 241038 207945 192469 41226 33093 153153 131648 39316 11623 27693 8488 21505
is_linear=0
shrinkage=0.04


Tree=35
num_leaves=15
num_cat=0
split_feature=2 3 15 12 1 12 2 3 10 2 3 3 3 12
split_gain=68926.5 4867.22 2571.86 2431.79 1431.52 1297.7 1045.24 1139.23 1372.67 890.672 856.336 738.28 770.022 653.736
threshold=68.558834000000019 1.0000000180025095e-35 0.91381273125000473 165.67692933124439 29.69422373301984 70.68411032539349 84.706050500000018 75.025286000000008 14.608397500000001 221.00375400000004 16.951060500000004 81.70484900000001 26.573038000000004 63.791181629226081
decision_type=2 2 2 2 2 2 2 2 2 2 2 2 2 2
left_child=1 -1 -2 4 6 -3 13 8 -8 -9 -10 12 -6 -4
right_child=2 5 3 -5 11 -7 7 9 10 -11 -12 -13 -14 -15
leaf_value=-0.029428553801969137 0.03399987457045249 -0.0054836500113890985 0.0014589668211682928 0.040509250482129992 0.10771842301359477 -0.0089048085090574162 0.0015820030495555248 -0.007456276100907662 0.064346695181697861 0.011222350361402924 0.031470294073400601 0.01106242582395669 0.0047912010260320317 -0.0031346868217144454
leaf_weight=61079 6636 26560 2978 19021 1560 14625 98195 22647 3521 2504 37315 4772 22486 19018
leaf_count=61079 6636 26560 2978 19021 1560 14625 98195 22647 3521 2504 37315 4772 22486 19018
internal_value=-0.00532409 -0.0328342 0.00636618 0.00566984 0.00445701 -0.0222071 0.00317288 0.0042699 0.00568708 -0.00356407 0.0118503 0.0127531 0.00990102 -0.00501546
internal_weight=342917 102264 240653 234017 214996 41185 186178 164182 139031 25151 40836 28818 24046 21996
internal_count=342917 102264 240653 234017 214996 41185 186178 164182 139031 25151 40836 28818 24046 21996
is_linear=0
shrinkage=0.04


Tree=36
num_leaves=15
num_cat=0
split_feature=2 3 2 10 2 14 12 3 1 2 14 12 14 3
split_gain=67763.7 5115.18 2479.53 1681.99 1765.11 1413.84 1336.95 1123.07 657.221 636.278 627 801.476 599.933 725.341
threshold=68.558834000000019 1.0000000180025095e-35 193.00085450000003 91.842445500000011 114.11549750000002 0.21021760849986634 70.68411032539349 21.184137500000002 22.373590904943853 84.319694500000011 0.23320872121670802 95.444390455814315 0.21163429115709895 11.455642000000003
decision_type=2 2 2 2 2 2 2 2 2 2 2 2 2 2
left_child=1 -1 3 4 5 9 -3 -4 -7 -2 11 12 13 -8
right_child=2 6 7 -5 -6 8 10 -9 -10 -11 -12 -13 -14 -15
leaf_value=-0.028251411649890378 -0.0047069169389226586 -0.0052730508520821484 0.049282944101172371 -0.028711006260632103 0.0098827239075975574 0.00056173673710339326 -0.0020948599576083638 0.01111022644025976 0.0084034728960018408 0.00017043912959607388 -0.091875118465459593 3.298042496008506 0.0023183093719579694 -0.010729251497107501
leaf_weight=61058 17093 26557 13837 13708 120916 11435 4755 15981 5458 42328 1233 598 1065 6989
leaf_count=61058 17093 26557 13837 13708 120916 11435 4755 15981 5458 42328 1233 598 1065 6989
internal_value=-0.00537091 -0.0326513 0.00621575 0.00468953 0.00563119 0.000867993 -0.0217598 0.0170125 0.0110791 -0.00203497 -0.0120546 -0.00954427 -0.0116574 -0.0142643
internal_weight=343011 102255 240756 210938 197230 76314 41197 29818 16893 59421 14640 13407 12809 11744
internal_count=343011 102255 240756 210938 197230 76314 41197 29818 16893 59421 14640 13407 12809 11744
is_linear=0
shrinkage=0.04


Tree=37
num_leaves=15
num_cat=0
split_feature=2 3 15 12 1 12 3 2 10 2 3 3 3 14
split_gain=66585 5236.87 2454.33 2178.85 1268.22 1156.2 1020.19 1153.36 993.549 683.585 678.139 664.932 760.353 612.869
threshold=68.558834000000019 1.0000000180025095e-35 0.91381273125000473 166.90082721574356 29.963288890676072 70.68411032539349 201.74619950000002 124.28546150000001 63.415359500000008 223.11668400000005 32.164232500000004 81.70484900000001 26.573038000000004 0.23320872121670802
decision_type=2 2 2 2 2 2 2 2 2 2 2 2 2 2
left_child=1 -1 -2 4 6 -3 7 -4 10 -10 -9 12 -6 -7
right_child=2 5 3 -5 11 13 -8 8 9 -11 -12 -13 -14 -15
leaf_value=-0.027121355183894771 0.031018264787593192 -0.0050487582570875227 4.5437812397284283e-05 0.039343572540159161 0.10624550709076731 -0.0070586744465247625 -0.096193216587019501 0.012406096849941112 -0.0051972357861192796 0.011233685138539262 0.023934610493989383 0.010242173500280696 0.0044770116716973249 -0.088225374519094346
leaf_weight=61025 6612 26636 90920 17924 1435 13471 3233 57497 17223 2281 16917 4706 21897 1250
leaf_count=61025 6612 26636 90920 17924 1435 13471 3233 57497 17223 2281 16917 4706 21897 1250
internal_value=-0.00553414 -0.0325526 0.00596081 0.00528182 0.0041703 -0.0215635 0.00298717 0.00337679 0.00648566 -0.00155045 0.00859193 0.0121064 0.00933996 -0.0125671
internal_weight=343027 102382 240645 234033 216109 41357 188071 184838 93918 19504 74414 28038 23332 14721
internal_count=343027 102382 240645 234033 216109 41357 188071 184838 93918 19504 74414 28038 23332 14721
is_linear=0
shrinkage=0.04


Tree=38
num_leaves=15
num_cat=0
split_feature=2 3 2 10 2 12 15 2 15 2 14 2 12 11
split_gain=65392.3 5485.61 2396.96 1542.8 1578.65 1146.74 1126.97 947.039 890.648 1259.65 638.826 775.577 607.326 1364.24
threshold=68.558834000000019 1.0000000180025095e-35 193.00085450000003 91.842445500000011 97.418068000000019 70.68411032539349 1.1937700325000125 233.90647900000002 8.4516063852500043 143.90162650000005 0.23320872121670802 1.0000000180025095e-35 72.34414428550626 6.3359708891638453
decision_type=2 2 2 2 2 2 2 2 2 2 2 2 2 2
left_child=1 -1 3 4 12 -3 -4 -8 9 -6 11 -7 13 -2
right_child=2 5 6 -5 8 10 7 -9 -10 -11 -12 -13 -14 -15
leaf_value=-0.026036500976538975 0.0014445200252696468 -0.0048631898167777804 0.033246523081078949 -0.027664819940875402 0.0022787996883606425 3.2161048110889787 0.012035494301287378 0.06546681720498658 0.006796094072787924 0.020854959717341304 -0.084777128256575476 -0.0074022697288637484 -0.002301692742491084 -0.0044260914327410991
leaf_weight=61131 6495 26608 5089 13697 86310 642 18192 6612 21570 50090 1259 12828 29974 2868
leaf_count=61131 6495 26608 5089 13697 86310 642 18192 6612 21570 50090 1259 12828 29974 2868
internal_value=-0.00562445 -0.0323894 0.0057603 0.0042585 0.00515968 -0.0211346 0.016361 0.0128431 0.00694512 0.00575073 -0.0121801 -0.00963326 -0.00201032 0.00688241
internal_weight=343365 102468 240897 211004 197307 41337 29893 24804 157970 136400 14729 13470 39337 9363
internal_count=343365 102468 240897 211004 197307 41337 29893 24804 157970 136400 14729 13470 39337 9363
is_linear=0
shrinkage=0.04


Tree=39
num_leaves=15
num_cat=0
split_feature=2 3 2 10 2 14 3 12 11 3 14 3 14 2
split_gain=63993.8 5781.53 2204.15 1532.03 1541.47 1266.04 1134.98 1131.58 792.196 883.058 716.339 932.294 663.546 768.225
threshold=68.558834000000019 1.0000000180025095e-35 193.00085450000003 63.415359500000008 113.82654550000002 0.21021760849986634 84.400794000000005 70.68411032539349 26.010413826575821 81.70484900000001 0.20515559400079877 34.177836000000006 0.23320872121670802 1.0000000180025095e-35
decision_type=2 2 2 2 2 2 2 2 2 2 2 2 2 2
left_child=1 -1 3 4 5 -2 -4 -3 10 -10 11 -6 13 -9
right_child=2 7 6 -5 8 -7 -8 12 9 -11 -12 -13 -14 -15
leaf_value=-0.024995040937477422 -0.00097792312189584943 -0.0046569839975601204 0.041974147614339201 -0.014234913161208444 0.018520448302916576 0.0023300328038567651 0.001554873142075044 3.086990037590732 0.0030556190742509017 0.0095118906973453952 0.013347875577513463 0.026858481228737716 -0.081348452742750085 -0.0070624625090451336
leaf_weight=60893 58533 26461 22280 16086 29625 16747 7433 649 57130 4459 21158 7314 1258 12820
leaf_count=60893 58533 26461 22280 16086 29625 16747 7433 649 57130 4459 21158 7314 1258 12820
internal_value=-0.00563075 -0.0321709 0.00562191 0.00418589 0.0051648 0.000680128 0.015822 -0.0205963 0.00798556 0.00482489 0.0113362 0.0146977 -0.0117091 -0.00911426
internal_weight=342846 102081 240765 211052 194966 75280 29713 41188 119686 61589 58097 36939 14727 13469
internal_count=342846 102081 240765 211052 194966 75280 29713 41188 119686 61589 58097 36939 14727 13469
is_linear=0
shrinkage=0.04


Tree=40
num_leaves=15
num_cat=0
split_feature=2 3 15 12 1 12 14 3 10 0 1 3 10 14
split_gain=62547.3 6112.19 2222.39 1962.05 1101.28 1055.97 985.01 819.485 754.819 983.111 745.474 1149.08 696.04 963.984
threshold=68.558834000000019 1.0000000180025095e-35 0.91381273125000473 171.05148587827782 29.69422373301984 70.68411032539349 0.19825011245603297 99.089699500000009 14.608397500000001 4.823359928676763 17.72085424141547 14.833208000000003 14.346233500000002 0.21021760849986634
decision_type=2 2 2 2 2 2 2 2 2 2 2 2 2 2
left_child=1 -1 -2 4 6 -3 8 12 9 -4 11 -11 13 -8
right_child=2 5 3 -5 -6 -7 7 -9 -10 10 -12 -13 -14 -15
leaf_value=-0.023995239299978322 0.026921908647545349 -0.0044390290155152104 -0.0019100859512828756 0.041950193332171343 0.0065215008578641325 -0.007696618990036974 -0.0024418678264984195 -0.011754479546238641 0.021742622738775239 0.019407081251388264 0.015660972352712497 -0.00092908654093021965 0.017149103895099226 0.0017144667876209045
leaf_weight=61011 6620 26511 26894 14226 28827 14673 41688 14714 27565 8479 9955 16835 25049 19886
leaf_count=61011 6620 26511 26894 14226 28827 14673 41688 14714 27565 8479 9955 16835 25049 19886
internal_value=-0.00574375 -0.0319628 0.00538644 0.00474017 0.00380878 -0.0200563 0.00270924 6.71028e-06 0.00576141 0.00331837 0.00771102 0.00406415 0.00148921 -0.000797739
internal_weight=342933 102195 240738 234118 219892 41184 191065 101337 89728 62163 35269 25314 86623 61574
internal_count=342933 102195 240738 234118 219892 41184 191065 101337 89728 62163 35269 25314 86623 61574
is_linear=0
shrinkage=0.04


Tree=41
num_leaves=15
num_cat=0
split_feature=2 3 15 12 10 2 12 13 10 10 3 3 1 15
split_gain=61057.9 6531.31 2058.69 1828.94 1136.46 1341.42 1044.75 978.311 1085.07 1004.21 898.873 800.679 973.088 773.631
threshold=68.558834000000019 1.0000000180025095e-35 0.91381273125000473 171.05148587827782 63.415359500000008 83.288810500000025 70.68411032539349 642.89807683317133 14.608397500000001 -17.953329452422583 16.951060500000004 23.946061000000004 24.878537443487282 8.4516063852500043
decision_type=2 2 2 2 2 2 2 2 2 2 2 2 2 2
left_child=1 -1 -2 4 5 -4 -3 8 9 11 -10 12 -7 -13
right_child=2 6 3 -5 -6 7 -8 -9 10 -11 -12 13 -14 -15
leaf_value=-0.02303542972797919 0.025992846761966695 -0.0042928935196628439 -0.0021835799161016656 0.040063549338783033 -0.0053369789404019031 0.01299198988275614 -0.0072875345066063793 0.0049726387853401407 0.057719334171399489 -0.00022767005996172875 0.028437411414570714 0.00076888960454387929 0.082987095278022879 0.0057033585238690024
leaf_weight=61061 6597 26537 19555 14140 23326 12654 14700 6267 3969 57351 38317 37278 3616 17714
leaf_count=61061 6597 26537 19555 14140 23326 12654 14700 6267 3969 57351 38317 37278 3616 17714
internal_value=-0.00580526 -0.0316941 0.0051937 0.00457293 0.00367685 0.00466671 -0.0193952 0.00576409 0.00519488 0.00336731 0.0107534 0.00653813 0.0143331 0.00423189
internal_weight=343082 102298 240784 234187 220047 196721 41237 177166 170899 128613 42286 71262 16270 54992
internal_count=343082 102298 240784 234187 220047 196721 41237 177166 170899 128613 42286 71262 16270 54992
is_linear=0
shrinkage=0.04


Tree=42
num_leaves=15
num_cat=0
split_feature=2 7 2 10 2 14 12 10 11 14 14 14 10 2
split_gain=59686.3 6923.26 2034.11 1439.59 1424.78 1088.42 985.432 883.282 770.94 821.546 715.587 822.023 704.074 664.652
threshold=68.558834000000019 1.0000000180025095e-35 208.67728400000001 63.415359500000008 114.11549750000002 0.21021760849986634 70.68411032539349 23.335289500000005 26.814469661847209 0.20515559400079877 0.23320872121670802 0.21163429115709895 14.608397500000001 1.0000000180025095e-35
decision_type=2 2 2 2 2 2 2 2 2 2 2 2 2 2
left_child=1 -1 3 4 5 -2 -3 12 9 -6 11 13 -4 -8
right_child=2 6 7 -5 8 -7 10 -9 -10 -11 -12 -13 -14 -15
leaf_value=-0.022114012538860025 -0.00094330768173434552 -0.0041468218092385193 0.020732381665201416 -0.010414574296638062 0.019768520950597283 0.0020919778464782057 2.8956010664129224 0.0047756177765795873 0.0035869777064888144 0.0099083155661163665 -0.077425461781879354 0.0041506299705225125 0.059407690424597329 -0.00742351089751268
leaf_weight=61002 59357 26435 5019 18387 44696 16943 547 7118 59719 21713 1254 1189 7695 11709
leaf_count=61002 59357 26435 5019 18387 44696 16943 547 7118 59719 21713 1254 1189 7695 11709
internal_value=-0.00582771 -0.0314483 0.00504623 0.00394412 0.0049175 0.000602883 -0.018766 0.0173175 0.00752759 0.0104932 -0.0104633 -0.00776794 0.0236338 -0.0108486
internal_weight=342783 102136 240647 220815 202428 76300 41134 19832 126128 66409 14699 13445 12714 12256
internal_count=342783 102136 240647 220815 202428 76300 41134 19832 126128 66409 14699 13445 12714 12256
is_linear=0
shrinkage=0.04


Tree=43
num_leaves=15
num_cat=0
split_feature=2 3 2 10 2 1 12 3 14 14 10 3 3 2
split_gain=58569.9 7251.93 1973.9 1338.37 1361.9 1165.05 892.442 861.76 714.184 753.493 695.479 638.876 734.325 633.047
threshold=68.558834000000019 1.0000000180025095e-35 208.67728400000001 85.750415500000017 147.09811400000004 29.436158407730264 70.68411032539349 23.037687500000004 0.23320872121670802 0.21163429115709895 14.608397500000001 81.70484900000001 26.273441000000002 1.0000000180025095e-35
decision_type=2 2 2 2 2 2 2 2 2 2 2 2 2 2
left_child=1 -1 3 4 5 -2 -3 10 9 13 -4 12 -7 -8
right_child=2 6 7 -5 -6 11 8 -9 -10 -11 -12 -13 -14 -15
leaf_value=-0.021229452037305627 0.00039648562725081327 -0.0039119869230129648 0.019955561840815542 -0.016077232072110731 0.020012520618949425 0.094919643789397448 2.7817247705185308 0.0045482827657012904 -0.07439813002189917 0.0040046593126185394 0.056699101580656476 0.0088966138783656973 0.003275095929216985 -0.007159367321353383
leaf_weight=61068 123615 26521 5012 16417 52711 1289 540 7134 1246 1184 7749 4783 22275 11739
leaf_count=61068 123615 26521 5012 16417 52711 1289 540 7134 1246 1184 7749 4783 22275 11739
internal_value=-0.00589007 -0.0312491 0.00487483 0.00378886 0.00467028 0.00274858 -0.0182877 0.016943 -0.0103855 -0.00770408 0.0231675 0.0100624 0.00735699 -0.0106426
internal_weight=343283 102298 240985 221090 204673 151962 41230 19895 14709 13463 12761 28347 23564 12279
internal_count=343283 102298 240985 221090 204673 151962 41230 19895 14709 13463 12761 28347 23564 12279
is_linear=0
shrinkage=0.04


Tree=44
num_leaves=15
num_cat=0
split_feature=2 2 3 11 2 10 11 3 15 2 1 11 12 2
split_gain=57304.5 6006.17 2687.12 2222.07 1741.64 1395.15 1346.49 1001.69 949.523 945.352 1024.09 844.094 988.57 826.108
threshold=53.120985000000005 75.952629000000016 1.0000000180025095e-35 1.3375758930010229 199.99832950000004 63.415359500000008 3.1993090002016031 5.2089450000000008 1.1937700325000125 155.49099700000002 29.69422373301984 3.0661436737758216 70.68411032539349 233.90647900000002
decision_type=2 2 2 2 2 2 2 2 2 2 2 2 2 2
left_child=2 3 -1 -2 5 9 -5 -8 -6 10 -3 12 -4 -10
right_child=1 4 11 6 8 -7 7 -9 13 -11 -12 -13 -14 -15
leaf_value=-0.020380273955813398 -0.024065424419586492 0.0009013210323944509 -0.0013379430540025972 0.0023168378590775695 0.02725202582629617 -0.012296075490230228 0.0070487091969259506 -0.0063991367034192991 0.0081753653318662866 0.022465108097474186 0.0061958386283037046 -0.012214693364317375 1.5872042956596266 0.054029529579468091
leaf_weight=61017 6278 123391 7128 4310 4383 17115 3178 19448 14306 38374 27633 8916 830 6640
leaf_count=61017 6278 123391 7128 4310 4383 17115 3178 19448 14306 38374 27633 8916 830 6640
internal_value=-0.0059306 0.00293312 -0.036093 -0.0129753 0.00521217 0.003998 -0.0079804 -0.0118837 0.0151115 0.00498633 0.00356182 -0.0219652 -0.0124956 0.0115688
internal_weight=342947 265056 77891 33214 231842 206513 26936 22626 25329 189398 151024 16874 7958 20946
internal_count=342947 265056 77891 33214 231842 206513 26936 22626 25329 189398 151024 16874 7958 20946
is_linear=0
shrinkage=0.04


Tree=45
num_leaves=15
num_cat=0
split_feature=2 2 3 2 10 3 2 10 0 3 12 3 14 15
split_gain=56813.7 5681.81 2701.99 1647.1 1251.24 1009.21 848.972 1035.79 631.069 622.335 613.191 588.134 726.055 671.303
threshold=53.120985000000005 75.952629000000016 1.0000000180025095e-35 194.88379700000002 63.415359500000008 21.479873500000004 125.57123200000002 -39.610203312838124 20.516159828312226 14.543502500000001 136.15501095489265 5.1290055000000008 0.21021760849986634 7.5518605999999986
decision_type=2 2 2 2 2 2 2 2 2 2 2 2 2 2
left_child=2 11 -1 4 6 9 7 -3 -9 -5 -7 -2 13 -13
right_child=1 3 -4 5 -6 10 -8 8 -10 -11 -12 12 -14 -15
leaf_value=-0.019565062997580859 0.0012805125261820382 0.0078266644880409623 -0.0027303216692181565 0.016400209521973005 -0.012538135282805092 0.025393593463544049 0.011332195961220608 4.6117573409087955e-06 0.007725269797696617 0.050759070123661987 0.0023222207439981446 -0.0071505499622377938 0.00049426142791740622 -0.013952710065446175
leaf_weight=61012 3968 9510 16870 4893 16306 3055 82531 86949 7935 9209 11570 21735 3338 4102
leaf_count=61012 3968 9510 16870 4893 16306 3055 82531 86949 7935 9209 11570 21735 3338 4102
internal_value=-0.0060466 0.00277736 -0.0360823 0.0049909 0.00372364 0.0139562 0.00465064 0.00225377 0.00099237 0.0215913 0.00659419 -0.0127146 -0.0146797 -0.0169478
internal_weight=342983 265101 77882 231958 203231 28727 186925 104394 94884 14102 14625 33143 29175 25837
internal_count=342983 265101 77882 231958 203231 28727 186925 104394 94884 14102 14625 33143 29175 25837
is_linear=0
shrinkage=0.04


Tree=46
num_leaves=15
num_cat=0
split_feature=2 2 3 11 2 11 10 3 2 1 3 11 10 14
split_gain=56233.1 5356.13 2826.77 2274.07 1608.05 1273.09 1236.58 930.56 898.309 890.689 825.02 703.967 893.743 700.238
threshold=53.120985000000005 75.952629000000016 1.0000000180025095e-35 1.3375758930010229 199.99832950000004 3.1993090002016031 91.842445500000011 77.288094000000015 147.88470500000003 29.69422373301984 5.2089450000000008 3.1993090002016031 -1.0000000180025095e-35 0.21021760849986634
decision_type=2 2 2 2 2 2 2 2 2 2 2 2 2 2
left_child=2 3 -1 -2 6 -5 8 -6 9 -3 -7 12 -4 -12
right_child=1 4 11 5 7 10 -8 -9 -10 -11 13 -13 -14 -15
leaf_value=-0.018782460477677621 -0.022424245405245093 0.00058788617389251121 -0.0012639634460058647 0.0023422263712208481 0.034422143770439464 0.0066651073623154615 -0.022929583737408752 0.0010057910226413359 0.017469301694868697 0.0054537396426622897 -0.0078141761607950153 -0.013440284796459272 2.1723488602963448 0.00068632146429528976
leaf_weight=60928 6282 117239 7328 4288 18567 3133 14553 6739 47944 26858 16941 8549 1031 2461
leaf_count=60928 6282 117239 7328 4288 18567 3133 14553 6739 47944 26858 16941 8549 1031 2461
internal_value=-0.00609297 0.00268659 -0.0359844 -0.0123643 0.00483519 -0.00729076 0.00366942 0.0143523 0.00452133 0.0029433 -0.0110921 -0.0215141 -0.01326 -0.0141676
internal_weight=342841 265005 77836 33105 231900 26823 206594 25306 192041 144097 22535 16908 8359 19402
internal_count=342841 265005 77836 33105 231900 26823 206594 25306 192041 144097 22535 16908 8359 19402
is_linear=0
shrinkage=0.04


Tree=47
num_leaves=15
num_cat=0
split_feature=2 2 3 11 2 11 10 2 3 10 3 11 2 12
split_gain=55364 4978.22 3162.4 2360.29 1508.8 1190.21 1143.88 950.82 884.027 786.533 746.072 672.954 954.931 534.751
threshold=53.120985000000005 75.952629000000016 1.0000000180025095e-35 1.3375758930010229 208.67728400000001 3.1993090002016031 63.415359500000008 160.58164200000002 81.70484900000001 -39.610203312838124 5.3598355000000009 4.9106948882660495 1.0000000180025095e-35 136.56288170954755
decision_type=2 2 2 2 2 2 2 2 2 2 2 2 2 2
left_child=2 3 -1 -2 6 -5 7 9 -6 -3 -7 12 -4 -10
right_child=1 4 11 5 8 10 -8 -9 13 -11 -12 -13 -14 -15
leaf_value=-0.018031162058570516 -0.021564016387040946 0.0071663592008626362 2.1614996153140287 0.0023831285546487635 0.035818536981403949 0.0046858566055691317 -0.0091152618067391247 0.021537738710005458 0.013138159338091083 0.0012176008271166984 -0.0055818032400435482 -0.018355011457104754 -0.0012190314893794963 -0.0031777393402308185
leaf_weight=61096 6290 11907 976 4281 14327 3671 18334 37690 1246 144246 18956 5643 10254 4241
leaf_count=61096 6290 11907 976 4281 14327 3671 18334 37690 1246 144246 18956 5643 10254 4241
internal_value=-0.00613572 0.00257612 -0.0357665 -0.0119116 0.00464932 -0.00675487 0.00366355 0.00456679 0.0152054 0.00319046 -0.0104141 -0.0204374 -0.0147747 0.00155276
internal_weight=343158 265189 77969 33198 231991 26908 212177 193843 19814 156153 22627 16873 11230 5487
internal_count=343158 265189 77969 33198 231991 26908 212177 193843 19814 156153 22627 16873 11230 5487
is_linear=0
shrinkage=0.04


Tree=48
num_leaves=15
num_cat=0
split_feature=3 12 13 14 15 10 13 0 11 15 9 11 15 1
split_gain=53124.8 6659.71 1945.43 1426.75 1147.52 914.325 1001.32 905.726 865.54 817.58 794.162 1062.55 961.644 723.839
threshold=1.0000000180025095e-35 94.536982826242635 451.28449560170867 0.19553351814842726 3.5068043262499917 -39.610203312838124 437.10312914365767 20.516159828312226 6.947648893428064 8.4516063852500043 8.1665127303176557e-05 0.7545902578510767 3.0686840562500071 0.94637283919217896
decision_type=2 2 2 2 2 2 2 2 2 2 2 2 2 2
left_child=-1 2 9 4 -3 -5 -7 -8 -4 10 11 -2 -12 -13
right_child=1 3 8 5 -6 6 7 -9 -10 -11 12 13 -14 -15
leaf_value=-0.017309915576227689 -0.026274990703010238 0.017879513463475293 0.0004147554133009379 0.0067456212041736505 0.006643925411368188 0.0067586239656480945 -0.0027775580555440015 0.006840150854771361 -0.0037964597870417016 -0.010620307946988917 -0.036285325714667069 -0.0021034004496407735 0.0015529445689597132 -0.0027059273226014645
leaf_weight=61062 4881 23236 15815 12019 67198 44353 59332 6563 9739 3704 3369 8161 7878 15473
leaf_count=61062 4881 23236 15815 12019 67198 44353 59332 6563 9739 3704 3369 8161 7878 15473
internal_value=-0.00617615 0.00115504 -0.00964126 0.00465837 0.00846761 0.00184089 0.000698788 -0.00242871 -0.000882836 -0.0147904 -0.013116 -0.0166663 -0.00411488 -0.0131573
internal_weight=342783 281721 69020 212701 90434 122267 110248 65895 25554 43466 39762 28515 11247 23634
internal_count=342783 281721 69020 212701 90434 122267 110248 65895 25554 43466 39762 28515 11247 23634
is_linear=0
shrinkage=0.04


Tree=49
num_leaves=15
num_cat=0
split_feature=2 2 3 11 2 10 3 3 11 2 2 10 14 15
split_gain=54078.5 5612.04 2037.3 1890.2 1370.85 982.123 925.323 881.931 787.116 798.211 759.968 845.714 697.007 820.246
threshold=51.614073000000005 75.952629000000016 1.0000000180025095e-35 1.0000000180025095e-35 194.88379700000002 63.415359500000008 17.375586500000004 14.639928500000002 3.7819187480950709 1.0000000180025095e-35 125.57123200000002 -39.610203312838124 0.21021760849986634 7.5518605999999986
decision_type=2 2 2 2 2 2 2 2 2 2 2 2 2 2
left_child=2 3 -1 -2 5 10 7 -6 9 -4 11 -3 13 -5
right_child=1 4 8 12 6 -7 -8 -9 -10 -11 -12 -13 -14 -15
leaf_value=-0.016617518953178579 -0.022843476731169376 0.0067216720722161174 2.0761918073523025 -0.0018275021976573603 0.013050692439062673 -0.011465567261458745 0.0074220302823298058 0.053007027681182442 -0.015482240370713898 -0.0011174413878318923 0.01003416718769806 0.00016767949341192523 0.00070833744509275927 -0.0090265564610572564
leaf_weight=61070 5207 9513 978 25666 5115 16359 17413 6235 4987 4291 82412 95045 4179 4783
leaf_count=61070 5207 9513 978 25666 5115 16359 17413 6235 4987 4291 82412 95045 4179 4783
internal_value=-0.00622922 0.00190213 -0.0372296 -0.0119684 0.00428278 0.00312656 0.0124563 0.0213427 -0.0207332 -0.00995255 0.00394887 0.00168481 -0.00858958 -0.010692
internal_weight=343253 271927 71326 39835 232092 203329 28763 11350 10256 5269 186970 104558 34628 30449
internal_count=343253 271927 71326 39835 232092 203329 28763 11350 10256 5269 186970 104558 34628 30449
is_linear=0
shrinkage=0.04


Tree=50
num_leaves=15
num_cat=0
split_feature=2 2 3 11 2 10 15 2 1 11 2 3 0 11
split_gain=53407.3 5435.62 1990.54 1870.56 1323.31 1236.17 1292.54 869.511 733.489 710.347 862.192 648.081 610.871 589.11
threshold=51.485931000000008 75.952629000000016 1.0000000180025095e-35 1.0000000180025095e-35 225.59345250000004 91.842445500000011 0.75185135875000253 143.90162650000005 29.436158407730264 4.1935864961169189 1.0000000180025095e-35 25.838914000000006 6.2653434552912097 12.031932877746543
decision_type=2 2 2 2 2 2 2 2 2 2 2 2 2 2
left_child=2 3 -1 -2 5 6 -3 8 -8 10 -4 -10 -9 -5
right_child=1 4 9 13 -6 -7 7 12 11 -11 -12 -13 -14 -15
leaf_value=-0.015952818195051427 -0.022168222696147408 0.018428514703514358 2.0235873803179483 -0.00066025690903666497 0.034311916952578889 -0.011535957251054114 0.00030622607666691337 0.012312454760499093 0.095780807511786442 -0.016616644170327665 -0.0012171586561193948 0.0038007726461919767 0.025608576250323235 -0.010349159213076806
leaf_weight=60983 5245 2535 990 23397 9907 18478 111264 56372 1132 4083 4018 25753 6331 12392
leaf_count=60983 5245 2535 990 23397 9907 18478 111264 56372 1132 4083 4018 25753 6331 12392
internal_value=-0.00624848 0.00175245 -0.037397 -0.0116664 0.00412819 0.00348951 0.00438946 0.00403123 0.00225814 -0.0199362 -0.00984026 0.00818747 0.00793774 -0.00839699
internal_weight=342880 272806 70074 41034 231772 221865 203387 200852 138149 9091 5008 26885 62703 35789
internal_count=342880 272806 70074 41034 231772 221865 203387 200852 138149 9091 5008 26885 62703 35789
is_linear=0
shrinkage=0.04


Tree=51
num_leaves=15
num_cat=0
split_feature=2 2 3 11 12 15 3 11 3 15 12 11 0 12
split_gain=52789 5328.94 1961.44 1747 1271.56 1137.53 823.236 700.464 622.1 506.332 636.579 479.977 664.566 642.291
threshold=51.357307500000012 75.952629000000016 1.0000000180025095e-35 1.0000000180025095e-35 179.22311456354132 0.91381273125000473 201.74619950000002 0.91781368620530401 29.360008000000004 1.1937700325000125 117.61020821919378 12.031932877746543 0.95123816779305503 73.218055085024204
decision_type=2 2 2 2 2 2 2 2 2 2 2 2 2 2
left_child=2 3 -1 -2 5 8 9 -4 -3 10 -7 12 -5 -13
right_child=1 4 7 11 -6 6 -8 -9 -10 -11 -12 13 -14 -15
leaf_value=-0.015314705467249379 -0.021315842610801845 0.023745002072486959 0.00072422788543788027 -0.0011171836830709127 0.042235088055203721 -0.023962345919277563 -0.085751889813181464 -0.007386619786736652 0.0015172508053086188 0.0022049483113150527 0.00040526633707772212 -0.021433226937473692 -0.00010812693782316529 -0.0054048241058832951
leaf_weight=60961 5207 4369 1609 7951 9159 989 3236 6462 2243 210376 1502 3379 16343 9069
leaf_count=60961 5207 4369 1609 7951 9159 989 3236 6462 2243 210376 1502 3379 16343 9069
internal_value=-0.00628686 0.00159388 -0.0375466 -0.0115254 0.00396733 0.00336663 0.0028666 -0.0190162 0.0197096 0.00317099 -0.0147571 -0.00845245 -0.00517988 -0.0148393
internal_weight=342855 273823 69032 41949 231874 222715 216103 8071 6612 212867 2491 36742 24294 12448
internal_count=342855 273823 69032 41949 231874 222715 216103 8071 6612 212867 2491 36742 24294 12448
is_linear=0
shrinkage=0.04


Tree=52
num_leaves=15
num_cat=0
split_feature=3 2 2 3 11 8 2 11 11 3 1 3 14 11
split_gain=52601.5 6519.03 1215.33 945.489 758.368 1113.81 848.157 930.289 781.33 652.583 562.521 1056.78 757.072 697.864
threshold=1.0000000180025095e-35 75.952629000000016 194.88379700000002 73.319647500000016 1.0000000180025095e-35 0.88313120954139246 53.120985000000005 5.3777941955672235 12.031932877746543 201.74619950000002 29.436158407730264 26.573038000000004 0.19825011245603297 26.814469661847209
decision_type=2 2 2 2 2 2 2 2 2 2 2 2 2 2
left_child=-1 4 9 -4 5 -2 7 -6 -8 10 12 -12 13 -3
right_child=1 2 3 -5 6 -7 8 -9 -10 -11 11 -13 -14 -15
leaf_value=-0.014702117248559396 2.1135082614358209 0.0077154651479570862 0.028765040596647959 -0.00034654335636432612 -0.00067491632724184572 -0.020500739500278992 -0.00010966575049737415 -0.017775939387638929 -0.0087239230416544262 -0.08051960471419696 0.094621917260654359 0.0033484404049056262 -0.00015736549256792465 -0.00051073768603061289
leaf_weight=61006 831 57511 21088 7544 10827 5253 16257 5097 11774 3107 2063 26861 88357 25340
leaf_count=61006 831 57511 21088 7544 10827 5253 16257 5097 11774 3107 2063 26861 88357 25340
internal_value=-0.00632295 0.000964847 0.00379056 0.011506 -0.0121289 -0.0253649 -0.0102969 -0.0176689 -0.00610895 0.00270361 0.00298603 0.00814548 0.00211439 0.00486126
internal_weight=342916 281910 231871 28632 50039 6084 43955 15924 28031 203239 200132 28924 171208 82851
internal_count=342916 281910 231871 28632 50039 6084 43955 15924 28031 203239 200132 28924 171208 82851
is_linear=0
shrinkage=0.04


Tree=53
num_leaves=15
num_cat=0
split_feature=7 2 2 10 2 1 2 11 15 12 8 15 15 13
split_gain=52409.6 6213.63 1225.38 1008.18 1313.78 703.204 700.518 685.414 832.249 789.341 915.061 672.86 650.064 627.212
threshold=1.0000000180025095e-35 73.030933500000017 231.92047900000003 91.842445500000011 155.49099700000002 17.993751926381211 81.321602000000013 5.9329941244574202 5.0983766455000117 62.651953288106846 0.99990494834868116 0.75185135875000253 9.0992552776249926 228.57383096747418
decision_type=2 2 2 2 2 2 2 2 2 2 2 2 2 2
left_child=-1 -2 3 4 5 7 -7 9 -9 -3 -11 -6 -12 -5
right_child=1 2 -4 13 11 6 -8 8 -10 10 12 -13 -14 -15
leaf_value=-0.014114032558617016 -0.0029774418987353179 0.0019539051665977249 0.035883037964874145 -0.04411785775577249 0.015753261677966403 -0.011061477397374717 0.003404633007286093 0.002524108500718325 -0.0030152824894170726 0.0025367421304574346 -0.031174950556896352 0.015677635148152236 0.0024343932555484682 -0.0067619566250873885
leaf_weight=60989 46857 1864 7768 881 2556 716 74279 20908 34367 18849 2949 50672 1048 18314
leaf_count=60989 46857 1864 7768 881 2556 716 74279 20908 34367 18849 2949 50672 1048 18314
internal_value=-0.00637764 0.000893245 0.00354346 0.00300981 0.00381849 0.00195638 0.00473898 -0.000652622 -0.00312836 0.00488547 0.00284339 0.00924025 -0.0145409 -0.00576192
internal_weight=343017 282028 235171 227403 208208 154980 74995 79985 55275 24710 22846 53228 3997 19195
internal_count=343017 282028 235171 227403 208208 154980 74995 79985 55275 24710 22846 53228 3997 19195
is_linear=0
shrinkage=0.04


Tree=54
num_leaves=15
num_cat=0
split_feature=3 2 12 10 10 10 10 3 1 3 11 2 11 12
split_gain=52502.2 5681.3 1125.24 954.783 1482.01 1440.38 830.095 980.908 1057.51 791.643 727.326 1218.49 756.429 1326.17
threshold=1.0000000180025095e-35 75.952629000000016 179.22311456354132 63.415359500000008 14.608397500000001 17.250566500000001 -17.953329452422583 23.946061000000004 24.530803614076305 19.362631500000003 1.0000000180025095e-35 54.807539000000006 5.3777941955672235 69.814302251759813
decision_type=2 2 2 2 2 2 2 2 2 2 2 2 2 2
left_child=-1 10 3 4 6 -6 7 8 9 -3 11 -2 -12 -14
right_child=1 2 -4 -5 5 -7 -8 -9 -10 -11 12 -13 13 -15
leaf_value=-0.013549471256272341 0.0028418859578459711 0.049104561621450549 0.037616396424480447 -0.0052153026861469056 0.040689820022939339 0.017781504414748222 -0.00035832968682640852 0.0014103837556835586 0.075504253365730606 0.0011103305622433841 -0.00029392598043809671 -0.020774855876392273 -0.015811915289065965 -0.0047466881468155716
leaf_weight=60957 1410 3930 9261 23892 7787 41049 71471 61658 4197 8726 19727 4723 6527 17753
leaf_count=60957 1410 3930 9261 23892 7787 41049 71471 61658 4197 8726 19727 4723 6527 17753
internal_value=-0.0063367 0.000937078 0.00357614 0.00300804 0.00391594 0.00996806 0.0019453 0.00478455 0.0133365 0.00756637 -0.0112724 -0.0241774 -0.00947395 -0.014201
internal_weight=343068 282111 231971 222710 198818 48836 149982 78511 16853 12656 50140 6133 44007 24280
internal_count=343068 282111 231971 222710 198818 48836 149982 78511 16853 12656 50140 6133 44007 24280
is_linear=0
shrinkage=0.04


Tree=55
num_leaves=15
num_cat=0
split_feature=3 2 2 10 10 10 10 3 13 10 3 11 2 14
split_gain=52465.1 5332.1 1054.34 959.058 1043.93 1120.25 792.373 1164.97 1210.5 878.657 1491.38 719.222 1172.98 767.639
threshold=1.0000000180025095e-35 75.952629000000016 225.59345250000004 63.415359500000008 14.608397500000001 17.250566500000001 -15.014897212157328 19.362631500000003 269.0967127262083 -27.4009031752685 25.3749365 1.0000000180025095e-35 55.29675300000001 0.23320872121670802
decision_type=2 2 2 2 2 2 2 2 2 2 2 2 2 2
left_child=-1 11 3 4 6 -6 7 -3 -9 10 -10 12 -2 -13
right_child=1 2 -4 -5 5 -7 -8 8 9 -11 -12 13 -14 -15
leaf_value=-0.013007492406021441 0.0012906231613132669 0.030771432275946326 0.029096299206236544 -0.0065103173281338298 0.039907284718607786 0.01607598743977956 -0.00046782854358967229 0.022379015550909521 0.087121976135203477 -0.0010492921806813966 0.0023982793670790491 -0.0014668120005466713 -0.020416251501658943 -0.066842067096878746
leaf_weight=60938 1584 10891 9965 21823 6905 40446 55880 2542 2889 47079 33550 42714 4550 1251
leaf_count=60938 1584 10891 9965 21823 6905 40446 55880 2542 2889 47079 33550 42714 4550 1251
internal_value=-0.00634284 0.000928425 0.00348424 0.00291291 0.00378096 0.00897045 0.00217312 0.00435973 0.00279991 0.00197227 0.00663575 -0.0109056 -0.0237366 -0.00911543
internal_weight=343007 282069 231970 222005 200182 47351 152831 96951 86060 83518 36439 50099 6134 43965
internal_count=343007 282069 231970 222005 200182 47351 152831 96951 86060 83518 36439 50099 6134 43965
is_linear=0
shrinkage=0.04


Tree=56
num_leaves=15
num_cat=0
split_feature=3 2 12 10 10 10 0 11 2 11 12 15 3 10
split_gain=52326.7 4972.18 1053.59 837.764 1281.46 1232.16 742.63 722.029 1150.63 862.383 1174.5 854.658 701.066 1128.88
threshold=1.0000000180025095e-35 75.952629000000016 179.22311456354132 63.415359500000008 14.608397500000001 17.250566500000001 4.6229186366720301 1.0000000180025095e-35 55.29675300000001 5.7738640756329156 69.814302251759813 2.7549546101249835 14.445695000000002 -17.953329452422583
decision_type=2 2 2 2 2 2 2 2 2 2 2 2 2 2
left_child=-1 7 3 4 6 -6 -3 8 -2 -9 -11 -12 -8 -14
right_child=1 2 -4 -5 5 -7 12 9 -10 10 11 -13 13 -15
leaf_value=-0.01248719270978059 0.001276799547454992 -0.0015357456392358709 0.035794085433333789 -0.0050241791288918904 0.037952749741221953 0.01625903922520899 0.015392600116481532 -0.00023783790030808662 -0.019723332390458256 -0.015579896976776456 -0.062714225853711697 -0.0033112798524693246 0.0036794844014850694 -0.00088963212571556037
leaf_weight=61023 1595 46936 9257 23894 7847 41092 10216 20368 4499 6070 1575 15850 56942 35969
leaf_count=61023 1595 46936 9257 23894 7847 41092 10216 20368 4499 6070 1575 15850 56942 35969
internal_value=-0.00641442 0.000850448 0.00331385 0.0027647 0.00361444 0.00923517 0.00178139 -0.0105971 -0.0234985 -0.00880469 -0.0140268 -0.00874835 0.00367973 0.00258613
internal_weight=343133 282110 232153 222896 199002 48939 150063 49957 6094 43863 23495 17425 103127 92911
internal_count=343133 282110 232153 222896 199002 48939 150063 49957 6094 43863 23495 17425 103127 92911
is_linear=0
shrinkage=0.04


Tree=57
num_leaves=15
num_cat=0
split_feature=3 2 12 10 10 10 10 3 1 3 11 2 11 2
split_gain=52089.2 4808.12 973.33 735.513 1003.16 1115.59 733.611 954.742 1032.08 712.495 707.651 1147.04 859.367 1175.39
threshold=1.0000000180025095e-35 75.952629000000016 179.22311456354132 96.527842500000006 14.346233500000002 17.250566500000001 -17.953329452422583 23.762452500000002 24.530803614076305 19.362631500000003 1.0000000180025095e-35 55.714037000000005 5.7738640756329156 52.789633000000009
decision_type=2 2 2 2 2 2 2 2 2 2 2 2 2 2
left_child=-1 10 3 4 6 -6 7 8 9 -3 11 -2 -12 -14
right_child=1 2 -4 -5 5 -7 -8 -9 -10 -11 12 -13 13 -15
leaf_value=-0.011987705001389362 0.0008920044677840622 0.046066219587292706 0.034110166971347305 -0.0067711278548193837 0.034064143607974023 0.0109783684281477 -0.00041983772104424498 0.0012107818039635765 0.073293139248174391 0.0011562467014421909 -0.00023236553709610419 -0.019520217948642893 -0.017207961495549692 -0.0052716265260501771
leaf_weight=60979 1734 3878 9193 19567 8669 45442 70522 62103 4011 8433 20447 4387 4567 18984
leaf_count=60979 1734 3878 9193 19567 8669 45442 70522 62103 4011 8433 20447 4387 4567 18984
internal_value=-0.00647832 0.000771946 0.00320079 0.00267409 0.0033878 0.00805234 0.00169322 0.00435524 0.0129641 0.00722281 -0.0104623 -0.0232054 -0.00868949 -0.0138983
internal_weight=342916 281937 231818 222625 203058 54111 148947 78425 16322 12311 50119 6121 43998 23551
internal_count=342916 281937 231818 222625 203058 54111 148947 78425 16322 12311 50119 6121 43998 23551
is_linear=0
shrinkage=0.04


Tree=58
num_leaves=15
num_cat=0
split_feature=3 2 12 3 11 2 11 2 3 12 15 2 15 15
split_gain=51882.2 4512.4 943.825 720.655 676.562 1154.08 856.654 1197.84 780.257 692.165 853.983 612.147 731.297 690.532
threshold=1.0000000180025095e-35 75.952629000000016 187.95600554158091 201.74619950000002 1.0000000180025095e-35 56.337551000000012 5.7738640756329156 52.789633000000009 11.455642000000003 73.218055085024204 5.0120371472499707 155.49099700000002 1.9769870124999758 6.3215550291249807
decision_type=2 2 2 2 2 2 2 2 2 2 2 2 2 2
left_child=-1 4 3 11 5 -2 -6 -8 -9 -10 -11 12 -3 -13
right_child=1 2 -4 -5 6 -7 7 8 9 10 -12 13 -14 -15
leaf_value=-0.011508196801333793 0.00038109265892352087 -0.018779089968284621 0.055730303507614883 -0.077775394279826979 -0.00021350748418037747 -0.019404368184554599 -0.01655738856458468 0.0038511106356122716 -0.014710279699395611 0.0031977783196875942 -0.0062785451275630426 0.01087323730253578 0.00087573817988589658 -0.01051916384468787
leaf_weight=60953 1965 1161 5218 3256 20404 4124 4570 5311 4047 3014 6679 57346 154192 10675
leaf_count=60953 1965 1161 5218 3256 20404 4124 4570 5311 4047 3014 6679 57346 154192 10675
internal_value=-0.00653631 0.000697683 0.00305027 0.00266302 -0.0101864 -0.0226835 -0.00845792 -0.0136438 -0.00923206 -0.0142649 -0.00846384 0.00293535 0.00154976 0.00609988
internal_weight=342915 281962 231848 226630 50114 6089 44025 23621 19051 13740 9693 223374 155353 68021
internal_count=342915 281962 231848 226630 50114 6089 44025 23621 19051 13740 9693 223374 155353 68021
is_linear=0
shrinkage=0.04


Tree=59
num_leaves=15
num_cat=0
split_feature=7 2 10 10 10 0 13 11 11 12 10 2 15 15
split_gain=51817.1 4313.89 973.292 1218.41 1358.52 972.25 850.608 727.38 1170.74 1417.42 1015.63 969.413 869.429 634.366
threshold=1.0000000180025095e-35 83.288810500000025 63.415359500000008 14.346233500000002 17.250566500000001 5.9628938341105799 266.16836799851399 1.0000000180025095e-35 5.9329941244574202 69.386592915805167 -1.0000000180025095e-35 71.148117000000013 2.7549546101249835 7.5518605999999986
decision_type=2 2 2 2 2 2 2 2 2 2 2 2 2 2
left_child=-1 7 3 5 -5 -3 -7 10 11 -10 -2 -9 -11 -14
right_child=1 2 -4 4 -6 6 -8 8 9 12 -12 -13 13 -15
leaf_value=-0.011047868929280433 -0.015953611630613838 -0.00080046650993841788 -0.0048485959089340017 0.038362667421878334 0.015728510683174001 0.019708695892958643 0.0020625548186701528 -0.00030437351198726149 -0.01334130723337899 -0.058602881791156865 1.7539298781262636 0.0020464784133630109 -0.0013029966665163073 -0.0072757417737240185
leaf_weight=61018 6234 61903 23889 10868 42401 4039 77737 19726 6664 1624 1006 2975 17976 4626
leaf_count=61018 6234 61903 23889 10868 42401 4039 77737 19726 6664 1624 1006 2975 17976 4626
internal_value=-0.00658142 0.00065808 0.00325616 0.004181 0.00934803 0.00226533 0.00512815 -0.00877382 -0.00716613 -0.0122344 -0.020674 -0.000269592 -0.00774044 -0.00570923
internal_weight=342686 281668 220837 196948 53269 143679 81776 60831 53591 30890 7240 22701 24226 22602
internal_count=342686 281668 220837 196948 53269 143679 81776 60831 53591 30890 7240 22701 24226 22602
is_linear=0
shrinkage=0.04


Tree=60
num_leaves=15
num_cat=0
split_feature=3 2 2 10 10 10 13 11 2 1 3 13 2 11
split_gain=51790.4 4075.93 883.323 768.838 772.877 907.196 695.419 679.995 1211.5 655.651 1035.14 685.283 651.406 613.733
threshold=1.0000000180025095e-35 75.952629000000016 225.59345250000004 63.415359500000008 14.886566000000002 17.250566500000001 688.62798463473371 1.0000000180025095e-35 56.337551000000012 17.72085424141547 19.362631500000003 269.0967127262083 81.321602000000013 5.7738640756329156
decision_type=2 2 2 2 2 2 2 2 2 2 2 2 2 2
left_child=-1 6 3 4 9 -6 7 8 -2 -3 -11 -12 -13 -9
right_child=1 2 -4 -5 5 -7 -8 13 -10 10 11 12 -14 -15
leaf_value=-0.010605954172109211 0.00094331666594182906 -0.0003187237176433211 0.024363027353655049 -0.0059814919947077244 0.037921672306424091 0.013800905319943943 -0.057855756881170652 -0.00018413434534136463 -0.017973140147708976 0.05308333301160479 0.016247235220414401 -0.010547828709788961 0.0018753786106736551 -0.0064132966906701987
leaf_weight=61088 1987 71709 9909 21820 6179 40466 1281 20374 4118 4928 1368 733 74786 22352
leaf_count=61088 1987 71709 9909 21820 6179 40466 1281 20374 4118 4928 1368 733 74786 22352
internal_value=-0.00660896 0.000624091 0.00285953 0.00233795 0.00311517 0.0076244 -0.00972063 -0.00895742 -0.0214447 0.00174513 0.00419239 0.00305331 0.00254505 -0.00717315
internal_weight=343098 282010 231898 221989 200169 46645 50112 48831 6105 153524 81815 76887 75519 42726
internal_count=343098 282010 231898 221989 200169 46645 50112 48831 6105 153524 81815 76887 75519 42726
is_linear=0
shrinkage=0.04


Tree=61
num_leaves=15
num_cat=0
split_feature=3 2 12 10 10 10 13 11 2 1 3 10 12 11
split_gain=51494.2 3793.82 869.51 726.767 973.661 1175.4 691.14 688.463 1200.71 628.891 958.268 1055.5 634.152 1062.36
threshold=1.0000000180025095e-35 75.952629000000016 187.95600554158091 63.415359500000008 14.886566000000002 17.250566500000001 688.62798463473371 1.0000000180025095e-35 56.337551000000012 17.851842164180216 24.493050000000004 -26.197247864061953 77.07155120412493 3.7819187480950709
decision_type=2 2 2 2 2 2 2 2 2 2 2 2 2 2
left_child=-1 6 3 4 9 -6 7 8 -2 12 11 -11 13 -3
right_child=1 2 -4 -5 5 -7 -8 -9 -10 10 -12 -13 -14 -15
leaf_value=-0.01018171600522484 0.00096113966997881663 0.0020383702604179544 0.051166466388600736 -0.0048081887484294761 0.037651019234558672 0.013710704589947924 -0.055590179611556517 -0.0011906091354675487 -0.017256293353201377 0.084280965573431607 0.00086810557827392883 0.010257910617280002 -0.0018203084592063458 -0.00017739025620130188
leaf_weight=60891 1982 4998 5205 23975 7670 41645 1245 42828 4125 2998 60793 15932 62814 5920
leaf_count=60891 1982 4998 5205 23975 7670 41645 1245 42828 4125 2998 60793 15932 62814 5920
internal_value=-0.00663994 0.000560026 0.00271748 0.00234642 0.00312512 0.0080146 -0.00941251 -0.00866374 -0.0212281 0.00155381 0.00401641 0.0118753 -0.00110888 0.00778897
internal_weight=343021 282130 231950 226745 202770 49315 50180 48935 6107 153455 79723 18930 73732 10918
internal_count=343021 282130 231950 226745 202770 49315 50180 48935 6107 153455 79723 18930 73732 10918
is_linear=0
shrinkage=0.04


Tree=62
num_leaves=15
num_cat=0
split_feature=3 2 2 10 10 10 15 2 11 0 13 11 3 10
split_gain=51417 3674.6 829.261 702.363 770.527 1018.53 701.658 1302.49 1148.83 596.932 753.357 849.601 609.529 1122.1
threshold=1.0000000180025095e-35 75.952629000000016 243.19696800000003 63.415359500000008 14.886566000000002 17.250566500000001 1.9769870124999758 1.0000000180025095e-35 0.57043789104461773 4.6229186366720301 308.55072763694039 3.6414986744144224 14.543502500000001 -12.726766595408309
decision_type=2 2 2 2 2 2 2 2 2 2 2 2 2 2
left_child=-1 6 3 4 9 -6 -2 -8 -9 -3 11 -11 13 -12
right_child=1 2 -4 -5 5 -7 7 8 -10 10 12 -13 -14 -15
leaf_value=-0.009774447365015853 -0.05364735667732095 -0.0013549010772792335 0.057816602907149031 -0.0047663770648305737 0.035321367391371615 0.012963228939609146 2.1722091390420832 -0.013424469122360172 -0.0012130497963024479 -0.07558119849172501 0.051122507643603363 0.013065016315191719 0.00042312596565418747 0.00042735712674156988
leaf_weight=61018 2259 50123 4434 23873 7233 41284 877 5326 41594 478 3020 11646 84907 4635
leaf_count=61018 2259 50123 4434 23873 7233 41284 877 5326 41594 478 3020 11646 84907 4635
internal_value=-0.00671046 0.000500552 0.00262432 0.00228997 0.00305204 0.00745058 -0.00932715 -0.00829759 -0.00920034 0.00167355 0.00339224 0.0127681 0.00216417 0.0129745
internal_weight=342707 281689 231633 227199 203326 48517 50056 47797 46920 154809 104686 12124 92562 7655
internal_count=342707 281689 231633 227199 203326 48517 50056 47797 46920 154809 104686 12124 92562 7655
is_linear=0
shrinkage=0.04


Tree=63
num_leaves=15
num_cat=0
split_feature=3 2 12 13 14 12 3 11 11 2 1 13 15 1
split_gain=51402.1 3278.3 805.912 711.32 726.321 699.197 644.461 868.184 964.148 709.22 638.79 621.579 825.452 648.012
threshold=1.0000000180025095e-35 73.030933500000017 187.95600554158091 688.62798463473371 0.21163429115709895 90.96163647434706 11.455642000000003 6.5040531852238717 1.3375758930010229 56.927828000000005 0.94637283919217896 254.05081887727795 5.0983766455000117 39.500921421152654
decision_type=2 2 2 2 2 2 2 2 2 2 2 2 2 2
left_child=-1 3 11 4 5 6 -2 8 9 -8 -10 -3 -13 -14
right_child=1 2 -4 -5 -6 -7 7 -9 10 -11 -12 12 13 -15
leaf_value=-0.0093834694704152174 -0.00073516592734868881 -0.004547314788003529 0.048199266161731633 -0.051212915251065888 0.0010543489069580138 0.0044327983634696814 -0.0009063317552210037 -0.010053444660606141 -0.00089428640969435591 -0.015843882277510889 0.00082909110928504511 0.0065244568993653119 -9.9633008978285983e-05 0.0052385080277298273
leaf_weight=61012 16824 10424 5184 1248 2975 3125 2224 10131 1835 2728 5687 82731 124930 12109
leaf_count=61012 16824 10424 5184 1248 2975 3125 2224 10131 1835 2728 5687 82731 124930 12109
internal_value=-0.00670845 0.000490369 0.00241246 -0.00918144 -0.00836478 -0.00970062 -0.0111441 -0.0155559 -0.00849126 -0.0221971 0.000531773 0.00206122 0.0025139 0.00060917
internal_weight=343167 282155 235378 46777 45529 42554 39429 22605 12474 4952 7522 230194 219770 137039
internal_count=343167 282155 235378 46777 45529 42554 39429 22605 12474 4952 7522 230194 219770 137039
is_linear=0
shrinkage=0.04


Tree=64
num_leaves=15
num_cat=0
split_feature=3 2 12 13 14 12 3 3 12 15 13 13 15 1
split_gain=51200.2 3216.09 760.625 709.12 690.909 633.841 642.789 612.209 565.089 579.463 489.551 1050.11 626.133 512.326
threshold=1.0000000180025095e-35 73.030933500000017 187.95600554158091 688.62798463473371 0.21163429115709895 94.536982826242635 5.1290055000000008 201.74619950000002 58.070174837026364 7.5518605999999986 263.48706550046819 266.16836799851399 3.6189290200000106 39.500921421152654
decision_type=2 2 2 2 2 2 2 2 2 2 2 2 2 2
left_child=-1 3 7 4 5 6 -2 10 -8 -10 -3 -12 -13 -14
right_child=1 2 -4 -5 -6 -7 8 -9 9 -11 11 12 13 -15
leaf_value=-0.0090081306915986131 -5.5582846070958428e-05 -0.003470356484065731 0.046590807608071216 -0.049150142938988152 0.0010448451624716704 0.005436981717464988 0.00047635545040201069 -0.07320336672735582 -0.0027386148773626265 -0.0073319203725076857 0.01391202125892212 0.010474645389575637 0.00041445070711335438 0.0050698922557234176
leaf_weight=60936 7943 13768 5214 1256 2965 2363 1788 3272 25016 5505 5341 27919 167632 12116
leaf_count=60936 7943 13768 5214 1256 2965 2363 1788 3272 25016 5505 5341 27919 167632 12116
internal_value=-0.00675012 0.00043219 0.00233782 -0.00913998 -0.00832295 -0.00962196 -0.0108039 0.00199541 -0.0133102 -0.0145906 0.00224327 0.00271577 0.00226536 0.00139974
internal_weight=343034 282098 235262 46836 45580 42615 40252 230048 32309 30521 226776 213008 207667 179748
internal_count=343034 282098 235262 46836 45580 42615 40252 230048 32309 30521 226776 213008 207667 179748
is_linear=0
shrinkage=0.04


Tree=65
num_leaves=15
num_cat=0
split_feature=3 2 3 15 2 11 11 0 3 10 2 13 10 10
split_gain=51090.8 3036.44 956.864 797.887 1139.18 1208.34 913.993 805.492 874.682 678.147 845.279 677.489 676.598 598.49
threshold=1.0000000180025095e-35 83.288810500000025 52.624740500000009 1.9769870124999758 1.0000000180025095e-35 0.57043789104461773 5.7738640756329156 0.98162900895877836 11.123720500000003 91.842445500000011 215.58836400000004 228.57383096747418 14.886566000000002 -4.6455314349201275
decision_type=2 2 2 2 2 2 2 2 2 2 2 2 2 2
left_child=-1 2 3 -2 -5 -6 -7 -8 -9 10 -3 -11 -12 -10
right_child=1 9 -4 4 5 6 7 8 13 11 12 -13 -14 -15
leaf_value=-0.0086478054639346699 -0.047609090727435605 0.0016369892801858966 0.0026082408341005702 2.0313790775360459 -0.013194476944621112 2.352801421268147e-05 -0.010540167487299357 0.0049709379253439793 -0.0025333522235030425 -0.039259588785281643 0.003002795452980891 -0.0038544450918226868 0.046277992542085207 -0.0099273885917447388
leaf_weight=60842 2249 189530 1811 798 6147 20854 3229 6012 13188 893 4464 19799 6715 6550
leaf_count=60842 2249 189530 1811 798 6147 20854 3229 6012 13188 893 4464 19799 6715 6550
internal_value=-0.00675397 0.000412842 -0.00750189 -0.00838057 -0.007455 -0.00813148 -0.00606747 -0.0106629 -0.00830136 0.0025877 0.00329851 -0.00430698 0.0139869 -0.01237
internal_weight=343081 282239 60838 59027 56778 55980 49833 28979 25750 221401 200709 20692 11179 19738
internal_count=343081 282239 60838 59027 56778 55980 49833 28979 25750 221401 200709 20692 11179 19738
is_linear=0
shrinkage=0.04


Tree=66
num_leaves=15
num_cat=0
split_feature=3 2 11 12 11 2 15 2 10 11 10 3 3 1
split_gain=51081.5 2785.48 975.955 1338 1268.24 911.274 886.158 861.024 749.8 972.695 767.404 811.727 806.86 880.895
threshold=1.0000000180025095e-35 89.694366500000015 6.947648893428064 71.550909014298227 1.0000000180025095e-35 63.188686000000011 2.7549546101249835 56.337551000000012 63.415359500000008 25.714582897331137 -29.837716275911578 26.573038000000004 24.842154000000004 25.412246633831192
decision_type=2 2 2 2 2 2 2 2 2 2 2 2 2 2
left_child=-1 2 4 -4 7 -6 -5 -2 9 -3 11 -11 13 -12
right_child=1 8 3 6 5 -7 -8 -9 -10 10 12 -13 -14 -15
leaf_value=-0.0083018932453772891 0.0022232155140392428 0.0073166156674984249 -0.011629397141032886 -0.043997398078284372 -0.00018789386062021408 0.0013187502523439409 -0.0023272530588046014 -0.01311378038636752 -0.0043899665243078744 0.083146755560854477 2.3419637556658658e-05 0.0022963211553556039 -0.0035806652811631702 0.047950230234795034
leaf_weight=60987 1998 102330 7346 1755 20811 7838 26522 6619 23869 1494 27171 24728 26479 2782
leaf_count=60987 1998 102330 7346 1755 20811 7838 26522 6619 23869 1494 27171 24728 26479 2782
internal_value=-0.00680876 0.000375947 -0.00635651 -0.0110906 -0.00183116 0.00221578 -0.00713937 -0.0152861 0.00272555 0.00358647 0.000359087 0.00601327 -0.00226822 0.00222883
internal_weight=342729 281742 72889 35623 37266 28649 28277 8617 208853 184984 82654 26222 56432 29953
internal_count=342729 281742 72889 35623 37266 28649 28277 8617 208853 184984 82654 26222 56432 29953
is_linear=0
shrinkage=0.04


Tree=67
num_leaves=15
num_cat=0
split_feature=3 2 13 12 10 14 11 2 11 12 2 15 15 13
split_gain=51039.9 2609.98 762.981 699.142 575.777 573.047 526.033 1060.67 784.487 1438.17 429.737 701.266 550.749 537.016
threshold=1.0000000180025095e-35 75.952629000000016 688.62798463473371 187.95600554158091 204.05970200000004 0.21163429115709895 1.0000000180025095e-35 56.927828000000005 5.1724921417202214 69.814302251759813 155.49099700000002 1.9769870124999758 6.3215550291249807 263.48706550046819
decision_type=2 2 2 2 2 2 2 2 2 2 2 2 2 2
left_child=-1 2 5 4 10 6 7 -2 -8 -10 11 -3 13 -12
right_child=1 3 -4 -5 -6 -7 8 -9 9 -11 12 -13 -14 -15
leaf_value=-0.0079698175155622046 0.0015141378537502526 -0.015566584059778493 -0.043602572498170587 0.043252128677249042 -0.070696261488597922 0.0010128588780343685 -4.678489837180777e-05 -0.014815774822571567 -0.011424338493098856 -0.0022820708604763418 -0.0019746447604379936 0.00050581619763536735 -0.011308331379289421 0.012392763352978437
leaf_weight=61027 1974 1171 1255 5248 3178 3125 18229 3849 6388 15307 8018 154030 10671 49454
leaf_count=61027 1974 1171 1255 5248 3178 3125 18229 3849 6388 15307 8018 154030 10671 49454
internal_value=-0.00683347 0.000346651 -0.00792946 0.0021366 0.00180221 -0.00713865 -0.00827071 -0.019502 -0.0066326 -0.0117723 0.00204277 0.000880149 0.00469072 0.00624026
internal_weight=342924 281897 50127 231770 226522 48872 45747 5823 39924 21695 223344 155201 68143 57472
internal_count=342924 281897 50127 231770 226522 48872 45747 5823 39924 21695 223344 155201 68143 57472
is_linear=0
shrinkage=0.04


Tree=68
num_leaves=15
num_cat=0
split_feature=3 2 15 2 14 11 11 2 3 10 2 13 8 10
split_gain=50963.7 2549.51 879.775 1155.62 911.085 835.317 1037.95 795.236 717.501 646.843 775.772 639.45 607.491 582.472
threshold=1.0000000180025095e-35 89.694366500000015 1.9769870124999758 1.0000000180025095e-35 0.21163429115709895 0.7545902578510767 5.9329941244574202 52.789633000000009 13.487471500000002 91.842445500000011 217.35298900000004 228.57383096747418 0.99999990486857915 14.608397500000001
decision_type=2 2 2 2 2 2 2 2 2 2 2 2 2 2
left_child=-1 2 -2 -4 5 -5 12 -8 -9 10 -3 -11 -7 -12
right_child=1 9 3 4 -6 6 7 8 -10 11 13 -13 -14 -15
leaf_value=-0.0076510248149397244 -0.042290770165870718 0.0022287546029621653 2.0036755912107616 -0.0090472840605783141 0.00052656472532865096 0.00091541154515241364 -0.0095557373448278728 0.001282292355669017 -0.0047643247618171644 -0.036594426792049897 0.0019361214557562256 -0.0036798113646004361 -0.00026031142578009537 0.041916343172156478
leaf_weight=61026 2350 177871 889 7445 8692 5897 2714 8545 21206 855 3698 19726 15281 6809
leaf_count=61026 2350 177871 889 7445 8692 5897 2714 8545 21206 855 3698 19726 15281 6809
internal_value=-0.00685706 0.000315769 -0.00611841 -0.00531775 -0.0058951 -0.00761917 -0.00587663 -0.0103706 -0.00847971 0.00256414 0.00329975 -0.00416889 0.00101237 0.0138612
internal_weight=343004 281978 73019 70669 69780 61088 53643 32465 29751 208959 188378 20581 21178 10507
internal_count=343004 281978 73019 70669 69780 61088 53643 32465 29751 208959 188378 20581 21178 10507
is_linear=0
shrinkage=0.04


Tree=69
num_leaves=15
num_cat=0
split_feature=3 2 14 12 3 10 10 1 10 10 3 3 14 12
split_gain=51074.1 2304.76 790.409 641.083 520.594 499.858 752.903 646.563 620.918 515.318 480.157 444.071 448.559 579.867
threshold=1.0000000180025095e-35 75.952629000000016 0.23320872121670802 153.66808085154506 5.0522920000000004 38.629845500000009 14.886566000000002 14.663585329707251 17.250566500000001 -18.440195202921959 201.74619950000002 52.624740500000009 0.21163429115709895 95.444390455814315
decision_type=2 2 2 2 2 2 2 2 2 2 2 2 2 2
left_child=-1 2 4 10 -2 6 7 -5 -8 -9 -3 12 13 -6
right_child=1 3 -4 5 11 -7 8 9 -10 -11 -12 -13 -14 -15
leaf_value=-0.0073449838223421443 0.00028670147503348178 0.00076349981948001667 -0.040098399664673268 -0.004267325561771616 -0.0025338112689039429 -0.0070910071796614835 0.045329810342984146 0.0068239068666578898 0.025325619955487318 0.0195264849631187 -0.06689270744248807 0.0036913587054239372 0.00074414664511600391 0.0040863210785574465
leaf_weight=61126 8101 192079 1255 9141 34530 4671 5247 9617 5249 2540 3263 604 2767 2868
leaf_count=61126 8101 192079 1255 9141 34530 4671 5247 9617 5249 2540 3263 604 2767 2868
internal_value=-0.00685365 0.000332846 -0.00744459 0.00201461 -0.00663966 0.00688331 0.00867837 0.00435722 0.0174466 0.0104006 0.00110575 -0.00847997 -0.00899191 -0.0101417
internal_weight=343058 281932 50125 231807 48870 36465 31794 21298 10496 12157 195342 40769 40165 37398
internal_count=343058 281932 50125 231807 48870 36465 31794 21298 10496 12157 195342 40769 40165 37398
is_linear=0
shrinkage=0.04


Tree=70
num_leaves=15
num_cat=0
split_feature=3 8 11 15 14 1 3 11 13 13 11 10 3 10
split_gain=50882 1766.38 1097.36 718.065 668.024 655.827 683.616 635.641 569.512 1025.94 670.927 987.54 811.045 647.38
threshold=1.0000000180025095e-35 0.99998350154581128 0.57043789104461773 7.5518605999999986 0.21785094171797917 13.393682645989527 15.040453500000002 1.7477651424863079 263.48706550046819 266.16836799851399 4.3664678048730829 -17.953329452422583 18.392832500000004 178.13684800000001
decision_type=2 2 2 2 2 2 2 2 2 2 2 2 2 2
left_child=-1 4 -3 5 8 -4 -7 -5 -2 -10 13 12 -12 -11
right_child=1 2 3 7 -6 6 -8 -9 9 10 11 -13 -14 -15
leaf_value=-0.0070511844694484613 -0.0036313851111957618 -0.014043233456539196 -0.00070091053627002969 0.00096853346426124538 -0.0031236371015104973 0.069759068994955126 0.0030331251776827416 -0.0059688497982875255 0.012905685394693431 0.0059103082723009504 0.058353606816730609 -0.0015839004342536201 0.0017729082863390077 -0.05536584254559429
leaf_weight=60987 13705 6286 37378 1103 16052 1226 5997 6626 5606 69857 2835 42828 69440 2805
leaf_count=60987 13705 6286 37378 1103 16052 1226 5997 6626 5606 69857 2835 42828 69440 2805
internal_value=-0.00687361 0.000297007 -0.00588235 -0.00398548 0.00192033 -0.00203493 0.00899903 -0.0152413 0.0025297 0.00308816 0.00258472 0.000684952 0.00353705 0.00559412
internal_weight=342731 281744 58616 52330 223128 44601 7223 7729 207076 193371 187765 115103 72275 72662
internal_count=342731 281744 58616 52330 223128 44601 7223 7729 207076 193371 187765 115103 72275 72662
is_linear=0
shrinkage=0.04


Tree=71
num_leaves=15
num_cat=0
split_feature=3 2 13 12 3 13 13 10 1 8 11 15 11 12
split_gain=51059.7 2083.64 823.242 606.004 467.704 454.171 701.605 645.1 601.434 475.577 643.34 532.454 429.34 1250.31
threshold=1.0000000180025095e-35 75.952629000000016 688.62798463473371 187.95600554158091 4.7316145000000001 254.05081887727795 315.69819775805632 15.151885000000002 16.640998153532966 0.67994830919366744 2.6023945207146562 1.9769870124999758 6.7589164080921398 69.814302251759813
decision_type=2 2 2 2 2 2 2 2 2 2 2 2 2 2
left_child=-1 2 4 5 -2 -3 7 8 9 11 -11 -7 -6 -14
right_child=1 3 -4 -5 12 6 -8 -9 -10 10 -12 -13 13 -15
leaf_value=-0.0067691370906705298 0.00054276208680878566 -0.0039059268239713487 -0.038377281102961458 0.038182286230533651 -0.0004017388479609352 0.010057189978494243 0.00052586297487153494 0.027245458618254493 0.010347292190377546 -0.056403465171635483 0.0081752417984179478 -0.011839462950982189 -0.012101746057403622 -0.0025380938897936289
leaf_weight=60944 4936 10294 1271 5228 24979 1934 178084 9663 10605 781 7279 7928 4967 13904
leaf_count=60944 4936 10294 1271 5228 24979 1934 178084 9663 10605 781 7279 7928 4967 13904
internal_value=-0.00680088 0.000377644 -0.00702319 0.00197588 -0.00619522 0.0016652 0.00205591 0.00697565 0.00394994 -0.000517799 0.00668983 -0.00640844 -0.00750924 -0.012063
internal_weight=342797 281853 50057 231796 48786 226568 216274 38190 28527 17922 8060 9862 43850 18871
internal_count=342797 281853 50057 231796 48786 226568 216274 38190 28527 17922 8060 9862 43850 18871
is_linear=0
shrinkage=0.04


Tree=72
num_leaves=15
num_cat=0
split_feature=7 2 13 2 10 2 13 0 11 2 11 12 12 15
split_gain=50810.1 2051.71 832.373 570.957 467.25 617.132 545.403 500.393 449.947 1278.24 763.689 1514.69 436.176 435.103
threshold=1.0000000180025095e-35 75.952629000000016 688.62798463473371 243.19696800000003 100.35087150000001 151.512978 228.57383096747418 20.516159828312226 1.0000000180025095e-35 56.927828000000005 6.3359708891638453 69.814302251759813 112.55296614865287 1.9769870124999758
decision_type=2 2 2 2 2 2 2 2 2 2 2 2 2 2
left_child=-1 2 8 4 5 7 -6 13 9 -2 -10 -12 -9 -3
right_child=1 3 -4 -5 6 -7 -8 12 10 -11 11 -13 -14 -15
leaf_value=-0.0064983716070437045 0.0025170857719745321 -0.011805131465072942 -0.036883281644748481 0.045461195529409228 -0.050927153077717564 0.0085575096834477823 -0.0043059713760125939 -0.0053301415526943122 5.0198611205001246e-05 -0.013193447623529569 -0.011088809769487798 -0.0016154419890395922 0.0075855702920835776 0.00011009776148755091
leaf_weight=61009 2171 651 1279 4427 690 60756 17781 602 21478 3935 5586 15611 8535 138365
leaf_count=61009 2171 651 1279 4427 690 60756 17781 602 21478 3935 5586 15611 8535 138365
internal_value=-0.00690279 0.000260974 -0.0070827 0.00184688 0.00156988 0.00210905 -0.00452818 0.000716827 -0.00624751 -0.0164035 -0.00479438 -0.0101807 0.00978439 0.000120849
internal_weight=342876 281867 50060 231807 227380 208909 18471 148153 48781 6106 42675 21197 9137 139016
internal_count=342876 281867 50060 231807 227380 208909 18471 148153 48781 6106 42675 21197 9137 139016
is_linear=0
shrinkage=0.04


Tree=73
num_leaves=15
num_cat=0
split_feature=3 2 11 12 15 11 2 2 2 12 10 11 15 3
split_gain=50853 1981.51 913.973 1239.23 941.089 881.648 819.534 646.515 560.781 585.961 535.877 716.62 662.224 985.069
threshold=1.0000000180025095e-35 89.694366500000015 6.947648893428064 71.550909014298227 2.7549546101249835 1.0000000180025095e-35 56.927828000000005 58.233350500000007 75.952629000000016 78.672787115002976 96.527842500000006 26.010413826575821 8.4516063852500043 25.3749365
decision_type=2 2 2 2 2 2 2 2 2 2 2 2 2 2
left_child=-1 2 5 -4 -5 6 -2 -7 -8 -10 11 -3 13 -13
right_child=1 10 3 4 -6 7 8 -9 9 -11 -12 12 -14 -15
leaf_value=-0.0062384367427619483 0.0024668220038134071 0.0056256870263496194 -0.0096226907126421065 -0.034182803131644096 -0.0018513505628984551 -0.00014410552949566834 -0.012764139557357215 0.0010500512305368392 0.004466697760157041 -0.054366692704407742 -0.0058015695990176735 0.0038876353817746323 0.0027789592609897443 -0.0041578255779420445
leaf_weight=61023 2190 107334 7390 1740 26560 19206 3900 9496 1584 965 19548 31131 20283 30709
leaf_count=61023 2190 107334 7390 1740 26560 19206 3900 9496 1584 965 19548 31131 20283 30709
internal_value=-0.00689153 0.000272022 -0.0053999 -0.00997702 -0.0061682 -0.00102515 -0.0122283 0.00234687 -0.0194077 -0.00481758 0.00225392 0.00290451 9.2057e-05 -0.00196507
internal_weight=343059 282036 73031 35690 28300 37341 8639 28702 6449 2549 209005 189457 82123 61840
internal_count=343059 282036 73031 35690 28300 37341 8639 28702 6449 2549 209005 189457 82123 61840
is_linear=0
shrinkage=0.04


Tree=74
num_leaves=15
num_cat=0
split_feature=3 2 15 2 14 11 11 12 10 3 13 15 10 13
split_gain=50625.6 1838.56 943.996 1077.38 673.974 702.387 866.82 1393.63 678.367 618.438 541.391 724.25 598.618 538.372
threshold=1.0000000180025095e-35 93.80570950000002 1.9769870124999758 1.0000000180025095e-35 0.21163429115709895 0.57043789104461773 5.7738640756329156 66.357867113784678 -2.4011271931334925 14.739712000000003 254.05081887727795 3.6189290200000106 115.09702100000001 434.15911543596184
decision_type=2 2 2 2 2 2 2 2 2 2 2 2 2 2
left_child=-1 2 -2 -4 5 8 -7 -8 -5 -9 -3 12 -12 -13
right_child=1 10 3 4 -6 6 7 9 -10 -11 11 13 -14 -15
leaf_value=-0.0059888992730514623 -0.034694702208492495 -0.003844057359872359 1.9238671298995644 -0.016061422746523599 0.00057057079456130928 0.00010591027505268968 -0.0094824076270460418 0.0015446063313199687 -0.00046524210314299099 -0.0034118198667441747 0.013693469196859169 0.0043729368556428665 -0.0074999735738761689 -0.00074938311478520701
leaf_weight=61035 2382 9914 869 4457 9519 22125 4794 11015 2548 19759 31719 89277 2117 71349
leaf_count=61035 2382 9914 869 4457 9519 22125 4794 11015 2548 19759 31719 89277 2117 71349
internal_value=-0.00697144 0.000181093 -0.00506635 -0.00427989 -0.00479836 -0.00626047 -0.00480821 -0.00867521 -0.0182213 -0.00555014 0.00217012 0.00263496 0.00795366 0.00151457
internal_weight=342879 281844 77468 75086 74217 64698 57693 35568 7005 30774 204376 194462 33836 160626
internal_count=342879 281844 77468 75086 74217 64698 57693 35568 7005 30774 204376 194462 33836 160626
is_linear=0
shrinkage=0.04


Tree=75
num_leaves=15
num_cat=0
split_feature=3 2 15 2 14 11 11 12 10 10 11 3 13 3
split_gain=50530.9 1748.79 923.136 1088.83 627.376 637.371 761.036 1397.89 597.779 525.067 833.653 685.828 497.979 489.328
threshold=1.0000000180025095e-35 93.80570950000002 1.9769870124999758 1.0000000180025095e-35 0.21163429115709895 0.57043789104461773 5.9329941244574202 69.814302251759813 -2.4011271931334925 63.415359500000008 25.714582897331137 84.400794000000005 254.05081887727795 14.739712000000003
decision_type=2 2 2 2 2 2 2 2 2 2 2 2 2 2
left_child=-1 2 -2 -4 5 8 -7 -8 -5 10 12 -12 -3 -9
right_child=1 9 3 4 -6 6 7 13 -10 -11 11 -13 -14 -15
leaf_value=-0.0057493433021294036 -0.033250170498326612 -0.0047189738669306362 1.855941693340827 -0.015724965079527458 0.00055258066862668104 7.2653743463249051e-05 -0.0091180340728992879 0.0019885907617788055 -0.00049113144547574094 -0.0036902950654774643 -0.00087390456784448899 0.0049780877947983243 0.0077108043285423955 -0.0030183327595159895
leaf_weight=61024 2341 4358 881 4467 9549 22648 6244 10124 2572 23813 76299 5683 94490 18550
leaf_count=61024 2341 4358 881 4467 9549 22648 6244 10124 2572 23813 76299 5683 94490 18550
internal_value=-0.00699702 0.000144246 -0.00497829 -0.00420657 -0.00473177 -0.00614627 -0.00475697 -0.00846097 -0.0175082 0.00208109 0.00281635 -0.00016589 0.00528974 -0.00472623
internal_weight=343043 282019 77376 75035 74154 64605 57566 34918 7039 204643 180830 81982 98848 28674
internal_count=343043 282019 77376 75035 74154 64605 57566 34918 7039 204643 180830 81982 98848 28674
is_linear=0
shrinkage=0.04


Tree=76
num_leaves=15
num_cat=0
split_feature=3 2 11 2 11 9 12 10 2 0 3 11 15 13
split_gain=50557.1 1614.86 977.335 1403.38 828.575 976.297 661.382 548.014 513.627 574.474 697.589 583.863 502.506 501.231
threshold=1.0000000180025095e-35 89.694366500000015 6.3359708891638453 52.789633000000009 1.3375758930010229 0.09184936334028411 70.68411032539349 -1.2585911608797333 231.92047900000003 13.936864392106736 15.535034000000001 15.07527757839256 1.7043119987500008 268.7841962257441
decision_type=2 2 2 2 2 2 2 2 2 2 2 2 2 2
left_child=-1 2 4 -4 5 -2 -5 -6 9 -3 -11 -12 -7 -13
right_child=1 8 3 6 7 12 -8 -9 -10 10 11 13 -14 -15
leaf_value=-0.005519369570044219 -0.0024387906538365202 0.00058260566012198207 -0.011915842192911148 -0.0076836977921125316 0.00097992309457552553 -0.53154532097092511 -0.0015748426646869373 -0.00012835352572093228 0.017349173698139337 0.069432328969028248 -0.012759154311714545 0.029626883605181807 0.80704960586234575 0.0036207332107389052
leaf_weight=61150 12280 177324 4182 5057 11479 288 28376 10177 7726 1213 695 718 1198 21254
leaf_count=61150 12280 177324 4182 5057 11479 288 28376 10177 7726 1213 695 718 1198 21254
internal_value=-0.00702909 0.000121291 -0.00499856 -0.00948877 -0.000230365 -0.00790353 -0.0067562 0.00464721 0.00191107 0.00152243 0.00734673 0.00576521 0.0227187 0.00690697
internal_weight=343117 281967 73037 37615 35422 13766 33433 21656 208930 201204 23880 22667 1486 21972
internal_count=343117 281967 73037 37615 35422 13766 33433 21656 208930 201204 23880 22667 1486 21972
is_linear=0
shrinkage=0.04


Tree=77
num_leaves=15
num_cat=0
split_feature=3 2 13 11 12 11 10 10 12 0 3 11 3 13
split_gain=50224.4 1691.48 897.366 573.162 1336.94 999.743 751.058 574.225 511.985 514.8 697.359 568.556 508.838 506.857
threshold=1.0000000180025095e-35 89.694366500000015 688.62798463473371 6.947648893428064 71.550909014298227 1.3375758930010229 -0.43228150151583361 -1.2585911608797333 187.95600554158091 13.936864392106736 15.435385000000002 14.423069019012974 5.0522920000000004 268.7841962257441
decision_type=2 2 2 2 2 2 2 2 2 2 2 2 2 2
left_child=-1 2 3 5 -5 6 -2 -7 9 -3 -11 -12 -6 -13
right_child=1 8 -4 4 12 7 -8 -9 -10 10 11 13 -14 -15
leaf_value=-0.0052985947872424433 -0.0039023442516302785 0.00068099749922798602 -0.030797354962862525 -0.0083338188239894077 0.011759092116574967 0.00086131416871701113 0.0013384963540854322 -0.00019220245962737971 0.035829748128560088 0.069009694527129878 -0.016829162591305142 0.028477922248873539 -0.002354813791192152 0.0033079987462083637
leaf_weight=60972 10951 179712 1247 7343 2672 13002 2777 10650 5183 1186 504 721 24321 21558
leaf_count=60972 10951 179712 1247 7343 2672 13002 2777 10650 5183 1186 504 721 24321 21558
internal_value=-0.00708275 3.87472e-05 -0.00520428 -0.00461933 -0.00835042 -0.00119208 -0.00977855 0.00379165 0.00187031 0.00155439 0.00706079 0.0055041 -0.00423369 0.00645451
internal_weight=342799 281827 72963 71716 34336 37380 13728 23652 208864 203681 23969 22783 26993 22279
internal_count=342799 281827 72963 71716 34336 37380 13728 23652 208864 203681 23969 22783 26993 22279
is_linear=0
shrinkage=0.04


Tree=78
num_leaves=15
num_cat=0
split_feature=3 2 13 2 0 3 13 3 14 12 10 12 13 1
split_gain=50283.8 1613.12 928.261 478.305 469.799 595.133 538.821 469.596 471.652 466.315 463.242 602.802 456.458 725.761
threshold=1.0000000180025095e-35 93.80570950000002 688.62798463473371 243.19696800000003 13.936864392106736 15.435385000000002 268.7841962257441 4.7316145000000001 0.21163429115709895 58.361590078946442 -17.953329452422583 113.69792437152138 466.27196737977994 39.500921421152654
decision_type=2 2 2 2 2 2 2 2 2 2 2 2 2 2
left_child=-1 2 7 4 12 -6 -7 -2 9 -9 11 -8 -3 -14
right_child=1 3 -4 -5 5 6 10 8 -10 -11 -12 -13 13 -15
leaf_value=-0.0050866509957527483 0.00087785988332850457 0.0026001189018264714 -0.029535172068058967 0.04184947969085618 0.06692793308848978 0.027401296831699246 -0.005656893654284542 0.00061474191262265163 0.00033865086405214127 -0.0016936952591366783 -0.0067079553766942477 0.0058072758170813633 -0.0029195446220931644 0.003955223091800626
leaf_weight=61037 5933 128265 1265 4421 1059 727 1291 3025 9347 57693 3616 16166 40671 8294
leaf_count=61037 5933 128265 1265 4421 1059 727 1291 3025 9347 57693 3616 16166 40671 8294
internal_value=-0.00708451 4.55686e-05 -0.0048784 0.00190582 0.00161828 0.00701518 0.00559266 -0.00431275 -0.00522772 -0.00651537 0.00442462 0.00712379 0.000922192 -0.00236332
internal_weight=342810 281773 77263 204510 200089 22859 21800 75998 70065 60718 21073 17457 177230 48965
internal_count=342810 281773 77263 204510 200089 22859 21800 75998 70065 60718 21073 17457 177230 48965
is_linear=0
shrinkage=0.04


Tree=79
num_leaves=15
num_cat=0
split_feature=3 2 13 11 12 11 2 10 2 10 15 13 15 10
split_gain=50315.3 1441.41 943.22 598.947 1301.42 945.006 716.801 513.577 503.04 466.554 455.727 455.305 647.491 593.532
threshold=1.0000000180025095e-35 89.694366500000015 688.62798463473371 6.947648893428064 70.68411032539349 1.3375758930010229 58.972835500000009 -1.2585911608797333 75.952629000000016 -9.7225306069897481 9.8967739006249946 254.05081887727795 3.6189290200000106 115.09702100000001
decision_type=2 2 2 2 2 2 2 2 2 2 2 2 2 2
left_child=-1 2 3 5 10 6 -2 9 -8 -7 -5 -3 13 -13
right_child=1 11 -4 4 -6 7 8 -9 -10 -11 -12 12 -14 -15
leaf_value=-0.0048831849559226375 -2.7348496703734071e-05 -0.0037169732302817951 -0.028452493008561338 -0.0085808834701609354 -0.0016584094571002962 -0.00063282034754920554 -0.015667663521422827 -0.00013507112566459866 -0.0030004250438787315 0.00097868720793151446 0.0012738236457557851 0.012533581613791816 0.0009092843689388311 -0.0078775744322697756
leaf_weight=61020 7180 10016 1267 6496 27670 766 3378 10588 3175 12266 306 31838 165083 2140
leaf_count=61020 7180 10016 1267 6496 27670 766 3378 10588 3175 12266 306 31838 165083 2140
internal_value=-0.00706468 5.76959e-05 -0.00477754 -0.00417403 -0.00797633 -0.000665007 -0.00900896 0.00418628 -0.0185747 0.00950276 -0.0236519 0.00174806 0.00216677 0.00719524
internal_weight=343189 282169 73092 71825 34472 37353 13733 23620 6553 13032 6802 209077 199061 33978
internal_count=343189 282169 73092 71825 34472 37353 13733 23620 6553 13032 6802 209077 199061 33978
is_linear=0
shrinkage=0.04


Tree=80
num_leaves=15
num_cat=0
split_feature=3 2 14 3 3 1 14 12 11 10 3 3 10 13
split_gain=50198.9 1365.56 924.302 479.679 455.38 530.051 453.136 468.141 451.998 650.183 963.867 684.059 849.6 581.302
threshold=1.0000000180025095e-35 93.80570950000002 0.23320872121670802 201.74619950000002 4.9717675000000012 4.472353123303578 0.21021760849986634 58.070174837026364 26.010413826575821 -29.464022871728393 26.273441000000002 24.842154000000004 -22.101432053955183 254.05081887727795
decision_type=2 2 2 2 2 2 2 2 2 2 2 2 2 2
left_child=-1 2 4 8 5 -2 7 -6 13 10 -10 12 -11 -3
right_child=1 3 -4 -5 6 -7 -8 -9 9 11 -12 -13 -14 -15
leaf_value=-0.0046878575576857354 9.2255262672578109e-05 -0.0035214804224951491 -0.027268485425809265 -0.063677583669359356 0.00075550683306907734 0.016564397237998046 0.00018107542437871606 -0.0017579158808906481 0.081885412068603808 0.025436593554719319 0.0015278794189173873 -0.0037163610197091103 -0.0027327829721999031 0.0056384842302902513
leaf_weight=61038 7726 9322 1240 3216 2015 1165 12776 52508 1611 6651 25452 25338 22413 110654
leaf_count=61038 7726 9322 1240 3216 2015 1165 12776 52508 1611 6651 25452 25338 22413 110654
internal_value=-0.00710936 7.51541e-06 -0.00451711 0.00171936 -0.00395957 0.00454842 -0.00508358 -0.00667241 0.00196405 -0.000335359 0.00473118 -0.00285578 0.00133223 0.00352537
internal_weight=343125 282087 77430 204657 76190 8891 67299 54523 201441 81465 27063 54402 29064 119976
internal_count=343125 282087 77430 204657 76190 8891 67299 54523 201441 81465 27063 54402 29064 119976
is_linear=0
shrinkage=0.04


Tree=81
num_leaves=15
num_cat=0
split_feature=3 2 13 11 12 11 2 2 2 3 14 14 12 0
split_gain=50286.7 1273.03 958.69 608.99 1422.8 901.631 665.489 636.289 474.263 449.242 490.44 454.92 443.683 461.493
threshold=1.0000000180025095e-35 89.694366500000015 688.62798463473371 7.8035022786895416 72.71127264228015 1.3375758930010229 58.972835500000009 51.357307500000012 75.952629000000016 4.7316145000000001 0.21021760849986634 0.19957040715700683 181.27494954576557 13.936864392106736
decision_type=2 2 2 2 2 2 2 2 2 2 2 2 2 2
left_child=-1 2 3 5 -5 6 -2 -7 -8 -6 11 -11 13 -3
right_child=1 12 -4 4 9 7 8 -9 -10 10 -12 -13 -14 -15
leaf_value=-0.0045003432553783005 -4.262466283779354e-05 0.00044825706069921093 -0.026248745332638164 -0.0078525003031579606 0.017776034006072257 -0.00088923651618388888 -0.014999618566672606 0.00054181977181531058 -0.0028722015351729537 -0.00050304496148227738 0.0031088688293922973 -0.0043664239123881246 0.02259608118934997 0.0043056172383468243
leaf_weight=61080 7166 177089 1268 7100 1450 3881 3397 21925 3177 10296 2854 10491 7887 23901
leaf_count=61080 7166 177089 1268 7100 1450 3881 3397 21925 3177 10296 2854 10491 7887 23901
internal_value=-0.00709606 3.3773e-05 -0.00451312 -0.0039037 -0.00798857 -0.000578567 -0.0088559 0.00382857 -0.0180469 -0.0035152 -0.00484074 -0.00697551 0.00162296 0.00125777
internal_weight=342962 281882 73005 71737 32191 39546 13740 25806 6574 25091 23641 20787 208877 200990
internal_count=342962 281882 73005 71737 32191 39546 13740 25806 6574 25091 23641 20787 208877 200990
is_linear=0
shrinkage=0.04


Tree=82
num_leaves=15
num_cat=0
split_feature=3 2 13 11 12 11 2 10 2 11 10 10 10 15
split_gain=50083 1238.48 940.855 600.724 1355.52 802.036 644.881 612.284 481.839 457.041 441.177 728.754 1034.87 1016.75
threshold=1.0000000180025095e-35 89.694366500000015 688.62798463473371 7.8035022786895416 72.71127264228015 1.3375758930010229 58.972835500000009 -1.2585911608797333 75.952629000000016 6.1434233328003733 91.842445500000011 14.886566000000002 17.250566500000001 0.88182971749998285
decision_type=2 2 2 2 2 2 2 2 2 2 2 2 2 2
left_child=-1 2 3 5 -5 6 -2 -7 -8 -9 11 -3 13 -13
right_child=1 10 -4 4 -6 7 8 9 -10 -11 -12 12 -14 -15
leaf_value=-0.0043203295251631598 -2.6456304337116877e-05 0.00033889235675598834 -0.025074976234656265 -0.0075167504719638647 -0.0015177540986688466 0.00083576342595501171 -0.014565759489759919 -2.5131758195087172e-05 -0.0026213285159389144 -0.0059176958281197669 -0.0054207649259506345 -0.0097163767628982 0.0070534237276443082 0.038312793961376025
leaf_weight=61030 7131 133874 1251 7107 25112 14393 3358 10033 3174 1344 20597 790 45678 8024
leaf_count=61030 7131 133874 1251 7107 25112 14393 3358 10033 3174 1344 20597 790 45678 8024
internal_value=-0.00714712 -3.37749e-05 -0.00452272 -0.00392229 -0.00797418 -0.00061167 -0.00844617 0.0035421 -0.017526 -0.00339281 0.00153233 0.00214009 0.00603979 0.0185886
internal_weight=342896 281866 72903 71652 32219 39433 13663 25770 6532 11377 208963 188366 54492 8814
internal_count=342896 281866 72903 71652 32219 39433 13663 25770 6532 11377 208963 188366 54492 8814
is_linear=0
shrinkage=0.04


Tree=83
num_leaves=15
num_cat=0
split_feature=3 2 15 2 0 13 11 11 12 11 12 10 2 2
split_gain=50006.9 1134.73 986.135 1042 601.6 688.957 578.508 1134.95 754.556 980.094 599.001 730.514 572.812 514.212
threshold=1.0000000180025095e-35 109.10215000000001 1.9769870124999758 1.0000000180025095e-35 11.156542255144133 266.16836799851399 1.3375758930010229 3.3246443387907281 71.943000667507377 7.8035022786895416 75.711898323270077 -2.4011271931334925 81.77719900000001 53.120985000000005
decision_type=2 2 2 2 2 2 2 2 2 2 2 2 2 2
left_child=-1 2 -2 -4 -3 -6 10 13 9 -9 12 -12 -5 -8
right_child=1 4 3 6 5 -7 7 8 -10 -11 11 -13 -14 -15
leaf_value=-0.0041475163441566385 -0.024857674765574825 0.00090233022409000113 1.7501396956036304 -0.0017392331063769185 0.027117217020615678 0.0039270822810679694 -3.6450910181535791e-05 -0.0001850331584288334 -0.00069008053110873656 -0.0074672210475677315 -0.040898641088120649 0.071696458571477703 0.0056162126023677232 0.0015919864154210761
leaf_weight=61033 2407 159368 897 9222 1175 23559 4361 9905 52905 6475 2875 487 1620 6726
leaf_count=61033 2407 159368 897 9222 1175 23559 4361 9905 52905 6475 2875 487 1620 6726
internal_value=-0.00717181 -6.63872e-05 -0.00354638 -0.00290889 0.00178379 0.00758794 -0.00331585 -0.0020007 -0.00390214 -0.0114042 -0.0107575 -0.0255086 -0.00618336 0.00988184
internal_weight=343015 281982 97880 95473 184102 24734 94576 80372 69285 16380 14204 3362 10842 11087
internal_count=343015 281982 97880 95473 184102 24734 94576 80372 69285 16380 14204 3362 10842 11087
is_linear=0
shrinkage=0.04


Tree=84
num_leaves=15
num_cat=0
split_feature=3 2 13 13 15 15 0 3 1 13 14 14 0 13
split_gain=50128.1 1082.03 992.072 431.13 683.19 462.536 443.277 844.64 931.563 941.512 637.66 434.42 433.786 432.366
threshold=1.0000000180025095e-35 93.80570950000002 688.62798463473371 263.48706550046819 4.8872795136250327 4.7572720227499881 5.8335460090995728 14.241769500000002 17.993751926381211 437.77101577425384 0.21021760849986634 0.21135727656717004 8.2852501143631709 536.41543727593194
decision_type=2 2 2 2 2 2 2 2 2 2 2 2 2 2
left_child=-1 2 -2 -3 5 -5 13 -8 -9 -10 -11 -12 -7 -6
right_child=1 3 -4 4 6 12 7 8 9 10 11 -13 -14 -15
leaf_value=-0.0039816156903903811 -0.00052683700294569929 -0.0035924760900685722 -0.023124470741530425 0.0060414860256199233 -0.00098838804866278494 0.0087578247192324626 0.030080289048195336 -0.0036285392632980922 0.012361254037910973 -0.0025277745122402606 0.013448246052192542 0.0014730478447769803 0.021092162744949669 -0.0080040922113170532
leaf_weight=61052 76163 13788 1278 61504 54197 3023 2754 14500 13416 15593 2068 12225 1772 9566
leaf_count=61052 76163 13788 1278 61504 54197 3023 2754 14500 13416 15593 2068 12225 1772 9566
internal_value=-0.00713948 -2.14301e-05 -0.00404798 0.00150407 0.00199813 0.0052773 0.000249359 0.00270031 0.00166915 0.00460764 0.000655825 0.00675855 0.017243 -0.00207832
internal_weight=342899 281847 77441 204406 190618 66299 124319 60556 57802 43302 29886 14293 4795 63763
internal_count=342899 281847 77441 204406 190618 66299 124319 60556 57802 43302 29886 14293 4795 63763
is_linear=0
shrinkage=0.04


Tree=85
num_leaves=15
num_cat=0
split_feature=3 2 14 10 10 10 15 0 3 1 13 14 13 10
split_gain=50186.1 982.182 971.509 430.197 604.856 1009.47 992.898 808.57 883.817 647.913 713.049 667.083 606.385 601.243
threshold=1.0000000180025095e-35 93.80570950000002 0.23320872121670802 100.35087150000001 14.886566000000002 17.250566500000001 0.88182971749998285 5.6343200363908901 14.241769500000002 17.851842164180216 437.77101577425384 0.21021760849986634 266.16836799851399 -13.60288251495923
decision_type=2 2 2 2 2 2 2 2 2 2 2 2 2 2
left_child=-1 2 -2 4 7 6 -6 -3 13 12 -11 -12 -10 -9
right_child=1 3 -4 -5 5 -7 -8 8 9 10 11 -13 -14 -15
leaf_value=-0.0038223510627747714 -0.0005063276707492825 -0.002996376379754361 -0.022186861515742642 -0.0059497103971109591 -0.0096641873016602101 0.0058236570752880513 0.035969783000905052 0.063302302745836522 0.018770530983049875 0.0096731875720143263 -0.0024500699268297337 0.0027800694514177357 -0.0033688795286120335 0.0071808403289346416
leaf_weight=61142 76065 55363 1254 18335 774 48065 7981 1947 1531 16661 15823 16309 18838 3171
leaf_count=61142 76065 55363 1254 18335 774 48065 7981 1947 1531 16661 15823 16309 18838 3171
internal_value=-0.00714621 -2.59467e-05 -0.0038671 0.00142423 0.00199911 0.00544034 0.0179326 0.000490887 0.00321809 0.00203117 0.00453262 0.00105067 -0.00396092 0.0192575
internal_weight=343259 282117 77319 204798 186463 56820 8755 129643 74280 69162 48793 32132 20369 5118
internal_count=343259 282117 77319 204798 186463 56820 8755 129643 74280 69162 48793 32132 20369 5118
is_linear=0
shrinkage=0.04


Tree=86
num_leaves=15
num_cat=0
split_feature=3 2 13 11 12 11 2 3 10 2 0 3 13 11
split_gain=49995.1 958.888 957.253 582.246 1198.34 695.048 816.124 622.25 569.457 407.161 466.105 781.123 539.157 490.051
threshold=1.0000000180025095e-35 84.706050500000018 688.62798463473371 6.7589164080921398 69.814302251759813 1.3375758930010229 59.745748500000005 58.308206500000004 -6.5737935393795484 225.59345250000004 13.795074281644824 15.435385000000002 268.7841962257441 14.423069019012974
decision_type=2 2 2 2 2 2 2 2 2 2 2 2 2 2
left_child=-1 2 3 5 8 6 -2 -8 -5 10 -3 -12 -13 -14
right_child=1 9 -4 4 -6 -7 7 -9 -10 -11 11 12 13 -15
leaf_value=-0.0036694570202637777 8.6841067971867857e-05 7.5188323898488338e-05 -0.021356410700481217 0.0012246868236827524 -0.001290444931050645 0.00034042221668888927 -0.019027610414218549 0.001558656394719593 -0.0075760332250294042 0.012726586959440294 0.060632199483598881 0.023542251137154802 -0.012884813530219297 0.0024780960596478712
leaf_weight=60979 7432 182200 1261 294 23320 20905 4208 763 6094 9917 1405 731 682 22850
leaf_count=60979 7432 182200 1261 294 23320 20905 4208 763 6094 9917 1405 731 682 22850
internal_value=-0.00715774 -5.7576e-05 -0.00435055 -0.00366002 -0.00773125 -2.88219e-05 -0.00753044 -0.0200764 -0.0230808 0.00120945 0.000831682 0.00587814 0.00419899 0.00314805
internal_weight=343041 282062 64277 63016 29708 33308 12403 4971 6388 217785 207868 25668 24263 23532
internal_count=343041 282062 64277 63016 29708 33308 12403 4971 6388 217785 207868 25668 24263 23532
is_linear=0
shrinkage=0.04


Tree=87
num_leaves=15
num_cat=0
split_feature=3 2 14 14 14 11 12 8 10 11 3 13 13 11
split_gain=50095.7 883.911 1025.56 696.754 538.562 560.799 1007.02 607.539 505.811 587.595 567.143 521.524 474.842 444.705
threshold=1.0000000180025095e-35 113.82654550000002 0.23320872121670802 0.21021760849986634 0.19726957747197196 6.947648893428064 66.686597831342638 0.99999990486857915 63.415359500000008 26.814469661847209 81.70484900000001 513.32521284928225 254.05081887727795 0.57043789104461773
decision_type=2 2 2 2 2 2 2 2 2 2 2 2 2 2
left_child=-1 2 3 4 13 7 -7 -6 9 12 11 -11 -3 -2
right_child=1 8 -4 -5 5 6 -8 -9 -10 10 -12 -13 -14 -15
leaf_value=-0.0035226787394532265 -0.0070243603866929939 -0.0048902259890360213 -0.02041523293727435 0.0006673518940941126 0.00083746544942284726 -0.0095283152494010544 -0.0028132267383837728 -0.00061737802386900857 -0.0036997457279692369 0.00041459794101768034 0.0051789143184025038 -0.004199206977142456 0.0093697115781370584 0.00015645907822927851
leaf_weight=61019 5149 4192 1271 21407 4733 2986 30136 10744 23724 46926 4431 9340 76610 40058
leaf_count=61019 5149 4192 1271 21407 4733 2986 30136 10744 23724 46926 4431 9340 76610 40058
internal_value=-0.0071411 -2.37126e-05 -0.00269222 -0.002298 -0.00378398 -0.00670713 -0.00964435 -0.00042127 0.00185761 0.00276384 -0.000210225 -0.00129528 0.0049979 -0.000641494
internal_weight=342726 281707 116484 115213 93806 48599 33122 15477 165223 141499 60697 56266 80802 45207
internal_count=342726 281707 116484 115213 93806 48599 33122 15477 165223 141499 60697 56266 80802 45207
is_linear=0
shrinkage=0.04


Tree=88
num_leaves=15
num_cat=0
split_feature=3 2 13 11 12 13 10 11 11 10 3 10 14 14
split_gain=50028.8 906.661 961.984 614.93 1332.13 624.119 689.365 587.641 505.921 465.862 425.139 422.323 409.399 389.062
threshold=1.0000000180025095e-35 89.694366500000015 688.62798463473371 7.8035022786895416 72.71127264228015 477.47418470492562 -3.8046457099764672 5.9329941244574202 5.1724921417202214 -9.7225306069897481 4.7316145000000001 262.64325050000008 0.21021760849986634 0.19957040715700683
decision_type=2 2 2 2 2 2 2 2 2 2 2 2 2 2
left_child=-1 2 3 5 -5 6 8 -8 -2 -7 -6 -3 13 -12
right_child=1 11 -4 4 10 9 7 -9 -10 -11 12 -13 -14 -15
leaf_value=-0.0033817715898750932 -0.020345525003557727 0.0011875211024553428 -0.019685544954971004 -0.0065593946331416308 0.017663075143746366 -0.00072782440889494814 7.8771350978321664e-05 -0.0040485377528101905 0.0018369342235692533 0.00085418944206764106 -0.00041501098538177851 -0.11580534211616293 0.0029423225939260657 -0.0038748648397189459
leaf_weight=61003 2430 208048 1243 7074 1463 1453 21563 2199 702 11159 10288 1031 2846 10566
leaf_count=61003 2430 208048 1243 7074 1463 1453 21563 2199 702 11159 10288 1031 2846 10566
internal_value=-0.00715427 -5.06266e-05 -0.00388897 -0.0032845 -0.00738406 6.07503e-05 -0.00338217 -0.00105715 -0.0210217 0.00740247 -0.00307277 0.00128927 -0.00436456 -0.0063067
internal_weight=343068 282065 72986 71743 32237 39506 26894 23762 3132 12612 25163 209079 23700 20854
internal_count=343068 282065 72986 71743 32237 39506 26894 23762 3132 12612 25163 209079 23700 20854
is_linear=0
shrinkage=0.04


Tree=89
num_leaves=15
num_cat=0
split_feature=7 2 14 0 2 13 13 1 10 10 13 2 0 11
split_gain=50077.8 799.314 1002.79 534.13 416.495 402.486 391.145 622.421 606.035 621.987 747.013 677.007 531.552 488.182
threshold=1.0000000180025095e-35 109.10215000000001 0.23320872121670802 13.111857419819872 231.92047900000003 268.7841962257441 466.27196737977994 39.500921421152654 -28.003723347047131 15.151885000000002 254.05081887727795 141.46839900000001 6.3196874911366896 35.638559191408739
decision_type=2 2 2 2 2 2 2 2 2 2 2 2 2 2
left_child=-1 2 -2 4 6 -5 8 13 -3 12 11 -11 -10 -8
right_child=1 3 -4 5 -6 -7 7 -9 9 10 -12 -13 -14 -15
leaf_value=-0.0032465007262800862 -0.00043191557591538477 0.013988367258454471 -0.018802359220282998 0.022273933134509025 0.014134646759092925 0.0045328717446438014 -0.0019562652352095779 0.0034084185596007176 -0.0049199360587927621 -0.023056841307725843 0.012170957618010797 -0.0012271565225717574 0.0031190999560113254 -0.0049894181480884797
leaf_weight=60969 96728 9791 1267 776 7739 17031 23451 8045 37914 1075 45575 5576 15641 11451
leaf_count=60969 96728 9791 1267 776 7739 17031 23451 8045 37914 1075 45575 5576 15641 11451
internal_value=-0.00712744 -2.18393e-05 -0.00294015 0.00153185 0.000826667 0.00811591 0.000384307 -0.00287517 0.00159554 0.000714306 0.00382032 -0.00870245 -0.00231463 -0.0051871
internal_weight=343029 282060 97995 184065 166258 17807 158519 42947 115572 105781 52226 6651 53555 34902
internal_count=343029 282060 97995 184065 166258 17807 158519 42947 115572 105781 52226 6651 53555 34902
is_linear=0
shrinkage=0.04


Tree=90
num_leaves=15
num_cat=0
split_feature=3 2 13 11 12 13 10 11 10 10 3 14 11 3
split_gain=49937.9 746.373 935.565 602.085 1266.34 616.544 658.626 535.655 453.917 390.662 379.329 394.174 362.471 352.841
threshold=1.0000000180025095e-35 89.694366500000015 688.62798463473371 7.8035022786895416 72.71127264228015 477.47418470492562 -4.0426735305568418 5.9329941244574202 -9.7225306069897481 262.64325050000008 4.7316145000000001 0.21021760849986634 41.895560660361497 38.107700000000008
decision_type=2 2 2 2 2 2 2 2 2 2 2 2 2 2
left_child=-1 2 3 5 -5 6 13 -8 -7 -3 -6 -12 -13 -2
right_child=1 9 -4 4 10 8 7 -9 -10 -11 11 12 -14 -15
leaf_value=-0.003116640697228874 -0.030785342756529426 0.0010324343670376301 -0.018085123688124795 -0.0061558532630615302 0.016833004856824256 -0.00070559910620394462 8.1200398345533393e-05 -0.0038101704894577893 0.00085795713776358083 -0.11079052535809453 -0.0024724366283021926 0.0044326043204209785 -0.026176794541277762 -0.0016929846462255327
leaf_weight=60972 1583 207921 1273 7127 1439 1463 21953 2237 11181 1032 20829 2578 254 1148
leaf_count=60972 1583 207921 1273 7127 1439 1463 21953 2237 11181 1032 20829 2578 254 1148
internal_value=-0.00717479 -7.80092e-05 -0.00355793 -0.0029552 -0.00701399 0.000350815 -0.00307121 -0.000968995 0.00763682 0.00113882 -0.00278884 -0.00400152 0.01 -0.0216917
internal_weight=342990 282018 73065 71792 32227 39565 26921 24190 12644 208953 25100 23661 2832 2731
internal_count=342990 282018 73065 71792 32227 39565 26921 24190 12644 208953 25100 23661 2832 2731
is_linear=0
shrinkage=0.04


Tree=91
num_leaves=15
num_cat=0
split_feature=3 2 15 2 14 14 15 11 12 10 11 3 3 1
split_gain=49804.9 743.305 912.357 962.116 554.78 554.681 528.41 493.704 493.194 479.592 546.182 469.161 547.709 1303.95
threshold=1.0000000180025095e-35 114.11549750000002 1.9769870124999758 1.0000000180025095e-35 0.21021760849986634 0.19726957747197196 9.0992552776249926 0.57043789104461773 58.361590078946442 63.415359500000008 26.814469661847209 81.70484900000001 25.3749365 27.600926392723071
decision_type=2 2 2 2 2 2 2 2 2 2 2 2 2 2
left_child=-1 2 -2 -4 5 7 8 -5 -7 10 -3 12 13 -12
right_child=1 9 3 4 -6 6 -8 -9 -10 -11 11 -13 -14 -15
leaf_value=-0.0029919750693397163 -0.018232705434202998 0.0072404116217228602 1.6811892426116746 -0.0068899187271023532 0.00056022322874744741 0.00081285120200407239 0.00072880843187333793 0.00018843079095386627 -0.0026397397758938504 -0.0037130443802252389 0.00017994247003435326 0.004708984866156285 -0.0031455025980481415 0.074123139692002765
leaf_weight=60918 2480 80805 865 4634 21489 2027 5719 40084 40219 23767 22591 4354 30607 2250
leaf_count=60918 2480 80805 865 4634 21489 2027 5719 40084 40219 23767 22591 4354 30607 2250
internal_value=-0.00720273 -0.00011508 -0.00254431 -0.00202683 -0.00234523 -0.00368784 -0.0066757 -0.000483027 -0.00822042 0.00162167 0.00250997 -0.000387947 -0.00138075 0.00303208
internal_weight=342809 281891 117517 115037 114172 92683 47965 44718 42246 164374 140607 59802 55448 24841
internal_count=342809 281891 117517 115037 114172 92683 47965 44718 42246 164374 140607 59802 55448 24841
is_linear=0
shrinkage=0.04


Tree=92
num_leaves=15
num_cat=0
split_feature=3 2 15 2 14 14 11 0 8 10 13 11 13 3
split_gain=50008.6 665.379 793.963 964.13 465.653 488.376 508.828 613.051 499.768 436.192 486.772 454.826 563.497 464.931
threshold=1.0000000180025095e-35 113.82654550000002 1.9769870124999758 1.0000000180025095e-35 0.21021760849986634 0.19726957747197196 6.947648893428064 4.3058637517264975 0.99999990486857915 100.35087150000001 228.57383096747418 26.814469661847209 254.05081887727795 81.70484900000001
decision_type=2 2 2 2 2 2 2 2 2 2 2 2 2 2
left_child=-1 2 -2 -4 5 -5 8 -8 -7 11 -11 12 -3 -13
right_child=1 9 3 4 -6 6 7 -9 -10 10 -12 13 -14 -15
leaf_value=-0.0028722960665661292 -0.01741040241505994 -0.0032252958629451324 1.61278505669627 -7.7257246352480105e-05 0.00051272206137371163 0.00072875641494295706 -0.0066961624463454331 -0.0021223977339978775 -0.00049279879311605159 -0.037706598341500683 -0.0042142790268176094 -0.0010846422002095402 0.0083083087429908602 0.0046018015253898844
leaf_weight=61047 2462 7606 872 44293 21325 3884 8281 24876 10688 590 17743 56208 78820 4424
leaf_count=61047 2462 7606 872 44293 21325 3884 8281 24876 10688 590 17743 56208 78820 4424
internal_value=-0.00717477 -7.06203e-05 -0.00238359 -0.00189916 -0.0022215 -0.0034557 -0.00626286 -0.00900081 -3.29399e-05 0.00156115 -0.0042568 0.00228644 0.00414968 -0.000369442
internal_weight=343119 282072 116681 114219 113347 92022 47729 33157 14572 165391 18333 147058 86426 60632
internal_count=343119 282072 116681 114219 113347 92022 47729 33157 14572 165391 18333 147058 86426 60632
is_linear=0
shrinkage=0.04


Tree=93
num_leaves=15
num_cat=0
split_feature=3 2 15 2 14 14 11 12 8 13 13 12 13 15
split_gain=50103 594.921 736.3 918.707 420.941 433.53 532.881 945.613 588.351 414.954 510.014 422.033 407.158 633.722
threshold=1.0000000180025095e-35 113.82654550000002 1.9769870124999758 1.0000000180025095e-35 0.21021760849986634 0.19726957747197196 7.8035022786895416 66.686597831342638 0.99999990486857915 289.15636952549113 268.32281790025485 100.98646351753366 263.48706550046819 5.9796299179999872
decision_type=2 2 2 2 2 2 2 2 2 2 2 2 2 2
left_child=-1 2 -2 -4 5 9 8 -8 -7 10 -5 -12 -3 -14
right_child=1 12 3 4 -6 6 7 -9 -10 -11 11 -13 13 -15
leaf_value=-0.0027574042239034923 -0.016785702627051292 -0.0034964637037152801 1.5476990084323257 0.00051426375619691102 0.00049419780854583536 0.00077395836935916678 -0.0089123403932167382 -0.0024895541578932034 -0.00047004742917811982 0.00032881362134872915 -0.0084211101372748051 0.01981849102715429 0.0056141454745396759 -0.00087925591727863403
leaf_weight=61149 2474 13109 870 5357 21300 4115 2774 29633 11270 33502 4697 783 86967 65003
leaf_count=61149 2474 13109 870 5357 21300 4115 2774 29633 11270 33502 4697 783 86967 65003
internal_value=-0.00717836 -5.76185e-05 -0.0022426 -0.00177531 -0.00208938 -0.00326101 -0.00590392 -0.00881415 0.000226194 -0.000412278 -0.00721602 -0.0157956 0.00148801 0.00207146
internal_weight=343003 281854 116775 114301 113431 92131 47792 32407 15385 44339 10837 5480 165079 151970
internal_count=343003 281854 116775 114301 113431 92131 47792 32407 15385 44339 10837 5480 165079 151970
is_linear=0
shrinkage=0.04


Tree=94
num_leaves=15
num_cat=0
split_feature=3 2 15 2 0 10 11 11 0 3 1 10 12 3
split_gain=50026.1 566.296 889.51 857.076 545.271 511.01 586.666 960.259 880.344 1063.06 751.397 664.915 629.647 553.651
threshold=1.0000000180025095e-35 125.11652750000002 1.9769870124999758 1.0000000180025095e-35 11.156542255144133 19.671391000000003 1.3375758930010229 3.3246443387907281 4.7041222305764743 14.445695000000002 19.980436690593475 -13.60288251495923 75.711898323270077 23.575320500000004
decision_type=2 2 2 2 2 2 2 2 2 2 2 2 2 2
left_child=-1 2 -2 -4 -3 6 12 -8 -9 11 -11 -10 -5 -12
right_child=1 4 3 5 -6 -7 7 8 9 10 13 -13 -14 -15
leaf_value=-0.0026471080549473492 -0.016597041805425226 0.0016934978378600008 1.4895979331362272 -0.00075946961265767506 0.010970968304293467 0.15222007265941617 0.00068434796213524992 -0.0017148064495014648 0.050543033503888689 -0.0015274999069595906 0.044113097242562904 0.0059469486174983464 -0.034916623458674384 0.00086338968167629343
leaf_weight=61052 2710 120133 868 10809 7943 836 11084 41792 1866 39807 2443 7345 3510 30880
leaf_count=61052 2710 120133 868 10809 7943 836 11084 41792 1866 39807 2443 7345 3510 30880
internal_value=-0.00717108 -6.43912e-05 -0.00169925 -0.00129225 0.00190075 -0.00152103 -0.00169538 -0.000880067 -0.00188733 0.000512503 -0.00110051 0.0133189 -0.00939451 0.00333103
internal_weight=343078 282026 153950 151240 128076 150372 149536 135217 124133 82341 73130 9211 14319 33323
internal_count=343078 282026 153950 151240 128076 150372 149536 135217 124133 82341 73130 9211 14319 33323
is_linear=0
shrinkage=0.04


Tree=95
num_leaves=15
num_cat=0
split_feature=3 2 15 2 1 10 15 13 11 11 0 11 3 10
split_gain=50219.8 458.269 869.222 861.377 506.544 473.142 448.323 587.842 440.61 986.222 630.006 739.145 711.558 1068.51
threshold=1.0000000180025095e-35 125.57123200000002 1.9769870124999758 1.0000000180025095e-35 38.842689147803249 19.671391000000003 6.3215550291249807 263.48706550046819 1.3375758930010229 3.3246443387907281 2.7498693899126692 6.1434233328003733 14.833208000000003 -13.429776983016501
decision_type=2 2 2 2 2 2 2 2 2 2 2 2 2 2
left_child=-1 2 -2 -4 5 8 7 -3 -5 -10 11 -11 13 -12
right_child=1 6 3 4 -6 -7 -8 -9 9 10 12 -13 -14 -15
leaf_value=-0.0025412237327494579 -0.015978079922506137 -0.0031013673317002357 1.4299854818752313 -0.0020999728641888818 0.0036301558441774731 0.13830169058011255 -0.0032637012528644784 0.0065125816868559939 0.000659389493247744 0.00010347175983673296 0.04165895634215587 -0.0054698573981854714 -0.0008513637698750687 0.00091331909303379085
leaf_weight=61078 2698 11646 878 14189 10157 882 36121 79206 11141 6899 2583 12937 77996 14615
leaf_count=61078 2698 11646 878 14189 10157 882 36121 79206 11141 6899 2583 12937 77996 14615
internal_value=-0.00711666 6.80977e-06 -0.00145288 -0.00105413 -0.00128323 -0.00190368 0.00178841 0.0032871 -0.0020872 -0.00133565 -0.00243623 -0.00892115 -0.00108494 0.0062798
internal_weight=343026 281948 154975 152277 151399 141242 126973 90852 140360 126171 115030 19836 95194 17198
internal_count=343026 281948 154975 152277 151399 141242 126973 90852 140360 126171 115030 19836 95194 17198
is_linear=0
shrinkage=0.04


Tree=96
num_leaves=15
num_cat=0
split_feature=3 10 10 0 11 3 1 11 1 15 3 15 1 3
split_gain=50208.7 428.659 837.605 777.142 813.398 962.11 855.341 682.243 1017.36 670.539 747.381 631.563 572.596 673.554
threshold=1.0000000180025095e-35 14.0765665 17.250566500000001 4.7041222305764743 1.3375758930010229 14.445695000000002 13.641111477442992 6.1434233328003733 0.98288494580601571 0.88182971749998285 15.333692500000002 5.7307245377499791 18.799682586345583 23.762452500000002
decision_type=2 2 2 2 2 2 2 2 2 2 2 2 2 2
left_child=-1 3 9 7 11 6 -6 -2 -9 -3 -11 -5 -7 -14
right_child=1 2 -4 4 5 12 -8 8 -10 10 -12 -13 13 -15
leaf_value=-0.0024395747834394755 5.3689550512867613e-05 -0.0085739455365415832 0.0010850834335382775 -0.047862216751550724 0.0057316045979720802 -0.00077247971652800735 0.055967839967856592 -0.0062372532312958209 -0.0033620705345374959 0.0048971658896861522 0.040340697050417804 -0.0018221162768606014 0.023952589141862993 0.00080054178194264301
leaf_weight=61193 34367 1055 66658 1414 9021 44771 2431 4602 50293 4534 6392 3220 7477 45771
leaf_count=61193 34367 1055 66658 1414 9021 44771 2431 4602 50293 4534 6392 3220 7477 45771
internal_value=-0.00715608 -2.92192e-05 0.00247867 -0.000998982 0.00118803 0.00188287 0.0128537 -0.00379467 -0.00656162 0.012216 0.0151565 -0.0152266 0.000601108 0.00340445
internal_weight=343199 282006 78639 203367 114105 109471 11452 89262 54895 11981 10926 4634 98019 53248
internal_count=343199 282006 78639 203367 114105 109471 11452 89262 54895 11981 10926 4634 98019 53248
is_linear=0
shrinkage=0.04


Tree=97
num_leaves=15
num_cat=0
split_feature=3 2 15 2 15 10 3 10 3 0 11 12 3 10
split_gain=50108 441.862 1429.56 831.578 580.243 454.867 989.288 563.998 578.453 661.474 470.29 1175.51 833.75 974.365
threshold=1.0000000180025095e-35 147.09811400000004 1.9769870124999758 1.0000000180025095e-35 6.3215550291249807 -20.175517495491313 23.762452500000002 -25.150682565462514 19.362631500000003 14.698533890800734 7.8035022786895416 71.943000667507377 14.739712000000003 -13.429776983016501
decision_type=2 2 2 2 2 2 2 2 2 2 2 2 2 2
left_child=-1 2 -2 -4 -3 6 7 -5 -9 -10 -7 -12 13 -13
right_child=1 4 3 5 -6 10 -8 8 9 -11 11 12 -14 -15
leaf_value=-0.0023419917921019009 -0.014615623975504449 0.0053042982268052801 1.3696348363734916 0.064725902461818002 -0.014063501051827534 8.9064212278113788e-05 2.465972383965731e-05 0.06658526302573424 -0.010394658411698874 0.049391215049451126 -0.0055218689831585399 0.036306816378403384 -0.0024396328863024348 0.00028087238030775067
leaf_weight=60858 3642 69421 871 2664 16585 52062 53303 1435 3480 1076 6446 3421 51524 15998
leaf_count=60858 3642 69421 871 2664 16585 52062 53303 1435 3480 1076 6446 3421 51524 15998
internal_value=-0.0070836 2.18496e-05 -0.00102735 -0.000557104 0.00241192 -0.000734553 0.00208399 0.0146274 0.00781839 0.000842845 -0.00208357 -0.00406104 -0.00257503 0.00448839
internal_weight=342786 281928 195922 192280 86006 191409 61958 8655 5991 4556 129451 77389 70943 19419
internal_count=342786 281928 195922 192280 86006 191409 61958 8655 5991 4556 129451 77389 70943 19419
is_linear=0
shrinkage=0.04


Tree=98
num_leaves=15
num_cat=0
split_feature=3 2 14 8 11 8 14 11 2 3 11 10 3 3
split_gain=50184.5 413.669 470.132 595.839 525.63 428.773 480.951 461.063 711.442 552.829 520.192 515.416 411.137 402.449
threshold=1.0000000180025095e-35 243.19696800000003 0.21785094171797917 0.90096526432647839 21.298044665709174 0.99999502641379034 0.21163429115709895 0.57043789104461773 59.745748500000005 23.575320500000004 1.7477651424863079 -13.77712568007164 15.435385000000002 201.74619950000002
decision_type=2 2 2 2 2 2 2 2 2 2 2 2 2 2
left_child=-1 2 5 4 -4 13 7 8 -7 11 -11 12 -9 -2
right_child=1 -3 3 -5 -6 6 -8 9 -10 10 -12 -13 -14 -15
leaf_value=-0.0022483121204178325 0.00060882680518741243 0.032922333479896884 -0.0027102007363924586 0.003702026551260723 -0.010949180659567213 0.00080400035059308378 0.0018969150540494441 0.048603434515701559 -0.019952491250955832 0.0013797447065660685 -0.0042049750134229933 -0.00033686270646045459 0.0045868097885431204 -0.062248323567361603
leaf_weight=61081 203239 4444 10403 1857 2969 2052 2577 1145 3864 377 6313 36771 3350 2759
leaf_count=61081 203239 4444 10403 1857 2969 2052 2577 1145 3864 377 6313 36771 3350 2759
internal_value=-0.00712737 -1.02084e-05 -0.000203979 -0.00703657 -0.00998504 0.000192496 -0.00289607 -0.00370359 -0.0142394 -0.00240387 -0.0130703 -0.000674647 0.0121112 0.00103885
internal_weight=343201 282120 277676 15229 13372 262447 56449 53872 5916 47956 6690 41266 4495 205998
internal_count=343201 282120 277676 15229 13372 262447 56449 53872 5916 47956 6690 41266 4495 205998
is_linear=0
shrinkage=0.04


Tree=99
num_leaves=15
num_cat=0
split_feature=7 12 1 11 12 8 1 11 0 15 15 11 11 2
split_gain=50079 378.203 400.742 556.81 801.321 472.621 467.638 691.349 850.543 563.247 455.432 415.139 398.019 381.366
threshold=1.0000000180025095e-35 187.95600554158091 29.436158407730264 26.010413826575821 84.192272279294585 0.54242272849842277 14.268090374316317 7.8035022786895416 2.6648076314828471 6.3665065888750698 6.7514341424999467 43.964000178924159 2.888073746783514 66.326775000000012
decision_type=2 2 2 2 2 2 2 2 2 2 2 2 2 2
left_child=-1 2 3 6 -5 -6 7 -2 -9 -10 -7 -4 -8 -11
right_child=1 -3 11 4 5 10 12 8 9 13 -12 -13 -14 -15
leaf_value=-0.0021583796356011218 0.0002478980251892349 0.025262159961392357 0.0038232750963180739 -0.021208412372613276 -0.0040082178480004083 0.0058569639913339834 -0.017714288545131414 -0.0056458491023121749 0.00091566877981635213 0.001440228040894711 -0.0028997217494793402 -0.00093400569385817633 0.0038789705049620117 -0.0038440309185490663
leaf_weight=60952 122511 5213 17624 2354 36536 13494 520 7570 19828 2509 8451 12183 23579 9629
leaf_count=60952 122511 5213 17624 2354 36536 13494 520 7570 19828 2509 8451 12183 23579 9629
internal_value=-0.00712226 -1.60283e-05 -0.000217061 -0.000745806 -0.00406805 -0.00314701 0.000339948 -0.000433208 -0.00503238 -0.00217731 0.00149282 0.00416412 0.00553882 -0.00896359
internal_weight=342953 282001 276788 246981 60835 58481 186146 162047 39536 31966 21945 29807 24099 12138
internal_count=342953 282001 276788 246981 60835 58481 186146 162047 39536 31966 21945 29807 24099 12138
is_linear=0
shrinkage=0.04


Tree=100
num_leaves=15
num_cat=0
split_feature=3 2 15 2 14 14 0 14 11 12 1 3 12 8
split_gain=50151.2 379.47 811.84 855.676 469.98 667.307 452.307 406.633 393.703 773.852 557.709 680.835 380.839 365.624
threshold=1.0000000180025095e-35 125.57123200000002 1.9769870124999758 1.0000000180025095e-35 0.21021760849986634 0.210843859845816 8.4879001174220736 0.20414199907131844 26.551154838695094 84.192272279294585 14.784762817541898 15.231485000000001 62.651953288106846 0.73830715553133186
decision_type=2 2 2 2 2 2 2 2 2 2 2 2 2 2
left_child=-1 2 12 -4 8 -6 -3 -8 10 -10 -5 -12 -2 -11
right_child=1 6 3 4 5 -7 7 -9 9 13 11 -13 -14 -15
leaf_value=-0.0020720444501770709 0.010884120306939344 0.0011433910833513927 1.3179642525700472 -0.00038650897916614468 0.0068784023245858552 0.000271426147132674 0.013608596965333675 -0.00036476404847467399 -0.021064701751263081 -0.0036106203642156487 0.045180094903636253 0.0022734439684844753 -0.014054254813520508 0.0011328428081076663
leaf_weight=61003 558 114560 881 66550 2873 28448 7799 4524 2148 25174 1181 13188 2158 11904
leaf_count=61003 558 114560 881 66550 2873 28448 7799 4524 2148 25174 1181 13188 2158 11904
internal_value=-0.00711534 -2.83742e-07 -0.00132772 -0.000941272 -0.0011699 0.00319402 0.00162197 0.00890368 -0.00230755 -0.00559629 -0.000713306 0.00643329 -0.0230044 -0.00424403
internal_weight=342949 281946 155063 152347 151466 31321 126883 12323 120145 39226 80919 14369 2716 37078
internal_count=342949 281946 155063 152347 151466 31321 126883 12323 120145 39226 80919 14369 2716 37078
is_linear=0
shrinkage=0.04


Tree=101
num_leaves=15
num_cat=0
split_feature=3 2 14 8 11 9 8 11 2 3 0 15 3 11
split_gain=50162.2 373.918 401.733 531.882 491.085 372.147 369.583 470.783 616.827 559.691 833.195 451.567 367.326 386.802
threshold=1.0000000180025095e-35 243.19696800000003 0.21785094171797917 0.90096526432647839 21.298044665709174 0.00022682490821868131 0.99999502641379034 0.57043789104461773 59.745748500000005 15.040453500000002 12.769720019856369 7.5518605999999986 201.74619950000002 28.20322719266591
decision_type=2 2 2 2 2 2 2 2 2 2 2 2 2 2
left_child=-1 2 6 4 -4 -5 12 8 -8 10 -9 -11 13 -2
right_child=1 -3 3 5 -6 -7 7 9 -10 11 -12 -13 -14 -15
leaf_value=-0.0019891626721699929 0.001056768938004291 0.031692109803691811 -0.00235486363655402 -0.015205445263137909 -0.0098915002037858711 0.0051287915400101535 0.00075881428581485726 0.00010639066724653645 -0.017927616886607461 -0.00049044205678719919 0.041760414053667871 -0.0034172920620473414 -0.058630264784700736 -0.00082550596189002123
leaf_weight=61084 131621 4447 10455 303 2934 1528 2021 24636 4022 17666 1695 6315 2761 71778
leaf_count=61084 131621 4447 10455 303 2934 1528 2021 24636 4022 17666 1695 6315 2761 71778
internal_value=-0.00713499 -2.06959e-05 -0.000204944 -0.006523 -0.00928822 0.0136974 0.000161362 -0.00270925 -0.0132583 -0.0014422 0.00258403 -0.00586297 0.000946061 0.00114278
internal_weight=343266 282182 277735 15220 13389 1831 262515 56355 6043 50312 26331 23981 206160 203399
internal_count=343266 282182 277735 15220 13389 1831 262515 56355 6043 50312 26331 23981 206160 203399
is_linear=0
shrinkage=0.04


Tree=102
num_leaves=15
num_cat=0
split_feature=3 10 2 15 2 0 10 0 13 3 1 13 3 15
split_gain=50151.9 356.039 411.849 783.795 870.193 480.23 421.224 427.813 449.922 438.464 456.983 362.533 349.027 336.113
threshold=1.0000000180025095e-35 -50.165310664807009 124.67428600000001 1.9769870124999758 1.0000000180025095e-35 11.581047050053684 20.428399500000005 20.516159828312226 642.89807683317133 4.7316145000000001 4.472353123303578 266.16836799851399 24.493050000000004 6.3215550291249807
decision_type=2 2 2 2 2 2 2 2 2 2 2 2 2 2
left_child=-1 -2 3 -3 -5 13 7 8 9 10 -6 -7 -9 -4
right_child=1 2 5 4 6 11 -8 12 -10 -11 -12 -13 -14 -15
leaf_value=-0.001909596165283194 0.0076458203548906509 -0.012880272929271932 0.0028117662882060058 1.2622195857505616 0.00033605731441124222 0.019424116366394292 0.16076868370814168 0.065736825303447877 0.00095551008062270905 -0.00077300514336967161 0.029830330025104677 0.0071886086316816193 0.0024074341275904447 -0.0040512910208772594
leaf_weight=61083 2280 2691 87340 892 5205 1011 765 865 6995 124641 1084 6532 7637 34155
leaf_count=61083 2280 2691 87340 892 5205 1011 765 865 6995 124641 1084 6532 7637 34155
internal_value=-0.00713896 -2.33965e-05 -0.000151673 -0.00157135 -0.00118257 0.00150715 -0.00142127 -0.00157594 -0.00211274 -0.0026408 0.00766418 0.0113005 0.00713244 0.000899132
internal_weight=343176 282093 279813 150775 148084 129038 147192 146427 137925 130930 6289 7543 8502 121495
internal_count=343176 282093 279813 150775 148084 129038 147192 146427 137925 130930 6289 7543 8502 121495
is_linear=0
shrinkage=0.04


Tree=103
num_leaves=15
num_cat=0
split_feature=3 10 10 15 0 3 1 1 1 8 13 14 3 10
split_gain=50060.5 353.032 1235.29 868.868 595.002 651.346 770.51 548.099 746.984 735.286 622.345 588.069 529.25 562.361
threshold=1.0000000180025095e-35 15.151885000000002 17.250566500000001 0.88182971749998285 5.572723452934726 14.058212000000003 13.033279020831953 17.993751926381211 7.9541950693314272 0.99998077206466573 437.77101577425384 0.20924247074170185 4.9717675000000012 -4.6455314349201275
decision_type=2 2 2 2 2 2 2 2 2 2 2 2 2 2
left_child=-1 4 3 -3 12 6 -6 8 9 -7 -9 -12 13 -2
right_child=1 2 -4 -5 5 7 -8 10 -10 -11 11 -13 -14 -15
leaf_value=-0.001833212318671862 0.027117330234064378 -0.010748723887335299 0.001013920151051968 0.035836674659317377 0.0029334422661413885 0.0023311132618223508 0.047612416697491729 0.0073289084178616631 -0.0020381663905376479 -0.00165954579842724 -0.0027164897288956312 0.001848025353883957 -0.0010990883978118759 0.00027090266989391763
leaf_weight=61025 1317 676 66522 7007 5488 2814 2382 17608 35486 2564 15745 18324 97598 8695
leaf_count=61025 1317 676 66522 7007 5488 2814 2382 17608 35486 2564 15745 18324 97598 8695
internal_value=-0.00714917 -4.59206e-05 0.00232275 0.0175088 -0.000890872 0.00132376 0.012371 0.000384262 -0.00307753 0.0108144 0.0031217 -3.40485e-05 -0.00295735 0.00580104
internal_weight=343251 282226 74205 7683 208021 100411 7870 92541 40864 5378 51677 34069 107610 10012
internal_count=343251 282226 74205 7683 208021 100411 7870 92541 40864 5378 51677 34069 107610 10012
is_linear=0
shrinkage=0.04


Tree=104
num_leaves=15
num_cat=0
split_feature=7 1 11 12 8 14 10 1 15 10 13 2 15 14
split_gain=50232.8 342.179 579.281 783.206 420.753 405.588 400.017 648.727 610.483 497.83 817.985 432.809 605.535 513.794
threshold=1.0000000180025095e-35 29.69422373301984 26.010413826575821 84.192272279294585 0.55721785434850379 0.20229448653655233 15.151885000000002 14.997953650638433 9.0992552776249926 17.250566500000001 268.32281790025485 59.745748500000005 2.0657422474999838 0.19957040715700683
decision_type=2 2 2 2 2 2 2 2 2 2 2 2 2 2
left_child=-1 2 5 -4 -5 6 7 8 11 10 -8 12 -2 -13
right_child=1 -3 3 4 -6 -7 9 -9 -10 -11 -12 13 -14 -15
leaf_value=-0.0017598838259249839 -0.04579482936931939 0.0021340053338314434 -0.019397695829260844 -0.003743846445436795 0.0011373990633993002 -0.00037670558762215478 -0.01070845102589706 0.0056046277435383594 0.0013145972968336705 0.0056739980649539133 0.030776921181721519 -0.0016184261268736755 0.00031149348219865479 -0.0090273073159639842
leaf_weight=60950 518 29232 2353 37617 21701 76134 690 16808 2488 35193 5653 32820 16508 4494
leaf_count=60950 518 29232 2353 37617 21701 76134 690 16808 2488 35193 5653 32820 16508 4494
internal_value=-0.00706903 4.32304e-05 -0.000430237 -0.00380146 -0.00290367 0.00065654 0.002154 0.000383508 -0.00165834 0.00529276 0.0156078 -0.00254545 0.00273934 -0.00495685
internal_weight=343159 282209 252977 61671 59318 191306 115172 73636 56828 41536 6343 54340 17026 37314
internal_count=343159 282209 252977 61671 59318 191306 115172 73636 56828 41536 6343 54340 17026 37314
is_linear=0
shrinkage=0.04


Tree=105
num_leaves=15
num_cat=0
split_feature=3 12 14 8 11 1 3 11 12 3 1 9 0 3
split_gain=50215.8 343.596 342.579 477.844 517.584 335.348 1476.59 549.596 682.653 564.003 677.141 624.662 417.679 620.749
threshold=1.0000000180025095e-35 190.91157133817759 0.21785094171797917 0.90096526432647839 21.298044665709174 27.600926392723071 25.838914000000006 28.20322719266591 84.192272279294585 23.762452500000002 22.849829795685704 0.40912567382546428 13.243899707948648 15.040453500000002
decision_type=2 2 2 2 2 2 2 2 2 2 2 2 2 2
left_child=-1 2 5 4 -4 7 -7 12 -9 10 11 -10 -2 -14
right_child=1 -3 3 -5 -6 6 -8 8 9 -11 -12 -13 13 -15
leaf_value=-0.0016894884728879767 3.5924706315650922e-05 0.03010982178083136 -0.0021393115849149959 0.0031535806190368131 -0.0091624185683917853 0.064977973847212586 0.00065880353610239144 -0.021250462097194289 0.0080159455354191327 -0.0046029334034891197 0.029965455485199268 -0.0077172416417690595 0.046589085999266963 0.0022864463074905484
leaf_weight=61105 169601 3969 10886 1832 2935 3029 32638 1824 8676 19267 3755 13320 1512 8981
leaf_count=61105 169601 3969 10886 1832 2935 3029 32638 1824 8676 19267 3755 13320 1512 8981
internal_value=-0.00712364 -5.5275e-06 -0.000172216 -0.00592091 -0.00846538 0.000170447 0.00377604 -0.000396235 -0.00425601 -0.00328402 0.000588715 -0.00209129 0.000607683 0.00835223
internal_weight=343330 282225 278256 15653 13821 262603 35667 226936 46842 45018 25751 21996 180094 10493
internal_count=343330 282225 278256 15653 13821 262603 35667 226936 46842 45018 25751 21996 180094 10493
is_linear=0
shrinkage=0.04


Tree=106
num_leaves=15
num_cat=0
split_feature=3 2 10 10 10 15 0 3 10 3 10 3 12 1
split_gain=50024.4 317.792 314.564 335.675 932.529 795.011 553.765 566.592 846.459 533.752 518.837 880.267 495.455 448.886
threshold=1.0000000180025095e-35 266.41374200000001 262.64325050000008 15.151885000000002 17.250566500000001 0.88182971749998285 4.7041222305764743 14.058212000000003 -13.60288251495923 18.562370000000005 -20.175517495491313 23.762452500000002 58.722708913680961 7.9541950693314272
decision_type=2 2 2 2 2 2 2 2 2 2 2 2 2 2
left_child=-1 2 3 6 5 -5 12 8 -8 -6 11 -9 -2 -12
right_child=1 -3 -4 4 9 -7 7 10 -10 -11 13 -13 -14 -15
leaf_value=-0.0016219089339724491 0.00047664081249434889 0.046380129874228494 -0.10011614588547646 -0.01028154997311379 -0.05566431164165387 0.031993243040756077 0.053689062306023792 0.038611336159494226 0.0036558159834009186 0.0023613360372056924 0.00066714494519002797 0.00062538530445277127 -0.0012379431711738453 -0.0016796637549330719
leaf_weight=60791 5058 1084 1055 679 1611 6768 1982 4938 8856 63694 8614 43341 87744 46438
leaf_count=60791 5058 1084 1055 679 1611 6768 1982 4938 8856 63694 8614 43341 87744 46438
internal_value=-0.00709044 7.3795e-06 -7.60743e-05 6.14894e-06 0.0023433 0.015754 -0.00081538 0.00105002 0.00975088 0.000814026 0.000137422 0.00316411 -0.00311028 -0.00251689
internal_weight=342653 281862 280778 279723 72752 7447 206971 114169 10838 65305 103331 48279 92802 55052
internal_count=342653 281862 280778 279723 72752 7447 206971 114169 10838 65305 103331 48279 92802 55052
is_linear=0
shrinkage=0.04


Tree=107
num_leaves=15
num_cat=0
split_feature=3 12 1 3 11 12 3 10 9 3 10 0 0 10
split_gain=50179.5 317.124 311.545 975.211 523.343 692.825 576.002 720.736 602.457 521.747 486.089 432.822 371.521 364.706
threshold=1.0000000180025095e-35 194.84617932744979 29.69422373301984 26.573038000000004 28.20322719266591 84.192272279294585 24.667597500000003 -22.101432053955183 0.40912567382546428 20.1861785 -26.197247864061953 14.927409320735981 2.1209198654997765 -13.961124257453173
decision_type=2 2 2 2 2 2 2 2 2 2 2 2 2 2
left_child=-1 2 4 -4 13 -6 7 9 -9 -7 -11 -12 -8 -2
right_child=1 -3 3 -5 5 6 12 8 -10 10 11 -13 -14 -15
leaf_value=-0.0015570325766135441 0.0024866268583336338 0.03965170755804362 0.070427914896670316 0.00099500923043651648 -0.019984817785996728 0.080208850240021154 -0.082717912592094475 0.0063412748275877319 -0.0078975259056352533 0.048273688715570709 -0.0080285791620184586 0.086564129721453928 -0.0033339963094817671 -9.5953591326720656e-05
leaf_weight=61020 29610 2747 1810 27281 1868 1177 724 8827 13039 1694 2979 391 24588 165484
leaf_count=61020 29610 2747 1810 27281 1868 1177 724 8827 13039 1694 2979 391 24588 165484
internal_value=-0.00710863 2.97641e-06 -0.000129959 0.00378811 -0.000585188 -0.00402047 -0.00318314 0.00075853 -0.0026635 0.012748 0.0071722 -0.00161424 -0.00756005 0.000388326
internal_weight=343239 282219 279472 29091 250381 55287 53419 28107 21866 6241 5064 3370 25312 195094
internal_count=343239 282219 279472 29091 250381 55287 53419 28107 21866 6241 5064 3370 25312 195094
is_linear=0
shrinkage=0.04


Tree=108
num_leaves=15
num_cat=0
split_feature=3 0 11 12 14 14 3 10 13 1 3 1 3 0
split_gain=50172.6 323.17 415.771 1321.67 808.017 487.254 491.707 1211.06 534.712 810.179 549.438 617.641 1100.88 750.334
threshold=1.0000000180025095e-35 20.516159828312226 7.8035022786895416 71.943000667507377 0.21850692549482056 0.21021760849986634 14.445695000000002 -13.77712568007164 437.10312914365767 17.223118148353201 19.038223000000006 27.824658301140467 25.019422500000001 6.1303084763651627
decision_type=2 2 2 2 2 2 2 2 2 2 2 2 2 2
left_child=-1 2 -2 -4 5 6 7 -5 9 -8 -11 13 -13 -12
right_child=1 -3 3 4 -6 -7 8 -9 -10 10 11 12 -14 -15
leaf_value=-0.0014947512735490065 0.00032695908323363557 0.0043307899226861218 -0.0048240084735627423 0.046953364068026887 -0.0068774763779446179 0.0023643548872043234 -0.0034433055886889099 -8.9795134465868727e-05 -0.0025665788056246619 0.040466898013972012 -0.0073781941886257108 0.07818753462503425 0.0024530766764747792 0.0045375113792371739
leaf_weight=61006 126409 9118 6567 3317 4215 20392 26050 15386 30629 4130 14968 2093 7602 11175
leaf_count=61006 126409 9118 6567 3317 4215 20392 26050 15386 30629 4130 14968 2093 7602 11175
internal_value=-0.00710821 6.09819e-06 -0.000241378 -0.00169146 -0.000868552 -0.000332985 -0.00134062 0.00459605 -0.00248947 -0.000462904 0.00311449 0.00152241 0.0101454 -0.0016754
internal_weight=343057 282051 272933 146524 139957 135742 115350 18703 96647 66018 39968 35838 9695 26143
internal_count=343057 282051 272933 146524 139957 135742 115350 18703 96647 66018 39968 35838 9695 26143
is_linear=0
shrinkage=0.04


Tree=109
num_leaves=15
num_cat=0
split_feature=3 10 10 10 15 0 11 3 11 2 10 15 11 11
split_gain=50234.9 309.622 316.528 933.123 797.434 485.687 749.316 731.851 712.531 948.452 663.495 606.019 591.807 526.811
threshold=1.0000000180025095e-35 262.64325050000008 15.151885000000002 17.250566500000001 0.88182971749998285 4.7041222305764743 1.3375758930010229 14.241769500000002 6.3359708891638453 52.436906500000006 -13.77712568007164 5.9796299179999872 1.3375758930010229 3.7819187480950709
decision_type=2 2 2 2 2 2 2 2 2 2 2 2 2 2
left_child=-1 2 5 4 -4 8 11 10 12 -10 -8 -7 -2 -9
right_child=1 -3 3 -5 -6 6 7 13 9 -11 -12 -13 -14 -15
leaf_value=-0.0014349612226070541 -0.0010789171402807618 -0.095359931178780305 -0.0098453103593928587 0.0013986579424881641 0.03186684264797094 -0.04365180048427842 0.047985282270060312 0.00090093039049728759 -0.0057442094560865003 -0.0029925856296538467 0.0058087437772978267 -0.0014863971248073237 0.00040724414516743582 8.5325041378785937e-05
leaf_weight=61044 20291 1059 692 65611 7011 1460 2057 1891 3912 50549 8682 3216 18688 96953
leaf_count=61044 20291 1059 692 65611 7011 1460 2057 1891 3912 50549 8682 3216 18688 96953
internal_value=-0.00709964 2.04203e-05 0.000101775 0.00236135 0.0155316 -0.000695815 0.0010534 0.00172253 -0.00283476 -0.00578983 0.0116398 -0.0146279 0.00129403 0.000645057
internal_weight=343116 282072 281013 73314 7703 207699 114259 109583 93440 54461 10739 4676 38979 98844
internal_count=343116 282072 281013 73314 7703 207699 114259 109583 93440 54461 10739 4676 38979 98844
is_linear=0
shrinkage=0.04


Tree=110
num_leaves=15
num_cat=0
split_feature=3 10 12 3 10 10 10 15 0 11 3 11 12 10
split_gain=50158.8 308.739 294.964 292.827 384.197 306.048 755.234 711.062 651.416 587.24 652.476 548.017 539.831 523.882
threshold=1.0000000180025095e-35 262.64325050000008 194.84617932744979 4.7316145000000001 -4.2853963670353901 15.151885000000002 17.250566500000001 0.88182971749998285 5.3809338967428024 1.3375758930010229 13.960087000000003 3.7819187480950709 77.07155120412493 -13.429776983016501
decision_type=2 2 2 2 2 2 2 2 2 2 2 2 2 2
left_child=-1 2 3 4 -2 8 7 -7 -5 12 13 -12 -10 -11
right_child=1 -3 -4 5 -6 6 -8 -9 9 10 11 -13 -14 -15
leaf_value=-0.0013775627737027741 0.022387485465547492 -0.095990075862781424 0.036882344208643211 -0.00090792864307344347 0.00034918453652018402 -0.0093436087696021092 0.0010918987132304415 0.029047568522061886 0.00032660598219189655 0.047836202286825405 0.0011131901226700824 0.00018664845996483993 -0.040586101427517285 0.005721454873901308
leaf_weight=60970 1410 1072 2760 96789 5269 692 65209 6513 1897 1861 1566 90015 1930 5279
leaf_count=60970 1410 1072 2760 96789 5269 692 65209 6513 1897 1861 1566 90015 1930 5279
internal_value=-0.0070991 7.65246e-06 8.93346e-05 -3.96509e-05 0.00823477 -0.000243017 0.00198415 0.0142734 -0.00105209 0.0011694 0.00176538 0.000857383 -0.0142043 0.0134118
internal_weight=343232 282262 281190 278430 6679 271751 72414 7205 199337 102548 98721 91581 3827 7140
internal_count=343232 282262 281190 278430 6679 271751 72414 7205 199337 102548 98721 91581 3827 7140
is_linear=0
shrinkage=0.04


Tree=111
num_leaves=15
num_cat=0
split_feature=3 12 2 11 3 13 15 10 10 15 11 11 10 3
split_gain=50514.6 301.399 320.005 1157.16 317.612 323.435 506.492 407.683 702.317 686.863 575.229 941.152 525.839 1265.6
threshold=1.0000000180025095e-35 58.361590078946442 53.120985000000005 6.3359708891638453 4.6544990000000013 254.05081887727795 4.033176384499968 15.151885000000002 17.250566500000001 0.88182971749998285 1.3375758930010229 3.3246443387907281 -13.961124257453173 14.739712000000003
decision_type=2 2 2 2 2 2 2 2 2 2 2 2 2 2
left_child=-1 -2 3 -3 -4 6 -6 10 9 -9 -7 -12 13 -13
right_child=1 2 4 -5 5 7 -8 8 -10 -11 11 12 -14 -15
leaf_value=-0.0013224602627546567 0.00055974064001880215 8.8449483249384282e-05 0.0082353716416668152 -0.0053516388910034782 -0.0070248874873905624 -0.0050647914726185666 0.0006359442091112389 -0.0091119714287057185 0.0036090744463666601 0.028965195747115306 0.0013322931315052867 0.035502539799440937 -0.00086842975862980068 0.00021401349657775237
leaf_weight=61197 3974 9569 3257 4270 5348 19140 6527 685 59584 6982 5700 3991 53590 99188
leaf_count=61197 3974 9569 3257 4270 5348 19140 6527 685 59584 6982 5700 3991 53590 99188
internal_value=-0.00705955 9.38237e-05 -6.2628e-05 -0.00599176 0.000248189 9.31214e-05 -0.00635621 0.000400868 0.00306137 0.0144568 -0.000584332 0.000188344 -0.000392169 0.00127739
internal_weight=343002 281805 277831 13839 263992 260735 11875 248860 67251 7667 181609 162469 156769 103179
internal_count=343002 281805 277831 13839 263992 260735 11875 248860 67251 7667 181609 162469 156769 103179
is_linear=0
shrinkage=0.04


Tree=112
num_leaves=15
num_cat=0
split_feature=3 11 12 14 11 10 3 10 13 11 13 8 14 10
split_gain=50317.2 291.343 1298.38 531.129 530.474 473.633 537.159 564.57 515.793 502.924 469.697 401.005 394.971 393.342
threshold=1.0000000180025095e-35 7.8035022786895416 71.943000667507377 0.23320872121670802 16.59715525702709 63.415359500000008 15.333692500000002 -9.7225306069897481 254.05081887727795 1.0000000180025095e-35 546.33133908632681 0.66282011560270504 0.20681441716486695 -2.5628662827030024
decision_type=2 2 2 2 2 2 2 2 2 2 2 2 2 2
left_child=-1 5 -3 -4 -5 6 9 11 -9 13 12 -8 -10 -2
right_child=1 2 3 4 -6 -7 7 8 10 -11 -12 -13 -14 -15
leaf_value=-0.0012695618522444718 -0.019834606411330304 -0.0043567628432430493 -5.7162823511376359e-05 0.0049212482160075769 -0.010412986444211115 -0.0037400148410122072 0.0006084805252194903 -0.007815293607634298 0.0029376836688071607 0.0002458735491339348 0.00099294332950683028 -0.0075148810179743331 -4.5086505060032426e-05 -0.0058522026259368864
leaf_weight=61045 1810 6602 147488 253 979 23993 774 1623 45038 17852 4053 1808 17433 12437
leaf_count=61045 1810 6602 147488 253 979 23993 774 1623 45038 17852 4053 1808 17433 12437
internal_value=-0.00707228 5.20304e-05 -0.00110944 -0.000338892 -0.0264935 0.00147452 0.00265531 0.00460292 0.00529855 -0.00163619 0.0058421 -0.0137568 0.00498599 -0.00724082
internal_weight=343188 282143 155322 148720 1232 126821 102828 70729 68147 32099 66524 2582 62471 14247
internal_count=343188 282143 155322 148720 1232 126821 102828 70729 68147 32099 66524 2582 62471 14247
is_linear=0
shrinkage=0.04


Tree=113
num_leaves=15
num_cat=0
split_feature=3 10 11 12 14 11 0 0 3 10 10 15 3 12
split_gain=50350.9 295.211 324.955 1214.11 528.866 538.02 429.468 397.796 707.237 581.065 530.265 604.424 534.016 457.793
threshold=1.0000000180025095e-35 262.64325050000008 7.8035022786895416 71.943000667507377 0.23320872121670802 16.59715525702709 7.973325346798763 4.7041222305764743 14.241769500000002 -13.429776983016501 -18.952382572968439 6.1419733583750125 23.762452500000002 102.79196225162012
decision_type=2 2 2 2 2 2 2 2 2 2 2 2 2 2
left_child=-1 2 6 -4 7 -6 -2 -5 9 -9 12 -12 -10 -13
right_child=1 -3 3 4 5 -7 -8 8 10 -11 11 13 -14 -15
leaf_value=-0.001218779378154693 0.00043862785814436479 -0.091997663648763661 -0.0041613470745346069 -0.0025687407257507602 0.0049224192224258797 -0.0099667612226470581 -0.0061088513931062093 0.043453822274606042 0.021508649269706415 0.0054602493808299183 0.0001846132768270925 1.706316497335436e-05 0.00054919450953388354 -0.007510782368420372
leaf_weight=61095 122180 1083 6559 45011 246 978 3602 2298 7204 7469 25530 5057 45404 9700
leaf_count=61095 122180 1083 6559 45011 246 978 3602 2298 7204 7469 25530 5057 45404 9700
internal_value=-0.00707527 4.97306e-05 0.000129997 -0.00109304 -0.000351115 -0.0265359 0.00164157 -0.00013408 0.00124058 0.0114795 0.000164056 -0.0032894 0.0028087 -0.00973369
internal_weight=343416 282321 281238 155456 148897 1224 125782 147673 102662 9767 92895 40287 52608 14757
internal_count=343416 282321 281238 155456 148897 1224 125782 147673 102662 9767 92895 40287 52608 14757
is_linear=0
shrinkage=0.04


Tree=114
num_leaves=15
num_cat=0
split_feature=3 12 1 0 11 12 3 1 10 3 0 13 11 3
split_gain=50254.3 283.886 283.37 280.705 384.336 775.125 361.255 1326.93 476.92 585.908 389.545 407.738 372.03 354.929
threshold=1.0000000180025095e-35 194.84617932744979 50.059266445391842 20.516159828312226 26.287264116110826 84.192272279294585 24.667597500000003 26.318578430842177 -31.872888376185244 32.994084500000007 2.1209198654997765 642.89807683317133 44.560281396935373 90.028530500000002
decision_type=2 2 2 2 2 2 2 2 2 2 2 2 2 2
left_child=-1 2 3 4 13 -6 7 -7 9 -8 -10 -12 -11 -2
right_child=1 -3 -4 -5 5 6 8 -9 10 12 11 -13 -14 -15
leaf_value=-0.0011700282030285081 0.00027901878585523399 0.035503526042404858 0.0068683666245463251 0.0041293652697994548 -0.016766873215747741 -0.0013818036230660181 0.049858772719733643 0.060337483110614834 -0.043266358352071974 0.001851294170966403 -0.0035472726207905403 0.0031191941785997036 -0.0045134624450727731 -0.0041047880327964616
leaf_weight=61119 168111 2764 2299 9146 2304 28809 1542 2604 1064 7280 25386 1107 7605 22064
leaf_count=61119 168111 2764 2299 9146 2304 28809 1542 2604 1064 7280 25386 1107 7605 22064
internal_value=-0.00711693 7.79907e-06 -0.00011843 -0.000234494 -0.00046977 -0.00284012 -0.00214173 0.00113456 -0.00448163 0.000913131 -0.0076975 -0.00674442 -0.00151831 0.000498699
internal_weight=343204 282085 279321 277022 267876 77701 75397 31413 43984 16427 27557 26493 14885 190175
internal_count=343204 282085 279321 277022 267876 77701 75397 31413 43984 16427 27557 26493 14885 190175
is_linear=0
shrinkage=0.04


Tree=115
num_leaves=15
num_cat=0
split_feature=3 10 11 1 3 10 1 3 3 0 1 3 0 3
split_gain=50307.4 276.014 271.185 1116.8 636.532 697.528 659.015 1573.74 521.491 472.238 455.913 771.578 508.464 447.485
threshold=1.0000000180025095e-35 262.64325050000008 7.8035022786895416 4.5639124453350854 14.241769500000002 -13.77712568007164 21.72768530454961 23.762452500000002 5.1290055000000008 8.8760850986815303 25.412246633831192 20.1861785 14.927409320735981 87.080787000000015
decision_type=2 2 2 2 2 2 2 2 2 2 2 2 2 2
left_child=-1 2 -2 -4 5 -5 -6 10 -7 -10 11 -8 -13 -9
right_child=1 -3 3 4 6 8 7 13 9 -11 -12 12 -14 -15
leaf_value=-0.0011232270749073692 0.00032460868872657755 -0.084617404305022972 -0.0044900197290957998 0.040608217579071314 -0.0017173165496121535 0.02852241760323326 0.07797757869350963 -0.00082901331058842756 -0.0042008364874729365 0.013164592805836444 0.065760239417299346 -0.0082118598917267447 0.08231281122327562 0.0043412816505238828
leaf_weight=61091 125433 1045 14652 3169 66838 1453 1567 46890 6683 2816 3272 2896 470 4563
leaf_count=61091 125433 1045 14652 3169 66838 1453 1567 46890 6683 2816 3272 2896 470 4563
internal_value=-0.0070942 4.07458e-05 0.000117135 -0.00100033 9.47254e-05 0.00814956 -0.000804452 0.0022515 0.00336742 -4.63207e-05 0.0185204 0.0108413 4.75342e-05 -0.000342837
internal_weight=342838 281747 280702 155269 140617 14121 126496 59658 10952 9499 8205 4933 3366 51453
internal_count=342838 281747 280702 155269 140617 14121 126496 59658 10952 9499 8205 4933 3366 51453
is_linear=0
shrinkage=0.04


Tree=116
num_leaves=15
num_cat=0
split_feature=7 10 12 10 0 10 13 11 14 14 14 15 1 9
split_gain=50219.6 263.372 289.912 257.952 527.179 450.337 460.831 413.298 325.001 416.38 398.234 594.702 500.206 532.534
threshold=1.0000000180025095e-35 262.64325050000008 134.08173911903049 14.0765665 0.24846594467600108 63.415359500000008 254.05081887727795 21.685003186191093 0.21021760849986634 0.210843859845816 0.20414199907131844 6.347161581125051 14.395529416070579 0.46599131771147473
decision_type=2 2 2 2 2 2 2 2 2 2 2 2 2 2
left_child=-1 3 -3 4 7 6 -5 -2 10 -10 12 -12 13 -6
right_child=1 2 -4 5 8 -7 -8 -9 9 -11 11 -13 -14 -15
leaf_value=-0.001078297991911068 -0.0058791117130035713 -0.10656693283374979 0.080900227856018289 -0.007574307913429959 -0.00022980487817454432 -0.0026069795960854104 0.01100091883814608 -0.0088660084994756257 0.0058486715760220735 0.00033933067740070654 0.00050998801762707662 -0.0026133023167106638 0.0017728535628918273 -0.0086542689395070135
leaf_weight=60885 8612 847 226 1606 55929 22876 52985 1092 3048 33315 10562 19462 64743 6618
leaf_count=60885 8612 847 226 1606 55929 22876 52985 1092 3048 33315 10562 19462 64743 6618
internal_value=-0.00705565 5.91655e-05 -0.0197204 0.000134735 -0.00061343 0.00209896 0.0040732 -0.00971146 -0.000157582 0.00325056 -0.00094537 -0.00508926 3.20528e-05 -0.00251907
internal_weight=342806 281921 1073 280848 203381 77467 54591 9704 193677 36363 157314 30024 127290 62547
internal_count=342806 281921 1073 280848 203381 77467 54591 9704 193677 36363 157314 30024 127290 62547
is_linear=0
shrinkage=0.04


Tree=117
num_leaves=15
num_cat=0
split_feature=3 10 11 12 0 3 14 0 1 3 13 13 11 0
split_gain=50352 252.509 249.901 1101.17 578.896 615.442 504.785 490.227 453.547 751.824 550.975 434.473 419.117 389.804
threshold=1.0000000180025095e-35 262.64325050000008 7.8035022786895416 65.666166740584046 4.7041222305764743 14.058212000000003 0.21634704817020331 12.328193459051866 20.130136116769044 23.762452500000002 318.16250298300525 536.41543727593194 16.59715525702709 9.7208554334256032
decision_type=2 2 2 2 2 2 2 2 2 2 2 2 2 2
left_child=-1 2 13 11 6 7 -5 -6 10 -10 -7 -4 -8 -2
right_child=1 -3 3 4 5 8 12 -9 9 -11 -12 -13 -14 -15
leaf_value=-0.0010351660722346168 0.00038076488323429914 -0.07990961745887637 -0.0062217637484721332 -0.0023589586136385865 0.0062100306330807658 0.0041437300374636086 0.0040158170995491108 0.042643802951029375 0.033537971503743012 0.00062822000951663073 -0.0021099208512639312 0.014606785879617111 -0.0084736641695975119 -0.013495784005298739
leaf_weight=60941 123465 1049 3080 47105 7527 9393 340 1545 4985 43100 36600 171 1269 1785
leaf_count=60941 123465 1049 3080 47105 7527 9393 340 1545 4985 43100 36600 171 1269 1785
internal_value=-0.00703539 0.000103193 0.000176484 -0.000896625 -0.000403519 0.00129365 -0.00399721 0.0112434 0.000334191 0.00305043 -0.0025056 -0.0239311 -0.0260286 0.00150547
internal_weight=342355 281414 280365 155115 151864 103150 48714 9072 94078 48085 45993 3251 1609 125250
internal_count=342355 281414 280365 155115 151864 103150 48714 9072 94078 48085 45993 3251 1609 125250
is_linear=0
shrinkage=0.04


Tree=118
num_leaves=15
num_cat=0
split_feature=7 2 1 11 12 1 11 12 14 10 13 2 12 15
split_gain=50251.2 235.086 235.33 258.855 735.524 347.347 472.325 568.795 490.218 366.342 444.435 370.619 335.265 656.77
threshold=1.0000000180025095e-35 266.41374200000001 48.186467165172623 26.287264116110826 84.192272279294585 14.268090374316317 7.8035022786895416 63.791181629226081 0.21850692549482056 85.750415500000017 228.57383096747418 143.90162650000005 82.277004238395975 4.8610385727500338
decision_type=2 2 2 2 2 2 2 2 2 2 2 2 2 2
left_child=-1 2 3 5 -5 6 9 -8 12 -2 11 -11 -9 -14
right_child=1 -3 -4 4 -6 -7 7 8 -10 10 -12 -13 13 -15
leaf_value=-0.00099375942934523567 0.00041063396890509199 0.037982996777644044 0.0053689641080376486 -0.015834592315819612 -0.0008396238053419669 0.0027482170217990702 -0.0039417951646377423 0.0016104286974980119 -0.0050604666830284866 -0.024656682221091568 -0.0027911948439977552 0.0024754955455066163 0.0039690337884736747 -0.0033202042162734412
leaf_weight=60901 102853 1081 3062 2274 81970 28996 1934 7518 1538 1057 20400 359 9198 19582
leaf_count=60901 102853 1081 3062 2274 81970 28996 1934 7518 1538 1057 20400 359 9198 19582
internal_value=-0.00705141 6.86958e-05 -2.99208e-06 -0.000124604 -0.00197521 0.000681366 -3.04064e-05 -0.003826 -0.00274448 0.00118041 -0.00352769 -0.0251977 -0.00180726 -0.00377206
internal_weight=342723 281822 280741 277679 84244 193435 164439 39770 37836 124669 21816 1416 36298 28780
internal_count=342723 281822 280741 277679 84244 193435 164439 39770 37836 124669 21816 1416 36298 28780
is_linear=0
shrinkage=0.04


Tree=119
num_leaves=15
num_cat=0
split_feature=3 12 1 3 11 12 3 10 9 8 10 1 3 14
split_gain=50237.7 242.722 243.745 1042.15 446.381 570.068 414.534 870.086 534.762 504.39 301.933 283.636 566.389 281.252
threshold=1.0000000180025095e-35 194.84617932744979 29.436158407730264 26.123843500000003 26.010413826575821 84.192272279294585 23.762452500000002 -23.43874821507919 0.40912567382546428 0.080209931868181025 -27.4009031752685 14.997953650638433 14.739712000000003 0.20229448653655233
decision_type=2 2 2 2 2 2 2 2 2 2 2 2 2 2
left_child=-1 2 4 -4 10 -6 7 -7 -9 -8 -2 -10 -13 -12
right_child=1 -3 3 -5 5 6 9 8 11 -11 13 12 -14 -15
leaf_value=-0.00095400905217141846 0.017209704513792261 0.033025209961584888 0.066831281686030058 0.00065074898156273543 -0.014918774010531433 0.032659480250943791 -0.044379228546999876 0.0053866995133511255 -0.0098252689243788233 -0.0024130033604209226 0.00047435097171668163 0.0386293479933194 -0.0086229238823421327 -0.0003650513987758508
leaf_weight=60991 1176 2766 1831 28088 2371 3918 1024 10940 4886 27822 112103 1348 8667 74925
leaf_count=60991 1176 2766 1831 28088 2371 3918 1024 10940 4886 27822 112103 1348 8667 74925
internal_value=-0.00708402 3.84581e-05 -7.83951e-05 0.003333 -0.000488001 -0.00346235 -0.00268441 0.000627709 -0.00203552 -0.00610137 0.000475654 -0.00696598 -0.00311133 0.000348611
internal_weight=342856 281865 279099 29919 249180 60976 58605 29759 25841 28846 188204 14901 10015 187028
internal_count=342856 281865 279099 29919 249180 60976 58605 29759 25841 28846 188204 14901 10015 187028
is_linear=0
shrinkage=0.04


Tree=120
num_leaves=15
num_cat=0
split_feature=3 2 3 1 3 11 12 3 10 9 8 0 3 13
split_gain=50335.1 231.234 248.748 239.778 903.071 371.945 566.852 426.294 772.056 488.879 397.906 297.199 546.755 405.956
threshold=1.0000000180025095e-35 243.19696800000003 15.535034000000001 29.69422373301984 26.273441000000002 28.20322719266591 84.192272279294585 23.946061000000004 -23.43874821507919 0.40912567382546428 0.080209931868181025 13.381968301560351 15.333692500000002 299.92253381764317
decision_type=2 2 2 2 2 2 2 2 2 2 2 2 2 2
left_child=-1 3 -3 5 -5 11 -7 8 -8 -10 -9 -2 -13 -14
right_child=1 2 -4 4 -6 6 7 10 9 -11 -12 12 13 -15
leaf_value=-0.00091584869008455529 -1.1610520784195444e-05 -0.0013290385222077105 0.041308433263789121 0.062314711868311064 0.00076044783812313278 -0.016129840206458291 0.031279946510402709 -0.060262927600411333 0.0065748205788901063 -0.0070969169887642389 -0.0026529758425842377 0.03577452167734381 0.017378076788652937 0.0002515912425796518
leaf_weight=61024 182196 2187 2274 1698 27487 1827 4058 859 8768 14078 25563 1593 781 8640
leaf_count=61024 182196 2187 2274 1698 27487 1827 4058 859 8768 14078 25563 1593 781 8640
internal_value=-0.00706113 6.65227e-05 0.0091011 -7.86891e-05 0.00335104 -0.000481714 -0.00337896 -0.00262836 0.000915849 -0.00193995 -0.00623723 0.000345324 0.00672599 0.00306125
internal_weight=343033 282009 4461 277548 29185 248363 55153 53326 26904 22846 26422 193210 11014 9421
internal_count=343033 282009 4461 277548 29185 248363 55153 53326 26904 22846 26422 193210 11014 9421
is_linear=0
shrinkage=0.04


Tree=121
num_leaves=15
num_cat=0
split_feature=3 0 3 11 12 14 13 3 0 13 14 3 1 10
split_gain=50236.3 237.465 314.965 262.741 887.794 819.901 404.699 399.37 423.935 498.178 397.196 417.63 751.107 383.696
threshold=1.0000000180025095e-35 20.516159828312226 24.493050000000004 7.8035022786895416 65.666166740584046 0.21850692549482056 536.41543727593194 4.7316145000000001 4.7041222305764743 318.16250298300525 0.21021760849986634 14.833208000000003 14.395529416070579 85.750415500000017
decision_type=2 2 2 2 2 2 2 2 2 2 2 2 2 2
left_child=-1 3 -3 13 6 7 -5 -6 -9 -10 11 12 -11 -2
right_child=1 2 -4 4 5 -7 -8 8 9 10 -12 -13 -14 -15
leaf_value=-0.00087921474248117801 0.00040677672963802092 0.05811667927947782 0.0021363753407894217 -0.0057285170185712884 0.016502432138651164 -0.0048368141941254493 0.014041697587552821 -0.0027446423422515997 0.0052415841096385305 0.00049678433831777723 0.0019298347347682422 -0.0015537357930011009 0.042785654575867464 -0.0043800890486568938
leaf_weight=60998 104628 902 8200 3091 2350 4512 170 45241 14619 6131 16253 52513 1532 21880
leaf_count=60998 104628 902 8200 3091 2350 4512 170 45241 14619 6131 16253 52513 1532 21880
internal_value=-0.00708507 3.40399e-05 0.0063898 -0.000177928 -0.00133158 -0.000861468 -0.0219687 -0.000315351 -0.00059726 0.00097531 -0.000318727 -0.00181734 0.00690591 0.00115724
internal_weight=343020 282022 9102 272920 146412 143151 3261 138639 136289 91048 76429 60176 7663 126508
internal_count=343020 282022 9102 272920 146412 143151 3261 138639 136289 91048 76429 60176 7663 126508
is_linear=0
shrinkage=0.04


Tree=122
num_leaves=15
num_cat=0
split_feature=3 2 1 0 12 11 12 3 10 1 3 1 11 3
split_gain=50347.9 232.079 229.818 233.191 314.128 298.686 592.711 324.15 1110.94 433.061 498.44 316.889 299.234 295.99
threshold=1.0000000180025095e-35 266.41374200000001 50.059266445391842 20.516159828312226 112.55296614865287 28.20322719266591 84.192272279294585 25.3749365 -27.723888292507336 35.42493756915146 35.136070000000011 25.234290375028113 44.560281396935373 23.762452500000002
decision_type=2 2 2 2 2 2 2 2 2 2 2 2 2 2
left_child=-1 2 3 5 -5 11 -7 8 -8 -9 -11 -2 -12 -13
right_child=1 -3 -4 4 -6 6 7 9 -10 10 12 13 -14 -15
leaf_value=-0.00084404615278193878 5.6905155371314018e-05 0.034055535203179374 0.0060367215077791348 -0.0053215005310234776 0.0048697328267284139 -0.015291285713854848 0.056617086100597666 -0.0034060127526190143 -0.00097983251077932826 0.061928641211174265 0.0022332650949231946 0.068756761708745562 -0.0040674926981909519 0.0034535716854407639
leaf_weight=60990 192076 1098 2284 608 8506 1862 2173 27444 27696 1260 5305 724 6126 4945
leaf_count=60990 192076 1098 2284 608 8506 1862 2173 27444 27696 1260 5305 724 6126 4945
internal_value=-0.00704512 7.95443e-05 7.82893e-06 -9.57216e-05 0.00619706 -0.000308444 -0.00251691 -0.00192446 0.00123071 -0.00427258 0.00183752 0.000494172 -0.000794331 0.00981478
internal_weight=343097 282107 281009 278725 9114 269611 71866 70004 29869 40135 12691 197745 11431 5669
internal_count=343097 282107 281009 278725 9114 269611 71866 70004 29869 40135 12691 197745 11431 5669
is_linear=0
shrinkage=0.04


Tree=123
num_leaves=15
num_cat=0
split_feature=3 10 12 10 10 15 3 0 3 11 15 11 2 13
split_gain=50230.5 221.847 272.573 236.219 635.166 639.358 481.023 413.854 481.433 496.601 606.135 454.456 781.409 407.802
threshold=1.0000000180025095e-35 262.64325050000008 120.62787678337355 15.151885000000002 17.250566500000001 0.88182971749998285 18.562370000000005 4.6229186366720301 5.1290055000000008 1.3375758930010229 5.9796299179999872 6.3359708891638453 52.436906500000006 602.77527870826805
decision_type=2 2 2 2 2 2 2 2 2 2 2 2 2 2
left_child=-1 3 -3 7 5 -5 -6 11 -9 10 -10 -2 -13 -14
right_child=1 2 -4 4 6 -7 -8 8 9 -11 -12 12 13 -15
leaf_value=-0.00081028430667066335 6.6481642402447253e-05 -0.097048261391815951 0.081421685343505995 -0.0093234578448505093 -0.054286100902829981 0.025969677256710354 0.0021875651480730185 0.017608108699446429 -0.038426039646677658 0.000416030498588289 -0.00087336393090457602 -0.0046616408522830357 -0.0030595649851679098 0.0028805868696226279
leaf_weight=61026 38780 845 222 676 1692 7043 63830 1242 1478 109894 3172 3944 46932 2377
leaf_count=61026 38780 845 222 676 1692 7043 63830 1242 1478 109894 3172 3944 46932 2377
internal_value=-0.00709479 2.28266e-05 -0.0181818 9.19377e-05 0.0020453 0.012898 0.000766765 -0.000596481 0.000994939 0.000726358 -0.0120774 -0.00259863 -0.00499728 -0.00362692
internal_weight=343153 282127 1067 281060 73241 7719 65522 207819 115786 114544 4650 92033 53253 49309
internal_count=343153 282127 1067 281060 73241 7719 65522 207819 115786 114544 4650 92033 53253 49309
is_linear=0
shrinkage=0.04


Tree=124
num_leaves=15
num_cat=0
split_feature=7 2 15 0 11 14 10 12 13 0 11 12 1 13
split_gain=50258.1 222.948 860.628 293.215 267.943 681.714 231.001 276.05 209.048 201.977 268.911 620.285 332.416 308.486
threshold=1.0000000180025095e-35 50.639179000000006 4.4222012862499875 1.0000000180025095e-35 20.925688073214555 0.18833545407785626 262.64325050000008 120.62787678337355 669.07096523690564 20.516159828312226 26.551154838695094 84.192272279294585 39.500921421152654 437.10312914365767
decision_type=2 2 2 2 2 2 2 2 2 2 2 2 2 2
left_child=-1 2 4 -4 5 -2 8 -8 9 10 -3 -12 13 -13
right_child=1 6 3 -5 -6 -7 7 -9 -10 -11 11 12 -14 -15
leaf_value=-0.00077787293440383825 -0.14264014977699543 0.00019149122981191981 1.1019444599850703 -0.0003079156772086833 -0.0071148363952665689 0.0068362053498678679 -0.095200671731513559 0.07771965467979626 0.0018405638972363283 0.0034321071560573448 -0.013336350303671547 -0.00033100198382127633 0.0023369826350343663 -0.0028272245268185503
leaf_weight=61013 1190 184296 665 426 1018 454 834 233 5991 9122 2210 39080 11258 25253
leaf_count=61013 1190 184296 665 426 1018 454 834 233 5991 9122 2210 39080 11258 25253
internal_value=-0.00708261 3.85775e-05 -0.00964562 0.020275 -0.0219083 -0.0119221 0.000169184 -0.0184067 0.000240684 7.74282e-05 -0.000126213 -0.00209817 -0.00148748 -0.00259711
internal_weight=343043 282030 3753 1091 2662 1644 278277 1067 277210 271219 262097 77801 75591 64333
internal_count=343043 282030 3753 1091 2662 1644 278277 1067 277210 271219 262097 77801 75591 64333
is_linear=0
shrinkage=0.04


Tree=125
num_leaves=15
num_cat=0
split_feature=3 2 3 12 2 15 0 11 14 3 1 8 14 11
split_gain=50137.5 227.898 215.368 257.716 216.147 844.173 267.231 266.009 668.607 262.729 303.74 271.747 329.938 311.772
threshold=1.0000000180025095e-35 266.41374200000001 261.62521800000007 120.62787678337355 50.639179000000006 4.4222012862499875 1.0000000180025095e-35 20.925688073214555 0.18833545407785626 4.6544990000000013 4.472353123303578 0.99999502641379034 0.21163429115709895 1.3375758930010229
decision_type=2 2 2 2 2 2 2 2 2 2 2 2 2 2
left_child=-1 2 4 -4 5 7 -7 8 -2 10 -6 -11 13 -13
right_child=1 -3 3 -5 9 6 -8 -9 -10 11 -12 12 -14 -15
leaf_value=-0.00074675801702769103 -0.13670746247533866 0.033847759112492971 -0.087997430781442468 0.073327232399464773 0.00047321006378872713 1.0593623480895735 -0.0002215706954651253 -0.0069305051277203942 0.0065623184456876163 0.00024823954708470017 0.027750306557773188 -0.0026710615831853877 0.0019585797527451911 -0.00035631203214100184
leaf_weight=60935 1155 1082 853 241 4261 662 438 1008 461 219110 937 8054 2367 41200
leaf_count=60935 1155 1082 853 241 4261 662 438 1008 461 219110 937 8054 2367 41200
internal_value=-0.00709946 1.40511e-05 -5.65634e-05 -0.0177697 1.27301e-05 -0.00955961 0.0198545 -0.0218902 -0.0118317 0.000141921 0.00904963 -2.91064e-05 -0.00264001 -0.00334105
internal_weight=342764 281829 280747 1094 279653 3724 1100 2624 1616 275929 5198 270731 51621 49254
internal_count=342764 281829 280747 1094 279653 3724 1100 2624 1616 275929 5198 270731 51621 49254
is_linear=0
shrinkage=0.04


Tree=126
num_leaves=15
num_cat=0
split_feature=3 2 15 11 14 0 3 1 8 11 12 15 11 12
split_gain=50242.1 217.042 858.372 267.404 629.615 241.314 234.38 299.925 241.597 306.197 738.105 368.3 471.312 292.88
threshold=1.0000000180025095e-35 50.639179000000006 4.4222012862499875 16.845618105768924 0.18833545407785626 1.0000000180025095e-35 4.7316145000000001 4.6597432780583858 0.99999502641379034 1.3375758930010229 77.07155120412493 7.5518605999999986 1.7477651424863079 66.357867113784678
decision_type=2 2 2 2 2 2 2 2 2 2 2 2 2 2
left_child=-1 2 3 4 -2 -4 7 -3 -8 10 -10 -11 -13 -14
right_child=1 6 5 -5 -6 -7 8 -9 9 11 -12 12 13 -15
leaf_value=-0.000716887696346582 -0.13332585050554777 0.0004790231318787974 1.0171183168124747 -0.0065757035169719206 0.006457925836033951 -0.00020507025715399863 0.00024383829587583007 0.027351032567099112 -0.00068402590955516371 7.9763327533708409e-05 -0.04419499921545559 0.0012607625352918017 -0.0065910489790687874 -0.0018662374952351968
leaf_weight=61000 1181 5325 680 1010 451 431 221050 888 6607 35819 1596 550 1492 4821
leaf_count=61000 1181 5325 680 1010 451 431 221050 888 6607 35819 1596 550 1492 4821
internal_value=-0.00708508 3.73181e-05 -0.00951772 -0.0219228 -0.0119118 0.019982 0.000166242 0.00784806 -9.26692e-06 -0.00249425 -0.00957211 -0.00113397 -0.00962261 -0.0127166
internal_weight=342901 281901 3753 2642 1632 1111 278148 6213 271935 50885 8203 42682 6863 6313
internal_count=342901 281901 3753 2642 1632 1111 278148 6213 271935 50885 8203 42682 6863 6313
is_linear=0
shrinkage=0.04


Tree=127
num_leaves=15
num_cat=0
split_feature=3 10 2 15 11 14 1 12 15 1 12 12 11 3
split_gain=50215.3 226.48 229.252 838.036 270.047 603.131 245.885 208.089 207.593 277.04 480.954 506.882 816.761 390.138
threshold=1.0000000180025095e-35 262.64325050000008 50.639179000000006 4.4222012862499875 20.925688073214555 0.18833545407785626 1.0000000180025095e-35 134.08173911903049 6.532326244750025 25.234290375028113 81.631037826400217 66.357867113784678 10.774695891395664 23.398181500000003
decision_type=2 2 2 2 2 2 2 2 2 2 2 2 2 2
left_child=-1 2 3 4 5 -2 -5 -3 -4 10 11 12 -10 -11
right_child=1 7 8 6 -6 -7 -8 -9 9 13 -12 -13 -14 -15
leaf_value=-0.00068821218849272729 -0.12677665567154203 -0.087852679766956321 0.00036843798900302097 0.97600328628841337 -0.0063361291690588219 0.0060275087354539278 -0.00021214266785289483 0.070384389571651135 7.9801157201000458e-05 0.058146582363330132 -0.0034345010770572238 0.00053976445227989613 -0.010041473793141575 0.0004930767900135143
leaf_weight=61122 1156 840 180918 658 1023 460 427 219 7645 798 45504 11481 1572 29260
leaf_count=61122 1156 840 180918 658 1023 460 427 219 7645 798 45504 11481 1572 29260
internal_value=-0.00713192 -6.95132e-06 6.26553e-05 -0.00979592 -0.0219629 -0.0117822 0.0197972 -0.0184703 0.000195109 -0.00130563 -0.00275158 0.0023036 -0.00468265 0.00187903
internal_weight=343083 281961 280902 3724 2639 1616 1085 1059 277178 96260 66202 20698 9217 30058
internal_count=343083 281961 280902 3724 2639 1616 1085 1059 277178 96260 66202 20698 9217 30058
is_linear=0
shrinkage=0.04


Tree=128
num_leaves=15
num_cat=0
split_feature=3 10 10 10 15 3 0 11 15 3 10 11 3 1
split_gain=50162 221.044 228.814 555.168 614.482 430.07 394.612 416.952 581.476 489.827 447.494 434.052 370.702 405.889
threshold=1.0000000180025095e-35 262.64325050000008 15.151885000000002 17.250566500000001 0.88182971749998285 18.873946000000004 5.3809338967428024 1.3375758930010229 5.9796299179999872 13.960087000000003 -13.429776983016501 3.7819187480950709 4.9717675000000012 4.7675744952684775
decision_type=2 2 2 2 2 2 2 2 2 2 2 2 2 2
left_child=-1 2 6 4 -4 -5 12 8 -8 10 -9 -11 13 -2
right_child=1 -3 3 5 -6 -7 7 9 -10 11 -12 -13 -14 -15
leaf_value=-0.00066068370095301537 0.0002606102371677288 -0.060980542257064202 -0.0088871806545919793 -0.041433071641161445 0.025266482295612427 0.0023941210183984285 -0.045499623250365231 0.039205541011105793 -0.0004030577284790482 0.00088964878341179609 0.0048446949282498772 0.00019112805549682533 -0.00072648974129245762 0.024921443321210771
leaf_weight=60965 8919 1061 690 2128 7043 63476 1151 1851 2695 1577 5329 89976 94977 1103
leaf_count=60965 8919 1061 690 2128 7043 63476 1151 1851 2695 1577 5329 89976 94977 1103
internal_value=-0.00709941 1.39019e-05 8.27297e-05 0.00200335 0.0121402 0.000808487 -0.000595824 0.00116866 -0.0117525 0.00167198 0.0117326 0.000882986 -0.00231964 0.00499701
internal_weight=342941 281976 280915 73337 7733 65604 207578 102579 3846 98733 7180 91553 104999 10022
internal_count=342941 281976 280915 73337 7733 65604 207578 102579 3846 98733 7180 91553 104999 10022
is_linear=0
shrinkage=0.04


Tree=129
num_leaves=15
num_cat=0
split_feature=3 2 15 11 14 0 10 13 10 10 15 3 13 13
split_gain=50222.8 233.374 801.407 245.73 542.281 219.44 208.876 478.434 394.918 449.916 532.962 466.402 405.658 361.652
threshold=1.0000000180025095e-35 50.639179000000006 4.4222012862499875 20.925688073214555 0.18833545407785626 1.0000000180025095e-35 100.35087150000001 228.57383096747418 15.441569000000001 17.250566500000001 0.88182971749998285 18.562370000000005 254.05081887727795 449.35294705808218
decision_type=2 2 2 2 2 2 2 2 2 2 2 2 2 2
left_child=-1 2 3 4 -2 -4 8 -8 -3 10 -10 -11 -13 -14
right_child=1 6 5 -5 -6 -7 7 -9 9 11 -12 12 13 -15
leaf_value=-0.00063425635291489255 -0.11953412198155494 -9.3334785957495116e-05 0.93729204963160673 -0.0060055392314684042 0.0060498620491737758 -0.00021408137062548961 -0.039766111615734852 -0.0037364377834698771 -0.0086371125873438547 -0.049278557267958316 0.027406462076935076 -0.0032420696389916515 0.016739525204400769 -0.010092301390316751
leaf_weight=61099 1184 204949 662 1011 459 435 710 17777 577 1674 6042 4969 32398 8975
leaf_count=61099 1184 204949 662 1011 459 435 710 17777 577 1674 6042 4969 32398 8975
internal_value=-0.00712362 3.97414e-06 -0.00990669 -0.0217935 -0.0122459 0.0188514 0.000137663 -0.00397036 0.000430227 0.003452 0.0132286 0.0021043 0.00285357 0.00415053
internal_weight=342921 281822 3751 2654 1643 1097 278071 18487 259584 54635 6619 48016 46342 41373
internal_count=342921 281822 3751 2654 1643 1097 278071 18487 259584 54635 6619 48016 46342 41373
is_linear=0
shrinkage=0.04


Tree=130
num_leaves=15
num_cat=0
split_feature=3 2 15 5 0 10 12 2 3 10 8 11 12 3
split_gain=50146.5 238.736 793.766 243.915 212.655 210.002 210.976 203.182 192.169 247.124 222.306 276.24 610.108 321.006
threshold=1.0000000180025095e-35 50.639179000000006 4.5215900242500036 1.0000000180025095e-35 1.0000000180025095e-35 262.64325050000008 120.62787678337355 266.41374200000001 4.7316145000000001 -4.7932667826694102 0.99999502641379034 1.3375758930010229 77.07155120412493 21.479873500000004
decision_type=2 2 2 2 2 2 2 2 2 2 2 2 2 2
left_child=-1 2 3 -2 -4 7 -7 8 9 -3 -10 12 -12 -13
right_child=1 5 4 -5 -6 6 -8 -9 10 -11 11 13 -14 -15
leaf_value=-0.00060888609879830471 3.3300906873409422 0.029061006094256065 0.89959300070298298 -0.0069975371345875458 -0.00023242486082473591 -0.082645670123313947 0.071532457632850308 0.030217478819358625 0.00021573284798201086 0.00048189655905711781 -0.00069353219214342233 0.00013389266767779517 -0.041308630886275302 -0.001769888941715867
leaf_weight=60999 101 686 654 2557 413 829 220 1094 219006 5507 6595 32525 1596 10268
leaf_count=60999 101 686 654 2557 413 829 220 1094 219006 5507 6595 32525 1596 10268
internal_value=-0.00711453 -2.41091e-06 -0.0100617 -0.0217607 0.0190815 0.000132219 -0.0177312 0.0001998 0.000131652 0.00709834 -2.81492e-05 -0.00240703 -0.00913686 -0.00111887
internal_weight=343050 282051 3725 2658 1067 278326 1049 277277 276183 6193 269990 50984 8191 42793
internal_count=343050 282051 3725 2658 1067 278326 1049 277277 276183 6193 269990 50984 8191 42793
is_linear=0
shrinkage=0.04


Tree=131
num_leaves=15
num_cat=0
split_feature=3 2 11 14 2 10 13 10 11 11 0 3 0 13
split_gain=50139.1 244.594 550.947 286.705 196.94 190.241 453.401 325.157 415.014 549.495 463.297 495.251 490.754 400.34
threshold=1.0000000180025095e-35 50.639179000000006 3.1993090002016031 0.18833545407785626 266.41374200000001 100.35087150000001 228.57383096747418 15.441569000000001 1.3375758930010229 3.4977654812641306 4.6229186366720301 13.960087000000003 12.328193459051866 254.05081887727795
decision_type=2 2 2 2 2 2 2 2 2 2 2 2 2 2
left_child=-1 2 3 -2 5 7 -7 8 -3 -10 -11 12 -12 -9
right_child=1 4 -4 -5 -6 6 -8 13 9 10 11 -13 -14 -15
leaf_value=-0.00058453065484636473 -0.11396801805154316 -0.001904888503328488 -0.0052952610356957665 0.54963527250038058 0.029008779666584276 -0.039542844177627504 -0.0035957618863890063 -0.0031368317997285456 0.00047858078989159835 -0.00096492804935419227 0.0052173306892393133 0.00012618231497328879 0.039675512254501437 0.010170057495962137
leaf_weight=61124 601 24416 2440 705 1089 682 17761 4975 11587 59361 8414 98977 1430 49213
leaf_count=61124 601 24416 2440 705 1089 682 17761 4975 11587 59361 8414 98977 1430 49213
internal_value=-0.00716073 -3.39427e-05 -0.0101869 0.010781 0.000102913 3.61251e-05 -0.00388874 0.000316287 -0.000414722 0.000249876 -0.000330594 0.00121999 0.00977651 0.00307079
internal_weight=342775 281651 3746 1306 277905 276816 18443 258373 204185 179769 168182 108821 9844 54188
internal_count=342775 281651 3746 1306 277905 276816 18443 258373 204185 179769 168182 108821 9844 54188
is_linear=0
shrinkage=0.04


Tree=132
num_leaves=15
num_cat=0
split_feature=3 2 15 2 10 3 1 2 0 3 11 12 3 11
split_gain=49965.2 308.418 563.737 730.77 209.546 204.752 239.314 198.801 190.414 298.206 216.616 682.018 334.389 471.628
threshold=1.0000000180025095e-35 50.639179000000006 1.9769870124999758 1.0000000180025095e-35 262.64325050000008 4.7316145000000001 4.8712346279409156 266.41374200000001 20.516159828312226 24.493050000000004 7.8035022786895416 70.68411032539349 14.241769500000002 1.0000000180025095e-35
decision_type=2 2 2 2 2 2 2 2 2 2 2 2 2 2
left_child=-1 2 -2 -4 5 6 -3 8 10 -10 12 -12 13 -7
right_child=1 4 3 -5 -6 7 -8 -9 9 -11 11 -13 -14 -15
leaf_value=-0.00056114942865251652 -0.0059636041384402818 0.00056897088795922809 1.010593861751911 -0.021814945375488001 -0.056513548076843209 -0.013967177429338378 0.029696433595358049 0.028101603832995006 0.055495379904838639 0.0016640242737234934 -0.0033311801534742181 -0.00041906638527306362 0.00050518198828203081 0.00011679583653799952
leaf_weight=61017 1815 5611 868 1055 1058 8219 600 1095 893 8206 5279 137137 98136 12064
leaf_count=61017 1815 5611 868 1055 1058 8219 600 1095 893 8206 5279 137137 98136 12064
internal_value=-0.00717988 -7.94225e-05 -0.0114928 0.00359854 7.38776e-05 0.000141682 0.00732249 -2.28758e-05 -9.18743e-05 0.00559622 -0.000290298 -0.00134142 0.00097383 -0.00370162
internal_weight=343053 282036 3738 1923 278298 277240 6211 271029 269934 9099 260835 142416 118419 20283
internal_count=343053 282036 3738 1923 278298 277240 6211 271029 269934 9099 260835 142416 118419 20283
is_linear=0
shrinkage=0.04


Tree=133
num_leaves=15
num_cat=0
split_feature=3 2 15 11 12 13 3 10 0 3 13 11 12 10
split_gain=50059.4 226.421 674.837 250.727 604.453 200.978 190.029 228.661 199.421 583.774 407.374 359.767 700.593 367.772
threshold=1.0000000180025095e-35 50.639179000000006 4.5215900242500036 20.925688073214555 87.152992055564184 669.07096523690564 4.6544990000000013 -4.5126027744939412 13.243899707948648 15.040453500000002 268.7841962257441 7.8035022786895416 66.357867113784678 -27.4009031752685
decision_type=2 2 2 2 2 2 2 2 2 2 2 2 2 2
left_child=-1 2 3 4 -2 6 7 -3 11 -10 -11 -8 -13 -14
right_child=1 5 -4 -5 -6 -7 8 -9 9 10 -12 12 13 -15
leaf_value=-0.00053870345150642152 -0.09196273027931938 0.025231363012807755 0.070430643309943544 -0.0050143610698352246 0.0063972182793067493 0.0018025596034222614 0.000225054107376077 0.00040088503190414569 0.034212197389474931 0.016579765157346639 0.00036389094652947927 -0.004571538114419074 0.0013862666003754565 -0.0015857826268558385
leaf_weight=61043 1207 883 1085 990 438 6023 118498 4309 1667 772 27871 3118 27129 87855
leaf_count=61043 1207 883 1085 990 438 6023 118498 4309 1667 772 27871 3118 27129 87855
internal_value=-0.00715919 -4.64085e-05 -0.00984946 -0.0207818 -0.0112097 8.47101e-05 -7.52659e-05 0.00750385 -0.000222697 0.00283207 0.00149286 -0.000614032 -0.00217642 -0.0016691
internal_weight=342888 281845 3720 2635 1645 278125 272102 5192 266910 30310 28643 236600 118102 114984
internal_count=342888 281845 3720 2635 1645 278125 272102 5192 266910 30310 28643 236600 118102 114984
is_linear=0
shrinkage=0.04


Tree=134
num_leaves=15
num_cat=0
split_feature=3 2 11 12 14 10 12 15 0 10 11 10 15 2
split_gain=50021.1 394.677 427.716 294.624 244.122 183.159 190.386 186.065 375.741 349.986 400.44 464.624 390.106 557.317
threshold=1.0000000180025095e-35 50.639179000000006 2.6023945207146562 87.722790367803341 0.19147089776619294 262.64325050000008 120.62787678337355 6.532326244750025 13.243899707948648 14.346233500000002 1.0000000180025095e-35 -4.2853963670353901 1.1937700325000125 141.46839900000001
decision_type=2 2 2 2 2 2 2 2 2 2 2 2 2 2
left_child=-1 2 3 4 -2 7 -7 8 9 10 11 -3 13 -11
right_child=1 5 -4 -5 -6 6 -8 -9 -10 12 -12 -13 -14 -15
leaf_value=-0.00051715531344616035 -0.08933763803946819 -0.023740518183663309 -0.0044806545569496242 1.2317878851053883 0.24621742375870981 -0.076719573976254618 0.07033358316589651 -0.00032324984917248055 0.005084904631420294 -0.011609907574124617 -1.4733608899373252e-05 -0.0028557630034876523 0.0083280169035492707 -0.00059306182747386642
leaf_weight=61009 576 1972 2516 340 298 815 218 96140 13985 907 98847 9507 48666 6923
leaf_count=61009 576 1972 2516 340 298 815 218 96140 13985 907 98847 9507 48666 6923
internal_value=-0.00716237 -5.08324e-05 -0.0129759 0.00652389 -0.00576659 0.000122599 -0.0166893 0.000185306 0.000941335 0.000413375 -0.000897703 -0.00796934 0.00297366 -0.0053129
internal_weight=342719 281710 3730 1214 874 277980 1033 276947 180807 166822 110326 11479 56496 7830
internal_count=342719 281710 3730 1214 874 277980 1033 276947 180807 166822 110326 11479 56496 7830
is_linear=0
shrinkage=0.04


Tree=135
num_leaves=15
num_cat=0
split_feature=3 2 15 2 1 15 0 3 3 13 10 13 2 12
split_gain=50091.6 415.522 412.551 844.231 179.48 209.014 339.159 322.374 317.867 313.397 307.155 422.383 473.05 341.15
threshold=1.0000000180025095e-35 50.639179000000006 1.9769870124999758 1.0000000180025095e-35 50.059266445391842 6.532326244750025 13.243899707948648 14.933703000000001 261.62521800000007 282.46392299658419 15.441569000000001 254.05081887727795 141.46839900000001 139.1001180947961
decision_type=2 2 2 2 2 2 2 2 2 2 2 2 2 2
left_child=-1 2 -2 -4 5 6 8 -8 10 -9 -3 12 -12 -14
right_child=1 4 3 -5 -6 -7 7 9 -10 -11 11 -13 13 -15
leaf_value=-0.00049646910090832112 -0.0046165496918094198 -0.00020284733517574429 0.9224720793671497 -0.020449318644475686 0.0052688770899377959 -0.00039313061875700662 0.045575548480643741 0.015474145215699902 -0.097166667603124285 0.0023632306181733806 -0.010761412941362139 0.0081771738708967569 0.008686344391795317 -0.0031267930821160749
leaf_weight=61063 1810 114128 848 1039 2288 94566 854 808 516 12350 921 46228 1142 4454
leaf_count=61063 1810 114128 848 1039 2288 94566 854 808 516 12350 921 46228 1142 4454
internal_value=-0.00715386 -4.02905e-05 -0.0133622 -0.00027557 0.000136709 4.42082e-05 0.000839025 0.00681701 0.000338612 0.00527132 0.000435541 0.0029599 -0.00657358 -0.00220157
internal_weight=343015 281952 3697 1887 278255 275967 181401 14012 167389 13158 166873 52745 6517 5596
internal_count=343015 281952 3697 1887 278255 275967 181401 14012 167389 13158 166873 52745 6517 5596
is_linear=0
shrinkage=0.04


Tree=136
num_leaves=15
num_cat=0
split_feature=3 2 15 2 10 13 10 13 10 15 3 13 10 10
split_gain=50061.2 361.611 428.633 792.617 205.561 438.929 315.961 401.927 294.939 561.002 518.175 310.18 357.921 315.728
threshold=1.0000000180025095e-35 50.639179000000006 1.9769870124999758 1.0000000180025095e-35 96.527842500000006 228.57383096747418 15.441569000000001 254.05081887727795 17.250566500000001 0.88182971749998285 19.209048500000005 449.35294705808218 25.781714500000003 32.800168000000006
decision_type=2 2 2 2 2 2 2 2 2 2 2 2 2 2
left_child=-1 2 -2 -4 6 -6 -3 -8 9 -9 -10 12 -12 -13
right_child=1 4 3 -5 5 -7 7 8 10 -11 11 13 -14 -15
leaf_value=-0.00047661033687198542 -0.0044785481743529051 -6.8434774165266888e-05 0.885815658350667 -0.019819824094173856 -0.028692948503865737 -0.0033856448557043617 -0.0030116191052098223 -0.0092835166522437975 -0.034397656749526738 0.025954611585700532 0.0019229390999623598 -0.04477761912133562 0.03141251128000553 0.0028469234579975499
leaf_weight=60980 1788 205132 871 1048 776 18794 4648 587 2622 6073 12475 1692 18566 6926
leaf_count=60980 1788 205132 871 1048 776 18794 4648 587 2622 6073 12475 1692 18566 6926
internal_value=-0.00713702 -3.06385e-05 -0.0124413 0.000687858 0.000134679 -0.00381809 0.000433672 0.00316856 0.00423612 0.0120601 0.00300371 0.00414231 0.00600625 -0.00257136
internal_weight=342978 281998 3707 1919 278291 19570 258721 53589 48941 6660 42281 39659 31041 8618
internal_count=342978 281998 3707 1919 278291 19570 258721 53589 48941 6660 42281 39659 31041 8618
is_linear=0
shrinkage=0.04


Tree=137
num_leaves=15
num_cat=0
split_feature=3 2 15 2 10 13 10 10 15 3 13 13 10 13
split_gain=49823.9 328.112 440.193 655.422 186.477 374.117 276.898 361.759 462.962 412.554 341.841 332.531 339.428 279.158
threshold=1.0000000180025095e-35 50.639179000000006 1.9769870124999758 1.0000000180025095e-35 100.35087150000001 228.57383096747418 15.441569000000001 17.250566500000001 0.88182971749998285 19.038223000000006 254.05081887727795 449.35294705808218 32.17470500000001 313.87503678502748
decision_type=2 2 2 2 2 2 2 2 2 2 2 2 2 2
left_child=-1 2 -2 -4 6 -6 -3 8 -8 -9 -11 12 13 -12
right_child=1 4 3 -5 5 -7 7 9 -10 10 11 -13 -14 -15
leaf_value=-0.00045754592339710244 -0.0042913102308180127 -8.5882625872935322e-05 0.89235052243181823 -0.018696621910571132 -0.032580914342392048 -0.0035853537785005287 -0.0085628737981458519 -0.034720135845605328 0.024407609783577797 -0.002881256594623034 0.03347517573511289 -0.010218472111890886 0.031169341816213749 0.0060292112139976786
leaf_weight=60847 1816 205240 881 1070 687 17792 566 2362 5994 4977 1818 8902 8778 21322
leaf_count=60847 1816 205240 881 1070 687 17792 566 2362 5994 4977 1818 8902 8778 21322
internal_value=-0.00717069 -9.22733e-05 -0.0118184 0.00137365 6.63703e-05 -0.00381622 0.000342362 0.00287067 0.0116829 0.0016703 0.00251108 0.00371779 0.00562441 0.00308384
internal_weight=343052 282205 3767 1951 278438 18479 259959 54719 6560 48159 45797 40820 31918 23140
internal_count=343052 282205 3767 1951 278438 18479 259959 54719 6560 48159 45797 40820 31918 23140
is_linear=0
shrinkage=0.04


Tree=138
num_leaves=15
num_cat=0
split_feature=3 2 15 2 1 15 0 3 3 12 0 11 1 3
split_gain=50174 257.819 499.005 511.245 179.118 209.548 358.454 303.714 302.822 299.978 477.003 558.623 393.974 467.819
threshold=1.0000000180025095e-35 50.639179000000006 1.9769870124999758 1.0000000180025095e-35 48.186467165172623 6.532326244750025 13.243899707948648 14.933703000000001 261.62521800000007 81.631037826400217 5.572723452934726 20.439719131064692 19.384925998189516 23.575320500000004
decision_type=2 2 2 2 2 2 2 2 2 2 2 2 2 2
left_child=-1 2 -2 -4 5 6 8 -8 -3 10 11 -7 -11 -14
right_child=1 4 3 -5 -6 9 7 -9 -10 12 -12 -13 13 -15
leaf_value=-0.00043924408646121903 -0.0040754880590441545 0.00013205316771818686 0.81261717274046141 -0.017914384052926939 0.0047762305409515043 9.479191987613156e-05 0.04432020349513497 0.0035384223495643231 -0.092412686874397881 -0.0041255595973131954 0.00093599427239446256 -0.011188548326188546 0.038960835362170716 -0.00033289429432534771
leaf_weight=61133 1799 166917 893 1048 3061 13993 882 13166 524 39387 5671 1064 2091 31556
leaf_count=61133 1799 166917 893 1048 3061 13993 882 13166 524 39387 5671 1064 2091 31556
internal_value=-0.00714798 -2.75127e-05 -0.0104599 0.00360639 0.000112679 5.66755e-06 0.000798946 0.00693622 0.00028404 -0.00152983 0.0027171 -0.00100684 -0.00273516 0.000443427
internal_weight=343185 282052 3740 1941 278312 275251 181489 14048 167441 93762 20728 15057 73034 33647
internal_count=343185 282052 3740 1941 278312 275251 181489 14048 167441 93762 20728 15057 73034 33647
is_linear=0
shrinkage=0.04


Tree=139
num_leaves=15
num_cat=0
split_feature=3 2 15 5 3 10 13 12 9 8 12 14 13 0
split_gain=50089.4 246.634 567.787 225.239 181.625 257.381 220.41 184.889 229.125 299.756 323.73 309.346 381.23 272.852
threshold=1.0000000180025095e-35 50.639179000000006 4.5215900242500036 1.0000000180025095e-35 4.9717675000000012 -4.7932667826694102 216.85031073074251 57.688079039485082 1.9337992252621564e-05 0.92864037938842903 66.045675097683485 0.17649393696183494 346.03754686064582 7.5842330084380833
decision_type=2 2 2 2 2 2 2 2 2 2 2 2 2 2
left_child=-1 2 3 -2 5 -3 -6 -8 -9 10 -10 -11 -13 -14
right_child=1 4 -4 -5 6 -7 7 8 9 11 -12 12 13 -15
leaf_value=-0.0004216743230027653 2.9688626813501631 0.022955891369975855 0.0132221434270161 -0.0046213150929085246 -0.038082820379415738 0.0003575977508612205 0.00042538119374841088 -0.00051913346104509378 -0.0024719400410435498 0.0071187931134907333 7.3947278953883093e-05 -0.0046488295917404198 0.0014380875336706201 0.00064668674994495135
leaf_weight=61041 98 1042 1096 2536 477 8221 1572 50011 2228 3345 194864 3783 4794 7835
leaf_count=61041 98 1042 1096 2536 477 8221 1572 50011 2228 3345 194864 3783 4794 7835
internal_value=-0.00714813 -3.4622e-05 -0.010252 -0.0203189 0.000102383 0.00560941 -8.73158e-05 -3.90415e-05 -0.000119613 0.000443258 -2.76013e-05 0.00514046 0.00288082 0.00621744
internal_weight=342943 281902 3730 2634 278172 9263 268909 268432 266860 216849 197092 19757 16412 12629
internal_count=342943 281902 3730 2634 278172 9263 268909 268432 266860 216849 197092 19757 16412 12629
is_linear=0
shrinkage=0.04


Tree=140
num_leaves=15
num_cat=0
split_feature=3 2 15 5 12 12 12 12 2 1 3 15 0 10
split_gain=50057 268.025 498.753 225.359 200.869 180.681 451.418 177.09 174.084 180.426 1247.68 293.081 448.915 325.69
threshold=1.0000000180025095e-35 50.639179000000006 4.5215900242500036 1.0000000180025095e-35 88.439476191489447 125.54183067516388 86.6296604726911 58.361590078946442 266.41374200000001 27.385475341535301 24.333761000000006 6.3215550291249807 13.243899707948648 14.0765665
decision_type=2 2 2 2 2 2 2 2 2 2 2 2 2 2
left_child=-1 2 3 -2 -4 6 -5 -3 9 11 -11 12 13 -9
right_child=1 7 4 5 -6 -7 -8 8 -10 10 -12 -13 -14 -15
leaf_value=-0.00040480735008266325 2.9072687347370954 0.00036541103815438628 0.00020818918115590002 -0.092740870503037892 1.1766957256684578 -0.0038005808712968303 0.0051459026892809586 -0.00048482184028037168 0.027222594634405049 0.064961462711341136 0.00031193035572648855 -0.00067830036008138307 0.0055124769608856285 0.0030491199655285949
leaf_weight=61034 99 3838 786 1191 300 913 452 92037 1125 2150 35379 75694 11989 55997
leaf_count=61034 99 3838 786 1191 300 913 452 92037 1125 2150 35379 75694 11989 55997
internal_value=-0.00715602 -4.62493e-05 -0.0106816 -0.0200226 0.0121547 -0.0223161 -0.0143883 9.67618e-05 -2.25971e-05 -8.72474e-05 0.00248874 -0.000497376 0.000472682 -0.00013024
internal_weight=342984 281950 3741 2655 1086 2556 1643 278209 274371 273246 37529 235717 160023 148034
internal_count=342984 281950 3741 2655 1086 2556 1643 278209 274371 273246 37529 235717 160023 148034
is_linear=0
shrinkage=0.04


Tree=141
num_leaves=15
num_cat=0
split_feature=3 1 3 11 12 3 1 9 0 0 14 0 2 14
split_gain=50119.4 180.525 1138.22 312.389 520.619 368.968 854.443 497.555 311.75 239.594 293.176 338.035 302.664 317.892
threshold=1.0000000180025095e-35 28.57382758215617 25.019422500000001 28.643515040199372 84.192272279294585 22.215964500000002 22.13972096571257 0.40912567382546428 2.1209198654997765 21.428166235843811 0.18645488846809355 5.7706276028190668 109.10215000000001 0.22601595510611858
decision_type=2 2 2 2 2 2 2 2 2 2 2 2 2 2
left_child=-1 3 -3 -2 -5 6 7 -6 -7 10 -10 -12 13 -13
right_child=1 2 -4 4 5 8 -8 -9 9 -11 11 12 -14 -15
leaf_value=-0.00038861505607934888 8.7455412165193816e-05 0.064246556918971104 0.00046326785279483861 -0.014222438819522135 0.0079016570605569478 -0.052607172959003627 0.041766598273099004 -0.0069968679479413924 0.00273036051766709 0.0048061721635303464 -0.016290127935724243 -0.0059460971263750649 -0.00096451709637773058 0.018970050332679064
leaf_weight=61058 198238 1810 31202 1780 7289 1027 2870 11477 3725 2115 4321 3937 11882 165
leaf_count=61058 198238 1810 31202 1780 7289 1027 2870 11477 3725 2115 4321 3937 11882 165
internal_value=-0.00714432 -2.63981e-05 0.00275294 -0.000395136 -0.00320076 -0.00242583 0.00147162 -0.001637 -0.00552922 -0.00468005 -0.00581606 -0.00770845 -0.00502503 -0.014393
internal_weight=342896 281838 33012 248826 50588 48808 21636 18766 27172 26145 24030 20305 15984 4102
internal_count=342896 281838 33012 248826 50588 48808 21636 18766 27172 26145 24030 20305 15984 4102
is_linear=0
shrinkage=0.04


Tree=142
num_leaves=15
num_cat=0
split_feature=3 10 10 13 12 13 0 11 3 14 2 13 2 13
split_gain=50078.8 170.908 314.096 306.798 307.881 300.187 282.372 376.614 291.064 276.705 252.886 240.838 224.047 301.735
threshold=1.0000000180025095e-35 85.750415500000017 15.441569000000001 228.57383096747418 115.74947217725035 254.05081887727795 0.18892011150684904 21.685003186191093 17.246677500000001 0.23320872121670802 136.18194600000004 303.81129213922117 208.67728400000001 268.32281790025485
decision_type=2 2 2 2 2 2 2 2 2 2 2 2 2 2
left_child=-1 2 6 4 -3 -4 7 8 -2 -9 -5 12 -7 -14
right_child=1 3 5 10 -6 11 -8 9 -10 -11 -12 -13 13 -15
leaf_value=-0.00037307045383617066 -0.0057810805936179578 -0.021022672895257451 -0.0031375571114573555 0.56759300061834284 0.0016106571713930084 0.041983876251999577 -5.6533092370303349e-06 2.0338152139806498 0.75566712133708058 -0.0037409308028659538 -0.0034650682410879785 0.0079477100461728418 -0.006386030604659876 0.028514144139956753
leaf_weight=60973 12961 962 3289 295 409 3519 194248 97 344 981 20189 42027 966 1550
leaf_count=60973 12961 962 3289 295 409 3519 194248 97 344 981 20189 42027 966 1550
internal_value=-0.00713071 -1.97277e-05 0.000265865 -0.00341707 -0.021736 0.00306829 -0.000423906 -0.00583188 -0.00398948 -0.0285714 -0.00219098 0.00386834 0.0113405 0.00222576
internal_weight=342810 281837 259982 21855 1371 51351 208631 14383 13305 1078 20484 48062 6035 2516
internal_count=342810 281837 259982 21855 1371 51351 208631 14383 13305 1078 20484 48062 6035 2516
is_linear=0
shrinkage=0.04


Tree=143
num_leaves=15
num_cat=0
split_feature=3 2 11 12 14 10 13 12 10 13 11 11 0 3
split_gain=50068.8 209.327 351.071 512.879 264.191 181.893 277.963 312.04 254.223 284.84 270.392 472.665 312.554 436.991
threshold=1.0000000180025095e-35 50.639179000000006 21.785409794236582 89.237913847729104 0.23320872121670802 85.750415500000017 228.57383096747418 115.74947217725035 15.441569000000001 254.05081887727795 1.3375758930010229 2.6023945207146562 4.6229186366720301 13.767400500000003
decision_type=2 2 2 2 2 2 2 2 2 2 2 2 2 2
left_child=-1 2 3 -2 -4 8 7 -7 10 -10 -3 -12 -13 -14
right_child=1 5 4 -5 -6 6 -8 -9 9 -11 11 12 13 -15
leaf_value=-0.00035814763568271958 -0.0065621785611585364 -0.0015197091636964188 1.9494914140151738 0.57447140094000537 -0.0035863038136880478 -0.02006904644361952 -0.0028500644947679989 0.0017095150701090934 -0.0034226158247052129 0.0094310524944970636 0.00062104111791118301 -0.0005264488594653871 0.0088899645296632458 0.00012931760134188009
leaf_weight=61009 2105 24994 105 562 975 963 20413 430 3270 48003 7257 63159 9235 100485
leaf_count=61009 2105 24994 105 562 975 963 20413 430 3270 48003 7257 63159 9235 100485
internal_value=-0.00714417 -3.48991e-05 -0.00942621 -0.0016348 -0.0286667 9.15858e-05 -0.00341557 -0.0207035 0.000389855 0.00290913 -0.000239848 0.000301106 -0.000118696 0.00117171
internal_weight=342965 281956 3747 2667 1080 278209 21806 1393 256403 51273 205130 180136 172879 109720
internal_count=342965 281956 3747 2667 1080 278209 21806 1393 256403 51273 205130 180136 172879 109720
is_linear=0
shrinkage=0.04


Tree=144
num_leaves=15
num_cat=0
split_feature=3 2 15 5 12 10 12 12 8 8 13 14 12 13
split_gain=50020.2 337.931 596.45 241.818 177.275 174.999 166.5 164.148 160.425 305.181 289.691 269.65 260.664 256.811
threshold=1.0000000180025095e-35 50.639179000000006 4.5215900242500036 1.0000000180025095e-35 88.439476191489447 262.64325050000008 120.62787678337355 58.361590078946442 0.99998350154581128 0.92864037938842903 520.88873726602321 0.18517134445204206 61.965553488088766 502.68433582634469
decision_type=2 2 2 2 2 2 2 2 2 2 2 2 2 2
left_child=-1 2 3 -2 -4 7 -7 -3 9 12 11 -11 -9 -10
right_child=1 5 4 -5 -6 6 -8 8 13 10 -12 -13 -14 -15
leaf_value=-0.00034382173025541361 2.7452919110687906 0.00034619148231154642 0.00043986142256111196 -0.0048230071126614859 1.0768842506005558 -0.068561836348707494 0.058961321461942426 -0.0064780192233978885 -0.00022231147979113965 0.0065348862389547156 0.0022693640529489658 3.9708788924084359e-05 5.1903485232391859e-05 -0.0015106859929797701
leaf_weight=61139 99 3859 776 2568 289 818 222 743 50230 4015 3658 13439 196306 5032
leaf_count=61139 99 3859 776 2568 289 818 222 743 50230 4015 3658 13439 196306 5032
internal_value=-0.00720026 -9.04791e-05 -0.0120472 -0.0221522 0.0132582 6.98472e-05 -0.0163077 0.000131274 1.56534e-05 0.000503298 0.00507389 0.00292884 1.36007e-05 -0.00190945
internal_weight=343193 282054 3732 2667 1065 278322 1040 277282 273423 218161 21112 17454 197049 55262
internal_count=343193 282054 3732 2667 1065 278322 1040 277282 273423 218161 21112 17454 197049 55262
is_linear=0
shrinkage=0.04


Tree=145
num_leaves=15
num_cat=0
split_feature=3 2 15 5 12 3 11 12 3 3 10 0 10 3
split_gain=50040.5 318.653 620.71 252.285 176.466 171.898 169.358 584.091 286.179 299.567 1014.45 382.419 307.414 579.901
threshold=1.0000000180025095e-35 50.639179000000006 4.5215900242500036 1.0000000180025095e-35 88.439476191489447 201.74619950000002 28.20322719266591 84.192272279294585 87.080787000000015 24.842154000000004 -26.772924925109198 17.504378250722493 -31.872888376185244 34.774229000000012
decision_type=2 2 2 2 2 2 2 2 2 2 2 2 2 2
left_child=-1 2 3 -2 -4 6 -3 -8 9 10 -9 -12 13 -11
right_child=1 5 4 -5 -6 -7 7 8 -10 12 11 -13 -14 -15
leaf_value=-0.0003300688610451985 2.6354802346260393 0.00021744436986615768 0.00043714998738280997 -0.0045756681524787273 1.0348597671343822 -0.037464025791977294 -0.013008187775977122 0.04853105726021914 0.0030905138847184578 0.035608342525931577 -0.001754228344213068 0.040989438189441597 -0.00302901395127974 -0.0010356254736226225
leaf_weight=61069 103 193786 779 2536 299 3281 1846 2396 5138 2248 25200 1635 26493 16288
leaf_count=61069 103 193786 779 2536 299 3281 1846 2396 5138 2248 25200 1635 26493 16288
internal_value=-0.00717173 -6.32561e-05 -0.0116976 -0.0221448 0.0138776 9.21272e-05 0.000200705 -0.00133228 -0.000815134 -0.00144681 0.00170641 -0.000520216 -0.00349375 0.000457488
internal_weight=343097 282028 3717 2639 1078 278311 275030 81244 79398 74260 29231 26835 45029 18536
internal_count=343097 282028 3717 2639 1078 278311 275030 81244 79398 74260 29231 26835 45029 18536
is_linear=0
shrinkage=0.04


Tree=146
num_leaves=15
num_cat=0
split_feature=3 14 8 0 11 13 3 9 14 14 11 12 3 15
split_gain=50040 199.43 479.18 280.267 277.015 280.939 205.019 204.307 192.032 367.704 313.363 561.776 410.013 555.891
threshold=1.0000000180025095e-35 0.21785094171797917 0.90096526432647839 26.132879507514499 21.019127864798918 624.1880601347857 201.74619950000002 0.00018222964174596792 0.21021760849986634 0.210843859845816 26.814469661847209 84.192272279294585 30.770854000000003 1.1937700325000125
decision_type=2 2 2 2 2 2 2 2 2 2 2 2 2 2
left_child=-1 6 4 7 -3 -6 8 -4 10 -10 12 -12 -2 -14
right_child=1 2 3 -5 5 -7 -8 -9 9 -11 11 -13 13 -15
leaf_value=-0.00031686610660338845 -0.00011731668734257905 -0.0021705264884055533 -0.0066421982423367784 -0.010037614149237371 -0.0027965891132754384 -0.003323095680529953 -0.039310216672165284 0.0048449098948951446 0.0046783573110452097 0.00037949816466397834 -0.01171472873502501 -0.0011572146802746319 -0.0034037180903563869 0.0024985065409658704
leaf_weight=61011 116990 11237 185 322 1893 1047 2817 1308 3035 30408 2086 64983 4613 41178
leaf_count=61011 116990 11237 185 322 1893 1047 2817 1308 3035 30408 2086 64983 4613 41178
internal_value=-0.00715275 -4.87767e-05 -0.00438719 0.0149642 -0.00686464 -0.0177959 0.000211942 0.0222639 0.000326784 0.00315881 -8.5273e-05 -0.0023862 0.000862754 0.00407154
internal_weight=343113 282102 15992 1815 14177 2940 266110 1493 263293 33443 229850 67069 162781 45791
internal_count=343113 282102 15992 1815 14177 2940 266110 1493 263293 33443 229850 67069 162781 45791
is_linear=0
shrinkage=0.04


Tree=147
num_leaves=15
num_cat=0
split_feature=3 2 13 3 13 0 3 11 2 1 3 3 10 8
split_gain=49882.9 276.132 580.005 358.954 164.841 163.516 290.526 183.27 352.029 256.397 461.013 361.47 1001.96 304.294
threshold=1.0000000180025095e-35 50.639179000000006 688.62798463473371 17.246677500000001 669.07096523690564 20.516159828312226 23.575320500000004 26.814469661847209 61.415226000000011 39.500921421152654 35.883170500000013 24.667597500000003 -26.772924925109198 0.080209931868181025
decision_type=2 2 2 2 2 2 2 2 2 2 2 2 2 2
left_child=-1 2 3 -2 5 7 -7 -3 -9 11 -11 12 -10 -13
right_child=1 4 -4 -5 -6 6 -8 8 9 10 -12 13 -14 -15
leaf_value=-0.00030419146233924722 -0.0048758338360874731 0.00011680817518088915 -0.0035255030476059089 0.99250131095069438 0.0016201896498301794 0.060056189143671203 0.0015587223621012435 -0.0096023741817243824 0.047864293785080267 0.089768876572702327 0.00078410011132328287 -0.045067760415241437 -0.0015406906490881235 -0.0021579730953175083
leaf_weight=60951 2049 185547 1255 422 6013 710 8410 1261 2285 712 10514 1569 28994 31946
leaf_count=60951 2049 185547 1255 422 6013 710 8410 1261 2285 712 10514 1569 28994 31946
internal_value=-0.00718963 -9.0171e-05 -0.0109071 0.000339943 5.48278e-05 -9.00172e-05 0.00517544 -0.000272726 -0.0019094 -0.00156169 0.00401924 -0.00252863 0.000563957 -0.00541489
internal_weight=342638 281687 3726 2471 277961 271948 9120 262828 77281 76020 11226 64794 31279 33515
internal_count=342638 281687 3726 2471 277961 271948 9120 262828 77281 76020 11226 64794 31279 33515
is_linear=0
shrinkage=0.04


Tree=148
num_leaves=15
num_cat=0
split_feature=3 2 15 5 3 0 3 13 11 1 13 10 15 3
split_gain=49935.2 259.828 574.117 243.769 168.825 170.569 277.216 210.341 166.334 161.55 161.309 186.775 222.786 280.876
threshold=1.0000000180025095e-35 50.639179000000006 4.5215900242500036 1.0000000180025095e-35 4.7316145000000001 22.759981628753373 26.123843500000003 602.77527870826805 68.727374286184855 4.9662760657894385 642.89807683317133 -50.165310664807009 6.6210727799999924 229.35545500000003
decision_type=2 2 2 2 2 2 2 2 2 2 2 2 2 2
left_child=-1 2 3 -2 9 8 -7 -8 10 -3 11 -6 13 -13
right_child=1 4 -4 -5 5 6 7 -9 -10 -11 -12 12 -14 -15
leaf_value=-0.00029202380384568016 2.4876566836370775 0.00058905869348663492 0.011670379757428968 -0.0041867944664262784 0.0062802225724284512 0.064918173243917299 0.0038756031362141242 -0.0048138608904365063 -0.057129893756669346 0.02870910200020493 0.00059100858486409006 0.00017753220650690516 -0.00060888616059485924 -0.05556182821545326
leaf_weight=60997 102 5718 1100 2546 1995 501 4951 588 453 474 8708 172777 81017 845
leaf_count=60997 102 5718 1100 2546 1995 501 4951 588 453 474 8708 172777 81017 845
internal_value=-0.00718612 -8.27611e-05 -0.0105443 -0.0206344 5.82677e-05 -9.04961e-05 0.00655629 0.00397906 -0.00024154 0.00658915 -0.000200194 -0.000381867 -0.000477382 0.000330834
internal_weight=342772 281775 3748 2648 278027 271835 6040 5539 265795 6192 265342 256634 254639 173622
internal_count=342772 281775 3748 2648 278027 271835 6040 5539 265795 6192 265342 256634 254639 173622
is_linear=0
shrinkage=0.04


Tree=149
num_leaves=15
num_cat=0
split_feature=3 2 13 12 13 2 0 3 12 11 11 3 13 10
split_gain=49881.9 284.808 511.252 456.212 177.294 148.39 148.555 263.652 205.734 160.751 146.519 144.158 200.96 199.892
threshold=1.0000000180025095e-35 50.639179000000006 688.62798463473371 87.722790367803341 477.47418470492562 266.41374200000001 22.759981628753373 25.838914000000006 112.55296614865287 68.727374286184855 3.9027100179603811 4.9717675000000012 216.85031073074251 -4.6455314349201275
decision_type=2 2 2 2 2 2 2 2 2 2 2 2 2 2
left_child=-1 2 3 4 10 6 9 -8 -9 11 -2 13 -13 -3
right_child=1 5 -4 -5 -6 -7 7 8 -10 -11 -12 12 -14 -15
leaf_value=-0.00028034285169185934 -0.12252241640999924 0.018615971291811816 -0.0032094387418099401 1.092427983718689 0.85255556596931004 0.025422641346859932 0.06404266865668598 -0.0095484461760703809 0.002868682688643156 -0.053710562665231477 0.00036982802109102763 -0.034764868215000362 -8.1367991487093513e-05 0.00027083410486039127
leaf_weight=61066 1192 1346 1265 465 139 1085 467 305 5280 471 685 483 261095 7914
leaf_count=61066 1192 1346 1265 465 139 1085 467 305 5280 471 685 483 261095 7914
internal_value=-0.00722116 -0.000127856 -0.0110838 -0.000532044 -0.00876984 1.9537e-05 -3.82173e-05 0.00615995 0.00374575 -0.000176478 -0.0119979 -0.000135875 -0.000309506 0.0047689
internal_weight=343258 282192 3746 2481 2016 278446 277361 6052 5585 271309 1877 270838 261578 9260
internal_count=343258 282192 3746 2481 2016 278446 277361 6052 5585 271309 1877 270838 261578 9260
is_linear=0
shrinkage=0.04


Tree=150
num_leaves=15
num_cat=0
split_feature=3 2 13 12 13 11 10 3 11 12 3 10 15 8
split_gain=50006.9 279.539 499.626 414.237 210.743 158.943 152.315 1080.57 276.568 477.479 356.235 834.994 506.722 424.737
threshold=1.0000000180025095e-35 50.639179000000006 688.62798463473371 96.34759113502237 451.28449560170867 4.0521691983030008 -27.4009031752685 24.333761000000006 28.643515040199372 84.192272279294585 20.360076500000002 -21.803663527354463 4.646697706999988 0.67994830919366744
decision_type=2 2 2 2 2 2 2 2 2 2 2 2 2 2
left_child=-1 2 3 4 5 -2 7 -3 -8 -10 11 -11 -12 -13
right_child=1 6 -4 -5 -6 -7 8 -9 9 10 12 13 -14 -15
leaf_value=-0.00026912913762418001 -0.11882315204671835 0.057706284853539083 -0.0030886335973722011 1.157702034539309 0.52917623688275062 0.00037672374400182562 0.000107804533834166 0.00035238565494115191 -0.011951699245515677 0.064050184992352932 -0.025622030940375455 -0.0051745245825124192 -0.0019156914346345011 0.012142445014446595
leaf_weight=61057 1205 2139 1261 387 220 649 193807 35406 1789 1337 2585 10145 25759 5253
leaf_count=61057 1205 2139 1261 387 220 649 193807 35406 1789 1337 2585 10145 25759 5253
internal_value=-0.00717985 -7.23553e-05 -0.0109618 -0.000471353 -0.00756027 -0.0119525 7.33233e-05 0.00244294 -0.000296333 -0.00305368 -0.00224938 0.00237825 -0.00498165 -0.000254579
internal_weight=342999 281942 3722 2461 2074 1854 278220 37545 240675 46868 45079 16735 28344 15398
internal_count=342999 281942 3722 2461 2074 1854 278220 37545 240675 46868 45079 16735 28344 15398
is_linear=0
shrinkage=0.04


Tree=151
num_leaves=15
num_cat=0
split_feature=3 2 14 12 13 2 14 3 14 8 13 2 12 2
split_gain=49859.8 271.19 440.738 437.198 184.357 160.371 148.762 282.672 311.581 293.509 245.192 254.943 408.832 246.313
threshold=1.0000000180025095e-35 50.639179000000006 0.23320872121670802 96.34759113502237 477.47418470492562 266.41374200000001 0.18543426621842238 17.246677500000001 0.1853924718033185 0.97647853353007008 254.05081887727795 72.141422500000019 114.91562178363532 189.76892050000001
decision_type=2 2 2 2 2 2 2 2 2 2 2 2 2 2
left_child=-1 2 3 4 -2 6 7 8 -3 -9 11 -8 -13 -14
right_child=1 5 -4 -5 -6 -7 10 9 -10 -11 -12 12 13 -15
leaf_value=-0.00025836397211921993 -0.0070069428204246444 -0.0010883903911379233 -0.0030086232548588755 1.1512232701438507 0.63488574909071449 0.025799788538132251 0.014171733055418585 0.0019520677186572045 0.0018320407017935381 0.0046200493391300237 -8.5179912567103785e-05 -0.016263047460517373 0.00094163028427241675 -0.0077092366671495773
leaf_weight=60983 1898 25762 1256 398 145 1105 420 25545 780 4669 215551 1194 1913 1315
leaf_count=60983 1898 25762 1256 398 145 1105 420 25545 780 4669 215551 1194 1913 1315
internal_value=-0.00720465 -0.000111367 -0.0108737 -0.000966817 -0.00843857 3.16258e-05 -2.90097e-05 0.00179717 -0.00121468 0.00444297 -0.00049929 -0.00940107 -0.0122298 -0.00483271
internal_weight=342934 281951 3697 2441 2043 278254 277149 56756 26542 30214 220393 4842 4422 3228
internal_count=342934 281951 3697 2441 2043 278254 277149 56756 26542 30214 220393 4842 4422 3228
is_linear=0
shrinkage=0.04


Tree=152
num_leaves=15
num_cat=0
split_feature=3 2 13 12 13 11 10 13 10 10 15 3 11 11
split_gain=49998.9 200.858 450.468 365.108 166.845 227.831 165.63 291.682 250.126 285.552 441.488 390.583 252.763 384.752
threshold=1.0000000180025095e-35 50.639179000000006 688.62798463473371 96.34759113502237 477.47418470492562 4.0521691983030008 91.842445500000011 228.57383096747418 15.441569000000001 17.250566500000001 0.88182971749998285 18.562370000000005 1.3375758930010229 3.4977654812641306
decision_type=2 2 2 2 2 2 2 2 2 2 2 2 2 2
left_child=-1 2 3 4 5 -2 8 -8 12 10 -10 -11 -3 -14
right_child=1 6 -4 -5 -6 -7 7 -9 9 11 -12 -13 13 -15
leaf_value=-0.00024802941323445184 -0.112126091745685 -0.0014836998614640429 -0.0028950826475004732 1.0655986234262014 0.62724316596967788 0.00062722292989530364 -0.0185762416933071 -0.0032678711954487061 -0.0086486405095671688 -0.04655597893800658 0.022483561873922777 0.0042338299403769913 0.00038441869377045637 -9.036046633380757e-05
leaf_weight=61078 1273 24930 1257 400 149 648 884 19784 571 1669 6026 44024 11680 168612
leaf_count=61078 1273 24930 1257 400 149 648 884 19784 571 1669 6026 44024 11680 168612
internal_value=-0.00718947 -8.07358e-05 -0.00930507 0.000615385 -0.00614493 -0.00930765 4.285e-05 -0.00340236 0.000319364 0.00278906 0.0105684 0.0016659 -0.000309908 0.0002121
internal_weight=342985 281907 3727 2470 2070 1921 278180 20668 257512 52290 6597 45693 205222 180292
internal_count=342985 281907 3727 2470 2070 1921 278180 20668 257512 52290 6597 45693 205222 180292
is_linear=0
shrinkage=0.04


Tree=153
num_leaves=15
num_cat=0
split_feature=3 2 14 12 11 13 2 3 12 1 3 11 12 3
split_gain=49974.9 204.755 429.125 362.691 163.586 192.193 152.224 150.382 150.986 150.449 975.69 223.056 486.139 335.351
threshold=1.0000000180025095e-35 50.639179000000006 0.23320872121670802 96.34759113502237 4.0521691983030008 496.81713644221236 266.41374200000001 4.6544990000000013 101.83984810663317 28.57382758215617 26.123843500000003 28.643515040199372 84.192272279294585 22.215964500000002
decision_type=2 2 2 2 2 2 2 2 2 2 2 2 2 2
left_child=-1 2 3 4 5 -2 7 8 -3 11 -11 -9 -13 -14
right_child=1 6 -4 -5 -6 -7 -8 9 -10 10 -12 12 13 -15
leaf_value=-0.00023810823670507021 -0.10669193358144313 0.00047790387369754054 -0.0027189691175608923 1.0229746784891536 0.00060480232690500739 0.60219555358870314 0.024184183563328396 3.8649749980851357e-05 0.037470442711005497 0.047330854496073445 0.00020655646785470495 -0.012098553143387036 0.0016399321553204815 -0.0029328260204208403
leaf_weight=61007 1329 4512 1266 403 650 101 1090 188633 648 2493 30526 1766 21449 27062
leaf_count=61007 1329 4512 1266 403 650 101 1090 188633 648 2493 30526 1766 21449 27062
internal_value=-0.00717465 -7.15076e-05 -0.00935716 0.000306081 -0.00642308 -0.013986 5.36345e-05 -5.05253e-06 0.00675969 -0.000133417 0.00239741 -0.000483195 -0.00285061 -0.00210014
internal_weight=342935 281928 3749 2483 2080 1430 278179 277089 5160 271929 33019 238910 50277 48511
internal_count=342935 281928 3749 2483 2080 1430 278179 277089 5160 271929 33019 238910 50277 48511
is_linear=0
shrinkage=0.04


Tree=154
num_leaves=15
num_cat=0
split_feature=7 10 11 15 12 13 11 11 10 13 15 10 9 8
split_gain=50040.2 147.949 324.601 611.119 504.133 348.374 256.483 245.319 303.224 601.269 412.251 262.527 334.767 299.027
threshold=1.0000000180025095e-35 -22.101432053955183 7.8035022786895416 2.0657422474999838 65.666166740584046 536.41543727593194 38.756580087412758 1.3375758930010229 -2.4011271931334925 390.72398086571758 5.0983766455000117 -9.7225306069897481 0.09184936334028411 0.99992710444858568
decision_type=2 2 2 2 2 2 2 2 2 2 2 2 2 2
left_child=-1 6 7 -4 5 -5 -2 8 9 -3 -11 -12 13 -13
right_child=1 2 3 4 -6 -7 -8 -9 -10 10 11 12 -14 -15
leaf_value=-0.0002285839072368745 0.0027141831006528973 -0.015648540380735744 -0.0030329884861177449 -0.0044378778424892752 -0.00063674602463561656 0.013230113710825737 -0.00031370822067333995 0.00025746888787781864 0.00039407110064157094 -0.018502363849229122 -0.0069160842573853199 0.0070368904007480906 -0.029629799204105533 0.0014152231881254407
leaf_weight=60948 25642 2406 1356 2988 92302 170 33028 27492 91569 1078 1247 836 181 1778
leaf_count=60948 25642 2406 1356 2988 92302 170 33028 27492 91569 1078 1247 836 181 1778
internal_value=-0.00713297 -3.13394e-05 -0.000500799 -0.00224426 -0.00186549 -0.0175807 0.00175626 0.000832629 -9.48585e-05 -0.00781292 -6.25e-05 0.00579911 0.0126082 0.016251
internal_weight=343021 282073 223403 96816 95460 3158 58670 126587 99095 7526 5120 4042 2795 2614
internal_count=343021 282073 223403 96816 95460 3158 58670 126587 99095 7526 5120 4042 2795 2614
is_linear=0
shrinkage=0.04


Tree=155
num_leaves=15
num_cat=0
split_feature=3 2 14 3 2 12 10 12 0 3 12 13 0 13
split_gain=49907.2 139.001 174.968 453.003 345.144 220.403 133.215 160.627 122.971 252.43 204.869 143.811 325.017 328.115
threshold=1.0000000180025095e-35 266.41374200000001 0.23320872121670802 34.463358500000005 206.42608650000003 112.55296614865287 262.64325050000008 134.08173911903049 22.759981628753373 25.838914000000006 112.55296614865287 320.70751591614822 8.958248279549915 266.16836799851399
decision_type=2 2 2 2 2 2 2 2 2 2 2 2 2 2
left_child=-1 2 6 4 -4 -5 8 -8 11 -10 -11 12 -2 -14
right_child=1 -3 3 5 -6 -7 7 -9 9 10 -12 -13 13 -15
leaf_value=-0.00021944055094740732 0.00027705465072329848 0.022671254256534611 -0.0036847212113104888 -0.021025939643001933 -1.1925514116839509e-05 0.039141924869851491 -0.060998698407183978 0.059809277170048872 0.061390446572721032 -0.0096520529292162243 0.0026345968117145254 -0.00016087715491063469 0.014398840285659133 0.0025581313194077081
leaf_weight=61002 62444 1085 1936 891 1221 859 834 223 465 309 5326 199177 1970 5088
leaf_count=61002 62444 1085 1936 891 1221 859 834 223 465 309 5326 199177 1970 5088
internal_value=-0.00719634 -9.5945e-05 -0.00015117 -0.00763807 -0.0166867 0.00868571 -1.79817e-05 -0.0141911 3.65385e-05 0.00565246 0.003315 -9.09636e-05 0.00147564 0.00961179
internal_weight=342830 281828 280743 4907 3157 1750 275836 1057 274779 6100 5635 268679 69502 7058
internal_count=342830 281828 280743 4907 3157 1750 275836 1057 274779 6100 5635 268679 69502 7058
is_linear=0
shrinkage=0.04


Tree=156
num_leaves=15
num_cat=0
split_feature=3 14 9 1 2 0 3 9 14 10 15 12 3 3
split_gain=49856.1 148.515 418.568 275.593 270.896 215.565 188.487 183.32 163.348 284.885 337.749 469.595 355.981 317.99
threshold=1.0000000180025095e-35 0.21785094171797917 0.096372164254957718 27.600926392723071 81.321602000000013 20.516159828312226 201.74619950000002 0.00018222964174596792 0.21021760849986634 24.635954500000004 1.1937700325000125 113.69792437152138 55.627887500000007 41.604811500000004
decision_type=2 2 2 2 2 2 2 2 2 2 2 2 2 2
left_child=-1 6 3 7 -4 -6 8 -3 9 -2 -11 12 -12 -13
right_child=1 2 4 -5 5 -7 -8 -9 -10 10 11 13 -14 -15
leaf_value=-0.00021066292890951744 -0.00024264272084331573 -0.0061586087763212749 -0.0023382594722855111 -0.0094460753732499257 -0.0022967505613432238 0.016609261012149643 -0.03743444654933769 0.0048196623447360754 0.0005884468635750839 -0.0027370936616903309 0.038167093357360612 0.022184505817161321 0.10702399955202886 -0.0015975261891254223
leaf_weight=60859 187187 187 1300 334 12731 269 2814 1282 33485 4843 2436 17907 1180 15876
leaf_count=60859 187187 187 1300 334 12731 269 2814 1282 33485 4843 2436 17907 1180 15876
internal_value=-0.00716776 -7.7919e-05 -0.00380799 0.0143539 -0.0060979 -0.00435692 0.000148121 0.0218108 0.000258335 -0.000122565 0.00284456 0.00413166 0.0178319 0.00266525
internal_weight=342690 281831 16103 1803 14300 13000 265728 1469 262914 229429 42242 37399 3616 33783
internal_count=342690 281831 16103 1803 14300 13000 265728 1469 262914 229429 42242 37399 3616 33783
is_linear=0
shrinkage=0.04


Tree=157
num_leaves=15
num_cat=0
split_feature=3 2 14 3 12 2 1 3 15 15 15 12 12 12
split_gain=50045.1 138.289 157.823 412.834 275.951 246.73 131.085 314.669 171.29 158.555 139.806 299.077 406.458 377.664
threshold=1.0000000180025095e-35 266.41374200000001 0.23320872121670802 35.527101500000008 113.18350062455625 206.42608650000003 41.979986407112854 37.034547000000011 8.4516063852500043 8.66960060162498 6.3215550291249807 81.631037826400217 66.357867113784678 58.070174837026364
decision_type=2 2 2 2 2 2 2 2 2 2 2 2 2 2
left_child=-1 2 6 5 -5 -4 10 -8 -9 -10 -2 12 13 -12
right_child=1 -3 3 4 -6 -7 7 8 9 -11 11 -13 -14 -15
leaf_value=-0.0002022364117531339 0.00019798935451968092 0.022570150968545449 -0.0034670296265557356 -0.019902421235634914 0.053829246608257934 -0.0012922334335446096 0.089744324956251093 -0.0046913169326173619 0.0093191300237462533 0.0007067556311357501 0.00090605194610063225 -0.0016627512187160597 0.00053228252883130267 -0.00083902667452782963
leaf_weight=61064 166195 1097 2171 870 689 1212 437 1818 1721 4374 1281 78590 13012 8809
leaf_count=61064 166195 1097 2171 870 689 1212 437 1818 1721 4374 1281 78590 13012 8809
internal_value=-0.00716607 -6.32006e-05 -0.000118501 -0.00720356 0.00982681 -0.0150517 8.25378e-06 0.00494371 0.00311892 0.00633306 -0.000145584 -0.00131377 0.00268721 -0.00333796
internal_weight=343340 282276 281179 4942 1559 3383 276237 8350 7913 6095 267887 101692 23102 10090
internal_count=343340 282276 281179 4942 1559 3383 276237 8350 7913 6095 267887 101692 23102 10090
is_linear=0
shrinkage=0.04


Tree=158
num_leaves=15
num_cat=0
split_feature=3 14 8 14 11 0 0 10 3 11 12 3 10 0
split_gain=49974.6 133.007 340.29 201.785 201.598 389.188 237.504 183.066 952.164 314.023 453.24 359.201 674.841 358.663
threshold=1.0000000180025095e-35 0.21634704817020331 0.82473087582748816 0.21256765339438269 15.377144839164561 16.155596857377756 26.132879507514499 -27.4009031752685 24.333761000000006 26.814469661847209 84.192272279294585 22.215964500000002 -22.101432053955183 17.847985644810944
decision_type=2 2 2 2 2 2 2 2 2 2 2 2 2 2
left_child=-1 3 -3 7 5 -4 -6 8 -2 -9 -11 12 -12 -14
right_child=1 2 4 -5 6 -7 -8 9 -10 10 11 -13 13 -15
leaf_value=-0.00019414695528300997 0.05554091422298315 -0.0016837595563561573 0.00049294303922662545 0.0016599712418580647 0.011764086803278142 -0.007769298897034478 -0.0075791723077126665 0.00010023295929963539 0.00054308368057230715 -0.010304618055048049 0.035736819111304212 -0.0033414130157165545 -0.0026535985958002616 0.054049819215319567
leaf_weight=60958 2081 17352 3510 12028 848 595 255 169601 28493 2090 2743 21550 20162 831
leaf_count=60958 2081 17352 3510 12028 848 595 255 169601 28493 2090 2743 21550 20162 831
internal_value=-0.00715704 -6.11046e-05 -0.00300709 0.000194931 0.00596006 0.00188063 0.0211423 -5.08986e-05 0.00284686 -0.000459219 -0.0033384 -0.0024979 0.000896528 -0.00154147
internal_weight=343097 282139 22560 259579 5208 4105 1103 247551 30574 216977 47376 45286 23736 20993
internal_count=343097 282139 22560 259579 5208 4105 1103 247551 30574 216977 47376 45286 23736 20993
is_linear=0
shrinkage=0.04


Tree=159
num_leaves=15
num_cat=0
split_feature=3 0 3 12 11 14 8 11 3 3 14 11 2 13
split_gain=50023.1 133.089 279.855 174.865 171.615 166.095 457.478 386.157 171.537 189.571 208.068 165.296 155.174 154.931
threshold=1.0000000180025095e-35 20.516159828312226 23.398181500000003 112.55296614865287 68.727374286184855 0.21850692549482056 0.9045177159801846 7.8035022786895416 201.74619950000002 152.87389600000003 0.20229448653655233 19.623276688342976 122.11296450000002 602.77527870826805
decision_type=2 2 2 2 2 2 2 2 2 2 2 2 2 2
left_child=-1 4 -3 -4 5 8 7 12 9 -2 -11 -9 -7 -12
right_child=1 2 3 -5 -6 6 -8 11 -10 10 13 -13 -14 -15
leaf_value=-0.00018638107707168671 2.0009226355666156e-05 0.057135023016194886 -0.0037396612610609424 0.0022898051599526811 -0.05214826076479552 0.0004750917777181263 0.0041349640617089102 -0.0044572460969729468 -0.035068700720164651 0.040588129963125504 -0.049596231924674716 -0.0018969767579697105 -0.0049851191785184887 0.033443226076405728
leaf_weight=60949 255757 673 582 7864 444 311 959 1211 2788 1224 469 3189 6291 285
leaf_count=60949 255757 673 582 7864 444 311 959 1211 2788 1224 469 3189 6291 285
internal_value=-0.00713921 -3.81497e-05 0.00471543 0.00273739 -0.000196975 -0.000156486 -0.00476549 -0.00707508 5.51199e-05 0.000161872 0.0124975 -0.0162545 -0.000957286 -0.00403183
internal_weight=342996 282047 9119 8446 272928 272484 11961 11002 260523 257735 1978 4400 6602 754
internal_count=342996 282047 9119 8446 272928 272484 11961 11002 260523 257735 1978 4400 6602 754
is_linear=0
shrinkage=0.04


end of trees

feature_importances:
control_value=392
pressure_bar=360
injection_minus_liquid=280
allocated_injection_m3d=244
neighbor_pressure_bar=213
completed_net_thickness_m=188
perm_md=171
poro=120
oil_tpd=99
liquid_tpd=98
oil_fraction=38
watercut=19
status=12
target_lrat=6

parameters:
[boosting: gbdt]
[objective: regression_l1]
[metric: l1]
[tree_learner: serial]
[device_type: cpu]
[data_sample_strategy: bagging]
[data: ]
[valid: ]
[num_iterations: 160]
[learning_rate: 0.04]
[num_leaves: 15]
[num_threads: 1]
[seed: 20260850]
[deterministic: 1]
[force_col_wise: 1]
[force_row_wise: 0]
[histogram_pool_size: -1]
[max_depth: -1]
[min_data_in_leaf: 12]
[min_sum_hessian_in_leaf: 0.001]
[bagging_fraction: 0.9]
[pos_bagging_fraction: 1]
[neg_bagging_fraction: 1]
[bagging_freq: 1]
[bagging_seed: 21880]
[bagging_by_query: 0]
[feature_fraction: 0.9]
[feature_fraction_bynode: 1]
[feature_fraction_seed: 15328]
[extra_trees: 0]
[extra_seed: 27766]
[early_stopping_round: 0]
[early_stopping_min_delta: 0]
[first_metric_only: 0]
[max_delta_step: 0]
[lambda_l1: 0]
[lambda_l2: 0]
[linear_lambda: 0]
[min_gain_to_split: 0]
[drop_rate: 0.1]
[max_drop: 50]
[skip_drop: 0.5]
[xgboost_dart_mode: 0]
[uniform_drop: 0]
[drop_seed: 17480]
[top_rate: 0.2]
[other_rate: 0.1]
[min_data_per_group: 100]
[max_cat_threshold: 32]
[cat_l2: 10]
[cat_smooth: 10]
[max_cat_to_onehot: 4]
[top_k: 20]
[monotone_constraints: ]
[monotone_constraints_method: basic]
[monotone_penalty: 0]
[feature_contri: ]
[forcedsplits_filename: ]
[refit_decay_rate: 0.9]
[cegb_tradeoff: 1]
[cegb_penalty_split: 0]
[cegb_penalty_feature_lazy: ]
[cegb_penalty_feature_coupled: ]
[path_smooth: 0]
[interaction_constraints: ]
[verbosity: -1]
[saved_feature_importance_type: 0]
[use_quantized_grad: 0]
[num_grad_quant_bins: 4]
[quant_train_renew_leaf: 0]
[stochastic_rounding: 1]
[linear_tree: 0]
[max_bin: 255]
[max_bin_by_feature: ]
[min_data_in_bin: 3]
[bin_construct_sample_cnt: 200000]
[data_random_seed: 4857]
[is_enable_sparse: 1]
[enable_bundle: 1]
[use_missing: 1]
[zero_as_missing: 0]
[feature_pre_filter: 1]
[pre_partition: 0]
[two_round: 0]
[header: 0]
[label_column: ]
[weight_column: ]
[group_column: ]
[ignore_column: ]
[categorical_feature: ]
[forcedbins_filename: ]
[precise_float_parser: 0]
[parser_config_file: ]
[objective_seed: 5166]
[num_class: 1]
[is_unbalance: 0]
[scale_pos_weight: 1]
[sigmoid: 1]
[boost_from_average: 1]
[reg_sqrt: 0]
[alpha: 0.9]
[fair_c: 1]
[poisson_max_delta_step: 0.7]
[tweedie_variance_power: 1.5]
[lambdarank_truncation_level: 30]
[lambdarank_norm: 1]
[label_gain: ]
[lambdarank_position_bias_regularization: 0]
[eval_at: ]
[multi_error_top_k: 1]
[auc_mu_weights: ]
[num_machines: 1]
[local_listen_port: 12400]
[time_out: 120]
[machine_list_filename: ]
[machines: ]
[gpu_platform_id: -1]
[gpu_device_id: -1]
[gpu_use_dp: 0]
[num_gpu: 1]

end of parameters

pandas_categorical:null
