tree
version=v4
num_class=1
num_tree_per_iteration=1
label_index=0
max_feature_idx=15
objective=regression_l1
feature_names=oil_tpd liquid_tpd pressure_bar control_value target_orat target_lrat target_wrat status oil_fraction watercut injection_minus_liquid allocated_injection_m3d neighbor_pressure_bar perm_md poro completed_net_thickness_m
feature_infos=[0:43.133126997749606] [0:65.965654103293801] [0:284.39871199999999] [0:415.8689] none [0:1] [0:1] [0:1] [0:1] [0:1] [-65.965654103293801:415.8689] [0:107.72535392498621] [0:229.06531212722095] [212.71655300490687:738.00869701563943] [0.15975654196058092:0.23766614019099039] [0.63501341750003348:13.268681986250044]
tree_sizes=1544 1528 1555 1544 1554 1553 1552 1524 1557 1557 1552 1555 1550 1574 1548 1549 1558 1554 1545 1555 1572 1550 1564 1538 1543 1546 1555 1545 1536 1540 1527 1541 1535 1532 1547 1533 1544 1551 1554 1517 1569 1570 1521 1530 1556 1530 1546 1527 1539 1550 1550 1527 1524 1564 1503 1505 1529 1547 1507 1519 1525 1521 1506 1539 1541 1534 1554 1542 1555 1533 1490 1506 1478 1495 1517 1514 1532 1467 1515 1494 1518 1526 1477 1499 1499 1501 1523 1498 1476 1519 1528 1514 1484 1475 1474 1480 1516 1462 1514 1421 1465 1511 1445 1500 1470 1530 1474 1455 1503 1473 1498 1518 1470 1483 1477 1465 1453 1428 1533 1431 1497 1493 1442 1494 1473 1486 1486 1484 1508 1484 1482 1535 1440 1539 1514 1455 1463 1455 1458 1460 1465 1497 1465 1482 1465 1493 1449 1460 1464 1498 1470 1455 1473 1437 1468 1480 1492 1468 1455 1480

Tree=0
num_leaves=15
num_cat=0
split_feature=9 0 15 11 11 11 10 9 3 11 3 10 1 0
split_gain=7782.04 6076.26 4575.32 3924.44 3656.51 2091.95 1720.08 1692.49 956.992 920.302 864.143 1125.21 851.897 825.194
threshold=0.00097205029679642296 3.1277141783093088 8.4516063852500043 0.85204449393877002 24.050114154040831 1.0092269903489177 -16.977699937786408 0.79077166656078801 4.8893595000000012 20.123277571706438 24.882543500000001 -27.09725372700343 23.720411984202631 4.1153649273680726
decision_type=2 2 2 2 2 2 2 2 2 2 2 2 2 2
left_child=1 -1 4 -3 6 -4 -2 -6 -5 13 11 -9 -12 -8
right_child=2 3 5 8 7 -7 9 10 -10 -11 12 -13 -14 -15
leaf_value=-0.0016639897972345352 0.0030104115605354312 -0.011477507352828979 0 -0.014659934639930726 -0.0049601769447326664 0.0061506021022796628 0 -0.1388798236846924 0.00062126066535711294 -0.0030743798613548281 -0.0027553242444992064 -0.0020886646211147309 0.0043763729929924009 0.0014237704873085021
leaf_weight=30718 15777 5461 14273 2200 34748 27587 136251 2112 31154 7928 2935 10161 13632 8011
leaf_count=30718 15777 5461 14273 2200 34748 27587 136251 2112 31154 7928 2935 10161 13632 8011
internal_value=-0.00291135 -0.0148597 0.000127279 -0.00434059 -0.00207277 0.0122972 0.00101996 -0.0102422 0.0008059 -0.00028333 -0.00307906 -0.0111236 0.00288042 0.000445855
internal_weight=342948 69533 273415 38815 231555 41860 167967 63588 33354 152190 28840 12273 16567 144262
internal_count=342948 69533 273415 38815 231555 41860 167967 63588 33354 152190 28840 12273 16567 144262
is_linear=0
shrinkage=0.04


Tree=1
num_leaves=15
num_cat=0
split_feature=9 0 11 3 11 13 2 0 1 11 14 3 1 13
split_gain=7453.07 5857.45 3654.28 2629.53 3678.98 2131.31 2100.65 1723.15 1071.29 2120.85 1732.28 1044.07 1385.78 1581.1
threshold=0.00097205029679642296 3.1277141783093088 0.85204449393877002 24.364419000000002 20.123277571706438 642.89807683317133 103.94040250000002 2.3514928214153388 22.84883281396737 25.508799110838158 0.22601595510611858 14.348127000000002 25.080073643118073 268.7841962257441
decision_type=2 2 2 2 2 2 2 2 2 2 2 2 2 2
left_child=1 -1 -3 4 -2 6 -5 -7 9 -8 -10 -6 13 -13
right_child=3 2 -4 5 11 7 8 -9 10 -11 -12 12 -14 -15
leaf_value=-0.0015937137812376025 0 -0.010954587173461913 0.00017270305901765821 0.0023825488686561587 -0.011593213176727296 -0.013404388022422791 0 0.0087727380275726321 0.004189677882194519 -0.003511581963300705 -0.0055838013648986818 -0.0052971298456192016 -0.10409495363235474 -0.0013304113507270812
leaf_weight=30763 102467 5426 33262 13605 6949 582 62683 6307 37700 8832 2239 4773 4354 22851
leaf_count=30763 102467 5426 33262 13605 6949 582 62683 6307 37700 8832 2239 4773 4354 22851
internal_value=-0.00283868 -0.0145397 -0.00418114 0.000134337 -0.0036556 0.00419559 0.00300242 0.0258557 0.00119116 -0.0017395 0.00643882 -0.0141239 -0.0110701 -0.00776426
internal_weight=342793 69451 38688 273342 141394 131948 125059 6889 111454 71515 39939 38927 31978 27624
internal_count=342793 69451 38688 273342 141394 131948 125059 6889 111454 71515 39939 38927 31978 27624
is_linear=0
shrinkage=0.04


Tree=2
num_leaves=15
num_cat=0
split_feature=9 0 15 11 11 10 10 8 3 10 11 10 3 13
split_gain=7020.33 5845.13 4275.58 3505.28 3189.8 1977.49 1645.54 1611.86 1070.98 1054.37 959.252 1174.95 901.002 851.571
threshold=0.01037170892444106 3.1277141783093088 8.4516063852500043 1.0000000180025095e-35 24.180775303799852 -6.5235966723839498 -16.772709645287627 0.24839895099123729 24.364419000000002 -26.791884921738234 14.770383313986178 -3.5525082131181303 4.8893595000000012 289.15636952549113
decision_type=2 2 2 2 2 2 2 2 2 2 2 2 2 2
left_child=1 -1 4 -3 6 -4 -2 8 9 -6 11 -8 -5 -12
right_child=2 3 5 12 7 -7 10 -9 -10 -11 13 -13 -14 -15
leaf_value=-0.0015389388582706452 0.0029231128659248352 -0.010529292594909668 0.0062600677800178526 -0.014071785417854785 -0.13402451438522339 0 0.0017762529355287552 -0.0047985046408176423 0.00098339924162626265 -0.0030066764322519302 -0.0051325198969841002 0 0.00044930221298336982 -0.0008568639848232269
leaf_weight=30914 15602 5626 26306 2204 2153 15241 5426 28953 19734 11854 2955 133038 34260 8647
leaf_count=30914 15602 5626 26306 2204 2153 15241 5426 28953 19734 11854 2955 133038 34260 8647
internal_value=-0.00279499 -0.0137998 0.000181543 -0.00409979 -0.00196583 0.0119845 0.000942367 -0.00965068 -0.00370943 -0.0121682 -0.000343049 0.000582679 0.000434401 -0.0113911
internal_weight=342913 73004 269909 42090 228362 41547 165668 62694 33741 14007 150066 138464 36464 11602
internal_count=342913 73004 269909 42090 228362 41547 165668 62694 33741 14007 150066 138464 36464 11602
is_linear=0
shrinkage=0.04


Tree=3
num_leaves=15
num_cat=0
split_feature=9 0 15 11 11 11 1 8 3 1 1 11 14 3
split_gain=6675.63 5404.28 3894.88 3252.7 3052.39 1790.32 1534.89 1491.16 998.47 989.303 874.215 840.003 874.815 838.016
threshold=0.00097205029679642296 3.1277141783093088 8.4516063852500043 1.0000000180025095e-35 24.180775303799852 1.0092269903489177 17.047961370320767 0.24839895099123729 23.989954500000003 25.779465133185116 23.062351794280705 20.123277571706438 0.17495902990765722 4.8893595000000012
decision_type=2 2 2 2 2 2 2 2 2 2 2 2 2 2
left_child=1 -1 4 -3 6 -4 11 8 9 -6 -10 -2 -13 -5
right_child=2 3 5 13 7 -7 -8 -9 10 -11 -12 12 -14 -15
leaf_value=-0.0014646183103656767 0 -0.010126702043075562 0 -0.013596475012454987 -0.0026835409139490131 0.0054777187363624566 0.0027755891777420045 -0.0046939985086059573 -0.0025725408491873744 -0.11491789210144043 0.0034650668566441533 -0.0051816653691864013 -0.00075352002678871158 0.00058684596287846566
leaf_weight=30697 144295 5396 14237 2170 10997 27570 15783 29389 3705 2444 16528 2539 5874 31064
leaf_count=30697 144295 5396 14237 2170 10997 27570 15783 29389 3705 2444 16528 2539 5874 31064
internal_value=-0.0027401 -0.0138261 7.14074e-05 -0.00387057 -0.00195738 0.0113082 0.000852271 -0.00946419 -0.003718 -0.0121687 0.00189591 -0.000375095 -0.0126614 0.000806403
internal_weight=342688 69327 273361 38630 231554 41807 168491 63063 33674 13441 20233 152708 8413 33234
internal_count=342688 69327 273361 38630 231554 41807 168491 63063 33674 13441 20233 152708 8413 33234
is_linear=0
shrinkage=0.04


Tree=4
num_leaves=15
num_cat=0
split_feature=9 0 15 11 11 10 9 10 11 10 3 13 2 11
split_gain=6512.28 5264.22 3826.16 2994.78 2882.71 1825.5 1430.07 1400.72 899.376 1092.03 859.766 825.26 681.195 704.663
threshold=0.01037170892444106 3.5487538955621534 8.4516063852500043 1.0000000180025095e-35 24.180775303799852 -6.5235966723839498 0.79306930647298579 -16.772709645287627 14.421394047025116 -3.5525082131181303 4.8893595000000012 289.15636952549113 52.801012000000007 1.0000000180025095e-35
decision_type=2 2 2 2 2 2 2 2 2 2 2 2 2 2
left_child=1 12 4 -3 7 -4 -6 -2 9 -9 -5 -10 -1 -14
right_child=2 3 5 10 6 -7 -8 8 11 -11 -12 -13 13 -15
leaf_value=-0.0013241475248657226 0.00267705829714241 -0.010339048078211977 0.0058011120783157356 -0.014078114521363832 -0.0042863850099769596 0 -0.0011103043291458129 0.0016792012246370316 -0.0047409118636260981 0 0.00055415206812753685 -0.00081644814811763762 -0.0037862607264839174 -0.001268807741435623
leaf_weight=12961 15632 5168 26307 2089 34170 15278 28315 5355 2989 133093 32548 8909 3383 16785
leaf_count=12961 15632 5168 26307 2089 34170 15278 28315 5355 2989 133093 32548 8909 3383 16785
internal_value=-0.00274428 -0.0133502 0.000120127 -0.00354629 -0.00191121 0.01128 -0.00923422 0.000845654 -0.000339218 0.000567722 0.000691746 -0.0108926 -0.0251296 -0.0205315
internal_weight=342982 72934 270048 39805 228463 41585 62485 165978 150346 138448 34637 11898 33129 20168
internal_count=342982 72934 270048 39805 228463 41585 62485 165978 150346 138448 34637 11898 33129 20168
is_linear=0
shrinkage=0.04


Tree=5
num_leaves=15
num_cat=0
split_feature=9 1 15 11 11 10 10 8 11 10 14 3 3 1
split_gain=6136.72 4954.91 3655.76 2813.06 2649.91 1729.28 1560.35 1255.12 1102.33 1010.05 914.888 826.794 774.746 748.377
threshold=0.014253398756690074 3.6291174130488497 8.4516063852500043 1.0000000180025095e-35 25.26757757936112 -6.5235966723839498 -16.977699937786408 0.24839895099123729 14.770383313986178 -3.5525082131181303 0.17495902990765722 14.348127000000002 4.6459410000000014 3.9461773783920533
decision_type=2 2 2 2 2 2 2 2 2 2 2 2 2 2
left_child=1 -1 4 -3 6 -4 -2 11 9 -8 -10 -6 -5 -12
right_child=2 3 5 12 7 -7 8 -9 10 -11 13 -13 -14 -15
leaf_value=-0.0013784355627844392 0.0028156871131896359 -0.010308820910981018 0.0055827447006098945 -0.018535520164355713 -0.017346412147818315 0 0.0016572415987892151 -0.0044312978160617215 -0.004312770979291016 0 -0.011909442340041329 -0.0010328003601874009 0.00041839786088880923 -0.00033175634806795689
leaf_weight=33497 16207 5117 26367 1294 1540 15188 5313 27638 3257 133187 1061 30414 33655 9658
leaf_count=33497 16207 5117 26367 1294 1540 15188 5313 27638 3257 133187 1061 30414 33655 9658
internal_value=-0.00267134 -0.0129125 0.000120669 -0.00342036 -0.00186582 0.0110331 0.000695743 -0.00911666 -0.000558514 0.000521877 -0.011265 -0.00371784 0.000635211 -0.00562366
internal_weight=343393 73563 269830 40066 228275 41555 168683 59592 152476 138500 13976 31954 34949 10719
internal_count=343393 73563 269830 40066 228275 41555 168683 59592 152476 138500 13976 31954 34949 10719
is_linear=0
shrinkage=0.04


Tree=6
num_leaves=15
num_cat=0
split_feature=9 0 15 11 11 10 10 3 10 9 3 13 2 11
split_gain=5852.17 4783.19 3418.38 2765.89 2431.4 1641.55 1379.66 1111.85 1061.84 818.885 673.486 671.403 626.213 773.678
threshold=0.014253398756690074 3.5487538955621534 8.4516063852500043 1.0000000180025095e-35 22.982291403944195 -6.5235966723839498 -19.102303337784953 19.266584500000004 -16.977699937786408 0.57611010333065971 4.8064825000000004 520.88873726602321 52.801012000000007 1.0000000180025095e-35
decision_type=2 2 2 2 2 2 2 2 2 2 2 2 2 2
left_child=1 12 4 -3 8 11 7 -6 -2 -9 -5 -4 -1 -14
right_child=2 3 5 10 6 -7 -8 9 -10 -11 -12 -13 13 -15
leaf_value=-0.0012175595004415185 0.0026020007679739255 -0.0094955660416896053 0.0034802512625687135 -0.013930756301951055 -0.070682905239795452 0 -0.0037264680024823339 -0.0052333014437901939 0 0.00028520751952492909 0.00048497985580125069 0.0077294522816174042 -0.0035384158809041652 -0.001161202289566961
leaf_weight=12959 13195 5227 15121 1813 2516 15252 26906 5500 147863 32072 33382 11088 3428 16789
leaf_count=12959 13195 5227 15121 1813 2516 15252 26906 5500 147863 32072 33382 11088 3428 16789
internal_value=-0.00258622 -0.012583 0.000143667 -0.00334471 -0.00177714 0.0107089 -0.00818103 -0.00347835 0.000886637 -0.0017545 0.000687598 0.0167805 -0.0238389 -0.0194391
internal_weight=343111 73598 269513 40422 228052 41461 66994 40088 161058 37572 35195 26209 33176 20217
internal_count=343111 73598 269513 40422 228052 41461 66994 40088 161058 37572 35195 26209 33176 20217
is_linear=0
shrinkage=0.04


Tree=7
num_leaves=15
num_cat=0
split_feature=9 0 15 10 9 3 2 13 2 1 13 13 12 2
split_gain=5614.45 4470.6 3133.55 1547.59 912.609 1757.65 1766.24 806.362 834.664 812.525 667.483 626.806 659.818 681.04
threshold=0.01037170892444106 3.5487538955621534 8.4516063852500043 -6.7702553714209932 0.83453095625617413 20.268258000000003 96.21310800000002 513.32521284928225 108.04691300000002 15.626763812917124 520.88873726602321 515.31255052261804 69.409382822894841 75.773163000000011
decision_type=2 2 2 2 2 2 2 2 2 2 2 2 2 2
left_child=1 -1 4 10 5 -2 -7 9 -9 -8 -4 12 13 -3
right_child=2 11 3 -5 -6 6 7 8 -10 -11 -12 -13 -14 -15
leaf_value=-0.0012748401392989801 -0.005019718328225049 -0.010153321982785693 0.003258761842711717 0 0 0.0018859771774047088 -0.0031837692062242641 0.0010512355134719086 -0.0037539402356198083 0.00031090881477629243 0.0079302564737065134 -0.0037075439705099968 -3.7025894808967973e-06 0.0014546858377915424
leaf_weight=33164 20770 1912 15155 15602 159125 7051 3404 2644 9044 26527 10746 4453 32763 789
leaf_count=33164 20770 1912 15155 15602 159125 7051 3404 2644 9044 26527 10746 4453 32763 789
internal_value=-0.0025259 -0.0123616 0.00013567 0.010247 -0.00170035 -0.0055265 -0.00136922 -0.00450563 -0.0134155 -0.00102636 0.0162418 -0.00334394 -0.00156779 -0.0205702
internal_weight=343149 73081 270068 41503 228565 69440 48670 41619 11688 29931 25901 39917 35464 2701
internal_count=343149 73081 270068 41503 228565 69440 48670 41619 11688 29931 25901 39917 35464 2701
is_linear=0
shrinkage=0.04


Tree=8
num_leaves=15
num_cat=0
split_feature=9 1 15 11 11 11 10 3 8 11 14 9 0 11
split_gain=5239.71 3928.95 2744.99 2633.91 2276.17 1335.38 1298.01 1153.44 976.293 923.065 879.733 823.457 704.058 1058.46
threshold=0.00014081328181542177 3.6291174130488497 8.4516063852500043 0.85204449393877002 25.26757757936112 0.74977651046900984 -17.196980882306303 14.640289500000002 0.25534480285798838 20.123277571706438 0.17495902990765722 0.036317023422238588 3.5053551298830201 3.7401889199140981
decision_type=2 2 2 2 2 2 2 2 2 2 2 2 2 2
left_child=1 -1 4 -3 6 -4 -2 -6 -9 12 -11 -7 13 -8
right_child=2 3 5 -5 7 11 9 8 -10 10 -12 -13 -14 -15
leaf_value=-0.0012592429656499333 0.0026022801231225501 -0.010640915877784454 0 0.00035406064040029948 -0.010624933064100259 -0.0017492785554105628 0 -0.00084481681019256091 -0.003431929100230159 -0.0039497262167627178 -0.00074870181796877133 0.0046848488308776377 0.0010201848994096253 -0.003742608428001404
leaf_weight=31439 16628 4332 14446 28818 5813 993 133671 30692 23904 3524 7778 26909 10851 3359
leaf_count=31439 16628 4332 14446 28818 5813 993 133671 30692 23904 3524 7778 26909 10851 3359
internal_value=-0.00248714 -0.012752 -0.000107119 -0.00314449 -0.00178833 0.0092708 0.000513278 -0.00848681 -0.00668327 -0.000597551 -0.0116156 0.0143818 0.000244521 -0.000532146
internal_weight=343157 64589 278568 33150 236220 42348 175811 60409 54596 159183 11302 27902 147881 137030
internal_count=343157 64589 278568 33150 236220 42348 175811 60409 54596 159183 11302 27902 147881 137030
is_linear=0
shrinkage=0.04


Tree=9
num_leaves=15
num_cat=0
split_feature=9 0 15 11 11 10 10 3 15 11 10 13 8 1
split_gain=4898.61 3873.26 2669.79 2599.75 2071.07 1448.99 1236.24 1103.35 1036.8 975.283 869.298 737.661 726.877 683.578
threshold=0.014253398756690074 3.5487538955621534 8.4516063852500043 1.0000000180025095e-35 26.086132296193014 -6.7702553714209932 -16.772709645287627 14.741238000000001 4.5215900242500036 14.770383313986178 -5.3526225548988959 289.15636952549113 0.30022332300741272 3.9461773783920533
decision_type=2 2 2 2 2 2 2 2 2 2 2 2 2 2
left_child=1 -1 4 -3 6 -4 -2 -6 -9 10 -8 -11 -10 -13
right_child=2 3 5 -5 7 -7 9 8 12 11 -12 13 -14 -15
leaf_value=-0.0011739999948705393 0.0024793367110099392 -0.0087014625283862706 0.0048581504490437469 0.00013436018965334379 -0.0098896372810388117 0 0.0016459717192175271 -0.0064158327394446407 -0.00064201150666634121 -0.0034674770191380063 0 -0.011514413890278409 -0.0029220244566883734 -0.00020293927479326319
leaf_weight=33116 17040 5216 25848 35119 5552 15660 3780 2176 31631 4111 134692 1024 18462 9336
leaf_count=33116 17040 5216 25848 35119 5552 15660 3780 2176 31631 4111 134692 1024 18462 9336
internal_value=-0.00244799 -0.0116045 4.93108e-05 -0.00328152 -0.00165072 0.0093794 0.000573704 -0.0081901 -0.00638926 -0.000564916 0.000467676 -0.0104457 -0.0052151 -0.00475676
internal_weight=342763 73451 269312 40335 227804 41508 169983 57821 52269 152943 138472 14471 50093 10360
internal_count=342763 73451 269312 40335 227804 41508 169983 57821 52269 152943 138472 14471 50093 10360
is_linear=0
shrinkage=0.04


Tree=10
num_leaves=15
num_cat=0
split_feature=9 0 15 11 11 1 10 3 15 11 10 13 13 1
split_gain=4624.95 3641.06 2519.77 2493.33 1958.31 1397.6 1185.31 1026.23 1039.22 931.277 792.657 721.878 716.349 694.938
threshold=0.014253398756690074 3.5487538955621534 8.4516063852500043 1.0000000180025095e-35 26.086132296193014 6.8700703303710169 -16.772709645287627 14.933783500000002 4.5215900242500036 14.770383313986178 -5.3526225548988959 289.15636952549113 520.88873726602321 3.9461773783920533
decision_type=2 2 2 2 2 2 2 2 2 2 2 2 2 2
left_child=1 -1 4 -3 6 -4 -2 -6 -9 10 -8 -11 -7 -13
right_child=2 3 5 -5 7 12 9 8 -10 11 -12 13 -14 -15
leaf_value=-0.0011261325143590126 0.0024213955037542902 -0.0083139661886019473 0 0.00013346272977712807 -0.0093789337630638611 0.0028051324109041559 0.0015847326814003027 -0.0062195675255565467 -0.0016913934645423777 -0.0033566515207205249 0 -0.011057084627669004 0.0073223378915010795 -0.00017240135610391104
leaf_weight=33121 17178 5201 15697 35105 5857 15144 3767 2129 49935 4092 134531 1018 10638 9374
leaf_count=33121 17178 5201 15697 35105 5857 15144 3767 2129 49935 4092 134531 1018 10638 9374
internal_value=-0.00237699 -0.011276 4.88565e-05 -0.00320151 -0.00160171 0.0091169 0.000562956 -0.00795359 -0.00616779 -0.000557134 0.000453513 -0.0102071 0.014846 -0.00460354
internal_weight=342787 73427 269360 40306 227881 41479 169960 57921 52064 152782 138298 14484 25782 10392
internal_count=342787 73427 269360 40306 227881 41479 169960 57921 52064 152782 138298 14484 25782 10392
is_linear=0
shrinkage=0.04


Tree=11
num_leaves=15
num_cat=0
split_feature=9 1 11 15 11 9 1 10 3 11 14 1 11 1
split_gain=4249.88 3402.56 2470.7 1900.53 1909.77 1393.37 1312.02 1062.89 1048.25 852.677 802.479 790.462 1018.11 743.22
threshold=8.1489134200307692e-05 3.6291174130488497 0.85204449393877002 8.4516063852500043 26.373065560482715 0.032547993257707138 6.8700703303710169 -17.196980882306303 18.768331000000003 14.770383313986178 0.17495902990765722 3.0231641697166274 3.0472926988172087 3.8767063623056299
decision_type=2 2 2 2 2 2 2 2 2 2 2 2 2 2
left_child=1 -1 -3 4 7 -5 -7 -2 -6 11 -11 12 -9 -12
right_child=3 2 -4 5 8 6 -8 9 -10 10 13 -13 -14 -15
leaf_value=-0.0011903603991570047 0.0023333461729596943 -0.0099087456129754795 0.00037455962440989548 -0.0021185500791372825 -0.0072326761391767122 0 0.0046903358323387026 0 -0.0016071235651600978 -0.0033291167726947615 -0.010487594510044447 0.00118273458584151 -0.0015019524952024738 -0.00016461708815950399
leaf_weight=29350 17523 3850 28104 2219 13362 15608 25631 133983 45180 4174 1202 9101 2079 11696
leaf_count=29350 17523 3850 28104 2219 13362 15608 25631 133983 45180 4174 1202 9101 2079 11696
internal_value=-0.0023085 -0.0118531 -0.00282156 -0.00023183 -0.00163475 0.007461 0.00912243 0.000408772 -0.00790954 -0.00060209 -0.00905811 0.000392386 -0.000371007 -0.00412467
internal_weight=343062 61304 31954 281758 238300 43458 41239 179758 58542 162235 17072 145163 136062 12898
internal_count=343062 61304 31954 281758 238300 43458 41239 179758 58542 162235 17072 145163 136062 12898
is_linear=0
shrinkage=0.04


Tree=12
num_leaves=15
num_cat=0
split_feature=8 1 11 15 11 1 10 3 15 8 11 13 14 1
split_gain=4061.13 3123.5 2319.19 1800.69 1778.89 1295.36 1032.81 970.756 1047.28 926.13 872.986 726.855 720.904 780.936
threshold=0.99991954248812687 3.6291174130488497 0.85204449393877002 8.4516063852500043 26.086132296193014 6.8700703303710169 -16.583678110303008 14.741238000000001 4.5215900242500036 0.96951569412145777 14.421394047025116 520.88873726602321 0.17495902990765722 3.8767063623056299
decision_type=2 2 2 2 2 2 2 2 2 2 2 2 2 2
left_child=3 -2 -3 4 6 -5 -1 -6 -9 11 -8 -7 -12 -14
right_child=1 2 -4 5 7 9 10 8 -10 -11 12 -13 13 -15
leaf_value=0.0021183726049981851 -0.0011428597212507219 -0.0096552864288097385 0.00032716492278334747 0 -0.0092843758577908896 0.0026235985026847562 0 -0.0057030465423925647 -0.0016296912521322313 -0.0029174389591283306 -0.0032346565361943609 0.0068804140974642516 -0.0099253420859996885 -0.00015393792695291507
leaf_weight=18572 29584 3755 27955 16682 5871 15028 144925 2203 50910 1151 4048 10555 1253 10542
leaf_count=18572 29584 3755 27955 16682 5871 15028 144925 2203 50910 1151 4048 10555 1253 10542
internal_value=-0.00222637 -0.0115574 -0.0028357 -0.000196351 -0.00156124 0.00729593 0.000420654 -0.00758714 -0.00588105 0.0127538 -0.000611067 0.014333 -0.00952597 -0.00452734
internal_weight=343034 61294 31710 281740 238324 43416 179340 58984 53113 26734 160768 25583 15843 11795
internal_count=343034 61294 31710 281740 238324 43416 179340 58984 53113 26734 160768 25583 15843 11795
is_linear=0
shrinkage=0.04


Tree=13
num_leaves=15
num_cat=0
split_feature=9 0 11 10 11 3 11 11 3 10 11 2 2 9
split_gain=3829.91 2867.11 2213.4 1579.63 1671.99 1338.61 1006.41 1550.45 998.441 977.121 1427.13 1181.28 905.185 904.443
threshold=0.014253398756690074 3.5487538955621534 1.0000000180025095e-35 -32.553521495801469 26.086132296193014 34.960560000000008 3.1803194049755992 1.0000000180025095e-35 14.933783500000002 -9.0487904493460185 19.887953071673063 99.634502500000011 53.122526500000014 0.095206320843629913
decision_type=2 2 2 2 2 2 2 2 2 2 2 2 2 2
left_child=1 6 -3 5 9 -2 7 -1 -6 11 -11 -5 -9 -13
right_child=3 2 -4 4 8 -7 -8 12 -10 10 -12 13 -14 -15
leaf_value=-0.0030068889040397542 -0.07075788394358519 -0.0072890064153944287 9.6756969113538232e-05 0.0032347945060311966 -0.0087735070871734471 0.0068529324313713526 -0.0014199864079402818 -0.00032270892558997066 -0.0016264139189994568 0 -0.005434133856391442 -0.0045223693333746682 0.00028418553518782695 0.00095705557141718446
leaf_weight=3547 2124 5214 35260 6725 6028 20470 17583 7036 50791 154890 2861 1811 5049 23536
leaf_count=3547 2124 5214 35260 6725 6028 20470 17583 7036 50791 154890 2861 1811 5049 23536
internal_value=-0.00222206 -0.0103022 -0.00315462 -1.05484e-05 -0.000937878 0.0101124 -0.0190119 -0.0116274 -0.00695753 0.000863963 -0.000430045 0.00722874 -0.00480265 0.00327455
internal_weight=342925 73689 40474 269236 246642 22594 33215 15632 56819 189823 157751 32072 12085 25347
internal_count=342925 73689 40474 269236 246642 22594 33215 15632 56819 189823 157751 32072 12085 25347
is_linear=0
shrinkage=0.04


Tree=14
num_leaves=15
num_cat=0
split_feature=8 0 11 15 11 10 15 10 3 8 11 10 11 11
split_gain=3737.18 2798.64 2240.11 1606.68 1610.78 1155.07 973.323 934.859 904.204 813.254 807.592 747.12 720.834 1409.28
threshold=0.99991954248812687 3.5990172926084365 0.85204449393877002 8.4516063852500043 26.373065560482715 -6.7702553714209932 4.5215900242500036 -17.196980882306303 14.448295500000002 0.96951569412145777 20.123277571706438 -8.8088326101457337 2.7023855136920125 0.74977651046900984
decision_type=2 2 2 2 2 2 2 2 2 2 2 2 2 2
left_child=3 12 -3 4 7 9 -6 -1 -8 -5 -9 -12 13 -2
right_child=1 2 -4 5 6 -7 8 10 -10 -11 11 -13 -14 -15
leaf_value=0.0020984831363087273 -0.0026529372123381555 -0.008717426612511894 0.00029471387186233845 0.0041528358471611205 -0.0049605861180004327 0 -0.011584489630955144 0 -0.0015520454200450822 -0.0024713768713706201 -0.00070229176672177609 -0.0059115923632579162 -0.0012723705159279764 -0.00010511822337437818
leaf_weight=17448 3762 3795 28096 25761 3496 16517 4072 150028 51056 1165 9295 3086 17590 8035
leaf_count=17448 3762 3795 28096 25761 3496 16517 4072 150028 51056 1165 9295 3086 17590 8035
internal_value=-0.00214393 -0.011097 -0.0028911 -0.000197926 -0.00148674 0.00687706 -0.00724481 0.000390088 -0.00594689 0.0119854 -0.000555142 -0.010374 -0.020002 -0.0123523
internal_weight=343202 61278 31891 281924 238481 43443 58624 179857 55128 26926 162409 12381 29387 11797
internal_count=343202 61278 31891 281924 238481 43443 58624 179857 55128 26926 162409 12381 29387 11797
is_linear=0
shrinkage=0.04


Tree=15
num_leaves=15
num_cat=0
split_feature=9 1 11 15 11 8 10 10 9 11 11 13 2 11
split_gain=3504.96 2662.72 2105.55 1463.51 1472.35 1099.66 1096.56 1017.05 979.128 745.182 1283.74 713.742 711.183 1142.79
threshold=8.1489134200307692e-05 3.6291174130488497 0.85204449393877002 8.4516063852500043 22.982291403944195 0.94771720010300864 -7.2132762297986606 -6.7702553714209932 0.79306930647298579 3.1803194049755992 1.0000000180025095e-35 520.88873726602321 53.122526500000014 1.7258468192362471
decision_type=2 2 2 2 2 2 2 2 2 2 2 2 2 2
left_child=1 9 -3 4 -2 7 8 11 -6 10 -1 -5 -12 -14
right_child=3 2 -4 5 6 -7 -8 -9 -10 -11 12 -13 13 -15
leaf_value=-0.0030263918054703764 0 -0.0083747822290751468 0.00031160966484564551 0.0021009038722247181 -0.0024686817193025241 -0.0017645293086194331 -0.010466408274718461 0 4.6910402014574419e-06 -0.0013708436262991964 -0.00030930221776672161 0.006365664892023992 -0.003699229542700742 0.00076886735151221941
leaf_weight=3208 170068 3818 28028 14550 36354 2920 2596 15379 29534 16095 6504 10688 1089 2575
leaf_count=3208 170068 3818 28028 14550 36354 2920 2596 15379 29534 16095 6504 10688 1089 2575
internal_value=-0.00209676 -0.0107644 -0.00274571 -0.000212699 -0.00144354 0.00653146 -0.00639565 0.00823596 -0.00539097 -0.0194293 -0.0124522 0.013177 -0.00549174 0.00860262
internal_weight=343406 61317 31846 282089 238552 43537 68484 40617 65888 29471 13376 25238 10168 3664
internal_count=343406 61317 31846 282089 238552 43537 68484 40617 65888 29471 13376 25238 10168 3664
is_linear=0
shrinkage=0.04


Tree=16
num_leaves=15
num_cat=0
split_feature=9 1 11 15 11 9 10 3 10 13 11 0 11 13
split_gain=3408.64 2595.39 2007.42 1369.39 1450.19 1029.52 976.515 935.076 853.378 825.863 758.787 754.77 906.215 748.319
threshold=8.1489134200307692e-05 3.6291174130488497 0.85204449393877002 8.4516063852500043 26.638356153356835 0.036317023422238588 -7.2132762297986606 19.266584500000004 -17.196980882306303 520.88873726602321 14.770383313986178 2.8746865029980486 3.0472926988172087 669.07096523690564
decision_type=2 2 2 2 2 2 2 2 2 2 2 2 2 2
left_child=1 -1 -3 4 8 -5 9 -6 13 -7 11 12 -10 -2
right_child=3 2 -4 5 7 6 -8 -9 10 -11 -12 -13 -14 -15
leaf_value=-0.00094816671275014283 0.0013909320030331971 -0.008153180857380286 0.00029681890896623623 -0.0019733531948474986 -0.0062565061709521008 0.0022419309817056938 0 -0.0012974627768555802 0 0.0062311133433591761 -0.0014570168787443238 0.001135077367779426 -0.0013723228525579037 0.012195834767691663
leaf_weight=29482 16244 3799 28065 2436 14083 14620 15879 44048 134066 10486 17373 8973 2275 1364
leaf_count=29482 16244 3799 28065 2436 14083 14620 15879 44048 134066 10486 17373 8973 2275 1364
internal_value=-0.00207836 -0.010623 -0.00270901 -0.000218558 -0.0014084 0.00631492 0.00781652 -0.00690234 0.000362961 0.0127268 -0.000542391 0.000402164 -0.000337389 0.00872785
internal_weight=343193 61346 31864 281847 238426 43421 40985 58131 180295 25106 162687 145314 136341 17608
internal_count=343193 61346 31864 281847 238426 43421 40985 58131 180295 25106 162687 145314 136341 17608
is_linear=0
shrinkage=0.04


Tree=17
num_leaves=15
num_cat=0
split_feature=8 0 11 15 11 11 11 10 15 10 13 10 13 3
split_gain=3245.98 2579.71 1776.85 1719.51 1224.79 1157.13 1546.84 1025.7 942.441 900.448 847.617 845.229 784.243 780.83
threshold=0.94280436185910566 3.5487538955621534 1.0000000180025095e-35 8.4516063852500043 26.086132296193014 3.1803194049755992 1.0000000180025095e-35 -17.956992089543832 4.5215900242500036 -6.9751487505665493 268.32281790025485 -1.4258033330375108 520.88873726602321 14.448295500000002
decision_type=2 2 2 2 2 2 2 2 2 2 2 2 2 2
left_child=3 5 -3 4 7 6 -2 -1 -6 12 -8 -7 -5 -10
right_child=1 2 -4 9 8 11 10 -9 13 -11 -12 -13 -14 -15
leaf_value=0.0031336246722908369 -0.0027111016609227749 -0.0065446225900232646 -1.5969294314759632e-05 0.0020768702587682414 -0.0044056116688404468 -0.0010395320133010349 0.0009228708502388625 0 -0.010378145630463811 0 -0.00015824712837349446 -0.0013413256133834324 0.0059740226455389034 -0.0012338609677173399
leaf_weight=14189 3612 5321 40174 14274 3389 7928 727 152826 3806 15738 11380 9681 10451 49594
leaf_count=14189 3612 5321 40174 14274 3389 7928 727 152826 3806 15738 11380 9681 10451 49594
internal_value=-0.00202816 -0.00915215 -0.00295857 9.67204e-05 -0.00127522 -0.0176068 -0.00971818 0.000450259 -0.00634982 0.00768505 -0.00286446 -0.0246488 0.0124457 -0.00505169
internal_weight=343090 78823 45495 264267 223804 33328 15719 167015 56789 40463 12107 17609 24725 53400
internal_count=343090 78823 45495 264267 223804 33328 15719 167015 56789 40463 12107 17609 24725 53400
is_linear=0
shrinkage=0.04


Tree=18
num_leaves=15
num_cat=0
split_feature=9 1 11 15 11 10 10 8 11 11 13 10 2 13
split_gain=3095.2 2296.54 1745.54 1216.51 1243.48 1142.38 902.857 864.084 834.658 1303.36 694.843 677.012 696.61 637.562
threshold=8.1489134200307692e-05 3.6291174130488497 0.85204449393877002 8.4516063852500043 22.585371611482099 -7.2132762297986606 -9.0487904493460185 0.25534480285798838 3.1803194049755992 1.0000000180025095e-35 520.88873726602321 -1.4258033330375108 71.995254500000001 669.07096523690564
decision_type=2 2 2 2 2 2 2 2 2 2 2 2 2 2
left_child=1 8 -3 4 -2 7 10 13 9 -1 -5 12 -10 -6
right_child=3 2 -4 6 5 -7 -8 -9 11 -11 -12 -13 -14 -15
leaf_value=-0.0027612470998095431 0 -0.007518416233638428 0.0002373032994669615 0.0020009739331167046 -0.00047209071638900372 -0.0097612719399414009 0 -0.002390765903766513 -0.00048101380473516476 -0.00011513816727187827 0.0052134533484324043 -0.0013762749579181483 -0.0073472201824798392 0.0135441000239621
leaf_weight=3242 168129 3798 27972 14774 36021 2651 18024 30759 5757 10140 10678 8831 1539 733
leaf_count=3242 168129 3798 27972 14774 36021 2651 18024 30759 5757 10140 10678 8831 1539 733
internal_value=-0.00196964 -0.010117 -0.00265408 -0.000197751 -0.00132039 -0.00579328 0.00595547 -0.00478189 -0.0181518 -0.0107667 0.0108062 -0.0242798 -0.0152632 -0.000642107
internal_weight=343048 61279 31770 281769 238293 70164 43476 67513 29509 13382 25452 16127 7296 36754
internal_count=343048 61279 31770 281769 238293 70164 43476 67513 29509 13382 25452 16127 7296 36754
is_linear=0
shrinkage=0.04


Tree=19
num_leaves=15
num_cat=0
split_feature=9 1 11 1 11 3 15 11 11 3 1 3 10 14
split_gain=2939.51 2193.09 1627.4 1204.37 1259.45 1039.99 890.158 829.438 1168.92 821.683 685.664 822.169 647.459 644.951
threshold=8.1489134200307692e-05 3.6291174130488497 0.85204449393877002 32.659652159832817 26.638356153356835 34.960560000000008 4.5215900242500036 3.1803194049755992 1.0000000180025095e-35 14.448295500000002 19.372299176395433 25.735489000000005 -1.4258033330375108 0.2088598019030658
decision_type=2 2 2 2 2 2 2 2 2 2 2 2 2 2
left_child=1 7 -3 4 10 -5 -6 8 -1 -8 -2 -12 13 -9
right_child=3 2 -4 5 6 -7 9 12 -10 -11 11 -13 -14 -15
leaf_value=-0.002642451522467323 0 -0.0071458651828552825 0.00023049557442445174 -0.068895204141566233 -0.0041361622093993031 0.005817199909549973 -0.011121909312265661 -0.0012688733399500091 -0.00011003329532451589 -0.0010794087310581457 -0.0012579770619097397 0.0057637199670945074 -0.0013214579922323428 0.001664941483677463
leaf_weight=3226 190133 3766 27987 2053 3374 20446 4081 6525 10159 49931 4438 7224 8795 774
leaf_count=3226 190133 3766 27987 2053 3374 20446 4081 6525 10159 49931 4438 7224 8795 774
internal_value=-0.00187652 -0.0098197 -0.00252575 -0.000149815 -0.000920438 0.0087275 -0.00614924 -0.0176763 -0.010319 -0.0049041 0.000566516 0.00998114 -0.0237952 -0.0149884
internal_weight=342912 61232 31753 281680 259181 22499 57386 29479 13385 54012 201795 11662 16094 7299
internal_count=342912 61232 31753 281680 259181 22499 57386 29479 13385 54012 201795 11662 16094 7299
is_linear=0
shrinkage=0.04


Tree=20
num_leaves=15
num_cat=0
split_feature=9 1 11 1 11 3 15 11 11 3 0 10 11 13
split_gain=2778.73 2123.12 1551.84 1133.95 1175.09 939.104 840.91 827.694 1136.59 747.94 660.508 630.634 1311.41 808.299
threshold=8.1489134200307692e-05 3.6291174130488497 0.85204449393877002 32.659652159832817 26.638356153356835 34.960560000000008 4.5215900242500036 3.1803194049755992 1.0000000180025095e-35 14.448295500000002 1.0268322350785619 -9.0487904493460185 20.123277571706438 583.60789811233519
decision_type=2 2 2 2 2 2 2 2 2 2 2 2 2 2
left_child=1 7 -3 4 11 -5 -6 8 -1 -8 -9 13 -13 -2
right_child=3 2 -4 5 6 -7 9 10 -10 -11 -12 12 -14 -15
leaf_value=-0.0025235431351354489 0.00061928722681727866 -0.0068833005700878105 0.00025082156897166837 -0.066385424876050078 -0.0039390400246503456 0.0056555223510863454 -0.010394717923982189 -0.0014380591049065589 -0.00010449008258206515 -0.0010367980640991442 -0.00081980720263382355 0 -0.0050877491609343595 0.0029578169025565627
leaf_weight=3219 32041 3753 28002 2067 3339 20504 4137 6846 10134 49717 9242 162429 3371 3770
leaf_count=3219 32041 3753 28002 2067 3339 20504 4137 6846 10134 49717 9242 162429 3371 3770
internal_value=-0.00182351 -0.00954834 -0.00237443 -0.000143438 -0.00089334 0.0084551 -0.00595388 -0.0172861 -0.00992436 -0.00474617 -0.0233963 0.000542232 -0.000497467 0.0053559
internal_weight=342571 61196 31755 281375 258804 22571 57193 29441 13353 53854 16088 201611 165800 35811
internal_count=342571 61196 31755 281375 258804 22571 57193 29441 13353 53854 16088 201611 165800 35811
is_linear=0
shrinkage=0.04


Tree=21
num_leaves=15
num_cat=0
split_feature=8 0 15 11 11 11 11 10 15 13 0 10 13 3
split_gain=2679.56 2177.6 1395.73 1310.85 1054.66 1220.9 908.386 919.429 866.791 815.276 795.933 724.877 701.932 641.594
threshold=0.94280436185910566 3.5487538955621534 8.4516063852500043 1.0000000180025095e-35 3.1803194049755992 1.0000000180025095e-35 26.373065560482715 -18.436132404350953 4.5215900242500036 268.32281790025485 1.0268322350785619 -7.2132762297986606 520.88873726602321 4.7230900000000009
decision_type=2 2 2 2 2 2 2 2 2 2 2 2 2 2
left_child=2 4 6 -3 5 -2 7 -1 -8 -7 -6 12 -4 -5
right_child=1 3 11 13 10 9 8 -9 -10 -11 -12 -13 -14 -15
leaf_value=0.003748675725795415 -0.0022815526803103225 -0.0054708132528659623 0.0018132184328708751 -0.015941683719225126 -0.0012704425560732268 0.00085870045768535912 -0.0037733924575541022 0 -0.0014266023722947707 -0.00013951596086762304 -0.00079112818879522456 0 0.0053306551339263701 0.00020138692539886923
leaf_weight=13042 3615 5295 14300 1609 7698 723 3291 154477 53051 11416 9996 15750 10381 38462
leaf_count=13042 3615 5295 14300 1609 7698 723 3291 154477 53051 11416 9996 15750 10381 38462
internal_value=-0.00179641 -0.0082696 0.000133943 -0.00256051 -0.0160129 -0.00848546 -0.0011014 0.000376316 -0.00549501 -0.00240877 -0.022715 0.00697386 0.0112524 -8.88423e-05
internal_weight=343106 78814 264292 45366 33448 15754 223861 167519 56342 12139 17694 40431 24681 40071
internal_count=343106 78814 264292 45366 33448 15754 223861 167519 56342 12139 17694 40431 24681 40071
is_linear=0
shrinkage=0.04


Tree=22
num_leaves=15
num_cat=0
split_feature=9 1 11 1 11 10 12 11 11 0 14 0 2 11
split_gain=2471.54 1934.18 1309.67 1003.81 1077.37 1315.38 970.046 799.614 1023.22 647.953 665.815 626.463 581.414 1140.16
threshold=8.1489134200307692e-05 3.6291174130488497 0.85204449393877002 32.659652159832817 22.585371611482099 -7.2132762297986606 106.70497305566217 3.1803194049755992 1.0000000180025095e-35 1.0671842852845885 0.2088598019030658 5.2486049537136443 53.122526500000014 1.7258468192362471
decision_type=2 2 2 2 2 2 2 2 2 2 2 2 2 2
left_child=1 7 -3 4 11 6 -6 8 -1 -9 -11 -2 -10 -14
right_child=3 2 -4 -5 5 -7 -8 9 12 10 -12 -13 13 -15
leaf_value=-0.0023200737266318452 0 -0.0063597589307192327 0.00021239781940656942 0.0044160888874346842 0.011951321469020218 -0.0091193347738813563 -0.0012903360607745132 -0.0013230702893542849 -0.00022226507970611535 -0.00095469446039089182 0.0016045675729738809 0.00078113283559238915 -0.003485424760664988 0.00080171750784782116
leaf_weight=3225 163732 3775 27919 22496 1441 2929 65729 7088 6470 8120 903 25458 1086 2602
leaf_count=3225 163732 3775 27919 22496 1441 2929 65729 7088 6470 8120 903 25458 1086 2602
internal_value=-0.00179991 -0.00908675 -0.00222629 -0.000217613 -0.000920826 -0.00515671 -0.00401251 -0.0164589 -0.00923261 -0.0224617 -0.0153519 0.00064866 -0.00300059 0.00967462
internal_weight=342973 61188 31694 281785 259289 70099 67170 29494 13383 16111 9023 189190 10158 3688
internal_count=342973 61188 31694 281785 259289 70099 67170 29494 13383 16111 9023 189190 10158 3688
is_linear=0
shrinkage=0.04


Tree=23
num_leaves=15
num_cat=0
split_feature=8 0 15 11 11 11 11 15 10 3 0 2 15 11
split_gain=2295.95 1946.64 1192.33 1110.49 1004.35 998.3 793.929 811.527 811.307 760.622 730.785 718.863 852.051 671.442
threshold=0.94280436185910566 3.5487538955621534 8.4516063852500043 1.0000000180025095e-35 3.305395435584269 1.0000000180025095e-35 26.086132296193014 4.5215900242500036 -19.951402845087305 23.809725000000004 1.3240172072776821 53.122526500000014 5.108791732625023 25.808669630761493
decision_type=2 2 2 2 2 2 2 2 2 2 2 2 2 2
left_child=2 4 6 -3 5 -2 8 -8 9 -1 -6 -7 -13 -12
right_child=1 3 -4 -5 10 11 7 -9 -10 -11 13 12 -14 -15
leaf_value=-0.015649540669926982 -0.0021163137510849428 -0.0052123054090014113 0 -4.4354218050021016e-06 -0.0011857963255984881 -0.00022572643080783855 -0.003578929282931187 -0.0013320157039957525 0 0.006561943296741043 -0.0003202576494087431 0.00076009798167345763 -0.00013778831316346732 -0.011114803596412074
leaf_weight=2337 3609 5283 40441 40120 8523 7508 3370 53552 156904 7857 6887 2068 3149 1637
leaf_count=2337 3609 5283 40441 40120 8523 7508 3370 53552 156904 7857 6887 2068 3149 1637
internal_value=-0.00171539 -0.00770918 7.01805e-05 -0.00231791 -0.0150421 -0.00795396 -0.00107098 -0.00515091 0.000318855 0.0112537 -0.0218338 -0.00268762 0.00871765 -0.0135523
internal_weight=343245 78784 264461 45403 33381 16334 224020 56922 167098 10194 17047 12725 5217 8524
internal_count=343245 78784 264461 45403 33381 16334 224020 56922 167098 10194 17047 12725 5217 8524
is_linear=0
shrinkage=0.04


Tree=24
num_leaves=15
num_cat=0
split_feature=8 0 15 11 11 11 13 11 15 10 0 3 11 10
split_gain=2195.23 1851.78 1212.03 1000.6 986.173 948.407 817.573 725.158 799.38 798.916 700.392 666.765 661.598 637.383
threshold=0.94280436185910566 3.5487538955621534 8.4516063852500043 1.0000000180025095e-35 3.305395435584269 1.0000000180025095e-35 268.32281790025485 26.086132296193014 4.5215900242500036 -19.951402845087305 1.3240172072776821 23.622526500000003 15.693122374840184 -7.9593689779522387
decision_type=2 2 2 2 2 2 2 2 2 2 2 2 2 2
left_child=2 4 7 -3 5 -2 -7 9 -9 11 -6 -1 -12 -4
right_child=1 3 13 -5 10 6 -8 8 -10 -11 12 -13 -14 -15
leaf_value=-0.015421296737047877 -0.0020768091862615004 -0.0050006949558941442 0.0032713203543144045 -1.7757228511215903e-05 -0.001138440468496637 0.00095906126068692895 -0.00012653029082882106 -0.0034555687151878655 -0.0012606027919965723 0 -0.00018699121629746365 0.006279003820723366 -0.0078315445362657828 0
leaf_weight=2256 3622 5274 24385 40094 8484 762 11911 3386 53499 156482 5733 7892 2791 15934
leaf_count=2256 3622 5274 24385 40094 8484 762 11911 3386 53499 156482 5733 7892 2791 15934
internal_value=-0.00164179 -0.0075062 0.000106885 -0.00224828 -0.0146689 -0.0076367 -0.00247771 -0.00104458 -0.00494401 0.000286623 -0.0214064 0.0111628 -0.0133083 0.00649024
internal_weight=342505 78671 263834 45368 33303 16295 12673 223515 56885 166630 17008 10148 8524 40319
internal_count=342505 78671 263834 45368 33303 16295 12673 223515 56885 166630 17008 10148 8524 40319
is_linear=0
shrinkage=0.04


Tree=25
num_leaves=15
num_cat=0
split_feature=8 0 15 11 11 11 13 0 11 15 10 11 1 3
split_gain=2086.02 1731.76 1092.16 957.83 930.464 885.225 787.768 699.531 678.115 783.604 720.462 641.591 619.771 581.342
threshold=0.94280436185910566 3.5487538955621534 8.4516063852500043 3.305395435584269 1.0000000180025095e-35 1.0000000180025095e-35 268.32281790025485 1.3240172072776821 26.086132296193014 4.5215900242500036 -19.436618144817199 25.808669630761493 2.8481442150900849 14.741238000000001
decision_type=2 2 2 2 2 2 2 2 2 2 2 2 2 2
left_child=2 3 8 5 -3 -2 -7 -5 10 -10 -1 12 -9 -11
right_child=1 4 -4 7 -6 6 -8 11 9 13 -12 -13 -14 -15
leaf_value=0.003962459011299089 -0.0019887397144046836 -0.0048025450217478128 0 -0.0011067047522893491 -3.2234519622900721e-05 0.00084036483190231854 -0.00012313699939497922 -0.00048366016253911597 -0.003332755703006186 -0.0087210667120664765 0 -0.010330564175106098 0.0016267162525360019 -0.00079101870279386205
leaf_weight=11172 3617 5323 40475 8562 40144 750 11900 5532 3380 4224 155798 1645 1328 49393
leaf_count=11172 3617 5323 40475 8562 40144 750 11900 5532 3380 4224 155798 1645 1328 49393
internal_value=-0.00161798 -0.00733036 8.42529e-05 -0.0142557 -0.00225306 -0.00731051 -0.00232095 -0.0208754 -0.00100854 -0.00477569 0.000277415 -0.0127501 -0.00737026 -0.00359811
internal_weight=343243 78801 264442 33334 45467 16267 12650 17067 223967 56997 166970 8505 6860 53617
internal_count=343243 78801 264442 33334 45467 16267 12650 17067 223967 56997 166970 8505 6860 53617
is_linear=0
shrinkage=0.04


Tree=26
num_leaves=15
num_cat=0
split_feature=8 0 15 11 11 11 13 0 11 15 1 3 11 10
split_gain=1956.89 1611.31 1097.01 935.071 870.904 814.843 760.633 681.878 638.411 782.183 713.185 591.01 741.844 584.456
threshold=0.94280436185910566 3.5487538955621534 8.4516063852500043 3.305395435584269 1.0000000180025095e-35 1.0000000180025095e-35 268.32281790025485 0.94586790783883679 26.919043614402181 4.5215900242500036 19.257696280125973 4.6459410000000014 20.457883496031695 -7.9593689779522387
decision_type=2 2 2 2 2 2 2 2 2 2 2 2 2 2
left_child=2 3 8 5 -3 -2 -7 -5 10 -10 -1 -6 -13 -4
right_child=1 4 13 7 11 6 -8 -9 9 -11 -12 12 -14 -15
leaf_value=0 -0.0018589559272582448 -0.0046370429461902417 0.0031459157798659088 -0.001151064347642035 -0.016668211314246447 0.00077905836612211104 -0.00011814190082046872 -0.00065164526483417137 -0.0030979283715271079 -0.0012041888978708323 0.003732505847993714 0.0010438021817554546 -0.0024560538723977891 0
leaf_weight=156436 3571 5307 24415 6727 1314 737 11967 10313 3133 52474 11760 20241 18581 16092
leaf_count=156436 3571 5307 24415 6727 1314 737 11967 10313 3133 52474 11760 20241 18581 16092
internal_value=-0.00153952 -0.00707382 0.000109568 -0.013756 -0.00217503 -0.00689892 -0.00215365 -0.0203052 -0.000986761 -0.00470229 0.000241623 -0.000161451 0.000731544 0.00616684
internal_weight=343068 78758 264310 33315 45443 16275 12704 17040 223803 55607 168196 40136 38822 40507
internal_count=343068 78758 264310 33315 45443 16275 12704 17040 223803 55607 168196 40136 38822 40507
is_linear=0
shrinkage=0.04


Tree=27
num_leaves=15
num_cat=0
split_feature=8 0 15 11 11 11 13 0 11 15 10 3 2 14
split_gain=1801.08 1532.53 945.507 886.236 771.843 769.279 756.344 644.629 577.898 723.195 653.018 616.617 573.998 534.676
threshold=0.94280436185910566 3.5487538955621534 8.4516063852500043 3.450275492647219 1.0000000180025095e-35 1.0000000180025095e-35 268.32281790025485 0.94586790783883679 26.086132296193014 4.5215900242500036 -19.951402845087305 20.091713000000002 84.364593500000012 0.21135727656717004
decision_type=2 2 2 2 2 2 2 2 2 2 2 2 2 2
left_child=2 3 8 5 -3 -2 -7 -5 10 -10 11 -1 -9 -6
right_child=1 4 -4 7 13 6 -8 12 9 -11 -12 -13 -14 -15
leaf_value=-0.074458403426103312 -0.0017870235992102734 -0.00442496150303029 0 -0.0011701808035125437 -0.00043810359020717867 0.00085072379852051572 -0.00012500452257197843 -0.00043547285992585883 -0.0030477892699225539 -0.0011181162745046843 0 0.0052122344919990418 -0.0085866988660807716 0.0028213012734957022
leaf_weight=686 3570 5271 40355 6307 35335 821 12350 8809 3383 53485 156616 9502 1322 4772
leaf_count=686 3570 5271 40355 6307 35335 821 12350 8809 3383 53485 156616 9502 1322 4772
internal_value=-0.0015299 -0.006847 5.21159e-05 -0.0133808 -0.00206973 -0.00690281 -0.00243869 -0.0199781 -0.000964627 -0.00444679 0.000222537 0.0100353 -0.0137282 -0.000178522
internal_weight=342584 78557 264027 33179 45378 16741 13171 16438 223672 56868 166804 10188 10131 40107
internal_count=342584 78557 264027 33179 45378 16741 13171 16438 223672 56868 166804 10188 10131 40107
is_linear=0
shrinkage=0.04


Tree=28
num_leaves=15
num_cat=0
split_feature=8 12 11 15 11 14 11 2 0 11 1 3 10 9
split_gain=1633.28 1433.66 1375.53 972.901 843.426 858.098 681.219 671.698 664.22 561.282 1081.52 654.295 1438.12 902.033
threshold=0.94280436185910566 71.555618799230686 2.7023855136920125 8.4516063852500043 2.0458467374390845 0.21135727656717004 1.0000000180025095e-35 70.194599000000011 22.815578405678032 22.85777927549271 6.8700703303710169 23.809725000000004 -25.180489195052477 0.69734701610973204
decision_type=2 2 2 2 2 2 2 2 2 2 2 2 2 2
left_child=3 2 6 9 -3 -6 7 -2 -7 -1 -11 12 -12 -13
right_child=1 4 -4 -5 5 8 -8 -9 -10 10 11 13 -14 -15
leaf_value=0 -0.0022889131119374195 -0.0045697562680308513 -0.00075214681819520026 0 -0.0004180579744991417 0.0036156542458866941 1.2964940898401722e-05 0.0011103329250689591 -0.014277140340372486 -0.0086865325602317068 -0.10531596631501915 -0.001628846741992418 -0.0012088349183578403 0.001638076931260766
leaf_weight=157998 3463 4510 15489 40405 38463 4043 11243 933 745 2000 3223 12451 24297 23852
leaf_count=157998 3463 4510 15489 40405 38463 4043 11243 933 745 2000 3223 12451 24297 23852
internal_value=-0.00144908 -0.00649977 -0.0131791 5.8889e-05 -0.00214652 -0.000430048 -0.00481105 -0.018162 0.0155388 -0.000972384 -0.00407578 -0.00316814 -0.00781977 0.000358097
internal_weight=343115 78889 31128 264226 47761 43251 15639 4396 4788 223821 65823 63823 27520 36303
internal_count=343115 78889 31128 264226 47761 43251 15639 4396 4788 223821 65823 63823 27520 36303
is_linear=0
shrinkage=0.04


Tree=29
num_leaves=15
num_cat=0
split_feature=8 0 15 11 0 11 13 11 11 10 3 11 1 9
split_gain=1555.23 1270.36 971.396 857.924 676.102 672.092 730.183 652.952 596.118 583.848 554.536 653.542 551.745 542.636
threshold=0.94280436185910566 3.5487538955621534 8.4516063852500043 3.450275492647219 0.94586790783883679 1.0000000180025095e-35 268.32281790025485 1.0000000180025095e-35 25.808669630761493 -1.2545316223680516 4.5709225000000009 20.457883496031695 2.8481442150900849 0.55509358796032238
decision_type=2 2 2 2 2 2 2 2 2 2 2 2 2 2
left_child=2 3 13 5 -5 9 -7 -3 12 -2 -9 -12 -6 -1
right_child=1 7 -4 4 8 6 -8 10 -10 -11 11 -13 -14 -15
leaf_value=-0.0010732514451890789 -0.0022009501514934308 -0.0041194097805404943 0 -0.001088814690911272 -0.0004667258975148775 0.00081617624894375911 -0.0001048211721939242 -0.017054809606148209 -0.0096834937166522909 0.00037936239108278563 0.00097125371239004793 -0.0023135663903429996 0.001626399348174526 0
leaf_weight=31114 2923 5312 40421 6406 7210 822 12412 1062 1664 723 20384 18658 1261 192743
leaf_count=31114 2923 5312 40421 6406 7210 822 12412 1062 1664 723 20384 18658 1261 192743
internal_value=-0.0013522 -0.00628284 0.000118663 -0.0122019 -0.018676 -0.00585782 -0.00166843 -0.00192707 -0.0122467 -0.0210642 -0.000181528 0.000594232 -0.00794711 -0.000911832
internal_weight=343115 78837 264278 33421 16541 16880 13234 45416 10135 3646 40104 39042 8471 223857
internal_count=343115 78837 264278 33421 16541 16880 13234 45416 10135 3646 40104 39042 8471 223857
is_linear=0
shrinkage=0.04


Tree=30
num_leaves=15
num_cat=0
split_feature=8 2 11 11 11 12 15 10 2 14 1 0 11 15
split_gain=1396.28 1213.61 1141.92 989.274 970.117 1084.92 913.622 855.101 752.155 704.632 699.16 597.78 503.49 713.956
threshold=0.94280436185910566 53.122526500000014 1.3299130921530602 1.7258468192362471 3.305395435584269 71.555618799230686 8.4516063852500043 -0.43686149368285887 74.65816150000002 0.21135727656717004 7.1791076416898596 22.815578405678032 26.373065560482715 4.5215900242500036
decision_type=2 2 2 2 2 2 2 2 2 2 2 2 2 2
left_child=6 3 7 -2 -4 -6 12 8 -3 -7 -10 -11 -1 -14
right_child=1 2 4 -5 5 9 -8 -9 10 11 -12 -13 13 -15
leaf_value=0 -3.3566065792876853e-07 -0.0030023545130142483 0.00046819960943791483 -0.00061146866675495116 -0.00079564652537491285 -0.00047135647737638623 0 0.00047235048109068304 0.00090339175743076267 0.0038895258570333163 -0.012310723875720742 -0.013075853141319036 -0.0028870202355082016 -0.0010107910613233865
leaf_weight=167374 4070 5596 5713 9960 7426 36780 40509 484 2304 3848 1896 727 3256 53160
leaf_count=167374 4070 5596 5713 9960 7426 36780 40509 484 2304 3848 1896 727 3256 53160
internal_value=-0.00127682 -0.00594995 -0.00363973 -0.0166158 -0.00133299 -0.00315943 0.000116535 -0.0158677 -0.018432 -0.000631604 -0.0056381 0.0141727 -0.000884043 -0.00415201
internal_weight=343103 78804 64774 14030 54494 48781 264299 10280 9796 41355 4200 4575 223790 56416
internal_count=343103 78804 64774 14030 54494 48781 264299 10280 9796 41355 4200 4575 223790 56416
is_linear=0
shrinkage=0.04


Tree=31
num_leaves=15
num_cat=0
split_feature=3 1 2 9 0 11 10 11 14 14 11 3 12 3
split_gain=1407.49 1805.2 1442.57 1088.91 1183.11 930.063 927.346 1093.95 793.028 778.266 603.648 709.979 579.065 568.399
threshold=24.364419000000002 25.257392876656954 59.604534500000007 0.79306930647298579 3.6464712471947389 4.2923914994586463 -20.369722958698301 43.251586690835012 0.16176218473511844 0.22601595510611858 20.123277571706438 4.7230900000000009 57.084929962609714 14.248371500000003
decision_type=2 2 2 2 2 2 2 2 2 2 2 2 2 2
left_child=1 3 12 4 5 -1 7 -4 -6 -9 11 -10 -2 -12
right_child=2 -3 6 -5 8 -7 -8 9 10 -11 13 -13 -14 -15
leaf_value=-0.00015385775298518216 0.00053089377553878949 -0.093792272592962314 0.0040508393173331828 0 -0.0042976864880096468 -0.0014688878365879514 0 0.0010502598702169614 -0.014203489031836552 -0.0038005128897281226 -0.014031066624004968 0.00087773433127579111 -0.0018849787656832209 -0.00093562166162265042
leaf_weight=18524 283 4092 34511 103034 1077 18293 84355 17576 1587 2032 6321 23314 4306 23675
leaf_count=18524 283 4092 34511 103034 1077 18293 84355 17576 1587 2032 6321 23314 4306 23675
internal_value=-0.00119575 -0.0033634 0.00183332 -0.00281394 -0.00595704 -0.0115262 0.00256452 0.00665127 -0.00229392 -0.000893513 -0.00162705 0.00297659 -0.020231 -0.00544873
internal_weight=342980 199917 143063 195825 92791 36817 138474 54119 55974 19608 54897 24901 4589 29996
internal_count=342980 199917 143063 195825 92791 36817 138474 54119 55974 19608 54897 24901 4589 29996
is_linear=0
shrinkage=0.04


Tree=32
num_leaves=15
num_cat=0
split_feature=3 1 2 13 9 2 11 11 14 11 11 0 10 2
split_gain=1338.36 1899.24 1254.74 1254.66 1027.39 919.635 717.487 689.73 1272.08 887.694 777.087 915.601 592.295 836.019
threshold=23.809725000000004 24.563230126510721 59.604534500000007 642.89807683317133 0.55509358796032238 53.122526500000014 2.7023855136920125 20.123277571706438 0.17356154239959554 1.3299130921530602 3.305395435584269 1.856980011881475 -0.96428009724235819 74.65816150000002
decision_type=2 2 2 2 2 2 2 2 2 2 2 2 2 2
left_child=1 4 -2 -4 5 6 -1 9 -9 12 -11 -12 13 -7
right_child=2 -3 3 -5 -6 7 -8 8 -10 10 11 -13 -14 -15
leaf_value=-0.00012050236347708404 -0.0014399988402000079 -0.088824590358489816 0 0.0043113397339598174 0 -0.0026458458919295796 -0.00068368521134331423 -0.0053984066272115151 -0.0026653361908988427 0.00054020024156353449 -0.00051825821826921082 0.00025291303815490828 0.00035043361934024661 -7.0312792309316083e-05
leaf_weight=5008 4727 4429 135407 6336 112589 4361 7001 3548 22334 5547 4521 23289 743 3166
leaf_count=5008 4727 4429 135407 6336 112589 4361 7001 3548 22334 5547 4521 23289 743 3166
internal_value=-0.00114459 -0.00330158 0.00174971 0.0024258 -0.00270453 -0.00618527 -0.0163844 -0.00437097 -0.00949849 -0.00118289 0.00172557 -0.00100108 -0.0129141 -0.0162774
internal_weight=343006 196536 146470 141743 192107 79518 12009 67509 25882 41627 33357 27810 8270 7527
internal_count=343006 196536 146470 141743 192107 79518 12009 67509 25882 41627 33357 27810 8270 7527
is_linear=0
shrinkage=0.04


Tree=33
num_leaves=15
num_cat=0
split_feature=3 10 10 11 8 0 11 13 9 2 13 0 0 11
split_gain=1283.5 1767.47 1148.64 1008.5 954.95 1031.73 877.876 799.975 796.093 733.885 631.119 561.525 481.536 562.855
threshold=24.527803500000001 -27.09725372700343 -19.951402845087305 44.303430009801225 0.19720642696671886 3.5990172926084365 4.2923914994586463 264.2857089727114 0.60483113485258555 59.604534500000007 268.32281790025485 18.771198404498005 1.856980011881475 15.071225593551993
decision_type=2 2 2 2 2 2 2 2 2 2 2 2 2 2
left_child=1 -1 3 -2 -3 6 10 -7 -5 -4 -6 -9 -8 -14
right_child=2 4 9 8 5 7 12 11 -10 -11 -12 -13 13 -15
leaf_value=-0.12114470500767975 0.003650324916063701 0 -0.0013939327638285764 -0.0049189919915689825 0.00034598792370079583 -0.0027060188011586339 -0.0011810954586739394 -5.8486802831780319e-05 0.0018062441058857616 0 -0.00020148852776316118 -0.042742142293058408 8.458024104611023e-05 -0.0036242990045105435
leaf_weight=2442 37156 104118 4536 4730 2285 3875 7790 51928 13062 82629 16116 1969 3419 7069
leaf_count=2442 37156 104118 4536 4730 2285 3875 7790 51928 13062 82629 16116 1969 3419 7069
internal_value=-0.00107355 -0.00313057 0.001836 0.00636529 -0.00271462 -0.00562704 -0.0108738 -0.00229592 -0.00146583 -0.00101922 -0.00470627 -0.00103382 -0.0170828 -0.0114874
internal_weight=343124 201011 142113 54948 198569 94451 36679 57772 17792 87165 18401 53897 18278 10488
internal_count=343124 201011 142113 54948 198569 94451 36679 57772 17792 87165 18401 53897 18278 10488
is_linear=0
shrinkage=0.04


Tree=34
num_leaves=15
num_cat=0
split_feature=3 1 10 11 8 0 11 8 14 11 13 10 3 3
split_gain=1153.25 1708.03 1015.38 953.699 889.182 831.457 1128.68 768.903 712.955 688.651 685.421 643.621 1532.87 688.144
threshold=23.989954500000003 24.901969547410996 -19.951402845087305 44.303430009801225 0.44763541722330241 3.5990172926084365 14.421394047025116 0.38007695602731389 0.16176218473511844 24.180775303799852 268.32281790025485 -13.945796214172022 15.425560500000001 4.8893595000000012
decision_type=2 2 2 2 2 2 2 2 2 2 2 2 2 2
left_child=1 4 3 -2 -1 6 10 -5 -7 -4 -6 12 -10 -13
right_child=2 -3 9 7 5 8 -8 -9 11 -11 -12 13 -14 -15
leaf_value=0 0.0035036912474558598 -0.084771452011586923 0 0.0017332773456442613 0.00029850019858308931 -0.0038589188028820076 -0.006309485665106869 -0.0046934687588781852 -0.063922223915525031 -0.0018125106000207532 -0.00031009965199066793 -0.011982302082469301 -0.00072059644982283523 0.00060762143820927087
leaf_weight=113770 38194 4182 78142 13077 2863 1094 4287 5002 2879 11009 25189 2455 10248 30800
leaf_count=113770 38194 4182 78142 13077 2863 1094 4287 5002 2879 11009 25189 2455 10248 30800
internal_value=-0.00107019 -0.00305855 0.00163384 0.00584081 -0.00251218 -0.00574879 -0.0106954 -0.00172797 -0.00237931 -0.00102164 -0.00777413 -0.00162649 -0.00912623 0.00133393
internal_weight=343191 197767 145424 56273 193585 79815 32339 18079 47476 89151 28052 46382 13127 33255
internal_count=343191 197767 145424 56273 193585 79815 32339 18079 47476 89151 28052 46382 13127 33255
is_linear=0
shrinkage=0.04


Tree=35
num_leaves=15
num_cat=0
split_feature=3 1 2 13 9 0 11 13 13 12 0 3 1 1
split_gain=1136.08 1706.47 947.063 976.109 882.199 943.303 941.344 781.745 559.526 524.129 523.068 506.527 1847.75 678.323
threshold=23.431233000000002 24.383093498516249 61.303104500000011 642.89807683317133 0.79306930647298579 3.5990172926084365 4.2923914994586463 264.2857089727114 268.32281790025485 57.084929962609714 18.771198404498005 14.448295500000002 12.896464257288725 4.3812282137071712
decision_type=2 2 2 2 2 2 2 2 2 2 2 2 2 2
left_child=1 4 9 -4 5 6 8 -7 -1 -2 11 12 13 -9
right_child=2 -3 3 -5 -6 7 -8 10 -10 -11 -12 -13 -14 -15
leaf_value=0.00031914754454587718 0.00062301528867838131 -0.082052467324985626 0 0.0038471941870254858 0 -0.0025374868797614046 -0.0012981996332505957 0.0047528109695130381 -0.00018102500057300797 -0.0017565491337933653 -0.047367308673510369 0.00076372864512228803 -0.055069483506961697 -0.0008699458207486688
leaf_weight=2336 309 4164 137249 6303 100087 3897 17977 2881 16070 4884 1529 32399 3636 9332
leaf_count=2336 309 4164 137249 6303 100087 3897 17977 2881 16070 4884 1529 32399 3636 9332
internal_value=-0.00103168 -0.00304568 0.00159925 0.00220631 -0.00249095 -0.00536327 -0.0103356 -0.00199277 -0.00397696 -0.015182 -0.000642064 8.78793e-05 -0.00577197 0.00168018
internal_weight=343053 194308 148745 143552 190144 90057 36383 53674 18406 5193 49777 48248 15849 12213
internal_count=343053 194308 148745 143552 190144 90057 36383 53674 18406 5193 49777 48248 15849 12213
is_linear=0
shrinkage=0.04


Tree=36
num_leaves=15
num_cat=0
split_feature=3 1 10 14 9 0 11 11 11 14 13 1 3 3
split_gain=1005.58 1624.57 932.955 854.209 775.857 738.665 1167.98 666.432 643.304 641.093 616.89 605.608 1360.76 654.001
threshold=23.809725000000004 25.44293193981245 -20.369722958698301 0.21850692549482056 0.55509358796032238 3.5990172926084365 14.421394047025116 24.180775303799852 32.288120155834768 0.16176218473511844 268.32281790025485 13.994097589764293 15.425560500000001 4.6459410000000014
decision_type=2 2 2 2 2 2 2 2 2 2 2 2 2 2
left_child=1 4 3 8 5 6 10 -4 -2 -7 -1 13 -13 -11
right_child=2 -3 7 -5 -6 9 -8 -9 -10 11 -12 12 -14 -15
leaf_value=0.00030007461089038808 0.0051452225866661363 -0.090529285934663195 0 -0.0025519888587275399 0 -0.0034841014772587281 -0.0059787141046079659 -0.001723762060285463 0.0020370767177988742 -0.015910589847747111 -0.00028205025044423447 -0.060796065701684561 -0.00078312238459798305 0.00053430430892300066
leaf_weight=2820 11648 3303 79588 3402 113801 1110 4313 11657 40340 1502 25118 2754 10035 31697
leaf_count=2820 11648 3303 79588 3402 113801 1110 4313 11657 40340 1502 25118 2754 10035 31697
internal_value=-0.000939934 -0.00281085 0.00156661 0.00566167 -0.00233518 -0.00537121 -0.010035 -0.000919283 0.00693237 -0.00217759 -0.00704417 -0.00145255 -0.00884823 0.00139643
internal_weight=343088 196453 146635 55390 193150 79349 32251 91245 51988 47098 27938 45988 12789 33199
internal_count=343088 196453 146635 55390 193150 79349 32251 91245 51988 47098 27938 45988 12789 33199
is_linear=0
shrinkage=0.04


Tree=37
num_leaves=15
num_cat=0
split_feature=8 0 11 11 1 3 13 13 14 14 12 10 3 3
split_gain=1016.18 946.954 1130.49 1005.81 690.429 718.816 655.99 550.777 563.371 467.543 473.374 437.583 1185.54 555.328
threshold=0.52110567320351942 3.6464712471947389 14.421394047025116 44.303430009801225 32.659652159832817 31.675099500000005 474.36219669615394 268.32281790025485 0.21256765339438269 0.16176218473511844 65.343040246226465 -4.3837922380402583 5.2056650000000007 12.838266500000001
decision_type=2 2 2 2 2 2 2 2 2 2 2 2 2 2
left_child=4 2 7 6 -1 -6 9 -2 -9 -3 -11 12 -12 -13
right_child=1 3 -4 -5 5 -7 -8 8 -10 10 11 13 -14 -15
leaf_value=0 0.00028358082858118616 -0.0033702223545399746 -0.0057883748191164663 -0.0064007292494700852 -0.11051264398133256 0.0049623632735467452 0.00054553386747638994 -0.00031108872752487807 0.000438195085115269 -0.0067495614808358619 -0.020690170911582588 0.010595137716236281 -0.00041315482717281483 -0.00058277388123846054
leaf_weight=205876 2807 851 4782 6131 913 18661 31726 26381 1975 885 1776 1925 36956 1303
leaf_count=205876 2807 851 4782 6131 913 18661 31726 26381 1975 885 1776 1925 36956 1303
internal_value=-0.000952681 -0.00396875 -0.00937766 -0.00158474 0.000619206 0.0077981 -0.00031821 -0.00659885 -0.00827197 -0.00349689 -0.00291376 -0.00230315 -0.00348239 0.0118463
internal_weight=342948 117498 35945 81553 225450 19574 75422 31163 28356 43696 42845 41960 38732 3228
internal_count=342948 117498 35945 81553 225450 19574 75422 31163 28356 43696 42845 41960 38732 3228
is_linear=0
shrinkage=0.04


Tree=38
num_leaves=15
num_cat=0
split_feature=8 0 11 11 1 11 2 3 1 3 13 13 14 12
split_gain=947.703 891.837 1107.84 972.345 646.306 643.391 752.626 680.024 817.686 640.367 538.256 492.426 532.111 468.743
threshold=0.52110567320351942 3.5990172926084365 14.421394047025116 44.303430009801225 32.659652159832817 0.85204449393877002 108.46953200000002 4.8893595000000012 4.2155362966528998 31.675099500000005 444.39815061643793 268.32281790025485 0.21256765339438269 71.970117785555843
decision_type=2 2 2 2 2 2 2 2 2 2 2 2 2 2
left_child=4 2 11 5 -1 -3 7 8 -7 -6 -9 -2 -13 -12
right_child=1 3 -4 -5 9 6 -8 10 -10 -11 13 12 -14 -15
leaf_value=0 0.00026806212049114843 -0.003265347942740162 -0.0054595074223247617 -0.0061503859982887325 -0.10362646698800404 0.0060813291107231016 -0.0012327139091781235 4.5692049234550697e-05 -0.018148723311735299 0.0047325429254967211 -3.9104555299906972e-05 -0.00030202481074595265 0.00042113350140789071 0.0022196669909452147
leaf_weight=206209 2758 5701 4740 6183 917 560 24685 20724 1557 18601 5533 26218 1952 16913
leaf_count=206209 2758 5701 4740 6183 917 560 24685 20724 1557 18601 5533 26218 1952 16913
internal_value=-0.000923639 -0.00383649 -0.00911517 -0.00153636 0.000592929 -0.000290196 0.000762591 0.00382538 -0.0183089 0.00754995 0.00491082 -0.00635541 -0.00793468 0.00920253
internal_weight=343251 117524 35668 81856 225727 75673 69972 45287 2117 19518 43170 30928 28170 22446
internal_count=343251 117524 35668 81856 225727 75673 69972 45287 2117 19518 43170 30928 28170 22446
is_linear=0
shrinkage=0.04


Tree=39
num_leaves=15
num_cat=0
split_feature=3 1 10 13 11 9 0 11 13 0 3 1 8 3
split_gain=929.714 1759.11 785.302 817.989 751.069 725.297 698.201 856.638 687.69 759.178 736.572 659.094 612.219 577.795
threshold=22.325398000000003 23.062351794280705 -19.436618144817199 688.62798463473371 43.251586690835012 0.79799814326553165 3.6464712471947389 4.2923914994586463 289.15636952549113 13.950514157349362 15.9299385 17.855867550443222 0.38007695602731389 4.8893595000000012
decision_type=2 2 2 2 2 2 2 2 2 2 2 2 2 2
left_child=1 5 4 -4 -2 6 7 -1 -8 13 -11 -12 -6 -10
right_child=2 -3 3 -5 12 -7 8 -9 9 10 11 -13 -14 -15
leaf_value=-8.527323810412185e-05 0.0029026007882943707 -0.08222409143741119 0 -0.0083737333427251724 0.0013745915150142336 0 -0.0020857779927836535 -0.0011986907274799652 -0.010480446836708417 -0.063275983766331076 0.0037414797803789136 -0.041300532268368551 -0.0039545944430210752 0.0010030654718595055
leaf_weight=17772 42090 3715 96222 892 15072 95130 9397 17798 1896 1389 2638 1842 5588 31427
leaf_count=17772 42090 3715 96222 892 15072 95130 9397 17798 1896 1389 2638 1842 5588 31427
internal_value=-0.000860156 -0.00280693 0.00136841 -0.000885145 0.0048561 -0.00224241 -0.0049473 -0.00920551 -0.00183004 0.000500102 -0.0127654 -0.004875 -0.00139013 0.00283648
internal_weight=342868 183004 159864 97114 62750 179289 84159 35570 48589 39192 5869 4480 20660 33323
internal_count=342868 183004 159864 97114 62750 179289 84159 35570 48589 39192 5869 4480 20660 33323
is_linear=0
shrinkage=0.04


Tree=40
num_leaves=15
num_cat=0
split_feature=8 11 14 0 11 1 11 2 10 11 14 2 2 15
split_gain=835.163 853.708 1039.06 791.757 939.418 610.531 533.489 683.37 603.689 506.339 484.632 454.522 688.298 465.517
threshold=0.51514504270631611 46.353468080857319 0.21135727656717004 3.5487538955621534 4.8128121500077388 32.659652159832817 1.0000000180025095e-35 58.126083000000008 -1.2545316223680516 1.0000000180025095e-35 0.16176218473511844 110.32415400000001 70.194599000000011 7.8595107582499688
decision_type=2 2 2 2 2 2 2 2 2 2 2 2 2 2
left_child=5 2 3 4 6 -1 8 -8 -2 -4 -5 12 -12 -14
right_child=1 -3 9 10 -6 -7 7 -9 -10 -11 11 -13 13 -15
leaf_value=0 -0.0018744771567817725 -0.0073821807764806657 -0.0045505456548776751 -0.0031483417462705651 -0.0014521309065528465 0.0039426620070041997 -8.9331592104823494e-05 0.00062222961273913067 0.00040470521233736123 0.00085502837322823226 -0.0014066274614603278 -0.001795580209423735 7.9534556010996821e-05 0.0017613907460314912
leaf_weight=205450 2871 5593 1407 890 12366 19486 14627 1868 762 14616 8120 19397 25926 9686
leaf_count=205450 2871 5593 1407 890 12366 19486 14627 1868 762 14616 8120 19397 25926 9686
internal_value=-0.000839841 -0.00356322 -0.00280515 -0.00437122 -0.00945652 0.00059039 -0.0041256 -0.00106941 -0.0180017 0.00662797 -0.00179009 -0.00137686 0.000883564 0.00327979
internal_weight=343065 118129 112536 96513 32494 224936 20128 16495 3633 16023 64019 63129 43732 35612
internal_count=343065 118129 112536 96513 32494 224936 20128 16495 3633 16023 64019 63129 43732 35612
is_linear=0
shrinkage=0.04


Tree=41
num_leaves=15
num_cat=0
split_feature=9 11 11 10 11 14 11 14 12 14 9 1 10 2
split_gain=807.372 783.177 882.549 1072.27 1212.06 892.362 800.207 1277.1 999.863 737.973 535.414 528.924 501.76 626.696
threshold=0.46958889730450482 1.0000000180025095e-35 44.303430009801225 -0.96428009724235819 2.6036669427134833 0.21021760849986634 14.421394047025116 0.17356154239959554 73.150894874294906 0.19664582477016793 0.22421572633694323 32.659652159832817 -1.1410206801375744 73.975143500000016
decision_type=2 2 2 2 2 2 2 2 2 2 2 2 2 2
left_child=1 12 3 5 -5 6 9 -8 -9 -3 -7 -2 13 -1
right_child=11 2 -4 4 -6 10 7 8 -10 -11 -12 -13 -14 -15
leaf_value=-0.0026739949955074493 0 0.00070453815708132288 -0.0067187930082980339 6.5716886968415766e-05 -0.00048636999297827665 0.0013860930136368834 -0.0046513027603284655 -0.004321942279084866 -0.0003925812844503678 -0.00015345333334122302 -0.00045229451514289476 0.0035870898362980884 0.00055466211993464136 -0.0011761290724464548
leaf_weight=4485 206591 12332 6477 5341 8502 12536 3274 2792 39305 13303 3394 19590 765 4114
leaf_count=4485 206591 12332 6477 5341 8502 12536 3274 2792 39305 13303 3394 19590 765 4114
internal_value=-0.000880161 -0.0035836 -0.00261505 -0.00169519 -0.012035 -4.87715e-05 -0.00196828 -0.00516012 -0.0032886 0.00368091 0.00850722 0.000513748 -0.0146775 -0.0174392
internal_weight=342801 116620 107256 100779 13843 86936 71006 45371 42097 25635 15930 226181 9364 8599
internal_count=342801 116620 107256 100779 13843 86936 71006 45371 42097 25635 15930 226181 9364 8599
is_linear=0
shrinkage=0.04


Tree=42
num_leaves=15
num_cat=0
split_feature=3 1 2 9 13 13 12 0 3 1 3 1 12 10
split_gain=799.883 1648.75 749.948 674.951 650.946 630.259 779.667 674.42 691.691 608.592 523.661 718.401 517.699 414.924
threshold=22.233644000000002 23.062351794280705 62.124582000000011 0.79799814326553165 642.89807683317133 289.15636952549113 68.092839492459674 13.950514157349362 15.9299385 17.855867550443222 14.067463500000001 12.660564294120285 57.084929962609714 -8.1935011690424684
decision_type=2 2 2 2 2 2 2 2 2 2 2 2 2 2
left_child=1 3 12 5 -4 -1 -7 10 -9 -10 11 -8 -2 -12
right_child=2 -3 4 -5 -6 6 7 8 9 -11 13 -13 -14 -15
leaf_value=-0.0012929245048473054 0.00058511236143206466 -0.081505567390388931 0 0 0.0030497201814361735 -0.00029027617707863426 -6.1747133083838861e-05 -0.060661312018352231 0.0034658456496609188 -0.043011163778245633 0.0026904759284521545 -0.036578064599183766 -0.0013013704873239692 -0.00019505808847110174
leaf_weight=18516 337 3523 147923 94862 6485 20314 13307 1402 2594 1772 16207 2008 6220 7526
leaf_count=18516 337 3523 147923 94862 6485 20314 13307 1402 2594 1772 16207 2008 6220 7526
internal_value=-0.00088969 -0.00270613 0.00116448 -0.00217133 0.00172711 -0.00479067 -0.00293935 7.14031e-06 -0.0127601 -0.00491067 0.00189305 -0.00387333 -0.0120848 0.00561412
internal_weight=342996 182031 160965 178508 154408 83646 65130 44816 5768 4366 39048 15315 6557 23733
internal_count=342996 182031 160965 178508 154408 83646 65130 44816 5768 4366 39048 15315 6557 23733
is_linear=0
shrinkage=0.04


Tree=43
num_leaves=15
num_cat=0
split_feature=3 1 1 13 11 11 1 13 11 0 3 1 1 14
split_gain=742.574 1473.54 699.734 817.816 654.672 642.253 1495.1 752.729 662.216 585.501 706.679 573.404 562.525 518.773
threshold=22.325398000000003 23.890967620307425 19.257696280125973 688.62798463473371 43.251586690835012 3.450275492647219 1.8641136331520276 289.15636952549113 14.010599964629094 13.950514157349362 15.733005500000003 17.855867550443222 4.0409982062605136 0.22601595510611858
decision_type=2 2 2 2 2 2 2 2 2 2 2 2 2 2
left_child=1 5 3 -2 -4 -1 -7 8 -8 -9 -11 -12 -10 -6
right_child=2 -3 4 -5 13 6 7 9 12 10 11 -13 -14 -15
leaf_value=0 0 -0.085691408349498649 0.0026482314518712514 -0.0079676996485404522 0.00035858878758886936 -0.00067062333568850398 0.00078050157958784372 0.00034952050070112816 -0.0075367345698294647 -0.062151853628593746 0.0034947113033165335 -0.040276891375988361 -0.0019373610378028464 -0.0028055864149516053
leaf_weight=107648 95480 2896 42800 889 18717 10770 2503 39381 1570 1328 2650 1880 12278 2036
leaf_count=107648 95480 2896 42800 889 18717 10770 2503 39381 1570 1328 2650 1880 12278 2036
internal_value=-0.000754552 -0.0024953 0.00123635 -0.000912327 0.00449452 -0.00203991 -0.00495412 -0.00254976 -0.0099052 0.000108756 -0.01169 -0.00416777 -0.0133276 -0.00133571
internal_weight=342826 182904 159922 96369 63553 180008 72360 61590 16351 45239 5858 4530 13848 20753
internal_count=342826 182904 159922 96369 63553 180008 72360 61590 16351 45239 5858 4530 13848 20753
is_linear=0
shrinkage=0.04


Tree=44
num_leaves=15
num_cat=0
split_feature=9 11 11 14 11 12 12 12 2 14 11 1 11 10
split_gain=690.685 754.909 840.207 920.111 658.306 1407.92 629.687 556.511 686.513 531.106 1006 498.536 472.252 460.553
threshold=0.4751729245485708 46.353468080857319 1.0000000180025095e-35 0.21021760849986634 3.450275492647219 69.409382822894841 68.092839492459674 73.150894874294906 94.976715000000013 0.17356154239959554 18.807752024662758 32.659652159832817 6.0856008256077407 -1.1410206801375744
decision_type=2 2 2 2 2 2 2 2 2 2 2 2 2 2
left_child=1 2 13 4 6 12 -4 -5 -9 10 -7 -2 -6 -1
right_child=11 -3 3 7 5 9 -8 8 -10 -11 -12 -13 -14 -15
leaf_value=-0.0021151828235826441 0 -0.006914417186428632 2.5177820989420313e-05 -0.00010470849968406991 -0.00015261596043774001 0.00025281144486543906 0.00093418476790168171 0.0037020600558685989 0.00085259484186474721 -0.00016787008267107786 -0.0044427304908602272 0.003494426769916337 -0.0019862837962410567 0.00060281384538631163
leaf_weight=8627 206243 5448 10910 6096 5143 2947 2411 4929 6927 53802 3397 19539 5640 741
leaf_count=8627 206243 5448 10910 6096 5143 2947 2411 4929 6927 53802 3397 19539 5640 741
internal_value=-0.000764294 -0.0032583 -0.00254836 -0.00149743 -0.00324938 -0.00478168 0.00490954 0.0067246 0.0117746 -0.0023955 -0.0133417 0.000528297 -0.0180914 -0.0140137
internal_weight=342800 117018 111570 102202 84250 70929 13321 17952 11856 60146 6344 225782 10783 9368
internal_count=342800 117018 111570 102202 84250 70929 13321 17952 11856 60146 6344 225782 10783 9368
is_linear=0
shrinkage=0.04


Tree=45
num_leaves=15
num_cat=0
split_feature=3 1 0 2 11 13 11 1 3 1 13 15 12 1
split_gain=652.83 1400.59 802.031 659.604 993.462 555.648 511.781 1492.84 763.518 1063.25 708.885 671.105 754.127 621.256
threshold=20.268258000000003 21.741101422005361 14.310400098868582 63.051322500000005 22.218774590567875 642.89807683317133 4.5829330110428073 3.8767063623056299 14.248371500000003 13.613337773006974 268.7841962257441 5.0400225216250343 66.355812757360823 4.3812282137071712
decision_type=2 2 2 2 2 2 2 2 2 2 2 2 2 2
left_child=1 2 6 4 -2 -5 -1 11 9 13 -10 -8 -13 -9
right_child=3 -3 -4 5 -6 -7 7 8 10 -11 -12 12 -14 -15
leaf_value=0 -6.7266260102063073e-05 -0.10102780050453816 -0.033304618417198714 0 -0.0079504681054645837 0.0026714534906469422 -0.00326851976456961 0.0079070337848629341 -0.0014206251490689959 -0.053734453353840354 0.0021886774471222416 -0.0011559062190245042 8.5554255817146262e-05 -0.0017050556523534298
leaf_weight=105217 6744 1818 3604 163975 2375 6751 5019 2345 3208 2872 19610 2945 4157 12494
leaf_count=105217 6744 1818 3604 163975 2375 6751 5019 2345 3208 2872 19610 2945 4157 12494
internal_value=-0.000747696 -0.00257874 -0.00218566 0.000914788 -0.00956684 0.00147464 -0.00175971 -0.0049793 -0.00129586 -0.00752753 0.00354106 -0.0172956 -0.00938327 -0.00321585
internal_weight=343134 163289 161471 179845 9119 170726 157867 52650 40529 17711 22818 12121 7102 14839
internal_count=343134 163289 161471 179845 9119 170726 157867 52650 40529 17711 22818 12121 7102 14839
is_linear=0
shrinkage=0.04


Tree=46
num_leaves=15
num_cat=0
split_feature=3 10 11 12 13 0 10 10 11 15 15 12 11 3
split_gain=634.95 1360.64 721.121 1250.72 790.729 876.635 612.038 605.165 1049.92 705.84 690.672 543.295 627.666 504.387
threshold=20.268258000000003 -21.809341419229629 4.8128121500077388 66.355812757360823 289.15636952549113 14.310400098868582 -3.5525082131181303 -15.564736006770207 20.123277571706438 4.7572720227499881 4.1789731969999773 129.79437184733573 12.309976574994723 13.968358500000003
decision_type=2 2 2 2 2 2 2 2 2 2 2 2 2 2
left_child=1 -1 -3 -4 6 13 -5 9 -9 -2 -10 12 -11 -6
right_child=7 2 3 4 5 -7 -8 8 10 11 -12 -13 -14 -15
leaf_value=-0.098258461615741435 0.0035838229557982543 0 -0.0013429416882887316 -0.0018029448001279169 -0.00075642266605144455 -0.033232422881253519 -0.0046975064444990233 0 -0.0071930056877516036 -0.048124436287586135 -0.0013312046940653821 0.00016014905676590364 0.0036585649842416361 0.0013818603783317294
leaf_weight=1776 10808 105738 4755 12286 14280 3398 2213 83690 1444 404 10925 61223 11119 18575
leaf_count=1776 10808 105738 4755 12286 14280 3398 2213 83690 1444 404 10925 61223 11119 18575
internal_value=-0.000714698 -0.00252213 -0.00213861 -0.00583062 -0.00399275 -0.000835241 -0.0118877 0.000925768 -0.00123965 0.00341528 -0.0121174 0.00199819 0.00996615 0.00116512
internal_weight=342634 163021 161245 55507 50752 36253 14499 179613 96059 83554 12369 72746 11523 32855
internal_count=342634 163021 161245 55507 50752 36253 14499 179613 96059 83554 12369 72746 11523 32855
is_linear=0
shrinkage=0.04


Tree=47
num_leaves=15
num_cat=0
split_feature=3 10 11 1 15 12 3 10 0 2 11 3 1 3
split_gain=599.912 1341.83 636.297 1256.21 649.016 778.885 617.583 1356.55 739.491 598.467 971.59 569.473 615.855 741.121
threshold=20.268258000000003 -20.833449000604279 4.8128121500077388 3.8767063623056299 5.0400225216250343 66.355812757360823 14.741238000000001 -13.758876879648783 17.482214162328546 63.051322500000005 21.991080365149006 4.5709225000000009 4.631659062313747 5.283471500000001
decision_type=2 2 2 2 2 2 2 2 2 2 2 2 2 2
left_child=1 -1 -3 4 -4 -6 7 -5 -8 10 -2 -9 -13 -14
right_child=9 2 3 6 5 -7 8 11 -10 -11 -12 12 13 -15
leaf_value=-0.079876871789160225 -5.5026711403766142e-05 0 -0.0032328252255224587 -0.055317806095433499 -0.0011439754678471521 0.00013302899111900275 0.0010848723689994854 -0.017867378234138354 -0.074478312083719231 0 -0.007422087434331856 0.007797049494676243 -0.017587709415776923 -0.00017679249277513742
leaf_weight=2382 6813 105866 4856 4246 2759 3970 21975 1119 800 170505 2394 3124 1142 11021
leaf_count=2382 6813 105866 4856 4246 2759 3970 21975 1119 800 170505 2394 3124 1142 11021
internal_value=-0.000684604 -0.00243979 -0.00199853 -0.00548826 -0.0171912 -0.00914846 -0.00236627 -0.00737556 0.00217607 0.0009099 -0.00902357 -0.00216019 -0.000143913 -0.00421278
internal_weight=342972 163260 160878 55012 11585 6729 43427 20652 22775 179712 9207 16406 15287 12163
internal_count=342972 163260 160878 55012 11585 6729 43427 20652 22775 179712 9207 16406 15287 12163
is_linear=0
shrinkage=0.04


Tree=48
num_leaves=15
num_cat=0
split_feature=9 11 11 14 11 12 12 12 2 14 11 11 14 11
split_gain=597.716 716.881 823.81 805.958 563.938 1223.28 580.991 523.443 635.128 465.276 967.969 463.983 460.642 917.479
threshold=0.4751729245485708 44.303430009801225 1.0000000180025095e-35 0.21021760849986634 3.450275492647219 69.409382822894841 68.092839492459674 72.671927887115046 96.21310800000002 0.17356154239959554 18.807752024662758 6.0856008256077407 0.22601595510611858 12.003029425366757
decision_type=2 2 2 2 2 2 2 2 2 2 2 2 2 2
left_child=1 2 -1 4 6 11 -4 -5 -9 10 -7 -6 -2 -14
right_child=12 -3 3 7 5 9 -8 8 -10 -11 -12 -13 13 -15
leaf_value=-0.0016012969830393664 0 -0.0059067261981814358 2.4155588686835402e-05 -9.5697399381241839e-05 -0.00012794215759302397 0.00027766162815294585 0.00091243246782899453 0.0035796285985198739 0.00078911477831639326 -0.00012325775900089348 -0.0040044663405800988 -0.00172202473448043 0 -0.005965005246872726
leaf_weight=9417 217990 6544 10841 6084 5141 2956 2407 5114 6609 53037 3344 5553 5510 2456
leaf_count=9417 217990 6544 10841 6084 5141 2956 2407 5114 6609 53037 3344 5553 5510 2456
internal_value=-0.000671947 -0.00299196 -0.00223017 -0.00117603 -0.0028276 -0.00425926 0.00474034 0.00654799 0.0114885 -0.00201493 -0.0122921 -0.0167122 0.000529838 -0.0089179
internal_weight=343003 117047 110503 101086 83279 70031 13248 17807 11723 59337 6300 10694 225956 7966
internal_count=343003 117047 110503 101086 83279 70031 13248 17807 11723 59337 6300 10694 225956 7966
is_linear=0
shrinkage=0.04


Tree=49
num_leaves=15
num_cat=0
split_feature=9 11 11 14 11 12 12 12 2 10 2 0 12 1
split_gain=562.515 653.639 729.8 743.485 517.056 1228.09 546.413 476.609 635.67 474.665 580.454 830.321 474.617 587.112
threshold=0.46958889730450482 46.353468080857319 1.0000000180025095e-35 0.21021760849986634 3.450275492647219 69.409382822894841 68.092839492459674 72.671927887115046 94.976715000000013 -1.2545316223680516 73.975143500000016 8.0077145503447511 133.65394373484941 3.8767063623056299
decision_type=2 2 2 2 2 2 2 2 2 2 2 2 2 2
left_child=1 2 9 4 6 -6 -4 -5 -9 10 -1 -12 -7 -14
right_child=-2 -3 3 7 5 12 -8 8 -10 -11 11 -13 13 -15
leaf_value=-0.0024864195860162868 0 -0.0063652295433466533 2.070502858688164e-05 -9.8689524784983457e-05 -0.00060344409498746675 2.012490160029884e-05 0.00085552527595575585 0.0034669678002636284 0.00067157960653828396 0.00056067027949846385 0.001203571769577561 -0.014052193063157756 -0.0066347790468205695 -0.0014904304359179743
leaf_weight=4380 226543 5462 10892 6069 10784 44285 2374 4977 6920 871 2224 1884 865 14620
leaf_count=4380 226543 5462 10892 6069 10784 44285 2374 4977 6920 871 2224 1884 865 14620
internal_value=-0.000637505 -0.00289485 -0.00223096 -0.00124811 -0.00283083 -0.0041931 0.00441429 0.00613603 0.0107893 -0.0129202 -0.0158058 -0.00500487 -0.00195148 -0.00797933
internal_weight=343150 116607 111145 101786 83820 70554 13266 17966 11897 9359 8488 4108 59770 15485
internal_count=343150 116607 111145 101786 83820 70554 13266 17966 11897 9359 8488 4108 59770 15485
is_linear=0
shrinkage=0.04


Tree=50
num_leaves=15
num_cat=0
split_feature=1 11 1 1 11 1 14 2 11 8 11 2 11 10
split_gain=533.429 629.624 510.354 486.082 886.49 1396.25 468.458 412.078 552.252 321.021 421.278 581.17 667.75 430.742
threshold=32.659652159832817 40.258855440802456 6.3087405406810175 16.047756993042125 21.68566105862525 3.8767063623056299 0.21135727656717004 102.13549050000002 5.7169073854533261 0.99999995294695732 0.56520609045452974 53.417516500000012 2.7023855136920125 -1.5524726219823031
decision_type=2 2 2 2 2 2 2 2 2 2 2 2 2 2
left_child=1 3 -3 4 9 -6 -7 8 -5 -1 13 12 -12 -11
right_child=-2 2 -4 7 5 6 -8 -9 -10 10 11 -13 -14 -15
leaf_value=0 0.0028438811738270477 -0.018164153838791698 -0.002314512034144023 -0.03912729929583935 -0.0063333992998547252 -0.00093883467290048375 0.027786467195647854 0.00048728691712265876 0.0051124428682890787 -0.0022640354976219933 4.3184684593460946e-05 0.00010644919862870597 -0.00039004610283397691 0.00041950285998235083
leaf_weight=177427 22983 1036 23390 307 3508 23267 375 44303 4493 5015 5200 23784 7111 922
leaf_count=177427 22983 1036 23390 307 3508 23267 375 44303 4493 5015 5200 23784 7111 922
internal_value=-0.000604102 -0.00102668 -0.00719889 -0.000516854 -0.00124051 -0.00805893 -0.00456476 0.00311753 0.01425 -0.000396976 -0.00354016 -0.00191605 -0.00897084 -0.0134142
internal_weight=343121 320138 24426 295712 246609 27150 23642 49103 4800 219459 42032 36095 12311 5937
internal_count=343121 320138 24426 295712 246609 27150 23642 49103 4800 219459 42032 36095 12311 5937
is_linear=0
shrinkage=0.04


Tree=51
num_leaves=15
num_cat=0
split_feature=3 10 10 15 11 14 0 3 10 10 11 11 12 13
split_gain=541.767 2158.46 728.223 645.45 582.341 490.132 459.603 453.947 1288.76 832.814 707.821 645.043 1107.59 720.98
threshold=25.583282500000003 -27.746042549517888 -21.809341419229629 4.8872795136250327 38.814218437715844 0.21850692549482056 21.495227846560535 20.268258000000003 -22.115703784288886 -14.118156325174903 19.887953071673063 4.8128121500077388 66.355812757360823 289.15636952549113
decision_type=2 2 2 2 2 2 2 2 2 2 2 2 2 2
left_child=1 -1 3 -2 -4 -5 7 8 -3 -9 -11 -10 -13 -14
right_child=2 6 4 5 -6 -7 -8 9 11 10 -12 12 13 -15
leaf_value=-0.10548162135844676 0.010103785814087878 -0.095281956459323247 0 0.0023257460481751523 -0.0041214623895577595 -0.0019008347042128507 -0.068883084401914874 0.0028410615831416194 0 0 -0.0026899125931887859 -0.0011411709443446343 -0.002245201238477035 -0.00013706716174872788
leaf_weight=2771 2368 1598 84147 42434 3321 2911 711 17779 105838 18431 4694 4769 14553 36538
leaf_count=2771 2368 1598 84147 42434 3321 2911 711 17779 105838 18431 4694 4769 14553 36538
internal_value=-0.000561157 -0.00184397 0.00140967 0.0053847 -0.000758677 0.00432153 -0.00136977 -0.00125798 -0.00220189 0.00251027 -0.00249427 -0.00184863 -0.00532617 -0.00360533
internal_weight=342863 207682 135181 47713 87468 45345 204911 204200 163296 40904 23125 161698 55860 51091
internal_count=342863 207682 135181 47713 87468 45345 204911 204200 163296 40904 23125 161698 55860 51091
is_linear=0
shrinkage=0.04


Tree=52
num_leaves=15
num_cat=0
split_feature=3 1 1 15 11 14 2 9 11 1 15 3 1 3
split_gain=488.677 1968.66 694.908 642.305 547.107 430.044 434.983 603.063 371.821 1606.19 750.3 717.517 1247.27 574.462
threshold=25.243693500000003 27.625720280027082 20.724434135233498 4.8872795136250327 26.373065560482715 0.21850692549482056 109.7905195 0.53098135250719214 4.8128121500077388 3.8767063623056299 4.646697706999988 14.448295500000002 13.613337773006974 4.8893595000000012
decision_type=2 2 2 2 2 2 2 2 2 2 2 2 2 2
left_child=1 8 4 -4 -2 6 -5 -8 -1 10 -10 12 13 -11
right_child=2 -3 3 5 -6 -7 7 -9 9 11 -12 -13 -14 -15
leaf_value=0 0 -0.10406312523021974 0.0097279362162013168 0.0064461824878970786 -0.0015753215114338603 -0.0015667291001871134 -0.0022964852596991849 0.0024528342659499158 -0.0041333470259105652 -0.012023547182039627 -0.00049808654568248717 0.00040691395111050769 -0.056619192294300992 0.00014093622709394007
leaf_weight=119398 76528 2620 2625 6587 9707 3366 7793 31015 4425 2246 9077 50730 3817 13125
leaf_count=119398 76528 2620 2625 6587 9707 3366 7793 31015 4425 2246 9077 50730 3817 13125
internal_value=-0.000557222 -0.00179285 0.0012873 0.00496945 -0.000906824 0.00393183 0.00495473 0.00334158 -0.00134781 -0.00339679 -0.0160273 -0.000957693 -0.00754638 -0.00246438
internal_weight=343059 205438 137621 51386 86235 48761 45395 38808 202818 83420 13502 69918 19188 15371
internal_count=343059 205438 137621 51386 86235 48761 45395 38808 202818 83420 13502 69918 19188 15371
is_linear=0
shrinkage=0.04


Tree=53
num_leaves=15
num_cat=0
split_feature=8 11 11 14 11 12 12 11 2 10 1 2 9 10
split_gain=432.125 628.806 649.976 606.174 482.672 985.405 630.635 473.534 433.47 586.013 560.008 427.265 427.234 421.653
threshold=0.52110567320351942 46.353468080857319 1.0000000180025095e-35 0.21135727656717004 3.305395435584269 69.409382822894841 68.092839492459674 6.0856008256077407 110.05551550000001 -18.776108352420323 3.8767063623056299 51.822218000000014 0.22421572633694323 -1.3368208237374326
decision_type=2 2 2 2 2 2 2 2 2 2 2 2 2 2
left_child=-1 2 13 4 6 7 -4 -6 9 -7 -10 -11 -5 -2
right_child=1 -3 3 12 5 8 -8 -9 10 11 -12 -13 -14 -15
leaf_value=0 -0.0019362134577302621 -0.0058956946444693147 2.2779543783497184e-05 0.00080176032965386507 -9.6794229240982081e-05 0.0057511606733745288 0.00069634363488317369 -0.0014683158022140918 -0.0059955473381824963 -0.0008891508979573193 -0.0012956532524723036 1.5706678173094401e-05 -0.00051779736177331559 0.00043420453815385036
leaf_weight=225638 8371 5500 11200 11213 5813 3425 2358 5703 757 1017 20011 37865 3311 983
leaf_count=225638 8371 5500 11200 11213 5813 3425 2358 5703 757 1017 20011 37865 3311 983
internal_value=-0.000552154 -0.00251891 -0.00187062 -0.00095098 -0.00219855 -0.00346047 0.00474406 -0.0142202 -0.001496 0.000827286 -0.00622881 -0.00056993 0.00662077 -0.0119649
internal_weight=343165 117527 112027 102673 88149 74591 13558 11516 63075 42307 20768 38882 14524 9354
internal_count=343165 117527 112027 102673 88149 74591 13558 11516 63075 42307 20768 38882 14524 9354
is_linear=0
shrinkage=0.04


Tree=54
num_leaves=15
num_cat=0
split_feature=3 1 1 15 11 0 14 2 0 3 10 10 11 0
split_gain=474.65 1975.68 628.307 566.465 535.574 422.75 416.449 443.144 614.205 400.69 1261.28 710.979 643.183 642.11
threshold=25.583282500000003 27.839737707631649 21.54693784508191 4.8872795136250327 38.814218437715844 22.171345348791505 0.21850692549482056 109.7905195 15.140255923610356 20.268258000000003 -21.809341419229629 -14.118156325174903 14.421394047025116 14.514119355718961
decision_type=2 2 2 2 2 2 2 2 2 2 2 2 2 2
left_child=1 5 4 -4 -2 9 7 -5 -9 10 -1 -11 -13 -12
right_child=2 -3 3 6 -6 -7 -8 8 -10 11 13 12 -14 -15
leaf_value=-0.088239359027754496 0 -0.099985280182056435 0.0091424352493369061 0.0067412585376442338 -0.0039024650995255527 -0.082739508590169777 -0.0016106183053268424 0.0022414558915723566 -0.0041407623760731007 0.0026389454601703642 0 0 -0.0021710340966128424 -0.032912846019500452
leaf_weight=1771 83600 2655 2354 6023 3199 545 3069 31133 5865 18102 158183 16978 6154 3328
leaf_count=1771 83600 2655 2354 6023 3199 545 3069 31133 5865 18102 158183 16978 6154 3328
internal_value=-0.00053779 -0.00173853 0.00130639 0.00495583 -0.000730423 -0.00129464 0.0039783 0.00499384 0.00335586 -0.00120088 -0.00209062 0.00232236 -0.00232405 -0.00172248
internal_weight=342959 207716 135243 48444 86799 205061 46090 43021 36998 204516 163282 41234 23132 161511
internal_count=342959 207716 135243 48444 86799 205061 46090 43021 36998 204516 163282 41234 23132 161511
is_linear=0
shrinkage=0.04


Tree=55
num_leaves=15
num_cat=0
split_feature=3 1 1 11 13 11 0 3 1 10 11 3 10 0
split_gain=445.671 1816.14 599.454 494.951 476.312 473.797 413.747 382.081 1299.09 684.243 597.637 469.132 561.439 489.199
threshold=25.243693500000003 27.839737707631649 20.724434135233498 44.303430009801225 688.62798463473371 38.814218437715844 20.534592561938986 20.091713000000002 17.72885657808256 -14.118156325174903 14.421394047025116 18.438783500000003 -22.446340543294681 10.792834631564487
decision_type=2 2 2 2 2 2 2 2 2 2 2 2 2 2
left_child=1 6 4 -4 5 -2 7 8 -1 -9 -11 -10 -13 -14
right_child=2 -3 3 -5 -6 -7 -8 9 11 10 -12 12 13 -15
leaf_value=0 0 -0.09970684428332062 0.0026277975680434572 -0.00035433527840255042 -0.0057742233881823467 -0.0042193655280397717 -0.046610525929915339 0.0026862882513130205 -0.069098420809593733 0 -0.0020395541269349906 -0.065781499023663384 0.0066203222289834465 -0.037555853291326463
leaf_weight=155890 82757 2454 33866 17432 568 2882 1086 17053 3330 16635 6155 769 1561 514
leaf_count=155890 82757 2454 33866 17432 568 2882 1086 17053 3330 16635 6155 769 1561 514
internal_value=-0.000540484 -0.00172015 0.00122206 0.0046458 -0.000815247 -0.000573103 -0.00130665 -0.0011742 -0.00203697 0.00233517 -0.00219921 -0.0200324 -0.00810127 0.00271807
internal_weight=342952 205447 137505 51298 86207 85639 202993 201907 162064 39843 22790 6174 2844 2075
internal_count=342952 205447 137505 51298 86207 85639 202993 201907 162064 39843 22790 6174 2844 2075
is_linear=0
shrinkage=0.04


Tree=56
num_leaves=15
num_cat=0
split_feature=3 10 10 13 15 11 10 3 1 13 13 1 3 1
split_gain=438.503 1479.19 508.98 830.065 480.467 410.593 1519.1 895.828 768.152 530.485 465.802 493.993 1178.52 611.776
threshold=22.325398000000003 -24.428034958191727 -19.436618144817199 688.62798463473371 4.8872795136250327 14.421394047025116 -3.8978959387918422 14.067463500000001 13.613337773006974 268.7841962257441 515.31255052261804 15.131333527433666 19.266584500000004 20.562435640607379
decision_type=2 2 2 2 2 2 2 2 2 2 2 2 2 2
left_child=1 -1 4 -4 -2 -3 7 8 -7 -9 11 -11 13 -13
right_child=2 5 3 -5 -6 6 -8 9 -10 10 -12 12 -14 -15
leaf_value=-0.074872920736617068 0.0066308587901420454 0 0 -0.0058826633151389182 0.00099205186825502244 -0.0017592766821015301 -0.0045119560058269215 -0.001176810105123084 -0.061828289427774158 0.0033098863099961331 -0.004718645232302511 -0.0049034539965960126 0.0043033635213461435 -0.069474901330995403
leaf_weight=2447 5201 130828 96096 902 57492 8504 4215 4611 2874 12612 1171 6528 7904 1431
leaf_count=2447 5201 130828 96096 902 57492 8504 4215 4611 2874 12612 1171 6528 7904 1431
internal_value=-0.000547816 -0.00188374 0.000984151 -0.000831357 0.00379309 -0.00146537 -0.00455446 -0.00243234 -0.0121568 0.000797501 0.00276057 0.00377735 -0.000920381 -0.0117854
internal_weight=342816 183125 159691 96998 62693 180678 49850 45635 11378 34257 29646 28475 15863 7959
internal_count=342816 183125 159691 96998 62693 180678 49850 45635 11378 34257 29646 28475 15863 7959
is_linear=0
shrinkage=0.04


Tree=57
num_leaves=15
num_cat=0
split_feature=8 11 11 14 2 11 15 12 2 11 11 2 15 1
split_gain=401.852 582.743 604.418 527.132 476.25 770.868 694.623 562.224 553.779 542.929 484.079 433.226 653.887 569.139
threshold=0.52110567320351942 46.353468080857319 1.0000000180025095e-35 0.21135727656717004 53.122526500000014 3.305395435584269 5.108791732625023 66.355812757360823 85.165512000000021 1.3299130921530602 5.3155265108377874 109.7905195 7.8595107582499688 3.8767063623056299
decision_type=2 2 2 2 2 2 2 2 2 2 2 2 2 2
left_child=-1 2 -2 4 10 6 -6 -7 9 -8 -4 12 -9 -13
right_child=1 -3 3 -5 5 7 8 11 -10 -11 -12 13 -14 -15
leaf_value=0 -0.0013365576054675482 -0.0056749394714836433 -7.7952960868968025e-05 0.00054274306705002964 0.00075796909046432022 -0.00052620974089263807 -0.0028773510038651072 -0.00017262068344764227 0.0017442142808934795 0.00010226386841102008 -0.00087988356388100757 -0.0055251757265321047 0.0022704339002112888 -0.0012127861128504226
leaf_weight=225591 9358 5537 9195 14529 2019 4837 828 34279 850 3414 3286 755 8267 20337
leaf_count=225591 9358 5537 9195 14529 2019 4837 828 34279 850 3414 3286 755 8267 20337
internal_value=-0.000556019 -0.00245295 -0.00182646 -0.000938828 -0.0021034 -0.000908105 0.0116271 -0.00220986 0.00375491 -0.00214993 -0.0093422 -0.0012106 0.00111315 -0.00589797
internal_weight=343082 117491 111954 102596 88067 75586 7111 68475 5092 4242 12481 63638 42546 21092
internal_count=343082 117491 111954 102596 88067 75586 7111 68475 5092 4242 12481 63638 42546 21092
is_linear=0
shrinkage=0.04


Tree=58
num_leaves=15
num_cat=0
split_feature=3 10 10 15 11 13 0 1 12 3 1 3 11 13
split_gain=413.442 1847.65 549.863 462.956 418.796 410.505 397.528 374.95 458.3 457.951 366.717 417.21 363.771 338.575
threshold=25.583282500000003 -28.029305549736588 -22.115703784288886 4.8872795136250327 38.814218437715844 466.27196737977994 22.171345348791505 30.033115361794607 128.38683133998819 33.114772500000008 30.033115361794607 27.372477000000003 64.160682880542296 688.62798463473371
decision_type=2 2 2 2 2 2 2 2 2 2 2 2 2 2
left_child=1 -1 3 -2 13 10 12 8 -7 -9 -5 -12 -3 -4
right_child=2 6 4 5 -6 7 -8 9 -10 -11 11 -13 -14 -15
leaf_value=-0.095964481112942646 0.0085610307131764457 0 0 0.0067893692942455706 -0.0033686636514280066 0.0027484219906825837 -0.077626899006778563 -0.095250283132225 -0.001865650565502276 0.0026164392231179581 -0.065168566495082278 0.0027817799801577513 -0.029091348536277657 -0.0052201468839053432
leaf_weight=2502 2326 204044 83948 8678 3494 1967 535 977 8359 17405 471 7005 504 569
leaf_count=2502 2326 204044 83948 8678 3494 1967 535 977 8359 17405 471 7005 504 569
internal_value=-0.000524295 -0.0016454 0.00119705 0.00468085 -0.000670825 0.0037787 -0.00122858 0.000908458 -0.00519078 0.00433468 0.00887953 0.0023863 -0.00113851 -0.0001098
internal_weight=342784 207585 135199 47188 88011 44862 205083 28708 10326 18382 16154 7476 204548 84517
internal_count=342784 207585 135199 47188 88011 44862 205083 28708 10326 18382 16154 7476 204548 84517
is_linear=0
shrinkage=0.04


Tree=59
num_leaves=15
num_cat=0
split_feature=3 10 2 11 11 1 15 3 10 3 1 10 3 3
split_gain=384.213 1435.63 496.143 769.061 354.956 1204.69 702.658 663.24 1139.01 549.866 816.569 457.887 830.118 615.397
threshold=22.233644000000002 -22.76062884226944 62.124582000000011 21.991080365149006 4.8128121500077388 3.8767063623056299 4.646697706999988 14.448295500000002 -13.758876879648783 4.8893595000000012 4.2972835675956658 -4.7695175405213783 5.7420005000000005 9.4760595000000016
decision_type=2 2 2 2 2 2 2 2 2 2 2 2 2 2
left_child=1 -1 3 -2 -3 6 -6 8 -7 10 -10 13 -13 -11
right_child=2 4 -4 -5 5 7 -8 -9 9 11 -12 12 -14 -15
leaf_value=-0.059225270201015548 -3.8351417875287507e-05 0 0 -0.006079670346771331 -0.0033116792065041884 -0.054528933242315961 -0.00043493275261122981 0.00062772529770346679 0.0040682838869994008 -0.0076144224402047598 -0.019820520217167601 0.014571619388051746 -0.0016351879610371888 0.00044613139320909826
leaf_weight=3822 4520 112261 154445 2005 3852 3661 8815 34178 637 2580 1587 1961 862 7924
leaf_count=3822 4520 112261 154445 2005 3852 3661 8815 34178 637 2580 1587 1961 862 7924
internal_value=-0.000544665 -0.00180301 0.00087917 -0.0099249 -0.0012831 -0.00360961 -0.0146996 -0.00097846 -0.00692484 -0.00219922 -0.0206115 0.000873415 0.0151753 -0.0029703
internal_weight=343110 182140 160970 6525 178318 66057 12667 53390 19212 15551 2224 13327 2823 10504
internal_count=343110 182140 160970 6525 178318 66057 12667 53390 19212 15551 2224 13327 2823 10504
is_linear=0
shrinkage=0.04


Tree=60
num_leaves=15
num_cat=0
split_feature=3 10 2 11 3 10 0 13 11 1 3 0 10 3
split_gain=360.472 1223.07 486.287 811.047 427.293 509.534 525.325 396.795 329.91 1062.06 678.804 1291.64 756.107 622.891
threshold=20.091713000000002 -17.956992089543832 51.631231000000007 3.305395435584269 18.276121000000003 -22.446340543294681 9.3031492654994938 642.89807683317133 4.8128121500077388 3.8767063623056299 15.039133000000001 12.752514584255389 -15.564736006770207 4.9680215000000016
decision_type=2 2 2 2 2 2 2 2 2 2 2 2 2 2
left_child=1 4 3 -2 -1 -6 -7 -4 -3 -10 11 12 -11 -14
right_child=2 8 7 -5 5 6 -8 -9 9 10 -12 -13 13 -15
leaf_value=-0.069182516183832241 0.00027538319823234295 0 0 -0.0048616009965688671 -0.060777819534037762 0.0072214659864561371 -0.042247744697361943 0.0016615254661755336 -0.00087741311823238662 -0.0541380039129572 0.0013790920419171171 -0.045534683169202506 -0.0099977192041524783 0.00065397135378189315
leaf_weight=2895 752 105345 171470 1501 829 1586 585 7042 11512 1344 17575 2187 2505 15747
leaf_count=2895 752 105345 171470 1501 829 1586 585 7042 11512 1344 17575 2187 2505 15747
internal_value=-0.000497324 -0.00186688 0.000730894 -0.0177364 -0.0197523 -0.00917333 0.00101336 0.000963969 -0.00119195 -0.00383723 -0.000711418 -0.00542992 -0.00217595 -4.38308e-05
internal_weight=342875 162110 180765 2253 5895 3000 2171 178512 156215 50870 39358 21783 19596 18252
internal_count=342875 162110 180765 2253 5895 3000 2171 178512 156215 50870 39358 21783 19596 18252
is_linear=0
shrinkage=0.04


Tree=61
num_leaves=15
num_cat=0
split_feature=3 10 0 2 11 11 1 1 3 11 0 1 3 1
split_gain=348.264 1155.02 574.658 489.051 997.161 414.138 877.145 431.118 1151.23 439.897 446.654 416.351 408.076 649.54
threshold=20.268258000000003 -22.115703784288886 14.514119355718961 63.051322500000005 21.991080365149006 26.919043614402181 5.1982463688208069 11.006027514557006 14.067463500000001 14.010599964629094 2.7279067021954559 12.533373638443559 16.028641000000004 17.589052673718161
decision_type=2 2 2 2 2 2 2 2 2 2 2 2 2 2
left_child=1 -1 5 4 -2 7 -7 9 11 -3 -11 -9 -4 -14
right_child=3 2 12 -5 -6 6 -8 8 -10 10 -12 -13 13 -15
leaf_value=-0.078390803181918586 -2.0727351073253354e-05 0 -0.056354960357677765 0 -0.0058993824603829625 -0.0063725306630864568 -0.0011389108356745449 0.0017128810300599123 0.0053288831446547235 -0.0033678481696719641 -0.0008774593787298213 -0.033475279746672505 0.0044401428896126581 -0.06408322255084728
leaf_weight=1603 6785 120221 1000 170582 2402 2295 14779 884 8624 2204 7436 1844 1386 966
leaf_count=1603 6785 120221 1000 170582 2402 2295 14779 884 8624 2204 7436 1844 1386 966
internal_value=-0.000484066 -0.00182159 -0.00148652 0.000730493 -0.0082595 -0.00113945 -0.00702354 -0.000428006 0.00704722 -0.00108146 -0.0093029 -0.0156012 -0.0178759 -0.00877551
internal_weight=343011 163242 161639 179769 9187 158287 17074 141213 11352 129861 9640 2728 3352 2352
internal_count=343011 163242 161639 179769 9187 158287 17074 141213 11352 129861 9640 2728 3352 2352
is_linear=0
shrinkage=0.04


Tree=62
num_leaves=15
num_cat=0
split_feature=3 1 0 3 1 2 15 10 12 9 15 13 12 12
split_gain=358.265 1226.89 546.674 714.628 624.889 517.058 760.911 429.652 320.072 309.033 362.551 303.415 505.636 283.134
threshold=19.918514000000005 20.407794679307546 13.790832880206844 15.328157500000001 17.047961370320767 63.051322500000005 2.9183824777500011 -2.2120421697845871 69.409382822894841 0.00013469868652304931 6.3665065888750698 642.89807683317133 71.970117785555843 57.084929962609714
decision_type=2 2 2 2 2 2 2 2 2 2 2 2 2 2
left_child=1 2 -1 -4 -5 6 -2 8 -8 10 -9 -7 -13 -12
right_child=5 -3 3 4 -6 11 7 9 -10 -11 13 12 -14 -15
leaf_value=0 -0.0049865360618428986 -0.062571338036628274 -0.051855421205852965 0.0043808710001235467 -0.04961354522515702 0 -0.0036807798093545707 0.00021122098744943862 0.00013991468991863791 0.36276971471795577 0.0005850406411488057 -0.00061042725012005247 0.0026262406253295934 -0.0007035769047306742
leaf_weight=154323 1254 2454 1367 1902 937 165637 2171 2526 1205 440 153 715 6100 1749
leaf_count=154323 1254 2454 1367 1902 937 165637 2171 2526 1205 440 153 715 6100 1749
internal_value=-0.000485576 -0.00186007 -0.00142561 -0.0156538 -0.00421275 0.00073053 -0.00835544 -0.00393984 -0.0149052 0.00366475 0.000487805 0.00123095 0.00950257 -0.0127024
internal_weight=342933 160983 158529 4206 2839 181950 9498 8244 3376 4868 4428 172452 6815 1902
internal_count=342933 160983 158529 4206 2839 181950 9498 8244 3376 4868 4428 172452 6815 1902
is_linear=0
shrinkage=0.04


Tree=63
num_leaves=15
num_cat=0
split_feature=9 11 11 14 2 11 15 2 11 12 10 2 0 13
split_gain=339.139 547.562 588.512 690.955 519.23 683.91 609.492 550.644 505.831 482.36 443.718 549.771 797.232 479.57
threshold=0.54348803487010955 40.873742732679155 1.0000000180025095e-35 0.21256765339438269 53.122526500000014 3.450275492647219 5.108791732625023 85.165512000000021 1.3299130921530602 69.409382822894841 -1.4258033330375108 74.65816150000002 9.0344824135238362 354.50597489987246
decision_type=2 2 2 2 2 2 2 2 2 2 2 2 2 2
left_child=1 2 10 4 -4 6 -6 8 -8 -7 11 -1 13 -13
right_child=-2 -3 3 -5 5 9 7 -9 -10 -11 -12 12 -14 -15
leaf_value=-0.0023593644160898285 0 -0.0039352846734099682 -0.00019307168627287721 0.00076343447450537229 0.00069714625223206276 -0.00042705511628947644 -0.0027866832464139403 0.0017386538162125003 9.0186656534851082e-05 -0.00010132567621647166 0.00042175311882413469 -0.0014273668692454764 -0.015298582067090951 0.0026425165949159257
leaf_weight=4230 219747 10265 12996 11858 2179 6741 816 962 3803 64148 1148 846 1506 1648
leaf_count=4230 219747 10265 12996 11858 2179 6741 816 962 3803 64148 1148 846 1506 1648
internal_value=-0.000490649 -0.00217108 -0.00136675 -0.000497377 -0.00167298 -0.000449084 0.0108247 0.0038201 -0.00191383 -0.00168319 -0.0109618 -0.0142114 -0.00358 0.0102967
internal_weight=342893 123146 112881 103503 91645 78649 7760 5581 4619 70889 9378 8230 4000 2494
internal_count=342893 123146 112881 103503 91645 78649 7760 5581 4619 70889 9378 8230 4000 2494
is_linear=0
shrinkage=0.04


Tree=64
num_leaves=15
num_cat=0
split_feature=10 3 11 10 12 14 3 10 13 10 3 14 0 3
split_gain=337.141 490.458 398.71 2097.54 585.853 476.193 399.209 840.651 626.47 745.147 1446.94 531.783 1433.22 388.456
threshold=-33.22832947914808 32.541862000000009 22.85777927549271 -5.3526225548988959 106.70497305566217 0.20033672309383191 19.266584500000004 -17.196980882306303 513.32521284928225 -28.282904430779521 26.030475000000006 0.18619686814031253 5.5490333724105545 21.783126000000003
decision_type=2 2 2 2 2 2 2 2 2 2 2 2 2 2
left_child=1 -1 -2 4 5 -4 7 -6 9 10 -8 -11 13 -13
right_child=2 -3 3 -5 6 -7 8 -9 -10 11 -12 12 -14 -15
leaf_value=-0.098122590623553996 0 0.0028317420096858853 -0.001087543762838756 -0.0054642779205781771 -0.043175953012463103 0.0074469060367496811 -0.09127370686336321 -0.00068195927177111483 -0.001404795725260338 -0.00053719404588918422 0.00075332327745814942 0.010387965478001138 0.00039491907531687674 0.056840664593018488
leaf_weight=1018 239722 21010 1479 5327 4526 2638 2434 14319 11994 9022 6099 1838 16303 5252
leaf_count=1018 239722 21010 1479 5327 4526 2638 2434 14319 11994 9022 6099 1838 16303 5252
internal_value=-0.0004616 0.0043254 -0.000790147 -0.00321207 -0.00150927 0.0131649 -0.00235084 -0.00735049 -0.000571191 0.00178373 -0.00873315 0.00455221 0.00773394 0.0227475
internal_weight=342981 22028 320953 81231 75904 4117 71787 18845 52942 40948 8533 32415 23393 7090
internal_count=342981 22028 320953 81231 75904 4117 71787 18845 52942 40948 8533 32415 23393 7090
is_linear=0
shrinkage=0.04


Tree=65
num_leaves=15
num_cat=0
split_feature=1 3 11 1 0 3 10 1 3 11 1 14 11 12
split_gain=308.281 489.671 405.223 534.366 377.996 503.288 561.596 331.333 1181.72 745.143 1321.85 458.691 397.297 608.536
threshold=32.659652159832817 31.675099500000005 40.258855440802456 6.3087405406810175 3.5990172926084365 15.425560500000001 -16.376437583036246 16.047756993042125 18.438783500000003 21.68566105862525 3.8767063623056299 0.21135727656717004 12.656756453794658 110.00549631725742
decision_type=2 2 2 2 2 2 2 2 2 2 2 2 2 2
left_child=2 -2 7 -4 5 6 -5 9 -9 -1 -11 -12 -10 -14
right_child=1 -3 3 4 -6 -7 -8 8 12 10 11 -13 13 -15
leaf_value=0 -0.10445278616600262 0.0026381421386302397 -0.015954787871490839 -0.068214950012626591 -0.0021187601789202882 0.030731087726664903 0.020076114927009087 -0.03628995851452365 -0.035823525921922679 -0.0046623998775744812 -0.00081068229803105769 0.02661288575557666 0.0053832933061112734 0.00082773095072701235
leaf_weight=219482 966 21900 1022 815 18438 3678 478 3150 354 3494 23160 383 1874 43735
leaf_count=219482 966 21900 1022 815 18438 3678 478 3150 354 3494 23160 383 1874 43735
internal_value=-0.000467035 0.00401994 -0.000787595 -0.00573861 -0.00450254 0.00528666 -0.0161794 -0.000378443 0.00262171 -0.000976152 -0.00724193 -0.00383469 0.00424602 0.00457366
internal_weight=342929 22866 320063 24431 23409 4971 1293 295632 49113 246519 27037 23543 45963 45609
internal_count=342929 22866 320063 24431 23409 4971 1293 295632 49113 246519 27037 23543 45963 45609
is_linear=0
shrinkage=0.04


Tree=66
num_leaves=15
num_cat=0
split_feature=9 11 11 2 11 0 3 10 3 11 0 10 2 0
split_gain=305.137 509.733 543.342 550.164 592.055 1201.49 563.245 872.022 475.24 436.715 419.701 411.893 566.559 793.554
threshold=0.54972424838061018 40.873742732679155 1.0000000180025095e-35 53.122526500000014 14.421394047025116 3.5487538955621534 14.157563500000002 -13.227075321511292 4.5709225000000009 2.6036669427134833 4.6867038844407638 -1.5524726219823031 73.975143500000016 8.0077145503447511
decision_type=2 2 2 2 2 2 2 2 2 2 2 2 2 2
left_child=1 2 11 9 8 -6 7 -7 -5 -4 -8 12 -1 -14
right_child=-2 -3 3 4 5 6 10 -9 -10 -11 -12 -13 13 -15
leaf_value=-0.0024405484952543127 0 -0.0037736280985137039 1.6161142600568947e-05 -0.0015796319628520324 -0.0030606780774864112 -0.052133373095056543 -0.0047470163962230472 -0.0010122716156600608 0.00025505057254322577 -0.00026992791147121105 0.0005194566668785403 0.00032257443968062514 0.0013816123546525727 -0.01177973074818015
leaf_weight=3978 219488 10381 5685 1710 3885 1720 1302 6566 31539 8174 43301 1337 2170 1873
leaf_count=3978 219488 10381 5685 1710 3885 1720 1302 6566 31539 8174 43301 1337 2170 1873
internal_value=-0.000488824 -0.00207829 -0.0013006 -0.000468994 0.000673161 -0.00180928 -0.000232184 -0.00980932 0.00491203 -0.00788802 0.00154698 -0.0105322 -0.0139584 -0.00341331
internal_weight=343109 123621 113240 103882 90023 56774 52889 8286 33249 13859 44603 9358 8021 4043
internal_count=343109 123621 113240 103882 90023 56774 52889 8286 33249 13859 44603 9358 8021 4043
is_linear=0
shrinkage=0.04


Tree=67
num_leaves=15
num_cat=0
split_feature=9 11 11 2 11 14 9 15 2 12 11 10 2 10
split_gain=294.325 422.588 465.131 467.915 535.843 545.533 548.872 480.528 463.063 405.048 401.338 400.328 630.383 716.924
threshold=0.43321818437669612 43.251586690835012 1.0000000180025095e-35 53.122526500000014 3.305395435584269 0.21021760849986634 0.22421572633694323 5.108791732625023 87.691001500000013 71.970117785555843 2.6036669427134833 -1.7706696212171218 74.65816150000002 -12.187677983277846
decision_type=2 2 2 2 2 2 2 2 2 2 2 2 2 2
left_child=1 2 11 10 7 -6 -7 -5 -9 -8 -4 12 -1 -14
right_child=-2 -3 3 4 5 6 9 8 -10 -11 -12 -13 13 -15
leaf_value=-0.0026846584214864433 0 -0.0045773588931321534 1.5605364726412745e-05 0.00060268412460458471 -0.00026160646029547763 0.0016951933886161865 -0.00082397298690869199 6.3539643526353e-06 0.001346535357041867 -6.7148900347610013e-05 -0.00025715988135538269 0.00026323393758638627 -0.022087985273967405 0.0007993543320951559
leaf_weight=3725 229377 6800 5685 2130 62223 10378 661 5423 778 2168 8130 1677 881 3072
leaf_count=3725 229377 6800 5685 2130 62223 10378 661 5423 778 2168 8130 1677 881 3072
internal_value=-0.000432051 -0.00209582 -0.00148096 -0.000664098 0.000460835 -0.000602413 0.00678125 0.0100876 0.00445735 -0.00883704 -0.00748462 -0.0100011 -0.0138682 -0.00274222
internal_weight=343108 113731 106931 97576 83761 75430 13207 8331 6201 2829 13815 9355 7678 3953
internal_count=343108 113731 106931 97576 83761 75430 13207 8331 6201 2829 13815 9355 7678 3953
is_linear=0
shrinkage=0.04


Tree=68
num_leaves=15
num_cat=0
split_feature=9 11 11 2 11 0 3 1 15 11 0 14 3 1
split_gain=281.392 378.752 434.081 447.499 572.403 1141.47 512.813 913.349 427.294 462.268 530.501 402.187 429.422 784.895
threshold=0.4751729245485708 44.303430009801225 1.0000000180025095e-35 53.122526500000014 14.421394047025116 3.8915191798195976 14.157563500000002 13.240390021781979 5.0983766455000117 3.0472926988172087 1.7951706618498717 0.20973255107126362 17.250263500000006 15.004759092359139
decision_type=2 2 2 2 2 2 2 2 2 2 2 2 2 2
left_child=1 2 -1 -4 8 -6 7 -7 9 -5 -11 12 13 -8
right_child=-2 -3 3 4 5 6 11 -9 -10 10 -12 -13 -14 -15
leaf_value=-0.0010275857858437862 0 -0.0041381048518293832 -0.00015312588166968761 0.00066118629754129859 -0.0030301458031811402 -0.0010064237675702723 0.0091111427917859294 -0.052784418214439438 3.9228032781521846e-05 -0.00020129649743434299 0.0011562718640230993 0.0024542068283883679 -0.00060825632088105171 -0.030791431922839271
leaf_weight=9332 225655 6500 13845 1965 4244 6020 5021 1614 20541 2486 7672 9772 27148 933
leaf_count=9332 225655 6500 13845 1965 4244 6020 5021 1614 20541 2486 7672 9772 27148 933
internal_value=-0.000409747 -0.0020008 -0.00144928 -0.000688518 0.000369726 -0.00213033 -0.000456165 -0.0100079 0.00456037 0.0105155 0.00708013 0.00124458 -0.000860371 0.00886799
internal_weight=342748 117093 110593 101261 87416 54752 50508 7634 32664 12123 10158 42874 33102 5954
internal_count=342748 117093 110593 101261 87416 54752 50508 7634 32664 12123 10158 42874 33102 5954
is_linear=0
shrinkage=0.04


Tree=69
num_leaves=15
num_cat=0
split_feature=1 3 11 10 3 10 0 3 1 11 3 15 0 11
split_gain=280.636 424.425 358.468 1975.14 378.489 471.421 324.213 334.806 293.098 630.369 681.705 499.409 412.051 333
threshold=32.659652159832817 31.418154500000004 22.585371611482099 -5.3526225548988959 13.968358500000003 -15.028024015344215 9.3918322848189906 10.141631500000001 10.635783318576221 2.862361044276208 13.968358500000003 11.720497890624971 12.533783609831714 14.421394047025116
decision_type=2 2 2 2 2 2 2 2 2 2 2 2 2 2
left_child=2 -2 8 4 5 -4 7 -7 13 -10 12 -12 -11 -1
right_child=1 -3 3 -5 -6 6 -8 -9 9 10 11 -13 -14 -15
leaf_value=0 -0.10375403827679186 0.0024326234290236448 -0.079241562053378789 -0.0048528925554626881 -0.00015245566549945133 -0.0039865425948099054 -0.027037534444297233 0.0019500902761826644 -0.01374118803955961 -0.0013195926842463036 0.00113572366532889 0.0064885056611683365 -0.043564592413525977 -0.0012870754601258232
leaf_weight=198398 862 22077 1052 5416 70600 1350 1212 2250 1410 1292 23963 1482 824 10544
leaf_count=198398 862 22077 1052 5416 70600 1350 1212 2250 1410 1292 23963 1482 824 10544
internal_value=-0.000404281 0.00386939 -0.000710835 -0.00299365 -0.00134024 -0.011105 -0.00580216 0.000222222 7.48173e-05 0.00384522 0.00517978 0.00699391 -0.0166352 -0.000447971
internal_weight=342732 22939 319793 81880 76464 5864 4812 3600 237913 28971 27561 25445 2116 208942
internal_count=342732 22939 319793 81880 76464 5864 4812 3600 237913 28971 27561 25445 2116 208942
is_linear=0
shrinkage=0.04


Tree=70
num_leaves=15
num_cat=0
split_feature=8 11 3 9 1 15 13 11 13 11 10 2 0 13
split_gain=256.032 368.162 474.603 468.133 393.601 336.59 432.94 784.925 560.156 322.54 410.655 576.167 514.019 357.453
threshold=0.60352498213240102 40.681426875608686 52.937259500000003 0.22421572633694323 5.6505628591871533 6.439399022125003 688.62798463473371 12.003029425366757 669.07096523690564 1.0000000180025095e-35 -1.7706696212171218 84.364593500000012 12.214878828287878 354.50597489987246
decision_type=2 2 2 2 2 2 2 2 2 2 2 2 2 2
left_child=5 2 9 -4 -3 6 8 -8 -1 10 11 -2 13 -13
right_child=1 4 3 -5 -6 -7 7 -9 -10 -11 -12 12 -14 -15
leaf_value=0 -0.0024534037032242005 -0.015301943345612674 0.0015146324970703895 -0.0031691494177096525 -0.0027162071698356351 0 0 -0.0048349790591558032 0.005521376081752424 -7.8840714809514514e-05 0.00024381610582744297 -0.0039650386321004073 -0.016219780813948453 0.003837934716079142
leaf_weight=152150 4698 829 5842 635 6972 74981 2104 1252 1651 87954 1589 438 496 1355
leaf_count=152150 4698 829 5842 635 6972 74981 2104 1252 1651 87954 1589 438 496 1355
internal_value=-0.000412893 -0.0019948 -0.0013603 0.00912151 -0.010373 0.00034221 -0.000709863 -0.0149225 -0.000399737 -0.00206361 -0.00946828 -0.0136425 0.00281346 0.012783
internal_weight=342946 110808 103007 6477 7801 232138 157157 3356 153801 96530 8576 6987 2289 1793
internal_count=342946 110808 103007 6477 7801 232138 157157 3356 153801 96530 8576 6987 2289 1793
is_linear=0
shrinkage=0.04


Tree=71
num_leaves=15
num_cat=0
split_feature=1 3 11 10 12 14 0 1 11 3 1 3 3 1
split_gain=260.782 406.439 348.219 1910.5 537.588 445.655 363.41 296.157 451.904 860.687 651.785 431.623 356.131 564.836
threshold=32.659652159832817 31.418154500000004 22.85777927549271 -5.3526225548988959 107.72297876807954 0.20033672309383191 3.2881275821904374 30.033115361794607 34.400106210370957 20.268258000000003 16.486505875605804 27.372477000000003 15.425560500000001 22.162942039870028
decision_type=2 2 2 2 2 2 2 2 2 2 2 2 2 2
left_child=2 -2 -1 4 5 -4 7 8 -6 10 -10 -9 -12 -14
right_child=1 -3 3 -5 6 -7 -8 11 9 -11 12 -13 13 -15
leaf_value=0 -0.10168986085979963 0.0023765998974182782 -0.0010870112321976729 -0.0046398659135543294 -0.00037020524771464672 0.0063355825783163369 -0.00095788728751727446 -0.089150039872394782 0.046870356303146794 0.047872131957314351 -0.065027327950958502 0.04976185155785115 0.015510674936879841 -0.071041809545239309
leaf_weight=239771 868 22048 1613 5349 6687 2912 55731 680 903 3913 796 207 1136 649
leaf_count=239771 868 22048 1613 5349 6687 2912 55731 680 903 3913 796 207 1136 649
internal_value=-0.000407734 0.00371444 -0.000702613 -0.00297756 -0.00133516 0.0120309 -0.0021906 0.00334246 0.00475433 0.0115669 -0.00289323 -0.0190755 -0.0131267 -0.00320448
internal_weight=343263 22916 320347 80576 75227 4525 70702 14971 14084 7397 3484 887 2581 1785
internal_count=343263 22916 320347 80576 75227 4525 70702 14971 14084 7397 3484 887 2581 1785
is_linear=0
shrinkage=0.04


Tree=72
num_leaves=15
num_cat=0
split_feature=1 15 2 11 11 8 3 3 9 11 1 14 14 11
split_gain=235.668 208.511 288.483 406.528 398.474 380.351 308.17 293.304 237.933 364.245 446.091 391.673 319.695 694.446
threshold=50.116445688343155 11.201103675124985 109.50201450000002 9.8471465650570895 41.048643601406049 0.63106894163479998 29.588943000000004 13.766610500000001 0.55509358796032238 40.873742732679155 6.5480874548008456 0.21135727656717004 0.22601595510611858 12.003029425366757
decision_type=2 2 2 2 2 2 2 2 2 2 2 2 2 2
left_child=1 8 3 5 -4 7 -7 -3 9 11 -11 -1 -10 -14
right_child=-2 2 4 -5 -6 6 -8 -9 12 10 -12 -13 13 -15
leaf_value=-0.00015902559795523657 0.0072491398330818422 0 0 0.0067306501023010144 0.0058090078822733027 0.0028082958325546703 -0.00048519608776404432 0.0039875910120181646 0 -0.014328660679964746 -0.002124923231608939 0.00043794756459709829 0 -0.0036570230418061069
leaf_weight=92355 2250 948 7796 2610 1544 1137 1391 989 200522 990 9097 13571 5454 2344
leaf_count=92355 2250 948 7796 2610 1544 1137 1391 989 200522 990 9097 13571 5454 2344
internal_value=-0.000387408 -0.000472607 0.00392568 0.0100184 -0.000689507 0.00268757 -0.00753165 0.0160248 -0.000695211 -0.002147 -0.00941013 -0.00145536 0.000113287 -0.00783278
internal_weight=342998 340748 16415 7075 9340 4465 2528 1937 324333 116013 10087 105926 208320 7798
internal_count=342998 340748 16415 7075 9340 4465 2528 1937 324333 116013 10087 105926 208320 7798
is_linear=0
shrinkage=0.04


Tree=73
num_leaves=15
num_cat=0
split_feature=1 14 11 13 11 0 12 12 8 1 11 3 1 0
split_gain=240.081 216.539 1017.75 264.658 266.149 557.488 481.465 599.781 410.788 331.753 239.14 537.504 326.885 324.524
threshold=50.116445688343155 0.23320872121670802 12.003029425366757 602.77527870826805 1.0000000180025095e-35 4.7293445611154201 71.970117785555843 103.48468774857015 0.61204735421116874 12.152041804422309 42.574669399295125 14.348127000000002 6.5480874548008456 3.3998274370079775
decision_type=2 2 2 2 2 2 2 2 2 2 2 2 2 2
left_child=1 3 -3 10 9 -6 8 -8 -7 -5 -1 -12 -13 -14
right_child=-2 2 -4 4 5 6 7 -9 -10 -11 11 12 13 -15
leaf_value=0 0.0073490720299477421 0 -0.0043726419305817445 0 0.0016957979031553491 0.0029044057262370584 0.0049168247085639577 0.00025382898229236452 -0.0010468401751123669 -0.013590488448409328 -0.030570742230904717 -0.013639490529058957 0.02086884854956126 -0.0015801944326477668
leaf_weight=287309 2271 5413 1258 7258 3382 208 1398 5622 1417 438 1525 617 3814 21225
leaf_count=287309 2271 5413 1258 7258 3382 208 1398 5622 1417 438 1525 617 3814 21225
internal_value=-0.000368929 -0.000455287 -0.00759107 -0.000312854 0.00418192 0.00789889 0.00251243 0.00705413 -0.0171077 -0.00162682 -0.000594741 -0.00418086 -0.00280948 -0.00210072
internal_weight=343155 340884 6671 334213 19723 12027 8645 7020 1625 7696 314490 27181 25656 25039
internal_count=343155 340884 6671 334213 19723 12027 8645 7020 1625 7696 314490 27181 25656 25039
is_linear=0
shrinkage=0.04


Tree=74
num_leaves=15
num_cat=0
split_feature=3 1 10 15 0 13 13 14 11 11 1 14 3 13
split_gain=222.652 1780.08 501.385 404.059 360.903 344.055 316.931 378.968 302.056 295.926 271.926 449.688 360.99 299.945
threshold=25.583282500000003 27.625720280027082 -21.809341419229629 4.8872795136250327 22.171345348791505 688.62798463473371 466.27196737977994 0.20924247074170185 29.147923815273582 49.119021441603635 30.033115361794607 0.18742964826238592 27.372477000000003 371.68927237275352
decision_type=2 2 2 2 2 2 2 2 2 2 2 2 2 2
left_child=1 4 3 -2 9 8 10 -8 -4 -1 11 -5 -12 -13
right_child=2 -3 5 6 -6 -7 7 -9 -10 -11 12 13 -14 -15
leaf_value=0 0.0075981019902187329 -0.079493888586493894 0 -0.0026603383858503126 -0.073699960585478369 -0.0032423345710461005 -0.0016851607145852094 0.0013456568829807835 -0.0018278092558765902 -0.012177071996141344 -0.05996494365461174 0.069442272420052992 0.0025607278701326903 0.0044753264953737437
leaf_weight=199959 2353 2819 79023 1135 535 557 11447 17605 8063 4408 460 2348 6986 5464
leaf_count=199959 2353 2819 79023 1135 535 557 11447 17605 8063 4408 460 2348 6986 5464
internal_value=-0.00037137 -0.0011941 0.000890425 0.00418595 -0.000759778 -0.000906861 0.0033491 0.000839873 -0.000706428 -0.000673886 0.00779601 0.0124958 0.0021488 0.015914
internal_weight=343162 207721 135441 47798 204902 87643 45445 29052 87086 204367 16393 8947 7446 7812
internal_count=343162 207721 135441 47798 204902 87643 45445 29052 87086 204367 16393 8947 7446 7812
is_linear=0
shrinkage=0.04


Tree=75
num_leaves=15
num_cat=0
split_feature=9 11 3 8 1 14 11 11 11 3 15 1 15 12
split_gain=216.902 336.774 407.225 458.197 391.964 323.418 620.56 503.299 316.692 380.549 413.655 441.001 304.135 309.249
threshold=0.39168812974802425 40.681426875608686 52.937259500000003 0.78855741177256478 5.6505628591871533 0.22601595510611858 12.003029425366757 45.9923764725322 1.0000000180025095e-35 31.972919500000007 5.7307245377499791 1.7661439571071023 3.6895660932500083 66.355812757360823
decision_type=2 2 2 2 2 2 2 2 2 2 2 2 2 2
left_child=1 2 8 -4 -3 -2 -7 -8 9 10 11 -1 -10 -14
right_child=5 4 3 -5 -6 6 7 -9 12 -11 -12 -13 13 -15
leaf_value=0.0001822298043142101 0 -0.01315204984793506 -0.002267230157966003 0.0013995809369678172 -0.0025094709437918782 0 -0.0041012586736326904 0.00011040303830396781 0.0002641986389398265 -0.0081285671701177252 0.00072948375768405521 -0.0022899933002810276 -0.00018649536504058539 -5.8027754260306656e-05
leaf_weight=1309 224452 843 741 5704 6944 5455 1663 886 8841 1134 2489 3624 17869 60959
leaf_count=1309 224452 843 741 5704 6944 5455 1663 886 8841 1134 2489 3624 17869 60959
internal_value=-0.000398702 -0.0018581 -0.00124983 0.0084841 -0.009878 0.000294765 -0.0076062 -0.0238996 -0.00190179 -0.00924731 -0.00594988 -0.0126576 -0.00118491 -0.00197392
internal_weight=342913 110457 102670 6445 7787 232456 8004 2549 96225 8556 7422 4933 87669 78828
internal_count=342913 110457 102670 6445 7787 232456 8004 2549 96225 8556 7422 4933 87669 78828
is_linear=0
shrinkage=0.04


Tree=76
num_leaves=15
num_cat=0
split_feature=10 14 11 14 13 8 11 12 1 2 3 0 8 11
split_gain=223.382 208.543 1002.3 220.798 340.643 313.185 367.306 280.871 537.522 436.875 587.867 1015.71 451.458 358.481
threshold=-46.362293171872977 0.23320872121670802 12.003029425366757 0.21135727656717004 669.07096523690564 0.44763541722330241 46.353468080857319 138.0075840703193 3.8767063623056299 75.773163000000011 14.448295500000002 12.752514584255389 0.99910721879022923 1.3299130921530602
decision_type=2 2 2 2 2 2 2 2 2 2 2 2 2 2
left_child=-1 3 -3 4 5 -2 7 9 -9 12 11 -11 -7 -14
right_child=1 2 -4 -5 -6 6 -8 8 -10 10 -12 -13 13 -15
leaf_value=0.0045262648687634062 0 0 -0.0040005056374215874 0 0.0011591491260594983 -0.0014672395156826745 -0.0081923501786131305 -0.0038551876644843455 -0.0011882769401754668 -0.00035625781509548705 0.00067274024241034626 -0.045452249027118398 -0.00053099610934013997 -3.8452830060831115e-05
leaf_weight=4427 180643 5415 1235 44683 3318 2075 4076 855 12593 10884 33063 1359 8576 30111
leaf_count=4427 180643 5415 1235 44683 3318 2075 4076 855 12593 10884 33063 1359 8576 30111
internal_value=-0.000352448 -0.000469066 -0.00748271 -0.000328682 -0.000735169 -0.000883916 -0.00263727 -0.00215523 -0.00753123 -0.00131524 0.0013879 -0.00609981 -0.00431971 -0.00334479
internal_weight=343313 338886 6650 332236 287553 284235 103592 99516 13448 86068 45306 12243 40762 38687
internal_count=343313 338886 6650 332236 287553 284235 103592 99516 13448 86068 45306 12243 40762 38687
is_linear=0
shrinkage=0.04


Tree=77
num_leaves=15
num_cat=0
split_feature=14 11 14 11 10 10 3 14 10 12 15 0 10 3
split_gain=224.94 1017.78 277.64 343.597 1383.58 351.763 388.375 281.09 284.108 267.727 320.794 286.371 371.28 459.37
threshold=0.23320872121670802 12.003029425366757 0.21021760849986634 26.373065560482715 -5.3526225548988959 -17.196980882306303 18.438783500000003 0.210843859845816 -5.8993039888650936 110.00549631725742 5.0120371472499707 2.0046909501781083 -29.879973984211873 22.960707500000002
decision_type=2 2 2 2 2 2 2 2 2 2 2 2 2 2
left_child=2 -2 3 5 9 6 -1 8 -4 10 -5 12 -11 -14
right_child=1 -3 7 4 -6 -7 -8 -9 -10 11 -12 -13 13 -15
leaf_value=-0.055353381461757153 0 -0.0038548238095730924 0.0075385326332707194 -0.0032006110950838955 -0.0051145984840921055 0 0.0014819617399955758 0 0 -0.069918141094547984 0.0046622880145723439 -0.0010027347478512407 0.0039085316931521622 0.10673832077115579
leaf_weight=724 5406 1259 2729 501 3436 194752 16430 53358 620 553 1685 57813 2915 883
leaf_count=724 5406 1259 2729 501 3436 194752 16430 53358 620 553 1685 57813 2915 883
internal_value=-0.000333232 -0.0076099 -0.000189061 -0.000706491 -0.00318532 8.64534e-05 0.00557771 0.00236302 0.0136041 -0.0018648 0.0118939 -0.00234863 0.00754769 0.0120063
internal_weight=343064 6665 336399 279692 67786 211906 17154 56707 3349 64350 2186 62164 4351 3798
internal_count=343064 6665 336399 279692 67786 211906 17154 56707 3349 64350 2186 62164 4351 3798
is_linear=0
shrinkage=0.04


Tree=78
num_leaves=15
num_cat=0
split_feature=10 14 11 14 13 1 9 11 12 1 2 8 13 1
split_gain=218.985 209.911 999.497 214.612 322.401 299.042 291.24 317.253 254.858 525.564 403.052 376.587 330.432 321.743
threshold=-46.362293171872977 0.23320872121670802 12.003029425366757 0.21135727656717004 669.07096523690564 6.5480874548008456 0.54972424838061018 46.353468080857319 138.0075840703193 3.8767063623056299 75.773163000000011 0.99910721879022923 515.31255052261804 8.926624784989956
decision_type=2 2 2 2 2 2 2 2 2 2 2 2 2 2
left_child=-1 3 -3 4 6 -6 7 8 10 -10 11 13 -13 -2
right_child=1 2 -4 -5 5 -7 -8 -9 9 -11 -12 12 -14 -15
leaf_value=0.0043170267408840449 -0.0016651207404531144 0 -0.0036907157242575808 0 -0.0002672210083124769 0.0025862095347439665 0 -0.0076384664422443358 -0.0035234465641822148 -0.0011275767151328064 0.00020120596728709321 -7.2211153594897994e-05 -0.0019205292667086877 0.013961429601875949
leaf_weight=4439 1854 5421 1231 44670 860 2478 180666 4091 846 12503 45080 35875 2700 207
leaf_count=4439 1854 5421 1231 44670 860 2478 180666 4091 846 12503 45080 35875 2700 207
internal_value=-0.000311209 -0.000426965 -0.00746242 -0.00028593 -0.000687143 0.0116717 -0.000832494 -0.00252821 -0.00207742 -0.00721852 -0.00127677 -0.00416576 -0.0032757 -0.0208248
internal_weight=342921 338482 6652 331830 287160 3338 283822 103156 99065 13349 85716 40636 38575 2061
internal_count=342921 338482 6652 331830 287160 3338 283822 103156 99065 13349 85716 40636 38575 2061
is_linear=0
shrinkage=0.04


Tree=79
num_leaves=15
num_cat=0
split_feature=14 11 14 11 10 1 3 3 10 0 1 3 11 9
split_gain=221.541 1013.03 266.798 305.436 1296.35 360.027 316.232 311.956 842.39 340.822 536.813 485.038 453.377 320.586
threshold=0.23320872121670802 12.003029425366757 0.21021760849986634 26.638356153356835 -5.3526225548988959 17.200520317383788 18.939156500000006 18.768331000000003 -17.571315396717541 2.8287594691544142 29.457698941027747 26.166401500000003 35.700369334140099 0.82817466655047223
decision_type=2 2 2 2 2 2 2 2 2 2 2 2 2 2
left_child=2 -2 3 5 7 -1 -7 8 -5 10 12 -12 -9 -10
right_child=1 -3 -4 4 -6 6 -8 9 13 -11 11 -13 -14 -15
leaf_value=0 0 -0.0035386638305714962 0 -0.04882542585945604 -0.0049134365051328047 -0.039811605568233481 0.0014456519426718068 -0.0013727641982326638 -0.0011895941901833385 -0.00045007019622707312 -0.094460954074953224 0.02447988601988374 0.052492853485941182 0.022705899159797739
leaf_weight=195221 5449 1250 56557 3282 3321 915 16254 898 9144 45245 615 383 2986 1247
leaf_count=195221 5449 1250 56557 3282 3321 915 16254 898 9144 45245 615 383 2986 1247
internal_value=-0.000320801 -0.00752351 -0.000177226 -0.000684195 -0.00303631 5.91365e-05 0.00561244 -0.00176803 -0.00712353 -0.00030722 0.00973372 -0.0164329 0.0164573 -0.00154364
internal_weight=342767 6699 336068 279511 67121 212390 17169 63800 13673 50127 4882 998 3884 10391
internal_count=342767 6699 336068 279511 67121 212390 17169 63800 13673 50127 4882 998 3884 10391
is_linear=0
shrinkage=0.04


Tree=80
num_leaves=15
num_cat=0
split_feature=13 11 2 14 11 11 8 13 11 10 12 13 15 13
split_gain=222.059 374.897 637.439 277.111 295.861 385.126 294.187 360.601 323.34 1121.17 546.431 435.368 406.279 405.765
threshold=688.62798463473371 12.003029425366757 108.46953200000002 0.21021760849986634 19.644735571845008 37.960722448895204 0.48437743652717175 669.07096523690564 21.031015316309333 -7.7143045575335316 110.00549631725742 268.32281790025485 5.108791732625023 308.55072763694039
decision_type=2 2 2 2 2 2 2 2 2 2 2 2 2 2
left_child=3 -2 -3 6 -5 -6 7 -1 11 10 12 -8 -10 -13
right_child=1 2 -4 4 5 -7 8 -9 9 -11 -12 13 -14 -15
leaf_value=0 0 -0.0034302975463402162 9.9184326467144365e-05 0 0.0040560702143301033 0.00051597849754378975 0.00034632662951340293 0.0048804318575261154 -0.0017513409694459472 -0.003876672097874876 -0.0012216662559040947 -0.00070399476906485574 0.0037277238255131362 -2.2632652100195161e-05
leaf_weight=179730 4066 1293 1280 35927 8229 12423 5671 1630 1192 6078 28691 5809 2734 48141
leaf_count=179730 4066 1293 1280 35927 8229 12423 5671 1630 1192 6078 28691 5809 2734 48141
internal_value=-0.000317066 -0.00756138 -0.0195103 -0.000174035 0.00237897 0.00619407 -0.000690513 0.000264667 -0.0024525 -0.00529991 -0.00236073 -0.000604485 0.0116353 -0.0017127
internal_weight=342894 6639 2573 336255 56579 20652 279676 181360 98316 38695 32617 59621 3926 53950
internal_count=342894 6639 2573 336255 56579 20652 279676 181360 98316 38695 32617 59621 3926 53950
is_linear=0
shrinkage=0.04


Tree=81
num_leaves=15
num_cat=0
split_feature=14 11 14 9 12 1 14 14 13 9 10 11 10 11
split_gain=222.883 1009.33 244.962 278.076 340.713 420.333 341.048 487.736 379.197 508.962 463.141 396.617 679.781 519.489
threshold=0.23320872121670802 12.003029425366757 0.21021760849986634 0.32899309120039616 133.87186929237555 3.8767063623056299 0.20681441716486695 0.20770319864275835 496.81713644221236 0.0017404558031705044 -4.4948578190066337 1.4268860542942396 -0.43686149368285887 2.5302387136405708
decision_type=2 2 2 2 2 2 2 2 2 2 2 2 2 2
left_child=2 -2 3 4 6 -6 8 -8 9 11 -11 12 -1 -13
right_child=1 -3 -4 -5 5 -7 7 -9 -10 10 -12 13 -14 -15
leaf_value=-0.00081248977613717634 0 -0.0032602640997577773 0 0 -0.0030526273005804985 -0.001973019790247253 -0.0045522333997828814 -0.00023746580529578835 0.00059868722693605012 -0.0013253788256457359 -0.0026445310488868957 0.00050737237757506623 0.00028003892514780508 2.0152111345197456e-05
leaf_weight=8530 5419 1246 56550 192380 852 11057 1845 7570 7143 7668 1506 3663 1267 36147
leaf_count=8530 5419 1246 56550 192380 852 11057 1845 7570 7143 7668 1506 3663 1267 36147
internal_value=-0.000294595 -0.00753788 -0.000150991 -0.00063656 -0.00250963 -0.00879671 -0.00151582 -0.00863728 -0.000498756 -0.00155629 -0.0102115 4.43486e-05 -0.00716546 0.00181864
internal_weight=342843 6665 336178 279628 87248 11909 75339 9415 65924 58781 9174 49607 9797 39810
internal_count=342843 6665 336178 279628 87248 11909 75339 9415 65924 58781 9174 49607 9797 39810
is_linear=0
shrinkage=0.04


Tree=82
num_leaves=15
num_cat=0
split_feature=13 11 13 13 12 11 10 11 3 12 11 1 0 15
split_gain=223.481 375.509 633.625 246.84 377.105 408.955 216.28 173.73 268.049 165.018 222.803 284.809 195.065 153.083
threshold=688.62798463473371 12.003029425366757 715.51569672958851 642.89807683317133 71.970117785555843 2.5302387136405708 -50.294549885231866 54.244733495565079 14.348127000000002 94.42507819469968 61.415241032698781 16.486505875605804 7.8142030332135217 12.200141976749977
decision_type=2 2 2 2 2 2 2 2 2 2 2 2 2 2
left_child=3 -2 -3 6 5 -5 -1 13 -9 -10 11 12 -11 -8
right_child=1 2 -4 4 -6 -7 7 8 9 10 -12 -13 -14 -15
leaf_value=0.0085830947874199291 0 -0.0031298535357674661 -9.6720008243081912e-05 0.00013439972661806875 0.002185615147519374 -0.0006490455626636893 0 -0.033666587261897238 -0.019526279363718983 0.064400911301195587 0.0040180902734204913 -0.0072209542295459811 -0.0064257462335911564 0
leaf_weight=1971 4118 1245 1343 549 5246 855 308785 657 393 354 2442 4573 296 9979
leaf_count=1971 4118 1245 1343 549 5246 855 308785 657 393 354 2442 4573 296 9979
internal_value=-0.000273391 -0.00750373 -0.0194436 -0.000129128 0.00750075 -0.0109117 -0.000283139 -0.000362649 -0.0059346 -0.0039315 -0.00263536 -0.00729849 0.0174769 -0.000210312
internal_weight=342806 6706 2588 336100 6650 1404 329450 327479 8715 8058 7665 5223 650 318764
internal_count=342806 6706 2588 336100 6650 1404 329450 327479 8715 8058 7665 5223 650 318764
is_linear=0
shrinkage=0.04


Tree=83
num_leaves=15
num_cat=0
split_feature=14 11 14 11 1 1 3 12 0 1 3 3 1 13
split_gain=226.794 1012.08 217.788 268.321 1123.96 335.806 305.734 284.471 284.357 332.123 397.975 264.683 548.481 297.66
threshold=0.23320872121670802 12.003029425366757 0.21021760849986634 26.638356153356835 5.4907745649338198 17.200520317383788 18.438783500000003 110.00549631725742 1.9089094166891358 30.033115361794607 22.777537000000006 18.768331000000003 16.624226743009984 466.27196737977994
decision_type=2 2 2 2 2 2 2 2 2 2 2 2 2 2
left_child=2 -2 3 5 -5 -1 -7 -6 9 10 -9 12 -10 -13
right_child=1 -3 -4 4 7 6 -8 8 11 -11 -12 13 -14 -15
leaf_value=0 0 -0.0030046593943367683 0 -0.0044990888720248066 0.0029738210801090771 -0.052058725433914516 0.0014510732815405036 0.0076656153798439521 -0.00080341232565480205 -0.065228722787459559 0.097059197336626046 0.00030584060970819174 -0.04158134500713951 -0.001604805977283848
leaf_weight=195379 5404 1251 56562 3369 2068 721 16511 2435 8091 477 902 29925 3208 16669
leaf_count=195379 5404 1251 56562 3369 2068 721 16511 2435 8091 477 902 29925 3208 16669
internal_value=-0.000267077 -0.00757926 -0.000122385 -0.000580079 -0.00278446 0.000116081 0.0054689 -0.00159498 -0.00208404 0.00849502 0.0129577 -0.00278099 -0.0082733 -0.00144911
internal_weight=342972 6655 336317 279755 67144 212611 17232 63775 61707 3814 3337 57893 11299 46594
internal_count=342972 6655 336317 279755 67144 212611 17232 63775 61707 3814 3337 57893 11299 46594
is_linear=0
shrinkage=0.04


Tree=84
num_leaves=15
num_cat=0
split_feature=14 11 14 14 11 10 1 3 3 10 9 3 0 1
split_gain=226.788 1012.49 223.259 265.246 261.679 1155.87 303.49 256.693 248.668 767.499 315.645 325.899 306.654 608.757
threshold=0.23320872121670802 12.003029425366757 0.21021760849986634 0.210843859845816 26.638356153356835 -5.5706569826515624 17.200520317383788 18.438783500000003 18.768331000000003 -17.571315396717541 0.82817466655047223 14.448295500000002 2.1521744771180527 29.457698941027747
decision_type=2 2 2 2 2 2 2 2 2 2 2 2 2 2
left_child=2 -2 4 -4 6 8 -1 -8 9 -6 -11 -12 13 -10
right_child=1 -3 3 -5 5 -7 7 -9 12 10 11 -13 -14 -15
leaf_value=0 0 -0.0028885375590163311 0.0030599503535303665 0 -0.046067441575676132 -0.0043206110870255164 -0.046102344708473027 0.0013499139497539089 0.049440881435525538 -0.0010425473241770034 -0.012920059160220723 0.054441252991190757 -0.00030948118728015976 -0.059227693852086483
leaf_weight=195210 5397 1252 3332 53172 3264 3438 717 16481 2056 9065 454 805 47389 691
leaf_count=195210 5397 1252 3332 53172 3264 3438 717 16481 2056 9065 454 805 47389 691
internal_value=-0.000276725 -0.00759212 -0.000131995 0.00216126 -0.000595486 -0.00277181 9.26519e-05 0.00518665 -0.00155295 -0.00635266 -0.00100736 0.0177601 -0.000252114 0.0127412
internal_weight=342723 6649 336074 56504 279570 67162 212408 17198 63724 13588 10324 1259 50136 2747
internal_count=342723 6649 336074 56504 279570 67162 212408 17198 63724 13588 10324 1259 50136 2747
is_linear=0
shrinkage=0.04


Tree=85
num_leaves=15
num_cat=0
split_feature=14 5 3 14 9 13 5 12 1 2 3 0 2 13
split_gain=221.158 601.395 410.957 205.422 268.636 308.287 232.553 211.609 412.354 386.321 825.834 690.125 533.611 422.858
threshold=0.23320872121670802 1.0000000180025095e-35 1.0000000180025095e-35 0.21135727656717004 0.5188512038572356 669.07096523690564 1.0000000180025095e-35 135.20002149533033 3.8767063623056299 87.691001500000013 14.448295500000002 12.752514584255389 108.46953200000002 268.32281790025485
decision_type=2 2 2 2 2 2 2 2 2 2 2 2 2 2
left_child=3 -2 -3 4 6 -6 -1 9 -9 13 11 -11 -12 -8
right_child=1 2 -4 -5 5 -7 7 8 -10 10 12 -13 -14 -15
leaf_value=0.0025006090094304607 0 0 -0.0028017530609314736 0 0 0.0044857504880725201 0.00023589285626591185 -0.0026243061960146054 -0.0011569574385552953 -0.00080654291335142589 0.0020074930089669569 -0.045708042552274439 -0.00035905527425272963 -0.0002019079589386641
leaf_weight=208 4789 612 1251 46542 185144 1658 3482 858 16692 5304 12494 1143 9314 53129
leaf_count=208 4789 612 1251 46542 185144 1658 3482 858 16692 5304 12494 1143 9314 53129
internal_value=-0.000354328 -0.00757667 -0.0268599 -0.00021133 -0.000607962 0.000295286 -0.0022521 -0.00233792 -0.00633618 -0.00151109 0.00230897 -0.0102683 0.00602715 -0.00341771
internal_weight=342620 6652 1863 335968 289426 186802 102624 102416 17550 84866 28255 6447 21808 56611
internal_count=342620 6652 1863 335968 289426 186802 102624 102416 17550 84866 28255 6447 21808 56611
is_linear=0
shrinkage=0.04


Tree=86
num_leaves=15
num_cat=0
split_feature=14 11 14 8 11 13 2 11 5 11 11 0 2 14
split_gain=220.921 1009.63 198.314 252.538 315.527 269.642 214.249 199.174 174.78 220.221 385.101 615.024 477.498 421.308
threshold=0.23320872121670802 12.003029425366757 0.21135727656717004 0.48437743652717175 46.353468080857319 669.07096523690564 89.784981000000016 57.914935627289175 1.0000000180025095e-35 1.0000000180025095e-35 4.8128121500077388 5.5490333724105545 55.285774500000009 0.20284702326126808
decision_type=2 2 2 2 2 2 2 2 2 2 2 2 2 2
left_child=2 -2 3 5 8 -1 -6 -4 -5 -10 12 -12 -11 -14
right_child=1 -3 7 4 6 -7 -8 -9 9 10 11 -13 13 -15
leaf_value=0 0 -0.0026708410671510041 0 0.0024902118364365728 -0.011076488673433615 0.0044214421348821352 -0.0044432686991738709 0.013951501714535804 -0.00070596883095968676 -1.3723282467817053e-05 -0.00062639349478993509 -1.4339900934233485e-05 0.00045935045595374663 -0.00022530195412095563
leaf_weight=185822 5409 1247 46010 207 887 1660 3014 664 7766 12484 23100 47778 4862 2214
leaf_count=185822 5409 1247 46010 207 887 1660 3014 664 7766 12484 23100 47778 4862 2214
internal_value=-0.00033772 -0.00755409 -0.000194967 -0.000584691 -0.00218313 0.000287601 -0.0133402 0.00222479 -0.00174086 -0.00181826 -0.00126319 -0.00263439 0.00370552 0.0120068
internal_weight=343124 6656 336468 289794 102312 187482 3901 46674 98411 98204 90438 70878 19560 7076
internal_count=343124 6656 336468 289794 102312 187482 3901 46674 98411 98204 90438 70878 19560 7076
is_linear=0
shrinkage=0.04


Tree=87
num_leaves=15
num_cat=0
split_feature=14 11 14 9 11 13 2 11 10 2 11 11 2 3
split_gain=223.225 1006.98 206.418 230.097 308.675 234.269 225.81 214.803 407.799 349.993 437.8 313.271 278.768 326.282
threshold=0.23320872121670802 12.309976574994723 0.21135727656717004 0.55509358796032238 46.353468080857319 669.07096523690564 89.784981000000016 1.0000000180025095e-35 -12.187677983277846 84.364593500000012 8.9681656875266018 2.5302387136405708 100.42256950000001 97.440926500000003
decision_type=2 2 2 2 2 2 2 2 2 2 2 2 2 2
left_child=2 -2 3 4 -1 -5 -6 8 -4 -9 11 -11 13 -12
right_child=1 -3 7 5 6 -7 -8 9 -10 10 12 -13 -14 -15
leaf_value=-0.0001047837898106345 0 -0.0025500259629400012 -0.014184368236392025 0 -0.01063342912649627 0.0042627911377620164 -0.0041710213924805008 0.00069125702047550055 0 0.00022724538242250626 0.0056532236917027166 -0.00062149937419431645 0.00038986753982124783 -0.0022509570526262142
leaf_weight=101400 5406 1242 526 182665 884 1646 3207 6637 17790 142 2450 733 18152 313
leaf_count=101400 5406 1242 526 182665 884 1646 3207 6637 17790 142 2450 733 18152 313
internal_value=-0.000262709 -0.00752106 -0.00011933 -0.000517181 -0.002007 0.00033552 -0.0127793 0.0023473 -0.00103079 0.00452387 0.00207435 -0.0256457 0.00323404 0.0150706
internal_weight=343193 6648 336545 289802 105491 184311 4091 46743 18316 28427 21790 875 20915 2763
internal_count=343193 6648 336545 289802 105491 184311 4091 46743 18316 28427 21790 875 20915 2763
is_linear=0
shrinkage=0.04


Tree=88
num_leaves=15
num_cat=0
split_feature=14 11 13 11 1 13 13 1 3 1 2 12 3 10
split_gain=224.294 1010 182.069 547.226 599.154 239.836 223.922 235.139 307.258 220.071 216.701 247.471 272.486 399.227
threshold=0.23320872121670802 12.003029425366757 289.15636952549113 13.620817321516226 4.1356116097322166 282.46392299658419 297.0789537866894 22.390505583198188 20.745246500000004 29.249343864726413 172.36346450000002 161.66947773641812 14.741238000000001 -16.376437583036246
decision_type=2 2 2 2 2 2 2 2 2 2 2 2 2 2
left_child=2 -2 3 5 -5 -1 7 -4 -9 -10 11 12 13 -6
right_child=1 -3 6 4 10 -7 -8 8 9 -11 -12 -13 -14 -15
leaf_value=0 0 -0.0024480267125617438 0.0059738434264143929 -0.00255265504450362 -0.071953979742115703 -0.0005619855247970064 0 -0.058909387912798705 0.043789998303182157 -0.047363221625929708 0.00085799342489866555 -0.0013905120717980469 -0.00017620846365197894 -0.0016898104814672809
leaf_weight=33855 5380 1248 2262 2160 787 877 279802 395 466 195 1425 2113 9205 2953
leaf_count=33855 5380 1248 2262 2160 787 877 279802 395 466 195 1425 2113 9205 2953
internal_value=-0.000293073 -0.00757996 -0.000149542 -0.00229246 -0.00782063 0.000674882 0.00025445 0.0105847 -0.005 0.0116793 -0.00522478 -0.00663568 -0.00456392 -0.0136684
internal_weight=343123 6628 336495 53375 18643 34732 283120 3318 1056 661 16483 15058 12945 3740
internal_count=343123 6628 336495 53375 18643 34732 283120 3318 1056 661 16483 15058 12945 3740
is_linear=0
shrinkage=0.04


Tree=89
num_leaves=15
num_cat=0
split_feature=14 11 14 9 11 2 12 2 1 2 3 1 3 3
split_gain=221.235 1003.47 180.319 224.195 302.967 220.647 208.223 349.841 281.996 274.933 463.485 972.581 365.425 364.394
threshold=0.23320872121670802 12.003029425366757 0.21135727656717004 0.55509358796032238 46.353468080857319 89.784981000000016 138.0075840703193 172.36346450000002 3.8767063623056299 75.773163000000011 14.448295500000002 13.356995896932416 4.6459410000000014 11.469149500000002
decision_type=2 2 2 2 2 2 2 2 2 2 2 2 2 2
left_child=2 -2 3 4 6 -6 9 8 -8 13 11 12 -11 -1
right_child=1 -3 -4 -5 5 -7 7 -9 -10 10 -12 -13 -14 -15
leaf_value=3.3510180879569585e-05 0 -0.0023541701845123074 0 0 -0.0099150704297538642 -0.0039977019777580423 -0.0024173366419840891 0.0011510967312040347 -0.0015982642943699718 -0.0046259650069284102 0.00060102068166526911 -0.040154725551001691 0.00030902358348771307 -0.00036566934087890317
leaf_weight=16941 5440 1236 46514 184146 883 3245 843 1981 10705 1152 33855 1916 9195 24582
leaf_count=16941 5440 1236 46514 184146 883 3245 843 1981 10705 1152 33855 1916 9195 24582
internal_value=-0.000255199 -0.00746555 -0.000111919 -0.00048341 -0.00195559 -0.0125775 -0.00152219 -0.00614088 -0.00880499 -0.00080921 0.00131662 -0.00534616 -0.000498695 -0.00317029
internal_weight=342634 6676 335958 289444 105298 4128 101170 13529 11548 87641 46118 12263 10347 41523
internal_count=342634 6676 335958 289444 105298 4128 101170 13529 11548 87641 46118 12263 10347 41523
is_linear=0
shrinkage=0.04


Tree=90
num_leaves=15
num_cat=0
split_feature=13 11 13 14 9 11 12 1 14 14 11 11 10 2
split_gain=222.463 380.148 627.144 172.928 230.685 283.048 214.937 341.743 254.333 530.813 306.181 791.077 566.286 394.017
threshold=688.62798463473371 12.003029425366757 715.51569672958851 0.21135727656717004 0.55509358796032238 46.353468080857319 138.0075840703193 3.8767063623056299 0.20681441716486695 0.20766949380718766 1.4268860542942396 2.7023855136920125 -0.43686149368285887 70.194599000000011
decision_type=2 2 2 2 2 2 2 2 2 2 2 2 2 2
left_child=3 -2 -3 4 5 6 8 -8 10 -10 12 -12 13 -1
right_child=1 2 -4 -5 -6 -7 7 -9 9 -11 11 -13 -14 -15
leaf_value=-0.0010373994442840592 0 -0.0022576661792843744 -7.867325085509414e-05 0 0 -0.0063247462523938584 -0.0023317940164229588 -0.0009191538234678432 -0.0043181938804148405 -0.00016135405100395074 0.00046507241353424848 -6.592205139228091e-06 0.00024752042296190713 0.00020547528256186886
leaf_weight=6197 4122 1243 1314 46589 184247 4094 845 12653 1853 12949 5003 57132 1287 3467
leaf_count=6197 4122 1243 1314 46589 184247 4094 845 12653 1853 12949 5003 57132 1287 3467
internal_value=-0.000287351 -0.0075161 -0.0196324 -0.000143793 -0.000507512 -0.00199924 -0.00158286 -0.00628241 -0.000861096 -0.00564248 0.000107271 0.00119417 -0.00605972 -0.00937914
internal_weight=342995 6679 2557 336316 289727 105480 101386 13498 87888 14802 73086 62135 10951 9664
internal_count=342995 6679 2557 336316 289727 105480 101386 13498 87888 14802 73086 62135 10951 9664
is_linear=0
shrinkage=0.04


Tree=91
num_leaves=15
num_cat=0
split_feature=14 11 14 8 11 0 12 1 2 3 1 2 13 13
split_gain=220.267 1000.77 179.027 209.073 270.871 232.26 211.509 328.253 283.241 647.473 700.801 392.084 377.554 339.051
threshold=0.23320872121670802 12.309976574994723 0.21135727656717004 0.48437743652717175 46.353468080857319 6.4047478799516293 135.20002149533033 3.8767063623056299 88.214519500000009 14.448295500000002 13.485025444898287 108.46953200000002 268.32281790025485 308.55072763694039
decision_type=2 2 2 2 2 2 2 2 2 2 2 2 2 2
left_child=2 -2 3 -1 6 -6 8 -8 12 10 -10 -11 -5 -14
right_child=1 -3 -4 4 5 -7 7 -9 9 11 -12 -13 13 -15
leaf_value=0 0 -0.0021659097726704681 0 0.00023861602192505965 -0.012711023912272948 -0.0035370986615054873 -0.00217248675931627 -0.00092854153985183485 -0.00016675334903812247 0.0023040932178722247 -0.041683605169836983 -0.00010468213485122169 -0.00079714404964479843 -8.462824883491676e-05
leaf_weight=187411 5428 1232 46660 3441 693 3164 875 14922 4674 11545 1435 8276 6405 46849
leaf_count=187411 5428 1232 46660 3441 693 3164 875 14922 4674 11545 1435 8276 6405 46849
internal_value=-0.000250022 -0.00745345 -0.000107388 -0.000477752 -0.00193236 -0.0123308 -0.00152486 -0.00576565 -0.00071407 0.00274894 -0.00863644 0.00625801 -0.00229791 -0.00312765
internal_weight=343010 6660 336350 289690 102279 3857 98422 15797 82625 25930 6109 19821 56695 53254
internal_count=343010 6660 336350 289690 102279 3857 98422 15797 82625 25930 6109 19821 56695 53254
is_linear=0
shrinkage=0.04


Tree=92
num_leaves=15
num_cat=0
split_feature=14 11 14 11 10 15 8 2 12 12 8 12 11 12
split_gain=219.896 989.397 170.635 186.288 391.823 356.887 342.229 295.498 446.238 299.373 274.313 288.444 272.03 191.015
threshold=0.23320872121670802 12.003029425366757 0.21135727656717004 1.0000000180025095e-35 -12.187677983277846 13.078688944500003 0.61204735421116874 84.364593500000012 71.970117785555843 69.409382822894841 0.93018297073587541 67.687733285351086 2.5302387136405708 57.084929962609714
decision_type=2 2 2 2 2 2 2 2 2 2 2 2 2 2
left_child=2 -2 -1 4 -4 7 -7 9 12 10 11 -5 -9 -12
right_child=1 -3 3 5 -6 6 -8 8 -10 -11 13 -13 -14 -15
leaf_value=0 0 -0.0020818917401299033 -0.013374520606091766 0.0010011563786820408 0 0.0037326051745922031 -0.008478274249801394 0.00021603542991094571 0.00063875092256996562 0.0018663855956708652 0.00040687377942176805 -0.00033234293689780219 -0.00064593959301316505 -0.00022074343626693008
leaf_weight=289917 5436 1234 530 566 17778 1031 113 145 20223 2909 138 344 991 1984
leaf_count=289917 5436 1234 530 566 17778 1031 113 145 20223 2909 138 344 991 1984
internal_value=-0.000214365 -0.0074063 -7.18807e-05 0.0021706 -0.000976622 0.00419632 0.0260839 0.00327912 0.00108432 0.0111698 0.00237467 0.0207473 -0.0233099 -0.00550424
internal_weight=343339 6670 336669 46752 18308 28444 1144 27300 21359 5941 3032 910 1136 2122
internal_count=343339 6670 336669 46752 18308 28444 1144 27300 21359 5941 3032 910 1136 2122
is_linear=0
shrinkage=0.04


Tree=93
num_leaves=15
num_cat=0
split_feature=14 11 1 14 11 1 12 1 3 14 0 10 3 1
split_gain=209.216 925.643 181.59 152.704 172.289 1061.09 346.878 294.315 255.72 244.865 229.674 304.171 397.528 365.264
threshold=0.23320872121670802 12.003029425366757 48.254897844020142 0.21135727656717004 26.638356153356835 6.3087405406810175 103.48468774857015 17.200520317383788 18.438783500000003 0.20924247074170185 1.9089094166891358 -29.487281318371437 15.425560500000001 16.624226743009984
decision_type=2 2 2 2 2 2 2 2 2 2 2 2 2 2
left_child=2 -2 3 4 7 -6 -7 9 -9 -1 11 -8 13 -13
right_child=1 -3 -4 -5 5 6 10 8 -10 -11 -12 12 -14 -15
leaf_value=0 0 -0.0020039876631828203 0.0051301377601961498 0 -0.0038950858273692325 0.011873829263597787 -0.057518609298613542 -0.045263963658350094 0.001315717560791071 0 -0.00063230893774689028 0.012885623304720444 0.049869741109256314 -0.058606307272965952
leaf_weight=191250 5387 1246 3023 45458 3727 783 552 720 16768 10572 60206 386 2389 455
leaf_count=191250 5387 1246 3023 45458 3727 783 552 720 16768 10572 60206 386 2389 455
internal_value=-0.000225707 -0.00726067 -8.6949e-05 -0.000175475 -0.000515761 -0.00226693 -0.0010727 3.11887e-05 0.00500915 -0.000400155 -0.00139651 0.00816499 0.0128545 -0.0107967
internal_weight=342922 6633 336289 333266 287808 68498 64771 219310 17488 201822 63988 3782 3230 841
internal_count=342922 6633 336289 333266 287808 68498 64771 219310 17488 201822 63988 3782 3230 841
is_linear=0
shrinkage=0.04


Tree=94
num_leaves=15
num_cat=0
split_feature=14 11 1 11 3 1 1 11 3 14 1 3 1 15
split_gain=181.056 821.679 160.659 162.598 264.275 148.894 255.807 312.257 169.104 165.724 146.22 309.133 215.903 206.914
threshold=0.23320872121670802 12.003029425366757 50.116445688343155 54.244733495565079 14.933783500000002 11.73807468956837 26.533103732669492 61.415241032698781 31.136539500000005 0.20924247074170185 33.138084077161444 32.829100500000003 36.871546120096284 12.200141976749977
decision_type=2 2 2 2 2 2 2 2 2 2 2 2 2 2
left_child=2 -2 3 10 -5 -6 -7 9 -9 -8 13 12 -12 -1
right_child=1 -3 -4 4 5 6 7 8 -10 -11 11 -13 -14 -15
leaf_value=0 0 -0.0018995135110384609 0.0057442586671296704 -0.0277741848147459 -0.016414935848063004 0.012459212109460487 -0.011098816169356715 -0.066702756430634558 0.0048759963499626739 0.00039587012548427227 0.0006922863800499535 0.0023387140646727918 -0.15528613850771361 0
leaf_weight=300959 5416 1224 2279 875 384 1992 2497 297 1800 914 479 15134 475 8399
leaf_count=300959 5416 1224 2279 875 384 1992 2497 297 1800 914 479 15134 475 8399
internal_value=-0.000200044 -0.00674096 -7.09692e-05 -0.000143146 -0.00552118 -0.00320649 -0.00196267 -0.00640523 0.00574154 -0.0138728 1.59781e-06 0.00371954 -0.0183648 -0.000191752
internal_weight=343124 6640 336484 334205 8759 7884 7500 5508 2097 3411 325446 16088 954 309358
internal_count=343124 6640 336484 334205 8759 7884 7500 5508 2097 3411 325446 16088 954 309358
is_linear=0
shrinkage=0.04


Tree=95
num_leaves=15
num_cat=0
split_feature=14 11 13 11 1 14 11 2 9 11 3 10 3 13
split_gain=174.112 782.914 163.494 518.66 520.083 193.901 224.387 185.946 185.453 354.411 520.247 447.687 329.695 216.576
threshold=0.23320872121670802 12.003029425366757 289.15636952549113 13.620817321516226 4.1356116097322166 0.18056961931331353 10.43196284036584 177.35255400000003 0.0023939018285957796 34.232202104607062 14.933783500000002 -16.376437583036246 17.250263500000006 260.42522452097228
decision_type=2 2 2 2 2 2 2 2 2 2 2 2 2 2
left_child=2 -2 3 -1 -5 6 -4 8 12 13 11 -11 -6 -10
right_child=1 -3 5 4 7 -7 -8 -9 9 10 -12 -13 -14 -15
leaf_value=0 0 -0.0018535597554121641 0 -0.0022336960020660906 -0.0023649036834564371 0 0.0020804260420156685 0.0008720036240291827 -0.00033924600053183876 -0.064868601503517975 0.0033387646358393154 -1.3534858504771207e-05 0.0045695688112992782 -0.0016367110096395378
leaf_weight=34588 5422 1240 9145 2166 1397 266333 7587 986 2269 874 3578 1146 810 5397
leaf_count=34588 5422 1240 9145 2166 1397 266333 7587 986 2269 874 3578 1146 810 5397
internal_value=-0.000213216 -0.00661663 -8.63576e-05 -0.00212061 -0.00750255 0.000296045 0.00447287 -0.00507747 -0.00615086 -0.00793727 -0.000285816 -0.0165149 0.00458541 -0.0135247
internal_weight=342938 6662 336276 53211 18623 283065 16732 16457 15471 13264 5598 2020 2207 7666
internal_count=342938 6662 336276 53211 18623 283065 16732 16457 15471 13264 5598 2020 2207 7666
is_linear=0
shrinkage=0.04


Tree=96
num_leaves=15
num_cat=0
split_feature=1 14 11 14 9 11 0 11 10 2 3 1 11 14
split_gain=166.336 161.035 734.863 153.475 165.969 240.283 661.448 509.224 860.723 481.603 409.469 377.514 374.51 366.884
threshold=50.116445688343155 0.23320872121670802 12.003029425366757 0.21135727656717004 0.55509358796032238 5.8844535227181307 3.8130773806618143 1.3299130921530602 -0.43686149368285887 83.898758000000001 4.5709225000000009 1.9697107145538428 24.050114154040831 0.18517134445204206
decision_type=2 2 2 2 2 2 2 2 2 2 2 2 2 2
left_child=1 3 -3 4 5 7 12 8 9 11 -8 13 -7 -1
right_child=-2 2 -4 -5 -6 6 10 -9 -10 -11 -12 -13 -14 -15
leaf_value=0.00062013388383532538 0.005874483440316154 0 -0.0017794173651956768 0 0 -0.00049190488418887623 -0.015363915326536784 0.00010223762131247497 0.00028342803044840206 0.001480270539339736 -0.00016171267217313684 -0.0027011832839371388 -0.0028746845904021878 -0.00034821637739373767
leaf_weight=845 2259 5407 1245 45599 183288 9513 928 18564 1788 2228 61376 4503 3025 2816
leaf_count=845 2259 5407 1245 45599 183288 9513 928 18564 1788 2228 61376 4503 3025 2816
internal_value=-0.000211891 -0.000283532 -0.00644618 -0.00016097 -0.000501395 -0.00176463 -0.00298763 0.00121259 -0.00514286 -0.0095535 -0.00130072 -0.0140519 -0.0113702 -0.00451243
internal_weight=343384 341125 6652 334473 288874 105586 74842 30744 12180 10392 62304 8164 12538 3661
internal_count=343384 341125 6652 334473 288874 105586 74842 30744 12180 10392 62304 8164 12538 3661
is_linear=0
shrinkage=0.04


Tree=97
num_leaves=15
num_cat=0
split_feature=1 3 15 1 9 13 3 10 10 3 13 13 10 8
split_gain=154.122 354.18 219.475 233.714 264.376 382.501 257.04 209.284 199.431 1577.58 265.185 278.149 280.081 268.552
threshold=32.659652159832817 31.418154500000004 12.200141976749977 8.2063055125368169 0.38266218145023889 602.77527870826805 14.640289500000002 -14.322620861797253 -29.18560349433579 26.472742000000004 513.32521284928225 520.88873726602321 -0.36099697150832311 0.78855741177256478
decision_type=2 2 2 2 2 2 2 2 2 2 2 2 2 2
left_child=2 -2 8 -4 5 -5 7 -6 9 -1 -10 12 -12 -13
right_child=1 -3 3 4 6 -7 -8 -9 10 -11 11 13 -14 -15
leaf_value=-0.089590320087090808 -0.090911925949594269 0.0018316688930433312 0 0.0024590401151191256 -0.032802000814870017 -0.0093201806942735544 0.0055360616519533395 0.0097795502272337593 0 0.001478138758976793 -0.0033002044509548023 0 0 0.0001802405416397522
leaf_weight=2094 846 22085 5081 992 225 293 1592 180 259190 5486 4662 25902 2004 12669
leaf_count=2094 846 22085 5081 992 225 293 1592 180 259190 5486 4662 25902 2004 12669
internal_value=-0.000179784 0.00298809 -0.00040653 0.00598828 0.0143083 0.000155642 0.0234151 -0.00503704 -0.000577936 -0.00698681 -0.00041836 -0.00324425 -0.0107891 -0.00194032
internal_weight=343301 22931 320370 8363 3282 1285 1997 405 312007 7580 304427 45237 6666 38571
internal_count=343301 22931 320370 8363 3282 1285 1997 405 312007 7580 304427 45237 6666 38571
is_linear=0
shrinkage=0.04


Tree=98
num_leaves=15
num_cat=0
split_feature=14 11 3 0 10 12 11 0 2 11 10 15 14 13
split_gain=149.964 659.17 134.03 1458.3 1135.84 210.738 926.516 426.509 414.787 678.007 533.208 471.198 311.449 672.778
threshold=0.23320872121670802 12.003029425366757 15.225946500000001 13.35144886038943 -15.564736006770207 72.671927887115046 5.7169073854533261 6.2931022990875496 108.46953200000002 2.3818742170108331 -2.0573752134120658 11.201103675124985 0.19726957747197196 403.33370222533182
decision_type=2 2 2 2 2 2 2 2 2 2 2 2 2 2
left_child=2 -2 3 4 -1 6 7 -4 9 10 -7 12 -11 -14
right_child=1 -3 5 -5 -6 8 -8 -9 -10 11 -12 -13 13 -15
leaf_value=-0.053161256027471904 0 -0.0016959883398078213 5.1418874260430666e-05 -0.039241273657153124 0 -0.006759435251477687 -0.00099853143571307043 -0.0010792506691641517 0 0.001849203745127463 0.0011685150419995685 0.0057550765258549564 -0.0012430747567432016 0.0010731774399392901
leaf_weight=1964 5413 1245 12278 1726 113349 2530 6469 1697 161163 11025 667 2618 4674 16334
leaf_count=1964 5413 1245 12278 1726 113349 2530 6469 1697 161163 11025 667 2618 4674 16334
internal_value=-0.000165291 -0.00610994 -4.7668e-05 -0.00114082 -0.000594556 0.000535326 -0.00333203 0.00246154 0.000932612 0.00470091 -0.0129246 0.00632709 0.0049936 0.00213633
internal_weight=343152 6658 336494 117039 115313 219455 20444 13975 199011 37848 3197 34651 32033 21008
internal_count=343152 6658 336494 117039 115313 219455 20444 13975 199011 37848 3197 34651 32033 21008
is_linear=0
shrinkage=0.04


Tree=99
num_leaves=15
num_cat=0
split_feature=15 3 5 3 1 12 15 10 15 1 2 10 3 0
split_gain=193.002 281.873 286.246 535.679 348.921 283.751 178.742 243.28 205.401 209.448 195.407 254.469 174.784 221.551
threshold=2.6583574773750063 104.02250000000002 1.0000000180025095e-35 14.640289500000002 7.5416092751797068 72.671927887115046 3.6895660932500083 -1.0000000180025095e-35 3.7914950851250073 9.3788094750583664 61.303104500000011 -1.0000000180025095e-35 14.448295500000002 9.596587292528012
decision_type=2 2 2 2 2 2 2 2 2 2 2 2 2 2
left_child=1 2 -1 -4 -5 -3 7 12 9 10 11 -8 13 -2
right_child=6 5 3 4 -6 -7 8 -9 -10 -11 -12 -13 -14 -15
leaf_value=0 0.00053798164202597534 -2.0567549704172267e-06 0 -0.0018215206535365659 -0.00094320676423022276 0 -0.0008717863081041463 0 0 -0.0013956667876611397 0 0 0.00090620009928600077 -0.032473068609843787
leaf_weight=24835 2363 763 6184 2240 2076 583 705 19422 266315 1834 3415 705 10910 520
leaf_count=24835 2363 763 6184 2240 2076 583 705 19422 266315 1834 3415 705 10910 520
internal_value=-0.000302739 -0.00304463 -0.00236027 -0.00789714 -0.0187118 -0.0210104 2.57357e-05 0.00279633 -0.000311385 -0.00725034 -0.00287668 -0.0154043 0.00685855 -0.0019008
internal_weight=342870 36681 35335 10500 4316 1346 306189 33215 272974 6659 4825 1410 13793 2883
internal_count=342870 36681 35335 10500 4316 1346 306189 33215 272974 6659 4825 1410 13793 2883
is_linear=0
shrinkage=0.04


Tree=100
num_leaves=15
num_cat=0
split_feature=13 3 0 13 1 3 3 2 12 0 1 15 8 1
split_gain=186.723 218.631 238.538 205.345 232.71 284.243 239.328 204.66 251.212 372.519 187.86 181.753 172.228 165.895
threshold=289.15636952549113 202.69632600000003 2.0046909501781083 297.0789537866894 23.316846476626022 21.329642500000002 18.438783500000003 177.35255400000003 159.69003993550496 16.143938624492282 28.042752393918104 2.3557421132500171 0.62132210668779086 17.72885657808256
decision_type=2 2 2 2 2 2 2 2 2 2 2 2 2 2
left_child=1 2 13 4 6 -6 -2 8 9 -4 -7 -5 -9 -1
right_child=3 -3 7 11 5 10 -8 12 -10 -11 -12 -13 -14 -15
leaf_value=0 0.001654679313186328 -1.9744847716005377e-06 -0.00085481356434801477 0 -0.062653816488693365 0.05470261737937529 0.019484035338496148 -1.9794963223832425e-05 -0.0012020757385140103 0.0040068499483334645 -0.031849577077672019 0 0.0025826632344075062 -0.043121728586735152
leaf_weight=32546 1343 343 15338 16608 320 301 1117 630 3240 349 254 269658 338 511
leaf_count=32546 1343 343 15338 16608 320 301 1117 630 3240 349 254 269658 338 511
internal_value=-0.000277635 -0.00245351 -0.00224732 0.00012279 0.009991 -0.00772571 0.0162927 -0.00570797 -0.00662546 -0.00453114 0.00958559 7.82489e-06 0.0122314 -0.000164564
internal_weight=342896 53295 52952 289601 3335 875 2460 19895 18927 15687 555 286266 968 33057
internal_count=342896 53295 52952 289601 3335 875 2460 19895 18927 15687 555 286266 968 33057
is_linear=0
shrinkage=0.04


Tree=101
num_leaves=15
num_cat=0
split_feature=1 3 11 11 12 10 0 1 13 3 12 3 12 2
split_gain=157.123 957.245 898.574 477.322 605.61 404.677 375.656 526.917 351.549 269.576 213.986 212.195 201.54 199.95
threshold=10.635783318576221 13.571475500000002 21.302650292261998 2.862361044276208 101.74533630824611 -7.7143045575335316 12.099997814636621 14.390946166177041 483.74894686908766 22.960707500000002 87.694378820090705 29.958861000000002 61.327335651444713 109.7905195
decision_type=2 2 2 2 2 2 2 2 2 2 2 2 2 2
left_child=2 6 -1 9 8 11 7 -2 10 -3 -5 -4 -7 -6
right_child=1 3 5 4 13 12 -8 -9 -10 -11 -12 -13 -14 -15
leaf_value=0 0.00081995957725973349 -0.00012891899391089835 -0.0010756093289234884 -0.0014408403293525631 0.0011480285209733503 0.0032781257707694225 -0.043436163303422058 -0.05154086068080771 0.0058935261964031295 -0.01954326512190966 0.0018681264081691585 0.0061320276488233119 -0.002237039522175016 7.9076404506127636e-05
leaf_weight=207534 1435 532 4424 357 23490 163 1085 991 2692 807 1603 247 7314 89985
leaf_count=207534 1435 532 4424 357 23490 163 1085 991 2692 807 1603 247 7314 89985
internal_value=-0.000257165 0.000887646 -0.000898025 0.00149264 0.00176183 -0.0114718 -0.0196981 -0.0109481 0.0159071 -0.0222554 0.00302041 -0.00223507 -0.0172422 0.00118193
internal_weight=342659 122977 219682 119466 118127 12148 3511 2426 4652 1339 1960 4671 7477 113475
internal_count=342659 122977 219682 119466 118127 12148 3511 2426 4652 1339 1960 4671 7477 113475
is_linear=0
shrinkage=0.04


Tree=102
num_leaves=15
num_cat=0
split_feature=15 11 0 3 12 11 1 3 10 0 1 3 15 15
split_gain=150.041 495.511 434.089 354.273 296.535 226.003 233.109 163.745 1475.31 495.306 802.73 460.916 215.671 374.816
threshold=2.6583574773750063 2.2760361301239862 1.4716489085371798 104.02250000000002 72.671927887115046 19.494936917204626 4.3812282137071712 15.225946500000001 -13.758876879648783 9.7951888063503052 15.90128791509062 13.477498500000001 3.6895660932500083 3.7507811581250086
decision_type=2 2 2 2 2 2 2 2 2 2 2 2 2 2
left_child=1 3 -3 -1 -5 6 -4 8 9 10 11 -2 -9 -14
right_child=7 2 5 4 -6 -7 -8 12 -10 -11 -12 -13 13 -15
leaf_value=0 -0.017664942164239212 -0.0016320391524140977 0.011831455763857659 -1.9744847716005377e-06 0 0.00053139304269209575 -0.0038982770678369183 0 0 -0.040652619597107906 -0.052255698412377871 0.014641713374163354 -0.0013219933071570522 0
leaf_weight=29545 479 2638 159 763 569 2028 1000 18898 96978 2114 1552 998 906 184622
leaf_count=29545 479 2638 159 763 569 2028 1000 18898 96978 2114 1552 998 906 184622
internal_value=-0.000293548 -0.00271048 -0.0134112 -0.000691777 -0.0208709 -0.00347662 -0.0175669 -4.17554e-06 -0.00131217 -0.0221894 -0.0118191 0.0092891 0.000649232 0.000234574
internal_weight=343249 36702 5825 30877 1332 3187 1159 306547 102121 5143 3029 1477 204426 185528
internal_count=343249 36702 5825 30877 1332 3187 1159 306547 102121 5143 3029 1477 204426 185528
is_linear=0
shrinkage=0.04


Tree=103
num_leaves=15
num_cat=0
split_feature=1 13 11 1 3 2 9 11 3 10 3 1 8 3
split_gain=148.01 137.113 334.61 467.495 245.42 191.366 172.673 285.741 464.875 411.439 280.713 187.063 367.929 322.052
threshold=50.116445688343155 289.15636952549113 13.620817321516226 4.2155362966528998 229.59959050000003 177.35255400000003 0.0023939018285957796 34.232202104607062 14.741238000000001 -16.376437583036246 17.250263500000006 17.72885657808256 0.4529792554686683 16.131280500000003
decision_type=2 2 2 2 2 2 2 2 2 2 2 2 2 2
left_child=1 2 4 -4 -1 6 10 -8 9 -9 -5 12 -10 -13
right_child=-2 -3 3 5 -6 -7 7 8 11 -11 -12 13 -14 -15
leaf_value=0 0.0053881480166787597 0 -0.0019685175876429802 -0.0017274133046515283 -1.8165259898724946e-06 0.00093964026218450679 -0.0011608683063181618 -0.060182164356791072 0.042131616567785544 -0.00016495020132979544 0.0042136696653370482 -0.043799690760594673 -0.0021728692670963134 0.0011540116967335085
leaf_weight=34440 2246 287342 2201 1328 284 968 7669 797 1332 1098 816 329 885 1223
leaf_count=34440 2246 287342 2201 1328 284 968 7669 797 1332 1098 816 329 885 1223
internal_value=-0.000261373 -0.000328841 -0.00219074 -0.00651293 0.000130169 -0.0041958 -0.00527492 -0.00696917 -0.000155367 -0.0163166 0.00526119 0.00797028 0.0154263 -0.00268041
internal_weight=342958 340712 53370 18646 34724 16445 15477 13333 5664 1895 2144 3769 2217 1552
internal_count=342958 340712 53370 18646 34724 16445 15477 13333 5664 1895 2144 3769 2217 1552
is_linear=0
shrinkage=0.04


Tree=104
num_leaves=15
num_cat=0
split_feature=1 15 2 9 1 11 3 1 11 0 11 11 1 3
split_gain=147.115 148.9 184.767 325.02 300.793 239.637 194.232 131.998 128.243 212.532 128.024 150.014 194.994 266.892
threshold=50.116445688343155 12.200141976749977 102.13549050000002 0.20749150773067768 4.7340756674578124 40.475921470526821 13.477498500000001 32.659652159832817 68.304527979331382 4.0382930456243669 64.160682880542296 54.244733495565079 32.659652159832817 32.829100500000003
decision_type=2 2 2 2 2 2 2 2 2 2 2 2 2 2
left_child=1 8 3 4 -3 7 -5 -4 10 -10 11 12 -1 -14
right_child=-2 2 5 6 -6 -7 -8 -9 9 -11 -12 -13 13 -15
leaf_value=0 0.0049639371713206763 0.014437861609896019 0 0 -0.0054196238476348245 0.015542541890221655 0.0044558905550191024 -0.008315576289812358 -0.021509422579314003 0.0069280245869357583 0.008510246378262391 -0.0041871458518007668 -0.060404145886162157 0.0024330363164650703
leaf_weight=307046 2244 290 4638 646 828 489 1922 1150 398 352 750 7240 1082 13995
leaf_count=307046 2244 290 4638 646 828 489 1922 1150 398 352 750 7240 1082 13995
internal_value=-0.000226076 -0.000293287 0.00452474 0.0116332 -0.00636852 0.000350486 0.0194704 -0.00192122 -0.000438369 -0.01696 -0.000400832 -0.000438422 -0.00031044 0.0041308
internal_weight=343070 340826 9963 3686 1118 6277 2568 5788 330863 750 330113 329363 322123 15077
internal_count=343070 340826 9963 3686 1118 6277 2568 5788 330863 750 330113 329363 322123 15077
is_linear=0
shrinkage=0.04


Tree=105
num_leaves=15
num_cat=0
split_feature=1 3 11 0 12 11 12 0 1 9 2 11 15 14
split_gain=141.48 1027.93 792.505 580.964 534.872 516.931 583.152 301.654 457.516 285.546 279.948 261.244 233.811 225.233
threshold=11.574684553573528 13.571475500000002 14.421394047025116 5.5490333724105545 105.688173261833 2.862361044276208 101.74533630824611 12.099997814636621 14.390946166177041 0.095206320843629913 69.504311000000015 37.74431903097922 7.5518605999999986 0.16657651781333119
decision_type=2 2 2 2 2 2 2 2 2 2 2 2 2 2
left_child=2 7 -1 11 9 -3 10 8 -2 -5 -7 13 -6 -4
right_child=1 5 3 4 12 6 -8 -9 -10 -11 -12 -13 -14 -15
leaf_value=0 0.00086814033984624955 -0.012589511063714759 0.00057744583060588496 0.00077571792854932769 -0.0012828226957471568 -0.0010156459794749858 0.00032604937159130002 -0.04262067313875624 -0.047076035916216841 0.0064593595147069477 0.0058951212051934019 -0.0095687709643525656 -0.0065344372130316233 -0.0017413738169761083
leaf_weight=200278 1041 1066 1009 4602 2991 351 111366 1087 1023 695 3221 1179 431 12765
leaf_count=200278 1041 1066 1009 4602 2991 351 111366 1087 1023 695 3221 1179 431 12765
internal_value=-0.000265924 0.000847635 -0.000858406 -0.00777966 0.000426654 0.00145995 0.0017171 -0.0216947 -0.0127132 0.00838965 0.017626 -0.0125647 -0.0118995 -0.0110179
internal_weight=343105 119155 223950 23672 8719 116004 114938 3151 2064 5297 3572 14953 3422 13774
internal_count=343105 119155 223950 23672 8719 116004 114938 3151 2064 5297 3572 14953 3422 13774
is_linear=0
shrinkage=0.04


Tree=106
num_leaves=15
num_cat=0
split_feature=1 11 3 15 11 1 11 3 10 10 12 11 2 2
split_gain=136.536 128.876 201.031 124.894 162.815 263.052 303.384 191.436 184.525 157.213 115.015 1354.73 980.6 363.982
threshold=50.116445688343155 68.304527979331382 31.418154500000004 12.200141976749977 40.475921470526821 32.659652159832817 2.862361044276208 14.448295500000002 -14.322620861797253 -12.373454665535004 72.671927887115046 6.0856008256077407 96.21310800000002 83.898758000000001
decision_type=2 2 2 2 2 2 2 2 2 2 2 2 2 2
left_child=1 3 -3 10 5 6 9 8 -8 -5 11 12 13 -1
right_child=-2 2 -4 4 -6 -7 7 -9 -10 -11 -12 -13 -14 -15
leaf_value=0 0.004850004109450903 -0.020270240665051471 0.035315687968943771 -0.0072350872464395678 0.015622715374955841 -0.0083372136014662045 -0.033152903739005216 0.0051936377632972562 0.0037879712578450489 0 0 -0.00086004710880450367 -1.895505380736516e-06 0.00062335204677857632
leaf_weight=45561 2242 624 117 329 480 1187 216 1961 685 5122 271219 9539 1032 2561
leaf_count=45561 2242 624 117 329 480 1187 216 1961 685 5122 271219 9539 1032 2561
internal_value=-0.000275902 -0.00034066 -0.017004 -0.000304332 0.00410421 0.00295579 0.00547095 0.0160168 0.000754717 -6.60429e-05 -0.000437692 -0.00204317 0.000633926 0.00146129
internal_weight=342875 340633 741 339892 9980 9500 8313 2862 901 5451 329912 58693 49154 48122
internal_count=342875 340633 741 339892 9980 9500 8313 2862 901 5451 329912 58693 49154 48122
is_linear=0
shrinkage=0.04


Tree=107
num_leaves=15
num_cat=0
split_feature=15 11 1 3 12 11 10 3 11 11 15 11 10 0
split_gain=138.104 436.378 396.514 344.457 303.54 175.29 182.5 160.742 297.922 189.951 157.139 387.006 172.476 154.585
threshold=2.6583574773750063 2.5302387136405708 1.7661439571071023 104.02250000000002 72.671927887115046 23.808444023305814 -4.2668534774684161 24.364419000000002 24.637291867714428 22.85777927549271 3.6895660932500083 0.74977651046900984 -2.0573752134120658 1.0671842852845885
decision_type=2 2 2 2 2 2 2 2 2 2 2 2 2 2
left_child=1 3 7 13 -5 6 -4 -3 9 -9 11 12 -2 -1
right_child=10 2 5 4 -6 -7 -8 8 -10 -11 -12 -13 -14 -15
leaf_value=0 -0.0018519234797664324 -0.0020175682876280377 -0.0023196970851924455 -1.8196851655070555e-06 0 0.00095806266525239937 0.01644006360478429 -0.0010175366005451836 -0.0015178628371581848 0.0003716078831043057 0 0.00097716165957244358 0 -0.0013662992703492767
leaf_weight=29158 787 1491 2102 760 598 1492 144 82 280 228 273032 12802 19682 346
leaf_count=29158 787 1491 2102 760 598 1492 144 82 280 228 273032 12802 19682 346
internal_value=-0.000260654 -0.00258008 -0.0126276 -0.000685633 -0.0203829 -0.00483681 -0.0118967 -0.0266218 -0.00894915 0.0180645 1.71072e-05 0.00261249 -0.000799257 0.000220987
internal_weight=342984 36681 5819 30862 1358 3738 2246 2081 590 310 306303 33271 20469 29504
internal_count=342984 36681 5819 30862 1358 3738 2246 2081 590 310 306303 33271 20469 29504
is_linear=0
shrinkage=0.04


Tree=108
num_leaves=15
num_cat=0
split_feature=13 11 1 3 8 2 9 9 11 3 10 9 13 12
split_gain=133.307 324.962 426.181 253.022 190.598 174.65 196.666 166.367 282.594 413.547 415.413 265.135 226.593 262.193
threshold=289.15636952549113 13.620817321516226 4.1356116097322166 229.59959050000003 0.80040166644315491 172.36346450000002 0.38266218145023889 0.0023939018285957796 34.232202104607062 14.741238000000001 -16.376437583036246 0.00097205029679642296 260.42522452097228 116.64805605904465
decision_type=2 2 2 2 2 2 2 2 2 2 2 2 2 2
left_child=1 3 4 -1 -3 7 -7 11 12 10 -10 -4 13 -9
right_child=-2 2 5 -5 -6 6 -8 8 9 -11 -12 -13 -14 -15
leaf_value=0 0 0.0012035740179637 -0.00086871303729308075 -1.5952573284278518e-06 -0.0019419782632834732 0.0023621376446511713 -0.00019812674378462099 -0.0028091413160731249 -0.056425704047942241 0.0023842416552255071 0.00030192100364466288 0.0043771527061301939 -0.0015582355539831005 0.00020925291992192967
leaf_weight=34370 289753 174 1641 287 1973 548 855 272 790 3786 1090 550 4997 2022
leaf_count=34370 289753 174 1641 287 1973 548 855 272 790 3786 1090 550 4997 2022
internal_value=-0.000266272 -0.00210365 -0.00635362 0.000189284 -0.0231206 -0.0041786 0.00932288 -0.0054291 -0.00715289 -0.000451818 -0.0157872 0.00476495 -0.0123604 -0.00195292
internal_weight=343108 53355 18698 34657 2147 16551 1403 15148 12957 5666 1880 2191 7291 2294
internal_count=343108 53355 18698 34657 2147 16551 1403 15148 12957 5666 1880 2191 7291 2294
is_linear=0
shrinkage=0.04


Tree=109
num_leaves=15
num_cat=0
split_feature=10 3 11 3 12 10 11 3 3 10 0 14 1 15
split_gain=124.692 127.986 117.255 246.597 135.61 224.684 291.964 181.138 133.777 201.204 140.484 124.637 118.612 112.606
threshold=-46.362293171872977 42.44489500000001 54.244733495565079 14.933783500000002 94.42507819469968 -26.220814397816209 61.415241032698781 31.136539500000005 22.867410000000003 -17.956992089543832 5.9363460987738152 0.20924247074170185 14.259364541920855 2.6583574773750063
decision_type=2 2 2 2 2 2 2 2 2 2 2 2 2 2
left_child=1 -1 13 -4 -5 6 11 -8 9 -7 -11 -6 -12 -2
right_child=2 -3 3 4 5 8 7 -9 -10 10 12 -13 -14 -15
leaf_value=-0.11376145905633735 0 0.0033342637533899711 -0.022380931915595571 -0.013477007546062679 -0.0099938884263620735 -0.027365315753551937 -0.060954877470659884 0.0063136627681289036 0.022468071361459129 0.049079753798465221 0.046556344941279706 0.00043090717904009646 -0.0097872538731820762 0
leaf_weight=103 36389 4330 893 374 2453 365 298 1313 685 410 135 795 294 294180
leaf_count=103 36389 4330 893 374 2453 365 298 1313 685 410 135 795 294 294180
internal_value=-0.000267625 0.00639747 -0.00035489 -0.00513537 -0.00265094 -0.00135151 -0.00590245 0.00801986 0.0103547 0.00232558 0.0131108 -0.0128079 -0.00289044 -0.000238982
internal_weight=343017 4433 338584 8015 7122 6748 4859 1611 1889 1204 839 3248 429 330569
internal_count=343017 4433 338584 8015 7122 6748 4859 1611 1889 1204 839 3248 429 330569
is_linear=0
shrinkage=0.04


Tree=110
num_leaves=15
num_cat=0
split_feature=11 3 13 11 1 3 2 2 9 12 3 1 11 15
split_gain=123.759 207.068 119.675 291.17 418.952 251.261 178.772 157.217 197.013 158.214 234.898 393.084 297.477 508.196
threshold=68.304527979331382 31.418154500000004 289.15636952549113 13.620817321516226 4.1356116097322166 229.59959050000003 157.57269300000004 172.36346450000002 0.38266218145023889 161.66947773641812 14.741238000000001 16.624226743009984 34.688423682760678 4.9491151967499869
decision_type=2 2 2 2 2 2 2 2 2 2 2 2 2 2
left_child=2 -2 3 5 6 -1 -5 9 -9 10 11 -6 13 -12
right_child=1 -3 -4 4 7 -7 -8 8 -10 -11 12 -13 -14 -15
leaf_value=0 -0.018916404909122778 0.033650513939460863 0 -0.0018105189613400751 -0.0012493842367431074 -1.5314470352907376e-06 0.0011554310572451511 0.0022825671873174694 -0.00024942244847558594 -0.0010114260716821632 0.00090748918011440173 -0.059918938785757846 0.0038234911173004337 -0.0020086283147284141
leaf_weight=34336 619 125 289382 2005 3006 289 116 569 866 2130 2257 709 3538 3196
leaf_count=34336 619 125 289382 2005 3006 289 116 569 866 2130 2257 709 3538 3196
internal_value=-0.000262748 -0.0165591 -0.000227337 -0.00197446 -0.00604176 0.000185993 -0.0227628 -0.00386209 0.00878049 -0.00508493 -0.00339367 -0.0118546 0.000102325 -0.0057583
internal_weight=343143 744 342399 53017 18392 34625 2121 16271 1435 14836 12706 3715 8991 5453
internal_count=343143 744 342399 53017 18392 34625 2121 16271 1435 14836 12706 3715 8991 5453
is_linear=0
shrinkage=0.04


Tree=111
num_leaves=15
num_cat=0
split_feature=11 0 1 3 10 3 13 11 3 12 2 2 10 1
split_gain=129.088 186.691 115.714 284.069 171.484 1551.04 210.564 319.946 355.193 519.103 251.772 233.548 221.998 203.148
threshold=68.304527979331382 4.0382930456243669 32.659652159832817 31.675099500000005 -29.18560349433579 26.166401500000003 513.32521284928225 21.031015316309333 24.364419000000002 106.70497305566217 87.691001500000013 117.99865750000002 -17.956992089543832 11.574684553573528
decision_type=2 2 2 2 2 2 2 2 2 2 2 2 2 2
left_child=2 -2 4 -4 5 -1 13 -8 10 -10 -9 12 -11 -6
right_child=1 -3 3 -5 6 -7 7 8 9 11 -12 -13 -14 -15
leaf_value=-0.090193945681041415 -0.018143582194111347 0.0047582856555712658 -0.079323611085418355 0.0016918751217710149 0 0.0013630439205651558 0 -0.0037245239574410726 0.006390846280707802 0.00098463897414134086 0.006579639717024988 -0.0026696341167337235 -0.00085201426659922089 0.00047923635549852072
leaf_weight=1922 392 365 958 21948 189172 5872 34848 1128 1256 2373 179 5126 3327 74246
leaf_count=1922 392 365 958 21948 189172 5872 34848 1128 1256 2373 179 5126 3327 74246
internal_value=-0.000250647 -0.0167503 -0.000214164 0.00253209 -0.000411083 -0.00627149 -0.000264523 -0.0026942 -0.00794981 -0.00580699 -0.0277582 -0.00863107 -0.00305965 0.000180398
internal_weight=343112 757 342355 22906 319449 7794 311655 48237 13389 12082 1307 10826 5700 263418
internal_count=343112 757 342355 22906 319449 7794 311655 48237 13389 12082 1307 10826 5700 263418
is_linear=0
shrinkage=0.04


Tree=112
num_leaves=15
num_cat=0
split_feature=13 11 1 3 2 9 13 1 3 3 1 2 1 11
split_gain=126.544 318.885 404.406 249.424 156.587 174.944 153.828 201.6 248.826 218.59 156.551 153.634 151.104 150.064
threshold=289.15636952549113 13.620817321516226 4.2155362966528998 229.59959050000003 172.36346450000002 0.38266218145023889 297.0789537866894 23.316846476626022 21.329642500000002 19.266584500000004 28.843022743319185 157.57269300000004 21.369744592116806 12.656756453794658
decision_type=2 2 2 2 2 2 2 2 2 2 2 2 2 2
left_child=1 3 11 -1 -4 -6 7 9 -9 12 -10 -3 13 -2
right_child=6 2 4 -5 5 -7 -8 8 10 -11 -12 -13 -14 -15
leaf_value=0 -0.0012917963336351345 -0.0017203837024592251 -0.00081606918245377105 -1.470189153879108e-06 0.0021571799971524847 -0.00020834699871842444 0 -0.06345488641110783 0.039967672942656456 0.029298623738864629 -0.037230724292570849 0.0010186688619771701 -0.038247608232887205 0.0063254103409624823
leaf_weight=34393 434 2085 15054 276 551 850 286574 325 351 921 207 115 152 919
leaf_count=34393 434 2085 15054 276 551 850 286574 325 351 921 207 115 152 919
internal_value=-0.000285542 -0.00207636 -0.00629322 0.000192679 -0.00413978 0.00865096 4.38798e-05 0.00861892 -0.00774632 0.0145754 0.00845878 -0.0224 0.00518272 0.00943089
internal_weight=343207 53324 18655 34669 16455 1401 289883 3309 883 2426 558 2200 1505 1353
internal_count=343207 53324 18655 34669 16455 1401 289883 3309 883 2426 558 2200 1505 1353
is_linear=0
shrinkage=0.04


Tree=113
num_leaves=15
num_cat=0
split_feature=11 0 13 11 1 3 2 12 2 9 9 3 11 3
split_gain=125.802 171 116.598 273.318 435.351 239.242 157.188 155.61 153.691 156.397 152.987 257.508 248.251 420.053
threshold=68.304527979331382 4.0382930456243669 289.15636952549113 13.620817321516226 4.1356116097322166 229.59959050000003 157.57269300000004 71.970117785555843 177.35255400000003 0.38266218145023889 0.0023939018285957796 15.6345045 34.232202104607062 14.348127000000002
decision_type=2 2 2 2 2 2 2 2 2 2 2 2 2 2
left_child=2 -2 3 5 6 -1 7 -5 10 -10 11 -6 -12 -14
right_child=1 -3 -4 4 8 -7 -8 -9 9 -11 12 -13 13 -15
leaf_value=0 -0.017402773415372635 0.0044048193128012145 0 0.00049760071600301822 -0.0032277596184863769 -1.4113815877239436e-06 0.00097489934076040014 -0.0018377732646391754 0.0019746288660161516 -6.5727412806951968e-05 -0.00099722718470780856 0.0038993241668316631 -0.023783533684531316 0.002381216490948954
leaf_weight=34392 385 355 288868 148 1183 278 121 1885 360 616 7643 1022 1543 3912
leaf_count=34392 385 355 288868 148 1183 278 121 1885 360 616 7643 1022 1543 3912
internal_value=-0.000281987 -0.0167568 -0.000246337 -0.001969 -0.00590463 0.00012345 -0.0228041 -0.0254402 -0.00366853 0.0117213 -0.00465007 0.00509751 -0.00629104 0.000227314
internal_weight=342711 740 341971 53103 18433 34670 2154 2033 16279 976 15303 2205 13098 5455
internal_count=342711 740 341971 53103 18433 34670 2154 2033 16279 976 15303 2205 13098 5455
is_linear=0
shrinkage=0.04


Tree=114
num_leaves=15
num_cat=0
split_feature=1 3 10 3 0 13 13 11 1 3 1 15 3 1
split_gain=124.54 287.405 171.279 1507.82 196.074 191.029 290.648 461.439 196.157 1336.84 339.996 329.599 663.401 570.83
threshold=32.659652159832817 31.675099500000005 -29.18560349433579 26.030475000000006 3.2881275821904374 513.32521284928225 520.88873726602321 4.5829330110428073 19.372299176395433 19.266584500000004 21.369744592116806 5.0120371472499707 23.2682605 25.962602745903897
decision_type=2 2 2 2 2 2 2 2 2 2 2 2 2 2
left_child=2 -2 3 -1 -5 8 7 -7 -4 10 -10 -11 13 -13
right_child=1 -3 5 4 -6 6 -8 -9 9 11 -12 12 -14 -15
leaf_value=-0.088604745148850486 -0.076150666642001624 0.0016533924058836009 0 0.020413198933444631 0.0003567148748010795 0 0 -0.0039223063843854926 -0.013128330250056891 0.011276729850293227 -0.076258724392678126 -0.0011260444410923264 0.0022857611415781159 -0.055995196872417372
leaf_weight=1872 963 21987 231052 596 5418 2691 41683 3942 1449 5811 1394 4392 19074 1031
leaf_count=1872 963 21987 231052 596 5418 2691 41683 3942 1449 5811 1394 4392 19074 1031
internal_value=-0.000273886 0.00257255 -0.00047777 -0.00629977 0.0034586 -0.00033086 -0.00264343 -0.0104206 9.20504e-05 0.00296944 -0.0232571 0.00542959 0.00339797 -0.00894708
internal_weight=343355 22950 320405 7886 6014 312519 48316 6633 264203 33151 2843 30308 24497 5423
internal_count=343355 22950 320405 7886 6014 312519 48316 6633 264203 33151 2843 30308 24497 5423
is_linear=0
shrinkage=0.04


Tree=115
num_leaves=15
num_cat=0
split_feature=11 3 12 11 10 2 15 1 1 8 3 1 8 1
split_gain=128.251 167.924 116.615 1147.96 831.911 349.024 298.08 173.609 171.667 346.824 147.172 1108.95 253.3 558.557
threshold=68.304527979331382 28.302714500000004 71.970117785555843 6.0856008256077407 15.1363675 83.898758000000001 11.201103675124985 4.5385619028300992 6.3087405406810175 0.61204735421116874 14.067463500000001 13.613337773006974 0.546410118684587 15.131333527433666
decision_type=2 2 2 2 2 2 2 2 2 2 2 2 2 2
left_child=2 -2 3 4 5 8 -7 -8 -1 -10 11 -4 13 -13
right_child=1 -3 10 -5 -6 6 7 -9 9 -11 -12 12 -14 -15
leaf_value=0 -0.017034793492886433 0.0091372474287063164 0 -0.00082990961397899968 -1.7468977588867733e-06 0.00078300763048110933 0.017062111168119169 -0.00072061535390208881 0.0015541035171048984 -0.0044656797104161159 0 0.01101554229491669 -0.046560278999959515 -0.044133749092217248
leaf_weight=43480 522 240 66346 9265 1063 1733 180 849 258 839 215163 559 1394 1087
leaf_count=43480 522 240 66346 9265 1063 1733 180 849 258 839 215163 559 1394 1087
internal_value=-0.000301011 -0.0166929 -0.000264511 -0.00190473 0.000564439 0.00135026 0.0151484 -0.00190476 0.000495323 -0.0151322 6.78969e-05 -0.00153403 -0.0251579 -0.0145322
internal_weight=342978 762 342216 57667 48402 47339 2762 1029 44577 1097 284549 69386 3040 1646
internal_count=342978 762 342216 57667 48402 47339 2762 1029 44577 1097 284549 69386 3040 1646
is_linear=0
shrinkage=0.04


Tree=116
num_leaves=15
num_cat=0
split_feature=15 11 3 11 12 9 8 11 10 1 1 10 3 1
split_gain=116.634 385.046 346.981 327.963 297.29 279.099 190.614 163.103 132.618 159.29 151.547 127.665 125.648 1352.09
threshold=2.6583574773750063 6.4733262945369372 104.02250000000002 18.997059194091939 72.671927887115046 0.91245323768616537 0.95623056060149592 25.0414043601175 -1.2545316223680516 7.7090861666819785 0.31352798005785493 -4.6243932553621692 15.225946500000001 14.390946166177041
decision_type=2 2 2 2 2 2 2 2 2 2 2 2 2 2
left_child=1 2 8 6 -4 -5 -3 -7 9 -1 -10 -8 13 -2
right_child=12 3 4 5 -6 7 11 -9 10 -11 -12 -13 -14 -15
leaf_value=-0.0024085976302852291 0 -0.002764283548856679 -1.6770218485313021e-06 0.00039280326661954133 0 -0.00046086052382694477 -0.013926860611813694 -0.002019596999874924 0 0.00476860710535712 0.00016753786608288455 0.0098412221401184136 0 -0.035883395731158452
leaf_weight=255 97812 1410 752 2162 579 1278 168 399 28802 49 510 221 204391 4036
leaf_count=255 97812 1410 752 2162 579 1278 168 399 28802 49 510 221 204391 4036
internal_value=-0.000283877 -0.00241848 -0.000666947 -0.0120326 -0.0206461 -0.0054285 -0.0261256 -0.0176744 0.000230956 -0.0260526 0.000503548 -0.00133676 -2.88663e-05 -0.00117666
internal_weight=342824 36585 30947 5638 1331 3839 1799 1677 29616 304 29312 389 306239 101848
internal_count=342824 36585 30947 5638 1331 3839 1799 1677 29616 304 29312 389 306239 101848
is_linear=0
shrinkage=0.04


Tree=117
num_leaves=15
num_cat=0
split_feature=15 3 12 5 3 12 2 14 13 0 13 10 8 10
split_gain=111.9 292.772 295.128 141.267 318.96 143.36 123.105 121.995 192.485 366.851 353.766 269.745 222.57 264.944
threshold=2.6583574773750063 104.02250000000002 72.671927887115046 1.0000000180025095e-35 14.640289500000002 176.68472994061699 142.23955500000002 0.21021760849986634 528.64857125933054 5.7383999162319039 520.88873726602321 -41.603179091995081 0.94771720010300864 -13.397336459950457
decision_type=2 2 2 2 2 2 2 2 2 2 2 2 2 2
left_child=1 3 -3 -1 6 -6 -5 -2 9 10 11 -9 -10 -14
right_child=7 2 -4 4 5 -7 -8 8 12 -11 -12 -13 13 -15
leaf_value=0 0 -1.6099409745900502e-06 0 0 -0.0013423771282151332 0.00038854706487477633 0.0071536630325346826 -0.081889073333627854 0 0.0023150589193447545 -0.00012239801414121466 0 -0.0083298188777474313 -0.00025798039377363761
leaf_weight=24859 253022 758 576 5921 3864 461 279 597 30374 9975 590 8756 760 2226
leaf_count=24859 253022 758 576 5921 3864 461 279 597 30374 9975 590 8756 760 2226
internal_value=-0.000267508 -0.00235416 -0.0207496 -0.00166064 -0.00554489 -0.0138821 0.000270968 -1.73686e-05 0.00172229 0.00483382 -0.00060344 0.00129156 -0.000135492 -0.0105559
internal_weight=343018 36718 1334 35384 10525 4325 6200 306300 53278 19918 9943 9353 33360 2986
internal_count=343018 36718 1334 35384 10525 4325 6200 306300 53278 19918 9943 9353 33360 2986
is_linear=0
shrinkage=0.04


Tree=118
num_leaves=15
num_cat=0
split_feature=11 0 11 0 3 11 12 9 10 3 0 10 3 11
split_gain=101.058 185.105 106.893 108.794 1226.94 461.304 610.656 255.615 262.023 295.999 251.187 191.116 622.755 542.851
threshold=68.304527979331382 4.0382930456243669 64.160682880542296 13.651424539873014 15.328157500000001 10.122326053634403 132.34325692928309 0.0023939018285957796 -22.76062884226944 19.751658000000003 17.168987691999629 -11.571249662015576 13.374735000000003 14.421394047025116
decision_type=2 2 2 2 2 2 2 2 2 2 2 2 2 2
left_child=2 -2 3 11 -5 -6 -7 8 -8 10 -10 12 -1 -13
right_child=1 -3 -4 4 5 6 7 -9 9 -11 -12 13 -14 -15
leaf_value=-0.019518233395774028 -0.016006416597806924 0.0042255662656611286 0.0074462832527269242 -0.034882791231061028 -0.027977939510818693 0.0023232791365203217 -0.011131567995873875 -0.002031363050177851 0.012130954607229546 0.015311054812815783 -0.065810154521293754 0 0.00049062222881033788 -0.00096007141320814343
leaf_weight=2047 397 366 745 1524 586 11315 732 11634 314 1520 312 200178 88325 23095
leaf_count=2047 397 366 745 1524 586 11315 732 11634 314 1520 312 200178 88325 23095
internal_value=-0.000294966 -0.0148362 -0.000262556 -0.000295566 -0.00268748 -0.000673911 0.000122353 -0.00530871 0.00536484 0.0124138 -0.0107348 -8.25137e-05 0.00146948 -0.000710699
internal_weight=343090 763 342327 341582 27937 26413 25827 14512 2878 2146 626 313645 90372 223273
internal_count=343090 763 342327 341582 27937 26413 25827 14512 2878 2146 626 313645 90372 223273
is_linear=0
shrinkage=0.04


Tree=119
num_leaves=15
num_cat=0
split_feature=11 0 15 12 9 3 3 11 1 1 3 15 12 11
split_gain=114.968 162.099 107.179 155.868 295.68 255.904 229.725 206.58 145.276 128.28 240.702 171.861 313.872 430.774
threshold=68.304527979331382 4.0382930456243669 12.200141976749977 110.00549631725742 0.30368324818408193 38.309884500000003 13.477498500000001 40.475921470526821 33.925772913829796 32.659652159832817 31.418154500000004 7.5518605999999986 66.355812757360823 1.9099421105999139
decision_type=2 2 2 2 2 2 2 2 2 2 2 2 2 2
left_child=2 -2 9 4 5 -4 -6 8 -5 11 -11 -1 13 -13
right_child=1 -3 3 7 6 -7 -8 -9 -10 10 -12 12 -14 -15
leaf_value=0 -0.01538501407513 0.0028862553660890266 0.00098542423228909393 0 0 -0.0078433554341749562 0.0043762018570265813 0.014643980401679803 -0.0093723680052178581 -0.071970545773262284 0.0016092862624205863 0 0 -0.0022662392875819133
leaf_weight=274736 395 362 1227 4671 646 277 1775 481 931 823 20416 2190 31987 2197
leaf_count=274736 395 362 1227 4671 646 277 1775 481 931 823 20416 2190 31987 2197
internal_value=-0.000228029 -0.0157992 -0.000193599 0.00388489 0.0100994 -0.00382979 0.0187526 -0.000124938 -0.0022849 -0.000316414 0.00269128 -0.000521745 -0.00310551 -0.0131388
internal_weight=343114 757 342357 10008 3925 1504 2421 6083 5602 332349 21239 311110 36374 4387
internal_count=343114 757 342357 10008 3925 1504 2421 6083 5602 332349 21239 311110 36374 4387
is_linear=0
shrinkage=0.04


Tree=120
num_leaves=15
num_cat=0
split_feature=11 0 11 0 3 12 11 8 1 3 1 3 1 3
split_gain=107.624 161.352 104.569 109.238 1180.33 437.999 602.139 231.894 257.17 344.548 268.851 240.27 187.528 300.177
threshold=68.304527979331382 4.0382930456243669 64.160682880542296 13.651424539873014 15.425560500000001 132.34325692928309 10.122326053634403 0.99784052283459967 18.558092740553096 22.233644000000002 21.369744592116806 18.939156500000006 14.678696845592317 18.438783500000003
decision_type=2 2 2 2 2 2 2 2 2 2 2 2 2 2
left_child=2 -2 3 -1 -5 6 -6 -7 11 -10 -11 -9 -8 -14
right_child=1 -3 -4 4 5 7 12 8 9 10 -12 -13 13 -15
leaf_value=0 -0.01480084552174557 0.0037194321200882652 0.0073857366607512414 -0.032929199138705706 -0.026858821930385943 -0.001975413887393895 0.0069340629134177195 -0.0050181025994756323 -0.061591750190690998 0.033568547762180101 -0.0030840273723321686 0.050816285598867188 -0.015482522309041374 0.0024526936231249086
leaf_weight=313584 397 369 754 1576 594 11599 929 314 524 506 925 552 870 9459
leaf_count=313584 397 369 754 1576 594 11599 929 314 524 506 925 552 870 9459
internal_value=-0.000271408 -0.015248 -0.000237882 -0.000270742 -0.00267165 -0.000654689 0.00504219 -0.00533703 0.0049486 -0.00308951 0.00707198 0.0230947 0.00711316 0.00556491
internal_weight=342952 766 342186 341432 27848 26272 11852 14420 2821 1955 1431 866 11258 10329
internal_count=342952 766 342186 341432 27848 26272 11852 14420 2821 1955 1431 866 11258 10329
is_linear=0
shrinkage=0.04


Tree=121
num_leaves=15
num_cat=0
split_feature=11 3 12 11 2 0 2 12 0 11 1 2 3 14
split_gain=109.601 156.738 108.217 1126.19 870.731 333.709 482.629 198.176 171.18 150.905 185.404 331.395 330.463 281.399
threshold=68.304527979331382 31.136539500000005 71.970117785555843 6.0856008256077407 99.634502500000011 8.0739568872126597 83.898758000000001 64.96892736017324 6.3480050875395682 37.74431903097922 0.94039127446207893 83.408268000000007 11.469149500000002 0.20515559400079877
decision_type=2 2 2 2 2 2 2 2 2 2 2 2 2 2
left_child=2 -2 3 4 5 6 8 -8 -1 10 -5 12 -12 -14
right_child=1 -3 -4 9 -6 -7 7 -9 -10 -11 11 -13 13 -15
leaf_value=0 -0.014564267925283038 0.019953573950637113 0 -0.00083438210121656751 -1.5455433356064481e-06 -0.0044350714415352889 0.00031098653809228565 0.00074489414272804505 -0.0018024470940008232 -0.0086435627567653089 0.020713180232926544 -0.0006386201968195007 -0.0019077969156288915 0.00048855040017623647
leaf_weight=43860 624 140 284759 3010 934 673 862 1509 492 417 431 1543 2599 1285
leaf_count=43860 624 140 284759 3010 934 673 862 1509 492 417 431 1543 2599 1285
internal_value=-0.000259254 -0.0153927 -0.000225484 -0.00180647 0.000644734 0.00139843 0.00180125 0.0193842 0.000861291 -0.0145654 -0.0134596 -0.00931376 -0.00362457 -0.00731205
internal_weight=343138 764 342374 57615 48330 47396 46723 2371 44352 9285 8868 5858 4315 3884
internal_count=343138 764 342374 57615 48330 47396 46723 2371 44352 9285 8868 5858 4315 3884
is_linear=0
shrinkage=0.04


Tree=122
num_leaves=15
num_cat=0
split_feature=15 12 8 1 11 2 1 8 3 3 3 1 1 3
split_gain=103.428 144.166 260.827 210.52 179.58 174.043 131.127 127.469 123.924 142.75 114.414 173.268 113.448 246.733
threshold=12.200141976749977 110.00549631725742 0.78855741177256478 4.5385619028300992 40.258855440802456 83.408268000000007 33.925772913829796 0.61204735421116874 38.309884500000003 5.0530525000000006 14.448295500000002 14.259364541920855 32.659652159832817 31.418154500000004
decision_type=2 2 2 2 2 2 2 2 2 2 2 2 2 2
left_child=12 2 5 -4 6 7 -3 -2 9 -5 11 -7 -1 -14
right_child=1 4 3 8 -6 10 -8 -9 -10 -11 -12 -13 13 -15
leaf_value=0 0 0 0.01761579601309397 -0.017041558032500421 0.013560367429661685 0.0065182922455889148 -0.0092658615451993911 -0.0056107668758915239 -0.0064074151908899354 0.00063328997735651201 0.0059300760817966956 -0.016032447714594947 -0.070245443034543484 0.0015456338151554473
leaf_weight=311510 1053 4638 206 175 521 219 878 91 226 693 1087 146 836 20455
leaf_count=311510 1053 4638 206 175 521 219 878 91 226 693 1087 146 836 20455
internal_value=-0.000256876 0.00376523 0.00976386 -0.00486154 -0.000106013 0.0170878 -0.00222625 0.00541958 -0.0118464 -0.00497696 0.026281 0.00690411 -0.000376922 0.00244798
internal_weight=342734 9933 3896 1300 6037 2596 5516 1144 1094 868 1452 365 332801 21291
internal_count=342734 9933 3896 1300 6037 2596 5516 1144 1094 868 1452 365 332801 21291
is_linear=0
shrinkage=0.04


Tree=123
num_leaves=15
num_cat=0
split_feature=13 3 1 3 0 12 15 15 1 3 0 8 9 1
split_gain=116.517 232.135 218.759 236.843 158.223 246.841 169.426 291.216 343.581 190.17 231.565 212.566 310.327 209.033
threshold=289.15636952549113 229.59959050000003 18.436246549399097 16.528687000000001 2.3514928214153388 79.266904781612922 4.5215900242500036 4.2647646400000108 4.5385619028300992 14.741238000000001 4.2651072031898805 0.99828610340739388 0.12719065706617391 8.0396306197382845
decision_type=2 2 2 2 2 2 2 2 2 2 2 2 2 2
left_child=1 2 4 -4 -1 -6 7 8 -7 10 -8 12 -11 -14
right_child=-2 -3 3 -5 5 6 9 -9 -10 11 -12 -13 13 -15
leaf_value=0 0 -1.0917501675104028e-06 -0.062599276324518713 -0.0011939793017428655 -0.002499712633632778 0.0092047734378649035 0.00046856814296339811 -0.0014968364213605967 -0.0011413662646281165 -0.002150070609781337 -0.0043159790138830416 0.0012054053171464633 -0.00191996711476839 0.00055302991903623895
leaf_weight=34318 289945 284 472 2048 928 466 1126 666 3250 871 1788 2076 751 4275
leaf_count=34318 289945 284 472 2048 928 466 1126 666 3250 871 1788 2076 751 4275
internal_value=-0.000242496 -0.00196103 -0.00176789 -0.0132698 -0.0011941 -0.00445268 -0.00323531 -0.00987677 -0.0055113 -0.000562138 -0.00930679 0.00263389 -0.00124131 0.00257859
internal_weight=343264 53319 53035 2520 50515 16197 15269 4382 3716 10887 2914 7973 5897 5026
internal_count=343264 53319 53035 2520 50515 16197 15269 4382 3716 10887 2914 7973 5897 5026
is_linear=0
shrinkage=0.04


Tree=124
num_leaves=15
num_cat=0
split_feature=15 11 3 11 12 8 11 8 10 0 0 0 0 3
split_gain=106.001 344.67 340.97 337.673 291.372 229.854 177.686 153.691 135.855 123.731 152.204 136.92 119.463 1155.96
threshold=2.6583574773750063 6.4733262945369372 104.02250000000002 18.997059194091939 72.671927887115046 0.090287459462577505 25.0414043601175 0.87031867541468499 -4.2668534774684161 1.2746603957576197 0.31351626005785488 7.7505679865435679 13.651424539873014 15.129322500000002
decision_type=2 2 2 2 2 2 2 2 2 2 2 2 2 2
left_child=1 2 9 7 -4 6 -5 -3 -9 10 -1 -11 -2 -14
right_child=12 3 4 5 -6 -7 -8 8 -10 11 -12 -13 13 -15
leaf_value=0 0 -0.00259552785470919 -1.4837216021821903e-06 -0.00035196729903876458 0 0.00041639716389104504 -0.0018570948182044479 -0.0070828371483387951 0.014060205679513023 -0.0025115761134716428 0.00016083635143956915 0.0046872354504045779 -0.035320456754284475 -0.00020106499029628688
leaf_weight=28780 277959 1392 750 1299 573 2119 403 286 128 245 511 43 1387 26920
leaf_count=28780 277959 1392 750 1299 573 2119 403 286 128 245 511 43 1387 26920
internal_value=-0.000252979 -0.00228969 -0.000631674 -0.0113951 -0.0204989 -0.00465847 -0.0156052 -0.0256478 -0.00425121 0.000256939 0.000513468 -0.0258333 -1.00566e-05 -0.0024856
internal_weight=342795 36529 30902 5627 1323 3821 1702 1806 414 29579 29291 288 306266 28307
internal_count=342795 36529 30902 5627 1323 3821 1702 1806 414 29579 29291 288 306266 28307
is_linear=0
shrinkage=0.04


Tree=125
num_leaves=15
num_cat=0
split_feature=13 11 1 3 1 0 3 9 12 11 10 3 2 9
split_gain=102.435 232.109 362.86 246.21 180.997 256.431 233.569 160.777 146.882 143.996 145.385 138.543 125.717 154.093
threshold=289.15636952549113 13.620817321516226 4.1356116097322166 229.59959050000003 18.436246549399097 1.7434343727406414 16.528687000000001 0.19051715117902021 71.970117785555843 34.232202104607062 -24.925890009802711 13.968358500000003 172.36346450000002 0.38266218145023889
decision_type=2 2 2 2 2 2 2 2 2 2 2 2 2 2
left_child=1 3 7 -1 5 11 -6 8 -3 -8 -11 -4 -7 -14
right_child=-2 2 4 -5 6 12 9 -9 -10 10 -12 -13 13 -15
leaf_value=0 0 0.00062854337281120776 -0.0064395202873218163 -9.8873129672269907e-07 -0.060103982577147365 -0.00060107808018599555 -0.002720109400880725 0.00097581760702715188 -0.0016463423166023384 -0.0030022543156029368 0.0021064568402996519 0.042044299588952845 0.0020492351440061802 -0.0002054357562836831
leaf_weight=34345 289872 139 229 278 468 11649 995 182 1806 360 708 670 564 830
leaf_count=34345 289872 139 229 278 468 11649 995 182 1806 360 708 670 564 830
internal_value=-0.000241099 -0.00185409 -0.00545806 8.20264e-05 -0.00345049 -0.00166404 -0.0132912 -0.0210061 -0.0243702 -0.00750364 0.00269663 0.0189989 -0.00308825 0.00826399
internal_weight=343095 53223 18600 34623 16473 13942 2531 2127 1945 2063 1068 899 13043 1394
internal_count=343095 53223 18600 34623 16473 13942 2531 2127 1945 2063 1068 899 13043 1394
is_linear=0
shrinkage=0.04


Tree=126
num_leaves=15
num_cat=0
split_feature=13 11 1 3 1 0 3 9 12 3 11 1 8 13
split_gain=100.753 235.781 336.84 250.257 176.947 247.993 229.951 161.658 156.029 148.174 140.28 147.139 138.741 124.932
threshold=289.15636952549113 13.620817321516226 4.1356116097322166 229.59959050000003 18.436246549399097 1.6938853585987372 16.327763500000003 0.19051715117902021 71.970117785555843 13.968358500000003 33.667202524312543 24.901969547410996 0.99620843012226423 297.0789537866894
decision_type=2 2 2 2 2 2 2 2 2 2 2 2 2 2
left_child=1 3 7 -1 5 9 -6 8 -3 -4 12 -12 -8 -2
right_child=13 2 4 -5 6 -7 10 -9 -10 -11 11 -13 -14 -15
leaf_value=0 0.0036660176887833074 0.00063870323008709425 -0.0068418285340685042 -9.4918204485379114e-07 -0.060241049370678597 -0.0004310624072857139 -0.0049266659577107607 0.0009874601184113208 -0.0015576018829294037 0.044989901394438848 0.0013954010506474867 -0.0038751847830350806 0.00039948117252746994 0
leaf_weight=34415 3351 143 222 278 443 13087 537 187 1824 652 913 395 226 286077
leaf_count=34415 3351 143 222 278 443 13087 537 187 1824 652 913 395 226 286077
internal_value=-0.000249861 -0.00184764 -0.00547748 0.000101461 -0.00353263 -0.00177351 -0.0133015 -0.0203528 -0.0237316 0.0188558 -0.00770642 0.000244648 -0.0213368 4.45016e-05
internal_weight=342750 53322 18629 34693 16475 13961 2514 2154 1967 874 2071 1308 763 289428
internal_count=342750 53322 18629 34693 16475 13961 2514 2154 1967 874 2071 1308 763 289428
is_linear=0
shrinkage=0.04


Tree=127
num_leaves=15
num_cat=0
split_feature=11 0 1 0 0 3 11 12 9 0 3 3 10 1
split_gain=106.603 145.624 108.274 107.547 96.7352 1149.4 429.172 553.029 181.151 232.735 297.998 297.183 178.72 172.714
threshold=68.304527979331382 4.0382930456243669 3.2191510374787975 27.784815593504295 13.651424539873014 15.129322500000002 10.122326053634403 132.11066785824971 0.0023939018285957796 18.477236369963794 23.809725000000004 18.939156500000006 -23.088414038486608 11.574684553573528
decision_type=2 2 2 2 2 2 2 2 2 2 2 2 2 2
left_child=4 2 -2 -3 13 -6 -7 -8 9 11 -11 -9 -12 -1
right_child=1 3 -4 -5 5 6 7 8 -10 10 12 -13 -14 -15
leaf_value=0 0.0051513684819099086 0.0184065236844571 -0.013952738462874916 -0.066283039699609789 -0.033782478937195208 -0.025977120439485114 0.0022624162319048774 -0.0065145540886339193 -0.0017829796885453057 -0.042685783513210937 -0.0030440207769515072 0.051331717611970369 0.037409938215780141 0.00037569239292825575
leaf_weight=223472 31 247 369 109 1412 594 11210 387 11863 858 567 572 642 90848
leaf_count=223472 31 247 369 109 1412 594 11210 387 11863 858 567 572 642 90848
internal_value=-0.000234162 -0.0152381 -0.0318 0.00337079 -0.000201037 -0.00244939 -0.000588918 0.000176252 -0.00487608 0.00385988 -0.00369618 0.020146 0.00909843 0
internal_weight=343181 756 400 356 342425 28105 26693 26099 14889 3026 2067 959 1209 314320
internal_count=343181 756 400 356 342425 28105 26693 26099 14889 3026 2067 959 1209 314320
is_linear=0
shrinkage=0.04


Tree=128
num_leaves=15
num_cat=0
split_feature=11 3 0 3 12 11 2 1 3 1 3 15 15 1
split_gain=117.433 138.333 117.492 1097.34 402.818 537.439 171.02 165.987 353.309 210.649 313.5 203.081 411.836 163.892
threshold=68.304527979331382 31.418154500000004 13.651424539873014 14.933783500000002 133.20602169582466 9.2711953618887986 98.732124500000012 14.390946166177041 18.768331000000003 16.764628125578472 16.229957000000002 6.6210727799999924 7.1807784224999844 11.574684553573528
decision_type=2 2 2 2 2 2 2 2 2 2 2 2 2 2
left_child=2 -2 13 -4 5 -5 -6 -7 9 10 -9 -10 -13 -1
right_child=1 -3 3 4 6 7 -8 8 11 -11 -12 12 -14 -15
leaf_value=0 -0.013084040611159878 0.018158743788033671 -0.034542456153983582 -0.024731140368736821 0.0060673055600496059 0.0071677350084169335 -0.0017750785222982169 -0.019768191882862881 0.004977514019628774 -0.052654624623909581 0.0046889392421145181 -0.0031231621277647142 0.0024738452699661134 0.00034759975069576345
leaf_weight=223509 635 120 1263 591 522 769 12952 353 3075 437 605 1185 6273 90912
leaf_count=223509 635 120 1263 591 522 769 12952 353 3075 437 605 1185 6273 90912
internal_value=-0.000294871 -0.016053 -0.000260129 -0.00274184 -0.00102235 0.00391933 -0.0058958 0.00565488 0.00449363 -0.0144229 -0.00392484 0.00699896 0.00343256 -3.89287e-05
internal_weight=343201 755 342446 28025 26762 13288 13474 12697 11928 1395 958 10533 7458 314421
internal_count=343201 755 342446 28025 26762 13288 13474 12697 11928 1395 958 10533 7458 314421
is_linear=0
shrinkage=0.04


Tree=129
num_leaves=15
num_cat=0
split_feature=13 11 1 3 1 0 3 11 1 3 1 12 8 2
split_gain=111.842 273.839 303.696 246.324 188.171 238.099 211.148 176.54 157.937 240.316 145.395 141.559 153.551 130.909
threshold=289.15636952549113 13.620817321516226 4.1356116097322166 229.59959050000003 18.436246549399097 1.6938853585987372 16.528687000000001 33.667202524312543 17.047961370320767 15.525468000000002 24.901969547410996 71.970117785555843 0.80040166644315491 172.36346450000002
decision_type=2 2 2 2 2 2 2 2 2 2 2 2 2 2
left_child=1 3 11 -1 5 8 -6 -8 -4 -10 -9 -3 -13 -7
right_child=-2 2 4 -5 6 13 7 10 9 -11 -12 12 -14 -15
leaf_value=0 0 0.00063329526629030358 0.036729936008620415 -9.1121476305963952e-07 -0.054103175763480851 -0.00066678884023156637 -0.0030707398152987277 0.0014878785633070707 -0.016494253158333468 0.033549632031724397 -0.0035541232854178128 0.00098934283435663027 -0.0015097552231067945 0.00064570143233888772
leaf_weight=34336 289643 142 554 285 465 11662 754 884 176 133 410 170 1845 1387
leaf_count=34336 289643 142 554 285 465 11662 754 884 176 133 410 170 1845 1387
internal_value=-0.00029541 -0.00198109 -0.00589818 0.000121314 -0.00404505 -0.00222542 -0.0141186 -0.00859375 0.0181228 -0.00478964 0.000370943 -0.0200093 -0.0227295 -0.00357115
internal_weight=342846 53203 18582 34621 16425 13912 2513 2048 863 309 1294 2157 2015 13049
internal_count=342846 53203 18582 34621 16425 13912 2513 2048 863 309 1294 2157 2015 13049
is_linear=0
shrinkage=0.04


Tree=130
num_leaves=15
num_cat=0
split_feature=13 11 1 3 10 3 0 11 1 3 9 13 1 3
split_gain=103.959 254.895 284.908 253.98 187.532 249.702 217.259 159.014 145.42 196.286 141.121 122.23 187.184 237.44
threshold=289.15636952549113 13.620817321516226 4.1356116097322166 229.59959050000003 -18.281558276645487 16.028641000000004 1.6938853585987372 34.688423682760678 17.047961370320767 15.525468000000002 0.19051715117902021 297.0789537866894 23.720411984202631 21.696813000000002
decision_type=2 2 2 2 2 2 2 2 2 2 2 2 2 2
left_child=1 3 10 -1 5 -4 8 -7 -6 -10 -3 12 -2 -14
right_child=11 2 4 -5 6 7 -8 -9 9 -11 -12 -13 13 -15
leaf_value=0 0.0049439072120343285 -0.0013455012861874893 -0.054692020900747471 -8.7476617253725392e-07 0.037518465703459583 -0.0018950743947818715 -0.00041476013265027148 0.00099654276443538804 -0.014160027333208878 0.039126158785762213 0.00093935285532805726 0 -0.063423075155035841 0.013586983246500045
leaf_weight=34414 2545 1969 472 285 556 1449 12889 886 164 109 196 286229 310 493
leaf_count=34414 2545 1969 472 285 556 1449 12889 886 164 109 196 286229 310 493
internal_value=-0.000275129 -0.00189702 -0.00566292 0.000131416 -0.00387534 -0.0132953 -0.00194781 -0.00793148 0.0179011 -0.00600733 -0.0193072 2.38969e-05 0.00762246 -0.00921544
internal_weight=342966 53389 18690 34699 16525 2807 13718 2335 829 273 2165 289577 3348 803
internal_count=342966 53389 18690 34699 16525 2807 13718 2335 829 273 2165 289577 3348 803
is_linear=0
shrinkage=0.04


Tree=131
num_leaves=15
num_cat=0
split_feature=0 3 11 2 10 3 9 3 1 3 11 3 10 15
split_gain=103.005 1048.5 354.236 503.657 190.755 462.149 259.22 341.777 170.71 555.106 478.353 475.96 1087.1 461.718
threshold=13.651424539873014 14.933783500000002 9.2711953618887986 106.33648700000002 -17.571315396717541 19.429124500000004 0.0023939018285957796 18.601021500000005 11.574684553573528 13.477498500000001 14.421394047025116 17.110575500000007 -16.772709645287627 9.0992552776249926
decision_type=2 2 2 2 2 2 2 2 2 2 2 2 2 2
left_child=8 -2 -3 -4 5 -5 7 -6 10 -10 -1 12 -11 -12
right_child=1 2 3 4 6 -7 -8 -9 9 11 13 -13 -14 -15
leaf_value=0 -0.033160757907824238 -0.023741894753987351 0.0021670262382964857 -0.058921393350254501 -0.0028146071731678869 -0.0011308857167859265 -0.0015431981540527204 0.061828801772364654 -0.016820144573514245 -0.022514059748578136 -0.00094311424300113798 0.00017364040703329308 0.0070524753724836081 0.0074398383205051891
leaf_weight=199929 1267 590 8469 715 674 14817 1030 760 2363 1724 23259 76414 10347 370
leaf_count=199929 1267 590 8469 715 674 14817 1030 760 2363 1724 23259 76414 10347 370
internal_value=-0.000293877 -0.00260434 -0.000938828 -0.000255432 -0.0040409 -0.00568117 0.0062987 0.0172943 -8.5749e-05 0.00137636 -0.000679913 0.00188733 0.00926849 -0.00606204
internal_weight=342728 28322 27055 26465 17996 15532 2464 1434 314406 90848 223558 88485 12071 23629
internal_count=342728 28322 27055 26465 17996 15532 2464 1434 314406 90848 223558 88485 12071 23629
is_linear=0
shrinkage=0.04


Tree=132
num_leaves=15
num_cat=0
split_feature=15 12 8 3 3 11 1 3 10 3 8 1 3 15
split_gain=104.559 134.519 240.34 280.806 197.132 164.588 121.545 217.473 203.821 1393.22 184.809 182.718 194.157 181.396
threshold=12.200141976749977 110.00549631725742 0.63106894163479998 38.309884500000003 13.968358500000003 40.475921470526821 32.659652159832817 31.675099500000005 -29.18560349433579 26.030475000000006 0.10956492757691627 36.871546120096284 28.001868500000004 7.5518605999999986
decision_type=2 2 2 2 2 2 2 2 2 2 2 2 2 2
left_child=6 2 4 -4 -2 -3 8 11 9 -1 -11 12 -8 -10
right_child=1 5 3 -5 -6 -7 7 -9 13 10 -12 -13 -14 -15
leaf_value=-0.085432579648058379 0 0 0.0015398251056396063 -0.0048709738412724855 0.0038909707942643124 0.012973652102049265 -0.092238622121986358 0.00154755170821686 0 0.019359127288484698 5.4675788420461839e-05 -0.14908906882666392 0.029515508010795 0
leaf_weight=1863 730 5573 1283 316 1598 477 196 20384 270243 614 5084 353 373 33727
leaf_count=1863 730 5573 1283 316 1598 477 196 20384 270243 614 5084 353 373 33727
internal_value=-0.000286219 0.00374862 0.00951362 -0.00242652 0.0177148 6.61157e-06 -0.000407166 0.00251572 -0.000607066 -0.0070943 0.00272376 -0.0164859 -0.00246046 -0.000445702
internal_weight=342814 9977 3927 1599 2328 6050 332837 21306 311531 7561 5698 922 569 303970
internal_count=342814 9977 3927 1599 2328 6050 332837 21306 311531 7561 5698 922 569 303970
is_linear=0
shrinkage=0.04


Tree=133
num_leaves=15
num_cat=0
split_feature=0 3 12 11 11 1 3 3 1 3 13 11 15 12
split_gain=105.54 951.558 384.792 397.307 174.083 145.046 522.067 377.323 997.414 390.973 371.843 367.483 446.704 364.548
threshold=13.651424539873014 15.039133000000001 132.34325692928309 9.2711953618887986 68.304527979331382 11.574684553573528 13.374735000000003 17.110575500000007 16.339957925077872 16.028641000000004 268.7841962257441 14.421394047025116 9.0992552776249926 71.555618799230686
decision_type=2 2 2 2 2 2 2 2 2 2 2 2 2 2
left_child=4 -2 3 -3 5 11 -7 8 10 -10 -8 -1 13 -13
right_child=1 2 -4 -5 -6 6 7 -9 9 -11 -12 12 -14 -15
leaf_value=0 -0.03101286542658328 -0.022792218963827854 -0.0014323085998272644 0.0019008429771324126 -0.01087224875397453 -0.018772796470951054 -0.00099674672576382291 0.00016400063178280579 -0.030401261407463256 0.0056228569482227753 0.0093271107218651957 -0.0026980728524567464 0.0071422447876849813 -0.00053886373662364933
leaf_weight=200007 1331 589 14619 11821 460 2049 679 76113 1495 734 9568 3041 376 19876
leaf_count=200007 1331 589 14619 11821 460 2049 679 76113 1495 734 9568 3041 376 19876
internal_value=-0.000317425 -0.00265444 -0.00102852 0.00415149 -0.000106616 -7.05872e-05 0.00127893 0.00174062 0.00818852 -0.016061 0.0134635 -0.000618361 -0.00537329 -0.00608282
internal_weight=342758 28360 27029 12410 314398 313938 90638 88589 12476 2229 10247 223300 23293 22917
internal_count=342758 28360 27029 12410 314398 313938 90638 88589 12476 2229 10247 223300 23293 22917
is_linear=0
shrinkage=0.04


Tree=134
num_leaves=15
num_cat=0
split_feature=11 3 11 0 3 10 3 11 2 10 3 9 10 3
split_gain=101.571 140.821 100.227 100.246 897.548 318.863 299.143 310.81 421.065 214.124 414.587 215.831 218.361 210.415
threshold=68.304527979331382 31.418154500000004 64.160682880542296 13.651424539873014 14.741238000000001 -14.322620861797253 15.831229000000002 12.656756453794658 106.33648700000002 -16.583678110303008 19.112093000000005 0.0001128901880981248 -22.76062884226944 24.882543500000001
decision_type=2 2 2 2 2 2 2 2 2 2 2 2 2 2
left_child=2 -2 3 -1 -5 6 -6 -8 -9 10 -10 12 13 -12
right_child=1 -3 -4 4 5 -7 7 8 9 -11 11 -13 -14 -15
leaf_value=0 -0.012428920094420004 0.028886735639362976 0.0072733874488811832 -0.0326249884546152 -0.020604293468039048 0.0058200785589931168 -0.027609233954543382 0.0019216145419353266 -0.048882572800452363 0.0075471744089107397 -0.087786638656358676 -0.0014450762243144427 0.027036505319331199 0.0011430574060461668
leaf_weight=313782 625 122 758 1142 420 907 503 7758 812 1160 255 13015 1498 485
leaf_count=313782 625 122 758 1142 420 907 503 7758 812 1160 255 13015 1498 485
internal_value=-0.000313132 -0.0150469 -0.000280997 -0.000313223 -0.00260848 -0.0011293 -0.0019455 -0.00139371 -0.000766922 -0.00425196 -0.00545036 -0.00396774 0.0075067 -0.0102703
internal_weight=343242 747 342495 341737 27955 26813 25906 25486 24983 17225 16065 15253 2238 740
internal_count=343242 747 342495 341737 27955 26813 25906 25486 24983 17225 16065 15253 2238 740
is_linear=0
shrinkage=0.04


Tree=135
num_leaves=15
num_cat=0
split_feature=15 12 9 11 3 1 12 1 1 3 1 3 15 12
split_gain=104.982 150.266 193.929 173.635 172.511 160.447 129.462 125.217 118.066 220.755 199.913 1323.56 185.67 281.403
threshold=12.200141976749977 110.00549631725742 0.30368324818408193 40.258855440802456 13.477498500000001 4.5385619028300992 65.343040246226465 33.925772913829796 32.659652159832817 31.418154500000004 29.249343864726413 26.472742000000004 7.5518605999999986 66.355812757360823
decision_type=2 2 2 2 2 2 2 2 2 2 2 2 2 2
left_child=8 2 5 7 -4 -2 -6 -3 10 -10 12 -12 -1 -14
right_child=1 3 4 -5 6 -7 -8 -9 9 -11 11 -13 13 -15
leaf_value=0 0.016561220738306206 0 0 0.012491712219655211 0.00042474857481514028 -0.0013042253968107809 0.0058364416927027055 -0.009264803406852172 -0.062634798663368227 0.0014878208960071642 -0.07842942658850087 0.001119477525405055 -0.0007136657980726757 0
leaf_weight=270500 208 4656 641 521 542 1288 1222 893 848 20490 2025 5321 4381 29446
leaf_count=270500 208 4656 641 521 542 1288 1222 893 848 20490 2025 5321 4381 29446
internal_value=-0.000305439 0.00373884 0.00986414 -0.000197694 0.0168981 -0.00144385 0.023356 -0.00227068 -0.000426532 0.00245196 -0.000623602 -0.00714402 -0.000466209 -0.00326012
internal_weight=342982 9971 3901 6070 2405 1496 1764 5549 333011 21338 311673 7346 304327 33827
internal_count=342982 9971 3901 6070 2405 1496 1764 5549 333011 21338 311673 7346 304327 33827
is_linear=0
shrinkage=0.04


Tree=136
num_leaves=15
num_cat=0
split_feature=15 12 9 3 11 10 12 0 3 12 11 9 3 10
split_gain=114.536 142.536 207.9 173.845 161.381 146.139 142.365 103.831 818.78 408.694 288.253 218.367 164.112 297.136
threshold=12.200141976749977 110.00549631725742 0.30368324818408193 13.477498500000001 40.475921470526821 -4.6243932553621692 65.343040246226465 14.514119355718961 18.276121000000003 133.20602169582466 12.656756453794658 0.26234573591593396 15.831229000000002 -16.583678110303008
decision_type=2 2 2 2 2 2 2 2 2 2 2 2 2 2
left_child=7 2 5 -4 -3 -2 -5 -1 12 10 -10 -12 -9 -14
right_child=1 4 3 6 -6 -7 -8 8 9 -11 11 -13 13 -15
leaf_value=0 -0.0013717865753992131 0 0 0.00033453326537527972 0.012446738955630966 0.01400321460132359 0.0058102747053807744 -0.035694853660708209 -0.039352106870749866 -0.0016340508593810821 0.0025431677530270815 -0.0036345689559401351 -0.057227971928876908 0.00075397233313721388
leaf_weight=309801 1293 5593 638 534 478 226 1249 929 308 11156 9017 520 547 630
leaf_count=309801 1293 5593 638 534 478 226 1249 929 308 11156 9017 520 547 630
internal_value=-0.000251955 0.00396364 0.00988832 0.0171665 0.000118597 -0.00171165 0.0235782 -0.000378723 -0.00296534 -0.000580925 0.00535907 0.00658907 -0.0267426 -0.0168224
internal_weight=342919 10011 3940 2421 6071 1519 1783 332908 23107 21001 9845 9537 2106 1177
internal_count=342919 10011 3940 2421 6071 1519 1783 332908 23107 21001 9845 9537 2106 1177
is_linear=0
shrinkage=0.04


Tree=137
num_leaves=15
num_cat=0
split_feature=12 9 2 12 11 2 14 0 13 0 14 0 14 1
split_gain=99.7032 185.417 241.207 173.614 677.1 552.446 339.582 323.237 179.198 170.164 162.179 215.713 214.981 198.807
threshold=58.324004905095563 1.4923827237056654e-05 52.260849 66.355812757360823 5.3155265108377874 97.436176000000017 0.21021760849986634 6.3480050875395682 536.41543727593194 3.4333574354843539 0.20315972567938506 5.9941998800319425 0.19979965203694103 0.55169594042810977
decision_type=2 2 2 2 2 2 2 2 2 2 2 2 2 2
left_child=1 -1 -3 4 5 7 -6 8 10 -8 12 13 -2 -12
right_child=3 2 -4 -5 6 -7 9 -9 -10 -11 11 -13 -14 -15
leaf_value=0.00027604550227691596 0 0 -0.000668544299760582 0 -0.0010598976299475895 -1.4243727380949027e-06 0.0051368144957671035 -0.0052218685208125807 2.8546631922907028e-05 -0.00013265490418305493 0 0.0024516877472662902 0.00017201885445645903 -0.0005179941155377246
leaf_weight=2083 11982 4833 561 304054 5279 604 220 384 1460 478 4357 225 2701 3418
leaf_count=2083 11982 4833 561 304054 5279 604 220 384 1460 478 4357 225 2701 3418
internal_value=-0.000283214 0.00428514 0.000370782 -0.000385127 -0.00323132 -0.000353348 -0.0153321 0.000577323 0.00115644 0.0108883 0.00028215 -0.0043 0.00277872 -0.00541736
internal_weight=342639 7477 5394 335162 31108 25131 5977 24527 24143 698 22683 8000 14683 7775
internal_count=342639 7477 5394 335162 31108 25131 5977 24527 24143 698 22683 8000 14683 7775
is_linear=0
shrinkage=0.04


Tree=138
num_leaves=15
num_cat=0
split_feature=15 12 8 3 11 1 2 0 1 3 10 3 13 11
split_gain=112.386 139.936 183.009 200.014 168.255 160.874 153.772 128.928 113.373 206.852 178.674 1321.62 202.995 319.107
threshold=12.200141976749977 110.00549631725742 0.64747196168932819 13.268870000000001 40.475921470526821 4.7340756674578124 87.04259900000001 9.596587292528012 32.659652159832817 30.864192000000006 -29.18560349433579 26.030475000000006 513.32521284928225 3.0472926988172087
decision_type=2 2 2 2 2 2 2 2 2 2 2 2 2 2
left_child=8 2 3 -2 -3 -4 -7 -8 10 -10 11 -1 -12 -14
right_child=1 4 5 -5 -6 6 7 -9 9 -11 12 -13 13 -15
leaf_value=-0.079423946807283097 0 0 0.011318959202754568 0.0032192726505745283 0.01212328326913892 -0.0055202438837206168 0.0027930166726372737 -0.00081331806647070074 -0.066920702845346583 0.0014101710412517021 0 0.0009682266582894261 0 -0.00051012512294860144
leaf_weight=1876 604 5614 287 1737 482 448 198 651 648 20643 258988 5661 22214 22903
leaf_count=1876 604 5614 287 1737 482 448 198 651 648 20643 258988 5661 22214 22903
internal_value=-0.000321792 0.00385191 0.00974268 0.0168475 5.90551e-05 -0.000757576 -0.00675405 0.00325088 -0.000447417 0.00237659 -0.00064035 -0.00672416 -0.000489568 -0.00296562
internal_weight=342954 10021 3925 2341 6096 1584 1297 849 332933 21291 311642 7537 304105 45117
internal_count=342954 10021 3925 2341 6096 1584 1297 849 332933 21291 311642 7537 304105 45117
is_linear=0
shrinkage=0.04


Tree=139
num_leaves=15
num_cat=0
split_feature=15 11 3 11 12 8 11 11 8 11 2 14 11 12
split_gain=109.18 305.536 354.155 320.652 300.491 165.016 174.396 129.189 127.978 121.19 125.531 117.372 217.685 406.485
threshold=2.6583574773750063 6.4733262945369372 104.02250000000002 16.015037892126127 72.671927887115046 0.090287459462577505 25.26757757936112 23.127429210841548 0.94771720010300864 19.494936917204626 111.35492750000002 0.21021760849986634 8.9681656875266018 105.688173261833
decision_type=2 2 2 2 2 2 2 2 2 2 2 2 2 2
left_child=1 2 -1 8 -4 6 7 -5 -3 10 -7 -2 -13 -14
right_child=11 3 4 5 -6 9 -8 -9 -10 -11 -12 12 13 -15
leaf_value=0 0 -0.0025094917247414799 -1.3673978285711067e-06 -0.0016553224766872544 0 0.00090070230680016391 -0.0017816888678458211 -9.2795099726057377e-05 -0.0017933547884850577 0.00045659942649684199 -0.0032678287171807475 0 0.0036582871584188077 0.00059979015068935184
leaf_weight=29649 253218 875 771 347 585 323 385 1000 243 1968 452 28122 3637 21567
leaf_count=29649 253218 875 771 347 585 323 385 1000 243 1968 452 28122 3637 21567
internal_value=-0.000293639 -0.0023586 -0.000806322 -0.0109637 -0.0207965 -0.00617654 -0.015843 -0.00905716 -0.0301252 -7.29129e-05 -0.013471 -4.71058e-05 0.00165848 0.00435804
internal_weight=343142 36598 31005 5593 1356 4475 1732 1347 1118 2743 775 306544 53326 25204
internal_count=343142 36598 31005 5593 1356 4475 1732 1347 1118 2743 775 306544 53326 25204
is_linear=0
shrinkage=0.04


Tree=140
num_leaves=15
num_cat=0
split_feature=12 11 2 0 2 12 14 0 12 8 3 11 8 11
split_gain=102.188 833.544 697.67 325.42 434.157 235.329 180.368 232.372 167.559 143.995 131.694 151.624 123.383 134.887
threshold=69.409382822894841 6.0856008256077407 96.21310800000002 6.3480050875395682 80.47527700000002 64.318922616040808 0.21256765339438269 3.4684469687735837 58.680164546115087 0.88454102467444717 77.655663500000017 2.862361044276208 0.80553044690363429 37.74431903097922
decision_type=2 2 2 2 2 2 2 2 2 2 2 2 2 2
left_child=1 2 3 4 -1 -6 8 -8 -3 -9 11 -5 -10 -14
right_child=-2 6 -4 10 5 -7 7 9 12 -11 -12 -13 13 -15
leaf_value=0 0 0.00041680743605828518 -1.3127019154282624e-06 -0.0046709585480729432 0.00061438309473577741 0.00075943327935125426 0.0030481467136295303 0.00011405330043769313 -0.0020979699985714164 -0.00083954382579708717 0.001996667583902819 0.001003001119089417 -0.00075628753465337433 -0.0081643311871327402
leaf_weight=38581 293745 241 764 697 1230 804 214 506 518 209 48 63 5155 390
leaf_count=38581 293745 241 764 697 1230 804 214 506 518 209 48 63 5155 390
internal_value=-0.000288025 -0.00197086 0.00018015 0.000878739 0.0013788 0.0193904 -0.0145168 0.00193757 -0.0169416 -0.00900699 -0.0242574 -0.0283158 -0.0182418 -0.0164977
internal_weight=343165 49420 42187 41423 40615 2034 7233 929 6304 715 808 760 6063 5545
internal_count=343165 49420 42187 41423 40615 2034 7233 929 6304 715 808 760 6063 5545
is_linear=0
shrinkage=0.04


Tree=141
num_leaves=15
num_cat=0
split_feature=11 0 1 0 3 10 3 9 15 0 3 2 1 3
split_gain=97.9197 119.917 114.866 97.4485 823.349 304.108 378.8 284.835 252.172 272.905 293.86 258.259 241.161 369.939
threshold=68.304527979331382 4.0382930456243669 3.3819348191175087 13.651424539873014 15.039133000000001 -14.717301476249874 18.601021500000005 1.3449008224142302e-05 9.8967739006249946 18.180964073164944 21.609322500000005 78.06881300000002 20.562435640607379 23.622526500000003
decision_type=2 2 2 2 2 2 2 2 2 2 2 2 2 2
left_child=3 2 -2 -1 -5 6 -6 8 9 -8 -11 -12 -13 -14
right_child=1 -3 -4 4 5 -7 7 -9 -10 10 11 12 13 -15
leaf_value=0 0.0064384466907357312 0.0005843272927556892 -0.012122712654877086 -0.027302696608905039 -0.019818782442570352 0.0049056868567165296 0.018342376031022064 -0.00071417763576571154 -0.0052536930044287276 -0.032417453508992944 -0.003135404143864623 0.015032567579614995 -0.048911250508436713 0.0077545847105325852
leaf_weight=314367 36 357 350 1329 1570 1296 1309 18680 187 468 420 732 348 1587
leaf_count=314367 36 357 350 1329 1570 1296 1309 18680 187 468 420 732 348 1587
internal_value=-0.000299444 -0.0148048 -0.0302591 -0.000267958 -0.00253241 -0.000997105 -0.00196514 -0.000706249 0.00772124 0.00947368 0.00372433 0.00820214 0.0127934 0.00539535
internal_weight=343036 743 386 342293 27926 26597 25301 23731 5051 4864 3555 3087 2667 1935
internal_count=343036 743 386 342293 27926 26597 25301 23731 5051 4864 3555 3087 2667 1935
is_linear=0
shrinkage=0.04


Tree=142
num_leaves=15
num_cat=0
split_feature=11 0 1 1 13 1 3 3 15 3 11 1 2 11
split_gain=96.4681 121.706 105.709 92.4641 89.5747 235.194 349.953 226.187 177.48 225.347 209.955 275.595 140.767 137.21
threshold=68.304527979331382 4.0382930456243669 26.755658343013355 3.3819348191175087 289.15636952549113 17.998701615474328 16.028641000000004 229.59959050000003 6.8508014357500722 15.425560500000001 13.620817321516226 4.8267629850150087 172.36346450000002 34.688423682760678
decision_type=2 2 2 2 2 2 2 2 2 2 2 2 2 2
left_child=4 3 -3 -2 5 7 -7 8 10 -10 -1 -12 -13 -8
right_child=1 2 -4 -5 -6 6 13 -9 9 -11 11 12 -14 -15
leaf_value=0 0.0061062660832678084 0.027022511589180145 -0.02378126926086474 -0.011416587470062618 0 -0.048842014966559086 -0.0010625420661014942 -6.7559662635199288e-07 0 0.061656109668601279 -0.0011857724601424392 -0.00059052739137358651 0.0008475676965942825 0.0011955356082718055
leaf_weight=33053 30 157 192 359 289216 600 1975 277 2329 524 2318 10017 1095 930
leaf_count=33053 30 157 192 359 289216 600 1975 277 2329 524 2318 10017 1095 930
internal_value=-0.000296264 -0.0147425 0.00240688 -0.0301285 -0.000265121 -0.00177492 -0.0117889 -0.00106746 -0.000865088 0.00881879 -0.00145946 -0.00567684 -0.00305976 -0.00604475
internal_weight=343072 738 349 389 342334 53118 3505 49613 49336 2853 46483 13430 11112 2905
internal_count=343072 738 349 389 342334 53118 3505 49613 49336 2853 46483 13430 11112 2905
is_linear=0
shrinkage=0.04


Tree=143
num_leaves=15
num_cat=0
split_feature=12 12 11 2 0 14 2 0 0 8 14 2 14 10
split_gain=98.9029 216.013 555.195 500.841 305.235 276.996 186.68 346.912 176.388 171.03 169.423 163.845 199.385 158.652
threshold=58.324004905095563 66.355812757360823 5.7169073854533261 97.436176000000017 6.3480050875395682 0.21021760849986634 58.126083000000008 2.3514928214153388 3.4333574354843539 0.99998086906433981 0.20515559400079877 55.285774500000009 0.20515559400079877 -1.5524726219823031
decision_type=2 2 2 2 2 2 2 2 2 2 2 2 2 2
left_child=9 2 3 4 6 -4 7 11 -7 -1 13 -2 -13 -11
right_child=1 -3 5 -5 -6 8 -8 -9 -10 10 -12 12 -14 -15
leaf_value=0 0 0 -0.0011076459302780848 -1.2601938388111318e-06 -0.0051559992116670681 0.0047993185323061084 0.00026875982992780403 -0.0029909598020938571 -0.00019594822064634469 -0.001284950805415267 0.00041274066124495331 0.00017250511356600365 -0.001862541881307856 0.0001133235965114035
leaf_weight=4967 17337 304355 4936 584 394 216 4727 622 417 193 1169 1782 142 1151
leaf_count=4967 17337 304355 4936 584 394 216 4727 622 417 193 1169 1782 142 1151
internal_value=-0.000271027 -0.000372446 -0.00354463 -0.00105362 -0.000198368 -0.0149901 0.000360829 -0.00133783 0.00992101 0.00427807 0.0127815 -0.00038835 0.0106861 0.00309524
internal_weight=342992 335512 31157 25588 25004 5569 24610 19883 633 7480 2513 19261 1924 1344
internal_count=342992 335512 31157 25588 25004 5569 24610 19883 633 7480 2513 19261 1924 1344
is_linear=0
shrinkage=0.04


Tree=144
num_leaves=15
num_cat=0
split_feature=12 11 2 0 2 12 11 0 2 14 3 11 12 11
split_gain=100.114 779.781 685.837 312.605 363.254 191.865 156.74 170.377 131.977 213.295 121.925 127.845 112.554 109.732
threshold=69.409382822894841 6.2873508410653249 97.436176000000017 6.3480050875395682 80.47527700000002 64.318922616040808 37.32005212694861 0.18664837695510286 82.662914500000014 0.21021760849986634 68.30995750000001 2.862361044276208 58.680164546115087 6.0856008256077407
decision_type=2 2 2 2 2 2 2 2 2 2 2 2 2 2
left_child=1 2 3 4 -1 -6 7 -3 9 12 11 -5 -9 -7
right_child=-2 6 -4 10 5 13 -8 8 -10 -11 -12 -13 -14 -15
leaf_value=0 0 -0.0021971512373386852 -1.2097860852586865e-06 -0.0041722820506347579 0.00050221941285108712 0.00072905594817720412 -0.0078567806790911885 0.00044188356461665189 -0.00057714853299292062 0.00086047640730979678 0.001859917136993684 0.00094586141504506341 -0.00071426210410265034 -6.9924158844449641e-05
leaf_weight=38821 293905 400 752 694 1231 790 391 211 757 670 52 62 4502 70
leaf_count=38821 293905 400 752 694 1231 790 391 211 757 670 52 62 4502 70
internal_value=-0.000269845 -0.00193591 9.41797e-05 0.000776606 0.0012632 0.0175036 -0.014376 -0.0129052 -0.0112573 -0.00905815 -0.0238614 -0.0279365 -0.0120603 0.032
internal_weight=343308 49403 42472 41720 40912 2091 6931 6540 6140 5383 808 756 4713 860
internal_count=343308 49403 42472 41720 40912 2091 6931 6540 6140 5383 808 756 4713 860
is_linear=0
shrinkage=0.04


Tree=145
num_leaves=15
num_cat=0
split_feature=12 11 2 0 2 12 11 0 0 0 1 2 3 11
split_gain=94.1781 745.368 681.786 279.861 333.549 193.261 167.821 173.031 140.649 169.735 169.571 122.777 205.949 180.692
threshold=69.409382822894841 6.2873508410653249 94.976715000000013 7.6121443044951773 80.47527700000002 64.96892736017324 36.479002576990347 0.18664837695510286 6.2931022990875496 6.1060778727486573 4.4554258308092693 82.662914500000014 52.937259500000003 8.1364216575273076
decision_type=2 2 2 2 2 2 2 2 2 2 2 2 2 2
left_child=1 2 3 4 8 -6 7 -3 9 10 -1 12 13 -9
right_child=-2 6 -4 -5 5 -7 -8 11 -10 -11 -12 -13 -14 -15
leaf_value=0 0 -0.0020942394529437098 -1.161394641848339e-06 -0.0057013730640020485 0.00040369909681247268 0.00065934852422813359 -0.0071572257448797054 4.9344031699911712e-05 -0.0026625318674090648 0.0022416864893239426 -0.00076839568631098987 -0.00054610440302021155 0.004259197814924706 -0.0010331878222097353
leaf_weight=37657 293640 391 754 398 1313 1038 436 1518 200 211 901 763 136 3755
leaf_count=37657 293640 391 754 398 1313 1038 436 1518 200 211 901 763 136 3755
internal_value=-0.000241088 -0.00185563 0.000137502 0.000818831 0.00114037 0.015772 -0.0139506 -0.0123541 0.000257641 0.000430241 0.000234452 -0.0107194 -0.00860048 -0.00985397
internal_weight=343111 49471 42472 41718 41320 2351 6999 6563 38969 38769 38558 6172 5409 5273
internal_count=343111 49471 42472 41718 41320 2351 6999 6563 38969 38769 38558 6172 5409 5273
is_linear=0
shrinkage=0.04


Tree=146
num_leaves=15
num_cat=0
split_feature=15 3 12 11 11 8 11 8 10 1 1 11 2 14
split_gain=100.26 312.807 296.289 294.686 300.233 152.087 193.263 150.803 117.054 136.78 133.191 117.03 111.709 110.494
threshold=2.6583574773750063 104.02250000000002 72.671927887115046 6.4733262945369372 16.015037892126127 0.090287459462577505 25.26757757936112 0.94771720010300864 -1.2545316223680516 7.7090861666819785 0.31352798005785493 23.127429210841548 71.995254500000001 0.21021760849986634
decision_type=2 2 2 2 2 2 2 2 2 2 2 2 2 2
left_child=1 3 12 8 7 6 11 -5 9 -1 -10 -6 -3 -2
right_child=13 2 -4 4 5 -7 -8 -9 10 -11 -12 -13 -14 -15
leaf_value=-0.0018415140341051361 0 0.0004099649102759105 0 -0.0021881009549765658 -0.0016065253528668817 5.3920648764824027e-05 -0.0017210315234793406 -0.0006630789071553131 0 0.0045365368876172955 0.00013710261698599734 -3.9929234461093535e-05 -1.1149388561744054e-06 0
leaf_weight=250 253198 29 563 861 354 2764 380 249 29003 44 500 1014 755 53172
leaf_count=250 253198 29 563 861 354 2764 380 249 29003 44 500 1014 755 53172
internal_value=-0.000250047 -0.00222379 -0.0211433 -0.00150428 -0.00990395 -0.00531915 -0.0145538 -0.0285405 8.0545e-05 -0.025034 0.000330814 -0.00754386 -0.0370408 -1.31867e-05
internal_weight=343136 36766 1347 35419 5622 4512 1748 1110 29797 294 29503 1368 784 306370
internal_count=343136 36766 1347 35419 5622 4512 1748 1110 29797 294 29503 1368 784 306370
is_linear=0
shrinkage=0.04


Tree=147
num_leaves=15
num_cat=0
split_feature=15 3 12 11 11 8 11 8 3 2 0 0 0 11
split_gain=95.4162 289.36 294.487 291.427 299.38 140.657 203.718 128.439 124.209 264.971 118.794 144.418 128.987 112.153
threshold=2.6583574773750063 104.02250000000002 72.671927887115046 6.4733262945369372 16.015037892126127 0.090287459462577505 25.26757757936112 0.87031867541468499 24.186766000000002 159.50012200000003 1.2746603957576197 7.7505679865435679 0.31351626005785488 19.494936917204626
decision_type=2 2 2 2 2 2 2 2 2 2 2 2 2 2
left_child=1 3 -3 10 7 6 8 -5 -6 -10 12 -12 -1 -7
right_child=-2 2 -4 4 5 13 -8 -9 9 -11 11 -13 -14 -15
leaf_value=0 0 -1.0703413019274292e-06 0 -0.0021005769167775031 -0.00098570134894572004 -0.0018554139300378338 -0.0016415800521928149 -0.0016950974406594428 0.00047530046140174863 -0.0018355555240511968 -0.0024107679178124604 0.0043132731101096968 0.00013161149195681547 0.00048022216868744166
leaf_weight=28823 306499 752 585 855 557 794 387 241 376 436 250 46 516 1975
leaf_count=28823 306499 752 585 855 557 794 387 241 376 436 250 46 516 1975
internal_value=-0.000267683 -0.00219823 -0.0204637 -0.00150556 -0.0098559 -0.00531271 -0.0141686 -0.0286131 -0.00692476 0.00305419 7.82858e-05 -0.0251351 0.000332663 0.000303359
internal_weight=343092 36593 1337 35256 5621 4525 1756 1096 1369 812 29635 296 29339 2769
internal_count=343092 36593 1337 35256 5621 4525 1756 1096 1369 812 29635 296 29339 2769
is_linear=0
shrinkage=0.04


Tree=148
num_leaves=15
num_cat=0
split_feature=12 12 11 2 13 0 8 14 10 3 11 2 11 13
split_gain=91.4927 211.869 480.624 492.659 268.497 260.442 146.959 169.692 165.024 166.541 140.261 283.355 506.897 205.842
threshold=58.324004905095563 66.355812757360823 8.1364216575273076 97.436176000000017 536.41543727593194 6.3480050875395682 0.99998086906433981 0.20515559400079877 -1.5524726219823031 23.091010000000004 4.1384018983982775 66.241951000000014 1.7258468192362471 403.33370222533182
decision_type=2 2 2 2 2 2 2 2 2 2 2 2 2 2
left_child=6 2 3 5 -4 10 -1 8 -8 -10 11 13 -13 -2
right_child=1 -3 4 -5 -6 -7 7 -9 9 -11 -12 12 -14 -15
leaf_value=0 0 0 -0.0017065885322389729 -1.0275276498503321e-06 0.0047903828429057566 -0.0042483623960887611 -0.0012710921135131381 0.00039566527719830767 8.7076375617793631e-06 0.00050947195684152371 -0.00019737797588214036 0.0014992323704677468 -0.001648972572342492 0
leaf_weight=5036 14030 304312 3107 593 199 369 194 1157 907 245 3921 1751 470 6652
leaf_count=5036 14030 304312 3107 593 199 369 194 1157 907 245 3921 1751 470 6652
internal_value=-0.000245872 -0.000343824 -0.003489 -0.00177356 -0.0179068 -0.000987019 0.00411195 0.0120336 0.00237741 0.008125 -0.000527885 0.000668908 0.0142458 -0.000789092
internal_weight=342943 335404 31092 27786 3306 27193 7539 2503 1346 1152 26824 22903 2221 20682
internal_count=342943 335404 31092 27786 3306 27193 7539 2503 1346 1152 26824 22903 2221 20682
is_linear=0
shrinkage=0.04


Tree=149
num_leaves=15
num_cat=0
split_feature=12 11 10 0 3 11 0 0 3 12 11 15 11 3
split_gain=94.5925 735.107 641.624 276.023 261.75 161.006 176.98 116.999 778.971 326.047 275.047 156.017 241.914 210.905
threshold=69.409382822894841 6.2873508410653249 13.499431500000002 7.6806788217818989 64.199031000000005 36.479002576990347 0.18664837695510286 14.514119355718961 16.327763500000003 132.34325692928309 12.656756453794658 6.1419733583750125 43.251586690835012 14.067463500000001
decision_type=2 2 2 2 2 2 2 2 2 2 2 2 2 2
left_child=1 2 3 4 -1 6 -3 11 -9 10 -10 12 -2 -14
right_child=7 5 -4 -5 -6 -7 -8 8 9 -11 -12 -13 13 -15
leaf_value=0 0 -0.0018794406058343328 -9.8642654385631879e-07 -0.00537850343307092 0.00070449278091468614 -0.0069897359768638567 -0.00048833612740526941 -0.031247028049159208 -0.031817493763919472 -0.0015794617611306311 0.0017880543653829629 0 -0.015254907580076563 -0.0017988449300937481
leaf_weight=40648 161313 399 870 385 615 432 6147 1044 486 13086 9762 100932 855 6100
leaf_count=40648 161313 399 870 385 615 432 6147 1044 486 13086 9762 100932 855 6100
internal_value=-0.000290433 -0.00190803 6.67952e-05 0.000776988 0.00109153 -0.013941 -0.0123801 -1.77125e-05 -0.00267126 -0.00115882 0.00418423 0.000222585 -0.000523213 -0.00782746
internal_weight=343074 49496 42518 41648 41263 6978 6546 293578 24378 23334 10248 269200 168268 6955
internal_count=343074 49496 42518 41648 41263 6978 6546 293578 24378 23334 10248 269200 168268 6955
is_linear=0
shrinkage=0.04


Tree=150
num_leaves=15
num_cat=0
split_feature=15 10 12 11 11 8 11 8 14 11 10 0 0 12
split_gain=102.885 294.39 303.861 288.766 286.382 144.013 198.487 130.643 119.018 215.816 606.507 348.068 328.487 301.963
threshold=2.6583574773750063 104.38321550000002 72.671927887115046 6.4733262945369372 16.015037892126127 0.090287459462577505 25.26757757936112 0.87031867541468499 0.21021760849986634 26.638356153356835 -5.5706569826515624 2.0501842787407329 1.9089094166891358 107.72297876807954
decision_type=2 2 2 2 2 2 2 2 2 2 2 2 2 2
left_child=1 3 -3 -1 7 6 -6 -5 9 -2 12 -12 -11 -14
right_child=8 2 -4 4 5 -7 -8 -9 -10 10 11 -13 13 -15
leaf_value=0 0 -9.4696948210206603e-07 0 -0.0019680484537767306 -0.00034343137036524807 5.5520802305093628e-05 -0.0015759168501051012 -0.00112021198101106 0 0.016086330682262468 0.0012322691500183303 -0.0030199761478332853 0.0042369836518969797 -0.00079914247712910118
leaf_weight=29656 185942 761 596 868 1371 2740 387 246 53295 3792 471 2782 1454 58534
leaf_count=29656 185942 761 596 868 1371 2740 387 246 53295 3792 471 2782 1454 58534
internal_value=-0.000229808 -0.00223345 -0.0205158 -0.00153 -0.00985032 -0.00535349 -0.014289 -0.0280072 9.79528e-06 -0.00035213 -0.00229797 -0.0191454 -0.0014387 -0.00216043
internal_weight=342895 36625 1357 35268 5612 4498 1758 1114 306270 252975 67033 3253 63780 59988
internal_count=342895 36625 1357 35268 5612 4498 1758 1114 306270 252975 67033 3253 63780 59988
is_linear=0
shrinkage=0.04


Tree=151
num_leaves=15
num_cat=0
split_feature=15 3 12 11 11 3 8 11 8 1 14 11 12 3
split_gain=99.3126 305.187 301.235 262.496 275.25 186.945 182.179 153.931 215.627 158.363 115.272 194.5 339.725 406.369
threshold=2.6583574773750063 104.02250000000002 72.671927887115046 6.4733262945369372 18.997059194091939 14.550892000000003 0.34848094931499235 25.26757757936112 0.70825879322040686 19.015293693284814 0.21021760849986634 8.9681656875266018 104.88793827339235 93.174800000000019
decision_type=2 2 2 2 2 2 2 2 2 2 2 2 2 2
left_child=1 3 -3 -1 6 -6 -5 9 -9 -7 -2 -12 13 -13
right_child=10 2 -4 4 5 7 -8 8 -10 -11 11 12 -14 -15
leaf_value=0 0 -9.0909070281798348e-07 0 -0.0018834451693703551 0.0032151217975966507 0.00020502938175823049 -0.0014598433531429029 -0.0017422748604920702 0.0012941949951494358 -0.0017510502230252357 0 0.0044878162523957332 0.00062796203232940134 -0.0013701151082524624
leaf_weight=29669 253006 767 581 856 675 1290 949 963 165 749 28117 3162 21612 446
leaf_count=29669 253006 767 581 856 675 1290 949 963 165 749 28117 3162 21612 446
internal_value=-0.00018402 -0.00215143 -0.0208309 -0.00143844 -0.00934301 -0.00328995 -0.0222271 -0.00736344 -0.0192199 -0.000804316 5.14456e-05 0.00174138 0.00429183 0.0156541
internal_weight=343007 36664 1348 35316 5647 3842 1805 3167 1128 2039 306343 53337 25220 3608
internal_count=343007 36664 1348 35316 5647 3842 1805 3167 1128 2039 306343 53337 25220 3608
is_linear=0
shrinkage=0.04


Tree=152
num_leaves=15
num_cat=0
split_feature=15 3 12 11 11 8 11 8 11 14 11 1 0 12
split_gain=93.9074 287.478 292.035 262.275 284.153 155.319 194.941 132.946 112.141 109.14 204.421 626.575 329.782 315.821
threshold=2.6583574773750063 104.02250000000002 72.671927887115046 6.4733262945369372 16.015037892126127 0.090287459462577505 25.508799110838158 0.79472270713946536 19.644735571845008 0.21021760849986634 26.638356153356835 5.8998173463056718 1.9089094166891358 107.72297876807954
decision_type=2 2 2 2 2 2 2 2 2 2 2 2 2 2
left_child=1 3 -3 -1 7 6 -6 -5 -7 10 -2 -12 -13 -14
right_child=9 2 -4 4 5 8 -8 -9 -10 -11 11 12 13 -15
leaf_value=0 0 -8.7272707470526418e-07 0 -0.001866725169184047 -0.00031902200977318662 -0.0015100898129563956 -0.0015053195222738968 -0.001017009767644902 0.00063465297475557235 0 -0.002475055676889595 0.016520408310130758 0.0042985615103815003 -0.00077323005244335724
leaf_weight=29633 186056 741 575 691 1380 828 370 424 1934 53313 3278 3815 1408 58653
leaf_count=29633 186056 741 575 691 1380 828 370 424 1934 53313 3278 3815 1408 58653
internal_value=-0.000214632 -0.00213036 -0.0204863 -0.00144526 -0.009362 -0.00489362 -0.0142171 -0.0274439 0.00101376 1.39631e-05 -0.000332372 -0.00222414 -0.00134886 -0.00207323
internal_weight=343099 36576 1316 35260 5627 4512 1750 1115 2762 306523 253210 67154 63876 60061
internal_count=343099 36576 1316 35260 5627 4512 1750 1115 2762 306523 253210 67154 63876 60061
is_linear=0
shrinkage=0.04


Tree=153
num_leaves=15
num_cat=0
split_feature=15 12 9 0 1 3 1 3 10 3 0 1 3 13
split_gain=92.306 116.115 148.596 190.569 153.45 116.408 91.6781 202.528 192.604 1257.1 209.096 191.309 211.083 166.296
threshold=12.200141976749977 110.00549631725742 0.30368324818408193 4.645953276303934 4.5385619028300992 5.0530525000000006 32.659652159832817 31.675099500000005 -29.18560349433579 26.030475000000006 3.2536484406005006 36.871546120096284 27.228275000000004 513.32521284928225
decision_type=2 2 2 2 2 2 2 2 2 2 2 2 2 2
left_child=6 2 4 -4 -2 -6 8 11 9 -1 -11 12 -8 -10
right_child=1 -3 3 -5 5 -7 7 -9 13 10 -12 -13 -14 -15
leaf_value=-0.075707701551576009 0.01517423538664925 0 0 0.0035238284767853158 -0.01583980486348352 -0.00022252564071392088 -0.094862449032937377 0.0013917437312796622 0 0.021510217597886037 4.3794183834482137e-05 -0.13727025141208696 0.024841644933794215 0
leaf_weight=1883 207 6040 810 1590 171 1129 166 20358 258963 568 5094 355 417 45321
leaf_count=1883 207 6040 810 1590 171 1129 166 20358 258963 568 5094 355 417 45321
internal_value=-0.00020194 0.00359505 0.00896852 0.01515 -0.000875912 -0.00596923 -0.000315317 0.00222389 -0.000488729 -0.00680186 0.00261392 -0.0159488 -0.00185249 -0.00033219
internal_weight=343072 9947 3907 2400 1507 1300 333125 21296 311829 7545 5662 938 583 304284
internal_count=343072 9947 3907 2400 1507 1300 333125 21296 311829 7545 5662 938 583 304284
is_linear=0
shrinkage=0.04


Tree=154
num_leaves=15
num_cat=0
split_feature=15 3 12 11 11 8 8 11 3 2 0 3 12 11
split_gain=95.6678 303.666 300.624 258.125 273.66 137.586 124.5 211.167 117.379 236.073 112.847 822.835 310.211 164.955
threshold=2.6583574773750063 104.02250000000002 72.671927887115046 6.4733262945369372 16.015037892126127 0.86258957855769702 0.090287459462577505 25.508799110838158 23.622526500000003 159.50012200000003 14.310400098868582 15.6345045 132.11066785824971 12.309976574994723
decision_type=2 2 2 2 2 2 2 2 2 2 2 2 2 2
left_child=1 3 -3 -1 5 -5 7 8 -6 -10 -2 -12 13 -13
right_child=10 2 -4 4 6 -7 -8 -9 9 -11 11 12 -14 -15
leaf_value=0 0 -8.3781799171705361e-07 0 -0.0017441568582549538 -0.00093076040549572748 -0.00082328618559694309 3.3005489898969563e-05 -0.0014885092530307787 0.00042533843065114098 -0.0016062638359126747 -0.03089095874933976 -0.026231211966565367 -0.0014208306713872942 0.0015932018624904144
leaf_weight=29637 281294 768 584 845 469 268 2714 371 431 479 1024 513 13656 10015
leaf_count=29637 281294 768 584 845 469 268 2714 371 431 479 1024 513 13656 10015
internal_value=-0.000202525 -0.00213641 -0.0207396 -0.00142216 -0.00931684 -0.027062 -0.00489247 -0.0132114 -0.00600435 0.00237363 2.8189e-05 -0.0025357 -0.00104863 0.00411094
internal_weight=343068 36566 1352 35214 5577 1113 4464 1750 1379 910 306502 25208 24184 10528
internal_count=343068 36566 1352 35214 5577 1113 4464 1750 1379 910 306502 25208 24184 10528
is_linear=0
shrinkage=0.04


Tree=155
num_leaves=15
num_cat=0
split_feature=12 11 2 3 2 3 1 11 12 1 1 13 9 12
split_gain=96.1521 674.095 685.775 224.805 237.71 165.393 158.037 175.243 157.598 190.395 148.513 134.389 130.045 141.57
threshold=69.409382822894841 6.2873508410653249 96.21310800000002 58.857074500000003 85.165512000000021 33.396037000000007 0.18666888695510289 36.479002576990347 62.931723446449588 6.1122237071976002 1.6327177842225302 536.41543727593194 0.00013469868652304931 59.167291864533517
decision_type=2 2 2 2 2 2 2 2 2 2 2 2 2 2
left_child=1 2 3 4 5 -1 -3 -8 9 10 12 -6 13 -7
right_child=-2 6 -4 -5 11 8 7 -9 -10 -11 -12 -13 -14 -15
leaf_value=0 0 -0.0015703081766988525 -8.0430527204837144e-07 0.00060383672782654161 0.0010905996494879788 0.00041860819243090151 -0.00047135800746729188 -0.0065680141235936393 -0.0041586947248524178 0.0011382766374310204 -0.00087056367168310918 0.00012851401425632237 -0.013874490199963689 -0.00010293961463820708
leaf_weight=37618 293329 383 756 903 443 322 6134 433 400 475 750 385 120 339
leaf_count=37618 293329 383 756 903 443 322 6134 433 400 475 750 385 120 339
internal_value=-0.000172 -0.00180344 8.4684e-05 0.000768291 0.00033193 -0.000106936 -0.0133525 -0.0118958 -0.0102743 -0.00570289 -0.0125669 0.0215459 -0.000358515 0.00659607
internal_weight=342790 49461 42511 41755 40852 40024 6950 6567 2406 2006 1531 828 781 661
internal_count=342790 49461 42511 41755 40852 40024 6950 6567 2406 2006 1531 828 781 661
is_linear=0
shrinkage=0.04


Tree=156
num_leaves=15
num_cat=0
split_feature=12 11 2 0 2 12 0 11 0 0 1 2 3 11
split_gain=96.4273 670.932 675.616 248.909 286.961 192.738 170.328 179.622 112.865 151.541 159.045 109.265 194.825 194.003
threshold=69.409382822894841 6.2873508410653249 96.21310800000002 7.8142030332135217 80.47527700000002 64.96892736017324 0.18664837695510286 36.479002576990347 6.2931022990875496 6.1060778727486573 4.4554258308092693 82.662914500000014 52.937259500000003 8.1364216575273076
decision_type=2 2 2 2 2 2 2 2 2 2 2 2 2 2
left_child=1 2 3 4 8 -6 -3 11 9 10 -1 12 13 -8
right_child=-2 6 -4 -5 5 -7 7 -9 -10 -11 -12 -13 -14 -15
leaf_value=0 0 -0.0015060984275580259 -7.7213306116643663e-07 -0.0051453648424003634 0.00029944371505201644 0.00059666186482628281 9.3560763699166994e-05 -0.0060473171434099592 -0.0025470107419718769 0.0021265912249226644 -0.00072174744060060593 -0.00049829707999724351 0.0038893354405923879 -0.00088918578439700971
leaf_weight=37527 293668 406 750 362 1334 1059 1519 432 226 192 899 756 132 3769
leaf_count=37527 293668 406 750 362 1334 1059 1519 432 226 192 899 756 132 3769
internal_value=-0.000181791 -0.00181756 8.02852e-05 0.000758672 0.00104857 0.0144923 -0.0132763 -0.0117312 0.000220369 0.000385313 0.000208192 -0.00998705 -0.008 -0.00919818
internal_weight=343031 49363 42349 41599 41237 2393 7014 6608 38844 38618 38426 6176 5420 5288
internal_count=343031 49363 42349 41599 41237 2393 7014 6608 38844 38618 38426 6176 5420 5288
is_linear=0
shrinkage=0.04


Tree=157
num_leaves=15
num_cat=0
split_feature=15 12 11 2 11 8 1 3 1 3 0 13 11 9
split_gain=102.951 124.742 149.809 146.012 158.45 119.888 90.7888 194.167 178.021 1185.12 179.057 161.435 244.362 460.892
threshold=12.200141976749977 110.00549631725742 41.387522976850526 85.165512000000021 10.122326053634403 0.77772475855887757 32.659652159832817 30.864192000000006 29.249343864726413 26.030475000000006 3.2536484406005006 513.32521284928225 3.0472926988172087 0.0042366064276406221
decision_type=2 2 2 2 2 2 2 2 2 2 2 2 2 2
left_child=6 3 -3 4 -2 -5 8 -8 11 -10 -11 -1 -13 -14
right_child=1 2 -4 5 -6 -7 7 -9 9 10 -12 12 13 -15
leaf_value=0 0 0 0.019097693353717842 0.0036238821547676702 0.01253866493887984 0.0011539587131139967 -0.059035840648821461 0.0013239411073600537 -0.073179526347594642 0.020862298986068055 0.00011026760081367937 0 -0.0020958780622954143 -0.00025550440981477628
leaf_weight=258969 1533 5836 258 1272 148 974 634 20636 1817 547 4951 22278 2927 19969
leaf_count=258969 1533 5836 258 1272 148 974 634 20636 1817 547 4951 22278 2927 19969
internal_value=-0.000162685 0.00383195 0.000249426 0.00939139 0.000475907 0.0160641 -0.000282994 0.00224542 -0.000455663 -0.00662201 0.00263368 -0.000307355 -0.00251384 -0.00541579
internal_weight=342749 10021 6094 3927 1681 2246 332728 21270 311458 7315 5498 304143 45174 22896
internal_count=342749 10021 6094 3927 1681 2246 332728 21270 311458 7315 5498 304143 45174 22896
is_linear=0
shrinkage=0.04


Tree=158
num_leaves=15
num_cat=0
split_feature=15 11 12 3 12 3 2 14 11 10 0 0 3 10
split_gain=90.169 326.338 380.508 345.422 291.246 191.314 111.608 91.601 172.867 516.266 325.179 268.397 309.629 387.149
threshold=1.9769870124999758 6.4733262945369372 160.65507564505268 104.02250000000002 72.671927887115046 24.364419000000002 71.995254500000001 0.21021760849986634 26.919043614402181 -6.1711668267213247 2.0501842787407329 1.9089094166891358 23.989954500000003 -26.492472533505172
decision_type=2 2 2 2 2 2 2 2 2 2 2 2 2 2
left_child=1 3 -3 -1 6 -4 -5 8 -2 11 -11 12 13 -10
right_child=7 2 5 4 -6 -7 -8 -9 9 10 -12 -13 -14 -15
leaf_value=0 0 -0.0013373380291617132 -0.00040312698796627581 0.00036963777967569751 0 0.00047257310402789134 -7.4124773871977921e-07 0 -0.049697996687085237 0.0011906293692528736 -0.0028201563341561505 -0.00058165284870841051 0.071302808472458998 0.011430473623358126
leaf_weight=17147 196213 988 250 29 571 334 737 59995 445 498 2984 59372 981 2359
leaf_count=17147 196213 988 250 29 571 334 737 59995 445 498 2984 59372 981 2359
internal_value=-0.000155846 -0.00275828 -0.0202545 -0.00127029 -0.0208527 0.00534247 -0.0369713 5.82319e-06 -0.000316071 -0.00207626 -0.0170706 -0.00124958 0.00907794 0.00231098
internal_weight=342903 20056 1572 18484 1337 584 766 322847 262852 66639 3482 63157 3785 2804
internal_count=342903 20056 1572 18484 1337 584 766 322847 262852 66639 3482 63157 3785 2804
is_linear=0
shrinkage=0.04


Tree=159
num_leaves=15
num_cat=0
split_feature=11 3 11 11 3 1 0 14 11 3 1 11 1 1
split_gain=92.6605 110.64 93.9312 99.9703 130.873 189.073 250.912 164.264 220.839 186.205 225.334 221.155 147.509 121.751
threshold=68.304527979331382 31.136539500000005 64.160682880542296 54.244733495565079 14.157563500000002 16.624226743009984 7.8142030332135217 0.20770319864275835 60.355343393839938 23.431233000000002 26.533103732669492 57.200908942673244 45.054342233736257 13.734379244967984
decision_type=2 2 2 2 2 2 2 2 2 2 2 2 2 2
left_child=2 -2 3 -1 -5 6 -6 8 -7 -9 -11 -12 -10 -8
right_child=1 -3 -4 4 5 7 13 9 12 10 11 -13 -14 -15
leaf_value=0 -0.010232810996174844 0.01475319314564074 0.0068651653889742637 -0.02637064700121082 0.050985471642629218 -0.010886866515302792 0.054303537461891038 -0.039522471439938527 0.0026609128984493224 0.039832939492471402 -0.0063888416015814176 0.0080576933095417268 -0.0078700883439168662 -0.0098085991602998839
leaf_weight=333600 619 141 751 522 426 2073 67 361 1518 325 1001 1060 533 261
leaf_count=333600 619 141 751 522 426 2073 67 361 1518 325 1001 1060 533 261
internal_value=-0.00015382 -0.0141053 -0.000122862 -0.000153915 -0.00453173 -0.00320525 0.015809 -0.00529181 -0.0103395 0.00228613 0.00633697 0.0014556 -0.00103364 -0.0104878
internal_weight=343258 760 342498 341747 8147 7625 754 6871 4124 2747 2386 2061 2051 328
internal_count=343258 760 342498 341747 8147 7625 754 6871 4124 2747 2386 2061 2051 328
is_linear=0
shrinkage=0.04


end of trees

feature_importances:
allocated_injection_m3d=473
control_value=322
liquid_tpd=263
injection_minus_liquid=184
oil_tpd=177
neighbor_pressure_bar=140
pressure_bar=136
perm_md=126
completed_net_thickness_m=120
poro=119
watercut=94
oil_fraction=81
target_lrat=5

parameters:
[boosting: gbdt]
[objective: regression_l1]
[metric: l1]
[tree_learner: serial]
[device_type: cpu]
[data_sample_strategy: bagging]
[data: ]
[valid: ]
[num_iterations: 160]
[learning_rate: 0.04]
[num_leaves: 15]
[num_threads: 1]
[seed: 20260849]
[deterministic: 1]
[force_col_wise: 1]
[force_row_wise: 0]
[histogram_pool_size: -1]
[max_depth: -1]
[min_data_in_leaf: 12]
[min_sum_hessian_in_leaf: 0.001]
[bagging_fraction: 0.9]
[pos_bagging_fraction: 1]
[neg_bagging_fraction: 1]
[bagging_freq: 1]
[bagging_seed: 11131]
[bagging_by_query: 0]
[feature_fraction: 0.9]
[feature_fraction_bynode: 1]
[feature_fraction_seed: 24033]
[extra_trees: 0]
[extra_seed: 23839]
[early_stopping_round: 0]
[early_stopping_min_delta: 0]
[first_metric_only: 0]
[max_delta_step: 0]
[lambda_l1: 0]
[lambda_l2: 0]
[linear_lambda: 0]
[min_gain_to_split: 0]
[drop_rate: 0.1]
[max_drop: 50]
[skip_drop: 0.5]
[xgboost_dart_mode: 0]
[uniform_drop: 0]
[drop_seed: 32384]
[top_rate: 0.2]
[other_rate: 0.1]
[min_data_per_group: 100]
[max_cat_threshold: 32]
[cat_l2: 10]
[cat_smooth: 10]
[max_cat_to_onehot: 4]
[top_k: 20]
[monotone_constraints: ]
[monotone_constraints_method: basic]
[monotone_penalty: 0]
[feature_contri: ]
[forcedsplits_filename: ]
[refit_decay_rate: 0.9]
[cegb_tradeoff: 1]
[cegb_penalty_split: 0]
[cegb_penalty_feature_lazy: ]
[cegb_penalty_feature_coupled: ]
[path_smooth: 0]
[interaction_constraints: ]
[verbosity: -1]
[saved_feature_importance_type: 0]
[use_quantized_grad: 0]
[num_grad_quant_bins: 4]
[quant_train_renew_leaf: 0]
[stochastic_rounding: 1]
[linear_tree: 0]
[max_bin: 255]
[max_bin_by_feature: ]
[min_data_in_bin: 3]
[bin_construct_sample_cnt: 200000]
[data_random_seed: 4854]
[is_enable_sparse: 1]
[enable_bundle: 1]
[use_missing: 1]
[zero_as_missing: 0]
[feature_pre_filter: 1]
[pre_partition: 0]
[two_round: 0]
[header: 0]
[label_column: ]
[weight_column: ]
[group_column: ]
[ignore_column: ]
[categorical_feature: ]
[forcedbins_filename: ]
[precise_float_parser: 0]
[parser_config_file: ]
[objective_seed: 27619]
[num_class: 1]
[is_unbalance: 0]
[scale_pos_weight: 1]
[sigmoid: 1]
[boost_from_average: 1]
[reg_sqrt: 0]
[alpha: 0.9]
[fair_c: 1]
[poisson_max_delta_step: 0.7]
[tweedie_variance_power: 1.5]
[lambdarank_truncation_level: 30]
[lambdarank_norm: 1]
[label_gain: ]
[lambdarank_position_bias_regularization: 0]
[eval_at: ]
[multi_error_top_k: 1]
[auc_mu_weights: ]
[num_machines: 1]
[local_listen_port: 12400]
[time_out: 120]
[machine_list_filename: ]
[machines: ]
[gpu_platform_id: -1]
[gpu_device_id: -1]
[gpu_use_dp: 0]
[num_gpu: 1]

end of parameters

pandas_categorical:null
