tree
version=v4
num_class=1
num_tree_per_iteration=1
label_index=0
max_feature_idx=15
objective=regression_l1
feature_names=oil_tpd liquid_tpd pressure_bar control_value target_orat target_lrat target_wrat status oil_fraction watercut injection_minus_liquid allocated_injection_m3d neighbor_pressure_bar perm_md poro completed_net_thickness_m
feature_infos=[0:43.42959140103163] [0:66.54612115517422] [0:284.48947099999998] [0:415.8689] none [0:1] [0:1] [0:1] [0:1] [0:1] [-66.54612115517422:415.8689] [0:107.72535392498621] [0:228.9517635158175] [212.71655300490687:738.00869701563943] [0.15975654196058092:0.23766614019099039] [0.63501341750003348:13.268681986250044]
tree_sizes=1534 1537 1536 1550 1551 1560 1559 1553 1566 1564 1565 1570 1550 1558 1567 1560 1536 1578 1564 1571 1574 1553 1565 1556 1541 1565 1557 1565 1561 1566 1569 1550 1529 1574 1561 1531 1532 1552 1562 1562 1556 1557 1552 1556 1561 1534 1553 1546 1543 1538 1547 1560 1550 1560 1551 1561 1548 1563 1526 1546 1548 1537 1530 1535 1532 1528 1533 1529 1535 1524 1533 1531 1525 1523 1529 1517 1514 1545 1521 1535 1516 1517 1526 1524 1536 1493 1505 1521 1535 1502 1487 1515 1505 1547 1525 1496 1497 1522 1535 1514 1504 1495 1452 1487 1460 1495 1505 1563 1555 1547 1541 1522 1520 1470 1553 1500 1551 1526 1542 1448 1464 1513 1485 1489 1530 1464 1501 1476 1516 1499 1506 1492 1499 1457 1491 1413 1438 1450 1489 1490 1521 1461 1486 1423 1384 1529 1479 1430 1445 1524 1446 1431 1468 1461 1481 1482 1498 1496 1522 1482

Tree=0
num_leaves=15
num_cat=0
split_feature=8 0 2 11 15 8 1 14 11 0 11 2 0 8
split_gain=8832.22 5520.28 7075.44 5694.45 1877.28 1245.49 1220.81 1089.89 1020.07 702.354 663.498 610.608 576.022 544.294
threshold=0.12891934765048699 2.574216737772439 109.18034000000002 1.0000000180025095e-35 9.0992552776249926 0.99616426479917164 45.147981746662253 0.21021760849986634 23.966993377342817 6.2601978344985625 44.867785317102609 103.16533700000001 3.8704761631610611 0.94281462521098469
decision_type=2 2 2 2 2 2 2 2 2 2 2 2 2 2
left_child=-1 -2 3 -3 7 6 -4 8 -5 -10 -8 -9 -7 -6
right_child=1 2 5 4 13 12 10 11 9 -11 -12 -13 -14 -15
leaf_value=0 -0.0016280503571033478 -0.010100226402282714 -0.0024909464269876479 0.00030500890687108041 0.0037845505774021151 -0.012869718670845033 0.0011656904220581055 0.0029650092124938964 -0.012268338203430176 -0.0017879810929298402 -0.0019256435334682465 -0.0021328774839639666 0.0017636701464653016 0.00032314620912075046
leaf_weight=165999 31785 6695 71036 29968 6186 576 2026 7490 3147 8066 765 1492 6480 1696
leaf_count=165999 31785 6695 71036 29968 6186 576 2026 7490 3147 8066 765 1492 6480 1696
internal_value=-0.00692543 -0.0131306 -0.00983416 2.10071e-05 0.00404996 -0.0177224 -0.0192569 0.00119849 -0.00155509 -0.011847 0.00669294 0.0138232 -0.00166667 0.0221974
internal_weight=343407 177408 145623 64740 58045 80883 73827 50163 41181 11213 2791 8982 7056 7882
internal_count=343407 177408 145623 64740 58045 80883 73827 50163 41181 11213 2791 8982 7056 7882
is_linear=0
shrinkage=0.04


Tree=1
num_leaves=15
num_cat=0
split_feature=9 0 2 11 14 8 10 0 11 3 2 2 1 10
split_gain=8364.32 5324.95 6745.03 4961.16 1650.56 1141.87 1170.29 911.384 1491.87 900.31 735.364 644.597 620.93 558.325
threshold=0.86964989842148577 2.574216737772439 109.18034000000002 1.0000000180025095e-35 0.21135727656717004 0.99616426479917164 -42.595824264473201 19.145454732382152 23.966993377342817 4.9032800000000014 121.83767300000001 103.16533700000001 4.1408051303961351 -3.5995524577346294
decision_type=2 2 2 2 2 2 2 2 2 2 2 2 2 2
left_child=1 -1 3 -3 7 6 10 8 9 12 -4 -6 -5 -7
right_child=-2 2 5 4 11 13 -8 -9 -10 -11 -12 -13 -14 -15
leaf_value=-0.001571761304140091 0 -0.009762572216987609 0.0010197473108768463 0.0033266962759196761 0.0025274202823638912 0.0015742677301168442 -0.0024574711412191394 0.0093658087253570554 -0.0042742962360382084 0.00067839887663722037 -0.0015659810602664948 -0.001977446684241295 -0.019288663499429825 -0.012360769391059876
leaf_weight=31664 166571 6598 2491 645 8893 6510 69309 2675 10596 31973 1416 1446 1638 568
leaf_count=31664 166571 6598 2491 645 8893 6510 69309 2675 10596 31973 1416 1446 1638 568
internal_value=-0.00675244 -0.012822 -0.00957184 6.45321e-05 0.00381156 -0.0173084 -0.0187915 0.000660677 -0.000692054 0.00336525 0.00250832 0.0182958 -0.0209023 -0.00196666
internal_weight=342993 176422 144758 64464 57866 80294 73216 47527 44852 34256 3907 10339 2283 7078
internal_count=342993 176422 144758 64464 57866 80294 73216 47527 44852 34256 3907 10339 2283 7078
is_linear=0
shrinkage=0.04


Tree=2
num_leaves=15
num_cat=0
split_feature=9 0 2 11 15 8 10 14 11 0 2 0 0 12
split_gain=7828.23 5237.92 6230.09 4648.21 1759.29 1097.38 1098.63 939.072 946.44 810.659 578.687 643.104 574.461 559.236
threshold=0.86964989842148577 2.574216737772439 109.78876100000001 1.0000000180025095e-35 9.0992552776249926 0.99616426479917164 -46.510497185832797 0.21021760849986634 23.966993377342817 5.8252592437625301 103.16533700000001 5.6888794268005132 3.8704761631610611 107.48032692688652
decision_type=2 2 2 2 2 2 2 2 2 2 2 2 2 2
left_child=1 -1 3 -3 7 6 -4 8 -5 -10 11 -9 -7 -11
right_child=-2 2 5 4 -6 12 -8 10 9 13 -12 -13 -14 -15
leaf_value=-0.0015066097822189332 0 -0.0093654430799484257 0.00071987048172950747 0.00024669490504264835 0.0028035577816069124 -0.011861720447540284 -0.0023063387384414675 8.5943964719772356e-05 -0.011242238637924194 0.0043592107563018801 -0.0018222456064224243 0.0042145087099075317 0.002155874986052513 -0.0028234363825321196
leaf_weight=31751 166387 6555 2103 30677 8019 567 69629 2581 3234 1954 1811 4834 6230 6662
leaf_count=31751 166387 6555 2103 30677 8019 567 69629 2581 3234 1954 1811 4834 6230 6662
internal_value=-0.00655055 -0.012416 -0.00919092 -0.000164639 0.00334203 -0.0168147 -0.0182702 0.000640736 -0.00186893 -0.01147 0.012209 0.0171598 -0.00145358 -0.00506035
internal_weight=342994 176607 144856 66327 59772 78529 71732 51753 42527 11850 9226 7415 6797 8616
internal_count=342994 176607 144856 66327 59772 78529 71732 51753 42527 11850 9226 7415 6797 8616
is_linear=0
shrinkage=0.04


Tree=3
num_leaves=15
num_cat=0
split_feature=8 1 2 11 13 11 13 8 8 15 0 11 12 12
split_gain=7309.08 4926.41 5559.2 4382.97 1471.66 1419.33 1097.02 1074.97 1092.72 800.15 730.855 694.15 692.063 607.872
threshold=0.095533696341692509 2.8837974596102076 108.44549950000001 1.0000000180025095e-35 403.33370222533182 21.981297132561725 642.89807683317133 0.99616426479917164 0.23953911789207286 11.201103675124985 9.9923673223415843 20.095279887984745 145.57297744945814 67.095951795870846
decision_type=2 2 2 2 2 2 2 2 2 2 2 2 2 2
left_child=-1 -2 3 -3 5 -5 7 8 -4 13 -8 12 -10 -6
right_child=1 2 6 4 9 -7 10 -9 11 -11 -12 -13 -14 -15
leaf_value=0 -0.0014645391872072219 -0.009471193494110108 -0.00072786356941699981 0.00058789950964927679 -0.0005515261850869656 -0.0038653670829486846 0.00098653770983219151 -0.001277274997675419 -0.0015033633431339264 0.003218021528791189 -0.0016571027104640007 -0.0037727260861778263 0.0010788444902515412 0.0012305964267063142
leaf_weight=157204 30856 6236 32423 15247 3622 7935 2116 7402 3619 5291 1318 44457 1476 23878
leaf_count=157204 30856 6236 32423 15247 3622 7935 2116 7402 3619 5291 1318 44457 1476 23878
internal_value=-0.00634523 -0.0117145 -0.00880919 0.000443023 0.00398692 -0.00372703 -0.0150107 -0.0158631 -0.0171813 0.0094404 0.00717531 -0.020917 -0.00693229 0.00669964
internal_weight=343080 185876 155020 62209 55973 23182 92811 89377 81975 32791 3434 49552 5095 27500
internal_count=343080 185876 155020 62209 55973 23182 92811 89377 81975 32791 3434 49552 5095 27500
is_linear=0
shrinkage=0.04


Tree=4
num_leaves=15
num_cat=0
split_feature=9 0 2 11 14 15 11 11 12 2 10 3 2 12
split_gain=7009.6 4754.23 5275.48 3995.85 1651.13 1122.99 1415.62 1019.11 847.878 661.03 645.437 881.95 612.388 570.55
threshold=0.86964989842148577 2.574216737772439 112.75055300000001 1.0000000180025095e-35 0.21135727656717004 7.8595107582499688 21.279046720318473 26.738015566097719 66.3935019037486 102.34424550000001 -39.510458020607821 38.25922700000001 122.22613150000002 71.571418955128834
decision_type=2 2 2 2 2 2 2 2 2 2 2 2 2 2
left_child=1 -1 3 -3 5 6 -5 -4 -7 13 12 -12 -9 -6
right_child=-2 2 7 4 9 8 -8 10 -10 -11 11 -13 -14 -15
leaf_value=-0.0013846311523241042 0 -0.0085974626938903811 -0.00086699541439857477 0.00023720705895380974 0.0003045556839920759 -0.0020452735030904771 -0.0022585264242472652 0.00032972355404138566 0.0020061479259150744 0.00016888536169180576 -0.0034971058060964582 -0.0034111328028663635 -0.0016579269673856734 0.0055857768511302953
leaf_weight=31737 166419 6594 18691 25195 3212 2376 19005 2951 11468 4395 30015 12273 3128 5379
leaf_count=31737 166419 6594 18691 25195 3212 2376 19005 2951 11468 4395 30015 12273 3128 5379
internal_value=-0.00619535 -0.0117504 -0.00867503 -0.0015758 0.00118936 -0.00169527 -0.00480905 -0.0168928 0.00824617 0.0140829 -0.0199582 -0.0217102 -0.00777101 0.0205378
internal_weight=342838 176419 144682 77624 71030 58044 44200 67058 13844 12986 48367 42288 6079 8591
internal_count=342838 176419 144682 77624 71030 58044 44200 67058 13844 12986 48367 42288 6079 8591
is_linear=0
shrinkage=0.04


Tree=5
num_leaves=15
num_cat=0
split_feature=9 0 2 11 14 11 0 11 15 9 9 3 10 11
split_gain=6573.3 4569.07 4970.94 3812.06 1606.01 1222.2 1108.25 974.577 789.302 734.587 663.802 657.184 618.316 518.381
threshold=0.86802147227504156 2.6252910463551351 113.06273650000001 1.0000000180025095e-35 0.21021760849986634 21.279046720318473 6.0272432125841391 26.480353933682839 8.4516063852500043 0.79276446369996212 0.21077846323849794 4.9032800000000014 -4.2740800403935468 2.8805987618371893
decision_type=2 2 2 2 2 2 2 2 2 2 2 2 2 2
left_child=1 13 3 -3 5 11 -7 -4 -8 10 -9 12 -5 -1
right_child=-2 2 7 4 -6 6 8 9 -10 -11 -12 -13 -14 -15
leaf_value=-0.00074238274609777838 0 -0.0082680046034244985 -0.00081506705670591735 -0.021685006549987135 0.0014214392204041667 -0.0042786035187198073 -0.0017729839942254449 -0.011747122765981973 0.0019630644397388712 -0.00062543997194677739 -0.0040802624928235661 0.0006339330300275778 0.0023592522808731252 -0.0016731907836172333
leaf_weight=13001 166685 6584 18009 1259 15794 5954 14356 7024 5900 13081 27369 27852 741 19145
leaf_count=13001 166685 6584 18009 1259 15794 5954 14356 7024 5900 13081 27369 27852 741 19145
internal_value=-0.00600921 -0.0113989 -0.00835363 -0.00156145 0.00110777 -0.00206628 -0.00836932 -0.0164898 -0.00390995 -0.0194953 -0.0225639 0.00346777 -0.01868 -0.0250333
internal_weight=342754 176069 143923 78440 71856 56062 26210 65483 20256 47474 34393 29852 2000 32146
internal_count=342754 176069 143923 78440 71856 56062 26210 65483 20256 47474 34393 29852 2000 32146
is_linear=0
shrinkage=0.04


Tree=6
num_leaves=15
num_cat=0
split_feature=8 1 2 11 15 13 8 8 14 11 8 0 11 12
split_gain=6275.04 4448.39 4355.77 3827.81 1366.29 1345.89 910.926 1195.58 851.345 793.988 777.819 721.677 672.961 661.642
threshold=0.077848615119186657 3.056269354274824 108.44549950000001 1.0000000180025095e-35 11.201103675124985 642.89807683317133 0.99616426479917164 0.24491812563986989 0.21021760849986634 23.329572612538442 0.32402449134454059 6.1316402808482762 20.210598960198066 145.57297744945814
decision_type=2 2 2 2 2 2 2 2 2 2 2 2 2 2
left_child=-1 -2 3 -3 8 6 7 -4 9 -5 -7 -11 13 -9
right_child=1 2 5 4 -6 10 -8 12 -10 11 -12 -13 -14 -15
leaf_value=0 -0.0013077429746697761 -0.0085701635572803785 -0.00057188682258129124 0.00034148660024083095 0.0030357672877442451 0.00085653140367986103 -0.00078996281770001193 -0.0013742995190108923 0.0016720305167684225 -0.0089718812544461578 -0.0021920554263381627 -0.001001773441340239 -0.0035028464229031231 0.00094999118314708199
leaf_weight=153178 31547 6053 36681 28036 5285 2764 7312 3760 9768 3633 1120 8887 43377 1514
leaf_count=153178 31547 6053 36681 28036 5285 2764 7312 3760 9768 3633 1120 8887 43377 1514
internal_value=-0.00587306 -0.0107349 -0.00799975 0.000304888 0.00359294 -0.0133047 -0.0142718 -0.0154329 0.00156108 -0.000992208 0.00976313 -0.00936741 -0.0195441 -0.00605233
internal_weight=342915 189737 158190 61662 55609 96528 92644 85332 50324 40556 3884 12520 48651 5274
internal_count=342915 189737 158190 61662 55609 96528 92644 85332 50324 40556 3884 12520 48651 5274
is_linear=0
shrinkage=0.04


Tree=7
num_leaves=15
num_cat=0
split_feature=9 0 2 0 13 2 9 13 8 8 15 1 0 13
split_gain=5896.4 4184.74 4295.44 1636.18 941.507 744.157 752.203 1231.38 683.796 715.195 728.991 651.377 591.421 586.256
threshold=0.86802147227504156 2.574216737772439 113.36869400000002 5.8995410123755674 403.33370222533182 103.16533700000001 0.0096839230818517325 515.31255052261804 0.99616426479917164 0.25099458224421073 3.6895660932500083 36.308112060889677 3.8704761631610611 401.12438031766413
decision_type=2 2 2 2 2 2 2 2 2 2 2 2 2 2
left_child=1 -1 3 -3 13 6 7 -6 9 -4 -11 -7 -10 -5
right_child=-2 2 8 4 5 11 -8 -9 12 10 -12 -13 -14 -15
leaf_value=-0.0012242977723824389 0 -0.0010836527198307773 -0.00073820876765497536 -0.00052200201466207476 0.0022437242046487015 -0.00057797331451509687 0.0024428183692097897 -0.005465883860407016 -0.010692350375797622 -0.00027468648446044621 -0.0040609994229665117 0.0017161993179124497 0.0027845381157282248 -0.003107679480964385
leaf_weight=31682 166800 27105 21892 14553 7968 11917 10844 2685 573 3698 33784 1865 4663 2976
leaf_count=31682 166800 27105 21892 14553 7968 11917 10844 2685 573 3698 33784 1865 4663 2976
internal_value=-0.00562149 -0.0107241 -0.00783792 -0.00163728 0.00246326 0.00622807 0.0108797 0.00333052 -0.0155072 -0.0167292 -0.0200843 -0.00102743 -0.00165011 -0.00511381
internal_weight=343005 176205 144523 79913 52808 35279 21497 10653 64610 59374 37482 13782 5236 17529
internal_count=343005 176205 144523 79913 52808 35279 21497 10653 64610 59374 37482 13782 5236 17529
is_linear=0
shrinkage=0.04


Tree=8
num_leaves=15
num_cat=0
split_feature=8 1 2 11 15 11 10 12 1 14 1 11 11 2
split_gain=5519.39 3851.98 4069.67 3615.58 1218.06 841.403 1125.67 977.811 934.837 761.414 758.157 724.871 990.923 1180.92
threshold=0.13788631055454628 3.056269354274824 108.44549950000001 1.0000000180025095e-35 11.201103675124985 26.209127694138189 -41.680246776838942 133.64183663992762 17.444480912858786 0.21021760849986634 22.336802531036341 3.0633212142785511 1.0000000180025095e-35 53.208694500000007
decision_type=2 2 2 2 2 2 2 2 2 2 2 2 2 2
left_child=-1 11 3 -3 9 8 -7 10 -4 -5 -8 12 -2 -14
right_child=1 2 5 4 -6 6 7 -9 -10 -11 -12 -13 13 -15
leaf_value=0 -0.0027812161908837263 -0.0081566607188942961 -0.0015473706218406514 -0.00014691301813253785 0.0028619410935422284 0.00029046026547352346 -0.0022133499390525526 -0.0028982372702377585 7.6167017219789699e-05 0.0015639329476209128 0.00015364458833268911 -0.0016275411890240613 -0.00053087117684802443 0.00016938259290733899
leaf_weight=168398 3241 6130 13020 39689 5260 4264 5892 41039 11604 9754 6071 17035 6930 4360
leaf_count=168398 3241 6130 13020 39689 5260 4264 5892 41039 11604 9754 6071 17035 6930 4360
internal_value=-0.00545874 -0.0104486 -0.00765203 0.000184768 0.00344917 -0.0134737 -0.0161324 -0.0177231 -0.00729045 0.00150234 -0.00766029 -0.0230932 -0.0165302 -0.0109336
internal_weight=342687 174289 142723 60833 54703 81890 57266 53002 24624 49443 11963 31566 14531 11290
internal_count=342687 174289 142723 60833 54703 81890 57266 53002 24624 49443 11963 31566 14531 11290
is_linear=0
shrinkage=0.04


Tree=9
num_leaves=15
num_cat=0
split_feature=8 0 2 11 11 2 3 1 14 11 2 11 11 15
split_gain=5271.61 3951.5 4241.15 2557.2 1397.85 1265.48 1281.05 1154.04 842.303 720.649 673.192 974.256 1765.56 945.34
threshold=0.17072257528856935 3.8704761631610611 113.36869400000002 0.85262633767588591 28.593992105703467 103.16533700000001 4.9032800000000014 21.340205235633995 0.21135727656717004 45.230403723821929 53.208694500000007 1.0000000180025095e-35 3.3256031646142499 5.108791732625023
decision_type=2 2 2 2 2 2 2 2 2 2 2 2 2 2
left_child=9 10 3 -3 -4 6 -5 -7 -8 -1 -2 -12 13 -13
right_child=1 2 4 5 -6 7 8 -9 -10 -11 11 12 -14 -15
leaf_value=0 -0.0010760024583975891 -0.0092028284803531788 -0.00074110619945987998 -0.01398448028487804 -0.0035518971699211531 -0.0023900162421281903 0.00071013408056861598 0.00045471482857848636 0.0021718687385418409 -0.0006880739198383332 -0.0030271948686878304 0.00066355135039583655 -0.0012853539003546638 -0.00017876289105816872
leaf_weight=167384 14341 5385 15796 2081 34771 12445 31722 10175 8263 10020 3907 2056 21088 3493
leaf_count=167384 14341 5385 15796 2081 34771 12445 31722 10175 8263 10020 3907 2056 21088 3493
internal_value=-0.00530072 -0.010435 -0.00666523 -0.000293988 -0.0154939 0.00191077 0.00601341 -0.00571883 0.00760585 -0.000510248 -0.0205672 -0.0172106 -0.0144746 0.00560101
internal_weight=342927 165523 120638 70071 50567 64686 42066 22620 39985 177404 44885 30544 26637 5549
internal_count=342927 165523 120638 70071 50567 64686 42066 22620 39985 177404 44885 30544 26637 5549
is_linear=0
shrinkage=0.04


Tree=10
num_leaves=15
num_cat=0
split_feature=8 0 2 11 11 2 10 3 15 14 11 14 8 14
split_gain=4944.48 3746.13 3961.92 2611.71 1295.46 1196.4 1164.98 1129.41 869.398 665.878 665.283 624.13 613.774 595.304
threshold=0.17494197198450659 3.5810542446906379 113.64054500000002 0.85262633767588591 28.593992105703467 103.16533700000001 -21.501589928613459 4.9032800000000014 11.201103675124985 0.17495902990765722 45.230403723821929 0.21256765339438269 0.93478359790070265 0.21135727656717004
decision_type=2 2 2 2 2 2 2 2 2 2 2 2 2 2
left_child=10 11 3 -3 9 7 -7 -5 13 -4 -1 -2 -8 -9
right_child=1 2 4 5 -6 6 12 8 -10 -11 -12 -13 -14 -15
leaf_value=0 -0.0012022298654690189 -0.0079686816168896678 -0.0041864911915477192 -0.013138963273702382 -0.0033823581862408975 0.0004349705656848346 -0.0024292037090438159 0.00040230391248440673 0.0025128889879290051 -0.00029918200087931268 -0.00064793562191351785 3.5200110994298986e-05 -0.00071039535790200952 0.002097850694656807
leaf_weight=168217 39205 5712 1999 2165 34492 10446 9007 30576 4514 14009 10295 1958 4186 6185
leaf_count=168217 39205 5712 1999 2165 34492 10446 9007 30576 4514 14009 10295 1958 4186 6185
internal_value=-0.00511689 -0.0101208 -0.00663244 -0.000659972 -0.0152412 0.00155101 -0.0056906 0.00549171 0.00696887 -0.00583708 -0.000507081 -0.020569 -0.0135921 0.00493458
internal_weight=342966 164454 123291 72791 50500 67079 23639 43440 41275 16008 178512 41163 13193 36761
internal_count=342966 164454 123291 72791 50500 67079 23639 43440 41275 16008 178512 41163 13193 36761
is_linear=0
shrinkage=0.04


Tree=11
num_leaves=15
num_cat=0
split_feature=9 0 2 11 11 2 1 3 15 9 11 11 11 0
split_gain=4573.02 3601.26 3796.67 2296.64 1276.87 1226.61 1159.69 1019.56 839.103 684.358 597.764 562.948 1408.94 1030.03
threshold=0.82968824352321946 3.5810542446906379 114.55212000000002 1.0000000180025095e-35 29.462726407491406 103.16533700000001 21.340205235633995 4.9032800000000014 11.201103675124985 0.1193390915453424 45.230403723821929 1.0000000180025095e-35 2.71914534967588 0.98736860839297302
decision_type=2 2 2 2 2 2 2 2 2 2 2 2 2 2
left_child=1 11 3 -3 -4 7 9 -5 -9 -7 -2 -1 -13 -14
right_child=10 2 4 5 -6 6 -8 8 -10 -11 -12 12 13 -15
leaf_value=-0.002641987996890526 0 -0.0079179698832580869 -0.00066972699361066308 -0.012556819411355015 -0.0033790905462289869 -0.00097742155798832657 0.00032585254650567026 0.00068232837142986078 0.0023740608448158799 -0.0024590011629756787 -0.00061706080577365917 -0.00020945344740090868 -0.0014728465582275203 -0.0011567533891066713
leaf_weight=3780 167133 5619 15670 2150 32489 5553 12501 36899 4533 8567 10004 10455 8515 18735
leaf_count=3780 167133 5619 15670 2150 32489 5553 12501 36899 4533 8567 10004 10455 8515 18735
internal_value=-0.00492488 -0.0097064 -0.0062929 -0.000714305 -0.0150759 0.00125522 -0.00550994 0.00538755 0.00678123 -0.0133654 -0.000458402 -0.0199079 -0.0184326 -0.023222
internal_weight=342603 165466 123981 75822 48159 70203 26621 43582 41432 14120 177137 41485 37705 27250
internal_count=342603 165466 123981 75822 48159 70203 26621 43582 41432 14120 177137 41485 37705 27250
is_linear=0
shrinkage=0.04


Tree=12
num_leaves=15
num_cat=0
split_feature=9 0 2 15 8 8 13 3 14 2 12 2 2 10
split_gain=4376.29 3466.28 3551.5 1094.98 1040.12 910.878 666.633 637.401 598.578 598.418 596.623 884.444 538.685 645.662
threshold=0.80889307745971584 3.5810542446906379 110.28731500000002 11.201103675124985 0.99616426479917164 0.31500879370662027 260.42522452097228 4.667513500000001 0.21256765339438269 117.71670500000002 70.745410942774939 72.923500500000003 53.208694500000007 -0.57563178665268755
decision_type=2 2 2 2 2 2 2 2 2 2 2 2 2 2
left_child=1 8 3 6 5 9 -3 -8 12 -4 11 -9 -1 -14
right_child=-2 2 4 -5 -6 -7 7 10 -10 -11 -12 -13 13 -15
leaf_value=-0.0010271638183921633 0 -0.0092332914722592901 0.0001802197144284782 0.002141952471516688 0.0026587600995052734 -0.0036571611933086286 -0.016755256138586944 -0.0077320469243764333 5.5997814233297234e-05 -0.0012610374836295151 0.00026412141104419469 -2.5523568343955218e-05 -0.0013073768242648292 0.00053690825627266791
leaf_weight=13483 182293 880 5918 6519 5928 35180 1301 2244 1939 11755 46237 4084 24395 575
leaf_count=13483 182293 880 5918 6519 5928 35180 1301 2244 1939 11755 46237 4084 24395 575
internal_value=-0.00477074 -0.00958875 -0.0061783 0.000560842 -0.0132022 -0.0149842 -0.00128448 -0.000720306 -0.0197247 -0.0075754 -3.57652e-05 -0.011555 -0.0208181 -0.0173392
internal_weight=342731 160438 120046 61265 58781 52853 54746 53866 40392 17673 52565 6328 38453 24970
internal_count=342731 160438 120046 61265 58781 52853 54746 53866 40392 17673 52565 6328 38453 24970
is_linear=0
shrinkage=0.04


Tree=13
num_leaves=15
num_cat=0
split_feature=8 0 2 11 11 15 11 11 2 0 11 15 1 2
split_gain=4078.81 3309.14 3270.24 2414.3 1025.5 967.192 780.387 1399.47 1308.81 878.181 784.741 771.312 757.13 727.089
threshold=0.19159825283848672 3.5810542446906379 110.51144050000001 1.0000000180025095e-35 28.807354453528703 11.201103675124985 3.1933974625657426 1.0000000180025095e-35 53.208694500000007 1.4183695199936845 26.209127694138189 5.108791732625023 17.175951266211928 117.10308450000001
decision_type=2 2 2 2 2 2 2 2 2 2 2 2 2 2
left_child=-1 6 3 -3 12 -5 7 -2 -9 -8 -11 -10 -4 -6
right_child=1 2 4 5 13 -7 9 8 11 10 -12 -13 -14 -15
leaf_value=0 -0.0024988991917741315 -0.0075982852766449584 -0.0022091660373646589 0.0001579252610854081 -0.0009076495363487991 0.0023733160101214778 -0.0015412211892662881 -0.00038980040874320827 0.00073349440134543823 -0.00076163588515157409 -0.00605721849589107 -8.473276076109968e-05 0.00012122016975751465 -0.0037941665101441703
leaf_weight=182153 3778 5558 9390 50861 10730 5895 9900 7208 1957 10295 4014 3187 10871 26792
leaf_count=182153 3778 5558 9390 50861 10730 5895 9900 7208 1957 10295 4014 3187 10871 26792
internal_value=-0.00461766 -0.00926824 -0.00593887 0.000417242 -0.0127934 0.00288111 -0.0191804 -0.0123645 -0.00584845 -0.0237218 -0.0173849 0.00956454 -0.00554168 -0.0167091
internal_weight=342589 160436 120097 62314 57783 56756 40339 16130 12352 24209 14309 5144 20261 37522
internal_count=342589 160436 120097 62314 57783 56756 40339 16130 12352 24209 14309 5144 20261 37522
is_linear=0
shrinkage=0.04


Tree=14
num_leaves=15
num_cat=0
split_feature=9 0 2 11 11 11 15 11 2 12 11 2 15 14
split_gain=3893.51 3044.48 3126.35 2805.83 1207.62 1140.58 993.303 967.923 1198.33 752.407 721.954 698.281 665.14 633.672
threshold=0.78094231845449791 2.8518993071215806 110.51144050000001 1.0000000180025095e-35 3.1933974625657426 21.012853766811535 11.201103675124985 1.0000000180025095e-35 53.208694500000007 145.09002831149226 44.534944229529664 117.71670500000002 7.1632566795000097 0.21021760849986634
decision_type=2 2 2 2 2 2 2 2 2 2 2 2 2 2
left_child=1 4 3 -3 7 9 13 -1 -9 -4 -2 -7 -10 -5
right_child=10 2 5 6 -6 11 -8 8 12 -11 -12 -13 -14 -15
leaf_value=-0.0021721057037378485 0 -0.0064411042328330372 -0.00094373513464173127 -0.00026473280887996805 -0.0013974630226945112 -0.0011322555768734231 0.0022783833697166186 -0.00037291672244269659 0.00032565726227383506 0.000755026701536581 -0.0006545828419363864 -0.0035878721343006095 -0.0033672738792260939 0.0011494783613980994
leaf_weight=3014 175822 6321 5648 42901 17836 16798 5967 7259 4101 2893 12688 30539 391 10947
leaf_count=3014 175822 6321 5648 42901 17836 16798 5967 7259 4101 2893 12688 30539 391 10947
internal_value=-0.00447382 -0.00917867 -0.00627731 -0.00039192 -0.0200374 -0.0132431 0.00228638 -0.011576 -0.00638924 0.000210748 -0.000614928 -0.0156706 0.00984862 0.000570495
internal_weight=343125 154615 122014 66136 32601 55878 59815 14765 11751 8541 188510 47337 4492 53848
internal_count=343125 154615 122014 66136 32601 55878 59815 14765 11751 8541 188510 47337 4492 53848
is_linear=0
shrinkage=0.04


Tree=15
num_leaves=15
num_cat=0
split_feature=8 0 2 11 11 11 15 11 2 12 11 2 1 15
split_gain=3801.89 2851.23 2905.08 2773 1237.79 1110.23 906.997 896.57 1091.15 722.734 705.719 661.74 643.316 641.962
threshold=0.22417738179240521 2.8518993071215806 110.28731500000002 1.0000000180025095e-35 3.1933974625657426 21.012853766811535 11.201103675124985 1.0000000180025095e-35 53.208694500000007 145.57297744945814 44.867785317102609 117.71670500000002 45.147981746662253 7.1632566795000097
decision_type=2 2 2 2 2 2 2 2 2 2 2 2 2 2
left_child=10 4 3 -3 7 9 -5 -2 -9 -4 12 -7 -1 -10
right_child=1 2 5 6 -6 11 -8 8 13 -11 -12 -13 -14 -15
leaf_value=0 -0.0020691541495194564 -0.0062192326418690639 -0.00085617497184070342 7.9430832658855429e-05 -0.0013622739128717092 -0.0011230207635358532 0.0023151327497473949 -0.00035451124476586839 0.00030680350492780678 0.00074086180542909917 -0.00063946711665418795 -0.0035577992765927881 0.0012470542642788697 -0.0032441514405498932
leaf_weight=175389 3065 6312 5813 52815 17720 17511 5818 7163 4114 2743 12422 29895 1899 384
leaf_count=175389 3065 6312 5813 52815 17720 17511 5818 7163 4114 2743 12422 29895 1899 384
internal_value=-0.00439698 -0.00908049 -0.00625506 -0.0004995 -0.0196092 -0.0129345 0.00221241 -0.011039 -0.0059789 0.000327256 -0.000611038 -0.015328 3.47457e-05 0.00946198
internal_weight=343063 153353 120907 64945 32446 55962 58633 14726 11661 8556 189710 47406 177288 4498
internal_count=343063 153353 120907 64945 32446 55962 58633 14726 11661 8556 189710 47406 177288 4498
is_linear=0
shrinkage=0.04


Tree=16
num_leaves=15
num_cat=0
split_feature=8 0 2 0 13 8 8 2 3 1 15 14 0 12
split_gain=3572.44 2614.43 2850.56 1017.1 799.92 699.05 562.668 518.416 607.311 680.786 517.485 522.84 493.195 455.499
threshold=0.24491812563986989 2.8518993071215806 109.18034000000002 5.8252592437625301 403.33370222533182 0.99616426479917164 0.36014487279088947 75.863865000000018 8.581018000000002 4.642439829169116 2.2324647675000056 0.21470266677083225 3.8704761631610611 69.411010749575453
decision_type=2 2 2 2 2 2 2 2 2 2 2 2 2 2
left_child=-1 10 3 7 -5 6 -4 8 9 -3 -2 -12 -7 -6
right_child=1 2 5 4 13 12 -8 -9 -10 -11 11 -13 -14 -15
leaf_value=0 0.00035609079839987468 0.0069035549992147987 -0.00059342958704856679 -0.001112546906269445 -0.0030412758108604859 -0.0093505605692075725 -0.0035200741425320337 -0.00010064665540737536 -0.00265151243944889 -0.016898146180525257 -0.00090124060265727097 0.00022139819409310764 0.002109519491461067 0.0015077339484466589
leaf_weight=194002 517 1858 14635 14413 1307 481 33608 10535 7548 929 30615 975 6495 25103
leaf_count=194002 517 1858 14635 14413 1307 481 33608 10535 7548 929 30615 975 6495 25103
internal_value=-0.00426983 -0.00892745 -0.00615095 -0.000241843 0.00343042 -0.0127529 -0.0144643 -0.00742501 -0.01379 0.0021672 -0.0190376 -0.0196872 -0.000917431 0.00756683
internal_weight=343021 149019 116912 61693 40823 55219 48243 20870 10335 2787 32107 31590 6976 26410
internal_count=343021 149019 116912 61693 40823 55219 48243 20870 10335 2787 32107 31590 6976 26410
is_linear=0
shrinkage=0.04


Tree=17
num_leaves=15
num_cat=0
split_feature=8 0 2 11 11 11 11 2 2 15 11 14 1 12
split_gain=3275.16 2472.51 2631.6 2710.02 1310.97 1085.01 929.79 957.938 796.102 786.719 740.417 729.988 671.049 662.152
threshold=0.24491812563986989 2.8518993071215806 109.18034000000002 1.0000000180025095e-35 3.1933974625657426 25.912149417803594 1.0000000180025095e-35 53.208694500000007 117.71670500000002 11.201103675124985 44.534944229529664 0.17495902990765722 45.147981746662253 145.09002831149226
decision_type=2 2 2 2 2 2 2 2 2 2 2 2 2 2
left_child=10 4 3 -3 6 11 -2 -8 -7 -5 12 -4 -1 -13
right_child=1 2 5 9 -6 8 7 -9 -10 -11 -12 13 -14 -15
leaf_value=0 -0.0020050541066685417 -0.0058598853718684141 -0.0035757022323572229 0.0001541677436714079 -0.0012574548905829933 -0.0010691293027998087 -0.0003068297299507594 0.00024361880337565701 -0.0044518057706744892 0.0021906037004139258 -0.00067495103042999351 -0.00061952002396218145 0.0012170815644403268 0.00063599197156227587
leaf_weight=178347 3030 6301 2711 49902 17296 13990 7210 4462 22440 5482 13465 11743 2045 4279
leaf_count=178347 3030 6301 2711 49902 17296 13990 7210 4462 22440 5482 13465 11743 2045 4279
internal_value=-0.00413688 -0.00859949 -0.00590168 -0.000225014 -0.0184512 -0.0122495 -0.00966943 -0.00454421 -0.0162723 0.00260292 -0.000710421 -0.00442641 -3.50348e-05 -0.00117838
internal_weight=342703 148846 116848 61685 31998 55163 14702 11672 36430 55384 193857 18733 180392 16022
internal_count=342703 148846 116848 61685 31998 55163 14702 11672 36430 55384 193857 18733 180392 16022
is_linear=0
shrinkage=0.04


Tree=18
num_leaves=15
num_cat=0
split_feature=9 0 2 11 11 11 12 11 2 0 12 11 0 1
split_gain=3152.52 2239.69 2631.7 2560.87 1298.69 1153.1 840.075 807.778 894.14 802.691 999.873 982.798 916.969 787.238
threshold=0.73002827502119971 2.8518993071215806 109.78876100000001 1.0000000180025095e-35 3.1933974625657426 21.37622083273639 145.09002831149226 1.0000000180025095e-35 53.208694500000007 5.8252592437625301 105.51701355748681 26.738015566097719 19.145454732382152 4.5433765009231442
decision_type=2 2 2 2 2 2 2 2 2 2 2 2 2 2
left_child=1 4 3 -3 7 6 -4 -1 -9 11 -11 13 -12 -5
right_child=-2 2 5 9 -6 -7 -8 8 -10 10 12 -13 -14 -15
leaf_value=-0.0018529801902599449 0 -0.0056674365029316734 -0.0010740377755497999 0.00086271754511587501 -0.0012121161731588289 -0.0029222998916344045 0.00071163024760275784 -0.00029547972871166091 0.00022949422908136817 0.0016604674416872568 -0.0011789216645059811 -0.011571420742566167 0.0077089333027999521 -0.00068151739850264459
leaf_weight=3011 198509 6335 6875 7766 17035 39915 3027 7207 4506 17366 16872 2410 4219 8160
leaf_count=3011 198509 6335 6875 7766 17035 39915 3027 7207 4506 17366 16872 2410 4219 8160
internal_value=-0.00401885 -0.00850896 -0.00587011 -0.000446078 -0.0178935 -0.0127434 -0.000525146 -0.00919315 -0.00444293 0.00224464 0.00552825 -0.00464223 -0.000324309 -0.00103981
internal_weight=343213 144704 112945 63128 31759 49817 9902 14724 11713 56793 38457 18336 21091 15926
internal_count=343213 144704 112945 63128 31759 49817 9902 14724 11713 56793 38457 18336 21091 15926
is_linear=0
shrinkage=0.04


Tree=19
num_leaves=15
num_cat=0
split_feature=9 1 11 13 2 11 11 11 13 11 11 0 2 14
split_gain=2904.72 2527.79 2238.59 1476.16 1007.3 1047.21 955.48 1066.63 830.73 796.481 871.536 787.345 713.056 618.982
threshold=0.90468477090314792 3.5278596749266415 44.234798873311114 414.91409565628356 117.40713100000001 1.0000000180025095e-35 3.1933974625657426 1.0000000180025095e-35 268.32281790025485 26.480353933682839 2.1692794793900085 1.3734205857037487 84.307968000000017 0.21021760849986634
decision_type=2 2 2 2 2 2 2 2 2 2 2 2 2 2
left_child=1 6 3 9 5 -5 7 -1 -9 10 -3 -8 -13 -7
right_child=-2 2 -4 4 -6 13 11 8 -10 -11 -12 12 -14 -15
leaf_value=-0.0019573095405032459 0 -0.0057144924474317165 -0.0023032692702745459 -0.0068352506573764737 -0.0007255303732809392 0.00018505218364143323 -0.001268366052092158 0.00071418150216962461 -0.00020285401811589348 -0.0012460426853355409 -0.00024768636467326489 -0.00055553838372301523 -0.0082287061735937632 0.00099835374789867398
leaf_weight=3709 157053 2622 21329 3121 13971 30075 9535 729 11395 25179 37820 7053 1466 17881
leaf_count=3709 157053 2622 21329 3121 13971 30075 9535 729 11395 25179 37820 7053 1466 17881
internal_value=-0.00390135 -0.00728515 -0.0050827 -0.00312147 0.00114869 0.00375198 -0.0171641 -0.00999179 -0.00424942 -0.00735435 -0.00387716 -0.0234541 -0.0146167 0.00521311
internal_weight=342938 185885 151998 130669 65048 51077 33887 15833 12124 65621 40442 18054 8519 47956
internal_count=342938 185885 151998 130669 65048 51077 33887 15833 12124 65621 40442 18054 8519 47956
is_linear=0
shrinkage=0.04


Tree=20
num_leaves=15
num_cat=0
split_feature=8 1 2 11 11 11 11 9 13 13 0 11 11 11
split_gain=2934.45 2030.42 2342.21 1854.06 1027.55 931.424 999.562 880.257 839.774 797.492 752.649 742.449 706.822 676.093
threshold=0.27823164299441522 3.5278596749266415 109.18034000000002 1.0000000180025095e-35 28.593992105703467 3.1933974625657426 1.0000000180025095e-35 0.15404064712722135 403.33370222533182 268.32281790025485 1.4183695199936845 22.207529661144154 44.534944229529664 25.912149417803594
decision_type=2 2 2 2 2 2 2 2 2 2 2 2 2 2
left_child=12 5 3 -3 -4 6 -2 -6 11 -8 -7 -5 -1 -12
right_child=1 2 4 8 7 10 9 -9 -10 -11 13 -13 -14 -15
leaf_value=0 -0.0018617380703859544 -0.0057889020766844611 -0.00058755754328324039 0.00028487690404134291 -0.004994363386230171 -0.0011888183757124361 0.00072775165257454465 -0.0033926912841067604 0.00073369977781702193 -0.00019365227912618689 -0.00042786907920905549 -0.0037016854115936772 -0.00063932236526765662 -0.0090994655127982181
leaf_weight=185135 3703 5676 21344 13669 6710 9900 725 22179 32922 11455 6412 7114 14353 1699
leaf_count=185135 3703 5676 21344 13669 6710 9900 725 22179 32922 11455 6412 7114 14353 1699
internal_value=-0.00378069 -0.00814282 -0.00549711 -0.00011923 -0.0118544 -0.0166991 -0.00963798 -0.0167718 0.00217857 -0.00410509 -0.022926 -0.00411683 -0.000642645 -0.0138922
internal_weight=342996 143508 109614 59381 50233 33894 15883 28889 53705 12180 18011 20783 199488 8111
internal_count=342996 143508 109614 59381 50233 33894 15883 28889 53705 12180 18011 20783 199488 8111
is_linear=0
shrinkage=0.04


Tree=21
num_leaves=15
num_cat=0
split_feature=9 1 2 8 13 13 13 12 14 15 13 14 2 15
split_gain=2821.39 1908.99 2242.39 961.493 911.135 719.705 730.235 716.538 701.483 654.995 590.685 542.163 515.94 504.086
threshold=0.68998656511597856 3.5278596749266415 109.78876100000001 0.99616426479917164 403.33370222533182 268.32281790025485 222.80609965345354 69.411010749575453 0.19726957747197196 3.6895660932500083 260.42522452097228 0.21470266677083225 72.923500500000003 8.4516063852500043
decision_type=2 2 2 2 2 2 2 2 2 2 2 2 2 2
left_child=1 5 4 9 8 6 -1 12 10 -4 -3 -7 -6 -9
right_child=-2 2 3 -5 7 11 -8 13 -10 -11 -12 -13 -14 -15
leaf_value=-0.0015229614989546785 0 -0.0086806889987850553 0.00021764556020854921 0.002534731461950478 -0.005043157356242404 -0.00079707432306455335 0.00041140162274343764 0.00029034300365206165 -0.0022018137031577802 -0.0028414797414948708 -9.5709185470068897e-05 0.0002659491084413597 -0.00017954864383457574 0.0029363110502024794
leaf_weight=588 203999 865 3338 6245 1232 30140 1994 19294 7035 34937 15804 1104 5421 10972
leaf_count=588 203999 865 3338 6245 1232 30140 1994 19294 7035 34937 15804 1104 5421 10972
internal_value=-0.00370029 -0.00809591 -0.00543679 -0.0122534 -0.00043086 -0.0163614 0.00393493 0.00349847 -0.00655079 -0.0146278 -0.00208051 -0.0180387 -0.00838719 0.00611115
internal_weight=342968 138969 105143 44520 60623 33826 2582 36919 23704 38275 16669 31244 6653 30266
internal_count=342968 138969 105143 44520 60623 33826 2582 36919 23704 38275 16669 31244 6653 30266
is_linear=0
shrinkage=0.04


Tree=22
num_leaves=15
num_cat=0
split_feature=8 0 11 11 2 3 3 11 11 2 0 11 15 9
split_gain=2588.31 2167.41 2420.71 1252.69 1579.81 1090.85 891.873 879.117 1036.87 954.511 872.444 978.958 748.477 633.41
threshold=0.20020395054413434 3.5810542446906379 43.173402908524821 1.0000000180025095e-35 103.16533700000001 14.867712000000003 4.8215800000000009 3.3256031646142499 1.0000000180025095e-35 53.208694500000007 1.3734205857037487 25.912149417803594 7.1632566795000097 0.0024141399299112969
decision_type=2 2 2 2 2 2 2 2 2 2 2 2 2 2
left_child=-1 7 3 -3 6 -6 -5 8 -2 -10 -9 -12 -11 -7
right_child=1 2 -4 4 5 13 -8 10 9 12 11 -13 -14 -15
leaf_value=0 -0.0017600096439737978 -0.0055342941101008888 -0.0047530217105519685 -0.012338533039008448 -0.0071132407238755826 0.0053586502151069639 0.00074865393090001002 -0.0012409716930203746 -0.00024510816596081953 0.00034124498675393468 -0.00042978813693364998 -0.0058723924014387431 -0.0032127767105448201 -0.0005869400796692226
leaf_weight=183996 3755 5647 14327 1913 7016 5759 40559 9013 7665 4872 10421 3912 439 43666
leaf_count=183996 3755 5647 14327 1913 7016 5759 40559 9013 7665 4872 10421 3912 439 43666
internal_value=-0.00358036 -0.00731889 -0.00460706 -0.00249426 -0.00144814 -0.00583335 0.00437936 -0.0153634 -0.00836531 -0.00300863 -0.0203787 -0.0142468 0.0100245 -0.00373819
internal_weight=342960 158964 118887 104560 98913 56441 42472 40077 16731 12976 23346 14333 5311 49425
internal_count=342960 158964 118887 104560 98913 56441 42472 40077 16731 12976 23346 14333 5311 49425
is_linear=0
shrinkage=0.04


Tree=23
num_leaves=15
num_cat=0
split_feature=8 2 11 11 2 13 11 0 11 3 1 11 10 2
split_gain=2499.9 1661.09 1833.34 2455.24 1425.48 1298.23 1058.26 845.776 1360.72 926.971 1244.82 690.628 686.045 671.702
threshold=0.30639990182582449 53.208694500000007 28.807354453528703 1.0000000180025095e-35 117.71670500000002 408.56842982380664 2.71914534967588 5.8252592437625301 3.3256031646142499 14.270604500000003 12.652024169152497 44.867785317102609 -0.79014086954727236 71.036819500000021
decision_type=2 2 2 2 2 2 2 2 2 2 2 2 2 2
left_child=11 6 3 12 5 -4 -2 8 -5 10 -9 -1 13 -3
right_child=1 2 4 7 -6 -7 -8 9 -10 -11 -12 -13 -14 -15
leaf_value=0 -0.00017715991687588598 -0.0031685000938648732 -0.0054540152996312057 0.0002773538090902117 -0.0053897119279482323 0.00010905034608075729 -0.0010251266144478903 0.00077333191653314066 -0.00058737730166192974 0.00061986334272939815 -0.052674899059864659 -0.00062571875189524392 0.001512852058573875 -0.0026918611216269583
leaf_weight=188956 6300 4367 7095 7238 16411 13852 7955 3396 26622 39113 2409 14521 334 4509
leaf_count=188956 6300 4367 7095 7238 16411 13852 7955 3396 26622 39113 2409 14521 334 4509
internal_value=-0.00346533 -0.00758762 -0.00611619 -0.00296404 -0.0135403 -0.00662434 -0.0205261 -0.000679377 -0.00545304 0.0029191 -0.0119966 -0.000637124 -0.022506 -0.0246237
internal_weight=343078 139601 125346 87988 37358 20947 14255 78778 33860 44918 5805 203477 9210 8876
internal_count=343078 139601 125346 87988 37358 20947 14255 78778 33860 44918 5805 203477 9210 8876
is_linear=0
shrinkage=0.04


Tree=24
num_leaves=15
num_cat=0
split_feature=9 2 2 0 15 1 9 12 13 15 10 13 1 0
split_gain=2359.18 1534.75 1503.06 1527.8 751.403 768.186 603.515 590.265 562.033 523.907 467.729 457.191 698.895 564.731
threshold=0.68998656511597856 53.208694500000007 113.06273650000001 5.963185797895254 4.9491151967499869 17.175951266211928 0.00043567986938730657 146.31180438278128 403.33370222533182 3.6895660932500083 -0.43800018173767058 642.89807683317133 24.204958901601255 0.60899971403463626
decision_type=2 2 2 2 2 2 2 2 2 2 2 2 2 2
left_child=1 -1 3 10 5 9 -6 -7 -5 -4 -3 13 -13 -2
right_child=11 2 4 8 6 7 -8 -9 -10 -11 -12 12 -14 -15
leaf_value=-0.00055641525728537084 0 -0.00067075883283960916 0.00018578627459483584 -0.00107180100401189 0.0045360035982473894 -0.00085820274966290399 -0.0039880634643326088 0.00081144522296681346 0.00081574180141485877 -0.0026584491884540829 0.00040078880891333715 0 0.00076960417413911774 -0.00024048278690616426
leaf_weight=14252 142683 39132 2962 16665 2391 2096 21599 2502 31570 5318 512 5935 3082 52478
leaf_count=14252 142683 39132 2962 16665 2391 2096 21599 2502 31570 5318 512 5935 3082 52478
internal_value=-0.00334883 -0.0073684 -0.00594772 -0.00310381 -0.0127265 -0.00493244 -0.0169104 0.00817747 0.00167762 -0.0122126 -0.0089214 -0.000612407 0.00819341 -0.00101926
internal_weight=343177 138999 124747 87879 36868 12878 23990 4598 48235 8280 39644 204178 9017 195161
internal_count=343177 138999 124747 87879 36868 12878 23990 4598 48235 8280 39644 204178 9017 195161
is_linear=0
shrinkage=0.04


Tree=25
num_leaves=15
num_cat=0
split_feature=8 2 11 11 9 1 11 3 14 13 2 14 1 11
split_gain=2242.74 1385.61 1772.78 2242.3 1290.13 1221.39 1133.02 745.099 684.219 716.452 792.222 785.969 784.673 1092.07
threshold=0.31500879370662027 53.208694500000007 29.027147362783442 1.0000000180025095e-35 0.20517901725635643 5.5416031541896258 2.71914534967588 4.9032800000000014 0.16176218473511844 266.16836799851399 108.04694000000002 0.18035712268665238 2.8837974596102076 3.3256031646142499
decision_type=2 2 2 2 2 2 2 2 2 2 2 2 2 2
left_child=-1 6 3 -3 5 -4 -2 -5 -9 -10 12 -12 13 -11
right_child=1 2 4 7 -6 -7 -8 8 9 10 11 -13 -14 -15
leaf_value=0 -0.00014043085134048117 -0.0026913997576330328 -0.010375111234595162 -0.0029138070725670856 -0.0035924046900298809 -0.00050945229956220358 -0.00096127693975785048 -0.0017397599812361908 0.00063726209571886327 0.00024307034223412455 -0.0046138742307654038 -0.00051553832501795435 0.00058831312552185629 -0.00073074946364698717
leaf_weight=204686 6334 9234 1983 4647 19906 14225 7969 1396 4167 3654 1994 16317 40071 6258
leaf_count=204686 6334 9234 1983 4647 19906 14225 7969 1396 4167 3654 1994 16317 40071 6258
internal_value=-0.00320452 -0.00714241 -0.00578109 -0.0027108 -0.0132403 -0.0048618 -0.0189303 -0.000517681 0.000459807 0.00099419 1.17141e-05 -0.00710611 0.00261929 -0.00745763
internal_weight=342841 138155 123852 87738 36114 16208 14303 78504 73857 72461 68294 18311 49983 9912
internal_count=342841 138155 123852 87738 36114 16208 14303 78504 73857 72461 68294 18311 49983 9912
is_linear=0
shrinkage=0.04


Tree=26
num_leaves=15
num_cat=0
split_feature=9 2 11 11 9 1 11 11 0 11 3 1 10 2
split_gain=2047.68 1287.53 1622.35 2027.27 1403.22 1216.59 1003.65 791.914 716.833 1371.56 897.993 1094.65 701.819 705.467
threshold=0.64599406142720062 53.208694500000007 29.027147362783442 1.0000000180025095e-35 0.20517901725635643 5.5416031541896258 2.71914534967588 44.534944229529664 6.1316402808482762 3.3256031646142499 14.081276500000001 12.652024169152497 -1.066300883685386 75.863865000000018
decision_type=2 2 2 2 2 2 2 2 2 2 2 2 2 2
left_child=1 6 3 12 5 -4 -1 -2 9 -5 11 -10 13 -3
right_child=7 2 4 8 -6 -7 -8 -9 10 -11 -12 -13 -14 -15
leaf_value=-0.00013713387709635594 0 -0.0032730892259005629 -0.0099524122306511673 0.0002884776933456741 -0.0041036863315112937 -0.00045732077619591174 -0.00090073980808085127 -0.00067059164577824577 0.00044361837744327749 -0.0005667341142251396 0.00065838302656298143 -0.053578622185155106 0.00081111081073561577 -0.0019505579420670794
leaf_weight=6325 194080 4687 1998 7377 17045 14362 8006 15753 3149 26409 37475 2097 541 3939
leaf_count=6325 194080 4687 1998 7377 17045 14362 8006 15753 3149 26409 37475 2097 541 3939
internal_value=-0.00308854 -0.0069632 -0.00559998 -0.0026846 -0.0130771 -0.00470905 -0.0182904 -0.000625069 -0.00055472 -0.00490854 0.00288851 -0.0126115 -0.0204603 -0.0232321
internal_weight=343243 133410 119079 85674 33405 16360 14331 209833 76507 33786 42721 5246 9167 8626
internal_count=343243 133410 119079 85674 33405 16360 14331 209833 76507 33786 42721 5246 9167 8626
is_linear=0
shrinkage=0.04


Tree=27
num_leaves=15
num_cat=0
split_feature=9 11 0 2 11 11 3 11 11 13 9 0 0 11
split_gain=1961.63 1207.57 1499.74 1129.44 1581.18 924.412 806.961 745.834 743.51 681.44 656.773 650.477 648.053 640.368
threshold=0.64599406142720062 42.697965811023174 3.5810542446906379 108.04694000000002 0.85262633767588591 3.3256031646142499 4.667513500000001 1.0000000180025095e-35 44.534944229529664 268.32281790025485 0.0024141399299112969 0.95712659871114625 16.141133267680438 12.040837269746712
decision_type=2 2 2 2 2 2 2 2 2 2 2 2 2 2
left_child=1 2 5 4 -4 7 -6 -1 -2 -9 -5 -7 -8 -13
right_child=8 -3 3 10 6 11 12 9 -10 -11 -12 13 -14 -15
leaf_value=-0.0013554173983419098 0 -0.0066322940366648009 -0.0048894513477740825 0.0028773293018577086 -0.015683676268257455 -0.0010991049597961992 0.00027887542006291814 0.0007221647418696811 -0.00064576239513297596 -8.0540457693073083e-05 -0.001682579191493682 -0.00018133118053667853 0.005670374983893705 -0.0049120535911411495
leaf_weight=3762 193986 10636 5697 5911 1440 6764 40227 740 15849 12249 27921 6979 5483 5425
leaf_count=3762 193986 10636 5697 5911 1440 6764 40227 740 15849 12249 27921 6979 5483 5425
internal_value=-0.00302703 -0.00682288 -0.00570123 -0.00285329 0.000800045 -0.0125738 0.00320509 -0.00570951 -0.000616866 -0.00116714 -0.00855994 -0.0185726 0.00413389 -0.0131312
internal_weight=343069 133234 122598 86679 52847 35919 47150 16751 209835 12989 33832 19168 45710 12404
internal_count=343069 133234 122598 86679 52847 35919 47150 16751 209835 12989 33832 19168 45710 12404
is_linear=0
shrinkage=0.04


Tree=28
num_leaves=15
num_cat=0
split_feature=9 11 2 11 2 0 11 11 14 10 2 11 10 0
split_gain=1799.48 1176.83 1439.65 1490.8 1439.87 967.23 1218.52 886.801 829.051 691.106 752.313 668.618 636.571 555.899
threshold=0.64599406142720062 42.697965811023174 53.208694500000007 1.0000000180025095e-35 108.04694000000002 6.076334434788115 3.3256031646142499 2.71914534967588 0.21021760849986634 -1.1710202679852013 72.05452750000002 44.534944229529664 -39.510458020607821 9.0383989907434259
decision_type=2 2 2 2 2 2 2 2 2 2 2 2 2 2
left_child=1 2 7 9 5 6 -5 -1 -7 10 -4 12 -2 -12
right_child=11 -3 3 4 -6 8 -8 -9 -10 -11 13 -13 -14 -15
leaf_value=-0.00013344233653940412 0.00082354090490087905 -0.0063260679247590249 -0.0030843263235238749 0.00027829333642316655 -0.0016220587348664836 0.00044782593747031324 -0.00050955921046762925 -0.00083471958127529996 0.0028313841626187376 0.00063404766043149378 1.995856166057186e-05 -0.00061662817152175755 0 -0.018386922555255966
leaf_weight=6335 4906 10621 4215 7295 35640 25152 23634 7967 7556 657 2771 15839 189078 1552
leaf_count=6335 4906 10621 4215 7295 35640 25152 23634 7967 7556 657 2771 15839 189078 1552
internal_value=-0.00289519 -0.00652768 -0.00542265 -0.00384984 -0.00242272 0.00118233 -0.00388891 -0.0173514 0.00597774 -0.0192583 -0.0223003 -0.000585827 5.93863e-05 -0.010576
internal_weight=343218 133395 122774 108472 99277 63637 30929 14302 32708 9195 8538 209823 193984 4323
internal_count=343218 133395 122774 108472 99277 63637 30929 14302 32708 9195 8538 209823 193984 4323
is_linear=0
shrinkage=0.04


Tree=29
num_leaves=15
num_cat=0
split_feature=9 11 2 11 2 0 11 3 9 11 10 2 14 1
split_gain=1675.83 1086.15 1291.44 1458.15 1374.29 922.231 809.39 759.606 781.375 680.161 674.054 772.684 602.649 599.466
threshold=0.6187541631807828 42.697965811023174 53.208694500000007 1.0000000180025095e-35 103.16533700000001 16.141133267680438 3.4819938165307192 14.867712000000003 0.0024141399299112969 44.534944229529664 -1.2687991458330001 70.256523500000014 0.21256765339438269 11.998514640388892
decision_type=2 2 2 2 2 2 2 2 2 2 2 2 2 2
left_child=1 2 6 10 5 12 -1 -6 -9 -2 11 -4 -5 -10
right_child=9 -3 3 4 7 -7 -8 8 13 -11 -12 -13 -14 -15
leaf_value=-0.00015341329679010058 0 -0.0064630183985340444 -0.0029793876434893187 -0.00010362908552850159 -0.006730709685152849 0.0053095343406153149 -0.0011150434545222432 0.0048052304057979237 -0.0034997804565701728 -0.00060971779152269793 0.00052717427063971533 -0.0022908621821535026 0.00076606386972431653 -0.00099205781049484568
leaf_weight=8189 196415 10107 3924 47009 7625 4049 6106 5831 2238 16293 778 4502 6448 23775
leaf_count=8189 196415 10107 3924 47009 7625 4049 6106 5831 2238 16293 778 4502 6448 23775
internal_value=-0.00275954 -0.00632649 -0.00526985 -0.00375027 -0.00230616 0.00163879 -0.0165568 -0.00805392 -0.00533853 -0.000569795 -0.0189657 -0.0222549 0.000244683 -0.00830508
internal_weight=343289 130581 120474 106179 96975 57506 14295 39469 31844 212708 9204 8426 53457 26013
internal_count=343289 130581 120474 106179 96975 57506 14295 39469 31844 212708 9204 8426 53457 26013
is_linear=0
shrinkage=0.04


Tree=30
num_leaves=15
num_cat=0
split_feature=8 11 0 11 11 2 3 8 3 13 11 10 0 2
split_gain=1586.94 1083.14 1300.74 982.968 917.651 1353.31 722.984 685.219 925.441 665.189 656.537 586.817 584.037 532.138
threshold=0.38228767031155025 40.995591252257974 3.5810542446906379 4.3177739223347809 1.0000000180025095e-35 103.16533700000001 4.667513500000001 0.99769928580022693 24.166226500000004 268.32281790025485 44.534944229529664 -44.98759609851075 16.141133267680438 75.863865000000018
decision_type=2 2 2 2 2 2 2 2 2 2 2 2 2 2
left_child=10 2 3 9 13 6 -6 8 -7 -2 11 -1 -8 -4
right_child=1 -3 4 -5 5 7 12 -9 -10 -11 -12 -13 -14 -15
leaf_value=0.0010970298182672305 0.00029759467627177251 -0.0059314663983957138 -0.0068267784457386217 -0.0013417838150542748 -0.014333580822732233 -0.0032451961215530472 0.00034199645823011939 0.0024903326047037671 -0.00037909967698137426 -0.00020784705094362664 -0.00058656878196731218 0 0.0049735622333557722 -0.0024760244123415878
leaf_weight=2305 2306 11835 2118 14974 1389 13169 35678 7512 15604 18396 16278 193950 4054 3507
leaf_count=2305 2306 11835 2118 14974 1389 13169 35678 7512 15604 18396 16278 193950 4054 3507
internal_value=-0.00272325 -0.00619448 -0.00504402 -0.0114318 -0.00229938 -0.0011658 0.00380244 -0.0067962 -0.00960484 -0.00578495 -0.000591155 4.91198e-05 0.00479412 -0.0178987
internal_weight=343075 130542 118707 35676 83031 77406 41121 36285 28773 20702 212533 196255 39732 5625
internal_count=343075 130542 118707 35676 83031 77406 41121 36285 28773 20702 212533 196255 39732 5625
is_linear=0
shrinkage=0.04


Tree=31
num_leaves=15
num_cat=0
split_feature=9 11 2 11 2 0 11 11 14 3 10 2 0 13
split_gain=1523.86 985.558 1138.89 1278.58 1217.52 814.813 1059.49 776.074 716.639 700.653 605.912 697.11 577.626 572.79
threshold=0.6187541631807828 42.697965811023174 53.208694500000007 1.0000000180025095e-35 104.09299450000002 5.5713436154964642 3.3256031646142499 3.4819938165307192 0.21021760849986634 24.510447500000001 -1.2687991458330001 73.982925500000007 9.5060016965075409 390.72398086571758
decision_type=2 2 2 2 2 2 2 2 2 2 2 2 2 2
left_child=1 2 7 10 5 6 -5 -1 -7 -6 11 -4 13 -13
right_child=-2 -3 3 4 9 8 -8 -9 -10 -11 -12 12 -14 -15
leaf_value=-0.00014107242384110512 0 -0.005968425385161874 -0.0029016824977162042 0.00027201585357898019 -0.0031165289078090674 0.00040896348420822786 -0.0004447349741862504 -0.0010187861928254863 0.002437464103427254 -0.00025143017188487685 0.00048405011296657921 -0.0021589629562030984 -0.018663904648851062 0.0021532854507505094
leaf_weight=8159 212692 10064 4363 7089 21108 22202 21884 6141 7183 17446 782 1018 1384 1675
leaf_count=8159 212692 10064 4363 7089 21108 22202 21884 6141 7183 17446 782 1018 1384 1675
internal_value=-0.00262455 -0.00602737 -0.0050225 -0.0035947 -0.00224038 0.00140375 -0.00335623 -0.0156196 0.00609699 -0.00775639 -0.0178269 -0.0209479 -0.00905568 0.00173784
internal_weight=343190 130498 120434 106134 96912 58358 28973 14300 29385 38554 9222 8440 4077 2693
internal_count=343190 130498 120434 106134 96912 58358 28973 14300 29385 38554 9222 8440 4077 2693
is_linear=0
shrinkage=0.04


Tree=32
num_leaves=15
num_cat=0
split_feature=11 3 2 9 12 11 3 12 0 1 3 13 3 3
split_gain=1514.85 1446.66 1091.01 1279.87 1051.66 1545.76 908.739 657.755 546.562 542.809 1454.53 587.073 666.644 541.7
threshold=26.209127694138189 19.412503500000003 117.10308450000001 0.71034757157555017 73.218227989393753 4.3177739223347809 51.704191000000009 72.363434625521492 1.3734205857037487 27.139402301381324 25.223747500000005 308.55072763694039 28.770002000000002 33.969299000000014
decision_type=2 2 2 2 2 2 2 2 2 2 2 2 2 2
left_child=4 -2 6 13 5 -1 7 -3 -7 11 -11 -5 -13 -4
right_child=1 2 3 9 -6 8 -8 -9 -10 10 -12 12 -14 -15
leaf_value=0 -0.0035343046150166715 -0.0083207245672769648 -0.0021453949255555538 -0.00034101120284746485 0 -0.0012011295660887243 0.0009034829589118354 -7.8260825918465075e-05 -0.00039587988476146279 -0.015199683670377873 -0.00020841333688888553 0.0034892996693989277 -0.0001837909427709028 -0.0043303522116563452
leaf_weight=47362 18613 1065 6784 2141 195029 6165 9063 16698 6869 2340 14388 6491 2923 7044
leaf_count=47362 18613 1065 6784 2141 195029 6165 9063 16698 6869 2340 14388 6491 2923 7044
internal_value=-0.00253919 -0.00707984 -0.00440808 -0.0084244 -0.000982833 -0.00559507 0.00189667 -0.00336204 -0.0177935 -0.00354842 -0.00815399 0.003119 0.00741874 -0.0183975
internal_weight=342975 87550 68937 42111 255425 60396 26826 17763 13034 28283 16728 11555 9414 13828
internal_count=342975 87550 68937 42111 255425 60396 26826 17763 13034 28283 16728 11555 9414 13828
is_linear=0
shrinkage=0.04


Tree=33
num_leaves=15
num_cat=0
split_feature=9 11 0 11 12 3 10 11 11 10 3 13 12 11
split_gain=1397.37 1304.99 1503.68 867.429 842.814 1288.29 1079.29 804.928 675.359 987.877 1205.83 640.324 540.283 758.604
threshold=0.83192148247557651 43.656180179255237 3.5810542446906379 1.0000000180025095e-35 108.62012468374512 14.369974000000001 -12.728875927639766 4.3177739223347809 23.059881007758712 -22.728044523347275 24.855747500000003 268.32281790025485 72.713016254854509 26.209127694138189
decision_type=2 2 2 2 2 2 2 2 2 2 2 2 2 2
left_child=1 2 7 -4 6 -6 -5 11 -7 10 -10 -1 -9 -14
right_child=-2 -3 3 4 5 8 -8 12 9 -11 -12 -13 13 -15
leaf_value=0.00030118372231183578 0 -0.0030443252648758006 -0.0042729102539309583 0.0050880921573334351 -0.0083301064745599594 0.00051050279228569845 0.00016902997726567337 -0.001342405126529129 -0.017040433670737334 -0.0011103949503662386 0.00058863998317624318 -0.00018111331143959021 -0.0001472923223197406 -0.0013803031933109255
leaf_weight=2316 176768 15583 5598 3987 7518 21525 28486 9174 2384 22855 17268 18416 7301 3729
leaf_count=2316 176768 15583 5598 3987 7518 21525 28486 9174 2384 22855 17268 18416 7301 3729
internal_value=-0.00240286 -0.00503672 -0.0038962 -0.00145337 -0.000627938 -0.00305353 0.00471653 -0.0104378 -0.00121439 -0.00413767 0.00243843 -0.00490064 -0.0161196 -0.0101541
internal_weight=342908 166140 150557 109621 104023 71550 32473 40936 64032 42507 19652 20732 20204 11030
internal_count=342908 166140 150557 109621 104023 71550 32473 40936 64032 42507 19652 20732 20204 11030
is_linear=0
shrinkage=0.04


Tree=34
num_leaves=15
num_cat=0
split_feature=8 11 14 2 11 11 15 15 9 12 0 15 11 2
split_gain=1435.52 913.309 1109.84 965.314 784.882 879.879 669.683 664.909 866.409 779.385 673.738 682.249 607.618 595.451
threshold=0.39384590033630679 40.995591252257974 0.21135727656717004 53.208694500000007 1.0000000180025095e-35 3.3256031646142499 5.108791732625023 8.1718748551249707 0.0024141399299112969 66.3935019037486 2.8518993071215806 7.5518605999999986 4.8580975801687787 83.827297000000016
decision_type=2 2 2 2 2 2 2 2 2 2 2 2 2 2
left_child=-1 2 3 12 13 6 -6 8 10 -9 -7 -12 -2 -5
right_child=1 -3 -4 4 5 7 -8 9 -10 -11 11 -13 -14 -15
leaf_value=0 -0.00018872147396705119 -0.0053487544616019926 0.00038558992436788636 -0.0019988128798176315 0.00075413196751938157 -0.00046396597228538035 8.4700100898185557e-05 -0.002158365982759051 -0.0016586952971877479 0.0014737810990845179 0.00060664771235790843 -0.0050875750358977184 -0.0013916813097354808 0.00045580679759711266
leaf_weight=213332 9080 11521 16240 5846 1996 7543 5061 1489 28461 11626 23620 945 3754 1944
leaf_count=213332 9080 11521 16240 5846 1996 7543 5061 1489 28461 11626 23620 945 3754 1944
internal_value=-0.0022794 -0.00560817 -0.00455525 -0.00611059 -0.00462437 -0.0034545 0.0100383 -0.00474676 -0.00651488 0.00341899 -0.00201071 0.00120008 -0.0163628 -0.0167497
internal_weight=342458 129126 117605 101365 88531 80741 7057 73684 60569 13115 32108 24565 12834 7790
internal_count=342458 129126 117605 101365 88531 80741 7057 73684 60569 13115 32108 24565 12834 7790
is_linear=0
shrinkage=0.04


Tree=35
num_leaves=15
num_cat=0
split_feature=8 2 12 0 13 15 1 3 10 14 12 2 12 1
split_gain=1301.14 804.659 1189.26 757.873 576.265 548.102 757.146 546.016 539.245 499.397 578.509 737.258 457.891 405.989
threshold=0.39384590033630679 53.208694500000007 133.64183663992762 19.145454732382152 642.89807683317133 4.9491151967499869 3.7969241737860417 23.591254500000002 -24.192433104037161 0.21135727656717004 71.991252144182312 99.672367000000023 58.360197220196916 28.371616803997181
decision_type=2 2 2 2 2 2 2 2 2 2 2 2 2 2
left_child=4 12 3 9 13 6 -4 -5 -6 -3 -11 -12 -2 -1
right_child=1 2 5 7 8 -7 -8 -9 -10 10 11 -13 -14 -15
leaf_value=0 -1.1737311056423533e-05 -0.00042068101082589265 -0.0069365021367092652 -0.054842975658789206 0.00074631898888579947 -0.0033135645319123555 1.1763091122621166e-05 0.0072067803076002667 0 -0.00025141840376950231 0.002724592370406319 -0.0014889341787817992 -0.00047991060728617085 -0.00039082162831105251
leaf_weight=180987 3028 68611 870 626 3583 20135 8952 5075 5991 3953 5273 1586 11283 23356
leaf_count=180987 3028 68611 870 626 3583 20135 8952 5075 5991 3953 5273 1586 11283 23356
internal_value=-0.00220221 -0.00536849 -0.00425613 -0.0018439 -0.000287027 -0.0111106 -0.00336388 0.0122435 0.00930437 -0.00285509 0.00513504 0.0121592 -0.0143135 -0.000736409
internal_weight=343309 129392 115081 85124 213917 29957 9822 5701 9574 79423 10812 6859 14311 204343
internal_count=343309 129392 115081 85124 213917 29957 9822 5701 9574 79423 10812 6859 14311 204343
is_linear=0
shrinkage=0.04


Tree=36
num_leaves=15
num_cat=0
split_feature=8 12 12 13 9 13 15 1 13 2 1 9 15 13
split_gain=1221.14 757.17 1267.46 1003.69 819.397 591.85 540.129 764.467 537.549 535.869 495.826 409.015 632.36 408.986
threshold=0.38228767031155025 133.64183663992762 73.218227989393753 408.56842982380664 0.0017511998693243715 268.32281790025485 4.9491151967499869 3.7969241737860417 642.89807683317133 89.750652500000015 23.020764661086407 0.00015093223166945394 5.2177581391250536 268.7841962257441
decision_type=2 2 2 2 2 2 2 2 2 2 2 2 2 2
left_child=8 2 5 4 11 -2 7 -3 -1 -7 -10 12 -4 -13
right_child=1 6 3 -5 -6 9 -8 -9 10 -11 -12 13 -14 -15
leaf_value=0 0.00022798188723797611 -0.0066757400005142825 -0.0014801116273253339 0.00089253875970234575 -0.0028768616724391119 -0.00041656326051176364 -0.0031082650632292962 4.0989742590548104e-05 0 0.002241915927552685 0.00070129805435342665 0.0021540747302752693 0.00047662281665738593 -0.0003620391333775033
leaf_weight=203247 2072 863 6305 31271 9322 35622 20632 9232 5932 978 3577 1346 11636 1187
leaf_count=203247 2072 863 6305 31271 9322 35622 20632 9232 5932 978 3577 1346 11636 1187
internal_value=-0.0021156 -0.00516242 -0.00347106 0.000117248 -0.00513626 -0.00913736 -0.0106525 -0.00307083 -0.000247232 -0.0103148 0.00904827 -0.00066035 -0.00278468 0.0143861
internal_weight=343222 130466 99739 61067 29796 38672 30727 10095 212756 36600 9509 20474 17941 2533
internal_count=343222 130466 99739 61067 29796 38672 30727 10095 212756 36600 9509 20474 17941 2533
is_linear=0
shrinkage=0.04


Tree=37
num_leaves=15
num_cat=0
split_feature=11 3 1 2 0 3 8 11 2 1 11 13 13 14
split_gain=1168.81 1263.46 1112.88 983.186 1247.92 851.954 808.77 1400.25 1404.89 733.537 704.889 555.39 576.013 535.777
threshold=26.480353933682839 23.794443500000003 25.22037569307864 117.71670500000002 7.0947580315937007 14.369974000000001 0.99991679793369304 1.0000000180025095e-35 53.208694500000007 21.504592471841331 2.71914534967588 513.32521284928225 583.60789811233519 0.217334141739844
decision_type=2 2 2 2 2 2 2 2 2 2 2 2 2 2
left_child=6 2 5 9 11 -2 -1 -8 10 13 -9 -5 -13 -3
right_child=1 3 -4 4 -6 -7 7 8 -10 -11 -12 12 -14 -15
leaf_value=0 -0.004862052946211017 -0.0011421285011754686 -0.014783475230308261 0.00020670339306011799 -0.0024403603079777383 -0.0007995355048659664 -0.0021425925568329929 -5.9062682376378043e-05 0.00014820613569956509 0.00068353266728567012 -0.00062934820677416003 -0.00076419105695670238 0.00021238971485003461 0.0063686227528235361
leaf_weight=203420 7044 6713 2892 13242 12590 21420 7056 5733 32798 16897 7256 3822 1986 450
leaf_count=203420 7044 6713 2892 13242 12590 21420 7056 5733 32798 16897 7256 3822 1986 450
internal_value=-0.00203135 -0.00603566 -0.0124582 -0.00242011 -0.00705436 -0.0100562 -0.000671029 -0.00507995 -0.00252386 0.00367415 -0.0136577 -0.000596325 -0.0109091 -0.00705291
internal_weight=343319 87056 31356 55700 31640 28464 256263 52843 45787 24060 12989 19050 5808 7163
internal_count=343319 87056 31356 55700 31640 28464 256263 52843 45787 24060 12989 19050 5808 7163
is_linear=0
shrinkage=0.04


Tree=38
num_leaves=15
num_cat=0
split_feature=11 1 15 2 9 11 0 2 0 11 3 1 15 3
split_gain=1135.93 1324.29 933.619 1099.09 777.272 1067.74 1413.27 754.176 783.504 727.044 507.319 470.82 644.724 474.092
threshold=26.480353933682839 5.5416031541896258 8.4516063852500043 124.07746900000001 1.6743053112111553e-05 0.75786051844235625 0.95712659871114625 96.401027500000012 7.0947580315937007 5.11958871247354 14.270604500000003 17.175951266211928 3.0431176787500083 19.100779000000003
decision_type=2 2 2 2 2 2 2 2 2 2 2 2 2 2
left_child=4 -2 7 -4 5 -1 9 -3 10 -7 -9 -6 -13 -14
right_child=1 2 3 -5 11 6 -8 8 -10 -11 -12 12 13 -15
leaf_value=-0.0016704078651114205 -0.0075481834790754676 0.0034965298680784893 0.00057481909615944343 -0.0014968375009933408 0 -0.00013195908199506725 9.8039465483434066e-05 -0.0015180610120717937 -0.0031033647775519876 -0.0013929361188182766 -0.00018731045507271838 -0.00028932987800787285 -0.011845255345408381 0.00068278638229545159
leaf_weight=6846 3754 2796 17315 3889 186488 7302 32621 3172 21855 3494 34085 1081 851 17484
leaf_count=6846 3754 2796 17315 3889 186488 7302 32621 3172 21855 3494 34085 1081 851 17484
internal_value=-0.00198278 -0.00593558 -0.00488594 0.00235805 -0.000642393 -0.00510196 -0.00278693 -0.00736706 -0.00832724 -0.0153316 -0.00480017 0.000446227 0.00637412 0.00814399
internal_weight=343033 86866 83112 21204 256167 50263 43417 61908 59112 10796 37257 205904 19416 18335
internal_count=343033 86866 83112 21204 256167 50263 43417 61908 59112 10796 37257 205904 19416 18335
is_linear=0
shrinkage=0.04


Tree=39
num_leaves=15
num_cat=0
split_feature=11 9 11 14 0 11 9 15 3 10 8 1 8 12
split_gain=1124.82 862.822 809.441 897.63 725.833 915.169 810.306 994.738 614.26 584.956 578.65 553.023 538.924 482.489
threshold=44.867785317102609 0.55650785899935951 1.0000000180025095e-35 0.21256765339438269 0.95712659871114625 5.11958871247354 0.0024141399299112969 7.8595107582499688 4.9032800000000014 -1.2687991458330001 0.2268056609016452 4.3038322203067008 0.77322486464719298 69.016051147592975
decision_type=2 2 2 2 2 2 2 2 2 2 2 2 2 2
left_child=1 2 9 4 5 -4 8 -8 11 -1 -2 -6 -5 -9
right_child=10 -3 3 12 6 -7 7 13 -10 -11 -12 -13 -14 -15
leaf_value=-0.0021842475570802889 -0.00028012728960876229 0 -9.4041774767602006e-05 -0.00044368076812773661 -0.00038232228060193523 -0.0013239626579311849 -0.00181660144395339 -0.00056156070379637514 0.00018004807599915311 0.00054603124311083939 -0.0039139323280140128 -0.020578102464119809 0.00080673435063368824 0.00086037922742702359
leaf_weight=8433 12517 201666 9525 3703 2235 3759 26528 1347 40608 927 11260 1384 8833 10033
leaf_count=8433 12517 201666 9525 3703 2235 3759 26528 1347 40608 927 11260 1384 8833 10033
internal_value=-0.00188763 -0.00126202 -0.0039896 -0.00301125 -0.00433331 -0.0130081 -0.0029303 -0.00722169 0.000747959 -0.0152735 -0.0102805 -0.0150428 0.00705169 0.00267135
internal_weight=342758 318981 117315 107955 95419 13284 82135 37908 44227 9360 23777 3619 12536 11380
internal_count=342758 318981 117315 107955 95419 13284 82135 37908 44227 9360 23777 3619 12536 11380
is_linear=0
shrinkage=0.04


Tree=40
num_leaves=15
num_cat=0
split_feature=11 9 14 2 11 11 11 10 2 13 12 15 11 2
split_gain=1052.75 817.368 752.004 675.619 663.375 612.275 1184.54 684.397 732.092 564.752 559.797 794.351 942.646 692.64
threshold=44.534944229529664 0.55650785899935951 0.21135727656717004 53.208694500000007 4.8580975801687787 1.3342427298424633 3.3256031646142499 -0.43800018173767058 84.66976200000002 282.46392299658419 66.3935019037486 7.8595107582499688 23.059881007758712 111.92917250000001
decision_type=2 2 2 2 2 2 2 2 2 2 2 2 2 2
left_child=1 2 3 4 -1 7 -7 8 9 -5 -8 12 -12 -13
right_child=-2 -3 -4 5 -6 6 10 -9 -10 -11 11 13 -14 -15
leaf_value=-0.00012936888308882045 -0.0010228210458458691 0 0.00027520179939289404 -6.0616457875450612e-05 -0.0011910524757574935 0.00044019041662895185 -0.00078574106294076107 0.00037721301255109622 0.00077914244396820847 -0.0030365314699646539 -0.00013370452506067414 0.0023545716709207475 -0.0028231841295565906 -0.0030677306061129266
leaf_weight=9064 24462 201407 16587 1491 3797 5747 4755 528 2146 4943 34644 9324 21100 3152
leaf_count=9064 24462 201407 16587 1491 3797 5747 4755 528 2146 4943 34644 9324 21100 3152
internal_value=-0.00184049 -0.00122667 -0.00388138 -0.0051814 -0.0137439 -0.00392759 -0.0027916 -0.0137462 -0.0164662 -0.0232142 -0.00416855 -0.00324362 -0.00528559 0.00588009
internal_weight=343147 318685 117278 100691 12861 87830 78722 9108 8580 6434 72975 68220 55744 12476
internal_count=343147 318685 117278 100691 12861 87830 78722 9108 8580 6434 72975 68220 55744 12476
is_linear=0
shrinkage=0.04


Tree=41
num_leaves=15
num_cat=0
split_feature=9 11 14 2 11 11 11 2 13 0 11 12 0 9
split_gain=985.62 918.302 712.637 622.804 633.639 576.122 1094.13 589.378 819.969 570.17 860.824 634.779 588.308 570.787
threshold=0.57167091881947074 43.173402908524821 0.21135727656717004 53.208694500000007 4.8580975801687787 1.3342427298424633 3.3256031646142499 84.66976200000002 282.46392299658419 3.6291365783226808 14.399889209541945 109.68759427400717 13.487666047424554 0.0024141399299112969
decision_type=2 2 2 2 2 2 2 2 2 2 2 2 2 2
left_child=1 2 3 4 -1 7 -7 8 -5 10 -8 12 -11 -13
right_child=-2 -3 -4 5 -6 6 9 -9 -10 11 -12 13 -14 -15
leaf_value=-0.00011853774234083299 0 -0.0060737283805769879 0.00027677197438178786 0.00012736214257319246 -0.0011363707017579905 0.00042006183136276314 -0.00014492933355095356 0.00093518827923982505 -0.0027234090148285693 0.00011583602425700592 -0.0053060006455063358 0.0010451203591486248 0.00491174156982312 -0.0015508354884536597
leaf_weight=9032 216732 8603 16519 1767 3782 5750 7732 2204 5087 22567 4169 11348 1395 25822
leaf_count=9032 216732 8603 16519 1767 3782 5750 7732 2204 5087 22567 4169 11348 1395 25822
internal_value=-0.00176825 -0.00458494 -0.00365883 -0.00492256 -0.0131606 -0.00372081 -0.00262239 -0.0132745 -0.0190604 -0.00394507 -0.0119553 -0.00238566 0.00269093 -0.00565833
internal_weight=342509 125777 117174 100655 12814 87841 78783 9058 6854 73033 11901 61132 23962 37170
internal_count=342509 125777 117174 100655 12814 87841 78783 9058 6854 73033 11901 61132 23962 37170
is_linear=0
shrinkage=0.04


Tree=42
num_leaves=15
num_cat=0
split_feature=9 11 14 2 11 11 11 10 2 0 12 3 9 11
split_gain=966.849 868.556 692.737 563 655.032 556.197 1036.73 675.654 835.843 570.783 966.937 676.658 816.051 651.591
threshold=0.55650785899935951 43.173402908524821 0.21135727656717004 53.208694500000007 4.8580975801687787 1.3342427298424633 3.3256031646142499 -1.3611534017396367 84.66976200000002 6.1316402808482762 108.62012468374512 14.270604500000003 0.0024141399299112969 15.643473919712479
decision_type=2 2 2 2 2 2 2 2 2 2 2 2 2 2
left_child=1 2 3 4 -1 7 -7 8 -5 13 -11 -12 -13 -8
right_child=-2 -3 -4 5 -6 6 9 -9 -10 10 11 12 -14 -15
leaf_value=-0.00011584146025693229 0 -0.0060055130487192167 0.00027152107613014759 -0.0026125683613826738 -0.0010891432999500564 0.00039785967915899036 -0.00019935107579131491 0.00025622930606354941 0.00071754729496433022 0.0010646526666313978 -0.01982121985287174 0.0034324938232076275 -0.0012986708254743467 -0.004420670033327986
leaf_weight=9006 218375 8392 16473 5583 3814 5733 16006 1392 2173 13713 4199 8735 20789 8580
leaf_count=9006 218375 8392 16473 5583 3814 5733 16006 1392 2173 13713 4199 8735 20789 8580
internal_value=-0.00172928 -0.00454105 -0.0036435 -0.00489877 -0.0127239 -0.0037444 -0.00264678 -0.0130739 -0.0176792 -0.0039499 -0.00138629 -0.00502802 -0.00289121 -0.00889612
internal_weight=342963 124588 116196 99723 12820 86903 77755 9148 7756 72022 47436 33723 29524 24586
internal_count=342963 124588 116196 99723 12820 86903 77755 9148 7756 72022 47436 33723 29524 24586
is_linear=0
shrinkage=0.04


Tree=43
num_leaves=15
num_cat=0
split_feature=11 9 12 11 2 11 15 3 1 2 1 9 9 13
split_gain=903.391 709.275 636.253 1272.75 873.268 912.904 783.62 643.968 638.364 608.442 571.545 532.292 515.845 484.899
threshold=44.867785317102609 0.54651628205009295 73.218227989393753 5.5592280137307943 103.16533700000001 2.2813768226409468 9.0992552776249926 4.9784045000000008 4.3874106183992074 88.141342000000023 3.7969241737860417 0.79276446369996212 0.0040341671760505413 268.32281790025485
decision_type=2 2 2 2 2 2 2 2 2 2 2 2 2 2
left_child=1 2 3 9 5 -4 7 8 -7 13 -6 -2 -12 -1
right_child=11 -3 4 -5 10 6 -8 -9 -10 -11 12 -13 -14 -15
leaf_value=0.00025247195913773271 -0.0032375686474308656 0 -0.0038523830483980603 -0.0012702475906781129 -0.0053717135768810414 -8.3964578685090106e-05 0.0040968810056673565 0.0006014370703649732 -0.021704307841733776 0.0021916635628554801 0.0019957761378116162 -0.00019542401926427554 -0.0014215081967530172 -0.00014597908140824873
leaf_weight=1916 11918 202738 3860 10842 817 2000 3441 31521 1151 914 8341 11788 27103 24612
leaf_count=1916 11918 202738 3860 10842 817 2000 3441 31521 1151 914 8341 11788 27103 24612
internal_value=-0.00163517 -0.00107575 -0.00356271 -0.00778811 -0.001495 0.00243299 0.00431034 0.00250346 -0.0147382 -0.00320385 -0.00604175 -0.00916899 -0.00527931 -0.00430941
internal_weight=342962 319256 116518 38284 78234 41973 38113 34672 3151 27442 36261 23706 35444 26528
internal_count=342962 319256 116518 38284 78234 41973 38113 34672 3151 27442 36261 23706 35444 26528
is_linear=0
shrinkage=0.04


Tree=44
num_leaves=15
num_cat=0
split_feature=11 9 14 3 2 9 1 2 11 11 10 12 11 11
split_gain=841.144 646.815 606.722 523.158 588.89 520.839 441.729 431.455 618.745 550.579 810.303 710.192 661.716 710.931
threshold=44.534944229529664 0.47013787464091489 0.21135727656717004 51.704191000000009 111.34319300000001 0.76310867707397234 44.189394854363975 53.208694500000007 5.338486783400775 26.480353933682839 -4.4995444998545429 112.29020294283126 1.3342427298424633 3.3256031646142499
decision_type=2 2 2 2 2 2 2 2 2 2 2 2 2 2
left_child=1 2 3 7 -5 -2 -3 8 -1 12 11 -11 -9 -14
right_child=5 6 -4 4 -6 -7 -8 9 -10 10 -12 -13 13 -15
leaf_value=-0.00011484756210496841 -0.0034602901914865748 0 0.00024211929864243183 0.0059754012418724162 -0.0045928841115541151 -0.00022638973852834199 0.00093754610213541757 -0.0011522794152711148 -0.0012109890266773008 0.0033244666098785768 -0.0063213772481844968 -0.0034748969470097925 0.0003361665092849007 -0.00020900830754764171
leaf_weight=9390 11315 205679 15607 2420 915 13295 2460 8944 3346 2140 2372 13121 5625 46339
leaf_count=9390 11315 205679 15607 2420 915 13295 2460 8944 3346 2140 2372 13121 5625 46339
internal_value=-0.00157414 -0.00102338 -0.00350103 -0.00470638 0.0108546 -0.0086989 0.000288653 -0.00527493 -0.0121043 -0.0041675 -0.0103919 -0.00701134 -0.00236553 -0.000635825
internal_weight=342968 318358 110219 94612 3335 24610 208139 91277 12736 78541 17633 15261 60908 51964
internal_count=342968 318358 110219 94612 3335 24610 208139 91277 12736 78541 17633 15261 60908 51964
is_linear=0
shrinkage=0.04


Tree=45
num_leaves=15
num_cat=0
split_feature=9 12 12 13 9 13 1 15 2 13 12 10 3 13
split_gain=777.175 582.887 916.896 777.053 702.975 563.51 488.196 795.914 475.413 441.378 437.462 397.888 345.604 459.195
threshold=0.54651628205009295 134.09037967503212 73.218227989393753 408.56842982380664 0.0017511998693243715 268.32281790025485 3.7969241737860417 4.9491151967499869 90.705951500000012 642.89807683317133 58.360197220196916 -23.718329027297269 47.455724500000009 515.31255052261804
decision_type=2 2 2 2 2 2 2 2 2 2 2 2 2 2
left_child=1 2 5 4 -4 -1 -3 -8 10 -2 -7 -11 13 -5
right_child=9 6 3 12 -6 8 7 -9 -10 11 -12 -13 -14 -15
leaf_value=0.00023997060647469506 0 -0.005086851869565776 -2.1791733508144085e-05 0.0011865898979202805 -0.0025715661926167146 7.4094656395006504e-05 0.00028941905117565151 -0.0030480590926481215 0.0027076259224469764 0.0006231128189319832 -0.00039155071945351619 0 0.003199785638537009 -0.00087524775158028369
leaf_weight=2086 209824 853 20608 16782 8812 3906 7692 16462 519 3747 31951 6019 6184 7350
leaf_count=2086 209824 853 20608 16782 8812 3906 7692 16462 519 3747 31951 6019 6184 7350
internal_value=-0.00151461 -0.0040573 -0.00266889 0.00043257 -0.0041985 -0.00748583 -0.00950934 -0.00845905 -0.00864526 -8.79821e-05 -0.00919542 0.00822445 0.00492677 0.00276479
internal_weight=342795 123205 98198 59736 29420 38462 25007 24154 36376 219590 35857 9766 30316 24132
internal_count=342795 123205 98198 59736 29420 38462 25007 24154 36376 219590 35857 9766 30316 24132
is_linear=0
shrinkage=0.04


Tree=46
num_leaves=15
num_cat=0
split_feature=11 9 3 14 9 2 11 2 1 13 14 1 11 11
split_gain=820.279 547.873 532.055 527.276 486.1 461.434 657.627 448.051 671.234 459.335 715.17 523.869 427.567 861.361
threshold=43.958002559118746 0.47013787464091489 14.369974000000001 0.21135727656717004 0.87425797064335398 53.208694500000007 5.338486783400775 112.75055300000001 19.709957524944553 266.16836799851399 0.18742964826238592 13.642364517789634 1.3342427298424633 3.4819938165307192
decision_type=2 2 2 2 2 2 2 2 2 2 2 2 2 2
left_child=1 3 -2 5 -4 6 -1 8 12 -9 -11 -12 -7 -14
right_child=2 -3 4 -5 -6 7 -8 9 -10 10 11 -13 13 -15
leaf_value=-9.9270197340593089e-05 -0.014901014154792752 0 -0.0011615076130029934 0.00023228919264908109 0.00014617478503127626 -0.0010107800798976223 -0.0011726603362213351 0.00036461931834399846 0.0056467274063047943 -0.004023767353879432 0.031172681781947698 -0.0034446692776401427 0.00035270576356543688 -0.00031360492775269448
leaf_weight=9560 1332 207105 18121 15527 6665 9034 3355 3556 3966 3241 1154 8215 6038 46404
leaf_count=9560 1332 207105 18121 15527 6665 9034 3355 3556 3966 3241 1154 8215 6038 46404
internal_value=-0.00147171 -0.000910596 -0.00828547 -0.00319128 -0.00696199 -0.00431345 -0.0113388 -0.00320165 -0.00172855 -0.00916491 -0.0127454 -0.0071427 -0.0027575 -0.00137295
internal_weight=343273 317155 26118 110050 24786 94523 12915 81608 65442 16166 12610 9369 61476 52442
internal_count=343273 317155 26118 110050 24786 94523 12915 81608 65442 16166 12610 9369 61476 52442
is_linear=0
shrinkage=0.04


Tree=47
num_leaves=15
num_cat=0
split_feature=8 2 13 12 13 13 13 13 9 1 2 13 12 12
split_gain=711.045 517.464 876.447 679.751 739.718 557.229 553.603 707.563 537.071 515.878 442.045 399.678 397.003 376.137
threshold=0.39384590033630679 118.56686000000001 266.16836799851399 73.218227989393753 408.56842982380664 268.32281790025485 282.46392299658419 513.32521284928225 0.0017511998693243715 25.389836123124486 90.705951500000012 642.89807683317133 58.360197220196916 105.51701355748681
decision_type=2 2 2 2 2 2 2 2 2 2 2 2 2 2
left_child=11 3 -3 5 8 -2 -4 9 -5 -8 12 -1 -7 -6
right_child=1 2 6 4 13 10 7 -9 -10 -11 -12 -13 -14 -15
leaf_value=0 0.00025564849293305687 0.0005269230489875704 -0.0039040009939230046 -0.00010813222707078282 0.0011863516091317093 7.4981153716239328e-05 -0.00067591685428707417 -0.0045477598696471279 -0.0018720346114264028 -0.0080890255477475276 0.0025467265319214579 0 -0.0003581744905444853 3.126379477494501e-05
leaf_weight=204141 2108 4389 2076 20864 15764 3905 9501 2889 12030 1735 527 9572 32089 21483
leaf_count=204141 2108 4389 2076 20864 15764 3905 9501 2889 12030 1735 527 9572 32089 21483
internal_value=-0.00140273 -0.00374335 -0.00955804 -0.00264264 -0.000295975 -0.00690362 -0.0138535 -0.0110188 -0.00466711 -0.00647917 -0.00805783 1.40375e-05 -0.00859032 0.00356431
internal_weight=343073 129360 20590 108770 70141 38629 16201 14125 32894 11236 36521 213713 35994 37247
internal_count=343073 129360 20590 108770 70141 38629 16201 14125 32894 11236 36521 213713 35994 37247
is_linear=0
shrinkage=0.04


Tree=48
num_leaves=15
num_cat=0
split_feature=11 3 10 10 2 8 1 12 3 0 3 10 13 3
split_gain=783.866 1138.92 1096.32 792.791 770.102 1086.64 678.513 653.149 644.272 642.4 517.87 979.001 624.66 509.655
threshold=26.480353933682839 23.794443500000003 -25.150613661564499 -4.4995444998545429 117.71670500000002 0.43442540711011379 16.60618864941571 69.854098619241753 18.938612500000001 2.3661498667467629 28.770002000000002 -29.148042734983029 326.60635944222241 19.910172500000005
decision_type=2 2 2 2 2 2 2 2 2 2 2 2 2 2
left_child=6 2 -2 13 7 10 -1 -3 -8 -10 11 -6 -13 -4
right_child=1 4 3 -5 5 -7 8 -9 9 -11 -12 12 -14 -15
leaf_value=0 -0.014142270760242364 -0.0067427217101122209 -0.0014761997140533641 -0.0066361360549275685 -0.0039389501879311421 -0.0049074254417046546 -0.013483930483453081 0.0003991076841934417 -0.0002763305039255657 0.00075192169307003117 -0.00023310692740353647 -0.00033257966368388091 0.0060654536539377123 0.00018857945809295257
leaf_weight=233455 2949 777 17137 2494 1899 5871 1248 23186 1055 20521 18357 1073 4458 8740
leaf_count=233455 2949 777 17137 2494 1899 5871 1248 23186 1055 20521 18357 1073 4458 8740
internal_value=-0.00135517 -0.00463717 -0.0107382 -0.0083254 -0.0012017 -0.00529661 -0.000241768 0.00420815 0.00634069 0.00795699 -0.00176058 0.00714939 0.0156572 -0.00624957
internal_weight=343220 86941 31320 28371 55621 31658 256279 23963 22824 21576 25787 7430 5531 25877
internal_count=343220 86941 31320 28371 55621 31658 256279 23963 22824 21576 25787 7430 5531 25877
is_linear=0
shrinkage=0.04


Tree=49
num_leaves=15
num_cat=0
split_feature=11 3 1 10 2 8 1 15 12 3 3 1 13 3
split_gain=734.073 1042.18 1076.03 781.674 748.868 1004.67 651.28 634.285 620.184 536.672 516.536 817.37 524.123 500.892
threshold=26.480353933682839 24.166226500000004 25.746340576249995 -4.4995444998545429 117.71670500000002 0.43442540711011379 16.60618864941571 3.0431176787500083 69.854098619241753 18.440446500000004 28.770002000000002 29.680529971172849 326.60635944222241 33.969299000000014
decision_type=2 2 2 2 2 2 2 2 2 2 2 2 2 2
left_child=6 2 3 -2 8 10 -1 -8 -3 -9 11 12 -6 -7
right_child=1 4 -4 -5 5 13 7 9 -10 -11 -12 -13 -14 -15
leaf_value=0 -0.0007252104528960733 -0.0064868862455018036 -0.013875477581520372 -0.0064178680381662169 -0.00031916730478747979 -0.0015698885888380831 -0.00029597484929431327 -0.015708907542673491 0.00039504835714515357 0.00072644954077668526 -0.00023023127070603944 -0.0042407829780182343 0.0054786582556837164 -0.0056629083318571671
leaf_weight=233321 26838 780 2710 2468 1025 2001 1158 932 23005 20571 18287 1408 4557 3775
leaf_count=233321 26838 780 2710 2468 1025 2001 1158 932 23005 20571 18287 1408 4557 3775
internal_value=-0.00130535 -0.00448293 -0.0102174 -0.00798744 -0.00113498 -0.0052259 -0.000227203 0.00624686 0.00420601 0.00779984 -0.0017866 0.00746209 0.0143318 -0.020277
internal_weight=342836 86854 32016 29306 54838 31053 255982 22661 23785 21503 25277 6990 5582 5776
internal_count=342836 86854 32016 29306 54838 31053 255982 22661 23785 21503 25277 6990 5582 5776
is_linear=0
shrinkage=0.04


Tree=50
num_leaves=15
num_cat=0
split_feature=11 3 1 1 2 9 1 1 15 14 3 1 3 3
split_gain=717.096 999.011 932.688 791.078 686.489 967.929 644.131 566.365 565.93 551.196 504.342 696.714 464.714 461.125
threshold=26.480353933682839 23.794443500000003 24.540750742776346 5.2318424437726145 117.71670500000002 0.55650785899935951 16.60618864941571 21.690581406350898 3.0431176787500083 0.217334141739844 20.072496000000005 16.878340123463158 18.440446500000004 9.9282010000000032
decision_type=2 2 2 2 2 2 2 2 2 2 2 2 2 2
left_child=6 2 3 -2 7 -6 -1 9 -8 -3 11 13 -10 -5
right_child=1 4 -4 10 5 -7 8 -9 12 -11 -12 -13 -14 -15
leaf_value=0 -0.0063131607924080315 -0.00085485461031668461 -0.011891473304259294 -0.0047870825006382954 -0.0046563411491360139 -9.5121555806107762e-05 -0.00027194640744274942 0.00065273895828019612 -0.015084018001482749 0.0065500269401770738 0.00034678251258890526 -0.0065222516082122008 0.00069503468822210591 -9.6176012899307919e-05
leaf_weight=233316 2776 6806 3628 1136 5723 25946 1154 16729 919 455 7881 5525 20607 10298
leaf_count=233316 2776 6806 3628 1136 5723 25946 1154 16729 919 455 7881 5525 20607 10298
internal_value=-0.00128609 -0.00442562 -0.0101498 -0.00764484 -0.00121238 -0.00507878 -0.000220316 0.00389162 0.00621517 -0.00543727 -0.00538164 -0.00926706 0.00767816 -0.00363128
internal_weight=342899 86903 31244 27616 55659 31669 255996 23990 22680 7261 24840 16959 21526 11434
internal_count=342899 86903 31244 27616 55659 31669 255996 23990 22680 7261 24840 16959 21526 11434
is_linear=0
shrinkage=0.04


Tree=51
num_leaves=15
num_cat=0
split_feature=8 2 13 12 13 13 13 13 9 10 2 12 8 13
split_gain=590.89 450.285 815.288 599.693 649.366 576.636 594.355 511.535 498.195 464.085 426.125 363.644 477.321 614.178
threshold=0.39384590033630679 118.56686000000001 266.16836799851399 73.218227989393753 408.56842982380664 282.46392299658419 513.32521284928225 268.32281790025485 0.0017511998693243715 -24.674226059175226 90.705951500000012 105.51701355748681 0.99949182122444447 515.31255052261804
decision_type=2 2 2 2 2 2 2 2 2 2 2 2 2 2
left_child=-1 3 -3 7 8 -4 9 -2 -5 -7 -9 12 -6 -14
right_child=1 2 5 4 11 6 -8 10 -10 -11 -12 -13 13 -15
leaf_value=0 0.00024211489802431605 0.00050797084856408104 -0.0032971728515702649 -7.7429778194011841e-05 0.0020888243233723133 -0.006897328055915055 -0.0038224637136640271 -0.00026808826327452435 -0.0017729852128007878 -0.00051053807279982709 0.0024802560731302563 1.3495802698536285e-05 0.00083449498406737281 -0.0047958216700756994
leaf_weight=213517 2093 4420 2093 20899 7634 2057 2926 35999 12047 9178 523 21400 6497 1604
leaf_count=213517 2093 4420 2093 20899 7634 2057 2926 35999 12047 9178 523 21400 6497 1604
internal_value=-0.00126292 -0.00339615 -0.0088072 -0.00236697 -0.000161527 -0.0129494 -0.010053 -0.00636955 -0.00424938 -0.00587094 -0.00747166 0.00346519 0.00808135 0.00131836
internal_weight=342887 129370 20674 108696 70081 16254 14161 38615 32946 11235 36522 37135 15735 8101
internal_count=342887 129370 20674 108696 70081 16254 14161 38615 32946 11235 36522 37135 15735 8101
is_linear=0
shrinkage=0.04


Tree=52
num_leaves=15
num_cat=0
split_feature=11 1 12 15 2 1 15 3 0 9 3 3 11 13
split_gain=655.147 1308.59 767.408 660.092 698.084 601.257 547.038 464.083 441.552 697.674 474.667 427.266 427.957 392.879
threshold=26.480353933682839 5.5416031541896258 106.51317509492041 8.4516063852500043 124.07746900000001 16.60618864941571 3.0431176787500083 50.601032500000009 8.2843791212951956 0.074116452414263026 19.737917500000005 19.100779000000003 13.545346739590949 513.32521284928225
decision_type=2 2 2 2 2 2 2 2 2 2 2 2 2 2
left_child=5 -2 -3 8 7 -1 -7 -5 13 10 -10 -8 -13 -4
right_child=1 2 3 4 -6 6 11 -9 9 -11 -12 12 -14 -15
leaf_value=0 -0.0057253723837464732 0.0060675914689894972 -0.00013084845938616293 -0.00065246033043160005 -0.0011035179825554299 -0.00027116196188562585 -0.010330222201037834 0.00066203457855285215 -0.013835440689232589 -0.0034207232155012567 0.003410099801881348 -0.037645461636170156 0.00073313161204858861 -0.00041765078293554874
leaf_weight=233135 3791 2250 34997 5814 3898 1134 1217 10695 2388 12191 4060 380 19958 6849
leaf_count=233135 3791 2250 34997 5814 3898 1134 1217 10695 2388 12191 4060 380 19958 6849
internal_value=-0.00125022 -0.00425017 -0.00320223 -0.00384315 0.00237762 -0.000230784 0.00598528 0.0059725 -0.00594197 -0.0110628 -0.000421836 0.00740988 0.00878749 -0.00366104
internal_weight=342757 86933 83142 80892 20407 255824 22689 16509 60485 18639 6448 21555 20338 41846
internal_count=342757 86933 83142 80892 20407 255824 22689 16509 60485 18639 6448 21555 20338 41846
is_linear=0
shrinkage=0.04


Tree=53
num_leaves=15
num_cat=0
split_feature=11 3 12 15 2 1 15 8 11 1 11 3 14 10
split_gain=633.94 1051.48 840.372 810.535 668.765 479.495 448.913 394.325 485.205 519.144 645.958 454.924 450.678 607.619
threshold=23.059881007758712 14.369974000000001 72.363434625521492 8.4516063852500043 124.07746900000001 16.60618864941571 4.2647646400000108 0.99999995294695732 0.57642177883179324 0.95573233076077801 5.5592280137307943 5.6909915000000009 0.19957040715700683 -13.61286604217281
decision_type=2 2 2 2 2 2 2 2 2 2 2 2 2 2
left_child=5 6 -3 -4 -5 7 -2 -1 11 10 -10 -9 13 -11
right_child=1 2 3 4 -6 -7 -8 8 9 12 -12 -13 -14 -15
leaf_value=0 9.3437510669744372e-06 -0.005982834153008789 -0.00027316033413339895 0.0006767629800896644 -0.00086855817061808288 0.00051104947925469958 -0.004108146211691254 0.00054384360556853013 -7.0558687105992462e-05 -0.037904621873269838 -0.0011340742650901192 -0.0021393160002256997 -0.00024064889224390928 0.0008593652377170372
leaf_weight=180860 1883 1578 68124 18280 4154 17742 6827 964 7992 1363 2723 4962 14216 11122
leaf_count=180860 1883 1578 68124 18280 4154 17742 6827 964 7992 1363 2723 4962 14216 11122
internal_value=-0.00123621 -0.0039006 -0.00264479 -0.00214051 0.00445395 -0.000125649 -0.0171848 -0.000626578 -0.00405334 -0.00236904 -0.00980681 -0.0146878 0.000615707 0.00616099
internal_weight=342790 100846 92136 90558 22434 241944 8710 224202 43342 37416 10715 5926 26701 12485
internal_count=342790 100846 92136 90558 22434 241944 8710 224202 43342 37416 10715 5926 26701 12485
is_linear=0
shrinkage=0.04


Tree=54
num_leaves=15
num_cat=0
split_feature=11 1 12 1 3 10 1 2 3 10 15 15 8 3
split_gain=604.722 1315.13 720.683 528.649 514.861 1176.4 795.896 699.516 824.773 633.707 592.18 476.144 436.848 430.391
threshold=26.480353933682839 5.5416031541896258 107.48032692688652 16.60618864941571 24.510447500000001 -26.767528437835843 20.894021872750844 120.06869100000002 28.770002000000002 -29.844048162932214 6.1052587268750651 3.0431176787500083 0.42354223917372641 20.072496000000005
decision_type=2 2 2 2 2 2 2 2 2 2 2 2 2 2
left_child=3 -2 -3 -1 5 -4 10 -8 9 -9 -6 -5 -10 -7
right_child=1 2 4 11 6 13 7 8 12 -11 -12 -13 -14 -15
leaf_value=0 -0.0052993904119809929 0.0057170596164574138 -0.014971115729665923 -0.00025881934232423084 8.6250763945322505e-06 -0.0013754113024412151 0.00046220372056387008 -0.0038878184266648613 -0.00029300950682679039 0.0030741767915913681 -0.0018682160833583699 0.00055149126488982121 -0.0058445925779038316 0.00011278934968584259
leaf_weight=233195 3751 2458 2241 1175 3380 16580 20700 1150 13411 5619 4876 21517 2778 10000
leaf_count=233195 3751 2458 2241 1175 3380 16580 20700 1150 13411 5619 4876 21517 2778 10000
internal_value=-0.0011104 -0.00399245 -0.00294784 -0.000131152 -0.00359745 -0.00788453 -0.0012174 0.000936369 -0.00387142 0.00785345 -0.0126066 0.00569716 -0.00877386 -0.005538
internal_weight=342831 86944 83193 255887 80735 28821 51914 43658 22958 6769 8256 22692 16189 26580
internal_count=342831 86944 83193 255887 80735 28821 51914 43658 22958 6769 8256 22692 16189 26580
is_linear=0
shrinkage=0.04


Tree=55
num_leaves=15
num_cat=0
split_feature=8 11 11 10 14 2 0 11 0 3 9 15 11 2
split_gain=632.454 597.636 446.481 758.082 546.673 515.46 717.541 500.438 1192.21 573.133 551.782 572.568 482.34 687.268
threshold=0.46755205911116932 44.534944229529664 1.0000000180025095e-35 -1.4665753984741661 0.21256765339438269 73.982925500000007 6.6880604072021708 3.4819938165307192 3.6291365783226808 4.667513500000001 0.0024141399299112969 8.5494884204999568 14.399889209541945 53.795679000000007
decision_type=2 2 2 2 2 2 2 2 2 2 2 2 2 2
left_child=-1 2 3 5 7 -2 -7 -4 12 -10 -11 -12 13 -9
right_child=1 -3 4 -5 -6 6 -8 8 9 10 11 -13 -14 -15
leaf_value=0 -0.0022317310329865183 -0.0057267504236215025 7.9777460921210276e-05 0.00057659948526758665 0.00034061564187639752 0.0013101889725216432 -0.0087128147390617989 -0.00046455448712873427 -0.016495071711300734 0.00076243112680135256 -0.0010463244642046809 0.00091305537655506617 -0.0041398436092225698 -2.4693756159794856e-05
leaf_weight=221042 4072 6987 14942 1196 12294 1672 2388 6322 1406 26587 24003 9090 4558 6757
leaf_count=221042 4072 6987 14942 1196 12294 1672 2388 6322 1406 26587 24003 9090 4558 6757
internal_value=-0.00106246 -0.00337079 -0.00268235 -0.011072 -0.00194377 -0.0154452 -0.00535961 -0.00298468 -0.00425848 -0.00161346 -0.00101877 -0.0044662 -0.0134195 -0.00951449
internal_weight=343316 122274 115287 9328 105959 8132 4060 93665 78723 61086 59680 33093 17637 13079
internal_count=343316 122274 115287 9328 105959 8132 4060 93665 78723 61086 59680 33093 17637 13079
is_linear=0
shrinkage=0.04


Tree=56
num_leaves=15
num_cat=0
split_feature=11 9 3 3 9 11 2 11 0 12 12 11 10 2
split_gain=597.411 507.498 440.72 411.217 663.126 396.958 451.212 373.724 850.825 765.747 606.284 499.311 604.538 557.115
threshold=45.230403723821929 0.46468368431874291 14.369974000000001 51.704191000000009 0.21077846323849794 12.34446606506531 84.307968000000017 23.193839909384867 3.8704761631610611 110.64507249305235 69.016051147592975 1.0000000180025095e-35 -1.4665753984741661 53.208694500000007
decision_type=2 2 2 2 2 2 2 2 2 2 2 2 2 2
left_child=1 3 -2 7 5 6 -5 11 -9 10 -10 12 -1 -13
right_child=2 -3 -4 4 -6 -7 -8 8 9 -11 -12 13 -14 -15
leaf_value=-0.0017581847233262427 -0.014437926552904129 0 -0.00052886016665021688 0.00037789122872362304 -0.002216411177865672 0.0076001670020751843 -0.0035088574672788165 -0.0042196742231716987 -0.0070396634781529311 -0.0023471445625646466 0.003249943248038335 -0.00017632143188291065 0.00046593366362483068 6.364717720958374e-05
leaf_weight=7472 1172 209647 21940 2364 1317 3136 717 2660 396 18645 4019 13845 1095 54542
leaf_count=7472 1172 209647 21940 2364 1317 3136 717 2660 396 18645 4019 13845 1095 54542
internal_value=-0.00101689 -0.000568132 -0.00722741 -0.00276568 0.00625431 0.0117163 0.00151899 -0.00342755 -0.00760187 -0.00513096 0.00984824 -0.00203238 -0.0111358 -0.000891982
internal_weight=342967 319855 23112 110208 7534 6217 3081 102674 25720 23060 4415 76954 8567 68387
internal_count=342967 319855 23112 110208 7534 6217 3081 102674 25720 23060 4415 76954 8567 68387
is_linear=0
shrinkage=0.04


Tree=57
num_leaves=15
num_cat=0
split_feature=9 12 11 2 9 3 10 12 11 14 13 11 10 11
split_gain=554.519 490.371 616.157 576.328 533.618 683.167 1102.19 482.416 527.34 439.442 430.018 438.881 479.658 466.816
threshold=0.46468368431874291 134.09037967503212 22.430709912023133 75.863865000000018 0.21664618639783004 14.867712000000003 -13.067911500162204 90.066554670887413 33.342712850905066 0.17356154239959554 264.2857089727114 0.57642177883179324 -1.7972447153202455 3.3256031646142499
decision_type=2 2 2 2 2 2 2 2 2 2 2 2 2 2
left_child=1 3 -3 7 5 6 -5 8 10 -4 -1 12 -12 -13
right_child=-2 2 9 4 -6 -7 -8 -9 -10 -11 11 13 -14 -15
leaf_value=0.00023414732327540154 0 0.00012640902863804787 -0.0024498946091444872 -0.06394381473295431 -0.00074615396844056271 0.00084238038068725385 -0.00010407081312748048 0.0019413900684938925 -0.0098818314793197547 -0.0039649849299610018 -0.0026186530157234571 2.5055244410590457e-05 9.2409031094695953e-05 -0.00035518139534151147
leaf_weight=2021 226914 6719 1651 1517 8450 30383 9380 3883 1317 12118 3605 12330 1296 21660
leaf_count=2021 226914 6719 1651 1517 8450 30383 9380 3883 1317 12118 3605 12330 1296 21660
internal_value=-0.000954423 -0.00319986 -0.00881687 -0.00199912 0.000987734 0.0028624 -0.00573002 -0.00522033 -0.00646096 -0.0136626 -0.00565898 -0.00659381 -0.0177841 -0.00498029
internal_weight=343244 116330 20488 95842 49730 41280 10897 46112 42229 13769 40912 38891 4901 33990
internal_count=343244 116330 20488 95842 49730 41280 10897 46112 42229 13769 40912 38891 4901 33990
is_linear=0
shrinkage=0.04


Tree=58
num_leaves=15
num_cat=0
split_feature=13 11 1 12 3 1 1 2 14 8 0 15 2 11
split_gain=551.448 626.877 1175.11 853.405 490.195 463.706 410.813 419.253 408.016 389.072 370.944 412.166 475.817 370.702
threshold=642.89807683317133 23.059881007758712 5.5416031541896258 106.51317509492041 14.081276500000001 13.498640182322227 16.60618864941571 122.60666250000001 0.20033672309383191 0.25099458224421073 1.0415478339142601 8.4516063852500043 124.07746900000001 20.095279887984745
decision_type=2 2 2 2 2 2 2 2 2 2 2 2 2 2
left_child=1 6 -3 8 5 -5 -1 -8 -4 -9 -6 -12 -13 -2
right_child=13 2 3 4 10 -7 7 9 -10 -11 11 12 -14 -15
leaf_value=0 0 -0.0047939815711813064 -0.00047668837738554113 -0.00063890740028300279 0.0013233286373309186 -0.016807091027033611 0.00020932776586530879 -0.0001415549748368844 0.0072269555516851908 0.00099286701077449472 -0.00033502891131616643 0.00054028861414749966 -0.00083593467995899784 0.00020846246802062366
leaf_weight=217101 7448 4537 1346 3822 1521 1981 12151 1505 2384 3303 62779 13340 4101 5875
leaf_count=217101 7448 4537 1346 3822 1521 1981 12151 1505 2384 3303 62779 13340 4101 5875
internal_value=-0.000913885 -0.00123612 -0.00396155 -0.0029739 -0.00377227 -0.015006 -0.000120482 0.00587535 0.0157641 0.0158735 -0.00297476 -0.0033458 0.00209392 0.00706447
internal_weight=343194 329871 95811 91274 87544 5803 234060 16959 3730 4808 81741 80220 17441 13323
internal_count=343194 329871 95811 91274 87544 5803 234060 16959 3730 4808 81741 80220 17441 13323
is_linear=0
shrinkage=0.04


Tree=59
num_leaves=15
num_cat=0
split_feature=8 11 14 3 2 11 11 8 10 11 0 14 8 2
split_gain=547.227 438.209 331.121 367.062 498.348 391.889 356.894 455.569 430.54 333.957 811.288 504.729 441.464 355.364
threshold=0.51236780806703253 44.867785317102609 0.21135727656717004 53.00491000000001 111.34319300000001 6.5305776033977416 2.2813768226409468 0.77322486464719298 -0.97538995663077099 22.679181687327695 3.8704761631610611 0.20681441716486695 0.9999951609566764 73.982925500000007
decision_type=2 2 2 2 2 2 2 2 2 2 2 2 2 2
left_child=-1 2 3 9 5 -5 8 -8 -4 11 -11 13 -12 -2
right_child=1 -3 6 4 -6 -7 7 -9 -10 10 12 -13 -14 -15
leaf_value=0 -0.00012530228845283474 -0.005639676337570264 -0.0014924368031240742 -0.00020652757054893611 -0.0039890792258804025 0.011624837731272382 -0.00040515024913697354 0.00088598953975200373 0.00035939100878730078 -0.0037588072197674502 -0.0020531304305924014 -0.00065223960338945482 0.0010284426181292239 0.00025647015157231862
leaf_weight=224539 30819 6345 2540 787 961 1501 3165 9835 449 2734 15674 9559 7572 26344
leaf_count=224539 30819 6345 2540 787 961 1501 3165 9835 449 2734 15674 9559 7572 26344
internal_value=-0.000892703 -0.00309456 -0.00251492 -0.00340299 0.00981225 0.019965 0.00281443 0.00568 -0.00964871 -0.00386615 -0.00771363 -0.00236803 -0.00528951 -0.000945367
internal_weight=342824 118285 111940 95951 3249 2288 15989 13000 2989 92702 25980 66722 23246 57163
internal_count=342824 118285 111940 95951 3249 2288 15989 13000 2989 92702 25980 66722 23246 57163
is_linear=0
shrinkage=0.04


Tree=60
num_leaves=15
num_cat=0
split_feature=9 2 11 3 14 9 12 11 2 1 13 3 10 11
split_gain=533.317 411.931 564.118 493.149 383.391 420.07 365.46 1222.99 501.633 727.321 435.789 398.977 419.04 371.127
threshold=0.46468368431874291 114.55212000000002 22.317604776928494 51.704191000000009 0.17356154239959554 0.084354176715870546 73.218227989393753 5.5592280137307943 88.141342000000023 4.5433765009231442 228.57383096747418 4.667513500000001 -4.1536918905370195 2.2813768226409468
decision_type=2 2 2 2 2 2 2 2 2 2 2 2 2 2
left_child=1 3 -3 6 -4 -6 7 8 9 -1 -8 12 -12 -13
right_child=-2 2 4 -5 5 -7 10 -9 -10 -11 11 13 -14 -15
leaf_value=6.1284141368564419e-06 0 0.0001883044558095523 -0.0020482837206217282 0.00091676410409137314 -0.0004132691642972908 -0.0046945043351833225 -0.0061186110616423825 -0.0011065212614772189 0.0018318801043035709 -0.001857313940208459 -0.020738958939991656 -0.0034355651860335703 -4.9721983164570109e-05 0.00024179641981045082
leaf_weight=22000 226914 6186 1566 7349 4325 8016 956 10183 915 3265 904 3317 1067 46053
leaf_count=22000 226914 6186 1566 7349 4325 8016 956 10183 915 3265 904 3317 1067 46053
internal_value=-0.000890221 -0.00309521 -0.00830339 -0.00200523 -0.0127734 -0.0104076 -0.00283059 -0.0059104 -0.00133537 -0.00238908 -0.000689141 -0.000190881 -0.0178387 0.000513672
internal_weight=343016 116102 20093 96009 13907 12341 88660 36363 26180 25265 52297 51341 1971 49370
internal_count=343016 116102 20093 96009 13907 12341 88660 36363 26180 25265 52297 51341 1971 49370
is_linear=0
shrinkage=0.04


Tree=61
num_leaves=15
num_cat=0
split_feature=9 12 0 3 1 11 12 11 14 11 2 11 11 3
split_gain=481.186 404.187 533.435 541.242 530.925 526.812 380.932 1244.06 390.315 430.013 538.874 379.894 356.706 315.507
threshold=0.46468368431874291 134.09037967503212 19.145454732382152 21.957176000000004 3.7969241737860417 47.355923603819981 71.571418955128834 6.125294140159923 0.21135727656717004 2.3924584983065822 102.34424550000001 34.181502022855433 15.954602245175513 4.5906385000000007
decision_type=2 2 2 2 2 2 2 2 2 2 2 2 2 2
left_child=1 2 5 -4 -3 6 7 -1 13 -10 -11 -6 -5 -8
right_child=-2 4 3 12 11 -7 8 -9 9 10 -12 -13 -14 -15
leaf_value=-2.9562761170823517e-05 0 -0.0026137864868540262 -0.085650039624080493 -0.035823028375270793 -0.00038251461531903453 -0.010393718915700338 -0.0028176249916689088 -0.0012946257052388322 -0.0051540930105176668 0.0021270745068067715 -0.0016570990882225454 -0.0054839647954858985 0.0060830692420739468 -9.5356816852262209e-05
leaf_weight=26544 226978 868 424 244 12058 1711 1585 8072 664 4765 1045 7510 5436 45179
leaf_count=26544 226978 868 424 244 12058 1711 1585 8072 664 4765 1045 7510 5436 45179
internal_value=-0.000804587 -0.0028991 -0.00180832 0.00963303 -0.00800548 -0.00258806 -0.00215995 -0.00542639 -3.60645e-05 0.00916898 0.012654 -0.00664759 0.0128873 -0.00131041
internal_weight=343083 116105 95669 6104 20436 89565 87854 34616 53238 6474 5810 19568 5680 46764
internal_count=343083 116105 95669 6104 20436 89565 87854 34616 53238 6474 5810 19568 5680 46764
is_linear=0
shrinkage=0.04


Tree=62
num_leaves=15
num_cat=0
split_feature=11 13 10 9 9 11 2 9 3 9 9 13 1 13
split_gain=469.927 416.284 401.399 346.229 309.112 295.097 466.655 436.774 288.629 536.276 338.629 548.643 521.28 518.499
threshold=45.230403723821929 642.89807683317133 -5.6335317931054414 0.39395090037715608 0.88430631142560256 23.059881007758712 107.61035550000001 0.57753944729348439 53.00491000000001 0.21077846323849794 0.0024141399299112969 268.32281790025485 4.0550562719577892 268.7841962257441
decision_type=2 2 2 2 2 2 2 2 2 2 2 2 2 2
left_child=1 3 4 8 -2 -3 -7 -8 10 -10 11 -1 -12 -13
right_child=2 5 -4 -5 -6 6 7 -9 9 -11 12 13 -14 -15
leaf_value=0.00041708950298859879 -0.000846637424892715 0 -0.014139721310080957 0 0.00018428515440385964 5.7183476812496134e-06 -0.0043288928670177128 0.00048445550048844432 0.001099644613116269 -0.0021725942136770178 -0.0033249983741473182 -0.0015032848726250266 -0.00069390238035731415 -0.00010803948632162081
leaf_weight=5603 17094 8152 628 204098 5343 1264 761 3169 5607 705 1459 1468 26995 60469
leaf_count=5603 17094 8152 628 204098 5343 1264 761 3169 5607 705 1459 1468 26995 60469
internal_value=-0.000779429 -0.000381673 -0.00629352 -0.000682889 -0.00541071 0.00653379 0.0139854 0.00718575 -0.00258206 0.00570342 -0.00312686 -0.00158484 -0.00678709 -0.00266916
internal_weight=342815 319750 23065 306404 22437 13346 5194 3930 102306 6312 95994 67540 28454 61937
internal_count=342815 319750 23065 306404 22437 13346 5194 3930 102306 6312 95994 67540 28454 61937
is_linear=0
shrinkage=0.04


Tree=63
num_leaves=15
num_cat=0
split_feature=13 11 1 12 3 1 10 11 1 14 14 2 0 1
split_gain=463.64 513.633 1138.34 748.383 471.601 1481.54 667.352 542.688 426.8 531.416 393.86 378.247 352.902 349.017
threshold=642.89807683317133 23.059881007758712 5.5416031541896258 107.48032692688652 25.402818500000006 27.363185467244417 -20.601413321482244 43.173402908524821 28.371616803997181 0.18543426621842238 0.20033672309383191 109.78876100000001 5.2686801276580217 16.60618864941571
decision_type=2 2 2 2 2 2 2 2 2 2 2 2 2 2
left_child=1 13 -3 10 5 12 7 8 9 -6 -4 -10 -5 -1
right_child=-2 2 3 4 6 -7 -8 -9 11 -11 -12 -13 -14 -15
leaf_value=0 0 -0.004344596054790417 -0.00051036353132802455 -7.2128562206980051e-06 -0.00022030350195023404 -0.014279999117320768 -0.00052316723599570806 -0.00023785773887552238 0.0072243049607515286 0.001819865178853105 0.0059826329575148694 -0.00012965728167150351 -0.0018209047052659333 0.00047711943885693096
leaf_weight=216798 13316 4536 1455 16235 1300 2762 9814 18781 1742 7304 2596 10750 18497 16974
leaf_count=216798 13316 4536 1455 16235 1300 2762 9814 18781 1742 7304 2596 10750 18497 16974
internal_value=-0.000747944 -0.00104362 -0.00351084 -0.00253847 -0.00331938 -0.00670614 -0.000763921 0.00153572 0.00593857 0.012794 0.0142681 0.00121678 -0.00446389 -3.28525e-05
internal_weight=342860 329544 95772 91236 87185 37494 49691 39877 21096 8604 4051 12492 34732 233772
internal_count=342860 329544 95772 91236 87185 37494 49691 39877 21096 8604 4051 12492 34732 233772
is_linear=0
shrinkage=0.04


Tree=64
num_leaves=15
num_cat=0
split_feature=13 9 12 2 8 3 1 1 13 12 8 15 15 15
split_gain=450.205 413.401 387.047 480.813 473.328 548.951 1143.61 456.407 399.043 397.802 537.25 520.513 366.889 329.261
threshold=642.89807683317133 0.39395090037715608 134.09037967503212 75.863865000000018 0.77322486464719298 14.867712000000003 13.233002327977713 3.7969241737860417 268.7841962257441 90.066554670887413 0.99900680145588983 3.7507811581250086 4.8872795136250327 3.8080563977499797
decision_type=2 2 2 2 2 2 2 2 2 2 2 2 2 2
left_child=1 2 3 9 -5 6 -6 -4 -7 10 -1 -12 -9 -13
right_child=-2 -3 7 4 5 8 -8 12 -10 -11 11 13 -14 -15
leaf_value=-0.002742585005025373 0 0 -0.0021751029614606419 -0.0012412306275746267 -3.8710331738700604e-05 0.0016094192063354784 -0.063163931110905638 0.00027584875499004485 0.0006150756868347053 0.001691486953662689 0.00019754341000222854 -0.0015906917353967652 -0.0030598031803475167 -0.00021343984506447345
leaf_weight=1942 13263 222275 852 4683 9666 1480 1465 5251 27936 3837 3564 878 11116 34824
leaf_count=1942 13263 222275 852 4683 9666 1480 1465 5251 27936 3837 3564 878 11116 34824
internal_value=-0.000723431 -0.00101404 -0.00305059 -0.00200233 0.0009109 0.00230153 -0.00526458 -0.00854637 0.00516454 -0.00492752 -0.00607455 -0.00505883 -0.00706055 -0.00651392
internal_weight=343032 329769 107494 90275 45230 40547 11131 17219 29416 45045 41208 39266 16367 35702
internal_count=343032 329769 107494 90275 45230 40547 11131 17219 29416 45045 41208 39266 16367 35702
is_linear=0
shrinkage=0.04


Tree=65
num_leaves=15
num_cat=0
split_feature=13 11 1 12 3 1 10 12 13 1 15 1 13 9
split_gain=442.465 477.595 1094.03 694.993 434.236 1344.87 644.893 452.941 392.581 591.535 523.767 455.572 385.931 360.335
threshold=642.89807683317133 23.059881007758712 5.5416031541896258 107.48032692688652 25.223747500000005 27.363185467244417 -18.103132029666575 133.64183663992762 440.48236186775978 30.641412972438179 6.5080501257500325 46.198521395726097 318.16250298300525 0.76310867707397234
decision_type=2 2 2 2 2 2 2 2 2 2 2 2 2 2
left_child=1 -1 -3 -4 5 -5 7 -6 9 10 12 -10 -9 -14
right_child=-2 2 3 4 6 -7 -8 8 11 -11 -12 -13 13 -15
leaf_value=0 0 -0.0042071563576797219 0.0031824826207502883 -0.00040151914481960317 0.00072370820840542247 -0.01417742460610202 -0.00094658032900451898 -0.00019722404091672579 -0.00042606339054968831 -0.00058455548589655146 0.010015104408280764 0.00044787862034896558 2.6739363748823352e-05 0.001897233824313866
leaf_weight=234060 13321 4554 4079 34393 8823 2643 5686 1859 20266 3398 1745 3057 2655 2687
leaf_count=234060 13321 4554 4079 34393 8823 2643 5686 1859 20266 3398 1745 3057 2655 2687
internal_value=-0.000667199 -0.00095579 -0.00333413 -0.00237964 -0.00313443 -0.0064197 -0.000709503 0.000911666 -0.00109569 0.00467272 0.0100693 -0.00414869 0.00530482 0.0107675
internal_weight=343226 329905 95845 91291 87212 37036 50176 44490 35667 12344 8946 23323 7201 5342
internal_count=343226 329905 95845 91291 87212 37036 50176 44490 35667 12344 8946 23323 7201 5342
is_linear=0
shrinkage=0.04


Tree=66
num_leaves=15
num_cat=0
split_feature=13 11 1 12 0 3 10 10 12 14 1 2 9 0
split_gain=452.174 453.699 1087.91 660.28 421.74 502.58 1254.4 537.62 512.641 359.007 337.736 396.348 373.966 305.675
threshold=642.89807683317133 23.059881007758712 5.5416031541896258 106.51317509492041 1.8139051672890709 24.166226500000004 -24.903408239208861 -19.449054709648681 132.9787823262896 0.20033672309383191 16.60618864941571 122.60666250000001 0.73325642465295515 16.905801583104985
decision_type=2 2 2 2 2 2 2 2 2 2 2 2 2 2
left_child=1 10 -3 9 -5 6 -6 8 -7 -4 -1 -12 -13 -10
right_child=-2 2 3 4 5 7 -8 -9 13 -11 11 12 -14 -15
leaf_value=0 0 -0.0040542367514212248 -0.00055829544218284264 0.00034768546778525316 -0.014868844045135615 0.0008975192618704878 -0.00049362609195051528 -0.00059238313869693885 3.0823174170302447e-06 0.0065870372782529645 0.00018105086320450561 0.00095678460340394792 -0.00015198365387325164 -0.0044984148287708419
leaf_weight=216965 13331 4520 1331 4886 3265 7642 27735 8822 30254 2369 12168 3265 1568 4808
leaf_count=216965 13331 4520 1331 4886 3265 7642 27735 8822 30254 2369 12168 3265 1568 4808
internal_value=-0.000639083 -0.000931195 -0.00325247 -0.00230222 -0.00300279 -0.00367884 -0.00770323 -0.00125762 0.000599475 0.0142486 1.76094e-05 0.00544674 0.0151376 -0.00144658
internal_weight=342929 329598 95632 91112 87412 82526 31000 51526 42704 3700 233966 17001 4833 35062
internal_count=342929 329598 95632 91112 87412 82526 31000 51526 42704 3700 233966 17001 4833 35062
is_linear=0
shrinkage=0.04


Tree=67
num_leaves=15
num_cat=0
split_feature=13 11 1 12 0 3 1 1 12 15 0 9 14 1
split_gain=440.108 412.121 1028.97 598.053 393.168 402.045 1310.12 583.812 451.573 373.494 363.991 404.379 332.755 325.036
threshold=642.89807683317133 23.059881007758712 5.5416031541896258 107.48032692688652 1.1388370574766016 24.855747500000003 26.716522642575807 20.561484134264809 133.18722470100144 6.1052587268750651 16.905801583104985 0.065922444511260517 0.20033672309383191 16.60618864941571
decision_type=2 2 2 2 2 2 2 2 2 2 2 2 2 2
left_child=1 13 -3 12 -5 6 -6 9 -9 -7 -10 -12 -4 -1
right_child=-2 2 3 4 5 7 -8 8 10 -11 11 -13 -14 -15
leaf_value=0 0 -0.0039109444657175856 -0.00055147272899267179 0.0010835533380048772 -0.0004210530509753535 -6.52979847327713e-05 -0.015400881577765837 0.00097821814589183322 4.8508197391534538e-05 -0.0014760409402697454 0.0051931404240547364 -0.0061482134696131396 0.0054212443981765078 0.00046717737135083467
leaf_weight=216871 13342 4517 1474 2171 32185 5225 2466 7333 28678 4740 1169 3379 2595 17013
leaf_count=216871 13342 4517 1474 2171 32185 5225 2466 7333 28678 4740 1169 3379 2595 17013
internal_value=-0.000625484 -0.0009136 -0.00312138 -0.00220051 -0.00289882 -0.00332727 -0.0066457 -0.00105138 0.00107991 -0.00972604 -0.000902907 -0.011416 0.0127894 -8.03817e-06
internal_weight=343158 329816 95932 91415 87346 85175 34651 50524 40559 9965 33226 4548 4069 233884
internal_count=343158 329816 95932 91415 87346 85175 34651 50524 40559 9965 33226 4548 4069 233884
is_linear=0
shrinkage=0.04


Tree=68
num_leaves=15
num_cat=0
split_feature=13 9 11 13 11 0 8 14 12 11 12 9 15 3
split_gain=437.926 397.506 311.888 303.824 298.131 454.039 588.276 375.501 531.438 497.69 1008.93 403.423 400.167 388.485
threshold=642.89807683317133 0.39395090037715608 45.230403723821929 559.78456154099251 1.0000000180025095e-35 9.7071765242066679 0.99991679793369304 0.21021760849986634 73.218227989393753 4.1571149205628872 66.3935019037486 0.24986626789366603 6.2347572539999883 17.057568000000003
decision_type=2 2 2 2 2 2 2 2 2 2 2 2 2 2
left_child=1 2 4 -4 5 6 -1 9 -9 12 -11 -10 13 -6
right_child=-2 -3 3 -5 7 -7 -8 8 11 10 -12 -13 -14 -15
leaf_value=0.00094795788174307247 0 0 -0.011102565315313626 0.00061610263866204837 6.199643245460886e-05 -0.017233146550058517 -0.00086809955979253622 -0.00015172375515552187 0.0021458745258248154 -0.00093772973291994608 -0.00032588400110567629 -0.001292803800583541 -0.00016998149723764975 0.00037302319004676342
leaf_weight=1644 13278 222034 3815 1439 7870 1361 5995 5390 8797 6430 55226 1200 5570 2745
leaf_count=1644 13278 222034 3815 1439 7870 1361 5995 5390 8797 6430 55226 1200 5570 2745
internal_value=-0.000621248 -0.000908241 -0.00290504 -0.0124096 -0.00241656 -0.00936889 -0.00557665 -0.0017454 0.00396439 -0.00287406 -0.00451278 0.00942283 0.00336855 0.00792463
internal_weight=342794 329516 107482 5254 102228 9000 7639 93228 15387 77841 61656 9997 16185 10615
internal_count=342794 329516 107482 5254 102228 9000 7639 93228 15387 77841 61656 9997 16185 10615
is_linear=0
shrinkage=0.04


Tree=69
num_leaves=15
num_cat=0
split_feature=13 11 1 12 3 0 10 0 1 2 1 14 3 12
split_gain=428.752 380.993 945.973 579.762 393.774 442.768 351.135 319.359 311.706 445.569 304.294 302.202 300.522 313.248
threshold=642.89807683317133 22.797193050776773 5.5416031541896258 106.51317509492041 13.791527000000002 0.98736860839297302 -13.786220045122048 32.017485212657178 16.60618864941571 122.60666250000001 50.183658758921858 0.20033672309383191 9.9282010000000032 149.84888912236622
decision_type=2 2 2 2 2 2 2 2 2 2 2 2 2 2
left_child=1 8 -3 11 6 -6 -5 10 -1 -10 -7 -4 -8 -14
right_child=-2 2 3 4 5 7 12 -9 9 -11 -12 -13 13 -15
leaf_value=0 0 -0.0035857604460327931 -0.00025559572184888016 -0.017945414581811706 0.0015200400026316905 -0.00022654144639591646 -0.0055349997759151486 0.010275424351748455 0.00014717305165724555 0.00085804813712935966 0.00053176296409111247 0.0058389605558027136 -0.00087666553382004372 0.0017832282648460995
leaf_weight=216155 13336 4562 1437 1491 1385 78527 1275 1375 11917 4493 2002 2456 1446 990
leaf_count=216155 13336 4562 1437 1491 1385 78527 1275 1375 11917 4493 2002 2456 1446 990
internal_value=-0.000555583 -0.000840154 -0.0029468 -0.00206876 -0.00273339 -0.00206654 -0.0134102 -0.00244579 3.80109e-05 0.00535283 -0.00277217 0.0130388 -0.00682296 0.00141215
internal_weight=342847 329511 96946 92384 88491 83289 5202 81904 232565 16410 80529 3893 3711 2436
internal_count=342847 329511 96946 92384 88491 83289 5202 81904 232565 16410 80529 3893 3711 2436
is_linear=0
shrinkage=0.04


Tree=70
num_leaves=15
num_cat=0
split_feature=11 9 13 9 13 11 0 12 12 11 11 3 1 14
split_gain=429.634 430.388 383.409 321.531 315.773 286.901 438.773 256.033 379.069 1243.71 431.66 464.957 648.367 444.888
threshold=47.001668373128403 0.80889307745971584 642.89807683317133 0.42808355541538667 559.78456154099251 23.059881007758712 2.3661498667467629 134.09037967503212 71.571418955128834 6.125294140159923 2.0588050704821925 4.9032800000000014 4.3038322203067008 0.21021760849986634
decision_type=2 2 2 2 2 2 2 2 2 2 2 2 2 2
left_child=2 4 3 7 -2 -4 -7 8 9 -1 -10 12 -12 -13
right_child=1 -3 5 -5 -6 6 -8 -9 10 -11 11 13 -14 -15
leaf_value=-1.3520812074232016e-05 -0.0043744441899511693 9.4778490910413234e-09 0 0 6.6894826800806829e-05 2.3591807372610269e-06 0.00041983651796412703 -0.0013046819499409812 -0.0023888076524950781 -0.0012132069422118291 0.0001057082409234883 0.00011897050585032588 -0.019231322116431315 0.0015941273370812137
leaf_weight=25642 7844 9105 8154 205165 2449 854 4330 16528 4595 7722 1814 40354 1200 7612
leaf_count=25642 7844 9105 8154 205165 2449 854 4330 16528 4595 7722 1814 40354 1200 7612
internal_value=-0.000548216 -0.00633055 -0.000201994 -0.000487136 -0.0119343 0.00643875 0.0137963 -0.00228204 -0.00143244 -0.00480278 0.000590913 0.00164927 -0.0135899 0.00260685
internal_weight=343368 19398 323970 310632 10293 13338 5184 105467 88939 33364 55575 50980 3014 47966
internal_count=343368 19398 323970 310632 10293 13338 5184 105467 88939 33364 55575 50980 3014 47966
is_linear=0
shrinkage=0.04


Tree=71
num_leaves=15
num_cat=0
split_feature=13 11 10 0 12 3 1 10 0 2 0 1 3 15
split_gain=403.457 358.955 734.022 510.425 331.791 359.748 1001.61 441.227 347.795 344.232 406.647 331.19 939.335 505.352
threshold=642.89807683317133 29.027147362783442 -5.6335317931054414 1.9746052772189333 101.72433699171646 22.227123500000005 22.570885980004523 -17.932538417000142 8.3556674939311844 116.52036650000001 7.0947580315937007 27.363185467244417 26.141298500000005 6.347161581125051
decision_type=2 2 2 2 2 2 2 2 2 2 2 2 2 2
left_child=1 -1 3 -3 -5 6 8 9 -6 -7 11 13 -13 -11
right_child=-2 2 -4 4 5 7 -8 -9 -10 10 -12 12 -14 -15
leaf_value=0 0 0.0012741730014579049 -0.0046563564662573265 0.012491165985412991 1.3360239437774647e-05 0.00042818277902859352 -0.014859033950772487 -0.0015515179763263074 -0.0055406186495007004 8.9592567444701232e-05 -0.0010060537446034273 -0.010642747803887366 5.9523040932711328e-05 0.0089539247615667821
leaf_weight=254103 13339 4250 2461 875 9449 13390 2448 3824 6118 5785 13844 1594 10273 1354
leaf_count=254103 13339 4250 2461 875 9449 13390 2448 3824 6118 5785 13844 1594 10273 1354
internal_value=-0.000507713 -0.000783581 -0.00320201 -0.00247965 -0.00330887 -0.00362344 -0.00847072 -0.00187919 -0.00473052 -0.000799308 -0.00300274 0.000795538 -0.00329991 0.00760331
internal_weight=343107 329768 75665 73204 68954 68079 18015 50064 15567 46240 32850 19006 11867 7139
internal_count=343107 329768 75665 73204 68954 68079 18015 50064 15567 46240 32850 19006 11867 7139
is_linear=0
shrinkage=0.04


Tree=72
num_leaves=15
num_cat=0
split_feature=13 11 1 11 2 8 0 2 10 9 11 10 2 0
split_gain=400.458 358.551 486.328 281.147 496.288 416.34 276.808 455.637 288.728 269.936 254.016 644.42 427.164 766.31
threshold=642.89807683317133 42.697965811023174 5.7150827182082082 23.059881007758712 107.61035550000001 0.42915747924927045 6.076334434788115 118.29978950000002 -16.350183734854827 0.40860189654805296 1.0000000180025095e-35 -1.4665753984741661 73.982925500000007 9.5060016965075409
decision_type=2 2 2 2 2 2 2 2 2 2 2 2 2 2
left_child=1 9 -3 -2 -5 -6 8 -8 -4 10 11 12 -1 -14
right_child=3 2 6 4 5 -7 7 -9 -10 -11 -12 -13 13 -15
leaf_value=-0.001933360898146308 0 -0.010629151329876154 -9.3186725279423987e-05 5.3952465445091878e-06 0.00044799624796328016 -0.0045960985159343125 0.00031064757417637479 -0.0013479593112548682 0.0042147309939682192 0 -7.9739179103735102e-05 0.00053701946227830419 0.0010884827186941595 -0.015474972102439056
leaf_weight=3969 8103 778 11436 1267 3210 750 4382 11552 1124 198687 92888 1196 2641 1249
leaf_count=3969 8103 778 11436 1267 3210 750 4382 11552 1124 198687 92888 1196 2641 1249
internal_value=-0.000492495 -0.000767137 -0.00499317 0.00630458 0.0135374 0.00656566 -0.00414122 -0.00764152 0.000299363 -0.000355653 -0.00202898 -0.00842408 -0.0125868 -0.0031671
internal_weight=343232 329902 29272 13330 5227 3960 28494 15934 12560 300630 101943 9055 7859 3890
internal_count=343232 329902 29272 13330 5227 3960 28494 15934 12560 300630 101943 9055 7859 3890
is_linear=0
shrinkage=0.04


Tree=73
num_leaves=15
num_cat=0
split_feature=13 11 10 9 11 2 8 9 3 5 11 0 8 3
split_gain=391.97 349.054 474.064 298.398 268.002 512.608 402.104 261.79 251.898 247.34 322.315 410.236 494.804 360.093
threshold=642.89807683317133 43.173402908524821 -6.2541673130549187 0.87425797064335398 23.059881007758712 107.61035550000001 0.43442540711011379 0.40860189654805296 14.369974000000001 1.0000000180025095e-35 1.0000000180025095e-35 9.7071765242066679 0.99991679793369304 5.6909915000000009
decision_type=2 2 2 2 2 2 2 2 2 2 2 2 2 2
left_child=1 7 3 8 -2 -6 -7 9 -3 -1 11 12 -11 -14
right_child=4 2 -4 -5 5 6 -8 -9 -10 10 -12 -13 13 -15
leaf_value=0.0050461086501917577 0 -0.017750797403762158 -0.011129819740732287 0.00018263238095851409 5.17943668272882e-06 0.00042290246707185012 -0.0049151782796292469 0 -0.00054258716777829817 0.00079774920226218567 -7.7745923888956707e-05 -0.01603224988130093 0.00062969341390798792 -0.0013670846457338594
leaf_weight=224 8140 823 834 7330 1289 3213 715 199656 18816 1543 93062 1335 1029 4915
leaf_count=224 8140 823 834 7330 1289 3213 715 199656 18816 1543 93062 1335 1029 4915
internal_value=-0.00046156 -0.000733811 -0.00502248 -0.00410397 0.0062559 0.0133333 0.00615071 -0.000338675 -0.00667447 -0.00198613 -0.00207844 -0.00938563 -0.00574329 -0.0109825
internal_weight=342924 329567 27803 26969 13357 5217 3928 301764 19639 102108 101884 8822 7487 5944
internal_count=342924 329567 27803 26969 13357 5217 3928 301764 19639 102108 101884 8822 7487 5944
is_linear=0
shrinkage=0.04


Tree=74
num_leaves=15
num_cat=0
split_feature=13 11 1 0 12 3 10 10 3 1 12 1 13 0
split_gain=384.845 330.593 875.094 428.441 333.448 363.538 1049.16 420.186 388.021 725.152 357.504 312.004 313.93 310.965
threshold=642.89807683317133 27.678684116735347 5.5416031541896258 1.9242794980226288 101.72433699171646 23.794443500000003 -25.150613661564499 -17.932538417000142 20.072496000000005 16.305855667101959 133.64183663992762 50.183658758921858 483.74894686908766 20.396613118289363
decision_type=2 2 2 2 2 2 2 2 2 2 2 2 2 2
left_child=1 -1 -3 -4 -5 6 -6 10 9 -8 -7 12 -12 -10
right_child=-2 2 3 4 5 7 8 -9 13 -11 11 -13 -14 -15
leaf_value=0 0 -0.0039011909054466145 0.0012360020799010941 0.0098849991632054615 -0.014694021309814969 0.00055571204145223247 -0.00014642628603761811 -0.0011973764357221688 0.00050975619037408281 -0.0093198020244953626 2.6688211350452963e-05 0.00055158250225547008 -0.0004621940991268231 -0.068839645478199596
leaf_weight=249996 13323 2941 4034 1095 2269 8911 9022 3895 7085 4999 19868 2004 13379 341
leaf_count=249996 13323 2941 4034 1095 2269 8911 9022 3895 7085 4999 19868 2004 13379 341
internal_value=-0.000408204 -0.000677421 -0.00291823 -0.0020993 -0.00280178 -0.003136 -0.0071884 -0.00113615 -0.0044519 -0.00836745 -2.53612e-05 -0.00183484 -0.00275875 0.00294102
internal_weight=343162 329839 79843 76902 72868 71773 23716 48057 21447 14021 44162 35251 33247 7426
internal_count=343162 329839 79843 76902 72868 71773 23716 48057 21447 14021 44162 35251 33247 7426
is_linear=0
shrinkage=0.04


Tree=75
num_leaves=15
num_cat=0
split_feature=13 9 11 1 9 11 2 8 15 14 3 2 9 13
split_gain=380.253 315.15 316.425 391.97 295.58 271.487 494.987 380.57 235.449 243.667 334.199 422.339 387.921 573.297
threshold=642.89807683317133 0.39395090037715608 42.300517445486783 6.4014527327980115 0.084354176715870546 23.059881007758712 107.61035550000001 0.42915747924927045 13.078688944500003 0.21256765339438269 53.00491000000001 111.63357150000002 0.0024141399299112969 268.32281790025485
decision_type=2 2 2 2 2 2 2 2 2 2 2 2 2 2
left_child=1 2 8 -4 -5 -2 -7 -8 9 10 12 -12 13 -1
right_child=5 -3 3 4 -6 6 7 -9 -10 -11 11 -13 -14 -15
leaf_value=0.00042279728864782264 0 0 -0.010221876006669928 0.0014895138788464152 -0.0039004844754974921 4.9722592154196682e-06 0.00042539081918192183 -0.0043941003831776872 -0.012842525874573333 0.00019134549861772571 0.004278036938702684 -0.0077914294258496835 -0.00093196447591269334 -0.00011324525708528697
leaf_weight=5597 8066 222175 839 2961 2954 1272 3176 740 344 10059 2307 581 24361 57677
leaf_count=5597 8066 222175 839 2961 2954 1272 3176 740 344 10059 2307 581 24361 57677
internal_value=-0.000365715 -0.000632642 -0.00240862 -0.0107906 -0.00716145 0.00627735 0.0134156 0.00637385 -0.00184769 -0.0017347 -0.00239099 0.0109972 -0.0028322 -0.0011809
internal_weight=343109 329855 107680 6754 5915 13254 5188 3916 100926 100582 90523 2888 87635 63274
internal_count=343109 329855 107680 6754 5915 13254 5188 3916 100926 100582 90523 2888 87635 63274
is_linear=0
shrinkage=0.04


Tree=76
num_leaves=15
num_cat=0
split_feature=13 11 10 3 0 10 11 0 12 3 1 3 10 3
split_gain=373.171 320.84 497.676 292.969 316.881 494.554 253.007 450.819 249.253 283.949 236.852 224.808 206.272 403.781
threshold=642.89807683317133 42.697965811023174 -5.9704768347497312 14.670410500000001 6.076334434788115 -17.178482354228745 23.059881007758712 2.3661498667467629 132.9787823262896 54.486009500000002 44.189394854363975 15.956332500000002 -27.065419573911232 25.697482000000004
decision_type=2 2 2 2 2 2 2 2 2 2 2 2 2 2
left_child=1 10 3 -3 5 11 -2 -8 -6 -10 -1 -5 13 -13
right_child=6 2 -4 4 8 -7 7 -9 9 -11 -12 12 -14 -15
leaf_value=0 0 -0.0075511144212453999 -0.0096848657903785395 -0.0048347974644921844 0.00039864785152488854 0.0083962460570452067 1.6429358100642789e-06 0.00036947111564801071 -0.0019612491476212312 -5.5481167601659777e-05 0.0010442656649965948 -0.012754052498694997 0.0013343636983863547 3.0778450514678571e-05
leaf_weight=299337 8096 1486 812 337 3106 821 839 4341 8009 4297 1367 665 2434 7179
leaf_count=299337 8096 1486 812 337 3106 821 839 4341 8009 4297 1367 665 2434 7179
internal_value=-0.000320349 -0.000584993 -0.00459205 -0.00370721 -0.0027503 0.00229451 0.0062549 0.0131583 -0.00649364 -0.00904924 -0.000196605 -1.88413e-05 0.00103522 -0.00212137
internal_weight=343126 329850 29146 28334 26848 11436 13276 5180 15412 12306 300704 10615 10278 7844
internal_count=343126 329850 29146 28334 26848 11436 13276 5180 15412 12306 300704 10615 10278 7844
is_linear=0
shrinkage=0.04


Tree=77
num_leaves=15
num_cat=0
split_feature=13 11 2 3 9 14 13 2 2 15 13 14 12 13
split_gain=342.78 301.26 392.962 245.369 237.972 250.086 338.733 355.08 515.101 392.159 363.051 367.07 339.309 347.079
threshold=642.89807683317133 47.001668373128403 85.527240500000019 57.056034500000003 0.39395090037715608 0.16176218473511844 266.16836799851399 113.64054500000002 75.863865000000018 7.5518605999999986 289.15636952549113 0.17304916140317197 94.452178085871324 339.78084338689752
decision_type=2 2 2 2 2 2 2 2 2 2 2 2 2 2
left_child=1 4 -3 -4 5 -1 -7 8 9 10 11 -8 13 -12
right_child=-2 2 3 -5 -6 6 7 -9 -10 -11 12 -13 -14 -15
leaf_value=-0.0017209366917387908 0 -0.0088457663096358427 -0.00088807752486782859 0.00015346042761036065 0 0.00038120498630044383 0.0002190549440947942 -0.0018085219985058633 0.00021047701003951925 -0.0009140250918854714 0.00015264986370146507 -0.0017018659259334862 0.0029309142205979268 -0.0001290058953504128
leaf_weight=1296 13313 773 13764 4831 207372 5022 1148 12391 41929 7892 6471 2758 1634 22523
leaf_count=1296 13313 773 13764 4831 207372 5022 1148 12391 41929 7892 6471 2758 1634 22523
internal_value=-0.000337611 -0.000591624 -0.00543164 -0.00426997 -0.000289657 -0.00186059 -0.00163824 -0.00216402 -0.00123526 -0.00434262 -0.0025042 -0.0139887 -0.00103957 -0.00203904
internal_weight=343117 329804 19368 18595 310436 103064 101768 96746 84355 42426 34534 3906 30628 28994
internal_count=343117 329804 19368 18595 310436 103064 101768 96746 84355 42426 34534 3906 30628 28994
is_linear=0
shrinkage=0.04


Tree=78
num_leaves=15
num_cat=0
split_feature=13 9 11 1 9 11 2 9 12 5 11 0 8 11
split_gain=341.805 282.742 318.078 392.003 282.249 252.825 539.293 345.561 252.294 221.966 268.542 397.003 433.965 345.975
threshold=642.89807683317133 0.39395090037715608 42.300517445486783 6.1634053022794255 0.084354176715870546 23.059881007758712 107.61035550000001 0.54050277324081641 129.25832194059686 1.0000000180025095e-35 1.0000000180025095e-35 12.066035017857381 0.99991679793369304 3.4819938165307192
decision_type=2 2 2 2 2 2 2 2 2 2 2 2 2 2
left_child=1 2 9 -4 -5 -2 -7 -8 -6 -1 11 12 -11 -12
right_child=5 -3 3 4 8 6 7 -9 -10 10 13 -13 -14 -15
leaf_value=0.005369987331031569 0 0 -0.0092346586581126024 0.0015284512052272338 0.00054319114159991078 4.7076514144003095e-06 -0.0058725163548452039 0.00036449960881387557 -0.010452127203087067 0.0006179552655359011 9.1373246724106715e-05 -0.028596305274229496 -0.00086738069459286863 -0.00017722789605419803
leaf_weight=204 8122 221830 829 2911 767 1272 672 3319 2197 1741 15876 784 6258 75808
leaf_count=204 8122 221830 829 2911 767 1272 672 3319 2197 1741 15876 784 6258 75808
internal_value=-0.000304037 -0.000558801 -0.00224373 -0.0106802 -0.00704681 0.0059619 0.0127912 0.00556252 -0.0157355 -0.00168191 -0.00176655 -0.00844814 -0.00578572 -0.00112648
internal_weight=342590 329205 107375 6704 5875 13385 5263 3991 2964 100671 100467 8783 7999 91684
internal_count=342590 329205 107375 6704 5875 13385 5263 3991 2964 100671 100467 8783 7999 91684
is_linear=0
shrinkage=0.04


Tree=79
num_leaves=15
num_cat=0
split_feature=13 9 11 13 11 2 8 12 2 11 10 11 9 10
split_gain=359.69 265.856 283.674 343.473 242.615 520.478 306.716 221.535 224.045 538.217 321.283 400.988 535.385 675.87
threshold=642.89807683317133 0.39395090037715608 45.902612988248556 559.78456154099251 23.059881007758712 107.61035550000001 0.45448986398052788 57.115190335639646 53.795679000000007 7.2143586974191543 -0.3598471340044293 1.3342427298424633 0.0024141399299112969 -4.0344397994219259
decision_type=2 2 2 2 2 2 2 2 2 2 2 2 2 2
left_child=1 2 7 -4 -2 -6 -7 -1 9 -9 11 -10 -13 -14
right_child=4 -3 3 -5 5 6 -8 8 10 -11 -12 12 13 -15
leaf_value=0.00025911484853605475 0 0 -0.0099225514445461949 0.0009320876619806984 4.5193453578242971e-06 0.0003652874609187365 -0.0051549080413967954 -4.9877046257687239e-05 -0.00081806096998586432 -0.001149976944605104 0.00046224052715274912 0.00020288453273988301 -0.0003406584370347249 -0.0030209271577364594
leaf_weight=990 8033 222124 3558 1401 1286 3259 638 12453 9972 2669 408 43552 31420 1270
leaf_count=990 8033 222124 3558 1401 1286 3259 638 12453 9972 2669 408 43552 31420 1270
internal_value=-0.000259917 -0.000519197 -0.00215019 -0.0114943 0.00621065 0.0129577 0.00567616 -0.00169915 -0.00188237 -0.00637482 -0.0010981 -0.00126569 -0.000279111 -0.00414806
internal_weight=343033 329817 107693 4959 13216 5183 3897 102734 101744 15122 86622 86214 76242 32690
internal_count=343033 329817 107693 4959 13216 5183 3897 102734 101744 15122 86622 86214 76242 32690
is_linear=0
shrinkage=0.04


Tree=80
num_leaves=15
num_cat=0
split_feature=13 11 1 12 0 3 1 1 2 3 10 2 14 0
split_gain=324.466 277.728 762.697 458.789 350.314 304.679 1232.28 484.582 393.259 373.801 652.027 347.996 330.291 486.302
threshold=642.89807683317133 23.059881007758712 5.5416031541896258 107.48032692688652 0.98736860839297302 24.684089500000002 26.307578002689961 20.271867669543976 108.808834 28.770002000000002 -30.321813941715899 121.48956300000002 0.18742964826238592 6.4347153512787623
decision_type=2 2 2 2 2 2 2 2 2 2 2 2 2 2
left_child=1 -1 -3 -4 -5 6 -6 -7 -9 10 -10 -11 -12 -14
right_child=-2 2 3 4 5 7 -8 8 9 11 12 -13 13 -15
leaf_value=0 0 -0.0031817853588391983 0.0025700189058485891 0.0012301957545895899 -0.00029456484839634551 -0.00039365126873050152 -0.012953916429878296 0.0058664727865237101 -0.0050898307390070327 0.0001533116734166095 -0.00020274862190560871 -0.00033095596034834774 0.011104348053833096 0.00050929639117007486
leaf_weight=233865 13292 4508 4047 1567 31836 9920 2615 2562 1070 16093 965 14720 3300 2466
leaf_count=233865 13292 4508 4047 1567 31836 9920 2615 2562 1070 16093 965 14720 3300 2466
internal_value=-0.000243972 -0.000491118 -0.0023067 -0.00151249 -0.00212411 -0.00246742 -0.00537459 -0.00050728 0.0014047 0.000397783 0.00821946 -0.00158245 0.0128302 0.0164551
internal_weight=342826 329534 95669 91161 87114 85547 34451 51096 41176 38614 7801 30813 6731 5766
internal_count=342826 329534 95669 91161 87114 85547 34451 51096 41176 38614 7801 30813 6731 5766
is_linear=0
shrinkage=0.04


Tree=81
num_leaves=15
num_cat=0
split_feature=13 11 10 0 12 0 1 1 3 11 15 13 14 1
split_gain=336.017 281.003 610.991 447.945 302.625 306.46 314.472 296.969 401.342 344.615 449.817 378.393 277.388 275.758
threshold=642.89807683317133 29.027147362783442 -5.9704768347497312 1.9746052772189333 103.4099414690106 32.017485212657178 50.183658758921858 16.60618864941571 18.938612500000001 13.192550722496843 8.5494884204999568 297.0789537866894 0.19356640250980447 23.020764661086407
decision_type=2 2 2 2 2 2 2 2 2 2 2 2 2 2
left_child=1 7 3 -3 -5 6 -6 -1 -9 -10 11 13 -13 -11
right_child=-2 2 -4 4 5 -7 -8 8 9 10 -12 12 -14 -15
leaf_value=0 0 0.0011818455292827168 -0.0038345608399897959 0.010712081050349397 -0.00031455679631262393 0.0097389803023971867 0.00049418528741006836 -0.012298581100241242 -0.030944620193637078 0.00084087857484824754 0.0045186607172202709 -0.00013555291183178035 0.00066245923809223615 -0.0020374788484912583
leaf_weight=230011 13281 4258 2549 955 64537 1315 2023 1368 360 2841 1806 6330 10308 761
leaf_count=230011 13281 4258 2549 955 64537 1315 2023 1368 360 2841 1806 6330 10308 761
internal_value=-0.000217331 -0.000468821 -0.00260878 -0.00193739 -0.00271626 -0.00303087 -0.00340865 0.000168962 0.004425 0.00570919 0.0063431 0.00463636 0.0020916 0.0163909
internal_weight=342703 329422 75637 73088 68830 67875 66560 253785 23774 22406 22046 20240 16638 3602
internal_count=342703 329422 75637 73088 68830 67875 66560 253785 23774 22406 22046 20240 16638 3602
is_linear=0
shrinkage=0.04


Tree=82
num_leaves=15
num_cat=0
split_feature=13 9 11 13 11 2 9 5 11 0 2 0 11 0
split_gain=327.568 262.67 285.467 335.852 229.597 538.21 283.546 220.645 220.22 434.245 421.74 653.262 327.775 697.361
threshold=642.89807683317133 0.39395090037715608 45.902612988248556 559.78456154099251 23.059881007758712 107.61035550000001 0.55650785899935951 1.0000000180025095e-35 1.0000000180025095e-35 1.5446676433053232 74.634689000000023 7.1713202843632509 3.4819938165307192 2.7125943429969115
decision_type=2 2 2 2 2 2 2 2 2 2 2 2 2 2
left_child=1 2 7 -4 -2 -6 -7 -1 9 -9 -11 -12 -10 -14
right_child=4 -3 3 -5 5 6 -8 8 12 10 11 -13 13 -15
leaf_value=0.0047746676630823813 0 0 -0.0094534592394929402 0.00082682304814553299 4.3385715435113251e-06 -0.0044202732516090571 0.00034168012299197275 0.00037881055765446979 8.7173473956600678e-05 -0.0018887530699969902 0.0015091533310652228 -0.0077928885579271754 -0.00033402478805188957 -5.3633264793949421e-05
leaf_weight=203 8100 222118 3547 1411 1267 675 3274 1113 15854 3844 1782 2066 14236 63352
leaf_count=203 8100 222118 3547 1411 1267 675 3274 1113 15854 3844 1782 2066 14236 63352
internal_value=-0.000241977 -0.000490523 -0.00211455 -0.0114885 0.00590868 0.012454 0.00517599 -0.00166091 -0.00174362 -0.00779103 -0.01117 -0.00180873 -0.00117378 -0.00224468
internal_weight=342842 329526 107408 4958 13316 5216 3949 102450 102247 8805 7692 3848 93442 77588
internal_count=342842 329526 107408 4958 13316 5216 3949 102450 102247 8805 7692 3848 93442 77588
is_linear=0
shrinkage=0.04


Tree=83
num_leaves=15
num_cat=0
split_feature=13 11 10 0 12 3 10 8 10 3 15 10 3 11
split_gain=326.959 259.012 605.447 393.051 310.814 302.005 812.745 312.09 544.869 373.802 289.847 269.024 1204.7 677.076
threshold=642.89807683317133 28.593992105703467 -5.9704768347497312 2.0189967782516987 100.84515893462874 19.412503500000003 -16.350183734854827 0.91620594438789993 -17.932538417000142 51.704191000000009 4.646697706999988 -11.542679026795081 14.081276500000001 2.8805987618371893
decision_type=2 2 2 2 2 2 2 2 2 2 2 2 2 2
left_child=1 11 3 -3 -5 6 -6 8 10 -9 -7 12 -1 -14
right_child=-2 2 -4 4 5 7 -8 9 -10 -11 -12 -13 13 -15
leaf_value=-0.021729000701994631 0 0.0010105034588707724 -0.0035457106017544181 0.011776845245685156 -0.011796768331853532 0.003597432895061755 -8.7918262030057815e-05 0.0012519560048996207 -0.0012819409444614033 0.009223916080438762 -0.00012974716571322899 0 -0.017710759538567 0.00044987057578017023
leaf_weight=3197 13351 4539 2678 775 4127 1643 7849 5578 3977 1317 44625 209793 941 38455
leaf_count=3197 13351 4539 2678 775 4127 1643 7849 5578 3977 1317 44625 209793 941 38455
internal_value=-0.00018644 -0.000435091 -0.00246408 -0.00179175 -0.00253251 -0.00281498 -0.00859051 -0.00160448 -0.00269957 0.00637563 -0.00147834 0.000184796 0.00308314 0.00499949
internal_weight=342845 329494 77108 74430 69891 69116 11976 57140 50245 6895 46268 252386 42593 39396
internal_count=342845 329494 77108 74430 69891 69116 11976 57140 50245 6895 46268 252386 42593 39396
is_linear=0
shrinkage=0.04


Tree=84
num_leaves=15
num_cat=0
split_feature=13 11 10 12 3 10 10 1 3 13 14 8 0 3
split_gain=328.153 246.735 746.703 398.749 314.409 1256.8 466.77 406.158 889.706 604.613 548.363 535.826 404.878 445.655
threshold=642.89807683317133 21.770478646269918 -7.7087001137110631 108.62012468374512 23.794443500000003 -24.439978574350913 -20.388688372890929 28.371616803997181 26.445131000000003 466.27196737977994 0.18742964826238592 0.22972957584959844 8.3556674939311844 14.081276500000001
decision_type=2 2 2 2 2 2 2 2 2 2 2 2 2 2
left_child=1 -1 3 -3 5 -5 7 9 -9 10 -6 -12 -7 -14
right_child=-2 2 -4 4 6 12 -8 8 -10 -11 11 -13 13 -15
leaf_value=0 0 0.0020707940541517273 -0.0028000046288622362 -0.0098603784538688431 -9.7406121216514699e-05 0.00010501011504462838 -0.00030253287139354608 -0.007761539669029021 5.4618234596708892e-05 -7.9677462098181053e-05 0.010098588194191929 0.0016158489274212251 -0.034490400597097126 -0.0012501270224643307
leaf_weight=226280 13363 4310 6102 4357 1981 19032 12382 1476 25612 8017 2962 4193 2124 10675
leaf_count=226280 13363 4310 6102 4357 1981 19032 12382 1476 25612 8017 2962 4193 2124 10675
internal_value=-0.000185145 -0.000434351 -0.00205497 -0.00120221 -0.00175453 -0.00466674 0.00010667 0.00202798 -0.00102185 0.00684428 0.0138792 0.0190356 -0.00190883 -0.00740995
internal_weight=342866 329503 103223 97121 92811 36188 56623 44241 27088 17153 9136 7155 31831 12799
internal_count=342866 329503 103223 97121 92811 36188 56623 44241 27088 17153 9136 7155 31831 12799
is_linear=0
shrinkage=0.04


Tree=85
num_leaves=15
num_cat=0
split_feature=13 11 2 2 3 11 2 9 10 3 0 15 1 3
split_gain=318.622 239.548 379.282 241.028 339.659 234.311 543.426 289.383 223.664 285.836 263.13 226.216 184.595 177.309
threshold=642.89807683317133 47.001668373128403 86.073589500000011 121.13692850000001 35.975768000000009 23.059881007758712 107.61035550000001 0.54050277324081641 -16.145246379945764 15.374875500000002 8.4209213354677797 6.439399022125003 33.830529603811442 13.408700000000001
decision_type=2 2 2 2 2 2 2 2 2 2 2 2 2 2
left_child=1 -1 -3 4 -4 -2 -7 -8 9 -5 13 -11 -13 -10
right_child=5 2 3 8 -6 6 7 -9 10 11 -12 12 -14 -15
leaf_value=0 0 -0.0073051119204271603 -0.0077837060535076909 -0.011029749252869649 0.00040563557420667532 4.1650286817708721e-06 -0.0051518592461191164 0.00033700875756230821 -0.0060278163070395163 -0.00016995684123445986 -0.010709938507285008 -0.0030488775474428144 -0.00051182412838035748 0.011126905182261537
leaf_weight=310528 8083 788 1242 612 3755 1276 652 3296 120 6529 487 1457 3599 686
leaf_count=310528 8083 788 1242 612 3755 1276 652 3296 120 6529 487 1457 3599 686
internal_value=-0.000128588 -0.000373435 -0.00470039 -0.00354195 0.00396238 0.00593973 0.0125421 0.0052077 -0.00632172 -0.00799869 0.00949729 -0.00659128 -0.012943 0.0235236
internal_weight=343110 329803 19275 18487 4997 13307 5224 3948 13490 12197 1293 11585 5056 806
internal_count=343110 329803 19275 18487 4997 13307 5224 3948 13490 12197 1293 11585 5056 806
is_linear=0
shrinkage=0.04


Tree=86
num_leaves=15
num_cat=0
split_feature=13 11 2 3 0 10 13 11 2 9 12 13 3 10
split_gain=310.339 235.634 391.293 262.449 237.549 305.879 267.585 220.812 566.221 253.183 208.027 244.799 195.402 395.264
threshold=642.89807683317133 47.001668373128403 85.527240500000019 14.867712000000003 6.4347153512787623 -17.178482354228745 559.78456154099251 23.059881007758712 107.61035550000001 0.54050277324081641 132.75642127646401 491.13380064536852 36.341631500000013 -38.535031805586719
decision_type=2 2 2 2 2 2 2 2 2 2 2 2 2 2
left_child=1 -1 -3 -4 5 12 10 -2 -9 -10 -6 -12 13 -5
right_child=7 2 3 4 6 -7 -8 8 9 -11 11 -13 -14 -15
leaf_value=0 0 -0.0070496966500250592 -0.0094247106522549525 -0.011507291401187359 0.00049967986361325312 0.011413807146599593 0.00026535534577296126 3.9984275345000373e-06 -0.0050485340790863975 0.00031355595804641187 -0.0014889153348232843 -0.0034312134620620191 0.00020055233156881152 -7.6351266901784001e-05
leaf_weight=310340 8142 773 1157 618 1168 603 2938 1276 638 3291 3643 1391 4676 2412
leaf_count=310340 8142 773 1157 618 1168 603 2938 1276 638 3291 3643 1391 4676 2412
internal_value=-0.000141547 -0.000383599 -0.00466278 -0.00350425 -0.00228093 0.00261403 -0.00673085 0.00583802 0.0122728 0.00475439 -0.0114415 -0.0149702 0.000467168 -0.00744554
internal_weight=343066 329719 19379 18606 17449 8309 9140 13347 5205 3929 6202 5034 7706 3030
internal_count=343066 329719 19379 18606 17449 8309 9140 13347 5205 3929 6202 5034 7706 3030
is_linear=0
shrinkage=0.04


Tree=87
num_leaves=15
num_cat=0
split_feature=13 11 10 0 13 1 3 11 0 9 5 15 12 3
split_gain=293.674 223.811 353.609 243.393 320.005 227.031 334.604 211.673 492.279 169.607 226.629 235.624 198.807 177.395
threshold=642.89807683317133 47.001668373128403 -5.6335317931054414 6.4975203931958534 559.78456154099251 15.867511896211697 15.272187000000001 23.059881007758712 2.3156982763973022 0.39395090037715608 1.0000000180025095e-35 13.078688944500003 57.115190335639646 4.504458500000001
decision_type=2 2 2 2 2 2 2 2 2 2 2 2 2 2
left_child=1 9 3 5 -5 -3 -7 -2 -9 10 -1 12 -12 -14
right_child=7 2 -4 4 -6 6 -8 8 -10 -11 11 -13 13 -15
leaf_value=0.0049457115101809021 0 0.0073385403160168648 -0.0085969183443176944 -0.0024034228250927221 0.0002333560913458821 -0.0082938857444791146 7.6945649850907396e-05 7.0805739638143416e-07 0.00028911192652839794 0 0.00025130280410447491 -0.010333215849772641 -0.00043377371778817756 -7.1322061200441436e-05
leaf_weight=211 8069 663 587 6543 2907 598 8025 843 4350 207325 989 346 3238 98267
leaf_count=211 8069 663 587 6543 2907 598 8025 843 4350 207325 989 346 3238 98267
internal_value=-0.0001115 -0.000346255 -0.00452311 -0.00356533 -0.00808466 0.00103381 -0.000700452 0.00572463 0.0120239 -8.6218e-05 -0.0014125 -0.00149747 -0.00138623 -0.00156012
internal_weight=342961 329699 19323 18736 9450 9286 8623 13262 5193 310376 103051 102840 102494 101505
internal_count=342961 329699 19323 18736 9450 9286 8623 13262 5193 310376 103051 102840 102494 101505
is_linear=0
shrinkage=0.04


Tree=88
num_leaves=15
num_cat=0
split_feature=13 9 9 3 13 2 9 13 12 13 8 12 0 3
split_gain=307.015 200.051 257.978 302.471 317.354 555.709 396.296 539.144 390.425 367.194 405.36 285.384 401.762 334.707
threshold=642.89807683317133 0.39395090037715608 0.18402941859047947 51.704191000000009 515.31255052261804 88.141342000000023 0.0024141399299112969 474.36219669615394 74.228967493637569 268.32281790025485 0.99991679793369304 71.571418955128834 5.1761905472915846 4.667513500000001
decision_type=2 2 2 2 2 2 2 2 2 2 2 2 2 2
left_child=1 2 3 4 6 -6 9 -8 -9 10 -1 12 -11 -13
right_child=-2 -3 -4 -5 5 -7 7 8 -10 11 -12 13 -14 -15
leaf_value=0.0012712178129373629 0 0 -0.0009008500680239823 0.00089831980035429636 -0.0015187350461188655 0.00030368824692998621 -0.003127737667642478 -0.00082611247746296136 0.0013461849642407828 -6.7769803140744347e-05 6.9856796411668647e-06 -0.0016098968986380314 -0.0069989199352407392 0.00037059089784640905
leaf_weight=2689 13389 222306 13767 6207 4997 3260 8137 1365 5013 24224 3094 2031 848 31842
leaf_count=2689 13389 222306 13767 6207 4997 3260 8137 1365 5013 24224 3094 2031 848 31842
internal_value=-0.000118076 -0.000359149 -0.00177606 -0.0010249 -0.00163017 -0.00909289 -0.000852567 -0.00682604 0.00188147 0.000486961 0.0101055 -0.000456697 -0.00369177 0.00193783
internal_weight=343169 329780 107474 93707 87500 8257 79243 14515 6378 64728 5783 58945 25072 33873
internal_count=343169 329780 107474 93707 87500 8257 79243 14515 6378 64728 5783 58945 25072 33873
is_linear=0
shrinkage=0.04


Tree=89
num_leaves=15
num_cat=0
split_feature=13 11 2 9 9 11 10 1 3 9 2 2 15 15
split_gain=296.427 209.139 565.363 237.192 197.078 260.078 507.68 422.535 354.303 248.11 252.382 277.21 229.71 210.033
threshold=642.89807683317133 23.059881007758712 107.61035550000001 0.54050277324081641 0.39395090037715608 36.241656113539825 -5.6335317931054414 13.76513244106418 18.769620500000006 0.084354176715870546 111.92917250000001 135.26139100000003 7.8595107582499688 13.078688944500003
decision_type=2 2 2 2 2 2 2 2 2 2 2 2 2 2
left_child=4 -2 -3 -4 5 13 7 -7 -9 -10 12 -12 -11 -1
right_child=1 2 3 -5 -6 6 -8 8 9 10 11 -13 -14 -15
leaf_value=-4.8088176775137257e-05 0 3.8101681372647777e-06 -0.0049454226207888688 0.00029942169187682348 0 0.0081837708038261653 -0.0061477126050937152 -0.033526968661743976 0.0023793718331476025 -0.0027033066235830506 -0.011087603394173459 0.00044197678695561017 0.0030587857148045494 -0.0096869903011927768
leaf_weight=95814 8115 1260 648 3309 222005 1338 1112 1038 3248 588 2307 766 1015 346
leaf_count=95814 8115 1260 648 3309 222005 1338 1112 1038 3248 588 2307 766 1015 346
internal_value=-6.579e-05 0.00578158 0.0120299 0.00459944 -0.000302327 -0.00170751 -0.00741675 -0.00464466 -0.00777505 -0.00489652 -0.0107956 -0.0175073 0.00207112 -0.00102995
internal_weight=342909 13332 5217 3957 329577 107572 11412 10300 8962 7924 4676 3073 1603 96160
internal_count=342909 13332 5217 3957 329577 107572 11412 10300 8962 7924 4676 3073 1603 96160
is_linear=0
shrinkage=0.04


Tree=90
num_leaves=15
num_cat=0
split_feature=13 11 2 3 0 1 13 11 2 8 3 10 3 2
split_gain=292.183 211.735 365.342 243.664 210.522 336.783 262.443 206.674 571.087 211.01 201.271 321.89 170.213 159.131
threshold=642.89807683317133 47.355923603819981 85.527240500000019 14.270604500000003 6.4975203931958534 16.60618864941571 559.78456154099251 23.059881007758712 107.61035550000001 0.50029875070030327 36.341631500000013 -38.535031805586719 15.956332500000002 101.42388950000002
decision_type=2 2 2 2 2 2 2 2 2 2 2 2 2 2
left_child=1 -1 -3 -4 5 -5 13 -2 -9 -10 11 -7 -13 -6
right_child=7 2 3 4 6 10 -8 8 9 -11 -12 12 -14 -15
leaf_value=0 0 -0.0066122659730581826 -0.011570477492996516 0.011226375701113898 0.018107123747346448 -0.010992109884838312 0.0002842826646288685 3.6577614117741867e-06 0.00027747237498834654 -0.0084274345058438574 0.00019092409784471999 -0.0064099003045926094 0.00088231934256110818 -0.0021834198052815231
leaf_weight=310960 8094 761 808 615 115 616 2848 1271 3375 542 4613 328 2148 5746
leaf_count=310960 8094 761 808 615 115 616 2848 1271 3375 542 4613 328 2148 5746
internal_value=-6.75534e-05 -0.00030198 -0.00444779 -0.00328979 -0.00227142 0.00227885 -0.00661844 0.00574913 0.0119815 0.00442175 5.19143e-06 -0.00789133 -0.00145396 -0.0114588
internal_weight=342840 329558 18598 17837 17029 8320 8709 13282 5188 3917 7705 3092 2476 5861
internal_count=342840 329558 18598 17837 17029 8320 8709 13282 5188 3917 7705 3092 2476 5861
is_linear=0
shrinkage=0.04


Tree=91
num_leaves=15
num_cat=0
split_feature=13 11 2 11 11 1 11 10 12 0 1 3 11 15
split_gain=291.742 213.417 242.167 336.506 261.985 197.294 190.023 599.964 383.093 373.122 274.088 755.784 543.032 275.28
threshold=642.89807683317133 10.471283737988839 106.42204250000002 23.059881007758712 20.819345052931578 22.113160233336789 22.553011914681559 -7.7087001137110631 107.48032692688652 0.98736860839297302 11.546063458947854 13.591346500000002 2.8805987618371893 12.200141976749977
decision_type=2 2 2 2 2 2 2 2 2 2 2 2 2 2
left_child=6 -2 3 4 -3 -4 10 8 -8 -10 -1 -12 -13 -14
right_child=1 2 5 -5 -6 -7 7 -9 9 -11 11 12 13 -15
leaf_value=0 0 0.000312091239152561 -0.0017669929917943172 3.8101791856461816e-07 -8.338498720824946e-06 0.00025097640349829113 0.0024463910551360715 -0.0025056000466105116 0.0012121653211658433 -0.00012812893594093009 -0.026710888544074055 -0.013728547023530381 0.0006053664452159304 0.0030389965220356807
leaf_weight=204876 6105 1111 343 1223 185 4366 3686 5670 1563 87538 1329 1000 22679 1381
leaf_count=204876 6105 1111 343 1223 185 4366 3686 5670 1563 87538 1329 1000 22679 1381
internal_value=-2.56519e-05 0.00577514 0.0104261 0.0204367 0.00623457 0.00507114 -0.000260219 -0.00173192 -0.000960048 -0.00148281 0.000366333 0.00420327 0.00576217 0.00696259
internal_weight=343055 13333 7228 2519 1296 4709 329722 98457 92787 89101 231265 26389 25060 24060
internal_count=343055 13333 7228 2519 1296 4709 329722 98457 92787 89101 231265 26389 25060 24060
is_linear=0
shrinkage=0.04


Tree=92
num_leaves=15
num_cat=0
split_feature=13 11 2 8 9 11 10 1 3 9 2 2 15 10
split_gain=211.387 247.751 573.465 195.189 185.777 245.115 479.542 398.542 305.386 249.039 240.738 313.22 278.012 230.926
threshold=642.89807683317133 23.059881007758712 107.61035550000001 0.50029875070030327 0.39395090037715608 35.858953751091747 -5.6335317931054414 13.76513244106418 18.769620500000006 0.084354176715870546 115.90046700000001 134.53521750000002 7.8595107582499688 -19.270300949584165
decision_type=2 2 2 2 2 2 2 2 2 2 2 2 2 2
left_child=4 -2 -3 -4 5 13 7 -7 -9 -10 12 -12 -11 -1
right_child=1 2 3 -5 -6 6 -8 8 9 10 11 -13 -14 -15
leaf_value=0.0015665096968844427 0 3.4962102385606343e-06 0.00025660296769836912 -0.0073498022741844086 0 0.0079028130802226686 -0.0054980083045109507 -0.031503748719188172 0.0023449180283165649 -0.0037335357405109894 -0.011103103653698217 0.000168264388104582 0.0030585993172320934 -7.6373220466074428e-05
leaf_weight=7663 8091 1273 3362 567 222209 1362 1143 1068 3416 773 1924 854 1306 88166
leaf_count=7663 8091 1273 3362 567 222209 1362 1143 1068 3416 773 1924 854 1306 88166
internal_value=-5.26842e-05 0.0048928 0.0117032 0.00414355 -0.000251967 -0.0016156 -0.00704373 -0.00441372 -0.0073611 -0.00476248 -0.0105827 -0.0182865 -0.0002886 -0.000944599
internal_weight=343177 13293 5202 3929 329884 107675 11846 10703 9341 8273 4857 2778 2079 95829
internal_count=343177 13293 5202 3929 329884 107675 11846 10703 9341 8273 4857 2778 2079 95829
is_linear=0
shrinkage=0.04


Tree=93
num_leaves=15
num_cat=0
split_feature=9 11 5 0 11 14 12 12 11 10 2 0 12 1
split_gain=185.471 247.377 203.338 198.349 237.977 275.033 264.355 343.755 239.748 408.565 432.105 586.177 358.442 309.318
threshold=0.47013787464091489 55.744386389258835 1.0000000180025095e-35 32.017485212657178 28.807354453528703 0.217334141739844 83.687974126258368 100.84515893462874 1.0000000180025095e-35 -1.9378334003157185 73.982925500000007 12.187796007370503 75.698584700176909 4.5433765009231442
decision_type=2 2 2 2 2 2 2 2 2 2 2 2 2 2
left_child=1 2 -1 4 8 6 -6 -8 9 10 13 12 -12 -4
right_child=-2 -3 3 -5 5 -7 7 -9 -10 -11 11 -13 -14 -15
leaf_value=0.0045912186262757016 0 -0.01095298120541886 -0.00081977148513291969 0.0081141807348690358 -0.0031725168929948948 0.0015749556223418027 0.011173959694489017 -0.0016584150921603398 8.3037805165139814e-06 0.00031453634035466196 0.0031212229075600483 -0.020339556505072912 -0.0010024136378538595 -0.0072685956895637109
leaf_weight=222 225996 1776 2154 1508 1440 1843 715 17968 82181 1795 1334 744 1783 1303
leaf_count=222 225996 1776 2154 1508 1440 1843 715 17968 82181 1795 1334 744 1783 1303
internal_value=-6.20839e-05 -0.00135656 -0.00112775 -0.00120173 -0.00139361 -0.00513157 -0.00648611 -0.0052133 -0.000494227 -0.00664984 -0.0108445 -0.00164724 0.00596728 -0.0211166
internal_weight=342762 116766 114990 114768 113260 21966 20123 18683 91294 9113 7318 3861 3117 3457
internal_count=342762 116766 114990 114768 113260 21966 20123 18683 91294 9113 7318 3861 3117 3457
is_linear=0
shrinkage=0.04


Tree=94
num_leaves=15
num_cat=0
split_feature=13 11 0 11 10 0 12 3 1 1 1 3 13 14
split_gain=209.019 253.098 494.252 180.821 566.14 326.727 338.77 268.072 1270.61 432.385 412.603 836.799 458.999 417.992
threshold=642.89807683317133 23.059881007758712 2.3156982763973022 22.207529661144154 -7.7087001137110631 0.98736860839297302 107.48032692688652 23.794443500000003 24.864517644579234 21.690581406350898 28.371616803997181 26.916156500000003 466.27196737977994 0.18742964826238592
decision_type=2 2 2 2 2 2 2 2 2 2 2 2 2 2
left_child=3 -2 -3 -1 5 -5 -7 8 -8 -9 12 -12 13 -11
right_child=1 2 -4 4 -6 6 7 9 -10 10 11 -13 -14 -15
leaf_value=0 0 2.2592879227960806e-07 0.00026937526597526138 0.0011672231896621538 -0.0023429850324893854 0.0020536524128784827 -0.00017380621431347317 -0.00027684587226015962 -0.01149751862444506 -9.4708237503383539e-05 -0.0074114796157967611 6.0144861889460876e-05 1.6417423904457189e-05 0.0050200679019497896
leaf_weight=229381 8114 834 4353 1539 5862 3811 30652 13764 3446 1491 1609 25115 7262 6013
leaf_count=229381 8114 834 4353 1539 5862 3811 30652 13764 3446 1491 1609 25115 7262 6013
internal_value=-2.63368e-05 0.00488986 0.011791 -0.000224522 -0.00163876 -0.000892061 -0.00119404 -0.00169218 -0.0044812 2.89572e-05 0.002067 -0.000898069 0.00743329 0.014371
internal_weight=343246 13301 5187 329945 100564 94702 93163 89352 34098 55254 41490 26724 14766 7504
internal_count=343246 13301 5187 329945 100564 94702 93163 89352 34098 55254 41490 26724 14766 7504
is_linear=0
shrinkage=0.04


Tree=95
num_leaves=15
num_cat=0
split_feature=11 2 3 1 2 3 9 13 11 2 11 8 11 8
split_gain=211.571 344.464 223.975 217.708 308.243 268.767 223.056 180.11 238.48 289.153 418.876 191.149 283.086 189.793
threshold=47.355923603819981 86.073589500000011 14.764700500000002 17.833680642306067 121.13692850000001 35.975768000000009 0.65505037267741284 642.89807683317133 20.095279887984745 107.61035550000001 23.059881007758712 0.73544079443802735 6.5305776033977416 0.50029875070030327
decision_type=2 2 2 2 2 2 2 2 2 2 2 2 2 2
left_child=7 -2 -3 6 5 -5 -4 -1 11 10 -10 12 -9 -11
right_child=1 2 3 4 -6 -7 -8 8 9 13 -12 -13 -14 -15
leaf_value=0 -0.0060960153715105478 -0.0092177926280170557 0.00058490446399955104 -0.0076390814983945841 -0.00062131671359379138 0.00042369984901632825 0.0075960519035594984 0 -8.0049587719919476e-06 0.00027639887187801463 3.3473246773270248e-06 0.00029906615155683047 -0.00010330717467441215 -0.0070665851938560426
leaf_weight=310993 767 1078 1024 780 10962 3496 562 4439 269 3830 1281 2009 978 555
leaf_count=310993 767 1078 1024 780 10962 3496 562 4439 269 3830 1281 2009 978 555
internal_value=-1.376e-05 -0.00415448 -0.00302983 -0.00189729 -0.00336527 0.00574369 0.0122068 0.000224569 0.0047721 0.0107498 0.0256 -5.38648e-06 -0.00391361 0.00550057
internal_weight=343023 18669 17902 16824 15238 4276 1586 324354 13361 5935 1550 7426 5417 4385
internal_count=343023 18669 17902 16824 15238 4276 1586 324354 13361 5935 1550 7426 5417 4385
is_linear=0
shrinkage=0.04


Tree=96
num_leaves=15
num_cat=0
split_feature=11 2 3 1 0 2 12 9 1 3 1 10 13 11
split_gain=189.725 354.69 209.706 372.874 303.274 251.567 307.608 339.658 245.93 368.289 236.956 194.24 130.98 220.254
threshold=46.276003060289419 86.073589500000011 35.975768000000009 38.672952544142845 6.0272432125841391 120.06869100000002 143.41190449405914 0.79525409930071589 16.305855667101959 15.956332500000002 32.199598540922111 -44.98759609851075 642.89807683317133 23.059881007758712
decision_type=2 2 2 2 2 2 2 2 2 2 2 2 2 2
left_child=11 -2 3 4 8 10 7 -7 -3 -10 -4 -1 -13 -14
right_child=1 2 5 -5 -6 6 -8 -9 9 -11 -12 12 13 -15
leaf_value=0.00061198127472836521 -0.0053760250206724451 0.0049879507983549244 -0.00019526713140909896 -0.01178425490575191 -0.0035915363158673321 -0.0037433461543337739 0.00025619572238971822 -7.5525091035691388e-05 -0.0060390520944115103 0.0017410126422495321 0.0006275955424622612 0 0 4.794843780086683e-06
leaf_weight=2533 839 805 1168 706 4447 1168 4229 2180 697 2280 2273 307666 8136 4074
leaf_count=2533 839 805 1168 706 4447 1168 4229 2180 697 2280 2273 307666 8136 4074
internal_value=-4.41724e-05 -0.0037476 -0.00267629 -0.00722999 -0.00483655 0.00101652 -0.00305662 -0.0121147 0.00349022 -0.00181391 0.00998547 0.00019466 0.000107292 0.00417035
internal_weight=343201 20792 19953 8935 8229 11018 7577 3348 3782 2977 3441 322409 319876 12210
internal_count=343201 20792 19953 8935 8229 11018 7577 3348 3782 2977 3441 322409 319876 12210
is_linear=0
shrinkage=0.04


Tree=97
num_leaves=15
num_cat=0
split_feature=15 9 11 12 9 3 12 9 2 2 15 11 8 3
split_gain=168.663 194.843 408.111 349.299 498.969 375.075 315.668 236.395 232.167 213.131 293.372 260.57 212.955 201.723
threshold=11.201103675124985 0.72231128922697263 28.593992105703467 84.274729605116349 0.084354176715870546 51.704191000000009 102.64459557583801 0.38572993904612163 172.45245350000002 118.86427300000001 4.6126924129999773 38.566533854135535 0.84690346188549948 13.885851000000001
decision_type=2 2 2 2 2 2 2 2 2 2 2 2 2 2
left_child=1 2 8 12 5 6 -5 -6 -1 11 -11 -9 -4 -10
right_child=-2 -3 3 4 7 -7 -8 9 13 10 -12 -13 -14 -15
leaf_value=-1.9053414754658314e-05 0 0 0.0081191012603333453 0.014702458028308897 -0.0034972354949721262 0.0085002526404380028 -0.00074239978504811021 -0.00041492446401231826 -0.036632042523112869 0.00042822642661683287 -0.0011672392698897948 0.00091927146916978564 -0.0034478739107077663 0.00077679540170156399
leaf_weight=95642 16615 192404 102 523 7963 1333 8414 3244 195 1302 9713 2000 1679 1474
leaf_count=95642 16615 192404 102 523 7963 1333 8414 3244 195 1302 9713 2000 1679 1474
internal_value=-0.000122591 -0.000322957 -0.00149659 -0.00511786 -0.00422591 0.00316261 0.000210361 -0.0073586 -0.000146746 -0.00459315 -0.00775306 0.00204424 -0.0223919 0.0146435
internal_weight=342603 325988 133584 36273 34492 10270 8937 24222 97311 16259 11015 5244 1781 1669
internal_count=342603 325988 133584 36273 34492 10270 8937 24222 97311 16259 11015 5244 1781 1669
is_linear=0
shrinkage=0.04


Tree=98
num_leaves=15
num_cat=0
split_feature=15 8 11 0 12 8 2 13 13 2 3 10 15 12
split_gain=166.619 191.956 378.566 349.435 310.369 280.993 282.833 245.456 313.237 250.625 455.307 1350.17 376.547 304.713
threshold=11.201103675124985 0.27823164299441522 28.593992105703467 32.017485212657178 84.274729605116349 0.92657465921782955 75.863865000000018 266.16836799851399 222.80609965345354 75.863865000000018 14.867712000000003 -13.408458487491774 7.5518605999999986 57.115190335639646
decision_type=2 2 2 2 2 2 2 2 2 2 2 2 2 2
left_child=1 -1 7 4 -4 -6 -7 8 -3 12 11 -11 -9 -14
right_child=-2 2 3 -5 5 6 -8 9 -10 10 -12 -13 13 -15
leaf_value=0 0 -0.00039353855080611857 -0.0030252716918764246 0.0082720525769433857 -0.00084200091028891421 0.014072605445816264 -0.00010393250177392289 -3.8850537104799732e-05 0.0003495292408932975 -0.05127583644152077 0.00028822552431209014 0.00011458226679558004 0.00070754584788146194 -0.00084193084712889422
leaf_weight=192759 16726 2604 1805 1315 24400 403 8211 35274 4375 2166 36260 9328 218 6978
leaf_count=192759 16726 2604 1805 1315 24400 403 8211 35274 4375 2166 36260 9328 218 6978
internal_value=-0.000139081 -0.000338796 -0.00150566 -0.00500138 -0.00576582 -0.00488278 0.00132807 -0.000206166 0.00702106 -0.000765207 0.00122293 -0.00571429 -0.00300071 -0.0113396
internal_weight=342822 326096 133337 36134 34819 33014 8614 97203 6979 90224 47754 11494 42470 7196
internal_count=342822 326096 133337 36134 34819 33014 8614 97203 6979 90224 47754 11494 42470 7196
is_linear=0
shrinkage=0.04


Tree=99
num_leaves=15
num_cat=0
split_feature=11 0 0 3 12 11 8 10 3 3 12 10 3 15
split_gain=157.107 150.289 148.842 1335.08 412.922 550.869 270.837 248.865 307.342 252.646 243.246 203.015 405.389 225.72
threshold=68.382225020498041 32.017485212657178 13.640689465938094 15.571966000000002 133.64183663992762 10.191135730900339 0.99616426479917164 -21.274315947241657 20.412757500000005 25.551740500000005 100.84515893462874 -14.709800909665562 18.769620500000006 6.6210727799999924
decision_type=2 2 2 2 2 2 2 2 2 2 2 2 2 2
left_child=1 2 -1 -4 5 -5 -6 9 -9 -8 -7 12 -12 -14
right_child=-2 -3 3 4 6 10 7 8 -10 -11 11 -13 13 -15
leaf_value=0 -0.016832660576399303 0.0072448673177295418 -0.062359544702235821 -0.026589452326448031 -0.0022215678632918289 0.0083593442901085564 -0.060462111002134632 -0.024389652676156417 0.0087100194818688706 0.0060378695753055657 -0.020990694713125285 0.0085824100409152542 0.0044308228290158222 0.00033748121221054253
leaf_weight=314443 730 1521 1624 556 9893 663 477 437 969 480 1136 883 3185 6168
leaf_count=314443 730 1521 1624 556 9893 663 477 437 969 480 1136 883 3185 6168
internal_value=-9.33662e-05 -5.38496e-05 -0.000109822 -0.00299044 -0.000693846 0.00439361 -0.00592037 0.0062463 0.0169559 -0.00948798 0.00619194 0.00481885 0.00326819 0.00600877
internal_weight=343165 342435 340914 26471 24847 12591 12256 2363 1406 957 12035 11372 10489 9353
internal_count=343165 342435 340914 26471 24847 12591 12256 2363 1406 957 12035 11372 10489 9353
is_linear=0
shrinkage=0.04


Tree=100
num_leaves=15
num_cat=0
split_feature=0 11 9 14 1 3 10 2 3 10 3 0 12 1
split_gain=154.368 156.815 323.87 254.468 210.997 304.506 273.267 178.892 156.774 144.468 138.991 205.07 171.621 146.393
threshold=32.017485212657178 47.001668373128403 0.80889307745971584 0.22601595510611858 16.878340123463158 35.975768000000009 -38.535031805586719 85.527240500000019 32.520691000000006 -46.510497185832797 14.369974000000001 6.1316402808482762 129.78945763506428 14.128294149703853
decision_type=2 2 2 2 2 2 2 2 2 2 2 2 2 2
left_child=1 9 3 7 -4 6 -6 -3 -8 -1 -9 -12 -13 -14
right_child=-2 2 4 -5 5 -7 8 10 -10 -11 11 12 13 -15
leaf_value=0.00056254289324063258 0.0074026338158217153 -0.0050840313403968228 0.0032084392015140884 0.00067587189219084007 -0.010892877620080036 0.00019925272774749245 -0.0019283368257209587 -0.023106499267606211 0.0069161255341773729 0 0.0084937980057881515 0.0011010826384277117 0.02999752851943507 -0.0022478608996055007
leaf_weight=2012 1552 766 470 1102 647 5804 1855 525 325 320665 792 940 137 5716
leaf_count=2012 1552 766 470 1102 647 5804 1855 525 325 320665 792 940 137 5716
internal_value=-6.082e-05 -0.000117979 -0.0036417 -0.00861896 0.00181519 0.000393929 -0.0103714 -0.0108698 -0.00359633 9.0369e-05 -0.00912454 -0.00774687 -0.00999264 -0.0125406
internal_weight=343308 341756 19079 9978 9101 8631 2827 8876 2180 322677 8110 7585 6793 5853
internal_count=343308 341756 19079 9978 9101 8631 2827 8876 2180 322677 8110 7585 6793 5853
is_linear=0
shrinkage=0.04


Tree=101
num_leaves=15
num_cat=0
split_feature=15 2 11 3 11 0 3 9 11 8 11 0 14 12
split_gain=176.424 170.608 547.708 396.532 199.325 210.693 197.581 182.646 171.342 167.12 338.037 317.006 331.443 244.261
threshold=11.201103675124985 109.78876100000001 9.9291896778961952 29.578951500000006 41.147555971022889 15.603502168118466 5.1420485000000005 0.11165759423424627 6.5305776033977416 0.32402449134454059 28.807354453528703 32.017485212657178 0.22601595510611858 84.274729605116349
decision_type=2 2 2 2 2 2 2 2 2 2 2 2 2 2
left_child=9 2 3 6 -3 -6 -2 -5 -9 -1 -11 12 13 -12
right_child=1 4 -4 7 5 -7 -8 8 -10 10 11 -13 -14 -15
leaf_value=0 0 0 0.0071750660076923571 -0.0024077322735405393 0.00091410307283992494 -0.0027729435286301877 0.0033095367227631827 4.3435692531263591e-05 -0.00062575155126261522 -1.0573271566073767e-05 -0.0029010715794176778 0.0076289842674979406 0.00098904938137496469 -0.0010581947158679829
leaf_weight=198760 1127 7777 2723 466 1480 216 1442 1022 437 95955 1785 1323 1585 27056
leaf_count=198760 1127 7777 2723 466 1480 216 1442 1022 437 95955 1785 1323 1585 27056
internal_value=-7.60009e-05 0.00393529 0.00856866 -8.90076e-06 0.000405363 0.0128302 0.0102764 -0.0137351 -0.00677176 -0.000281072 -0.00141014 -0.00498787 -0.00582134 -0.00680004
internal_weight=343154 16690 7217 4494 9473 1696 2569 1925 1459 326464 127704 31749 30426 28841
internal_count=343154 16690 7217 4494 9473 1696 2569 1925 1459 326464 127704 31749 30426 28841
is_linear=0
shrinkage=0.04


Tree=102
num_leaves=15
num_cat=0
split_feature=11 15 2 11 3 9 0 9 11 3 1 11 0 3
split_gain=150.4 140.225 154.345 519.05 360.484 174.428 171.861 202.93 187.911 167.7 163.808 161.869 150.381 144.744
threshold=68.382225020498041 11.201103675124985 109.78876100000001 9.9291896778961952 28.453385000000001 0.11165759423424627 18.771188598437771 0.17984884493355033 40.995591252257974 5.2194035000000012 4.751179874648563 6.5305776033977416 12.518610103086974 38.25922700000001
decision_type=2 2 2 2 2 2 2 2 2 2 2 2 2 2
left_child=1 -1 3 4 9 -6 8 -8 -4 10 -3 -7 -11 -5
right_child=-2 2 6 13 5 11 7 -9 -10 12 -12 -13 -14 -15
leaf_value=0 -0.016165900948354833 0 0 0.001350908157469421 -0.0021708280446627111 5.1474502525555025e-05 0.0021681536021173117 -0.0085001554859774793 0.00077532046340121955 0.0035058945705721523 -0.018425501867944075 -0.00060532292492124131 -0.015004176910701645 0.0088831903724648793
leaf_weight=325597 725 1006 6727 748 466 1005 497 571 1704 1259 166 431 130 1957
leaf_count=325597 725 1006 6727 748 466 1005 497 571 1704 1259 166 431 130 1957
internal_value=-6.27425e-05 -2.41919e-05 0.00355433 0.00798549 -0.000394354 -0.0135857 0.000210548 -0.0149064 0.00212549 0.00940258 -0.00174061 -0.00668524 0.0188049 0.0218115
internal_weight=342989 342264 16667 7168 4463 1902 9499 1068 8431 2561 1172 1436 1389 2705
internal_count=342989 342264 16667 7168 4463 1902 9499 1068 8431 2561 1172 1436 1389 2705
is_linear=0
shrinkage=0.04


Tree=103
num_leaves=15
num_cat=0
split_feature=11 15 2 11 3 11 8 0 3 10 11 8 11 0
split_gain=140.918 133.774 155.787 493.491 347.948 173.19 170.635 162.692 160.203 164.724 159.62 147.556 297.1 288.448
threshold=68.382225020498041 11.201103675124985 109.78876100000001 9.9291896778961952 29.578951500000006 41.147555971022889 0.89849849538125148 15.603502168118466 5.1420485000000005 -14.519062161336374 6.5305776033977416 0.32402449134454059 28.593992105703467 32.017485212657178
decision_type=2 2 2 2 2 2 2 2 2 2 2 2 2 2
left_child=1 11 3 4 8 -4 10 -7 -3 -10 -6 -1 -13 -14
right_child=-2 2 5 -5 6 7 -8 -9 9 -11 -12 12 13 -15
leaf_value=0 -0.015654183475848009 0 0 0.0067740571505292843 4.4688054529978816e-05 0.00083615739297692837 -0.0025103381680751523 -0.0024925650378160771 -0.0049040133443295185 0.004175559640135865 -0.00056724890600844656 -8.3352404729899322e-06 -0.00095927195526390925 0.0075605398621937572
leaf_weight=198510 725 1143 7801 2719 1022 1453 444 211 293 1147 441 95342 30166 1331
leaf_count=198510 725 1143 7801 2719 1022 1453 444 211 293 1147 441 95342 30166 1331
internal_value=-9.40633e-05 -5.67213e-05 0.00343769 0.00786794 -0.000276169 6.33914e-05 -0.0132354 0.0117788 0.00929152 0.0181667 -0.00664388 -0.000235808 -0.00130149 -0.00466965
internal_weight=342748 342023 16674 7209 4490 9465 1907 1664 2583 1440 1463 325349 126839 31497
internal_count=342748 342023 16674 7209 4490 9465 1907 1664 2583 1440 1463 325349 126839 31497
is_linear=0
shrinkage=0.04


Tree=104
num_leaves=15
num_cat=0
split_feature=11 3 15 2 11 3 0 8 11 8 3 1 11 1
split_gain=147.944 134.31 130.545 156.937 429.577 332.444 159.884 197.218 174.936 158.647 151.757 148.185 142.114 139.187
threshold=68.382225020498041 28.133823500000002 11.201103675124985 109.78876100000001 9.9291896778961952 28.453385000000001 18.771188598437771 0.82744814221986307 40.995591252257974 0.89849849538125148 5.2194035000000012 4.751179874648563 6.5305776033977416 50.183658758921858
decision_type=2 2 2 2 2 2 2 2 2 2 2 2 2 2
left_child=2 -2 13 4 5 10 8 -8 -5 12 11 -4 -7 -1
right_child=1 -3 3 6 -6 9 7 -9 -10 -11 -12 -13 -14 -15
leaf_value=0 -0.017951867308876487 0.013905093270039281 0 0 0.0065030948645081119 3.3618607804749289e-05 -0.0074953274860495283 0.0041225725129729589 0.00071385288947470164 -0.0022533799255851556 0.0028386084716699317 -0.01759789867336279 -0.00055842005168405375 0.00039809091516385733
leaf_weight=323556 504 225 998 6715 2692 1052 610 443 1724 423 1393 158 431 2012
leaf_count=323556 504 225 998 6715 2692 1052 610 443 1724 423 1393 158 431 2012
internal_value=-5.16714e-05 -0.0180521 -1.33253e-05 0.00344251 0.00791941 0.000296296 7.16393e-05 -0.0146249 0.00190544 -0.01234 0.009745 -0.000968858 -0.00617667 -0.000189945
internal_weight=342936 729 342207 16639 7147 4455 9492 1053 8439 1906 2549 1156 1483 325568
internal_count=342936 729 342207 16639 7147 4455 9492 1053 8439 1906 2549 1156 1483 325568
is_linear=0
shrinkage=0.04


Tree=105
num_leaves=15
num_cat=0
split_feature=11 3 8 12 1 11 8 3 10 3 3 15 3 11
split_gain=145.158 235.614 162.085 169.207 168.935 181.987 138.09 125.739 109.527 123.363 106.324 105.478 127.727 105.017
threshold=54.32780736049174 15.076408000000002 0.1816512162309383 144.60284905250111 17.967094539758552 59.585711772656914 0.87104679207462643 69.787315000000021 -46.510497185832797 43.442695000000008 31.124145500000001 6.3665065888750698 23.794443500000003 62.67587878309083
decision_type=2 2 2 2 2 2 2 2 2 2 2 2 2 2
left_child=8 -2 4 6 -3 -6 11 13 9 -1 -8 12 -4 -7
right_child=1 2 3 -5 5 7 10 -9 -10 -11 -12 -13 -14 -15
leaf_value=-0.014485270614996507 -0.0085603020376825399 0.006666733629764208 -0.0088815878836763333 0.00095153201420117295 -0.0005250583768344597 -6.2756209348650279e-05 -0.015546129401754984 0.0012472959015586245 0 0.00040810811292646702 0.016827633137958466 -0.0029536942838448111 0.0036037860051796383 0.00042337813176025947
leaf_weight=104 962 230 541 1172 1782 1375 548 234 330945 2592 333 1218 307 862
leaf_count=104 962 230 541 1172 1782 1375 548 234 330945 2592 333 1218 307 862
internal_value=-6.80643e-05 -0.00492681 -0.00282725 -0.00855547 0.00243587 0.000630143 -0.0136681 0.00765682 7.12143e-05 0.00810089 -0.000408627 -0.0193224 -0.00849057 0.00473849
internal_weight=343205 9564 8602 4119 4483 4253 2947 2471 333641 2696 881 2066 848 2237
internal_count=343205 9564 8602 4119 4483 4253 2947 2471 333641 2696 881 2066 848 2237
is_linear=0
shrinkage=0.04


Tree=106
num_leaves=15
num_cat=0
split_feature=11 1 11 3 14 2 1 14 11 11 10 13 8 2
split_gain=154.229 119.566 115.99 221.977 149.413 165.792 161.386 139.378 358.321 525.806 627.201 254.578 159.478 155.071
threshold=68.382225020498041 50.183658758921858 48.702829224395281 14.466396500000002 0.22601595510611858 154.77598550000002 16.175765144222318 0.21850692549482056 7.8751948625709112 26.209127694138189 -25.413913590999645 624.1880601347857 0.99964334730506998 124.88185500000002
decision_type=2 2 2 2 2 2 2 2 2 2 2 2 2 2
left_child=1 2 7 -4 5 -5 -7 -1 12 11 -11 -10 -9 -12
right_child=-2 -3 3 4 -6 6 -8 8 9 10 13 -13 -14 -15
leaf_value=0 -0.014097552461660296 0.00036498953485925571 -0.008284329632937246 -0.00040144977555569812 0.00082558266284769258 0.012850008510402513 -0.00035371880970488738 0 -0.0014469099757923006 -0.00059045533104561403 0.0012776355616567565 -7.6847604211122691e-06 -0.0057585492122412861 -0.0020554006416285998
leaf_weight=309823 738 2275 917 11190 857 574 774 10951 1345 920 954 1261 309 81
leaf_count=309823 738 2275 917 11190 857 574 774 10951 1345 920 954 1261 309 81
internal_value=-5.36492e-05 -1.42594e-05 -7.54215e-05 -0.00359978 -0.00229638 -0.00340086 0.00985163 7.94733e-05 -0.00358258 -0.013041 0.00263939 -0.0248043 0.000248668 0.024
internal_weight=342969 342231 339956 14312 13395 12538 1348 325644 15821 4561 1955 2606 11260 1035
internal_count=342969 342231 339956 14312 13395 12538 1348 325644 15821 4561 1955 2606 11260 1035
is_linear=0
shrinkage=0.04


Tree=107
num_leaves=15
num_cat=0
split_feature=8 11 10 2 3 15 11 10 3 11 15 10 3 8
split_gain=170.169 208.15 439.688 418.716 470.854 299.794 295.121 592.505 316.668 417.519 277.079 374.596 274.393 292.209
threshold=0.56627823204050609 22.093287805609673 -7.7087001137110631 110.28731500000002 41.120097500000007 6.3665065888750698 1.0000000180025095e-35 -4.7853097644434639 16.987231500000004 3.4819938165307192 5.5091575310000289 -1.7972447153202455 17.250080500000003 0.88921065337827487
decision_type=2 2 2 2 2 2 2 2 2 2 2 2 2 2
left_child=-1 5 3 4 -3 6 7 -2 -8 -10 11 -9 -7 -14
right_child=1 2 -4 -5 -6 12 8 10 9 -11 -12 -13 13 -15
leaf_value=0 -0.0079242564532206461 -0.00042720997493151823 -0.0020861863401930724 -0.0019801836616587742 0.0032376993232954123 3.6454523555876916e-05 -5.0547750913926271e-07 -0.0007573042031544608 0.00026603719635013071 0.00035032495507576587 0.0012612823251089617 0.00035842420534839338 3.1268004442188411e-05 -0.00078908273738867332
leaf_weight=229108 1697 10461 5553 16173 4949 15048 22187 2089 2894 15374 573 1438 4747 10639
leaf_count=229108 1697 10461 5553 16173 4949 15048 22187 2089 2894 15374 573 1438 4747 10639
internal_value=3.41761e-05 -0.00122999 -0.00368807 -0.00186303 0.00285529 -3.96422e-05 0.0019891 -0.00645161 0.00319862 0.00709875 0.00177561 -0.00241565 -0.00312282 -0.00687898
internal_weight=342930 113822 37136 31583 15410 76686 46252 5797 40455 18268 4100 3527 30434 15386
internal_count=342930 113822 37136 31583 15410 76686 46252 5797 40455 18268 4100 3527 30434 15386
is_linear=0
shrinkage=0.04


Tree=108
num_leaves=15
num_cat=0
split_feature=9 12 5 0 11 13 3 1 11 11 12 11 14 0
split_gain=145.948 202.995 189.687 181.3 170.268 221.14 175.306 554.241 221.822 474.988 695.113 579.494 544.217 405.082
threshold=0.41542945652188923 57.115190335639646 1.0000000180025095e-35 17.785545397494101 45.230403723821929 546.33133908632681 4.504458500000001 4.0550562719577892 1.3342427298424633 3.3256031646142499 71.991252144182312 6.3366500851392642 0.20315972567938506 0.39077440942557923
decision_type=2 2 2 2 2 2 2 2 2 2 2 2 2 2
left_child=1 -1 -3 -2 6 -6 7 -4 13 12 11 -11 -10 -8
right_child=3 2 4 -5 5 -7 8 -9 9 10 -12 -13 -14 -15
leaf_value=0.00025478523083740219 0 0.0038303312303585458 5.5363782616758839e-06 -0.0067548177994363676 -0.0059862889331268607 0.00032948162092872544 0.00024770405252229122 -0.018066810039956631 0.00024039620861363411 -1.2152764549507034e-05 0.00010968201040307148 -0.0010578342410056459 -6.3069471791959506e-05 -0.00048305167278035022
leaf_weight=964 230298 215 2354 359 3404 1990 854 908 5596 7213 64560 7770 4668 11881
leaf_count=964 230298 215 2354 359 3404 1990 854 908 5596 7213 64560 7770 4668 11881
internal_value=8.39567e-05 -0.00109809 -0.00125623 0.000659854 -0.0013288 -0.00826103 -0.000975388 -0.0101042 -0.000684988 1.5589e-05 -0.00102938 -0.0087913 0.0081138 -0.00562544
internal_weight=343034 112377 111413 230657 111198 5394 105804 3262 102542 89807 79543 14983 10264 12735
internal_count=343034 112377 111413 230657 111198 5394 105804 3262 102542 89807 79543 14983 10264 12735
is_linear=0
shrinkage=0.04


Tree=109
num_leaves=15
num_cat=0
split_feature=8 11 1 12 13 2 15 9 13 14 14 3 1 3
split_gain=146.965 222.567 527.982 448.508 275.713 339.152 266.579 253.936 249.855 267.886 254.674 243.54 930.585 308.759
threshold=0.5578767168974359 21.37622083273639 7.8690876103992871 107.48032692688652 268.32281790025485 124.88185500000002 5.108791732625023 0.0040341671760505413 308.55072763694039 0.17304916140317197 0.18619686814031253 14.867712000000003 13.361561922214017 17.250080500000003
decision_type=2 2 2 2 2 2 2 2 2 2 2 2 2 2
left_child=-1 4 -3 6 7 8 -4 -2 9 -6 -10 12 -5 -13
right_child=1 2 3 11 5 -7 -8 -9 10 -11 -12 13 -14 -15
leaf_value=0 0.00036659382037191674 -0.0022105328567697813 -0.0019507707271409372 0.00082842488389153648 0.00033665096719333987 0.0029966310352407132 0.0034844641814835361 -0.00075043182514875626 0.00023078036026908874 -0.00094281298409385514 -3.3617316909697642e-05 0.0085483235691739285 -0.050231155159740692 -0.00077235764778037729
leaf_weight=228386 4326 6085 909 2471 1324 841 3152 1194 5590 4357 56620 3509 1620 22536
leaf_count=228386 4326 6085 909 2471 1324 841 3152 1194 5590 4357 56620 3509 1620 22536
internal_value=9.57658e-05 -0.00107357 -0.00346755 -0.00153581 0.000225179 -0.000465576 0.0109431 0.00882609 -0.000778306 -0.00880831 -4.50088e-05 -0.00321741 -0.0122904 -0.00179228
internal_weight=342920 114534 40282 34197 74252 68732 4061 5520 67891 5681 62210 30136 4091 26045
internal_count=342920 114534 40282 34197 74252 68732 4061 5520 67891 5681 62210 30136 4091 26045
is_linear=0
shrinkage=0.04


Tree=110
num_leaves=15
num_cat=0
split_feature=8 12 15 14 11 3 0 11 12 0 2 2 15 1
split_gain=140.605 206.237 193.655 219.07 284.857 229.316 230.922 176.937 916.37 559.491 678.78 478.24 388.812 493.435
threshold=0.60745883479113516 57.648642719684901 13.078688944500003 0.21135727656717004 45.902612988248556 84.522488500000023 4.6531373629008543 4.8580975801687787 69.854098619241753 4.7772139708731052 88.141342000000023 75.863865000000018 6.2347572539999883 0.7781430431767159
decision_type=2 2 2 2 2 2 2 2 2 2 2 2 2 2
left_child=-1 -2 3 4 7 -5 -7 9 -9 11 -11 12 -3 -14
right_child=1 2 -4 5 -6 6 -8 8 -10 10 -12 -13 13 -15
leaf_value=0 0.00016236368341385012 9.0513167364381921e-05 -0.0068498039907336121 0.00031877465959305587 -0.004836631259910607 0.00016759287876757817 -0.001412291150715817 -0.00085073186342151177 -0.00012052561609567892 -0.0030354069475914637 0.0017904905239028552 0.0013321040034296283 4.7146273393283143e-05 -0.0017482946219704357
leaf_weight=232274 1829 14219 339 14332 3259 204 1416 7638 55648 3257 1397 2361 2767 1936
leaf_count=232274 1829 14219 339 14332 3259 204 1416 7638 55648 3257 1397 2361 2767 1936
internal_value=7.87457e-05 -0.0010951 -0.00131908 -0.00122471 -0.00197141 0.00310431 -0.0111605 -0.00154713 -0.00268748 0.0012353 -0.0113279 0.00398252 0.0018645 -0.00810546
internal_weight=342876 110602 108773 108434 92482 15952 1620 89223 63286 25937 4654 21283 18922 4703
internal_count=342876 110602 108773 108434 92482 15952 1620 89223 63286 25937 4654 21283 18922 4703
is_linear=0
shrinkage=0.04


Tree=111
num_leaves=15
num_cat=0
split_feature=13 11 2 8 8 8 8 13 15 15 12 3 0 11
split_gain=132.641 189.127 518.301 132.62 127.684 126.864 206.211 630.073 432.695 447.353 356.626 348.176 1166.99 312.075
threshold=642.89807683317133 23.059881007758712 107.61035550000001 0.50029875070030327 0.81222141101563061 0.60745883479113516 0.99769928580022693 483.74894686908766 7.5518605999999986 7.8595107582499688 61.399981572182078 15.860369000000002 13.640689465938094 1.0088763567168648
decision_type=2 2 2 2 2 2 2 2 2 2 2 2 2 2
left_child=5 -2 -3 -4 -5 -1 7 -7 11 -10 -9 12 -8 -13
right_child=1 2 3 4 -6 6 8 10 9 -11 -12 13 -14 -15
leaf_value=0 0 1.9859531913636619e-07 0.00020207738872860703 -0.010243594072163973 0.0098112337729559015 -0.0017446993958121261 1.7544940476658113e-05 -0.0032715474722575196 -0.0041871173153702583 -0.00024876151057827477 0.00015633935793323112 -0.00045668651695800368 -0.054497317668320222 0.00038523388520431384
leaf_weight=222224 8121 1280 3369 390 153 18669 33775 384 1744 9231 18127 3196 1524 20833
leaf_count=222224 8121 1280 3369 390 153 18669 33775 384 1744 9231 18127 3196 1524 20833
internal_value=0.00015381 0.0040682 0.0100308 0.00280164 -0.0155433 -4.24619e-06 -0.00113246 -0.00354169 0.000141672 -0.00715444 0.00168765 0.00149137 -0.00103686 0.00520538
internal_weight=343020 13313 5192 3912 543 329707 107483 37180 70303 10975 18511 59328 35299 24029
internal_count=343020 13313 5192 3912 543 329707 107483 37180 70303 10975 18511 59328 35299 24029
is_linear=0
shrinkage=0.04


Tree=112
num_leaves=15
num_cat=0
split_feature=13 11 2 8 8 8 8 13 15 15 12 3 10 13
split_gain=129.728 181.509 513.244 140.397 130.91 120.369 193.663 597.065 386.541 398.432 342.95 330.398 1124.34 330.542
threshold=642.89807683317133 23.059881007758712 107.61035550000001 0.51839038066136489 0.81222141101563061 0.60745883479113516 0.99769928580022693 483.74894686908766 7.5518605999999986 7.8595107582499688 61.399981572182078 15.571966000000002 -13.61286604217281 268.32281790025485
decision_type=2 2 2 2 2 2 2 2 2 2 2 2 2 2
left_child=5 -2 -3 -4 -5 -1 7 -7 11 -10 -9 12 -8 -13
right_child=1 2 3 4 -6 6 8 10 9 -11 -12 13 -14 -15
leaf_value=0 0 1.9065150637091153e-07 0.00019565672140344688 -0.012230067304667989 0.0096088446441632731 -0.0016839416806848251 -0.056156169178449684 -0.0031869089685273469 -0.0040472397060760659 -0.00023615410771180985 0.00015238542587597674 0.0015891363839276502 1.1949393349526801e-05 0.00016035408225176782
leaf_weight=222193 8111 1272 3425 365 153 18750 1390 372 1746 9172 18141 2056 32837 23046
leaf_count=222193 8111 1272 3425 365 153 18750 1390 372 1746 9172 18141 2056 32837 23046
internal_value=0.000165001 0.00403422 0.00985618 0.00272889 -0.0166795 8.61381e-06 -0.00109013 -0.00342109 0.000146341 -0.00677047 0.0016745 0.0014192 -0.00113711 0.00490479
internal_weight=343029 13326 5215 3943 518 329703 107510 37263 70247 10918 18513 59329 34227 25102
internal_count=343029 13326 5215 3943 518 329703 107510 37263 70247 10918 18513 59329 34227 25102
is_linear=0
shrinkage=0.04


Tree=113
num_leaves=15
num_cat=0
split_feature=11 3 13 11 2 9 8 12 0 0 1 11 0 3
split_gain=131.56 125.247 115.784 167.984 530.896 130.838 151.324 120.909 131.625 147.31 117.357 177.889 262.992 118.512
threshold=68.382225020498041 28.770002000000002 642.89807683317133 23.059881007758712 107.61035550000001 0.45097336935586685 0.81222141101563061 57.648642719684901 7.1713202843632509 5.3221173263651806 25.389836123124486 2.0588050704821925 1.6608639437820572 30.551339500000001
decision_type=2 2 2 2 2 2 2 2 2 2 2 2 2 2
left_child=2 -2 -1 7 -5 6 -6 -4 9 10 11 -9 -13 -14
right_child=1 -3 3 4 5 -7 -8 8 -10 -11 -12 12 13 -15
leaf_value=0 -0.015324416246601212 0.01193122930068284 0.00017868308059531664 1.8302544611607508e-07 -0.013965462517289378 0.00017304143312123034 0.0090692836302413756 0 0.000444699567413094 -0.00076783079038202421 0.00046410771026436052 -8.0439721622814631e-06 0.0045497551612630818 -0.00028810185081797355
leaf_weight=328922 520 214 193 1283 312 3446 160 4478 1460 420 389 519 121 510
leaf_count=328922 520 214 193 1283 312 3446 160 4478 1460 420 389 519 121 510
internal_value=0.000131682 -0.0167847 0.000167966 0.00382815 0.00943665 0.00212353 -0.0176271 0.000222497 -0.000541978 -0.0030014 -0.00140269 -0.00287136 -0.0169043 0.00044374
internal_weight=342947 734 342213 13291 5201 3918 472 8090 7897 6437 6017 5628 1150 631
internal_count=342947 734 342213 13291 5201 3918 472 8090 7897 6437 6017 5628 1150 631
is_linear=0
shrinkage=0.04


Tree=114
num_leaves=15
num_cat=0
split_feature=8 12 2 3 1 9 13 12 13 12 1 8 10 2
split_gain=114.477 215.794 198.504 258.819 625.549 235.838 585.451 339.971 335.599 590.44 287.505 254.894 310.247 245.211
threshold=0.5578767168974359 58.360197220196916 53.795679000000007 4.5906385000000007 4.1408051303961351 0.0024141399299112969 483.74894686908766 61.399981572182078 515.31255052261804 77.098818506472355 4.1408051303961351 0.77322486464719298 -33.160600068050606 69.51754750000002
decision_type=2 2 2 2 2 2 2 2 2 2 2 2 2 2
left_child=-1 -2 -3 4 -4 8 10 -8 13 -10 -7 12 -9 -5
right_child=1 2 3 5 -6 6 7 11 9 -11 -12 -13 -14 -15
leaf_value=0 0.00012935979012520998 -0.00013185826726593993 0.0001623831731279357 -3.9077185929250903e-05 -0.017398543749179849 -0.0023665376640477505 -0.0030041325578035105 -0.014100469540285881 0.00025412776486784694 -0.0044956115269560049 -0.001142170589290928 0.00041272288926496074 -6.8556937159775441e-05 0.001005175611165726
leaf_weight=228463 3902 12869 1497 19757 1109 1442 365 463 2496 1860 19017 15668 5800 27996
leaf_count=228463 3902 12869 1497 19757 1109 1442 365 463 2496 1860 19017 15668 5800 27996
internal_value=0.000133643 -0.000900202 -0.00122713 -0.000610649 -0.0130468 -0.000269017 -0.00247082 0.00201292 0.00153755 -0.00909091 -0.00735715 0.00265013 -0.00417053 0.00250707
internal_weight=342704 114241 110339 97470 2606 94864 42755 22296 52109 4356 20459 21931 6263 47753
internal_count=342704 114241 110339 97470 2606 94864 42755 22296 52109 4356 20459 21931 6263 47753
is_linear=0
shrinkage=0.04


Tree=115
num_leaves=15
num_cat=0
split_feature=0 0 3 11 12 9 3 10 0 3 12 14 2 2
split_gain=119.078 145.566 1216.96 393.259 468.589 260.97 250.204 444.449 328.66 269.731 208.526 202.012 221.617 264.475
threshold=32.017485212657178 13.640689465938094 15.272187000000001 9.9291896778961952 131.48764814427554 0.0040341671760505413 20.072496000000005 -20.388688372890929 17.140230728334348 23.980261500000001 101.72433699171646 0.21317155419786091 113.36869400000002 98.845322000000024
decision_type=2 2 2 2 2 2 2 2 2 2 2 2 2 2
left_child=1 -1 -3 -4 10 6 8 9 -6 -8 -5 -7 13 -13
right_child=-2 2 3 4 5 11 7 -9 -10 -11 -12 12 -14 -15
leaf_value=0 0.0061688209831424548 -0.060586429947662945 -0.025115320915589913 0.0079563260648606721 0.0092866037253649478 -0.0027538555285402523 -0.063580415731145423 0.023751172176899111 -0.07560113978714765 0.0057906512621450903 0.001340297405490336 0.0021954536105070971 0.00094504666268167695 -0.012898338643044469
leaf_weight=314937 1547 1438 550 764 412 8441 451 1164 466 930 9197 294 2047 643
leaf_count=314937 1547 1438 550 764 412 8441 451 1164 466 930 9197 294 2047 643
internal_value=0.000123281 7.31563e-05 -0.00275703 -0.000727158 1.45109e-05 -0.00448815 0.00520012 0.0115521 -0.0132118 -0.00379435 0.00672623 -0.00739081 0.00155496 -0.0145571
internal_weight=343281 341734 26797 25359 24809 14848 3423 2545 878 1381 9961 11425 2984 937
internal_count=343281 341734 26797 25359 24809 14848 3423 2545 878 1381 9961 11425 2984 937
is_linear=0
shrinkage=0.04


Tree=116
num_leaves=15
num_cat=0
split_feature=8 15 2 12 15 0 3 12 2 3 1 8 10 3
split_gain=117.82 201.308 188.946 224.712 277.87 260.263 263.757 181.25 209.824 379.342 999.724 323.445 307.031 500.739
threshold=0.60745883479113516 13.078688944500003 176.63816800000004 134.09037967503212 8.9564394312499775 20.873989199906188 26.141298500000005 58.360197220196916 75.863865000000018 14.270604500000003 13.008944721902667 0.77322486464719298 -14.709800909665562 18.769620500000006
decision_type=2 2 2 2 2 2 2 2 2 2 2 2 2 2
left_child=-1 2 3 5 -5 7 -7 -2 -9 10 -10 -11 13 -13
right_child=1 -3 -4 4 -6 6 -8 8 9 11 -12 12 -14 -15
leaf_value=0 0.00011702392355599577 -0.0058699611328008232 0.00098206034245706822 -0.00083782692870715161 -0.0078057615326188202 -0.045699112327392037 0.0059677140854036605 -0.00011485512648831534 -0.00013763759883677395 -0.00034716835896479058 -0.050874769694054106 -0.028060688989874159 0.00067622010115984195 0.0006360229088300379
leaf_weight=232590 3902 342 639 15482 1126 420 4045 42338 8801 4623 1396 1634 19304 6637
leaf_count=232590 3902 342 639 15482 1126 420 4045 42338 8801 4623 1396 1634 19304 6637
internal_value=0.000136449 -0.000937763 -0.000842796 -0.000969118 -0.0052553 -0.000204511 0.00921837 -0.00067919 -0.00106735 0.000921807 -0.00580171 0.00305112 0.00469266 -0.00175553
internal_weight=343279 110689 110347 109708 16608 93100 4465 88635 84733 42395 10197 32198 27575 8271
internal_count=343279 110689 110347 109708 16608 93100 4465 88635 84733 42395 10197 32198 27575 8271
is_linear=0
shrinkage=0.04


Tree=117
num_leaves=15
num_cat=0
split_feature=9 15 11 1 2 3 2 15 9 12 12 8 1 3
split_gain=127.535 224.281 188.658 430.52 350.481 351.15 256.578 235.787 336.129 225.287 215.664 339.23 214.799 214.202
threshold=0.38572993904612163 13.078688944500003 21.37622083273639 7.8690876103992871 111.63357150000002 51.159682000000011 121.83767300000001 6.3665065888750698 0.12614413361442303 61.399981572182078 71.21200043151461 0.99964334730506998 17.010643537354259 13.885851000000001
decision_type=2 2 2 2 2 2 2 2 2 2 2 2 2 2
left_child=1 2 6 9 5 13 -1 -6 -9 -4 -11 -12 -8 -5
right_child=-2 -3 3 4 7 -7 12 8 -10 10 11 -13 -14 -15
leaf_value=-2.6707039614029539e-06 0 -0.0059299417309372051 0.002695459597288956 -0.020097376920701366 -0.00056314014084803187 0.0047224161215676276 -0.0001369671313418283 -0.0042545857818572733 -0.0082223052340877918 -0.0027336633431805988 -0.0050164217710100944 -0.00023987673513854003 0.0025895424870169344 0.000304341263065957
leaf_weight=70969 233207 326 192 981 9961 2934 739 2397 2163 1488 1422 2866 953 12867
leaf_count=70969 233207 326 192 981 9961 2934 739 2397 2163 1488 1422 2866 953 12867
internal_value=0.000139286 -0.000981697 -0.000883455 -0.00319712 -0.00132 0.00261709 0.000303326 -0.00587012 -0.0134035 -0.0130429 -0.0144598 -0.00990672 0.0156974 -4.62161e-05
internal_weight=343465 110258 109932 37271 31303 16782 72661 14521 4560 5968 5776 4288 1692 13848
internal_count=343465 110258 109932 37271 31303 16782 72661 14521 4560 5968 5776 4288 1692 13848
is_linear=0
shrinkage=0.04


Tree=118
num_leaves=15
num_cat=0
split_feature=15 9 2 11 10 2 11 0 15 10 10 14 13 13
split_gain=110.044 135.902 293.079 270.131 331.442 526.591 209.247 687.082 203.31 237.37 282 248.524 205.898 202.836
threshold=11.201103675124985 0.83402713040221943 172.45245350000002 37.035380128964782 -5.9704768347497312 116.81532650000001 1.0000000180025095e-35 0.80015366741481608 3.0431176787500083 -28.843705814010843 -33.160600068050606 0.18742964826238592 669.07096523690564 401.12438031766413
decision_type=2 2 2 2 2 2 2 2 2 2 2 2 2 2
left_child=1 2 3 -1 5 -5 -3 -8 -9 10 -10 -11 -12 -13
right_child=-2 6 -4 4 -6 -7 7 8 9 11 12 13 -14 -15
leaf_value=-1.6031876035003114e-05 0 0 0.00073698353457768038 0.00054108698252327203 -0.0036057578802183342 -0.00071602765620883634 4.8045182643548972e-05 -0.00017353856369237787 7.9003260204881868e-05 3.6418483563699644e-05 -0.0012440349501873622 0.0017441730757808028 0.00061909731150520736 0.00042330760738567771
leaf_weight=125043 16593 140637 2449 7284 1201 19350 3112 1066 9920 7038 3117 3336 202 2462
leaf_count=125043 16593 140637 2449 7284 1201 19350 3112 1066 9920 7038 3117 3336 202 2462
internal_value=0.00014422 -1.74117e-05 -0.00087377 -0.00109368 -0.00465745 -0.00373057 0.000760957 0.0037788 0.00173759 0.00243758 -0.00132034 0.00631349 -0.0114131 0.0124457
internal_weight=342810 326217 155327 152878 27835 26634 170890 30253 27141 26075 13239 12836 3319 5798
internal_count=342810 326217 155327 152878 27835 26634 170890 30253 27141 26075 13239 12836 3319 5798
is_linear=0
shrinkage=0.04


Tree=119
num_leaves=15
num_cat=0
split_feature=11 3 15 2 11 3 9 3 1 11 11 1 3 12
split_gain=125.425 118.153 115.499 129.321 365.962 305.805 165.576 164.914 145.942 143.31 133.061 132.759 130.355 135.544
threshold=68.382225020498041 28.770002000000002 11.201103675124985 109.78876100000001 9.9291896778961952 29.578951500000006 0.094036875007169465 5.0643965000000009 14.532939006020543 6.5305776033977416 41.147555971022889 4.751179874648563 38.25922700000001 106.51317509492041
decision_type=2 2 2 2 2 2 2 2 2 2 2 2 2 2
left_child=2 -2 -1 4 5 7 -7 11 -9 -8 -5 -4 -6 -14
right_child=1 -3 3 10 12 6 9 8 -10 -11 -12 -13 13 -15
leaf_value=0 -0.014279185757864235 0.015498095384098791 0 0 0.00088175867790369125 -0.0024940359322959838 4.4056095207377911e-05 0.0037803734296358643 -0.0048213971494231352 -0.00048854580212493001 0.0005956966684297285 -0.018063106673162292 0.0094682568134551275 0.0051017012239872681
leaf_weight=325705 522 205 965 7802 762 409 1069 1140 299 442 1677 135 944 1029
leaf_count=325705 522 205 965 7802 762 409 1069 1140 299 442 1677 135 944 1029
internal_value=3.55576e-05 -0.0165612 7.07989e-05 0.00331794 0.00736169 0.000296031 -0.01175 0.00940528 0.0183183 -0.00563865 0.000248971 -0.00225455 0.0188812 0.0243082
internal_weight=343105 727 342378 16673 7194 4459 1920 2539 1439 1511 9479 1100 2735 1973
internal_count=343105 727 342378 16673 7194 4459 1920 2539 1439 1511 9479 1100 2735 1973
is_linear=0
shrinkage=0.04


Tree=120
num_leaves=15
num_cat=0
split_feature=15 1 2 2 8 1 8 1 3 0 9 0 3 9
split_gain=108.986 125.866 120.229 224.141 228.94 149.924 168.253 157.306 156.825 117.791 168.629 115.742 1190.24 404.303
threshold=11.201103675124985 50.183658758921858 109.49690650000001 87.612797000000015 0.95389658193860538 12.652024169152497 0.86723177727179313 4.751179874648563 4.7482865000000007 18.771188598437771 0.17984884493355033 13.487666047424554 15.175925500000002 0.084354176715870546
decision_type=2 2 2 2 2 2 2 2 2 2 2 2 2 2
left_child=1 11 3 5 -5 7 -7 8 -2 -4 -11 -1 -13 -14
right_child=2 -3 9 4 -6 6 -8 -9 -10 10 -12 12 13 -15
leaf_value=0 0 0.0003593626426070888 0 0.0024127672915553416 -0.0069656556389819805 0.0046540352424274253 -0.0029992708020105943 -0.00061128152565202796 0.022345126765439208 0.0021985399142849795 -0.0066838908580772374 -0.055304115279577425 0.0012424624710681181 -0.0015338454253983015
leaf_weight=299497 914 2009 8421 3440 265 389 62 1807 230 541 563 1482 14420 9060
leaf_count=299497 914 2009 8421 3440 265 389 62 1807 230 541 563 1482 14420 9060
internal_value=3.5325e-05 -0.000125587 0.00319384 0.007131 0.0139379 -0.000282187 0.0211973 -0.00356489 0.00804196 0.000256168 -0.012029 -0.000187389 -0.00280426 -0.000609881
internal_weight=343100 326468 16632 7107 3705 3402 451 2951 1144 9525 1104 324459 24962 23480
internal_count=343100 326468 16632 7107 3705 3402 451 2951 1144 9525 1104 324459 24962 23480
is_linear=0
shrinkage=0.04


Tree=121
num_leaves=15
num_cat=0
split_feature=11 3 0 12 0 3 11 10 3 12 0 9 10 3
split_gain=114.471 100.075 93.1995 121.587 114.432 1099.87 404.573 382.596 426.214 349.548 307.482 387.83 284.151 253.047
threshold=68.382225020498041 28.296967500000004 32.017485212657178 142.99308980238087 13.640689465938094 15.374875500000002 9.9291896778961952 -14.709800909665562 18.769620500000006 133.64183663992762 22.683131168082333 0.0024141399299112969 -16.952047136709087 16.471199500000004
decision_type=2 2 2 2 2 2 2 2 2 2 2 2 2 2
left_child=2 -2 4 -4 -1 -6 -7 8 12 -10 11 -11 -8 -14
right_child=1 -3 3 -5 5 6 7 -9 9 10 -12 -13 13 -15
leaf_value=0 -0.013723681874443575 0.014828473069892115 0.007412246179787918 -0.020431323920775173 -0.052239529577084907 -0.023592998883913877 -0.083294897484475675 0.0086761561683722805 0.0014660666721845006 0.005747365871864276 -0.011931301749929173 -0.00082494349917895064 -0.025282540912864967 0.0037998680777857276
leaf_weight=314264 512 223 1406 135 1491 549 713 1082 9961 1385 2070 8359 282 602
leaf_count=314264 512 223 1406 135 1491 549 713 1082 9961 1385 2070 8359 282 602
internal_value=4.09289e-05 -0.0157279 7.47884e-05 0.00988968 3.04028e-05 -0.00249415 -0.00050394 0.000258444 -0.000818073 0.000644776 -0.0040088 -0.00103448 -0.0207639 -0.00561086
internal_weight=343034 735 342299 1541 340758 26494 25003 24454 23372 21775 11814 9744 1597 884
internal_count=343034 735 342299 1541 340758 26494 25003 24454 23372 21775 11814 9744 1597 884
is_linear=0
shrinkage=0.04


Tree=122
num_leaves=15
num_cat=0
split_feature=10 11 3 12 2 1 3 1 1 3 11 12 1 3
split_gain=105.491 148.018 176.042 170.449 168.896 165.673 209.756 233.967 133.54 130.864 124.687 115.158 115.081 110.087
threshold=-54.916239929166714 54.32780736049174 15.076408000000002 144.60284905250111 120.40176750000002 17.833680642306067 35.975768000000009 41.014336635064552 26.137764387964385 27.366651500000007 62.67587878309083 140.2628717846666 41.014336635064552 22.843688000000004
decision_type=2 2 2 2 2 2 2 2 2 2 2 2 2 2
left_child=-1 -2 -3 4 9 -5 -7 -8 11 -4 -11 13 -10 -6
right_child=1 2 3 5 8 6 7 -9 12 10 -12 -13 -14 -15
leaf_value=0.00048860582802688667 0 -0.0077330568157919543 -0.0049242586376105615 0.0079109847895990557 -0.0066096972926100606 -0.0049661192645297329 0.002729743928667767 -0.00016361258464525755 -0.0023158722620903421 -0.00013106709650718661 0.00067149549515166612 -0.017101771607024824 -0.00014123748666385437 0.015287179203540864
leaf_weight=1103 333042 976 513 528 219 922 638 1040 1802 471 499 208 741 326
leaf_count=1103 333042 976 513 528 219 922 638 1040 1802 471 499 208 741 326
internal_value=1.58588e-05 -2.39819e-05 -0.00511989 -0.00314152 -0.00789286 0.00411765 -3.07692e-05 0.00839094 -0.0129369 0.0033176 0.0119588 0.00185923 -0.0173181 0.0115229
internal_weight=343028 341925 8883 7907 4779 3128 2600 1678 3296 1483 970 753 2543 545
internal_count=343028 341925 8883 7907 4779 3128 2600 1678 3296 1483 970 753 2543 545
is_linear=0
shrinkage=0.04


Tree=123
num_leaves=15
num_cat=0
split_feature=15 0 3 8 11 3 8 1 3 13 3 0 2 10
split_gain=97.1742 112.34 1011.91 344.929 354.351 338.167 371.373 382.222 711.778 275.931 206.834 329.706 190.837 336.096
threshold=11.201103675124985 13.640689465938094 15.374875500000002 0.91620594438789993 10.191135730900339 53.00491000000001 0.96219742137303854 17.577169465529888 20.894929500000003 540.80167428207517 18.267473500000005 14.902845734356932 78.07985650000002 -21.274315947241657
decision_type=2 2 2 2 2 2 2 2 2 2 2 2 2 2
left_child=1 -1 -3 -4 -5 6 -6 9 -9 10 11 -8 -10 -14
right_child=-2 2 3 4 5 -7 7 8 12 -11 -12 -13 13 -15
leaf_value=0 0 -0.050801197086179369 -0.0014656742922190807 -0.037796077428428776 -0.0047174576992045358 0.0066055124418475742 0.014204712277814693 -0.065054603785133183 -0.002636690636670584 -0.0033341879396140157 0.0064228701376614437 -0.013280650440455127 -0.0028273944232398195 0.0031705263573735963
leaf_weight=301949 16651 1487 8711 363 1364 1595 751 922 488 181 2527 651 2943 2309
leaf_count=301949 16651 1487 8711 363 1364 1595 751 922 488 181 2527 651 2943 2309
internal_value=1.25987e-05 -0.000139529 -0.00275646 -0.000671783 0.00319569 0.00422693 0.00195122 0.00444114 -0.00147703 0.0140341 0.0162586 0.00393723 0.00376307 0.00598629
internal_weight=342892 326241 24292 22805 14094 13731 12136 10772 6662 4110 3929 1402 5740 5252
internal_count=342892 326241 24292 22805 14094 13731 12136 10772 6662 4110 3929 1402 5740 5252
is_linear=0
shrinkage=0.04


Tree=124
num_leaves=15
num_cat=0
split_feature=1 3 11 1 3 3 0 1 15 1 11 2 11 12
split_gain=91.4884 898.132 661.914 574.071 1015.83 735.634 555.125 558.661 505.777 475.457 390.581 495.772 351.824 506.119
threshold=11.546063458947854 13.501155000000002 14.399889209541945 14.267758019127912 17.250080500000003 15.571966000000002 9.2148360206469544 16.60618864941571 9.0992552776249926 2.7473963219731972 26.480353933682839 55.287723500000006 2.8805987618371893 100.84515893462874
decision_type=2 2 2 2 2 2 2 2 2 2 2 2 2 2
left_child=2 -2 -1 4 -3 6 7 -5 9 10 -4 -12 -7 -14
right_child=1 3 8 5 -6 12 -8 -9 -10 -11 11 -13 13 -15
leaf_value=0 -0.016386545652543917 0.0052618898378014572 -0.0012918567232693581 0.0008267060917529856 -0.00023536499463178151 -0.020999765005372952 -0.042138940224429981 -0.0060922871358003649 0.0096070353633407376 -0.00052184449464222219 0.0014995573838829817 -0.0018227539867825282 0.006867995461074237 6.4697434831930033e-05
leaf_weight=200053 2944 7962 2664 1439 6789 559 1332 881 368 19457 434 761 1204 96165
leaf_count=200053 2944 7962 2664 1439 6789 559 1332 881 368 19457 434 761 1204 96165
internal_value=5.4692e-05 0.000949403 -0.000422282 0.00150158 0.00887533 0.000430793 -0.0171961 -0.00537931 -0.00674548 -0.00747984 -0.0203058 -0.00130544 0.00108815 0.00126981
internal_weight=343012 119275 223737 116331 14751 101580 3652 2320 23684 23316 3859 1195 97928 97369
internal_count=343012 119275 223737 116331 14751 101580 3652 2320 23684 23316 3859 1195 97928 97369
is_linear=0
shrinkage=0.04


Tree=125
num_leaves=15
num_cat=0
split_feature=13 11 10 11 8 2 11 11 11 2 0 11 1 0
split_gain=228.082 229.499 589.647 295.205 226.987 238.187 146.897 131.116 218.16 147.981 117.888 104.138 103.25 95.192
threshold=642.89807683317133 10.471283737988839 -5.197436048652591 14.399889209541945 0.99998654492179417 99.672367000000023 19.862727386967396 2.8805987618371893 1.7625977450650459 80.520214500000023 6.5614514536544037 68.382225020498041 9.2210596383388221 8.2123167162944899
decision_type=2 2 2 2 2 2 2 2 2 2 2 2 2 2
left_child=11 7 4 -4 5 -3 -7 8 -2 10 -9 -1 -12 -10
right_child=1 2 3 -5 -6 6 -8 9 13 -11 12 -13 -14 -15
leaf_value=0 0 0.0022684755558647612 -9.6440205815321632e-06 4.9928166053303805e-05 -0.0028086435423378031 -0.00069709392136910295 0.00017982581927474678 -0.00048489322788573699 0.00028822146520984907 -0.0005344741839708872 0.0032714661902162956 -0.011314135534687851 -0.00018093721035640178 -0.00093291016711499395
leaf_weight=328875 4653 673 130 1229 190 218 4771 109 358 565 161 736 234 34
leaf_count=328875 4653 673 130 1229 190 218 4771 109 358 565 161 736 234 34
internal_value=0.000236779 0.00536735 0.0102011 0.0339367 0.004689 0.00613211 0.00311886 -0.00033366 0.00236274 -0.0130589 0.00269841 2.9368e-05 0.0128608 0.0310204
internal_weight=342936 13325 7211 1359 5852 5662 4989 6114 5045 1069 504 329611 395 392
internal_count=342936 13325 7211 1359 5852 5662 4989 6114 5045 1069 504 329611 395 392
is_linear=0
shrinkage=0.04


Tree=126
num_leaves=15
num_cat=0
split_feature=13 11 1 11 8 2 11 11 11 2 0 9 9 13
split_gain=193.981 194.957 522.649 271.968 211.469 204.911 142.853 136.591 217.902 132.733 107.091 101.129 221.05 434.224
threshold=642.89807683317133 10.471283737988839 5.1332498987436788 14.399889209541945 0.99998654492179417 99.672367000000023 19.862727386967396 2.8805987618371893 1.7625977450650459 80.520214500000023 6.5614514536544037 0.38572993904612163 0.0017511998693243715 483.74894686908766
decision_type=2 2 2 2 2 2 2 2 2 2 2 2 2 2
left_child=11 7 3 -3 5 -4 -7 8 -2 10 -9 12 -1 -14
right_child=1 2 4 -5 -6 6 -8 9 -10 -11 -12 -13 13 -15
leaf_value=1.3114156787491227e-05 0 -9.2582597582708776e-06 0.0019330012129840171 4.7931039411171652e-05 -0.0024909666731422627 -0.00067937397714850376 0.00016756732243104478 -0.0004625931471976741 0.0002403630214739226 -0.00050299217267678418 0.00072472567975447966 0 -0.0014742947882618726 4.9536200625636961e-05
leaf_weight=69576 4681 131 660 1215 192 211 4751 104 399 555 397 222466 18811 18387
leaf_count=69576 4681 131 660 1215 192 211 4751 104 399 555 397 222466 18811 18387
internal_value=0.000175982 0.00491276 0.00939665 0.0318574 0.00419677 0.00560655 0.00282144 -0.000319426 0.00240157 -0.0134091 0.00151697 -1.5308e-05 -0.00102722 -0.00351632
internal_weight=342536 13296 7160 1346 5814 5622 4962 6136 5080 1056 501 329240 106774 37198
internal_count=342536 13296 7160 1346 5814 5622 4962 6136 5080 1056 501 329240 106774 37198
is_linear=0
shrinkage=0.04


Tree=127
num_leaves=15
num_cat=0
split_feature=13 11 10 11 2 2 11 11 11 2 0 8 0 9
split_gain=196.58 190.874 516.765 274.455 187.144 222.298 156.199 106.005 202.673 141.047 113.272 99.3668 96.1241 93.7903
threshold=642.89807683317133 10.792794902345429 -5.197436048652591 14.399889209541945 69.51754750000002 99.672367000000023 19.862727386967396 2.8805987618371893 1.7625977450650459 80.520214500000023 6.5614514536544037 0.96219742137303854 8.2123167162944899 0.38572993904612163
decision_type=2 2 2 2 2 2 2 2 2 2 2 2 2 2
left_child=13 7 4 -4 -3 -6 -7 8 -2 10 -9 -12 -10 -1
right_child=1 2 3 -5 5 6 -8 9 12 -11 11 -13 -14 -15
leaf_value=-5.3086707279888099e-05 0 -0.0024941005839359117 -8.8879293679400409e-06 4.6013797834724788e-05 0.0036403264153109572 -0.0006400979124880252 0.00016869246814612494 -0.00045438694675582509 0.00027387447975164131 -0.00053140422667356715 -7.2767944801184625e-05 0.0031116185154174648 -0.00063851335159106513 0
leaf_weight=106909 4671 189 132 1216 547 216 4765 110 356 561 316 171 39 222730
leaf_count=106909 4671 189 132 1216 547 216 4765 110 356 561 316 171 39 222730
internal_value=0.000202725 0.00497253 0.00947205 0.0317507 0.004219 0.00555716 0.00289902 -0.000134961 0.00236084 -0.0110535 0.00247906 0.0107598 0.0298734 1.04357e-05
internal_weight=342928 13289 7065 1348 5717 5528 4981 6224 5066 1158 597 487 395 329639
internal_count=342928 13289 7065 1348 5717 5528 4981 6224 5066 1158 597 487 395 329639
is_linear=0
shrinkage=0.04


Tree=128
num_leaves=15
num_cat=0
split_feature=13 11 1 11 1 2 11 9 15 12 3 5 2 9
split_gain=187.337 182.01 553.494 260.839 178.044 184.248 146.075 100.151 183.175 168.013 178.945 168.686 160.862 166.158
threshold=642.89807683317133 10.792794902345429 5.1332498987436788 14.399889209541945 7.4029283513779474 99.672367000000023 19.862727386967396 0.38572993904612163 13.078688944500003 57.115190335639646 13.103005000000001 1.0000000180025095e-35 176.63816800000004 0.0017511998693243715
decision_type=2 2 2 2 2 2 2 2 2 2 2 2 2 2
left_child=7 -2 3 -3 -4 -6 -7 8 9 10 -1 -11 13 -13
right_child=1 2 4 -5 5 6 -8 -9 -10 11 -12 12 -14 -15
leaf_value=-1.3098027588527573e-05 0 -8.5324121932224397e-06 -0.0023652538570059947 4.4173245921335798e-05 0.0032941045974169813 -0.00061885560850903935 0.00015918239488067019 0 -0.003808244081930705 0.0036534296303467211 0.00039887600713725947 -2.9595202746623974e-06 0.00092022486755910461 -0.00038436102576116935
leaf_weight=494 6206 127 188 1229 573 221 4807 222618 316 204 464 68299 591 36517
leaf_count=494 6206 127 188 1229 573 221 4807 222618 316 204 464 68299 591 36517
internal_value=0.000211519 0.00485657 0.00920924 0.0322124 0.00382104 0.00510623 0.00265712 2.33078e-05 -0.000983113 -0.000892943 0.0157829 -0.00104421 -0.00111454 -0.00123187
internal_weight=342854 13351 7145 1356 5789 5601 5028 329503 106885 106569 958 105611 105407 104816
internal_count=342854 13351 7145 1356 5789 5601 5028 329503 106885 106569 958 105611 105407 104816
is_linear=0
shrinkage=0.04


Tree=129
num_leaves=15
num_cat=0
split_feature=13 11 10 1 2 11 8 11 1 10 3 3 1 8
split_gain=176.27 172.707 765.279 165.51 188.409 142.131 105.913 253.895 94.2437 132.886 1454.52 153.166 717.007 237.07
threshold=642.89807683317133 14.399889209541945 -5.197436048652591 10.802626742868748 98.845322000000024 19.862727386967396 0.73544079443802735 6.5305776033977416 50.183658758921858 -29.148042734983029 26.598211000000003 33.382295500000005 31.370736846242366 0.23953911789207286
decision_type=2 2 2 2 2 2 2 2 2 2 2 2 2 2
left_child=8 6 3 -3 -5 -6 7 -2 9 10 -1 12 13 -12
right_child=1 2 -4 4 5 -7 -8 -9 -10 -11 11 -13 -14 -15
leaf_value=-0.011579373720486541 0 -0.0021809775450508427 4.2406316084482359e-05 0.0097666942056918171 -0.00056140033055871558 0.00015350254894677966 0.00018248402550868019 -0.00044001380529682527 0.00032676946342819624 0 0.0032293425505191542 0.00010161884781574204 -0.0068484992556865588 -0.0088259569345855854
leaf_weight=2276 4397 191 1230 225 221 4817 1776 421 2031 302197 895 20151 1776 247
leaf_count=2276 4397 191 1230 225 221 4817 1776 421 2031 302197 895 20151 1776 247
internal_value=0.000238121 0.00475674 0.00928785 0.00286029 0.00418773 0.00258833 0.000163785 -0.00291407 5.60726e-05 2.8088e-06 -0.00277925 0.000230613 -0.00833448 0.0163923
internal_weight=342851 13278 6684 5454 5263 5038 6594 4818 329573 327542 25345 23069 2918 1142
internal_count=342851 13278 6684 5454 5263 5038 6594 4818 329573 327542 25345 23069 2918 1142
is_linear=0
shrinkage=0.04


Tree=130
num_leaves=15
num_cat=0
split_feature=13 14 11 9 15 14 1 13 5 12 3 2 1 3
split_gain=209.664 224.055 706.138 91.0179 185.663 166.541 213.54 205.33 191.558 171.42 190.389 170.607 465.465 1371.04
threshold=642.89807683317133 0.23320872121670802 12.040837269746712 0.38572993904612163 13.078688944500003 0.16176218473511844 1.8796950747074661 266.16836799851399 1.0000000180025095e-35 57.115190335639646 13.103005000000001 75.863865000000018 13.76513244106418 15.175925500000002
decision_type=2 2 2 2 2 2 2 2 2 2 2 2 2 2
left_child=3 -2 -3 4 5 6 -1 -7 -9 10 -10 -11 -13 -14
right_child=1 2 -4 -5 -6 7 -8 8 9 11 -12 12 13 -15
leaf_value=8.2433235336220321e-05 0 0 4.0710063441103067e-05 0 -0.003655914318653477 0.00028962589843434445 -0.0028939692168974095 0.0041744945670610101 -1.9359346440579463e-05 -0.000116925977836006 0.00038035061375449612 0.00030191572494490504 -0.04581428772772192 -0.00024329823563596796
leaf_weight=422 9995 2075 1265 222769 324 4973 935 182 499 41705 478 29699 2089 25552
leaf_count=422 9995 2075 1265 222769 324 4973 935 182 499 41705 478 29699 2089 25552
internal_value=0.000281197 0.00519835 0.0141677 8.22748e-05 -0.000877426 -0.000785477 -0.0147089 -0.000605836 -0.000999561 -0.00107416 0.0155988 -0.00123863 0.000177189 -0.00355848
internal_weight=342962 13335 3340 329627 106858 106534 1357 105177 100204 100022 977 99045 57340 27641
internal_count=342962 13335 3340 329627 106858 106534 1357 105177 100204 100022 977 99045 57340 27641
is_linear=0
shrinkage=0.04


Tree=131
num_leaves=15
num_cat=0
split_feature=13 11 10 8 12 11 11 11 8 1 11 3 12 10
split_gain=210.434 209.678 815.061 157.613 148.337 100.836 178.14 109.414 162.77 93.641 132.03 158.552 163.415 157.625
threshold=642.89807683317133 10.471283737988839 -5.197436048652591 0.99998654492179417 106.51317509492041 2.8805987618371893 1.7625977450650459 4.6090965602763836 0.70247015080636233 50.183658758921858 54.32780736049174 14.466396500000002 144.60284905250111 -16.952047136709087
decision_type=2 2 2 2 2 2 2 2 2 2 2 2 2 2
left_child=9 5 3 4 -3 6 -2 -7 -9 10 -1 -12 -13 -14
right_child=1 2 -4 -5 -6 7 -8 8 -10 -11 11 12 13 -15
leaf_value=0 0 0.0027354777091353716 3.9081660903458941e-05 -0.0021874395332847751 0.00010069560161880597 -0.0009202480139135677 0.00021304622048710768 -0.00045719390441590013 0.00017034698747083826 0.00033357634171968259 -0.008629939874495866 -0.00057840910553823147 -9.8311390013017251e-06 0.0088422179212081353
leaf_weight=319152 4705 560 1340 187 5145 218 399 253 593 1997 718 4664 2799 519
leaf_count=319152 4705 560 1340 187 5145 218 399 253 593 1997 718 4664 2799 519
internal_value=0.000277233 0.00519104 0.00981195 0.00340801 0.00459246 -0.000226978 0.00210815 -0.0114286 -0.00491726 7.76113e-05 2.50113e-05 -0.00483678 -0.00321724 0.00356841
internal_weight=343249 13400 7232 5892 5705 6168 5104 1064 846 329849 327852 8700 7982 3318
internal_count=343249 13400 7232 5892 5705 6168 5104 1064 846 329849 327852 8700 7982 3318
is_linear=0
shrinkage=0.04


Tree=132
num_leaves=15
num_cat=0
split_feature=13 14 11 9 9 13 12 13 12 11 13 11 10 0
split_gain=215.212 208.617 704.526 84.631 174.484 413.779 347.365 321.82 554.193 439.33 291.181 268.573 609.018 321.45
threshold=642.89807683317133 0.23320872121670802 12.040837269746712 0.38572993904612163 0.0017511998693243715 483.74894686908766 61.399981572182078 515.31255052261804 71.21200043151461 1.5864186537375646 536.41543727593194 1.3342427298424633 -0.43800018173767058 5.6888794268005132
decision_type=2 2 2 2 2 2 2 2 2 2 2 2 2 2
left_child=3 -2 -3 4 7 -6 -7 11 9 -9 -11 12 13 -1
right_child=1 2 -4 -5 5 6 -8 8 -10 10 -12 -13 -14 -15
leaf_value=-0.00022720824263840395 0 0 3.7518394467320586e-05 0 -0.001368066548792547 -0.0028534000362535335 0.00011726062076886635 0.0013163880429440636 -0.0030061593098811646 -0.0031207734931534697 0.00017246680895746853 9.8260234836779415e-05 0.00025517227812117129 -0.0077758998450882131
leaf_weight=7581 9960 2113 1246 222819 18778 401 18033 1195 2702 687 553 53446 1599 1912
leaf_count=7581 9960 2113 1246 222819 18778 401 18033 1195 2702 687 553 53446 1599 1912
internal_value=0.000291757 0.00527667 0.013897 9.03836e-05 -0.0008349 -0.00304633 0.00121081 0.000346179 -0.00928947 0.00455031 -0.012129 0.00111314 -0.00455103 -0.00839777
internal_weight=343025 13319 3359 329706 106887 37212 18434 69675 5137 2435 1240 64538 11092 9493
internal_count=343025 13319 3359 329706 106887 37212 18434 69675 5137 2435 1240 64538 11092 9493
is_linear=0
shrinkage=0.04


Tree=133
num_leaves=15
num_cat=0
split_feature=13 11 10 1 12 8 11 11 1 0 13 9 11 10
split_gain=209.224 217.918 819.515 191.86 116.906 84.8195 83.8707 158.119 103.006 164.192 78.367 261.551 546.82 405.914
threshold=642.89807683317133 10.792794902345429 -5.4215667728487356 7.2227835413995098 107.48032692688652 0.82744814221986307 2.8805987618371893 1.7625977450650459 9.2210596383388221 6.5614514536544037 513.32521284928225 0.052670058995552778 5.7453569615146654 -7.9480233408807601
decision_type=2 2 2 2 2 2 2 2 2 2 2 2 2 2
left_child=10 6 3 -3 5 -5 7 -2 9 -8 -1 12 13 -12
right_child=1 2 -4 4 -6 -7 8 -9 -10 -11 11 -13 -14 -15
leaf_value=0 0 -0.0023365631271429549 3.6017658688627762e-05 0.0060041563137635794 0.00012149757524192112 -6.515280164627241e-05 -0.00039640338390333846 0.00019707109489184603 -0.00042753678956159336 0.002128975442190313 -0.0068317436341075871 0 -0.003002560471814476 0.0003036012905108997
leaf_weight=282862 4705 176 1368 364 5082 132 109 390 850 201 837 40144 2346 3203
leaf_count=282862 4705 176 1368 364 5082 132 109 390 850 201 837 40144 2346 3203
internal_value=0.000319982 0.00522389 0.0100084 0.00339242 0.00468985 0.0232258 -0.000223821 0.00198626 -0.00993103 0.00980645 0.000120829 -0.00140039 -0.00891951 0
internal_weight=342769 13377 7122 5754 5578 496 6255 5095 1160 310 329392 46530 6386 4040
internal_count=342769 13377 7122 5754 5578 496 6255 5095 1160 310 329392 46530 6386 4040
is_linear=0
shrinkage=0.04


Tree=134
num_leaves=15
num_cat=0
split_feature=13 14 11 11 9 12 1 12 3 1 0 3 1 11
split_gain=209.421 222.974 703.73 82.6958 412.903 351.595 346.945 306.61 265.075 1410.77 297.67 258.576 1172.39 358.3
threshold=642.89807683317133 0.23320872121670802 12.040837269746712 22.430709912023133 0.95853135188789462 71.21200043151461 30.998389769160148 61.399981572182078 25.402818500000006 28.008000447984085 18.477390080300207 19.910172500000005 20.894021872750844 35.103820174325541
decision_type=2 2 2 2 2 2 2 2 2 2 2 2 2 2
left_child=3 -2 -3 -1 5 7 -6 -5 9 10 11 12 -7 -13
right_child=1 2 -4 4 6 8 -8 -9 -10 -11 -12 13 -14 -15
leaf_value=0 0 0 3.4576952341082644e-05 0.0029225929084469937 0.0015602502373726344 -0.0001145009894739496 -0.0011219475772225407 -0.0024492840320503441 6.5019698702522606e-05 -0.014767301038513304 -0.044777227796854481 -0.0001064973475574213 -0.013921584524299396 0.0017457531892049738
leaf_weight=230755 10076 2069 1261 177 1373 22303 303 1394 52548 1939 1471 8988 1771 6723
leaf_count=230755 10076 2069 1261 177 1373 22303 303 1394 52548 1939 1471 8988 1771 6723
internal_value=0.00028792 0.00518872 0.0141622 8.86746e-05 -0.000878473 -0.0012175 0.0188067 -0.0199873 -0.000909518 -0.00323093 -0.00166376 -0.00101043 -0.00361552 0.00298135
internal_weight=343151 13406 3330 329745 98990 97314 1676 1571 95743 43195 41256 39785 24074 15711
internal_count=343151 13406 3330 329745 98990 97314 1676 1571 95743 43195 41256 39785 24074 15711
is_linear=0
shrinkage=0.04


Tree=135
num_leaves=15
num_cat=0
split_feature=13 14 3 13 13 13 12 1 10 13 2 13 1 10
split_gain=202.053 220.785 511.674 81.9601 240.484 219.935 313.804 194.623 194.274 292.125 300.507 158.577 137.729 128.728
threshold=642.89807683317133 0.23320872121670802 21.240018000000003 513.32521284928225 520.88873726602321 528.64857125933054 155.37891628959724 5.9734326186036339 -0.51347090213458013 515.31255052261804 116.52036650000001 502.68433582634469 5.1332498987436788 -29.148042734983029
decision_type=2 2 2 2 2 2 2 2 2 2 2 2 2 2
left_child=3 -2 -3 11 8 6 7 -6 9 10 12 13 -5 -1
right_child=1 2 -4 4 5 -7 -8 -9 -10 -11 -12 -13 -14 -15
leaf_value=-0.00027488298120083369 0 0 3.319387424743934e-05 -0.00054113498242437056 0 0 -0.008906654405578765 0.0020421906823975301 0 -0.0036603583353278981 -0.00057005222166271231 0 0.0015897414304066649 0
leaf_weight=17549 9934 2314 1028 342 603 36600 270 2422 2097 1475 1970 10029 733 255262
leaf_count=17549 9934 2314 1028 342 603 36600 270 2422 2097 1475 1970 10029 733 255262
internal_value=0.000295948 0.00513408 0.0140275 0.000100925 -0.00145511 -0.000283745 0.00961457 0.0133025 -0.00851746 -0.0131858 -0.00610837 0.00035681 0.0109023 0.000175213
internal_weight=342628 13276 3342 329352 46512 39895 3295 3025 6617 4520 3045 282840 1075 272811
internal_count=342628 13276 3342 329352 46512 39895 3295 3025 6617 4520 3045 282840 1075 272811
is_linear=0
shrinkage=0.04


Tree=136
num_leaves=15
num_cat=0
split_feature=14 11 15 2 11 3 3 10 9 1 11 11 0 2
split_gain=187.026 900.273 92.2235 113.193 276.439 252.077 154.161 158.396 153.574 147.71 134.1 117.911 123.51 105.821
threshold=0.23320872121670802 12.34446606506531 11.201103675124985 109.78876100000001 9.9291896778961952 28.453385000000001 5.0643965000000009 -14.519062161336374 0.098393161955294919 4.642439829169116 6.5305776033977416 41.147555971022889 15.366138512580255 87.612797000000015
decision_type=2 2 2 2 2 2 2 2 2 2 2 2 2 2
left_child=2 -2 -1 4 5 6 9 -8 -7 -4 13 -5 -13 -10
right_child=1 -3 3 11 -6 8 7 -9 10 -11 -12 12 -14 -15
leaf_value=0 0 3.1866119277541765e-05 0 0 0.0054328749468213677 -0.0015868002796770875 -0.004838423723261224 0.0035979925006243731 -0.00023038112247966399 -0.014795980244818339 -0.00046585043254532667 0.00068694976964381272 -0.0016588648103223564 0.00034263807632128055
leaf_weight=319922 5386 1230 952 7848 2698 421 309 1155 744 155 438 1449 230 340
leaf_count=319922 5386 1230 952 7848 2698 421 309 1155 744 155 438 1449 230 340
internal_value=0.000316829 0.00697703 0.000185944 0.00308023 0.00686079 0.00080638 0.00902373 0.017541 -0.0100669 -0.00224029 -0.00415243 0.000218327 0.00983919 0.00339483
internal_weight=343277 6616 336661 16739 7212 4514 2571 1464 1943 1107 1522 9527 1679 1084
internal_count=343277 6616 336661 16739 7212 4514 2571 1464 1943 1107 1522 9527 1679 1084
is_linear=0
shrinkage=0.04


Tree=137
num_leaves=15
num_cat=0
split_feature=13 14 3 13 9 12 8 9 2 1 10 2 9 12
split_gain=190.686 202.232 461.957 83.4699 220.501 335.925 302.339 300.854 283.442 365.455 200.812 186.263 298.63 564.035
threshold=642.89807683317133 0.23320872121670802 21.240018000000003 513.32521284928225 0.052670058995552778 77.559390152796027 0.93478359790070265 0.0096839230818517325 58.243490500000007 0.55358418281276056 -3.7845467311255638 116.52036650000001 0.87747985564300246 140.99947498104407
decision_type=2 2 2 2 2 2 2 2 2 2 2 2 2 2
left_child=3 -2 -3 -1 5 7 11 8 9 -5 -7 -6 13 -13
right_child=1 2 -4 4 6 10 -8 -9 -10 -11 -12 12 -14 -15
leaf_value=0 0 0 3.0591474506440093e-05 0.00022315777532902066 0 -0.0039306454907162705 0.0065010340731140696 -0.0017130958181789894 0.00078809269354862186 -0.001364275712265151 0.0043921216319672361 -0.00087576109942763645 0 -5.9743896537026584e-05
leaf_weight=283406 9958 2316 1029 479 17348 1892 1085 445 2525 923 99 3703 12452 5846
leaf_count=283406 9958 2316 1029 479 17348 1892 1085 445 2525 923 99 3703 12452 5846
internal_value=0.000296006 0.00499136 0.0135007 0.000106843 -0.00145821 -0.0083797 -0.000368996 -0.00217749 0.00135472 -0.013067 -0.021999 -0.000943353 -0.00338712 -0.00870877
internal_weight=343506 13303 3345 330203 46797 6363 40434 4372 3927 1402 1991 39349 22001 9549
internal_count=343506 13303 3345 330203 46797 6363 40434 4372 3927 1402 1991 39349 22001 9549
is_linear=0
shrinkage=0.04


Tree=138
num_leaves=15
num_cat=0
split_feature=13 11 10 1 12 11 11 11 9 0 3 8 11 12
split_gain=176.234 196.815 758.308 140.486 101.321 92.5298 157.58 91.9868 169.955 80.66 633.594 271.018 256.308 210.68
threshold=642.89807683317133 10.792794902345429 -5.197436048652591 7.2227835413995098 107.48032692688652 2.8805987618371893 1.7625977450650459 4.6090965602763836 0.034872826811999054 17.785545397494101 21.502308500000002 0.91620594438789993 15.954602245175513 132.75642127646401
decision_type=2 2 2 2 2 2 2 2 2 2 2 2 2 2
left_child=9 5 3 -3 -5 6 -2 -7 -9 -1 -11 13 -13 -12
right_child=1 2 -4 4 -6 7 -8 8 -10 10 11 12 -14 -15
leaf_value=0 0 -0.0020024444945066118 2.9367815526182492e-05 0.0031238986652171773 9.8514085915023833e-05 -0.00084556854707502633 0.00019668622204230531 0.002849618016857187 -0.0002460465854318267 -0.060162173119632241 0.00076885075095553871 -0.034683979748621238 0.0016897569249060245 -0.0047935041058049998
leaf_weight=315776 4702 184 1335 485 5133 216 395 165 793 1113 1823 280 7390 3327
leaf_count=315776 4702 184 1335 485 5133 216 395 165 793 1113 1823 280 7390 3327
internal_value=0.000304736 0.00480012 0.00934286 0.00308859 0.00421502 -0.000369957 0.00196194 -0.010494 -0.00517745 0.000121926 -0.00285653 -0.000343214 0.00442243 -0.00744078
internal_weight=343117 13408 7137 5802 5618 6271 5097 1174 958 329709 13933 12820 7670 5150
internal_count=343117 13408 7137 5802 5618 6271 5097 1174 958 329709 13933 12820 7670 5150
is_linear=0
shrinkage=0.04


Tree=139
num_leaves=15
num_cat=0
split_feature=13 11 10 2 2 11 10 11 3 0 10 15 2 3
split_gain=143.659 165.618 785.733 137.181 180.752 140.249 81.1996 106.275 164.315 133.796 114.371 180.008 235.449 160.535
threshold=642.89807683317133 14.399889209541945 -5.197436048652591 88.141342000000023 98.845322000000024 19.862727386967396 -54.916239929166714 54.32780736049174 13.684718000000002 2.2138340825891709 -38.535031805586719 7.8595107582499688 118.29978950000002 33.09128900000001
decision_type=2 2 2 2 2 2 2 2 2 2 2 2 2 2
left_child=6 -2 3 -3 -5 -6 -1 -8 -9 -10 -11 13 -13 -12
right_child=1 2 -4 4 5 -7 7 8 9 10 11 12 -14 -15
leaf_value=0.0004137742691183178 0 -0.0019729177052925061 2.8193102905135194e-05 0.0087479349574172121 -0.00055177260784739694 0.00013051682080554098 0 -0.0096463884221859551 0.0029552051287480624 6.4349247554580313e-05 -0.0025449490624238837 0.022264134662292028 -0.0026449597154117399 0.013926876137700703
leaf_weight=1098 6653 192 1205 226 221 4800 319767 411 295 3354 3369 103 1059 315
leaf_count=1098 6653 192 1205 226 221 4800 319767 411 295 3354 3369 103 1059 315
internal_value=0.000306645 0.00438294 0.00885009 0.00237544 0.00359062 0.00201553 0.000142281 0.000106002 -0.00420391 -0.00300883 -0.00396098 -0.00789104 -0.0216179 -0.00356135
internal_weight=343068 13297 6644 5439 5247 5021 329771 328673 8906 8495 8200 4846 1162 3684
internal_count=343068 13297 6644 5439 5247 5021 329771 328673 8906 8495 8200 4846 1162 3684
is_linear=0
shrinkage=0.04


Tree=140
num_leaves=15
num_cat=0
split_feature=13 11 10 8 2 11 9 9 13 12 15 10 15 3
split_gain=149.867 184.007 766.734 132.182 181.654 132.733 78.3973 171.592 382.821 320.487 314.133 333.92 390.784 270.395
threshold=642.89807683317133 14.399889209541945 -5.197436048652591 0.94784729272584134 98.845322000000024 19.726742478703006 0.38572993904612163 0.0024141399299112969 483.74894686908766 61.399981572182078 7.5518605999999986 -0.62626918808787202 7.8595107582499688 15.860369000000002
decision_type=2 2 2 2 2 2 2 2 2 2 2 2 2 2
left_child=6 -2 3 4 -3 -6 7 10 -9 -10 13 12 -12 -1
right_child=1 2 -4 -5 5 -7 -8 8 9 -11 11 -13 -14 -15
leaf_value=-2.8031596415361573e-05 0 0.0083342527337699566 2.7065378788929787e-05 -0.0018725127100871276 -0.00074255356731492644 0.00012931348364565671 0 -0.0013461293380114985 -0.0027734591833745706 0.00010571777792734369 -0.0034566049835500811 0.0002675476025364511 -0.0003955884839459096 0.00023472885690473756
leaf_weight=35353 6623 231 1218 197 188 4829 222961 18404 378 17932 1435 960 8492 23950
leaf_count=35353 6623 231 1218 197 188 4829 222961 18404 378 17932 1435 960 8492 23950
internal_value=0.000284539 0.0044498 0.00914303 0.00272544 0.00393293 0.00233606 0.000116775 -0.000773778 -0.0029896 0.00110541 0.00038524 -0.0058602 -0.00803868 0.00153179
internal_weight=343151 13286 6663 5445 5248 5017 329865 106904 36714 18310 70190 10887 9927 59303
internal_count=343151 13286 6663 5445 5248 5017 329865 106904 36714 18310 70190 10887 9927 59303
is_linear=0
shrinkage=0.04


Tree=141
num_leaves=15
num_cat=0
split_feature=14 11 11 15 2 11 14 10 3 3 10 11 9 2
split_gain=130.802 875.367 95.0415 86.2676 124.482 242.129 235.002 125.366 154.989 111.851 111.442 107.383 95.7606 267.234
threshold=0.23320872121670802 14.399889209541945 12.34446606506531 11.201103675124985 109.49690650000001 9.9291896778961952 0.20033672309383191 -4.7853097644434639 4.7482865000000007 37.861342500000006 -19.769459109254964 41.511888443730236 0.83601017096401231 172.45245350000002
decision_type=2 2 2 2 2 2 2 2 2 2 2 2 2 2
left_child=3 2 -2 12 5 6 -5 -8 -9 -7 -11 -6 13 -1
right_child=1 -3 -4 4 11 9 7 8 -10 10 -12 -13 -14 -15
leaf_value=-4.784159012567568e-05 0 2.5982763637372598e-05 -5.5611007943322251e-07 0.0017852841447580428 0 0.00058781724920141441 -0.00031931404936181684 0 0.018867929673210878 0.0044860138783832824 0.0098696729012308013 0.00053787760453521646 0 0.00072060660593893991
leaf_weight=153407 5400 1149 97 868 8166 720 2474 869 227 1436 448 1382 164059 2454
leaf_count=153407 5400 1149 97 868 8166 720 2474 869 227 1436 448 1382 164059 2454
internal_value=0.000323235 0.00588023 -0.000756776 0.000213485 0.00302592 0.00706049 0.001379 -0.00315966 0.00810219 0.0167435 0.0218684 5.02723e-05 6.76419e-05 -0.000642367
internal_weight=343156 6646 5497 336510 16590 7042 4438 3570 1096 2604 1884 9548 319920 155861
internal_count=343156 6646 5497 336510 16590 7042 4438 3570 1096 2604 1884 9548 319920 155861
is_linear=0
shrinkage=0.04


Tree=142
num_leaves=15
num_cat=0
split_feature=13 11 10 2 2 11 11 8 10 11 10 10 3 3
split_gain=139.751 161.332 794.477 137.638 179.653 124.499 78.1419 159.621 148.817 202.986 135.36 151.005 177.6 107.442
threshold=642.89807683317133 14.399889209541945 -5.197436048652591 88.141342000000023 98.845322000000024 19.862727386967396 54.32780736049174 0.1816512162309383 -16.755704773665553 59.585711772656914 -38.535031805586719 -26.480975061361963 14.764700500000002 69.787315000000021
decision_type=2 2 2 2 2 2 2 2 2 2 2 2 2 2
left_child=6 -2 3 -3 -5 -6 -1 8 9 -8 -9 -12 -13 -11
right_child=1 2 -4 4 5 -7 7 10 -10 13 11 12 -14 -15
leaf_value=0 0 -0.0018171868250722934 2.4943453091877695e-05 0.0078068862774665565 -0.00049999956084090399 0.00012008638913223124 -0.00056205006537872232 0.00088595635560204339 0.0041057365072822254 0.0001816110132526833 -0.0036837464282711376 -0.0113477140770698 0.00035395639000398662 0.0011143501020733713
leaf_weight=320194 6644 188 1232 226 223 4774 2024 629 290 2250 1667 573 1918 233
leaf_count=320194 6644 188 1232 226 223 4774 2024 629 290 2250 1667 573 1918 233
internal_value=0.000306997 0.00432904 0.00873702 0.00213639 0.00334674 0.00176906 0.000144946 -0.00341402 0.00174276 -4.43754e-05 -0.00858158 -0.0111977 -0.00496186 0.00761981
internal_weight=343065 13287 6643 5411 5223 4997 329778 9584 4797 4507 4787 4158 2491 2483
internal_count=343065 13287 6643 5411 5223 4997 329778 9584 4797 4507 4787 4158 2491 2483
is_linear=0
shrinkage=0.04


Tree=143
num_leaves=15
num_cat=0
split_feature=14 11 11 15 2 11 14 10 3 3 1 1 0 9
split_gain=127.576 870.131 94.1202 89.5928 120.574 236.139 208.556 120.061 149.422 118.942 117.184 105.199 100.98 145.311
threshold=0.23320872121670802 14.399889209541945 12.34446606506531 11.201103675124985 109.49690650000001 9.9291896778961952 0.20033672309383191 -4.7853097644434639 4.8215800000000009 38.25922700000001 19.837974986103458 15.464870605208688 18.771188598437771 0.17984884493355033
decision_type=2 2 2 2 2 2 2 2 2 2 2 2 2 2
left_child=3 2 -2 -1 5 6 11 -8 -9 -7 -11 -5 -6 -14
right_child=1 -3 -4 4 12 9 7 8 -10 10 -12 -13 13 -15
leaf_value=0 0 2.3945714968202584e-05 -5.3386567625589362e-07 0.0024707145193311052 0 0.00046775023327866262 -0.00029163094946261766 0 0.020377892516070872 0.0094335291995707154 0.0043073040761928971 -0.011264267116543901 0.0022153336917143736 -0.0058270402925366949
leaf_weight=319705 5419 1129 96 754 8476 739 2474 900 225 462 1443 112 535 576
leaf_count=319705 5419 1129 96 754 8476 739 2474 900 225 462 1443 112 535 576
internal_value=0.000320891 0.00580975 -0.000739801 0.000212485 0.003069 0.00701646 0.00140649 -0.00283412 0.008 0.0164902 0.0217743 0.01903 0.000141859 -0.0111971
internal_weight=343045 6644 5515 336401 16696 7109 4465 3599 1125 2644 1905 866 9587 1111
internal_count=343045 6644 5515 336401 16696 7109 4465 3599 1125 2644 1905 866 9587 1111
is_linear=0
shrinkage=0.04


Tree=144
num_leaves=15
num_cat=0
split_feature=13 14 3 13 13 13 2 2 10 10 1 13 12 12
split_gain=131.607 142.447 515.301 74.2258 219.664 195.708 293.523 187.718 269.252 200.769 178.344 140.351 132.764 152.798
threshold=642.89807683317133 0.23320872121670802 21.240018000000003 513.32521284928225 520.88873726602321 528.64857125933054 124.43504700000001 90.705951500000012 -0.51347090213458013 -15.722745343648841 5.9734326186036339 502.68433582634469 72.363434625521492 73.781207309388734
decision_type=2 2 2 2 2 2 2 2 2 2 2 2 2 2
left_child=3 -2 -3 11 7 6 10 8 -5 -9 -6 -1 -11 -14
right_child=1 2 -4 4 5 -7 -8 9 -10 12 -12 -13 13 -15
leaf_value=0 0 0 2.298788636947448e-05 -0.0032051997959720259 0 0 -0.0091986830268194052 -0.0005033991115898762 0 0.0014294737560745932 0.0018621186069815809 0 -0.0010202460511349726 0
leaf_weight=273099 9930 2297 1017 1522 611 36758 252 1709 603 194 2454 10042 237 2390
leaf_count=273099 9930 2297 1017 1522 611 36758 252 1709 603 194 2454 10042 237 2390
internal_value=0.000327704 0.00423739 0.0114182 0.000170733 -0.00130623 -0.000188646 0.00911667 -0.00803606 -0.0178447 -0.00343488 0.0125285 0.000414493 0.00311946 0.000761325
internal_weight=343115 13244 3314 329871 46730 40075 3317 6655 2125 4530 3065 283141 2821 2627
internal_count=343115 13244 3314 329871 46730 40075 3317 6655 2125 4530 3065 283141 2821 2627
is_linear=0
shrinkage=0.04


Tree=145
num_leaves=15
num_cat=0
split_feature=13 11 10 8 2 11 9 2 9 13 12 15 0 15
split_gain=135.004 161.408 788.272 145.002 157.624 119.527 75.8239 168.525 186.126 389.317 309.836 293.811 314.632 360.645
threshold=642.89807683317133 14.399889209541945 -5.4215667728487356 0.94281462521098469 97.638309500000005 19.726742478703006 0.38572993904612163 176.63816800000004 0.0017511998693243715 483.74894686908766 61.399981572182078 7.5518605999999986 0.60899971403463626 7.8595107582499688
decision_type=2 2 2 2 2 2 2 2 2 2 2 2 2 2
left_child=6 -2 3 4 -3 -6 7 8 11 -10 -11 -1 -13 -14
right_child=1 2 -4 -5 5 -7 -8 -9 9 10 -12 12 13 -15
leaf_value=5.9450347669468974e-05 0 0.0066601897342946567 2.2068370914695499e-05 -0.0018216526956269991 -0.00065101575558797729 0.00011749410740637452 0 0.00092901108930723997 -0.0013739897076349191 -0.0026058186468833266 0.00010071251278817445 0.00027139865550366877 -0.0031588377039013862 -0.00034606830694339729
leaf_weight=58744 6620 197 1242 176 200 4812 222682 590 18371 377 18035 800 1452 8637
leaf_count=58744 6620 197 1242 176 200 4812 222682 590 18371 377 18035 800 1452 8637
internal_value=0.000325426 0.00428474 0.00869775 0.00207242 0.00327894 0.00189944 0.000166339 -0.000708745 -0.000826943 -0.00312862 0.000981968 0.000388896 -0.00564606 -0.00756071
internal_weight=342935 13247 6627 5385 5209 5012 329688 107006 106416 36783 18412 69633 10889 10089
internal_count=342935 13247 6627 5385 5209 5012 329688 107006 106416 36783 18412 69633 10889 10089
is_linear=0
shrinkage=0.04


Tree=146
num_leaves=15
num_cat=0
split_feature=13 11 1 8 2 11 11 3 0 1 1 3 12 11
split_gain=124.733 151.717 801.884 144.912 166.269 124.752 74.5338 151.056 142.649 132.58 167.642 151.907 138.574 117.305
threshold=642.89807683317133 14.399889209541945 5.3951883146943622 0.95728767943439597 98.845322000000024 19.726742478703006 54.32780736049174 15.076408000000002 3.1541034613267089 38.062696768518542 26.506201095423602 35.975768000000009 149.84888912236622 60.398115122341501
decision_type=2 2 2 2 2 2 2 2 2 2 2 2 2 2
left_child=6 -2 -3 4 -4 -6 -1 -8 -9 10 -10 -11 -12 -13
right_child=1 2 3 -5 5 -7 7 8 9 11 12 13 -14 -15
leaf_value=0 0 2.1185636078107677e-05 0.0068367882202889129 -0.0018364426059311947 -0.00066776185207435845 0.00010434913208035337 -0.0064764436394698782 0.00400747282422178 0.00039528192242014096 -0.012476752970644954 -0.0030976548291183925 -8.088604157365287e-05 0.0056752758021890483 0.0003558283275262522
leaf_weight=320218 6664 1227 227 178 190 4842 985 471 1807 214 1865 2229 293 1684
leaf_count=320218 6664 1227 227 178 190 4842 985 471 1807 214 1865 2229 293 1684
internal_value=0.00031793 0.00411164 0.00837935 0.00178775 0.00298916 0.00147854 0.000164602 -0.00331797 -0.00161158 -0.00285714 -0.00808071 0.00216138 -0.015607 0.00395604
internal_weight=343094 13328 6664 5437 5259 5032 329766 9548 8563 8092 3965 4127 2158 3913
internal_count=343094 13328 6664 5437 5259 5032 329766 9548 8563 8092 3965 4127 2158 3913
is_linear=0
shrinkage=0.04


Tree=147
num_leaves=15
num_cat=0
split_feature=14 11 11 15 2 11 2 1 10 3 3 11 0 3
split_gain=125.854 874.038 96.8981 72.8646 105.041 219.294 197.905 129.616 103.944 176.381 110.253 103.108 108.293 102.2
threshold=0.23320872121670802 14.399889209541945 12.34446606506531 11.201103675124985 109.49690650000001 9.9291896778961952 97.638309500000005 14.890621908456758 -4.6370659520543125 4.504458500000001 5.0643965000000009 41.147555971022889 15.366138512580255 38.25922700000001
decision_type=2 2 2 2 2 2 2 2 2 2 2 2 2 2
left_child=3 2 -2 -1 5 6 8 -8 10 -10 -5 -6 -13 -7
right_child=1 -3 -4 4 11 13 7 -9 9 -11 -12 12 -14 -15
leaf_value=0 0 2.033821063498337e-05 -5.1251104920565793e-07 -0.01423825928535657 0 0.00044501172343598905 0.0025527615956231538 -0.004981911350414126 0 0.016957666041169727 -0.00019398513949528713 0.00062441968212973722 -0.0016293163152214995 0.006103914770912963
leaf_weight=319865 5411 1123 99 161 7880 727 626 242 839 250 2365 1458 233 1893
leaf_count=319865 5411 1123 99 161 7880 727 626 242 839 250 2365 1458 233 1893
internal_value=0.000314828 0.00577114 -0.000784029 0.000207287 0.00278517 0.00647051 0.00109748 0.0182488 -0.00302075 0.00730946 -0.00747427 5.01515e-05 0.00901242 0.0156641
internal_weight=343172 6633 5510 336539 16674 7103 4483 868 3615 1089 2526 9571 1691 2620
internal_count=343172 6633 5510 336539 16674 7103 4483 868 3615 1089 2526 9571 1691 2620
is_linear=0
shrinkage=0.04


Tree=148
num_leaves=15
num_cat=0
split_feature=14 11 11 15 2 2 8 11 1 3 11 11 0 3
split_gain=128.526 877.641 98.8567 73.636 110.076 217.12 164.525 163.536 137.21 140.354 122.967 116.95 101.553 961.682
threshold=0.23320872121670802 14.399889209541945 12.34446606506531 11.201103675124985 109.49690650000001 87.612797000000015 0.94784729272584134 10.191135730900339 4.751179874648563 4.419525000000001 1.0088763567168648 5.5592280137307943 13.640689465938094 15.860369000000002
decision_type=2 2 2 2 2 2 2 2 2 2 2 2 2 2
left_child=3 2 -2 12 5 7 11 8 9 -5 -10 -7 -1 -14
right_child=1 -3 -4 4 -6 6 -8 -9 10 -11 -12 -13 13 -15
leaf_value=0 0 1.9524682209584036e-05 -4.9201060723743154e-07 0 0 0.0011286165345936539 -0.0033729457433580023 0.0040433146030815692 0.001692694345095145 0.011829603288776176 -0.00073074011558980575 0.002310679491465858 -0.041078439999429756 -5.1985151007086783e-05
leaf_weight=295432 5412 1145 101 833 9544 750 271 499 205 304 1552 2661 1745 22509
leaf_count=295432 5412 1145 101 833 9544 750 271 499 205 304 1552 2661 1745 22509
internal_value=0.000324233 0.00582758 -0.000790858 0.000215281 0.00281124 0.00659223 0.0133188 -0.000707339 -0.00435384 0.00647318 -0.0113603 0.0157021 8.03288e-05 -0.00240785
internal_weight=342963 6658 5513 336305 16619 7075 3682 3393 2894 1137 1757 3411 319686 24254
internal_count=342963 6658 5513 336305 16619 7075 3682 3393 2894 1137 1757 3411 319686 24254
is_linear=0
shrinkage=0.04


Tree=149
num_leaves=15
num_cat=0
split_feature=14 11 11 1 3 10 3 3 1 9 11 12 13 1
split_gain=127.38 874.583 95.9423 72.639 770.317 476.255 893.486 764.521 823.718 876.202 399.322 486.731 461.796 393.204
threshold=0.23320872121670802 14.399889209541945 12.34446606506531 11.546063458947854 13.501155000000002 -14.519062161336374 17.250080500000003 18.769620500000006 20.271867669543976 0.47013787464091489 14.399889209541945 73.218227989393753 536.41543727593194 16.305855667101959
decision_type=2 2 2 2 2 2 2 2 2 2 2 2 2 2
left_child=3 2 -2 10 -5 7 -7 8 9 -6 -1 -12 -13 -11
right_child=1 -3 -4 4 5 6 -8 -9 -10 13 11 12 -14 -15
leaf_value=0 0 1.8743694921200675e-05 -4.7233018294793428e-07 -0.015683642034531077 -0.020975082002398792 0.0049711731167796968 -0.00018517154194176843 0.00011069134571128476 -0.016636292947956072 0.001574616647282392 -0.0023602929062000485 -0.00039595892563845826 0.0085572916600588252 -0.00053828103168832974
leaf_weight=194615 5426 1137 98 2935 3444 8631 7462 89982 1558 2128 3502 18587 526 3053
leaf_count=194615 5426 1137 98 2935 3444 8631 7462 89982 1558 2128 3502 18587 526 3053
internal_value=0.000323419 0.00580093 -0.000774801 0.000214967 0.00100845 0.00151938 0.00790654 0.000493186 -0.00989492 -0.00505971 -0.000220412 -0.00525138 -0.0027395 0.00533488
internal_weight=343084 6661 5524 336423 119193 116258 16093 100165 10183 8625 217230 22615 19113 5181
internal_count=343084 6661 5524 336423 119193 116258 16093 100165 10183 8625 217230 22615 19113 5181
is_linear=0
shrinkage=0.04


Tree=150
num_leaves=15
num_cat=0
split_feature=14 11 11 12 8 14 10 3 11 2 3 12 11 3
split_gain=127.925 870.64 95.9386 72.1881 178.804 116.303 149.522 129.63 94.6589 90.4118 101.231 90.213 255.768 274.823
threshold=0.23320872121670802 14.399889209541945 12.34446606506531 58.360197220196916 0.99998064362604899 0.20515559400079877 -1.4665753984741661 23.043582000000004 0.57642177883179324 52.544263500000007 38.25922700000001 62.416646268526968 7.8751948625709112 23.043582000000004
decision_type=2 2 2 2 2 2 2 2 2 2 2 2 2 2
left_child=3 2 -2 4 9 6 8 -8 -6 10 -1 12 -5 -14
right_child=1 -3 -4 11 5 -7 7 -9 -10 -11 -12 -13 13 -15
leaf_value=0 0 1.7993947124352649e-05 -4.5343697563001691e-07 0 0.0014528615135062368 0.00035187351565857741 2.77622701507892e-05 0.00039278611505144445 -0.0014182285804286631 -0.00069271951669197562 0.00064501968185714186 0 -0.0020085905278610537 0.0017775610818660823
leaf_weight=4120 5416 1145 98 11896 32 1229 935 245 209 289 140 315674 1252 350
leaf_count=4120 5416 1145 98 11896 32 1229 935 245 209 289 140 315674 1252 350
internal_value=0.000324636 0.00581469 -0.000776206 0.000215952 0.00417836 0.0124377 0.00464462 0.0105085 -0.0240664 -0.000633106 0.000835681 0.000129294 -0.00307305 -0.0180774
internal_weight=343030 6659 5514 336371 7199 2650 1421 1180 241 4549 4260 329172 13498 1602
internal_count=343030 6659 5514 336371 7199 2650 1421 1180 241 4549 4260 329172 13498 1602
is_linear=0
shrinkage=0.04


Tree=151
num_leaves=15
num_cat=0
split_feature=14 5 12 12 8 2 3 12 1 13 1 0 13 3
split_gain=130.214 363.526 343.724 70.1194 163.269 122.468 134.428 91.6104 252.208 167.901 133.737 206.582 160.882 138.998
threshold=0.23320872121670802 1.0000000180025095e-35 102.64459557583801 58.360197220196916 0.9999850405617442 52.544263500000007 8.581018000000002 62.416646268526968 0.6619901400433259 536.41543727593194 5.9734326186036339 6.3225604866218452 354.50597489987246 17.250080500000003
decision_type=2 2 2 2 2 2 2 2 2 2 2 2 2 2
left_child=3 -2 -3 4 5 6 -1 8 -5 10 12 -12 -10 -14
right_child=1 2 -4 7 -6 -7 -8 -9 9 -11 11 -13 13 -15
leaf_value=0 0 0 1.7274189239378543e-05 0 0.00021702820204523603 -0.00036833721233946236 0.00022643185708706701 0 6.2924730327720838e-07 0.0001164024131491595 0.0026101908851155274 -0.0021635093145053099 -0.0014603169125109257 -0.00029699931929836888
leaf_weight=4098 4809 909 959 7068 2231 467 451 315828 1088 1109 217 123 2001 1905
leaf_count=4098 4809 909 959 7068 2231 467 451 315828 1088 1109 217 123 2001 1905
internal_value=0.000285612 0.00581698 0.0207923 0.000175884 0.00406789 6.37959e-05 0.00206639 9.02414e-05 -0.00313522 -0.00885923 -0.0118035 0.0124706 -0.0134561 -0.0172453
internal_weight=343263 6677 1868 336586 7247 5016 4549 329339 13511 6443 5334 340 4994 3906
internal_count=343263 6677 1868 336586 7247 5016 4549 329339 13511 6443 5334 340 4994 3906
is_linear=0
shrinkage=0.04


Tree=152
num_leaves=15
num_cat=0
split_feature=13 11 10 8 12 11 8 11 11 2 0 13 9 11
split_gain=111.295 165.483 816.608 144.127 153.217 77.0586 214.093 141.357 136.635 119.907 75.2114 68.2446 184.482 550.059
threshold=642.89807683317133 14.399889209541945 -5.4215667728487356 0.94281462521098469 106.51317509492041 2.8805987618371893 0.70247015080636233 5.9188543042363628 1.7625977450650459 73.982925500000007 8.2843791212951956 513.32521284928225 0.052670058995552778 5.7453569615146654
decision_type=2 2 2 2 2 2 2 2 2 2 2 2 2 2
left_child=11 5 3 4 -3 8 -7 -8 -2 -9 -10 -1 13 -13
right_child=1 2 -4 -5 -6 6 7 9 10 -11 -12 12 -14 -15
leaf_value=0 0 0.012262529528966889 1.6583221669803404e-05 -0.0016891946862074619 5.6987538453525143e-05 -0.00026809340821110696 -0.00037972328445682436 0.0049372261276334744 0.000188221718020683 2.2687410777616073e-05 -0.0010755980442041138 6.8907910202430512e-05 0 -0.0023191902090327317
leaf_weight=283177 4679 192 1255 175 5072 409 259 165 369 773 27 3979 40230 2386
leaf_count=283177 4679 192 1255 175 5072 409 259 165 369 773 27 3979 40230 2386
internal_value=0.000343759 0.00392075 0.0083657 0.00165472 0.00284195 -0.000532854 -0.00816936 0.000367586 0.00188374 0.00759062 0.0244444 0.000198683 -0.00121987 -0.00754753
internal_weight=343147 13375 6694 5439 5264 6681 1606 1197 5075 938 396 329772 46595 6365
internal_count=343147 13375 6694 5439 5264 6681 1606 1197 5075 938 396 329772 46595 6365
is_linear=0
shrinkage=0.04


Tree=153
num_leaves=15
num_cat=0
split_feature=14 11 12 8 14 1 3 11 2 3 2 1 3 0
split_gain=179.381 892.11 68.9205 149.379 103.239 150.237 133.539 91.4672 82.2736 102.05 83.1852 73.4007 615.634 745.965
threshold=0.23320872121670802 12.040837269746712 58.360197220196916 0.99998064362604899 0.20515559400079877 1.490947218235726 20.894929500000003 0.57642177883179324 52.544263500000007 38.25922700000001 51.375057000000005 10.62268269072092 13.885851000000001 12.41245854526945
decision_type=2 2 2 2 2 2 2 2 2 2 2 2 2 2
left_child=2 -2 3 8 5 6 -5 -7 9 10 -1 -4 13 -13
right_child=1 -3 11 4 -6 7 -8 -9 -10 -11 -12 12 -14 -15
leaf_value=0 0 1.5919892803011264e-05 0 3.034404686235448e-06 0.00033200766796443717 0.0014148004920448572 0.00022178676227118139 -0.0013766457483208713 -0.00073725517640759494 0.0005599377221567974 -0.000263694560719793 -0.0009425129035696431 0.00010911927130516125 -0.04451533966339305
leaf_weight=3838 5421 1221 206196 771 1244 30 397 202 284 146 269 3590 118063 1307
leaf_count=3838 5421 1221 206196 771 1244 30 397 202 284 146 269 3590 118063 1307
internal_value=0.0003739 0.00688347 0.000245349 0.00412199 0.0116793 0.00422857 0.0100685 -0.0251724 -0.000282125 0.0011098 -5.84368e-05 0.000160775 0.000934288 -0.012963
internal_weight=342979 6642 336337 7181 2644 1400 1168 232 4537 4253 4107 329156 122960 4897
internal_count=342979 6642 336337 7181 2644 1400 1168 232 4537 4253 4107 329156 122960 4897
is_linear=0
shrinkage=0.04


Tree=154
num_leaves=15
num_cat=0
split_feature=14 11 0 0 3 12 10 2 14 2 11 3 10 3
split_gain=193.821 918.026 67.8714 118.238 535.172 222.6 417.509 274.02 204.38 184.043 141.94 131.697 126.881 215.518
threshold=0.23320872121670802 12.040837269746712 32.017485212657178 18.149297761826571 20.894929500000003 133.64183663992762 -21.274315947241657 78.07985650000002 0.22065939340051219 103.16533700000001 15.954602245175513 79.205462500000024 -20.601413321482244 23.410586000000006
decision_type=2 2 2 2 2 2 2 2 2 2 2 2 2 2
left_child=2 -2 3 -1 -5 7 8 -6 9 -7 -9 12 13 -12
right_child=1 -3 -4 4 5 6 -8 10 -10 -11 11 -13 -14 -15
leaf_value=0 0 1.5283097090890817e-05 0.0050280061302454427 -0.070906330538715368 -0.0033853640097746386 0.0021851805048235988 0.0020109414338612525 -0.017676868216693543 0.00081151535021572769 -0.0094348512146578307 -0.058171149263001695 -0.0023470579841791874 0.0081259015674029211 0.0034861522900133859
leaf_weight=322513 5402 1252 1547 733 438 378 1338 243 869 3306 190 363 744 3671
leaf_count=322513 5402 1252 1547 733 438 378 1338 243 869 3306 190 363 744 3671
internal_value=0.00033319 0.00709348 0.000199445 0.000160819 -0.00369266 -0.00158752 -0.00702767 0.00408568 -0.0128004 -0.0169164 0.0066398 0.00809984 0.00992834 0.00701373
internal_weight=342987 6654 336333 334786 12273 11540 5891 5649 4553 3684 5211 4968 4605 3861
internal_count=342987 6654 336333 334786 12273 11540 5891 5649 4553 3684 5211 4968 4605 3861
is_linear=0
shrinkage=0.04


Tree=155
num_leaves=15
num_cat=0
split_feature=14 11 10 11 0 3 2 10 1 11 9 3 2 12
split_gain=187.369 902.499 64.1551 93.3362 124.472 179.591 92.7515 108.641 155.541 146.361 142.89 131.097 225.46 113.554
threshold=0.23320872121670802 12.040837269746712 -54.916239929166714 54.32780736049174 2.2138340825891709 14.971307000000001 155.81920600000004 -38.535031805586719 26.716522642575807 62.67587878309083 0.65060770830344428 23.043582000000004 136.47655500000002 151.55284145440373
decision_type=2 2 2 2 2 2 2 2 2 2 2 2 2 2
left_child=2 -2 -1 -4 -5 -6 7 9 11 10 -7 -9 -13 -10
right_child=1 -3 3 4 5 6 -8 8 13 -11 -12 12 -14 -15
leaf_value=0.00034728096986579271 0 1.4671773207255183e-05 0 0.0022928009940606786 -0.0087187257856801946 0.0040179222526284582 0.0072868008951282783 -0.0036010468157322505 -0.0027847965437093713 0.00040521009168620169 -0.00025076517452588362 0.014251031541720551 -0.01483441508836489 0.0069986046480019336
leaf_weight=1101 5440 1249 326314 368 770 298 530 945 1905 716 2360 683 162 174
leaf_count=1101 5440 1249 326314 368 770 298 530 945 1905 716 2360 683 162 174
internal_value=0.000337595 0.00696666 0.000205753 0.000174092 -0.00386489 -0.00484607 -0.00302071 -0.00420268 -0.00877746 0.00104327 -0.00328066 -0.000134078 0.0113136 -0.0162193
internal_weight=343015 6689 336326 335225 8911 8543 7773 7243 3869 3374 2658 1790 845 2079
internal_count=343015 6689 336326 335225 8911 8543 7773 7243 3869 3374 2658 1790 845 2079
is_linear=0
shrinkage=0.04


Tree=156
num_leaves=15
num_cat=0
split_feature=13 11 10 11 8 1 12 12 1 3 0 3 0 11
split_gain=164.088 298.095 645.29 62.5063 387.276 340.881 309.878 290.571 268.459 600.133 432.798 373.416 583.949 374.945
threshold=688.62798463473371 12.040837269746712 -16.755704773665553 22.553011914681559 0.047999665581840906 30.998389769160148 71.21200043151461 61.399981572182078 11.546063458947854 14.081276500000001 12.746536051502558 17.250080500000003 14.29807286355129 6.7710198262717451
decision_type=2 2 2 2 2 2 2 2 2 2 2 2 2 2
left_child=3 -2 -3 8 5 -5 7 -6 -1 10 -10 12 -11 -13
right_child=1 2 -4 4 6 -7 -8 -9 9 11 -12 13 -14 -15
leaf_value=0 0 -8.8242688653197848e-05 1.4084902278964975e-05 0.0014914024977378073 0.002696048082808739 -0.00086521869335028122 -5.0898576779289937e-05 -0.0022186535641562145 -0.0011729061324381874 0.0094220940782820135 -0.042153837118589915 -0.014770003345090453 -0.016923385082799287 0.0003733301160213162
leaf_weight=207623 4091 1303 1274 1636 183 554 97843 1431 1320 4082 803 923 729 19453
leaf_count=207623 4091 1303 1274 1636 183 554 97843 1431 1320 4082 803 923 729 19453
internal_value=0.000313126 0.00652669 0.0171828 0.000190029 -0.000638681 0.016 -0.00100506 -0.0183891 0.000548582 0.00427682 -0.016147 0.00599833 0.0160216 0.00363172
internal_weight=343248 6668 2577 336580 101647 2190 99457 1614 234933 27310 2123 25187 4811 20376
internal_count=343248 6668 2577 336580 101647 2190 99457 1614 234933 27310 2123 25187 4811 20376
is_linear=0
shrinkage=0.04


Tree=157
num_leaves=15
num_cat=0
split_feature=14 11 12 8 14 0 3 2 3 2 8 2 11 3
split_gain=185.045 895.973 66.6895 139.061 90.8513 135.353 103.095 85.9284 97.8011 80.5357 71.7123 230.791 183.399 172.812
threshold=0.23320872121670802 12.040837269746712 58.360197220196916 0.99998064362604899 0.20515559400079877 1.6608639437820572 22.049499000000001 52.544263500000007 38.25922700000001 51.375057000000005 0.22417738179240521 172.45245350000002 57.380906268793161 4.504458500000001
decision_type=2 2 2 2 2 2 2 2 2 2 2 2 2 2
left_child=2 -2 3 7 5 6 -5 8 9 -1 -4 12 13 -12
right_child=1 -3 10 4 -6 -7 -8 -9 -10 -11 11 -13 -14 -15
leaf_value=0 0 1.3521506187806377e-05 0 1.0252675263833534e-05 0.00030462188671480378 -0.0014707727966464016 0.00024722435861239969 -0.00075508093249836649 0.00062891888345632991 -0.00028362200594358317 -0.00043636743574142336 0.00065414622800853998 -0.0030303747079999809 -2.1495386179285758e-05
leaf_weight=3883 5449 1235 179533 902 1243 159 359 288 149 281 3124 2157 2438 141762
leaf_count=3883 5449 1235 179533 902 1243 159 359 288 149 281 3124 2157 2438 141762
internal_value=0.00031572 0.00690604 0.000184728 0.00397577 0.0112505 0.00433803 0.00872324 -0.000234732 0.00117783 3.84246e-05 0.000101029 -0.000546156 -0.000736336 -0.000553263
internal_weight=342962 6684 336278 7264 2663 1420 1261 4601 4313 4164 329014 149481 147324 144886
internal_count=342962 6684 336278 7264 2663 1420 1261 4601 4313 4164 329014 149481 147324 144886
is_linear=0
shrinkage=0.04


Tree=158
num_leaves=15
num_cat=0
split_feature=14 11 11 9 1 3 10 10 1 3 3 0 14 0
split_gain=189.984 907.127 62.8883 384.53 324.203 291.072 1174.92 308.236 353.357 718.247 345.189 345.444 489.364 296.724
threshold=0.23320872121670802 12.040837269746712 22.553011914681559 0.95853135188789462 31.370736846242366 23.794443500000003 -24.439978574350913 -21.779480710284652 28.371616803997181 26.141298500000005 28.770002000000002 6.4347153512787623 0.18742964826238592 19.505852710585295
decision_type=2 2 2 2 2 2 2 2 2 2 2 2 2 2
left_child=2 -2 -1 5 -5 6 -4 8 10 -10 11 12 -7 -8
right_child=1 -3 3 4 -6 7 13 -9 9 -11 -12 -13 -14 -15
leaf_value=0 0 1.2980645940294123e-05 -0.01003813360104573 0.0014023873980338515 -0.0012425842612301141 -8.0648516459283926e-05 -7.8735924649226744e-05 -0.00019078519347746334 -0.0090819610491818231 7.0932572953174018e-05 0.00015025661877534483 0.00074757624064128838 0.014166880955865801 -0.055054496521291435
leaf_weight=233554 5400 1240 3792 1427 256 800 34760 16671 1093 28955 8988 2676 2730 742
leaf_count=233554 5400 1240 3792 1427 256 800 34760 16671 1093 28955 8988 2676 2730 742
internal_value=0.000317823 0.00701807 0.000185588 -0.000638352 0.0183244 -0.000953689 -0.00364636 0.000755253 0.0024685 -4.52609e-05 0.00743978 0.0146955 0.0229122 -0.00138584
internal_weight=343084 6640 336444 102890 1683 101207 39294 61913 45242 30048 15194 6206 3530 35502
internal_count=343084 6640 336444 102890 1683 101207 39294 61913 45242 30048 15194 6206 3530 35502
is_linear=0
shrinkage=0.04


Tree=159
num_leaves=15
num_cat=0
split_feature=14 11 0 0 3 2 10 2 14 3 9 9 3 10
split_gain=186.339 906.334 64.9178 101.701 538.496 201.851 401.771 298.443 226.956 120.369 185.186 102.397 104.722 122.165
threshold=0.23320872121670802 12.040837269746712 32.017485212657178 18.149297761826571 20.574674500000004 110.75448600000001 -21.274315947241657 78.07985650000002 0.22065939340051219 23.980261500000001 0.1331064245228987 0.0024141399299112969 22.401631500000004 -19.449054709648681
decision_type=2 2 2 2 2 2 2 2 2 2 2 2 2 2
left_child=2 -2 3 -1 -5 7 8 -6 9 -7 -11 12 13 -8
right_child=1 -3 -4 4 5 6 11 -9 -10 10 -12 -13 -14 -15
leaf_value=0 0 1.2461420102682357e-05 0.0048913047957395333 -0.07191959231118103 -0.0034170779501927857 -0.072316874353797675 -0.018555243182175024 0.0019358013298754156 0.00094330942341946055 -0.005062634411993748 -0.0068694103766192343 0.00017179556567000493 0.042493577927803658 0.026648658896363555
leaf_weight=322732 5406 1234 1538 695 477 423 133 4677 896 1884 1712 716 547 104
leaf_count=322732 5406 1234 1538 695 477 423 133 4677 896 1884 1712 716 547 104
internal_value=0.000358302 0.00699398 0.000227377 0.000189734 -0.00338552 -0.00133114 -0.00606703 0.00456345 -0.0115972 -0.0156556 -0.0132814 0.0120533 0.0220408 -0.000168776
internal_weight=343174 6640 336534 334996 12264 11569 6415 5154 4915 4019 3596 1500 784 237
internal_count=343174 6640 336534 334996 12264 11569 6415 5154 4915 4019 3596 1500 784 237
is_linear=0
shrinkage=0.04


end of trees

feature_importances:
allocated_injection_m3d=440
pressure_bar=244
control_value=242
liquid_tpd=188
perm_md=176
oil_tpd=173
neighbor_pressure_bar=153
watercut=149
injection_minus_liquid=141
oil_fraction=124
completed_net_thickness_m=105
poro=96
target_lrat=9

parameters:
[boosting: gbdt]
[objective: regression_l1]
[metric: l1]
[tree_learner: serial]
[device_type: cpu]
[data_sample_strategy: bagging]
[data: ]
[valid: ]
[num_iterations: 160]
[learning_rate: 0.04]
[num_leaves: 15]
[num_threads: 1]
[seed: 20260831]
[deterministic: 1]
[force_col_wise: 1]
[force_row_wise: 0]
[histogram_pool_size: -1]
[max_depth: -1]
[min_data_in_leaf: 12]
[min_sum_hessian_in_leaf: 0.001]
[bagging_fraction: 0.9]
[pos_bagging_fraction: 1]
[neg_bagging_fraction: 1]
[bagging_freq: 1]
[bagging_seed: 14268]
[bagging_by_query: 0]
[feature_fraction: 0.9]
[feature_fraction_bynode: 1]
[feature_fraction_seed: 16877]
[extra_trees: 0]
[extra_seed: 18694]
[early_stopping_round: 0]
[early_stopping_min_delta: 0]
[first_metric_only: 0]
[max_delta_step: 0]
[lambda_l1: 0]
[lambda_l2: 0]
[linear_lambda: 0]
[min_gain_to_split: 0]
[drop_rate: 0.1]
[max_drop: 50]
[skip_drop: 0.5]
[xgboost_dart_mode: 0]
[uniform_drop: 0]
[drop_seed: 5741]
[top_rate: 0.2]
[other_rate: 0.1]
[min_data_per_group: 100]
[max_cat_threshold: 32]
[cat_l2: 10]
[cat_smooth: 10]
[max_cat_to_onehot: 4]
[top_k: 20]
[monotone_constraints: ]
[monotone_constraints_method: basic]
[monotone_penalty: 0]
[feature_contri: ]
[forcedsplits_filename: ]
[refit_decay_rate: 0.9]
[cegb_tradeoff: 1]
[cegb_penalty_split: 0]
[cegb_penalty_feature_lazy: ]
[cegb_penalty_feature_coupled: ]
[path_smooth: 0]
[interaction_constraints: ]
[verbosity: -1]
[saved_feature_importance_type: 0]
[use_quantized_grad: 0]
[num_grad_quant_bins: 4]
[quant_train_renew_leaf: 0]
[stochastic_rounding: 1]
[linear_tree: 0]
[max_bin: 255]
[max_bin_by_feature: ]
[min_data_in_bin: 3]
[bin_construct_sample_cnt: 200000]
[data_random_seed: 4795]
[is_enable_sparse: 1]
[enable_bundle: 1]
[use_missing: 1]
[zero_as_missing: 0]
[feature_pre_filter: 1]
[pre_partition: 0]
[two_round: 0]
[header: 0]
[label_column: ]
[weight_column: ]
[group_column: ]
[ignore_column: ]
[categorical_feature: ]
[forcedbins_filename: ]
[precise_float_parser: 0]
[parser_config_file: ]
[objective_seed: 5797]
[num_class: 1]
[is_unbalance: 0]
[scale_pos_weight: 1]
[sigmoid: 1]
[boost_from_average: 1]
[reg_sqrt: 0]
[alpha: 0.9]
[fair_c: 1]
[poisson_max_delta_step: 0.7]
[tweedie_variance_power: 1.5]
[lambdarank_truncation_level: 30]
[lambdarank_norm: 1]
[label_gain: ]
[lambdarank_position_bias_regularization: 0]
[eval_at: ]
[multi_error_top_k: 1]
[auc_mu_weights: ]
[num_machines: 1]
[local_listen_port: 12400]
[time_out: 120]
[machine_list_filename: ]
[machines: ]
[gpu_platform_id: -1]
[gpu_device_id: -1]
[gpu_use_dp: 0]
[num_gpu: 1]

end of parameters

pandas_categorical:null
