tree
version=v4
num_class=1
num_tree_per_iteration=1
label_index=0
max_feature_idx=15
objective=regression_l1
feature_names=oil_tpd liquid_tpd pressure_bar control_value target_orat target_lrat target_wrat status oil_fraction watercut injection_minus_liquid allocated_injection_m3d neighbor_pressure_bar perm_md poro completed_net_thickness_m
feature_infos=[0:43.288179497573005] [0:66.54612115517422] [0:285.438782] [0:415.8689] none [0:1] [0:1] [0:1] [0:1] [0:1] [-66.54612115517422:415.8689] [0:107.26061067246896] [0:228.87320903747411] [212.71655300490687:738.00869701563943] [0.15975654196058092:0.23766614019099039] [0.63501341750003348:13.268681986250044]
tree_sizes=1526 1543 1558 1543 1558 1545 1547 1544 1556 1545 1541 1551 1567 1562 1565 1561 1564 1567 1559 1569 1567 1579 1570 1567 1565 1565 1564 1573 1566 1574 1570 1570 1581 1573 1567 1567 1571 1579 1565 1570 1571 1571 1571 1563 1564 1560 1561 1568 1558 1562 1576 1566 1570 1558 1564 1583 1574 1553 1558 1563 1576 1583 1564 1565 1569 1564 1580 1579 1574 1562 1576 1562 1547 1570 1572 1563 1552 1561 1580 1578 1541 1587 1584 1564 1570 1570 1573 1586 1571 1570 1582 1588 1580 1586 1579 1563 1575 1585 1578 1560 1579 1573 1558 1579 1577 1591 1574 1579 1576 1568 1569 1572 1570 1559 1573 1557 1576 1566 1568 1567 1588 1552 1554 1566 1556 1560 1570 1581 1561 1567 1561 1566 1574 1570 1563 1596 1559 1528 1569 1558 1562 1566 1558 1573 1567 1564 1562 1574 1541 1564 1542 1540 1555 1544 1548 1563 1559 1545 1544 1526

Tree=0
num_leaves=15
num_cat=0
split_feature=2 10 12 11 1 2 10 13 2 10 3 2 13 3
split_gain=165005 11561.6 2559.24 2497.69 2082.14 1851.53 1324.06 1245.58 871.94 1520.8 1106.89 672.833 672.476 597.453
threshold=89.964153500000023 127.09990850000001 137.38428851606275 7.7846779265150312 18.156748334690352 204.49209600000003 1.0000000180025095e-35 282.46392299658419 211.76792150000003 40.243549000000009 40.573976500000008 71.140041500000009 402.25465539318549 51.194679000000001
decision_type=2 2 2 2 2 2 2 2 2 2 2 2 2 2
left_child=3 2 4 6 -2 -3 -1 -4 9 10 -9 -5 -13 -6
right_child=1 5 7 11 13 -7 -8 8 -10 -11 -12 12 -14 -15
leaf_value=-0.76361927986145017 -0.62149807691574099 -0.72824147224426272 -0.56357201576232907 -0.68278093338012691 -0.61736940950155261 -0.61049673780798908 0.68563646316528315 -0.59448987483978266 -0.50226129531860353 -0.62604145705699921 -0.60889351397752767 -0.64896918177604679 -0.65457441091537472 -0.6184340356290341
leaf_weight=100399 57560 9915 22159 16045 20597 834 413 56347 10635 5220 15766 6340 11305 9580
leaf_count=100399 57560 9915 22159 16045 20597 834 413 56347 10635 5220 15766 6340 11305 9580
internal_value=-0.640803 -0.61853 -0.616335 -0.675349 -0.621432 -0.658931 -0.6785 -0.612275 -0.61441 -0.615887 -0.614377 -0.66592 -0.660529 -0.612921
internal_weight=343115 208613 197864 134502 87737 10749 100812 110127 87968 77333 72113 33690 17645 30177
internal_count=343115 208613 197864 134502 87737 10749 100812 110127 87968 77333 72113 33690 17645 30177
is_linear=0
shrinkage=1


Tree=1
num_leaves=15
num_cat=0
split_feature=2 10 2 2 10 2 15 2 15 1 0 1 13 11
split_gain=158221 10854.3 2851.91 2170.55 3690.89 2136.56 1923.04 1755.61 851.999 787.324 765.168 758.573 883.567 716.392
threshold=87.207245000000015 127.09990850000001 97.876808000000011 198.43566150000001 91.871651500000013 56.962776000000012 8.4516063852500043 202.80551900000003 6.3215550291249807 26.495748676158524 4.3384031916130548 9.7773247893169284 282.46392299658419 0.85220505875266883
decision_type=2 2 2 2 2 2 2 2 2 2 2 2 2 2
left_child=5 2 10 4 6 -1 8 -3 11 -10 -2 -4 -13 -12
right_child=1 7 3 -5 -6 -7 -8 -9 9 -11 13 12 -14 -15
leaf_value=-0.11788013076782226 -0.0069820797920227039 -0.084898814010620105 0.053264063453674314 0.12100279293060304 -0.040880884850025175 -0.019805125522613529 0.026697165977954868 0.029142998933792113 0.018358005976676941 0.025432014924287798 -0.025969430112838747 0.061310723876953119 0.028503678047657015 0.0035770144462585439
leaf_weight=88099 1623 9905 41227 25328 4578 42121 21501 844 26471 14993 1280 8631 47666 8987
leaf_count=88099 1623 9905 41227 25328 4578 42121 21501 844 26471 14993 1280 8631 47666 8987
internal_value=9.22932e-05 0.0213247 0.023406 0.0245929 0.0229199 -0.0346429 0.0239301 -0.0178435 0.022208 0.017405 0.00440034 0.02425 0.0272689 0.00843479
internal_weight=343254 213034 202285 190395 165067 130220 160489 10749 138988 41464 11890 97524 56297 10267
internal_count=343254 213034 202285 190395 165067 130220 160489 10749 138988 41464 11890 97524 56297 10267
is_linear=0
shrinkage=0.04


Tree=2
num_leaves=15
num_cat=0
split_feature=2 10 12 2 10 2 2 10 3 13 2 3 10 15
split_gain=152676 10254.1 3403.03 2639.48 1813.06 1700.26 1362.39 2148.24 1094.95 887.057 771.067 697.977 1244.99 2532.9
threshold=87.207245000000015 127.09990850000001 133.42308358628728 66.550567500000014 -18.646154666780593 204.49209600000003 206.61810300000002 96.480689000000012 54.661688000000005 319.16334368527947 97.876808000000011 1.0000000180025095e-35 -1.0000000180025095e-35 1.9769870124999758
decision_type=2 2 2 2 2 2 2 2 2 2 2 2 2 2
left_child=3 2 4 11 -2 -3 7 8 9 -4 -6 -1 -13 -14
right_child=1 5 6 -5 10 -7 -8 -9 -10 -11 -12 12 13 -15
leaf_value=-0.11316492553710937 0.019373207455396654 -0.081045960853576668 0.060971909671783439 -0.013342918231964113 0.00059866699218749989 0.027993526159524915 0.12467918454742431 -0.032881221329212187 0.027936432981014253 0.032266811303138736 0.019194339597225191 -0.047565956077575688 -0.14180791946411134 3.236741910018921
leaf_weight=61096 16925 9920 27846 29755 10492 807 18957 2933 15619 67279 41834 36364 1793 1111
leaf_count=61096 16925 9920 27846 29755 10492 807 18957 2933 15619 67279 41834 36364 1793 1111
internal_value=-9.72191e-05 0.0207883 0.0228132 -0.0342237 0.0156261 -0.0173208 0.0265657 0.0249102 0.0258051 0.0241934 0.0119451 -0.0373257 -0.0331649 -0.00796143
internal_weight=342731 212612 201885 130119 69251 10727 132634 113677 110744 95125 52326 100364 39268 2904
internal_count=342731 212612 201885 130119 69251 10727 132634 113677 110744 95125 52326 100364 39268 2904
is_linear=0
shrinkage=0.04


Tree=3
num_leaves=15
num_cat=0
split_feature=2 10 12 2 2 1 2 10 3 13 9 11 15 10
split_gain=148802 9539.07 3323.98 3005.26 1730.12 1696.5 1338.16 1805.72 1121.59 980.829 687.95 774.026 676.966 675.059
threshold=87.207245000000015 127.09990850000001 133.42308358628728 65.538776500000012 202.80551900000003 18.592698207782497 208.65538000000001 96.480689000000012 54.661688000000005 319.16334368527947 0.00023079978999124287 0.85220505875266883 12.747526084999977 1.0000000180025095e-35
decision_type=2 2 2 2 2 2 2 2 2 2 2 2 2 2
left_child=3 2 5 13 -3 10 7 8 9 -4 11 -2 -12 -1
right_child=1 4 6 -5 -6 -7 -8 -9 -10 -11 12 -13 -14 -15
leaf_value=-0.10863832851562501 -0.038684734552001956 -0.077664628477172856 0.059102996072540284 -0.013215422224884038 0.026873785113143922 0.018604516187210086 0.12222722491394043 -0.017135133104362484 0.026861512963552478 0.030945089778270724 0.015485891171455385 0.0055610674922466317 -0.0059496651397705083 3.9588088830551147
leaf_weight=99178 1464 9904 28236 30915 875 17021 17885 3236 15796 67396 42976 7028 918 180
leaf_count=99178 1464 9904 28236 30915 875 17021 17885 3236 15796 67396 42976 7028 918 180
internal_value=-0.000337018 0.0202797 0.0222365 -0.034004 -0.0163837 0.0151449 0.02595 0.0243627 0.0252181 0.0235871 0.0115802 0.00115874 0.0135964 -0.0373929
internal_weight=343008 212735 201956 130273 10779 69407 132549 114664 111428 95632 52386 8492 43894 99358
internal_count=343008 212735 201956 130273 10779 69407 132549 114664 111428 95632 52386 8492 43894 99358
is_linear=0
shrinkage=0.04


Tree=4
num_leaves=15
num_cat=0
split_feature=2 10 12 2 2 10 3 2 15 15 15 9 3 10
split_gain=143682 8851.34 3416.68 3305.86 2048.99 2859.62 1989.84 1636.04 1168.54 964.497 800.881 777.846 772.228 1030.37
threshold=87.207245000000015 127.09990850000001 113.1886515423743 65.538776500000012 198.43566150000001 85.982370500000016 54.661688000000005 202.80551900000003 5.108791732625023 8.4516063852500043 11.201103675124985 0.094392850088668614 1.0000000180025095e-35 -1.0000000180025095e-35
decision_type=2 2 2 2 2 2 2 2 2 2 2 2 2 2
left_child=3 2 11 12 5 6 8 -3 -4 -10 -5 -2 -1 -14
right_child=1 7 4 10 -6 -7 -8 -9 9 -11 -12 -13 13 -15
leaf_value=-0.10429279537500001 -0.0015516048906993873 -0.074556598521496584 0.045854900613322071 -0.014019202796826176 0.10810568834694481 -0.034985972959364321 0.02363178578455849 0.025648128877733233 0.018366199967526635 0.025869153539148714 7.7362834472349817e-07 0.007950188660297397 -0.041460163500915533 -0.11108018680871583
leaf_weight=61101 6917 9861 60214 28498 24448 4283 19619 854 63909 8846 2383 13862 35294 2906
leaf_count=61101 6917 9861 60214 28498 24448 4283 19619 854 63909 8846 2383 13862 35294 2906
internal_value=-0.000555227 0.0196933 0.0215717 -0.0336563 0.0233324 0.0216537 0.0225585 -0.015735 0.0208039 0.0173926 -0.022226 0.00620819 -0.0372109 -0.0327497
internal_weight=342995 212813 202098 130182 181319 156871 152588 10715 132969 72755 30881 20779 99301 38200
internal_count=342995 212813 202098 130182 181319 156871 152588 10715 132969 72755 30881 20779 99301 38200
is_linear=0
shrinkage=0.04


Tree=5
num_leaves=15
num_cat=0
split_feature=2 10 2 12 1 2 13 2 15 0 3 10 15 15
split_gain=139486 8306.06 3513.52 3441.8 2225.69 1620.65 1426.15 1083.27 980.24 955.609 868.544 1031.96 2280.67 735.008
threshold=87.207245000000015 127.09990850000001 66.550567500000014 139.77840573060385 27.115465873415214 202.80551900000003 282.46392299658419 96.594673500000013 3.7507811581250086 5.9574144846936354 1.0000000180025095e-35 -1.0000000180025095e-35 1.9769870124999758 6.347161581125051
decision_type=2 2 2 2 2 2 2 2 2 2 2 2 2 2
left_child=2 3 10 4 7 -3 -5 -2 -8 -10 -1 -12 -13 -9
right_child=1 5 -4 6 -6 -7 8 13 9 -11 11 12 -14 -15
leaf_value=-0.10012108356 0.00031602907616958833 -0.07178541131708692 -0.011675747211656007 0.06453062663149739 0.019659117629548108 0.024721929892925338 0.095220450102089904 0.022064297571512043 0.036265757196565662 0.028285640414615669 -0.039677111727724618 -0.1273249847837549 3.1657557984498879 0.011414399191505709
leaf_weight=60900 10598 9795 29732 21357 18746 866 16808 49691 37603 21253 36297 1783 1099 26052
leaf_count=60900 10598 9795 29732 21357 18746 866 16808 49691 37603 21253 36297 1783 1099 26052
internal_value=-0.000747271 0.0191891 -0.0334243 0.0210042 0.0159887 -0.0152218 0.0264368 0.0132762 0.0238602 0.0214272 -0.0370112 -0.0323653 -0.00932686 0.0149521
internal_weight=342580 212769 129811 202108 105087 10661 97021 86341 75664 58856 100079 39179 2882 75743
internal_count=342580 212769 129811 202108 105087 10661 97021 86341 75664 58856 100079 39179 2882 75743
is_linear=0
shrinkage=0.04


Tree=6
num_leaves=15
num_cat=0
split_feature=2 10 2 12 1 2 13 15 15 2 0 3 10 15
split_gain=135795 7809.01 3924.09 3320.46 2076.18 1523.5 1482.24 1037.33 1014.06 1003.14 963.659 888.509 975.745 2237.05
threshold=87.207245000000015 127.09990850000001 66.550567500000014 139.09198850989699 26.495748676158524 204.49209600000003 282.46392299658419 11.201103675124985 3.7507811581250086 97.876808000000011 5.83049915862797 1.0000000180025095e-35 -1.0000000180025095e-35 1.9769870124999758
decision_type=2 2 2 2 2 2 2 2 2 2 2 2 2 2
left_child=2 3 11 4 9 -3 -5 -4 -8 -2 -10 -1 -13 -14
right_child=1 5 7 6 -6 -7 8 -9 10 -11 -12 12 13 -15
leaf_value=-0.096116240217600013 0.00041731869141221624 -0.06891369922536536 -0.012524869418984445 0.06208960599586396 0.018545232326424022 0.02380682715418617 0.090993665695787457 0.00044838914119621709 0.034158135388765207 0.017158594165142357 0.026509938692953483 -0.038089955733041907 -0.122232643427683 3.0143260670001735
leaf_weight=61155 11506 9880 27428 21667 18375 839 17004 2341 38896 71329 23350 36326 1810 1108
leaf_count=61155 11506 9880 27428 21667 18375 839 17004 2341 38896 71329 23350 36326 1810 1108
internal_value=-0.00102083 0.018661 -0.0332039 0.0204254 0.015306 -0.0146096 0.0255596 -0.0204495 0.0230249 0.0126077 0.02066 -0.0369856 -0.0322882 -0.0100343
internal_weight=343014 212846 130168 202127 101210 10719 100917 29769 79250 82835 62246 100399 39244 2918
internal_count=343014 212846 130168 202127 101210 10719 100917 29769 79250 82835 62246 100399 39244 2918
is_linear=0
shrinkage=0.04


Tree=7
num_leaves=15
num_cat=0
split_feature=2 10 2 12 2 10 3 2 15 15 12 9 15 0
split_gain=131754 7326.25 3784.71 3641.33 1827.93 2587.04 1807.81 1459.42 1311.53 1035.98 1076.44 917.99 891.089 823.891
threshold=86.320206000000013 127.09990850000001 56.3585165 119.83687716953487 196.89287600000003 85.982370500000016 54.661688000000005 204.49209600000003 5.108791732625023 11.720497890624971 67.149210481222653 0.094392850088668614 8.4516063852500043 6.8886049690971491
decision_type=2 2 2 2 2 2 2 2 2 2 2 2 2 2
left_child=2 3 -1 11 5 6 8 -3 -5 10 -4 -2 -10 -13
right_child=1 7 9 4 -6 -7 -8 -9 12 -11 -12 13 -14 -15
leaf_value=-0.092271590608896017 -0.0012928465718302351 -0.066505881343631015 -0.028604763749905518 0.041150784462785993 0.098555809429124772 -0.036113138830401514 0.021276741488517853 0.022890615176131054 0.017063677872010609 0.00034697131007595418 -0.015892206074567598 0.0052833487053043785 0.024306123714012633 0.0090039808593482262
leaf_weight=86860 9768 9899 7865 57327 25212 3942 18509 821 60425 2118 32049 13103 8342 6808
leaf_count=86860 9768 9899 7865 57327 25212 3942 18509 821 60425 2118 32049 13103 8342 6808
internal_value=-0.00127073 0.0179607 -0.0332241 0.0196591 0.0218708 0.0201806 0.0210521 -0.0142687 0.0193386 -0.0233708 -0.0248174 0.00671047 0.0156139 0.0116378
internal_weight=343048 214156 128892 203436 173757 148545 144603 10720 126094 42032 39914 29679 68767 19911
internal_count=343048 214156 128892 203436 173757 148545 144603 10720 126094 42032 39914 29679 68767 19911
is_linear=0
shrinkage=0.04


Tree=8
num_leaves=15
num_cat=0
split_feature=2 10 2 2 2 2 15 14 11 1 15 11 0 14
split_gain=128332 6812.33 3787.16 3752.08 3474.5 2092.08 2056.17 1063.35 844.943 1068.29 844.014 869.95 725.575 712.704
threshold=85.735576500000022 96.480689000000012 200.06372850000002 56.962776000000012 99.035496000000009 189.89164000000002 8.4516063852500043 0.18278494736013726 37.815746159902396 9.6163453770829062 9.8967739006249946 2.6058107772596188 4.3384031916130548 0.19726957747197196
decision_type=2 2 2 2 2 2 2 2 2 2 2 2 2 2
left_child=3 4 -3 -1 12 6 7 8 9 -6 11 -5 -2 -13
right_child=1 2 -4 10 5 -7 -8 -9 -10 -11 -12 13 -14 -15
leaf_value=-0.08858072698454017 -0.0077941403734746208 -0.055477039522502956 0.018299903007852333 -0.049013827327411733 0.021067450471813881 0.10709435237173938 0.020361743982807289 0.019706085688532295 0.020905996623763308 0.0425427517605746 -0.00042349790869061098 -0.011245791188976249 0.0011966690968118422 -0.015463230220577199
leaf_weight=88135 2213 14080 5483 7943 8251 25167 21324 107320 4353 13925 2855 11556 12960 17665
leaf_count=88135 2213 14080 5483 7943 8251 25167 21324 107320 4353 13925 2855 11556 12960 17665
internal_value=-0.00151735 0.0173628 -0.00514236 -0.0332032 0.0196147 0.0211614 0.0194263 0.0175885 0.0247593 0.0279221 -0.0230461 -0.0246561 0.00123113 -0.0214654
internal_weight=343230 215076 19563 128154 195513 180340 155173 133849 26529 22176 40019 37164 15173 29221
internal_count=343230 215076 19563 128154 195513 180340 155173 133849 26529 22176 40019 37164 15173 29221
is_linear=0
shrinkage=0.04


Tree=9
num_leaves=15
num_cat=0
split_feature=2 10 12 11 12 10 13 15 2 2 3 15 10 10
split_gain=124129 6035.24 5557.27 3104.77 2007.35 1693.91 1609 1393.31 1317.61 1110.5 1013.09 1012.48 1007.22 953.562
threshold=83.502674500000012 127.09990850000001 117.63822612749688 6.1185970615374172 148.36682091592232 -29.467306571060409 642.89807683317133 12.200141976749977 206.61810300000002 91.000770500000016 13.216267000000002 0.91381273125000473 1.0000000180025095e-35 38.642042000000011
decision_type=2 2 2 2 2 2 2 2 2 2 2 2 2 2
left_child=3 2 6 12 5 -4 9 11 -3 -2 -5 -7 -1 -6
right_child=1 8 4 10 13 7 -8 -9 -10 -11 -12 -13 -14 -15
leaf_value=-0.085037497905158563 -0.0021659891351957783 -0.060229889399122369 0.021194551620852514 -0.01333789770326717 0.064622528095498261 0.082709910549921342 0.0094510966300060065 -0.05722956563362265 0.02124168284856344 0.0041809145720760636 -0.023807679058555513 0.017202055407846095 1.2493959416183231 0.015432207966925437
leaf_weight=91276 11920 9916 22960 8617 49072 2801 2519 2396 791 19726 22290 92147 342 6276
leaf_count=91276 11920 9916 22960 8617 49072 2801 2519 2396 791 19726 22290 92147 342 6276
internal_value=-0.00166145 0.0162736 0.0177684 -0.0339415 0.0206394 0.0177391 0.00300776 0.0154339 -0.0130195 0.00055868 -0.0229786 0.0161941 -0.0376398 0.0269437
internal_weight=343049 220524 209817 122525 175652 120304 34165 97344 10707 31646 30907 94948 91618 55348
internal_count=343049 220524 209817 122525 175652 120304 34165 97344 10707 31646 30907 94948 91618 55348
is_linear=0
shrinkage=0.04


Tree=10
num_leaves=15
num_cat=0
split_feature=2 10 12 2 12 1 15 8 15 10 2 14 1 3
split_gain=119354 5632.42 5194.72 3476.66 1972.26 1674.71 1499.51 1106.87 1048.02 994.17 852.805 834.281 826.409 768.403
threshold=83.502674500000012 132.86413000000002 117.63822612749688 56.3585165 148.08270852341909 29.430816121047446 12.200141976749977 0.90639726745190252 0.91381273125000473 40.243549000000009 78.225910500000012 0.18791882470639382 21.781891826538736 5.1392465000000014
decision_type=2 2 2 2 2 2 2 2 2 2 2 2 2 2
left_child=3 2 7 -1 5 6 8 12 -4 -6 13 -3 -2 -5
right_child=1 11 4 10 9 -7 -8 -9 -10 -11 -12 -13 -14 -15
leaf_value=-0.081635997988952241 0.0021713492211210372 0.019920246857386251 0.078452454747246783 -0.0088731693699045482 0.061435130497717483 0.020176447995637715 -0.056107609197641198 -0.0024536785230880299 0.01639222588366776 0.013858129707509744 -0.0048067999176123165 -0.064319059225379144 0.012355831921967479 -0.025049118093480108
leaf_weight=86969 19442 807 2756 3352 50178 22870 2717 12998 91856 6419 7845 8779 1850 24380
leaf_count=86969 19442 807 2756 3352 50178 22870 2717 12998 91856 6419 7845 8779 1850 24380
internal_value=-0.00177753 0.0158005 0.0171623 -0.0334307 0.0199258 0.0170268 0.0147381 0.00291397 0.0155794 0.0260827 -0.0228968 -0.0141874 0.00852902 -0.0261907
internal_weight=343218 220672 211086 122546 176796 120199 97329 34290 94612 56597 35577 9586 21292 27732
internal_count=343218 220672 211086 122546 176796 120199 97329 34290 94612 56597 35577 9586 21292 27732
is_linear=0
shrinkage=0.04


Tree=11
num_leaves=15
num_cat=0
split_feature=2 2 10 2 11 2 15 15 3 3 13 10 13 15
split_gain=115447 5367.33 6390.46 3904.45 3126.04 2213.06 2043.04 1269.44 1049.39 868.777 831.546 718.614 852.537 743.345
threshold=81.384590000000017 97.876808000000011 79.55300800000002 198.43566150000001 6.1185970615374172 189.89164000000002 8.4516063852500043 5.108791732625023 10.235468500000001 62.692968500000013 642.89807683317133 -9.1319804521789063 282.46392299658419 4.5473574915000095
decision_type=2 2 2 2 2 2 2 2 2 2 2 2 2 2
left_child=4 10 5 -4 9 6 7 11 -6 -1 -2 12 -3 -14
right_child=1 2 3 -5 8 -7 -8 -9 -10 -11 -12 -13 13 -15
leaf_value=-0.078370558069394136 -0.0014875306814427481 0.039016231026278332 -0.041095268604583082 0.016872856927735849 -0.011351852392562397 0.10178911279775527 0.017687262898585954 0.012536688785657666 -0.023594711232924795 0.0011898534496366064 0.005077387788252956 0.038406853259249502 0.033792564992983304 0.018744164958925662
leaf_weight=89758 22017 8846 15727 6904 7131 23766 21508 70568 21187 759 1069 27839 9218 16355
leaf_count=89758 22017 8846 15727 6904 7131 23766 21508 70568 21187 759 1069 27839 9218 16355
internal_value=-0.00201067 0.0149074 0.017008 -0.00301357 -0.0338745 0.0195522 0.0178024 0.0159505 -0.0222756 -0.0375032 -0.00335788 0.0201137 0.0239786 0.0202761
internal_weight=342652 223817 200731 22631 118835 178100 154334 132826 28318 90517 23086 62258 34419 25573
internal_count=342652 223817 200731 22631 118835 178100 154334 132826 28318 90517 23086 62258 34419 25573
is_linear=0
shrinkage=0.04


Tree=12
num_leaves=15
num_cat=0
split_feature=2 12 10 7 13 2 13 13 12 14 12 15 13 8
split_gain=111922 6000.69 4916.93 3158.85 2752.13 2123.2 1623.47 1585.5 1398.69 1314.48 1119.92 1006.18 865.039 1077.97
threshold=80.686260500000017 118.74337070827598 96.480689000000012 1.0000000180025095e-35 487.55222243242525 189.89164000000002 583.60789811233519 642.89807683317133 70.362205071330052 0.19726957747197196 147.55868879437136 8.4516063852500043 254.05081887727795 0.95244537674716401
decision_type=2 2 2 2 2 2 2 2 2 2 2 2 2 2
left_child=3 7 5 -1 -4 6 10 9 -5 -2 11 -3 -11 -14
right_child=1 2 4 8 -6 -7 -8 -9 -10 12 -12 -13 13 -15
leaf_value=-0.075235735746618376 0.005518656917774041 0.014382645449235239 0.014771378329768315 -0.020693827951196005 -0.049833502271238284 0.093996792380726862 0.020595027733411281 0.0079429686460188529 -0.017839375549187169 -0.060914825894895504 0.037777777054834878 0.016289206471536439 0.00014882868049004739 -0.0075379570060564128
leaf_weight=61084 14551 86710 5499 29653 11164 24054 7690 2694 27196 1252 35893 12342 15802 7264
leaf_count=61084 14551 86710 5499 29653 11164 24054 7690 2694 27196 1252 35893 12342 15802 7264
internal_value=-0.00212292 0.0144262 0.017537 -0.0336845 -0.0031807 0.019608 0.0177541 0.00070351 -0.0268986 -0.00135326 0.0167354 0.0145419 -0.00704334 -0.0052857
internal_weight=342848 224915 183352 117933 16663 166689 142635 41563 56849 38869 134945 99052 24318 23066
internal_count=342848 224915 183352 117933 16663 166689 142635 41563 56849 38869 134945 99052 24318 23066
is_linear=0
shrinkage=0.04


Tree=13
num_leaves=15
num_cat=0
split_feature=2 12 10 11 15 2 15 15 9 3 3 10 11 2
split_gain=109024 6947.77 4585.15 2684.89 2607.38 2110.51 1315.35 1699.11 1137.63 1018.14 957.219 770.254 702.09 676.763
threshold=77.510185000000021 118.74337070827598 96.480689000000012 5.9311997703307258 6.532326244750025 208.65538000000001 8.4516063852500043 5.0983766455000117 0.00014639291186269168 10.235468500000001 84.907116000000016 1.0000000180025095e-35 0.85220505875266883 97.876808000000011
decision_type=2 2 2 2 2 2 2 2 2 2 2 2 2 2
left_child=3 8 5 11 -4 6 7 -3 12 -5 13 -1 -2 -10
right_child=1 2 4 9 -6 -7 -8 -9 10 -11 -12 -13 -14 -15
leaf_value=-0.072226306316753627 -0.0485845319851285 0.0339874151387103 0.014084827083470693 -0.012060403736374337 -0.048391400240386309 0.10195593591521089 0.017882140545181016 0.013512425680743725 6.6591216443967482e-06 -0.024516506578079009 -0.011164987034631167 2.5941711669850487 -0.0022902274479566654 0.0090670197488225985
leaf_weight=88337 2596 62459 5572 6730 11170 14603 18618 71266 14324 18152 4809 251 9619 14492
leaf_count=88337 2596 62459 5572 6730 11170 14603 18618 71266 14324 18152 4809 251 9619 14492
internal_value=-0.00228643 0.0135698 0.0170463 -0.0343604 -0.00291005 0.0190476 0.0176552 0.0162683 -0.000361257 -0.0227506 0.00343673 -0.0376213 -0.0108162 0.00619378
internal_weight=342998 229528 183688 113470 16742 166946 152343 133725 45840 24882 33625 88588 12215 28816
internal_count=342998 229528 183688 113470 16742 166946 152343 133725 45840 24882 33625 88588 12215 28816
is_linear=0
shrinkage=0.04


Tree=14
num_leaves=15
num_cat=0
split_feature=2 12 10 3 2 2 13 12 13 14 12 15 13 8
split_gain=105013 6388.51 4359 3059.86 2622.89 2095.95 1673.48 1310.44 1143.6 1194.95 1119.08 1024.12 886.17 1007.03
threshold=77.510185000000021 118.74337070827598 79.55300800000002 1.0000000180025095e-35 200.06372850000002 188.60717800000003 583.60789811233519 70.362205071330052 642.89807683317133 0.19726957747197196 147.55868879437136 8.4516063852500043 254.05081887727795 0.9975460994532116
decision_type=2 2 2 2 2 2 2 2 2 2 2 2 2 2
left_child=3 8 5 -1 -4 6 10 -5 9 -2 11 -3 -11 -14
right_child=1 2 4 7 -6 -7 -8 -9 -10 12 -12 -13 13 -15
leaf_value=-0.069337254064083489 0.0051591824691742706 0.013341688345030484 -0.033727833404060555 -0.017246769360873531 0.013679752537459384 0.090052608554843108 0.019017335415984906 -0.01760047998618831 0.0059887953931545427 -0.060667045527662514 0.034855554400682866 0.015287869822898764 -1.6845765464563732e-05 -0.0070471320226735395
leaf_weight=60947 15731 85342 12747 28538 6450 23523 7640 23986 3039 1280 35443 12220 17868 8036
leaf_count=60947 15731 85342 12747 28538 6450 23523 7640 23986 3039 1280 35443 12220 17868 8036
internal_value=-0.00242878 0.0131448 0.0164871 -0.0339022 -0.00154816 0.0185961 0.0167477 -0.0268266 -0.000191496 -0.00187067 0.015702 0.0134905 -0.0069482 -0.0053428
internal_weight=342790 229319 183365 113471 19197 164168 140645 52524 45954 42915 133005 97562 27184 25904
internal_count=342790 229319 183365 113471 19197 164168 140645 52524 45954 42915 133005 97562 27184 25904
is_linear=0
shrinkage=0.04


Tree=15
num_leaves=15
num_cat=0
split_feature=2 12 3 11 12 15 1 2 13 15 15 14 14 3
split_gain=102773 6521.11 3909.08 2853.08 2060.97 1875.8 1582.47 1112.18 1094.46 1104.68 1032 999.88 1104.81 919.468
threshold=76.161197500000014 118.74337070827598 126.30831750000002 5.5854083315701963 157.58892898801176 0.91381273125000473 29.950397875802476 200.06372850000002 715.51569672958851 11.201103675124985 12.200141976749977 0.19726957747197196 0.20542494954399876 10.235468500000001
decision_type=2 2 2 2 2 2 2 2 2 2 2 2 2 2
left_child=3 8 4 -1 5 -3 10 -4 9 11 -7 -2 -13 -5
right_child=1 2 7 13 -6 6 -8 -9 -10 -11 -12 12 -14 -15
leaf_value=-0.066563763901520162 0.002646473563692664 0.077001940400867094 -0.045397515866227096 -0.012861732601481206 0.064801129533581359 0.014871744428227279 0.017213566132848496 0.01754046572130457 0.011946198870902478 0.0024425529838855331 -0.049253530612006768 -0.0091560172766866864 -0.00071231213570516877 -0.023166018437834977
leaf_weight=87366 15952 4955 8015 6749 29250 111836 25729 928 1327 5840 2523 10181 14729 17395
leaf_count=87366 15952 4955 8015 6749 29250 111836 25729 928 1327 5840 2523 10181 14729 17395
internal_value=-0.00267312 0.0125357 0.0159746 -0.0342154 0.017298 0.0153447 0.0144892 -0.00981773 -0.000583814 -0.00160164 0.0124727 -0.00392737 -0.00893456 -0.0220444
internal_weight=342775 231265 183236 111510 174293 145043 140088 8943 48029 46702 114359 40862 24910 24144
internal_count=342775 231265 183236 111510 174293 145043 140088 8943 48029 46702 114359 40862 24910 24144
is_linear=0
shrinkage=0.04


Tree=16
num_leaves=15
num_cat=0
split_feature=2 12 10 11 2 2 13 12 8 13 11 10 11 15
split_gain=99621.1 6971.04 4009.49 2598.06 2248.16 2167.31 1694.92 1238.31 1172.88 1123.17 946.669 1331.44 880.859 868.038
threshold=73.058861000000022 117.63822612749688 85.982370500000016 5.3621612957408278 188.60717800000003 200.06372850000002 583.60789811233519 147.27744063274844 0.9998562812638897 228.57383096747418 4.623868765107221 -21.861963945307043 1.0000000180025095e-35 8.4516063852500043
decision_type=2 2 2 2 2 2 2 2 2 2 2 2 2 2
left_child=3 8 4 -1 6 -4 7 13 9 -2 12 -12 -11 -3
right_child=1 2 5 -5 -6 -7 -8 -9 -10 10 11 -13 -14 -15
leaf_value=-0.063901213345459354 -0.037274003082613076 0.011703359798503371 -0.036820945331143148 -0.02084991427563896 0.083126408153957387 0.011993481578891671 0.017613420081148759 0.032306024160308651 -0.0058417751470127444 0.018114487040611988 0.010166442821609485 -0.001200240328858524 0.0032771026504192168 0.013857519350150576
leaf_weight=85888 1521 85733 12196 22102 23761 6329 7661 36308 15871 9841 1989 18407 2890 12302
leaf_count=85888 1521 85733 12196 22102 23761 6329 7661 36308 15871 9841 1989 18407 2890 12302
internal_value=-0.00277025 0.0118532 0.0154617 -0.0345669 0.0174341 -0.00218731 0.0155286 0.014485 -0.0013104 0.00281459 0.00435777 -0.000984507 0.0129165 0.0121479
internal_weight=342799 234809 184290 107990 165765 18525 142004 134343 50519 34648 33127 20396 12731 98035
internal_count=342799 234809 184290 107990 165765 18525 142004 134343 50519 34648 33127 20396 12731 98035
is_linear=0
shrinkage=0.04


Tree=17
num_leaves=15
num_cat=0
split_feature=2 12 10 3 2 13 13 12 12 2 13 14 15 11
split_gain=96253 6519.27 3705.18 3019.54 2156.85 2091.09 1667.4 1367.42 1133.9 1060.98 1137.75 1067 867.536 1069.97
threshold=73.058861000000022 118.74337070827598 79.55300800000002 1.0000000180025095e-35 188.60717800000003 487.55222243242525 583.60789811233519 70.362205071330052 154.02885455929604 89.056866000000014 228.57383096747418 0.21021760849986634 8.4516063852500043 25.898064754990823
decision_type=2 2 2 2 2 2 2 2 2 2 2 2 2 2
left_child=3 9 4 -1 6 -4 8 -5 12 11 -11 -2 13 -3
right_child=1 2 5 7 -6 -7 -8 -9 -10 10 -12 -13 -14 -15
leaf_value=-0.06134516481164097 -0.0052253944423963899 0.021775269703682307 0.0096941659325493965 -0.011951683743385582 0.080748331060472328 -0.042242997541623292 0.016852553315563408 -0.015452324676521139 0.03972212500422545 -0.035177901941781643 0.0043336049403380509 0.00079944485390486268 0.014097067367925977 0.0066456475492806021
leaf_weight=60961 18461 52272 7599 26990 23491 11543 7626 19921 18531 1586 24594 6817 13584 48428
leaf_count=60961 18461 52272 7599 26990 23491 11543 7626 19921 18531 1586 24594 6817 13584 48428
internal_value=-0.00285814 0.0115249 0.0150606 -0.0341293 0.0170051 -0.00159231 0.0151286 -0.0265004 0.0140843 -0.00105406 0.00458976 -0.00689928 0.012596 0.011316
internal_weight=342404 234532 183074 107872 163932 19142 140441 46911 132815 51458 26180 25278 114284 100700
internal_count=342404 234532 183074 107872 163932 19142 140441 46911 132815 51458 26180 25278 114284 100700
is_linear=0
shrinkage=0.04


Tree=18
num_leaves=15
num_cat=0
split_feature=3 12 11 8 14 10 1 15 11 15 12 11 1 12
split_gain=65222.7 23782.6 6351.18 4241.68 3324.78 3373.84 2172.45 1800.54 1614.95 1686.11 1485.05 1436.85 1405.93 1208.78
threshold=8.5360445000000009 94.677335632303382 6.4981292031201177 0.9998562812638897 0.19285141462713501 79.55300800000002 29.430816121047446 3.7507811581250086 6.1185970615374172 3.7507811581250086 113.68493967904466 22.898462112518228 12.821388525194029 158.56857861159406
decision_type=2 2 2 2 2 2 2 2 2 2 2 2 2 2
left_child=2 3 -1 8 7 6 10 -3 9 -2 -6 -12 -13 -9
right_child=1 4 -4 -5 5 -7 -8 13 -10 -11 11 12 -14 -15
leaf_value=-0.058891358219175328 -0.029236331478241128 0.051717552884395598 -0.0046821406662195964 -0.013325480254734146 -0.0024124826050944269 -0.016315951511050024 0.014535753956989613 0.013058642359959745 -0.0045158252275238151 0.0028582881514720437 0.029827457709100749 -0.030805369403010319 0.0055332175538811493 0.063328496195973041
leaf_weight=73057 2622 25421 9221 31169 11788 16562 26534 47500 9721 7960 35278 3096 32716 10313
leaf_count=73057 2622 25421 9221 31169 11788 16562 26534 47500 9721 7960 35278 3096 32716 10313
internal_value=-0.00301285 0.00678717 -0.0340621 -0.0175707 0.01278 0.00868116 0.011228 0.0189836 -0.00334335 0.00746929 0.0080388 0.0102192 0.004575 0.0150824
internal_weight=342958 260680 82278 51472 209208 125974 109412 83234 20303 10582 82878 71090 35812 57813
internal_count=342958 260680 82278 51472 209208 125974 109412 83234 20303 10582 82878 71090 35812 57813
is_linear=0
shrinkage=0.04


Tree=19
num_leaves=15
num_cat=0
split_feature=2 12 3 10 2 15 3 12 15 15 15 1 11 1
split_gain=92848.2 5145.78 3406.56 3263.5 2249.85 2018.14 1616.17 1322.77 1118.99 1140.81 966.424 1053.37 761.044 811.103
threshold=73.058861000000022 118.74337070827598 1.0000000180025095e-35 63.271152000000008 187.14817800000003 6.532326244750025 79.621251000000015 70.362205071330052 5.0983766455000117 8.4516063852500043 11.201103675124985 22.626187269850732 23.033040477190379 17.922076232237135
decision_type=2 2 2 2 2 2 2 2 2 2 2 2 2 2
left_child=2 10 -1 4 6 -5 8 -4 -3 12 11 -2 -10 -14
right_child=1 3 7 5 -6 -7 -8 -9 9 -11 -12 -13 13 -15
leaf_value=-0.056535703890408316 -0.0016478409814741756 0.025723705236034622 -0.0099274122144192845 0.007791502450803958 0.075925665307284645 -0.040207098052721928 0.018152956669276174 -0.014353941747598622 0.018526036385996453 0.011774812703876219 0.0025352109218090926 0.01098247580637644 -0.0041736778370805496 0.0070283969631022682
leaf_weight=61139 44224 53608 26991 8440 24195 11660 6172 19899 25809 14479 5861 1380 10575 28739
leaf_count=61139 44224 53608 26991 8440 24195 11660 6172 19899 25809 14479 5861 1380 10575 28739
internal_value=-0.00308313 0.0110194 -0.0337794 0.0141516 0.0160206 -0.00105871 0.0140661 -0.0256686 0.013139 0.0101304 -0.000159332 -0.00212438 0.00787249 0.00436893
internal_weight=343171 235142 108029 183677 163577 20100 139382 46890 133210 79602 51465 45604 65123 39314
internal_count=343171 235142 108029 183677 163577 20100 139382 46890 133210 79602 51465 45604 65123 39314
is_linear=0
shrinkage=0.04


Tree=20
num_leaves=15
num_cat=0
split_feature=2 2 10 3 2 2 13 12 11 11 12 3 10 0
split_gain=90781.6 6318.65 4131.01 2544.73 2417.03 2051.19 1392.45 1236.42 1213.52 2633.42 860.327 1028.08 750.368 742.958
threshold=68.682735500000021 96.594673500000013 63.271152000000008 1.0000000180025095e-35 187.14817800000003 217.10457600000004 583.60789811233519 147.27744063274844 1.0000000180025095e-35 4.623868765107221 70.362205071330052 12.769496000000002 33.458666000000008 17.815492116114999
decision_type=2 2 2 2 2 2 2 2 2 2 2 2 2 2
left_child=3 8 4 -1 6 -4 7 12 -2 -10 -5 -12 13 -3
right_child=1 2 5 10 -6 -7 -8 -9 9 -11 11 -13 -14 -15
leaf_value=-0.054274275734791981 -0.03461702559995513 0.0071793944146960748 -0.013105208578207565 -0.0093852632376086303 0.072856416397956814 0.015517511987281525 0.01264598120578175 0.027799949112122625 0.0026134056307291153 -0.0024692632395051685 -0.0055620869724306759 -0.018591660796838428 0.059681342254716566 0.016507555099669599
leaf_weight=60986 4368 90321 19717 26351 25249 4083 9736 35733 4614 29611 5253 9897 7283 9690
leaf_count=60986 4368 90321 19717 26351 25249 4083 9736 35733 4614 29611 5253 9897 7283 9690
internal_value=-0.00327823 0.01016 0.0129959 -0.0348005 0.0150884 -0.00265546 0.0131935 0.0121971 -0.00466924 -0.00213528 -0.0271598 -0.0195644 0.0100509 0.00914819
internal_weight=342892 240405 201812 102487 178012 23800 152763 143027 38593 34225 41501 15150 107294 100011
internal_count=342892 240405 201812 102487 178012 23800 152763 143027 38593 34225 41501 15150 107294 100011
is_linear=0
shrinkage=0.04


Tree=21
num_leaves=15
num_cat=0
split_feature=2 2 10 7 15 12 2 13 15 11 11 14 12 15
split_gain=89550.4 5838.23 3974.91 2593.97 2234.77 2010.56 1985.79 1728.43 1448.56 1227.36 1844.58 1021.93 853.139 719.103
threshold=68.682735500000021 102.53403100000001 63.271152000000008 1.0000000180025095e-35 0.91381273125000473 162.40368466985061 200.06372850000002 583.60789811233519 11.201103675124985 1.0000000180025095e-35 4.623868765107221 0.19726957747197196 70.362205071330052 8.4516063852500043
decision_type=2 2 2 2 2 2 2 2 2 2 2 2 2 2
left_child=3 8 4 -1 -3 7 -4 13 9 -2 -11 -12 -5 -6
right_child=1 2 6 12 5 -7 -8 -9 -10 10 11 -13 -14 -15
leaf_value=-0.052103304705400311 -0.043691020110802559 0.064293880551975061 -0.022947646181660532 -0.0090819314129382718 0.012612932947309925 0.060672433705662672 0.011035658238325141 0.012687664873654894 0.0022357165218066565 0.0020593366169913674 0.0015586290701107197 -0.0049115448025520425 -0.015641466688483662 0.012608207917789539
leaf_weight=61086 4321 6021 17015 26311 120345 21638 6802 9236 5362 3439 12266 19776 15059 14112
leaf_count=61086 4321 6021 17015 26311 120345 21638 6802 9236 5362 3439 12266 19776 15059 14112
internal_value=-0.0034497 0.0098991 0.0128982 -0.0347622 0.0150264 0.0141546 -0.0024134 0.0124429 -0.00306084 -0.00569017 -0.00323892 -0.00622683 -0.0270283 0.0112931
internal_weight=342789 240333 195169 102456 171352 165331 23817 143693 45164 39802 35481 32042 41370 134457
internal_count=342789 240333 195169 102456 171352 165331 23817 143693 45164 39802 35481 32042 41370 134457
is_linear=0
shrinkage=0.04


Tree=22
num_leaves=15
num_cat=0
split_feature=2 2 10 3 15 2 13 2 15 14 11 11 15 2
split_gain=87582.1 5422.07 3790.63 2798.45 2301.44 1849.3 1672.67 1483.1 1319.65 1179.2 1057.93 1628.94 1007.26 991.825
threshold=68.682735500000021 105.18883550000002 91.871651500000013 1.0000000180025095e-35 0.91381273125000473 198.43566150000001 583.60789811233519 125.39147550000001 11.201103675124985 0.20229448653655233 1.0000000180025095e-35 4.623868765107221 8.1718748551249707 89.056866000000014
decision_type=2 2 2 2 2 2 2 2 2 2 2 2 2 2
left_child=3 8 4 -1 -3 -4 7 12 10 -9 -2 -12 -6 -13
right_child=1 2 5 -5 6 -7 -8 9 -10 -11 11 13 -14 -15
leaf_value=-0.050019172517184296 -0.041700232182786817 0.060942614503606961 -0.036553181487085036 -0.010092584133837734 0.0035100239062150476 0.010050765132556583 0.013847853891393914 0.035457959061820803 0.002447478815278892 0.015679194852857507 0.0019666194005803208 -0.0049970078692008315 0.010983223731155647 0.0016483651006367107
leaf_weight=61006 4500 6126 14199 41605 46922 6296 10600 68001 5595 29085 3440 21500 10840 13318
leaf_count=61006 4500 6126 14199 41605 46922 6296 10600 68001 5595 29085 3440 21500 10840 13318
internal_value=-0.003607 0.00959713 0.0126111 -0.0345448 0.0145533 -0.00364772 0.0136618 0.0126095 -0.00237503 0.015629 -0.00476542 -0.00260756 0.00753437 -0.00520191
internal_weight=343033 240422 192069 102611 171574 20495 165448 154848 48353 97086 42758 38258 57762 34818
internal_count=343033 240422 192069 102611 171574 20495 165448 154848 48353 97086 42758 38258 57762 34818
is_linear=0
shrinkage=0.04


Tree=23
num_leaves=15
num_cat=0
split_feature=2 12 3 15 10 3 12 15 15 13 12 3 13 13
split_gain=85993.4 4982.46 2953.73 2797.42 2805.34 1446.53 1250.12 1165.59 983.177 1066.68 859.974 1090.65 772.801 748.216
threshold=68.682735500000021 118.74337070827598 1.0000000180025095e-35 3.7914950851250073 91.871651500000013 79.621251000000015 155.09094549345124 0.91381273125000473 11.201103675124985 715.51569672958851 70.362205071330052 12.769496000000002 313.87503678502748 228.57383096747418
decision_type=2 2 2 2 2 2 2 2 2 2 2 2 2 2
left_child=2 8 -1 7 5 6 -5 -3 9 13 -4 -12 -8 -2
right_child=1 3 10 4 -6 -7 12 -9 -10 -11 11 -13 -14 -15
leaf_value=-0.048018405616496923 -0.038761833755102885 0.058020675944737449 -0.0082943309770550228 0.008667668011415346 -0.012332932704233475 0.015274125754457826 0.056805097314927319 0.031094982823137173 0.0022897198182944578 0.0086885529414275891 -0.0043102414606405936 -0.016962528351131347 0.03018530542511802 -0.0013382131926494535
leaf_weight=60982 2079 5815 26401 104405 14987 7029 6656 33714 5843 1325 5263 9825 11973 46773
leaf_count=60982 2079 5815 26401 104405 14987 7029 6656 33714 5843 1325 5263 9825 11973 46773
internal_value=-0.0037119 0.00935748 -0.0343984 0.0125286 0.00995795 0.0118463 0.010838 0.0219616 -0.00109104 -0.00289934 -0.026165 -0.0185472 0.0203833 -0.00385982
internal_weight=343070 240599 102471 184579 145050 130063 123034 39529 56020 50177 41489 15088 18629 48852
internal_count=343070 240599 102471 184579 145050 130063 123034 39529 56020 50177 41489 15088 18629 48852
is_linear=0
shrinkage=0.04


Tree=24
num_leaves=15
num_cat=0
split_feature=2 2 10 3 2 15 2 15 2 12 3 11 11 12
split_gain=84275.7 4793.1 3407.86 3147.8 2600.74 1867.77 1708.78 1259.29 1044.26 824.617 1093.65 760.189 2355.44 707.812
threshold=68.682735500000021 96.594673500000013 63.271152000000008 1.0000000180025095e-35 159.85876450000004 8.4516063852500043 198.43566150000001 1.1937700325000125 125.39147550000001 70.362205071330052 12.885458000000002 1.0000000180025095e-35 4.623868765107221 162.40368466985061
decision_type=2 2 2 2 2 2 2 2 2 2 2 2 2 2
left_child=3 11 4 -1 5 8 -4 -6 -3 -5 -11 -2 -13 -9
right_child=1 2 6 9 7 -7 -8 13 -10 10 -12 12 -14 -15
leaf_value=-0.046097669391837057 -0.030490982981166096 0.0030674335273765041 -0.021333003810865 -0.0079792470385099262 0.05685210352461896 0.010959524552342139 0.0096405124690204409 0.047493542778329519 0.016288608247143958 -0.0040329452873144158 -0.016368143316467423 0.0023261328480560528 -0.0022628089262297026 0.061419345588077538
leaf_weight=61137 4426 56017 16750 26322 6028 21698 7053 27689 47965 5310 9768 4636 29525 19043
leaf_count=61137 4426 56017 16750 26322 6028 21698 7053 27689 47965 5310 9768 4636 29525 19043
internal_value=-0.00386257 0.00906797 0.0115329 -0.0342327 0.0134293 0.0103004 -0.0026837 0.0208825 0.00807294 -0.0257159 -0.0182571 -0.00385104 -0.00183016 0.018663
internal_weight=343367 240830 202243 102537 178440 125680 23803 52760 103982 41400 15078 38587 34161 46732
internal_count=343367 240830 202243 102537 178440 125680 23803 52760 103982 41400 15078 38587 34161 46732
is_linear=0
shrinkage=0.04


Tree=25
num_leaves=15
num_cat=0
split_feature=2 2 3 3 2 1 15 15 11 2 12 3 11 11
split_gain=82415.6 4455.53 3324.49 3084.05 2190.21 1528.83 1283.7 1132.61 914.781 863.286 847.776 982.879 823.284 1513.62
threshold=68.682735500000021 105.18883550000002 1.0000000180025095e-35 132.17098500000003 176.50077850000002 29.686725888564442 0.91381273125000473 11.201103675124985 43.786797308056961 229.20267450000003 70.362205071330052 12.885458000000002 1.0000000180025095e-35 4.623868765107221
decision_type=2 2 2 2 2 2 2 2 2 2 2 2 2 2
left_child=2 7 -1 4 5 -3 -6 12 -7 -8 -4 -12 -2 -14
right_child=1 3 10 -5 6 8 9 -9 -10 -11 11 -13 13 -15
leaf_value=-0.044253762616163574 -0.038617385048693276 0.0084307116343293569 -0.0076196904249612365 -0.031545793760652439 0.053994841304049128 0.015427092415880006 0.032798419153464146 0.0021129552238774931 0.007366555204832227 0.07900490475414354 -0.0042214052747350508 -0.015637460168204241 0.001863701901837227 -0.0022787896743428782
leaf_weight=60926 4505 112051 26367 9614 5940 14781 29486 5598 12207 7857 5281 9799 3464 34833
leaf_count=60926 4505 112051 26367 9614 5940 14781 29486 5598 12207 7857 5281 9799 3464 34833
internal_value=-0.00399954 0.00880268 -0.0340547 0.0115376 0.0127019 0.0102558 0.0205596 -0.00204298 0.0188024 0.0178122 -0.0253152 -0.0177507 -0.00425588 -0.00235319
internal_weight=342709 240336 102373 191936 182322 139039 43283 48400 26988 37343 41447 15080 42802 38297
internal_count=342709 240336 102373 191936 182322 139039 43283 48400 26988 37343 41447 15080 42802 38297
is_linear=0
shrinkage=0.04


Tree=26
num_leaves=15
num_cat=0
split_feature=2 2 3 10 2 15 2 15 12 2 3 14 13 12
split_gain=80196.3 4103.4 3637.86 3247.71 2605.4 1658.95 1397.61 1283.85 986.882 974.918 886.202 792.222 708.527 672.373
threshold=68.682735500000021 96.594673500000013 1.0000000180025095e-35 63.271152000000008 159.85876450000004 8.4516063852500043 219.10751350000004 1.1937700325000125 70.362205071330052 125.39147550000001 12.885458000000002 0.21021760849986634 520.88873726602321 163.38028208082571
decision_type=2 2 2 2 2 2 2 2 2 2 2 2 2 2
left_child=2 11 -1 4 5 9 -5 -6 -4 -3 -10 -2 -7 -9
right_child=1 3 8 6 7 12 -8 13 10 -11 -12 -13 -14 -15
leaf_value=-0.042483612111517036 -0.0033241878776396104 0.0026319268289379527 -0.0073316970126747006 -0.010752049174290117 0.052504038089883263 0.0080905875896254229 0.01271071021142153 0.044638174899083921 -0.0038352659824548007 0.015188696776331863 -0.015017132700945296 0.00089111089109978454 0.012108235405277024 0.058368353195607237
leaf_weight=60954 29348 55955 26312 20432 6004 13740 3428 28203 5324 47744 9887 9203 7997 18444
leaf_count=60954 29348 55955 26312 20432 6004 13740 3428 28203 5324 47744 9887 9203 7997 18444
internal_value=-0.00414852 0.00847741 -0.0337797 0.0107602 0.012617 0.00948245 -0.00309807 0.0200847 -0.0246485 0.00737635 -0.016538 -0.0034811 0.0195298 0.0178438
internal_weight=342975 240498 102477 201947 178087 125436 23860 52651 41523 103699 15211 38551 21737 46647
internal_count=342975 240498 102477 201947 178087 125436 23860 52651 41523 103699 15211 38551 21737 46647
is_linear=0
shrinkage=0.04


Tree=27
num_leaves=15
num_cat=0
split_feature=2 3 2 10 2 15 2 15 14 15 12 2 3 11
split_gain=78923.7 3844.25 3815.15 3052.41 2335.88 1553.87 1290.56 1278.66 1054.55 1028.02 1008.56 851.339 829.802 687.098
threshold=68.682735500000021 1.0000000180025095e-35 102.53403100000001 63.271152000000008 159.85876450000004 8.4516063852500043 200.06372850000002 1.1937700325000125 0.19726957747197196 11.201103675124985 70.362205071330052 125.39147550000001 12.885458000000002 1.0000000180025095e-35
decision_type=2 2 2 2 2 2 2 2 2 2 2 2 2 2
left_child=1 -1 9 4 5 11 -5 -6 -7 13 -3 -4 -12 -2
right_child=2 10 3 6 7 8 -8 -9 -10 -11 12 -13 -14 -15
leaf_value=-0.040784267627056357 -0.037233957346040979 -0.0070597614513342143 0.0026848187297265013 -0.018324801486364891 0.050310600239619953 -0.0020289666335799772 0.0079927229432913659 0.049419528639754663 0.011468391216351037 0.001746989482127288 -0.003829291702488833 0.014819979563099071 -0.014454031390716358 -0.00096105608854797804
leaf_weight=61056 4330 26327 51341 17001 5987 2295 6824 46682 17353 5352 5318 47855 9877 35383
leaf_count=61056 4330 26327 51341 17001 5987 2295 6824 46682 17353 5352 5318 47855 9877 35383
internal_value=-0.00423965 -0.0336142 0.00829424 0.0107146 0.0125782 0.00947057 -0.00270136 0.0195903 0.0197476 -0.00219683 -0.0242243 0.00743498 -0.0160184 -0.00441468
internal_weight=342981 102578 240403 195338 171513 118844 23825 52669 19648 45065 41522 99196 15195 39713
internal_count=342981 102578 240403 195338 171513 118844 23825 52669 19648 45065 41522 99196 15195 39713
is_linear=0
shrinkage=0.04


Tree=28
num_leaves=15
num_cat=0
split_feature=2 3 12 15 10 12 3 12 15 15 3 0 2 2
split_gain=77340.7 3995.11 3481.34 2617.93 2238.96 1265.72 1338.79 1027.11 1011.88 824.202 793.614 766.302 985.022 725.556
threshold=68.682735500000021 1.0000000180025095e-35 117.63822612749688 3.5068043262499917 91.871651500000013 166.84413304814885 82.237004000000013 70.362205071330052 0.91381273125000473 11.201103675124985 12.885458000000002 17.148157219251932 124.1364635 89.056866000000014
decision_type=2 2 2 2 2 2 2 2 2 2 2 2 2 2
left_child=1 -1 9 8 5 6 11 -3 -4 13 -9 12 -5 -2
right_child=2 7 3 4 -6 -7 -8 10 -10 -11 -12 -13 -14 -15
leaf_value=-0.039152896921974101 -0.0033645968226234005 -0.0067450516583435951 0.047252721195077195 0.0016875334820057963 -0.010984052536592777 0.047898839284391093 0.013176845988386549 -0.003501075472335238 0.027447970586335843 0.001849287765520664 -0.013982694553653134 0.012914521431726587 0.016114461015423791 0.0013247236426811426
leaf_weight=61112 26303 26318 5862 48031 15114 11625 6363 5258 24734 5797 9772 12496 61464 22767
leaf_count=61112 26303 26318 5862 48031 15114 11625 6363 5258 24734 5797 9772 12496 61464 22767
internal_value=-0.00440003 -0.033503 0.00799581 0.0106115 0.008502 0.0100812 0.00893653 -0.0239006 0.0213047 -0.000856617 -0.0155582 0.00800354 0.00693255 -0.00254168
internal_weight=343016 102460 240556 185689 155093 139979 128354 41348 30596 54867 15030 121991 109495 49070
internal_count=343016 102460 240556 185689 155093 139979 128354 41348 30596 54867 15030 121991 109495 49070
is_linear=0
shrinkage=0.04


Tree=29
num_leaves=15
num_cat=0
split_feature=2 3 12 2 10 10 13 11 2 12 10 10 11 13
split_gain=75364.2 4358.06 3297.07 1896.54 1764.75 1565.87 1467.52 1200.58 1052.3 1051.96 848.702 944.536 842.469 1610.47
threshold=68.682735500000021 1.0000000180025095e-35 144.80736426071553 85.268055000000018 179.62199400000003 40.243549000000009 642.89807683317133 25.603116472004086 193.04360200000005 70.362205071330052 79.55300800000002 32.226606000000011 5.9311997703307258 449.35294705808218
decision_type=2 2 2 2 2 2 2 2 2 2 2 2 2 2
left_child=1 -1 3 12 6 7 8 -4 10 -3 11 -5 13 -2
right_child=2 9 5 4 -6 -7 -8 -9 -10 -11 -12 -13 -14 -15
leaf_value=-0.037586781045095136 -0.032544512581801958 -0.0064706140471863629 0.045695390808459503 0.0036009230666930853 -0.093158848730669985 7.9964334817632097e-05 0.0069701454027807008 0.010659445912263237 0.021005134151226078 -0.011223036363207121 -0.012647292358131253 0.034196710750517868 -0.0044904668266580574 0.0021318736241320167
leaf_weight=61008 2555 26353 36617 107646 3898 10001 5693 27261 6474 15139 8608 10034 17253 4619
leaf_count=61008 2555 26353 36617 107646 3898 10001 5693 27261 6474 15139 8608 10034 17253 4619
internal_value=-0.00447478 -0.033198 0.00775886 0.00464276 0.0064097 0.0147934 0.00715698 0.0170976 0.00630421 -0.0231968 0.00549791 0.00638477 -0.0056544 0.00586563
internal_weight=343159 102500 240659 166780 142353 73879 138455 63878 132762 41492 126288 117680 24427 7174
internal_count=343159 102500 240659 166780 142353 73879 138455 63878 132762 41492 126288 117680 24427 7174
is_linear=0
shrinkage=0.04


Tree=30
num_leaves=15
num_cat=0
split_feature=2 3 2 10 2 13 11 2 12 10 3 1 0 14
split_gain=73707.9 4514.69 3182.31 2939.04 2064.32 1215.82 1266.25 1109.46 1055.18 900.948 1095.6 1228.29 906.802 737.772
threshold=68.682735500000021 1.0000000180025095e-35 109.59718700000001 63.271152000000008 208.65538000000001 570.75545409713311 26.164763558630217 196.89287600000003 70.362205071330052 -39.513758671631457 25.429710500000002 26.121465664611971 10.692465201287883 0.20515559400079877
decision_type=2 2 2 2 2 2 2 2 2 2 2 2 2 2
left_child=1 -1 -2 4 5 6 13 -5 -3 -8 11 -11 -12 -4
right_child=2 8 3 7 -6 -7 9 -9 -10 10 12 -13 -14 -15
leaf_value=-0.036083309803291337 -0.00021012525222892321 -0.0062343152726524222 0.02582852996682207 -0.01851115699136114 0.062692234454133008 0.0095957590988248603 0.014257539595475667 0.0064974770554119604 -0.010957392038805792 0.0079441230171015138 -0.0036317924758001484 0.088116200102562825 0.0049936644120654019 0.014526954904524261
leaf_weight=60912 58402 26406 47358 16384 14186 8323 8703 7319 15079 25280 19256 3471 9095 22874
leaf_count=60912 58402 26406 47358 16384 14186 8323 8703 7319 15079 25280 19256 3471 9095 22874
internal_value=-0.00464425 -0.0330685 0.00745029 0.0100542 0.0120182 0.0105874 0.00967943 -0.00308315 -0.0228912 0.00569258 0.00386536 0.00936733 -0.00171423 0.013415
internal_weight=343048 102397 240651 182249 158546 144360 136037 23703 41485 65805 57102 28751 28351 70232
internal_count=343048 102397 240651 182249 158546 144360 136037 23703 41485 65805 57102 28751 28351 70232
is_linear=0
shrinkage=0.04


Tree=31
num_leaves=15
num_cat=0
split_feature=2 7 12 2 10 11 13 10 2 12 10 2 8 10
split_gain=72445.9 4738.1 3012.65 1793.9 1707.96 1339.98 1829.68 1017.82 1234.71 1010.03 965.605 909.802 738.859 731.148
threshold=68.682735500000021 1.0000000180025095e-35 148.36682091592232 89.056866000000014 132.86413000000002 6.7426921820975148 449.35294705808218 -29.832397232801295 156.79078700000002 70.362205071330052 40.243549000000009 208.65538000000001 0.9998649976935825 63.271152000000008
decision_type=2 2 2 2 2 2 2 2 2 2 2 2 2 2
left_child=1 -1 3 5 7 6 12 -5 13 -3 11 -4 -2 -9
right_child=2 9 10 4 -6 -7 -8 8 -10 -11 -12 -13 -14 -15
leaf_value=-0.034639977411159678 0.00060212205103471255 -0.0059899126802263059 0.020609540844250384 0.0088517657878837766 -0.030915692058343786 -0.0044782306251333059 0.0018725124845595388 0.0034042049534321953 0.021395705548709593 -0.010594972742120757 0.0018946656856508009 0.06301193649608966 -0.053953335414018158 -0.024265485646714966
leaf_weight=61073 1610 26395 36509 22840 8883 20588 7200 89781 28873 15194 7026 12554 1599 2914
leaf_count=61073 1610 26395 36509 22840 8883 20588 7200 89781 28873 15194 7026 12554 1599 2914
internal_value=-0.00478091 -0.0329088 0.00723214 0.00476168 0.00653633 -0.00401458 0.00768181 0.00758351 0.00612793 -0.0224954 0.0153492 0.0173353 -0.0174385 0.00387809
internal_weight=343039 102662 240377 184288 153291 30997 10409 144408 121568 41589 56089 49063 3209 92695
internal_count=343039 102662 240377 184288 153291 30997 10409 144408 121568 41589 56089 49063 3209 92695
is_linear=0
shrinkage=0.04


Tree=32
num_leaves=15
num_cat=0
split_feature=2 3 2 12 10 3 2 3 12 13 11 11 9 1
split_gain=70896.1 4989.08 2937.37 2137.34 1888.31 1216.39 1101.26 1098.13 1073.95 852.888 869.003 1178.4 1420.22 889.867
threshold=68.682735500000021 1.0000000180025095e-35 193.04360200000005 117.63822612749688 63.271152000000008 82.237004000000013 139.26959950000003 17.340981500000002 70.362205071330052 228.57383096747418 6.3147154858608632 1.0000000180025095e-35 7.3910164727131203e-05 21.576303491275684
decision_type=2 2 2 2 2 2 2 2 2 2 2 2 2 2
left_child=1 -1 3 9 5 6 -5 -4 -3 -2 11 12 -11 -12
right_child=2 8 7 4 -6 -7 -8 -9 -10 10 13 -13 -14 -15
leaf_value=-0.033254378314713284 -0.033376463780762471 -0.0057004853146935194 0.058129672490336619 0.0040679679695589215 -0.012286189235379795 0.01221238521832726 0.025391344313575478 0.015389045965200814 -0.0099907803580124716 -0.045243533367658288 -0.002567209318081607 0.0017915742681653413 0.0078080489742868436 0.0048781261698044396
leaf_weight=60953 2044 26388 11361 85693 12819 5684 53190 18320 15083 2903 29390 7938 9096 2089
leaf_count=60953 2044 26388 11361 85693 12819 5684 53190 18320 15083 2903 29390 7938 9096 2089
internal_value=-0.00484816 -0.0327181 0.00701975 0.00536126 0.00770844 0.00901312 0.00827085 0.0188013 -0.0220154 -0.00154882 -0.000541466 0.00599288 -0.00191683 -0.00467995
internal_weight=342951 102424 240527 210846 157386 144567 138883 29681 41471 53460 51416 19937 11999 31479
internal_count=342951 102424 240527 210846 157386 144567 138883 29681 41471 53460 51416 19937 11999 31479
is_linear=0
shrinkage=0.04


Tree=33
num_leaves=15
num_cat=0
split_feature=2 3 2 10 2 3 15 2 2 11 11 3 11 14
split_gain=69736.5 5174.71 2718.41 1959.46 2393.12 1066.81 945.71 1341.38 768.393 1356.76 1069.21 1464.62 1028.76 670.648
threshold=68.682735500000021 1.0000000180025095e-35 193.04360200000005 91.871651500000013 96.594673500000013 17.340981500000002 8.4516063852500043 125.39147550000001 52.841394500000007 1.3357815865830869 3.1894896551473049 12.769496000000002 1.0000000180025095e-35 0.21021760849986634
decision_type=2 2 2 2 2 2 2 2 2 2 2 2 2 2
left_child=1 -1 3 4 13 -4 7 -6 12 -10 -11 -12 -3 -2
right_child=2 8 5 -5 6 -7 -8 -9 9 10 11 -13 -14 -15
leaf_value=-0.031924203182124751 -0.0027905512461455827 2.5506790750514896 0.055420718369044421 -0.028765587467221607 0.0016738757644510871 0.014886905382693324 0.0078412554585523386 0.016083752804614392 -0.023894685557756173 0.0014352389832838685 0.00030181136334978654 -0.010557545992202613 -0.0048397792871155507 0.00069980378633378144
leaf_weight=61040 29337 924 11351 13721 55990 18277 21675 81028 5481 4009 5004 11075 15027 9207
leaf_count=61040 29337 924 11351 13721 55990 18277 21675 81028 5481 4009 5004 11075 15027 9207
internal_value=-0.00497141 -0.0325897 0.00680206 0.00520862 0.0062254 0.0181477 0.00839684 0.00716869 -0.0216956 -0.0173976 -0.0125846 -0.0171926 -0.028585 -0.00271482
internal_weight=343146 102560 240586 210958 197237 29628 158693 137018 41520 25569 20088 16079 15951 38544
internal_count=343146 102560 240586 210958 197237 29628 158693 137018 41520 25569 20088 16079 15951 38544
is_linear=0
shrinkage=0.04


Tree=34
num_leaves=15
num_cat=0
split_feature=2 3 2 10 2 14 15 12 2 2 1 13 2 3
split_gain=68490.1 5275.96 2595.53 1884.81 2266.9 1260.31 1085.28 1041.32 898.948 816.707 774.238 757.034 777.583 749.099
threshold=68.682735500000021 1.0000000180025095e-35 193.04360200000005 63.271152000000008 114.02258700000002 0.21021760849986634 1.1937700325000125 70.362205071330052 232.14643100000004 84.020878000000025 22.626187269850732 515.31255052261804 54.09252750000001 12.769496000000002
decision_type=2 2 2 2 2 2 2 2 2 2 2 2 2 2
left_child=1 -1 3 4 5 9 -4 -3 -8 -2 -7 12 -9 -14
right_child=2 7 6 -5 -6 10 8 11 -10 -11 -12 -13 13 -15
leaf_value=-0.030647235054839756 -0.0053055644210991248 -0.0052396787162168577 0.038818442011687493 -0.015433582367510546 0.011102422288285682 0.00050174444021948927 0.013265045842139649 0.0037721813634430212 0.061193505994868572 0.00034014566372382539 0.0086453263196291773 -0.036449904098984368 2.5883478982438035e-05 -0.010590814373461771
leaf_weight=60922 16685 26304 5026 16234 118957 11552 17229 2169 7426 42176 5272 2575 3967 6405
leaf_count=60922 16685 26304 5026 16234 118957 11552 17229 2169 7426 42176 5272 2575 3967 6405
internal_value=-0.00510366 -0.0325114 0.00655662 0.00499782 0.00608995 0.000678074 0.0176315 -0.0214969 0.0141781 -0.00208151 0.0103329 -0.0131305 -0.00907424 -0.013629
internal_weight=342899 102342 240557 210876 194642 75685 29681 41420 24655 58861 16824 15116 12541 10372
internal_count=342899 102342 240557 210876 194642 75685 29681 41420 24655 58861 16824 15116 12541 10372
is_linear=0
shrinkage=0.04


Tree=35
num_leaves=15
num_cat=0
split_feature=2 3 12 15 10 10 2 12 15 3 3 13 14 12
split_gain=66816.6 5592.35 2485.8 2306.52 1541.23 1194.86 1326.77 1111.49 911.205 710.624 745.948 648.843 632.845 794.453
threshold=68.682735500000021 1.0000000180025095e-35 164.41463415809002 0.91381273125000473 -29.832397232801295 179.62199400000003 124.52811400000002 70.362205071330052 6.3215550291249807 73.601840000000024 26.939702500000003 254.05081887727795 0.23320872121670802 94.677335632303382
decision_type=2 2 2 2 2 2 2 2 2 2 2 2 2 2
left_child=1 -1 3 -2 9 6 -6 -3 11 10 -5 -8 13 -9
right_child=2 7 -4 4 5 -7 8 12 -10 -11 -12 -13 -14 -15
leaf_value=-0.029421345652646168 0.031813734122567577 -0.0050769748846084669 0.040064880173097228 0.10612577830059071 1.5669370245627866e-05 -0.083754736068498162 -0.0015264201538699451 -0.0075818926797327803 0.0008561497133294599 0.010043986281867041 0.0045057073193013001 0.018112988491489509 -0.091354976807608013 3.2708728936337956
leaf_weight=61052 6282 26374 20648 1543 91065 4123 6115 13175 24838 6075 20811 59026 1261 647
leaf_count=61052 6282 26374 20648 1543 91065 4123 6115 13175 24838 6075 20811 59026 1261 647
internal_value=-0.00525952 -0.0323012 0.00626527 0.00501915 0.00431656 0.0029852 0.0034701 -0.0209634 0.00691495 0.0129881 0.00969133 0.00940053 -0.0123026 -0.00982781
internal_weight=343035 102509 240526 219878 213596 185167 181044 41457 89979 28429 22354 65141 15083 13822
internal_count=343035 102509 240526 219878 213596 185167 181044 41457 89979 28429 22354 65141 15083 13822
is_linear=0
shrinkage=0.04


Tree=36
num_leaves=15
num_cat=0
split_feature=2 3 2 10 2 14 3 2 11 3 14 3 2 11
split_gain=65758.4 5756.23 2312.17 1758.13 2073.11 1148.71 918.921 743.459 735.798 946.523 941.591 706.203 692.33 1374.05
threshold=68.682735500000021 1.0000000180025095e-35 208.65538000000001 91.871651500000013 114.02258700000002 0.21021760849986634 23.089710500000002 84.020878000000025 26.453980851092162 82.237004000000013 0.20229448653655233 33.390153500000004 53.181915000000011 1.3357815865830869
decision_type=2 2 2 2 2 2 2 2 2 2 2 2 2 2
left_child=1 -1 3 4 5 7 -4 -2 10 -10 11 -6 -3 -14
right_child=2 12 6 -5 8 -7 -8 -9 9 -11 -12 -13 13 -15
leaf_value=-0.028244491826540319 -0.0050834655553728594 -0.0041102227945212545 0.050095857227584306 -0.020113185022866187 0.022164409194362467 0.0023131011907256351 0.0058158584557749813 0.00029807413113089098 0.0038778427746996537 0.010950721505865665 0.0098629069253617623 0.026002815226003121 -0.022875524746539869 -0.0050198298173920984
leaf_weight=61161 16781 16991 12701 15467 35030 16714 7086 42196 56178 4279 24092 9818 5287 19156
leaf_count=61161 16781 16991 12701 15467 35030 16714 7086 42196 56178 4279 24092 9818 5287 19156
internal_value=-0.00539259 -0.0322016 0.00605138 0.00487624 0.005857 0.00059875 0.0191499 -0.00202452 0.00893282 0.00571183 0.0117575 0.0151837 -0.0206903 -0.0163793
internal_weight=342937 102595 240342 220555 205088 75691 19787 58977 129397 60457 68940 44848 41434 24443
internal_count=342937 102595 240342 220555 205088 75691 19787 58977 129397 60457 68940 44848 41434 24443
is_linear=0
shrinkage=0.04


Tree=37
num_leaves=15
num_cat=0
split_feature=2 7 12 15 1 10 2 12 10 14 2 15 10 11
split_gain=64360.7 6004.03 2321.85 2092.63 1448.99 1070.77 1263.27 902.358 892.948 635.033 777.916 618.384 608.636 585.714
threshold=68.682735500000021 1.0000000180025095e-35 164.41463415809002 0.91381273125000473 29.950397875802476 179.62199400000003 124.52811400000002 70.801024733753266 63.271152000000008 0.23320872121670802 1.0000000180025095e-35 6.8508014357500722 32.226606000000011 44.069627823245831
decision_type=2 2 2 2 2 2 2 2 2 2 2 2 2 2
left_child=1 -1 3 -2 5 6 -5 11 12 10 -9 -3 -8 -6
right_child=2 7 -4 4 13 -7 8 9 -10 -11 -12 -13 -14 -15
leaf_value=-0.027114712153478708 0.028632924719159014 -0.003790458237210954 0.037440314909430346 -4.9948999822696515e-05 0.0087900496952143178 -0.07902438735587515 0.011306174633932168 3.2235678577249378 -0.0012558788126287765 -0.087543368793005269 -0.0074529730298783028 -0.0067507703188976276 0.044781043244676431 0.0037801380491269366
leaf_weight=61035 6310 20170 20638 91187 16359 4148 59335 640 18540 1265 12850 6496 12203 11725
leaf_count=61035 6310 20170 20638 91187 16359 4148 59335 640 18540 1265 12850 6496 12203 11725
internal_value=-0.00547552 -0.0320231 0.00583668 0.00463225 0.00396127 0.00267878 0.00313861 -0.0202689 0.00649837 -0.0123321 -0.00979096 -0.0246606 0.00852582 0.0124284
internal_weight=342901 102456 240445 219807 213497 185413 181265 41421 90078 14755 13490 26666 71538 28084
internal_count=342901 102456 240445 219807 213497 185413 181265 41421 90078 14755 13490 26666 71538 28084
is_linear=0
shrinkage=0.04


Tree=38
num_leaves=15
num_cat=0
split_feature=2 3 2 10 2 3 12 15 11 3 1 1 10 2
split_gain=62788 6382.69 2244.24 1539 1876.23 1041.96 896.226 778.498 1323.59 1207.62 1313.51 708.921 966.262 831.885
threshold=68.682735500000021 1.0000000180025095e-35 196.89287600000003 85.982370500000016 96.594673500000013 21.431502000000005 70.362205071330052 8.4516063852500043 26.164763558630217 25.429710500000002 26.69470810938952 15.049081261898946 14.361326 137.19681550000004
decision_type=2 2 2 2 2 2 2 2 2 2 2 2 2 2
left_child=1 -1 3 4 -2 -4 -3 8 11 10 -10 12 -6 -13
right_child=2 6 5 -5 7 -7 -8 -9 9 -11 -12 13 -14 -15
leaf_value=-0.026030123667339568 -0.00065397376122867674 -0.0043859681647768593 0.045873256507814965 -0.021669520309789702 -0.00065882176361052645 0.0088843474467298483 -0.0087017214986144786 0.0067030661356335154 0.0056066926482100585 -0.0025060781066211933 0.086938524941525513 0.0083376235081016291 0.025461335487270014 0.035551111736391361
leaf_weight=60973 38444 26332 13770 14734 16896 13635 15070 21620 27532 29897 2959 15828 40271 4970
leaf_count=60973 38444 26332 13770 14734 16896 13635 15070 21620 27532 29897 2959 15828 40271 4970
internal_value=-0.00553336 -0.0317699 0.00563229 0.00424694 0.00517315 0.0164072 -0.0196493 0.00707994 0.00597689 0.00153143 0.0071326 0.00942012 0.00711949 0.0157438
internal_weight=342931 102375 240556 213151 198417 27405 41402 159973 138353 60388 30491 77965 57167 20798
internal_count=342931 102375 240556 213151 198417 27405 41402 159973 138353 60388 30491 77965 57167 20798
is_linear=0
shrinkage=0.04


Tree=39
num_leaves=15
num_cat=0
split_feature=2 7 2 10 2 15 12 2 15 2 11 13 14 2
split_gain=61551.9 6700.63 2111.57 1420.28 1711.08 1043.82 873.905 869.364 1132.85 863.444 681.861 1261.41 667.584 787.325
threshold=68.682735500000021 1.0000000180025095e-35 193.04360200000005 63.271152000000008 85.268055000000018 1.1937700325000125 70.362205071330052 154.69963100000004 8.4516063852500043 234.05708300000003 6.1185970615374172 449.35294705808218 0.23320872121670802 1.0000000180025095e-35
decision_type=2 2 2 2 2 2 2 2 2 2 2 2 2 2
left_child=1 -1 3 4 10 -4 -3 8 -6 -7 11 -2 13 -8
right_child=2 6 5 -5 7 9 12 -9 -10 -11 -12 -13 -14 -15
leaf_value=-0.024988918720645986 -0.025103429239919439 -0.0042346912652210375 0.031533979470751407 -0.013184649445450813 0.0022234960901967088 0.010704051189571785 3.0936624822954162 0.02640967846659964 0.0047752447900773366 0.062915710152215906 -0.0038725610949136382 0.0021160309218300455 -0.083671039393986957 -0.0070156995286763382
leaf_weight=61017 2590 26345 5022 16179 109073 18127 672 35690 25542 6565 17025 4715 1260 13286
leaf_count=61017 2590 26345 5022 16179 109073 18127 672 35690 25542 6565 17025 4715 1260 13286
internal_value=-0.00561969 -0.0315625 0.00544436 0.0040373 0.00498389 0.0154271 -0.0191757 0.00640146 0.00492991 0.012046 -0.00493876 0.00528405 -0.0115442 -0.00902708
internal_weight=343108 102580 240528 210814 194635 29714 41563 170305 134615 24692 24330 7305 15218 13958
internal_count=343108 102580 240528 210814 194635 29714 41563 170305 134615 24692 24330 7305 15218 13958
is_linear=0
shrinkage=0.04


Tree=40
num_leaves=15
num_cat=0
split_feature=2 2 3 11 10 2 11 1 15 3 2 11 11 2
split_gain=60609.6 6245.64 1908.17 1821.93 1793.73 2448.28 1638.73 1129.57 976.241 927.839 824.185 746.442 683.057 634.35
threshold=53.181915000000011 84.856182000000004 1.0000000180025095e-35 1.0000000180025095e-35 63.271152000000008 157.91100350000002 3.3094669020124661 29.950397875802476 0.75185135875000253 12.769496000000002 68.682735500000021 1.0000000180025095e-35 44.069627823245831 225.75896450000002
decision_type=2 2 2 2 2 2 2 2 2 2 2 2 2 2
left_child=2 3 -1 -2 5 7 -5 -3 -7 -8 -11 -4 -9 -10
right_child=1 4 11 6 -6 8 9 12 13 10 -12 -13 -14 -15
leaf_value=-0.023989361971820156 -0.024592158491518232 0.0018452474409614884 2.1960088207765085 0.0020724171805749235 -0.0046635978738644732 0.031675054226266201 0.00081751343610679593 0.009029380757814431 0.025564871696014079 -0.0093116192288727855 -0.0023271980546816849 -0.0034768280879217263 0.003253188053351543 0.064443165372218267
leaf_weight=61070 6597 111693 971 7192 23876 2435 8394 15411 44415 10474 15009 16100 11650 7797
leaf_count=61070 6597 111693 971 7192 23876 2435 8394 15411 44415 10474 15009 16100 11650 7797
internal_value=-0.0057376 0.00339288 -0.0366952 -0.0097193 0.00626942 0.00754639 -0.00658502 0.00472203 0.0147177 -0.0102666 -0.0140658 -0.0248726 0.0120542 0.0135632
internal_weight=343084 264943 78141 47666 217277 193401 41069 138754 54647 33877 25483 17071 27061 52212
internal_count=343084 264943 78141 47666 217277 193401 41069 138754 54647 33877 25483 17071 27061 52212
is_linear=0
shrinkage=0.04


Tree=41
num_leaves=15
num_cat=0
split_feature=2 2 3 11 2 10 11 2 10 3 13 3 10 11
split_gain=60002.2 5868.71 1987.75 1952.38 1639.09 1595.07 1365.53 1088.85 1128.53 1008.17 914.81 896.719 720.739 682.232
threshold=53.181915000000011 83.502674500000012 1.0000000180025095e-35 1.0000000180025095e-35 208.65538000000001 63.271152000000008 6.3147154858608632 148.04238100000003 -39.513758671631457 13.216267000000002 477.47418470492562 23.089710500000002 14.625754500000001 1.0000000180025095e-35
decision_type=2 2 2 2 2 2 2 2 2 2 2 2 2 2
left_child=2 3 -1 -2 5 7 10 8 -3 -8 -5 12 -6 -4
right_child=1 4 13 6 11 -7 9 -9 -10 -11 -12 -13 -14 -15
leaf_value=-0.023029787492947342 -0.02403525620179316 0.0093056916981968472 2.0989501189570201 -0.00071947180597403465 0.020712874319220857 -0.010054002689749436 0.0015105656724251437 0.023722149292776811 0.0016384024464635516 -0.0078995721485526013 0.0021167200742995187 0.004138082842786891 0.057779084343990962 -0.0033509545817236486
leaf_weight=60977 6303 12052 972 8301 5023 18307 6863 49835 120481 19195 3721 7113 7627 16106
leaf_count=60977 6303 12052 972 8301 5023 18307 6863 49835 120481 19195 3721 7113 7627 16106
internal_value=-0.00580058 0.00328388 -0.0366219 -0.00998671 0.00595578 0.00487335 -0.00657353 0.00600325 0.00410796 -0.0117185 0.00457827 0.0169468 0.023336 -0.0245603
internal_weight=342876 264821 78055 44383 220438 200675 38080 182368 132533 26058 12022 19763 12650 17078
internal_count=342876 264821 78055 44383 220438 200675 38080 182368 132533 26058 12022 19763 12650 17078
is_linear=0
shrinkage=0.04


Tree=42
num_leaves=15
num_cat=0
split_feature=2 2 3 10 2 11 11 13 14 10 3 2 13 2
split_gain=59416.8 5612.12 2085.38 1671.15 2040.4 1589.07 1962.55 1020.13 1007.72 944.451 820.433 794.194 757.353 674.678
threshold=53.181915000000011 89.056866000000014 1.0000000180025095e-35 63.271152000000008 157.91100350000002 1.0000000180025095e-35 6.3147154858608632 477.47418470492562 0.17762989721056535 -39.513758671631457 14.507422500000002 74.966812000000019 268.32281790025485 68.682735500000021
decision_type=2 2 2 2 2 2 2 2 2 2 2 2 2 2
left_child=2 5 -1 4 9 11 7 -7 12 -3 -8 -2 -6 -12
right_child=1 3 -4 -5 8 6 10 -9 -10 -11 13 -13 -14 -15
leaf_value=-0.022108595993229445 -0.023147955984849363 0.0090547567145175551 -0.003141544124149034 -0.0043167779527442949 0.029416782590109457 -0.00057215617631587888 -0.0012534613081885526 0.0017038370851580754 0.028002590764097796 0.00272750204127587 -0.012367934019613199 -0.0046297443477098764 0.04382427393492698 -0.0033481465412590074
leaf_weight=61080 5059 11959 17017 23869 4148 8681 10095 6300 44996 119025 7323 2538 5444 15409
leaf_count=61080 5059 11959 17017 23869 4148 8681 10095 6300 44996 119025 7323 2538 5444 15409
internal_value=-0.00588914 0.00315202 -0.0365499 0.00614684 0.00742828 -0.00816894 -0.00546854 0.00652827 0.0139254 0.00472058 -0.0109434 -0.0251626 0.0256964 -0.0151575
internal_weight=342943 264846 78097 209441 185572 55405 47808 14981 54588 130984 32827 7597 9592 22732
internal_count=342943 264846 78097 209441 185572 55405 47808 14981 54588 130984 32827 7597 9592 22732
is_linear=0
shrinkage=0.04


Tree=43
num_leaves=15
num_cat=0
split_feature=2 2 3 11 2 10 11 2 10 3 3 10 11 12
split_gain=58601.5 5243.06 2294.03 1708.83 1582.82 1435.04 1405.46 879.544 1053.89 838.996 836.986 759.328 682.941 1147.2
threshold=53.181915000000011 84.856182000000004 1.0000000180025095e-35 1.0000000180025095e-35 208.65538000000001 63.271152000000008 3.3094669020124661 139.91168250000001 -39.513758671631457 23.089710500000002 5.220641500000001 14.625754500000001 2.8697779956890899 70.362205071330052
decision_type=2 2 2 2 2 2 2 2 2 2 2 2 2 2
left_child=2 3 -1 -2 5 7 -5 8 -3 11 -8 -6 13 -4
right_child=1 4 12 6 9 -7 10 -9 -10 -11 -12 -13 -14 -15
leaf_value=-0.021224252153500274 -0.021813559962252267 0.0085674678743961237 -0.0016394785030097614 0.0019074341278676288 0.018465427290210695 -0.0094157352741997945 0.0074603016762306781 0.018602865277467431 0.0012881408588235846 0.0041066616157931831 -0.0044732422981090727 0.054500906829958014 -0.011013014918046267 1.630541187818344
leaf_weight=61113 6615 11439 6808 7226 5058 18349 3880 62132 105400 7103 29979 7629 9422 872
leaf_count=61113 6615 11439 6808 7226 5058 18349 3880 62132 105400 7103 29979 7629 9422 872
internal_value=-0.00595513 0.0030301 -0.0363761 -0.00897778 0.00566828 0.00458666 -0.00593988 0.00567891 0.00363406 0.0164528 -0.00935763 0.0226153 -0.0234265 -0.0145729
internal_weight=343025 264810 78215 47700 217110 197320 41085 178971 116839 19790 33859 12687 17102 7680
internal_count=343025 264810 78215 47700 217110 197320 41085 178971 116839 19790 33859 12687 17102 7680
is_linear=0
shrinkage=0.04


Tree=44
num_leaves=15
num_cat=0
split_feature=2 2 3 11 2 11 3 15 2 3 14 2 14 11
split_gain=58611.9 4997.71 2200.92 1900.74 1664.77 1288.24 969.582 952.489 822.03 784.831 765.541 709.266 653.318 632.288
threshold=53.181915000000011 76.161197500000014 1.0000000180025095e-35 1.3357815865830869 196.89287600000003 3.3094669020124661 126.30831750000002 1.1937700325000125 114.02258700000002 5.220641500000001 0.21021760849986634 234.05708300000003 0.21021760849986634 1.0000000180025095e-35
decision_type=2 2 2 2 2 2 2 2 2 2 2 2 2 2
left_child=2 3 -1 -2 6 -5 8 -6 12 -7 -11 -9 -3 -4
right_child=1 4 13 5 7 9 -8 11 -10 10 -12 -13 -14 -15
leaf_value=-0.020375282067360258 -0.020373517261574898 -0.00053895601728122685 2.0867094814646041 0.0028094787590028413 0.026541214222674414 0.0068166773206048067 -0.027440116628807232 0.0085600042787307914 0.007081560790283048 -0.0085533110482355745 0.0010606840737965762 0.053793382750418194 0.0018995911855200953 -0.0030283137781447066
leaf_weight=61020 6266 51559 969 4368 4538 3203 9696 16201 127565 16903 2533 6569 15466 16077
leaf_count=61020 6266 51559 969 4368 4538 3203 9696 16201 127565 16903 2533 6569 15466 16077
internal_value=-0.00599009 0.00298761 -0.0364502 -0.0115084 0.00507025 -0.0069034 0.00383032 0.014346 0.00444545 -0.0107408 -0.0137641 0.011011 0.000858784 -0.0237428
internal_weight=342933 264867 78066 33273 231594 27007 204286 27308 194590 22639 19436 22770 67025 17046
internal_count=342933 264867 78066 33273 231594 27007 204286 27308 194590 22639 19436 22770 67025 17046
is_linear=0
shrinkage=0.04


Tree=45
num_leaves=15
num_cat=0
split_feature=2 2 3 11 2 10 11 15 2 10 3 2 14 0
split_gain=57727.8 4533.62 2375.86 1719.29 1521.09 1211.84 1171.13 952.529 939.61 1146.09 685.078 677.293 660.419 655.024
threshold=53.181915000000011 76.161197500000014 1.0000000180025095e-35 1.3357815865830869 200.06372850000002 91.871651500000013 3.3094669020124661 1.1937700325000125 125.8295705 -39.513758671631457 5.220641500000001 243.14241050000004 0.21021760849986634 20.471902773488122
decision_type=2 2 2 2 2 2 2 2 2 2 2 2 2 2
left_child=2 3 -1 -2 5 8 -5 -6 9 -3 -8 -9 -12 -11
right_child=1 4 -4 6 7 -7 10 11 -10 13 12 -13 -14 -15
leaf_value=-0.019560270784665851 -0.019639994935122234 0.0082703959991428117 -0.0028568362420586801 0.0027886451904603504 0.025994719241149423 -0.020995118091969474 0.0064324303327610811 0.0082169219421713898 0.010751023164445928 -9.5594910063829803e-05 -0.0081050036644867741 0.074017804981450636 0.00097209187693409588 0.0074063187344289433
leaf_weight=60983 6286 9689 17005 4354 4326 14500 3149 16403 86916 87192 16922 4399 2540 8033
leaf_count=60983 6286 9689 17005 4354 4326 14500 3149 16403 86916 87192 16922 4399 2540 8033
internal_value=-0.00606728 0.00284373 -0.0363133 -0.0109675 0.00482783 0.00369621 -0.00657593 0.0141197 0.00453902 0.00199096 -0.010234 0.0105682 -0.0130346 0.00065739
internal_weight=342697 264709 77988 33251 231458 206330 26965 25128 191830 104914 22611 20802 19462 95225
internal_count=342697 264709 77988 33251 231458 206330 26965 25128 191830 104914 22611 20802 19462 95225
is_linear=0
shrinkage=0.04


Tree=46
num_leaves=15
num_cat=0
split_feature=2 2 3 11 2 10 11 15 2 11 1 3 3 1
split_gain=56969 4252.24 2596.96 1540.94 1483.23 1118.11 1030.17 914.569 877.468 667.127 833.46 706.66 732.939 1217.82
threshold=53.181915000000011 76.161197500000014 1.0000000180025095e-35 1.3357815865830869 196.89287600000003 91.871651500000013 3.3094669020124661 1.1937700325000125 114.02258700000002 26.453980851092162 15.405973819498765 82.237004000000013 25.065184000000006 25.406650111124851
decision_type=2 2 2 2 2 2 2 2 2 2 2 2 2 2
left_child=2 3 -1 -2 5 8 -5 -6 -3 10 -10 12 13 -11
right_child=1 4 -4 6 7 -7 -8 -9 9 11 -12 -13 -14 -15
leaf_value=-0.01877785995327921 -0.018851831334559064 0.00016858527079627734 -0.0027188792967546681 0.0026199822550253505 0.024443728098440479 -0.02149494488041338 -0.0045979598174912088 0.015102880989676245 0.012505370636141478 0.0047015769491770025 0.016441825374011235 0.0083613922773572939 -0.0013565061447152905 0.07338323809833161
leaf_weight=60915 6283 66826 17087 4358 4584 14080 22739 22831 49348 21028 13487 4276 31424 3753
leaf_count=60915 6283 66826 17087 4358 4584 14080 22739 22831 49348 21028 13487 4276 31424 3753
internal_value=-0.00608724 0.0027565 -0.0361345 -0.0105908 0.00467991 0.00350716 -0.00645237 0.013416 0.00431257 0.00631289 0.00919933 0.0033141 0.00212152 0.00726524
internal_weight=343019 265017 78002 33380 231637 204222 27097 27415 190142 123316 62835 60481 56205 24781
internal_count=343019 265017 78002 33380 231637 204222 27097 27415 190142 123316 62835 60481 56205 24781
is_linear=0
shrinkage=0.04


Tree=47
num_leaves=15
num_cat=0
split_feature=2 2 3 10 2 11 11 14 12 10 2 13 11 2
split_gain=56311.7 3966.81 2792.99 1428.86 1779.88 1134.73 1976.26 1002.08 781.192 713.924 667.468 645.778 611.831 935.35
threshold=53.181915000000011 89.056866000000014 1.0000000180025095e-35 63.271152000000008 160.73714450000003 1.0000000180025095e-35 6.4981292031201177 0.17762989721056535 70.801024733753266 -39.513758671631457 71.140041500000009 449.35294705808218 3.1894896551473049 1.0000000180025095e-35
decision_type=2 2 2 2 2 2 2 2 2 2 2 2 2 2
left_child=2 5 -1 4 9 11 10 -6 -8 -3 -7 -2 13 -4
right_child=1 3 12 -5 7 6 8 -9 -10 -11 -12 -13 -14 -15
leaf_value=-0.018026745555148035 -0.022191566341821515 0.0075463944027321416 2.1900094585649934 -0.0045166719392749164 0.027660332401895887 6.5584142664665276e-07 -0.01428612155173516 0.025075491482122524 -0.0035157999187426549 0.0022023840483990547 0.0015652007253625277 -0.0011302714415582038 -0.01416059440352032 -0.0013991854490095967
leaf_weight=61061 5330 12021 986 23737 9130 8972 4806 42634 27446 121820 6598 2239 8675 7364
leaf_count=61061 5330 12021 986 23737 9130 8972 4806 42634 27446 121820 6598 2239 8675 7364
internal_value=-0.00615543 0.00264916 -0.0360054 0.00516781 0.00634961 -0.00686971 -0.00459203 0.0126482 -0.0102418 0.0039136 0.00711111 -0.0212604 -0.0216787 -0.0139497
internal_weight=342819 264733 78086 209342 185605 55391 47822 51764 32252 133841 15570 7569 17025 8350
internal_count=342819 264733 78086 209342 185605 55391 47822 51764 32252 133841 15570 7569 17025 8350
is_linear=0
shrinkage=0.04


Tree=48
num_leaves=15
num_cat=0
split_feature=2 2 3 11 2 11 10 3 10 2 10 3 11 2
split_gain=55479 3678.41 3213.71 1341.26 1315.2 1031.55 993.744 925.195 786.179 781.025 1000.84 772.853 675.366 980.692
threshold=53.181915000000011 76.161197500000014 1.0000000180025095e-35 1.3357815865830869 196.89287600000003 6.3147154858608632 63.271152000000008 21.431502000000005 14.625754500000001 125.39147550000001 -39.513758671631457 5.220641500000001 5.1381403327080166 1.0000000180025095e-35
decision_type=2 2 2 2 2 2 2 2 2 2 2 2 2 2
left_child=2 3 -1 -2 6 -5 9 8 -6 10 -3 -7 13 -4
right_child=1 4 12 5 7 11 -8 -9 -10 -11 -12 -13 -14 -15
leaf_value=-0.017305675732942109 -0.017378347845245192 0.0075743643136761433 2.1046887999468646 0.0010076217747663075 0.0142002087261824 0.0086304518080027835 -0.010900283190709547 0.0054802987576539845 0.045507847478331066 0.010108258696823755 0.00017217733230480149 -0.0087034038064320637 -0.019279891071105091 -0.0012700862037413429
leaf_weight=61242 6288 9435 983 8662 5663 2678 16562 13624 8084 83931 94495 15634 5447 10615
leaf_count=61242 6288 9435 983 8662 5663 2678 16562 13624 8084 83931 94495 15634 5447 10615
internal_value=-0.00613858 0.0025999 -0.0357244 -0.00983946 0.00438493 -0.0059613 0.00328241 0.0126192 0.0199404 0.00411049 0.00179275 -0.0113412 -0.0203626 -0.014906
internal_weight=343343 265056 78287 33262 231794 26974 204423 27371 13747 187861 103930 18312 17045 11598
internal_count=343343 265056 78287 33262 231794 26974 204423 27371 13747 187861 103930 18312 17045 11598
is_linear=0
shrinkage=0.04


Tree=49
num_leaves=15
num_cat=0
split_feature=2 2 3 12 15 11 11 3 11 2 3 2 1 11
split_gain=54935.3 3502.54 3326.64 1308.68 1239.32 1215.19 945.686 919.425 723.663 929.514 704.947 663.415 639.88 808.119
threshold=53.181915000000011 76.161197500000014 1.0000000180025095e-35 164.41463415809002 0.75185135875000253 1.3357815865830869 6.3147154858608632 178.59106350000005 5.1381403327080166 1.0000000180025095e-35 5.220641500000001 56.3585165 29.950397875802476 26.164763558630217
decision_type=2 2 2 2 2 2 2 2 2 2 2 2 2 2
left_child=2 5 -1 4 -3 11 -7 12 9 -4 -8 -2 13 -6
right_child=1 3 8 -5 7 6 10 -9 -10 -11 -12 -13 -14 -15
leaf_value=-0.016613448703624432 -0.00022214700084553841 0.01831076285127195 2.0527817579853309 0.025703900636013324 0.0025517661125205051 0.00089537132460019379 0.0083034641399174543 -0.069974151491685913 -0.018555930917152488 -0.0012191778514168839 -0.0083538870471337699 -0.020773491030568879 0.0051747249976677526 -0.0011968039508715167
leaf_weight=61220 1512 3046 977 20572 121678 8702 2641 4143 5483 10611 15624 4756 27006 55083
leaf_count=61220 1512 3046 977 20572 121678 8702 2641 4143 5483 10611 15624 4756 27006 55083
internal_value=-0.0062101 0.00249416 -0.035646 0.00423724 0.00329813 -0.00964886 -0.00596136 0.00292704 -0.0200316 -0.0143666 -0.0111317 -0.0255137 0.00330633 0.00243017
internal_weight=343054 264763 78291 231528 210956 33235 26967 207910 17071 11588 18265 6268 203767 176761
internal_count=343054 264763 78291 231528 210956 33235 26967 207910 17071 11588 18265 6268 203767 176761
is_linear=0
shrinkage=0.04


Tree=50
num_leaves=15
num_cat=0
split_feature=2 3 2 10 2 11 11 11 10 3 1 12 3 11
split_gain=54077.5 3560.52 3448 1253.58 1583.99 1221.49 1452.45 892.585 1082.82 1127.27 860.8 819.664 779.094 712.686
threshold=53.181915000000011 1.0000000180025095e-35 94.20436500000001 63.271152000000008 206.61810300000002 1.0000000180025095e-35 6.1185970615374172 26.164763558630217 -29.832397232801295 24.880471500000002 24.870077091882624 73.239378924328733 26.939702500000003 5.3621612957408278
decision_type=2 2 2 2 2 2 2 2 2 2 2 2 2 2
left_child=1 -1 5 4 7 -2 -7 -4 12 10 -10 -8 -9 -3
right_child=2 13 3 -5 -6 6 11 8 9 -11 -12 -13 -14 -15
leaf_value=-0.015948910755479453 -0.01541077553380394 -0.0010275555813632664 0.0097616929795005542 -0.0042024541384154965 0.031695497903940668 0.00095912843266582565 -0.0080031304488477773 0.095843570691638208 0.0018171998855326347 -0.0037929983489178882 0.050086975031046928 -0.0024259582476915441 0.0037084420103093195 -0.018519557880586901
leaf_weight=61147 8278 11911 84614 23889 14897 15440 7307 1608 25750 25598 3442 29725 24625 5104
leaf_count=61147 8278 11911 84614 23889 14897 15440 7307 1608 25750 25598 3442 29725 24625 5104
internal_value=-0.00625663 -0.0354965 0.00236208 0.00484857 0.00598801 -0.00600494 -0.0037521 0.00486437 0.00186367 -0.00133601 0.00403672 -0.00804925 0.00854649 -0.0193124
internal_weight=343335 78162 265173 204423 180534 60750 52472 165637 81023 54790 29192 37032 26233 17015
internal_count=343335 78162 265173 204423 180534 60750 52472 165637 81023 54790 29192 37032 26233 17015
is_linear=0
shrinkage=0.04


Tree=51
num_leaves=15
num_cat=0
split_feature=2 7 2 2 11 10 15 2 11 10 10 1 11 1
split_gain=53638.5 3654.93 3089.8 1228.69 1105.66 1097.86 1306.84 858.815 846.573 826.251 1610.1 992.528 956.401 859.373
threshold=53.181915000000011 1.0000000180025095e-35 76.161197500000014 225.75896450000002 1.3357815865830869 91.871651500000013 0.75185135875000253 56.3585165 6.7426921820975148 14.625754500000001 16.989491500000003 15.049081261898946 26.164763558630217 29.950397875802476
decision_type=2 2 2 2 2 2 2 2 2 2 2 2 2 2
left_child=1 -1 4 5 7 6 -4 -2 -6 11 -11 -8 -13 -14
right_child=2 -3 3 -5 8 -7 9 -9 -10 10 -12 12 13 -15
leaf_value=-0.01531095432526028 0.00029234366147571576 -0.0021200889491027474 0.017894413539515631 0.031901033434664473 0.00080193903404710107 -0.0098301787868904887 -0.00059937975115904158 -0.01943937839585292 -0.00665820914319232 0.053511249089382221 0.012334058767749668 0.0090688196502439096 -0.00062349602603240753 0.0047038532205496766
leaf_weight=60844 1503 17044 2559 9887 9250 18480 54968 4782 17701 5365 43488 25141 45826 25878
leaf_count=60844 1503 17044 2559 9887 9250 18480 54968 4782 17701 5365 43488 25141 45826 25878
internal_value=-0.00623443 -0.0354139 0.00234749 0.00398425 -0.00905765 0.00336898 0.00421779 -0.0241655 -0.00553449 0.00385556 0.00838024 0.00239953 0.00483618 0.00248243
internal_weight=342716 77888 264828 231592 33236 221705 203225 6285 26951 200666 48853 151813 96845 71704
internal_count=342716 77888 264828 231592 33236 221705 203225 6285 26951 200666 48853 151813 96845 71704
is_linear=0
shrinkage=0.04


Tree=52
num_leaves=15
num_cat=0
split_feature=2 2 3 12 15 10 10 10 1 3 1 11 10 13
split_gain=53109.3 4611.76 1853.61 1228.86 1075.38 818.019 1228.82 1702.28 920.362 1059.34 857.672 818.008 752.262 814.522
threshold=51.36115250000001 76.161197500000014 1.0000000180025095e-35 179.5135871558326 0.75185135875000253 63.271152000000008 14.625754500000001 16.989491500000003 17.922076232237135 24.531418500000004 26.121465664611971 0.75275845831291355 -39.513758671631457 308.55072763694039
decision_type=2 2 2 2 2 2 2 2 2 2 2 2 2 2
left_child=2 11 -1 4 -3 6 8 -8 -6 10 -10 -2 -11 -14
right_child=1 3 -4 -5 5 -7 7 -9 9 12 -12 -13 13 -15
leaf_value=-0.014698516152249876 -0.01355547718941601 0.016093096206494354 -0.0032892145030912799 0.040615412476725954 -0.00046958653610919997 -0.0045226086708305257 0.048049372007689078 0.017361737490526136 0.012781093018749497 0.0063583869919784817 0.085311025877891092 -0.0016376051315202212 0.013489293279079325 -0.0007288153435895217
leaf_weight=60983 6023 3048 8177 9078 70520 23349 6239 40693 15806 12025 2984 36087 3362 44533
leaf_count=60983 6023 3048 8177 9078 70520 23349 6239 40693 15806 12025 2984 36087 3362 44533
internal_value=-0.00628334 0.0016291 -0.0376021 0.00384274 0.00325433 0.00292669 0.00376913 0.00941447 0.0019937 0.00496709 0.0132539 -0.0105476 0.00236849 0.000122769
internal_weight=342907 273747 69160 231637 222559 219511 196162 46932 149230 78710 18790 42110 59920 47895
internal_count=342907 273747 69160 231637 222559 219511 196162 46932 149230 78710 18790 42110 59920 47895
is_linear=0
shrinkage=0.04


Tree=53
num_leaves=15
num_cat=0
split_feature=2 2 3 12 14 11 10 2 14 10 10 10 11 2
split_gain=52793.4 3817.98 2523.5 1094.81 939.819 895.663 860.961 763.763 668.69 1104.36 896.718 646.652 626.292 1025.91
threshold=51.636003500000008 76.161197500000014 1.0000000180025095e-35 179.5135871558326 0.21021760849986634 4.3298965093642234 204.48121950000004 1.0000000180025095e-35 0.19023070024190716 14.085437500000003 17.284826500000005 -39.513758671631457 1.0000000180025095e-35 56.3585165
decision_type=2 2 2 2 2 2 2 2 2 2 2 2 2 2
left_child=2 4 -1 6 12 7 8 -4 9 -3 -11 -10 13 -2
right_child=1 3 5 -5 -6 -7 -8 -9 11 10 -12 -13 -14 -15
leaf_value=-0.01411057550615988 0.0018179632813875113 0.0022741995714409225 1.9706982857402966 0.038720848669590253 0.00089125358851264828 -0.015537641026166371 -0.081380508815932326 -0.00091444920281825938 0.0061362564811831485 0.033001801572131048 0.012953124027554871 0.00055137088477578034 -0.0025585270745115806 -0.018015071004107187
leaf_weight=61007 928 42255 994 9043 4582 4620 3167 4962 12008 7228 21016 136539 30347 3965
leaf_count=61007 928 42255 994 9043 4582 4620 3167 4962 12008 7228 21016 136539 30347 3965
internal_value=-0.0063196 0.00174857 -0.036873 0.00371848 -0.00969113 -0.0188351 0.00316327 -0.00858294 0.00346265 0.00667073 0.0127942 0.00194013 -0.0119069 -0.025187
internal_weight=342661 271078 71583 231256 39822 10576 222213 5956 219046 70499 28244 148547 35240 4893
internal_count=342661 271078 71583 231256 39822 10576 222213 5956 219046 70499 28244 148547 35240 4893
is_linear=0
shrinkage=0.04


Tree=54
num_leaves=15
num_cat=0
split_feature=3 2 12 15 10 15 13 12 11 2 2 2 11 1
split_gain=52635.9 5584.05 1052.25 993.74 742.838 614.786 703.742 531.771 829.878 602.55 677.921 481.552 511.226 481.415
threshold=1.0000000180025095e-35 73.058861000000022 158.56857861159406 0.75185135875000253 204.48121950000004 7.5518605999999986 688.62798463473371 70.801024733753266 5.3621612957408278 56.3585165 53.825022000000011 56.962776000000012 2.0630346659082943 50.058876730732855
decision_type=2 2 2 2 2 2 2 2 2 2 2 2 2 2
left_child=-1 5 3 -3 13 6 7 8 9 10 -2 -9 -13 -5
right_child=1 2 -4 4 -6 -7 -8 11 -10 -11 -12 12 -14 -15
leaf_value=-0.013546152485913492 -0.0005617964367682671 0.014357321332419222 0.017782257484530196 0.0012625202366725707 -0.078306692183113841 -0.0067511696328913561 -0.075541029785396119 0.0041198268727267303 -0.014156104109896917 -0.0091885497598341113 0.0014741654539938765 -0.028879723376119434 -0.0027132107216560055 0.010082704313313311
leaf_weight=61150 10056 3035 27987 198705 3165 6818 1242 3538 5444 4292 3677 1067 10728 2286
leaf_count=61150 10056 3035 27987 198705 3165 6818 1242 3538 5444 4292 3677 1067 10728 2286
internal_value=-0.00635729 0.000936888 0.0034493 0.00246594 0.00212818 -0.0116717 -0.00978124 -0.00883253 -0.0126175 -0.00848377 -0.00439525 -0.0030392 -0.00692158 0.00243095
internal_weight=343190 282040 235178 207191 204156 46862 40044 38802 23469 18025 13733 15333 11795 200991
internal_count=343190 282040 235178 207191 204156 46862 40044 38802 23469 18025 13733 15333 11795 200991
is_linear=0
shrinkage=0.04


Tree=55
num_leaves=15
num_cat=0
split_feature=7 2 2 10 15 10 10 11 11 1 11 12 10 13
split_gain=52320.3 5131.92 1031.39 890.98 1055.07 743.044 1387.93 982.311 894.919 1005.4 1032.56 824.543 726.096 618.302
threshold=1.0000000180025095e-35 73.058861000000022 225.75896450000002 91.871651500000013 0.75185135875000253 14.625754500000001 16.989491500000003 1.0000000180025095e-35 3.8735626145806532 15.049081261898946 26.164763558630217 75.215680387387252 -29.832397232801295 688.62798463473371
decision_type=2 2 2 2 2 2 2 2 2 2 2 2 2 2
left_child=-1 13 3 4 -3 7 -7 11 -9 -10 -11 -6 -12 -2
right_child=1 2 -4 -5 5 6 -8 8 9 10 12 -13 -14 -15
leaf_value=-0.013004306386476951 -0.0021204911712072684 0.015413334723018935 0.027718882442288581 -0.0093055632923882657 0.0062223934109021826 0.048244959371407284 0.010928931423144389 0.0019447486837673212 -0.00098334732415880752 0.0087302253327807434 0.0042871098301811329 -0.02539350192182846 -0.00083621601133824889 -0.072453146375962701
leaf_weight=60907 45626 2541 9940 18516 1656 5303 43397 4108 46285 24645 26144 6874 45570 1269
leaf_count=60907 45626 2541 9940 18516 1656 5303 43397 4108 46285 24645 26144 6874 45570 1269
internal_value=-0.00638133 0.000882948 0.00329408 0.00273713 0.00349075 0.00317165 0.00748255 0.00181966 0.00258668 0.00205659 0.00438402 -0.0113763 0.00195666 -0.0111986
internal_weight=342781 281874 234979 225039 206523 203982 48700 155282 146752 142644 96359 8530 71714 46895
internal_count=342781 281874 234979 225039 206523 203982 48700 155282 146752 142644 96359 8530 71714 46895
is_linear=0
shrinkage=0.04


Tree=56
num_leaves=15
num_cat=0
split_feature=3 2 12 15 10 10 10 0 3 1 10 13 12 14
split_gain=52260.4 4754.33 1036.74 815.062 738.598 1108.94 1510.15 801.652 823.536 1115.9 1044.47 1014.29 960.995 891.675
threshold=1.0000000180025095e-35 76.161197500000014 179.5135871558326 0.75185135875000253 63.271152000000008 14.625754500000001 16.989491500000003 4.7795258807947372 14.507422500000002 17.922076232237135 -13.453419859205804 437.77101577425384 77.115609989746915 0.21021760849986634
decision_type=2 2 2 2 2 2 2 2 2 2 2 2 2 2
left_child=-1 -2 3 -3 5 7 -7 -5 10 12 -9 -11 -10 -13
right_child=1 2 -4 4 -6 6 -8 8 9 11 -12 13 -14 -15
leaf_value=-0.012484134131017868 -0.0023970404484819686 0.013094111209586465 0.035701904400825872 -0.001731175613736542 -0.0045859773333007678 0.043477367280219961 0.015962436632716993 0.067475586188790099 0.00088498423115611184 0.012615279767199608 0.0061964514920633601 -0.0024813055896611884 -0.0030346537783928497 0.003491168118938287
leaf_weight=60940 50461 3044 9114 48541 23339 6240 40851 2683 5094 19709 7075 17486 29976 18522
leaf_count=60940 50461 3044 9114 48541 23339 6240 40851 2683 5094 19709 7075 17486 29976 18522
internal_value=-0.00640851 0.000847112 0.00327046 0.00272897 0.00244392 0.00324421 0.00859527 0.001554 0.00359202 0.00240519 0.0146341 0.00592351 -0.00318449 0.00193068
internal_weight=343075 282135 231674 222560 219516 196177 47091 149086 100545 90787 9758 55717 35070 36008
internal_count=343075 282135 231674 222560 219516 196177 47091 149086 100545 90787 9758 55717 35070 36008
is_linear=0
shrinkage=0.04


Tree=57
num_leaves=15
num_cat=0
split_feature=3 2 2 10 10 10 1 3 13 1 3 12 11 13
split_gain=52386.3 4273.28 983.17 814.46 1022.89 1080.99 743.37 1398.54 1052.83 942.945 1163.42 759.826 773.938 664.13
threshold=1.0000000180025095e-35 73.058861000000022 225.75896450000002 63.271152000000008 14.361326 17.284826500000005 15.049081261898946 19.478805500000004 269.0967127262083 29.430816121047446 26.619487000000003 77.616149889227927 7.7846779265150312 688.62798463473371
decision_type=2 2 2 2 2 2 2 2 2 2 2 2 2 2
left_child=-1 13 3 4 6 -6 11 -8 -9 -10 -11 12 -3 -2
right_child=1 2 -4 -5 5 -7 7 8 9 10 -12 -13 -14 -15
leaf_value=-0.011984768765777148 -0.0019516804718239023 0.0009203935179298206 0.026315989441289569 -0.0058848789475020305 0.033386025150019573 0.014878379903836725 0.031352263915119444 0.020646864772423754 -0.0010721017312355829 0.093216918318901817 0.0026856283988070436 -0.0027351383137577878 -0.0054939157802590755 -0.06948477609708259
leaf_weight=61090 45736 9777 9894 21822 7669 40515 11230 2493 54407 2062 26788 46415 2147 1256
leaf_count=61090 45736 9777 9894 21822 7669 40515 11230 2493 54407 2062 26788 46415 2147 1256
internal_value=-0.00641594 0.000853971 0.003054 0.0025121 0.00329961 0.00839117 0.00172007 0.00386636 0.00212805 0.00136109 0.00720693 -0.00184782 0.00715867 -0.0101583
internal_weight=343301 282211 235219 225325 203503 48184 155319 96980 85750 83257 28850 58339 11924 46992
internal_count=343301 282211 235219 225325 203503 48184 155319 96980 85750 83257 28850 58339 11924 46992
is_linear=0
shrinkage=0.04


Tree=58
num_leaves=15
num_cat=0
split_feature=3 2 12 15 13 14 3 12 11 11 12 2 3 8
split_gain=52318.2 3951.78 911.541 714.9 712.337 675.608 672.506 669.517 526.923 1108.16 1066.88 712.446 605.104 570.468
threshold=1.0000000180025095e-35 76.161197500000014 174.51177485575269 0.75185135875000253 688.62798463473371 0.21163429115709895 203.15342600000002 95.59265917136706 5.5854083315701963 0.75275845831291355 69.486393287357203 56.3585165 12.769496000000002 0.99999990486857915
decision_type=2 2 2 2 2 2 2 2 2 2 2 2 2 2
left_child=-1 4 3 -3 5 7 -5 8 9 11 -10 -2 -12 -11
right_child=1 2 -4 6 -6 -7 -8 -9 10 13 12 -13 -14 -15
leaf_value=-0.011505378015146058 -0.00060008533467089005 0.01191757698731671 0.028161507292212038 0.0015519212925553117 -0.066708057769757925 0.0011245361560052558 -0.073092512305146809 0.00475160788555316 -0.015076192826552886 0.00085431894262795189 0.002080364104865211 -0.016260536560697293 -0.0073317650252504056 -0.00051608331034287854
leaf_weight=61096 2410 3030 11605 213768 1283 3159 3201 3256 5784 3618 4481 4398 7920 14013
leaf_count=61096 2410 3030 11605 213768 1283 3159 3201 3256 5784 3618 4481 4398 7920 14013
internal_value=-0.00644274 0.000829438 0.00303691 0.00246056 -0.00933031 -0.00856053 0.0021911 -0.0097925 -0.011128 -0.00729162 -0.0162838 -0.0209988 -0.00966696 -0.00199875
internal_weight=343022 281926 231604 219999 50322 49039 216969 45880 42624 24439 18185 6808 12401 17631
internal_count=343022 281926 231604 219999 50322 49039 216969 45880 42624 24439 18185 6808 12401 17631
is_linear=0
shrinkage=0.04


Tree=59
num_leaves=15
num_cat=0
split_feature=3 2 12 13 10 10 10 1 3 1 3 14 12 8
split_gain=52064.2 3605.59 872.773 723.707 671.726 1214.07 1018.56 771.209 1091.8 911.593 748.811 665.061 627.608 613.406
threshold=1.0000000180025095e-35 76.161197500000014 179.5135871558326 688.62798463473371 63.271152000000008 14.085437500000003 17.284826500000005 17.922076232237135 23.995311500000003 24.870077091882624 19.320970000000006 0.21163429115709895 95.59265917136706 0.5549481095712866
decision_type=2 2 2 2 2 2 2 2 2 2 2 2 2 2
left_child=-1 3 4 11 5 7 -7 -3 9 10 -9 12 -2 -12
right_child=1 2 -4 -5 -6 6 -8 8 -10 -11 13 -13 -14 -15
leaf_value=-0.011045162894540219 -0.0024560497316950957 -0.00058180184951965315 0.032033143811709124 -0.06401476340841869 -0.0042038030965161777 0.029201860245950124 0.014937513526108876 0.04791495781217308 0.00087883434988051648 0.072766835101354871 -0.0056330780785937926 0.0011107663017230962 0.0046434522014557975 0.020556921543169456
leaf_weight=60931 42629 69455 9075 1265 23957 9614 40930 4061 61429 3891 6468 3210 3248 2722
leaf_count=60931 42629 69455 9075 1265 23957 9614 40930 4061 61429 3891 6468 3210 3248 2722
internal_value=-0.00647062 0.000775162 0.00288426 -0.00892596 0.00238838 0.00315173 0.00850427 0.00132409 0.00403864 0.0129646 0.00796619 -0.00815613 -0.00938771 0.00164527
internal_weight=342885 281954 231602 50352 222527 198570 50544 148026 78571 17142 13251 49087 45877 9190
internal_count=342885 281954 231602 50352 222527 198570 50544 148026 78571 17142 13251 49087 45877 9190
is_linear=0
shrinkage=0.04


Tree=60
num_leaves=15
num_cat=0
split_feature=3 2 12 14 14 15 13 2 14 12 11 11 12 2
split_gain=52274.1 3286.72 874.914 733.809 701.077 756.705 732.937 664.172 576.759 568.577 599.788 1162.36 1116.62 711.547
threshold=1.0000000180025095e-35 76.161197500000014 188.12735854091702 0.23320872121670802 0.19023070024190716 1.1937700325000125 254.05081887727795 142.85247800000002 0.21163429115709895 95.59265917136706 5.5854083315701963 0.75275845831291355 69.486393287357203 56.962776000000012
decision_type=2 2 2 2 2 2 2 2 2 2 2 2 2 2
left_child=-1 3 4 8 5 -3 7 -6 9 10 11 13 -12 -2
right_child=1 2 -4 -5 6 -7 -8 -9 -10 -11 12 -13 -14 -15
leaf_value=-0.010603356378758609 -0.00063749454932581883 0.015403837518922324 0.051965735261966746 -0.061458273671642499 -0.035114120485280419 0.0049131600649602323 0.00073495727629805112 -0.0019377689070659799 0.0010612325326304272 0.0043758054820728009 -0.014240530419334943 -5.1072713215614133e-05 -0.0051649568694098671 -0.015939176886746884
leaf_weight=61090 2651 5012 5094 1240 1246 68616 148450 3107 3189 3232 5802 17675 12407 4138
leaf_count=61090 2651 5012 5094 1240 1246 68616 148450 3107 3189 3232 5802 17675 12407 4138
internal_value=-0.00645565 0.000814734 0.00282872 -0.00844916 0.00245991 0.00566632 0.000914904 -0.015263 -0.00768159 -0.00882431 -0.0100494 -0.00595814 -0.0155462 -0.0200265
internal_weight=342949 281859 231525 50334 226431 73628 152803 4353 49094 45905 42673 24464 18209 6789
internal_count=342949 281859 231525 50334 226431 73628 152803 4353 49094 45905 42673 24464 18209 6789
is_linear=0
shrinkage=0.04


Tree=61
num_leaves=15
num_cat=0
split_feature=3 2 12 13 10 2 15 15 10 14 12 11 11 12
split_gain=51838.6 3169.99 814.301 760.309 635.058 538.448 913.104 736.697 538.425 535.358 512.743 589.395 1150.03 1124.18
threshold=1.0000000180025095e-35 76.161197500000014 179.5135871558326 688.62798463473371 204.48121950000004 143.49676500000004 1.9769870124999758 6.3215550291249807 -39.513758671631457 0.21163429115709895 95.59265917136706 5.5854083315701963 1.3357815865830869 69.486393287357203
decision_type=2 2 2 2 2 2 2 2 2 2 2 2 2 2
left_child=-1 3 4 9 5 6 -3 -7 -8 10 11 12 -2 -13
right_child=1 2 -4 -5 -6 7 8 -9 -10 -11 -12 13 -14 -15
leaf_value=-0.010179222123608262 -0.0049426383776165397 -0.020728537503581512 0.030249764881672248 -0.059018141259206514 -0.070237561417125949 0.0095599589152126768 0.0052992204134633715 -0.0062840633625126418 0.00019778440409081694 0.0010165768039789391 0.0040394733219708502 -0.013828856736551138 8.4694621200913652e-05 -0.0049963923535670321
leaf_weight=60892 9541 1033 9007 1272 3158 64010 11793 16360 125860 3177 3220 5787 14897 12386
leaf_count=60892 9541 1033 9007 1272 3158 64010 11793 16360 125860 3177 3220 5787 14897 12386
internal_value=-0.00653553 0.00070323 0.00268263 -0.00839936 0.00220472 0.00246147 0.00095179 0.00506657 0.00123296 -0.00760692 -0.00870764 -0.00987069 -0.0058139 -0.015326
internal_weight=342393 281501 231221 50280 222214 219056 138686 80370 137653 49008 45831 42611 24438 18173
internal_count=342393 281501 231221 50280 222214 219056 138686 80370 137653 49008 45831 42611 24438 18173
is_linear=0
shrinkage=0.04


Tree=62
num_leaves=15
num_cat=0
split_feature=3 2 12 14 10 10 10 0 3 1 1 13 14 12
split_gain=51820.4 2997 808.409 754.555 650.091 1191.6 1176.84 703.006 822.946 1064.62 995.611 960.789 794.279 656.818
threshold=1.0000000180025095e-35 76.161197500000014 188.12735854091702 0.23320872121670802 63.271152000000008 14.361326 17.284826500000005 4.8629551423173094 14.507422500000002 13.286500789304123 17.922076232237135 437.77101577425384 0.21021760849986634 77.115609989746915
decision_type=2 2 2 2 2 2 2 2 2 2 2 2 2 2
left_child=-1 3 4 -2 5 7 -7 -3 9 -9 13 -12 -13 -10
right_child=1 2 -4 -5 -6 6 -8 8 10 -11 11 12 -14 -15
leaf_value=-0.0097720532386639299 -0.0015943344288269889 -0.0017043166507986155 0.048257035664480183 -0.056696761782660483 -0.0042208745626341939 0.031136958160559686 0.013829469092417382 0.0052076231080860069 0.00080464005458563248 0.062979046032785993 0.011768862301837536 -0.0025182325376148563 0.0030608567840128692 -0.0028364038244236144
leaf_weight=61027 49130 50822 5114 1257 23962 9548 41706 6878 4910 2862 19608 17401 18431 30389
leaf_count=61027 49130 50822 5114 1257 23962 9548 41706 6878 4910 2862 19608 17401 18431 30389
internal_value=-0.00657954 0.000652441 0.00257565 -0.00818862 0.00222058 0.00295762 0.00822882 0.00117197 0.0031111 0.0141602 0.00192508 0.0052684 0.00137307 -0.00332587
internal_weight=343045 282018 231631 50387 226517 202555 51254 151301 100479 9740 90739 55440 35832 35299
internal_count=343045 282018 231631 50387 226517 202555 51254 151301 100479 9740 90739 55440 35832 35299
is_linear=0
shrinkage=0.04


Tree=63
num_leaves=15
num_cat=0
split_feature=3 2 13 12 10 2 11 11 12 2 14 14 10 10
split_gain=51870.3 2749.24 787.9 767.763 627.611 549.526 1318.49 1216.38 1326.97 620.637 561.526 535.184 733.088 818.757
threshold=1.0000000180025095e-35 76.161197500000014 688.62798463473371 188.12735854091702 204.48121950000004 56.3585165 1.0000000180025095e-35 5.769450853139058 72.372627857325327 53.181915000000011 0.21021760849986634 0.19023070024190716 14.625754500000001 17.284826500000005
decision_type=2 2 2 2 2 2 2 2 2 2 2 2 2 2
left_child=-1 2 5 4 11 7 -7 9 -9 -2 -8 12 -3 -14
right_child=1 3 -4 -5 -6 6 10 8 -10 -11 -12 -13 13 -15
leaf_value=-0.0093811711091173686 -0.00018515633785183284 0.001900906601563328 -0.054386872420973197 0.047293039383216627 -0.068041964869707705 -0.0149645556087928 -0.0047553674131186521 -0.012222450007101645 0.002854419515017961 0.0016793281340781174 0.0016141585715107488 0.00053537220490421425 0.030556768286585712 0.0095453891205586044
leaf_weight=61069 12245 45822 1274 5158 3194 4145 17791 4852 1089 6464 2482 150111 6425 21084
leaf_count=61069 12245 45822 1274 5158 3194 4145 17791 4852 1089 6464 2482 150111 6425 21084
internal_value=-0.00657578 0.000658973 -0.00781375 0.00249912 0.00215182 -0.00700742 -0.0112605 -0.00279432 -0.0185625 0.00221284 -0.00705766 0.00240349 0.00520435 0.0103661
internal_weight=343205 282136 50342 231794 226636 49068 24418 24650 5941 18709 20273 223442 73331 27509
internal_count=343205 282136 50342 231794 226636 49068 24418 24650 5941 18709 20273 223442 73331 27509
is_linear=0
shrinkage=0.04


Tree=64
num_leaves=15
num_cat=0
split_feature=3 2 13 12 10 10 10 1 3 2 11 10 3 3
split_gain=51676.9 2630.65 785.378 704.485 625.588 1078.69 1183 696.047 1100.05 730.772 597.896 751.819 947.729 868.589
threshold=1.0000000180025095e-35 76.161197500000014 688.62798463473371 188.12735854091702 63.271152000000008 14.625754500000001 17.284826500000005 15.049081261898946 15.007663000000003 83.502674500000012 26.164763558630217 -29.832397232801295 24.531418500000004 26.939702500000003
decision_type=2 2 2 2 2 2 2 2 2 2 2 2 2 2
left_child=-1 2 -2 4 5 7 -7 -3 -9 -10 -11 13 -13 -12
right_child=1 3 -4 -5 -6 6 -8 8 9 10 11 12 -14 -15
leaf_value=-0.0090059242647526714 -0.0014597775048149409 -0.00076740869416554343 -0.052233675356165521 0.045354179158742243 -0.0043101024191734465 0.03196906814876975 0.013175441993875599 0.05741597630706146 -0.010936476544655016 0.005906553145813496 0.084324504380250395 0.0063752429903953991 -0.0038147648774762202 0.002420707821411492
leaf_weight=61121 49135 56899 1244 5070 23851 8634 41650 2715 1085 22194 1616 17939 25288 24603
leaf_count=61121 49135 56899 1244 5070 23851 8634 41650 2715 1085 22194 1616 17939 25288 24603
internal_value=-0.00665711 0.000571645 -0.00771194 0.00237398 0.00204385 0.00276514 0.00784504 0.00108836 0.00317603 0.0024412 0.00282759 0.00100107 -0.00224027 0.00634502
internal_weight=343044 281923 50379 231544 226474 202623 50284 152339 95440 92725 91640 69446 43227 26219
internal_count=343044 281923 50379 231544 226474 202623 50284 152339 95440 92725 91640 69446 43227 26219
is_linear=0
shrinkage=0.04


Tree=65
num_leaves=15
num_cat=0
split_feature=3 2 14 2 10 13 10 10 0 3 1 13 1 3
split_gain=51637.3 2377.07 799.08 686.727 582.775 614.98 608.091 666.781 642.746 822.252 948.511 892.492 1037.25 842.019
threshold=1.0000000180025095e-35 76.161197500000014 0.23320872121670802 225.75896450000002 91.871651500000013 228.57383096747418 14.085437500000003 17.284826500000005 4.8629551423173094 14.411417000000002 13.418452975809403 266.16836799851399 18.044837731051015 24.531418500000004
decision_type=2 2 2 2 2 2 2 2 2 2 2 2 2 2
left_child=-1 2 -2 4 6 -6 8 -8 -3 10 -10 -11 -13 -14
right_child=1 3 -4 -5 5 -7 7 -9 9 11 -12 12 13 -15
leaf_value=-0.0086456872941625563 -0.0013878132005576927 -0.0015868785604468538 -0.050127851278204093 0.01996665999539509 -0.041181281274088287 -0.0052254240785889671 0.023171185241203106 0.0084263435559994351 0.0061323945263770524 0.017435037631670366 0.062388991267951943 -0.0013107015367109331 0.020360188141737071 0.0011847001767794519
leaf_weight=61050 48998 50162 1244 9862 850 17595 8385 43803 6945 2836 2585 34654 9902 44103
leaf_count=61050 48998 50162 1244 9862 850 17595 8385 43803 6945 2836 2585 34654 9902 44103
internal_value=-0.00664703 0.000575474 -0.00731181 0.00228589 0.00182671 -0.0049813 0.00244415 0.00616693 0.00115909 0.00299688 0.0141784 0.00183223 0.00112566 0.00459143
internal_weight=342974 281924 50242 231682 221820 18445 203375 52188 151187 101025 9530 91495 88659 54005
internal_count=342974 281924 50242 231682 221820 18445 203375 52188 151187 101025 9530 91495 88659 54005
is_linear=0
shrinkage=0.04


Tree=66
num_leaves=15
num_cat=0
split_feature=3 9 11 15 11 14 13 13 11 12 10 3 3 10
split_gain=51361.1 1919.62 1126.78 950.55 737.568 737.291 706.243 1089.06 733.149 1133.2 732.19 878.481 731.619 658.941
threshold=1.0000000180025095e-35 1.6755712415217342e-05 0.75275845831291355 7.5518605999999986 1.8023779829366811 0.21785094171797917 263.48706550046819 266.16836799851399 5.769450853139058 64.348696041612257 -18.013227586799484 19.013799000000002 178.59106350000005 -2.4187331736214186
decision_type=2 2 2 2 2 2 2 2 2 2 2 2 2 2
left_child=-1 2 13 -4 -5 6 -3 -8 12 -10 11 -11 -9 -2
right_child=1 5 3 4 -6 -7 7 8 9 10 -12 -13 -14 -15
leaf_value=-0.0082998598023960573 -0.022333172121790448 -0.0038326458362205706 -0.00038757177608930607 0.0009966287337036838 -0.0075502608845163625 -0.0031231878148864213 0.01295433181445743 0.0060396563862991082 -0.013188770371367023 0.053369418144890268 -0.0011783627229045789 0.0018280002049299959 -0.056512027920142476 -0.0010515244530891544
leaf_weight=60836 4270 13678 44031 1156 6654 16039 5645 71440 1728 3761 39646 68153 2820 2552
leaf_count=60836 4270 13678 44031 1156 6654 16039 5645 71440 1728 3761 39646 68153 2820 2552
internal_value=-0.0066712 0.000529738 -0.00590832 -0.0038973 -0.016758 0.00222404 0.00286459 0.00348646 0.00296543 0.000940612 0.00143851 0.00384459 0.0060544 -0.0211903
internal_weight=342409 281573 58663 51841 7810 222910 206871 193193 187548 113288 111560 71914 74260 6822
internal_count=342409 281573 58663 51841 7810 222910 206871 193193 187548 113288 111560 71914 74260 6822
is_linear=0
shrinkage=0.04


Tree=67
num_leaves=15
num_cat=0
split_feature=3 8 11 3 1 14 13 13 11 12 1 3 3 10
split_gain=51493.9 1815.22 1122.64 858.311 850.746 676.86 668.479 967.233 691.126 988.302 698.09 767.414 678.751 646.756
threshold=1.0000000180025095e-35 0.99998074785207369 0.75275845831291355 25.239035000000005 13.813184007133815 0.21785094171797917 263.48706550046819 266.16836799851399 5.5854083315701963 64.348696041612257 17.922076232237135 19.013799000000002 178.59106350000005 -2.4187331736214186
decision_type=2 2 2 2 2 2 2 2 2 2 2 2 2 2
left_child=-1 5 13 4 -4 6 -2 -8 12 -10 -11 -12 -9 -3
right_child=1 2 3 -5 -6 -7 7 8 9 10 11 -13 -14 -15
leaf_value=-0.0079678654103002167 -0.0037733504849187896 -0.02146800247111072 -0.00074776486305829339 -0.0060732144218377734 0.019895325948197616 -0.0030386898142214054 0.012408280239776345 0.006369634800848325 -0.012171609863865047 -0.0011425278114028704 0.050879045746045092 0.0017760104101007879 -0.054228481456367536 -0.0010026223664583256
leaf_weight=61035 13715 4359 39935 6765 5414 16054 5647 70892 1752 39463 3830 68401 2832 2573
leaf_count=61035 13715 4359 39935 6765 5414 16054 5647 70892 1752 39463 3830 68401 2832 2573
internal_value=-0.00669163 0.000526929 -0.00570809 -0.00369651 -0.00171382 0.00218091 0.00279589 0.00340281 0.00291072 0.00095129 0.00141888 0.00375628 0.00592589 -0.0208309
internal_weight=342667 281632 59046 52114 45349 222586 206532 192817 187170 113446 111694 72231 73724 6932
internal_count=342667 281632 59046 52114 45349 222586 206532 192817 187170 113446 111694 72231 73724 6932
is_linear=0
shrinkage=0.04


Tree=68
num_leaves=15
num_cat=0
split_feature=3 2 15 2 11 11 12 2 12 10 10 10 0 3
split_gain=51582.6 2224.73 812.629 1171.68 880.631 966.569 1463.62 776.582 613.545 531.027 835.635 1134.08 610.069 745.248
threshold=1.0000000180025095e-35 76.161197500000014 1.9769870124999758 1.0000000180025095e-35 0.75275845831291355 5.769450853139058 69.486393287357203 56.962776000000012 188.12735854091702 79.55300800000002 14.915202000000003 17.284826500000005 4.3032682940389213 14.809363500000002
decision_type=2 2 2 2 2 2 2 2 2 2 2 2 2 2
left_child=-1 2 -2 -4 7 -6 -7 -5 9 10 12 -12 -3 -14
right_child=1 8 3 4 5 6 -8 -9 -10 -11 11 -13 13 -15
leaf_value=-0.0076491507938882108 -0.048084332355792445 -0.0023605829420811951 2.2608379483957002 -0.00025986962895036214 0.00015455213971275584 -0.012099305295682266 -0.0025541112539412404 -0.014270749952329017 0.041154764903902505 -0.0044449352058600787 0.033108361723035287 0.010544461036253705 0.009571658371065302 0.0005386606402990211
leaf_weight=60971 2261 44251 872 2254 19069 5655 16423 3794 5154 22717 7647 42838 13063 95906
leaf_count=60971 2261 44251 872 2254 19069 5655 16423 3794 5154 22717 7647 42838 13063 95906
internal_value=-0.0066395 0.000575799 -0.00704657 -0.0059442 -0.00679309 -0.00469828 -0.0103959 -0.021045 0.00223236 0.00192172 0.00256862 0.00703179 0.00109803 0.00270646
internal_weight=342875 281904 50328 48067 47195 41147 22078 6048 231576 226422 203705 50485 153220 108969
internal_count=342875 281904 50328 48067 47195 41147 22078 6048 231576 226422 203705 50485 153220 108969
is_linear=0
shrinkage=0.04


Tree=69
num_leaves=15
num_cat=0
split_feature=3 2 13 2 2 11 11 12 13 13 10 0 11 14
split_gain=51179.4 2097.02 824.917 596.426 544.83 1276.22 1274.67 1348.67 538.411 808.868 576.093 802.217 530.241 510.588
threshold=1.0000000180025095e-35 76.161197500000014 688.62798463473371 243.14241050000004 56.3585165 1.0000000180025095e-35 5.9311997703307258 72.372627857325327 254.05081887727795 315.69819775805632 15.193168500000001 7.1718598648855822 7.7846779265150312 0.21021760849986634
decision_type=2 2 2 2 2 2 2 2 2 2 2 2 2 2
left_child=-1 2 4 8 6 -6 -2 -8 -3 10 11 -10 -13 -7
right_child=1 3 -4 -5 5 13 7 -9 9 -11 -12 12 -14 -15
leaf_value=-0.0073431847621326799 0.00024240491590117765 -0.004098653839497559 -0.045952433492480738 0.047171064409270776 -0.012816027340444514 -0.0042369699431953128 -0.011256684783684072 0.0049080730064966095 0.00055399141604683066 0.00052606851189036081 0.027105256471991801 -0.081377951437641066 0.014947781231775804 0.0016314941969064111
leaf_weight=60854 18910 10321 1264 4447 4155 17789 4749 1029 21673 177464 9513 276 8167 2445
leaf_count=60854 18910 10321 1264 4447 4155 17789 4749 1029 21673 177464 9513 276 8167 2445
internal_value=-0.0067294 0.000445071 -0.00695497 0.00205175 -0.00613322 -0.0103735 -0.00194426 -0.018387 0.00176805 0.00219242 0.00735926 0.00464869 0.0151084 -0.00622714
internal_weight=343056 282202 50341 231861 49077 24389 24688 5778 227414 217093 39629 30116 8443 20234
internal_count=343056 282202 50341 231861 49077 24389 24688 5778 227414 217093 39629 30116 8443 20234
is_linear=0
shrinkage=0.04


Tree=70
num_leaves=15
num_cat=0
split_feature=3 2 13 12 14 3 12 11 11 2 12 1 13 13
split_gain=51254.6 2031.76 843.211 559.263 512.121 477.971 520.51 666.623 1014.8 839.729 699.6 615.719 476.755 620.054
threshold=1.0000000180025095e-35 76.161197500000014 688.62798463473371 179.5135871558326 0.21163429115709895 4.8170225000000011 95.59265917136706 7.187615779779561 0.75275845831291355 56.962776000000012 69.486393287357203 0.95059764456634699 254.05081887727795 315.69819775805632
decision_type=2 2 2 2 2 2 2 2 2 2 2 2 2 2
left_child=-1 2 4 12 5 -2 7 8 9 -7 -9 -10 -3 -14
right_child=1 3 -4 -5 -6 6 -8 10 11 -11 -12 -13 13 -15
leaf_value=-0.0070494573716473677 0.00043514717955965841 -0.0039265245017912108 -0.044087695172178892 0.022834214520764808 0.0012244305267888579 -1.8487751306928147e-05 0.004383473464768182 -0.013251528359494742 -0.00063618820118385602 -0.013083118816705461 -0.0057668494308598731 0.00062883465922151775 0.0074567727593913263 0.00051940305262928807
leaf_weight=61072 5530 10322 1274 9031 3166 2278 2992 4265 7659 3854 10219 9059 35962 176300
leaf_count=61072 5530 10322 1274 9031 3166 2278 2992 4265 7659 3854 10219 9059 35962 176300
internal_value=-0.00677806 0.000418997 -0.00686814 0.00200142 -0.00603321 -0.00710747 -0.00861975 -0.00990625 -0.00565077 -0.0195695 -0.0166197 -0.00054552 0.00160551 0.00201374
internal_weight=342983 281911 50296 231615 49022 45856 40326 37334 22850 6132 14484 16718 222584 212262
internal_count=342983 281911 50296 231615 49022 45856 40326 37334 22850 6132 14484 16718 222584 212262
is_linear=0
shrinkage=0.04


Tree=71
num_leaves=15
num_cat=0
split_feature=3 2 13 10 10 10 1 3 10 13 0 3 1 13
split_gain=51215 1884 838.316 534.932 1009.72 1101.21 532.851 1151 525.525 555.4 507.231 894.841 997.386 711.771
threshold=1.0000000180025095e-35 76.161197500000014 688.62798463473371 63.271152000000008 14.625754500000001 17.284826500000005 29.430816121047446 26.619487000000003 18.907082000000003 254.05081887727795 4.3032682940389213 14.411417000000002 13.813184007133815 266.16836799851399
decision_type=2 2 2 2 2 2 2 2 2 2 2 2 2 2
left_child=-1 2 -2 4 6 -6 10 -8 -7 -10 -3 12 -12 -13
right_child=1 3 -4 -5 5 8 7 -9 9 -11 11 13 -14 -15
leaf_value=-0.0067674790767814665 -0.0011336485500547157 -0.0032739686054215288 -0.042325856295345458 -0.003904861186255566 0.031812052672923218 -0.039148377573120265 0.084303277088349754 0.0019754819278823888 -0.0083358291800336732 0.018811226144725461 0.0042285749437398759 0.01323543549466903 0.065815854060187959 -0.00027580549510886065
leaf_weight=61180 49083 40222 1251 23942 9755 2118 2049 26889 1579 38741 9542 2971 2291 71618
leaf_count=61180 49083 40222 1251 23942 9755 2118 2049 26889 1579 38741 9542 2971 2291 71618
internal_value=-0.00682398 0.000372273 -0.00664203 0.00189593 0.00254833 0.00736267 0.00093327 0.0058304 0.00457703 0.00559722 -0.000185717 0.00154127 0.0117603 -7.99045e-05
internal_weight=343231 282051 50334 231717 207775 52193 155582 28938 42438 40320 126644 86422 11833 74589
internal_count=343231 282051 50334 231717 207775 52193 155582 28938 42438 40320 126644 86422 11833 74589
is_linear=0
shrinkage=0.04


Tree=72
num_leaves=15
num_cat=0
split_feature=3 2 14 2 11 12 2 11 3 2 3 3 3 0
split_gain=51024.6 1726.13 875.108 545.373 539.113 1578.4 1141.28 1124.64 471.018 467.887 445.569 441.501 438.099 409.336
threshold=1.0000000180025095e-35 76.161197500000014 0.23320872121670802 225.75896450000002 5.9311997703307258 69.486393287357203 56.3585165 1.3357815865830869 113.59140450000001 53.181915000000011 9.5650930000000027 203.15342600000002 14.809363500000002 20.884667917669073
decision_type=2 2 2 2 2 2 2 2 2 2 2 2 2 2
left_child=-1 2 4 11 6 -6 9 -8 12 -2 -11 13 -5 -3
right_child=1 3 -4 8 5 -7 7 -9 -10 10 -12 -13 -14 -15
leaf_value=-0.0064967799137102137 -6.9640325037241267e-05 0.00071269117812344795 -0.040674840933912507 0.0061357188506123619 -0.011269466682492162 -0.0022673765691473501 -0.012100277295927367 0.00055837972174144213 -0.0046281944894820074 -0.0038224362148668333 0.0020294824415412463 -0.059636316196057297 0.038202787074153755 0.006589329106362978
leaf_weight=61042 12299 210177 1291 3050 5836 16409 4753 3159 1435 1527 5084 3192 5360 8431
leaf_count=61042 12299 210177 1291 3050 5836 16409 4753 3159 1435 1527 5084 3192 5360 8431
internal_value=-0.00684213 0.000335174 -0.00637674 0.0017943 -0.00552143 -0.0101254 -0.00170308 -0.014459 0.0110066 0.00363406 0.012216 0.00138539 0.0146207 0.00160104
internal_weight=343045 282003 50358 231645 49067 22245 26822 7912 9845 18910 6611 221800 8410 218608
internal_count=343045 282003 50358 231645 49067 22245 26822 7912 9845 18910 6611 221800 8410 218608
is_linear=0
shrinkage=0.04


Tree=73
num_leaves=15
num_cat=0
split_feature=3 2 14 2 2 11 11 10 11 14 3 15 10 10
split_gain=51073.2 1685.99 857.545 507.497 481.742 1172.69 1120.4 648.819 560.043 478.332 478.504 460.245 458.136 560.947
threshold=1.0000000180025095e-35 76.161197500000014 0.23320872121670802 243.14241050000004 56.3585165 5.9311997703307258 1.0000000180025095e-35 -0.96925499503383283 10.491798435245373 0.21021760849986634 4.9776655000000005 5.0983766455000117 100.28660550000002 14.915202000000003
decision_type=2 2 2 2 2 2 2 2 2 2 2 2 2 2
left_child=-1 2 4 12 5 -2 -6 8 -7 10 -8 -12 13 -3
right_child=1 3 -4 -5 6 7 9 -9 -10 -11 11 -13 -14 -15
leaf_value=-0.0062369087171617998 0.00024169062194961288 0.00037876276133754107 -0.038988953227720148 0.042165031194416919 -0.011392426718022168 0.0042167499625417239 0.0082161290410096826 -0.0098997842609597261 -0.0089044245326221558 0.0016821231571032191 -0.0011369817157196671 -0.0066514586378233929 -0.0061744387965860081 0.010415276338152162
leaf_weight=60999 18878 154668 1264 4419 4189 820 2156 3371 1544 2466 6434 9240 18517 54013
leaf_count=60999 18878 154668 1264 4419 4189 820 2156 3371 1544 2466 6434 9240 18517 54013
internal_value=-0.0068128 0.00036641 -0.00626663 0.00180868 -0.00542914 -0.00147727 -0.00940167 -0.0173182 -0.00125212 -0.00551439 -0.00779809 -0.0102284 0.00154755 0.0020826
internal_weight=342978 281979 50362 231617 49098 24613 24485 5735 2364 20296 17830 15674 227198 208681
internal_count=342978 281979 50362 231617 49098 24613 24485 5735 2364 20296 17830 15674 227198 208681
is_linear=0
shrinkage=0.04


Tree=74
num_leaves=15
num_cat=0
split_feature=3 2 13 14 10 11 10 3 3 1 3 0 13 12
split_gain=50978 1594.97 932.492 809.48 619.317 790.168 726.047 815.427 751.088 915.456 612.319 592.316 578.774 476.85
threshold=1.0000000180025095e-35 94.20436500000001 688.62798463473371 0.21163429115709895 63.271152000000008 26.164763558630217 -29.832397232801295 26.318717500000002 24.880471500000002 22.198066648479081 4.8170225000000011 7.1718598648855822 254.05081887727795 117.63822612749688
decision_type=2 2 2 2 2 2 2 2 2 2 2 2 2 2
left_child=-1 2 3 10 5 12 7 -7 9 11 -2 -8 -3 -12
right_child=1 4 -4 -5 -6 6 8 -9 -10 -11 13 -13 -14 -15
leaf_value=-0.0059874323684753249 0.00074382254158524399 -0.00514897949766761 -0.037433777143521425 0.00058175911533326914 -0.0038941470535971967 0.084488579482612375 -0.0081919267420299587 0.0020288094661552879 -0.0038012724639500295 0.027558194964896636 -0.0018552706577203049 0.006237283725991194 0.0077367823909462331 0.0068172356165759401
leaf_weight=61095 6748 4550 1249 9712 23778 1389 12550 24749 25586 6770 58453 9772 94767 1770
leaf_count=61095 6748 4550 1249 9712 23778 1389 12550 24749 25586 6770 58453 9772 94767 1770
internal_value=-0.00687588 0.000304425 -0.00456295 -0.00400454 0.00216467 0.00296559 2.87072e-05 0.00551228 -0.00259263 0.00180393 -0.00556957 -0.00210375 0.00535538 -0.00684987
internal_weight=342938 281843 77932 76683 203911 180133 80816 26138 54678 29092 66971 22322 99317 60223
internal_count=342938 281843 77932 76683 203911 180133 80816 26138 54678 29092 66971 22322 99317 60223
is_linear=0
shrinkage=0.04


Tree=75
num_leaves=15
num_cat=0
split_feature=3 2 13 11 12 2 11 2 10 10 10 1 0 13
split_gain=51000.1 1455.51 887.492 541.421 1611.25 981.634 1132.79 510.212 473.638 430.813 426.977 411.291 410.621 554.738
threshold=1.0000000180025095e-35 76.161197500000014 688.62798463473371 6.1185970615374172 69.486393287357203 56.3585165 1.3357815865830869 225.75896450000002 -0.57467670854130237 114.88487700000002 264.83215400000006 50.058876730732855 19.129553503596515 466.27196737977994
decision_type=2 2 2 2 2 2 2 2 2 2 2 2 2 2
left_child=-1 2 3 5 -5 -2 8 10 -7 -9 11 12 13 -3
right_child=1 7 -4 4 -6 6 -8 9 -10 -11 -12 -13 -14 -15
leaf_value=-0.0057479350737363079 0.00027825765955747706 0.0024460529425193124 -0.035950969591105761 -0.010604845216378358 -0.0020523135171137599 -0.012343449446192789 0.00063114586641778382 0.023785026926256839 0.011050444169328441 -0.0048340940975504674 -0.11840452504668343 0.0085144565508309053 0.0057374518037551945 -0.00072177774379562302
leaf_weight=61115 19102 140321 1266 5656 16226 4335 3362 8572 450 1346 1004 2292 11437 66867
leaf_count=61115 19102 140321 1266 5656 16226 4335 3362 8572 450 1346 1004 2292 11437 66867
internal_value=-0.00687099 0.000302725 -0.00585829 -0.00500621 -0.00969198 -0.00124335 -0.0128685 0.001642 -0.025371 0.0105182 0.00124531 0.00136359 0.00118687 0.000779582
internal_weight=343351 282236 50397 49131 21882 27249 8147 231839 4785 9918 221921 220917 218625 207188
internal_count=343351 282236 50397 49131 21882 27249 8147 231839 4785 9918 221921 220917 218625 207188
is_linear=0
shrinkage=0.04


Tree=76
num_leaves=15
num_cat=0
split_feature=3 2 13 12 11 12 2 11 10 2 3 10 13 15
split_gain=50826.4 1428.69 873.548 521.7 496.516 1560.28 967.648 1093.31 453.39 424.947 402.121 401.788 394.515 546.169
threshold=1.0000000180025095e-35 76.161197500000014 688.62798463473371 188.12735854091702 6.1185970615374172 69.486393287357203 56.3585165 1.3357815865830869 -0.51271715741091994 53.181915000000011 9.5650930000000027 204.48121950000004 282.46392299658419 7.5518605999999986
decision_type=2 2 2 2 2 2 2 2 2 2 2 2 2 2
left_child=-1 2 4 11 6 -6 9 8 -8 -2 -11 -3 -7 -14
right_child=1 3 -4 -5 5 12 7 -9 -10 10 -12 -13 13 -15
leaf_value=-0.005518017670786861 -5.2085398687298223e-05 0.00084513939503660712 -0.034496196251681294 0.034991325765401191 -0.010196819283471745 -0.015175272390109878 -0.011614346913489086 0.0005856732412842236 0.011797284699038731 -0.0036909686476192327 0.001928920379069936 -0.056083645003534549 0.0010702771400688516 -0.0056774080747119008
leaf_weight=61103 12478 223033 1248 5122 5612 1824 4384 3390 415 1495 5125 3152 11317 3047
leaf_count=61103 12478 223033 1248 5122 5612 1824 4384 3390 415 1495 5125 3152 11317 3047
internal_value=-0.00692982 0.00024485 -0.00586232 0.00157384 -0.0050221 -0.00952294 -0.00142632 -0.0129295 -0.0252136 0.00350613 0.0116979 0.00128797 -0.00322214 -0.000996937
internal_weight=342745 281642 50335 231307 49087 21800 27287 8189 4799 19098 6620 226185 16188 14364
internal_count=342745 281642 50335 231307 49087 21800 27287 8189 4799 19098 6620 226185 16188 14364
is_linear=0
shrinkage=0.04


Tree=77
num_leaves=15
num_cat=0
split_feature=3 2 15 2 14 10 10 10 0 3 15 13 1 13
split_gain=50548.3 1370 993.865 1065.79 688.3 530.791 736.754 1120.93 813.908 836.237 644.822 628.255 851.989 716.314
threshold=1.0000000180025095e-35 94.20436500000001 1.9769870124999758 1.0000000180025095e-35 0.21163429115709895 63.271152000000008 14.915202000000003 17.284826500000005 5.9574144846936354 14.206603500000002 0.88182971749998285 266.16836799851399 17.922076232237135 437.77101577425384
decision_type=2 2 2 2 2 2 2 2 2 2 2 2 2 2
left_child=-1 2 -2 -4 -5 6 8 10 -3 -10 -8 -11 -13 -14
right_child=1 5 3 4 -6 -7 7 -9 9 11 -12 12 13 -15
leaf_value=-0.0052972969639553825 -0.033651807920046649 -0.0022709636972691972 2.1676178473322234 -0.0012153605609017681 0.00050022325659877082 -0.0037132199331099923 -0.0057995512023989275 0.010380682288971901 0.02952582266031667 0.014434800255774892 0.040037224935541377 -0.0030177877973644085 0.01133868394794711 0.00071036131345982413
leaf_weight=60911 2318 58012 889 64958 9654 23844 776 42372 4744 2682 7875 18288 14163 31203
leaf_count=60911 2318 58012 889 64958 9654 23844 776 42372 4744 2682 7875 18288 14163 31203
internal_value=-0.0069578 0.000184826 -0.00433056 -0.0035385 -0.00405726 0.00190764 0.00265008 0.00671932 0.00104174 0.00391109 0.0198405 0.00275084 0.0019518 0.00489001
internal_weight=342689 281778 77819 75501 74612 203959 180115 51023 129092 71080 8651 66336 63654 45366
internal_count=342689 281778 77819 75501 74612 203959 180115 51023 129092 71080 8651 66336 63654 45366
is_linear=0
shrinkage=0.04


Tree=78
num_leaves=15
num_cat=0
split_feature=3 2 11 12 11 2 14 10 11 10 3 3 10 13
split_gain=50726.1 1242.19 1010.37 1388.14 1037.9 1078.45 994.899 488.033 725.896 653.405 782.572 739.982 909.125 522.526
threshold=1.0000000180025095e-35 94.20436500000001 6.9645227276165356 71.597808726869502 1.0000000180025095e-35 56.962776000000012 0.23320872121670802 63.271152000000008 26.164763558630217 -29.832397232801295 26.939702500000003 24.712772500000003 -22.171560095685905 254.05081887727795
decision_type=2 2 2 2 2 2 2 2 2 2 2 2 2 2
left_child=-1 2 4 -4 5 -2 -5 8 13 10 -10 12 -11 -3
right_child=1 7 3 6 -6 -7 -8 -9 9 11 -12 -13 -14 -15
leaf_value=-0.0050854050853971697 0.003613159962352972 -0.0051837445512284046 -0.0091983521633917948 -0.0015617653070285798 0.00030519155361550257 -0.0093298674959916648 -0.031841818303556264 -0.0035036758857300014 0.07491193263314623 0.0279391039903472 0.0016828759504609492 -0.003834240369196067 -0.0022525049404347941 0.0069902207964526756
leaf_weight=60917 2190 4513 7462 30161 29864 7019 1243 23786 1617 6583 24597 25967 22246 94949
leaf_count=60917 2190 4513 7462 30161 29864 7019 1243 23786 1617 6583 24597 25967 22246 94949
internal_value=-0.0068973 0.000248479 -0.00404778 -0.00861421 0.000494459 -0.0112455 -0.00492931 0.00188781 0.00259763 -0.000213307 0.00498054 -0.00269801 0.00171355 0.00488709
internal_weight=343114 282197 77939 38866 39073 9209 31404 204258 180472 81010 26214 54796 28829 99462
internal_count=343114 282197 77939 38866 39073 9209 31404 204258 180472 81010 26214 54796 28829 99462
is_linear=0
shrinkage=0.04


Tree=79
num_leaves=15
num_cat=0
split_feature=3 2 14 11 12 11 2 12 15 10 13 15 1 15
split_gain=50567.8 1216.15 914.24 502.505 1569.37 814.608 1061.33 456.043 411.873 400.919 377.235 506.859 372.059 440.211
threshold=1.0000000180025095e-35 76.161197500000014 0.23320872121670802 6.1185970615374172 69.486393287357203 1.3357815865830869 57.601205500000013 188.12735854091702 8.66960060162498 264.83215400000006 282.46392299658419 7.5518605999999986 50.058876730732855 5.0983766455000117
decision_type=2 2 2 2 2 2 2 2 2 2 2 2 2 2
left_child=-1 2 3 5 -5 6 -2 9 -7 12 -6 -12 13 -3
right_child=1 7 -4 4 10 8 -8 -9 -10 -11 11 -13 -14 -15
leaf_value=-0.0048819888819812895 7.2986513834045756e-05 0.0033116759624550961 -0.030509618578616157 -0.009387882299637695 -0.014414947436930187 0.00044806908994099004 -0.011211164013916123 0.031964909654649223 -0.0016410574258061317 -0.11114584364945156 0.0011022615637592103 -0.0053952360096087481 0.0077423973039765269 -0.00016128065257917933
leaf_weight=60943 6341 91935 1268 5634 1798 15950 4207 5092 654 999 11378 3058 2303 131319
leaf_count=60943 6341 91935 1268 5634 1798 15950 4207 5092 654 999 11378 3058 2303 131319
internal_value=-0.00696001 0.000181885 -0.00545657 -0.00458915 -0.00910188 -0.000954626 -0.00964733 0.00140593 0.00456757 0.00113985 -0.00278921 -0.000637296 0.00125183 0.00108683
internal_weight=342879 281936 50288 49020 21868 27152 10548 231648 16604 226556 16234 14436 225557 223254
internal_count=342879 281936 50288 49020 21868 27152 10548 231648 16604 226556 16234 14436 225557 223254
is_linear=0
shrinkage=0.04


Tree=80
num_leaves=15
num_cat=0
split_feature=3 2 13 11 2 2 11 3 2 10 2 3 2 15
split_gain=50407.5 1202.72 896.811 540.221 839.106 788.573 900.045 572.654 421.075 405.489 388.153 405.319 384.543 504.786
threshold=1.0000000180025095e-35 76.161197500000014 688.62798463473371 6.1185970615374172 52.515245500000013 56.3585165 1.3357815865830869 5.1392465000000014 225.75896450000002 -0.57467670854130237 53.181915000000011 9.5650930000000027 1.0000000180025095e-35 1.9769870124999758
decision_type=2 2 2 2 2 2 2 2 2 2 2 2 2 2
left_child=-1 2 3 5 -5 10 9 -6 -3 -7 12 -12 13 -2
right_child=1 8 -4 4 7 6 -8 -9 -10 -11 11 -13 -14 -15
leaf_value=-0.0046867093267020368 -0.74084011512122061 0.00055779795211154061 -0.029317395838034985 -0.0087344235333530664 0.011165500376707547 -0.010363938094206784 0.0005862790155999509 -0.0046201476466868384 0.012733048071931177 0.011341133520883916 -0.0036477004501654876 0.0018933980046317168 -0.0001636781067139559 2.0103683600365509
leaf_weight=60940 257 221687 1252 2925 2493 4326 3364 16463 9848 441 1531 5065 11490 741
leaf_count=60940 257 221687 1252 2925 2493 4326 3364 16463 9848 441 1531 5065 11490 741
internal_value=-0.00701201 0.000119624 -0.00548344 -0.00463093 -0.00931036 -0.000868639 -0.0113 -0.00623338 0.00133803 -0.0224795 0.00357577 0.0114251 -0.000570147 0.0232465
internal_weight=342823 281883 50348 49096 21881 27215 8131 18956 231535 4767 19084 6596 12488 998
internal_count=342823 281883 50348 49096 21881 27215 8131 18956 231535 4767 19084 6596 12488 998
is_linear=0
shrinkage=0.04


Tree=81
num_leaves=15
num_cat=0
split_feature=3 2 14 14 11 12 11 10 14 0 12 11 3 3
split_gain=50554.3 1151.23 994.895 694.513 550.544 1737.21 982.432 950.327 519.297 488.633 636.55 493.313 714.827 585.776
threshold=1.0000000180025095e-35 94.20436500000001 0.23320872121670802 0.21163429115709895 6.1185970615374172 69.486393287357203 1.3357815865830869 -2.5792329440057973 0.19726957747197196 17.148157219251932 113.68493967904466 26.164763558630217 73.601840000000024 82.237004000000013
decision_type=2 2 2 2 2 2 2 2 2 2 2 2 2 2
left_child=-1 2 3 4 6 -6 7 -2 -7 11 -11 12 -3 -13
right_child=1 9 -4 -5 5 8 -8 -9 -10 10 -12 13 -14 -15
leaf_value=-0.0044992409536339477 -0.012692895526424124 0.0051678519560907346 -0.028122307731564364 0.00058958742823037372 -0.0085453701069056007 0.0015869263053203575 0.00035571060489369088 -0.00019745583028344172 -0.0034516515273901515 -0.0062661248154441294 0.0076032894250657977 -0.0018080175550781626 -0.0037584459396909266 0.0040761740038600973
leaf_weight=61202 4743 96034 1293 9711 6135 12561 19426 7441 16508 987 13291 65054 23443 5102
leaf_count=61202 4743 96034 1293 9711 6135 12561 19426 7441 16508 987 13291 65054 23443 5102
internal_value=-0.007049 0.000109183 -0.00402992 -0.00344201 -0.00489478 -0.00833542 -0.00106295 -0.00996717 -0.00425333 0.00168878 0.00882477 0.00115149 0.00271483 -0.00151092
internal_weight=342931 281729 77818 76525 66814 35204 31610 12184 29069 203911 14278 189633 119477 70156
internal_count=342931 281729 77818 76525 66814 35204 31610 12184 29069 203911 14278 189633 119477 70156
is_linear=0
shrinkage=0.04


Tree=82
num_leaves=15
num_cat=0
split_feature=3 2 14 11 12 11 2 2 15 13 15 10 14 13
split_gain=50295.2 1073.57 931.351 518.292 1550.84 666.829 928.822 410.945 396.688 383.72 480.584 375.902 349.064 576.858
threshold=1.0000000180025095e-35 76.161197500000014 0.23320872121670802 6.1185970615374172 69.486393287357203 1.3357815865830869 59.00912850000001 243.14241050000004 8.66960060162498 282.46392299658419 7.5518605999999986 264.83215400000006 0.19023070024190716 254.05081887727795
decision_type=2 2 2 2 2 2 2 2 2 2 2 2 2 2
left_child=-1 2 3 5 -5 6 -2 11 -7 -6 -11 12 -3 -14
right_child=1 7 -4 4 9 8 -8 -9 -10 10 -12 -13 13 -15
leaf_value=-0.0043192713154885888 -3.4272230222605059e-05 0.0034151186027176574 -0.026995365022521513 -0.0084144670581599718 -0.013710566694862036 0.00041433668989671269 -0.012654117536085545 0.036012322028511616 -0.0016274299030622607 0.0013180130508179833 -0.0048828807817657086 -0.10731130689316841 -0.0066204313502325456 0.00018389558130579964
leaf_weight=61015 7136 74555 1270 5664 1815 16000 3405 4413 674 11334 3091 1002 4099 147346
leaf_count=61015 7136 74555 1270 5664 1815 16000 3405 4413 674 11334 3091 1002 4099 147346
internal_value=-0.00707347 5.56415e-05 -0.00523527 -0.00436084 -0.00894083 -0.000674628 -0.00854947 0.0012077 0.00430371 -0.00265517 -0.000474177 0.000972679 0.00108106 -2.19221e-05
internal_weight=342819 281804 50389 49119 21904 27215 10541 231415 16674 16240 14425 227002 226000 151445
internal_count=342819 281804 50389 49119 21904 27215 10541 231415 16674 16240 14425 227002 226000 151445
is_linear=0
shrinkage=0.04


Tree=83
num_leaves=15
num_cat=0
split_feature=3 2 15 2 14 3 13 15 0 14 10 15 3 13
split_gain=50325.3 1061.94 1006.72 1017.53 598.178 491.115 465.021 773.194 454.738 551.388 451.27 423.481 452.9 407.522
threshold=1.0000000180025095e-35 94.20436500000001 1.9769870124999758 1.0000000180025095e-35 0.21163429115709895 4.7422635000000009 263.48706550046819 4.8872795136250327 19.52000055663391 0.21785094171797917 -4.2983382446551444 4.7572720227499881 15.007663000000003 443.60715893120567
decision_type=2 2 2 2 2 2 2 2 2 2 2 2 2 2
left_child=-1 2 13 -4 5 10 -3 11 9 -9 -5 -8 -13 -2
right_child=1 6 3 4 -6 -7 7 8 -10 -11 -12 12 -14 -15
leaf_value=-0.0041465004628690495 -0.00067451121174414656 -0.0035356147415045312 2.0060258869968353 0.016042378821987231 0.00048817948446795879 -0.0013317326547944753 0.0065800514147538181 0.00016917837559096593 0.0055230211038424419 -0.0086521598373279999 0.00015911347775202423 -0.018378430527889338 0.020759048342657325 -0.027190670203114796
leaf_weight=61111 578 13782 865 960 9603 59597 61443 108000 9576 6737 4558 765 3991 1772
leaf_count=61111 578 13782 865 960 9603 59597 61443 108000 9576 6737 4558 765 3991 1772
internal_value=-0.00708969 3.64246e-05 -0.0039362 -0.00313457 -0.00363393 -0.00500837 0.00155188 0.00206517 0.00020561 -0.000493302 0.00640812 0.00555718 0.0170563 -0.0297191
internal_weight=343338 282227 77933 75583 74718 65115 204294 190512 124313 114737 5518 66199 4756 2350
internal_count=343338 282227 77933 75583 74718 65115 204294 190512 124313 114737 5518 66199 4756 2350
is_linear=0
shrinkage=0.04


Tree=84
num_leaves=15
num_cat=0
split_feature=3 2 15 10 11 11 12 12 3 0 0 13 13 2
split_gain=50052.6 962.335 1100.2 1020.14 609.661 1006.84 1523.12 945.26 728.316 718.386 603.708 641.297 545.662 533.965
threshold=1.0000000180025095e-35 109.26911500000001 1.9769870124999758 -1.0000000180025095e-35 1.0000000180025095e-35 6.1185970615374172 66.410419449574093 75.720411582408573 14.507422500000002 12.748478503812024 11.35991453923179 266.16836799851399 602.77527870826805 76.161197500000014
decision_type=2 2 2 2 2 2 2 2 2 2 2 2 2 2
left_child=-1 2 -2 4 7 -6 12 13 9 -8 -3 -12 -7 -4
right_child=1 10 3 -5 5 6 8 -9 -10 -11 11 -13 -14 -15
leaf_value=-0.0039806404443542935 -0.025422048496076214 0.00085554289421930108 -0.0033488587224111211 1.2025019163958999 0.00034532323917702001 -0.0086166818501716598 0.0019945757937996976 -0.039382078460674458 -0.0023752259694319691 0.056801875421238303 0.026580018972016325 0.0041831114641156884 0.0013497772731996349 0.0071356466240594862
leaf_weight=60902 2432 159859 4406 1537 26845 4567 12864 3083 39960 1114 1120 22455 429 1483
leaf_count=60902 2432 159859 4406 1537 26845 4567 12864 3083 39960 1114 1120 22455 429 1483
internal_value=-0.00711347 -1.50273e-05 -0.00319935 -0.00252825 -0.00305263 -0.00201495 -0.00493976 -0.0129737 -0.00298268 0.00487623 0.0016987 0.00767423 -0.0260689 -0.00357956
internal_weight=343056 282154 98720 96288 94751 85779 58934 8972 53938 13978 183434 23575 4996 5889
internal_count=343056 282154 98720 96288 94751 85779 58934 8972 53938 13978 183434 23575 4996 5889
is_linear=0
shrinkage=0.04


Tree=85
num_leaves=15
num_cat=0
split_feature=3 2 13 12 13 13 10 0 13 1 14 2 1 12
split_gain=50251.4 956.072 926.352 385.339 356.95 509.294 509.921 660.535 468.376 447.02 409.9 606.928 363.897 360.493
threshold=1.0000000180025095e-35 76.161197500000014 688.62798463473371 188.12735854091702 254.05081887727795 315.69819775805632 15.193168500000001 8.3646339564684116 266.16836799851399 16.677544805704674 0.1905102278130846 142.85247800000002 50.058876730732855 77.115609989746915
decision_type=2 2 2 2 2 2 2 2 2 2 2 2 2 2
left_child=-1 2 -2 4 10 6 7 9 -9 -6 -3 -12 13 -7
right_child=1 3 -4 -5 5 12 -8 8 -10 -11 11 -13 -14 -15
leaf_value=-0.0038214148265801207 -0.00072337044902830887 0.00020605758015712156 -0.023826710542671565 0.02914749856347576 -0.0051005293896291201 0.00053975528281975161 0.021932982754088597 0.023486050051667436 0.00485549976927658 0.0062514840113734758 -0.029302741701998977 -0.0023330340038196428 0.0072093087751234838 -0.00031775948077157504
leaf_weight=61094 49043 5930 1268 5108 13402 11816 9589 2026 4738 8394 1280 3091 2298 163947
leaf_count=61094 49043 5930 1268 5108 13402 11816 9589 2026 4738 8394 1280 3091 2298 163947
internal_value=-0.00711157 1.5323e-05 -0.00498261 0.00110095 0.000855941 0.00120253 0.00539673 0.00271709 0.0136369 -0.000671683 -0.00641879 -0.0157127 0.000303941 9.71763e-05
internal_weight=343024 281930 50311 231619 226511 216210 38149 28560 6764 21796 10301 4371 178061 175763
internal_count=343024 281930 50311 231619 226511 216210 38149 28560 6764 21796 10301 4371 178061 175763
is_linear=0
shrinkage=0.04


Tree=86
num_leaves=15
num_cat=0
split_feature=3 2 15 2 0 13 13 0 13 11 10 3 11 11
split_gain=50246.2 888.486 1059.47 969.055 556.704 567.384 507.095 738.266 501.713 576.559 599.244 502.958 456.114 442.646
threshold=1.0000000180025095e-35 114.02258700000002 1.9769870124999758 1.0000000180025095e-35 11.35991453923179 266.16836799851399 483.74894686908766 0.87049708777917489 480.85936742582709 0.75275845831291355 -2.9646373300200421 17.229471500000006 2.0630346659082943 3.3094669020124661
decision_type=2 2 2 2 2 2 2 2 2 2 2 2 2 2
left_child=-1 2 -2 -4 -3 -6 8 -8 9 10 -5 -12 -10 -11
right_child=1 4 3 6 5 -7 7 -9 12 13 11 -13 -14 -15
leaf_value=-0.0036685582335169186 -0.023459565404423764 0.0012859499622209592 1.8709902375863094 -0.019243205008162612 0.024498213740411858 0.0050381150154461748 -0.0060658358151779628 0.00036036809403032109 0.003875292015519163 0.00046801543190992944 -0.0021130999177004562 0.0062219924860367473 -0.0066861923219725681 -0.0014065085310851053
leaf_weight=61050 2423 146970 869 3471 1094 16376 1259 36127 281 9993 2707 1005 2830 56594
leaf_count=61050 2423 146970 869 3471 1094 16376 1259 36127 281 9993 2707 1005 2830 56594
internal_value=-0.00709858 2.42554e-05 -0.00263119 -0.00208032 0.00192265 0.00867315 -0.00240034 0.00142085 -0.00425853 -0.00359496 -0.0143617 -0.00318966 -0.0199936 -0.00243351
internal_weight=343049 281999 117559 115136 164440 17470 114267 37386 76881 73770 7183 3712 3111 66587
internal_count=343049 281999 117559 115136 164440 17470 114267 37386 76881 73770 7183 3712 3111 66587
is_linear=0
shrinkage=0.04


Tree=87
num_leaves=15
num_cat=0
split_feature=3 2 11 2 14 3 0 13 14 11 12 11 15 13
split_gain=50292.8 771.885 1182.81 506.571 898.744 571.612 524.066 557.492 478.958 650.371 851.906 532.225 470.133 676.263
threshold=1.0000000180025095e-35 51.36115250000001 5.5854083315701963 114.02258700000002 0.21021760849986634 4.8170225000000011 11.35991453923179 266.16836799851399 0.19726957747197196 7.7846779265150312 66.746077331884678 1.3357815865830869 5.9796299179999872 263.48706550046819
decision_type=2 2 2 2 2 2 2 2 2 2 2 2 2 2
left_child=-1 2 -2 4 5 -3 12 -8 -7 11 -11 -10 13 -5
right_child=1 3 -4 6 -6 8 7 -9 9 10 -12 -13 -14 -15
leaf_value=-0.0035218159041762397 -2.2312827340682518e-05 0.0018417306598523453 -0.012866277764727149 -0.0034946156918918116 0.00087357086620884592 -0.00027518680824126311 0.023629489277618092 0.0047094615004773565 -0.0029916393714608438 -0.012025256789396064 -0.0034142940622516348 0.00056679013681417703 -0.0021071098440041802 0.005496826351288551
leaf_weight=60946 5142 5201 3040 13166 20362 38998 1101 16398 4900 2389 29055 8381 53119 80799
leaf_count=60946 5142 5201 3040 13166 20362 38998 1101 16398 4900 2389 29055 8381 53119 80799
internal_value=-0.00704974 7.02001e-05 -0.0120362 0.000431885 -0.00167926 -0.00341505 0.00183373 0.00837762 -0.00421437 -0.00703946 -0.0101743 0.000382501 0.00105518 0.00275549
internal_weight=342997 282051 8182 273869 109286 88924 164583 17499 83723 44725 31444 13281 147084 93965
internal_count=342997 282051 8182 273869 109286 88924 164583 17499 83723 44725 31444 13281 147084 93965
is_linear=0
shrinkage=0.04


Tree=88
num_leaves=15
num_cat=0
split_feature=7 2 15 2 0 13 13 11 12 11 12 2 2 14
split_gain=50304.7 749.666 1025.35 988.517 552.951 585.916 456.935 436.94 1592.22 926.025 689.053 646.931 634.329 597.534
threshold=1.0000000180025095e-35 109.26911500000001 1.9769870124999758 1.0000000180025095e-35 11.35991453923179 266.16836799851399 443.60715893120567 7.7846779265150312 73.239378924328733 0.75275845831291355 75.720411582408573 51.36115250000001 76.161197500000014 0.19726957747197196
decision_type=2 2 2 2 2 2 2 2 2 2 2 2 2 2
left_child=-1 2 6 -4 -3 -6 -2 9 -9 10 12 -11 -5 -10
right_child=1 4 3 7 5 -7 -8 8 13 11 -12 -13 -14 -15
leaf_value=-0.0033809432680091869 -0.00019066045838009416 0.00072470032044731961 1.7988163350319284 -0.0020871505037447949 0.022760537646129571 0.0039054694936017111 -0.022553764216952585 -0.0073516148864264073 0.002609884883170599 -0.00068583599153903662 -0.032072800803760723 0.00054249375136119495 0.0040861122689971044 -0.0023974367816438314
leaf_weight=61097 662 159552 883 5287 1136 22560 1764 7361 18791 4566 3383 26135 1930 27804
leaf_count=61097 662 159552 883 5287 1136 22560 1764 7361 18791 4566 3383 26135 1930 27804
internal_value=-0.0070963 3.71876e-05 -0.00277581 -0.00212773 0.00155025 0.00725186 -0.0284584 -0.00251824 -0.00488843 0.000578194 -0.00961509 0.00409759 -0.00263267 -0.00215731
internal_weight=342911 281814 98566 96140 183248 23696 2426 95257 53956 41301 10600 30701 7217 46595
internal_count=342911 281814 98566 96140 183248 23696 2426 95257 53956 41301 10600 30701 7217 46595
is_linear=0
shrinkage=0.04


Tree=89
num_leaves=15
num_cat=0
split_feature=3 9 14 9 11 0 11 12 15 11 1 3 11 14
split_gain=50279.2 659.117 572.072 713.135 928 501.44 492.236 661.742 629.903 691.604 456.679 644.301 422.199 904.211
threshold=1.0000000180025095e-35 1.6755712415217342e-05 0.21850692549482056 0.098648980094671504 4.0232481062020371 20.471902773488122 0.75275845831291355 76.192550450272577 7.5518605999999986 1.8023779829366811 13.552264638170998 15.312770500000001 26.453980851092162 0.21021760849986634
decision_type=2 2 2 2 2 2 2 2 2 2 2 2 2 2
left_child=-1 6 12 -4 -5 -6 7 -2 10 -10 -8 -12 -3 -14
right_child=1 2 3 4 5 -7 8 -9 9 -11 11 -13 13 -15
leaf_value=-0.0032457055372888278 -0.0014779501372877669 0.0013848568933772581 0.0051953607859033645 -0.0012802954326474314 -0.0091399194277199808 0.017196542800390673 -0.00042673697759957111 -0.050053237134969029 0.0012532205627145032 -0.0052662819513200534 0.062182082059168205 0.0034585757147122397 -0.0022358326138179046 0.0034823755444009143
leaf_weight=61096 4922 134699 1658 6344 4520 258 37261 1904 1152 6627 1203 5713 60271 15413
leaf_count=61096 4922 134699 1658 6344 4520 258 37261 1904 1152 6627 1203 5713 60271 15413
internal_value=-0.00710294 2.56788e-05 0.00101827 -0.00719875 -0.010847 -0.0241607 -0.00374264 -0.0138412 -0.00241589 -0.0129117 -0.000567716 0.00887218 0.00151742 -0.000873104
internal_weight=343041 281945 223163 12780 11122 4778 58782 6826 51956 7779 44177 6916 210383 75684
internal_count=343041 281945 223163 12780 11122 4778 58782 6826 51956 7779 44177 6916 210383 75684
is_linear=0
shrinkage=0.04


Tree=90
num_leaves=15
num_cat=0
split_feature=3 2 15 2 14 10 11 13 13 3 3 1 10 3
split_gain=50240.9 678.924 1057.81 959.652 741.775 487.161 520.768 617.897 432.795 428.308 567.223 1252.15 610.688 483.644
threshold=1.0000000180025095e-35 114.02258700000002 1.9769870124999758 1.0000000180025095e-35 0.21021760849986634 63.271152000000008 26.453980851092162 254.05081887727795 443.60715893120567 82.237004000000013 25.065184000000006 27.115465873415214 -31.846686557336238 32.814978500000002
decision_type=2 2 2 2 2 2 2 2 2 2 2 2 2 2
left_child=-1 2 8 -4 -5 6 7 -3 -2 10 11 -8 13 -12
right_child=1 5 3 4 -6 -7 9 -9 -10 -11 12 -13 -14 -15
leaf_value=-0.0031158773157972776 -0.00051397240998944942 -0.0061723951399932009 1.7241434729189384 -0.00096199607158633962 0.0005769392551592923 -0.0035535940651244993 0.0006108757265316947 0.0089572380591411566 -0.021442324091624661 0.0049415682781710837 0.04527395633141116 0.072033612577504735 -0.0058073311812140132 -0.00061953753968463073
leaf_weight=60990 681 4099 875 92649 21404 23649 22347 76342 1764 4310 1378 2387 17312 12689
leaf_count=60990 681 4099 875 92649 21404 23649 22347 76342 1764 4310 1378 2387 17312 12689
internal_value=-0.00708244 3.97324e-05 -0.00228434 -0.00173047 -0.00205063 0.00169786 0.00258973 0.0046976 -0.028319 -0.000216474 -0.00114982 0.00337996 -0.00472035 0.00147011
internal_weight=342876 281886 117373 114928 114053 164513 140864 80441 2445 60423 56113 24734 31379 14067
internal_count=342876 281886 117373 114928 114053 164513 140864 80441 2445 60423 56113 24734 31379 14067
is_linear=0
shrinkage=0.04


Tree=91
num_leaves=15
num_cat=0
split_feature=3 2 15 2 14 11 12 11 14 3 10 13 13 0
split_gain=50229.2 638.68 1084.52 955.541 661.816 479.365 1748.01 1017.27 504.457 729.028 505.42 451.729 591.586 479.467
threshold=1.0000000180025095e-35 114.02258700000002 1.9769870124999758 1.0000000180025095e-35 0.21021760849986634 6.1185970615374172 69.486393287357203 1.3357815865830869 0.19726957747197196 14.507422500000002 -12.765966659708159 466.27196737977994 263.48706550046819 11.35991453923179
decision_type=2 2 2 2 2 2 2 2 2 2 2 2 2 2
left_child=-1 2 -2 -4 5 7 -7 -5 9 10 -8 12 -3 -14
right_child=1 11 3 4 -6 6 8 -9 -10 -11 -12 -13 13 -15
leaf_value=-0.0029912422231653936 -0.019942817849761436 -0.0031800201386712112 1.6564037017493869 -0.0020461636995953826 0.00055169419748883456 -0.0065284808219254042 0.042192087869813905 0.00052310615056327947 -0.0028033044975868471 -0.0022085052129613416 0.0055779584653023661 -0.0014180822867210141 0.0043000078360796359 0.014348719575296825
leaf_weight=60918 2440 13155 875 11743 21373 5774 1511 18168 30511 18191 6829 44749 97853 8852
leaf_count=60918 2440 13155 875 11743 21373 5774 1511 18168 30511 18191 6829 44749 97853 8852
internal_value=-0.00706195 5.27615e-05 -0.00220108 -0.00164105 -0.00196039 -0.00342295 -0.00540754 0.000744876 -0.0032846 0.000749312 0.010542 0.00166042 0.00294076 0.00392746
internal_weight=342942 282024 117415 114975 114100 92727 62816 29911 57042 26531 8340 164609 119860 106705
internal_count=342942 282024 117415 114975 114100 92727 62816 29911 57042 26531 8340 164609 119860 106705
is_linear=0
shrinkage=0.04


Tree=92
num_leaves=15
num_cat=0
split_feature=3 2 11 3 2 14 14 10 13 12 1 3 11 12
split_gain=50343.8 617.274 1251.59 456.894 536.126 756.628 776.6 477.521 438.024 414.596 441.971 1317.37 646.821 807.054
threshold=1.0000000180025095e-35 51.36115250000001 6.1185970615374172 4.6613465000000014 124.9384955 0.21021760849986634 0.210843859845816 63.271152000000008 263.48706550046819 58.385048372846676 13.286500789304123 14.809363500000002 7.7846779265150312 69.486393287357203
decision_type=2 2 2 2 2 2 2 2 2 2 2 2 2 2
left_child=-1 2 -2 -3 5 9 -7 8 -6 -5 12 -12 -11 -14
right_child=1 3 -4 4 7 6 -8 -9 -10 10 11 -13 13 -15
leaf_value=-0.0028715925342387826 5.1017818804428573e-05 0.0027475499963745256 -0.013903609234574984 0.00052949094971774355 -0.004870708736869336 0.0080005778657059427 0.00027781116092178592 -0.0030161667151099537 0.0056485823037802961 -0.00013418986338055384 0.035238713967576461 -0.0012425817668481069 -0.0080423357073645726 -0.0036953625668522251
leaf_weight=61040 5350 4442 2806 2307 6828 2819 26717 23425 98152 25402 2977 46124 3971 30801
leaf_count=61040 5350 4442 2806 2307 6828 2819 26717 23425 98152 25402 2977 46124 3971 30801
internal_value=-0.00706222 6.42278e-05 -0.0107798 0.000387057 0.00017735 -0.0015244 0.00416847 0.00204758 0.00319985 -0.00303131 -0.00338559 -0.000569439 -0.00568352 -0.00922811
internal_weight=343161 282121 8156 273965 269523 141118 29536 128405 104980 111582 109275 49101 60174 34772
internal_count=343161 282121 8156 273965 269523 141118 29536 128405 104980 111582 109275 49101 60174 34772
is_linear=0
shrinkage=0.04


Tree=93
num_leaves=15
num_cat=0
split_feature=3 9 14 11 12 3 1 15 11 1 9 10 11 14
split_gain=50203.1 514.716 468.496 441.868 631.352 588.556 904.864 596.975 410.191 972.61 458.885 394.805 459.592 780.966
threshold=1.0000000180025095e-35 1.9346207713710765e-05 0.21785094171797917 0.75275845831291355 77.115609989746915 15.007663000000003 12.702278654596087 7.5518605999999986 7.7846779265150312 9.0444527533300221 0.25388682988047434 204.48121950000004 26.453980851092162 0.21021760849986634
decision_type=2 2 2 2 2 2 2 2 2 2 2 2 2 2
left_child=-1 3 11 4 -2 6 -5 -7 -4 -10 -11 12 -3 -14
right_child=1 2 8 5 -6 7 -8 -9 9 10 -12 -13 13 -15
leaf_value=-0.0027567288328692284 -0.0015256735019634781 0.001532008857775029 -0.00017470881230738033 3.4846379917963244e-05 -0.051356364986333371 -0.00063030060496955371 0.049480311035995865 -0.0045993277264317301 -0.016716344952178996 0.0091947780545574304 -0.0028521793753137747 -0.056208824507533901 -0.0021479507111223199 0.0031062520849839217
leaf_weight=61170 5230 128336 10171 24768 1726 19364 1670 6368 1894 1155 2904 2711 60149 15477
leaf_count=61170 5230 128336 10171 24768 1726 19364 1670 6368 1894 1155 2904 2711 60149 15477
internal_value=-0.00715153 -2.42619e-05 0.000856205 -0.00334202 -0.012812 -0.00207936 0.00211211 -0.00638582 -0.00571074 -0.0140501 -0.00300567 0.00136854 0.0015701 -0.000903393
internal_weight=343093 281923 222797 59126 6956 52170 26438 25732 16124 5953 4059 206673 203962 75626
internal_count=343093 281923 222797 59126 6956 52170 26438 25732 16124 5953 4059 206673 203962 75626
is_linear=0
shrinkage=0.04


Tree=94
num_leaves=15
num_cat=0
split_feature=3 2 15 2 14 13 11 12 11 14 3 0 10 15
split_gain=50159.4 579.519 1075.98 949.675 526.318 447.73 418.927 1689.9 928.168 461.536 645.882 467.349 440.906 572.516
threshold=1.0000000180025095e-35 114.02258700000002 1.9769870124999758 1.0000000180025095e-35 0.21021760849986634 443.60715893120567 6.1185970615374172 69.486393287357203 1.3357815865830869 0.19726957747197196 14.507422500000002 4.820578528762649 -2.5792329440057973 6.7514341424999467
decision_type=2 2 2 2 2 2 2 2 2 2 2 2 2 2
left_child=-1 2 5 -4 6 -2 8 -8 12 10 11 -9 13 -5
right_child=1 -3 3 4 -6 -7 7 9 -10 -11 -12 -13 -14 -15
leaf_value=-0.0026464596795544538 -0.00040693437855462202 0.0016341266043770081 1.5938928941844821 -0.017613375298416802 0.00045519374600365035 -0.018438218879311564 -0.0059736230582394167 -0.00022700540915812973 0.00049084371568219431 -0.0025940230035760813 -0.0019397299370027979 0.017776593372778277 -0.00015204460089523586 -8.2429258058248632e-05
leaf_weight=61096 664 164469 871 3322 21350 1785 5772 3796 18168 30509 18240 4521 6274 2156
leaf_count=61096 664 164469 871 3322 21350 1785 5772 3796 18168 30509 18240 4521 6274 2156
internal_value=-0.00714265 -2.14263e-05 -0.0021678 -0.00160899 -0.0019266 -0.0284034 -0.00322991 -0.00508482 0.000665775 -0.00299863 0.000857025 0.010095 -0.00809394 -0.0163855
internal_weight=342993 281897 117428 114979 114108 2449 92758 62838 29920 57066 26557 8317 11752 5478
internal_count=342993 281897 117428 114979 114108 2449 92758 62838 29920 57066 26557 8317 11752 5478
is_linear=0
shrinkage=0.04


Tree=95
num_leaves=15
num_cat=0
split_feature=3 2 13 11 12 11 10 3 15 13 12 2 0 3
split_gain=50037 554.941 993.688 669.063 1568.33 510.389 767.837 468.632 370.206 431.305 389.398 368.788 367.962 810.411
threshold=1.0000000180025095e-35 80.686260500000017 688.62798463473371 6.1185970615374172 69.486393287357203 1.3357815865830869 -3.8117481558608888 17.229471500000006 7.5518605999999986 282.46392299658419 80.987532344914982 51.830591500000004 13.780101518551467 15.608070500000002
decision_type=2 2 2 2 2 2 2 2 2 2 2 2 2 2
left_child=-1 2 3 5 -5 6 -2 -8 9 -6 11 -10 -3 -14
right_child=1 12 -4 4 8 -7 7 -9 10 -11 -12 -13 13 -15
leaf_value=-0.00254060129237228 -0.010121831950212252 0.00014319149800355203 -0.016567763183221125 -0.0063398405183767628 -0.011992584436461468 0.00040474500474610767 -0.0009061062893727012 0.0016576321822277952 -0.0054934054151400428 0.0015750030234631396 -0.0055886619215496222 0.0053095254930352808 0.057185971954888296 0.0022645112337509213
leaf_weight=60937 2530 199155 1253 6096 1967 17770 6469 2574 290 14131 3043 712 1482 24520
leaf_count=60937 2530 199155 1253 6096 1967 17770 6469 2574 290 14131 3043 712 1482 24520
internal_value=-0.00713139 -2.86533e-05 -0.00356048 -0.00276636 -0.00740729 0.00138363 -0.00515337 0.000296362 -0.0020275 0.000690769 -0.0128455 0.00878244 0.000862865 0.00533805
internal_weight=342929 281992 56835 55582 26239 29343 11573 9043 20143 16098 4045 1002 225157 26002
internal_count=342929 281992 56835 55582 26239 29343 11573 9043 20143 16098 4045 1002 225157 26002
is_linear=0
shrinkage=0.04


Tree=96
num_leaves=15
num_cat=0
split_feature=3 2 14 11 12 11 10 3 15 13 2 0 3 13
split_gain=50142.9 583.902 996.281 633.068 1551.77 500.538 697.864 394.262 385.558 410.168 372.037 364.907 847.135 517.104
threshold=1.0000000180025095e-35 80.686260500000017 0.23320872121670802 6.1185970615374172 69.486393287357203 1.3357815865830869 -4.0580262501474706 17.229471500000006 7.5518605999999986 282.46392299658419 243.14241050000004 13.363529632935768 15.312770500000001 268.7841962257441
decision_type=2 2 2 2 2 2 2 2 2 2 2 2 2 2
left_child=-1 2 3 5 -5 6 -2 -8 9 -6 11 -3 -13 -14
right_child=1 10 -4 4 8 -7 7 -9 -10 -11 -12 12 13 -15
leaf_value=-0.0024389772406773957 -0.012783084215954137 7.4479349928974206e-06 -0.015874325269417663 -0.0060212091229688448 -0.011697147811608355 0.00039891991488008041 -0.00095904659181529801 0.0013591146609542193 -0.0040399990565785646 0.0014954356531968393 0.032810492423644297 0.052598706409950645 0.02029183315495393 0.0012840076220213207
leaf_weight=61178 2289 192456 1255 6122 1923 17690 6581 2775 4040 14142 4412 1673 763 25736
leaf_count=61178 2289 192456 1255 6122 1923 17690 6581 2775 4040 14142 4412 1673 763 25736
internal_value=-0.00717443 -4.95287e-05 -0.00367284 -0.00287679 -0.00739238 0.00116039 -0.00527952 -0.000436084 -0.00202338 0.000754435 0.000865268 0.000635277 0.00488712 0.00314427
internal_weight=343035 281857 56817 55562 26227 29335 11645 9356 20105 16065 225040 220628 28172 26499
internal_count=343035 281857 56817 55562 26227 29335 11645 9356 20105 16065 225040 220628 28172 26499
is_linear=0
shrinkage=0.04


Tree=97
num_leaves=15
num_cat=0
split_feature=3 2 11 3 2 15 15 14 10 14 1 3 2 14
split_gain=50064.7 575.729 1758.01 398.376 439.858 738.41 649.229 491.026 644.352 610.944 466.735 1125.49 719.355 652.124
threshold=1.0000000180025095e-35 53.181915000000011 6.1185970615374172 4.6613465000000014 143.49676500000004 1.1937700325000125 6.3215550291249807 0.21021760849986634 31.014043000000004 0.210843859845816 13.286500789304123 14.307271000000002 56.3585165 0.20414199907131844
decision_type=2 2 2 2 2 2 2 2 2 2 2 2 2 2
left_child=-1 2 -2 -3 5 -5 -6 8 10 -9 12 -12 -7 -13
right_child=1 3 -4 4 6 7 -8 9 -10 -11 11 13 -14 -15
leaf_value=-0.0023414181510502986 3.5760123528874036e-05 0.0093825733387894201 -0.0071764761131116652 -0.018352198838130322 0.0056865247106703196 0.0011326134573343438 -0.011184777903624678 0.0073050325800287433 0.064427109450320069 0.00044082148420314284 0.037752338875812252 0.00073944445863766638 -0.0027378442139379456 -0.0045068642795307572
leaf_weight=61006 12455 3298 4553 1616 72656 7603 19635 3057 2188 32185 2843 52182 52643 14943
leaf_count=61006 12455 3298 4553 1616 72656 7603 19635 3057 2188 32185 2843 52182 52643 14943
internal_value=-0.00714559 -3.44856e-05 -0.00716839 0.000423638 0.000249435 -0.000961834 0.00247088 -0.000702441 -0.00181931 0.00349356 -0.00218103 4.11617e-05 -0.00476181 -0.00100291
internal_weight=342863 281857 17008 264849 261551 169260 92291 167644 132402 35242 130214 69968 60246 67125
internal_count=342863 281857 17008 264849 261551 169260 92291 167644 132402 35242 130214 69968 60246 67125
is_linear=0
shrinkage=0.04


Tree=98
num_leaves=15
num_cat=0
split_feature=3 2 11 15 9 12 3 3 2 15 15 10 3 11
split_gain=49994.1 571.536 1760.38 367.719 463.271 378.312 578.712 356.7 386.977 702.064 629.904 442.318 646.179 526.596
threshold=1.0000000180025095e-35 53.181915000000011 6.1185970615374172 4.4222012862499875 0.0001353728865257087 59.288137227547814 8.5360445000000009 4.6613465000000014 143.49676500000004 1.1937700325000125 6.3215550291249807 -29.467306571060409 26.318717500000002 7.7846779265150312
decision_type=2 2 2 2 2 2 2 2 2 2 2 2 2 2
left_child=-1 2 3 -2 5 -5 -7 -3 9 -9 -10 12 -11 -13
right_child=1 7 -4 4 -6 6 -8 8 10 11 -12 13 -14 -15
leaf_value=-0.0022477614250082925 -0.0007401909513609084 0.0088609291842661995 -0.0068729419972595098 0.00067729939072361136 1.1267952777044152 0.00037428933416400412 -0.0011755320206561493 -0.01710859735984906 0.0054400765362391029 0.069691754752287893 -0.011452200506823065 0.00037699865477290649 0.0013044088191625886 -0.0017296117152768814
leaf_weight=61034 2969 3288 4591 2691 627 3572 2602 1642 72769 1214 19551 35281 26578 104508
leaf_count=61034 2969 3288 4591 2691 627 3572 2602 1642 72769 1214 19551 35281 26578 104508
internal_value=-0.00717736 -7.05257e-05 -0.00716866 0.000632373 0.00447535 0.00212521 -0.00333009 0.000386511 0.000221914 -0.000914533 0.00230503 -0.000659502 0.00394934 -0.0015758
internal_weight=342917 281883 17052 12461 9492 8865 6174 264831 261543 169223 92320 167581 27792 139789
internal_count=342917 281883 17052 12461 9492 8865 6174 264831 261543 169223 92320 167581 27792 139789
is_linear=0
shrinkage=0.04


Tree=99
num_leaves=15
num_cat=0
split_feature=3 2 15 2 12 3 8 2 2 3 10 12 15 2
split_gain=49863.7 604.28 1184.97 1051.82 416.616 514.178 391.925 365.839 630.334 340.433 332.085 326.368 334.773 318.527
threshold=1.0000000180025095e-35 53.181915000000011 1.9769870124999758 1.0000000180025095e-35 59.288137227547814 11.271206000000001 0.99999990486857915 56.3585165 76.161197500000014 4.9776655000000005 264.83215400000006 69.486393287357203 6.1419733583750125 243.14241050000004
decision_type=2 2 2 2 2 2 2 2 2 2 2 2 2 2
left_child=-1 2 -2 -4 6 -6 -5 11 9 -9 13 12 -3 -10
right_child=1 7 3 4 5 -7 -8 8 10 -11 -12 -13 -14 -15
leaf_value=-0.0021578509680079527 -0.015738633850266161 0.001065581811309344 1.4868395928239198 -0.00045249751888837509 -0.00031252472513644493 -0.0020655706555829491 0.00074906028432142335 0.0060161663390993778 0.00034093795739782885 -0.0026299236876216048 -0.10012908633187886 0.0036454603988350254 -0.0051794353184297041 0.030343036990662018
leaf_weight=60947 1834 5280 859 1870 6114 3809 2551 2510 226227 21924 1009 2428 1145 4429
leaf_count=60947 1834 5280 859 1870 6114 3809 2551 2510 226227 21924 1009 2428 1145 4429
internal_value=-0.00719155 -0.000100571 -0.00740271 -0.00373874 -0.00631344 -0.0108637 0.00389957 0.000368972 9.26204e-05 -0.00601784 0.000737099 0.00836327 0.00364202 0.000837264
internal_weight=342936 281989 17037 15203 14344 9923 4421 264952 256099 24434 231665 8853 6425 230656
internal_count=342936 281989 17037 15203 14344 9923 4421 264952 256099 24434 231665 8853 6425 230656
is_linear=0
shrinkage=0.04


Tree=100
num_leaves=15
num_cat=0
split_feature=3 2 11 0 2 15 15 12 2 2 15 10 11 12
split_gain=49887.4 563.288 1675.37 346.292 436.064 559.356 554.567 494.406 451.325 440.432 394.025 447.858 375.999 454.362
threshold=1.0000000180025095e-35 53.181915000000011 6.1185970615374172 20.471902773488122 143.49676500000004 6.3215550291249807 1.1937700325000125 62.955002779311037 56.3585165 69.667267000000024 8.4516063852500043 30.324709500000001 4.1668295843704444 77.115609989746915
decision_type=2 2 2 2 2 2 2 2 2 2 2 2 2 2
left_child=-1 2 -2 4 6 -6 7 -3 -8 -10 11 -11 13 -12
right_child=1 3 -4 -5 5 -7 8 -9 9 10 12 -13 -14 -15
leaf_value=-0.0020715369292876318 2.2662281246290662e-05 0.0096921481394349404 -0.0064265580088455378 0.0050113029475224273 0.0052999976531125275 -0.010490303377365003 0.0013312555243613477 -0.021920384750525112 -0.0027121410683379745 -0.0012265400751458279 0.0017945458269386005 0.041031121137101806 0.00024699876868025937 -0.006796970804145595
leaf_weight=60985 12461 472 4564 9145 72806 19641 8830 1305 16202 106079 3285 3196 22681 1328
leaf_count=60985 12461 472 4564 9145 72806 19641 8830 1305 16202 106079 3285 3196 22681 1328
internal_value=-0.00719575 -0.00010142 -0.00715419 0.000351738 7.83348e-05 0.00227374 -0.00116393 -0.0233877 -0.000919549 -0.00142776 -0.000688004 -0.00176179 0.00361105 0.0140212
internal_weight=342980 281995 17025 264970 255825 92447 163378 1777 161601 152771 136569 109275 27294 4613
internal_count=342980 281995 17025 264970 255825 92447 163378 1777 161601 152771 136569 109275 27294 4613
is_linear=0
shrinkage=0.04


Tree=101
num_leaves=15
num_cat=0
split_feature=3 2 11 2 15 12 1 3 11 3 1 3 10 10
split_gain=49766.6 548.15 1616 345.619 496.524 333.186 339.963 1067.71 614.166 723.684 967.454 497.07 523.979 840.146
threshold=1.0000000180025095e-35 53.181915000000011 6.1185970615374172 1.0000000180025095e-35 1.7043119987500008 191.18754410622023 29.430816121047446 26.318717500000002 28.369190604143295 23.995311500000003 22.198066648479081 75.47086800000001 15.193168500000001 17.284826500000005
decision_type=2 2 2 2 2 2 2 2 2 2 2 2 2 2
left_child=-1 2 3 4 -2 6 8 -8 11 10 -10 12 -3 -14
right_child=1 5 -4 -5 -6 -7 7 -9 9 -11 -12 -13 13 -15
leaf_value=-0.0019886754521161267 -0.70421673082892289 -6.7079724843832626e-06 -0.006159063396961777 -8.8305217011868113e-05 1.3587223778993334 0.033428382749793928 0.07423706882277023 0.0010940509133501575 -0.003541805166370504 -0.0048087192959770644 0.032362107658666137 -0.0034221673423459275 0.028824141406204439 0.0066723443724328218
leaf_weight=61002 255 102785 4565 11491 759 3799 1894 28097 22215 26093 5341 25002 6943 42629
leaf_count=61002 255 102785 4565 11491 759 3799 1894 28097 22215 26093 5341 25002 6943 42629
internal_value=-0.00724216 -0.000152696 -0.00710018 0.000335866 0.0227219 0.000295168 0.000123985 0.00413057 -0.000396177 -0.00414621 0.00037451 0.000738164 0.00159599 0.00497378
internal_weight=342870 281868 17070 12505 1014 264798 260999 29991 231008 53649 27556 177359 152357 49572
internal_count=342870 281868 17070 12505 1014 264798 260999 29991 231008 53649 27556 177359 152357 49572
is_linear=0
shrinkage=0.04


Tree=102
num_leaves=15
num_cat=0
split_feature=3 2 11 10 10 10 15 0 3 1 2 1 3 11
split_gain=49758.3 510.1 1621.25 346.644 349.996 1088.42 923.717 535.155 703.104 721.045 684.517 607.169 723.121 497.273
threshold=1.0000000180025095e-35 53.181915000000011 6.1185970615374172 264.83215400000006 14.915202000000003 17.284826500000005 0.88182971749998285 4.6953296192532123 13.914262500000001 13.552264638170998 56.3585165 18.722759486617804 23.995311500000003 1.0101372834368427
decision_type=2 2 2 2 2 2 2 2 2 2 2 2 2 2
left_child=-1 2 -2 4 7 6 -6 10 9 13 -3 -10 -13 -9
right_child=1 3 -4 -5 5 -7 -8 8 11 -11 -12 12 -14 -15
leaf_value=-0.001909128434031473 3.5555735283478995e-05 0.001262596953775308 -0.0059730165099479747 -0.097766056507294141 -0.010640420817900793 0.0015506470750384338 0.033482850168274354 -0.032958563538618806 -0.00092383394513891992 0.057457115948735961 -0.0025782724938737899 0.02221249796407495 0.00057899240893517561 0.0079433171566330434
leaf_weight=60997 12510 8815 4571 1001 777 65451 7882 678 50134 1782 66700 8031 45720 7814
leaf_count=60997 12510 8815 4571 1001 777 65451 7882 678 50134 1782 66700 8031 45720 7814
internal_value=-0.00724336 -0.000154683 -0.0068544 0.000277508 0.000366664 0.00269761 0.0160249 -0.000544091 0.00118396 0.0111661 -0.00315646 0.000196756 0.00315008 0.00631182
internal_weight=342863 281866 17081 264785 263784 74110 8659 189674 114159 10274 75515 103885 53751 8492
internal_count=342863 281866 17081 264785 263784 74110 8659 189674 114159 10274 75515 103885 53751 8492
is_linear=0
shrinkage=0.04


Tree=103
num_leaves=15
num_cat=0
split_feature=3 2 11 2 15 13 13 3 10 10 11 11 0 3
split_gain=49926.8 531.276 1560.01 334.293 503.627 346.181 405.616 315.096 313.082 763.689 631.394 954.147 685.711 937.006
threshold=1.0000000180025095e-35 53.181915000000011 6.1185970615374172 1.0000000180025095e-35 1.7043119987500008 489.9297408757842 319.98239128436597 263.47241000000002 14.085437500000003 17.284826500000005 1.1863852551674452 3.3094669020124661 4.6547498561558323 14.206603500000002
decision_type=2 2 2 2 2 2 2 2 2 2 2 2 2 2
left_child=-1 2 3 4 -2 6 -5 8 10 -10 -3 -12 -13 -14
right_child=1 7 -4 5 -6 -7 -8 -9 9 -11 11 12 13 -15
leaf_value=-0.001832763296670219 -0.67604948382517738 -0.0043337854652695284 -0.0057188833219882704 -0.0019152107229687232 1.3038404464823325 -0.0020120829286127328 0.00022296898328532321 -0.092417880925496798 0.017410504216798978 0.0014363185279193046 0.0015309953334025094 -0.0021297723820203817 0.013104999944492967 9.2431569314227471e-05
leaf_weight=61023 256 16074 4578 1680 750 1046 8710 1016 12034 65533 6992 54998 10574 97810
leaf_count=61023 256 16074 4578 1680 750 1046 8710 1016 12034 65533 6992 54998 10574 97810
internal_value=-0.00719425 -9.65783e-05 -0.00694712 0.00039865 0.022505 -0.001546 0.000662175 0.000343356 0.000428915 0.00256449 -0.000459538 0.000255438 -0.00036381 0.00148214
internal_weight=343074 282051 17020 12442 1006 11436 10390 265031 264015 77567 186448 170374 163382 108384
internal_count=343074 282051 17020 12442 1006 11436 10390 265031 264015 77567 186448 170374 163382 108384
is_linear=0
shrinkage=0.04


Tree=104
num_leaves=15
num_cat=0
split_feature=7 2 11 2 15 10 11 12 11 10 10 12 15 10
split_gain=50006.8 476.283 1530.88 320.428 498.917 319.858 326.83 1148.9 571.992 807.271 709.322 636.645 607.915 668.999
threshold=1.0000000180025095e-35 53.181915000000011 6.1185970615374172 1.0000000180025095e-35 1.7043119987500008 264.83215400000006 7.7846779265150312 73.239378924328733 1.1863852551674452 14.085437500000003 17.284826500000005 63.532759689520354 0.88182971749998285 15.471221500000002
decision_type=2 2 2 2 2 2 2 2 2 2 2 2 2 2
left_child=-1 2 3 4 -2 6 8 -8 9 11 12 -3 -11 -14
right_child=1 5 -4 -5 -6 -7 7 -9 -10 10 -12 -13 13 -15
leaf_value=-0.0017594527648034132 -0.64900750447217004 0.0012462720059558308 -0.0053988582212797101 -5.9141459908644834e-05 1.2512577493352806 -0.090949358971557967 -0.0051498553164479825 -5.7540211812565637e-05 0.000761829783827217 -0.0072054555686516331 0.0014653082469903201 -0.0087467248360335956 0.0060513612388993689 0.038853250065678913
leaf_weight=61026 253 2746 4559 11464 745 1016 5476 146356 18427 1098 65479 13414 4869 6000
leaf_count=61026 253 2746 4559 11464 745 1016 5476 146356 18427 1098 65479 13414 4869 6000
internal_value=-0.00717048 -6.35682e-05 -0.00654956 0.000706147 0.0224449 0.000353215 0.000439467 -0.000769798 0.00207832 0.000810204 0.00250704 -0.00732178 0.0114615 0.014327
internal_weight=342928 281902 17021 12462 998 264881 263865 151832 112033 93606 77446 16160 11967 10869
internal_count=342928 281902 17021 12462 998 264881 263865 151832 112033 93606 77446 16160 11967 10869
is_linear=0
shrinkage=0.04


Tree=105
num_leaves=15
num_cat=0
split_feature=3 2 15 2 3 1 9 13 15 10 10 12 11 13
split_gain=49882.2 474.933 1150.09 1043.2 359.344 422.88 360.518 442.712 379.394 378.261 329.114 392.379 732.646 448.594
threshold=1.0000000180025095e-35 51.36115250000001 1.9769870124999758 1.0000000180025095e-35 4.7422635000000009 4.3290422922797012 1.6755712415217342e-05 263.48706550046819 4.9491151967499869 111.41423800000001 -39.513758671631457 80.987532344914982 4.3298965093642234 466.27196737977994
decision_type=2 2 2 2 2 2 2 2 2 2 2 2 2 2
left_child=-1 2 -2 -4 5 -3 -6 -8 9 -9 -10 12 -12 -13
right_child=1 4 3 -5 6 -7 7 8 10 -11 11 13 -14 -15
leaf_value=-0.0016890746542112822 -0.013962020881981516 0.00051514044600436298 1.2908833992005504 -0.00053131388793852712 -0.00079273877459999479 0.023680147070525237 -0.0036993219578895301 0.0045921783342627439 0.0034168894665819799 -0.0056286967773237018 0.00100420052711657 0.00062665814278246802 -0.00027870364883730403 -0.0022460208897921402
leaf_weight=61064 1823 3954 874 5499 50017 1373 13225 67383 12076 3630 6949 65107 5776 44450
leaf_count=61064 1823 3954 874 5499 50017 1373 13225 67383 12076 3630 6949 65107 5776 44450
internal_value=-0.00722098 -0.000126464 -0.00961445 -0.0016005 0.000157407 0.0104449 -4.66098e-05 0.000654358 0.00111116 0.00347598 -0.000138734 -0.000760864 0.00588762 -0.00153308
internal_weight=343200 282136 8196 6373 273940 5327 268613 218596 205371 71013 134358 122282 12725 109557
internal_count=343200 282136 8196 6373 273940 5327 268613 218596 205371 71013 134358 122282 12725 109557
is_linear=0
shrinkage=0.04


Tree=106
num_leaves=15
num_cat=0
split_feature=3 2 11 0 11 12 3 1 1 3 1 3 1 0
split_gain=49915.6 495.627 985.042 334.091 420.253 1710.96 439.944 1092.74 666.988 991.48 468.881 1514.71 443.233 430.634
threshold=1.0000000180025095e-35 50.679466000000005 3.1894896551473049 20.471902773488122 7.7846779265150312 73.239378924328733 14.411417000000002 13.813184007133815 17.922076232237135 19.320970000000006 27.562864144813982 25.239035000000005 20.966100440117184 6.182403668254719
decision_type=2 2 2 2 2 2 2 2 2 2 2 2 2 2
left_child=-1 2 -2 4 -3 -6 7 -7 -8 12 13 -12 -10 -11
right_child=1 3 -4 -5 5 6 8 -9 9 10 11 -13 -14 -15
leaf_value=-0.0016215116680428389 0.27282877837682323 0.00036137757355000135 -0.012319946678171973 0.0048078657753804922 -0.0049293178611250444 0.00051002554584014261 -0.0025792743371843008 0.04512949875105593 0.01671528929618319 -0.0073711131687561743 0.071810782428762071 0.00028089618370156556 0.093895182743051961 0.00021946906833609115
leaf_weight=61041 1323 124213 2520 9108 7345 16679 45205 3463 2754 16011 2655 29035 1631 20232
leaf_count=61041 1323 124213 2520 9108 7345 16679 45205 3463 2754 16011 2655 29035 1631 20232
internal_value=-0.00720237 -0.000107451 -0.0143742 8.95337e-05 -0.000165365 -0.00162803 -0.000624414 0.00483765 -0.00156055 0.000821925 -0.00036801 0.00318586 0.0192566 -0.00347543
internal_weight=343215 282174 3843 278331 269223 145010 137665 20142 117523 72318 67933 31690 4385 36243
internal_count=343215 282174 3843 278331 269223 145010 137665 20142 117523 72318 67933 31690 4385 36243
is_linear=0
shrinkage=0.04


Tree=107
num_leaves=15
num_cat=0
split_feature=3 2 15 2 3 10 9 13 11 2 3 10 3 10
split_gain=49941 583.29 995.451 1089.68 316.961 474.317 440.942 373.018 342.312 518.658 473.87 393.705 508.872 1165.25
threshold=1.0000000180025095e-35 50.679466000000005 1.9769870124999758 1.0000000180025095e-35 4.8170225000000011 -4.670151632047653 1.9346207713710765e-05 263.48706550046819 26.453980851092162 81.949401500000008 93.086963000000011 -39.513758671631457 25.239035000000005 -27.70364877582028
decision_type=2 2 2 2 2 2 2 2 2 2 2 2 2 2
left_child=-1 2 -2 -4 5 -3 -6 -8 10 -10 -9 -11 13 -13
right_child=1 4 3 -5 6 -7 7 8 9 11 -12 12 -14 -15
leaf_value=-0.0015566512013211308 -0.012804674522104662 0.03567325708350938 1.231012452464199 -0.010173125360355978 -0.00071284198004725849 0.00045205473995981295 -0.00341283409133051 0.0016360151374617481 -0.019945855157249632 0.0033339735373869661 -0.0039007180355008853 0.065538796748594363 -0.0022799784756369012 -0.0001939134545311827
leaf_weight=61102 1812 1001 866 1141 52589 6225 13222 110299 1088 12051 18818 2163 37341 23373
leaf_count=61102 1812 1001 866 1141 52589 6225 13222 110299 1088 12051 18818 2163 37341 23373
internal_value=-0.00721523 -0.000111352 -0.0156376 0.00376682 0.000101808 0.00836978 -0.000118696 0.000673216 0.00109295 -0.00103662 0.00234671 -0.00063848 -0.00190785 0.00244361
internal_weight=343091 281989 3819 2007 278170 7226 270944 218355 205133 76016 129117 74928 62877 25536
internal_count=343091 281989 3819 2007 278170 7226 270944 218355 205133 76016 129117 74928 62877 25536
is_linear=0
shrinkage=0.04


Tree=108
num_leaves=15
num_cat=0
split_feature=3 2 15 2 3 10 10 10 15 10 3 11 11 12
split_gain=49867.6 504.471 1053.62 1014.15 305.97 403.423 334.305 972.771 849.616 649.22 1295.3 672.825 933.224 874.648
threshold=1.0000000180025095e-35 51.36115250000001 1.9769870124999758 1.0000000180025095e-35 4.8170225000000011 -4.5332543505473355 14.915202000000003 17.284826500000005 0.88182971749998285 -14.000764188978614 14.809363500000002 7.7846779265150312 1.3357815865830869 73.239378924328733
decision_type=2 2 2 2 2 2 2 2 2 2 2 2 2 2
left_child=-1 2 -2 -4 5 -3 9 8 -8 10 -6 12 -11 -13
right_child=1 4 3 -5 6 -7 7 -9 -10 11 -12 13 -14 -15
leaf_value=-0.0014943851532682828 -0.012470328727743904 0.026935067013749443 1.1811953247269591 -0.00059700215579498565 0.039301949552629306 0.00057182578147489953 -0.010489564618258545 0.00097683084996642573 0.03041151953525054 -0.0024101689663339745 0.00020007072695505502 -0.0046987804550494006 0.00043443585402485496 -0.0023103547774706492
leaf_weight=61037 1789 1227 871 5496 4119 4948 773 66458 7905 19986 100329 6544 21061 40487
leaf_count=61037 1789 1227 871 5496 4119 4948 773 66458 7905 19986 100329 6544 21061 40487
internal_value=-0.00721873 -0.000123265 -0.00992643 -0.00230564 0.000168714 0.00897166 -3.43717e-05 0.00222849 0.0148237 -0.000917486 0.00121553 -0.00344694 0.000295271 -0.00671302
internal_weight=343030 281993 8156 6367 273837 6175 267662 75136 8678 192526 104448 88078 41047 47031
internal_count=343030 281993 8156 6367 273837 6175 267662 75136 8678 192526 104448 88078 41047 47031
is_linear=0
shrinkage=0.04


Tree=109
num_leaves=15
num_cat=0
split_feature=3 2 15 2 2 1 3 11 12 3 1 9 1 3
split_gain=49870.7 506.671 978.364 972.924 309.414 309.319 896.396 488.906 709.675 614.319 644.829 636.165 433.747 969.099
threshold=1.0000000180025095e-35 50.679466000000005 1.9769870124999758 1.0000000180025095e-35 266.42723100000006 29.686725888564442 26.318717500000002 28.369190604143295 84.333234351727 24.712772500000003 24.563384603986979 0.44753075450733987 14.052172869228977 15.212283500000002
decision_type=2 2 2 2 2 2 2 2 2 2 2 2 2 2
left_child=-1 2 -2 -4 5 7 -7 12 -9 10 11 -10 -3 -14
right_child=1 4 3 -5 -6 6 -8 8 9 -11 -12 -13 13 -15
leaf_value=-0.0014346097471375429 -0.011891855162984726 -9.9759430930435045e-05 1.1344144306831934 -0.0098095045334935099 0.046172597305453082 0.069344128135696445 0.0010714249143581468 -0.024987004401277924 0.0085819055804730992 -0.0039032603867944007 0.033219573380068604 -0.0067961932183346098 0.039802734769284247 0.0016028003107333543
leaf_weight=61194 1812 163072 863 1137 1088 1730 27531 1828 9515 24721 3490 14869 2458 27901
leaf_count=61194 1812 163072 863 1137 1088 1730 27531 1828 9515 24721 3490 14869 2458 27901
internal_value=-0.00726706 -0.000164388 -0.0146485 0.00464 3.40758e-05 -4.95101e-05 0.00383992 -0.000508687 -0.00385793 -0.00300637 0.00106479 -0.00123688 0.000433643 0.00482361
internal_weight=343209 282015 3812 2000 278203 277115 29261 247854 54423 52595 27874 24384 193431 30359
internal_count=343209 282015 3812 2000 278203 277115 29261 247854 54423 52595 27874 24384 193431 30359
is_linear=0
shrinkage=0.04


Tree=110
num_leaves=15
num_cat=0
split_feature=3 2 15 2 12 0 3 1 15 0 10 10 15 13
split_gain=49899.2 438.54 988.881 858.009 301.784 296.423 343.671 289.886 336.132 407.798 465.186 669.969 784.061 500.075
threshold=1.0000000180025095e-35 50.679466000000005 1.9769870124999758 1.0000000180025095e-35 195.10987148790701 20.471902773488122 24.531418500000004 50.058876730732855 6.532326244750025 13.215286564046613 15.193168500000001 17.284826500000005 0.88182971749998285 254.05081887727795
decision_type=2 2 2 2 2 2 2 2 2 2 2 2 2 2
left_child=-1 2 -2 -4 5 7 -7 8 9 10 -3 12 -12 -13
right_child=1 4 3 -5 -6 6 -8 -9 -10 -11 11 13 -14 -15
leaf_value=-0.0013772253572520478 -0.011424210894209495 -0.00044302921207584501 1.0887767755750062 -0.0093709945351722109 0.039977834984279877 0.06294775333381035 0.0026899557486287484 0.0061649219658092419 -0.00075508980422015262 0.0057892677915316734 -0.010436084048258749 -0.0040981091599796415 0.035025830838339579 0.0064659033760781567
leaf_weight=61019 1804 111252 874 1139 2666 953 8221 2317 88030 11309 684 6774 5541 40342
leaf_count=61019 1804 111252 874 1139 2666 953 8221 2317 88030 11309 684 6774 5541 40342
internal_value=-0.00720356 -0.000104716 -0.0135709 0.00570293 8.01182e-05 -4.95238e-05 0.00701984 -0.000293109 -0.000416774 0.000593057 8.82176e-05 0.0031593 0.0154924 0.00152984
internal_weight=342925 281906 3817 2013 278089 275423 9174 266249 263932 175902 164593 53341 6225 47116
internal_count=342925 281906 3817 2013 278089 275423 9174 266249 263932 175902 164593 53341 6225 47116
is_linear=0
shrinkage=0.04


Tree=111
num_leaves=15
num_cat=0
split_feature=3 2 15 2 2 10 1 3 11 12 3 0 1 3
split_gain=49916.1 412.122 987.384 776.88 293.444 290.966 273.966 1193.81 504.204 1380.19 494.212 1019.96 521.62 535.536
threshold=1.0000000180025095e-35 50.679466000000005 1.9769870124999758 1.0000000180025095e-35 266.42723100000006 264.83215400000006 28.378002947173769 25.714486000000004 7.4180045663912741 73.239378924328733 14.206603500000002 9.1492347060736012 15.534433301505135 4.9776655000000005
decision_type=2 2 2 2 2 2 2 2 2 2 2 2 2 2
left_child=-1 2 -2 -4 5 6 8 -8 -3 -10 11 12 13 -11
right_child=1 4 3 -5 -6 -7 7 -9 9 10 -12 -13 -14 -15
leaf_value=-0.0013221363429619616 -0.010865170696356152 0.00033615797095776223 1.0446310695422403 -0.0091203739355640145 0.043342823247848584 -0.086059309677767828 0.06493489684926762 0.00068421683270685808 -0.0041781305787338494 0.012971907187248841 -0.0013216537814440034 0.030077277778622138 0.059048358562810134 -0.0047758187838013565
leaf_weight=61091 1836 121601 866 1151 1109 1015 2349 31327 7801 3247 93901 3849 1019 11014
leaf_count=61091 1836 121601 866 1151 1109 1015 2349 31327 7801 3247 93901 3849 1019 11014
internal_value=-0.00721892 -0.000119538 -0.0131119 0.00620724 6.03813e-05 -2.17954e-05 5.67894e-05 0.00343746 -0.000412817 -0.0022428 -0.0011197 0.00474045 0.000104712 -0.00187084
internal_weight=343176 282085 3853 2017 278232 277123 276108 33676 242432 120831 113030 19129 15280 14261
internal_count=343176 282085 3853 2017 278232 277123 276108 33676 242432 120831 113030 19129 15280 14261
is_linear=0
shrinkage=0.04


Tree=112
num_leaves=15
num_cat=0
split_feature=3 2 11 15 14 2 2 2 11 13 14 2 2 13
split_gain=49920.4 358.151 1254.99 371.218 338.882 292.95 295.841 405.452 316.087 289.556 358.042 489.579 372.427 301.315
threshold=1.0000000180025095e-35 53.181915000000011 6.4981292031201177 4.4222012862499875 0.18742964826238592 266.42723100000006 56.3585165 69.667267000000024 29.684692167291548 254.05081887727795 0.1905102278130846 141.68468450000003 188.60717800000003 315.69819775805632
decision_type=2 2 2 2 2 2 2 2 2 2 2 2 2 2
left_child=-1 2 3 -2 -4 6 -3 8 -8 10 -9 -12 -13 -11
right_child=1 5 4 -5 -6 -7 7 9 -10 13 11 12 -14 -15
leaf_value=-0.0012692508892434872 -0.000840022365724451 0.0013113199382704633 0.0031187682009710472 0.00026114476002275566 -0.0057367834866736446 0.041745040263899857 -0.0015091179824155976 5.4636888498289797e-05 -0.026401880209102987 0.0036556481100646953 -0.025581272225383637 0.0017301658722211717 -0.0091113694166236447 -3.0620633728608017e-05
leaf_weight=61060 2979 8904 261 9746 4043 1110 15485 6147 1169 42334 1248 1726 1470 185548
leaf_count=61060 2979 8904 261 9746 4043 1110 15485 6147 1169 42334 1248 1726 1470 185548
internal_value=-0.00720683 -0.000110572 -0.00573375 0.000581532 -0.0244052 0.000250584 0.000164375 -8.57612e-05 -0.00611985 0.000335635 -0.00612973 -0.0147795 -0.0064831 0.000636119
internal_weight=343230 282170 17029 12725 4304 265141 264031 255127 16654 238473 10591 4444 3196 227882
internal_count=343230 282170 17029 12725 4304 265141 264031 255127 16654 238473 10591 4444 3196 227882
is_linear=0
shrinkage=0.04


Tree=113
num_leaves=15
num_cat=0
split_feature=3 2 11 15 2 2 12 11 11 0 15 14 3 2
split_gain=49849.5 331.664 1228.19 354.348 332.622 369.89 358.905 345.204 378.63 304.69 474.364 347.003 325.805 324.7
threshold=1.0000000180025095e-35 53.463092500000009 6.4981292031201177 4.4222012862499875 56.3585165 76.161197500000014 61.425055009979765 2.1661928525916028 31.87350917176062 2.8549046987120437 5.0983766455000117 0.20515559400079877 14.411417000000002 65.538776500000012
decision_type=2 2 2 2 2 2 2 2 2 2 2 2 2 2
left_child=-1 2 3 -2 -3 6 -6 -8 9 11 -11 12 -9 -12
right_child=1 4 -4 -5 5 -7 7 8 -10 10 13 -13 -14 -15
leaf_value=-0.0012184808536737535 -0.00055151467689583454 0.0014675410915947708 -0.0046018882628058935 0.00026741373148087889 0.002469405632097672 0.00024379922466097881 -0.0061660160773790726 -0.0027694035976193287 -0.028491304475213416 0.0042152861873892798 0.0020768827178614833 0.025140639161754363 -0.0097127080086840244 -0.0027919007910771577
leaf_weight=61023 3277 7758 4471 10398 1552 231598 4306 2155 1522 4846 2995 329 1190 5515
leaf_count=61023 3277 7758 4471 10398 1552 231598 4306 2155 1522 4846 2995 329 1190 5515
internal_value=-0.00722108 -0.000125713 -0.00535655 0.000593784 0.000234147 -1.31246e-05 -0.00469644 -0.00596028 -0.00359207 -0.00188373 0.000922432 -0.0120849 -0.0159402 -0.00476616
internal_weight=342935 281912 18146 13675 263766 256008 24410 22858 18552 17030 13356 3674 3345 8510
internal_count=342935 281912 18146 13675 263766 256008 24410 22858 18552 17030 13356 3674 3345 8510
is_linear=0
shrinkage=0.04


Tree=114
num_leaves=15
num_cat=0
split_feature=3 2 11 14 15 10 3 12 3 10 0 11 12 3
split_gain=49801.5 335.622 1195.61 343.553 311.735 283.874 327.446 449.081 278.615 299.136 270.426 359.116 967.103 488.466
threshold=1.0000000180025095e-35 53.181915000000011 6.4981292031201177 0.18742964826238592 4.4222012862499875 -1.0000000180025095e-35 8.5360445000000009 59.288137227547814 4.6613465000000014 -4.670151632047653 20.471902773488122 7.7846779265150312 73.239378924328733 14.206603500000002
decision_type=2 2 2 2 2 2 2 2 2 2 2 2 2 2
left_child=-1 2 4 -4 -2 6 -6 -8 9 -3 11 13 -13 -10
right_child=1 8 3 -5 5 -7 7 -9 10 -11 -12 12 -14 -15
leaf_value=-0.0011697416195267961 -0.00074662451304886802 0.033737976289744898 0.0022251601685324297 -0.005214080312804752 0.00044442821690687139 0.81433627028365385 0.00059952536994025253 -0.0010694114323224113 -0.0026291878997527674 0.0025131557979674482 0.0044466780035837252 -0.0044727379848224077 -0.00053080757988418711 0.00099610412880423598
leaf_weight=60888 3000 760 258 4080 5305 561 1277 2597 15182 2567 9084 5316 135613 96164
leaf_count=60888 3000 760 258 4080 5305 561 1277 2597 15182 2567 9084 5316 135613 96164
internal_value=-0.00719564 -0.000106756 -0.00554163 -0.0236791 0.000634223 0.00410678 0.00241856 -0.0064223 0.000243912 0.0117463 9.74904e-05 -0.000146665 -0.00148813 0.0015512
internal_weight=342652 281764 17078 4338 12740 9740 9179 3874 264686 3327 261359 252275 140929 111346
internal_count=342652 281764 17078 4338 12740 9740 9179 3874 264686 3327 261359 252275 140929 111346
is_linear=0
shrinkage=0.04


Tree=115
num_leaves=15
num_cat=0
split_feature=3 2 15 2 10 15 10 10 15 0 11 3 15 11
split_gain=49791.8 326.128 887.249 614.385 258.859 296.718 280.716 913.363 738.527 451.516 600.734 739.425 607.017 556.738
threshold=1.0000000180025095e-35 50.679466000000005 1.9769870124999758 1.0000000180025095e-35 264.83215400000006 10.466102582375003 15.193168500000001 17.284826500000005 0.88182971749998285 4.6953296192532123 1.0101372834368427 14.008975500000002 5.9796299179999872 6.1185970615374172
decision_type=2 2 2 2 2 2 2 2 2 2 2 2 2 2
left_child=-1 2 -2 -4 6 -6 9 8 -8 13 12 -12 -11 -3
right_child=1 4 3 -5 5 -7 7 -9 -10 10 11 -13 -14 -15
leaf_value=-0.00112295195474573 -0.0098894874926755711 0.00010050217736706557 0.97130927804313816 -0.0086492048078771512 -0.10437566953083798 0.085979766491263099 -0.010219001745592654 0.0011635059994366803 0.030970861586900437 -0.043423875414773681 0.010730177350503753 0.00018287117746121351 -0.0011015684639825451 -0.002799584656857217
leaf_weight=60960 1796 36939 880 1141 806 193 673 65436 6938 1480 9969 99890 2983 53010
leaf_count=60960 1796 36939 880 1141 806 193 673 65436 6938 1480 9969 99890 2983 53010
internal_value=-0.00721785 -0.000134688 -0.0117474 0.00643246 2.45763e-05 -0.0203003 9.77939e-05 0.00222596 0.015341 -0.000663237 0.00100488 0.00158931 -0.0133811 -0.00278336
internal_weight=343094 282134 3817 2021 278317 999 277318 73047 7611 204271 114322 109859 4463 89949
internal_count=343094 282134 3817 2021 278317 999 277318 73047 7611 204271 114322 109859 4463 89949
is_linear=0
shrinkage=0.04


Tree=116
num_leaves=15
num_cat=0
split_feature=3 2 15 2 2 1 15 3 10 10 15 11 10 3
split_gain=49762.2 329.874 825.997 527.347 263.544 260.033 287.691 362.154 266.443 574.641 717.862 533.304 688.965 507.364
threshold=1.0000000180025095e-35 50.679466000000005 1.9769870124999758 1.0000000180025095e-35 266.42723100000006 50.058876730732855 6.532326244750025 263.47241000000002 15.193168500000001 17.284826500000005 0.88182971749998285 1.0000000180025095e-35 -4.2983382446551444 18.520662000000005
decision_type=2 2 2 2 2 2 2 2 2 2 2 2 2 2
left_child=-1 2 -2 -4 5 6 7 8 11 10 -10 12 -3 -11
right_child=1 4 3 -5 -6 -7 -8 -9 9 13 -12 -13 -14 -15
leaf_value=-0.0010780338765558994 -0.0093676701237058423 -0.029098216024092859 0.93458573416754687 -0.0082014779117060583 0.039334426548879441 0.006044473100744025 -0.00058198327166055993 -0.125239721057715 -0.0095526667008898874 -0.054596520763292064 0.033181575834897593 0.00025214456016508179 -0.0028150285595479473 0.003550628282892996
leaf_weight=60947 1799 1991 873 1133 1095 2285 94205 512 682 1458 5710 112457 11794 45024
leaf_count=60947 1799 1991 873 1133 1095 2285 94205 512 682 1458 5710 112457 11794 45024
internal_value=-0.00723501 -0.00012896 -0.0118265 0.00582253 3.16002e-05 -4.60673e-05 -0.000158199 0.000780725 0.00087675 0.00326058 0.0145056 -0.000121671 -0.00754733 0.00171421
internal_weight=341965 281018 3805 2006 277213 276118 273833 179628 179116 52874 6392 126242 13785 46482
internal_count=341965 281018 3805 2006 277213 276118 273833 179628 179116 52874 6392 126242 13785 46482
is_linear=0
shrinkage=0.04


Tree=117
num_leaves=15
num_cat=0
split_feature=3 2 15 2 2 0 3 12 11 12 10 3 1 13
split_gain=49741.8 342.906 797.518 518.485 266.49 263.393 779.505 502.11 466.53 1349.73 418.066 575.193 556.528 408.622
threshold=1.0000000180025095e-35 50.679466000000005 1.9769870124999758 1.0000000180025095e-35 266.42723100000006 13.363529632935768 15.312770500000001 118.74337070827598 7.7846779265150312 73.239378924328733 63.271152000000008 57.214565000000007 8.3022538095437284 268.7841962257441
decision_type=2 2 2 2 2 2 2 2 2 2 2 2 2 2
left_child=-1 2 -2 -4 5 8 -7 -8 10 -10 11 -3 -13 -9
right_child=1 4 3 -5 -6 6 7 13 9 -11 -12 12 -14 -15
leaf_value=-0.0010349125214936627 -0.0091956572579665868 0.00039514402006441963 0.89509056739846071 -0.0080806970658524775 0.037411080994165589 0.043484600282840853 -0.0031055227178542122 0.018308741619018038 -0.0038775669433610284 -0.00071748609208975632 -0.0033642792393749413 0.0053982019978744992 -0.0071188776340493035 0.0022419331425970837
leaf_weight=60930 1796 95652 872 1148 1117 1714 5731 770 7307 117330 24024 2654 445 21462
leaf_count=60930 1796 95652 872 1148 1117 1714 5731 770 7307 117330 24024 2654 445 21462
internal_value=-0.00722597 -0.000145237 -0.0120545 0.00518812 1.81161e-05 -6.0486e-05 0.00350035 0.00189536 -0.000487608 -0.00221154 0.00126247 0.00241375 0.019374 0.00461677
internal_weight=342952 282022 3816 2020 278206 277089 29677 27963 247412 124637 122775 98751 3099 22232
internal_count=342952 282022 3816 2020 278206 277089 29677 27963 247412 124637 122775 98751 3099 22232
is_linear=0
shrinkage=0.04


Tree=118
num_leaves=15
num_cat=0
split_feature=3 1 3 11 12 3 1 8 0 3 1 1 3 11
split_gain=49801.5 270.315 904.758 435.553 747.366 496.927 824.085 570.141 503.15 402.925 400.338 377.086 807.065 750.694
threshold=1.0000000180025095e-35 29.430816121047446 26.166191000000005 26.453980851092162 84.333234351727 23.813500000000005 22.198066648479081 0.58352763558444531 2.1298136880083303 20.302374500000003 25.935131121964925 14.052172869228977 15.115182000000003 7.7846779265150312
decision_type=2 2 2 2 2 2 2 2 2 2 2 2 2 2
left_child=-1 3 -3 11 -5 6 7 -6 -7 -8 -11 13 -13 -2
right_child=1 2 -4 4 5 8 9 -9 -10 10 -12 12 -14 -15
leaf_value=-0.00099351602063391564 0.0002653149956321954 0.063313314329140669 0.00083114813433766705 -0.02001752002707044 -0.007839056967484697 -0.056759446072477349 0.079906218413743568 0.005732219644605633 -0.0025666143050321159 0.00031053672428146573 0.047136243590077315 0.036892460667002192 0.0017301238594758506 -0.0020658490897605473
leaf_weight=61095 125736 1889 28191 2280 13350 960 1153 10536 27427 2696 1435 2081 24709 39647
leaf_count=61095 125736 1889 28191 2280 13350 960 1153 10536 27427 2696 1435 2081 24709 39647
internal_value=-0.00725778 -0.000166472 0.00341755 -0.000594262 -0.00357438 -0.00268464 0.000981831 -0.00218036 -0.00645225 0.0152763 0.00944081 0.000333658 0.0047361 -0.000379483
internal_weight=343185 282090 30080 252010 59837 57557 29170 23886 28387 5284 4131 192173 26790 165383
internal_count=343185 282090 30080 252010 59837 57557 29170 23886 28387 5284 4131 192173 26790 165383
is_linear=0
shrinkage=0.04


Tree=119
num_leaves=15
num_cat=0
split_feature=3 2 15 2 15 0 10 13 2 3 1 3 14 3
split_gain=49877.3 329.327 786.035 435.394 252.585 544.276 425.751 602.143 536.882 442.697 397.07 403.527 453.717 382.121
threshold=1.0000000180025095e-35 50.679466000000005 1.9769870124999758 1.0000000180025095e-35 6.532326244750025 13.215286564046613 14.085437500000003 254.05081887727795 141.68468450000003 106.47170350000002 27.347361762320372 24.368006500000003 0.19726957747197196 40.573976500000008
decision_type=2 2 2 2 2 2 2 2 2 2 2 2 2 2
left_child=-1 2 -2 -4 5 6 -3 8 -8 -9 -6 -12 -13 -10
right_child=1 4 3 -5 10 -7 7 9 13 -11 11 12 -14 -15
leaf_value=-0.00095377537980855464 -0.0084460723749189264 -0.00036825134495662939 0.85820119782535331 -0.0077690516887901672 -0.00081880870048431256 0.006052515792745604 -0.020337283361710999 0.01227413808207805 -0.0087325635067127122 -0.0048132139876643741 0.062530608480590819 -0.0071962297996179415 0.0015633953141301626 0.0015001006028953746
leaf_weight=61129 1814 109741 886 1155 69596 14010 1198 46710 1551 4444 714 2353 23853 4048
leaf_count=61129 1814 109741 886 1155 69596 14010 1198 46710 1551 4444 714 2353 23853 4048
internal_value=-0.00724378 -0.000145069 -0.0117562 0.00527193 1.58149e-05 0.000894211 0.000261432 0.00303498 -0.00815065 0.00452125 -0.00163786 0.00248737 0.001679 -0.00295053
internal_weight=343202 282073 3855 2041 278218 181702 167692 57951 6797 51154 96516 26920 26206 5599
internal_count=343202 282073 3855 2041 278218 181702 167692 57951 6797 51154 96516 26920 26206 5599
is_linear=0
shrinkage=0.04


Tree=120
num_leaves=15
num_cat=0
split_feature=3 1 10 10 15 0 3 1 11 12 14 11 9 1
split_gain=49814.3 272.115 282.999 759.559 643.009 535.123 571.524 645.504 537.533 723.135 598.256 486.121 451.493 516.301
threshold=1.0000000180025095e-35 50.058876730732855 15.193168500000001 17.284826500000005 0.88182971749998285 4.6953296192532123 13.914262500000001 13.552264638170998 6.3147154858608632 66.410419449574093 0.21850692549482056 1.3357815865830869 1.6755712415217342e-05 7.9819048398973331
decision_type=2 2 2 2 2 2 2 2 2 2 2 2 2 2
left_child=-1 2 5 4 -4 8 7 -7 11 -10 -11 -2 -8 -14
right_child=1 -3 3 -5 -6 6 12 -9 9 10 -12 -13 13 -15
leaf_value=-0.00091562436461622098 -0.0010470210458029294 0.0059258795734640334 -0.009730732362103308 0.00073222860257128239 0.02774604265760253 0.0041855985901606595 -0.0028568511434874867 0.046193592463975523 -0.003187001384217254 -0.0024797099711212915 -0.0071578881666779642 0.00033053780038835081 0.00088762162751191201 0.00018378911515196661
leaf_weight=61098 20296 2332 666 66639 6993 8513 18577 1782 4852 47712 1561 18610 4971 78374
leaf_count=61098 20296 2332 666 66639 6993 8513 18577 1782 4852 47712 1561 18610 4971 78374
internal_value=-0.00725672 -0.000159502 -0.000273014 0.00184231 0.013772 -0.00103874 0.000820909 0.00980282 -0.00328192 -0.00585977 -0.00440891 0.000304323 -8.63405e-05 0.00117056
internal_weight=342976 281878 279546 74298 7659 205248 112217 10295 93031 54125 49273 38906 101922 83345
internal_count=342976 281878 279546 74298 7659 205248 112217 10295 93031 54125 49273 38906 101922 83345
is_linear=0
shrinkage=0.04


Tree=121
num_leaves=15
num_cat=0
split_feature=3 2 11 3 14 14 3 1 1 3 11 12 3 1
split_gain=49670 327.094 424.139 463.062 327.149 306.978 262.786 349.544 265.978 1085.86 391.683 630.826 456.266 812.631
threshold=1.0000000180025095e-35 50.679466000000005 21.925792521066278 17.340981500000002 0.18833545407785626 0.23320872121670802 4.7422635000000009 4.3290422922797012 28.378002947173769 24.368006500000003 28.369190604143295 84.333234351727 22.343074000000005 22.850260968582784
decision_type=2 2 2 2 2 2 2 2 2 2 2 2 2 2
left_child=-1 2 3 4 -2 -4 7 -3 10 -10 -8 -12 13 -13
right_child=1 6 5 -5 -6 -7 8 -9 9 -11 11 12 -14 -15
leaf_value=-0.0008789993900315807 -0.10828416521318367 0.00029049745463163748 2.6518788447975017 0.82370337322454246 0.0015623932442388533 -0.0075116074041827827 4.4937419322232942e-05 0.018423676326208317 0.078474939391984133 0.00079960843902207926 -0.020937088959583204 -0.0015601555683063461 -0.0037298581525547006 0.045545360532574949
leaf_weight=60983 1336 4868 100 442 1010 972 187451 1383 1598 32117 1841 19886 26399 2541
leaf_count=60983 1336 4868 100 442 1010 972 187451 1383 1598 32117 1841 19886 26399 2541
internal_value=-0.0072672 -0.000187271 -0.0117513 -0.00352941 -0.0106053 -0.0331343 -2.67545e-05 0.00808191 -0.000213219 0.00311197 -0.000684031 -0.00380445 -0.00293778 0.00125741
internal_weight=342927 281944 3860 2788 2346 1072 278084 6251 271833 33715 238118 50667 48826 22427
internal_count=342927 281944 3860 2788 2346 1072 278084 6251 271833 33715 238118 50667 48826 22427
is_linear=0
shrinkage=0.04


Tree=122
num_leaves=15
num_cat=0
split_feature=3 2 15 2 11 0 3 11 2 1 3 10 3 1
split_gain=49589 420.469 833.283 367.049 317.544 263.373 383.738 295.325 449.628 431.994 375.745 374.65 534.031 1050.89
threshold=1.0000000180025095e-35 50.679466000000005 1.9769870124999758 1.0000000180025095e-35 4.0232481062020371 19.129553503596515 23.617056500000004 28.369190604143295 61.427389500000011 25.038252577442329 23.813500000000005 -39.513758671631457 25.239035000000005 27.347361762320372
decision_type=2 2 2 2 2 2 2 2 2 2 2 2 2 2
left_child=-1 2 -2 -4 -5 7 -7 9 -9 -3 -11 -10 13 -13
right_child=1 5 3 4 -6 6 -8 8 11 10 -12 12 -14 -15
leaf_value=-0.00084383941443030961 -0.0079483135001793669 4.3368384031410298e-05 0.80054199757646582 -0.1493415432100656 0.0020715354670607232 0.05481877345305481 0.0017271304207651561 -0.019064006979228849 0.0025052618763005538 0.076945556883184621 0.0038210237448334239 -0.0018881979231372297 -0.003644503093235856 0.052198728048819587
leaf_weight=61054 1807 188684 864 757 387 1484 9995 1030 11250 833 5045 27297 30402 2353
leaf_count=61054 1807 188684 864 757 387 1484 9995 1030 11250 833 5045 27297 30402 2353
internal_value=-0.00731379 -0.000241825 -0.0134312 0.00430279 -0.0105594 -6.10691e-05 0.00587159 -0.00031623 -0.00249848 0.000495061 0.0111739 -0.00211944 -0.00337441 0.000445194
internal_weight=343242 282188 3815 2008 1144 278373 11479 266894 72332 194562 5878 71302 60052 29650
internal_count=343242 282188 3815 2008 1144 278373 11479 266894 72332 194562 5878 71302 60052 29650
is_linear=0
shrinkage=0.04


Tree=123
num_leaves=15
num_cat=0
split_feature=7 2 15 10 12 2 0 12 10 10 15 10 0 11
split_gain=49641.3 345.14 1150.69 246.76 264.049 240.555 235.831 280.089 246.098 619.317 640.523 457.336 347.453 376.57
threshold=1.0000000180025095e-35 1.0000000180025095e-35 1.9769870124999758 264.83215400000006 120.68643227489443 266.42723100000006 20.471902773488122 111.75401444430248 15.193168500000001 17.284826500000005 0.88182971749998285 18.907082000000003 4.7397682434477089 7.7846779265150312
decision_type=2 2 2 2 2 2 2 2 2 2 2 2 2 2
left_child=-1 2 -2 5 -5 6 8 -8 12 10 -10 -11 13 -3
right_child=1 3 -4 4 -6 -7 7 -9 9 11 -12 -13 -14 -15
leaf_value=-0.00081008583785310503 -0.0075838947979769604 4.2643409356379894e-06 0.76975750029059475 -0.098336285324825815 0.082687744704011051 0.035054529417835135 -0.0044895838898088812 0.0051205946528600169 -0.0094535539002171907 -0.043910153394385011 0.026106602084911872 0.0017110486972288764 0.000195384296580092 -0.0029533031928370714
leaf_weight=61028 1803 40323 874 816 205 1099 551 8608 678 2045 6748 63325 104308 50848
leaf_count=61028 1803 40323 874 816 205 1099 551 8608 678 2045 6748 63325 104308 50848
internal_value=-0.00728791 -0.000214434 -0.0145088 -7.75521e-05 -0.0197062 -5.60077e-06 -7.95865e-05 0.00623212 -0.00029507 0.0016902 0.0126367 0.000446688 -0.00103438 -0.00283818
internal_weight=343259 282231 2677 279554 1021 278533 277434 9159 268275 72796 7426 65370 195479 91171
internal_count=343259 282231 2677 279554 1021 278533 277434 9159 268275 72796 7426 65370 195479 91171
is_linear=0
shrinkage=0.04


Tree=124
num_leaves=15
num_cat=0
split_feature=3 2 13 11 13 10 12 12 1 3 11 12 3 1
split_gain=49773.7 347.807 559.883 289.939 384.473 242.591 249.53 234.565 225.333 1236.2 350.638 602.893 425.037 841.119
threshold=1.0000000180025095e-35 1.0000000180025095e-35 443.60715893120567 2.5368128006984145 477.47418470492562 264.83215400000006 120.68643227489443 195.10987148790701 27.347361762320372 24.368006500000003 28.369190604143295 84.333234351727 20.467907500000006 21.781891826538736
decision_type=2 2 2 2 2 2 2 2 2 2 2 2 2 2
left_child=-1 2 -2 4 -4 7 -7 8 10 -10 -3 -12 13 -13
right_child=1 5 3 -5 -6 6 -8 -9 9 -11 11 12 -14 -15
leaf_value=-0.0007776824043389752 0.71574680207308294 6.1210670382987327e-05 -0.62447821985828333 -0.0068068729035305961 0.76171373540287735 -0.094175227421220212 0.079562491614459024 0.031798924188946955 0.065759404656539538 0.00053655757478919628 -0.019355523303920253 -0.00039271008499190295 -0.0036333574940015058 0.067805175924887676
leaf_weight=61103 609 190438 266 1612 233 823 199 2658 2176 35480 1832 15845 28351 1378
leaf_count=61103 609 190438 266 1612 233 823 199 2658 2176 35480 1832 15845 28351 1378
internal_value=-0.00727142 -0.000177368 -0.0144118 -0.0241592 0.00248497 -3.86847e-05 -0.0194912 3.27871e-05 -8.13067e-05 0.00279371 -0.000536486 -0.00361473 -0.00271032 0.00224583
internal_weight=343003 281900 2720 2111 499 279180 1022 278158 275500 37656 237844 47406 45574 17223
internal_count=343003 281900 2720 2111 499 279180 1022 278158 275500 37656 237844 47406 45574 17223
is_linear=0
shrinkage=0.04


Tree=125
num_leaves=15
num_cat=0
split_feature=3 2 15 10 15 0 3 10 10 15 3 3 13 0
split_gain=49617.4 361.915 1038.98 247.742 219.557 212.427 320.965 260.647 617.65 627.304 366.53 353.945 340.1 335.404
threshold=1.0000000180025095e-35 1.0000000180025095e-35 1.9769870124999758 264.83215400000006 10.466102582375003 20.884667917669073 23.995311500000003 15.193168500000001 17.284826500000005 0.88182971749998285 18.520662000000005 73.601840000000024 254.05081887727795 4.7397682434477089
decision_type=2 2 2 2 2 2 2 2 2 2 2 2 2 2
left_child=-1 2 -2 5 -5 7 -7 13 9 -9 -10 12 -12 -3
right_child=1 3 -4 4 -6 6 -8 8 10 -11 11 -13 -14 -15
leaf_value=-0.00074657510816541258 -0.0069915597919067811 -0.00057727750295326178 0.69747470896476327 -0.090513306275555247 0.067966377497560335 0.069183530365102955 0.0025241035545918527 -0.0091397584025301633 -0.049720529362716807 0.025441980096568645 -0.0056159331473352708 -0.0027668105602089966 0.011552241731074523 0.00022001027054582289
leaf_weight=60947 1796 91749 871 818 201 655 7765 678 1526 6927 1918 22544 39406 105031
leaf_count=60947 1796 91749 871 818 201 655 7765 678 1526 6927 1918 22544 39406 105031
internal_value=-0.00727377 -0.000197953 -0.0148631 -5.78759e-05 -0.0197448 1.42344e-05 0.00627078 -0.000181037 0.0018603 0.0126496 0.00060556 0.00106845 0.00326783 -0.000938307
internal_weight=342832 281885 2667 279218 1019 278199 8420 269779 72999 7605 65394 63868 41324 196780
internal_count=342832 281885 2667 279218 1019 278199 8420 269779 72999 7605 65394 63868 41324 196780
is_linear=0
shrinkage=0.04


Tree=126
num_leaves=15
num_cat=0
split_feature=3 15 11 3 13 3 5 10 10 10 13 3 10 13
split_gain=49744 275.428 895.652 610.861 239.602 309.551 225.452 218.392 603.497 461.957 485.457 462.651 434.291 311.239
threshold=1.0000000180025095e-35 1.9769870124999758 6.1185970615374172 97.501472000000021 263.48706550046819 30.262529500000003 1.0000000180025095e-35 14.915202000000003 17.284826500000005 18.907082000000003 434.15911543596184 28.475723000000002 12.796083500000002 403.33370222533182
decision_type=2 2 2 2 2 2 2 2 2 2 2 2 2 2
left_child=-1 2 3 4 -2 6 -6 12 -9 -10 13 -12 -3 -11
right_child=1 7 -4 -5 5 -7 -8 8 9 10 11 -13 -14 -15
leaf_value=-0.00071671210383879465 -0.0028787786500520875 -5.3863302436927277e-05 -0.0063066430362168548 -0.033159924761218693 0.0023649731491441808 0.049462717820083213 -0.59921942867227573 0.025919502281404275 -0.046504775124625419 0.0057560041566867316 -0.07660247157963132 -0.0046134815477709172 -0.02015251667811457 0.050103665988154779
leaf_weight=61044 4051 196390 1569 1488 7216 1301 206 6190 1992 30272 1077 21953 5318 2822
leaf_count=61044 4051 196390 1569 1488 7216 1301 206 6190 1992 30272 1077 21953 5318 2822
internal_value=-0.00726311 -0.000172719 -0.00529847 -0.00214276 0.000682637 0.00441591 0.00126112 0.000132324 0.00216216 0.000897515 0.00156938 -0.00289014 -0.000514804 0.00467275
internal_weight=342889 281845 15831 14262 12774 8723 7422 266014 64306 58116 56124 23030 201708 33094
internal_count=342889 281845 15831 14262 12774 8723 7422 266014 64306 58116 56124 23030 201708 33094
is_linear=0
shrinkage=0.04


Tree=127
num_leaves=15
num_cat=0
split_feature=3 2 15 10 2 3 1 8 14 0 10 11 11 2
split_gain=49687.3 359.125 1051.52 259.77 211.809 215.47 322.845 238.845 266.292 234.784 711.565 446.552 422.442 532.164
threshold=1.0000000180025095e-35 1.0000000180025095e-35 1.9769870124999758 264.83215400000006 266.42723100000006 4.6613465000000014 4.5865967580964968 0.99998332443282856 0.21163429115709895 5.381966052618866 -7.5652145047728085 17.488240612741837 10.811350888878364 103.34072900000001
decision_type=2 2 2 2 2 2 2 2 2 2 2 2 2 2
left_child=-1 2 -2 4 5 6 -3 9 -9 12 11 -11 -7 -14
right_child=1 3 -4 -5 -6 7 -8 8 -10 10 -12 -13 13 -15
leaf_value=-0.00068804361968524577 -0.006514504060941082 0.00040559508066058571 0.67297640434762795 -0.066489817312194721 0.030520814425578247 0.00041563135301829311 0.030502838608168555 -0.00061200791452014518 0.0019465771701224455 -0.0012411058339302954 0.0023043296918193244 0.0014223844221600158 -0.0078128180516622778 -0.0020031153252698529
leaf_weight=60995 1810 4719 895 1005 1106 90623 824 51669 2743 9568 2871 68322 4326 41134
leaf_count=60995 1810 4719 895 1005 1106 90623 824 51669 2743 9568 2871 68322 4326 41134
internal_value=-0.00726867 -0.000179394 -0.0146839 -3.87222e-05 3.46881e-05 -3.51157e-05 0.00777196 -0.00019465 -0.00256414 0.000399919 0.00210844 0.0013876 -0.000614037 -0.00376067
internal_weight=342610 281615 2705 278910 277905 276799 5543 271256 54412 216844 80761 77890 136083 45460
internal_count=342610 281615 2705 278910 277905 276799 5543 271256 54412 216844 80761 77890 136083 45460
is_linear=0
shrinkage=0.04


Tree=128
num_leaves=15
num_cat=0
split_feature=3 2 15 10 12 12 1 15 0 3 13 10 15 10
split_gain=49640.5 384.963 955.092 233.579 226.116 216.842 207.842 248.366 461.448 383.982 361.721 356.082 466.46 441.703
threshold=1.0000000180025095e-35 1.0000000180025095e-35 1.9769870124999758 264.83215400000006 120.68643227489443 79.42248604561496 52.353349007881953 6.532326244750025 13.215286564046613 15.413466500000002 282.46392299658419 14.625754500000001 1.1937700325000125 17.284826500000005
decision_type=2 2 2 2 2 2 2 2 2 2 2 2 2 2
left_child=-1 2 -2 6 -5 -4 7 8 11 -10 -11 -3 -13 -14
right_child=1 3 5 4 -6 -7 -8 -9 9 10 -12 12 13 -15
leaf_value=-0.00066052187489782808 -0.0061943975856801718 -0.00033799598419735231 -0.010575223865133694 -0.079956707781070155 0.075039576012628811 1.0598437733805179 0.0069280312726621631 -0.00047557174082001551 0.052199509119811048 0.017173565457835781 0.0026997874356705421 -0.0029159638447401105 0.027789192173505804 0.0052785309219662447
leaf_weight=61052 1822 112099 440 827 205 420 1562 95195 1054 797 12179 7639 6481 41398
leaf_count=61052 1822 112099 440 827 205 420 1562 95195 1054 797 12179 7639 6481 41398
internal_value=-0.00729691 -0.000219766 -0.015302 -7.50082e-05 -0.0190698 0.0194419 -4.59764e-06 -8.6692e-05 0.000780635 0.00774911 0.00586313 0.000197355 0.0028171 0.00428163
internal_weight=343170 282118 2682 279436 1032 860 278404 276842 181647 14030 12976 167617 55518 47879
internal_count=343170 282118 2682 279436 1032 860 278404 276842 181647 14030 12976 167617 55518 47879
is_linear=0
shrinkage=0.04


Tree=129
num_leaves=15
num_cat=0
split_feature=3 2 15 12 10 2 1 3 10 0 3 11 13 11
split_gain=49771.3 386.168 969.211 218.363 216.111 207.263 207.59 210.294 324.782 211.087 745.615 511.393 443.262 435.78
threshold=1.0000000180025095e-35 1.0000000180025095e-35 1.9769870124999758 79.42248604561496 264.83215400000006 266.42723100000006 52.353349007881953 4.8170225000000011 -4.5332543505473355 13.215286564046613 15.115182000000003 14.865253443378055 268.7841962257441 7.7846779265150312
decision_type=2 2 2 2 2 2 2 2 2 2 2 2 2 2
left_child=-1 2 -2 -4 5 6 7 8 -3 13 -11 -12 -13 -9
right_child=1 4 3 -5 -6 -7 -8 9 -10 10 11 12 -14 -15
leaf_value=-0.00063410099990191427 -0.0059742973109150914 0.022856495577204976 -0.0099352349300596641 1.0175531718593596 -0.057849048806708867 0.030467608831771322 0.0066656416133563049 0.00024060451438367991 0.0003063111083458203 0.040055135644704191 -0.013379352083317931 0.016507661995772284 0.00083735368637362091 -0.0012356638064695269
leaf_weight=61008 1821 1225 445 425 1003 1095 1549 118083 6495 1705 1002 796 27040 119442
leaf_count=61008 1821 1225 445 425 1003 1095 1549 118083 6495 1705 1002 796 27040 119442
internal_value=-0.00723985 -0.000155675 -0.015236 0.0194943 -1.04497e-05 5.63154e-05 -1.22595e-05 -9.42753e-05 0.00641451 -0.00028172 0.00284844 0.0013288 0.00233942 -0.000684223
internal_weight=343134 282126 2691 870 279435 278432 277337 275788 7720 268068 30543 28838 27836 237525
internal_count=343134 282126 2691 870 279435 278432 277337 275788 7720 268068 30543 28838 27836 237525
is_linear=0
shrinkage=0.04


Tree=130
num_leaves=15
num_cat=0
split_feature=3 2 15 12 10 15 12 10 10 15 0 3 1 8
split_gain=49800.7 361.521 969.958 222.526 207 474.983 416.244 371.453 462.642 487.705 360.859 486.073 594.259 427.356
threshold=1.0000000180025095e-35 1.0000000180025095e-35 1.9769870124999758 79.42248604561496 100.28660550000002 3.0686840562500071 106.83634465773251 15.471221500000002 17.284826500000005 0.88182971749998285 4.820578528762649 13.914262500000001 13.813184007133815 0.99998074785207369
decision_type=2 2 2 2 2 2 2 2 2 2 2 2 2 2
left_child=-1 2 -2 -4 7 -6 -7 10 9 -9 -3 12 -12 -13
right_child=1 4 3 -5 5 6 -8 8 -10 -11 11 13 -14 -15
leaf_value=-0.00060873695990583344 -0.0057284548873867891 -0.00049567266462035241 -0.010133070894185607 0.97684021124475073 -0.032582215413221725 0.11709328920803086 -0.0041909689228330207 -0.0088227475708719718 0.0033776684602033402 0.026177092122788369 0.0042448742938798875 0.00046058991353831402 0.047574898768680825 -0.0027315809031035455
leaf_weight=60934 1808 94332 436 438 1416 575 16546 541 47857 5998 8088 83599 1586 18550
leaf_count=60934 1808 94332 436 438 1416 575 16546 541 47857 5998 8088 83599 1586 18550
internal_value=-0.00721042 -0.00011953 -0.0147353 0.0198627 2.09253e-05 -0.00406322 -0.00222183 0.000311494 0.00325171 0.0132314 -0.000464311 0.00107277 0.00964234 0.000261187
internal_weight=342704 281770 2682 874 279088 18537 17121 260551 54396 6539 206155 111823 9674 102149
internal_count=342704 281770 2682 874 279088 18537 17121 260551 54396 6539 206155 111823 9674 102149
is_linear=0
shrinkage=0.04


Tree=131
num_leaves=15
num_cat=0
split_feature=3 2 15 10 2 0 3 11 1 2 3 10 3 10
split_gain=49712.7 356.932 929.925 200.674 186.657 179.07 336.536 239.163 405.82 404.452 358.677 313.154 487.189 931.487
threshold=1.0000000180025095e-35 1.0000000180025095e-35 1.9769870124999758 204.48121950000004 266.42723100000006 20.471902773488122 23.442390000000003 28.144706494083955 25.038252577442329 61.427389500000011 23.813500000000005 -39.513758671631457 25.239035000000005 -27.70364877582028
decision_type=2 2 2 2 2 2 2 2 2 2 2 2 2 2
left_child=-1 2 -2 4 5 7 -7 8 -3 -9 -10 -11 13 -13
right_child=1 3 -4 -5 -6 6 -8 9 10 11 -12 12 -14 -15
leaf_value=-0.0005843874815096051 -0.0055030285229889309 6.8145067623031082e-05 0.63195979821433856 -0.038510914664705298 0.027223739830002175 0.069123284982599328 0.0021229382226825872 -0.016858768235903317 0.072600916048190106 0.0023562318954102103 0.0038202169983516934 0.049540422606958255 -0.0032091453005113606 -0.0012307293486471238
leaf_weight=60918 1794 185522 868 3172 1109 663 8418 1040 828 11276 5025 2146 31402 28320
leaf_count=60918 1794 185522 868 3172 1109 663 8418 1040 828 11276 5025 2146 31402 28320
internal_value=-0.0072363 -0.000148162 -0.0147258 -9.03482e-06 0.000106038 3.99068e-05 0.00556326 -0.000148969 0.000598406 -0.002077 0.0109687 -0.00172482 -0.00284218 0.000761505
internal_weight=342501 281583 2662 278921 275749 274640 9081 265559 191375 74184 5853 73144 61868 30466
internal_count=342501 281583 2662 278921 275749 274640 9081 265559 191375 74184 5853 73144 61868 30466
is_linear=0
shrinkage=0.04


Tree=132
num_leaves=15
num_cat=0
split_feature=3 15 11 3 12 13 3 0 15 0 10 11 10 3
split_gain=49809.8 244.265 809.026 506.376 243.619 335.343 373.661 331.965 179.604 394.219 439.589 479.234 525.17 446.133
threshold=1.0000000180025095e-35 1.9769870124999758 16.368767642342437 97.501472000000021 80.134009673756296 263.48706550046819 30.262529500000003 0.31589162880237559 6.532326244750025 13.215286564046613 14.915202000000003 0.75275845831291355 -5.2253396338878018 14.206603500000002
decision_type=2 2 2 2 2 2 2 2 2 2 2 2 2 2
left_child=-1 2 3 4 7 -6 -7 -2 9 10 11 12 -3 -14
right_child=1 8 -4 -5 5 6 -8 -9 -10 -11 -12 -13 13 -15
leaf_value=-0.00056101198224922655 -0.041859654061012698 -0.038916246424429563 -0.004581306222968813 -0.029724487657344683 -0.0032186462771784941 0.0017594107565844653 0.049461965972705677 0.004125349302328862 -0.00033191366521559298 0.0052077061943472027 0.0070941336825084567 -2.1659509139233534e-05 -0.01402402380147052 0.0017873894132144487
leaf_weight=61047 589 1421 1006 1498 3592 7481 1214 506 97325 14039 43882 99006 6326 3958
leaf_count=61047 589 1421 1006 1498 3592 7481 1214 506 97325 14039 43882 99006 6326 3958
internal_value=-0.00724244 -0.000147174 -0.00496538 -0.00261828 -0.000149454 0.00146171 0.00570903 -0.0182283 0.000140624 0.00093031 0.000347493 -0.000995384 -0.0086493 -0.00549981
internal_weight=342890 281843 15886 14880 13382 12287 8695 1095 265957 168632 154593 110711 11705 10284
internal_count=342890 281843 15886 14880 13382 12287 8695 1095 265957 168632 154593 110711 11705 10284
is_linear=0
shrinkage=0.04


Tree=133
num_leaves=15
num_cat=0
split_feature=3 2 15 10 13 10 10 15 10 0 11 1 3 10
split_gain=49860 368.678 889.916 213.805 439.316 349.128 428.162 439.04 380.882 338.348 462.016 563.148 462.06 525.646
threshold=1.0000000180025095e-35 1.0000000180025095e-35 1.9769870124999758 100.28660550000002 228.57383096747418 15.471221500000002 17.284826500000005 0.88182971749998285 18.907082000000003 4.7795258807947372 7.7846779265150312 15.787257923029474 19.320970000000006 -21.336433591512385
decision_type=2 2 2 2 2 2 2 2 2 2 2 2 2 2
left_child=-1 2 -2 5 -5 9 7 -7 -8 10 -3 -12 13 -13
right_child=1 3 -4 4 -6 6 8 -9 -10 -11 11 12 -14 -15
leaf_value=-0.00053857150295925753 -0.0051459921301779945 8.9313798090402403e-05 0.58997301505334576 -0.036360459868958354 -0.0037508135817260224 -0.0085898129936567719 -0.037512975136796849 0.0250524463460488 0.0046199200678143223 0.00035133625214029849 -0.003682603579110948 0.086532373649121225 -0.002525458564851583 0.0054827683470600871
leaf_weight=61038 1808 42153 867 697 17820 540 2109 5987 45916 112792 23994 1113 23278 3123
leaf_count=61038 1808 42153 867 697 17820 540 2109 5987 45916 112792 23994 1113 23278 3123
internal_value=-0.00721943 -0.00012913 -0.0149084 1.23067e-05 -0.00414106 0.000306967 0.00315295 0.0127654 0.00184654 -0.000445041 -0.00222206 -0.00476353 -0.000857745 0.0112937
internal_weight=343235 282197 2675 279522 18517 261005 54552 6527 48025 206453 93661 51508 27514 4236
internal_count=343235 282197 2675 279522 18517 261005 54552 6527 48025 206453 93661 51508 27514 4236
is_linear=0
shrinkage=0.04


Tree=134
num_leaves=15
num_cat=0
split_feature=3 2 15 12 3 10 10 3 0 10 11 12 15 12
split_gain=49853.4 343.988 845.849 252.154 223.062 280.845 208.238 1607.68 457.791 678.679 425.63 851.479 411.712 475.424
threshold=1.0000000180025095e-35 1.0000000180025095e-35 1.9769870124999758 79.42248604561496 4.8170225000000011 -4.670151632047653 -22.171560095685905 23.442390000000003 5.83049915862797 -30.268276121518756 7.7846779265150312 73.239378924328733 5.0983766455000117 80.987532344914982
decision_type=2 2 2 2 2 2 2 2 2 2 2 2 2 2
left_child=-1 2 -2 -4 5 -3 7 -6 9 -9 -8 -12 -13 -14
right_child=1 4 3 -5 6 -7 10 8 -10 -11 11 12 13 -15
leaf_value=-0.00051702864284088436 -0.0048162510777833845 0.02799738602142713 -0.05766583425620752 0.87719781581637279 0.041455292116161876 0.00041728469902434283 0.0001786588819364532 0.0010159893816352379 0.0010071142243945322 -0.015324108961458398 -0.0029611217239430944 0.0013705352600257997 0.004260601423203259 -0.0023394098143989252
leaf_weight=60994 1793 972 448 424 7120 6712 120675 9505 34222 7546 6899 35594 2385 47998
leaf_count=60994 1793 972 448 424 7120 6712 120675 9505 34222 7546 6899 35594 2385 47998
internal_value=-0.00720668 -0.000121151 -0.014424 0.0178899 1.5163e-05 0.00673607 -0.000174742 0.00194201 -0.000531274 -0.00588587 -0.000753544 -0.0027891 -0.00170418 -0.00403072
internal_weight=343287 282293 2665 872 279628 7684 271944 58393 51273 17051 213551 92876 85977 50383
internal_count=343287 282293 2665 872 279628 7684 271944 58393 51273 17051 213551 92876 85977 50383
is_linear=0
shrinkage=0.04


Tree=135
num_leaves=15
num_cat=0
split_feature=3 14 8 14 11 12 1 11 0 15 3 12 14 3
split_gain=49890.2 231.936 404.521 311.77 345.725 672.711 597.118 493.921 658.263 626.706 486.492 455.14 417.106 426.87
threshold=1.0000000180025095e-35 0.21634704817020331 0.81932070067386031 0.21021760849986634 26.453980851092162 84.333234351727 15.049081261898946 7.187615779779561 2.6241560921558507 6.3665065888750698 15.312770500000001 81.734635851395169 0.20414199907131844 23.813500000000005
decision_type=2 2 2 2 2 2 2 2 2 2 2 2 2 2
left_child=-1 3 -3 4 6 -6 7 -2 -9 11 -8 -10 -7 -14
right_child=1 2 -4 -5 5 12 10 8 9 -11 -12 -13 13 -15
leaf_value=-0.00049634749712724969 0.00031557827888125447 -0.0024426432404825961 0.00045770392239264046 0.0011984395428371996 -0.016879068353283719 -0.00019069249049304517 0.041233367934961108 -0.0033489903754137587 0.018045757485549076 -0.0029533608367465769 0.0035026706471422034 0.00060671657472728842 0.0087103591709298822 -0.0054328350934349755
leaf_weight=61107 103468 17177 5274 28871 2180 51291 1168 7208 1533 11940 20643 17094 2868 11162
leaf_count=61107 103468 17177 5274 28871 2180 51291 1168 7208 1533 11940 20643 17094 2868 11162
internal_value=-0.00723462 -0.000131547 -0.00403189 0.000205993 -0.000284704 -0.00269211 0.000711911 -0.000239304 -0.00415407 -0.00158995 0.00687176 0.00299565 -0.00196262 -0.00807413
internal_weight=342984 281877 22451 259426 230555 67501 163054 141243 37775 30567 21811 18627 65321 14030
internal_count=342984 281877 22451 259426 230555 67501 163054 141243 37775 30567 21811 18627 65321 14030
is_linear=0
shrinkage=0.04


Tree=136
num_leaves=15
num_cat=0
split_feature=3 2 15 12 10 12 3 10 13 9 15 11 11 2
split_gain=49715.8 361.181 809.53 227.982 207.8 212.522 184.475 352.458 238.76 199.625 234.982 434.758 349.29 666.033
threshold=1.0000000180025095e-35 1.0000000180025095e-35 1.9769870124999758 79.42248604561496 264.83215400000006 120.68643227489443 5.0619105000000006 -4.8097826062405016 216.85031073074251 1.9346207713710765e-05 7.5518605999999986 1.8023779829366811 1.3357815865830869 60.533485500000005
decision_type=2 2 2 2 2 2 2 2 2 2 2 2 2 2
left_child=-1 2 -2 -4 6 -6 7 -3 -8 10 12 -12 13 -10
right_child=1 4 3 -5 5 -7 8 -9 9 -11 11 -13 -14 -15
leaf_value=-0.00047649359724216467 -0.0046290297216425103 0.026924423465810438 -0.056075864544458232 0.85381705140438324 -0.072267057475964971 0.072155702116128886 -0.037237884146718206 0.00029046836479281526 0.00013772045408947165 0.00017174530138571066 0.0010297333726343538 -0.0030671660824271819 7.318913649459802e-05 -0.02161924523333484
leaf_weight=61067 1809 1070 449 432 814 202 459 9823 3880 216444 2060 6147 35627 2906
leaf_count=61067 1809 1070 449 432 814 202 459 9823 3880 216444 2060 6147 35627 2906
internal_value=-0.00727681 -0.000193675 -0.0147807 0.0166629 -5.32509e-05 -0.0181102 1.2643e-05 0.00511521 -0.000195123 -0.000145583 -0.00240695 -0.00860241 -0.00120812 -0.00952549
internal_weight=343189 282122 2690 881 279432 1016 278416 10893 267523 267064 50620 8207 42413 6786
internal_count=343189 282122 2690 881 279432 1016 278416 10893 267523 267064 50620 8207 42413 6786
is_linear=0
shrinkage=0.04


Tree=137
num_leaves=15
num_cat=0
split_feature=3 2 13 3 3 12 10 12 2 13 0 3 13 11
split_gain=49731.8 392.661 378.432 283.678 213.05 517.12 199.039 207.33 194.518 192.148 172.913 295.346 211.01 206.472
threshold=1.0000000180025095e-35 1.0000000180025095e-35 319.98239128436597 30.262529500000003 21.257376000000004 87.240487327040611 264.83215400000006 120.68643227489443 266.42723100000006 477.47418470492562 20.884667917669073 23.995311500000003 602.77527870826805 28.600655499854692
decision_type=2 2 2 2 2 2 2 2 2 2 2 2 2 2
left_child=-1 2 -2 4 5 9 8 -8 10 -4 13 -12 -13 -3
right_child=1 6 3 -5 -6 -7 7 -9 -10 -11 11 12 -14 -15
leaf_value=-0.00045743385335248024 0.81975332808844259 0.00012691538923485625 -0.077284431232699832 0.83905820517095209 -0.003842100820056267 0.0058363789199752606 -0.069376375176926366 0.074750852676406104 0.026930537940390912 0.60420961553540797 0.063325537157482431 0.0034842598997043674 -0.0042270671765285749 -0.0013198415541557929
leaf_weight=61017 231 195569 711 141 1111 364 833 203 1116 93 657 7123 689 73299
leaf_count=61017 231 195569 711 141 1111 364 833 203 1116 93 657 7123 689 73299
internal_value=-0.00725557 -0.000174098 -0.015496 -0.0201653 -0.0235717 -0.0116438 -2.87668e-05 -0.017529 3.63437e-05 -0.0295522 -3.07207e-05 0.00559688 0.00343062 -0.000207983
internal_weight=343157 282140 2651 2420 2279 1168 279489 1036 278453 804 277337 8469 7812 268868
internal_count=343157 282140 2651 2420 2279 1168 279489 1036 278453 804 277337 8469 7812 268868
is_linear=0
shrinkage=0.04


Tree=138
num_leaves=15
num_cat=0
split_feature=3 2 15 12 10 13 10 10 15 10 13 13 11 11
split_gain=49635.6 397.31 763.523 235.115 192.271 427.868 315.292 421.655 437.327 370.28 331.586 401.351 319.488 604.469
threshold=1.0000000180025095e-35 1.0000000180025095e-35 1.9769870124999758 96.532731472035621 100.28660550000002 228.57383096747418 15.471221500000002 17.284826500000005 0.88182971749998285 18.907082000000003 254.05081887727795 449.35294705808218 1.3357815865830869 3.3094669020124661
decision_type=2 2 2 2 2 2 2 2 2 2 2 2 2 2
left_child=-1 2 -2 -4 6 -6 12 8 -8 -9 -11 -12 -3 -14
right_child=1 4 3 -5 5 -7 7 9 -10 10 11 -13 13 -15
leaf_value=-0.00043913649921838881 -0.0043093894627001996 -0.0013786368351762057 -0.024499150258093322 1.3769836285656869 -0.034957034734047675 -0.0035139575999237407 -0.0081984667071819221 -0.036537133285695272 0.024168057311889354 -0.0028317579960577786 0.015708825797064827 -0.012197894673424439 0.00054489596924126363 -0.00015745470843964604
leaf_weight=61007 1834 25215 504 363 690 17907 559 2094 5996 4874 31990 8915 11041 170011
leaf_count=61007 1834 25215 504 363 690 17907 559 2094 5996 4874 31990 8915 11041 170011
internal_value=-0.0072856 -0.00020809 -0.0154757 0.0154556 -6.04385e-05 -0.00398989 0.000219874 0.0029279 0.0124424 0.00162513 0.00237751 0.00355262 -0.000494699 9.2791e-05
internal_weight=343000 281993 2701 867 279292 18597 260695 54428 6555 47873 45779 40905 206267 181052
internal_count=343000 281993 2701 867 279292 18597 260695 54428 6555 47873 45779 40905 206267 181052
is_linear=0
shrinkage=0.04


Tree=139
num_leaves=15
num_cat=0
split_feature=3 2 15 12 10 12 12 3 1 3 0 11 3 1
split_gain=49860.8 381.358 741.103 213.049 188.326 179.531 171.439 200.199 181.029 1166.13 283.376 379.16 513.005 836.567
threshold=1.0000000180025095e-35 1.0000000180025095e-35 1.9769870124999758 96.532731472035621 264.83215400000006 120.68643227489443 195.10987148790701 19.320970000000006 27.347361762320372 24.368006500000003 21.404129804642803 28.600655499854692 20.467907500000006 17.112389816068113
decision_type=2 2 2 2 2 2 2 2 2 2 2 2 2 2
left_child=-1 2 -2 -4 6 -6 8 -8 10 -10 11 -3 13 -13
right_child=1 4 3 -5 5 -7 7 -9 9 -11 -12 12 -14 -15
leaf_value=-0.00042157103924965965 -0.0040723758770329615 4.789083394781457e-05 -0.02224309171847267 0.97129755802147322 -0.066275729974983225 0.063484829872503534 0.037068632285325635 -0.032504068493789492 0.061489527534710549 0.00046378753383456608 0.0090916838294739285 -0.0042925366043761052 -0.0045987533434503902 0.024682082237963969
leaf_weight=61091 1806 190163 511 370 803 201 1884 797 2177 35496 2620 11861 27367 6073
leaf_count=61091 1806 190163 511 370 803 201 1884 797 2177 35496 2620 11861 27367 6073
internal_value=-0.00723664 -0.000142204 -0.0151396 0.0149376 2.00399e-06 -0.0172908 6.4359e-05 0.0101305 -3.35078e-05 0.00254294 -0.000441189 -0.000586756 -0.00387541 0.00138285
internal_weight=343220 282129 2687 881 279442 1004 278438 2681 275757 37673 238084 235464 45301 17934
internal_count=343220 282129 2687 881 279442 1004 278438 2681 275757 37673 238084 235464 45301 17934
is_linear=0
shrinkage=0.04


Tree=140
num_leaves=15
num_cat=0
split_feature=3 2 15 12 3 10 1 3 0 10 3 3 11 12
split_gain=49747.4 377.233 728.797 211.059 180.313 310.222 198.424 1462.66 440.886 595.152 420.693 392.594 370.29 748.667
threshold=1.0000000180025095e-35 1.0000000180025095e-35 1.9769870124999758 96.532731472035621 5.0619105000000006 -4.8097826062405016 21.967949580631419 23.617056500000004 5.5706121069254486 -30.763672643646078 32.814978500000002 28.908298000000006 7.7846779265150312 73.239378924328733
decision_type=2 2 2 2 2 2 2 2 2 2 2 2 2 2
left_child=-1 2 -2 -4 5 -3 12 -8 9 10 -9 -11 -6 -14
right_child=1 4 3 -5 6 -7 7 8 -10 11 -12 -13 13 -15
leaf_value=-0.0004047081976796818 -0.0039554745162251057 0.024980758157768089 -0.02124533582317099 1.2894174555426932 0.00015086461675865916 0.00029362900521041625 0.037139229540137063 0.030599755610617972 0.00087970725987748246 -0.037618855128590548 -0.0021398822029926367 -0.0009804710081088696 -0.002797186015939417 -0.00094102172818608663
leaf_weight=61064 1818 1084 514 366 118648 9832 7715 1717 35447 4912 6540 2624 6754 83958
leaf_count=61064 1818 1084 514 366 118648 9832 7715 1717 35447 4912 6540 2624 6754 83958
internal_value=-0.00726744 -0.000177775 -0.015063 0.0148182 -3.39504e-05 0.0050055 -0.000238973 0.00181087 -0.00063388 -0.00619262 0.00122563 -0.0143206 -0.000816202 -0.0027401
internal_weight=342993 281929 2698 880 279231 10916 268315 58955 51240 15793 8257 7536 209360 90712
internal_count=342993 281929 2698 880 279231 10916 268315 58955 51240 15793 8257 7536 209360 90712
is_linear=0
shrinkage=0.04


Tree=141
num_leaves=15
num_cat=0
split_feature=3 2 15 12 10 13 10 13 0 3 1 1 3 3
split_gain=49862.8 398.643 687.169 199.532 180.917 317.378 307.097 361.287 300.115 462.962 549.937 417.744 585.89 384.288
threshold=1.0000000180025095e-35 1.0000000180025095e-35 1.9769870124999758 96.532731472035621 91.871651500000013 228.57383096747418 15.471221500000002 254.05081887727795 4.820578528762649 13.914262500000001 13.167877085422637 18.845276151612058 22.696288000000003 9.9035100000000025
decision_type=2 2 2 2 2 2 2 2 2 2 2 2 2 2
left_child=-1 2 -2 -4 6 -6 8 -8 -3 10 13 -11 -13 -10
right_child=1 4 3 -5 5 -7 7 -9 9 11 -12 12 -14 -15
leaf_value=-0.00038851986977249452 -0.0037309485983631776 -0.00042503688828789523 -0.029305611200710475 0.85626141353359397 -0.023645972386874201 -0.0032739284085549513 -0.0033807563062546553 0.0098965256026979625 0.013935487361978397 -0.00060591305361606788 0.038004129674477916 0.024363221238588556 0.00065060408113156083 -0.0017909064124154005
leaf_weight=61043 1803 94253 515 366 864 19769 4171 48346 3094 49947 2082 5422 46911 4493
leaf_count=61043 1803 94253 515 366 864 19769 4171 48346 3094 49947 2082 5422 46911 4493
internal_value=-0.00722178 -0.00012736 -0.0154694 0.0134847 2.00464e-05 -0.00358455 0.000307515 0.00303825 -0.000387969 0.00101225 0.00937843 0.000221353 0.00271874 0.00438118
internal_weight=343079 282036 2684 881 279352 20633 258719 52517 206202 111949 9669 102280 52333 7587
internal_count=343079 282036 2684 881 279352 20633 258719 52517 206202 111949 9669 102280 52333 7587
is_linear=0
shrinkage=0.04


Tree=142
num_leaves=15
num_cat=0
split_feature=3 2 15 10 12 11 12 1 3 3 13 3 10 0
split_gain=49793.1 422.509 639.644 187.978 174.684 169.396 579.427 434.022 777.703 426.588 301.539 280.129 492.259 315.478
threshold=1.0000000180025095e-35 1.0000000180025095e-35 1.9769870124999758 204.48121950000004 97.372702503637782 43.499020682543801 114.91249565057809 27.347361762320372 24.368006500000003 14.507422500000002 613.56417515146063 36.327507000000004 -38.583168608323582 6.1263430670211241
decision_type=2 2 2 2 2 2 2 2 2 2 2 2 2 2
left_child=-1 2 -2 5 -4 7 -7 -3 -9 -8 11 12 -11 -14
right_child=1 3 4 -5 -6 6 9 8 -10 10 -12 -13 13 -15
leaf_value=-0.00037297907498158979 -0.0036652143775731715 -2.215358980178994e-05 -0.0090247378486546376 -0.03562950550024338 1.5080640038575814 -0.01985281896144455 0.050817327828801981 0.058141841307764112 0.0018029716942036494 0.071180158096822557 0.0080210999551370982 -0.0033003099457082729 -0.017149110002623928 0.006753093957362768
leaf_weight=60963 1813 226269 536 3211 331 1794 1172 1663 21041 887 713 13106 4669 4832
leaf_count=60963 1813 226269 536 3211 331 1794 1172 1663 21041 887 713 13106 4669 4832
internal_value=-0.00721936 -0.000133741 -0.0159403 1.78982e-05 0.0123183 0.000129786 -0.00286902 0.000457078 0.00572939 -0.00131605 -0.00245714 -0.00323487 0.00167116 -0.00098937
internal_weight=343000 282037 2680 279357 867 276146 27173 248973 22704 25379 24207 23494 10388 9501
internal_count=343000 282037 2680 279357 867 276146 27173 248973 22704 25379 24207 23494 10388 9501
is_linear=0
shrinkage=0.04


Tree=143
num_leaves=15
num_cat=0
split_feature=3 2 15 1 15 0 3 13 12 11 1 3 14 10
split_gain=49713 416.207 647.399 178.262 175.959 370.992 379.512 359.408 301.652 546.661 493.604 446.432 558.82 387.459
threshold=1.0000000180025095e-35 1.0000000180025095e-35 1.9769870124999758 52.353349007881953 6.532326244750025 13.215286564046613 15.413466500000002 282.46392299658419 80.987532344914982 20.494577316382586 18.96668094411956 22.516224000000005 0.19726957747197196 30.324709500000001
decision_type=2 2 2 2 2 2 2 2 2 2 2 2 2 2
left_child=-1 2 -2 4 5 -3 -7 -8 9 -6 13 -12 -13 -10
right_child=1 3 -4 -5 8 6 7 -9 10 -11 11 12 -14 -15
leaf_value=-0.00035805991198232688 -0.0035215008963785269 4.271965485994067e-05 0.39136514483365259 0.0064275194264888794 0.00028541619719370194 0.047562889968170124 0.015321291753942508 0.0021496722808358325 -0.0043458263670976671 -0.013007616955769645 0.0413902513513347 -0.0076815593158760754 0.00070966641982295187 -0.003077906596648985
leaf_weight=60985 1805 167997 873 1559 19584 1050 796 12163 22628 1298 1661 4400 29625 16342
leaf_count=60985 1805 167997 873 1559 19584 1050 796 12163 22628 1298 1661 4400 29625 16342
internal_value=-0.00725533 -0.0001685 -0.0158626 -1.79145e-05 -9.36788e-05 0.000636023 0.00688986 0.00501582 -0.00148381 0.00276602 -0.00267252 0.000726335 -0.00026216 -0.00578496
internal_weight=342766 281781 2678 279103 277544 182006 14009 12959 95538 20882 74656 35686 34025 38970
internal_count=342766 281781 2678 279103 277544 182006 14009 12959 95538 20882 74656 35686 34025 38970
is_linear=0
shrinkage=0.04


Tree=144
num_leaves=15
num_cat=0
split_feature=3 2 15 10 15 3 1 9 14 13 3 1 11 1
split_gain=49670.7 431.414 598.186 166.668 173.802 162.837 192.217 166.983 276.99 415.437 294.798 626.104 334.725 468.831
threshold=1.0000000180025095e-35 1.0000000180025095e-35 1.9769870124999758 264.83215400000006 10.466102582375003 4.6613465000000014 4.3290422922797012 1.6755712415217342e-05 0.17762989721056535 320.70751591614822 15.007663000000003 12.702278654596087 13.70656054388285 13.93362106534331
decision_type=2 2 2 2 2 2 2 2 2 2 2 2 2 2
left_child=-1 2 -2 5 -5 6 -3 8 -7 -10 11 -11 -12 -14
right_child=1 3 -4 4 -6 7 -8 -9 9 10 12 -13 13 -15
leaf_value=-0.0003437375155030331 -0.0032936316919080612 0.00027756297766739379 0.3549486580209526 -0.061344201009235169 0.070955618979502755 -0.00208465508651857 0.019343419327817898 0.0001637092453893274 0.0026929058212241011 -6.907471559725487e-05 6.8348119408039314e-05 0.031266341651188807 -0.0061468102388492962 -0.0005766129399381192
leaf_weight=60921 1805 4355 862 811 194 6631 1163 218511 3302 17604 10384 1609 8135 6669
leaf_count=60921 1805 4355 862 811 194 6631 1163 218511 3302 17604 10384 1609 8135 6669
internal_value=-0.00724641 -0.000171468 -0.016183 -1.86134e-05 -0.0162786 4.00915e-05 0.00684306 -9.74912e-05 -0.00208194 -0.00101713 -0.00203509 0.00169677 -0.00488169 -0.00874358
internal_weight=342956 282035 2667 279368 1005 278363 5518 272845 54334 47703 44401 19213 25188 14804
internal_count=342956 282035 2667 279368 1005 278363 5518 272845 54334 47703 44401 19213 25188 14804
is_linear=0
shrinkage=0.04


Tree=145
num_leaves=15
num_cat=0
split_feature=3 2 15 1 15 0 3 13 3 1 3 12 11 1
split_gain=49697.3 447.616 601.714 169.721 165.72 362.995 363.605 346.454 268.067 266.108 274.206 256.117 533.474 436.663
threshold=1.0000000180025095e-35 1.0000000180025095e-35 1.9769870124999758 52.353349007881953 6.532326244750025 13.083191836867783 15.413466500000002 282.46392299658419 263.47241000000002 17.922076232237135 19.636770500000004 80.987532344914982 20.494577316382586 22.850260968582784
decision_type=2 2 2 2 2 2 2 2 2 2 2 2 2 2
left_child=-1 2 -2 4 5 8 -7 -8 -3 -9 -11 12 -6 -13
right_child=1 3 -4 -5 11 6 7 9 -10 10 -12 13 -14 -15
leaf_value=-0.00032998801488291817 -0.0032282430831672925 7.0110710578656928e-05 0.30266743672429269 0.0062651836414073505 0.00027069972647664198 0.043344463968193393 0.014675922056230518 -0.0024507972196455832 -0.08146917237238166 0.070936316792729451 0.003833564492090007 -0.003365691322478668 -0.012470340296583107 0.00055768909667301301
leaf_weight=60967 1822 167156 865 1563 19591 1165 791 4953 510 535 7055 43847 1326 30748
leaf_count=60967 1822 167156 865 1563 19591 1165 791 4953 510 535 7055 43847 1326 30748
internal_value=-0.00725332 -0.000171818 -0.0164198 -1.54706e-05 -8.94565e-05 0.000618121 0.00669012 0.00481776 9.30421e-05 0.0031986 0.00790514 -0.00143898 0.00247263 -0.00253583
internal_weight=342894 281927 2687 279240 277677 182165 14499 13334 167666 12543 7590 95512 20917 74595
internal_count=342894 281927 2687 279240 277677 182165 14499 13334 167666 12543 7590 95512 20917 74595
is_linear=0
shrinkage=0.04


Tree=146
num_leaves=15
num_cat=0
split_feature=3 2 15 11 12 10 12 1 11 12 1 3 11 0
split_gain=49785.7 412.218 596.09 165.25 429.726 164.676 164.001 157.531 185.324 544.321 358.438 695.299 382.716 590.691
threshold=1.0000000180025095e-35 1.0000000180025095e-35 1.9769870124999758 20.892342979029248 87.798120673683627 264.83215400000006 120.68643227489443 48.142701665942432 28.369190604143295 84.333234351727 14.315258467293708 15.212283500000002 7.7846779265150312 2.6241560921558507
decision_type=2 2 2 2 2 2 2 2 2 2 2 2 2 2
left_child=-1 2 3 4 -2 7 -7 8 10 -10 12 -12 -3 -14
right_child=1 5 -4 -5 -6 6 -8 -9 9 -11 11 -13 13 -15
leaf_value=-0.00031678849428759651 -0.035707721849793456 0.00019525496975355771 0.34908483475382751 -0.0023771301425916749 0.0036435292339929148 -0.059728558264477288 0.068146416360581913 0.0044206946291809176 -0.015905192885971777 -0.00074234510776193918 0.032792141501150153 0.0015479419974630826 -0.0030090975695778875 -0.00054439060340352318
leaf_weight=61029 533 123622 855 980 285 820 204 3072 1830 75951 2104 30199 6816 34680
leaf_count=61029 533 123622 855 980 285 820 204 3072 1830 75951 2104 30199 6816 34680
internal_value=-0.00724357 -0.00015336 -0.0158462 -0.028921 -0.0156479 -4.29649e-06 -0.0160156 5.46224e-05 -4.59299e-05 -0.00169964 0.000605609 0.00445903 -0.000148258 -0.00347214
internal_weight=342980 281951 2653 1798 818 279298 1024 278274 275202 77781 197421 32303 165118 41496
internal_count=342980 281951 2653 1798 818 279298 1024 278274 275202 77781 197421 32303 165118 41496
is_linear=0
shrinkage=0.04


Tree=147
num_leaves=15
num_cat=0
split_feature=3 2 15 2 12 2 2 12 3 15 14 2 8 11
split_gain=49815.3 446.84 581.603 163.085 156.359 230.486 442.641 371.588 313.631 385.213 287.386 352.679 275.419 425.15
threshold=1.0000000180025095e-35 1.0000000180025095e-35 1.9769870124999758 266.42723100000006 58.752405991809503 53.181915000000011 56.962776000000012 69.941377290476069 8.5360445000000009 4.646697706999988 0.20315972567938506 51.36115250000001 0.99998074785207369 1.3357815865830869
decision_type=2 2 2 2 2 2 2 2 2 2 2 2 2 2
left_child=-1 2 -2 4 -3 8 7 -7 9 -6 -10 -12 -8 -14
right_child=1 3 -4 -5 5 6 12 -9 10 -11 11 -13 13 -15
leaf_value=-0.00030411695451610044 -0.0030040281541369395 0.0003040052729399889 0.31481230419059897 0.025125597271902222 -0.0034746253028702157 0.00062686802333352884 0.0001377152047821273 0.0038946184829819421 3.0296035275370061e-05 0.0003417279774066451 -0.00028821180148831617 -0.0024560642817481695 -0.0085844707701376692 -0.00072780895260136978
leaf_weight=61005 1823 5095 875 1104 1533 6628 215887 2474 1461 4347 1267 1899 5447 32306
leaf_count=61005 1823 5095 875 1104 1533 6628 215887 2474 1461 4347 1267 1899 5447 32306
internal_value=-0.00722422 -0.000137517 -0.016338 1.88944e-05 -4.19625e-05 -0.000171419 6.08962e-05 0.00872775 -0.00598077 0.00014966 -0.0137713 -0.0205433 -0.000250118 -0.00340211
internal_weight=343151 282146 2698 279448 278344 273249 262742 9102 10507 5880 4627 3166 253640 37753
internal_count=343151 282146 2698 279448 278344 273249 262742 9102 10507 5880 4627 3166 253640 37753
is_linear=0
shrinkage=0.04


Tree=148
num_leaves=15
num_cat=0
split_feature=3 15 11 12 13 3 12 12 13 12 3 11 12 3
split_gain=49650.3 213.488 796.933 462.276 358.641 340.39 276.661 222.769 175.154 159.779 234.973 152.207 573.782 369.817
threshold=1.0000000180025095e-35 1.9769870124999758 16.671279250624913 88.500734310274837 263.48706550046819 30.262529500000003 62.955002779311037 124.50404105124963 443.60715893120567 111.75401444430248 40.573976500000008 43.499020682543801 114.91249565057809 14.206603500000002
decision_type=2 2 2 2 2 2 2 2 2 2 2 2 2 2
left_child=-1 2 3 6 9 7 8 -6 -2 -5 -11 -3 -13 -14
right_child=1 11 -4 4 5 -7 -8 -9 -10 10 -12 12 13 -15
leaf_value=-0.0002919522763354543 0.013862306342218141 0.00011779194838219986 -0.0021603674685594498 -0.01297563115587348 0.0071622823527917488 0.053159771437363244 -0.026526265088504627 0.00031596974282195768 -0.56597773189259959 -0.008162741378598631 0.0010165931124739114 -0.017757121991859585 0.051978474587542019 -0.0014669859926152004
leaf_weight=60912 497 238828 969 411 500 1117 1858 6950 112 1542 1873 1811 968 24388
leaf_count=60912 497 238828 969 411 500 1117 1858 6950 112 1542 1873 1811 968 24388
internal_value=-0.00725246 -0.000174577 -0.0046876 -0.00239569 0.000752037 0.0052994 -0.0182084 0.00221208 0.00518883 -0.00943021 -0.00659444 9.39867e-05 -0.00274303 -0.00118946
internal_weight=342736 281824 15829 14860 12393 8567 2467 7450 609 3826 3415 265995 27167 25356
internal_count=342736 281824 15829 14860 12393 8567 2467 7450 609 3826 3415 265995 27167 25356
is_linear=0
shrinkage=0.04


Tree=149
num_leaves=15
num_cat=0
split_feature=3 15 11 12 13 3 12 12 13 15 0 10 11 12
split_gain=49790.6 220.477 816.135 439.413 327.03 317.793 282.675 227.393 179.258 154.368 312.536 365.822 433.09 465.997
threshold=1.0000000180025095e-35 1.9769870124999758 16.368767642342437 88.500734310274837 263.48706550046819 30.262529500000003 62.955002779311037 124.50404105124963 443.60715893120567 6.532326244750025 13.215286564046613 14.625754500000001 1.0000000180025095e-35 64.348696041612257
decision_type=2 2 2 2 2 2 2 2 2 2 2 2 2 2
left_child=-1 2 3 6 -5 7 8 -6 -2 10 11 12 13 -3
right_child=1 9 -4 4 5 -7 -8 -9 -10 -11 -12 -13 -14 -15
leaf_value=-0.00028027418528203896 0.013406011754679828 0.0028338699724060755 -0.002073952769817069 -0.0032940383437593201 0.0071982855655160095 0.051050873702359695 -0.025465358721403108 0.0001799012903646391 -0.54333862261689558 -0.00028173412694822099 0.004427720580941593 0.006212410662480833 -3.068858601208646e-05 -0.013137570136921947
leaf_weight=61069 508 1114 1002 3843 499 1122 1895 6966 112 97523 13982 44646 99463 9483
leaf_count=61069 508 1114 1002 3843 499 1122 1895 6966 112 97523 13982 44646 99463 9483
internal_value=-0.00725246 -0.00016473 -0.00473318 -0.0023901 0.000695093 0.00503552 -0.0176382 0.00205224 0.00580645 0.000108936 0.000841317 0.000323711 -0.000915137 -0.00860243
internal_weight=343227 282158 15947 14945 12430 8587 2515 7465 620 266211 168688 154706 110060 10597
internal_count=343227 282158 15947 14945 12430 8587 2515 7465 620 266211 168688 154706 110060 10597
is_linear=0
shrinkage=0.04


Tree=150
num_leaves=15
num_cat=0
split_feature=3 2 15 11 12 10 13 10 10 15 3 2 13 13
split_gain=49792.9 365.777 537.941 192.653 330.999 165.069 394.428 245.198 326.821 378.362 344.896 275.387 278.422 333.312
threshold=1.0000000180025095e-35 1.0000000180025095e-35 1.9769870124999758 16.671279250624913 87.798120673683627 100.28660550000002 228.57383096747418 15.471221500000002 17.284826500000005 0.88182971749998285 19.174364000000001 124.9384955 449.35294705808218 254.05081887727795
decision_type=2 2 2 2 2 2 2 2 2 2 2 2 2 2
left_child=-1 2 3 4 -2 7 -7 -3 9 -9 -10 -12 13 -13
right_child=1 5 -4 -5 -6 6 -8 8 10 -11 11 12 -14 -15
leaf_value=-0.00026906321787075529 -0.024721950421680353 -8.8379589458340566e-05 0.30222636971011752 -0.0019881928945409476 0.0042161627269407019 -0.03077280208206682 -0.0031731176025800337 -0.0079964279450708987 -0.030513434794502883 0.022083896855877274 0.11814046281733606 -0.0024255234039470388 -0.013515897834133286 0.013688940316403277
leaf_weight=60967 535 206195 885 980 268 702 17832 550 2483 5935 750 4885 8763 31054
leaf_count=60967 535 206195 885 980 268 702 17832 550 2483 5935 750 4885 8763 31054
internal_value=-0.00722297 -0.000132142 -0.0148726 -0.0275266 -0.0130012 8.74085e-06 -0.00363872 0.000268135 0.00265638 0.011084 0.00151622 0.00230925 0.00190595 0.00346476
internal_weight=342784 281817 2668 1783 803 279149 18534 260615 54420 6485 47935 45452 44702 35939
internal_count=342784 281817 2668 1783 803 279149 18534 260615 54420 6485 47935 45452 44702 35939
is_linear=0
shrinkage=0.04


Tree=151
num_leaves=15
num_cat=0
split_feature=3 2 15 11 12 12 3 1 13 0 3 12 11 12
split_gain=49705.9 371.218 506.462 174.807 334.706 164.136 160.257 201.841 170.762 159.198 318.791 236.366 181.955 511.262
threshold=1.0000000180025095e-35 1.0000000180025095e-35 1.9769870124999758 16.671279250624913 87.798120673683627 99.60059704921585 4.8170225000000011 4.9818122008042183 216.85031073074251 20.471902773488122 23.442390000000003 101.10215342802432 28.600655499854692 84.333234351727
decision_type=2 2 2 2 2 2 2 2 2 2 2 2 2 2
left_child=-1 2 3 4 -2 -4 7 -3 -8 12 -11 -12 -10 -14
right_child=1 6 5 -5 -6 -7 8 -9 9 10 11 -13 13 -15
leaf_value=-0.00025830068915592362 -0.023962881695878586 0.00042075690209921748 -0.032031912064871902 -0.0019340830277642241 0.004096257181039036 1.7640930958984127 -0.031138096746889169 0.037203078544168496 8.3042093889169614e-05 0.059735751048376563 -0.010453097769222954 0.0023482697696897803 -0.015743906808896754 -0.00097738503183734862
leaf_weight=61043 547 7202 627 986 273 249 582 489 189465 696 259 8238 1782 70882
leaf_count=61043 547 7202 627 986 273 249 582 489 189465 696 259 8238 1782 70882
internal_value=-0.00727088 -0.000193144 -0.0150037 -0.0271096 -0.0134634 0.00995434 -5.10739e-05 0.00564296 -0.000212134 -0.000165707 0.00500816 0.00287631 -0.000347157 -0.00204888
internal_weight=343320 282277 2682 1806 820 876 279595 7691 271904 271322 9193 8497 262129 72664
internal_count=343320 282277 2682 1806 820 876 279595 7691 271904 271322 9193 8497 262129 72664
is_linear=0
shrinkage=0.04


Tree=152
num_leaves=15
num_cat=0
split_feature=3 2 15 11 14 3 1 3 0 11 3 1 0 15
split_gain=49832.6 364.76 509.316 158.289 174.921 206.058 152.676 1019.26 244.286 313.896 457.334 872.336 566.257 508.96
threshold=1.0000000180025095e-35 1.0000000180025095e-35 1.9769870124999758 23.169343126420991 0.18864135816165592 21.257376000000004 27.562864144813982 24.368006500000003 22.008601316918682 28.600655499854692 20.143394500000003 20.477263108618292 8.8802779304432988 4.646697706999988
decision_type=2 2 2 2 2 2 2 2 2 2 2 2 2 2
left_child=-1 2 3 4 -2 -6 8 -8 9 -3 11 12 -11 -12
right_child=1 6 -4 -5 5 -7 7 -9 -10 10 13 -13 -14 -15
leaf_value=-0.00024796866158968814 -0.029582253066333823 5.7718008674856323e-05 0.24708058565713545 -0.0020343561550911458 0.0043443090003337306 -0.0019198247266361435 0.056508366005445579 0.00043278458498171359 0.0090234094863377527 -0.0063835977930741181 -0.025698754488199783 0.050078375202561184 0.013869313676886454 -0.0029082018848949763
leaf_weight=61038 533 194132 870 816 249 206 2066 34809 2181 11217 2776 1995 4070 25946
leaf_count=61038 533 194132 870 816 249 206 2066 34809 2181 11217 2776 1995 4070 25946
internal_value=-0.00723188 -0.000135951 -0.0148392 -0.0269623 -0.0161943 0.00202198 4.8712e-06 0.00240271 -0.000360024 -0.000481061 -0.00345187 0.00168962 -0.00155688 -0.00654551
internal_weight=342904 281866 2674 1804 988 455 279192 36875 242317 240136 46004 17282 15287 28722
internal_count=342904 281866 2674 1804 988 455 279192 36875 242317 240136 46004 17282 15287 28722
is_linear=0
shrinkage=0.04


Tree=153
num_leaves=15
num_cat=0
split_feature=3 2 15 11 12 12 3 12 1 15 0 3 13 12
split_gain=49763.7 365.605 467.957 166.324 193.684 165.073 152.048 155.935 147.756 166.311 280.465 316.183 312.958 229.292
threshold=1.0000000180025095e-35 1.0000000180025095e-35 1.9769870124999758 23.169343126420991 87.798120673683627 100.34624375180748 263.47241000000002 120.68643227489443 52.353349007881953 6.532326244750025 13.083191836867783 14.411417000000002 282.46392299658419 80.987532344914982
decision_type=2 2 2 2 2 2 2 2 2 2 2 2 2 2
left_child=-1 2 3 4 -2 -4 8 -8 9 10 -3 -12 -13 -11
right_child=1 6 5 -5 -6 -7 7 -9 -10 13 11 12 -14 -15
leaf_value=-0.00023804991512610841 -0.021700775065495181 7.6832579194689997e-05 -0.0071213076268702479 -0.0019284915524421819 0.00017005562364715842 1.7794325940548885 -0.056213954616201142 0.054834799905178977 0.0055920021696882127 0.00016161999308168974 0.049518007918362555 0.013862745283174344 0.001965969648470285 -0.0013805536994711254
leaf_weight=61051 543 167123 635 807 448 213 827 215 1567 20865 730 791 12909 74218
leaf_count=61051 543 167123 635 807 448 213 827 215 1567 20865 730 791 12909 74218
internal_value=-0.00725837 -0.000167299 -0.014966 -0.0265184 -0.0155399 0.0095283 -2.7073e-05 -0.0152783 3.005e-05 -3.93297e-05 0.000670438 0.00602079 0.00465401 -0.00139457
internal_weight=342942 281891 2646 1798 991 848 279245 1042 278203 276636 181553 14430 13700 95083
internal_count=342942 281891 2646 1798 991 848 279245 1042 278203 276636 181553 14430 13700 95083
is_linear=0
shrinkage=0.04


Tree=154
num_leaves=15
num_cat=0
split_feature=3 2 15 12 11 12 10 15 12 10 10 15 3 0
split_gain=49908.2 348.87 451.591 179.266 175.997 195.347 154.29 309.87 308.605 217.197 311.178 383.807 343.17 269.497
threshold=1.0000000180025095e-35 1.0000000180025095e-35 1.9769870124999758 99.60059704921585 23.301367525477428 87.798120673683627 100.28660550000002 3.1809923652500065 106.83634465773251 15.471221500000002 17.284826500000005 0.88182971749998285 18.520662000000005 2.6241560921558507
decision_type=2 2 2 2 2 2 2 2 2 2 2 2 2 2
left_child=-1 2 4 -4 5 -2 9 -8 -9 13 11 -11 -12 -3
right_child=1 6 3 -5 -6 -7 7 8 -10 10 12 -13 -14 -15
leaf_value=-0.00022852791852105982 -0.020716007160386473 -0.00046725957560962429 -0.042044225029893884 1.6789547457529017 -0.0019458555543707945 7.1796031757926924e-05 -0.018280065470665213 0.14187895016237817 -0.0031095946613596327 -0.0080391115477830514 -0.043442705767877135 0.02154635001550282 0.003558173173163503 0.00016261827883063074
leaf_weight=61016 543 51951 626 253 794 468 2125 458 15972 537 1531 5996 46426 154491
leaf_count=61016 543 51951 626 253 794 468 2125 458 15972 537 1531 5996 46426 154491
internal_value=-0.00719689 -0.000103625 -0.014456 0.00905575 -0.0259058 -0.0148368 3.42055e-05 -0.00349016 -0.00163116 0.000284825 0.00253111 0.010721 0.00141543 -0.000308077
internal_weight=343187 282171 2684 879 1805 1011 279487 18555 16430 260932 54490 6533 47957 206442
internal_count=343187 282171 2684 879 1805 1011 279487 18555 16430 260932 54490 6533 47957 206442
is_linear=0
shrinkage=0.04


Tree=155
num_leaves=15
num_cat=0
split_feature=3 2 15 11 12 3 1 13 1 3 0 3 11 15
split_gain=49843.2 348.904 439.001 172.411 185.76 155.321 229.885 195.438 167.709 1429.67 299.469 261.304 325.562 250.866
threshold=1.0000000180025095e-35 1.0000000180025095e-35 1.9769870124999758 23.301367525477428 87.798120673683627 5.0619105000000006 4.9818122008042183 216.85031073074251 25.038252577442329 23.265016500000005 2.0766351944278449 87.574243500000009 32.491859392924802 6.3215550291249807
decision_type=2 2 2 2 2 2 2 2 2 2 2 2 2 2
left_child=-1 2 3 4 -2 6 -3 -7 13 -10 -11 12 -12 -9
right_child=1 5 -4 -5 -6 7 -8 8 9 10 11 -13 -14 -15
leaf_value=-0.0002193868017802103 -0.020150607224946226 0.00033044925499263299 0.23923261726063061 -0.0018627454752194517 4.667651575230636e-05 -0.034403089406655554 0.029225183506352559 0.00011027579618863027 0.055525010657447763 -0.033345754738793948 0.0034799108860528939 0.0040440966865428985 -0.0011535910419384642 -0.00059317487705543796
leaf_weight=61120 543 10301 860 778 478 454 699 151208 3131 1527 7408 4217 30635 69800
leaf_count=61120 543 10301 860 778 478 454 699 151208 3131 1527 7408 4217 30635 69800
internal_value=-0.0072525 -0.000155865 -0.0145769 -0.0258143 -0.0150049 -1.86126e-05 0.00464 -0.000209554 -0.00016512 0.00200691 0.000139768 0.000768575 -0.000278632 -0.000626222
internal_weight=343159 282039 2659 1799 1021 279380 11000 268380 267926 46918 43787 42260 38043 221008
internal_count=343159 282039 2659 1799 1021 279380 11000 268380 267926 46918 43787 42260 38043 221008
is_linear=0
shrinkage=0.04


Tree=156
num_leaves=15
num_cat=0
split_feature=3 15 11 3 12 13 3 13 10 3 3 3 0 3
split_gain=49722.1 193.438 627.704 349.836 161.923 144.509 349.844 252.859 381.428 346.751 318.967 293.754 287.144 425.058
threshold=1.0000000180025095e-35 1.9769870124999758 23.43705807390052 108.70532800000002 62.955002779311037 320.70751591614822 24.183943000000003 346.03754686064582 -0.74271494836355911 29.637326000000005 33.673723000000003 26.009159000000004 13.937910048124161 15.907683500000003
decision_type=2 2 2 2 2 2 2 2 2 2 2 2 2 2
left_child=-1 2 3 -2 -5 6 -3 8 12 11 -11 -10 -7 -14
right_child=1 5 -4 4 -6 7 -8 -9 9 10 -12 -13 13 -15
leaf_value=-0.00021061132970899622 -0.00030865389725475366 -0.00012555912393103164 -0.001914614538614039 0.078810562579005178 -0.028062856051060087 -0.0054344022314705542 0.0040553296491136013 4.3815893422931576e-05 0.00055547235604437974 -0.082883423396160227 -0.0011905488502740647 0.1014223057082501 0.03158907276001046 -0.0051807972646939109
leaf_weight=60903 13888 41632 756 134 1162 15066 18519 177253 5822 712 3929 757 771 1670
leaf_count=60903 13888 41632 756 134 1162 15066 18519 177253 5822 712 3929 757 771 1670
internal_value=-0.0072234 -0.000146488 -0.0044266 -0.00265543 -0.0225309 0.000109871 0.00183472 -0.000393825 -0.0038751 0.00188235 -0.00648998 0.00778842 -0.00756497 0.00516182
internal_weight=342974 282071 15940 15184 1296 266131 60151 205980 28727 11220 4641 6579 17507 2441
internal_count=342974 282071 15940 15184 1296 266131 60151 205980 28727 11220 4641 6579 17507 2441
is_linear=0
shrinkage=0.04


Tree=157
num_leaves=15
num_cat=0
split_feature=3 2 15 11 12 12 10 2 0 3 12 11 12 1
split_gain=49987.5 341.979 405.316 176.969 205.758 159.359 148.345 138.699 137.778 261.145 208.572 161.811 527.741 364.706
threshold=1.0000000180025095e-35 1.0000000180025095e-35 1.9769870124999758 23.43705807390052 87.798120673683627 101.10215342802432 204.48121950000004 266.42723100000006 22.65705014976179 26.009159000000004 111.75401444430248 28.600655499854692 84.333234351727 25.221386037932209
decision_type=2 2 2 2 2 2 2 2 2 2 2 2 2 2
left_child=-1 2 3 4 -2 -4 7 8 11 -10 -11 13 -13 -3
right_child=1 6 5 -5 -6 -7 -8 -9 9 10 -12 12 -14 -15
leaf_value=-0.00020218687652063139 -0.019274925722013753 5.4322488585651916e-05 -0.012104527728098446 -0.0017594853403702616 4.0156391446082295e-05 1.667090180968188 -0.029781673622140119 0.024034451121705304 0.063703698598295319 -0.010147560753804763 0.0030262054117304107 -0.014852233741977798 -0.00071055292052623177 0.0057139837257488245
leaf_weight=61181 536 188136 661 753 504 195 3186 1094 524 282 5389 1796 73201 5904
leaf_count=61181 536 188136 661 753 504 195 3186 1094 524 282 5389 1796 73201 5904
internal_value=-0.00722312 -0.000116104 -0.0144205 -0.0252315 -0.0145385 0.0082243 1.94625e-05 0.000118411 6.19114e-05 0.00595964 0.00346323 -7.38932e-05 -0.0016518 0.000535972
internal_weight=343342 282161 2649 1793 1040 856 279512 276326 275232 6195 5671 269037 74997 194040
internal_count=343342 282161 2649 1793 1040 856 279512 276326 275232 6195 5671 269037 74997 194040
is_linear=0
shrinkage=0.04


Tree=158
num_leaves=15
num_cat=0
split_feature=3 2 15 11 14 3 10 3 11 15 0 3 13 13
split_gain=49894 322.616 402.71 176.387 191.155 153.254 144.155 349.054 254.273 202.349 268.094 277.887 278.763 281.132
threshold=1.0000000180025095e-35 1.0000000180025095e-35 1.9769870124999758 23.565189603182009 0.18864135816165592 21.257376000000004 -40.323149192905582 35.968693500000008 37.585394769557489 6.3215550291249807 13.363529632935768 19.013799000000002 297.0789537866894 371.68927237275352
decision_type=2 2 2 2 2 2 2 2 2 2 2 2 2 2
left_child=-1 2 3 4 -2 -6 7 -3 -9 10 -8 -12 -13 -14
right_child=1 6 -4 -5 5 -7 9 8 -10 -11 11 12 13 -15
leaf_value=-0.00019409940145980188 -0.025319299302946911 0.087831854849490729 0.21569673385548754 -0.0018240317690406016 0.0042423531264040191 -0.0012201681082275684 7.9846766126543398e-05 0.0091546214966394795 2.2497937367984832e-05 -0.00041495825036954594 0.026115249335512705 0.012835907544426517 -0.0066771680268723444 0.0028389765198728978
leaf_weight=61022 526 601 881 727 245 297 157332 1665 8794 98562 2695 708 2145 6814
leaf_count=61022 526 601 881 727 245 297 157332 1665 8794 98562 2695 708 2145 6814
internal_value=-0.0072053 -0.000108656 -0.0139312 -0.0248022 -0.0144569 0.00221402 2.37724e-05 0.0044991 0.00279568 -0.000160742 0.000676512 0.00634849 0.00318196 0.00127246
internal_weight=343014 281992 2676 1795 1068 542 279316 11060 10459 268256 169694 12362 9667 8959
internal_count=343014 281992 2676 1795 1068 542 279316 11060 10459 268256 169694 12362 9667 8959
is_linear=0
shrinkage=0.04


Tree=159
num_leaves=15
num_cat=0
split_feature=3 2 15 11 12 12 10 12 3 2 0 12 12 2
split_gain=50027.6 282.562 349.07 212.326 257.681 154.435 152.654 143.324 183.017 166.572 162.754 142.189 141.138 218.693
threshold=1.0000000180025095e-35 1.0000000180025095e-35 1.9769870124999758 23.565189603182009 87.798120673683627 101.10215342802432 264.83215400000006 195.10987148790701 20.143394500000003 249.90281700000003 3.2357859233031494 120.68643227489443 58.752405991809503 53.181915000000011
decision_type=2 2 2 2 2 2 2 2 2 2 2 2 2 2
left_child=-1 2 3 4 -2 -4 7 12 -9 10 -10 -8 -3 -14
right_child=1 6 5 -5 -6 -7 11 8 9 -11 -12 -13 13 -15
leaf_value=-0.0001863354254014027 -0.017401964330573422 0.00029135225817336077 -0.020248215973193737 -0.0018011690481265852 7.236008752903089e-05 1.6636130773419739 -0.052611173010853031 0.031789171837860883 -0.13653708519570817 0.039761353270867592 0.031975567869633716 0.055446635268367683 -0.00040550440208797945 5.2946631638961517e-05
leaf_weight=61034 537 5072 683 720 516 186 812 2034 313 128 165 196 10522 260311
leaf_count=61034 537 5072 683 720 516 186 812 2034 313 128 165 196 10522 260311
internal_value=-0.00716315 -6.10925e-05 -0.013081 -0.02326 -0.0118139 0.007687 6.19561e-05 0.000118186 0.00939394 -0.00990099 -0.0207531 -0.0154762 2.94304e-05 -9.43755e-05
internal_weight=343229 282195 2642 1773 1053 869 279553 278545 2640 606 478 1008 275905 270833
internal_count=343229 282195 2642 1773 1053 869 279553 278545 2640 606 478 1008 275905 270833
is_linear=0
shrinkage=0.04


end of trees

feature_importances:
pressure_bar=407
control_value=382
injection_minus_liquid=276
allocated_injection_m3d=252
neighbor_pressure_bar=215
completed_net_thickness_m=213
perm_md=155
liquid_tpd=121
poro=94
oil_tpd=82
watercut=17
oil_fraction=15
status=10
target_lrat=1

parameters:
[boosting: gbdt]
[objective: regression_l1]
[metric: l1]
[tree_learner: serial]
[device_type: cpu]
[data_sample_strategy: bagging]
[data: ]
[valid: ]
[num_iterations: 160]
[learning_rate: 0.04]
[num_leaves: 15]
[num_threads: 1]
[seed: 20260833]
[deterministic: 1]
[force_col_wise: 1]
[force_row_wise: 0]
[histogram_pool_size: -1]
[max_depth: -1]
[min_data_in_leaf: 12]
[min_sum_hessian_in_leaf: 0.001]
[bagging_fraction: 0.9]
[pos_bagging_fraction: 1]
[neg_bagging_fraction: 1]
[bagging_freq: 1]
[bagging_seed: 2997]
[bagging_by_query: 0]
[feature_fraction: 0.9]
[feature_fraction_bynode: 1]
[feature_fraction_seed: 32236]
[extra_trees: 0]
[extra_seed: 26547]
[early_stopping_round: 0]
[early_stopping_min_delta: 0]
[first_metric_only: 0]
[max_delta_step: 0]
[lambda_l1: 0]
[lambda_l2: 0]
[linear_lambda: 0]
[min_gain_to_split: 0]
[drop_rate: 0.1]
[max_drop: 50]
[skip_drop: 0.5]
[xgboost_dart_mode: 0]
[uniform_drop: 0]
[drop_seed: 8701]
[top_rate: 0.2]
[other_rate: 0.1]
[min_data_per_group: 100]
[max_cat_threshold: 32]
[cat_l2: 10]
[cat_smooth: 10]
[max_cat_to_onehot: 4]
[top_k: 20]
[monotone_constraints: ]
[monotone_constraints_method: basic]
[monotone_penalty: 0]
[feature_contri: ]
[forcedsplits_filename: ]
[refit_decay_rate: 0.9]
[cegb_tradeoff: 1]
[cegb_penalty_split: 0]
[cegb_penalty_feature_lazy: ]
[cegb_penalty_feature_coupled: ]
[path_smooth: 0]
[interaction_constraints: ]
[verbosity: -1]
[saved_feature_importance_type: 0]
[use_quantized_grad: 0]
[num_grad_quant_bins: 4]
[quant_train_renew_leaf: 0]
[stochastic_rounding: 1]
[linear_tree: 0]
[max_bin: 255]
[max_bin_by_feature: ]
[min_data_in_bin: 3]
[bin_construct_sample_cnt: 200000]
[data_random_seed: 4801]
[is_enable_sparse: 1]
[enable_bundle: 1]
[use_missing: 1]
[zero_as_missing: 0]
[feature_pre_filter: 1]
[pre_partition: 0]
[two_round: 0]
[header: 0]
[label_column: ]
[weight_column: ]
[group_column: ]
[ignore_column: ]
[categorical_feature: ]
[forcedbins_filename: ]
[precise_float_parser: 0]
[parser_config_file: ]
[objective_seed: 26426]
[num_class: 1]
[is_unbalance: 0]
[scale_pos_weight: 1]
[sigmoid: 1]
[boost_from_average: 1]
[reg_sqrt: 0]
[alpha: 0.9]
[fair_c: 1]
[poisson_max_delta_step: 0.7]
[tweedie_variance_power: 1.5]
[lambdarank_truncation_level: 30]
[lambdarank_norm: 1]
[label_gain: ]
[lambdarank_position_bias_regularization: 0]
[eval_at: ]
[multi_error_top_k: 1]
[auc_mu_weights: ]
[num_machines: 1]
[local_listen_port: 12400]
[time_out: 120]
[machine_list_filename: ]
[machines: ]
[gpu_platform_id: -1]
[gpu_device_id: -1]
[gpu_use_dp: 0]
[num_gpu: 1]

end of parameters

pandas_categorical:null
