tree
version=v4
num_class=1
num_tree_per_iteration=1
label_index=0
max_feature_idx=15
objective=regression_l1
feature_names=oil_tpd liquid_tpd pressure_bar control_value target_orat target_lrat target_wrat status oil_fraction watercut injection_minus_liquid allocated_injection_m3d neighbor_pressure_bar perm_md poro completed_net_thickness_m
feature_infos=[0:43.288179497573005] [0:66.54612115517422] [0:285.00482199999999] [0:410.73022900000001] none [0:1] [0:1] [0:1] [0:1] [0:1] [-66.54612115517422:410.73022900000001] [0:107.26061067246896] [0:228.86765581365864] [212.71655300490687:738.00869701563943] [0.15975654196058092:0.23766614019099039] [0.63501341750003348:13.268681986250044]
tree_sizes=1532 1549 1545 1554 1537 1542 1552 1547 1554 1549 1548 1555 1551 1553 1567 1573 1564 1569 1563 1561 1572 1562 1570 1568 1554 1567 1566 1579 1574 1580 1576 1559 1574 1562 1579 1570 1579 1570 1569 1576 1570 1575 1565 1568 1566 1582 1569 1577 1575 1575 1575 1584 1573 1578 1583 1574 1577 1574 1580 1576 1573 1576 1583 1580 1589 1587 1583 1577 1582 1575 1586 1577 1573 1577 1572 1597 1575 1579 1565 1594 1573 1556 1579 1581 1579 1587 1576 1580 1578 1560 1578 1578 1583 1577 1571 1581 1556 1564 1549 1539 1561 1575 1557 1571 1555 1561 1558 1563 1560 1563 1579 1572 1562 1583 1558 1565 1552 1588 1561 1557 1556 1558 1541 1582 1550 1565 1551 1557 1583 1550 1580 1567 1566 1558 1545 1577 1579 1569 1560 1563 1558 1552 1555 1566 1574 1552 1583 1590 1585 1579 1563 1564 1562 1575 1568 1561 1558 1555 1570 1547

Tree=0
num_leaves=15
num_cat=0
split_feature=2 10 12 11 10 2 10 13 15 0 15 15 10 12
split_gain=168995 12743 2596.97 2309.77 1862.83 1554.69 1265.88 1143.33 857.681 1020.97 1032.93 819.66 750.356 667.604
threshold=90.608795000000015 129.33800550000004 136.96721775150482 7.5077242088305125 -17.409799290552161 204.42191300000005 1.0000000180025095e-35 282.46392299658419 3.7507811581250086 5.8611536680917036 12.200141976749977 6.2347572539999883 63.194518500000008 104.14218828568853
decision_type=2 2 2 2 2 2 2 2 2 2 2 2 2 2
left_child=3 2 4 6 -2 -3 -1 -4 -9 10 -10 13 -13 -6
right_child=1 5 7 -5 11 -7 -8 8 9 -11 -12 12 -14 -15
leaf_value=-0.72967181205749509 -0.58442993670701981 -0.6960906982421875 -0.52921423435211179 -0.62840159177780153 -0.59938534379005437 -0.57667456105351445 0.69143833160400403 -0.49878722190856933 -0.56336170792579654 -0.57432383120059971 -0.65408087253570557 -0.59350907206535342 -0.65946346998214722 -0.5767358815670014
leaf_weight=100389 30548 9619 22429 34546 7138 656 407 17806 43238 27772 1023 14344 2236 30919
leaf_count=100389 30548 9619 22429 34546 7138 656 407 17806 43238 27772 1023 14344 2236 30919
internal_value=-0.605496 -0.582836 -0.580576 -0.640277 -0.585842 -0.626266 -0.643336 -0.57658 -0.578597 -0.58054 -0.584312 -0.590265 -0.597687 -0.587031
internal_weight=343070 207728 197453 135342 85185 10275 100796 112268 89839 72033 44261 54637 16580 38057
internal_count=343070 207728 197453 135342 85185 10275 100796 112268 89839 72033 44261 54637 16580 38057
is_linear=0
shrinkage=1


Tree=1
num_leaves=15
num_cat=0
split_feature=2 10 12 2 10 11 3 2 12 10 8 11 13 3
split_gain=161948 11711.9 3995.97 2000.75 3804.66 1803.69 1554.7 1520.43 1113.49 1112.53 1032.95 778.649 713.02 695.505
threshold=87.642353500000013 129.33800550000004 113.07737914676886 198.45362850000001 90.019344500000017 3.3215678316954613 34.46907550000001 204.42191300000005 140.04740962927949 1.0000000180025095e-35 0.91204342446559938 0.85815922895745456 282.46392299658419 12.815556500000001
decision_type=2 2 2 2 2 2 2 2 2 2 2 2 2 2
left_child=5 2 10 4 6 9 8 -3 -4 -1 -2 -12 -10 -14
right_child=1 7 3 -5 -6 -7 -8 -9 12 -11 11 -13 13 -15
leaf_value=-0.11923802947998047 0.0089957358121871955 -0.086210498809814448 0.021875011110305789 0.12197653179168701 -0.043976480817794796 -0.029296155929565432 0.025699006104469301 0.027204527670145032 0.056245318698883058 1.3715120834350587 -0.035696731567382817 0.00047330999374389559 -0.0010145877361297595 0.051514515900611881
leaf_weight=84305 13808 9643 52309 24859 4105 46087 51611 659 10384 392 1794 4319 1672 36942
leaf_count=84305 13808 9643 52309 24859 4105 46087 51611 659 10384 392 1794 4319 1672 36942
internal_value=1.85483e-05 0.0216046 0.0237283 0.0255911 0.0239218 -0.0349896 0.024942 -0.0199961 0.0220632 -0.0384547 0.00672055 -0.00696876 0.0263962 0.0238939
internal_weight=342889 212105 201803 181882 157023 130784 152918 10302 101307 84697 19921 6113 48998 38614
internal_count=342889 212105 201803 181882 157023 130784 152918 10302 101307 84697 19921 6113 48998 38614
is_linear=0
shrinkage=0.04


Tree=2
num_leaves=15
num_cat=0
split_feature=2 10 12 2 2 10 3 2 2 15 13 15 13 10
split_gain=155411 11096 4155.44 2471.86 1834.31 3439.09 1517.87 1487.64 1127.07 1044.54 956.304 761.534 706.383 680.233
threshold=86.960144000000014 129.33800550000004 120.59619360405789 66.405166500000021 198.45362850000001 90.019344500000017 53.558764500000002 204.42191300000005 97.609249500000018 5.108791732625023 254.05081887727795 8.4516063852500043 642.89807683317133 1.0000000180025095e-35
decision_type=2 2 2 2 2 2 2 2 2 2 2 2 2 2
left_child=3 2 8 13 5 6 9 -3 12 -4 -10 -11 -2 -1
right_child=1 7 4 -5 -6 -7 -8 -9 10 11 -12 -13 -14 -15
leaf_value=-0.11446850830078126 -0.0011222246117591839 -0.082566370582580581 0.049454230784416194 -0.013633133945465087 0.11759310459899902 -0.044736173158645628 0.024877663716316226 0.026102591003417969 -0.031705792704582215 0.020909033899098636 0.014831385036945343 0.028344216808319094 0.0053501515321731571 3.9040557749023437
leaf_weight=100000 9831 9656 57091 29657 24479 3865 19711 660 967 59858 18057 8205 911 181
leaf_count=100000 9831 9656 57091 29657 24479 3865 19711 660 967 59858 18057 8205 911 181
internal_value=3.18248e-05 0.0210351 0.0230919 -0.0344713 0.0254645 0.0237945 0.024788 -0.0194339 0.00928576 0.0231631 0.0151346 0.0198163 -0.00107243 -0.0374742
internal_weight=343129 213291 202975 129838 173209 148730 144865 10316 29766 125154 19024 68063 10742 100181
internal_count=343129 213291 202975 129838 173209 148730 144865 10316 29766 125154 19024 68063 10742 100181
is_linear=0
shrinkage=0.04


Tree=3
num_leaves=15
num_cat=0
split_feature=2 10 12 2 2 10 3 2 13 2 13 13 3 10
split_gain=151287 10557.9 3975.38 2734.5 1830.22 3260.52 1524.73 1471.22 1124.77 1066.18 1031.9 831.493 651.057 1224.26
threshold=86.960144000000014 129.33800550000004 119.73305095858831 64.331382500000004 198.45362850000001 90.019344500000017 53.558764500000002 204.42191300000005 642.89807683317133 97.609249500000018 319.16334368527947 254.05081887727795 1.0000000180025095e-35 -1.0000000180025095e-35
decision_type=2 2 2 2 2 2 2 2 2 2 2 2 2 2
left_child=3 2 8 12 5 6 10 -3 9 -2 -4 -11 -1 -14
right_child=1 7 4 -5 -6 -7 -8 -9 -10 11 -12 -13 13 -15
leaf_value=-0.10988976796875001 -0.0010499701959800723 -0.080095906272888193 0.052497285511150356 -0.014209519603347778 0.11270861144836426 -0.042938527017364496 0.023826638325109482 0.025336845226707459 0.012740287856712343 -0.029890632653579711 0.02553357820635677 0.012668384616031649 -0.045595520913696286 -0.12129969495544433
leaf_weight=61076 9663 9653 31220 31928 24529 3872 19674 660 2451 971 94891 15635 33963 2903
leaf_count=61076 9663 9653 31220 31928 24529 3872 19674 660 2451 971 94891 15635 33963 2903
internal_value=-0.000118103 0.0206119 0.0226186 -0.0341523 0.024892 0.0232321 0.0241943 -0.0188694 0.00883008 0.00641212 0.0225785 0.0125593 -0.0374663 -0.0332686
internal_weight=343089 213219 202906 129870 174186 149657 145785 10313 28720 26269 126111 16606 97942 36866
internal_count=343089 213219 202906 129870 174186 149657 145785 10313 28720 26269 126111 16606 97942 36866
is_linear=0
shrinkage=0.04


Tree=4
num_leaves=15
num_cat=0
split_feature=2 10 12 2 2 10 3 2 13 13 2 15 2 3
split_gain=146811 9981.48 3815.3 3032.55 1759.04 2631.07 1414.09 1408.77 1163.21 1104.51 1058.33 830.829 733.47 728.281
threshold=86.960144000000014 129.33800550000004 120.59619360405789 66.405166500000021 208.59535200000002 95.344537000000017 53.558764500000002 204.42191300000005 319.16334368527947 642.89807683317133 97.609249500000018 1.1937700325000125 170.89817800000003 1.0000000180025095e-35
decision_type=2 2 2 2 2 2 2 2 2 2 2 2 2 2
left_child=3 2 9 13 5 6 8 -3 -4 10 -2 12 -12 -1
right_child=1 7 4 -5 -6 -7 -8 -9 -10 -11 11 -13 -14 -15
leaf_value=-0.10549417725 -0.0010198935358917227 -0.077079190459594729 0.054186124188746236 -0.01247863295411682 0.11669770542121582 -0.025307679485826112 0.022740711362652207 0.024031257994291684 0.025170741197353744 0.012288465731100465 -0.034018929599614715 0.012638066224531555 0.10667977905698242 -0.043611224727722171
leaf_weight=60974 9834 9671 33130 29604 18560 4206 20424 661 96701 2470 998 16119 406 39064
leaf_count=60974 9834 9671 33130 29604 18560 4206 20424 661 96701 2470 998 16119 406 39064
internal_value=-0.000373838 0.020039 0.0219924 -0.0339402 0.0242701 0.0228721 0.0237455 -0.018312 0.0222064 0.00877996 0.00646708 0.0123609 -0.017151 -0.0372682
internal_weight=342822 213180 202848 129642 173021 154461 150255 10332 129831 29827 27357 17523 1404 100038
internal_count=342822 213180 202848 129642 173021 154461 150255 10332 129831 29827 27357 17523 1404 100038
is_linear=0
shrinkage=0.04


Tree=5
num_leaves=15
num_cat=0
split_feature=2 10 12 2 2 2 15 10 15 15 1 12 11 0
split_gain=142971 9324.51 3800.77 3270.86 1716.34 1344.69 1273.85 2495.7 1425.54 1050.38 1020.4 782.077 747.97 685.7
threshold=86.960144000000014 129.33800550000004 133.43087122619875 59.732263500000009 97.609249500000018 204.42191300000005 5.108791732625023 90.019344500000017 8.4516063852500043 9.8967739006249946 21.172748972945353 71.537200004870485 36.05981949223068 4.4869767510877496
decision_type=2 2 2 2 2 2 2 2 2 2 2 2 2 2
left_child=3 2 4 -1 13 -3 12 8 -8 11 -6 -5 -4 -2
right_child=1 5 6 9 10 -7 7 -9 -10 -11 -12 -13 -14 -15
leaf_value=-0.10127441015999999 -0.0068008922833629141 -0.073561395308251953 0.055067750785504195 -0.018920477130275878 0.016114272300611635 0.022812206260983948 0.024391328579794071 -0.041920193969295902 0.026487256494991517 -0.00031983025298706116 0.016008410601030486 -0.017022256591182863 0.043139009426747185 0.00095869241752264854
leaf_weight=92418 2136 9603 58929 7781 45497 657 49687 2898 13512 3353 12648 26277 7884 9790
leaf_count=92418 2136 9603 58929 7781 45497 657 49687 2898 13512 3353 12648 26277 7884 9790
internal_value=-0.000620748 0.0195278 0.0214083 -0.0337142 0.0138699 -0.0176764 0.0253826 0.0214455 0.0231099 -0.0237353 0.0167051 -0.0258383 0.0292775 4.69562e-05
internal_weight=343070 213241 202981 129829 70071 10260 132910 66097 63199 37411 58145 34058 66813 11926
internal_count=343070 213241 202981 129829 70071 10260 132910 66097 63199 37411 58145 34058 66813 11926
is_linear=0
shrinkage=0.04


Tree=6
num_leaves=15
num_cat=0
split_feature=2 10 12 2 10 2 13 2 15 3 10 15 13 13
split_gain=138332 8898.72 3743.56 3501.84 1999.88 1496.07 1261.83 1256.73 883.435 873.679 1138.41 2592.04 807.254 841.89
threshold=86.960144000000014 129.33800550000004 140.04740962927949 66.405166500000021 -27.461008466387582 97.609249500000018 313.87503678502748 204.42191300000005 11.720497890624971 1.0000000180025095e-35 -1.0000000180025095e-35 1.9769870124999758 520.88873726602321 503.7296555183097
decision_type=2 2 2 2 2 2 2 2 2 2 2 2 2 2
left_child=3 2 4 9 -2 -6 -4 -3 -5 -1 -11 -12 13 -8
right_child=1 7 6 8 5 -7 12 -9 -10 10 11 -13 -14 -15
leaf_value=-0.0972234337536 0.017413796858023432 -0.071019625759959959 0.064428096550138272 -0.012964778440725244 -5.3547091803931577e-05 0.016046049391470623 0.039018985306368541 0.022080522740006263 0.00038493950437363367 -0.037861237145018455 -0.13231078901345719 3.250664480781007 0.028943220384798966 -0.0014892759117024435
leaf_weight=61070 18742 9695 30480 27348 11668 76897 53027 643 2277 36175 1835 1109 9589 2479
leaf_count=61070 18742 9695 30480 27348 11668 76897 53027 643 2277 36175 1835 1109 9589 2479
internal_value=-0.000883877 0.0189359 0.0207806 -0.033438 0.0156527 0.0131406 0.0265379 -0.0172645 -0.0213563 -0.0370105 -0.0323434 -0.00842391 0.0233929 0.0215415
internal_weight=343034 213220 202882 129814 107307 88565 95575 10338 29625 100189 39119 2944 65095 55506
internal_count=343034 213220 202882 129814 107307 88565 95575 10338 29625 100189 39119 2944 65095 55506
is_linear=0
shrinkage=0.04


Tree=7
num_leaves=15
num_cat=0
split_feature=2 10 2 12 1 2 13 2 15 12 15 10 13 13
split_gain=134962 8246.82 3714.8 3654.46 1944.91 1388.45 1234.79 1186.03 1073.97 1002.78 838.293 874.645 835.953 786.983
threshold=86.960144000000014 129.33800550000004 56.360086500000008 140.04740962927949 25.084036865475465 97.609249500000018 313.87503678502748 204.42191300000005 9.8967739006249946 70.707341700519052 6.347161581125051 63.194518500000008 520.88873726602321 503.7296555183097
decision_type=2 2 2 2 2 2 2 2 2 2 2 2 2 2
left_child=2 3 -1 4 5 -2 -5 -3 9 -4 -7 -12 13 -8
right_child=1 7 8 6 -6 10 12 -9 -10 -11 11 -13 -14 -15
leaf_value=-0.093334496403455994 -0.00011780041332836611 -0.067516981217232458 -0.028552087990333437 0.062093258470562081 0.016462599916123227 0.019913643365179003 0.037406038451334257 0.021198365475292028 -0.00031140776375907729 -0.016257047479182659 0.010982844668991418 -0.042918110137514981 0.027807865198505723 -0.0010511367027795115
leaf_weight=86812 11607 9624 10897 30433 22713 49030 53069 649 3408 28666 21100 2787 9659 2529
leaf_count=86812 11607 9624 10897 30433 22713 49030 53069 649 3408 28666 21100 2787 9659 2529
internal_value=-0.00114093 0.018436 -0.0333008 0.0202061 0.0151354 0.012343 0.0258886 -0.0165288 -0.023682 -0.025538 0.0143884 0.00824381 0.0227856 0.0208986
internal_weight=342983 213200 129783 202927 107237 84524 95690 10273 42971 39563 72917 23887 65257 55598
internal_count=342983 213200 129783 202927 107237 84524 95690 10273 42971 39563 72917 23887 65257 55598
is_linear=0
shrinkage=0.04


Tree=8
num_leaves=15
num_cat=0
split_feature=2 10 2 2 2 10 15 2 15 15 11 3 10 14
split_gain=131006 7689.4 3959.5 3121.16 2065.33 3944.6 1620.29 1122.54 1052.11 1027.49 842.271 772.317 716.412 712.194
threshold=86.960144000000014 129.33800550000004 56.360086500000008 106.45403300000001 193.16770200000002 78.896291000000005 8.4516063852500043 206.68457800000002 5.108791732625023 9.8967739006249946 2.6078607885554947 14.545139000000001 -15.215356180490749 0.19979965203694103
decision_type=2 2 2 2 2 2 2 2 2 2 2 2 2 2
left_child=2 3 -1 12 5 6 8 -3 -5 10 -4 -12 -2 -14
right_child=1 7 9 4 -6 -7 -8 -9 -10 -11 11 -13 13 -15
leaf_value=-0.089601116547317755 0.0091366564227549144 -0.064067896512000191 -0.044395162730324601 0.037310334588557342 0.095601682575801525 -0.020803751517862387 0.02015986265120662 0.020349367211394326 0.015401073328813433 -0.0003093083562848875 -0.012292271350718141 -0.015368037335252542 0.0055093326715694299 -0.0027206617899644269
leaf_weight=86868 7844 9673 8462 60949 28525 6231 18848 620 65462 3404 10205 20718 7926 7293
leaf_count=86868 7844 9673 8462 60949 28525 6231 18848 620 65462 3404 10205 20718 7926 7293
internal_value=-0.00133027 0.0179393 -0.0330413 0.0196488 0.0214238 0.0195646 0.0209014 -0.0157894 0.0192702 -0.0230816 -0.0249039 -0.0218439 0.00579456 0.000733294
internal_weight=343028 213371 129657 203078 180015 151490 145259 10293 126411 42789 39385 30923 23063 15219
internal_count=343028 213371 129657 203078 180015 151490 145259 10293 126411 42789 39385 30923 23063 15219
is_linear=0
shrinkage=0.04


Tree=9
num_leaves=15
num_cat=0
split_feature=2 3 2 12 1 3 2 2 2 10 10 15 2 10
split_gain=125592 7357.64 4866.82 3566.85 2031.26 1477.7 1470.34 1271.97 1077.88 1027.51 895.74 2371.57 819.688 2137.54
threshold=86.960144000000014 125.00756650000001 74.679737000000003 144.36716210526077 29.362923655631509 1.0000000180025095e-35 97.609249500000018 202.76741800000002 115.98096450000001 40.696567500000008 -1.0000000180025095e-35 1.9769870124999758 188.54988100000003 85.00303700000002
decision_type=2 2 2 2 2 2 2 2 2 2 2 2 2 2
left_child=2 3 5 4 6 -1 -2 -3 -5 -10 -7 -12 13 -8
right_child=1 7 -4 8 -6 10 12 -9 9 -11 11 -13 -14 -15
leaf_value=-0.086017071885425053 -0.00010863020009105551 -0.061955934817169593 -0.0052433864809654637 -0.0074668992343263031 0.0182770035670324 -0.029180691355873718 0.013654870578750075 0.017358289858841844 0.053758028386561456 0.012626849443387926 -0.11970383210480982 3.0138479652279542 0.057845630868838149 -0.028354832633670161
leaf_weight=60995 11817 10157 19877 1429 19115 45985 87573 948 64389 7362 1817 1133 6308 4254
leaf_count=60995 11817 10157 19877 1429 19115 45985 87573 948 64389 7362 1817 1133 6308 4254
internal_value=-0.00152897 0.0173464 -0.0325526 0.019087 0.015087 -0.0358461 0.0129948 -0.0143539 0.0261416 0.0268267 -0.0306684 -0.00930169 0.0145999 0.0136417
internal_weight=343159 213352 129807 202247 129067 109930 109952 11105 73180 71751 48935 2950 98135 91827
internal_count=343159 213352 129807 202247 129067 109930 109952 11105 73180 71751 48935 2950 98135 91827
is_linear=0
shrinkage=0.04


Tree=10
num_leaves=15
num_cat=0
split_feature=2 3 12 2 12 1 15 2 2 15 10 2 15 3
split_gain=122231 6509.55 5927.98 2911.05 2183.7 1447.63 1377.13 1193.71 1169.57 1001.58 903.171 790.197 771.792 690.279
threshold=83.296169500000005 125.00756650000001 118.63441803135275 56.360086500000008 147.88761440034173 29.630160656986757 12.200141976749977 202.76741800000002 93.887699000000012 0.91381273125000473 38.972653500000007 117.49252700000001 1.1937700325000125 5.0875600000000007
decision_type=2 2 2 2 2 2 2 2 2 2 2 2 2 2
left_child=3 2 8 -1 5 6 9 -3 -2 -4 11 -6 -10 -5
right_child=1 7 4 13 10 -7 -8 -9 12 -11 -12 -13 -14 -15
leaf_value=-0.08257638901000805 -0.0012047778429703992 -0.059647546820234765 0.078901605440371544 -0.0097508798505111117 -0.0092838722498623082 0.018812830223321413 -0.044645229987474097 0.016961441717626397 -0.026448569033084863 0.015069160158230491 0.013553820982022116 0.062553542831675579 0.0082086816436166294 -0.020471737387427646
leaf_weight=86844 15791 10149 2720 3819 840 21960 2198 946 1330 90094 6390 50117 18389 31256
leaf_count=86844 15791 10149 2720 3819 840 21960 2198 946 1330 90094 6390 50117 18389 31256
internal_value=-0.00176676 0.0159758 0.0175547 -0.0339173 0.0205891 0.0174544 0.0153151 -0.0138837 0.00265841 0.0160562 0.0269831 0.0287607 0.00915462 -0.0241916
internal_weight=342843 220924 209829 121919 174319 116972 95012 11095 35510 92814 57347 50957 19719 35075
internal_count=342843 220924 209829 121919 174319 116972 95012 11095 35510 92814 57347 50957 19719 35075
is_linear=0
shrinkage=0.04


Tree=11
num_leaves=15
num_cat=0
split_feature=2 3 12 2 12 13 13 14 15 2 1 15 10 15
split_gain=119175 6138.93 5588.5 3046.95 2201.41 1529.97 1389.75 1149.57 1057.54 1052.09 894.981 1296.92 830.871 707.134
threshold=83.296169500000005 125.00756650000001 118.63441803135275 56.360086500000008 148.9955202389618 642.89807683317133 613.56417515146063 0.18791882470639382 0.91381273125000473 91.647350500000016 29.362923655631509 12.200141976749977 38.972653500000007 6.347161581125051
decision_type=2 2 2 2 2 2 2 2 2 2 2 2 2 2
left_child=3 2 5 -1 6 9 8 -3 -4 -2 11 13 -6 -10
right_child=1 7 4 -5 12 -7 -8 -9 10 -11 -12 -13 -14 -15
leaf_value=-0.079273333449607727 -0.0022009873961558912 0.018458362675522685 0.079239858949048197 -0.018374666834964009 0.062061903933655141 0.0087290911617367017 0.020303523482889982 -0.059709688770667561 0.017874909350769273 0.0039304539880040271 0.016395292587064316 -0.042305015618214765 0.013631381591062178 0.0085720689150249642
leaf_weight=86893 12996 1146 2927 35028 46629 2552 5476 9998 62546 19888 19722 2237 6054 28906
leaf_count=86893 12996 1146 2927 35028 46629 2552 5476 9998 62546 19888 19722 2237 6054 28906
internal_value=-0.00195313 0.0155564 0.0170921 -0.0337028 0.0200331 0.00260978 0.0170785 -0.013374 0.0161516 0.000294368 0.0155389 0.0139086 0.0268648 0.0146446
internal_weight=342998 221077 209933 121921 174497 35436 121814 11144 116338 32884 113411 93689 52683 91452
internal_count=342998 221077 209933 121921 174497 35436 121814 11144 116338 32884 113411 93689 52683 91452
is_linear=0
shrinkage=0.04


Tree=12
num_leaves=15
num_cat=0
split_feature=2 3 2 2 12 1 15 15 2 11 3 15 2 3
split_gain=115082 5843.63 5221.91 3399.92 2462.01 1535.63 1465.7 1222.77 1162.3 931.183 928.382 906.827 854.646 868.292
threshold=83.296169500000005 125.00756650000001 102.39025100000002 54.400200000000005 155.31764993834136 29.630160656986757 0.91381273125000473 12.200141976749977 202.76741800000002 35.870378103042079 86.852278500000025 11.201103675124985 78.106342000000012 4.9999920000000015
decision_type=2 2 2 2 2 2 2 2 2 2 2 2 2 2
left_child=3 2 11 -1 5 6 10 9 -3 -8 -4 -2 13 -5
right_child=1 8 4 12 -6 -7 7 -9 -10 -11 -12 -13 -14 -15
leaf_value=-0.076102400111623419 -0.001417820915045973 -0.055262232540031285 0.091513362059238684 -0.0068363878223928779 0.06700941362494553 0.017975453592263105 0.017832924071993241 -0.032632015852424985 0.016453908037987006 0.0070438035528173669 -0.017018176737824981 0.0026254113486500596 -0.0047781318355582325 -0.02408724000499407
leaf_weight=82427 20562 10199 5052 2919 32604 25735 92407 2901 941 25477 412 4778 7559 28852
leaf_count=82427 20562 10199 5052 2919 32604 25735 92407 2901 941 25477 412 4778 7559 28852
internal_value=-0.00213135 0.0150679 0.0165661 -0.0333592 0.0189035 0.0167639 0.0149486 0.0140319 -0.0131634 0.0146632 0.0352123 -0.000460931 -0.0236827 -0.0265588
internal_weight=342825 221068 209928 121757 184588 151984 126249 120785 11140 117884 5464 25340 39330 31771
internal_count=342825 221068 209928 121757 184588 151984 126249 120785 11140 117884 5464 25340 39330 31771
is_linear=0
shrinkage=0.04


Tree=13
num_leaves=15
num_cat=0
split_feature=2 10 2 11 2 2 1 13 2 12 14 10 8 15
split_gain=112459 5743.37 5591.31 3625.16 3582.06 2210.39 1705.89 1643.1 1324.81 1056.96 1046.96 798.938 757.399 736.215
threshold=83.296169500000005 78.896291000000005 110.12011350000002 5.9425295340715829 200.10487350000002 189.82537850000003 21.661286460465369 583.60789811233519 79.026066000000014 147.60639432336384 0.19726957747197196 1.0000000180025095e-35 0.9982281313732696 8.4516063852500043
decision_type=2 2 2 2 2 2 2 2 2 2 2 2 2 2
left_child=3 2 6 8 -3 7 10 9 11 13 -2 -1 -10 -4
right_child=1 4 5 -5 -6 -7 -8 -9 12 -11 -12 -13 -14 -15
leaf_value=-0.073058304107158481 0.0051608820258398679 -0.034926361768703472 0.014719900460882254 -0.019098192110433159 0.012514887144443416 0.098373630428322367 0.012002737679039331 0.017766594275524926 0.0026801681586282556 0.033733811174637994 -0.0018729522319434989 2.5977986651351195 -0.012961297026052056 0.014718230992782551
leaf_weight=89089 13444 16211 79992 31031 6751 23740 7038 7804 717 35296 20286 272 1071 10360
leaf_count=89089 13444 16211 79992 31031 6751 23740 7038 7804 717 35296 20286 272 1071 10360
internal_value=-0.00236501 0.0146654 0.016862 -0.0331589 -0.0042714 0.0202855 0.0036617 0.0182849 -0.0371791 0.0171788 -7.58968e-05 -0.0378613 -0.00308725 0.0148858
internal_weight=343102 220922 197960 122180 22962 157192 40768 133452 91149 125648 33730 89361 1788 90352
internal_count=343102 220922 197960 122180 22962 157192 40768 133452 91149 125648 33730 89361 1788 90352
is_linear=0
shrinkage=0.04


Tree=14
num_leaves=15
num_cat=0
split_feature=2 12 10 2 2 2 13 13 14 12 15 11 13 11
split_gain=108062 5674.28 5314.64 3595.01 2570.23 2559.05 1570.32 1459.48 1137.23 1131.33 890.277 1007.29 873.014 851.095
threshold=81.329796000000016 118.63441803135275 95.344537000000017 54.400200000000005 217.37100200000003 189.82537850000003 583.60789811233519 642.89807683317133 0.19726957747197196 147.32826877793869 8.4516063852500043 24.811182852654614 254.05081887727795 1.0000000180025095e-35
decision_type=2 2 2 2 2 2 2 2 2 2 2 2 2 2
left_child=3 7 5 -1 -4 6 9 8 -2 10 11 -3 -10 -5
right_child=1 2 4 13 -6 -7 -8 -9 12 -11 -12 -13 -14 -15
leaf_value=-0.070135971942872147 0.0052178331033215343 0.021123604812821765 -0.028087942055950936 -0.04375013899218326 0.015359247105949355 0.091103267573702698 0.018001521408851685 0.0075672914444677658 -0.056854478768597422 0.03186916871696209 0.014010599049088421 0.0059506962367637667 -0.0016479474179450903 -0.014025939581488159
leaf_weight=82446 14330 46011 13546 5791 3457 24013 7674 2583 1262 36550 12244 40237 22356 30351
leaf_count=82446 14330 46011 13546 5791 3457 24013 7674 2583 1262 36550 12244 40237 22356 30351
internal_value=-0.00240723 0.0139228 0.0169112 -0.033289 -0.00439217 0.0190837 0.0170509 0.000376008 -0.0016043 0.0160507 0.0138204 0.0123875 -0.00699805 -0.0227702
internal_weight=342851 224263 183732 118588 17003 166729 142716 40531 37948 135042 98492 86248 23618 36142
internal_count=342851 224263 183732 118588 17003 166729 142716 40531 37948 135042 98492 86248 23618 36142
is_linear=0
shrinkage=0.04


Tree=15
num_leaves=15
num_cat=0
split_feature=2 12 10 2 7 2 13 12 2 15 13 14 14 15
split_gain=104983 6904.4 4983.85 2919.81 2852.32 2505.26 1609.54 1266.1 1186.46 1289.98 1095.35 992.074 1143.14 657.834
threshold=77.398506500000011 117.55558597928841 78.896291000000005 200.10487350000002 1.0000000180025095e-35 189.82537850000003 583.60789811233519 70.246458624766532 125.43181600000001 8.4516063852500043 715.51569672958851 0.19726957747197196 0.20646187058891907 6.3215550291249807
decision_type=2 2 2 2 2 2 2 2 2 2 2 2 2 2
left_child=4 10 5 -4 -1 6 8 -6 9 -3 11 -2 -13 -10
right_child=1 2 3 -5 7 -7 -8 -9 13 -11 -12 12 -14 -15
leaf_value=-0.067330533065157266 0.0039495738889026291 0.0057688596586395026 -0.032605799429324962 0.011002497656527277 -0.015434583222520955 0.090935307708137153 0.017271690457149259 -0.017851624966446239 0.035649632787474968 0.013337959297276703 0.010894558468923536 -0.0063235351851513013 -1.2601258016857742e-05 0.019602704851772942
leaf_weight=61002 15815 48869 12973 6484 28187 22840 7702 24012 54150 11762 1339 11216 16534 20050
leaf_count=61002 15815 48869 12973 6484 28187 22840 7702 24012 54150 11762 1339 11216 16534 20050
internal_value=-0.00259816 0.0129374 0.0163554 -0.00279385 -0.0341266 0.0186084 0.0166376 -0.0272626 0.0156216 0.0114707 -0.0011313 -0.00222656 -0.00678342 0.0190135
internal_weight=342935 229734 184830 19457 113201 165373 142533 52199 134831 60631 44904 43565 27750 74200
internal_count=342935 229734 184830 19457 113201 165373 142533 52199 134831 60631 44904 43565 27750 74200
is_linear=0
shrinkage=0.04


Tree=16
num_leaves=15
num_cat=0
split_feature=2 12 10 3 2 15 12 15 15 8 1 11 15 3
split_gain=103146 6237.37 4767.18 3200.82 2461.59 2450.23 1384.06 1177.52 1689.85 1140.88 883.751 1018.24 1537.81 918.622
threshold=78.106342000000012 118.63441803135275 95.344537000000017 1.0000000180025095e-35 188.54988100000003 6.532326244750025 70.246458624766532 8.4516063852500043 5.0983766455000117 0.99984603135089389 21.874136906507889 4.3372944220043541 1.1937700325000125 208.29399250000003
decision_type=2 2 2 2 2 2 2 2 2 2 2 2 2 2
left_child=3 9 4 -1 7 -4 -5 8 -3 10 11 12 -2 -14
right_child=1 2 5 6 -6 -7 -8 -9 -10 -11 -12 -13 13 -15
leaf_value=-0.064637311742550968 -0.029963937691538142 0.026525917539471772 0.0099832792404349162 -0.014755542594024815 0.083403942089894503 -0.043708378698724959 -0.016638075368028141 0.014914498479684743 0.009549633995082003 -0.0050828688734930027 0.009265125142931192 -0.00118494577400998 0.0084115299295226837 -0.12761509749386118
leaf_weight=61021 2013 55643 5746 28492 24689 11241 24857 18580 67847 11665 2104 17667 10629 857
leaf_count=61021 2013 55643 5746 28492 24689 11241 24857 18580 67847 11665 2104 17667 10629 857
internal_value=-0.00272857 0.0127827 0.0160495 -0.0337431 0.0181059 -0.00413728 -0.0265864 0.01608 0.0146674 -0.000575943 0.00319808 0.0015042 0.00977554 0.0154275
internal_weight=343051 228681 183746 114370 166759 16987 53349 142070 123490 44935 33270 31166 13499 11486
internal_count=343051 228681 183746 114370 166759 16987 53349 142070 123490 44935 33270 31166 13499 11486
is_linear=0
shrinkage=0.04


Tree=17
num_leaves=15
num_cat=0
split_feature=2 12 10 3 2 2 13 12 2 15 8 13 11 1
split_gain=100710 6001.45 4739.14 3137.07 2440.69 2373.64 1564.89 1437.64 1193.87 1141.16 1020.74 949.046 1115.34 1340.83
threshold=77.398506500000011 118.63441803135275 78.896291000000005 1.0000000180025095e-35 189.82537850000003 215.48287200000001 583.60789811233519 70.246458624766532 125.84225500000001 8.4516063852500043 0.99984603135089389 228.57383096747418 4.3372944220043541 21.874136906507889
decision_type=2 2 2 2 2 2 2 2 2 2 2 2 2 2
left_child=3 10 4 -1 6 -4 8 -5 9 -3 11 -2 -13 -14
right_child=1 2 5 7 -6 -7 -8 -9 -10 -11 -12 12 13 -15
leaf_value=-0.062051819272848925 -0.033598294441403012 0.0052389671512010974 -0.01764794149386683 -0.01425064304581615 0.084330443918168074 0.013187581899278693 0.016099918402722985 -0.016575424212399641 0.029001173534226956 0.012056425360618248 -0.0051417100693945802 0.0063077425812506725 -0.0013118929325527384 0.0091091061616904168
leaf_weight=60967 1506 48807 15130 28215 22760 4328 7663 24155 73185 11787 12322 12471 17783 2042
leaf_count=60967 1506 48807 15130 28215 22760 4328 7663 24155 73185 11787 12322 12471 17783 2042
internal_value=-0.00297563 0.0122438 0.0154834 -0.0338322 0.0176953 -0.00318224 0.015739 -0.0266519 0.0147321 0.0105793 -0.000655624 0.0029371 0.00438444 -0.00151122
internal_weight=343121 229784 183660 113337 164202 19458 141442 52370 133779 60594 46124 33802 32296 19825
internal_count=343121 229784 183660 113337 164202 19458 141442 52370 133779 60594 46124 33802 32296 19825
is_linear=0
shrinkage=0.04


Tree=18
num_leaves=15
num_cat=0
split_feature=2 2 10 11 2 2 15 2 3 15 3 10 11 3
split_gain=98495.7 6402.34 5439.96 3009.3 2717.22 2704.9 1464.64 1722.41 975.469 815.862 750.332 2367.28 723.981 831.759
threshold=75.91323850000002 97.609249500000018 85.00303700000002 5.5854337162751406 202.76741800000002 188.54988100000003 8.4516063852500043 125.43181600000001 10.347622000000003 11.201103675124985 1.0000000180025095e-35 -1.0000000180025095e-35 25.773726740472288 21.417954500000004
decision_type=2 2 2 2 2 2 2 2 2 2 2 2 2 2
left_child=3 9 5 10 -4 6 7 12 -5 -2 -1 -12 13 -3
right_child=1 2 4 8 -6 -7 -8 -9 -10 -11 11 -13 -14 -15
leaf_value=-0.059569746501934966 -0.0028600778498050318 0.0043519050100822802 -0.031383728735264821 -0.011777985235770717 0.010639430027867731 0.079323374747075792 0.012736690437616192 0.026254303129417941 -0.022134504177170316 0.00097413256351049256 -0.012477471343148539 2.0880564859548998 0.0019157433439583383 0.0105868831043247
leaf_weight=60992 26736 10818 15634 6777 6181 24841 21526 77489 17072 4173 24864 1296 30381 14367
leaf_count=60992 26736 10818 15634 6777 6181 24841 21526 77489 17072 4173 24864 1296 30381 14367
internal_value=-0.0031323 0.0116864 0.0142898 -0.034124 -0.00457117 0.016583 0.0146142 0.0130481 -0.0215338 -0.00526319 -0.0375693 -0.0319021 0.00767376 0.0126885
internal_weight=343147 232146 201237 111001 21815 179422 154581 133055 23849 30909 87152 26160 55566 25185
internal_count=343147 232146 201237 111001 21815 179422 154581 133055 23849 30909 87152 26160 55566 25185
is_linear=0
shrinkage=0.04


Tree=19
num_leaves=15
num_cat=0
split_feature=2 2 10 11 2 2 15 15 2 3 3 10 12 15
split_gain=96569.6 5849.1 5216.52 3212.88 2690.67 2520.65 1810.92 1027.88 1016.8 935.472 752.027 2214.34 723.684 723.246
threshold=75.91323850000002 97.609249500000018 63.194518500000008 5.5854337162751406 160.78794100000002 200.10487350000002 8.4516063852500043 1.1937700325000125 113.97062300000002 10.347622000000003 1.0000000180025095e-35 -1.0000000180025095e-35 163.46718365294723 11.201103675124985
decision_type=2 2 2 2 2 2 2 2 2 2 2 2 2 2
left_child=3 13 4 10 6 -4 8 -6 -3 -5 -1 -12 -9 -2
right_child=1 2 5 9 7 -7 -8 12 -10 -11 11 -13 -14 -15
leaf_value=-0.057186956641857557 -0.0027275511384034679 0.0023544772510736478 -0.024356528409535436 -0.011245149096678198 0.070555825568273611 0.010021004763033976 0.012234048209713593 0.052658173148003355 0.012836088031096322 -0.021239486916459303 -0.012015517982637771 1.9632001505889694 0.074201620386444983 0.00092510219893123576
leaf_weight=61014 26600 26958 17022 6756 6012 6843 21411 27439 77093 17148 24861 1271 18225 4185
leaf_count=61014 26600 26958 17022 6756 6012 6843 21411 27439 77093 17148 24861 1271 18225 4185
internal_value=-0.00333429 0.01136 0.0138468 -0.0340049 0.016212 -0.0037092 0.0130481 0.0238935 0.0108681 -0.0210141 -0.0375682 -0.0318904 0.0218465 -0.0048764
internal_weight=342838 231788 201003 111050 177138 23865 125462 51676 104051 23904 87146 26132 45664 30785
internal_count=342838 231788 201003 111050 177138 23865 125462 51676 104051 23904 87146 26132 45664 30785
is_linear=0
shrinkage=0.04


Tree=20
num_leaves=15
num_cat=0
split_feature=2 12 10 3 2 13 12 13 2 15 13 14 14 14
split_gain=94677 5549.88 3915.12 3208.91 2562.37 2265.03 1683.06 1546.24 1287.32 968.583 949.51 865.728 1118.66 738.439
threshold=75.91323850000002 117.55558597928841 63.194518500000008 1.0000000180025095e-35 187.12343600000003 487.55222243242525 70.246458624766532 583.60789811233519 134.73050700000002 8.1718748551249707 715.51569672958851 0.19726957747197196 0.20542494954399876 0.19726957747197196
decision_type=2 2 2 2 2 2 2 2 2 2 2 2 2 2
left_child=3 10 4 -1 7 -4 -5 8 9 -3 11 -2 -13 -11
right_child=1 2 5 6 -6 -7 -8 -9 -10 13 -12 12 -14 -15
leaf_value=-0.05489947837618326 0.0033371388997432529 0.0056153830321567242 0.0064506344799686909 -0.01299832550058584 0.073946286171989561 -0.039791202998417756 -0.01546396345582254 0.014367313003184026 0.031455010468112464 -0.00065132040909822832 0.0085979514767375882 -0.0059719068305322141 3.7508160932704372e-05 0.014084696954156262
leaf_weight=61102 16662 62579 8513 27646 24300 11690 22401 7689 56255 1963 1323 12091 17041 11945
leaf_count=61102 16662 62579 8513 27646 24300 11690 22401 7689 56255 1963 1323 12091 17041 11945
internal_value=-0.00349277 0.0110474 0.0141698 -0.033849 0.016208 -0.00244914 -0.0263392 0.0141328 0.0131226 0.0097444 -0.00120806 -0.00217321 -0.00633256 0.0192925
internal_weight=343200 232051 184934 111149 164731 20203 50047 140431 132742 76487 47117 45794 29132 13908
internal_count=343200 232051 184934 111149 164731 20203 50047 140431 132742 76487 47117 45794 29132 13908
is_linear=0
shrinkage=0.04


Tree=21
num_leaves=15
num_cat=0
split_feature=3 12 11 8 14 10 15 1 10 10 11 15 12 10
split_gain=62563 24839 6552.41 4261.24 3463.24 3261.91 1957.12 1739.16 1853.02 1576.58 1509.26 1421.64 1276.64 1188.63
threshold=5.740167500000001 94.398052865036433 6.5743936958124207 0.99984603135089389 0.19285141462713501 63.194518500000008 3.7507811581250086 29.630160656986757 13.223450000000001 -17.99138232948626 4.3372944220043541 2.7549546101249835 158.76313392216926 -13.957611417191973
decision_type=2 2 2 2 2 2 2 2 2 2 2 2 2 2
left_child=2 3 -1 10 6 7 -3 8 9 -6 11 -2 -8 -12
right_child=1 4 -4 -5 5 -7 12 -9 -10 -11 13 -13 -14 -15
leaf_value=-0.052703499241135925 -0.051742940927487581 0.046430234597215819 -0.0029879705961861915 -0.013992679313627633 0.0062503916235231395 -0.012993180842538324 0.010232749478343161 0.011954434138153813 0.046585978552464477 -0.0024569047704299796 0.0089832946132692611 0.0037273621379714018 0.058015969139629961 -0.0046336983122650822
leaf_weight=72953 1960 25501 9102 31306 34737 17551 47703 25831 25737 22178 861 6815 10252 10465
leaf_count=72953 1960 25501 9102 31306 34737 17551 47703 25831 25737 22178 861 6815 10252 10465
internal_value=-0.00367282 0.00590839 -0.0341366 -0.0190068 0.0120223 0.00783725 0.0183426 0.0104256 0.00759425 0.00356672 -0.0046346 0.00781766 0.0142794 -0.0142822
internal_weight=342952 260897 82055 51407 209490 126034 83456 108483 82652 56915 20101 8775 57955 11326
internal_count=342952 260897 82055 51407 209490 126034 83456 108483 82652 56915 20101 8775 57955 11326
is_linear=0
shrinkage=0.04


Tree=22
num_leaves=15
num_cat=0
split_feature=2 12 11 10 2 13 13 3 3 10 2 13 15 15
split_gain=91006.1 4535.69 3670.5 3558.94 2572.7 1845.45 1579.78 919.558 907.974 2021.41 905.971 1051.12 985.547 880.485
threshold=75.91323850000002 117.55558597928841 5.5854337162751406 85.00303700000002 174.92517100000001 487.55222243242525 583.60789811233519 10.347622000000003 1.0000000180025095e-35 -1.0000000180025095e-35 89.718540000000004 228.57383096747418 11.201103675124985 0.91381273125000473
decision_type=2 2 2 2 2 2 2 2 2 2 2 2 2 2
left_child=2 10 8 4 6 -5 -3 -4 -1 -10 12 -12 -2 -6
right_child=1 3 7 5 13 -7 -8 -9 9 -11 11 -13 -14 -15
leaf_value=-0.050595359271490496 -0.0037259141801639162 0.01045168686509172 -0.009612174254038602 0.0071166397920315871 0.062107507154037747 -0.036400294292153502 0.013201360166647252 -0.019376493287940992 -0.0098401231783736658 1.9726934365492201 -0.031016848962870901 0.0036476915843272175 0.00095411534517058976 0.062716216218384288
leaf_weight=60981 19137 122380 6788 7104 5818 11514 7700 17078 24950 1293 1545 22948 3528 30080
leaf_count=60981 19137 122380 6788 7104 5818 11514 7700 17078 24950 1293 1545 22948 3528 30080
internal_value=-0.00375331 0.0105149 -0.0335195 0.0133433 0.0152035 -0.00323988 0.0125873 -0.0196195 -0.0373228 -0.0311016 -0.000556427 0.00477688 -0.00631988 0.0246833
internal_weight=342844 231754 111090 184596 165978 18618 130080 23866 87224 26243 47158 24493 22665 35898
internal_count=342844 231754 111090 184596 165978 18618 130080 23866 87224 26243 47158 24493 22665 35898
is_linear=0
shrinkage=0.04


Tree=23
num_leaves=15
num_cat=0
split_feature=2 2 10 11 2 2 13 15 15 3 2 3 2 11
split_gain=88875.3 4212.48 4473.81 3840.76 2529.34 1972.91 1522.54 1058.89 961.284 956.308 1942.48 877.317 917.682 875.812
threshold=75.91323850000002 105.10223800000001 63.194518500000008 5.5854337162751406 174.92517100000001 210.12566400000003 583.60789811233519 11.201103675124985 1.1937700325000125 1.0000000180025095e-35 1.0000000180025095e-35 11.406179000000002 68.666992000000008 1.0000000180025095e-35
decision_type=2 2 2 2 2 2 2 2 2 2 2 2 2 2
left_child=3 7 4 9 6 -4 -3 13 -6 -1 -11 -5 -13 -2
right_child=1 2 5 11 8 -7 -8 -9 -10 10 -12 12 -14 -15
leaf_value=-0.048571544900630884 -0.030507210661686619 0.010271941416452789 -0.015615714981980089 -0.0098937493694146814 0.060271431138243993 0.010524357894095329 0.011133170072488341 0.0022760485478741997 0.062104714469567723 2.6563216908425207 -0.0095109302681081961 -0.021267423825093692 -0.00554988751119236 -0.00081702533878603718
leaf_weight=61017 3522 122865 18467 7103 6010 5349 9060 5590 30618 1003 25167 11836 4903 30526
leaf_count=61017 3522 122865 18467 7103 6010 5349 9060 5590 30618 1003 25167 11836 4903 30526
internal_value=-0.00393451 0.0101502 0.0125968 -0.0333661 0.0148898 -0.00363117 0.0123079 -0.0017236 0.0241891 -0.0372565 -0.0308598 -0.0191393 -0.0241376 -0.00437265
internal_weight=343036 232007 192369 111029 168553 23816 131925 39638 36628 87187 26170 23842 16739 34048
internal_count=343036 232007 192369 111029 168553 23816 131925 39638 36628 87187 26170 23842 16739 34048
is_linear=0
shrinkage=0.04


Tree=24
num_leaves=15
num_cat=0
split_feature=2 3 2 10 2 2 13 11 2 3 15 2 15 15
split_gain=87200.1 3884.25 3859.33 4192.87 2576.74 1751.77 1476.2 1101.09 1427.84 1020.18 974.306 919.396 907.441 907.135
threshold=75.91323850000002 1.0000000180025095e-35 105.10223800000001 78.896291000000005 174.92517100000001 196.79971300000003 583.60789811233519 8.4327858583463904 1.0000000180025095e-35 10.347622000000003 0.91381273125000473 125.43181600000001 1.7043119987500008 11.201103675124985
decision_type=2 2 2 2 2 2 2 2 2 2 2 2 2 2
left_child=1 -1 13 4 6 -5 11 8 12 -9 -6 -4 -3 -2
right_child=2 7 3 5 10 -7 -8 9 -10 -11 -12 -13 -14 -15
leaf_value=-0.046628683104605655 -0.001669253685769725 -0.074688183133074182 0.0043591907498374107 -0.0242785025813314 0.058052335769537784 0.0073752399397818951 0.010659688007397368 -0.00079467153833599367 -0.0095478969788222161 -0.019295103705325806 0.059168130288849867 0.019166341671941367 2.9245435025554771 0.0020739563144489327
leaf_weight=60991 34093 447 58082 15499 6006 7281 9086 4380 30060 14552 30961 65469 753 5523
leaf_count=60991 34093 447 58082 15499 6006 7281 9086 4380 30060 14552 30961 65469 753 5523
internal_value=-0.00409169 -0.0332177 0.00986655 0.0122077 0.0143718 -0.00390518 0.011769 -0.0249761 -0.0295867 -0.0173632 0.0237109 0.0106246 0.0132 -0.00150242
internal_weight=343183 111183 232000 192384 169604 22780 132637 50192 31260 18932 36967 123551 1200 39616
internal_count=343183 111183 232000 192384 169604 22780 132637 50192 31260 18932 36967 123551 1200 39616
is_linear=0
shrinkage=0.04


Tree=25
num_leaves=15
num_cat=0
split_feature=2 2 10 2 3 2 15 15 2 12 3 11 15 12
split_gain=85500 5835.89 3601.93 3095.85 2493.95 1711.12 1497.1 1170.7 1038.98 986.677 952.669 817.27 780.956 745.174
threshold=68.666992000000008 89.718540000000004 63.194518500000008 159.87271850000002 1.0000000180025095e-35 217.37100200000003 8.4516063852500043 1.1937700325000125 125.43181600000001 70.246458624766532 12.815556500000001 26.062983276929504 11.201103675124985 163.46718365294723
decision_type=2 2 2 2 2 2 2 2 2 2 2 2 2 2
left_child=4 12 3 6 -1 -4 8 -5 11 -6 -11 -3 -2 -9
right_child=1 2 5 7 9 -7 -8 13 -10 10 -12 -13 -14 -15
leaf_value=-0.044763535780421436 -0.0038237441129519169 0.0050941053310202605 -0.011749385253514592 0.055746084845490151 -0.010101469100228045 0.012048642965188221 0.0096348395821182174 0.042239584271597588 0.013710323140467438 -0.0061937850616390787 -0.016970327123426169 -6.9107907086807254e-07 0.00075136360722771744 0.060224840067755796
leaf_weight=60871 28292 30420 19991 5981 26195 4011 22818 28173 47795 5391 9819 31535 3532 18412
leaf_count=60871 28292 30420 19991 5981 26195 4011 22818 28173 47795 5391 9819 31535 3532 18412
internal_value=-0.00420539 0.00880113 0.0112294 0.0131196 -0.0348484 -0.00334972 0.00986241 0.0213339 0.00792419 -0.027275 -0.0191716 0.00450585 -0.00715686 0.019195
internal_weight=343236 240960 209136 185134 102276 24002 132568 52566 109750 41405 15210 61955 31824 46585
internal_count=343236 240960 209136 185134 102276 24002 132568 52566 109750 41405 15210 61955 31824 46585
is_linear=0
shrinkage=0.04


Tree=26
num_leaves=15
num_cat=0
split_feature=2 2 10 2 3 2 15 15 12 2 12 3 11 1
split_gain=83876.5 5414.78 3468.6 2966.06 2689.65 1601.81 1423.02 1281.22 1041.73 945.704 871.122 846.051 742.85 742.283
threshold=68.666992000000008 89.718540000000004 95.344537000000017 159.87271850000002 1.0000000180025095e-35 198.45362850000001 8.4516063852500043 0.91381273125000473 67.663440841893021 124.96905900000002 162.54549638353279 12.815556500000001 25.773726740472288 24.405874009585627
decision_type=2 2 2 2 2 2 2 2 2 2 2 2 2 2
left_child=4 -2 3 6 -1 -4 9 -5 -6 12 -9 -10 13 -3
right_child=1 2 5 7 8 -7 -8 10 11 -11 -12 -13 -14 -15
leaf_value=-0.042972994349204575 -0.0024381739126919789 0.0029320882262147919 -0.033742236613665814 0.0529678101981024 -0.0094026868254767325 0.0071230061948646915 0.0091189941573618944 0.033981848580824224 -0.008124533787451824 0.012773090893415251 0.055526915176439172 -0.016151894050321892 -0.00011984510503170176 0.017403423915031042
leaf_weight=61011 31680 26034 13950 6127 22689 5843 22878 30527 6622 49377 19248 12091 31150 3819
leaf_count=61011 31680 26034 13950 6127 22689 5843 22878 30527 6622 49377 19248 12091 31150 3819
internal_value=-0.00434181 0.00856159 0.010898 0.012565 -0.0346601 -0.0050341 0.00932087 0.0202984 -0.026791 0.00743903 0.0181738 -0.0198044 0.00410799 0.00861689
internal_weight=343046 240633 208953 189160 102413 19793 133258 55902 41402 110380 49775 18713 61003 29853
internal_count=343046 240633 208953 189160 102413 19793 133258 55902 41402 110380 49775 18713 61003 29853
is_linear=0
shrinkage=0.04


Tree=27
num_leaves=15
num_cat=0
split_feature=2 2 3 3 2 13 12 14 14 15 2 15 11 11
split_gain=82084.5 5172.54 3405.13 2897.62 2341.22 1174.65 1094.79 989.167 1183.99 1227.5 1152.73 982.987 970.292 1013.1
threshold=68.666992000000008 102.39025100000002 121.85352300000001 1.0000000180025095e-35 208.59535200000002 642.89807683317133 67.663440841893021 0.19553351814842726 0.19664582477016793 8.4516063852500043 139.31008150000002 11.201103675124985 1.0000000180025095e-35 4.1607454769228669
decision_type=2 2 2 2 2 2 2 2 2 2 2 2 2 2
left_child=3 11 4 -1 5 7 -5 10 -9 -10 -3 12 -2 -14
right_child=1 2 -4 6 -6 -7 -8 8 9 -11 -12 -13 13 -15
leaf_value=-0.041254074575236395 -0.046319274159008932 0.0060942068857472755 -0.021509845041540201 -0.0090350020806842669 0.054150327267107015 0.0096330942221953229 -0.013482280813402516 -0.0037426705540669048 0.0060635714385752493 0.011400924725210673 0.030106989033080869 0.0016620342506996134 0.0025297267682046656 -0.0025536419689318325
leaf_weight=61064 4344 31227 11964 22670 18519 4830 18731 6323 68959 14344 39769 5375 3152 32162
leaf_count=61064 4344 31227 11964 22670 18519 4830 18731 6323 68959 14344 39769 5375 3152 32162
internal_value=-0.00447237 0.00827961 0.0110892 -0.0344613 0.0124339 0.0109243 -0.0262921 0.0103398 0.00754602 0.00881265 0.0138667 -0.00394466 -0.00612033 -0.00392592
internal_weight=343433 240968 195935 102465 183971 165452 41401 160622 89626 83303 70996 45033 39658 35314
internal_count=343433 240968 195935 102465 183971 165452 41401 160622 89626 83303 70996 45033 39658 35314
is_linear=0
shrinkage=0.04


Tree=28
num_leaves=15
num_cat=0
split_feature=2 2 10 7 2 2 15 15 12 2 13 11 11 11
split_gain=79694.5 4731.04 3743.38 3250.5 2814.24 1408.18 1344.87 1191.7 1153.09 850.115 789.749 735.44 1668.2 716.595
threshold=68.666992000000008 97.609249500000018 63.194518500000008 1.0000000180025095e-35 159.87271850000002 217.37100200000003 8.4516063852500043 1.1937700325000125 70.246458624766532 125.43181600000001 520.88873726602321 1.0000000180025095e-35 4.1607454769228669 25.773726740472288
decision_type=2 2 2 2 2 2 2 2 2 2 2 2 2 2
left_child=3 11 4 -1 6 -4 9 -6 -5 13 -8 -2 -13 -3
right_child=1 2 5 8 7 -7 10 -9 -10 -11 -12 12 -14 -15
leaf_value=-0.039603911592226933 -0.034481744048343838 0.0058514422462312109 -0.011426145279502222 -0.0089505321042428632 0.049633430692536014 0.010022921964150581 0.0066484301757784303 0.045249245929356023 -0.013042947255970922 0.012085756770943576 0.010980354328594033 0.002796876169414415 -0.0020733175361609523 -0.00013764169464542398
leaf_weight=61014 4487 25048 19942 26230 5997 3999 13635 46598 15251 47799 7907 4302 30748 30229
leaf_count=61014 4487 25048 19942 26230 5997 3999 13635 46598 15251 47799 7907 4302 30748 30229
internal_value=-0.00458807 0.00799049 0.0104767 -0.0341265 0.0124824 -0.00436907 0.00920766 0.0202415 -0.0254873 0.00730801 0.0182973 -0.00465893 -0.00270699 0.00393003
internal_weight=343186 240691 201154 102495 177213 23941 124618 52595 41481 103076 21542 39537 35050 55277
internal_count=343186 240691 201154 102495 177213 23941 124618 52595 41481 103076 21542 39537 35050 55277
is_linear=0
shrinkage=0.04


Tree=29
num_leaves=15
num_cat=0
split_feature=2 12 3 15 10 12 3 12 15 2 10 0 14 14
split_gain=77858.6 4362.27 3516.99 2989.83 2614.99 1394.94 1480.39 1121.56 1039.92 909.081 876.609 960.063 830.931 808.139
threshold=68.666992000000008 117.55558597928841 1.0000000180025095e-35 3.7914950851250073 40.696567500000008 165.76299223056654 81.911376000000004 70.246458624766532 0.91381273125000473 84.679653000000016 34.091017500000007 16.666836344563144 0.22601595510611858 0.21119370650505589
decision_type=2 2 2 2 2 2 2 2 2 2 2 2 2 2
left_child=2 9 -1 8 5 6 10 -4 -3 13 11 12 -5 -2
right_child=1 3 7 4 -6 -7 -8 -9 -10 -11 -12 -13 -14 -15
leaf_value=-0.038019755128537849 -0.0059470435099331503 0.046782938530905122 -0.0085783388449561654 0.0054245178979491814 -0.0080208387954048659 0.052104568531774746 0.012502384796887825 -0.012492843880623612 0.025515431074045924 0.00055066483596538315 0.05479609873816603 0.011660692937242615 -0.0064554213273830445 0.00080907478376872181
leaf_weight=61030 17461 5836 26193 93928 19629 7937 5819 15160 33786 33048 3796 13436 1705 4269
leaf_count=61030 17461 5836 26193 93928 19629 7937 5819 15160 33786 33048 3796 13436 1705 4269
internal_value=-0.00468118 0.00774868 -0.0338974 0.0106723 0.00803173 0.0101377 0.00905194 -0.0248911 0.020419 -0.00217167 0.00803757 0.00737992 0.00597325 -0.00852646
internal_weight=343033 240650 102383 185872 146250 126621 118684 41353 39622 54778 112865 109069 95633 21730
internal_count=343033 240650 102383 185872 146250 126621 118684 41353 39622 54778 112865 109069 95633 21730
is_linear=0
shrinkage=0.04


Tree=30
num_leaves=15
num_cat=0
split_feature=2 2 3 10 2 2 12 15 3 15 11 11 14 11
split_gain=76249.5 4148.49 3719.13 3577.67 2527.09 1242.3 1123.97 1108.67 1140.78 1001.47 872.207 919.028 1004.81 819.747
threshold=68.666992000000008 105.10223800000001 1.0000000180025095e-35 63.194518500000008 208.59535200000002 215.48287200000001 70.246458624766532 3.5068043262499917 79.718269000000006 11.201103675124985 1.0000000180025095e-35 2.1787446760510067 0.19726957747197196 26.062983276929504
decision_type=2 2 2 2 2 2 2 2 2 2 2 2 2 2
left_child=2 9 -1 4 7 -5 -4 -3 13 10 -2 -12 -13 -9
right_child=1 3 6 5 -6 -7 -8 8 -10 -11 11 12 -14 -15
leaf_value=-0.03649896492339634 -0.041664156460236725 0.02952183832179885 -0.0082212518099382941 -0.011827203141868321 0.066383299238635451 0.0081519152057028393 -0.012123577835848939 0.015883486553842481 0.011286904249324593 0.0019422752651547315 0.0041794914791789227 0.0023370074045181255 -0.003219446317288841 0.003914907558389598
leaf_weight=60958 4489 21109 26079 19310 14170 4497 15287 57012 6427 5567 1585 14375 22270 69689
leaf_count=60958 4489 21109 26079 19310 14170 4497 15287 57012 6427 5567 1585 14375 22270 69689
internal_value=-0.0047971 0.00750769 -0.033718 0.0101408 0.0121926 -0.0043735 -0.0244607 0.0107074 0.00935701 -0.00297395 -0.00505349 -0.00309495 -0.00438477 0.00852306
internal_weight=342824 240500 102324 192214 168407 23807 41366 154237 133128 48286 42719 38230 36645 126701
internal_count=342824 240500 102324 192214 168407 23807 41366 154237 133128 48286 42719 38230 36645 126701
is_linear=0
shrinkage=0.04


Tree=31
num_leaves=15
num_cat=0
split_feature=2 3 2 10 2 10 2 12 11 3 15 14 3 3
split_gain=74575.2 3935.19 3861.09 3754.96 2238.18 1469.45 1190.48 1107.89 1051.59 1471.84 951.979 890.972 831.596 746.307
threshold=68.666992000000008 1.0000000180025095e-35 111.980934 63.194518500000008 208.59535200000002 -23.032482518800155 196.79971300000003 70.707341700519052 26.351565834530238 81.911376000000004 11.201103675124985 0.20515559400079877 33.865022500000002 12.815556500000001
decision_type=2 2 2 2 2 2 2 2 2 2 2 2 2 2
left_child=1 -1 5 4 8 -2 -5 -3 11 -10 -7 12 -4 -9
right_child=2 7 3 6 -6 10 -8 13 9 -11 -12 -13 -14 -15
leaf_value=-0.035039006326460495 0.0052857544256577757 -0.0079657939175101916 0.024295919645311369 -0.017400538347406881 0.063885841193737997 -0.0020583242319390529 0.0052376760974161838 -0.0031662372718382768 0.00452446597522836 0.011688366969808761 0.0019127129491853846 0.016066820519944628 0.028331141387146742 -0.013448933005486136
leaf_weight=60897 10353 26580 36661 16402 14165 52747 7411 5170 61228 5292 5097 21940 9324 9639
leaf_count=60897 10353 26580 36661 16402 14165 52747 7411 5170 61228 5292 5097 21940 9324 9639
internal_value=-0.00492123 -0.0335319 0.00724096 0.0104276 0.0127905 -0.000815872 -0.00431865 -0.0240151 0.0111971 0.00762237 -0.00329991 0.014698 0.0178623 -0.0152475
internal_weight=342906 102286 240620 172423 148610 68197 23813 41389 134445 66520 57844 67925 45985 14809
internal_count=342906 102286 240620 172423 148610 68197 23813 41389 134445 66520 57844 67925 45985 14809
is_linear=0
shrinkage=0.04


Tree=32
num_leaves=15
num_cat=0
split_feature=2 3 12 2 3 10 13 2 10 12 2 14 10 3
split_gain=73169.2 4180.53 3633.52 2292.91 2065.94 1276.02 1024.37 1099.01 1030.57 1019.19 994.261 840.413 781.03 757.602
threshold=68.666992000000008 1.0000000180025095e-35 148.42801729831362 89.718540000000004 135.99523600000003 40.696567500000008 642.89807683317133 155.69294700000003 78.896291000000005 70.246458624766532 208.59535200000002 0.21021760849986634 -39.444830345300794 12.815556500000001
decision_type=2 2 2 2 2 2 2 2 2 2 2 2 2 2
left_child=1 -1 3 11 6 10 7 8 12 -3 -4 -2 -5 -11
right_child=2 9 5 4 -6 -7 -8 -9 -10 13 -12 -13 -14 -15
leaf_value=-0.033637446073402071 -0.0043520177322881916 -0.0076590451961585431 0.019392775818637697 0.010623489155129737 -0.037245929738978785 3.6332921803441389e-05 0.0075689745966880852 0.020416741902971429 -0.024562897091326887 -0.0032532447786454187 0.06411856986263266 0.00080088781273713661 0.0031658927616935607 -0.013167892818597995
leaf_weight=61056 23988 26117 36308 8520 8447 7024 5221 30061 2891 5365 12513 7619 98109 9835
leaf_count=61056 23988 26117 36308 8520 8447 7024 5221 30061 2891 5365 12513 7619 98109 9835
internal_value=-0.00502515 -0.0333506 0.00702199 0.00432077 0.00634392 0.0159635 0.00746564 0.00681497 0.00495544 -0.0235245 0.0182569 -0.00548866 0.00559435 -0.0152895
internal_weight=343074 102373 240701 184856 153249 55845 144802 139581 109520 41317 48821 31607 106629 15200
internal_count=343074 102373 240701 184856 153249 55845 144802 139581 109520 41317 48821 31607 106629 15200
is_linear=0
shrinkage=0.04


Tree=33
num_leaves=15
num_cat=0
split_feature=2 3 2 10 2 1 11 3 2 14 15 3 3 10
split_gain=71516.9 4494.41 3445.53 3427.58 2113.25 1339.24 1043.8 1386.37 1032.74 852.292 840.445 796.94 663.484 1304.85
threshold=68.666992000000008 1.0000000180025095e-35 111.980934 63.194518500000008 208.59535200000002 23.038431084519441 26.351565834530238 81.911376000000004 194.81636800000004 0.20515559400079877 11.201103675124985 33.865022500000002 25.183847000000004 -31.875670057698194
decision_type=2 2 2 2 2 2 2 2 2 2 2 2 2 2
left_child=1 -1 5 4 6 10 9 12 -5 11 -2 -4 -8 -14
right_child=2 -3 3 8 -6 -7 7 -9 -10 -11 -12 -13 13 -15
leaf_value=-0.032291948230465994 -0.0019678515089588799 -0.0079713832905150724 0.023040949186668668 -0.015699795392188073 0.05877653698419566 0.0049491244980015125 0.010775885542914164 0.010974052681608712 0.0045657157475913479 0.015166943082705791 0.0017775422547068142 0.026655911923242445 0.0059049290770946151 -0.0029691349863917218
leaf_weight=61077 52748 41290 36706 16194 14214 10329 27330 5274 7577 21934 5033 9353 15579 18305
leaf_count=61077 52748 41290 36706 16194 14214 10329 27330 5274 7577 21934 5033 9353 15579 18305
internal_value=-0.00510604 -0.0331087 0.00680932 0.00981759 0.0120722 -0.000808105 0.0105219 0.00695825 -0.00428589 0.0140067 -0.00317959 0.0170972 0.00526285 0.00152284
internal_weight=342943 102367 240576 172466 148695 68110 134481 66488 23771 67993 57781 46059 61214 33884
internal_count=342943 102367 240576 172466 148695 68110 134481 66488 23771 67993 57781 46059 61214 33884
is_linear=0
shrinkage=0.04


Tree=34
num_leaves=15
num_cat=0
split_feature=2 3 2 10 2 1 14 15 15 3 13 0 10 14
split_gain=69913.3 4782.21 3263.65 3282.49 2026.67 1477.81 980.885 882.264 759.254 712.236 902.784 756.608 769.772 707.82
threshold=68.666992000000008 1.0000000180025095e-35 113.97062300000002 63.194518500000008 208.59535200000002 22.490807066287868 0.18791882470639382 3.5068043262499917 11.201103675124985 81.911376000000004 434.15911543596184 6.2151003709804051 24.543929500000004 0.20033672309383191
decision_type=2 2 2 2 2 2 2 2 2 2 2 2 2 2
left_child=1 -1 5 4 7 8 -5 -4 -2 10 11 12 -9 -12
right_child=2 -3 3 6 -6 -7 -8 9 -10 -11 13 -13 -14 -15
leaf_value=-0.031000270301247357 -0.0019696850162133251 -0.0076630469866044316 0.027790833279695521 0.006222283608620283 0.056220224699497987 0.0044625691005771954 -0.010820726392920811 0.0061624959277260414 0.0019401469832096097 0.010810418943721867 -0.0046901537747592974 0.018602441364826323 0.044124259948123384 0.0040024545696687929
leaf_weight=61115 55246 41343 20158 5019 14190 15437 18781 37835 5144 4342 3370 18535 11620 30914
leaf_count=61115 55246 41343 20158 5019 14190 15437 18781 37835 5144 4342 3370 18535 11620 30914
internal_value=-0.00522106 -0.0328923 0.00656301 0.00972348 0.0120434 -0.000304377 -0.00401681 0.0104387 -0.00312767 0.00898777 0.00831414 0.0109828 0.00839956 0.00302182
internal_weight=343049 102458 240591 164764 140964 75827 23800 126774 60390 106616 102274 67990 49455 34284
internal_count=343049 102458 240591 164764 140964 75827 23800 126774 60390 106616 102274 67990 49455 34284
is_linear=0
shrinkage=0.04


Tree=35
num_leaves=15
num_cat=0
split_feature=2 3 12 2 3 15 1 12 13 0 13 3 9 3
split_gain=68534.2 5082.73 3279.68 2245.29 1808.71 1653.75 1067.8 860.797 777.04 891.271 1040.61 1046.68 781.072 733.849
threshold=68.666992000000008 1.0000000180025095e-35 158.76313392216926 89.718540000000004 135.99523600000003 0.91381273125000473 39.380155671166271 70.707341700519052 466.27196737977994 20.491957735995118 613.56417515146063 25.183847000000004 0.08865850513677849 12.815556500000001
decision_type=2 2 2 2 2 2 2 2 2 2 2 2 2 2
left_child=1 -1 3 -2 5 -5 8 -3 -7 10 11 -10 -12 -9
right_child=2 7 -4 4 -6 6 -8 13 9 -11 12 -13 -14 -15
leaf_value=-0.029760259489197464 -0.0016426466988315579 -0.0067404228885123273 0.034582367180043677 0.029960850892643109 -0.030166111592405544 0.0083997955568578773 0.0096196585311145114 -0.0021625832430285908 0.004801824985837715 0.0085982533549361449 -0.012241807048563711 -0.0030304159120077044 0.0059340449721579569 -0.011830488502725967
leaf_weight=61153 31808 26491 27661 5716 9031 110249 12080 5168 5270 5229 469 27848 5239 9637
leaf_count=61153 31808 26491 27661 5716 9031 110249 12080 5168 5270 5229 469 27848 5239 9637
internal_value=-0.00527983 -0.0326785 0.0063867 0.00470351 0.00642474 0.00734038 0.00661362 -0.0218365 0.00571703 0.00122665 -0.000861279 -0.00357993 0.0149124 -0.0141114
internal_weight=343049 102449 240600 212939 181131 172100 166384 41296 154304 44055 38826 33118 5708 14805
internal_count=343049 102449 240600 212939 181131 172100 166384 41296 154304 44055 38826 33118 5708 14805
is_linear=0
shrinkage=0.04


Tree=36
num_leaves=15
num_cat=0
split_feature=2 3 12 2 10 10 11 10 2 10 12 3 14 11
split_gain=66433.4 5488.43 3063.6 1756.73 1634.94 1151.29 1085.93 857.302 1112.95 920.485 843.949 681.387 680.216 669.691
threshold=68.666992000000008 1.0000000180025095e-35 148.71685007267925 89.718540000000004 141.30347050000003 40.696567500000008 24.619571326476215 -39.444830345300794 156.79624150000004 78.896291000000005 70.707341700519052 13.501711500000001 0.21021760849986634 4.1607454769228669
decision_type=2 2 2 2 2 2 2 2 2 2 2 2 2 2
left_child=1 -1 3 12 7 6 -4 -5 9 -9 -3 -12 -2 -14
right_child=2 10 5 4 -6 -7 -8 8 -10 -11 11 -13 13 -15
leaf_value=-0.028569849109629574 -0.0040340263319992211 -0.0064813687415969622 0.040153777357603435 0.0087804109269796603 -0.035085116166955768 -0.00078120106531828998 0.007844539945662506 0.0027609052731606847 0.017490142783672388 -0.022841260626258641 -0.0024267202681167799 -0.011429378928464571 0.0029512839538624268 -0.00030943019359439108
leaf_weight=61024 23986 26500 29723 10181 7750 6779 18109 102834 30379 3201 5551 9238 2710 4945
leaf_count=61024 23986 26500 29723 10181 7750 6779 18109 102834 30379 3201 5551 9238 2710 4945
internal_value=-0.00538077 -0.0323795 0.00610033 0.00365447 0.00541462 0.0144301 0.0166165 0.0063612 0.00552553 0.00359164 -0.0211165 -0.0134614 -0.00493158 0.00545003
internal_weight=342910 102313 240597 185986 154345 54611 47832 146595 136414 106035 41289 14789 31641 7655
internal_count=342910 102313 240597 185986 154345 54611 47832 146595 136414 106035 41289 14789 31641 7655
is_linear=0
shrinkage=0.04


Tree=37
num_leaves=15
num_cat=0
split_feature=2 3 12 2 10 10 10 10 14 11 12 13 13 12
split_gain=64762.2 6034.62 2967.33 1858.41 1950.35 1643.95 1329.57 1127.51 858.645 805.939 786.375 649.983 693.785 685.262
threshold=68.666992000000008 1.0000000180025095e-35 158.76313392216926 89.718540000000004 63.194518500000008 14.185998000000003 -29.770167027814626 16.963303500000006 0.18791882470639382 43.978472892658367 70.707341700519052 515.31255052261804 446.56407167788353 93.5208157287055
decision_type=2 2 2 2 2 2 2 2 2 2 2 2 2 2
left_child=1 -1 3 -2 5 6 9 -7 -6 -5 -3 12 13 -12
right_child=2 10 -4 4 8 7 -8 -9 -10 -11 11 -13 -14 -15
leaf_value=-0.027427055145244381 -0.0014806727149345989 -0.0062111887056588702 0.031744307228305665 0.0090832942817399669 0.0052640513181274693 0.039734383953200225 0.0015907892930272494 0.025292847139758337 -0.01157831605824141 0.0030641790342774266 -0.010419680993342154 -0.062412732561563197 0.0032479334281451289 3.0003669396582904
leaf_weight=61067 31704 26613 27750 14888 4667 5755 88837 37253 17967 11842 9914 2568 1832 483
leaf_count=61067 31704 26613 27750 14888 4667 5755 88837 37253 17967 11842 9914 2568 1832 483
internal_value=-0.00537646 -0.0320068 0.00596303 0.00435953 0.00592266 0.00749046 0.00500593 0.0141667 -0.00506141 0.0128275 -0.0202193 -0.0128269 -0.0089852 -0.0129845
internal_weight=343140 102477 240663 212913 181209 158575 115567 43008 22634 26730 41410 14797 12229 10397
internal_count=343140 102477 240663 212913 181209 158575 115567 43008 22634 26730 41410 14797 12229 10397
is_linear=0
shrinkage=0.04


Tree=38
num_leaves=15
num_cat=0
split_feature=2 3 12 2 10 10 11 13 13 10 0 2 15 3
split_gain=63037.6 6517.41 2898.52 1521.18 1480.55 1113.03 1067.61 926.698 929.988 1080.96 1033.52 909.441 1045.28 741.254
threshold=68.666992000000008 1.0000000180025095e-35 148.42801729831362 84.679653000000016 179.97829100000004 40.696567500000008 24.619571326476215 642.89807683317133 466.27196737977994 -39.444830345300794 21.459226760983807 148.89353950000003 1.9769870124999758 32.376374500000004
decision_type=2 2 2 2 2 2 2 2 2 2 2 2 2 2
left_child=1 -1 3 -2 7 6 -4 8 11 -10 -11 12 -5 -14
right_child=2 -3 5 4 -6 -7 -8 -9 9 10 -12 -13 13 -15
leaf_value=-0.026329972939434614 -0.002088868492472782 -0.0065063724704494865 0.036989625649250776 -0.021485927180801518 -0.082725495562355186 -0.0012353982044836515 0.0073208804483689653 0.0049198550493063783 0.0087296425991949689 -0.0014707145491033625 0.009781160464382271 0.017495370642509014 0.0032126719416850059 0.011647372548021727
leaf_weight=60982 22926 41312 30324 945 4086 6998 18635 6065 7195 43071 3810 30377 56297 10099
leaf_count=60982 22926 41312 30324 945 4086 6998 18635 6065 7195 43071 3810 30377 56297 10099
internal_value=-0.00538327 -0.0316898 0.00579069 0.00337641 0.00474161 0.013767 0.0158998 0.00535693 0.00474432 0.000535543 -0.00168 0.00707342 0.00448167 0.00507621
internal_weight=343122 102294 240828 184871 161945 55957 48959 157859 151794 54076 46881 97718 67341 66396
internal_count=343122 102294 240828 184871 161945 55957 48959 157859 151794 54076 46881 97718 67341 66396
is_linear=0
shrinkage=0.04


Tree=39
num_leaves=15
num_cat=0
split_feature=2 3 2 10 2 14 3 11 3 14 14 14 2 3
split_gain=61238.4 7035.28 2823.59 1927.99 2597.25 1103.96 864.889 813.998 817.562 719.031 739.18 793.568 701.954 695.337
threshold=68.666992000000008 1.0000000180025095e-35 208.59535200000002 63.194518500000008 113.97062300000002 0.21021760849986634 22.464850500000001 26.351565834530238 81.911376000000004 0.20515559400079877 0.17156165329204262 0.17911650107910818 84.315498500000004 25.183847000000004
decision_type=2 2 2 2 2 2 2 2 2 2 2 2 2 2
left_child=1 -1 3 4 5 12 -4 9 13 10 -6 -12 -2 -9
right_child=2 -3 6 -5 7 -7 -8 8 -10 -11 11 -13 -14 -15
leaf_value=-0.025276774021857237 -0.0050164516544743566 -0.0062866695980454065 0.047444732439857307 -0.0099651690632564342 -0.001714538883164738 0.0023112568342062269 0.0060884858076313969 0.0099945214253375856 0.0091682832904936892 0.01231683981814476 0.032896327020777869 0.02049817990683191 -9.703178708279068e-05 8.6606827644794554e-05
leaf_weight=60961 17041 41366 12496 18375 3434 16641 7339 25835 4425 21481 4775 36422 41805 30516
leaf_count=60961 17041 41366 12496 18375 3434 16641 7339 25835 4425 21481 4775 36422 41805 30516
internal_value=-0.00544116 -0.0313602 0.00558289 0.00428394 0.00541035 -0.000464716 0.0200393 0.00890549 0.00556404 0.0119773 0.0148713 0.0163575 -0.00303708 0.00426399
internal_weight=342912 102327 240585 220750 202375 75487 19835 126888 60776 66112 44631 41197 58846 56351
internal_count=342912 102327 240585 220750 202375 75487 19835 126888 60776 66112 44631 41197 58846 56351
is_linear=0
shrinkage=0.04


Tree=40
num_leaves=15
num_cat=0
split_feature=2 3 2 10 2 10 3 11 11 10 12 15 10 11
split_gain=59190.2 7766.49 2692.88 1870.09 2371.44 1039.74 866.615 786.212 1521.19 1373.01 1061.01 720.99 648.988 635.372
threshold=68.666992000000008 1.0000000180025095e-35 208.59535200000002 85.00303700000002 113.97062300000002 -22.509181772908736 22.464850500000001 3.1914367458909028 0.75888018405162094 -1.0000000180025095e-35 69.793861984601449 11.201103675124985 14.485972000000002 26.062983276929504
decision_type=2 2 2 2 2 2 2 2 2 2 2 2 2 2
left_child=1 -1 3 4 5 -2 12 8 9 -3 -9 -7 -4 -6
right_child=2 7 6 -5 13 11 -8 10 -10 -11 -12 -13 -14 -15
leaf_value=-0.024265703060982951 0.0035054947637763235 -0.022875112233499025 0.024935423328725417 -0.014021933733679263 0.01625339919674296 -0.0018067526552382252 0.005844946375326141 -0.0090120027303885481 -0.00020966420683812714 2.5080196717312901 -0.0089914567790921347 0.0018876219442377274 0.058218307582849342 0.003936500383059505
leaf_weight=61106 15457 5485 4275 16468 67601 55119 7363 11145 10877 910 12860 5153 8125 61042
leaf_count=61106 15457 5485 4275 16468 67601 55119 7363 11145 10877 910 12860 5153 8125 61042
internal_value=-0.00547218 -0.0309454 0.00536735 0.00410143 0.0051463 -0.000469569 0.0195132 -0.017541 -0.0110329 -0.0265145 -0.0222237 -0.00284311 0.0259677 0.00845223
internal_weight=342986 102383 240603 220840 204372 75729 19763 41277 17272 6395 24005 60272 12400 128643
internal_count=342986 102383 240603 220840 204372 75729 19763 41277 17272 6395 24005 60272 12400 128643
is_linear=0
shrinkage=0.04


Tree=41
num_leaves=15
num_cat=0
split_feature=2 3 2 10 2 3 10 11 2 12 10 15 14 15
split_gain=57816.1 8090.03 2615.61 1763.15 2108.24 1068.45 1017.97 863.995 1614.34 1044.98 699.936 649.557 628.87 618.342
threshold=68.666992000000008 1.0000000180025095e-35 196.79971300000003 63.194518500000008 113.97062300000002 21.224103000000003 -22.764843068715525 3.1914367458909028 56.360086500000008 70.246458624766532 14.485972000000002 2.7549546101249835 0.21021760849986634 11.201103675124985
decision_type=2 2 2 2 2 2 2 2 2 2 2 2 2 2
left_child=1 -1 3 4 6 10 12 8 -3 -9 -4 -11 -2 -8
right_child=2 7 5 -5 -6 -7 13 9 -10 11 -12 -13 -14 -15
leaf_value=-0.023295074938543631 0.0014145907704793184 -0.00032754361132413478 0.024397153638764279 -0.012197364717007915 0.0078871896386481875 0.0081474037022757403 -0.0017454829147981799 -0.008414092444123571 -0.026779015556326159 -0.086367535450300667 0.053060620772806946 -0.0063468579726802775 0.0067989392653223625 0.0017301936510806337
leaf_weight=60920 10060 12592 4892 16538 120865 13782 55380 11480 4648 1560 8817 11011 5101 5169
leaf_count=60920 10060 12592 4892 16538 120865 13782 55380 11480 4648 1560 8817 11011 5101 5169
internal_value=-0.00553196 -0.0307352 0.00517464 0.00367673 0.00473204 0.0167866 -0.000501915 -0.0170662 -0.010232 -0.021965 0.0246933 -0.0139973 0.00876723 -0.00282284
internal_weight=342815 102211 240604 213113 196575 27491 75710 41291 17240 24051 13709 12571 15161 60549
internal_count=342815 102211 240604 213113 196575 27491 75710 41291 17240 24051 13709 12571 15161 60549
is_linear=0
shrinkage=0.04


Tree=42
num_leaves=15
num_cat=0
split_feature=2 11 2 11 10 2 14 2 3 3 14 11 3 10
split_gain=57050 8378.37 2542.67 1829.43 1576.95 2154.53 948.428 904.075 951.068 892.247 842.074 731.642 812.679 686.593
threshold=68.666992000000008 1.0000000180025095e-35 208.59535200000002 3.3215678316954613 63.194518500000008 113.97062300000002 0.21021760849986634 53.203491500000005 12.815556500000001 23.050454500000004 0.210843859845816 26.351565834530238 81.911376000000004 14.485972000000002
decision_type=2 2 2 2 2 2 2 2 2 2 2 2 2 2
left_child=1 -1 4 -3 5 6 -2 -5 -9 13 -10 -7 -13 -4
right_child=2 3 9 7 -6 11 -8 8 10 -11 -12 12 -14 -15
leaf_value=-0.022363271941001895 -0.001337658538656108 -0.00027369743735321527 0.022979891970912051 -0.0098765026347296166 -0.00901283431820433 0.016310042905422803 0.0021241699201680802 -0.0017494631262609328 -0.010854626684050741 0.0049384199585410108 0.00083662099099942819 0.0026458992646775405 0.0084677352297474352 0.054035251634359793
leaf_weight=66240 58849 12696 4328 8256 18345 66026 16680 4868 9016 7153 1397 56381 4394 8388
leaf_count=66240 58849 12696 4328 8256 18345 66026 16680 4868 9016 7153 1397 56381 4394 8388
internal_value=-0.005608 -0.0306012 0.00503924 -0.0151365 0.00380523 0.00482341 -0.000524832 -0.0217377 -0.0159754 0.0187448 -0.0227984 0.00800909 0.00484212 0.0251022
internal_weight=343017 102473 240544 36233 220675 202330 75529 23537 15281 19869 10413 126801 60775 12716
internal_count=343017 102473 240544 36233 220675 202330 75529 23537 15281 19869 10413 126801 60775 12716
is_linear=0
shrinkage=0.04


Tree=43
num_leaves=15
num_cat=0
split_feature=2 3 2 10 2 1 3 11 2 2 3 14 10 2
split_gain=56396.5 8394.1 2521.29 1545.05 1856.68 1634.29 1068.47 860.299 1503.85 895.61 904.049 814.639 681.454 652.795
threshold=68.666992000000008 1.0000000180025095e-35 198.45362850000001 95.344537000000017 143.57253250000002 29.630160656986757 21.224103000000003 3.3215678316954613 56.360086500000008 53.203491500000005 12.815556500000001 0.210843859845816 14.485972000000002 83.296169500000005
decision_type=2 2 2 2 2 2 2 2 2 2 2 2 2 2
left_child=1 -1 3 4 5 13 12 8 -3 -9 -11 -12 -4 -2
right_child=2 7 6 -5 -6 -7 -8 9 -10 10 11 -13 -14 -15
leaf_value=-0.021468741063361812 -0.0026458271952871826 -0.0003194034572520632 0.022685873721388285 -0.02289378082793599 0.016652744938559335 0.0053301651589086618 0.0071702758143934236 -0.0095184498611885753 -0.024827799117506842 -0.0019616246406664395 -0.010540350917427235 0.00082178141075886838 0.049409713202370753 0.00061684299731008308
leaf_weight=60957 18473 13192 4799 13999 53866 27265 12866 8270 4722 4873 8963 1369 8690 100853
leaf_count=60957 18473 13192 4799 13999 53866 27265 12866 8270 4722 4873 8963 1369 8690 100853
internal_value=-0.00568684 -0.0305606 0.00488466 0.00344985 0.00434707 0.00201349 0.01656 -0.0166585 -0.0100569 -0.0216963 -0.0159342 -0.0226326 0.0244258 -5.36346e-06
internal_weight=343157 102346 240811 214456 200457 146591 26355 41389 17914 23475 15205 10332 13489 119326
internal_count=343157 102346 240811 214456 200457 146591 26355 41389 17914 23475 15205 10332 13489 119326
is_linear=0
shrinkage=0.04


Tree=44
num_leaves=15
num_cat=0
split_feature=2 3 2 10 2 1 3 11 2 12 3 3 2 10
split_gain=55399.9 8656.42 2399.84 1444.92 1980.89 1439.57 864.926 855.617 1437.21 1159.06 753.949 880.161 701.213 684.251
threshold=68.666992000000008 1.0000000180025095e-35 208.59535200000002 63.194518500000008 139.31008150000002 27.460601142815467 23.050454500000004 3.3215678316954613 56.360086500000008 69.793861984601449 25.380681500000005 79.718269000000006 51.636862000000008 14.485972000000002
decision_type=2 2 2 2 2 2 2 2 2 2 2 2 2 2
left_child=1 -1 3 4 5 -2 13 8 -3 -9 -7 -12 -11 -4
right_child=2 7 6 -5 -6 10 -8 9 -10 12 11 -13 -14 -15
leaf_value=-0.020609991420827339 -0.00020309060731430462 -0.0002980242820011281 0.021177798726348139 -0.0085430575339363081 0.016462826345680352 0.06428354326148282 0.0045370349972899057 -0.0082520999438014282 -0.023863892756073292 -0.081398205366045653 0.0022146648004578986 0.0080226322715774498 -0.0052059257238093659 0.04983577992620182
leaf_weight=60984 105647 13170 4324 18454 62948 2198 7088 10619 4663 2509 26173 5238 10336 8354
leaf_count=60984 105647 13170 4324 18454 62948 2198 7088 10619 4663 2509 26173 5238 10336 8354
internal_value=-0.00576671 -0.030424 0.00472299 0.00352691 0.00450476 0.00184294 0.0180755 -0.016283 -0.00967869 -0.0213024 0.00905353 0.00746872 -0.0132192 0.0243319
internal_weight=342705 102281 240424 220658 202204 139256 19766 41297 17833 23464 33609 31411 12845 12678
internal_count=342705 102281 240424 220658 202204 139256 19766 41297 17833 23464 33609 31411 12845 12678
is_linear=0
shrinkage=0.04


Tree=45
num_leaves=15
num_cat=0
split_feature=2 2 3 12 11 11 14 15 10 10 13 11 12 3
split_gain=54233.4 7445.49 2644.23 1995.62 1872.52 1625.77 1545.18 1323.96 1291.16 929.318 963.144 858.324 1536.12 786.654
threshold=51.636862000000008 83.296169500000005 1.0000000180025095e-35 164.50345995501385 1.0000000180025095e-35 3.3215678316954613 0.21256765339438269 0.91381273125000473 179.97829100000004 -39.444830345300794 466.27196737977994 3.1914367458909028 69.793861984601449 30.625166500000002
decision_type=2 2 2 2 2 2 2 2 2 2 2 2 2 2
left_child=2 4 -1 7 -2 -4 11 13 9 -9 -11 -6 -13 -3
right_child=1 3 5 -5 6 -7 -8 8 -10 10 -12 12 -14 -15
leaf_value=-0.019785591763994238 -0.025332940949677672 0.025865932376038681 -4.2009570519052632e-05 0.029059037531992616 -3.2235450879665173e-05 -0.0094070392849459773 0.001510700249025172 0.0072350747682238545 -0.076722320022239041 0.0057124846094476472 -0.00029135560037151453 -0.0075235986153700555 -0.005018924755898606 0.0012776149218041756
leaf_weight=61060 6374 4095 4641 20621 8840 5826 4527 12207 4100 120903 57109 8577 22087 2184
leaf_count=61060 6374 4095 4641 20621 8840 5826 4527 12207 4100 120903 57109 8577 22087 2184
internal_value=-0.00582729 0.00233293 -0.0368157 0.0054941 -0.0115409 -0.0182402 -0.00860757 0.00427601 0.00369187 0.00417056 0.00343842 -0.0111442 -0.0143099 0.0223539
internal_weight=343151 271624 71527 221219 50405 10467 44031 200598 194319 190219 178012 39504 30664 6279
internal_count=343151 271624 71527 221219 50405 10467 44031 200598 194319 190219 178012 39504 30664 6279
is_linear=0
shrinkage=0.04


Tree=46
num_leaves=15
num_cat=0
split_feature=3 2 2 10 2 1 3 11 11 2 10 3 14 11
split_gain=54038.5 9288.84 1959.7 1554.52 1252.78 1168.18 949.454 850.293 1640.02 1373.18 1297.1 876.446 976.023 704.594
threshold=1.0000000180025095e-35 78.106342000000012 198.45362850000001 90.019344500000017 144.15445700000001 29.630160656986757 21.224103000000003 1.0000000180025095e-35 3.3215678316954613 53.203491500000005 -1.0000000180025095e-35 5.2514670000000008 0.210843859845816 43.675142614036183
decision_type=2 2 2 2 2 2 2 2 2 2 2 2 2 2
left_child=-1 7 3 4 5 -3 -4 10 -9 -10 -2 -11 -13 -7
right_child=1 2 6 -5 -6 13 -8 8 9 11 -12 12 -14 -15
leaf_value=-0.01899416809343446 -0.025318881206015824 0.00038684130349236732 0.034415192002523791 -0.019930595891452994 0.015349163279702651 0.0070668377487721539 0.0063320679383649181 6.7686602746297451e-06 -0.0075385923408693148 0.0064064140106815425 2.3521677291227499 -0.008035879668324428 0.0014556206690073115 0.0016176804171173359
leaf_weight=60895 5581 109112 13535 14461 52511 14774 12866 13668 8261 3631 927 18895 2366 11495
leaf_count=60895 5581 109112 13535 14461 52511 14774 12866 13668 8261 3631 927 18895 2366 11495
internal_value=-0.00582755 0.00154947 0.00505416 0.00371687 0.0046895 0.00265532 0.015304 -0.0134838 -0.0116008 -0.0164076 -0.0270313 -0.0117178 -0.0148196 0.010228
internal_weight=342978 282083 228754 202353 187892 135381 26401 53329 46821 33153 6508 24892 21261 26269
internal_count=342978 282083 228754 202353 187892 135381 26401 53329 46821 33153 6508 24892 21261 26269
is_linear=0
shrinkage=0.04


Tree=47
num_leaves=15
num_cat=0
split_feature=7 2 12 15 10 10 11 11 12 10 2 10 15 10
split_gain=54033.9 8643.28 1990.65 1234.55 1122.19 863.637 862.651 1328.34 1621.2 1284.69 808.231 838.974 802.727 733.184
threshold=1.0000000180025095e-35 75.91323850000002 164.50345995501385 0.91381273125000473 179.97829100000004 -39.444830345300794 1.0000000180025095e-35 3.3215678316954613 69.36199200573283 -1.0000000180025095e-35 124.96905900000002 63.194518500000008 2.7549546101249835 29.082077000000002
decision_type=2 2 2 2 2 2 2 2 2 2 2 2 2 2
left_child=-1 6 3 13 5 -5 9 -8 -9 -2 -7 -12 -10 -3
right_child=1 2 -4 4 -6 10 7 8 12 -11 11 -13 -14 -15
leaf_value=-0.018234401369697083 -0.024374533242640543 0.023657185095548438 0.027202535653286512 0.0067416325717801666 -0.074158109685566076 7.3884329965526188e-05 -0.00010362394422249288 -0.0073499062903089078 -0.078159012891009891 2.258131068785965 0.0097701520699224938 -0.0016125032775661109 -0.0036373734403572569 0.001140282067928622
leaf_weight=61064 5198 4054 20591 12149 4104 93846 13308 10668 1585 920 76240 18492 18273 2249
leaf_count=61064 5198 4054 20591 12149 4104 93846 13308 10668 1585 920 76240 18492 18273 2249
internal_value=-0.00588911 0.0015057 0.00475892 0.00360113 0.00306458 0.00348792 -0.0135858 -0.011622 -0.0162196 -0.0276561 0.00282196 0.00542837 -0.00946319 0.0210376
internal_weight=342741 281677 231725 211134 204831 200727 49952 43834 30526 6118 188578 94732 19858 6303
internal_count=342741 281677 231725 211134 204831 200727 49952 43834 30526 6118 188578 94732 19858 6303
is_linear=0
shrinkage=0.04


Tree=48
num_leaves=15
num_cat=0
split_feature=7 2 2 10 2 1 15 11 11 12 10 15 11 0
split_gain=53706.2 8149.53 1935.7 1452.07 1852.74 1062.05 895.567 820.742 1254.3 1576.31 1230.49 818.343 658.458 590.801
threshold=1.0000000180025095e-35 75.91323850000002 225.96202850000003 63.194518500000008 148.06597900000006 29.630160656986757 0.75185135875000253 1.0000000180025095e-35 3.3215678316954613 69.36199200573283 -1.0000000180025095e-35 2.7549546101249835 43.978472892658367 6.1496032365703437
decision_type=2 2 2 2 2 2 2 2 2 2 2 2 2 2
left_child=-1 7 3 4 5 -3 -6 10 -9 -10 -2 -11 -7 -8
right_child=1 2 -4 -5 6 12 13 8 9 11 -12 -13 -14 -15
leaf_value=-0.017505025314909196 -0.023635431270917807 0.00037599462691281451 0.040206764683168056 -0.0056679347040480459 0.019710677397447363 0.0066821946883545849 0.015704319130209581 -9.9008579321786531e-05 -0.0070875939401649117 -0.075067156312137076 2.2202583881285332 -0.0036089695329908356 0.0012512604598785165 0.026172198027292183
leaf_weight=61013 5192 117200 9812 21851 2437 15315 48338 13315 10777 1565 905 18350 11585 5550
leaf_count=61013 5192 117200 9812 21851 2437 15315 48338 13315 10777 1565 905 18350 11585 5550
internal_value=-0.00597043 0.00138714 0.00454552 0.00377801 0.0048455 0.00244108 0.0109969 -0.0132429 -0.0113373 -0.0157852 -0.0269969 -0.00911675 0.00960892 0.00992429
internal_weight=343205 282192 232088 222276 200425 144100 56325 50104 44007 30692 6097 19915 26900 53888
internal_count=343205 282192 232088 222276 200425 144100 56325 50104 44007 30692 6097 19915 26900 53888
is_linear=0
shrinkage=0.04


Tree=49
num_leaves=15
num_cat=0
split_feature=3 2 2 10 2 10 3 11 11 12 2 15 10 14
split_gain=53734.7 7733.34 1773.07 1303.62 1059.96 1030.54 909.614 736.892 1299.81 1631.74 1210.53 825.633 723.875 645.455
threshold=1.0000000180025095e-35 78.106342000000012 198.45362850000001 63.194518500000008 144.15445700000001 -39.444830345300794 21.224103000000003 1.0000000180025095e-35 3.3215678316954613 69.36199200573283 54.400200000000005 2.7549546101249835 14.794582000000002 0.21135727656717004
decision_type=2 2 2 2 2 2 2 2 2 2 2 2 2 2
left_child=-1 7 3 4 5 -3 12 10 -9 -10 -2 -11 -4 -13
right_child=1 2 6 -5 -6 -7 -8 8 9 11 -12 13 -14 -15
leaf_value=-0.01680482430231283 0.020974366444454839 0.0062832957410968535 0.016955734453608855 -0.009355245301301985 0.015074007495360689 0.0006126448748640334 0.0056593339589277184 -2.2337960013611991e-05 -0.0064334997116558589 -0.072017930753010953 -0.023123332797939104 -0.0049912558389328329 0.042207656754014618 0.0021780257143529623
leaf_weight=61065 1219 11900 5554 16863 50530 122895 12940 13677 11118 1602 5289 18400 7974 2026
leaf_count=61065 1219 11900 5554 16863 50530 122895 12940 13677 11118 1602 5289 18400 7974 2026
internal_value=-0.00598067 0.00138631 0.0045854 0.00331098 0.00427983 0.00242769 0.0143207 -0.0123298 -0.0105769 -0.0148579 -0.0249416 -0.00855275 0.021573 -0.00638402
internal_weight=343052 281987 228656 202188 185325 134795 26468 53331 46823 33146 6508 22028 13528 20426
internal_count=343052 281987 228656 202188 185325 134795 26468 53331 46823 33146 6508 22028 13528 20426
is_linear=0
shrinkage=0.04


Tree=50
num_leaves=15
num_cat=0
split_feature=3 2 2 10 2 1 3 12 11 11 14 2 11 10
split_gain=53485.7 7280.5 1744.91 1145.5 1074.66 1046.57 890.454 678.799 1255.53 1180.89 831.941 852.929 677.833 656.961
threshold=1.0000000180025095e-35 72.968437000000009 196.79971300000003 95.344537000000017 145.29660050000004 29.630160656986757 21.224103000000003 69.36199200573283 3.3215678316954613 1.0000000180025095e-35 0.23320872121670802 56.360086500000008 2.0626422679629886 14.794582000000002
decision_type=2 2 2 2 2 2 2 2 2 2 2 2 2 2
left_child=-1 7 3 4 5 -3 13 8 9 -2 11 -9 -13 -4
right_child=1 2 6 -5 -6 -7 -8 10 -10 -11 -12 12 -14 -15
leaf_value=-0.016132631330220325 -0.01551882231925151 0.00016446115042737075 0.016949005026551608 -0.019767613858762429 0.013513953733617284 0.0044233018729565995 0.0056214688437319941 0.0011883798763355458 -0.0069068582034600562 -0.00034703788324467409 -0.069776804739931531 -0.038323138235076472 -0.004963616609474939 0.040078740442570399
leaf_weight=60879 3457 117675 5676 13682 49732 26411 13820 5271 10433 11569 1253 1581 13270 8012
leaf_count=60879 3457 117675 5676 13682 49732 26411 13820 5271 10433 11569 1253 1581 13270 8012
internal_value=-0.0060001 0.00134402 0.00421398 0.00295904 0.00374867 0.00199881 0.0136804 -0.0130572 -0.0174697 -0.0100679 -0.00780164 -0.00583242 -0.0107387 0.0209117
internal_weight=342721 281842 235008 207500 193818 144086 27508 46834 25459 15026 21375 20122 14851 13688
internal_count=342721 281842 235008 207500 193818 144086 27508 46834 25459 15026 21375 20122 14851 13688
is_linear=0
shrinkage=0.04


Tree=51
num_leaves=15
num_cat=0
split_feature=3 2 2 10 2 14 13 10 0 11 10 11 12 11
split_gain=53215.2 6745.29 1570.99 1393.06 1392.24 976.973 1435.8 757.187 802.017 718.072 924.467 889.468 1724.98 616.922
threshold=1.0000000180025095e-35 83.296169500000005 225.96202850000003 63.194518500000008 154.52227000000002 0.21021760849986634 688.62798463473371 -39.444830345300794 13.869650725072646 1.0000000180025095e-35 -1.0000000180025095e-35 3.3215678316954613 69.36199200573283 6.1513424798844056
decision_type=2 2 2 2 2 2 2 2 2 2 2 2 2 2
left_child=-1 5 3 4 7 9 -7 -3 13 10 -2 -11 -13 -9
right_child=1 2 -4 -5 -6 6 -8 8 -10 11 -12 12 -14 -15
leaf_value=-0.015487326077011509 -0.021874318802177547 0.005756042646341151 0.035840141273877128 -0.0053691975827848196 0.016962463693230467 0.00091164997408966998 -0.066966525549601849 0.0027246610409582751 0.0055665134705169365 -0.00014296058398873159 1.537197205503805 -0.0067898719445181133 -0.0043094945139948142 -0.00056330181776969028
leaf_weight=60969 5573 12201 9805 21836 49782 8298 1243 19776 23347 11740 911 10480 22683 84152
leaf_count=60969 5573 12201 9805 21836 49782 8298 1243 19776 23347 11740 911 10480 22683 84152
internal_value=-0.00611582 0.0012145 0.00446448 0.00373748 0.00484122 -0.0105685 0.00118646 0.00279159 0.00187908 -0.0127511 -0.0251943 -0.0109543 -0.0143039 0.000374105
internal_weight=342796 281827 220899 211094 189258 60928 9541 139476 127275 51387 6484 44903 33163 103928
internal_count=342796 281827 220899 211094 189258 60928 9541 139476 127275 51387 6484 44903 33163 103928
is_linear=0
shrinkage=0.04


Tree=52
num_leaves=15
num_cat=0
split_feature=3 2 12 15 10 3 1 2 10 15 2 14 15 0
split_gain=53405.4 6299.21 1547.01 1065.38 981.08 827.308 705.314 705.245 798.356 648.91 1424.17 1085.23 683.925 621.856
threshold=1.0000000180025095e-35 75.91323850000002 171.16423395396592 0.91381273125000473 206.67637150000004 29.559224000000004 40.456160391049018 124.96905900000002 63.194518500000008 1.9769870124999758 1.0000000180025095e-35 0.21021760849986634 7.5518605999999986 20.491957735995118
decision_type=2 2 2 2 2 2 2 2 2 2 2 2 2 2
left_child=-1 9 3 5 6 -3 7 13 -9 -2 -11 12 -12 -5
right_child=1 2 -4 4 -6 -7 -8 8 -10 10 11 -13 -14 -15
leaf_value=-0.014867833033931053 -0.06369322951785214 0.020942047728726473 0.029180054932261865 -0.00036126204892906631 -0.082116112585431167 -0.00038299625143029648 0.0059466616783432347 0.0084035258842440463 -0.0017550417710212086 2.4586345065811894 -0.0029275919256729387 0.00039909118962240699 -0.0083859816555673563 0.0063490558774491777
leaf_weight=61099 2240 4363 14114 86630 3092 2238 10729 82476 20138 872 34559 5887 6340 7998
leaf_count=61099 2240 4363 14114 86630 3092 2238 10729 82476 20138 872 34559 5887 6340 7998
internal_value=-0.00609951 0.00125392 0.00402937 0.00319722 0.00270232 0.0190214 0.00303485 0.00249156 0.00478843 -0.0116381 -0.0106492 -0.0115932 -0.0139045 8.45416e-07
internal_weight=342775 281676 231778 217664 211063 6601 207971 197242 102614 49898 47658 46786 40899 94628
internal_count=342775 281676 231778 217664 211063 6601 207971 197242 102614 49898 47658 46786 40899 94628
is_linear=0
shrinkage=0.04


Tree=53
num_leaves=15
num_cat=0
split_feature=3 2 12 10 2 15 11 11 12 2 15 14 1 13
split_gain=53265.3 5567.05 1435.8 993.009 888.509 1029.48 820.248 1510.81 1569.38 1168.78 912.343 840.011 807.973 798.53
threshold=1.0000000180025095e-35 83.296169500000005 179.75485829652408 206.67637150000004 154.52227000000002 6.3215550291249807 1.0000000180025095e-35 3.3215678316954613 68.965179711525153 54.905107500000007 2.7549546101249835 0.21135727656717004 17.922689042481398 520.88873726602321
decision_type=2 2 2 2 2 2 2 2 2 2 2 2 2 2
left_child=-1 6 3 4 12 -6 9 13 -9 -2 -10 -12 -3 -8
right_child=1 2 -4 -5 5 -7 7 8 10 -11 11 -13 -14 -15
leaf_value=-0.014273119712573817 0.0026001727050173609 -0.00048906989917062659 0.04092225035968973 -0.079482900416360053 0.011967431457532637 -0.0082439681951587927 -8.4325655252115445e-06 -0.0051179438331835757 -0.060977024232401734 -0.021114873389061088 -0.004015720278849293 0.0031327303332017121 0.0027102269786652279 0.0029003983865154613
leaf_weight=61054 1413 69419 8935 3101 54947 10394 12937 11502 1628 5794 23506 2444 74365 1672
leaf_count=61054 1413 69419 8935 3101 54947 10394 12937 11502 1628 5794 23506 2444 74365 1672
internal_value=-0.00612525 0.00120727 0.00415607 0.00349477 0.00382795 0.00769563 -0.0095021 -0.00780123 -0.0119038 -0.0221729 -0.0067271 -0.00490482 0.00207033 0.00317339
internal_weight=343111 282057 221161 212226 209125 65341 60896 53689 39080 7207 27578 25950 143784 14609
internal_count=343111 282057 221161 212226 209125 65341 60896 53689 39080 7207 27578 25950 143784 14609
is_linear=0
shrinkage=0.04


Tree=54
num_leaves=15
num_cat=0
split_feature=3 2 2 10 10 10 11 11 1 11 15 1 3 3
split_gain=53059.8 5298.97 1445.07 1062.64 1366.35 1468.33 1058.8 1442.93 1217.77 1184.93 878.492 847.811 1504.38 730.972
threshold=1.0000000180025095e-35 72.968437000000009 225.96202850000003 63.194518500000008 14.485972000000002 16.963303500000006 1.0000000180025095e-35 4.6380689131228543 15.053622274816542 26.351565834530238 6.7514341424999467 29.920833490633786 25.000081500000004 26.962753000000003
decision_type=2 2 2 2 2 2 2 2 2 2 2 2 2 2
left_child=-1 -2 3 4 6 -6 -3 -8 10 -10 -9 12 -11 -13
right_child=1 2 -4 -5 5 -7 7 8 9 11 -12 13 -14 -15
leaf_value=-0.013702194924070862 -0.0029245314581326553 -0.017282225069479171 0.032712678553022734 -0.0050939799370179626 0.028057656323727278 0.013863908874539881 0.0030066730763885995 -9.400409914753994e-05 0.0083624961243121427 0.0066137448058866816 -0.0032538783627067613 0.10281750045104655 -0.0037988178309201147 0.0028866955203571626
leaf_weight=61006 46728 8316 9881 21837 7017 41219 4769 34637 24798 21412 11053 1360 24436 24382
leaf_count=61006 46728 8316 9881 21837 7017 41219 4769 34637 24798 21412 11053 1360 24436 24382
internal_value=-0.00617726 0.00114375 0.00358885 0.00293204 0.00383227 0.00971225 0.00200434 0.00279066 0.00206422 0.00461385 -0.00331451 0.00200363 -0.00125807 0.00781291
internal_weight=342851 281845 235117 225236 203399 48236 155163 146847 142078 96388 45690 71590 45848 25742
internal_count=342851 281845 235117 225236 203399 48236 155163 146847 142078 96388 45690 71590 45848 25742
is_linear=0
shrinkage=0.04


Tree=55
num_leaves=15
num_cat=0
split_feature=3 2 2 10 2 3 1 15 2 11 11 2 3 14
split_gain=53063.4 4822.69 1311.32 910.662 855.218 830.634 824.024 698.003 1389.86 1164.39 911.137 681.764 668.919 702.014
threshold=1.0000000180025095e-35 72.968437000000009 196.79971300000003 63.194518500000008 139.31008150000002 75.285085000000009 40.456160391049018 1.9769870124999758 1.0000000180025095e-35 1.0000000180025095e-35 3.3215678316954613 52.515016500000009 5.167653500000001 0.20515559400079877
decision_type=2 2 2 2 2 2 2 2 2 2 2 2 2 2
left_child=-1 7 3 4 6 -4 -3 -2 -9 -10 -11 -12 -13 -14
right_child=1 2 5 -5 -6 -7 -8 8 9 10 11 12 13 -15
leaf_value=-0.013154107127108024 -0.059324797301411214 0.00019663911138124101 0.024492539466920215 -0.008073556073118349 0.010819465727790942 7.7674101083355935e-05 0.0055876819878560129 2.3613027720547852 -0.017354804382653705 7.3457682089781424e-05 -0.0043035605045365702 0.0086867576463925209 -0.0070115723454409109 0.00033702232008643308
leaf_weight=61009 2262 123824 20183 16574 57450 7299 10198 889 4887 12352 5587 2839 13084 4705
leaf_count=61009 2262 123824 20183 16574 57450 7299 10198 889 4887 12352 5587 2839 13084 4705
internal_value=-0.006174 0.0011406 0.00346693 0.00238217 0.00316078 0.0116789 0.00141051 -0.010616 -0.00951041 -0.0105233 -0.0081925 -0.0124127 -0.00905565 -0.0119332
internal_weight=343142 282133 235528 208046 191472 27482 134022 46605 44343 43454 38567 26215 20628 17789
internal_count=343142 282133 235528 208046 191472 27482 134022 46605 44343 43454 38567 26215 20628 17789
is_linear=0
shrinkage=0.04


Tree=56
num_leaves=15
num_cat=0
split_feature=3 2 2 10 2 13 14 1 3 3 2 11 11 10
split_gain=53085.1 4325.38 1264.12 932.977 1386.68 678.512 895.033 656.402 745.034 604.565 602.813 1148.07 910.758 729.119
threshold=1.0000000180025095e-35 72.968437000000009 235.87783050000002 99.543951500000006 154.52227000000002 688.62798463473371 0.21163429115709895 29.630160656986757 26.332772000000002 84.708372000000011 56.360086500000008 1.0000000180025095e-35 3.3215678316954613 -1.350342118395605
decision_type=2 2 2 2 2 2 2 2 2 2 2 2 2 2
left_child=-1 5 3 4 7 6 10 -3 -9 -10 12 -12 -2 -14
right_child=1 2 -4 -5 -6 -7 -8 8 9 -11 11 -13 13 -15
leaf_value=-0.012627942842023697 0.00012068264384915039 0.00021069332644740201 0.059624308930935684 -0.0062478561933404135 0.012855018014051343 -0.056815601643485626 0.0010628303296835017 0.098937382496053022 0.0016968448748624651 0.0068457047843495248 -0.020395889764129881 -0.0061172587349513832 0.00062262579633340029 -0.0035601689974767937
leaf_weight=61023 12013 126877 5529 18748 56395 1258 2980 1257 22034 4209 3685 15926 2273 8804
leaf_count=61023 12013 126877 5529 18748 56395 1258 2980 1257 22034 4209 3685 15926 2273 8804
internal_value=-0.00617321 0.001147 0.00336083 0.00290554 0.00366614 -0.00993886 -0.00914078 0.00170518 0.00730764 0.00586671 -0.0106199 -0.0157769 -0.00623993 -0.014513
internal_weight=343011 281988 235049 229520 210772 46939 45681 154377 27500 26243 42701 19611 23090 11077
internal_count=343011 281988 235049 229520 210772 46939 45681 154377 27500 26243 42701 19611 23090 11077
is_linear=0
shrinkage=0.04


Tree=57
num_leaves=15
num_cat=0
split_feature=3 2 12 10 10 3 0 3 11 2 11 12 15 3
split_gain=52943.2 4044.46 1209.34 921.588 1368.07 1531.82 1030.68 804.392 859.228 1422.83 1301.01 1237.96 941.781 802.506
threshold=1.0000000180025095e-35 83.296169500000005 179.75485829652408 63.194518500000008 14.485972000000002 17.317719000000004 5.5986929985464853 51.979559000000009 1.0000000180025095e-35 55.745638000000007 3.3215678316954613 69.36199200573283 2.7549546101249835 14.339457000000001
decision_type=2 2 2 2 2 2 2 2 2 2 2 2 2 2
left_child=-1 7 3 4 6 -6 -3 8 9 -2 -10 -12 -13 -8
right_child=1 2 -4 -5 5 -7 13 -9 10 -11 11 12 -14 -15
leaf_value=-0.012122825128342746 0.0022146117656154374 -0.0012119780710289985 0.036283087134781337 -0.0037373927810745756 0.029357586216739635 0.012898189455499793 0.027605567611796018 0.0026744857760939845 0.00027143915727140922 -0.021153051329251459 -0.0050665943214520314 -0.05377126432091027 -0.0023634933094381339 0.0016691124941881387
leaf_weight=60911 1668 54530 8999 23959 8897 40867 5847 1901 14151 5201 11507 1634 24924 78075
leaf_count=60911 1668 54530 8999 23959 8897 40867 5847 1901 14151 5201 11507 1634 24924 78075
internal_value=-0.00618006 0.00112078 0.00363551 0.00302637 0.00396693 0.00965517 0.0019224 -0.00799921 -0.00882322 -0.0221226 -0.00707369 -0.0109234 -0.00617516 0.00470437
internal_weight=343071 282160 221174 212175 188216 49764 138452 60986 59085 6869 52216 38065 26558 83922
internal_count=343071 282160 221174 212175 188216 49764 138452 60986 59085 6869 52216 38065 26558 83922
is_linear=0
shrinkage=0.04


Tree=58
num_leaves=15
num_cat=0
split_feature=3 2 2 10 10 10 11 11 1 11 15 1 3 3
split_gain=52798 3776.53 1232.52 858.606 1083.58 1351.7 874.756 1458.41 1064.95 1081.58 794.356 724.296 1405.09 731.208
threshold=1.0000000180025095e-35 72.968437000000009 225.96202850000003 63.194518500000008 14.794582000000002 16.963303500000006 1.0000000180025095e-35 4.6380689131228543 15.053622274816542 26.062983276929504 6.7514341424999467 29.920833490633786 25.000081500000004 26.632885000000005
decision_type=2 2 2 2 2 2 2 2 2 2 2 2 2 2
left_child=-1 -2 3 4 6 -6 -3 -8 10 -10 -9 12 -11 -13
right_child=1 2 -4 -5 5 -7 7 8 9 11 -12 13 -14 -15
leaf_value=-0.011637912123209039 -0.0023423473610244107 -0.015118389439830758 0.028899304031960078 -0.0046621555985348938 0.027568361332502234 0.011985167448179998 0.0029068524718902557 -0.00017870869639383669 0.0078050915364434271 0.0060741933725466839 -0.0031693438481027025 0.10123841986659012 -0.0037248492877811619 0.0025382430999424384
leaf_weight=60993 46749 9101 9850 21863 6264 41269 4782 34650 24422 21610 11042 1303 24514 24523
leaf_count=60993 46749 9101 9850 21863 6264 41269 4782 34650 24422 21610 11042 1303 24514 24523
internal_value=-0.00625553 0.00104447 0.00310843 0.00250303 0.00331236 0.0085995 0.00170083 0.00244664 0.00171528 0.00409995 -0.00331437 0.00163113 -0.00137195 0.0069945
internal_weight=342935 281942 235193 225343 203480 47533 155947 146846 142064 96372 45692 71950 46124 25826
internal_count=342935 281942 235193 225343 203480 47533 155947 146846 142064 96372 45692 71950 46124 25826
is_linear=0
shrinkage=0.04


Tree=59
num_leaves=15
num_cat=0
split_feature=3 2 12 10 15 2 14 2 15 15 15 1 13 13
split_gain=52602.1 3505.88 1144.31 844.964 764.801 1253.21 889.737 680.723 732.776 679.025 638.815 607.668 605.305 588.671
threshold=1.0000000180025095e-35 75.91323850000002 179.75485829652408 206.67637150000004 1.9769870124999758 1.0000000180025095e-35 0.21021760849986634 154.52227000000002 6.3215550291249807 7.5518605999999986 1.9769870124999758 40.456160391049018 297.0789537866894 320.70751591614822
decision_type=2 2 2 2 2 2 2 2 2 2 2 2 2 2
left_child=-1 4 3 7 -2 -6 9 10 -9 12 -3 -12 -7 -14
right_child=1 2 -4 -5 5 6 -8 8 -10 -11 11 -13 13 -15
leaf_value=-0.011172395638280683 -0.05245653323864264 -0.014723400698072072 0.033698824739545476 -0.075982212209731823 2.2668509432906561 -0.0070385616516484544 0.00056880625245989689 0.0095310735945647995 -0.0083051199379746404 -0.0070853597175452076 0.00041820899015549643 0.0048421171637197079 0.002151729697130911 -0.001687499977428093
leaf_weight=60914 2247 1164 8986 3087 871 6309 5913 54947 10425 6331 142546 10705 3653 24695
leaf_count=60914 2247 1164 8986 3087 871 6309 5913 54947 10425 6331 142546 10705 3653 24695
internal_value=-0.00629313 0.000990922 0.00306288 0.00249863 -0.00861353 -0.00754082 -0.0084237 0.00279052 0.00621183 -0.0105162 0.0013421 0.00156632 -0.00831578 -0.00582193
internal_weight=342793 281879 231860 222874 50019 47772 46901 219787 65372 40988 154415 153251 34657 28348
internal_count=342793 281879 231860 222874 50019 47772 46901 219787 65372 40988 154415 153251 34657 28348
is_linear=0
shrinkage=0.04


Tree=60
num_leaves=15
num_cat=0
split_feature=3 2 2 10 10 3 0 13 3 1 12 13 11 11
split_gain=52823.3 3092.74 1083.13 876.576 943.597 1253.74 934.173 929.83 898.23 1017.08 914.992 822.967 896.378 1413.03
threshold=1.0000000180025095e-35 83.296169500000005 235.87783050000002 63.194518500000008 14.485972000000002 17.317719000000004 5.8611536680917036 266.16836799851399 14.339457000000001 17.922689042481398 76.17587639200174 688.62798463473371 1.0000000180025095e-35 3.3215678316954613
decision_type=2 2 2 2 2 2 2 2 2 2 2 2 2 2
left_child=-1 11 3 4 6 -6 -3 -8 -9 10 -10 12 -2 -14
right_child=1 2 -4 -5 5 -7 7 8 9 -11 -12 -13 13 -15
leaf_value=-0.010725499812749463 -0.014531491711801188 -0.00094940918218659298 0.053394253567662392 -0.0036824998788303766 0.026839108352356256 0.011056746402087385 0.018503378616592066 0.03370202665463113 0.0022522832280498896 0.0030545331656329265 -0.0031131877408356701 -0.050195651364663335 0.00055639425309218283 -0.0029326249754493671
leaf_weight=61071 7235 58996 5538 23815 8746 41036 4057 4619 2752 47264 24124 1261 14609 37852
leaf_count=61071 7235 58996 5538 23815 8746 41036 4057 4619 2752 47264 24124 1261 14609 37852
internal_value=-0.00627323 0.00103326 0.0032339 0.00278484 0.00368446 0.00842232 0.00202127 0.0047614 0.00379944 0.00273321 -0.00347968 -0.00694326 -0.00626776 -0.00444749
internal_weight=342975 281904 220947 215409 191594 49782 141812 82816 78759 74140 26876 60957 59696 52461
internal_count=342975 281904 220947 215409 191594 49782 141812 82816 78759 74140 26876 60957 59696 52461
is_linear=0
shrinkage=0.04


Tree=61
num_leaves=15
num_cat=0
split_feature=3 2 11 13 2 12 2 14 10 11 1 3 1 3
split_gain=52545.8 2943.34 1061.93 2225.45 1582.38 1463.99 1000.29 899.201 886.645 895.135 795.115 895.336 829.731 813.077
threshold=1.0000000180025095e-35 89.718540000000004 6.8236109200364767 477.47418470492562 56.360086500000008 69.793861984601449 243.45156850000004 0.21850692549482056 63.194518500000008 26.062983276929504 29.630160656986757 25.000081500000004 24.91141636566007 26.332772000000002
decision_type=2 2 2 2 2 2 2 2 2 2 2 2 2 2
left_child=-1 2 3 4 -2 -4 8 -7 9 -3 11 12 -11 -12
right_child=1 6 5 -5 -6 7 -8 -9 -10 10 13 -13 -14 -15
leaf_value=-0.01029647982023949 -4.1697415712507181e-05 0.0065750308714576612 -0.010415636001091362 0.0014324126863858888 -0.011895445869984455 -0.0023495948656955257 0.057413561852361794 -0.045036551002174276 -0.0035779330477557283 0.00015232573798287352 0.097919809388225115 -0.0032866653720891358 0.023937193958776075 0.0022679350315282665
leaf_weight=60906 16806 98713 6434 11329 8758 27811 4394 1932 23913 26745 1346 24860 4033 25059
leaf_count=60906 16806 98713 6434 11329 8758 27811 4394 1932 23913 26745 1346 24860 4033 25059
internal_value=-0.00630587 0.000967912 -0.00594279 -0.0011677 -0.00770771 -0.0108124 0.00338329 -0.0070699 0.00297788 0.00393547 0.000847848 -0.00186491 0.00269543 0.00656391
internal_weight=343039 282133 73070 36893 25564 36177 209063 29743 204669 180756 82043 55638 30778 26405
internal_count=343039 282133 73070 36893 25564 36177 209063 29743 204669 180756 82043 55638 30778 26405
is_linear=0
shrinkage=0.04


Tree=62
num_leaves=15
num_cat=0
split_feature=3 2 12 14 2 11 11 12 10 2 15 15 10 0
split_gain=52368.5 2838 1076.92 769.532 1000.13 1337.69 1078.42 1711.86 751.776 620.925 634.417 624.712 578.465 539.898
threshold=1.0000000180025095e-35 72.968437000000009 179.75485829652408 0.23320872121670802 56.360086500000008 1.0000000180025095e-35 4.8739998991629863 71.938918597338471 206.67637150000004 154.52227000000002 6.3215550291249807 1.9769870124999758 -47.86434276318483 19.138927147852232
decision_type=2 2 2 2 2 2 2 2 2 2 2 2 2 2
left_child=-1 3 8 4 6 -6 -2 -8 9 11 -11 -3 -13 -14
right_child=1 2 -4 -5 5 -7 7 -9 -10 10 -12 12 13 -15
leaf_value=-0.0098846206274299138 0.0002938042301613031 -0.01398774718974539 0.030561107169695394 -0.046383788349335528 -0.017481191018222139 -0.0047885895409397871 -0.0055648059836658171 0.0030204336978342729 -0.072537051868180824 0.0087827264377883605 -0.0078887881610290034 0.0068588001820577161 0.00013366220818752939 0.0058052237274599273
leaf_weight=60901 17389 1192 8945 1261 3819 17111 5830 1393 3097 55008 10456 3335 141978 11448
leaf_count=60901 17389 1192 8945 1261 3819 17111 5830 1393 3097 55008 10456 3335 141978 11448
internal_value=-0.00635978 0.000898456 0.00268667 -0.00809777 -0.0072443 -0.0136722 -0.00177799 -0.0147695 0.00214909 0.00242041 0.00569596 0.00106285 0.00128221 0.000923963
internal_weight=343163 282262 235459 46803 45542 20930 24612 7223 226514 223417 65464 157953 156761 153426
internal_count=343163 282262 235459 46803 45542 20930 24612 7223 226514 223417 65464 157953 156761 153426
is_linear=0
shrinkage=0.04


Tree=63
num_leaves=15
num_cat=0
split_feature=3 12 11 13 12 13 10 1 3 13 10 0 10 1
split_gain=52259.6 2149.43 1279.71 1751.12 1045.39 943.036 934.642 791.106 853.025 695.423 896.694 1124.43 1100.59 694.039
threshold=1.0000000180025095e-35 94.398052865036433 7.26571138511967 477.47418470492562 71.938918597338471 434.15911543596184 -3.9182465551120242 40.456160391049018 16.253979500000003 254.05081887727795 14.794582000000002 6.1496032365703437 16.963303500000006 17.390300595570697
decision_type=2 2 2 2 2 2 2 2 2 2 2 2 2 2
left_child=-1 2 3 6 -4 9 -2 8 -7 -3 11 -11 -12 -13
right_child=1 5 4 -5 -6 7 -8 -9 -10 10 12 13 -14 -15
leaf_value=-0.009489235802332718 -0.023412606396454851 -0.0024147668061820504 -0.0090163996961414843 0.0010965479921123268 -0.0031098410261356868 0.013256456619902351 -0.00057812188994995847 0.0044762601032015724 -0.0020019089691324819 -0.00096569672265041102 0.029881903634366325 0.0023191374027548761 0.011883018608946397 0.010532153982652819
leaf_weight=61058 3247 9410 7359 14630 16885 7490 26955 9460 68549 42255 7462 18535 32756 17122
leaf_count=61058 3247 9410 7359 14630 16885 7490 26955 9460 68549 42255 7462 18535 32756 17122
internal_value=-0.00644724 0.000814561 -0.00531704 -0.00131335 -0.0127207 0.00280268 -0.00681544 -0.000447725 -0.00180486 0.00498165 0.00581529 0.00331143 0.0106659 0.0085425
internal_weight=343173 282115 69076 44832 24244 213039 30202 85499 76039 127540 118130 77912 40218 35657
internal_count=343173 282115 69076 44832 24244 213039 30202 85499 76039 127540 118130 77912 40218 35657
is_linear=0
shrinkage=0.04


Tree=64
num_leaves=15
num_cat=0
split_feature=3 2 12 13 2 11 11 12 10 13 15 15 10 12
split_gain=52120.2 2471.17 1006.2 786.902 945.372 1342.28 1021.65 1427.49 694.98 578.227 883.035 497.668 616.274 602.08
threshold=1.0000000180025095e-35 72.968437000000009 179.75485829652408 688.62798463473371 56.360086500000008 1.0000000180025095e-35 5.7696158563501045 71.938918597338471 206.67637150000004 254.05081887727795 1.7043119987500008 5.0983766455000117 -39.444830345300794 68.075615407314601
decision_type=2 2 2 2 2 2 2 2 2 2 2 2 2 2
left_child=-1 3 8 4 6 -6 -2 -8 9 -3 -11 -12 -13 -14
right_child=1 2 -4 -5 5 -7 7 -9 -10 10 11 12 13 -15
leaf_value=-0.0091096663702394127 0.00025156517414111514 -0.0034404341689874053 0.029081685378925179 -0.044429658903252081 -0.016448030905330011 -0.004449679692288537 -0.0069102225492585316 0.0054651456374253376 -0.070162452639976017 0.015769127776113299 0.0046517123437577702 0.0041279532573535874 0.0011954371294187771 -0.00043957700807204517
leaf_weight=61052 18846 10117 8945 1256 3767 17103 4826 1121 3082 7470 71980 12182 5443 115913
leaf_count=61052 18846 10117 8945 1256 3767 17103 4826 1121 3082 7470 71980 12182 5443 115913
internal_value=-0.00649076 0.000762557 0.00243506 -0.00761909 -0.00675996 -0.0130331 -0.00147945 -0.0159341 0.0019147 0.0021753 0.00261911 0.00212809 0.000682952 -0.000177989
internal_weight=343103 282051 235132 46919 45663 20870 24793 5947 226187 223105 212988 205518 133538 121356
internal_count=343103 282051 235132 46919 45663 20870 24793 5947 226187 223105 212988 205518 133538 121356
is_linear=0
shrinkage=0.04


Tree=65
num_leaves=15
num_cat=0
split_feature=3 2 2 14 2 11 11 12 10 2 14 14 14 10
split_gain=51908.4 2393.28 980.344 810.108 889.464 1336.94 963.016 1410.43 718.163 881.064 570.707 806.439 580.816 656.317
threshold=1.0000000180025095e-35 72.968437000000009 243.45156850000004 0.23320872121670802 56.360086500000008 1.0000000180025095e-35 5.7696158563501045 71.938918597338471 99.543951500000006 153.53181450000002 0.21021760849986634 0.210843859845816 0.20414199907131844 30.706461000000001
decision_type=2 2 2 2 2 2 2 2 2 2 2 2 2 2
left_child=-1 3 8 4 6 -6 -2 -8 9 10 12 -12 -3 -14
right_child=1 2 -4 -5 5 -7 7 -9 -10 -11 11 -13 13 -15
leaf_value=-0.0087452797154298351 0.00024255593480940085 0.00073003110694972676 0.05296397506119177 -0.04269282250744915 -0.015697751818509093 -0.0043117284089536504 -0.0066065770247577763 0.0052465398119283255 -0.0061173085896648249 0.0096262266494628237 0.0096986910401623046 0.0011936252807694459 -0.0035545785782438721 0.03598368318402425
leaf_weight=60901 18730 92512 4450 1260 3788 17118 4821 1123 18765 58548 3039 30103 25527 2248
leaf_count=60901 18730 92512 4450 1260 3788 17118 4821 1123 18765 58548 3039 30103 25527 2248
internal_value=-0.00651031 0.000721337 0.00236573 -0.00753544 -0.00666082 -0.0127313 -0.00151739 -0.0155451 0.00200709 0.00267104 0.00107802 0.00572567 -0.000202516 -0.00527525
internal_weight=342933 282032 235192 46840 45580 20906 24674 5944 230742 211977 153429 33142 120287 27775
internal_count=342933 282032 235192 46840 45580 20906 24674 5944 230742 211977 153429 33142 120287 27775
is_linear=0
shrinkage=0.04


Tree=66
num_leaves=15
num_cat=0
split_feature=3 2 2 13 2 11 11 0 10 10 3 11 11 1
split_gain=51659.3 2458.17 905.119 799.068 745.675 1489.63 937.388 694.477 679.512 927.619 1006.51 669.245 1338.38 872.611
threshold=1.0000000180025095e-35 75.91323850000002 243.45156850000004 688.62798463473371 56.360086500000008 1.0000000180025095e-35 5.9425295340715829 1.0362236843277521 63.194518500000008 14.485972000000002 17.317719000000004 1.0000000180025095e-35 4.6380689131228543 15.053622274816542
decision_type=2 2 2 2 2 2 2 2 2 2 2 2 2 2
left_child=-1 3 8 4 6 -6 -2 -8 9 11 -11 -3 -13 -14
right_child=1 2 -4 -5 5 -7 7 -9 -10 10 -12 12 13 -15
leaf_value=-0.008395468526812647 0.00021698732560935242 -0.013763607229556303 0.050963246467263232 -0.040973264972141425 -0.016274370571397599 -0.0035584931303116953 -0.0058961068801094644 0.00046318103392530398 -0.0035433357833602932 0.02431227333771159 0.0095508992641740384 0.0029070363465430837 -0.0012844380389818832 0.0019105813570908881
leaf_weight=60833 18922 9006 4377 1255 4103 20044 3508 2229 23956 9259 41266 4165 43637 96614
leaf_count=60833 18922 9006 4377 1255 4103 20044 3508 2229 23956 9259 41266 4165 43637 96614
internal_value=-0.00656553 0.000638235 0.00237093 -0.00740137 -0.00659099 -0.0115874 -0.00169837 -0.0158619 0.0020249 0.00277347 0.00747432 0.00122538 0.00188511 0.00122152
internal_weight=343174 282341 232280 50061 48806 24147 24659 5737 227903 203947 50525 153422 144416 140251
internal_count=343174 282341 232280 50061 48806 24147 24659 5737 227903 203947 50525 153422 144416 140251
is_linear=0
shrinkage=0.04


Tree=67
num_leaves=15
num_cat=0
split_feature=3 2 12 13 11 2 11 12 11 10 2 15 15 13
split_gain=51652.5 2219.06 849.929 825.333 723.319 1472.27 804.401 1012.25 651.53 632.542 539.55 591.457 537.026 505.438
threshold=1.0000000180025095e-35 75.91323850000002 188.20484891871121 688.62798463473371 1.0000000180025095e-35 56.360086500000008 3.3215678316954613 69.36199200573283 5.9425295340715829 206.67637150000004 153.53181450000002 1.9769870124999758 8.1718748551249707 263.48706550046819
decision_type=2 2 2 2 2 2 2 2 2 2 2 2 2 2
left_child=-1 3 9 4 5 -2 -6 8 -8 10 11 -3 13 -12
right_child=1 2 -4 -5 6 -7 7 -9 -10 -11 12 -13 -14 -15
leaf_value=-0.0080596497857401417 0.0023415567987515209 -0.013328536664542139 0.043237611610204535 -0.039333123206873939 0.00032733227161926951 -0.015709738052045969 -0.00041847768118649322 -0.0010729803198066001 -0.0088496901338962885 -0.0651619969814526 -0.0016401920033298034 0.00049715136759526774 -0.016985412063398098 0.010063438575544472
leaf_weight=60923 1980 1144 5070 1260 13353 4114 5016 18641 5718 3104 8290 152335 5024 56954
leaf_count=60923 1980 1144 5070 1260 13353 4114 5016 18641 5718 3104 8290 152335 5024 56954
internal_value=-0.00660037 0.000615171 0.00226405 -0.00702049 -0.00619557 -0.0190876 -0.00435686 -0.00805719 -0.0178424 0.00190204 0.00215082 0.000821741 0.00505379 0.00602416
internal_weight=342926 282003 231921 50082 48822 6094 42728 29375 10734 226851 223747 153479 70268 65244
internal_count=342926 282003 231921 50082 48822 6094 42728 29375 10734 226851 223747 153479 70268 65244
is_linear=0
shrinkage=0.04


Tree=68
num_leaves=15
num_cat=0
split_feature=3 2 2 13 11 2 11 12 11 10 10 3 11 11
split_gain=51583.7 2212.98 814.539 813.808 699.461 1458.99 708.66 1051.02 668.74 623.797 817.494 836.982 705.71 1271.1
threshold=1.0000000180025095e-35 75.91323850000002 243.45156850000004 688.62798463473371 1.0000000180025095e-35 56.360086500000008 3.3215678316954613 69.36199200573283 5.9425295340715829 63.194518500000008 14.185998000000003 17.317719000000004 1.0000000180025095e-35 4.3372944220043541
decision_type=2 2 2 2 2 2 2 2 2 2 2 2 2 2
left_child=-1 3 9 4 5 -2 -6 8 -8 10 12 -12 -3 -14
right_child=1 2 -4 -5 6 -7 7 -9 -10 -11 11 -13 13 -15
leaf_value=-0.007737263794310536 0.0022481557758453263 -0.015081170891797823 0.046754815939364862 -0.03776649307230015 0.00027867944588886749 -0.014999481560935272 -0.00038224318162986218 -0.00093073679053584885 -0.0085597036119144584 -0.0034384281330584708 0.021148217463737816 0.0088150062216529879 0.0028128242644415648 0.00057083444741676368
leaf_weight=61012 1995 8056 4430 1260 13297 4127 5068 18686 5776 24021 10195 41221 4073 140004
leaf_count=61012 1995 8056 4430 1260 13297 4127 5068 18686 5776 24021 10195 41221 4073 140004
internal_value=-0.00664913 0.000561144 0.00220897 -0.00705292 -0.00623588 -0.0188827 -0.00442805 -0.0078808 -0.0177868 0.00187828 0.0025977 0.00695815 0.00112402 0.00176822
internal_weight=343221 282209 232000 50209 48949 6122 42827 29530 10844 227570 203549 51416 152133 144077
internal_count=343221 282209 232000 50209 48949 6122 42827 29530 10844 227570 203549 51416 152133 144077
is_linear=0
shrinkage=0.04


Tree=69
num_leaves=15
num_cat=0
split_feature=3 2 13 2 14 12 2 11 11 12 10 13 2 3
split_gain=51455.9 2103.98 836.174 779.842 678.886 646.39 733.762 964.083 922.217 1243.33 603.084 584.018 574.514 571.279
threshold=1.0000000180025095e-35 75.91323850000002 688.62798463473371 232.27520750000002 0.21163429115709895 95.370509599845136 56.360086500000008 1.0000000180025095e-35 4.8739998991629863 71.938918597338471 95.344537000000017 228.57383096747418 144.15445700000001 5.167653500000001
decision_type=2 2 2 2 2 2 2 2 2 2 2 2 2 2
left_child=-1 2 4 10 5 6 8 -8 -2 -10 12 -12 -3 -9
right_child=1 3 -4 -5 -6 -7 7 13 9 -11 11 -13 -14 -15
leaf_value=-0.0074277732425381158 0.00013364853952613665 0.00035894608182259369 -0.036290194235028252 0.021802723436304811 0.0012077948449184107 0.0060372936859490788 -0.014467758649927288 0.0060107580407425054 -0.0041646332546832459 0.0039850982653404548 -0.045767602237538244 -0.0046527488454423515 0.0070932195758332782 -0.0059485750250979439
leaf_weight=61103 15978 138812 1270 7688 3119 3201 4017 2560 5715 953 761 17662 67037 13232
leaf_count=61103 15978 138812 1270 7688 3119 3201 4017 2560 5715 953 761 17662 67037 13232
internal_value=-0.00672185 0.000488644 -0.00694975 0.00209346 -0.00611543 -0.00734887 -0.00865575 -0.0142784 -0.00373753 -0.0162328 0.00166405 -0.0052695 0.00228459 -0.00982776
internal_weight=343108 282005 50045 231960 48775 45656 42455 19809 22646 6668 224272 18423 205849 15792
internal_count=343108 282005 50045 231960 48775 45656 42455 19809 22646 6668 224272 18423 205849 15792
is_linear=0
shrinkage=0.04


Tree=70
num_leaves=15
num_cat=0
split_feature=3 2 11 13 12 2 14 12 11 10 11 15 3 1
split_gain=51348.8 2036.35 950.967 1816.93 1393.77 1180.6 934.535 760.409 702.319 651.52 713.902 738.83 901.915 1246.35
threshold=1.0000000180025095e-35 89.718540000000004 6.8236109200364767 477.47418470492562 69.793861984601449 56.360086500000008 0.23320872121670802 188.20484891871121 1.0000000180025095e-35 63.194518500000008 26.062983276929504 8.4516063852500043 25.380681500000005 25.454105636002719
decision_type=2 2 2 2 2 2 2 2 2 2 2 2 2 2
left_child=-1 2 3 5 -4 -2 -6 9 -7 10 -3 12 13 -12
right_child=1 7 4 -5 6 8 -8 -9 -10 -11 11 -13 -14 -15
leaf_value=-0.0071306623128365842 -3.2762324879929141e-05 0.0051142269587911675 -0.0080986179775423394 0.0013377643297598318 -0.0020249698540357741 -0.018805050249191161 -0.034809804574757984 0.039828077098308719 -0.00296075577640587 -0.0034450584769080451 -0.00053918835542626558 0.0024013988244718293 -0.0036433040598008071 0.042226823804115236
leaf_weight=61052 16792 98184 6497 11307 28399 4658 1255 5050 4082 23915 26943 20238 29880 4611
leaf_count=61052 16792 98184 6497 11307 28399 4658 1255 5050 4082 23915 26943 20238 29880 4611
internal_value=-0.00674217 0.000462863 -0.0052884 -0.000765493 -0.00989737 -0.00667711 -0.00622108 0.00247312 -0.0185995 0.00209313 0.00291789 0.000154765 -0.00202884 0.00268746
internal_weight=342863 281811 72990 36839 36151 25532 29654 208821 8740 203771 179856 81672 61434 31554
internal_count=342863 281811 72990 36839 36151 25532 29654 208821 8740 203771 179856 81672 61434 31554
is_linear=0
shrinkage=0.04


Tree=71
num_leaves=15
num_cat=0
split_feature=3 2 14 14 2 10 14 13 15 15 3 15 15 13
split_gain=51350.2 1897.9 894.828 945.354 704.553 608.738 538.205 574.377 616.612 625.319 588.943 539.999 623.574 545.605
threshold=1.0000000180025095e-35 84.679653000000016 0.23320872121670802 0.21213560930150108 243.45156850000004 206.67637150000004 0.21785094171797917 254.05081887727795 4.8872795136250327 4.7572720227499881 14.985901500000002 8.4516063852500043 9.0992552776249926 480.85936742582709
decision_type=2 2 2 2 2 2 2 2 2 2 2 2 2 2
left_child=-1 2 3 -2 5 6 7 -3 9 -9 -11 13 -13 -10
right_child=1 4 -4 -5 -6 -7 -8 8 11 10 -12 12 -14 -15
leaf_value=-0.006845435820323118 -0.0014633546005964561 -0.0031740239909869229 -0.033385140052900476 0.0011780093429095207 0.044578592527379828 -0.063730821948185468 -0.0043993684480932342 0.0058044423166329628 0.0016269434028907371 -0.030195026659054349 0.022344659163801472 0.0071026238904705495 0.00069665881676691469 -0.0019241687536800424
leaf_weight=61202 56966 9845 1265 6171 4380 3098 11520 60202 73412 610 4055 8342 19556 22773
leaf_count=61202 56966 9845 1265 6171 4380 3098 11520 60202 73412 610 4055 8342 19556 22773
internal_value=-0.00678573 0.000417725 -0.00561473 -0.00494734 0.00220154 0.00187561 0.00213489 0.002622 0.00311278 0.00627314 0.0203816 0.00146064 0.00636031 3.95072e-05
internal_weight=343397 282195 64402 63137 217793 213413 210315 198795 188950 64867 4665 124083 27898 96185
internal_count=343397 282195 64402 63137 217793 213413 210315 198795 188950 64867 4665 124083 27898 96185
is_linear=0
shrinkage=0.04


Tree=72
num_leaves=15
num_cat=0
split_feature=3 2 14 14 11 11 12 2 12 15 2 3 0 12
split_gain=51153 1752.35 884.906 846.81 660.544 1113.62 1510.61 991.82 654.248 647.172 631.839 561.946 500.658 645.671
threshold=1.0000000180025095e-35 84.679653000000016 0.23320872121670802 0.21213560930150108 1.0000000180025095e-35 4.8739998991629863 69.793861984601449 56.360086500000008 188.20484891871121 7.5518605999999986 71.11269750000001 208.29399250000003 17.152884245269508 114.08900968988115
decision_type=2 2 2 2 2 2 2 2 2 2 2 2 2 2
left_child=-1 2 3 4 7 10 -7 -2 11 -8 -6 12 -3 -14
right_child=1 8 -4 -5 5 6 9 -9 -10 -11 -12 -13 13 -15
leaf_value=-0.0065716183875101919 0.0017590859366063683 0.00090154706013695352 -0.032108452178445594 0.001100634562361149 1.185498843023325e-05 -0.0055318241156539121 -0.00035687955285160558 -0.014981606004764583 0.03658703200860592 -0.0054335358527569256 0.0030186400086273223 -0.060990332740059973 -0.0036557669473611188 0.0074804627378184151
leaf_weight=61088 1803 194316 1248 6155 16876 7836 18190 5073 5076 4763 2333 3012 1569 13660
leaf_count=61088 1803 194316 1248 6155 16876 7836 18190 5073 5076 4763 2333 3012 1569 13660
internal_value=-0.00681613 0.000374588 -0.00542838 -0.00476796 -0.00629321 -0.00469459 -0.00940985 -0.0179174 0.00208847 -0.004233 0.00286324 0.00174955 0.00199613 0.00898024
internal_weight=342998 281910 64277 63029 56874 49998 30789 6876 217633 22953 19209 212557 209545 15229
internal_count=342998 281910 64277 63029 56874 49998 30789 6876 217633 22953 19209 212557 209545 15229
is_linear=0
shrinkage=0.04


Tree=73
num_leaves=15
num_cat=0
split_feature=3 2 11 13 2 2 15 2 13 15 15 0 3 1
split_gain=51002 1611.55 993.549 1443.69 1387.89 1320.87 773.623 637.207 560.547 657.52 642.358 607.231 799.437 762.357
threshold=1.0000000180025095e-35 89.718540000000004 5.9425295340715829 477.47418470492562 52.515016500000009 56.360086500000008 7.5518605999999986 225.96202850000003 254.05081887727795 4.8872795136250327 4.7572720227499881 5.8611536680917036 14.122505500000003 17.922689042481398
decision_type=2 2 2 2 2 2 2 2 2 2 2 2 2 2
left_child=-1 2 3 5 -4 -2 -6 8 -3 10 -10 -11 -13 -14
right_child=1 7 4 -5 6 -7 -8 -9 9 11 -12 12 13 -15
leaf_value=-0.0063087536520097841 0.00012868356505386203 -0.0035793380067993953 -0.0085490431746111546 0.0014922933533176863 -0.0015049753043486192 -0.0087135548779153811 -0.0036110485583033202 0.017277203938361511 0.0050502606370525175 -0.0018305828015720937 0.017080842257855694 0.033126359865060961 -0.0027139705357537114 0.0024357951686757953
leaf_weight=61017 16090 10028 4279 9732 25697 8378 8838 9801 57720 64509 4524 2500 16191 43778
leaf_count=61017 16090 10028 4279 9732 25697 8378 8838 9801 57720 64509 4524 2500 16191 43778
internal_value=-0.00684081 0.000332264 -0.00478374 0.000187135 -0.0091637 -0.00499591 -0.00650123 0.0021191 0.00162931 0.00211772 0.00548551 0.000466853 0.00327779 0.00235388
internal_weight=343082 282065 73014 34200 38814 24468 34535 209051 199250 189222 62244 126978 62469 59969
internal_count=343082 282065 73014 34200 38814 24468 34535 209051 199250 189222 62244 126978 62469 59969
is_linear=0
shrinkage=0.04


Tree=74
num_leaves=15
num_cat=0
split_feature=3 2 13 14 12 12 10 10 3 0 3 15 13 1
split_gain=51109.2 1476.06 929.121 721.806 628.211 569.538 567.531 627.898 1021.12 866.561 769.673 671.206 657.908 761.585
threshold=1.0000000180025095e-35 84.679653000000016 688.62798463473371 0.21213560930150108 188.20484891871121 58.357681378184168 99.543951500000006 14.794582000000002 17.317719000000004 5.8611536680917036 14.227187500000001 0.88182971749998285 266.16836799851399 17.922689042481398
decision_type=2 2 2 2 2 2 2 2 2 2 2 2 2 2
left_child=-1 2 3 5 6 -2 7 9 11 -3 -11 -9 -12 -14
right_child=1 4 -4 -5 -6 -7 -8 8 -10 10 12 -13 13 -15
leaf_value=-0.0060564035059293888 0.00072017858316410612 -0.001764346162205908 -0.030438245198795979 0.0010634155680274127 0.034964143825507277 -0.0016517089718264444 -0.0055849496808185366 -0.0040856282248872946 0.0054788745058514231 0.025913475572683291 0.014641680969635695 0.028821139478239291 -0.0017288731548156643 0.0022353585476403504
leaf_weight=61117 3438 58178 1260 6193 5082 53469 18760 923 46777 5440 2374 7764 25233 47101
leaf_count=61117 3438 58178 1260 6193 5082 53469 18760 923 46777 5440 2374 7764 25233 47101
internal_value=-0.00683876 0.000348379 -0.00497328 -0.00429414 0.00192214 -0.00570545 0.00158984 0.00223293 0.00582865 0.000791174 0.00348855 0.0184229 0.0024308 0.00175077
internal_weight=343109 281992 64360 63100 217632 56907 212550 193790 55464 138326 80148 8687 74708 72334
internal_count=343109 281992 64360 63100 217632 56907 212550 193790 55464 138326 80148 8687 74708 72334
is_linear=0
shrinkage=0.04


Tree=75
num_leaves=15
num_cat=0
split_feature=3 2 13 14 13 15 11 12 13 3 11 10 14 10
split_gain=51074.1 1416.92 940.845 717.174 610.494 817.109 627.124 546.953 574.027 936.672 645.16 788.899 531.634 484.695
threshold=1.0000000180025095e-35 84.679653000000016 688.62798463473371 0.21021760849986634 254.05081887727795 4.8872795136250327 26.615634586949692 58.357681378184168 437.10312914365767 12.815556500000001 1.0000000180025095e-35 -2.244029981903287 0.21785094171797917 -50.283894501743411
decision_type=2 2 2 2 2 2 2 2 2 2 2 2 2 2
left_child=-1 2 3 7 -3 6 -6 -2 10 -10 11 -9 13 -7
right_child=1 4 -4 -5 5 12 -8 8 9 -11 -12 -13 -14 -15
leaf_value=-0.0058141473656922217 0.00071931209886010093 -0.0035443991377921823 -0.029238081800145893 0.00066345983665301318 0.0088716571493174367 0.0074119391897357412 -0.0021711926283401483 -0.01994669445502879 0.0010426349502224675 -0.0059223277960556422 -0.00043080356116631524 -0.00041228926570589406 -0.0049854179132976621 0.00049428178195827673
leaf_weight=60931 3318 10167 1273 10039 59430 2210 12475 2673 3100 10117 31714 2333 8947 124430
leaf_count=60931 3318 10167 1273 10039 59430 2210 12475 2673 3100 10117 31714 2333 8947 124430
internal_value=-0.00678815 0.000382105 -0.00482166 -0.00413689 0.00192576 0.00239469 0.0058416 -0.00598554 -0.00703046 -0.0141787 -0.00445752 -0.0178026 0.000566721 0.00123247
internal_weight=343157 282226 64567 63294 217659 207492 71905 53255 49937 13217 36720 5006 135587 126640
internal_count=343157 282226 64567 63294 217659 207492 71905 53255 49937 13217 36720 5006 135587 126640
is_linear=0
shrinkage=0.04


Tree=76
num_leaves=15
num_cat=0
split_feature=3 2 14 14 12 0 3 14 13 10 10 15 3 13
split_gain=51004.7 1375.39 940.536 644.631 622.345 540.296 705.041 535.998 535.685 524.71 583.468 797.467 776.114 543.07
threshold=1.0000000180025095e-35 84.679653000000016 0.23320872121670802 0.21213560930150108 188.20484891871121 13.869650725072646 15.528476000000003 0.21785094171797917 268.7841962257441 206.67637150000004 14.185998000000003 8.4516063852500043 17.317719000000004 254.05081887727795
decision_type=2 2 2 2 2 2 2 2 2 2 2 2 2 2
left_child=-1 2 3 -2 5 7 -7 9 -8 10 11 -3 -12 -14
right_child=1 4 -4 -5 -6 6 8 -9 -10 -11 12 -13 13 -15
leaf_value=-0.0055815814710645385 -0.0011766500868182295 -0.0010229224733983328 -0.028068558528140049 0.0010311787385166892 0.033307439271259121 0.071277494677828929 0.028913691268573568 -0.0060210204429610734 0.0022879355724438285 -0.060815049059422713 0.018198298656876413 0.0020481137489589663 -0.0034346780165082913 0.0067980377613807777
leaf_weight=61031 56797 92334 1272 6153 5100 1193 736 9901 23044 2627 10049 16567 6470 49806
leaf_count=61031 56797 92334 1272 6153 5100 1193 736 9901 23044 2627 10049 16567 6470 49806
internal_value=-0.00684458 0.00032973 -0.00481455 -0.00412645 0.00184642 0.00151537 0.00704281 0.00078017 0.00553743 0.00128443 0.00155045 -0.00025087 0.0045081 0.00267965
internal_weight=343080 282049 64222 62950 217827 212727 24973 187754 23780 177853 175226 108901 66325 56276
internal_count=343080 282049 64222 62950 217827 212727 24973 187754 23780 177853 175226 108901 66325 56276
is_linear=0
shrinkage=0.04


Tree=77
num_leaves=15
num_cat=0
split_feature=3 2 13 10 2 11 12 11 2 15 13 11 1 3
split_gain=50906.3 1262.65 952.294 622.679 757.051 553.147 1922.82 1076 819.369 670.44 482.551 460.496 675.609 849.786
threshold=1.0000000180025095e-35 84.679653000000016 688.62798463473371 85.00303700000002 225.96202850000003 5.9425295340715829 69.793861984601449 1.0000000180025095e-35 56.360086500000008 7.5518605999999986 228.57383096747418 26.062983276929504 29.630160656986757 26.332772000000002
decision_type=2 2 2 2 2 2 2 2 2 2 2 2 2 2
left_child=-1 2 5 4 11 7 -7 8 -2 -8 -5 -3 -13 -14
right_child=1 3 -4 10 -6 6 9 -9 -10 -11 -12 12 13 -15
leaf_value=-0.0053583182122219596 0.0022263824204315874 0.0024822214188541161 -0.026933637765993945 -0.014687121176982707 0.026784065752971601 -0.0058285645718247374 0.0005118130360760231 0.00033789973781187752 -0.011498167228699856 -0.0046097503790097603 -0.0031780121929826156 -0.0017058246409025891 0.092508851562453531 0.0013583732809479576
leaf_weight=61112 1979 105123 1280 1401 7721 7424 19524 23647 5523 4845 20510 56463 1334 25030
leaf_count=61112 1979 105123 1280 1401 7721 7424 19524 23647 5523 4845 20510 56463 1334 25030
internal_value=-0.00690501 0.000271962 -0.00465635 0.00172661 0.00244267 -0.00396174 -0.00767339 -0.00017336 -0.0133724 -0.00224383 -0.00466797 0.00193839 -0.000292175 0.00499469
internal_weight=342916 281804 64222 217582 195671 62942 31793 31149 7502 24369 21911 187950 82827 26364
internal_count=342916 281804 64222 217582 195671 62942 31793 31149 7502 24369 21911 187950 82827 26364
is_linear=0
shrinkage=0.04


Tree=78
num_leaves=15
num_cat=0
split_feature=3 2 11 2 13 2 3 8 10 2 2 13 3 15
split_gain=50937.9 1189.07 1058.04 1151.58 1065.82 1055.3 710.972 653.231 573.245 746.612 538.806 513.35 472.832 458.564
threshold=1.0000000180025095e-35 89.718540000000004 6.8236109200364767 52.515016500000009 477.47418470492562 56.360086500000008 5.167653500000001 0.99987012757466864 99.543951500000006 225.96202850000003 61.429630500000009 228.57383096747418 17.074353500000004 7.5518605999999986
decision_type=2 2 2 2 2 2 2 2 2 2 2 2 2 2
left_child=-1 2 4 -4 5 12 -5 -7 9 -3 -9 -10 -2 -8
right_child=1 8 3 6 -6 7 13 10 11 -11 -12 -13 -14 -15
leaf_value=-0.0051439854837330755 -0.00014614061365351817 0.0013290403286324271 -0.0096891571224191515 0.010209239513614472 0.001208816093626952 0.0010547219378406326 -0.002519925137920276 -0.0037824714606113832 -0.045955223749369313 0.025545566549553991 -0.026162210399374476 -0.003863805849742068 0.00084971649744099761 -0.0042123533987412729
leaf_weight=61008 12427 182448 3779 3560 11374 1965 20998 3644 659 7834 3174 18043 4464 7861
leaf_count=61008 12427 182448 3779 3560 11374 1965 20998 3644 659 7834 3174 18043 4464 7861
internal_value=-0.00685705 0.000307267 -0.00407831 -0.00894193 0.000673721 -0.00384202 -0.00650606 -0.0150882 0.00184435 0.00250113 -0.0209446 -0.00483799 0.0020058 -0.00858658
internal_weight=343238 282230 73246 36198 37048 25674 32419 8783 208984 190282 6818 18702 16891 28859
internal_count=343238 282230 73246 36198 37048 25674 32419 8783 208984 190282 6818 18702 16891 28859
is_linear=0
shrinkage=0.04


Tree=79
num_leaves=15
num_cat=0
split_feature=3 8 11 12 14 11 14 13 3 1 14 11 9 11
split_gain=50746.1 994.194 1257.37 739.415 625.286 589.919 955.529 708.421 585.322 678.482 568.431 560.783 549.763 653.343
threshold=1.0000000180025095e-35 0.99991759885668807 1.0000000180025095e-35 63.755616005499199 0.21785094171797917 26.062983276929504 0.21021760849986634 254.05081887727795 25.549405500000002 13.580872296670831 0.20414199907131844 34.403857429570941 0.10075506889549808 1.7777579134468473
decision_type=2 2 2 2 2 2 2 2 2 2 2 2 2 2
left_child=-1 4 3 -3 5 7 10 -2 9 -4 11 -7 -6 -14
right_child=1 2 8 -5 12 6 -8 -9 -10 -11 -12 -13 13 -15
leaf_value=-0.0049382260643837488 -0.0031429742330570856 0.0011340337573953541 -0.00046548423291027375 -0.020867464618725417 0.0043968488007272086 -0.0036799851264577767 0.0028676788361768463 0.0027780556842093508 -0.0029399590050951676 0.013501156082065563 -0.005182960175519509 0.0013654308072963129 -0.0032865074720874608 -0.0046590954815893945
leaf_weight=60995 9907 1168 41382 5878 1810 14220 15721 118465 6741 6271 12992 33491 8443 5740
leaf_count=60995 9907 1168 41382 5878 1810 14220 15721 118465 6741 6271 12992 33491 8443 5740
internal_value=-0.00691537 0.000234845 -0.00426563 -0.0201646 0.00148721 0.00208207 -0.000700304 0.00373851 -0.00220613 -0.0006455 -0.00297646 -0.000956593 -0.00613018 -0.00877952
internal_weight=343224 282229 61440 7046 220789 204796 76424 128372 54394 47653 60703 47711 15993 14183
internal_count=343224 282229 61440 7046 220789 204796 76424 128372 54394 47653 60703 47711 15993 14183
is_linear=0
shrinkage=0.04


Tree=80
num_leaves=15
num_cat=0
split_feature=3 2 15 2 10 2 11 11 13 2 10 3 15 13
split_gain=50814.3 1073.38 1003.69 992.633 551.221 731.989 526.377 1245.87 766.982 739.308 684.787 641.146 519.296 513.708
threshold=1.0000000180025095e-35 93.887699000000012 1.9769870124999758 1.0000000180025095e-35 99.543951500000006 225.96202850000003 5.9425295340715829 1.3360176991178438 532.72427705584789 52.515016500000009 -2.4091956278057887 14.762376500000002 8.4516063852500043 228.57383096747418
decision_type=2 2 2 2 2 2 2 2 2 2 2 2 2 2
left_child=-1 2 -2 -4 5 -3 7 8 10 -8 12 -11 -5 -6
right_child=1 4 3 6 13 -7 9 -9 -10 11 -12 -13 -14 -15
leaf_value=-0.0047406970218083974 -0.025812500166940904 0.0013433872704132737 2.1759520525889005 -0.024004248459572254 -0.046701867119134759 0.024301948965525479 -0.003606296340307704 0.00048231748123746867 0.0015525312953176672 0.0020721287328311845 -0.00047536870409984114 -0.0025445284754946583 9.9649941457840012e-05 -0.0037514849515326953
leaf_weight=61068 2359 177754 851 3576 640 7853 2584 21048 2232 11396 6200 26181 954 18026
leaf_count=61068 2359 177754 851 3576 640 7853 2584 21048 2232 11396 6200 26181 954 18026
internal_value=-0.00692246 0.000249384 -0.00376268 -0.00295487 0.0017692 0.00242814 -0.00344771 0.000214055 -0.00954174 -0.00654864 -0.0139795 -0.00512548 -0.0258013 -0.00478303
internal_weight=342722 281654 77381 75022 204273 185607 74171 34010 12962 40161 10730 37577 4530 18666
internal_count=342722 281654 77381 75022 204273 185607 74171 34010 12962 40161 10730 37577 4530 18666
is_linear=0
shrinkage=0.04


Tree=81
num_leaves=15
num_cat=0
split_feature=3 2 13 12 10 12 11 3 11 2 11 12 14 11
split_gain=50853.1 1009.28 927.944 554.319 486.188 471.314 813.081 588.665 542.407 970.84 677.169 653.394 634.115 479.334
threshold=1.0000000180025095e-35 75.91323850000002 688.62798463473371 188.20484891871121 206.67637150000004 95.370509599845136 14.843455652540817 5.6557625000000007 1.3360176991178438 60.530113500000006 3.3215678316954613 66.32693985139305 0.20515559400079877 6.5743936958124207
decision_type=2 2 2 2 2 2 2 2 2 2 2 2 2 2
left_child=-1 2 5 4 -3 6 8 -8 9 -2 -10 12 -12 -14
right_child=1 3 -4 -5 -6 -7 7 -9 10 -11 11 -13 13 -15
leaf_value=-0.004551069140936068 -0.00034769758030622099 0.00072016280980676895 -0.024262040565536706 0.028045164290799205 -0.055866192825981785 0.005145506445212087 0.030736125554664984 -0.009099234648573349 0.00081594148754533086 -0.019514611495839454 -0.0027536851712687848 0.00028329983046575968 0.001177743557110187 -0.0048341731139952861
leaf_weight=60936 7538 223776 1248 5073 3089 3818 467 6995 8846 2734 4860 11779 1181 681
leaf_count=60936 7538 223776 1248 5073 3089 3818 467 6995 8846 2734 4860 11779 1181 681
internal_value=-0.00686314 0.000295088 -0.00485054 0.00140762 0.0011152 -0.00398127 -0.00512411 -0.0171857 -0.0027316 -0.0105685 0.000212089 -0.00414032 -0.014091 0.00575725
internal_weight=343021 282085 50147 231938 226865 48899 45081 7462 37619 10272 27347 18501 6722 1862
internal_count=343021 282085 50147 231938 226865 48899 45081 7462 37619 10272 27347 18501 6722 1862
is_linear=0
shrinkage=0.04


Tree=82
num_leaves=15
num_cat=0
split_feature=3 2 15 2 14 10 14 10 3 0 15 13 3 12
split_gain=50735.6 946.719 1103.02 974.908 736.959 654.466 633.578 561.601 990.331 760.027 729.765 649.181 575.023 554.412
threshold=1.0000000180025095e-35 113.97062300000002 1.9769870124999758 1.0000000180025095e-35 0.21021760849986634 45.000051000000006 0.19726957747197196 14.794582000000002 17.317719000000004 10.886407176874064 0.88182971749998285 266.16836799851399 19.275673500000003 59.194398647872113
decision_type=2 2 2 2 2 2 2 2 2 2 2 2 2 2
left_child=-1 2 -2 -4 6 7 -5 9 10 -3 -9 -11 -10 -8
right_child=1 5 3 4 -6 -7 13 8 12 11 -12 -13 -14 -15
leaf_value=-0.0043690263752986166 -0.024025392255903527 -0.0003165280366587875 2.0870029805498014 -6.7110835021564344e-05 0.00066636958343362313 -0.002963795267058198 0.00070578960772527566 -0.0052053278358671837 -0.037695698793752473 0.026412612963282775 0.029419571758268415 0.0045202738320806127 0.010029346454707351 -0.0028052133318663521
leaf_weight=60960 2447 69831 880 44608 21357 29095 3042 932 2359 1172 8957 17937 34610 44854
leaf_count=60960 2447 69831 880 44608 21357 29095 3042 932 2359 1172 8957 17937 34610 44854
internal_value=-0.00690914 0.000242058 -0.00250674 -0.00194002 -0.00226416 0.00219561 -0.00381043 0.00336205 0.00690597 0.00149494 0.0181495 0.0085635 0.0038984 -0.00700518
internal_weight=343041 282081 117188 114741 113861 164893 92504 135798 46858 88940 9889 19109 36969 47896
internal_count=343041 282081 117188 114741 113861 164893 92504 135798 46858 88940 9889 19109 36969 47896
is_linear=0
shrinkage=0.04


Tree=83
num_leaves=15
num_cat=0
split_feature=7 2 15 2 14 10 2 14 11 12 11 11 10 15
split_gain=50658.2 928.58 1099.73 975.032 675.129 595.505 552.295 531.2 936.59 981.708 623.581 559.755 522.115 591.661
threshold=1.0000000180025095e-35 113.97062300000002 1.9769870124999758 1.0000000180025095e-35 0.21021760849986634 99.543951500000006 225.96202850000003 0.19726957747197196 7.5077242088305125 66.650939029413493 1.3360176991178438 0.56904373491782179 -2.244029981903287 7.0550647770000134
decision_type=2 2 2 2 2 2 2 2 2 2 2 2 2 2
left_child=-1 2 -2 -4 7 6 -3 11 10 -10 -9 12 13 -5
right_child=1 5 3 4 -6 -7 -8 8 9 -11 -12 -13 -14 -15
leaf_value=-0.0041942653202866791 -0.023092796060296284 0.0021151098058044627 2.0042969396969501 -0.025704845328093244 0.00061007363305914941 -0.0050182347257596406 0.021932149649906967 -0.0023719440804194215 -0.0096988497440255381 -0.0031760676482370533 0.00072036376568931362 0.00018101109157180772 0.00036199891567894937 0.0049626200113884345
leaf_weight=60886 2477 138318 881 2262 21359 18567 7832 5424 2842 29989 9655 39972 1827 533
leaf_count=60886 2477 138318 881 2262 21359 18567 7832 5424 2842 29989 9655 39972 1827 533
internal_value=-0.00691223 0.000233243 -0.00248795 -0.00191871 -0.00224305 0.00216978 0.00302703 -0.00372308 -0.00664746 -0.0104377 0.00160488 -0.000581244 -0.0137603 -0.0246297
internal_weight=342824 281938 117221 114744 113863 164717 146150 92504 47910 32831 15079 44594 4622 2795
internal_count=342824 281938 117221 114744 113863 164717 146150 92504 47910 32831 15079 44594 4622 2795
is_linear=0
shrinkage=0.04


Tree=84
num_leaves=15
num_cat=0
split_feature=3 2 13 12 12 11 11 2 11 2 11 10 1 11
split_gain=50732.9 876.525 940.705 510.846 435.278 762.802 457.018 870.322 603.709 543.211 462.819 425.509 406.998 423.561
threshold=1.0000000180025095e-35 75.91323850000002 688.62798463473371 188.20484891871121 95.370509599845136 15.764699149665697 1.3360176991178438 59.732263500000009 2.7139520951640588 51.50073050000001 5.3644980696177109 206.67637150000004 50.094042576617085 26.351565834530238
decision_type=2 2 2 2 2 2 2 2 2 2 2 2 2 2
left_child=-1 2 4 11 5 6 7 -2 -8 10 -10 12 13 -3
right_child=1 3 -4 -5 -6 -7 8 -9 9 -11 -12 -13 -14 -15
leaf_value=-0.0040264947074752123 -0.0002345971617571241 0.0013371776121917246 -0.021406926777698877 0.027087851961971127 0.0049176733646168281 -0.0086739529442038735 0.0012427804328101466 -0.016561032452393116 -0.00021390436803862657 -1.3765397082554642e-06 -0.0028453014489776773 -0.051988964739496116 0.0064537621461626341 -0.00074801954158780471
leaf_weight=60990 7190 139956 1249 5105 3777 6800 6413 3056 2166 17346 2016 3093 2283 81558
leaf_count=60990 7190 139956 1249 5105 3777 6800 6413 3056 2166 17346 2016 3093 2283 81558
internal_value=-0.00692039 0.000233752 -0.00456921 0.00126917 -0.00369125 -0.00478627 -0.00258832 -0.00981456 6.15583e-05 -0.00314753 -0.016088 0.000987615 0.00119126 0.00101808
internal_weight=342998 282008 50013 231995 48764 44987 38187 10246 27941 21528 4182 226890 223797 221514
internal_count=342998 282008 50013 231995 48764 44987 38187 10246 27941 21528 4182 226890 223797 221514
is_linear=0
shrinkage=0.04


Tree=85
num_leaves=15
num_cat=0
split_feature=3 2 15 2 14 10 11 14 11 12 11 3 3 1
split_gain=50759 835.829 1091.3 947.705 559.365 530.831 558.012 519.427 866.301 986.456 541.039 517.15 493.085 1314.73
threshold=1.0000000180025095e-35 113.97062300000002 1.9769870124999758 1.0000000180025095e-35 0.21021760849986634 63.194518500000008 26.351565834530238 0.19726957747197196 7.5077242088305125 66.650939029413493 1.3360176991178438 84.708372000000011 24.949934000000002 25.454105636002719
decision_type=2 2 2 2 2 2 2 2 2 2 2 2 2 2
left_child=-1 2 -2 -4 7 6 -3 -5 10 -10 -9 12 13 -8
right_child=1 5 3 4 -6 -7 11 8 9 -11 -12 -13 -14 -15
leaf_value=-0.0038654349191762096 -0.021195543352831161 0.0066677540673482083 1.9373251744993056 -6.2993115500358245e-05 0.0005851125379835898 -0.0028595841413548151 -0.00028036643197178803 -0.0020595063309423447 -0.0092968512735987115 -0.0030197386258106929 0.00064541097840994151 0.004495059465653488 -0.0021209163353169557 0.06630035118733936
leaf_weight=61053 2479 80144 862 44566 21306 23796 20645 5421 2857 29994 9711 4125 32539 3285
leaf_count=61053 2479 80144 862 44566 21306 23796 20645 5421 2857 29994 9711 4125 32539 3285
internal_value=-0.00693488 0.000230575 -0.00235093 -0.00178352 -0.00209986 0.00206936 0.0030036 -0.00344509 -0.00633308 -0.00998082 0.00158604 0.000106941 -0.000891817 0.00346678
internal_weight=342783 281730 117196 114717 113855 164534 140738 92549 47983 32851 15132 60594 56469 23930
internal_count=342783 281730 117196 114717 113855 164534 140738 92549 47983 32851 15132 60594 56469 23930
is_linear=0
shrinkage=0.04


Tree=86
num_leaves=15
num_cat=0
split_feature=3 2 14 11 12 13 11 10 12 12 2 13 15 11
split_gain=50485.3 825.037 1012.54 549.279 1884.99 814.28 754.76 788.992 561.222 534.143 504.952 502.623 666.461 504.535
threshold=1.0000000180025095e-35 93.887699000000012 0.23320872121670802 5.9425295340715829 71.938918597338471 520.88873726602321 1.3360176991178438 -2.4091956278057887 64.256727418544173 76.17587639200174 56.360086500000008 254.05081887727795 4.8872795136250327 28.915883159140424
decision_type=2 2 2 2 2 2 2 2 2 2 2 2 2 2
left_child=-1 2 3 5 -5 6 7 8 -2 -7 -6 -3 13 -13
right_child=1 11 -4 4 10 9 -8 -9 -10 -11 -12 12 -14 -15
leaf_value=-0.0037108175224091688 0.00047279692818580799 -0.0033224561699272859 -0.01968934301764369 -0.003832719649384515 0.0061474865101117746 0.0017748280271977547 0.00027058164772425286 -0.00020049554387739478 -0.023687273425946193 -0.0090878702402497069 -0.00093633717308192475 0.0074485331605414771 9.7495427589469055e-05 -0.0027859227966096091
leaf_weight=61065 1063 9980 1263 9458 1074 4953 17811 7537 3452 618 30284 59498 124374 10794
leaf_count=61065 1063 9980 1263 9458 1074 4953 17811 7537 3452 618 30284 59498 124374 10794
internal_value=-0.00702352 0.000113269 -0.00340124 -0.00281285 -0.00597609 0.00083084 -0.00178817 -0.00951875 -0.022742 0.0148699 -0.00125518 0.00144445 0.00189329 0.00500654
internal_weight=343224 282159 77513 76250 40816 35434 29863 12052 4515 5571 31358 204646 194666 70292
internal_count=343224 282159 77513 76250 40816 35434 29863 12052 4515 5571 31358 204646 194666 70292
is_linear=0
shrinkage=0.04


Tree=87
num_leaves=15
num_cat=0
split_feature=3 2 13 11 12 13 11 10 12 2 2 0 12 14
split_gain=50529.7 792.865 1018.28 517.921 1762.83 682.108 724.191 794.171 531.282 464.025 457.302 480.602 707.962 477.26
threshold=1.0000000180025095e-35 93.887699000000012 688.62798463473371 6.1513424798844056 71.938918597338471 520.88873726602321 1.3360176991178438 -2.4091956278057887 64.256727418544173 56.360086500000008 243.45156850000004 17.152884245269508 114.08900968988115 0.21785094171797917
decision_type=2 2 2 2 2 2 2 2 2 2 2 2 2 2
left_child=-1 2 3 5 -5 6 7 8 -2 -6 11 13 -13 -3
right_child=1 10 -4 4 9 -7 -8 -9 -10 -11 -12 12 -14 -15
leaf_value=-0.0035623848215128005 0.00036621380793715018 0.00082115666601370086 -0.018915158884340286 -0.0040263558873791898 0.005969783127912489 0.001310399943355911 0.00026731428887033281 -0.00015828964850808091 -0.022800121462907372 -0.00097430496674962182 0.031281993660281414 -0.0057567381875465399 0.006484977866636734 -0.0062632241846010996
leaf_weight=61017 1067 176179 1271 9116 1053 5736 18444 7555 3464 30014 4401 1048 13318 9482
leaf_count=61017 1067 176179 1271 9116 1053 5736 18444 7555 3464 30014 4401 1048 13318 9482
internal_value=-0.00699384 0.000144038 -0.0032949 -0.00270455 -0.00583232 0.000761043 -0.00161677 -0.00922721 -0.0224674 -0.00129398 0.00145146 0.00117084 0.00821941 0.000625441
internal_weight=343165 282148 77720 76449 40183 36266 30530 12086 4531 31067 204428 200027 14366 185661
internal_count=343165 282148 77720 76449 40183 36266 30530 12086 4531 31067 204428 200027 14366 185661
is_linear=0
shrinkage=0.04


Tree=88
num_leaves=15
num_cat=0
split_feature=3 12 11 12 11 13 1 9 12 15 3 0 0 10
split_gain=50479.5 653.968 941.696 990.908 662.56 621.981 555.992 547.051 718.517 694.581 499.187 603.733 495.492 951.88
threshold=1.0000000180025095e-35 94.398052865036433 7.26571138511967 69.793861984601449 1.0000000180025095e-35 434.15911543596184 48.233628755306249 8.9862194845691259e-05 75.103632509834227 2.7549546101249835 16.677115000000004 21.459226760983807 6.1496032365703437 14.794582000000002
decision_type=2 2 2 2 2 2 2 2 2 2 2 2 2 2
left_child=-1 2 4 -4 7 12 10 8 -2 -9 -7 -12 13 -3
right_child=1 5 3 -5 -6 6 -8 9 -10 -11 11 -13 -14 -15
leaf_value=-0.0034198894286522831 -0.0013146422547807379 -0.0022423436937454044 -0.0063581366636978201 -0.0018049211760078165 0.00027778843625733576 0.0080611797730308875 0.0055088615301777154 -0.029050198807288263 -0.043005019562474177 0.0065252400704344021 -0.0024471348832249616 0.00428696420941791 0.0052889323172282589 0.0060446971343288605
leaf_weight=61124 4655 45453 5930 18271 31134 8191 2899 2124 2147 4865 67970 6353 35839 46173
leaf_count=61124 4655 45453 5930 18271 31134 8191 2899 2124 2147 4865 67970 6353 35839 46173
internal_value=-0.00704577 9.70199e-05 -0.00328328 -0.00964423 0.00014335 0.00119467 -0.00144662 -0.00715539 -0.0152308 0.000703963 -0.00205153 -0.00308437 0.00296458 0.00140484
internal_weight=343128 282004 69126 24201 44925 212878 85413 13791 6802 6989 82514 74323 127465 91626
internal_count=343128 282004 69126 24201 44925 212878 85413 13791 6802 6989 82514 74323 127465 91626
is_linear=0
shrinkage=0.04


Tree=89
num_leaves=15
num_cat=0
split_feature=3 2 14 13 13 10 0 11 14 12 11 12 1 3
split_gain=50272.2 714.545 974.579 448.122 645.751 585.776 705.437 532.183 469.874 425.969 679.121 412.3 400.442 400.355
threshold=1.0000000180025095e-35 75.91323850000002 0.23320872121670802 254.05081887727795 315.69819775805632 15.323421000000002 7.2934269622954853 7.9754082586999093 0.1905102278130846 95.370509599845136 15.764699149665697 115.73751031970069 50.094042576617085 5.6557625000000007
decision_type=2 2 2 2 2 2 2 2 2 2 2 2 2 2
left_child=-1 2 9 8 5 6 -5 -8 -3 10 -2 -10 -6 -12
right_child=1 3 -4 4 12 -7 7 -9 11 -11 13 -13 -14 -15
leaf_value=-0.003283093851506198 -0.00027823931826446822 6.7320020057526358e-05 -0.018060714817353496 -0.00020430751079292264 5.7774856341457075e-05 0.023732379990276869 -0.079588724338450864 0.01116902820401767 -0.02650639434560282 0.0049306302399046058 0.064701441661591808 -0.0029629621968939503 0.0060581107998949136 -0.0084691575123180315
leaf_weight=60954 38297 5941 1270 23293 178470 9295 295 8034 1172 3795 320 3200 2307 6420
leaf_count=60954 38297 5941 1270 23293 178470 9295 295 8034 1172 3795 320 3200 2307 6420
internal_value=-0.00705841 5.91261e-05 -0.00427288 0.000994625 0.00137379 0.00591148 0.00331668 0.0133077 -0.00715602 -0.0033732 -0.00445767 -0.0171089 0.000346726 -0.0161662
internal_weight=343063 282109 50102 232007 221694 40917 31622 8329 10313 48832 45037 4372 180777 6740
internal_count=343063 282109 50102 232007 221694 40917 31622 8329 10313 48832 45037 4372 180777 6740
is_linear=0
shrinkage=0.04


Tree=90
num_leaves=15
num_cat=0
split_feature=3 2 13 13 15 15 12 1 13 12 10 10 0 3
split_gain=50284.7 704.253 978.761 443.762 628.782 507.15 425.888 410.474 412.46 636.486 563.43 969.423 650.251 618.098
threshold=1.0000000180025095e-35 75.91323850000002 688.62798463473371 254.05081887727795 5.0983766455000117 4.033176384499968 115.73751031970069 39.971094195042362 437.10312914365767 81.672276809400373 -17.99138232948626 15.001092000000002 6.0962982818823752 24.764214500000005
decision_type=2 2 2 2 2 2 2 2 2 2 2 2 2 2
left_child=-1 2 -2 5 -5 6 -3 8 10 -10 12 -12 13 -6
right_child=1 3 -4 4 7 -7 -8 -9 9 -11 11 -13 -14 -15
leaf_value=-0.0031517700974459475 -0.00048452596181741469 -0.02522697467712539 -0.017318754974659355 0.0037866752415426108 0.01404939605007679 0.0010446887955743011 -0.0036078593630995792 0.0027934731682287633 0.00055735152039504193 -0.0024664974734339928 -0.004864047328800517 0.013812261686256898 0.010554290079830782 -0.0048364032631682992
leaf_weight=60948 48815 1178 1272 86194 5040 5003 4123 11499 11162 57611 20342 13667 10527 5176
leaf_count=60948 48815 1178 1272 86194 5040 5003 4123 11499 11162 57611 20342 13667 10527 5176
internal_value=-0.00705763 7.20147e-05 -0.00422864 0.00100241 0.00138036 -0.0071118 -0.0157329 -0.000323498 -0.000996397 -0.00305876 0.0015941 -0.00157488 0.00678976 -0.000399374
internal_weight=342557 281609 50087 231522 221218 10304 5301 135024 123525 68773 54752 34009 20743 10216
internal_count=342557 281609 50087 231522 221218 10304 5301 135024 123525 68773 54752 34009 20743 10216
is_linear=0
shrinkage=0.04


Tree=91
num_leaves=15
num_cat=0
split_feature=3 2 13 3 11 12 3 10 13 2 10 2 13 2
split_gain=50322.5 642.041 1017.42 463.198 490.65 1194.69 734.55 645.801 565.482 738.987 447.345 540.813 504.081 413.228
threshold=1.0000000180025095e-35 93.887699000000012 688.62798463473371 4.7699140000000009 7.5077242088305125 71.938918597338471 17.217610500000003 -8.2432360382702665 477.47418470492562 62.253736500000009 99.543951500000006 229.41312400000001 228.57383096747418 90.608795000000015
decision_type=2 2 2 2 2 2 2 2 2 2 2 2 2 2
left_child=-1 2 3 -2 6 -6 8 -8 9 -5 11 -3 -12 -9
right_child=1 10 -4 4 5 -7 7 13 -10 -11 12 -13 -14 -15
leaf_value=-0.0030256992935481009 0.0011035574859903719 0.00096814100028772996 -0.016645488341957167 -0.00056584315156598568 -0.0056768212132583297 -0.0014369210661192434 -0.0008051625800615447 0.00087831832068050451 0.00082666019989463991 -0.027518677157180413 -0.043335932798384581 0.022370931470642771 -0.0037282389815154948 -0.0016064128405114575
leaf_weight=61153 5757 178610 1251 13705 6491 27254 3039 13558 3815 2142 630 6939 17985 502
leaf_count=61153 5757 178610 1251 13705 6491 27254 3039 13558 3815 2142 630 6939 17985 502
internal_value=-0.00710963 3.09573e-05 -0.00306835 -0.00248141 -0.0033722 -0.00685494 -0.000175186 0.00588806 -0.00544807 -0.00877642 0.00120766 0.00180071 -0.00470373 0.00950213
internal_weight=342831 281678 77514 76263 70506 33745 36761 17099 19662 15847 204164 185549 18615 14060
internal_count=342831 281678 77514 76263 70506 33745 36761 17099 19662 15847 204164 185549 18615 14060
is_linear=0
shrinkage=0.04


Tree=92
num_leaves=15
num_cat=0
split_feature=3 12 14 8 11 8 11 12 0 9 10 11 14 1
split_gain=50230.3 513.437 533.699 595.542 556.54 524.551 716.598 812.469 497.145 479.769 478.243 452.739 786.383 490.259
threshold=1.0000000180025095e-35 188.20484891871121 0.21850692549482056 0.90051379664996067 3.7704841648137415 0.99991759885668807 1.0000000180025095e-35 75.673451521909598 20.491957735995118 0.00039916205454187953 206.67637150000004 26.062983276929504 0.21021760849986634 17.922689042481398
decision_type=2 2 2 2 2 2 2 2 2 2 2 2 2 2
left_child=-1 2 5 4 -4 10 7 -7 -6 -5 11 -2 13 -13
right_child=1 -3 3 9 8 6 -8 -9 -10 -11 -12 12 -14 -15
leaf_value=-0.0029046713218061804 0.0013599810820565494 0.023819243211656682 -0.0061117861942162803 -0.012046684510103378 -0.006011218660566287 -0.0011994393277157478 -0.00029110682545651522 -0.049524095131224917 0.017584426442783293 0.0078994378054958181 -0.054147676014741943 -0.0050940895010887655 0.0023993480965503132 -0.00050044809610089169
leaf_weight=61065 124829 5099 5646 360 4547 4649 54200 2364 263 1350 2654 16981 15711 43411
leaf_count=61065 124829 5099 5646 360 4547 4649 54200 2364 263 1350 2654 16981 15711 43411
internal_value=-0.00710788 1.30467e-05 -0.000218511 -0.00841032 -0.0119893 0.000157856 -0.00308889 -0.0151205 -0.0219875 0.0134737 0.00113407 0.00135688 -0.00107486 -0.00314876
internal_weight=343129 282064 276965 12166 10456 264799 61213 7013 4810 1710 203586 200932 76103 60392
internal_count=343129 282064 276965 12166 10456 264799 61213 7013 4810 1710 203586 200932 76103 60392
is_linear=0
shrinkage=0.04


Tree=93
num_leaves=15
num_cat=0
split_feature=3 12 11 12 13 10 3 13 13 3 0 3 10 3
split_gain=50027 483.22 789.427 876.903 593.581 630.537 585.444 891.257 512.526 487.207 421.995 779.871 579.42 774.088
threshold=1.0000000180025095e-35 94.398052865036433 7.5077242088305125 69.793861984601449 477.47418470492562 -4.9297621330224226 17.074353500000004 228.57383096747418 532.72427705584789 4.9999920000000015 13.195681502934224 14.867888000000002 14.794582000000002 17.317719000000004
decision_type=2 2 2 2 2 2 2 2 2 2 2 2 2 2
left_child=-1 2 4 -4 5 -2 -7 -8 10 -5 12 -12 -3 -14
right_child=1 8 3 9 -6 6 7 -9 -10 -11 11 -13 13 -15
leaf_value=-0.0027884844689339337 -0.021166107757044195 -0.00073558099474523074 -0.0062059943800727617 0.013583843981450485 0.00069355258384210753 -0.00068092403086980721 -0.054505338053224793 0.00087352602537675854 -0.0017055982553718519 -0.0024398025190278273 0.068926709736867556 0.0029375896311896101 0.018383300637878311 0.0026051241786959035
leaf_weight=61040 2136 94947 5620 1815 14923 18191 659 9656 29564 16089 1372 22347 9023 55819
leaf_count=61040 2136 94947 5620 1815 14923 18191 659 9656 29564 16089 1372 22347 9023 55819
internal_value=-0.0071656 -6.25175e-05 -0.0029695 -0.00892025 0.00010271 -0.00308335 -0.00151266 0.00609985 0.000880078 -0.00459339 0.0016675 0.00664615 0.000928474 0.00384319
internal_weight=343201 282161 69089 23524 45565 30642 28506 10315 213072 17904 183508 23719 159789 64842
internal_count=343201 282161 69089 23524 45565 30642 28506 10315 213072 17904 183508 23719 159789 64842
is_linear=0
shrinkage=0.04


Tree=94
num_leaves=15
num_cat=0
split_feature=3 2 15 2 3 2 13 15 15 0 1 11 12 11
split_gain=50113.3 545.545 1106.42 1171.22 415.325 549.103 515.331 542.078 520.801 535.374 435.359 422.458 994.508 689.1
threshold=1.0000000180025095e-35 50.679939000000012 1.9769870124999758 1.0000000180025095e-35 4.7699140000000009 95.084911500000018 254.05081887727795 4.033176384499968 4.8872795136250327 11.835709622056227 4.3332749764619463 7.5077242088305125 70.707341700519052 1.3360176991178438
decision_type=2 2 2 2 2 2 2 2 2 2 2 2 2 2
left_child=-1 2 -2 -4 10 11 7 -7 9 -8 -3 13 -13 -6
right_child=1 4 3 -5 5 6 8 -9 -10 -11 -12 12 -14 -15
leaf_value=-0.0026769450901765702 -0.017323675575000745 0.00054777105739307614 1.8474174682745486 -0.0038778769217458378 -0.0013638019172631034 -0.0065238028431392966 0.0038318498715599249 0.00081938436324972114 -5.7427795402240631e-05 0.017421529188468995 0.026947250245919398 -0.0057578565655165949 -0.0013714910450198137 0.00029550520899855213
leaf_weight=60962 1803 4613 879 1124 12197 4924 65699 4704 123631 3921 1296 5606 28778 23088
leaf_count=60962 1803 4613 879 1124 12197 4924 65699 4704 123631 3921 1296 5606 28778 23088
internal_value=-0.00711149 -8.361e-06 -0.0150499 0.00541188 0.00019723 -3.02332e-05 0.00102189 -0.00800997 0.00147187 0.00423901 0.0106888 -0.00309406 -0.00624942 -1.92716e-05
internal_weight=343225 282263 3806 2003 278457 272548 202879 9628 193251 69620 5909 69669 34384 35285
internal_count=343225 282263 3806 2003 278457 272548 202879 9628 193251 69620 5909 69669 34384 35285
is_linear=0
shrinkage=0.04


Tree=95
num_leaves=15
num_cat=0
split_feature=3 2 11 2 1 3 11 12 3 10 9 1 3 11
split_gain=50134.1 548.107 1130.04 420.003 409.436 1266.18 513.983 850.958 654.515 864.827 672.148 554.789 938.65 601.066
threshold=1.0000000180025095e-35 50.679939000000012 3.1914367458909028 243.45156850000004 28.967737477359464 26.632885000000005 26.615634586949692 84.228785320503292 23.833615000000005 -22.764843068715525 0.44824150920901401 13.580872296670831 14.762376500000002 6.1513424798844056
decision_type=2 2 2 2 2 2 2 2 2 2 2 2 2 2
left_child=-1 2 -2 4 6 -6 11 -8 9 -9 -11 13 -13 -3
right_child=1 3 -4 -5 5 -7 7 8 -10 10 -12 12 -14 -15
leaf_value=-0.0025698672865695116 0.69757188925020308 0.00027052597983560743 -0.015080893346922579 0.027193980996763189 0.075906179485817057 0.00090306368394308778 -0.023080159091580132 0.034481516643509472 -0.0029346186560528843 0.0062380035847095618 -0.0069283652597154615 0.055475262601844266 0.0017778690119532403 -0.0014404760569886443
leaf_weight=61106 1335 114323 2483 4383 2287 29072 2250 4222 27452 10960 13105 2000 26614 41378
leaf_count=61106 1335 114323 2483 4383 2287 29072 2250 4222 27452 10960 13105 2000 26614 41378
internal_value=-0.00715444 -3.37752e-05 -0.0150864 0.000172921 -2.38249e-05 0.00427692 -0.000580428 -0.00386487 -0.00289133 0.00137873 -0.0015508 0.00045292 0.0055721 -0.000487858
internal_weight=342970 281864 3818 278046 273663 31359 242304 57989 55739 28287 24065 184315 28614 155701
internal_count=342970 281864 3818 278046 273663 31359 242304 57989 55739 28287 24065 184315 28614 155701
is_linear=0
shrinkage=0.04


Tree=96
num_leaves=15
num_cat=0
split_feature=3 2 15 2 2 1 3 3 1 3 0 15 3 11
split_gain=49963.7 681.112 916.561 1392.25 421.115 553.16 940.318 601.111 552.859 664.72 571.486 543.504 452.014 442.122
threshold=1.0000000180025095e-35 50.679939000000012 1.9769870124999758 1.0000000180025095e-35 151.67577350000002 20.193954872192652 23.621754500000005 4.7699140000000009 25.084036865475465 19.442300000000003 10.385824906529669 6.3215550291249807 84.708372000000011 32.34062997368212
decision_type=2 2 2 2 2 2 2 2 2 2 2 2 2 2
left_child=-1 2 -2 -4 5 7 8 -3 9 -7 -11 -6 13 -8
right_child=1 4 3 -5 11 6 12 -9 -10 10 -12 -13 -14 -15
leaf_value=-0.002467072595106732 -0.015963558491951916 0.0014711323454424652 1.7455254257118396 -0.027865829408189404 0.0047261542910115037 0.071665670231811238 0.0019764171594544291 -0.0007014862739911854 0.072377779912584192 -0.0063185156702675483 0.040620719843207954 -0.011665168183961221 0.0034495226065407183 -0.0014916687589548328
leaf_weight=60922 1791 5902 864 1141 65806 1439 12765 128739 2476 3426 1156 14483 5451 36388
leaf_count=60922 1791 5902 864 1141 65806 1439 12765 128739 2476 3426 1156 14483 5451 36388
internal_value=-0.00715241 -5.18048e-05 -0.0168809 0.00169576 0.000177966 -0.00081399 0.00227635 -0.00226231 0.0146546 0.00811161 0.000663466 0.00262103 0.000350157 -0.000861799
internal_weight=342749 281827 3796 2005 278031 197742 63101 134641 8497 6021 4582 80289 54604 49153
internal_count=342749 281827 3796 2005 278031 197742 63101 134641 8497 6021 4582 80289 54604 49153
is_linear=0
shrinkage=0.04


Tree=97
num_leaves=15
num_cat=0
split_feature=3 2 15 2 2 0 3 12 13 3 9 2 12 15
split_gain=50144.2 521.201 1089.44 1178.6 369.432 392.87 870.421 647.25 514.823 393.179 554.318 608.31 780.275 539.579
threshold=1.0000000180025095e-35 50.679939000000012 1.9769870124999758 1.0000000180025095e-35 243.45156850000004 13.195681502934224 14.867888000000002 118.63441803135275 268.7841962257441 4.7699140000000009 1.9412628510684374e-05 56.360086500000008 68.965179711525153 7.1807784224999844
decision_type=2 2 2 2 2 2 2 2 2 2 2 2 2 2
left_child=-1 2 -2 -4 5 9 -7 -8 -9 -3 11 12 13 -11
right_child=1 4 3 -5 -6 6 7 8 -10 10 -12 -13 -14 -15
leaf_value=-0.0023683896913024682 -0.015264534127127369 0.0013816163575543427 1.6748721943278972 -0.026672727784041658 0.026239837066981977 0.064102425869967325 -0.0032933710239219315 0.023875392184953527 0.0026221362893875033 4.7210833632025386e-05 5.1492461005961942e-05 -0.0038646685313197173 0.0018598519724463448 -0.0021429618501613667
leaf_weight=61100 1796 5926 886 1126 4374 1402 6083 789 22528 9923 192957 27126 4066 2933
leaf_count=61100 1796 5926 886 1126 4374 1402 6083 789 22528 9923 192957 27126 4066 2933
internal_value=-0.00714873 -2.8803e-05 -0.0147269 0.00548708 0.000172452 -1.18364e-05 0.00424388 0.00277551 0.00580692 -0.000551432 -0.00080589 -0.0048547 0.0010968 -0.00373367
internal_weight=343015 281915 3808 2012 278107 273733 30802 29400 23317 242931 237005 44048 16922 12856
internal_count=343015 281915 3808 2012 278107 273733 30802 29400 23317 242931 237005 44048 16922 12856
is_linear=0
shrinkage=0.04


Tree=98
num_leaves=15
num_cat=0
split_feature=3 2 15 3 2 15 1 3 1 3 0 3 1 3
split_gain=50179.9 441.571 1282.43 366.904 380.826 468.419 448.292 986.16 533.411 609.367 528.255 488.222 422.427 395.219
threshold=1.0000000180025095e-35 50.679939000000012 4.4222012862499875 265.98459150000002 153.53181450000002 8.1718748551249707 20.348367335660281 23.621754500000005 25.084036865475465 19.442300000000003 14.864545309709969 4.7699140000000009 4.3332749764619463 84.708372000000011
decision_type=2 2 2 2 2 2 2 2 2 2 2 2 2 2
left_child=-1 2 -2 4 6 -6 11 8 9 -8 -11 12 -3 -9
right_child=1 3 -4 -5 5 -7 7 13 -10 10 -12 -13 -14 -15
leaf_value=-0.0022736541036503691 -0.015618966266070587 0.00039340671144552533 0.53580052062951777 -0.10243465356928061 0.0042968600059816887 -0.018687664660697597 0.070863394591698464 -0.00039037823760859961 0.07055143367368906 -0.0046980403064244679 0.056342552667069161 -0.00060750291210605485 0.025259987892139648 0.0030859309836438011
leaf_weight=61000 2680 4605 1187 994 70483 6915 1377 49053 2580 3636 819 131254 1276 5418
leaf_count=61000 2680 4605 1187 994 70483 6915 1377 49053 2580 3636 819 131254 1276 5418
internal_value=-0.00710155 7.79376e-06 -0.0134161 0.000194246 0.000281166 0.00266363 -0.000640742 0.00215575 0.0149025 0.00820302 0.00101459 -0.00192307 0.00935215 0.000187256
internal_weight=343277 282277 3867 278410 277416 77398 200018 62883 8412 5832 4455 137135 5881 54471
internal_count=343277 282277 3867 278410 277416 77398 200018 62883 8412 5832 4455 137135 5881 54471
is_linear=0
shrinkage=0.04


Tree=99
num_leaves=15
num_cat=0
split_feature=3 2 11 2 15 3 2 15 1 3 1 3 0 3
split_gain=50181.9 762.33 888.132 498.036 514.508 373.321 352.648 471.158 423.004 969.38 481.017 544.504 532.108 447.134
threshold=1.0000000180025095e-35 50.679939000000012 2.7139520951640588 1.0000000180025095e-35 1.7043119987500008 265.98459150000002 151.67577350000002 8.1718748551249707 20.348367335660281 23.437602000000002 24.91141636566007 19.968183000000003 13.869650725072646 4.6771720000000014
decision_type=2 2 2 2 2 2 2 2 2 2 2 2 2 2
left_child=-1 2 3 4 -2 6 8 -8 13 10 11 -10 -13 -3
right_child=1 5 -4 -5 -6 -7 7 -9 9 -11 -12 12 -14 -15
leaf_value=-0.002182707939504347 -0.84885491644861599 0.0014622989199857539 -0.015346180195383816 -0.047805279719961014 1.5025212566885566 -0.10122749095491049 0.0041898643166130766 -0.017416886513600752 0.057537761252296094 0.00010109988346510488 0.068052840113038277 -0.006282845245857923 0.055906113379904906 -0.00055646679336767595
leaf_weight=61083 249 4908 2562 308 737 1003 72438 7230 1627 54573 2514 3041 758 130259
leaf_count=61083 249 4908 2562 308 737 1003 72438 7230 1627 54573 2514 3041 758 130259
internal_value=-0.00712797 -1.28983e-05 -0.0176763 0.00933539 0.0232049 0.000231794 0.000319887 0.00256665 -0.000585593 0.00213524 0.015194 0.00849244 0.000200053 -0.00184394
internal_weight=343290 282207 3856 1294 986 278351 277348 79668 197680 62513 7940 5426 3799 135167
internal_count=343290 282207 3856 1294 986 278351 277348 79668 197680 62513 7940 5426 3799 135167
is_linear=0
shrinkage=0.04


Tree=100
num_leaves=15
num_cat=0
split_feature=3 2 11 2 15 13 15 3 1 3 11 12 3 1
split_gain=50025.6 716.56 815.809 504.52 498.454 373.344 558.136 561.276 373.931 921.358 432.086 804.715 535.999 844.208
threshold=1.0000000180025095e-35 50.679939000000012 2.8783554158840707 1.0000000180025095e-35 1.7043119987500008 254.05081887727795 3.6189290200000106 111.02737750000001 29.630160656986757 26.332772000000002 26.351565834530238 72.33505040213511 24.217695500000001 22.832956710090524
decision_type=2 2 2 2 2 2 2 2 2 2 2 2 2 2
left_child=-1 2 3 4 -2 -3 7 -7 10 -10 -8 -12 13 -13
right_child=1 5 -4 -5 -6 6 8 -9 9 -11 11 12 -14 -15
leaf_value=-0.0020953996219241766 -0.81490071979067136 -0.0029094105901634171 -0.014650374216816503 -0.04591528482309512 1.4432013953633498 0.004324024822342132 8.670177083953235e-05 -0.0087771287959782628 0.080701088638216525 0.00098144574466474399 -0.023824976608558285 -0.0021021031665871886 -0.0027738125062723462 0.030841735469733386
leaf_weight=60981 254 12344 2505 340 718 36657 139791 2501 1482 26537 1162 24084 28931 4778
leaf_count=60981 254 12344 2505 340 718 36657 139791 2501 1482 26537 1162 24084 28931 4778
internal_value=-0.00714815 -4.62274e-05 -0.0172596 0.00829268 0.022963 0.00018989 0.00050556 0.00491547 -0.000255948 0.0040701 -0.000865829 -0.00373777 -0.00307511 0.000781651
internal_weight=343065 282084 3817 1312 972 278267 265923 39158 226765 28019 198746 58955 57793 28862
internal_count=343065 282084 3817 1312 972 278267 265923 39158 226765 28019 198746 58955 57793 28862
is_linear=0
shrinkage=0.04


Tree=101
num_leaves=15
num_cat=0
split_feature=3 2 15 2 12 0 3 12 13 11 12 3 10 3
split_gain=49808.3 694.319 765.928 1512.12 355.659 382.372 778.464 608.051 474.11 391.722 1259.18 561.189 565.815 1314.71
threshold=1.0000000180025095e-35 50.679939000000012 1.9769870124999758 1.0000000180025095e-35 188.20484891871121 13.195681502934224 14.762376500000002 118.63441803135275 268.7841962257441 7.5077242088305125 70.707341700519052 4.7699140000000009 -27.461008466387582 24.949934000000002
decision_type=2 2 2 2 2 2 2 2 2 2 2 2 2 2
left_child=-1 2 -2 -4 5 9 -7 -8 -9 -3 -11 -12 13 -13
right_child=1 4 3 -5 -6 6 7 8 -10 10 11 12 -14 -15
leaf_value=-0.0020115836370472096 -0.012984704554540337 0.00023269523914979829 1.4695410622647118 -0.042978252728460571 0.020294067207032411 0.062827942844209728 -0.0030491206567918551 0.022760114465577845 0.0025864478320443973 -0.0053470205119548007 0.019862508537544957 0.080450402900528337 -0.0016660727961723438 0.0003146484000658517
leaf_weight=61004 1815 119766 873 1138 5089 1292 6095 778 22615 5836 2134 2184 85970 26420
leaf_count=61004 1815 119766 873 1138 5089 1292 6095 778 22615 5836 2134 2184 85970 26420
internal_value=-0.00722768 -0.000138295 -0.0170622 -5.96718e-05 9.44715e-05 -0.000100773 0.00409877 0.00276723 0.00569914 -0.000634229 -0.00222418 -0.00131748 -0.00169602 0.00317718
internal_weight=343009 282005 3826 2011 278179 273090 30780 29488 23393 242310 122544 116708 114574 28604
internal_count=343009 282005 3826 2011 278179 273090 30780 29488 23393 242310 122544 116708 114574 28604
is_linear=0
shrinkage=0.04


Tree=102
num_leaves=15
num_cat=0
split_feature=3 2 11 2 15 10 2 15 0 3 1 11 12 1
split_gain=49907.8 679.612 747.329 486.947 473.382 349.183 341.706 434.402 426.957 680.879 761.767 667.439 912.184 634.691
threshold=1.0000000180025095e-35 50.679939000000012 2.8783554158840707 1.0000000180025095e-35 1.7043119987500008 265.01004050000006 151.67577350000002 8.1718748551249707 4.627593588804241 14.339457000000001 12.823182854241368 5.9425295340715829 66.32693985139305 17.922689042481398
decision_type=2 2 2 2 2 2 2 2 2 2 2 2 2 2
left_child=-1 2 3 4 -2 6 8 -8 11 10 -10 -3 -13 -11
right_child=1 5 -4 -5 -6 -7 7 -9 9 13 -12 12 -14 -15
leaf_value=-0.0019311202915653248 -0.78178530281686298 0.00012752786251635229 -0.01362784536405794 -0.042166276702574106 1.3255816325663796 -0.095009304340709616 0.0040133106455673582 -0.016742879251687173 0.0033268154383777615 -0.0010709984291228337 0.04136564176651062 -0.0032629333170195274 -0.0024153323583979746 0.0012142162587303806
leaf_weight=60954 253 42109 2502 341 712 1006 72431 7195 7759 42718 2380 4742 42304 55626
leaf_count=60954 253 42109 2502 341 712 1006 72431 7195 7759 42718 2380 4742 42304 55626
internal_value=-0.00717834 -8.59337e-05 -0.0168697 0.00765697 0.0221762 0.000143745 0.000229096 0.00244141 -0.000662221 0.0010232 0.0108926 -0.00271303 -0.00598733 5.6943e-06
internal_weight=343032 282078 3808 1306 965 278270 277264 79626 197638 108483 10139 89155 47046 98344
internal_count=343032 282078 3808 1306 965 278270 277264 79626 197638 108483 10139 89155 47046 98344
is_linear=0
shrinkage=0.04


Tree=103
num_leaves=15
num_cat=0
split_feature=3 2 15 2 13 10 3 15 0 3 1 9 13 3
split_gain=50048.5 568.82 623.548 1492.65 358.657 462.172 1125.05 810.378 603.972 699.914 920.296 661.976 516.308 483.126
threshold=1.0000000180025095e-35 50.679939000000012 1.9769870124999758 1.0000000180025095e-35 254.05081887727795 15.001092000000002 17.317719000000004 0.88182971749998285 4.627593588804241 14.339457000000001 13.433531347558459 1.7008279179775435e-05 540.80167428207517 18.943767500000003
decision_type=2 2 2 2 2 2 2 2 2 2 2 2 2 2
left_child=-1 2 -2 -4 -3 8 7 -7 -6 10 -10 -11 13 -8
right_child=1 4 3 -5 5 6 12 -9 9 11 -12 -13 -14 -15
leaf_value=-0.0018538754799027047 -0.011502207104915528 -0.0029509290926226523 1.3577361544714679 -0.039572471551219186 -0.00068498568987253707 -0.008047644645432471 -0.044970371912186544 0.035780173469097676 0.0040568137221266105 -0.0032941706266768765 0.055990753045813621 0.00060131965525185734 -0.022792534404597688 0.0057423813936427056
leaf_weight=61014 1790 12288 870 1145 83758 706 1934 6830 8528 18156 2311 85507 6357 51423
leaf_count=61014 1790 12288 870 1145 83758 706 1934 6830 8528 18156 2311 85507 6357 51423
internal_value=-0.0071561 -3.99143e-05 -0.0154008 -0.000138958 0.000170484 0.000479681 0.00334513 0.0179087 -0.000492283 0.00139596 0.0110674 0.000384708 0.00150718 0.00279101
internal_weight=342617 281603 3805 2015 277798 265510 67250 7536 198260 114502 10839 103663 59714 53357
internal_count=342617 281603 3805 2015 277798 265510 67250 7536 198260 114502 10839 103663 59714 53357
is_linear=0
shrinkage=0.04


Tree=104
num_leaves=15
num_cat=0
split_feature=3 2 11 2 15 3 2 1 14 11 1 3 12 3
split_gain=50065.7 563.91 684.649 477.943 484.586 358.141 341.444 310.594 338.869 368.505 498.951 677.669 414.602 399.922
threshold=1.0000000180025095e-35 50.679939000000012 2.8783554158840707 1.0000000180025095e-35 1.7043119987500008 265.98459150000002 256.37603750000005 50.094042576617085 0.19825011245603297 26.615634586949692 14.17382587953041 14.985901500000002 83.616244136701155 14.227187500000001
decision_type=2 2 2 2 2 2 2 2 2 2 2 2 2 2
left_child=-1 2 3 4 -2 6 7 8 9 10 -3 -12 -11 -14
right_child=1 5 -4 -5 -6 -7 -8 -9 -10 12 11 -13 13 -15
leaf_value=-0.0017797204607065886 -0.75005380241999176 0.00034932678900226669 -0.012540722641519687 -0.039051707237985303 1.2147381788973657 -0.091668122271180014 0.038583951625631129 0.0054303048951707322 -0.0003976675534254276 -0.020507024937647857 0.054990430642970177 0.0040275022937403017 0.01735708172804646 -0.0020363889010017637
leaf_weight=60994 248 75600 2520 331 722 990 2147 2329 145376 1143 1416 19561 3698 25895
leaf_count=60994 248 75600 2520 331 722 990 2147 2329 145376 1143 1416 19561 3698 25895
internal_value=-0.00714022 -3.23432e-05 -0.0152944 0.00827056 0.022433 0.000177311 0.000263092 0.000139045 1.48154e-05 0.0015216 0.00273564 0.00819374 -0.00229308 -0.00138006
internal_weight=342970 281976 3821 1301 970 278155 277165 275018 272689 127313 96577 20977 30736 29593
internal_count=342970 281976 3821 1301 970 278155 277165 275018 272689 127313 96577 20977 30736 29593
is_linear=0
shrinkage=0.04


Tree=105
num_leaves=15
num_cat=0
split_feature=3 2 15 2 13 15 3 15 3 0 3 13 12 1
split_gain=49928.3 567.005 570.263 1402.41 340.422 431.577 533.394 395.705 372.765 331.266 682.396 562.181 436.08 351.925
threshold=1.0000000180025095e-35 50.679939000000012 1.9769870124999758 1.0000000180025095e-35 254.05081887727795 3.6189290200000106 107.35688550000002 4.033176384499968 4.9407805000000007 13.195681502934224 14.762376500000002 268.7841962257441 118.63441803135275 48.233628755306249
decision_type=2 2 2 2 2 2 2 2 2 2 2 2 2 2
left_child=-1 2 -2 -4 7 6 -6 8 -3 13 -11 -12 -13 -7
right_child=1 4 3 -5 5 9 -8 -9 -10 10 11 12 -14 -15
leaf_value=-0.0017085316422783237 -0.010658964875385273 0.015568591934755167 1.2752540250144757 -0.036427504399651013 0.004184238118608961 -0.00031711004088901928 -0.0080237620452826217 0.00010687923672189292 -0.006553957447256527 0.053473620225538358 0.021674864262090466 -0.0028843448251462569 0.00227231838713483 0.0044174745650451298
leaf_weight=60830 1816 576 872 1117 36159 193254 2921 6573 5174 1195 794 6088 22431 3025
leaf_count=60830 1816 576 872 1117 36159 193254 2921 6573 5174 1195 794 6088 22431 3025
internal_value=-0.00713309 -4.32632e-05 -0.0153798 -0.000583208 0.000166505 0.000467753 0.00435005 -0.00633287 -0.0139965 -0.000201246 0.00367641 0.00246853 0.00154423 -0.000803958
internal_weight=342825 281995 3805 1989 278190 265867 39080 12323 5750 226787 30508 29313 28519 196279
internal_count=342825 281995 3805 1989 278190 265867 39080 12323 5750 226787 30508 29313 28519 196279
is_linear=0
shrinkage=0.04


Tree=106
num_leaves=15
num_cat=0
split_feature=3 2 11 2 15 3 2 0 3 10 3 15 11 11
split_gain=49977.5 553.82 562.246 426.109 446.807 326.693 304.325 297.091 321.542 320.082 1204.18 670.736 605.439 627.426
threshold=1.0000000180025095e-35 50.679939000000012 2.8783554158840707 1.0000000180025095e-35 1.7043119987500008 265.98459150000002 256.37603750000005 20.491957735995118 24.023130000000002 15.323421000000002 17.317719000000004 0.88182971749998285 1.0000000180025095e-35 3.4827076581443257
decision_type=2 2 2 2 2 2 2 2 2 2 2 2 2 2
left_child=-1 2 3 4 -2 6 7 9 -9 12 11 -11 -3 -14
right_child=1 5 -4 -5 -6 -7 -8 8 -10 10 -12 -13 13 -15
leaf_value=-0.001640190376587185 -0.7196252917281768 -0.0043458963571106858 -0.011548509622406833 -0.035984379242031336 1.1123255895077864 -0.086398896022340313 0.036385648302637269 0.070261460883117369 0.0026831139650735432 -0.0085420110297932256 0.00071246429336931701 0.037740592957856693 0.00065913220404743454 -0.0003331557305737576
leaf_weight=60972 254 18831 2476 330 714 993 2130 753 8364 562 64997 5468 16542 159699
leaf_count=60972 254 18831 2476 330 714 993 2130 753 8364 562 64997 5468 16542 159699
internal_value=-0.00716079 -6.33789e-05 -0.0152835 0.00604006 0.0194215 0.000142991 0.00022499 0.000108424 0.00720851 -0.000134837 0.00216425 0.0192637 -0.000971949 -0.00024353
internal_weight=343085 282113 3774 1298 968 278339 277346 275216 9117 266099 71027 6030 195072 176241
internal_count=343085 282113 3774 1298 968 278339 277346 275216 9117 266099 71027 6030 195072 176241
is_linear=0
shrinkage=0.04


Tree=107
num_leaves=15
num_cat=0
split_feature=3 2 11 3 14 2 0 3 13 11 11 12 3 10
split_gain=49891.7 593.941 524.373 319.246 305.415 304.603 286.774 724.732 543.802 400.069 398.324 1166.43 533.925 532.801
threshold=1.0000000180025095e-35 50.679939000000012 1.0000000180025095e-35 265.98459150000002 0.18833545407785626 266.48847950000004 13.195681502934224 14.762376500000002 268.7841962257441 15.149089708341217 7.5077242088305125 66.650939029413493 4.7699140000000009 -15.38224765110736
decision_type=2 2 2 2 2 2 2 2 2 2 2 2 2 2
left_child=-1 2 4 5 -2 6 10 -8 -9 -10 -3 -12 -13 -14
right_child=1 3 -4 -5 -6 -7 7 8 9 -11 11 12 13 -15
leaf_value=-0.0015745827615237041 -0.16601669526380555 0.00030943312064147578 -0.011257491838466756 -0.087541183319160581 1.2572166273643341 0.043614902766329164 0.053549615389100656 0.020759065776749876 -0.0118692895945232 0.0013284659691943856 -0.0058448028502000237 0.018128009458143062 0.00031555749187182512 -0.0021691844141015571
leaf_weight=60976 479 121065 2932 971 396 1096 1328 788 1137 27653 3702 2279 69834 48514
leaf_count=60976 479 121065 2932 971 396 1096 1328 788 1137 27653 3702 2279 69834 48514
internal_value=-0.00718963 -9.95131e-05 -0.015792 0.0001151 0.0113829 0.000195244 0.000111763 0.00374296 0.00244506 0.00154776 -0.000345567 -0.00193583 -0.0012571 -0.00162639
internal_weight=343150 282174 3807 278367 875 277396 276300 30906 29578 28790 245394 124329 120627 118348
internal_count=343150 282174 3807 278367 875 277396 276300 30906 29578 28790 245394 124329 120627 118348
is_linear=0
shrinkage=0.04


Tree=108
num_leaves=15
num_cat=0
split_feature=3 2 11 14 13 13 0 10 10 13 3 10 13 12
split_gain=49926.7 588.056 502.801 315.219 304.897 430.264 388.901 540.479 647.364 369.323 368.48 432.72 474.612 348.809
threshold=1.0000000180025095e-35 50.679939000000012 1.0000000180025095e-35 0.18833545407785626 254.05081887727795 320.70751591614822 8.9370927515367793 -1.9414575435658772 -16.799569055007964 266.16836799851399 15.218046500000002 17.343880000000002 266.16836799851399 195.28990291382939
decision_type=2 2 2 2 2 2 2 2 2 2 2 2 2 2
left_child=-1 2 3 -2 -3 6 7 8 -6 -8 -9 12 -12 -7
right_child=1 4 -4 -5 5 13 9 10 -10 -11 11 -13 -14 -15
leaf_value=-0.0015115994510627572 -0.15937602745325335 -0.0026922497920129984 -0.010840971309215207 1.204733587180717 0.0032320591770009701 -0.00017147774132981742 0.017809915884041808 -0.000113945976830232 -0.0052104533948050501 0.0039118801094834964 -0.0047885883114489047 0.0093528620063061847 0.0079716168333274235 0.046930639859675181
leaf_weight=61055 485 12305 2910 388 11205 207702 1956 9024 12559 5137 898 11309 4849 975
leaf_count=61055 485 12305 2910 388 11205 207702 1956 9024 12559 5137 898 11309 4849 975
internal_value=-0.00720802 -0.000100816 -0.0157653 0.0108591 0.000112407 0.000397569 0.00347964 0.00223257 -0.00213095 0.0122431 0.00620859 0.00966698 0.0186045 -0.000443365
internal_weight=342757 281702 3783 873 277919 265614 56937 49844 23764 7093 26080 17056 5747 208677
internal_count=342757 281702 3783 873 277919 265614 56937 49844 23764 7093 26080 17056 5747 208677
is_linear=0
shrinkage=0.04


Tree=109
num_leaves=15
num_cat=0
split_feature=3 2 15 2 3 2 1 15 0 10 3 15 3 13
split_gain=49918.6 587.048 491.406 1176.44 304.745 287.873 268.04 293.513 556.613 511.4 755.141 695.536 472.627 500.731
threshold=1.0000000180025095e-35 50.679939000000012 1.9769870124999758 1.0000000180025095e-35 265.98459150000002 266.48847950000004 50.094042576617085 6.532326244750025 13.195681502934224 15.001092000000002 17.317719000000004 0.88182971749998285 18.590320000000002 254.05081887727795
decision_type=2 2 2 2 2 2 2 2 2 2 2 2 2 2
left_child=-1 2 -2 -4 5 6 7 8 9 -3 11 -11 -12 -14
right_child=1 4 3 -5 -6 -7 -8 -9 -10 10 12 -13 13 -15
leaf_value=-0.0014511354730202442 -0.009091357267637613 -0.00033339644104636525 1.1266238757732288 -0.032507767997060136 -0.084929928293723866 0.04086191977917128 0.0051621112164975027 -0.00054111854841576434 0.0058524813050128558 -0.0080211643809692031 -0.055236792544676644 0.036407361566354518 -0.00312845386302817 0.006626813471597384
leaf_weight=61043 1793 112815 879 1120 1006 1101 2312 93857 14077 689 1402 5700 6526 38841
leaf_count=61043 1793 112815 879 1120 1006 1101 2312 93857 14077 689 1402 5700 6526 38841
internal_value=-0.00720257 -0.000106055 -0.0157384 -0.00210105 0.000106925 0.000186644 0.000105279 -9.2002e-06 0.000936184 0.000288481 0.00352308 0.016422 0.001761 0.00246787
internal_weight=343161 282118 3792 1999 278326 277320 276219 273907 180050 165973 53158 6389 46769 45367
internal_count=343161 282118 3792 1999 278326 277320 276219 273907 180050 165973 53158 6389 46769 45367
is_linear=0
shrinkage=0.04


Tree=110
num_leaves=15
num_cat=0
split_feature=7 2 11 12 10 2 1 11 12 1 11 15 12 2
split_gain=49891.8 659.022 456.281 312.713 283.484 274.976 245.297 290.363 865.718 470.367 467.262 656.111 566.97 397.367
threshold=1.0000000180025095e-35 50.679939000000012 1.0000000180025095e-35 87.679771099656548 265.01004050000006 266.48847950000004 52.473616316427979 26.615634586949692 84.228785320503292 14.047789027387667 7.5077242088305125 4.8610385727500338 63.456023130809839 61.429630500000009
decision_type=2 2 2 2 2 2 2 2 2 2 2 2 2 2
left_child=-1 2 3 -2 5 6 7 9 -9 10 -3 -12 -13 -14
right_child=1 4 -4 -5 -6 -7 -8 8 -10 -11 11 12 13 -15
leaf_value=-0.001393090054099435 -0.13336678520049369 0.00029846581971464836 -0.0099473856704135593 1.3040668854880801 -0.075928429421505669 0.038129096060506455 0.0067044896501187359 -0.020399153759497565 -0.00067660583504698831 0.0031280877694035746 0.0018691286283575349 -0.0050273584156502165 0.0046388391011514506 -0.0026121293320010919
leaf_weight=61027 544 120897 2940 347 1009 1076 1549 2255 82522 29868 11559 1878 2991 22779
leaf_count=61027 544 120897 2940 347 1009 1076 1549 2255 82522 29868 11559 1878 2991 22779
internal_value=-0.00720532 -0.000113673 -0.016591 0.00848485 0.000113082 0.000190068 0.000111474 2.19837e-05 -0.00192458 0.000890658 3.09799e-05 -0.00376361 -0.00710938 -0.00556306
internal_weight=343241 282214 3831 891 278383 277374 276298 274749 84777 189972 160104 39207 27648 25770
internal_count=343241 282214 3831 891 278383 277374 276298 274749 84777 189972 160104 39207 27648 25770
is_linear=0
shrinkage=0.04


Tree=111
num_leaves=15
num_cat=0
split_feature=3 2 15 2 3 2 1 3 15 0 10 10 15 2
split_gain=50072.6 647.216 413.794 1020 294.671 285.922 268.563 1012.66 359.139 615.974 555.508 830.643 630.137 450.414
threshold=1.0000000180025095e-35 50.679939000000012 1.9769870124999758 1.0000000180025095e-35 265.98459150000002 256.37603750000005 29.362923655631509 26.163754000000001 6.532326244750025 13.195681502934224 15.323421000000002 16.963303500000006 0.88182971749998285 56.360086500000008
decision_type=2 2 2 2 2 2 2 2 2 2 2 2 2 2
left_child=-1 2 -2 -4 5 6 8 -8 9 10 13 12 -12 -3
right_child=1 4 3 -5 -6 -7 7 -9 -10 -11 11 -13 -14 -15
leaf_value=-0.0013373664519354556 -0.0083298075501155831 0.0003384768268308136 1.0617585983765003 -0.030772736893983587 -0.079106158882829056 0.029609750137900778 0.077729487153874358 0.00077047599036307005 -0.00073507008002374977 0.0062906435773379147 -0.008668534285809066 0.0020543680816421262 0.038902943449028449 -0.0014515735749813174
leaf_weight=61112 1825 15380 858 1134 997 2145 1678 28168 74237 13738 478 47249 3891 90249
leaf_count=61112 1825 15380 858 1134 997 2145 1678 28168 74237 13738 478 47249 3891 90249
internal_value=-0.00717482 -6.19799e-05 -0.0164213 -0.00381526 0.000162467 0.000240537 0.000127096 0.00370971 -0.000308945 0.000699711 -9.9207e-06 0.00339107 0.0200778 -0.00167189
internal_weight=343139 282027 3817 1992 278210 277213 275068 29846 245222 170985 157247 51618 4369 105629
internal_count=343139 282027 3817 1992 278210 277213 275068 29846 245222 170985 157247 51618 4369 105629
is_linear=0
shrinkage=0.04


Tree=112
num_leaves=15
num_cat=0
split_feature=3 2 11 12 2 1 3 11 12 3 1 8 1 3
split_gain=49948.2 613.807 428.138 307.933 285.598 258.06 976.259 515.238 644.6 667.244 650.357 672.903 425.036 1038
threshold=1.0000000180025095e-35 50.679939000000012 1.0000000180025095e-35 87.679771099656548 256.37603750000005 29.362923655631509 26.163754000000001 28.726521098090895 84.228785320503292 24.217695500000001 23.534904422336457 0.55434441988076011 14.047789027387667 14.985901500000002
decision_type=2 2 2 2 2 2 2 2 2 2 2 2 2 2
left_child=-1 2 3 -2 5 7 -7 12 -9 10 11 -10 -3 -14
right_child=1 4 -4 -5 -6 6 -8 8 9 -11 -12 -13 13 -15
leaf_value=-0.0012838717938580403 -0.11704608905781391 -6.6680059726982317e-05 -0.0088433307626192819 1.2089831215045905 0.028706554476092477 0.074364990317934365 0.00073170119581559526 -0.022795543310069818 -0.0058238948906782382 -0.0032902741898641896 0.033334302669421868 0.0083608586997165578 0.048812364918771077 0.0012994081350134246
leaf_weight=61022 542 162236 2918 344 2174 1702 28098 1758 13487 25285 3833 8777 2011 28844
leaf_count=61022 542 162236 2918 344 2174 1702 28098 1758 13487 25285 3833 8777 2011 28844
internal_value=-0.00718734 -8.72313e-05 -0.0160463 0.008307 0.000130983 1.72444e-05 0.00353289 -0.000408235 -0.00389612 -0.00308123 0.00140553 -0.00121452 0.000551657 0.00485497
internal_weight=343031 282009 3804 886 278205 276031 29800 246231 53140 51382 26097 22264 193091 30855
internal_count=343031 282009 3804 886 278205 276031 29800 246231 53140 51382 26097 22264 193091 30855
is_linear=0
shrinkage=0.04


Tree=113
num_leaves=15
num_cat=0
split_feature=3 2 11 10 10 3 15 11 0 3 11 1 11 1
split_gain=49968.7 611.257 404.984 283.841 283.825 983.562 600.792 583.546 535.983 886.331 809.854 604.334 544.257 560.186
threshold=1.0000000180025095e-35 50.679939000000012 1.0000000180025095e-35 206.67637150000004 15.001092000000002 17.317719000000004 0.88182971749998285 1.0000000180025095e-35 4.627593588804241 14.227187500000001 5.9425295340715829 13.810565561998487 3.8723547147906534 17.922689042481398
decision_type=2 2 2 2 2 2 2 2 2 2 2 2 2 2
left_child=-1 2 -2 4 7 6 -6 -3 10 11 -9 -10 -11 -14
right_child=1 3 -4 -5 5 -7 -8 8 9 12 -12 -13 13 -15
leaf_value=-0.0012325169221037236 0.54683762062781172 -0.0040720279841334594 -0.0084995295090612554 -0.040800727592884826 -0.0073485144701084873 0.00099593660034654093 0.030410474349024989 0.00029374551576111685 0.0070155165850788841 0.0024572697543967605 -0.0023316456252989903 0.056674220871312575 -0.00096228304785160536 0.001300743493196248
leaf_weight=61107 871 19022 2941 3121 707 63455 6874 21734 8642 2145 52365 1794 40222 58256
leaf_count=61107 871 19022 2941 3121 707 63455 6874 21734 8642 2145 52365 1794 40222 58256
internal_value=-0.00720605 -0.000103633 -0.0160126 0.00011425 0.000250276 0.00242806 0.0160454 -0.000507395 0.00017801 0.00193591 -0.00245671 0.0130318 0.000785109 0.000350941
internal_weight=343256 282149 3812 278337 275216 71036 7581 204180 185158 111059 74099 10436 100623 98478
internal_count=343256 282149 3812 278337 275216 71036 7581 204180 185158 111059 74099 10436 100623 98478
is_linear=0
shrinkage=0.04


Tree=114
num_leaves=15
num_cat=0
split_feature=3 2 11 12 13 13 0 10 13 2 13 13 10 14
split_gain=49826.1 629.963 417.448 302.202 261.455 371.593 320.731 441.165 407.514 392.251 356.923 323.008 331.942 508.185
threshold=1.0000000180025095e-35 50.679939000000012 1.0000000180025095e-35 87.679771099656548 254.05081887727795 320.70751591614822 8.9370927515367793 15.323421000000002 289.15636952549113 54.400200000000005 266.16836799851399 313.87503678502748 24.543929500000004 0.1866910279263391
decision_type=2 2 2 2 2 2 2 2 2 2 2 2 2 2
left_child=-1 2 3 -2 -3 6 7 8 -6 -10 -8 -9 -13 -14
right_child=1 4 -4 -5 5 -7 10 11 9 -11 -12 12 13 -15
leaf_value=-0.0011832162452195762 -0.13423775032061383 -0.0025269537066503907 -0.0082127269414229882 1.1386756763407788 -0.0020428757132887475 -0.00012826819344473605 0.016419912115666308 0.018850602873927685 0.0026401630491354132 0.0015246641289362278 0.0035325296364108463 -0.026763045751383059 -0.0025845112345919087 0.064631389155088551
leaf_weight=60973 539 12332 2949 338 21423 209185 1969 7202 1381 11965 5124 2759 3264 1838
leaf_count=60973 539 12332 2949 338 21423 209185 1969 7202 1381 11965 5124 2759 3264 1838
internal_value=-0.00720928 -0.000126121 -0.0162467 0.00798176 9.53879e-05 0.00035925 0.00322459 0.00209183 -0.000385401 0.00510115 0.0111829 0.00780987 0.00220328 0.00824775
internal_weight=343241 282268 3826 877 278442 266110 56925 49832 34769 13346 7093 15063 7861 5102
internal_count=343241 282268 3826 877 278442 266110 56925 49832 34769 13346 7093 15063 7861 5102
is_linear=0
shrinkage=0.04


Tree=115
num_leaves=15
num_cat=0
split_feature=3 2 3 10 13 10 3 15 0 3 1 9 10 9
split_gain=49935.7 597.765 374.559 266.075 478.2 467.686 833.688 566.595 457.377 588.553 720.344 592.823 606.609 477.113
threshold=1.0000000180025095e-35 50.679939000000012 30.000227500000005 99.543951500000006 228.57383096747418 15.323421000000002 17.317719000000004 0.88182971749998285 4.627593588804241 14.122505500000003 13.810565561998487 1.7008279179775435e-05 -7.7672745276740116 0.17777739418329105
decision_type=2 2 2 2 2 2 2 2 2 2 2 2 2 2
left_child=-1 2 -2 5 -5 8 7 -7 -3 10 -10 -11 -13 -14
right_child=1 3 -4 4 -6 6 -8 -9 9 11 -12 12 13 -15
leaf_value=-0.0011358875954107894 -0.0078590395609943447 -0.00057722840957836758 1.5680088782501844 -0.041161688042508471 -0.003641200238458393 -0.0078033238569050313 0.0028815879368225997 0.032640959182416794 0.0044964665658016227 -0.0030346865243206177 0.057371140160668833 0.00033609971275281756 0.0034756401803666018 -0.0007295779912125333
leaf_weight=61075 3631 89828 183 684 18210 563 47750 5893 9096 18597 1669 81208 3892 941
leaf_count=61075 3631 89828 183 684 18210 563 47750 5893 9096 18597 1669 81208 3892 941
internal_value=-0.00720681 -0.000108171 -0.0158364 0.000107354 -0.00447549 0.000441109 0.00374571 0.0172367 -0.000431709 0.00123428 0.0101403 0.000318049 0.00171779 0.0154852
internal_weight=343220 282145 3814 278331 18894 259437 54206 6456 205231 115403 10765 104638 86041 4833
internal_count=343220 282145 3814 278331 18894 259437 54206 6456 205231 115403 10765 104638 86041 4833
is_linear=0
shrinkage=0.04


Tree=116
num_leaves=15
num_cat=0
split_feature=3 2 11 12 3 12 2 3 1 1 13 11 12 3
split_gain=49829.1 586.714 402.475 310.203 250.918 245.972 237.325 240.359 413.501 229.572 376.556 355.011 663.538 607.461
threshold=1.0000000180025095e-35 50.679939000000012 1.0000000180025095e-35 87.679771099656548 265.98459150000002 120.59619360405789 266.48847950000004 4.7699140000000009 4.565384883537658 39.971094195042362 546.33133908632681 28.726521098090895 84.228785320503292 25.183847000000004
decision_type=2 2 2 2 2 2 2 2 2 2 2 2 2 2
left_child=-1 2 3 -2 6 -6 7 8 -3 11 -11 -9 -13 -14
right_child=1 4 -4 -5 5 -7 -8 9 -10 10 -12 12 13 -15
leaf_value=-0.0010904520915943649 -0.12855387872534951 0.00039782332437985349 -0.0075757772980125804 1.1471098662574173 -0.089686219113520538 0.088427613809393332 0.033956456005110873 0.00016475789657177442 0.030084002424746851 0.0064206910675570963 -0.0010406505792364652 -0.021752253817812407 0.0019449192060652411 -0.0025806100727430691
leaf_weight=61014 539 4914 2913 340 808 184 1074 190614 957 7370 4131 1761 29946 36375
leaf_count=61014 539 4914 2913 340 808 184 1074 190614 957 7370 4131 1761 29946 36375
internal_value=-0.00722482 -0.000131666 -0.0157595 0.00796359 8.13996e-05 -0.02 0.000153279 8.02701e-05 0.00808721 -9.37094e-05 0.00543605 -0.000339549 -0.00281895 -0.00217548
internal_weight=342940 281926 3792 879 278134 992 277142 276068 5871 270197 11501 258696 68082 66321
internal_count=342940 281926 3792 879 278134 992 277142 276068 5871 270197 11501 258696 68082 66321
is_linear=0
shrinkage=0.04


Tree=117
num_leaves=15
num_cat=0
split_feature=3 0 14 11 3 10 10 14 3 15 3 14 14 11
split_gain=49752.5 266.521 358.422 585.572 306.449 287.559 318.52 633.897 599.813 543.153 406.193 386.967 367.438 457.027
threshold=1.0000000180025095e-35 19.138927147852232 0.21850692549482056 7.9754082586999093 23.437602000000002 206.67637150000004 15.001092000000002 0.21021760849986634 17.317719000000004 0.88182971749998285 18.590320000000002 0.210843859845816 0.19825011245603297 7.5077242088305125
decision_type=2 2 2 2 2 2 2 2 2 2 2 2 2 2
left_child=-1 2 5 -4 -3 6 7 12 9 -8 -10 -9 -2 -14
right_child=1 4 3 -5 -6 -7 8 11 10 -11 -12 -13 13 -15
leaf_value=-0.0010468340079305882 -5.5866177573573592e-05 0.054387359316585726 -7.0185304744412315e-05 -0.0040177167066085852 0.0016992486791180112 -0.040028712659559339 -0.0069563600422523214 0.006772647580215718 -0.050450874246488045 0.026626552832850266 0.0020526055238363219 0.0006316377503336046 0.00024240124260907158 -0.0025510141492278171
leaf_weight=60992 95765 1235 7360 4371 10188 2675 715 2135 1475 6279 57552 26049 16321 49650
leaf_count=60992 95765 1235 7360 4371 10188 2675 715 2135 1475 6279 57552 26049 16321 49650
internal_value=-0.00724468 -0.000154452 -0.000407328 -0.00724576 0.00583034 -9.71324e-05 3.92278e-05 -0.000792755 0.00243256 0.0135087 0.00112017 0.00474312 -0.00175743 -0.00405451
internal_weight=342762 281770 270347 11731 11423 258616 255941 189920 66021 6994 59027 28184 161736 65971
internal_count=342762 281770 270347 11731 11423 258616 255941 189920 66021 6994 59027 28184 161736 65971
is_linear=0
shrinkage=0.04


Tree=118
num_leaves=15
num_cat=0
split_feature=3 2 3 3 15 2 0 13 11 12 1 3 11 12
split_gain=49683.1 561.753 380.601 259.078 250.955 759.959 247.622 278.742 269.539 641.7 388.781 844.856 364.223 638.148
threshold=1.0000000180025095e-35 50.679939000000012 30.000227500000005 265.98459150000002 1.9769870124999758 1.0000000180025095e-35 20.960196277826121 602.77527870826805 28.726521098090895 84.228785320503292 15.053622274816542 15.737071500000001 7.5077242088305125 65.994598321012816
decision_type=2 2 2 2 2 2 2 2 2 2 2 2 2 2
left_child=-1 2 4 6 -2 -6 8 -8 10 -10 12 -12 -3 -14
right_child=1 3 -4 -5 5 -7 7 -9 9 -11 11 -13 13 -15
leaf_value=-0.0010049606476133731 -0.0064388288691106157 0.00025914231416992453 1.3911719740876698 -0.068947622317704294 0.78626737597983154 -0.027980716004308192 0.0053707550114066747 -0.0042615768157001797 -0.020219647836661522 -0.00088105228302826218 0.042112169731840815 0.0014978779080858917 -0.0048346117794974223 -0.00078490630332419544
leaf_weight=60959 1767 122215 188 991 703 1127 7674 687 1775 71132 1627 26982 2908 42205
leaf_count=60959 1767 122215 188 991 703 1127 7674 687 1775 71132 1627 26982 2908 42205
internal_value=-0.00725491 -0.00017604 -0.0154822 3.22075e-05 -0.018382 -0.008 0.000105193 0.00688434 -0.000105637 -0.00218196 0.000666949 0.00497606 -6.9803e-05 -0.00314144
internal_weight=342940 281981 3785 278196 3597 1830 277205 8361 268844 72907 195937 28609 167328 45113
internal_count=342940 281981 3785 278196 3597 1830 277205 8361 268844 72907 195937 28609 167328 45113
is_linear=0
shrinkage=0.04


Tree=119
num_leaves=15
num_cat=0
split_feature=3 2 11 12 3 12 2 3 1 10 3 11 12 3
split_gain=49827.9 548.976 379.184 305.246 240.371 237.031 232.648 235.82 373.907 249.315 1111.89 379.379 584.428 482.274
threshold=1.0000000180025095e-35 50.679939000000012 1.0000000180025095e-35 87.679771099656548 265.98459150000002 120.59619360405789 266.48847950000004 4.6771720000000014 4.6526963536025594 -28.480280787746775 24.949934000000002 28.726521098090895 84.228785320503292 23.833615000000005
decision_type=2 2 2 2 2 2 2 2 2 2 2 2 2 2
left_child=-1 2 3 -2 6 -6 7 8 -3 10 -9 -11 -13 -14
right_child=1 4 -4 -5 5 -7 -8 9 -10 11 -12 12 13 -15
leaf_value=-0.00096476222170883475 -0.13380627834166287 0.00044674750527759602 -0.0064706981082968268 1.0161728406089083 -0.084732924705982246 0.090968765651408462 0.032712976136259328 0.0836517472545351 0.033563361171598784 8.5780717301724428e-05 0.00067923988906902651 -0.019681444923233555 0.00092764030996553629 -0.0029993493181128717
leaf_weight=61065 532 4220 2918 338 800 176 1085 1669 721 187769 31474 1786 25104 23217
leaf_count=61065 532 4220 2918 338 800 176 1085 1669 721 187769 31474 1786 25104 23217
internal_value=-0.00724254 -0.000144353 -0.0152693 0.00790805 6.1722e-05 -0.0197541 0.000131531 5.88491e-05 0.00871888 -9.90336e-05 0.00315119 -0.000551884 -0.0036442 -0.00281368
internal_weight=342874 281809 3788 870 278021 976 277045 275960 4941 271019 33143 237876 50107 48321
internal_count=342874 281809 3788 870 278021 976 277045 275960 4941 271019 33143 237876 50107 48321
is_linear=0
shrinkage=0.04


Tree=120
num_leaves=15
num_cat=0
split_feature=3 2 11 12 10 3 10 2 0 12 12 1 3 10
split_gain=49824.6 544.477 374.367 319.831 243.526 229.514 350.523 242.271 364.878 388.371 341.713 340.885 871.72 398.609
threshold=1.0000000180025095e-35 50.679939000000012 1.0000000180025095e-35 87.679771099656548 206.67637150000004 4.6771720000000014 -4.0510793982098869 151.67577350000002 7.8041674845215185 118.63441803135275 80.913399387439497 20.665267794611633 23.437602000000002 -25.701568461398811
decision_type=2 2 2 2 2 2 2 2 2 2 2 2 2 2
left_child=-1 2 3 -2 5 6 -3 11 9 10 -9 -7 13 -13
right_child=1 4 -4 -5 -6 7 -8 8 -10 -11 -12 12 -14 -15
leaf_value=-0.00092617173284047281 -0.12976729435106335 0.020027501978445304 -0.0062572309713914455 1.0050620499080101 -0.034823273118887312 -0.00042653810891402077 0.00016312765527812801 -0.0046071498046370207 0.013029765202467632 0.00080834895405000216 0.049951351442193294 0.067654715893218073 -8.5548404104429649e-06 0.01311527156713419
leaf_weight=61067 540 1422 2936 340 3102 131782 3513 998 2744 71455 2321 1805 53741 5446
leaf_count=61067 540 1422 2936 340 3102 131782 3513 998 2744 71455 2321 1805 53741 5446
internal_value=-0.00724077 -0.000150419 -0.0151572 0.00772727 5.53302e-05 0.000180942 0.00872948 2.4862e-05 0.00191336 0.00138765 0.0147635 -0.000734539 0.00173793 0.0147566
internal_weight=343212 282145 3816 880 278329 275227 4935 270292 77518 74774 3319 192774 60992 7251
internal_count=343212 282145 3816 880 278329 275227 4935 270292 77518 74774 3319 192774 60992 7251
is_linear=0
shrinkage=0.04


Tree=121
num_leaves=15
num_cat=0
split_feature=3 2 11 12 13 2 12 13 0 10 10 0 11 14
split_gain=49884.4 528.078 377.042 321.363 246.847 361.205 347.839 336.307 313.436 389.553 579.453 339.4 335.717 388.724
threshold=1.0000000180025095e-35 50.679939000000012 1.0000000180025095e-35 87.679771099656548 254.05081887727795 59.025802500000005 97.975667108242831 320.70751591614822 8.9370927515367793 -1.9414575435658772 -16.799569055007964 1.0362236843277521 13.001410683821291 0.17495902990765722
decision_type=2 2 2 2 2 2 2 2 2 2 2 2 2 2
left_child=-1 2 3 -2 5 -3 -7 8 9 10 -6 -11 -10 -14
right_child=1 4 -4 -5 7 6 -8 -9 12 11 -12 -13 13 -15
leaf_value=-0.00088912486352684891 -0.12457660257702059 0.0072839493590028418 -0.0059218167630533712 0.93532344498823194 0.0031832411457340462 -0.025272847796445709 -0.0017782410531035399 -0.00012654341789330114 -0.066212337413346617 0.0026712374956473182 -0.0046701576073301969 0.00205082544069775 -0.00020865628455100983 0.01271456569922929
leaf_weight=61087 546 1036 2912 341 11238 1990 9294 208820 225 23664 12551 2373 2459 4409
leaf_count=61087 546 1036 2912 341 11238 1990 9294 208820 225 23664 12551 2373 2459 4409
internal_value=-0.00723043 -0.000128292 -0.0149408 0.00789177 7.4085e-05 -0.00546104 -0.00753633 0.0003307 0.00305627 0.00193634 -0.00176384 0.00531705 0.0109234 0.0124985
internal_weight=342945 281858 3799 887 278059 12320 11284 265739 56919 49826 23789 26037 7093 6868
internal_count=342945 281858 3799 887 278059 12320 11284 265739 56919 49826 23789 26037 7093 6868
is_linear=0
shrinkage=0.04


Tree=122
num_leaves=15
num_cat=0
split_feature=3 2 3 12 12 14 13 15 3 15 3 10 0 3
split_gain=49696.7 534.786 381.015 250.557 608.48 314.139 247.204 380.191 376.28 318.065 512.794 288.283 245.326 312.057
threshold=1.0000000180025095e-35 50.679939000000012 30.000227500000005 141.01073205385424 86.139120408631655 0.19147089776619294 254.05081887727795 4.033176384499968 4.9407805000000007 3.6189290200000106 111.02737750000001 129.33800550000004 19.518945400842693 23.437602000000002
decision_type=2 2 2 2 2 2 2 2 2 2 2 2 2 2
left_child=-1 2 3 4 5 -2 7 8 -3 10 -8 -9 -11 -14
right_child=1 6 -4 -5 -6 -7 9 11 -10 12 -12 -13 13 -15
leaf_value=-0.00085355986898576935 -0.035440933702287229 0.014476474168805065 1.2172299553074732 -0.0037498763347381114 0.0070276064044905344 0.025707149203628321 0.003232954085487778 -0.00021825800126615391 -0.0059998662360716453 -0.00018258237630353947 -0.0086855852957675606 0.041434422955926219 0.058736062462724184 0.0017336709366304623
leaf_weight=60991 1643 580 191 859 727 391 36670 6231 5166 215952 2518 382 1004 9665
leaf_count=60991 1643 580 191 859 727 391 36670 6231 5166 215952 2518 382 1004 9665
internal_value=-0.00726058 -0.000179162 -0.0150617 -0.0179669 -0.0120971 -0.0233235 2.47333e-05 -0.0055053 -0.0130317 0.000281857 0.00360927 0.00103433 -0.00029353 0.00562752
internal_weight=342970 281979 3811 3620 2761 2034 278168 12359 5746 265809 39188 6613 226621 10669
internal_count=342970 281979 3811 3620 2761 2034 278168 12359 5746 265809 39188 6613 226621 10669
is_linear=0
shrinkage=0.04


Tree=123
num_leaves=15
num_cat=0
split_feature=7 2 11 12 2 10 13 11 12 1 11 12 15 2
split_gain=49664.5 526.232 376.457 313.319 239.687 224.255 344.688 340.215 621.27 410.112 383.057 581.346 419.125 545.915
threshold=1.0000000180025095e-35 50.679939000000012 1.0000000180025095e-35 87.679771099656548 266.48847950000004 -39.444830345300794 546.33133908632681 28.726521098090895 84.228785320503292 14.047789027387667 7.5077242088305125 65.994598321012816 4.8610385727500338 59.732263500000009
decision_type=2 2 2 2 2 2 2 2 2 2 2 2 2 2
left_child=-1 2 3 -2 5 6 -3 9 -9 10 -7 -12 -13 -14
right_child=1 4 -4 -5 -6 7 -8 8 -10 -11 11 12 13 -15
leaf_value=-0.00081941747422634495 -0.12062182444208475 0.0059039044781946937 -0.0050902169316165667 0.88142543116743977 0.031410321656193646 0.00020658332572078166 -0.00095887778696770066 -0.019008180549324179 -0.0012204186502611481 0.002287402613725651 -0.0046141449555108949 0.0016817633952139843 0.0082367574703069036 -0.0024030867859743421
leaf_weight=60977 529 7911 2940 346 1109 121650 4312 1777 65851 33890 2889 11949 1939 24700
leaf_count=60977 529 7911 2940 346 1109 121650 4312 1777 65851 33890 2889 11949 1939 24700
internal_value=-0.00726869 -0.000185953 -0.014941 0.00809143 1.65481e-05 -5.77893e-05 0.0052393 -0.000302443 -0.00275034 0.000537822 -0.000294004 -0.00361357 -0.00231782 -0.0051098
internal_weight=342769 281792 3815 875 277977 276868 12223 264645 67628 197017 163127 41477 38588 26639
internal_count=342769 281792 3815 875 277977 276868 12223 264645 67628 197017 163127 41477 38588 26639
is_linear=0
shrinkage=0.04


Tree=124
num_leaves=15
num_cat=0
split_feature=3 2 3 12 14 12 10 13 10 3 15 0 3 1
split_gain=49642.3 530.511 380.196 251.627 635.278 338.371 238.458 507.674 473.289 661.073 493.014 462.232 606.919 700.397
threshold=1.0000000180025095e-35 50.679939000000012 30.000227500000005 141.01073205385424 0.19147089776619294 87.679771099656548 95.344537000000017 228.57383096747418 15.323421000000002 17.317719000000004 0.88182971749998285 4.8354618656719568 14.227187500000001 13.810565561998487
decision_type=2 2 2 2 2 2 2 2 2 2 2 2 2 2
left_child=-1 2 3 4 5 -2 8 -8 11 10 -10 -3 13 -13
right_child=1 6 -4 -5 -6 -7 7 -9 9 -11 -12 12 -14 -15
leaf_value=-0.00078664077525729685 -0.033768246484304106 -0.00054554674047125218 1.1333459957078516 -0.0035589122220038407 0.0067247766580950949 0.70640583550862635 -0.02818143918777782 -0.0031681980648088893 -0.0077146232231363682 0.003100383228326804 0.030028331559285561 0.0046724839349061844 9.1415079670738029e-05 0.051884590889826596
leaf_weight=60942 1635 93703 191 863 983 143 774 19065 560 46710 5878 8389 101357 1815
leaf_count=60942 1635 93703 191 863 983 143 774 19065 560 46710 5878 8389 101357 1815
internal_value=-0.0072621 -0.000188892 -0.0150039 -0.0179029 -0.0120101 -0.0262767 1.42318e-05 -0.00421191 0.000338684 0.00370287 0.0157192 -0.000532388 0.00120723 0.0105057
internal_weight=343008 282066 3815 3624 2761 1778 278251 19839 258412 53148 6438 205264 111561 10204
internal_count=343008 282066 3815 3624 2761 1778 278251 19839 258412 53148 6438 205264 111561 10204
is_linear=0
shrinkage=0.04


Tree=125
num_leaves=15
num_cat=0
split_feature=3 2 11 12 1 15 0 3 13 3 10 11 10 13
split_gain=49709.2 526.868 388.85 309.967 222.383 221.541 456.637 370.324 354.545 340.949 374.054 635.108 874.036 470.018
threshold=1.0000000180025095e-35 50.679939000000012 1.0000000180025095e-35 87.679771099656548 52.473616316427979 6.532326244750025 13.195681502934224 15.428962 282.46392299658419 265.98459150000002 14.185998000000003 1.0000000180025095e-35 -4.3065110256922994 254.05081887727795
decision_type=2 2 2 2 2 2 2 2 2 2 2 2 2 2
left_child=-1 2 3 -2 5 6 9 -8 -9 10 11 12 -3 -12
right_child=1 4 -4 -5 -6 -7 7 8 -10 -11 13 -13 -14 -15
leaf_value=-0.00075517514424699788 -0.11483795451175328 -0.034096015233503023 -0.0043778689808043579 0.81428963351722872 0.0061102999068789708 -0.00045427434818955169 0.043545127287663812 0.016882886340580487 0.0024781417120101337 -0.10276852138323538 -0.0027888171687395057 -2.4564075433892718e-05 -0.0031040562920271954 0.0061310035836577726
leaf_weight=61032 550 1942 2952 351 1560 95159 1227 791 12115 507 6521 98881 8555 50985
leaf_count=61032 550 1942 2952 351 1560 95159 1227 791 12115 507 6521 98881 8555 50985
internal_value=-0.00726819 -0.000186603 -0.0148767 0.00812431 1.68198e-05 -6.80924e-05 0.000751416 0.00765584 0.00565938 0.000168468 0.000267971 -0.00110516 -0.0104601 0.0028797
internal_weight=343128 282096 3853 901 278243 276683 181524 14133 12906 167391 166884 109378 10497 57506
internal_count=343128 282096 3853 901 278243 276683 181524 14133 12906 167391 166884 109378 10497 57506
is_linear=0
shrinkage=0.04


Tree=126
num_leaves=15
num_cat=0
split_feature=3 2 3 12 14 12 3 10 13 15 10 3 15 0
split_gain=49748.9 524.73 321.938 253.727 618.21 325.124 219.56 348.925 252.489 474.405 294.843 579.793 506.037 462.706
threshold=1.0000000180025095e-35 50.679939000000012 30.000227500000005 141.44940224244769 0.19147089776619294 87.679771099656548 4.7699140000000009 -4.6383982535655948 254.05081887727795 4.033176384499968 15.001092000000002 17.317719000000004 0.88182971749998285 4.8354618656719568
decision_type=2 2 2 2 2 2 2 2 2 2 2 2 2 2
left_child=-1 2 3 4 5 -2 7 -3 9 -8 13 12 -12 -10
right_child=1 6 -4 -5 -6 -7 8 -9 10 -11 11 -13 -14 -15
leaf_value=-0.00072496813847712006 -0.032283324030616747 0.029274007593913486 1.0553203312810353 -0.0030773517710106545 0.0064804105438745555 0.63265482105302684 -0.0053548194940378577 0.00042353680847591948 -0.00065310407928542257 0.0003401678099658123 -0.0072190930787368315 0.0017036767053580748 0.024570744191918622 0.00037949095840561498
leaf_weight=61036 1652 851 191 865 1009 143 5338 5074 82665 6561 708 59774 6822 110447
leaf_count=61036 1652 851 191 865 1009 143 5338 5074 82665 6561 708 59774 6822 110447
internal_value=-0.00725636 -0.000171854 -0.0148187 -0.0174543 -0.011612 -0.0256936 3.13399e-05 0.00764895 -0.000134403 -0.00583242 0.000125952 0.0024058 0.0128659 -0.000668628
internal_weight=343136 282100 3860 3669 2804 1795 278240 5925 272315 11899 260416 67304 7530 193112
internal_count=343136 282100 3860 3669 2804 1795 278240 5925 272315 11899 260416 67304 7530 193112
is_linear=0
shrinkage=0.04


Tree=127
num_leaves=15
num_cat=0
split_feature=3 2 11 12 3 1 13 15 13 0 13 10 1 0
split_gain=49780 490.398 364.211 288.095 224.683 332.672 244.793 440.627 299.95 304.315 323.222 301.27 533.859 310.25
threshold=1.0000000180025095e-35 50.679939000000012 1.0000000180025095e-35 87.679771099656548 4.7699140000000009 4.3332749764619463 254.05081887727795 4.033176384499968 320.70751591614822 8.9370927515367793 266.16836799851399 -1.9414575435658772 16.821912163015636 1.0362236843277521
decision_type=2 2 2 2 2 2 2 2 2 2 2 2 2 2
left_child=-1 2 3 -2 5 -3 7 -6 9 11 -11 12 -8 -13
right_child=1 4 -4 -5 6 -7 8 -9 -10 10 -12 13 -14 -15
leaf_value=-0.00069596941293802671 -0.1104306764165409 0.00026726780358320211 -0.0038640629980217869 0.81915084589419396 -0.0052190776735838848 0.020118763921962827 -0.0048775556583401068 0.00032482992825213944 -0.00018474512852645119 0.014341899426230667 0.0031793755598021711 0.0023429565313870661 0.003038339038446396 0.0019916038278855199
leaf_weight=61071 539 4610 2932 355 5330 1301 11900 6541 204389 1957 5118 23166 11227 2259
leaf_count=61071 539 4610 2932 355 5330 1301 11900 6541 204389 1957 5118 23166 11227 2259
internal_value=-0.00726208 -0.00016277 -0.0143858 0.00796421 3.31176e-05 0.00774827 -0.000134615 -0.00575183 0.000121839 0.00272601 0.0104763 0.00159664 -0.0017071 0.00460177
internal_weight=342695 281624 3826 894 277798 5911 271887 11871 260016 55627 7075 48552 23127 25425
internal_count=342695 281624 3826 894 277798 5911 271887 11871 260016 55627 7075 48552 23127 25425
is_linear=0
shrinkage=0.04


Tree=128
num_leaves=15
num_cat=0
split_feature=3 2 11 12 2 10 13 10 3 11 12 9 11 12
split_gain=49718.5 481.146 342.048 287.677 229.963 222.341 408.791 358.031 523.593 522.969 597.514 921.233 483.58 711.155
threshold=1.0000000180025095e-35 50.679939000000012 1.0000000180025095e-35 87.679771099656548 266.48847950000004 99.543951500000006 228.57383096747418 15.323421000000002 17.317719000000004 1.0000000180025095e-35 73.722308395712602 5.6379438566456226e-05 3.4827076581443257 66.32693985139305
decision_type=2 2 2 2 2 2 2 2 2 2 2 2 2 2
left_child=-1 2 3 -2 5 7 -7 9 -9 10 -3 -12 -11 -14
right_child=1 4 -4 -5 -6 6 -8 8 -10 12 11 -13 13 -15
leaf_value=-0.00066813063642051423 -0.105683554340348 0.00084527816363555886 -0.0037366611226321567 0.72169208614708791 0.029837118528756524 -0.033409488537573612 -0.0034221653006679125 0.020774257353966687 0.0024173281675802815 0.00064886111665937382 -0.04181827357483494 -0.0047667953912963416 -0.0011847414089078123 3.5034471304140616e-05
leaf_weight=61050 530 5301 2942 351 1082 684 18134 6310 47355 16490 2639 11543 8787 159972
leaf_count=61050 530 5301 2942 351 1082 684 18134 6310 47355 16490 2639 11543 8787 159972
internal_value=-0.00727057 -0.000188005 -0.014282 0.00758229 5.60552e-06 -6.62302e-05 -0.004264 0.000239476 0.00314768 -0.00052283 -0.00675666 -0.0110393 0.000132794 -0.000506047
internal_weight=343170 282120 3823 881 278297 277215 18818 258397 53665 204732 19483 14182 185249 168759
internal_count=343170 282120 3823 881 278297 277215 18818 258397 53665 204732 19483 14182 185249 168759
is_linear=0
shrinkage=0.04


Tree=129
num_leaves=15
num_cat=0
split_feature=3 2 11 12 14 14 0 3 11 12 1 3 3 11
split_gain=49766.9 445.604 360.363 933.103 349.645 293.795 213.255 269.108 248.992 569.968 537.886 876.264 456.465 343.532
threshold=1.0000000180025095e-35 50.679939000000012 21.917080691760781 86.139120408631655 0.19147089776619294 0.23320872121670802 20.960196277826121 24.023130000000002 43.978472892658367 114.8216254795161 27.676360580508462 24.949934000000002 14.654525000000001 28.726521098090895
decision_type=2 2 2 2 2 2 2 2 2 2 2 2 2 2
left_child=-1 2 3 4 -2 -4 8 -8 10 -10 13 -12 -11 -3
right_child=1 6 5 -5 -6 -7 7 -9 9 12 11 -13 -14 -15
leaf_value=-0.00064140541096369575 -0.030637875129468261 8.9854432890383869e-05 3.1459644262730126 0.25614790294716616 0.051431946784951922 -0.0033722937072678859 0.068208939782917533 0.0023869945150535804 -0.021683782982421598 0.059729313017725431 0.074649343756344341 0.001387036342513105 -0.002178437190430134 -0.0024806095542143814
leaf_weight=60996 1653 192929 90 672 435 968 544 7814 1745 1011 1683 17231 21250 33931
leaf_count=60996 1653 192929 90 672 435 968 544 7814 1745 1011 1683 17231 21250 33931
internal_value=-0.00723926 -0.00015208 -0.0137245 -0.00611594 -0.0193103 -0.0335728 3.42276e-05 0.00632687 -0.000160724 -0.00404899 0.000219063 0.0066998 -0.00232335 -0.000321255
internal_weight=342952 281956 3818 2760 2088 1058 278138 8358 269780 24006 245774 18914 22261 226860
internal_count=342952 281956 3818 2760 2088 1058 278138 8358 269780 24006 245774 18914 22261 226860
is_linear=0
shrinkage=0.04


Tree=130
num_leaves=15
num_cat=0
split_feature=3 2 15 2 1 11 12 3 1 3 15 0 12 12
split_gain=49596.5 654.615 931.075 548.465 211.753 246.782 507.006 449.245 396.421 937.329 333.538 459.163 373.419 574.724
threshold=1.0000000180025095e-35 50.679939000000012 1.9769870124999758 1.0000000180025095e-35 50.094042576617085 43.978472892658367 114.8216254795161 35.755554500000009 27.460601142815467 24.764214500000005 6.5080501257500325 13.195681502934224 80.913399387439497 66.32693985139305
decision_type=2 2 2 2 2 2 2 2 2 2 2 2 2 2
left_child=-1 2 -2 -4 5 8 -7 -8 10 -10 11 -3 13 -12
right_child=1 4 3 -5 -6 6 7 -9 9 -11 12 -13 -14 -15
leaf_value=-0.00061574919452514368 -0.0055151636962024499 6.231896419079064e-05 0.69363131549992119 -0.020040059193142234 0.004409472151261121 -0.019548076633984265 0.0043934984929639041 -0.0030479619955620786 0.072340863571781433 0.0011644020193645427 -0.00056129105162929351 0.0060069780532148558 -0.0026393264860856691 0.0008547257304722855
leaf_weight=61003 1795 148161 881 1126 2292 1785 10883 11975 1683 20802 9466 11340 48387 11332
leaf_count=61003 1795 148161 881 1126 2292 1785 10883 11975 1683 20802 9466 11340 48387 11332
internal_value=-0.0072981 -0.000221633 -0.016707 0.00201295 3.73958e-06 -9.68769e-05 -0.00391673 -0.00231341 0.000277898 0.00534579 -0.00022039 0.0007857 -0.00253986 0.00194249
internal_weight=342911 281908 3802 2007 278106 275814 24643 22858 251171 22485 228686 159501 69185 20798
internal_count=342911 281908 3802 2007 278106 275814 24643 22858 251171 22485 228686 159501 69185 20798
is_linear=0
shrinkage=0.04


Tree=131
num_leaves=15
num_cat=0
split_feature=3 2 15 2 11 2 0 12 11 12 1 3 3 11
split_gain=49752.5 660.443 944.914 470.478 256.944 221.732 209.99 269.363 214.915 551.592 491.41 539.137 419.223 302.053
threshold=1.0000000180025095e-35 50.679939000000012 1.9769870124999758 1.0000000180025095e-35 4.3372944220043541 266.48847950000004 20.491957735995118 112.43511840881753 43.978472892658367 114.8216254795161 29.630160656986757 25.704252000000004 14.654525000000001 28.726521098090895
decision_type=2 2 2 2 2 2 2 2 2 2 2 2 2 2
left_child=-1 2 -2 -4 -5 6 8 -8 10 -10 13 -12 -11 -3
right_child=1 5 3 4 -6 -7 7 -9 9 12 11 -13 -14 -15
leaf_value=-0.00059111922674413007 -0.0051854006615596046 8.6816941339948878e-05 0.67077803065336183 -0.082614475348248576 0.0010559811919209851 0.028969085105767737 -0.0045923900535525929 0.0043636366488476351 -0.020038796988567153 0.054709277426366373 0.071978730589481205 0.0018854418120668416 -0.0020144742796748085 -0.0019986318715275336
leaf_weight=61160 1823 192708 859 777 362 1084 571 8526 1733 1014 1091 12325 21236 37812
leaf_count=61160 1823 192708 859 777 362 1084 571 8526 1733 1014 1091 12325 21236 37812
internal_value=-0.00729612 -0.000201333 -0.0167181 0.00228228 -0.0145742 2.56023e-05 -4.50515e-05 0.00593163 -0.000247985 -0.00386107 0.000107241 0.00754919 -0.00216809 -0.000325872
internal_weight=343081 281921 3821 1998 1139 278100 277016 9097 267919 23983 243936 13416 22250 230520
internal_count=343081 281921 3821 1998 1139 278100 277016 9097 267919 23983 243936 13416 22250 230520
is_linear=0
shrinkage=0.04


Tree=132
num_leaves=15
num_cat=0
split_feature=3 2 15 2 11 2 10 3 11 11 12 3 10 0
split_gain=49826.9 633.405 919.027 471.404 249.394 203.907 209.12 352.785 303.882 275.987 621.228 421.473 1100.4 436.238
threshold=1.0000000180025095e-35 50.679939000000012 1.9769870124999758 1.0000000180025095e-35 4.3372944220043541 266.48847950000004 -39.444830345300794 34.999587000000005 37.702874709339319 26.615634586949692 84.228785320503292 24.217695500000001 -25.701568461398811 7.2934269622954853
decision_type=2 2 2 2 2 2 2 2 2 2 2 2 2 2
left_child=-1 2 -2 -4 -5 6 7 -3 -9 -8 -11 12 -12 -14
right_child=1 5 3 4 -6 -7 9 8 -10 10 11 -13 13 -15
leaf_value=-0.00056747445767436845 -0.0050871411218919608 0.10335756153562642 0.63905494165378973 -0.086612779562811396 0.00099743458282961937 0.027810321701537025 0.00015593254696746328 0.0093724850922187325 0.00027138708989134507 -0.015676283865853825 0.056205381130198892 -0.0017130310825305933 -0.004499238468261532 0.0053477997850837023
leaf_weight=61213 1810 531 867 779 360 1074 190925 1797 9793 2241 2511 42086 16057 11203
leaf_count=61213 1810 531 867 779 360 1074 190925 1797 9793 2241 2511 42086 16057 11203
internal_value=-0.00728723 -0.000187211 -0.0163732 0.00227318 -0.0146444 3.47929e-05 -3.26184e-05 0.00510519 0.00364452 -0.000267599 -0.0023396 -0.00169281 0.00194955 -0.000384446
internal_weight=343247 282034 3816 2006 1139 278218 277144 12121 11590 265023 74098 71857 29771 27260
internal_count=343247 282034 3816 2006 1139 278218 277144 12121 11590 265023 74098 71857 29771 27260
is_linear=0
shrinkage=0.04


Tree=133
num_leaves=15
num_cat=0
split_feature=3 2 15 2 11 3 15 2 3 10 1 3 11 0
split_gain=49764.4 580.592 933.779 437.205 236.257 213.895 226.03 192.617 182.9 325.237 208.339 1367.01 456.28 842.229
threshold=1.0000000180025095e-35 50.679939000000012 1.9769870124999758 1.0000000180025095e-35 4.0269225010094809 265.98459150000002 10.466102582375003 266.48847950000004 4.7699140000000009 -4.6383982535655948 21.661286460465369 23.437602000000002 7.5077242088305125 5.0601394259923937
decision_type=2 2 2 2 2 2 2 2 2 2 2 2 2 2
left_child=-1 2 -2 -4 -5 7 -7 8 9 -3 12 -12 -10 -14
right_child=1 5 3 4 -6 6 -8 -9 10 -11 11 -13 13 -15
leaf_value=-0.0005447754793673987 -0.0047744989902215448 0.027425805259490441 0.61594483138998157 -0.075938187199535656 0.00099304234385714455 -0.076134861216773833 0.087321141801615279 0.025648794143150619 0.00023267234877096367 0.00035468473583756934 0.035499827175562493 -0.00014325454816189521 -0.0036089289050729566 4.2774439069170887e-05
leaf_weight=61225 1809 871 876 748 379 811 173 1104 118246 5037 7487 52743 34332 57317
leaf_count=61225 1809 871 876 748 379 811 173 1104 118246 5037 7487 52743 34332 57317
internal_value=-0.00731255 -0.000214093 -0.0157188 0.00309536 -0.0133807 -1.58205e-06 -0.0186179 6.45168e-05 -2.17365e-06 0.00696005 -0.000154447 0.00191931 -0.000749518 -0.0028679
internal_weight=343158 281933 3812 2003 1127 278121 984 277137 276033 5908 270125 60230 209895 91649
internal_count=343158 281933 3812 2003 1127 278121 984 277137 276033 5908 270125 60230 209895 91649
is_linear=0
shrinkage=0.04


Tree=134
num_leaves=15
num_cat=0
split_feature=3 2 15 2 11 3 12 10 15 0 3 13 10 3
split_gain=49763.2 566.545 865.112 410.956 219.02 204.778 213.338 196.827 245.866 354.835 334.164 314.853 312.141 461.486
threshold=1.0000000180025095e-35 50.679939000000012 1.9769870124999758 1.0000000180025095e-35 4.0269225010094809 265.98459150000002 134.09502616074468 -46.302499153206533 6.532326244750025 13.195681502934224 15.428962 282.46392299658419 15.323421000000002 17.317719000000004
decision_type=2 2 2 2 2 2 2 2 2 2 2 2 2 2
left_child=-1 2 -2 -4 -5 7 -7 -3 9 12 -11 -12 -9 -14
right_child=1 5 3 4 -6 6 -8 8 -10 10 11 -13 13 -15
leaf_value=-0.00052298446019269915 -0.0046924406356508895 0.0023571816099116345 0.58766400224571047 -0.080110740892317511 0.00093412286717667217 -0.073296898959378118 0.084905681078281142 -0.0002384444709441258 -0.00046632359890971087 0.041921154284487977 0.015211200058084868 0.0021411094030169466 0.022628985813926191 0.0016463560081010752
leaf_weight=61089 1803 4404 870 758 372 799 179 114065 92132 1238 783 12107 5628 46911
leaf_count=61089 1803 4404 870 758 372 799 179 114065 92132 1238 783 12107 5628 46911
internal_value=-0.00726891 -0.000179685 -0.0155141 0.0026 -0.0133097 2.99016e-05 -0.0182413 9.43491e-05 -4.10461e-05 0.000816236 0.0069026 0.00499612 0.000300113 0.00285122
internal_weight=343138 282049 3803 2000 1130 278246 978 277268 272864 180732 14128 12890 166604 52539
internal_count=343138 282049 3803 2000 1130 278246 978 277268 272864 180732 14128 12890 166604 52539
is_linear=0
shrinkage=0.04


Tree=135
num_leaves=15
num_cat=0
split_feature=7 2 15 12 10 13 10 11 12 8 12 10 15 11
split_gain=49629.4 569.354 826.558 379.569 201.88 366.781 328.086 446.529 522.102 505.725 668.286 443.751 548.113 401.537
threshold=1.0000000180025095e-35 50.679939000000012 1.9769870124999758 96.283177736364067 99.543951500000006 228.57383096747418 15.323421000000002 1.0000000180025095e-35 63.456023130809839 0.99992640879801675 76.17587639200174 17.343880000000002 0.88182971749998285 3.4827076581443257
decision_type=2 2 2 2 2 2 2 2 2 2 2 2 2 2
left_child=-1 2 -2 -4 6 -6 7 8 -3 -10 -11 12 -8 -9
right_child=1 4 3 -5 5 -7 11 13 9 10 -12 -13 -14 -15
leaf_value=-0.00050206508178499479 -0.0045047430102248499 0.0024180893899855248 -0.0049177609596072888 0.94691775183432192 -0.031002902405696649 -0.0032461328927024091 -0.0091473333025168212 0.00060139404066297255 -0.0026775675376640431 -0.0017456248957438624 -0.048195777101058733 0.0024159130776031305 0.025688951539516083 -0.00011933865071061866
leaf_weight=60991 1821 1352 1617 375 684 18142 566 16512 13179 3479 2194 47686 5928 168389
leaf_count=60991 1821 1352 1617 375 684 18142 566 16512 13179 3479 2194 47686 5928 168389
internal_value=-0.00728332 -0.000205445 -0.0155573 0.002249 5.03396e-06 -0.00399448 0.000295428 -0.000435874 -0.00608196 -0.00780395 -0.0177895 0.00306386 0.0128734 0.00018107
internal_weight=342915 281924 3813 1992 278111 18826 259285 205105 20204 18852 5673 54180 6494 184901
internal_count=342915 281924 3813 1992 278111 18826 259285 205105 20204 18852 5673 54180 6494 184901
is_linear=0
shrinkage=0.04


Tree=136
num_leaves=15
num_cat=0
split_feature=7 2 15 2 11 10 11 12 1 15 15 0 11 12
split_gain=49587.4 519.028 776.789 358.178 215.126 186.296 183.436 549.097 432.019 333.128 296.826 415.376 392.128 593.133
threshold=1.0000000180025095e-35 50.679939000000012 1.9769870124999758 1.0000000180025095e-35 4.0269225010094809 206.67637150000004 43.675142614036183 114.8216254795161 27.242625790733182 8.66960060162498 6.3215550291249807 17.152884245269508 7.5077242088305125 66.650939029413493
decision_type=2 2 2 2 2 2 2 2 2 2 2 2 2 2
left_child=-1 2 -2 -4 -5 6 8 -8 10 -10 11 -3 -12 -14
right_child=1 5 3 4 -6 -7 7 -9 9 -11 12 -13 13 -15
leaf_value=-0.00048198247851360065 -0.0043459226698850627 0.00016440058392456437 0.56554510108059453 -0.080910432854751954 0.0011045879144662507 -0.029164739730082267 -0.018731345157258297 -0.00095984461653233154 0.0047772126882034659 -0.00036174395076407189 0.00010973629056154177 0.0084223597356428235 -0.005923131354472577 -0.0013623473762971728
leaf_weight=61051 1826 150998 873 757 373 3128 1801 24831 15718 7762 36030 4548 2258 31065
leaf_count=61051 1826 150998 873 757 373 3128 1801 24831 15718 7762 36030 4548 2258 31065
internal_value=-0.00731563 -0.000238892 -0.0148655 0.0023365 -0.012531 -3.75352e-05 7.28698e-05 -0.00308201 0.000411146 0.00557411 -0.00012788 0.000842452 -0.00230415 -0.00543168
internal_weight=343019 281968 3829 2003 1130 278139 275011 26632 248379 23480 224899 155546 69353 33323
internal_count=343019 281968 3829 2003 1130 278139 275011 26632 248379 23480 224899 155546 69353 33323
is_linear=0
shrinkage=0.04


Tree=137
num_leaves=15
num_cat=0
split_feature=7 2 15 12 0 15 2 11 12 10 11 14 13 0
split_gain=49684.6 506.552 691.62 366.862 190.264 268.647 262.304 190.003 500.011 417.924 287.14 287.654 435.753 507.598
threshold=1.0000000180025095e-35 50.679939000000012 1.9769870124999758 96.283177736364067 21.459226760983807 8.66960060162498 102.39025100000002 44.254027269216515 114.8216254795161 -29.770167027814626 28.726521098090895 0.21256765339438269 437.77101577425384 8.8542639219036996
decision_type=2 2 2 2 2 2 2 2 2 2 2 2 2 2
left_child=-1 2 -2 -4 7 -6 -7 9 -9 -3 -11 12 13 -12
right_child=1 4 3 -5 5 6 -8 8 -10 10 11 -13 -14 -15
leaf_value=-0.00046270317937306514 -0.0043487850017948663 0.0028590052341804562 -0.0026326151219707274 0.94769667725490025 0.0081840119386745909 -0.0094116886378357266 0.0011707190112798696 -0.018477921027985574 -0.001326570824014306 0.00010992438487965828 -0.003252932943239212 0.003270778223686269 -0.0041735512856862032 0.0075177153435390534
leaf_weight=61017 1808 13547 1618 384 4240 598 2757 1693 21742 194695 21673 2368 8295 6560
leaf_count=61017 1808 13547 1618 384 4240 598 2757 1693 21742 194695 21673 2368 8295 6560
internal_value=-0.00727276 -0.000190937 -0.0146772 0.00151848 7.4775e-06 0.00625148 -0.00220566 -0.000167792 -0.00360999 0.000158616 -0.000237509 -0.00337515 -0.00425099 -0.0018829
internal_weight=342995 281978 3810 2002 278168 7595 3355 270573 23435 247138 233591 38896 36528 28233
internal_count=342995 281978 3810 2002 278168 7595 3355 270573 23435 247138 233591 38896 36528 28233
is_linear=0
shrinkage=0.04


Tree=138
num_leaves=15
num_cat=0
split_feature=3 2 15 12 3 12 1 15 0 3 13 10 11 10
split_gain=49683.4 461.582 612.955 364.543 184.548 188.671 181.55 199.483 326.314 334.334 330.98 288.564 581.892 775.751
threshold=1.0000000180025095e-35 50.679939000000012 1.9769870124999758 96.283177736364067 265.98459150000002 120.59619360405789 52.473616316427979 6.532326244750025 13.195681502934224 15.428962 282.46392299658419 14.185998000000003 1.0000000180025095e-35 -4.6383982535655948
decision_type=2 2 2 2 2 2 2 2 2 2 2 2 2 2
left_child=-1 2 -2 -4 6 -6 7 8 11 -10 -11 12 13 -3
right_child=1 4 3 -5 5 -7 -8 -9 9 10 -12 -13 -14 -15
leaf_value=-0.00044419505219813973 -0.0039875671138615409 -0.036342565565234519 -0.0026430519755671791 0.80832682884319185 -0.071319540537493592 0.083443309811235905 0.0055634403185452451 -0.00038670151267458099 0.040047375273050238 0.014610323660166636 0.0018525888076533325 0.0029439961208136858 7.741369713816227e-06 -0.0028378507371001672
leaf_weight=60956 1792 1748 1631 377 790 180 1533 94725 1214 805 12081 57459 98772 8816
leaf_count=60956 1792 1748 1631 377 790 180 1533 94725 1214 805 12081 57459 98772 8816
internal_value=-0.00725445 -0.000174374 -0.0140211 0.00115538 1.48136e-05 -0.0174021 7.57704e-05 -5.80509e-07 0.000778131 0.00662128 0.00473072 0.000284181 -0.000921929 -0.00984476
internal_weight=342879 281923 3800 2008 278123 970 277153 275620 180895 14100 12886 166795 109336 10564
internal_count=342879 281923 3800 2008 278123 970 277153 275620 180895 14100 12886 166795 109336 10564
is_linear=0
shrinkage=0.04


Tree=139
num_leaves=15
num_cat=0
split_feature=3 2 15 12 3 12 14 0 11 3 10 8 10 12
split_gain=49706 419.657 602.39 324.468 193.946 181.306 179.947 164.667 704.169 583.594 594.268 559.729 670.863 539.323
threshold=1.0000000180025095e-35 50.679939000000012 1.9769870124999758 96.283177736364067 265.98459150000002 120.59619360405789 0.17495902990765722 4.8354618656719568 6.1513424798844056 14.122505500000003 -13.472971977482333 0.99998309177011069 -7.7672745276740116 66.650939029413493
decision_type=2 2 2 2 2 2 2 2 2 2 2 2 2 2
left_child=-1 2 -2 6 7 -6 -4 8 -3 10 -9 12 -11 -10
right_child=1 4 3 -5 5 -7 -8 9 13 11 -12 -13 -14 -15
leaf_value=-0.00042642725011020842 -0.0037370678251276248 0.00030684041317146081 -0.12147754744412703 0.81629945225895828 -0.066007446492782368 0.078925066897851406 0.0010114413030496738 0.045747206779523285 -0.0023323000871912037 0.00033015083918136039 0.0041335718798411495 -0.0028816909649540955 0.0024050071468995071 -0.0018109875341442904
leaf_weight=61051 1804 110493 582 389 811 176 1064 1928 4663 79113 7909 18330 4290 50437
leaf_count=61051 1804 110493 582 389 811 176 1064 1928 4663 79113 7909 18330 4290 50437
internal_value=-0.00727635 -0.000191639 -0.0133264 0.00159214 -1.03541e-05 -0.0177102 -0.00617254 5.26766e-05 -0.000747616 0.00124048 0.0105439 0.000340892 0.00173183 -0.00444138
internal_weight=343040 281989 3839 2035 278150 987 1646 277163 165593 111570 9837 101733 83403 55100
internal_count=343040 281989 3839 2035 278150 987 1646 277163 165593 111570 9837 101733 83403 55100
is_linear=0
shrinkage=0.04


Tree=140
num_leaves=15
num_cat=0
split_feature=3 2 15 12 13 15 3 10 13 12 13 11 1 3
split_gain=49658.1 389.002 539.802 316.032 192.277 329.515 303.087 280.995 236.492 232.226 218.71 413.64 327.585 417.114
threshold=1.0000000180025095e-35 50.679939000000012 1.9769870124999758 96.283177736364067 254.05081887727795 4.033176384499968 4.9407805000000007 129.33800550000004 320.70751591614822 195.28990291382939 346.03754686064582 20.259181338391937 14.929906942808696 14.985901500000002
decision_type=2 2 2 2 2 2 2 2 2 2 2 2 2 2
left_child=-1 2 -2 -4 5 6 -3 -7 -6 10 11 -10 -13 -14
right_child=1 4 3 -5 8 7 -8 -9 9 -11 -12 12 13 -15
leaf_value=-0.00040937016010580865 -0.0036891489654583155 0.013337296405825401 -0.0024551570849016091 0.78364747416859981 0.0013261887976521792 -0.00018474951653647766 -0.0052346295749908216 0.039932752939497149 7.2110495168278274e-05 0.028544056629229504 1.0078240735342802e-05 -0.011514915557503797 0.039491065707588369 -0.0032093553865457074
leaf_weight=60878 1804 586 1635 379 56877 6177 5187 382 16772 965 179683 5594 493 5371
leaf_count=60878 1804 586 1635 379 56877 6177 5187 382 16772 965 179683 5594 493 5371
internal_value=-0.00723828 -0.000163317 -0.0128444 0.00139027 1.0788e-05 -0.00487188 -0.0118413 0.00126239 0.000237361 -0.000385297 -0.000476161 -0.0037492 -0.00960726 -0.00300136
internal_weight=342783 281905 3818 2014 278087 12332 5773 6559 265755 208878 207913 28230 11458 5864
internal_count=342783 281905 3818 2014 278087 12332 5773 6559 265755 208878 207913 28230 11458 5864
is_linear=0
shrinkage=0.04


Tree=141
num_leaves=15
num_cat=0
split_feature=3 2 15 12 3 11 13 2 12 1 3 11 12 3
split_gain=49734.9 353.946 497.449 307.893 184.939 178.623 231.745 175.03 160.347 159.477 1123.65 293.849 460.549 459.925
threshold=1.0000000180025095e-35 50.679939000000012 1.9769870124999758 96.283177736364067 265.98459150000002 4.0269225010094809 451.28449560170867 266.48847950000004 120.59619360405789 27.460601142815467 24.400972500000005 28.726521098090895 84.228785320503292 20.166128000000004
decision_type=2 2 2 2 2 2 2 2 2 2 2 2 2 2
left_child=-1 2 -2 5 7 6 -4 9 -6 11 -11 -3 -13 -14
right_child=1 4 3 -5 8 -7 -8 -9 -10 10 -12 12 13 -15
leaf_value=-0.00039299535370156846 -0.0036280229714179412 8.1092979453419874e-05 -0.094254750872529575 0.7523015752018557 -0.063367551762700494 0.0014196430215794643 0.11082275895773791 0.023875907026558743 0.075767661092307925 0.069826321865608318 0.00033228798679072027 -0.016127636863303839 0.0025149507021993978 -0.0029458914285492811
leaf_weight=61052 1791 191874 983 379 804 387 235 1069 170 1859 35663 1751 16856 28025
leaf_count=61052 1791 191874 983 379 804 387 235 1069 170 1859 35663 1751 16856 28025
internal_value=-0.00726863 -0.000178537 -0.0123444 0.00145161 -1.33779e-05 -0.00620561 -0.0137274 4.77811e-05 -0.0174127 -1.47811e-05 0.00240925 -0.000396133 -0.00324412 -0.00245895
internal_weight=342898 281846 3775 1984 278071 1605 1218 277097 974 276028 37522 238506 46632 44881
internal_count=342898 281846 3775 1984 278071 1605 1218 277097 974 276028 37522 238506 46632 44881
is_linear=0
shrinkage=0.04


Tree=142
num_leaves=15
num_cat=0
split_feature=3 2 15 12 11 10 11 12 3 1 3 1 13 1
split_gain=49898.1 218.034 685.445 214.156 548.405 180.589 194.448 423.394 385.48 314.297 287.65 341.732 266.371 260.644
threshold=1.0000000180025095e-35 1.0000000180025095e-35 1.9769870124999758 159.68663781718809 23.672263030968399 -46.302499153206533 43.978472892658367 114.8216254795161 35.755554500000009 40.901043945362424 14.339457000000001 17.514293582086257 613.56417515146063 27.242625790733182
decision_type=2 2 2 2 2 2 2 2 2 2 2 2 2 2
left_child=-1 2 3 -2 -5 -3 13 -8 9 10 -9 -12 -10 -7
right_child=1 5 -4 4 -6 6 7 8 12 -11 11 -13 -14 -15
leaf_value=-0.00037727553955351211 -0.0072111517549999253 0.0022283967456885345 0.40243768363114274 0.00065907362814549236 -0.00067580338601466391 -6.6299578949764455e-05 -0.016339944300289767 0.056924351323625208 -0.00325030543093198 0.10339217156350777 -0.016891406797712026 0.0031670956378855686 0.012139813633336077 0.0018783525907062038
leaf_weight=61125 1183 4404 875 268 342 229390 1772 841 10442 404 1961 7690 309 22029
leaf_count=61125 1183 4404 875 268 342 229390 1772 841 10442 404 1961 7690 309 22029
internal_value=-0.0072374 -0.00013366 -0.0115142 -0.0256776 -0.00642623 -2.49246e-05 -0.000153691 -0.00363978 -0.00210098 0.00320117 0.00186809 -8.70376e-05 -0.00747465 0.000171029
internal_weight=343035 281910 2668 1793 610 279242 274838 23419 21647 10896 10492 9651 10751 251419
internal_count=343035 281910 2668 1793 610 279242 274838 23419 21647 10896 10492 9651 10751 251419
is_linear=0
shrinkage=0.04


Tree=143
num_leaves=15
num_cat=0
split_feature=3 2 15 12 11 0 11 3 1 12 9 1 8 13
split_gain=49855 226.821 625.735 205.527 526.017 182.063 582.873 532.732 546.4 522.761 459.905 567.629 433.622 432.564
threshold=1.0000000180025095e-35 1.0000000180025095e-35 1.9769870124999758 159.68663781718809 23.672263030968399 4.8354618656719568 6.8236109200364767 13.914060500000001 13.580872296670831 66.650939029413493 1.7008279179775435e-05 7.7704830630551376 0.86023139051125097 536.41543727593194
decision_type=2 2 2 2 2 2 2 2 2 2 2 2 2 2
left_child=-1 2 3 -2 -5 6 -3 8 -7 13 -9 12 -12 -8
right_child=1 5 -4 4 -6 7 9 10 -10 -11 11 -13 -14 -15
leaf_value=-0.00036218451797136452 -0.0067035695837900809 0.00021359333431445471 0.38818313282886552 0.00061185382571988362 -0.00064704510006137635 0.0047764176807855345 -0.0038559954311112679 -0.0024630392213944407 0.049110936594715889 -0.0017370967594185728 -0.00035781533310279777 0.00033850204969168021 0.0036114961131370206 0.0060323434917508309
leaf_weight=61052 1191 113324 850 276 345 7546 3839 18627 1564 50121 1006 79531 3263 305
leaf_count=61052 1191 113324 850 276 345 7546 3839 18627 1564 50121 1006 79531 3263 305
internal_value=-0.00722973 -0.000129743 -0.0117506 -0.0250331 -0.00637681 -1.89162e-05 -0.000852323 0.00123331 0.0105027 -0.00426131 0.000408877 0.00167255 0.0158819 -0.0179151
internal_weight=342840 281788 2662 1812 621 279126 167589 111537 9110 54265 102427 83800 4269 4144
internal_count=342840 281788 2662 1812 621 279126 167589 111537 9110 54265 102427 83800 4269 4144
is_linear=0
shrinkage=0.04


Tree=144
num_leaves=15
num_cat=0
split_feature=3 2 15 10 13 10 3 15 3 11 11 0 3 1
split_gain=49642.6 238.336 599.324 178.147 378.277 294.76 421.004 514.358 402.866 378.569 579.308 505.853 759.647 462.519
threshold=1.0000000180025095e-35 1.0000000180025095e-35 1.9769870124999758 95.344537000000017 228.57383096747418 15.323421000000002 17.317719000000004 0.88182971749998285 18.766477000000005 1.3360176991178438 2.6078607885554947 4.7086430609675602 14.122505500000003 13.810565561998487
decision_type=2 2 2 2 2 2 2 2 2 2 2 2 2 2
left_child=-1 2 -2 5 -5 9 7 -7 -8 -3 -11 -12 13 -13
right_child=1 3 -4 4 -6 6 8 -9 -10 10 11 12 -14 -15
leaf_value=-0.00034769713725250282 -0.0029424065821917369 -0.0014902211119240327 0.37233277895125755 -0.022958273391153521 -0.0028634906082052238 -0.008869835674360723 -0.045800585751599253 0.024517204495674128 0.0035072970754412135 0.0014832351037620485 -0.00069935479905721461 0.0065169355244873023 0.00010925503119016078 0.047053294800316336
leaf_weight=60947 1822 25372 884 768 19096 547 1706 5884 44916 7379 65569 7819 98537 1675
leaf_count=60947 1822 25372 884 768 19096 547 1706 5884 44916 7379 65569 7819 98537 1675
internal_value=-0.00726453 -0.000188954 -0.012003 -7.44804e-05 -0.00372533 0.000205086 0.00286431 0.0124584 0.0015409 -0.000478602 0.000162892 -0.000303687 0.00137849 0.0121845
internal_weight=342921 281974 2706 279268 19864 259404 53053 6431 46622 206351 180979 173600 108031 9494
internal_count=342921 281974 2706 279268 19864 259404 53053 6431 46622 206351 180979 173600 108031 9494
is_linear=0
shrinkage=0.04


Tree=145
num_leaves=15
num_cat=0
split_feature=3 2 11 12 14 3 10 10 3 3 14 14 13 13
split_gain=49876.7 193.28 299.118 746.23 233.181 187.512 176.348 273.5 448.559 354.82 338.368 396.692 325.439 317.928
threshold=1.0000000180025095e-35 1.0000000180025095e-35 23.786956668176014 96.283177736364067 0.23320872121670802 17.683174500000003 85.00303700000002 15.654334500000003 17.317719000000004 19.442300000000003 0.21021760849986634 0.210843859845816 254.05081887727795 449.35294705808218
decision_type=2 2 2 2 2 2 2 2 2 2 2 2 2 2
left_child=-1 2 3 5 -4 -2 7 10 -9 -10 -3 -12 -11 -14
right_child=1 6 4 -5 -6 -7 -8 8 9 12 11 -13 13 -15
leaf_value=-0.00033378925176240414 -0.02659823890091836 -0.00034572448771941211 2.6772818187906817 0.0016129738851975261 -0.0022636432844342024 0.1001860911418595 -0.0032478273720073793 0.021752973015712346 -0.032196824173735282 -0.0031918543661368305 0.0063090913070392067 0.00033764934532105607 0.012373109249936573 -0.0071634972928228246
leaf_weight=60910 1077 169215 64 647 654 231 22011 5354 2637 3194 3018 35154 30379 8276
leaf_count=60910 1077 169215 64 647 654 231 22011 5354 2637 3194 3018 35154 30379 8276
internal_value=-0.00717634 -8.44238e-05 -0.0107894 -0.00268031 -0.0328691 -0.0200612 1.80491e-05 0.000312098 0.00297271 0.00165625 -0.000327311 0.0030745 0.00255299 0.00356694
internal_weight=342821 281911 2673 1955 718 1308 279238 257227 49840 44486 207387 38172 41849 38655
internal_count=342821 281911 2673 1955 718 1308 279238 257227 49840 44486 207387 38172 41849 38655
is_linear=0
shrinkage=0.04


Tree=146
num_leaves=15
num_cat=0
split_feature=3 1 0 3 11 2 3 13 3 15 10 3 10 11
split_gain=49846 173.353 171.327 266.135 202.93 562.779 283.372 324.601 293.064 347.163 292.664 273.237 260.1 374.581
threshold=1.0000000180025095e-35 52.473616316427979 20.491957735995118 23.621754500000005 26.351565834530238 61.429630500000009 89.760051000000018 228.57383096747418 31.504143500000001 0.91381273125000473 -25.165499985232895 25.549405500000002 15.323421000000002 1.3360176991178438
decision_type=2 2 2 2 2 2 2 2 2 2 2 2 2 2
left_child=-1 2 4 -4 6 -6 8 -8 10 -10 11 -2 13 -12
right_child=1 -3 3 -5 5 -7 7 -9 9 -11 12 -13 -14 -15
leaf_value=-0.00032043768169190304 0.036698041550579243 0.0052761331009038969 0.059408538836959346 0.0017041887063087902 -0.01071657553078654 -0.00088820049057338976 -0.012870998839719316 -0.0019913886247817027 -0.0071606079323234531 0.0012551435232585062 -0.0020285905380393564 -0.00011116358692385364 0.0050787392369962703 1.7491556306881151e-05
leaf_weight=60966 1135 1553 642 8500 1721 76701 1042 21145 1569 38274 23513 1038 32605 72659
leaf_count=60966 1135 1553 642 8500 1721 76701 1042 21145 1569 38274 23513 1038 32605 72659
internal_value=-0.00720229 -0.000114145 -0.000187921 0.00519799 -0.000369341 -0.00208513 0.00032791 -0.00392482 0.000880364 0.00388425 -3.36006e-05 0.0145237 -0.000279242 -0.00132596
internal_weight=343063 282097 280544 9142 271402 78422 192980 22187 170793 39843 130950 2173 128777 96172
internal_count=343063 282097 280544 9142 271402 78422 192980 22187 170793 39843 130950 2173 128777 96172
is_linear=0
shrinkage=0.04


Tree=147
num_leaves=15
num_cat=0
split_feature=3 10 14 14 10 15 3 3 9 13 1 8 15 15
split_gain=49989.7 168.83 161.518 379.685 323.219 352.05 469.162 407.59 302.613 294.96 545.648 615.465 452.884 442.772
threshold=1.0000000180025095e-35 206.67637150000004 0.21634704817020331 0.21021760849986634 15.654334500000003 1.1937700325000125 17.317719000000004 18.766477000000005 0.16572772862541166 401.12438031766413 17.110071623637641 0.68202750479387908 4.6623337708749952 2.7549546101249835
decision_type=2 2 2 2 2 2 2 2 2 2 2 2 2 2
left_child=-1 2 3 4 9 -6 -7 -8 -4 10 11 12 -2 -11
right_child=1 -3 8 -5 5 6 7 -9 -10 13 -12 -13 -14 -15
leaf_value=-0.00030762017442421909 -0.00085703372508967319 -0.02627241275158106 0.00072732688783974544 0.0012732526577008895 -0.0022912379135916088 0.030896529076090112 -0.044978273503063326 0.0045328657465217815 -0.0011277227621662252 -0.03593337287994304 0.0032972179839200967 0.00023389436695246958 -0.0086839928344042833 -0.00084240483616939701
leaf_weight=61096 11465 3148 5176 27088 6609 3652 1434 47464 16898 514 30769 41993 11693 74037
leaf_count=61096 11465 3148 5176 27088 6609 3652 1434 47464 16898 514 30769 41993 11693 74037
internal_value=-0.00719785 -8.96645e-05 1.43476e-05 0.000296668 -0.000231677 0.00231579 0.00341009 0.00237719 -0.003269 -0.00111573 0.000351126 -0.00172215 -0.00695742 -0.00300304
internal_weight=343036 281940 278792 256718 229630 59159 52550 48898 22074 170471 95920 65151 23158 74551
internal_count=343036 281940 278792 256718 229630 59159 52550 48898 22074 170471 95920 65151 23158 74551
is_linear=0
shrinkage=0.04


Tree=148
num_leaves=15
num_cat=0
split_feature=7 1 11 2 13 0 14 10 14 14 11 14 9 15
split_gain=49877 170.477 322.481 416.89 255.584 411.628 342.521 307.701 239.3 232.917 273.238 229.819 220.69 279.095
threshold=1.0000000180025095e-35 20.665267794611633 26.933215826162797 61.429630500000009 437.77101577425384 6.0962982818823752 0.20924247074170185 -29.770167027814626 0.21163429115709895 0.20414199907131844 52.253936438592696 0.20284702326126808 0.44824150920901401 6.7514341424999467
decision_type=2 2 2 2 2 2 2 2 2 2 2 2 2 2
left_child=-1 2 -2 -4 5 7 9 -3 -8 10 11 -6 13 -5
right_child=1 4 3 12 6 -7 8 -9 -10 -11 -12 -13 -14 -15
leaf_value=-0.00029531536744725528 -2.6488437915617168e-06 0.011601884196123314 -0.010833280949213365 0.0037542001300171781 -0.0018059605670354337 0.0079611784095236972 0.005822057180175773 -0.0015489815443868139 0.00010738219038020747 -0.0053609720936584702 0.0099043698747103854 0.0036764350067233667 -0.0037457836313944436 -0.0032022295426724057
leaf_weight=61035 184388 3803 1541 10730 7328 9673 5543 13113 14629 6910 413 3479 15407 4842
leaf_count=61035 184388 3803 1541 10730 7328 9673 5543 13113 14629 6910 413 3479 15407 4842
internal_value=-0.00721702 -0.000116537 -0.000654655 -0.00432718 0.00168221 0.00469517 -0.000409378 0.000931662 0.00317668 -0.00439934 -0.000841355 -0.00206163 -0.00331709 4.10994e-05
internal_weight=342834 281799 216908 32520 64891 26589 38302 16916 20172 18130 11220 10807 30979 15572
internal_count=342834 281799 216908 32520 64891 26589 38302 16916 20172 18130 11220 10807 30979 15572
is_linear=0
shrinkage=0.04


Tree=149
num_leaves=15
num_cat=0
split_feature=3 12 13 2 2 15 1 12 9 11 12 3 1 8
split_gain=49826.3 162.082 225.403 198.12 476.548 379.745 727.299 358.021 293.123 342.313 799.704 537.216 533.225 305.832
threshold=1.0000000180025095e-35 58.718443393243327 528.64857125933054 52.854599000000007 54.400200000000005 4.5761197718750291 0.74620367056324077 63.456023130809839 1.5182139801117602e-05 1.3360176991178438 77.077318103428325 15.218046500000002 13.925279771778312 0.92841332992352632
decision_type=2 2 2 2 2 2 2 2 2 2 2 2 2 2
left_child=-1 2 -2 5 7 -3 -7 -5 9 10 -6 12 -11 -10
right_child=1 3 -4 4 8 6 -8 -9 13 11 -12 -13 -14 -15
leaf_value=-0.00028350275274936722 0.00019026487245428215 -0.0018351283436932419 0.0017602439887754963 -0.0027762811752995911 -0.00067043437360919005 0.00050039079768446012 -0.0012021258666588608 0.0024688657572560046 -6.2490613436312346e-05 0.00072367949949790676 -0.052083602082223471 -0.0027679364524982918 0.043134859417905742 0.0012724161218637066
leaf_weight=60900 4406 4035 711 790 4605 5531 2745 3809 198028 16186 1708 17973 862 20748
leaf_count=60900 4406 4035 711 790 4605 5531 2745 3809 198028 16186 1708 17973 862 20748
internal_value=-0.00718745 -0.000104772 0.00694938 -0.000235073 -4.38217e-06 -0.00519535 -0.000289995 0.0127593 -0.000230057 -0.0033193 -0.0118929 -0.00177379 0.003313 0.000353604
internal_weight=343037 282137 5117 277020 264709 12311 8276 4599 260110 41334 6313 35021 17048 218776
internal_count=343037 282137 5117 277020 264709 12311 8276 4599 260110 41334 6313 35021 17048 218776
is_linear=0
shrinkage=0.04


Tree=150
num_leaves=15
num_cat=0
split_feature=3 3 12 13 1 2 0 11 12 13 3 11 12 2
split_gain=50094.7 169.462 160.074 225.514 196.741 162.402 177.337 512.874 532.646 534.691 501.887 367.79 798.312 472.356
threshold=1.0000000180025095e-35 265.98459150000002 58.718443393243327 528.64857125933054 1.7152205510068805 266.48847950000004 4.8354618656719568 5.7696158563501045 66.32693985139305 536.41543727593194 9.5310590000000008 1.1907058122148075 77.077318103428325 75.91323850000002
decision_type=2 2 2 2 2 2 2 2 2 2 2 2 2 2
left_child=-1 2 3 4 -2 6 7 -4 9 -9 -8 12 13 -12
right_child=1 -3 5 -5 -6 -7 10 8 -10 -11 11 -13 -14 -15
leaf_value=-0.00027216264263939748 0.00030278767676172435 -0.045780553260271237 0.00023316816212264337 0.0017262431304390802 -0.0017770602075165877 0.021382416337082297 0.01640978352869326 -0.0033480132825114551 -0.0013910699720621979 0.00095182754767893175 -0.0073311613309042832 0.00041292341170608539 -0.036964010995113823 0.0058993876974492874
leaf_weight=61026 4055 992 105739 708 279 1089 2397 4652 52331 512 886 104961 2025 1303
leaf_count=61026 4055 992 105739 708 279 1089 2397 4652 52331 512 886 104961 2025 1303
internal_value=-0.00714135 -2.88016e-05 2.94728e-05 0.00709242 0.00367328 -9.96031e-05 -0.000160695 -0.00100077 -0.00404139 -0.0162974 0.00106837 0.00067085 -0.010916 0.00582915
internal_weight=342955 281929 280937 5042 4334 275895 274806 163234 57495 5164 111572 109175 4214 2189
internal_count=342955 281929 280937 5042 4334 275895 274806 163234 57495 5164 111572 109175 4214 2189
is_linear=0
shrinkage=0.04


Tree=151
num_leaves=15
num_cat=0
split_feature=3 1 15 15 11 0 3 13 11 1 11 2 12 12
split_gain=50014.7 149.576 160.233 375.501 369.93 232.388 415.039 301.117 227.482 330.383 388.959 379.959 351.37 346.329
threshold=1.0000000180025095e-35 48.233628755306249 7.0131938537499972 7.0437674371249992 2.0626422679629886 13.343517276811212 14.985901500000002 268.7841962257441 43.675142614036183 14.31388120565301 19.925182314303502 81.329796000000016 80.913399387439497 70.707341700519052
decision_type=2 2 2 2 2 2 2 2 2 2 2 2 2 2
left_child=-1 2 5 4 -4 -2 -7 -8 9 10 12 -11 13 -5
right_child=1 -3 3 8 -6 6 7 -9 -10 11 -12 -13 -14 -15
leaf_value=-0.00026127613693383012 7.3844746411655399e-06 0.0028729384116805302 0.0025858098980795496 -6.9506733601807375e-05 -0.004234169385877555 0.04680101159151815 0.01340724557577107 0.0013041692083866497 -0.0033132037120456453 -0.0048897824621150759 -0.006692114728833758 0.0016034893571209418 -0.003283704664939293 0.001517230230614266
leaf_weight=61084 189571 3043 273 9085 2856 916 766 13483 8349 1052 4763 22880 19993 5109
leaf_count=61084 189571 3043 273 9085 2856 916 766 13483 8349 1052 4763 22880 19993 5109
internal_value=-0.00718378 -7.89682e-05 -0.000175137 -0.00176547 -0.0153276 0.00040247 0.00516716 0.00348937 -0.00116972 -0.000346045 -0.00261874 0.00335283 -0.00112674 0.00368606
internal_weight=343223 282139 279096 74360 3129 204736 15165 14249 71231 62882 38950 23932 34187 14194
internal_count=343223 282139 279096 74360 3129 204736 15165 14249 71231 62882 38950 23932 34187 14194
is_linear=0
shrinkage=0.04


Tree=152
num_leaves=15
num_cat=0
split_feature=3 10 3 3 10 0 11 2 3 10 0 14 10 3
split_gain=50051.8 140.579 1137.08 371.961 952.261 472.631 312.71 492.789 303.174 467.38 338.766 333.211 367.175 310.844
threshold=1.0000000180025095e-35 -20.668065085043981 19.968183000000003 24.023130000000002 -25.701568461398811 10.495794838542912 26.062983276929504 61.429630500000009 28.750793500000004 -30.775927934711426 6.2793856601430207 0.18742964826238592 -27.461008466387582 26.002218500000001
decision_type=2 2 2 2 2 2 2 2 2 2 2 2 2 2
left_child=-1 2 -2 4 -4 -6 -3 -8 9 -5 11 -11 13 -13
right_child=1 6 3 8 5 -7 7 -9 -10 10 -12 12 -14 -15
leaf_value=-0.00025082509145647692 0.074752526257708479 3.9585761822249491e-05 0.055464560476526384 0.032119495720592112 -0.0065849627542719615 0.039256354547036409 -0.0092287802405730986 -0.0016786799433580024 0.00039934114904545458 0.0017565006737202227 -0.00052065487853965471 0.00085724315688103349 -0.072532925682654723 -0.040489378073538342
leaf_weight=60930 2101 182617 2722 989 4248 1086 1811 32591 42902 1289 4973 1459 2300 982
leaf_count=60930 2101 182617 2722 989 4248 1086 1811 32591 42902 1289 4973 1459 2300 982
internal_value=-0.0071235 -2.18386e-05 0.0016092 0.00064305 0.00866931 -0.00115486 -0.000510739 -0.00400907 -0.000534849 -0.00615744 -0.00852495 -0.0148988 -0.0198017 -0.00899631
internal_weight=343000 282070 65051 62950 8056 5334 217019 34402 54894 11992 11003 6030 4741 2441
internal_count=343000 282070 65051 62950 8056 5334 217019 34402 54894 11992 11003 6030 4741 2441
is_linear=0
shrinkage=0.04


Tree=153
num_leaves=15
num_cat=0
split_feature=7 2 1 0 11 15 2 12 11 12 12 13 13 13
split_gain=50021.2 155.742 149.454 141.285 369.199 356.989 219.554 257.583 179.61 918.718 253.3 446.724 283.377 326.28
threshold=1.0000000180025095e-35 256.37603750000005 52.473616316427979 13.195681502934224 15.456135053874984 4.8872795136250327 83.296169500000005 101.66784080474126 10.821255905214626 71.537200004870485 81.672276809400373 269.29242811484659 320.70751591614822 346.03754686064582
decision_type=2 2 2 2 2 2 2 2 2 2 2 2 2 2
left_child=-1 2 3 8 -5 -6 7 -7 -2 -10 11 -11 -12 -14
right_child=1 -3 -4 4 5 6 -8 -9 9 10 12 -13 13 -15
leaf_value=-0.0002407920877982228 0.0001094902408875953 0.01682619340405303 0.004778050103625882 -0.010176338093513962 0.012071456844282791 0.010855469984151949 0.0015526089535345539 -0.0045747917688896324 -0.005267658029500355 -0.015363919359869352 0.0013944299800563264 0.0037243574298237592 -0.0058445094110937046 -0.00060307621651544015
leaf_weight=61086 130677 2146 1557 1248 2784 229 24701 1736 4302 573 28193 3294 11282 69104
leaf_count=61086 130677 2146 1557 1248 2784 229 24701 1736 4302 573 28193 3294 11282 69104
internal_value=-0.00718552 -7.29528e-05 -0.00015532 -0.000224505 0.00233501 0.00323803 0.00181505 -0.0110534 -0.000542063 -0.00168226 -0.000988208 0.00907163 -0.00134649 -0.00255666
internal_weight=342912 281826 279680 278123 30698 29450 26666 1965 247425 116748 112446 3867 108579 80386
internal_count=342912 281826 279680 278123 30698 29450 26666 1965 247425 116748 112446 3867 108579 80386
is_linear=0
shrinkage=0.04


Tree=154
num_leaves=15
num_cat=0
split_feature=3 10 13 12 10 0 13 12 11 3 3 15 3 13
split_gain=50123.2 148.54 319.795 264.094 246.94 360.14 345.494 255.541 306.693 436.626 249.433 487.153 381.985 276.414
threshold=1.0000000180025095e-35 95.344537000000017 228.57383096747418 131.02508044846283 15.323421000000002 0.18518882402866951 254.05081887727795 89.131205293257764 24.032804152963333 15.323095000000002 17.317719000000004 0.88182971749998285 19.442300000000003 449.35294705808218
decision_type=2 2 2 2 2 2 2 2 2 2 2 2 2 2
left_child=-1 4 -3 -4 5 7 -6 -2 9 -9 11 -8 -12 -14
right_child=1 2 3 -5 6 -7 10 8 -10 -11 12 -13 13 -15
leaf_value=-0.00023116040428629249 -0.032960739571728633 -0.019339167594050383 0.0083387548016375847 -0.0048390989323900072 -0.0024668646861102294 1.0633531559560706e-05 -0.0096391358248461775 -0.0038541635905215534 -0.0016611872297309204 0.00072970011736552822 -0.02932594940343302 0.022094714453441286 0.011826030911862529 -0.0061879302783718606
leaf_weight=61128 2168 753 4362 14768 4534 194594 558 11124 622 650 2619 5925 30910 8627
leaf_count=61128 2168 753 4362 14768 4534 194594 558 11124 622 650 2619 5925 30910 8627
internal_value=-0.00716137 -4.84739e-05 -0.00338178 -0.00237533 0.00020417 -0.000414615 0.00263818 -0.00648174 -0.00426589 -0.00281977 0.00362261 0.010927 0.00249929 0.00347927
internal_weight=343342 282214 19883 19130 262331 209158 53173 14564 12396 11774 48639 6483 42156 39537
internal_count=343342 282214 19883 19130 262331 209158 53173 14564 12396 11774 48639 6483 42156 39537
is_linear=0
shrinkage=0.04


Tree=155
num_leaves=15
num_cat=0
split_feature=3 12 13 0 11 0 11 12 3 1 11 13 9 10
split_gain=49949.8 148.991 203.637 185.757 179.488 162.5 490.312 616.33 441.947 594.349 430.623 420.332 401.332 448.34
threshold=1.0000000180025095e-35 58.718443393243327 528.64857125933054 1.7108539739161208 3.0600294257402996 4.627593588804241 6.5743936958124207 66.650939029413493 14.122505500000003 13.580872296670831 0.85815922895745456 536.41543727593194 1.7008279179775435e-05 -7.7672745276740116
decision_type=2 2 2 2 2 2 2 2 2 2 2 2 2 2
left_child=-1 2 3 -2 -4 6 -3 11 9 10 -7 -8 -10 -14
right_child=1 5 4 -5 -6 8 7 -9 12 -11 -12 -13 13 -15
leaf_value=-0.00022191398811484577 0.00029251415480890941 0.00019703515612408575 0.0024168364124388655 -0.0017894601511420838 -0.00026708725151439075 -0.033078364564098905 -0.0037830764440837327 -0.0014219587184580397 -0.0023894650607920731 0.04243108763842604 0.005237787577046034 0.0035123360001860959 0.00023098849047350489 0.0020129678496806848
leaf_weight=60916 4053 108511 550 283 167 687 4024 48509 18561 1853 8248 316 81061 4885
leaf_count=60916 4053 108511 550 283 167 687 4024 48509 18561 1853 8248 316 81061 4885
internal_value=-0.0071563 -5.42406e-05 0.00675242 0.00348708 0.0264993 -0.000178562 -0.000998017 -0.00415751 0.000968299 0.00867631 0.00440067 -0.0185991 0.00017262 0.00132455
internal_weight=342624 281708 5053 4336 717 276655 161360 52849 115295 10788 8935 4340 104507 85946
internal_count=342624 281708 5053 4336 717 276655 161360 52849 115295 10788 8935 4340 104507 85946
is_linear=0
shrinkage=0.04


Tree=156
num_leaves=15
num_cat=0
split_feature=3 12 13 1 11 12 11 13 2 11 13 3 1 9
split_gain=50203.1 145.063 203.458 187.952 179.656 153.635 785.281 454.462 369.554 571.929 314.981 314.009 327.378 303.58
threshold=1.0000000180025095e-35 58.718443393243327 528.64857125933054 1.7152205510068805 3.0600294257402996 66.32693985139305 6.5743936958124207 536.41543727593194 56.971285000000002 24.163372285884197 536.41543727593194 17.145842500000004 0.24593895730528662 1.7008279179775435e-05
decision_type=2 2 2 2 2 2 2 2 2 2 2 2 2 2
left_child=-1 2 3 -2 -4 6 10 -8 9 11 -3 12 -7 -10
right_child=1 5 4 -5 -6 8 7 -9 13 -11 -12 -13 -14 -15
leaf_value=-0.00021303742859025477 0.00029243112391911022 -8.4605002762678792e-05 0.0024118156552149638 -0.0017156137347068955 -0.00025640376145381617 -0.050986875509439075 -0.0038301289760202064 0.0037663356101766878 -0.0019875177374721977 -0.0016302146338374969 0.0010043909794982132 0.0013339453475261821 0.00093864163081988747 0.00019537328133605316
leaf_weight=61016 4078 14187 543 285 173 1195 4182 357 33647 787 1314 3261 5410 212359
leaf_count=61016 4078 14187 543 285 173 1195 4182 357 33647 787 1314 3261 5410 212359
internal_value=-0.00710421 1.90221e-05 0.00671786 0.00347467 0.0264804 -0.00010394 -0.00347705 -0.0181097 0.000159433 0.0074533 0.00080769 0.010071 0.00505678 -0.000156419
internal_weight=342794 281778 5079 4363 716 276699 20040 4539 256659 10653 15501 9866 6605 246006
internal_count=342794 281778 5079 4363 716 276699 20040 4539 256659 10653 15501 9866 6605 246006
is_linear=0
shrinkage=0.04


Tree=157
num_leaves=15
num_cat=0
split_feature=3 10 12 13 1 11 1 13 11 12 3 9 10 3
split_gain=49968.6 152.112 141.903 211.201 170.821 154.22 148.484 232.977 173.314 402.88 397.017 217.729 253.984 328.812
threshold=1.0000000180025095e-35 206.67637150000004 58.718443393243327 528.64857125933054 1.7152205510068805 3.0600294257402996 42.477994220891958 546.33133908632681 44.254027269216515 114.8216254795161 14.438793000000002 0.44088003095257577 -16.998312242053498 35.000201000000011
decision_type=2 2 2 2 2 2 2 2 2 2 2 2 2 2
left_child=-1 2 3 4 -2 -5 8 -8 -4 -10 -11 -12 13 -13
right_child=1 -3 6 5 -6 -7 7 -9 9 10 11 12 -14 -15
leaf_value=-0.00020451593144663605 0.00027717052864677959 -0.024521792919291147 9.8646541469538108e-06 0.0023865302192590844 -0.0016481231905133686 -0.00010004302298277423 0.0061101344242511357 -0.00065351803445742765 -0.016014679194928255 0.055366048408784015 0.0028194156981487706 0.00206364127747182 -0.051003410177227655 -0.0037657299382237125
leaf_weight=61025 4066 3115 245662 532 288 167 4368 3340 1731 895 4313 6198 922 6652
leaf_count=61025 4066 3115 245662 532 288 167 4368 3340 1731 895 4313 6198 922 6652
internal_value=-0.0071791 -8.29055e-05 1.51898e-05 0.00665743 0.0033808 0.0270672 -0.000107268 0.00536585 -0.000265643 -0.00377963 -0.00209484 -0.00338181 -0.00583793 -0.00438288
internal_weight=343274 282249 279134 5053 4354 699 274081 7708 266373 20711 18980 18085 13772 12850
internal_count=343274 282249 279134 5053 4354 699 274081 7708 266373 20711 18980 18085 13772 12850
is_linear=0
shrinkage=0.04


Tree=158
num_leaves=15
num_cat=0
split_feature=3 0 3 10 11 12 3 0 13 9 10 8 3 1
split_gain=50050.8 146.575 474.264 518.703 447.674 496.817 370.532 368.555 319.833 317.57 422.823 460.115 294.624 273.623
threshold=1.0000000180025095e-35 4.8354618656719568 13.914060500000001 -13.472971977482333 6.5743936958124207 66.650939029413493 9.9127445000000023 10.180324138047752 613.56417515146063 1.7008279179775435e-05 -7.7672745276740116 0.86023139051125097 4.7699140000000009 17.922689042481398
decision_type=2 2 2 2 2 2 2 2 2 2 2 2 2 2
left_child=-1 4 3 -3 -2 8 -5 -8 -6 -4 13 -12 -7 -11
right_child=1 2 9 6 5 12 7 -9 -10 10 11 -13 -14 -15
leaf_value=-0.00019633529418877415 0.00019014974624607107 0.042659781687107066 -0.0020868323936269299 0.014590856933261712 -0.0030136900689300816 0.0121306719583208 -0.0056430469513972523 0.013021919310060109 0.0090709210026724482 -0.00061867804897956184 -0.00042360785455538343 0.0032460850546448938 -0.0015154466248881394 0.0010348956024440526
leaf_weight=60963 114380 1642 18684 2788 4466 2023 3331 1324 159 26914 1037 3257 49462 52431
leaf_count=60963 114380 1642 18684 2788 4466 2023 3331 1324 159 26914 1037 3257 49462 52431
internal_value=-0.00713607 -2.89466e-05 0.00109938 0.00985801 -0.000766262 -0.00369275 0.0053688 -0.00153813 -0.0162508 0.000321726 0.00137496 0.0136004 -0.00256463 0.00071334
internal_weight=342861 281898 111408 9085 170490 56110 7443 4655 4625 102323 83639 4294 51485 79345
internal_count=342861 281898 111408 9085 170490 56110 7443 4655 4625 102323 83639 4294 51485 79345
is_linear=0
shrinkage=0.04


Tree=159
num_leaves=15
num_cat=0
split_feature=3 2 14 14 2 8 9 2 12 12 10 12 2 10
split_gain=50166.9 136.801 145.658 294.711 315.316 253.915 312.688 323.685 374.243 284.78 233.579 230.428 201.117 178.111
threshold=1.0000000180025095e-35 266.48847950000004 0.21634704817020331 0.21256765339438269 82.604229000000018 0.8824400456422028 0.055204022812536065 90.608795000000015 68.075615407314601 86.605957016714129 19.965338500000005 102.63418412196363 175.77149950000003 206.67637150000004
decision_type=2 2 2 2 2 2 2 2 2 2 2 2 2 2
left_child=-1 2 3 13 -5 -4 7 8 -7 -10 12 -11 -6 -2
right_child=1 -3 5 4 10 6 -8 -9 9 11 -12 -13 -14 -15
leaf_value=-0.00018848188242122534 5.2055024567826406e-06 0.019221417222487533 -0.0010109117188736817 0.0012757624397190259 0.0010755853158948814 -0.00077857256769986449 0.0043746941397514137 -0.0086790739456848193 0.0035056241152601844 -0.0035879504902166914 0.10669368749172076 0.0036547840905099705 -0.10943987337411099 -0.02675238945587596
leaf_weight=61086 243972 1079 17539 2135 9133 825 1154 950 1020 516 422 262 322 2680
leaf_count=61086 243972 1079 17539 2135 9133 825 1154 950 1020 516 422 262 322 2680
internal_value=-0.00713587 -1.71626e-05 -7.17616e-05 0.000195466 0.00631369 -0.00317614 0.00505183 -0.00079485 0.00645063 0.0166852 0.0033006 -0.00154242 0.00200106 -0.000102493
internal_weight=343095 282009 280930 258664 12012 22266 4727 3573 2623 1798 9877 778 9455 246652
internal_count=343095 282009 280930 258664 12012 22266 4727 3573 2623 1798 9877 778 9455 246652
is_linear=0
shrinkage=0.04


end of trees

feature_importances:
pressure_bar=418
control_value=382
allocated_injection_m3d=257
injection_minus_liquid=248
neighbor_pressure_bar=223
completed_net_thickness_m=200
perm_md=169
liquid_tpd=113
poro=103
oil_tpd=79
watercut=19
oil_fraction=17
status=12

parameters:
[boosting: gbdt]
[objective: regression_l1]
[metric: l1]
[tree_learner: serial]
[device_type: cpu]
[data_sample_strategy: bagging]
[data: ]
[valid: ]
[num_iterations: 160]
[learning_rate: 0.04]
[num_leaves: 15]
[num_threads: 1]
[seed: 20260884]
[deterministic: 1]
[force_col_wise: 1]
[force_row_wise: 0]
[histogram_pool_size: -1]
[max_depth: -1]
[min_data_in_leaf: 12]
[min_sum_hessian_in_leaf: 0.001]
[bagging_fraction: 0.9]
[pos_bagging_fraction: 1]
[neg_bagging_fraction: 1]
[bagging_freq: 1]
[bagging_seed: 26878]
[bagging_by_query: 0]
[feature_fraction: 0.9]
[feature_fraction_bynode: 1]
[feature_fraction_seed: 14281]
[extra_trees: 0]
[extra_seed: 30202]
[early_stopping_round: 0]
[early_stopping_min_delta: 0]
[first_metric_only: 0]
[max_delta_step: 0]
[lambda_l1: 0]
[lambda_l2: 0]
[linear_lambda: 0]
[min_gain_to_split: 0]
[drop_rate: 0.1]
[max_drop: 50]
[skip_drop: 0.5]
[xgboost_dart_mode: 0]
[uniform_drop: 0]
[drop_seed: 2270]
[top_rate: 0.2]
[other_rate: 0.1]
[min_data_per_group: 100]
[max_cat_threshold: 32]
[cat_l2: 10]
[cat_smooth: 10]
[max_cat_to_onehot: 4]
[top_k: 20]
[monotone_constraints: ]
[monotone_constraints_method: basic]
[monotone_penalty: 0]
[feature_contri: ]
[forcedsplits_filename: ]
[refit_decay_rate: 0.9]
[cegb_tradeoff: 1]
[cegb_penalty_split: 0]
[cegb_penalty_feature_lazy: ]
[cegb_penalty_feature_coupled: ]
[path_smooth: 0]
[interaction_constraints: ]
[verbosity: -1]
[saved_feature_importance_type: 0]
[use_quantized_grad: 0]
[num_grad_quant_bins: 4]
[quant_train_renew_leaf: 0]
[stochastic_rounding: 1]
[linear_tree: 0]
[max_bin: 255]
[max_bin_by_feature: ]
[min_data_in_bin: 3]
[bin_construct_sample_cnt: 200000]
[data_random_seed: 4968]
[is_enable_sparse: 1]
[enable_bundle: 1]
[use_missing: 1]
[zero_as_missing: 0]
[feature_pre_filter: 1]
[pre_partition: 0]
[two_round: 0]
[header: 0]
[label_column: ]
[weight_column: ]
[group_column: ]
[ignore_column: ]
[categorical_feature: ]
[forcedbins_filename: ]
[precise_float_parser: 0]
[parser_config_file: ]
[objective_seed: 28181]
[num_class: 1]
[is_unbalance: 0]
[scale_pos_weight: 1]
[sigmoid: 1]
[boost_from_average: 1]
[reg_sqrt: 0]
[alpha: 0.9]
[fair_c: 1]
[poisson_max_delta_step: 0.7]
[tweedie_variance_power: 1.5]
[lambdarank_truncation_level: 30]
[lambdarank_norm: 1]
[label_gain: ]
[lambdarank_position_bias_regularization: 0]
[eval_at: ]
[multi_error_top_k: 1]
[auc_mu_weights: ]
[num_machines: 1]
[local_listen_port: 12400]
[time_out: 120]
[machine_list_filename: ]
[machines: ]
[gpu_platform_id: -1]
[gpu_device_id: -1]
[gpu_use_dp: 0]
[num_gpu: 1]

end of parameters

pandas_categorical:null
