tree
version=v4
num_class=1
num_tree_per_iteration=1
label_index=0
max_feature_idx=15
objective=regression_l1
feature_names=oil_tpd liquid_tpd pressure_bar control_value target_orat target_lrat target_wrat status oil_fraction watercut injection_minus_liquid allocated_injection_m3d neighbor_pressure_bar perm_md poro completed_net_thickness_m
feature_infos=[0:43.42959140103163] [0:66.54612115517422] [0:285.00482199999999] [0:413.63752299999999] none [0:1] [0:1] [0:1] [0:1] [0:1] [-66.54612115517422:413.63752299999999] [0:107.72389950635282] [0:229.06531212722095] [212.71655300490687:738.00869701563943] [0.15975654196058092:0.23766614019099039] [0.63501341750003348:13.268681986250044]
tree_sizes=1546 1538 1557 1556 1557 1553 1552 1560 1568 1552 1571 1569 1554 1557 1568 1566 1555 1572 1556 1563 1573 1543 1573 1560 1560 1561 1551 1548 1557 1566 1574 1566 1554 1539 1555 1573 1569 1551 1556 1571 1564 1538 1545 1562 1552 1550 1570 1556 1562 1537 1550 1551 1545 1555 1554 1546 1545 1556 1521 1541 1550 1540 1538 1533 1553 1537 1546 1550 1534 1543 1524 1539 1521 1529 1507 1571 1542 1543 1536 1535 1519 1533 1524 1552 1539 1513 1508 1515 1522 1539 1523 1542 1519 1548 1517 1500 1473 1554 1521 1526 1498 1529 1537 1530 1470 1462 1503 1485 1559 1536 1490 1497 1485 1481 1494 1533 1556 1457 1536 1468 1502 1506 1506 1465 1494 1430 1524 1464 1477 1492 1464 1519 1481 1543 1482 1436 1550 1497 1519 1454 1533 1497 1542 1462 1489 1541 1487 1528 1559 1514 1537 1547 1527 1503 1497 1465 1493 1523 1464 1470

Tree=0
num_leaves=15
num_cat=0
split_feature=9 0 2 11 15 9 1 14 11 2 0 2 2 8
split_gain=8720.51 5596.29 7325.13 5551.81 1773.58 1359.89 1295.95 1000.64 950.899 890.368 644.817 588.365 568.084 562.531
threshold=0.87022009623373264 2.837658964650104 108.83801650000001 1.0000000180025095e-35 9.0992552776249926 0.0025102473295502419 42.039512344283274 0.21021760849986634 24.013972867904091 121.85662450000001 5.8637623279045412 103.02244950000001 52.788839500000009 0.95289961578536209
decision_type=2 2 2 2 2 2 2 2 2 2 2 2 2 2
left_child=1 12 3 -3 7 -4 -7 8 -5 -8 -10 -9 -1 -6
right_child=-2 2 5 4 13 6 9 11 10 -11 -12 -13 -14 -15
leaf_value=-0.0015409591794013978 0 -0.010566227436065674 -0.00077134653925895694 0.00037931689992547034 0.0037074109911918642 -0.0025946912169456482 0.0010813941434025766 0.0029406270384788515 -0.013326725959777833 -0.0016987398266792297 -0.0017220655083656311 -0.0023759871721267703 -0.0017405211925506593 0.00031302050687372686
leaf_weight=12979 166314 6328 7019 28628 6165 68370 2828 7375 2560 1606 7979 1302 21989 1586
leaf_count=12979 166314 6328 7019 28628 6165 68370 2828 7375 2560 1606 7979 1302 21989 1586
internal_value=-0.00690626 -0.0130935 -0.00955794 0.000766113 0.00480691 -0.0175669 -0.019188 0.00193128 -0.000791483 0.00176816 -0.0110637 0.0142215 -0.0274251 0.0225571
internal_weight=343028 176714 141746 61923 55595 79823 72804 47844 39167 4434 10539 8677 34968 7751
internal_count=343028 176714 141746 61923 55595 79823 72804 47844 39167 4434 10539 8677 34968 7751
is_linear=0
shrinkage=0.04


Tree=1
num_leaves=15
num_cat=0
split_feature=9 0 2 11 14 9 10 0 11 3 2 2 1 0
split_gain=8317.7 5370.28 6637.07 4917.58 1610.78 1242.74 1183.89 894.187 1516.94 866.412 726.473 711.199 589.934 561.498
threshold=0.87022009623373264 2.5614601447569867 109.20732500000001 1.0000000180025095e-35 0.21135727656717004 0.0025102473295502419 -42.657624934394526 18.74266697428401 24.013972867904091 4.8944345000000009 103.02244950000001 121.85662450000001 4.1549675041549294 3.862040750070832
decision_type=2 2 2 2 2 2 2 2 2 2 2 2 2 2
left_child=1 -1 3 -3 7 13 11 8 9 12 -6 -7 -5 -4
right_child=-2 2 5 4 10 6 -8 -9 -10 -11 -12 -13 -14 -15
leaf_value=-0.0015721216648817062 0 -0.0097215500354766848 -0.012856441622972488 0.003435517831891775 0.0025088893532752995 0.00098514742702245713 -0.0024322275638580322 0.008925441420078277 -0.0043862442016601565 0.0006510755263268947 -0.0023929072618484497 -0.0015956928580999376 -0.019586696938425303 0.0025885370016098027
leaf_weight=31724 166266 6567 543 667 8906 2625 69495 2880 10401 32283 1441 1400 1584 6368
leaf_count=31724 166266 6567 543 667 8906 2625 69495 2880 10401 32283 1441 1400 1584 6368
internal_value=-0.00671951 -0.0127573 -0.00949904 3.52238e-05 0.0037399 -0.017172 -0.0186964 0.000643313 -0.000741516 0.00329183 0.0180497 0.00239503 -0.0207019 -0.000954999
internal_weight=343150 176884 145160 64729 58162 80431 73520 47815 44935 34534 10347 4025 2251 6911
internal_count=343150 176884 145160 64729 58162 80431 73520 47815 44935 34534 10347 4025 2251 6911
is_linear=0
shrinkage=0.04


Tree=2
num_leaves=15
num_cat=0
split_feature=9 0 12 11 14 9 1 11 15 1 15 11 1 3
split_gain=7800.22 5106.35 5568.77 3942 2030.38 1357.85 996.389 1100.05 810.775 785.856 855.38 644.295 940.375 741.159
threshold=0.87022009623373264 2.5614601447569867 133.24527490799738 1.0000000180025095e-35 0.21135727656717004 0.26910982768052799 45.183782689639095 26.540764865785764 11.720497890624971 21.878829532688332 7.8595107582499688 21.274220681840259 7.694156491509335 4.8944345000000009
decision_type=2 2 2 2 2 2 2 2 2 2 2 2 2 2
left_child=1 -1 3 -3 5 8 7 -4 11 10 -7 13 -13 -5
right_child=-2 2 6 4 -6 9 -8 -9 -10 -11 -12 12 -14 -15
leaf_value=-0.0015022466665506364 0 -0.0093126710062026979 -0.0010462146646976471 -0.012049352806553244 0.0016739820356369017 -0.0024455977625846867 0.00048534143286943439 -0.003422670627355576 0.0039012393449172379 -2.6355984032154085e-05 0.0029902520305216313 -0.010542735275268555 -0.00051523672106862069 0.00072187165009975432
leaf_weight=31721 166165 6624 18197 1990 12432 8683 2641 44620 2746 5581 1486 3619 13194 23297
leaf_count=31721 166165 6624 18197 1990 12432 8683 2641 44620 2746 5581 1486 3619 13194 23297
internal_value=-0.00653034 -0.0123777 -0.00919964 -0.00209612 0.000583886 -0.00243712 -0.0178435 -0.0188554 0.00111136 -0.012541 -0.0191602 -0.000262233 -0.00633082 0.00377269
internal_weight=342996 176831 145110 79652 73028 60596 65458 62817 44846 15750 10169 42100 16813 25287
internal_count=342996 176831 145110 79652 73028 60596 65458 62817 44846 15750 10169 42100 16813 25287
is_linear=0
shrinkage=0.04


Tree=3
num_leaves=15
num_cat=0
split_feature=9 1 2 11 15 10 8 11 14 9 3 11 12 2
split_gain=7462.19 4890.53 5601.65 4397.12 1509.93 1086.58 1196.95 992.526 1117.36 992.097 863.317 643.131 652.533 633.336
threshold=0.90479600257076409 2.8951147655085863 108.47088250000002 1.0000000180025095e-35 9.0992552776249926 -46.479097723825596 0.99618089715588043 21.457189835890713 0.20107700301493928 0.7610487646064048 4.8944345000000009 20.117251880539794 145.56124528424473 117.83477000000001
decision_type=2 2 2 2 2 2 2 2 2 2 2 2 2 2
left_child=1 -1 3 -3 7 -4 9 10 -9 11 -5 12 -7 -13
right_child=-2 2 5 4 -6 6 -8 8 -10 -11 -12 13 -14 -15
leaf_value=-0.0014663395963668824 0 -0.0095289549402999881 0.00046074364334344867 -0.01359131405736029 0.0026184770489978792 -0.0014872723302555085 -0.00058377306160449982 -0.0036249520890462399 0.0014660715247046946 -0.00071002252399921418 0.00079743408746719372 -0.0021667631170463565 0.0010686827221202851 -0.0049817801437091825
leaf_weight=30909 156920 6257 3300 1836 7655 3667 7327 8244 9008 30658 29290 20126 1461 26338
leaf_count=30909 156920 6257 3300 1836 7655 3667 7327 8244 9008 30658 29290 20126 1461 26338
internal_value=-0.00639949 -0.0118175 -0.00892329 0.00035704 0.00390841 -0.0151473 -0.0159778 0.00129646 -0.00639926 -0.0173578 0.00556191 -0.0207443 -0.00730109 -0.022228
internal_weight=342996 186076 155167 62290 56033 92877 89577 48378 17252 82250 31126 51592 5128 46464
internal_count=342996 186076 155167 62290 56033 92877 89577 48378 17252 82250 31126 51592 5128 46464
is_linear=0
shrinkage=0.04


Tree=4
num_leaves=15
num_cat=0
split_feature=8 0 2 11 14 11 8 0 15 3 8 11 1 2
split_gain=7062.97 4632.07 5587.44 3815.34 1519.16 1312.39 991.793 969.314 799.393 666.555 662.576 810.754 626.609 559.694
threshold=0.13202656651136194 2.8813547013225675 112.77490600000002 1.0000000180025095e-35 0.21021760849986634 21.274220681840259 0.99618089715588043 6.0441501304343044 8.4516063852500043 4.8944345000000009 0.25461177869001345 20.117251880539794 4.2340968415305786 52.788839500000009
decision_type=2 2 2 2 2 2 2 2 2 2 2 2 2 2
left_child=-1 13 3 -3 5 9 10 -7 -9 12 -4 -12 -5 -2
right_child=1 2 6 4 -6 7 -8 8 -10 -11 11 -13 -14 -15
leaf_value=0 -0.0012914520378170013 -0.0091129864380462642 -0.00092334201845645897 0.0041151550890518307 0.0015447593122833254 -0.0037327104164421084 -0.00068299008187885284 -0.0018844512508581878 0.0021890110017598152 0.00071153068702411656 -0.00033343449652786252 -0.0043608728333770757 -0.01949510962948818 -0.0014945766921100618
leaf_weight=167032 12887 6307 21863 591 15354 5432 5316 14048 5624 26977 3927 34201 1308 22321
leaf_count=167032 12887 6307 21863 591 15354 5432 5316 14048 5624 26977 3927 34201 1308 22321
internal_value=-0.00619905 -0.0117868 -0.008545 -0.00114488 0.0015646 -0.00159318 -0.0171161 -0.00828235 -0.00415209 0.00422219 -0.0185835 -0.0217667 -0.0186835 -0.0247648
internal_weight=343188 176156 140948 75641 69334 53980 65307 25104 19672 28876 59991 38128 1899 35208
internal_count=343188 176156 140948 75641 69334 53980 65307 25104 19672 28876 59991 38128 1899 35208
is_linear=0
shrinkage=0.04


Tree=5
num_leaves=15
num_cat=0
split_feature=9 0 12 11 14 9 11 1 13 10 15 15 11 3
split_gain=6688.02 4458.05 4773.87 3563.19 1522.78 1066.98 1030.95 1077.13 872.78 849.945 981.774 750.828 641.164 587.704
threshold=0.86842230876108195 2.837658964650104 133.24527490799738 1.0000000180025095e-35 0.21135727656717004 0.26910982768052799 21.010226156037966 42.039512344283274 513.32521284928225 -18.10804252454939 8.9564394312499775 11.720497890624971 44.613184732247639 4.5802700000000014
decision_type=2 2 2 2 2 2 2 2 2 2 2 2 2 2
left_child=1 -1 3 -3 5 11 -4 8 -8 -7 -11 13 -9 -5
right_child=-2 2 6 4 -6 9 7 12 -10 10 -12 -13 -14 -15
leaf_value=-0.0013446310758836364 0 -0.008695359242029542 -0.00023533741313917734 -0.017745069370335983 0.0015013054311650543 -6.2297904258918696e-05 -0.0026624488321601871 0.00088167409971872713 -0.0037452381340324402 -0.0027887565912684937 0.0039587521361901471 0.0037674130935612784 -0.0017349598450004577 0.00014348610062949181
leaf_weight=34803 166554 6331 8004 1028 12411 7336 43024 2772 8790 6775 1105 2745 1188 39639
leaf_count=34803 166554 6331 8004 1028 12411 7336 43024 2772 8790 6775 1105 2745 1188 39639
internal_value=-0.00604429 -0.0114825 -0.00832091 -0.00164198 0.000920621 -0.0017739 -0.0164232 -0.0183498 -0.0198865 -0.0108885 -0.0200102 0.00142081 0.00175758 5.40979e-05
internal_weight=342505 175951 141148 77370 71039 58628 63778 55774 51814 15216 7880 43412 3960 40667
internal_count=342505 175951 141148 77370 71039 58628 63778 55774 51814 15216 7880 43412 3960 40667
is_linear=0
shrinkage=0.04


Tree=6
num_leaves=15
num_cat=0
split_feature=9 1 2 15 12 13 10 9 8 2 14 13 2 8
split_gain=6249.14 4183.34 4426.54 1364.13 993.038 1025.06 920.761 1002.07 932.24 701.336 693.764 792.937 599.474 579.888
threshold=0.90479600257076409 2.8951147655085863 108.47088250000002 11.201103675124985 70.73429373525174 408.56842982380664 -46.479097723825596 0.0025102473295502419 0.2452385559347707 72.830589000000018 0.19825011245603297 260.42522452097228 119.48373050000002 0.90632069236341406
decision_type=2 2 2 2 2 2 2 2 2 2 2 2 2 2
left_child=1 -1 3 4 9 10 12 -8 -9 -3 11 -6 -4 -5
right_child=-2 2 6 13 5 -7 7 8 -10 -11 -12 -13 -14 -15
leaf_value=-0.0012963630802867217 0 -0.0066615631218600781 0.0011771253256676994 0.0030273724253267399 -0.010023891789780999 0.0010450618568490489 -0.00010224642495366252 -0.00060956124663352968 -0.0030104059003169099 -0.00023386626094345589 -0.0018558535331723973 0.00012686633966880862 -0.00069317590682883455 -0.0009797908801780766
leaf_weight=30883 156810 3657 1810 4835 942 23399 7144 31895 50457 4916 6237 17254 1465 1172
leaf_count=30883 156810 3657 1810 4835 942 23399 7144 31895 50457 4916 6237 17254 1465 1172
internal_value=-0.00586369 -0.0108211 -0.00814548 9.10081e-05 -0.00183884 0.000408095 -0.0136866 -0.0144489 -0.0156956 -0.0143754 -0.00532231 -0.00137613 0.00714504 0.0182121
internal_weight=342876 186066 155183 62412 56405 47832 92771 89496 82352 8573 24433 18196 3275 6007
internal_count=342876 186066 155183 62412 56405 47832 92771 89496 82352 8573 24433 18196 3275 6007
is_linear=0
shrinkage=0.04


Tree=7
num_leaves=15
num_cat=0
split_feature=9 0 2 11 2 1 11 14 1 11 12 12 9 8
split_gain=5817.12 4092.11 4568.82 3573.28 1337.73 1362.33 1319.29 1189.56 709.635 964.802 730.495 702.061 686.015 622.008
threshold=0.86263046672097043 2.8813547013225675 112.77490600000002 1.0000000180025095e-35 103.02244950000001 21.679571595128902 26.540764865785764 0.21135727656717004 6.1037357332819449 27.289569209555705 104.839033208722 71.564422857775341 0.12037644980542363 0.2057082679254281
decision_type=2 2 2 2 2 2 2 2 2 2 2 2 2 2
left_child=1 -1 3 -3 7 12 -4 8 9 -5 -10 -9 -6 -8
right_child=-2 2 6 4 5 -7 13 11 10 -11 -12 -13 -14 -15
leaf_value=-0.0012480930314004329 0 -0.0082313508069865506 -0.00065732578648657991 -7.447727162967608e-05 -0.0013265758266971001 0.00049247802826492227 -0.00059488275660605616 0.00014414654469714795 0.0017614953418612284 -0.014107610872137345 -0.00030854424317264256 0.0051440849056727037 -0.0026152453483076323 -0.0040102264218210941
leaf_weight=35041 168586 6350 17531 12296 5253 9714 11693 3156 12536 1820 11046 5711 7588 34945
leaf_count=35041 168586 6350 17531 12296 5253 9714 11693 3156 12536 1820 11046 5711 7588 34945
internal_value=-0.00562689 -0.0107424 -0.00767551 -0.00100384 0.00163426 -0.00636134 -0.0155221 0.00550714 0.00240649 -0.00468688 0.00665253 0.0186895 -0.0149116 -0.0190386
internal_weight=343266 174680 139639 75470 69120 22555 64169 46565 37698 14116 23582 8867 12841 46638
internal_count=343266 174680 139639 75470 69120 22555 64169 46565 37698 14116 23582 8867 12841 46638
is_linear=0
shrinkage=0.04


Tree=8
num_leaves=15
num_cat=0
split_feature=9 0 2 11 14 11 11 0 9 12 10 11 11 2
split_gain=5467.17 3709.97 3701.98 3291.91 1629.25 1311.41 1257.73 970.359 863.866 789.627 689.323 644.868 858.397 1257.97
threshold=0.90479600257076409 2.5614601447569867 115.63090550000003 1.0000000180025095e-35 0.21021760849986634 23.504047441426529 26.540764865785764 6.0441501304343044 0.79275912120806546 107.6323131318883 -21.260043017513869 3.03732074260239 1.0000000180025095e-35 53.139727000000008
decision_type=2 2 2 2 2 2 2 2 2 2 2 2 2 2
left_child=1 11 3 -3 5 -5 -4 -7 -8 -9 -11 12 -1 -14
right_child=-2 2 6 4 -6 7 8 9 -10 10 -12 -13 13 -15
leaf_value=-0.0025602261913337623 0 -0.0074747816631130018 -0.00050771848672799362 0.00022195417042544712 0.0011974483191128007 -0.0038926300412184538 -0.0042217180068664329 0.0050818746463783442 -0.00058925352287784289 1.4117396599230281e-05 -0.0039642176123822924 -0.0014451796290197287 -0.00051692247503184389 0.00025180911595440794
leaf_weight=2707 157049 6649 16853 38299 17810 5875 29994 2414 17986 7561 9088 20098 6807 3981
leaf_count=2707 157049 6649 16853 38299 17810 5875 29994 2414 17986 7561 9088 20098 6807 3981
internal_value=-0.0054606 -0.0100983 -0.00744803 -0.00208995 0.000129801 -0.00287996 -0.0146956 -0.0100184 -0.0179975 -0.00563815 -0.00873806 -0.022132 -0.0153687 -0.0103152
internal_weight=343171 186122 152529 87696 81047 63237 64833 24938 47980 19063 16649 33593 13495 10788
internal_count=343171 186122 152529 87696 81047 63237 64833 24938 47980 19063 16649 33593 13495 10788
is_linear=0
shrinkage=0.04


Tree=9
num_leaves=15
num_cat=0
split_feature=9 0 2 11 8 15 3 2 14 11 1 1 2 11
split_gain=5170.28 3808.83 4183.63 2813.92 1260.22 1250.12 747.326 852.199 773.255 700.568 909.982 685.234 679.984 990.378
threshold=0.829907741519324 3.862040750070832 110.56104250000001 0.84660773943514733 0.99618089715588043 9.0992552776249926 4.8944345000000009 103.02244950000001 0.21021760849986634 43.66572396830886 17.446140684324771 21.317635409985325 53.139727000000008 1.0000000180025095e-35
decision_type=2 2 2 2 2 2 2 2 2 2 2 2 2 2
left_child=1 12 3 -3 9 6 -5 8 -8 10 -4 -9 -1 -14
right_child=-2 2 4 5 -6 -7 7 11 -10 -11 -12 -13 13 -15
leaf_value=-0.0010851986787956537 0 -0.0089971445189916295 -0.0035581854554672145 -0.014292467779673565 0.0035807324383013185 0.0023665471174915344 0.00030446143519612535 -0.0023812241276676273 0.0029070240011759307 -0.0051893422303555094 -0.0010825917529358826 0.0007509161370141392 -0.0030145289962309179 -0.0010231904202144921
leaf_weight=14093 177186 5363 11980 1855 5818 8011 27151 8511 6443 12195 29722 3970 3919 26801
leaf_count=14093 177186 5363 11980 1855 5818 8011 27151 8511 6443 12195 29722 3970 3919 26801
internal_value=-0.00531214 -0.0103883 -0.00669944 0.000640741 -0.0142349 0.00329418 0.000849572 0.00185176 0.00516759 -0.0161441 -0.013678 -0.00707315 -0.0203503 -0.017013
internal_weight=343018 165832 121019 61304 59715 55941 47930 46075 33594 53897 41702 12481 44813 30720
internal_count=343018 165832 121019 61304 59715 55941 47930 46075 33594 53897 41702 12481 44813 30720
is_linear=0
shrinkage=0.04


Tree=10
num_leaves=15
num_cat=0
split_feature=8 0 2 11 11 2 1 3 15 11 14 14 2 11
split_gain=4903.2 3542.08 3868.7 2727.71 1396.62 1248.52 1008.81 994.351 930.364 632.116 624.827 595.685 605.833 724.081
threshold=0.16856625151861601 3.5685265919389186 113.37740350000001 0.84660773943514733 28.211626707874455 103.02244950000001 21.317635409985325 4.8944345000000009 11.201103675124985 44.920399470807638 0.17495902990765722 0.21256765339438269 53.139727000000008 1.0000000180025095e-35
decision_type=2 2 2 2 2 2 2 2 2 2 2 2 2 2
left_child=9 11 3 -3 10 7 -7 -5 -9 -1 -4 12 -2 -14
right_child=1 2 4 5 -6 6 -8 8 -10 -11 -12 -13 13 -15
leaf_value=0 -0.0011154609002248363 -0.0080731096533979071 -0.0040705184145433298 -0.012108565756200534 -0.0031255937741239237 -0.0022824304382689379 0.00035659142205374765 0.00070368400493061201 0.0026340996788596829 -0.00066630988675767935 -0.00025121207314310004 4.425658394337173e-05 -0.0027221121158425882 -0.0010650062654010369
leaf_weight=166956 13255 5760 1899 2132 36323 12757 10330 36769 4529 10111 14056 1955 3487 22782
leaf_count=166956 13255 5760 1899 2132 36323 12757 10330 36769 4529 10111 14056 1955 3487 22782
internal_value=-0.00516105 -0.0100991 -0.00672763 -0.000732183 -0.0150166 0.00155449 -0.0059618 0.00555008 0.00692527 -0.000530647 -0.00515199 -0.0202232 -0.0212893 -0.0177715
internal_weight=343101 166034 124555 72277 52278 66517 23087 43430 41298 177067 15955 41479 39524 26269
internal_count=343101 166034 124555 72277 52278 66517 23087 43430 41298 177067 15955 41479 39524 26269
is_linear=0
shrinkage=0.04


Tree=11
num_leaves=15
num_cat=0
split_feature=10 1 2 11 13 15 9 9 9 11 11 2 15 11
split_gain=4565.85 3450.37 2813.14 2919.47 1343.07 1172.86 871.636 1301.87 869.982 746.145 1475.86 1153.98 984.424 702.408
threshold=-1.0000000180025095e-35 3.5381768016705899 108.47088250000002 1.0000000180025095e-35 642.89807683317133 11.201103675124985 0.0025102473295502419 0.7610487646064048 0.68770038024200852 3.1729423633935876 1.0000000180025095e-35 53.139727000000008 5.108791732625023 21.367454298042805
decision_type=2 2 2 2 2 2 2 2 2 2 2 2 2 2
left_child=1 9 3 -3 6 -5 -4 13 -6 10 -1 -12 -13 -8
right_child=-2 2 4 5 8 -7 7 -9 -10 -11 11 12 -14 -15
leaf_value=-0.0026639768139099956 0 -0.0081063699980642098 0.0021826835834862363 0.00016785169762865136 -0.0016751894507600305 0.0025930491313393977 -0.00058912960760339477 -0.00040502449731330271 0.00080815819495835578 -0.0015429654190103452 -0.00043034451151618156 0.00076340688859063012 -0.00026399613822859915 -0.003008033341268479
leaf_weight=3640 147745 5497 6741 48794 1222 5289 9223 40738 2979 18177 7061 1977 3030 40726
leaf_count=3640 147745 5497 6741 48794 1222 5289 9223 40738 2979 18177 7061 1977 3030 40726
internal_value=-0.00498986 -0.00900694 -0.00656812 0.000332998 -0.0106139 0.00315589 -0.0115687 -0.0126003 0.0115306 -0.0206097 -0.0142246 -0.00749088 0.00719792 -0.0169285
internal_weight=342839 195094 161209 59580 101629 54083 97428 90687 4201 33885 15708 12068 5007 49949
internal_count=342839 195094 161209 59580 101629 54083 97428 90687 4201 33885 15708 12068 5007 49949
is_linear=0
shrinkage=0.04


Tree=12
num_leaves=15
num_cat=0
split_feature=9 0 2 11 11 2 1 3 15 11 11 2 0 15
split_gain=4332.19 3232.95 3423.62 2314.04 1257.54 1079.5 925.932 908.603 788.916 692.532 1291.16 1244.16 958.8 876.749
threshold=0.829907741519324 3.5685265919389186 113.37740350000001 1.0000000180025095e-35 28.880941830528325 103.02244950000001 21.679571595128902 4.8944345000000009 11.201103675124985 3.1729423633935876 1.0000000180025095e-35 53.139727000000008 1.41428441533753 5.108791732625023
decision_type=2 2 2 2 2 2 2 2 2 2 2 2 2 2
left_child=1 9 3 -3 -4 7 -7 -5 -9 10 -1 -12 -11 -13
right_child=-2 2 4 5 -6 6 -8 8 -10 12 11 13 -14 -15
leaf_value=-0.0024898862748695262 0 -0.0074509911775035324 -0.00056333342791719924 -0.011703605776094628 -0.0029652730885500194 -0.0020342229871154406 0.00039873940393631707 0.00064694822732889925 0.0023717253858831773 -0.0015866293043289414 -0.00041948905653694911 0.00073537242487919431 -0.001151784955274953 -0.00013350981026041405
leaf_weight=3716 177181 5633 16649 2117 35531 13076 9935 36834 4509 9927 7038 1969 15355 3229
leaf_count=3716 177181 5633 16649 2117 35531 13076 9935 36834 4509 9927 7038 1969 15355 3229
internal_value=-0.00480036 -0.00945347 -0.00623347 -0.00058582 -0.0140376 0.0015002 -0.00550519 0.00520939 0.00651815 -0.0191589 -0.0126329 -0.00636156 -0.0232766 0.00848018
internal_weight=342699 165518 124284 72104 52180 66471 23011 43460 41343 41234 15952 12236 25282 5198
internal_count=342699 165518 124284 72104 52180 66471 23011 43460 41343 41234 15952 12236 25282 5198
is_linear=0
shrinkage=0.04


Tree=13
num_leaves=15
num_cat=0
split_feature=8 0 2 11 11 11 15 11 2 11 15 13 2 11
split_gain=4139.33 3184.29 3269.62 2827.13 1158.71 1091.09 1074.86 885.154 1176.45 720.25 719.193 642.083 635.676 577.245
threshold=0.20048875092393439 2.8813547013225675 110.330696 1.0000000180025095e-35 3.1729423633935876 23.086545164692158 11.201103675124985 1.0000000180025095e-35 53.139727000000008 44.613184732247639 5.108791732625023 260.42522452097228 117.52146150000002 1.3165867113977403
decision_type=2 2 2 2 2 2 2 2 2 2 2 2 2 2
left_child=9 4 3 -3 7 -4 11 -2 -9 -1 -10 -5 -7 -12
right_child=1 2 5 6 -6 12 -8 8 10 -11 13 -13 -14 -15
leaf_value=0 -0.0022075596722939345 -0.0065111034635311881 -0.00041839918288228572 -0.0093991468593336604 -0.001438054453193563 -0.0010647471460153892 0.0024372432587399413 -0.00040966051344337127 0.00066377472473003489 -0.00065507372708371674 -0.0033723698412098688 0.0001563785312924598 -0.0035713089014784284 0.00010090597636081798
leaf_weight=172121 3103 6250 15709 772 18509 14368 5788 7081 1782 11815 584 52629 29939 2247
leaf_count=172121 3103 6250 15709 772 18509 14368 5788 7081 1782 11815 584 52629 29939 2247
internal_value=-0.00473118 -0.00946303 -0.00654418 -0.00036003 -0.0204576 -0.0132871 0.00234165 -0.0121133 -0.00707371 -0.000646964 0.00864513 0.000567031 -0.0164985 -0.00388555
internal_weight=342697 158761 125455 65439 33306 60016 59189 14797 11694 183936 4613 53401 44307 2831
internal_count=342697 158761 125455 65439 33306 60016 59189 14797 11694 183936 4613 53401 44307 2831
is_linear=0
shrinkage=0.04


Tree=14
num_leaves=15
num_cat=0
split_feature=9 0 2 11 11 2 1 0 14 11 11 2 0 15
split_gain=3921.48 3118.52 3027.23 2108.5 1215.75 954.139 913.415 899.738 1068.39 721.965 1176.92 1098.79 996.826 855.827
threshold=0.82540020730397223 3.5685265919389186 113.67254250000001 1.0000000180025095e-35 28.880941830528325 103.02244950000001 21.317635409985325 5.5480101299884677 0.21021760849986634 3.1729423633935876 1.0000000180025095e-35 53.139727000000008 1.41428441533753 5.108791732625023
decision_type=2 2 2 2 2 2 2 2 2 2 2 2 2 2
left_child=1 9 3 -3 -4 7 -7 -5 -9 10 -1 -12 -11 -13
right_child=-2 2 4 5 -6 6 -8 8 -10 12 11 13 -14 -15
leaf_value=-0.0023059551260927896 0 -0.0069528762936469594 -0.00048152899596803775 -0.00032565788113411357 -0.0028554440153460009 -0.0019947930004908009 0.00035624515391814173 0.00071563202833840661 0.0031783764495144596 -0.0014734663825753281 -0.00038486365401041087 0.00067940653889482516 -0.0010797502544050719 -0.00014776656701013545
leaf_weight=3739 178663 5634 16223 13504 34311 13190 10616 22594 7400 9938 7033 1973 15107 3204
leaf_count=3739 178663 5634 16223 13504 34311 13190 10616 22594 7400 9938 7033 1973 15107 3204
internal_value=-0.00459151 -0.00904844 -0.00587469 -0.000661384 -0.0133993 0.00130631 -0.00513148 0.00482965 0.00868974 -0.0186076 -0.0119556 -0.00594267 -0.0228437 0.00804327
internal_weight=343129 164466 123472 72938 50534 67304 23806 43498 29994 40994 15949 12210 25045 5177
internal_count=343129 164466 123472 72938 50534 67304 23806 43498 29994 40994 15949 12210 25045 5177
is_linear=0
shrinkage=0.04


Tree=15
num_leaves=15
num_cat=0
split_feature=9 0 2 11 11 11 15 11 2 11 12 15 13 2
split_gain=3763.46 2843.57 3059.35 2663.37 1212.24 1000.5 925.228 780.351 996.584 738.786 724.57 688.014 623.171 562.735
threshold=0.77880589604209161 2.8813547013225675 110.56104250000001 1.0000000180025095e-35 3.1729423633935876 21.367454298042805 11.201103675124985 1.0000000180025095e-35 53.139727000000008 44.613184732247639 145.56124528424473 5.108791732625023 260.42522452097228 118.65689500000001
decision_type=2 2 2 2 2 2 2 2 2 2 2 2 2 2
left_child=1 4 3 -3 7 10 12 -1 -9 -2 -4 -10 -5 -7
right_child=9 2 5 6 -6 13 -8 8 11 -11 -12 -13 -14 -15
leaf_value=-0.0020227531759318905 0 -0.0060178386791564422 -0.0011114474197911016 -0.0090518062660938509 -0.0013485366683266592 -0.0012544308363834434 0.0022289402966456928 -0.00037356878982345177 0.00061022122172456079 -0.00065244936669400626 0.00060121934941542222 -0.00010729044396023846 0.00013591461921191248 -0.0035595399833303364
leaf_weight=3069 176095 6264 6919 792 18043 17043 5872 7062 1764 12699 3093 2810 53031 27905
leaf_count=3069 176095 6264 6919 792 18043 17043 5872 7062 1764 12699 3093 2810 53031 27905
internal_value=-0.00447864 -0.00912649 -0.00629479 -0.000486969 -0.0195823 -0.0132649 0.00211676 -0.0110575 -0.0063252 -0.000695573 -0.0018298 0.00822038 0.000471917 -0.015812
internal_weight=342461 153667 120919 65959 32748 54960 59695 14705 11636 188794 10012 4574 53823 44948
internal_count=342461 153667 120919 65959 32748 54960 59695 14705 11636 188794 10012 4574 53823 44948
is_linear=0
shrinkage=0.04


Tree=16
num_leaves=15
num_cat=0
split_feature=9 0 2 11 11 11 0 11 12 3 11 2 10 3
split_gain=3527.21 2747.82 2785.56 2478.16 1241.85 1007.76 866.279 1165.52 1124.85 852.066 788.83 996.91 702.167 961.592
threshold=0.78120538408559459 2.8813547013225675 110.56104250000001 1.0000000180025095e-35 3.1729423633935876 23.086545164692158 5.7976226271705604 26.540764865785764 104.839033208722 14.256928 1.0000000180025095e-35 53.139727000000008 -4.4971327493264388 5.1984865000000005
decision_type=2 2 2 2 2 2 2 2 2 2 2 2 2 2
left_child=1 4 3 -3 10 -4 7 12 -8 -10 -1 -12 13 -5
right_child=-2 2 5 6 -6 -7 8 -9 9 -11 11 -13 -14 -15
leaf_value=-0.0019547438782098006 0 -0.00571429266176182 -0.00038025762475839313 -0.021162855422110445 -0.0013030349212705644 -0.0026469701165754279 0.0017504069818790435 -0.0097031272567908618 -0.023302797708588324 0.00050814755557815284 -0.00035736808220252907 0.00021159343957129567 0.00087329951950524418 -0.00012739809886725453
leaf_weight=3093 188591 6311 14982 1602 18166 40335 16901 2853 2256 21881 7044 4573 7342 7066
leaf_count=3093 188591 6311 14982 1602 18166 40335 16901 2853 2256 21881 7044 4573 7342 7066
internal_value=-0.00430617 -0.00878909 -0.00601371 -0.000478463 -0.0190485 -0.0126392 0.00203336 -0.00506176 0.00529461 -0.000246924 -0.0104092 -0.00562968 -0.00086446 -0.00857407
internal_weight=342996 154405 121529 66212 32876 55317 59901 18863 41038 24137 14710 11617 16010 8668
internal_count=342996 154405 121529 66212 32876 55317 59901 18863 41038 24137 14710 11617 16010 8668
is_linear=0
shrinkage=0.04


Tree=17
num_leaves=15
num_cat=0
split_feature=8 1 11 13 2 11 11 11 13 11 11 0 2 11
split_gain=3297.96 2678.55 2111.8 1598.79 1080.46 1067.21 879.568 925.334 878.243 866.676 813.764 793.597 709.095 641.031
threshold=0.09558586933729056 3.5381768016705899 43.974546242631533 414.91409565628356 117.83477000000001 1.0000000180025095e-35 3.1729423633935876 1.0000000180025095e-35 268.32281790025485 26.540764865785764 2.1547596403788325 1.41428441533753 84.208591500000026 34.967243539657979
decision_type=2 2 2 2 2 2 2 2 2 2 2 2 2 2
left_child=-1 6 3 9 5 -5 7 -2 -9 10 -3 -8 -13 -11
right_child=1 2 -4 4 -6 -7 11 8 -10 13 -12 12 -14 -15
leaf_value=0 -0.0019799252923082072 -0.0058020167906879085 -0.0022740845193901823 -0.0071680981539442822 -0.00081565871191534539 0.00049340319575880446 -0.0013071181712455322 0.00066461238704775287 -0.00023879915243209683 -0.0016634439580922914 -0.00033941320575593014 -0.00059242497548513985 -0.0098988435664296767 -0.00088592651838542583
leaf_weight=156988 3751 2606 21927 3068 13064 48297 9982 704 11332 13782 37926 6782 1463 11108
leaf_count=156988 3751 2606 21927 3068 13064 48297 9982 704 11332 13782 37926 6782 1463 11108
internal_value=-0.00418881 -0.00779538 -0.00552175 -0.00358288 0.000889661 0.003502 -0.0179408 -0.0110293 -0.00562313 -0.00798753 -0.00437975 -0.0239271 -0.0147435 -0.0138626
internal_weight=342780 185792 151778 129851 64429 51365 34014 15787 12036 65422 40532 18227 8245 24890
internal_count=342780 185792 151778 129851 64429 51365 34014 15787 12036 65422 40532 18227 8245 24890
is_linear=0
shrinkage=0.04


Tree=18
num_leaves=15
num_cat=0
split_feature=8 0 2 11 11 11 0 11 12 0 11 1 3 12
split_gain=3325.41 2401.93 2665.33 2283.61 1192.3 860.073 805.507 923.691 903.771 825.349 792.267 733.101 895.171 684.072
threshold=0.2452385559347707 2.8813547013225675 109.20732500000001 1.0000000180025095e-35 3.1729423633935876 21.010226156037966 5.7976226271705604 26.811308109290415 105.64069613192113 19.101428005446419 15.305100937413531 4.5469311292274392 5.2786510000000009 145.56124528424473
decision_type=2 2 2 2 2 2 2 2 2 2 2 2 2 2
left_child=-1 4 3 -3 -2 13 7 11 -8 10 -10 -5 -13 -4
right_child=1 2 5 6 -6 -7 8 -9 9 -11 -12 12 -14 -15
leaf_value=0 -0.00033909010576689688 -0.0053485728130148605 -0.00099249037397435079 0.00088723193529881359 -0.001195893093386342 -0.0023983244782229333 0.0016514021457650458 -0.011884516686139943 0.0033963417430248224 0.0081041235762238355 -0.0018184086392204683 -0.020593720612187064 -0.00017110480538156905 0.00068567986744996171
leaf_weight=194176 14749 6261 6248 7727 17677 46202 17567 2118 1240 3834 14822 1562 6438 2649
leaf_count=194176 14749 6261 6248 7727 17677 46202 17567 2118 1240 3834 14822 1562 6438 2649
internal_value=-0.00401282 -0.00850577 -0.00582919 -0.000109796 -0.0181361 -0.0122202 0.0024821 -0.00451219 0.00581374 -2.41255e-05 -0.00400448 -0.00117251 -0.00966 -0.000831741
internal_weight=343270 149094 116668 61569 32426 55099 55308 17845 37463 19896 16062 15727 8000 8897
internal_count=343270 149094 116668 61569 32426 55099 55308 17845 37463 19896 16062 15727 8000 8897
is_linear=0
shrinkage=0.04


Tree=19
num_leaves=15
num_cat=0
split_feature=8 0 2 11 11 11 15 11 11 2 15 10 12 2
split_gain=3183.33 2037.73 2769.98 2164.03 1130.88 965.884 872.592 723.494 686.891 886.485 673.401 669.44 606.795 591
threshold=0.27810369461264489 2.8813547013225675 109.80891450000001 1.0000000180025095e-35 3.1729423633935876 21.010226156037966 11.201103675124985 44.613184732247639 1.0000000180025095e-35 53.139727000000008 7.1632566795000097 -45.019330116036521 145.56124528424473 75.622772000000012
decision_type=2 2 2 2 2 2 2 2 2 2 2 2 2 2
left_child=7 4 3 13 8 12 -5 11 -2 -10 -11 -1 -4 -3
right_child=1 2 5 6 -6 -7 -8 -9 9 10 -12 -13 -14 -15
leaf_value=0.001209296174817286 -0.0017794201653596224 -0.0062188944424021462 -0.00097494104802051519 6.0593834145473079e-05 -0.0011504087728872775 -0.0029065279481183437 0.0022079804293737531 -0.00063440260409553526 -0.00032350977838024571 0.00031115123198217887 -0.0032349810771305798 0 0.00063087215191167615 -0.0033954358241238092
leaf_weight=2316 3102 2670 5698 51089 17176 40349 5586 14266 7064 4149 409 183209 2518 3623
leaf_count=2316 3102 2670 5698 51089 17176 40349 5586 14266 7064 4149 409 183209 2518 3623
internal_value=-0.00392047 -0.00846695 -0.00591717 -0.000381146 -0.0173818 -0.013095 0.00208981 -0.000656486 -0.00924749 -0.00478403 0.00896885 1.09958e-05 -0.000593963 -0.0226347
internal_weight=343224 143433 111533 62968 31900 48565 56675 199791 14724 11622 4558 185525 8216 6293
internal_count=343224 143433 111533 62968 31900 48565 56675 199791 14724 11622 4558 185525 8216 6293
is_linear=0
shrinkage=0.04


Tree=20
num_leaves=15
num_cat=0
split_feature=9 1 2 11 8 11 11 13 13 0 11 11 11 0
split_gain=3013.56 1920.3 2613.32 1677.13 1135.01 830.16 805.072 874.737 802.387 798.393 782.789 771.432 752.54 701.031
threshold=0.69157815442682347 3.5381768016705899 109.20732500000001 1.0000000180025095e-35 0.99618089715588043 3.2909235322949475 1.0000000180025095e-35 268.32281790025485 403.33370222533182 1.3717455467024713 28.880941830528325 22.086982850100338 44.613184732247639 6.0962982818823752
decision_type=2 2 2 2 2 2 2 2 2 2 2 2 2 2
left_child=1 5 3 -3 10 6 -1 -8 11 -7 -4 -5 -2 -10
right_child=12 2 4 8 -6 9 7 -9 13 -11 -12 -13 -14 -15
leaf_value=-0.0017654832553095972 0 -0.0054503277246353374 -0.00084470470266572177 0.00032975828477540116 0.0028322492369684984 -0.0013000647850146181 0.00064846246274626485 -0.00021691402451977802 -0.00017973716371812485 -0.00087146233397336972 -0.0042148953991625552 -0.0038708463201149847 -0.00064423906145344683 0.0016437147676214017
leaf_weight=3741 189045 5623 16736 13546 6568 9083 738 11862 9415 8471 22969 7166 14971 23243
leaf_count=3741 189045 5623 16736 13546 6568 9083 738 11862 9415 8471 22969 7166 14971 23243
internal_value=-0.00379571 -0.00833423 -0.00566793 -8.61119e-05 -0.0127841 -0.0166148 -0.0101267 -0.00528889 0.00210305 -0.0226547 -0.0153321 -0.00405562 -0.000699945 0.00600894
internal_weight=343177 139161 105266 58993 46273 33895 16341 12600 53370 17554 39705 20712 204016 32658
internal_count=343177 139161 105266 58993 46273 33895 16341 12600 53370 17554 39705 20712 204016 32658
is_linear=0
shrinkage=0.04


Tree=21
num_leaves=15
num_cat=0
split_feature=8 2 2 11 0 11 11 11 12 14 9 3 2 11
split_gain=2798.88 1856.35 1923.59 2430.32 1468.24 1531.92 981.393 946.862 836.913 833.81 802.461 798.428 706.243 698.899
threshold=0.3099793855403255 53.139727000000008 110.330696 1.0000000180025095e-35 5.7976226271705604 3.2909235322949475 28.670978857163679 2.684865702742798 105.64069613192113 0.17495902990765722 0.12317037110893798 14.256928 71.030990500000016 28.880941830528325
decision_type=2 2 2 2 2 2 2 2 2 2 2 2 2 2
left_child=-1 7 3 12 5 -5 9 -2 -6 -4 -8 -10 -3 -7
right_child=1 2 6 4 8 13 10 -9 11 -11 -12 -13 -14 -15
leaf_value=0 -0.00022932528883729626 -0.0030005117003587089 -0.0042863463262319511 0.00025868659550130674 0.0015063114435688702 -0.00051674876367342791 -0.0073604494476766195 -0.0010523898305712016 -0.02464234197112912 -0.00022524949286557226 -0.0042210137073931762 0.0005429185655292534 -0.0022183372013350701 -0.011184296352647513
leaf_weight=204082 6151 4573 3331 7218 17551 22776 5899 7926 2204 15353 19041 19847 4591 2555
leaf_count=204082 6151 4573 3331 7218 17551 22776 5899 7926 2204 15353 19041 19847 4591 2555
internal_value=-0.00364934 -0.0080267 -0.00647516 -0.00283982 -0.000375324 -0.00666933 -0.0132514 -0.0217973 0.00479774 -0.00631985 -0.0184443 -0.000390005 -0.0222436 -0.0113016
internal_weight=343098 139016 124939 81315 72151 32549 43624 14077 39602 18684 24940 22051 9164 25331
internal_count=343098 139016 124939 81315 72151 32549 43624 14077 39602 18684 24940 22051 9164 25331
is_linear=0
shrinkage=0.04


Tree=22
num_leaves=15
num_cat=0
split_feature=8 2 11 11 9 0 11 13 0 2 11 9 13 10
split_gain=2654.89 1764.12 1841.96 2173.66 1500.17 1243.4 905.431 780.74 789.269 792.262 746.38 720.907 764.806 691.947
threshold=0.31764595267455514 53.139727000000008 28.880941830528325 1.0000000180025095e-35 0.20691430137100883 5.5480101299884677 2.684865702742798 408.56842982380664 6.0962982818823752 103.02244950000001 44.613184732247639 0.0025102473295502419 268.32281790025485 -17.146744639989269
decision_type=2 2 2 2 2 2 2 2 2 2 2 2 2 2
left_child=10 6 3 -3 5 -4 -2 11 -9 -10 -1 12 -5 -13
right_child=1 2 4 7 -6 -7 -8 8 9 -11 -12 13 -14 -15
leaf_value=0 -0.00022042262160076377 -0.002778661968678662 -0.011014860226579664 0.00080753061426311887 -0.0039211096968689184 -0.00061863497958435782 -0.0010103894557683822 -0.0002293100987022404 0.0017960486348117608 -0.00027201200927848583 -0.00064866596064419688 -2.8302967882231841e-05 -0.00032773935532147582 -0.0028130385312760465
leaf_weight=190297 6156 9195 2049 4085 19682 14444 7924 15217 14249 8476 15070 5426 21131 9932
leaf_count=190297 6156 9195 2049 4085 19682 14444 7924 15217 14249 8476 15070 5426 21131 9932
internal_value=-0.00359861 -0.00789006 -0.00636521 -0.00323289 -0.0139599 -0.00506154 -0.0213068 -0.001078 0.00304676 0.00776766 -0.000715597 -0.00493518 -0.000774112 -0.0117672
internal_weight=343333 137966 123886 87711 36175 16493 14080 78516 37942 22725 205367 40574 25216 15358
internal_count=343333 137966 123886 87711 36175 16493 14080 78516 37942 22725 205367 40574 25216 15358
is_linear=0
shrinkage=0.04


Tree=23
num_leaves=15
num_cat=0
split_feature=9 2 2 11 0 11 11 11 3 11 0 11 12 11
split_gain=2494.46 1653.89 1748.21 2125.97 1304.83 1490.33 895.174 879.68 715.414 687.896 719.282 674.841 670.751 660.086
threshold=0.68388520066573799 53.139727000000008 110.330696 1.0000000180025095e-35 5.7976226271705604 3.2909235322949475 25.678386230047657 2.684865702742798 49.153600000000004 28.880941830528325 1.8213129576501308 44.613184732247639 105.64069613192113 15.305100937413531
decision_type=2 2 2 2 2 2 2 2 2 2 2 2 2 2
left_child=1 7 3 -3 5 -5 -4 -1 12 10 -7 -2 -6 -14
right_child=11 2 6 4 8 9 -8 -9 -10 -11 -12 -13 13 -15
leaf_value=-0.00021093147644561452 0 -0.0026614819023375357 -0.00058679018516181916 0.00025916227497757837 0.00114044129722008 -0.00074431028885589892 -0.0041285807243532967 -0.00097548484848777363 0.0043605558976670244 -0.010475370462080604 -0.000358381537028879 -0.00061795678774785958 0.0031955818189613018 -0.0012799831872724317
leaf_weight=6143 189837 9203 15656 7217 15016 4737 27152 7946 5089 2542 17925 15048 1267 18089
leaf_count=6143 189837 9203 15656 7217 15016 4737 27152 7946 5089 2542 17925 15048 1267 18089
internal_value=-0.00347657 -0.00763404 -0.00615725 -0.00270482 -0.000387301 -0.00633293 -0.0126967 -0.0206203 0.00449761 -0.0109221 -0.00870885 -0.000676672 0.00242523 -0.00249638
internal_weight=342867 137982 123893 81085 71882 32421 42808 14089 39461 25204 22662 204885 34372 19356
internal_count=342867 137982 123893 81085 71882 32421 42808 14089 39461 25204 22662 204885 34372 19356
is_linear=0
shrinkage=0.04


Tree=24
num_leaves=15
num_cat=0
split_feature=9 2 2 11 0 11 11 12 11 11 3 10 2 10
split_gain=2344.68 1512.96 1740.92 1776.1 1087.55 1338.84 1044.74 928.294 831.852 749.336 731.042 727.194 731.628 695.867
threshold=0.64890694185412146 53.139727000000008 113.67254250000001 1.0000000180025095e-35 6.0962982818823752 3.2909235322949475 26.266431335024514 105.64069613192113 2.684865702742798 44.613184732247639 14.256928 -1.1468748706836036 72.01134500000002 -39.633001326259723
decision_type=2 2 2 2 2 2 2 2 2 2 2 2 2 2
left_child=1 8 3 11 5 -5 -4 -6 -1 13 -9 12 -3 -2
right_child=9 2 6 4 7 -7 -8 10 -10 -11 -12 -13 -14 -15
leaf_value=-0.00020666200568364296 0.00089477016568417236 -0.0032190318875135512 -0.0005805649367102456 0.00023428870664895219 0.0014417021822383841 -0.00071064981282433447 -0.0054341189942265153 -0.024927974804477834 -0.00092911635085906892 -0.00063672508259698241 9.3971313413293147e-05 0.00088319830174567323 -0.0024542188819225998 0
leaf_weight=6192 4990 4225 11710 7269 16627 26820 20155 2414 7926 15730 25160 604 4325 188442
leaf_count=6192 4990 4225 11710 7269 16627 26820 20155 2414 7926 15730 25160 604 4325 188442
internal_value=-0.00333566 -0.00747885 -0.00601363 -0.00309684 -0.00114753 -0.00651588 -0.0140179 0.00299269 -0.0198612 -0.000692669 -0.00150867 -0.0197684 -0.0227649 -9.92597e-06
internal_weight=342589 133427 119309 87444 78290 34089 31865 44201 14118 209162 27574 9154 8550 193432
internal_count=342589 133427 119309 87444 78290 34089 31865 44201 14118 209162 27574 9154 8550 193432
is_linear=0
shrinkage=0.04


Tree=25
num_leaves=15
num_cat=0
split_feature=8 2 2 11 0 11 11 12 11 11 3 10 2 10
split_gain=2211.67 1387.64 1696.81 1717.51 1021.99 1284.79 917.993 797.439 769.248 767.256 706.583 682.355 728.329 650.043
threshold=0.358247972507932 53.139727000000008 113.37740350000001 1.0000000180025095e-35 6.0962982818823752 14.310773899772387 26.266431335024514 105.64069613192113 44.613184732247639 2.684865702742798 14.256928 -1.1468748706836036 74.499008000000018 -39.633001326259723
decision_type=2 2 2 2 2 2 2 2 2 2 2 2 2 2
left_child=8 9 3 11 5 -5 -4 -6 13 -2 -9 12 -3 -1
right_child=1 2 6 4 7 -7 -8 10 -10 -11 -12 -13 -14 -15
leaf_value=0.00086436742479425511 -0.00019408043918204304 -0.0031693131203670457 -0.00064942561529337693 -4.8280994564738853e-05 0.0013762959937339723 -0.0046930468386338813 -0.0053200664910531123 -0.025474451665891528 -0.00065024934805317503 -0.00090089324710034523 0.00015662276399260614 0.00080341892942474796 -0.0020432897068938692 0
leaf_weight=4953 6110 4502 11792 23652 16604 10356 20210 2351 15794 7890 24587 608 4060 189115
leaf_count=4953 6110 4502 11792 23652 16604 10356 20210 2351 15794 7890 24587 608 4060 189115
internal_value=-0.0032653 -0.0073067 -0.00590219 -0.00299723 -0.00106151 -0.00625735 -0.0137741 0.00299665 -0.000709419 -0.0192171 -0.00125325 -0.0193675 -0.0222752 -1.85502e-05
internal_weight=342584 132722 118722 86720 77550 34008 32002 43542 209862 14000 26938 9170 8562 194068
internal_count=342584 132722 118722 86720 77550 34008 32002 43542 209862 14000 26938 9170 8562 194068
is_linear=0
shrinkage=0.04


Tree=26
num_leaves=15
num_cat=0
split_feature=8 2 2 11 14 11 11 1 9 13 13 15 12 2
split_gain=2089.72 1355.13 1552.25 1752.13 907.97 734.004 714.611 809.105 760.46 679.38 1189.7 700.987 667.449 834.089
threshold=0.35281497239572129 53.139727000000008 110.330696 1.0000000180025095e-35 0.21021760849986634 2.8316024738975325 28.880941830528325 11.671445788969939 0.12317037110893798 222.80609965345354 268.32281790025485 9.0992552776249926 71.985383899525459 101.30186050000002
decision_type=2 2 2 2 2 2 2 2 2 2 2 2 2 2
left_child=-1 5 3 -3 9 -2 7 -4 -8 -5 -11 -12 -6 -14
right_child=1 2 6 4 12 -7 8 -9 -10 10 11 -13 13 -15
leaf_value=0 -0.00020144793519680015 -0.002310499049625016 -0.0039152862280593358 -0.0036465588509833713 -0.00015251824994283778 -0.00096315180094318697 -0.006229003399346531 -0.00018372049308734096 -0.0043439455420286183 0.00089784314545533349 -0.00048022409110283189 0.0020124749748195721 0.0042459219148490808 -0.00072065858157967786
leaf_weight=209578 6576 9176 3793 1127 4138 7486 5813 13601 15775 2603 49263 4526 6510 2920
leaf_count=209578 6576 9176 3793 1127 4138 7486 5813 13601 15775 2603 49263 4526 6510 2920
internal_value=-0.00315429 -0.0070697 -0.00568477 -0.00250427 -0.000380942 -0.0188138 -0.0122333 -0.00619984 -0.0170947 -0.00257654 -0.00196198 -0.00324007 0.00892689 0.0148038
internal_weight=342885 133307 119245 80263 71087 14062 38982 17394 21588 57519 56392 53789 13568 9430
internal_count=342885 133307 119245 80263 71087 14062 38982 17394 21588 57519 56392 53789 13568 9430
is_linear=0
shrinkage=0.04


Tree=27
num_leaves=15
num_cat=0
split_feature=9 2 12 0 13 13 10 0 3 14 14 9 3 1
split_gain=1926.17 1182.55 1570.7 957.384 740.037 557.315 762.643 635.4 842.941 587.712 493.028 491.849 467.395 1740.7
threshold=0.62204725718357212 53.139727000000008 133.67214951147977 5.5480101299884677 408.56842982380664 642.89807683317133 -24.174816056808137 1.0255119263318477 14.352720000000001 0.22601595510611858 0.21317155419786091 0.0017642104344072209 25.234549500000004 25.72801688894921
decision_type=2 2 2 2 2 2 2 2 2 2 2 2 2 2
left_child=1 10 3 -3 11 7 -7 -2 -9 12 -1 -5 13 -10
right_child=5 2 -4 4 -6 6 -8 8 9 -11 -12 -13 -14 -15
leaf_value=-0.00054381865698124973 0 -0.00050951902290310189 -0.0030155199852476811 -9.4674055971148528e-05 0.00075773300927875075 0.00080126839673760788 0 -0.0018942739401440728 -0.00015243082984397831 -0.0010178569347438352 0.00017467089266041792 -0.0029076550066673645 -9.2186502177317167e-06 -0.015544313097911169
leaf_weight=13276 143692 36863 30727 11312 30661 3489 5968 2572 17730 945 825 7057 33699 3762
leaf_count=13276 143692 36863 30727 11312 30661 3489 5968 2572 17730 945 825 7057 33699 3762
internal_value=-0.0030748 -0.00689315 -0.00557023 -0.00279371 0.00086804 -0.000718787 0.00877234 -0.00116225 -0.00466853 -0.00364258 -0.0178342 -0.00548097 -0.00310703 -0.00771636
internal_weight=342578 130721 116620 85893 49030 211857 9457 202400 58708 56136 14101 18369 55191 21492
internal_count=342578 130721 116620 85893 49030 211857 9457 202400 58708 56136 14101 18369 55191 21492
is_linear=0
shrinkage=0.04


Tree=28
num_leaves=15
num_cat=0
split_feature=9 11 0 11 11 2 3 3 1 11 0 9 8 2
split_gain=1770.31 1537.26 1959.68 1039.26 996.26 1090.52 1043.46 759.556 662.27 941.785 650.502 567.326 864.387 539.639
threshold=0.8085090376297287 43.66572396830886 3.5685265919389186 3.4477024844085746 0.84660773943514733 103.02244950000001 14.352720000000001 4.6578530000000011 0.93973979431631094 25.978296468758085 16.088157933640854 0.0025102473295502419 0.39235465501955208 75.622772000000012
decision_type=2 2 2 2 2 2 2 2 2 2 2 2 2 2
left_child=1 2 3 -1 13 7 -7 -6 -5 -10 -9 -8 -13 -4
right_child=-2 -3 4 8 5 6 11 10 9 -11 -12 12 -14 -15
leaf_value=-0.00015037849070395306 0 -0.004293669606694115 -0.0068892286409786485 -0.0011037519604017831 -0.013534593860664388 -0.0067040925543879262 0.0056814167969389687 0.00037013510198841062 -0.00037879073576685759 -0.0039667139497844405 0.0053566463585107702 0.0001281380621465126 -0.0014468474838665846 -0.0023304259837984508
leaf_weight=17208 182500 14317 2071 6349 1319 6171 6025 36890 12532 3730 4061 20026 26350 3652
leaf_count=17208 182500 14317 2071 6349 1319 6171 6025 36890 12532 3730 4061 20026 26350 3652
internal_value=-0.00292155 -0.00598304 -0.00475954 -0.0123308 -0.00193046 -0.0010091 -0.00454278 0.00388739 -0.0179682 -0.0136908 0.0048497 -0.00271064 -0.0042108 -0.0181653
internal_weight=343201 160701 146384 39819 106565 100842 58572 42270 22611 16262 40951 52401 46376 5723
internal_count=343201 160701 146384 39819 106565 100842 58572 42270 22611 16262 40951 52401 46376 5723
is_linear=0
shrinkage=0.04


Tree=29
num_leaves=15
num_cat=0
split_feature=9 11 14 2 11 11 12 15 8 10 2 15 11 2
split_gain=1686.75 1163.05 1336.24 1230.63 768.029 973.116 836.102 1084.02 1141.68 697.079 671.235 642.973 631.193 629.77
threshold=0.62204725718357212 42.734606333056071 0.21135727656717004 53.139727000000008 1.0000000180025095e-35 3.4477024844085746 67.68596499615164 7.8595107582499688 0.99618089715588043 -1.2528876279707772 84.208591500000026 5.108791732625023 44.613184732247639 111.94598000000001
decision_type=2 2 2 2 2 2 2 2 2 2 2 2 2 2
left_child=1 2 3 -1 9 11 -7 8 -8 10 -5 -6 -2 -9
right_child=12 -3 -4 4 5 6 7 13 -10 -11 -12 -13 -14 -15
leaf_value=-0.00049437594070278284 0 -0.0066526943558503993 0.00038582808254163423 -0.0028084711034485088 0.00065662341278565739 -0.0009228324056512107 -0.0018081832193760426 0.0024625105936388345 -0.00018773326365572788 0.00076121544564711912 -7.150565786254615e-05 7.248655577859018e-05 -0.00059411120501908019 -0.0024295514671285982
leaf_weight=12739 196038 10097 16778 5187 2142 5444 28785 9280 29371 732 1843 5229 16079 3169
leaf_count=12739 196038 10097 16778 5187 2142 5444 28785 9280 29371 732 1843 5229 16079 3169
internal_value=-0.00278601 -0.0063586 -0.00526765 -0.00695875 -0.00533175 -0.00421194 -0.00555694 -0.00439232 -0.00668547 -0.0173667 -0.0212347 0.0096649 -0.000583074 0.00632019
internal_weight=342913 130796 120699 103921 91182 83420 76049 70605 58156 7762 7030 7371 212117 12449
internal_count=342913 130796 120699 103921 91182 83420 76049 70605 58156 7762 7030 7371 212117 12449
is_linear=0
shrinkage=0.04


Tree=30
num_leaves=15
num_cat=0
split_feature=8 11 14 2 11 11 0 9 11 10 2 11 3 10
split_gain=1578.23 1102.34 1319.43 1131.09 780.887 942.889 767.499 1006.65 634.311 612.854 625.708 612.146 610.634 566.719
threshold=0.39235465501955208 40.885926173330425 0.21135727656717004 53.139727000000008 1.0000000180025095e-35 3.4477024844085746 3.5685265919389186 0.14383993655262703 3.4477024844085746 -1.2528876279707772 84.208591500000026 44.613184732247639 4.6578530000000011 -39.633001326259723
decision_type=2 2 2 2 2 2 2 2 2 2 2 2 2 2
left_child=11 2 3 8 9 -6 -7 12 -2 10 -5 13 -8 -1
right_child=1 -3 -4 4 5 6 7 -9 -10 -11 -12 -13 -14 -15
leaf_value=0.0008066673718093079 -0.00018432826850279805 -0.0060625090996465694 0.00040667772212506253 -0.0027450811877933758 0.00026296738971279553 -0.00090085676857500497 -0.01568663201180381 -0.0012493177845968849 -0.001119053384446254 0.00072980079826830081 -9.5239845475635629e-05 -0.00057233352812406494 0.00028314493544118148 0
leaf_weight=5056 6958 11741 16298 5224 7392 11840 1298 23282 5706 705 1845 16330 37388 191979
leaf_count=5056 6958 11741 16298 5224 7392 11840 1298 23282 5706 705 1845 16330 37388 191979
internal_value=-0.00270719 -0.00618737 -0.00502374 -0.00671796 -0.00512599 -0.0039665 -0.00533059 -0.00354764 -0.0179027 -0.0172369 -0.0207837 -0.000592037 0.000407383 2.47672e-05
internal_weight=343042 129677 117936 101638 88974 81200 73808 61968 12664 7774 7069 213365 38686 197035
internal_count=343042 129677 117936 101638 88974 81200 73808 61968 12664 7774 7069 213365 38686 197035
is_linear=0
shrinkage=0.04


Tree=31
num_leaves=15
num_cat=0
split_feature=8 11 2 11 2 14 12 11 10 11 12 15 14 14
split_gain=1508.67 1033.19 1194.89 1058.37 1157.45 864.719 944.033 717.764 628.521 596.914 904.732 728.943 566.035 700.105
threshold=0.38021828920268025 42.734606333056071 53.139727000000008 1.0000000180025095e-35 108.08009350000002 0.21021760849986634 71.985383899525459 3.4477024844085746 -1.1468748706836036 3.2909235322949475 73.199052990763533 5.108791732625023 0.17495902990765722 0.17649393696183494
decision_type=2 2 2 2 2 2 2 2 2 2 2 2 2 2
left_child=-1 2 7 8 5 9 -7 -2 -4 11 -11 -5 -6 -14
right_child=1 -3 3 4 12 6 -8 -9 -10 10 -12 -13 13 -15
leaf_value=0 -0.00015545964814655199 -0.0061864029725551264 -0.002345826356292699 0.00065524074795135284 -0.0039858600510126654 -0.00016953058171147422 0.0034067528991379788 -0.0010424267524913949 0.00087987462742822298 -0.00066680431311367627 -1.6833574698445001e-05 3.3707832144931983e-05 0.00071379414937082107 -0.0014675383444879564
leaf_weight=212572 8015 10037 8561 1986 3823 3974 7759 6046 637 9390 35611 4812 2046 27966
leaf_count=212572 8015 10037 8561 1986 3823 3974 7759 6046 637 9390 35611 4812 2046 27966
internal_value=-0.00266267 -0.00604517 -0.00501915 -0.00357303 -0.00234782 0.000834855 0.0106401 -0.0159789 -0.0165427 -0.00138613 -0.00305504 0.00966167 -0.00832392 -0.00647741
internal_weight=343235 130663 120626 106565 97367 63532 11733 14061 9198 51799 45001 6798 33835 30012
internal_count=343235 130663 120626 106565 97367 63532 11733 14061 9198 51799 45001 6798 33835 30012
is_linear=0
shrinkage=0.04


Tree=32
num_leaves=15
num_cat=0
split_feature=11 3 2 9 8 11 0 10 3 1 11 3 3 1
split_gain=1379.11 1496.2 1140.64 1380.84 1019.4 1309.89 1746.11 920.666 945.382 863.084 791.404 620.061 571.131 983.433
threshold=26.266431335024514 24.002286000000002 117.52146150000002 0.71914978801285101 0.99991794358109776 0.74865415151845338 0.94224025455343197 -25.138531809910564 14.655500500000002 21.019085595222148 1.6942338272145729 29.027554500000004 29.027554500000004 29.186397388300897
decision_type=2 2 2 2 2 2 2 2 2 2 2 2 2 2
left_child=4 7 9 11 -1 -6 10 -2 -9 -3 -7 -4 13 -5
right_child=1 2 3 12 5 6 -8 8 -10 -11 -12 -13 -14 -15
leaf_value=0 -0.014209603657180481 -0.00093267031734342392 -0.0005244706144448641 0.0049020941459577486 -0.0018500205791720193 6.3357329822232998e-05 6.8935492009493534e-05 -0.0053425794935303772 -0.00090078278142397992 0.0007190641589512706 -0.00060471986129340463 -0.0041831333887360741 -0.00023502198063763858 -0.0038485612791138934
leaf_weight=202751 3182 6662 2807 4346 7658 2539 33932 7731 21163 16919 8485 7909 14940 1786
leaf_count=202751 3182 6662 2807 4346 7658 2539 33932 7731 21163 16919 8485 7909 14940 1786
internal_value=-0.00251125 -0.00684682 -0.00286442 -0.00780924 -0.00102661 -0.00598776 -0.00338286 -0.0137212 -0.0114723 0.00380137 -0.0172134 -0.0194998 -0.00186409 0.00841487
internal_weight=342810 87445 55369 31788 255365 52614 44956 32076 28894 23581 11024 10716 21072 6132
internal_count=342810 87445 55369 31788 255365 52614 44956 32076 28894 23581 11024 10716 21072 6132
is_linear=0
shrinkage=0.04


Tree=33
num_leaves=15
num_cat=0
split_feature=9 11 14 0 11 11 11 13 11 3 11 15 9 12
split_gain=1324.96 991.646 1052.84 772.513 869.57 1074.54 864.111 624.059 783.366 831.125 654.092 595.498 1034.95 804.33
threshold=0.60380566634971966 42.734606333056071 0.21135727656717004 0.94224025455343197 1.3165867113977403 3.4477024844085746 4.2914499285377863 642.89807683317133 22.81554416891419 14.256928 19.873095459291378 7.8595107582499688 0.0025102473295502419 66.384220563473122
decision_type=2 2 2 2 2 2 2 2 2 2 2 2 2 2
left_child=1 2 3 6 -5 -6 -1 8 -2 -10 -9 12 -7 -13
right_child=7 -3 -4 4 5 11 -8 10 9 -11 -12 13 -14 -15
leaf_value=-0.00014650324023073917 0 -0.0060799209113236424 0.00034674561486038675 -0.001817037067988486 0.00034105954778251331 -0.00019099718044770218 -0.0012950679168465711 0 -0.0018327462001005645 -0.00021716759815703312 0.00041829537814333002 -0.0023896678348828719 -0.0018056168556840819 0.0011817134501549676
leaf_weight=8736 150675 9770 16651 8834 6331 31796 4353 4911 2299 51201 4635 1633 28649 12498
leaf_count=8736 150675 9770 16651 8834 6331 31796 4353 4911 2299 51201 4635 1633 28649 12498
internal_value=-0.00240113 -0.0055981 -0.00459621 -0.00610717 -0.0047831 -0.00348202 -0.0151853 -0.000467713 -0.00093508 -0.00509308 0.0095286 -0.00482514 -0.0065534 0.0025674
internal_weight=342972 129251 119481 102830 89741 80907 13089 213721 204175 53500 9546 74576 60445 14131
internal_count=342972 129251 119481 102830 89741 80907 13089 213721 204175 53500 9546 74576 60445 14131
is_linear=0
shrinkage=0.04


Tree=34
num_leaves=15
num_cat=0
split_feature=11 15 3 2 8 11 0 12 11 3 8 8 10 1
split_gain=1275.38 1481.23 996.369 964.982 952.903 1143.71 1511.44 835.098 667.231 511.718 497.747 659.969 757.991 470.934
threshold=23.086545164692158 8.4516063852500043 14.352720000000001 124.103886 0.99991794358109776 0.74865415151845338 0.94224025455343197 67.68596499615164 2.1547596403788325 4.8944345000000009 0.31764595267455514 0.85797554026405742 -4.4971327493264388 4.3127391891877407
decision_type=2 2 2 2 2 2 2 2 2 2 2 2 2 2
left_child=4 2 -2 7 -1 -6 8 -3 -7 13 -4 -12 -13 -8
right_child=1 3 10 -5 5 6 9 -9 -10 -11 11 12 -14 -15
leaf_value=0 -0.0052062739459462475 -0.0067030630767978081 -0.00017053576949771791 -0.0013834878592731247 -0.0017284347230645137 4.8783650129111121e-06 -0.00016491182103121213 0.00073341863986421424 -0.00055575633530114603 0.00017196931194961545 -0.0025250896182994341 -0.00037795537201817388 -0.0092081147214108077 -0.018251818345029803
leaf_weight=192371 8504 765 39669 4111 7587 2937 2024 18502 7944 28119 16259 11588 1333 1137
leaf_count=192371 8504 765 39669 4111 7587 2937 2024 18502 7944 28119 16259 11588 1333 1137
internal_value=-0.00240245 -0.00618479 -0.00885137 0.00263838 -0.000828849 -0.00576345 -0.00319063 0.00639228 -0.0160316 0.00127621 -0.00725588 -0.0112214 -0.00447334 -0.0139829
internal_weight=342850 100731 77353 23378 242119 49748 42161 19267 10881 31280 68849 29180 12921 3161
internal_count=342850 100731 77353 23378 242119 49748 42161 19267 10881 31280 68849 29180 12921 3161
is_linear=0
shrinkage=0.04


Tree=35
num_leaves=15
num_cat=0
split_feature=11 8 14 2 11 2 10 8 11 11 14 12 10 2
split_gain=1223.74 944.971 930.223 819.87 810.282 701.605 763.888 597.751 546.841 679.995 869.674 823.677 632.018 636.833
threshold=44.613184732247639 0.45175264273309518 0.21135727656717004 53.740755000000007 3.4477024844085746 112.77490600000002 -20.143411149769666 0.23988006842576068 1.0000000180025095e-35 14.310773899772387 0.19726957747197196 73.199052990763533 -1.3351015481408559 75.622772000000012
decision_type=2 2 2 2 2 2 2 2 2 2 2 2 2 2
left_child=1 -1 3 4 -3 6 -5 -2 12 10 -10 -11 13 -8
right_child=7 2 -4 5 -6 -7 8 -9 9 11 -12 -13 -14 -15
leaf_value=0 -0.00034655341030137928 -0.00012094080596041806 0.00031466105746811717 0.0049955940333430851 -0.00092309707447894797 -0.0024093655141245733 -0.0026142156853884093 -0.0044904495571419858 0.00063486367223616576 -0.0054492875604530882 -0.00021916475819542814 -0.00093922013171660371 0.00071765769841870939 -0.00032632633363209043
leaf_weight=202267 13299 7977 16436 4464 6659 19533 4201 11096 12225 2648 12434 26303 789 2669
leaf_count=202267 13299 7977 16436 4464 6659 19533 4201 11096 12225 2648 12434 26303 789 2669
internal_value=-0.00233341 -0.00167229 -0.00454469 -0.00599548 -0.0147417 -0.00449417 -0.00251624 -0.0109678 -0.00368016 -0.00225182 0.00262947 -0.00640945 -0.013678 -0.0175721
internal_weight=343000 318605 116338 99902 14636 85266 65733 24395 61269 53610 24659 28951 7659 6870
internal_count=343000 318605 116338 99902 14636 85266 65733 24395 61269 53610 24659 28951 7659 6870
is_linear=0
shrinkage=0.04


Tree=36
num_leaves=15
num_cat=0
split_feature=11 3 10 11 1 9 2 3 15 2 9 2 11 10
split_gain=1163.52 1396.51 1171.31 883.84 1196.2 849.287 829.539 814.455 552.469 547.594 547.543 567.602 519.191 669.885
threshold=23.226821042012237 24.526131000000003 -26.740163561766789 43.974546242631533 20.370663783234793 1.6520345495485426e-05 69.417476500000006 14.955528000000003 9.0992552776249926 108.83801650000001 0.74960596528431078 118.41607650000002 0.56573698983045395 -0.96227406797781367
decision_type=2 2 2 2 2 2 2 2 2 2 2 2 2 2
left_child=5 2 -2 4 8 6 12 -4 -3 -6 11 -5 -1 -14
right_child=1 3 7 10 9 -7 -8 -9 -10 -11 -12 -13 13 -15
leaf_value=-0.0015783286972675492 -0.017451396608870635 -0.00050852777223068136 -0.0046170113131704486 -0.00024983751310036578 0.0076629875891639993 0 0.00028341305357203309 -0.00058131930711693026 0.027565830215216011 0.00026702963837260077 -0.00019047536022316069 -0.0038496123438344588 -0.00010313839786799422 -0.00037066142789302022
leaf_weight=3790 2540 11754 10273 2504 2991 195765 16406 27877 378 24989 11173 5440 15941 11244
leaf_count=3790 2540 11754 10273 2504 2991 195765 16406 27877 378 24989 11173 5440 15941 11244
internal_value=-0.0022489 -0.00588277 -0.0115881 -0.00196323 0.00141005 -0.000755595 -0.00556088 -0.00983696 -0.00908012 0.00595854 -0.00904117 -0.0170695 -0.00941275 -0.00747912
internal_weight=343065 99919 40690 59229 40112 243146 47381 38150 12132 27980 19117 7944 30975 27185
internal_count=343065 99919 40690 59229 40112 243146 47381 38150 12132 27980 19117 7944 30975 27185
is_linear=0
shrinkage=0.04


Tree=37
num_leaves=15
num_cat=0
split_feature=9 11 14 2 11 13 11 2 3 11 11 3 10 10
split_gain=1184.79 948.297 860.084 807.514 791.347 726.13 805.833 591.678 657.942 594.923 556.375 575.086 1292.98 531.071
threshold=0.57483006629625899 43.66572396830886 0.21256765339438269 53.740755000000007 4.2914499285377863 642.89807683317133 19.873095459291378 112.77490600000002 51.756320500000008 1.0000000180025095e-35 23.086545164692158 24.364947000000004 -26.740163561766789 -1.5571373486189197
decision_type=2 2 2 2 2 2 2 2 2 2 2 2 2 2
left_child=1 2 3 4 -1 10 -7 8 9 13 -2 12 -12 -5
right_child=5 -3 -4 7 -6 6 -8 -9 -10 -11 11 -13 -14 -15
leaf_value=-0.00013205275622599268 0 -0.0068634819298149501 0.00034399648279239304 -0.0021579234159146933 -0.001076796675414258 0 0.00038789763470929836 -0.0020702421219298008 0.003333550277669392 -0.00014936071358371593 -0.01620078952603576 -4.9766152251084079e-05 -0.00037048327646567681 0.00035464135947401164
leaf_weight=9808 152070 8128 13906 6717 5396 4927 4727 20570 3046 57711 2388 34934 17618 1023
leaf_count=9808 152070 8128 13906 6717 5396 4927 4727 20570 3046 57711 2388 34934 17618 1023
internal_value=-0.00200216 -0.00508135 -0.00417239 -0.00541857 -0.0139384 -0.000207141 0.0105158 -0.00396421 -0.00217761 -0.00302333 -0.000707212 -0.00415726 -0.00956513 -0.0134367
internal_weight=342969 126305 118177 104271 15204 216664 9654 89067 68497 65451 207010 54940 20006 7740
internal_count=342969 126305 118177 104271 15204 216664 9654 89067 68497 65451 207010 54940 20006 7740
is_linear=0
shrinkage=0.04


Tree=38
num_leaves=15
num_cat=0
split_feature=11 8 2 11 11 2 0 10 9 1 9 2 0 1
split_gain=1052.84 804.209 742.667 828.573 651.939 962.263 769.752 650.901 522.871 514.662 599.605 503.998 717.17 470.438
threshold=44.613184732247639 0.45175264273309518 53.139727000000008 4.8279552219395194 1.0000000180025095e-35 108.08009350000002 16.088157933640854 -1.3351015481408559 0.73979563734921727 3.8069268435104813 0.0025102473295502419 75.622772000000012 7.9908755861222902 44.229116376948078
decision_type=2 2 2 2 2 2 2 2 2 2 2 2 2 2
left_child=1 13 3 -3 7 6 -6 11 -2 -7 -11 -4 -13 -1
right_child=8 2 4 -5 5 9 -8 -9 -10 10 -12 12 -14 -15
leaf_value=0 -0.0043842056717334548 -0.00011506235960128827 -0.0023601969734455826 -0.0012692148195455556 -2.942213438839327e-05 -0.00815824075315362 0.0048973839988532379 0.00070031191683876236 -0.00033998080826510348 0.0037462116591961306 -0.0017143386692932553 0.0012546742002569856 -0.013269362828032805 0.00095314242499392604
leaf_weight=199699 10551 10011 4437 4046 56935 769 5601 856 13793 6126 23660 2076 1836 2529
leaf_count=199699 10551 10011 4437 4046 56935 769 5601 856 13793 6126 23660 2076 1836 2529
internal_value=-0.00202493 -0.00141226 -0.00406178 -0.0126826 -0.00287714 -0.00187301 0.000969681 -0.013032 -0.0100427 -0.00769105 -0.00685691 -0.0164379 -0.00597137 0.000112151
internal_weight=342925 318581 116353 14057 102296 93091 62536 9205 24344 30555 29786 8349 3912 202228
internal_count=342925 318581 116353 14057 102296 93091 62536 9205 24344 30555 29786 8349 3912 202228
is_linear=0
shrinkage=0.04


Tree=39
num_leaves=15
num_cat=0
split_feature=9 11 14 2 11 11 10 8 3 11 10 3 2 9
split_gain=989.825 951.978 905.627 766.074 768.267 509.996 904.419 809.048 572.975 532.157 600.828 577.275 535.668 519.591
threshold=0.5863652000945474 40.885926173330425 0.21256765339438269 53.740755000000007 5.0957800741758907 26.540764865785764 -4.1621231229177686 0.84587939603182083 51.756320500000008 1.0000000180025095e-35 -1.5571373486189197 4.5802700000000014 75.622772000000012 0.0025102473295502419
decision_type=2 2 2 2 2 2 2 2 2 2 2 2 2 2
left_child=1 2 3 4 -1 9 7 -7 -9 10 12 -11 -5 -13
right_child=-2 -3 -4 5 -6 6 -8 8 -10 11 -12 13 -14 -15
leaf_value=-0.00013581021846792497 0 -0.005139580976473053 0.00038846431426232595 -0.0026372827801621735 -0.0013489868490654201 -0.0022905735893789803 -0.0077573819977803252 -0.00072502050735378392 0.011927159354228922 -0.0043779783287368826 0.0004611953771924657 0.00023847572088819103 -0.00046767724500839324 -0.00041457499083622569
leaf_weight=10980 215416 11098 13311 3894 4252 10307 1992 8040 1258 2110 1111 33387 2807 22790
leaf_count=10980 215416 11098 13311 3894 4252 10307 1992 8040 1258 2110 1111 33387 2807 22790
internal_value=-0.00196351 -0.00475934 -0.00369067 -0.00496036 -0.0132405 -0.00352217 -0.00885864 -0.00624943 0.00230587 -0.00177854 -0.0115822 -0.000464598 -0.0160991 0.000306887
internal_weight=342753 127337 116239 102928 15232 87696 21597 19605 9298 66099 7812 58287 6701 56177
internal_count=342753 127337 116239 102928 15232 87696 21597 19605 9298 66099 7812 58287 6701 56177
is_linear=0
shrinkage=0.04


Tree=40
num_leaves=15
num_cat=0
split_feature=11 3 1 3 2 13 10 1 14 9 2 9 9 10
split_gain=956.321 1251.12 994.602 804.143 768.527 1138.26 850.523 749.802 1028.6 705.892 715.397 679.559 654.099 576.104
threshold=23.086545164692158 24.002286000000002 24.838543403195001 14.070444000000002 119.19768550000002 477.47418470492562 -21.76301051217381 29.407607246894067 0.18619686814031253 1.6520345495485426e-05 69.417476500000006 0.57483006629625899 0.74960596528431078 -4.4971327493264388
decision_type=2 2 2 2 2 2 2 2 2 2 2 2 2 2
left_child=9 2 3 -2 6 7 -3 8 -6 10 -1 -7 -10 -5
right_child=1 4 -4 13 5 11 -8 -9 12 -11 -12 -13 -14 -15
leaf_value=-0.00031574290248648744 -0.005196237589664701 0.00062404161514154207 -0.012915980078797852 -0.00040016615641721791 -0.00018646279664299688 -0.0059558657765889731 -0.0003767418287019328 -0.00088465798215464522 0.00038819142439469156 0 0.00032786474327237472 -0.00046890098407109074 0.0093431800996457842 -0.0076459714772794422
leaf_weight=30891 7851 19459 3776 26059 3507 3276 10782 6869 3899 194796 16283 9685 3761 1839
leaf_count=30891 7851 19459 3776 26059 3507 3276 10782 6869 3899 194796 16283 9685 3761 1839
internal_value=-0.00190819 -0.00518246 -0.0107304 -0.00866821 -0.00160162 -0.00602768 0.00293509 0.000470171 0.00686666 -0.000544696 -0.00493492 -0.0150698 0.0150809 -0.0054857
internal_weight=342733 100763 39525 35749 61238 30997 30241 18036 11167 241970 47174 12961 7660 27898
internal_count=342733 100763 39525 35749 61238 30997 30241 18036 11167 241970 47174 12961 7660 27898
is_linear=0
shrinkage=0.04


Tree=41
num_leaves=15
num_cat=0
split_feature=11 3 2 0 10 12 11 10 0 10 3 13 3 10
split_gain=955.652 926.316 712.448 1066.83 680.219 671.284 1621.83 542.46 480.08 475.761 659.038 477.264 469.356 467.595
threshold=28.880941830528325 20.060341500000003 118.12240950000002 7.049334297477837 -21.76301051217381 73.199052990763533 4.2914499285377863 -21.76301051217381 1.3717455467024713 -17.146744639989269 19.094638000000003 297.0789537866894 46.335158000000007 -27.377413902014947
decision_type=2 2 2 2 2 2 2 2 2 2 2 2 2 2
left_child=5 7 4 13 -3 6 -1 -2 -8 10 -7 -12 -13 -4
right_child=1 2 3 -5 -6 9 8 -9 -10 -11 11 12 -14 -15
leaf_value=0 -0.01683447760559428 0.00058854695159512725 -0.00041707239330642285 -0.0023159919787666141 -0.0010656620501609062 -0.017745104104100903 -0.00099600056187472549 -0.0018621139904053531 -0.00037325401898227306 0 0.0011383053108001793 0.00013564437922622229 0.00097945663178215271 0.00028339539224247839
leaf_weight=47129 1243 16499 12591 14504 8004 1142 6218 15567 7265 179373 3315 16257 3056 10902
leaf_count=47129 1243 16499 12591 14504 8004 1142 6218 15567 7265 179373 3315 16257 3056 10902
internal_value=-0.0016777 -0.00552768 -0.00328576 -0.00671527 0.0020324 -0.000520028 -0.00421435 -0.0138632 -0.0164474 0.00058225 0.00589987 0.00739615 0.00498939 -0.00144894
internal_weight=343065 79310 62500 37997 24503 263755 60612 16810 13483 203143 23770 22628 19313 23493
internal_count=343065 79310 62500 37997 24503 263755 60612 16810 13483 203143 23770 22628 19313 23493
is_linear=0
shrinkage=0.04


Tree=42
num_leaves=15
num_cat=0
split_feature=9 11 14 2 11 13 11 2 1 13 14 10 11 11
split_gain=955.685 848.368 761.894 647.005 755.313 622.819 709.472 477.073 553.565 506.989 716.904 553.829 446.729 443.667
threshold=0.55456775339311315 43.66572396830886 0.21256765339438269 53.740755000000007 5.0957800741758907 642.89807683317133 19.873095459291378 112.77490600000002 19.689447623053226 266.16836799851399 0.18742964826238592 -13.722995140959382 23.086545164692158 28.880941830528325
decision_type=2 2 2 2 2 2 2 2 2 2 2 2 2 2
left_child=1 2 3 4 -1 12 -7 8 13 -9 -11 -12 -2 -5
right_child=5 -3 -4 7 -6 6 -8 9 -10 10 11 -13 -14 -15
leaf_value=-0.00011587048204876785 0 -0.0062637299811946325 0.00035406996532328234 -0.00014166587396201996 -0.001235220900802952 0 0.00033969665289861772 0.00029828993518066796 0.0037634161948880904 -0.0046103765809723 -0.0027451539142610117 0.02859998269115013 -0.00019599177712714547 -0.003877207672726203
leaf_weight=10962 152828 7874 13675 56212 4280 4941 4762 4401 5184 3810 10171 1292 56122 6302
leaf_count=10962 152828 7874 13675 56212 4280 4941 4762 4401 5184 3810 10171 1292 56122 6302
internal_value=-0.00160028 -0.00440292 -0.00354255 -0.0047245 -0.0123291 -8.78104e-06 0.00989797 -0.00339788 -0.00180448 -0.00888076 -0.0123276 -0.00733141 -0.00046882 -0.00284608
internal_weight=342816 124163 116289 102614 15242 218653 9703 87372 67698 19674 15273 11463 208950 62514
internal_count=342816 124163 116289 102614 15242 218653 9703 87372 67698 19674 15273 11463 208950 62514
is_linear=0
shrinkage=0.04


Tree=43
num_leaves=15
num_cat=0
split_feature=11 9 14 2 11 2 3 9 11 11 12 0 11 9
split_gain=861.6 671.291 661.61 523.621 735.755 509.489 576.732 508.316 450.952 586.548 659.242 481.341 583.758 476.903
threshold=44.613184732247639 0.54466030562914014 0.21135727656717004 53.740755000000007 5.0957800741758907 112.77490600000002 54.692218500000003 0.87472318203512223 1.0000000180025095e-35 4.1378921246029261 66.384220563473122 2.837658964650104 12.240970780769178 0.28601107347050808
decision_type=2 2 2 2 2 2 2 2 2 2 2 2 2 2
left_child=1 2 3 4 -1 6 8 -2 -5 -10 -11 12 -12 -13
right_child=7 -3 -4 5 -6 -7 -8 -9 9 10 11 13 -14 -15
leaf_value=-0.00010333706892779723 -0.0015105754680388628 0 0.00027808963935845396 -0.001097881728335418 -0.0012212436387475985 -0.00196779767844608 0.0035324272037325754 3.1578324499414029e-05 0.00021556892431304903 -0.0018521413546090937 -3.7105927305953885e-05 0.00019231770924856118 -0.0047852825803878602 -0.001683303574914819
leaf_weight=10589 17839 202341 16547 7637 4082 19353 2721 6555 8483 3157 2638 34098 2208 4796
leaf_count=10589 17839 202341 16547 7637 4082 19353 2721 6555 8483 3157 2638 34098 2208 4796
internal_value=-0.00160283 -0.00104817 -0.00346972 -0.00469838 -0.0116775 -0.00349508 -0.00181569 -0.00884808 -0.00259422 -0.00133767 -0.00308847 -0.00181436 -0.013702 -0.000333213
internal_weight=343044 318650 116309 99762 14671 85091 65738 24394 63017 55380 46897 43740 4846 38894
internal_count=343044 318650 116309 99762 14671 85091 65738 24394 63017 55380 46897 43740 4846 38894
is_linear=0
shrinkage=0.04


Tree=44
num_leaves=15
num_cat=0
split_feature=9 11 14 2 11 2 1 14 14 13 13 11 2 0
split_gain=823.181 772.541 635.991 539.168 663.251 455.68 664.995 571.96 582.341 422.433 778.15 440.171 726.029 429.803
threshold=0.54466030562914014 43.974546242631533 0.21256765339438269 53.740755000000007 5.0957800741758907 109.80891450000001 19.358158931906072 0.17495902990765722 0.17649393696183494 268.32281790025485 222.80609965345354 1.3165867113977403 84.562469500000006 9.0064858107706449
decision_type=2 2 2 2 2 2 2 2 2 2 2 2 2 2
left_child=1 2 3 4 -1 6 9 -7 -9 10 -5 12 -11 -14
right_child=-2 -3 -4 5 -6 7 -8 8 -10 11 -12 -13 13 -15
leaf_value=-0.000105435546546944 0 -0.0062126295900028026 0.00031445603614779007 -0.0018959340307300682 -0.0011362646468538338 -0.0036742147310205166 0.0053645462424473126 0.0010873823905712082 -0.0016548346024093977 -0.0020491894232515951 0.00066141840243899434 -0.00017563591989951162 0.0034173753548783483 -0.0079277133200186083
leaf_weight=10950 219845 7528 13676 1170 4245 3386 3694 1684 18890 5531 3281 47166 1447 615
leaf_count=10950 219845 7528 13676 1170 4245 3386 3694 1684 18890 5531 3281 47166 1447 615
internal_value=-0.00152384 -0.00414042 -0.00333279 -0.00441823 -0.0113695 -0.00320225 -0.00141422 -0.00789649 -0.00538933 -0.00244148 0.00940912 -0.00340474 -0.0123429 0.00791465
internal_weight=343108 123263 115735 102059 15195 86864 62904 23960 20574 59210 4451 54759 7593 2062
internal_count=343108 123263 115735 102059 15195 86864 62904 23960 20574 59210 4451 54759 7593 2062
is_linear=0
shrinkage=0.04


Tree=45
num_leaves=15
num_cat=0
split_feature=11 3 2 9 12 1 1 3 13 1 1 3 3 8
split_gain=780.669 994.763 849.332 942.47 765.708 753.357 679.705 1342.32 751.846 593.993 710.453 555.312 552.329 527.452
threshold=26.266431335024514 19.888271500000005 119.19768550000002 0.71914978801285101 71.203128541838822 16.863889250515648 27.356061363949049 25.868632500000004 308.55072763694039 20.519191503519458 4.2340968415305786 19.094638000000003 50.665871000000003 0.13792589935557867
decision_type=2 2 2 2 2 2 2 2 2 2 2 2 2 2
left_child=5 9 4 -4 -3 -1 8 -8 -5 10 -2 -7 -6 -10
right_child=1 2 3 6 12 11 7 -9 13 -11 -12 -13 -14 -15
leaf_value=0 -0.0074483951899973104 -0.0068048776893772367 -0.0024990806779398222 -0.00032437747086757138 -5.616056684486337e-05 -0.013606824689425909 -0.012134340689343047 -0.00013155839960618716 0.006477181632176675 -0.014296534314485312 -0.00094637074939419555 0.0005860369124265208 0.00070869125807529151 0.00020519575163243189
leaf_weight=233530 2064 1013 12210 2064 18625 1203 2455 12037 2440 1831 15884 20586 11124 5906
leaf_count=233530 2064 1013 12210 2064 18625 1203 2455 12037 2440 1831 15884 20586 11124 5906
internal_value=-0.00146659 -0.00472363 -0.00242331 -0.00649709 0.00249139 -0.000348427 -0.00203357 -0.00763456 0.00576369 -0.0126174 -0.0104034 0.00676488 0.00365592 0.0111095
internal_weight=342972 87653 67874 37112 30762 255319 24902 14492 10410 19779 17948 21789 29749 8346
internal_count=342972 87653 67874 37112 30762 255319 24902 14492 10410 19779 17948 21789 29749 8346
is_linear=0
shrinkage=0.04


Tree=46
num_leaves=15
num_cat=0
split_feature=11 8 2 11 2 11 10 0 11 12 14 1 14 14
split_gain=743.657 573.333 547.956 651.28 542.383 774.881 693.245 631.46 612.145 894.503 800.256 600.685 592.107 561.526
threshold=44.613184732247639 0.45175264273309518 53.139727000000008 5.0957800741758907 109.20732500000001 1.3165867113977403 -0.42779038402722375 16.088157933640854 3.2909235322949475 73.199052990763533 0.21135727656717004 14.621435118158798 0.17495902990765722 0.17649393696183494
decision_type=2 2 2 2 2 2 2 2 2 2 2 2 2 2
left_child=1 -1 3 -3 5 6 -4 8 -7 -10 11 -11 -6 -14
right_child=-2 2 4 -5 12 7 -8 -9 9 10 -12 -13 13 -15
leaf_value=0 -0.00080806269890005655 -8.7956917079691507e-05 -0.0014132716336814038 -0.0010840343306597036 -0.0034737256782536377 0.00033784349727107414 0.00044343090574349987 0.0044032475543276453 -0.00042325257800830836 0.00018224144464041873 0.0021051214830353263 -0.004867413445843051 0.0010210646313137432 -0.0013196582559403881
leaf_weight=202231 24361 10309 10412 3771 3419 6718 512 6320 11697 29727 4493 3917 1734 23418
leaf_count=202231 24361 10309 10412 3771 3419 6718 512 6320 11697 29727 4493 3917 1734 23418
internal_value=-0.00140322 -0.000888295 -0.00312417 -0.0105227 -0.00210654 -0.000294867 -0.0101282 0.00141367 7.35606e-05 -0.00145443 0.00151349 -0.000603971 -0.0067859 -0.00466285
internal_weight=343039 318678 116447 14080 102367 73796 10924 62872 56552 49834 38137 33644 28571 25152
internal_count=343039 318678 116447 14080 102367 73796 10924 62872 56552 49834 38137 33644 28571 25152
is_linear=0
shrinkage=0.04


Tree=47
num_leaves=15
num_cat=0
split_feature=8 11 14 2 11 11 0 8 3 10 11 11 12 3
split_gain=707.339 755.992 636.387 537.007 621.885 434.219 908.268 712.764 498.556 415.937 549.528 457.164 470.02 435.418
threshold=0.45175264273309518 40.885926173330425 0.21256765339438269 53.740755000000007 5.0957800741758907 26.540764865785764 4.1572192097232046 0.84587939603182083 51.756320500000008 -0.42779038402722375 1.3165867113977403 3.7373681310340108 62.894541543587387 5.7437095000000005
decision_type=2 2 2 2 2 2 2 2 2 2 2 2 2 2
left_child=-1 2 3 4 -2 9 -7 -8 -9 10 13 -12 -13 -5
right_child=1 -3 -4 5 -6 6 7 8 -10 -11 11 12 -14 -15
leaf_value=0 -0.00010033002794273897 -0.0047253097788509035 0.00033513665484530996 0.00035917170540845645 -0.0010518828029762231 -0.006368515041101544 -0.0023743904182618415 -0.00047190336185869044 0.010674953531296274 0.00043943294215502432 0.00032952350950653464 -0.0015796959814059226 -5.696723142955135e-05 -0.0019202102310511638
leaf_weight=219306 10928 10410 13137 1735 4228 2208 8828 8073 1280 505 6402 1406 47713 6745
leaf_count=219306 10928 10410 13137 1735 4228 2208 8828 8073 1280 505 6402 1406 47713 6745
internal_value=-0.00135875 -0.0037787 -0.00282998 -0.0039168 -0.0108525 -0.0026786 -0.00776693 -0.00482482 0.00286967 -0.00107029 -0.0013556 9.29378e-05 -0.00121745 -0.0108396
internal_weight=342904 123598 113188 100051 15156 84895 20389 18181 9353 64506 64001 55521 49119 8480
internal_count=342904 123598 113188 100051 15156 84895 20389 18181 9353 64506 64001 55521 49119 8480
is_linear=0
shrinkage=0.04


Tree=48
num_leaves=15
num_cat=0
split_feature=11 8 2 11 2 11 10 2 0 0 14 11 12 14
split_gain=694.628 509.57 502.768 602.429 500.199 625.337 617.468 632.059 828.389 566.562 541.42 533.688 774.818 579.542
threshold=44.294213790599322 0.51532310862360597 53.139727000000008 5.3084189250179241 109.20732500000001 1.3165867113977403 -1.4319401207876261 75.622772000000012 7.8636969037622748 16.088157933640854 0.17495902990765722 3.2909235322949475 73.199052990763533 0.21021760849986634
decision_type=2 2 2 2 2 2 2 2 2 2 2 2 2 2
left_child=1 -1 3 -3 5 6 7 -4 -9 11 -6 -7 -13 -14
right_child=-2 2 4 -5 10 9 -8 8 -10 -11 -12 12 13 -15
leaf_value=0 -0.00074289362627581095 -8.3244053849495383e-05 -0.0024635079263287422 -0.0011007609005289577 -0.003529347003581239 0.00030155894701254927 0.00029893882201569976 0.00096652267472816639 -0.011555572145173634 0.0042500462645025184 -0.0010773208349787386 -0.00038964430005679617 -9.0894006838750473e-05 0.0018715720276509273
leaf_weight=206561 25100 10561 4800 3475 3174 6707 1555 2646 1890 6227 21756 11699 31882 4949
leaf_count=206561 25100 10561 4800 3475 3174 6707 1555 2646 1890 6227 21756 11699 31882 4949
internal_value=-0.00130701 -0.000801178 -0.00298273 -0.0100598 -0.00196166 -0.000278073 -0.00911211 -0.0129991 -0.00229277 0.00128726 -0.00684797 -2.17246e-06 -0.00146384 0.0013847
internal_weight=342982 317882 111321 14036 97285 72355 10891 9336 4536 61464 24930 55237 48530 36831
internal_count=342982 317882 111321 14036 97285 72355 10891 9336 4536 61464 24930 55237 48530 36831
is_linear=0
shrinkage=0.04


Tree=49
num_leaves=15
num_cat=0
split_feature=11 10 8 12 1 1 3 2 15 3 12 0 12 1
split_gain=670.406 978.045 972.4 767.036 651.941 600.251 901.35 632.892 511.474 495.393 480.143 471.643 428.957 634.407
threshold=26.266431335024514 -5.567837890499737 0.42111581278633498 107.6323131318883 17.156728269186512 37.03731909447837 35.699834500000009 120.06856500000002 3.0431176787500083 19.094638000000003 144.1319501766466 1.8749324672227763 131.96260043792421 21.019085595222148
decision_type=2 2 2 2 2 2 2 2 2 2 2 2 2 2
left_child=4 3 -3 -2 -1 11 -7 -8 -6 -10 -11 -5 13 -13
right_child=1 2 -4 5 8 6 7 -9 9 10 -12 12 -14 -15
leaf_value=0 0.0053948868994960928 7.8576345561131184e-05 -0.0066944714287176035 0.00091220092283036741 -0.00024576194589505417 -0.012775121557432456 0.00075777595856344414 -0.00014946886329157084 -0.013423691634563346 0.00052155959404704094 0.001045560597637692 -0.0011403496145931313 -0.00065163526928672054 0.0008913813092472539
leaf_weight=234303 2532 348 3563 3784 1077 1101 6836 6872 1005 14136 4809 8312 47712 6485
leaf_count=234303 2532 348 3563 3784 1077 1101 6836 6872 1005 14136 4809 8312 47712 6485
internal_value=-0.00124827 -0.00426889 -0.02382 -0.00335462 -0.000212588 -0.00403147 0.00324938 0.0060461 0.00653446 0.00798396 0.00943574 -0.00565791 -0.00648803 -0.000537947
internal_weight=342875 87545 3911 83634 255330 81102 14809 13708 21027 19950 18945 66293 62509 14797
internal_count=342875 87545 3911 83634 255330 81102 14809 13708 21027 19950 18945 66293 62509 14797
is_linear=0
shrinkage=0.04


Tree=50
num_leaves=15
num_cat=0
split_feature=9 11 14 2 11 11 0 12 0 2 11 10 11 3
split_gain=654.862 762.726 568.824 514.461 592.055 435.465 890.684 582.874 424.897 490.096 401.972 391.122 454.866 452.853
threshold=0.55456775339311315 40.885926173330425 0.21256765339438269 53.740755000000007 5.5067854138048444 26.540764865785764 4.1188899842631015 112.42541924383379 26.187022222464019 111.404228 2.3724828056251321 -0.42779038402722375 1.3165867113977403 4.5802700000000014
decision_type=2 2 2 2 2 2 2 2 2 2 2 2 2 2
left_child=1 2 3 4 -1 11 -7 -8 -9 -10 -4 12 -5 -14
right_child=-2 -3 10 5 -6 6 7 8 9 -11 -12 -13 13 -15
leaf_value=-9.8796831182811076e-05 0 -0.004374021914572741 -0.00056585706678450893 -0.0010854903447029124 -0.0011813935790555288 -0.0057954631596594964 0.0030897288083686393 -0.0024033739428293301 0.0098580379804111239 -0.012231934540373248 0.00073589889505575642 0.00039772330911357594 -0.0045790649599923372 6.2388205638259364e-05
leaf_weight=11424 218739 10471 2477 8486 3742 2182 2335 13946 1442 760 10676 505 1922 54028
leaf_count=11424 218739 10471 2477 8486 3742 2182 2335 13946 1442 760 10676 505 1922 54028
internal_value=-0.0011916 -0.00350879 -0.00255923 -0.00358036 -0.0103706 -0.0023774 -0.00743479 -0.00458151 -0.00728264 0.00904632 0.0052642 -0.000768082 -0.0010429 0.000265952
internal_weight=343135 124396 113925 100772 15166 85606 20665 18483 16148 2202 13153 64941 64436 55950
internal_count=343135 124396 113925 100772 15166 85606 20665 18483 16148 2202 13153 64941 64436 55950
is_linear=0
shrinkage=0.04


Tree=51
num_leaves=15
num_cat=0
split_feature=8 11 2 11 11 0 12 11 10 2 0 11 8 3
split_gain=626.061 679.854 465.76 597.401 380.298 988.917 933.681 502.946 620.972 579.502 759.491 542.374 468.335 669.381
threshold=0.45175264273309518 43.184592532916177 53.139727000000008 5.3084189250179241 26.266431335024514 4.1572192097232046 112.42541924383379 1.3165867113977403 -1.4319401207876261 75.622772000000012 9.0064858107706449 0.56573698983045395 0.80610055123714119 53.147014500000004
decision_type=2 2 2 2 2 2 2 2 2 2 2 2 2 2
left_child=-1 2 3 -2 7 -6 -7 8 9 -4 -11 -10 -8 -14
right_child=1 -3 4 -5 5 6 12 -9 11 10 -12 -13 13 -15
leaf_value=0 -7.7010362038543523e-05 -0.0051402793886319523 -0.0022992410571430954 -0.0010247731474968538 -0.0056469356925298517 0.0040809068498281441 -0.0024423745783265609 6.6430234748094606e-05 0.00042211086053394695 0.00076104659372311617 -0.015163501464086876 -0.0021673999632690027 -0.0032846639352490481 0.0070317912568415263
leaf_weight=219476 10599 8207 4849 3506 2378 3285 9149 65697 1309 3104 1465 264 7945 1889
leaf_count=219476 10599 8207 4849 3506 2378 3285 9149 65697 1309 3104 1465 264 7945 1889
internal_value=-0.00116763 -0.00344403 -0.00265318 -0.00946331 -0.00170525 -0.00602775 -0.00340938 -0.000316086 -0.00823583 -0.0121215 -0.00189976 0.0150286 -0.00681663 -0.000756559
internal_weight=343122 123646 115439 14105 101334 24646 22268 76688 10991 9418 4569 1573 18983 9834
internal_count=343122 123646 115439 14105 101334 24646 22268 76688 10991 9418 4569 1573 18983 9834
is_linear=0
shrinkage=0.04


Tree=52
num_leaves=15
num_cat=0
split_feature=11 8 3 2 11 2 11 10 11 2 0 1 9 0
split_gain=578.023 468.465 453.373 439.07 591.703 481.931 524.55 551.146 605.898 567.741 727.682 520.501 522.44 497.007
threshold=46.688573388952904 0.51532310862360597 14.352720000000001 53.139727000000008 5.5067854138048444 109.51417550000001 1.3165867113977403 -1.5571373486189197 0.56573698983045395 75.622772000000012 8.3865082294437947 3.8069268435104813 0.0025102473295502419 16.088157933640854
decision_type=2 2 2 2 2 2 2 2 2 2 2 2 2 2
left_child=1 -1 -2 4 -3 6 7 9 -9 -5 -11 -7 -13 -8
right_child=2 3 -4 5 -6 11 13 8 -10 10 -12 12 -14 -15
leaf_value=0 -0.015174295124974452 -7.965626881728527e-05 -0.00058039891587947554 -0.0023820291884986545 -0.0010803292291577096 -0.0054210582648286576 1.4073520723002776e-07 0.00038221740108706408 -0.0022442475639577746 0.00077609544190160556 -0.01314850143428772 0.0043113646879906443 -0.0016610766076080386 0.003573890412206091
leaf_weight=210389 1089 10731 18928 4622 3352 771 55785 1485 336 2880 1653 5633 18848 6540
leaf_count=210389 1089 10731 18928 4622 3352 771 55785 1485 336 2880 1653 5633 18848 6540
internal_value=-0.0011075 -0.000698769 -0.00770345 -0.00278064 -0.0093872 -0.00183658 -0.000194813 -0.00825802 0.0118396 -0.0122556 -0.00219722 -0.00660225 -0.00558311 0.00122519
internal_weight=343042 323025 20017 112636 14083 98553 73301 10976 1821 9155 4533 25252 24481 62325
internal_count=343042 323025 20017 112636 14083 98553 73301 10976 1821 9155 4533 25252 24481 62325
is_linear=0
shrinkage=0.04


Tree=53
num_leaves=15
num_cat=0
split_feature=9 11 2 12 11 11 0 12 8 3 12 11 10 3
split_gain=584.019 609.011 416.273 561.182 428.296 384.731 988.083 876.554 489.417 588.167 474.924 471.401 581.034 435.048
threshold=0.54466030562914014 44.294213790599322 53.139727000000008 58.349107950223143 4.5682774417588723 26.266431335024514 4.1572192097232046 112.42541924383379 0.80610055123714119 53.147014500000004 68.09831688421535 1.3165867113977403 -0.3563185239100547 4.8944345000000009
decision_type=2 2 2 2 2 2 2 2 2 2 2 2 2 2
left_child=1 2 3 -1 -5 11 -7 10 -9 -10 -8 12 -4 -13
right_child=-2 -3 5 4 -6 6 7 8 9 -11 -12 13 -14 -15
leaf_value=0.00012361158906094502 0 -0.0055537948238953425 -0.00099852509822401453 -0.00012118678636213451 -0.00083083243105081894 -0.0052805092520794815 -0.0071420342579166761 -0.0024551490679217314 -0.0028843289686273799 0.0065716315951743522 0.0047593095858748467 -0.0020886993117556667 0.0013063150111570496 0.00012146282113502827
leaf_weight=2960 219835 7322 10565 7237 3881 2393 236 9539 8196 1925 3147 3899 425 61527
leaf_count=2960 219835 7322 10565 7237 3881 2393 236 9539 8196 1925 3147 3899 425 61527
internal_value=-0.00107378 -0.00327784 -0.00257121 -0.00901833 -0.0131391 -0.00168008 -0.00594119 -0.0034006 -0.00663683 -0.000509831 0.0154064 -0.000261725 -0.00792721 0.00102589
internal_weight=343087 123252 115930 14078 11118 101852 25436 23043 19660 10121 3383 76416 10990 65426
internal_count=343087 123252 115930 14078 11118 101852 25436 23043 19660 10121 3383 76416 10990 65426
is_linear=0
shrinkage=0.04


Tree=54
num_leaves=15
num_cat=0
split_feature=11 9 3 14 11 2 2 3 10 13 13 14 10 11
split_gain=519.822 435.347 430.506 382.555 380.634 377.141 636.384 596.545 1019.55 551.193 495.266 628.351 484.803 396.161
threshold=46.688573388952904 0.46841033014970657 14.450717500000001 0.21135727656717004 2.3724828056251321 113.37740350000001 75.622772000000012 14.855356000000002 -13.170411272156434 264.2857089727114 266.16836799851399 0.18645488846809355 -13.722995140959382 6.2330986530682271
decision_type=2 2 2 2 2 2 2 2 2 2 2 2 2 2
left_child=1 3 -2 5 -5 6 9 8 -8 13 -7 -12 -13 -1
right_child=2 -3 -4 4 -6 10 7 -9 -10 -11 11 12 -14 -15
leaf_value=0.0002963030698648171 -0.014497359016280886 0 -0.0005270904901842991 -0.00058476099065933574 0.0004718218959574728 0.00049398993171707374 -0.059940222131983162 0.00067433869296866793 -0.00023742281698895584 -0.00026791774177042357 -0.0039400643288757383 -0.0036026041575288339 0.0293286144609676 -0.0023215488968058974
leaf_weight=1862 1131 211635 18892 2982 12786 3478 1586 26072 10201 39316 3171 8261 1185 349
leaf_count=1862 1131 211635 18892 2982 12786 3478 1586 26072 10201 39316 3171 8261 1185 349
internal_value=-0.00100365 -0.000615825 -0.00725765 -0.00264164 0.00313039 -0.00359485 -0.0024629 0.00128794 -0.00617969 -0.00588244 -0.00917801 -0.012862 -0.00769003 0.0135504
internal_weight=342907 322884 20023 111249 15768 95481 79386 37859 11787 41527 16095 12617 9446 2211
internal_count=342907 322884 20023 111249 15768 95481 79386 37859 11787 41527 16095 12617 9446 2211
is_linear=0
shrinkage=0.04


Tree=55
num_leaves=15
num_cat=0
split_feature=9 12 11 2 8 3 10 15 15 8 14 8 3 12
split_gain=499.009 490.513 715.385 542.957 644.117 634.41 1149.65 489.461 473.75 457.889 416.237 387.92 381.293 374.301
threshold=0.46841033014970657 134.12325902949723 22.555100728877068 75.622772000000012 0.78335920326161701 14.855356000000002 -13.006908119067521 3.7507811581250086 8.9564394312499775 0.88496426912760506 0.17356154239959554 0.91535153506786293 4.6578530000000011 89.90277879609188
decision_type=2 2 2 2 2 2 2 2 2 2 2 2 2 2
left_child=1 3 -3 7 8 6 -6 9 -5 -1 -4 -12 -8 -9
right_child=-2 2 10 4 5 -7 12 13 -10 -11 11 -13 -14 -15
leaf_value=-0.0035520014073276472 0 0.00025440443137740744 -0.0039934158660667384 -0.001872856647445134 -0.062191560962463116 0.00083933219654538037 -0.0055653661471278728 -0.00027768630965075759 0.00068302824285434549 0.00021660922783002016 -0.0044479723916383542 -0.00067227447724818004 0.00036815413958975695 0.0021908298777965317
leaf_weight=382 226648 6825 1575 6030 1565 30437 1100 36723 2611 5366 8579 3625 8304 3321
leaf_count=382 226648 6825 1575 6030 1565 30437 1100 36723 2611 5366 8579 3625 8304 3321
internal_value=-0.000969888 -0.00309817 -0.00869734 -0.00189443 0.000985474 0.00305849 -0.00518917 -0.00504193 -0.00894804 0.00587335 -0.013943 -0.0114454 9.35772e-05 -0.00660873
internal_weight=343091 116443 20604 95839 50047 41406 10969 45792 8641 5748 13779 12204 9404 40044
internal_count=343091 116443 20604 95839 50047 41406 10969 45792 8641 5748 13779 12204 9404 40044
is_linear=0
shrinkage=0.04


Tree=56
num_leaves=15
num_cat=0
split_feature=11 10 8 12 1 3 1 10 2 3 15 10 15 9
split_gain=484.69 969.885 958.445 654.251 607.264 606.017 1247.66 664.568 665.874 923.793 645.828 580.238 504.63 473.589
threshold=26.266431335024514 -5.567837890499737 0.42111581278633498 107.6323131318883 17.156728269186512 25.234549500000004 27.356061363949049 -21.76301051217381 119.19768550000002 29.027554500000004 6.1052587268750651 -30.779148997945658 3.0431176787500083 0.57483006629625899
decision_type=2 2 2 2 2 2 2 2 2 2 2 2 2 2
left_child=4 3 -3 -2 -1 6 -5 8 -7 11 -9 -10 -6 -11
right_child=1 2 -4 5 12 7 -8 10 9 13 -12 -13 -14 -15
leaf_value=0 0.0051338662548597097 7.5433291738685924e-05 -0.0056894683210656806 -0.00056665835834112928 -0.00024445152171491603 0.00055751837716830018 -0.013658642610573798 6.3231377966386994e-05 -0.0049426541570580084 -0.0058437605548507503 -0.0017226481114789832 0.0045840157873938995 0.0006165069866470882 -0.00022227407434834978
leaf_weight=234725 2558 353 3600 28158 1082 18541 2458 3620 702 3011 5395 4911 19957 14213
leaf_count=234725 2558 353 3600 28158 1082 18541 2458 3620 702 3011 5395 4911 19957 14213
internal_value=-0.000968994 -0.00353839 -0.0228991 -0.00262257 -8.97703e-05 -0.00325149 -0.0076901 -0.000554839 0.00158925 -0.00298288 -0.010396 0.0111099 0.00642046 -0.00757548
internal_weight=343284 87520 3953 83567 255764 81009 30616 50393 41378 22837 9015 5613 21039 17224
internal_count=343284 87520 3953 83567 255764 81009 30616 50393 41378 22837 9015 5613 21039 17224
is_linear=0
shrinkage=0.04


Tree=57
num_leaves=15
num_cat=0
split_feature=11 1 10 8 2 8 2 11 2 1 8 11 10 11
split_gain=484.175 470.57 425.776 359.529 359.241 343.728 317.85 577.753 390.273 556.966 422.638 397.038 534.045 631.468
threshold=44.294213790599322 5.6501524989688949 -42.657624934394526 0.12718390245668706 118.12240950000002 0.51532310862360597 53.139727000000008 5.5067854138048444 109.51417550000001 3.8069268435104813 0.99618089715588043 1.3165867113977403 -1.5571373486189197 0.56573698983045395
decision_type=2 2 2 2 2 2 2 2 2 2 2 2 2 2
left_child=2 -2 -1 -3 -5 -4 7 -7 11 -10 -11 12 -8 -14
right_child=1 3 5 4 -6 6 8 -9 9 10 -12 -13 13 -15
leaf_value=0.00082272853430541101 -0.01436989289914023 0.00015252145284082725 0 0.00022893401633146016 -0.0012840040739308179 -5.7496091491838485e-05 -0.0014035864645751007 -0.00096880163070821952 -0.0044508711427718364 -0.0014072560121629882 0.0038166359447772582 7.847571860732608e-05 0.0004071329331312301 -0.002085615917491377
leaf_weight=3265 686 6930 203196 3719 13855 10754 9118 3294 785 17755 5632 62057 1483 331
leaf_count=3265 686 6930 203196 3719 13855 10754 9118 3294 785 17755 5632 62057 1483 331
internal_value=-0.000937526 -0.00627551 -0.000514244 -0.00536076 -0.00840332 -0.000663475 -0.00245124 -0.00807517 -0.00163811 -0.00604336 -0.00493094 -0.000179205 -0.0072082 0.012613
internal_weight=342860 25190 317670 24504 17574 314405 111209 14048 97161 24172 23387 72989 10932 1814
internal_count=342860 25190 317670 24504 17574 314405 111209 14048 97161 24172 23387 72989 10932 1814
is_linear=0
shrinkage=0.04


Tree=58
num_leaves=15
num_cat=0
split_feature=11 10 3 2 1 3 0 1 11 2 12 9 15 12
split_gain=457.254 881.37 547.422 631.418 512.269 514.235 466.709 446.271 441.562 432.689 418.748 415.238 425.044 335.906
threshold=28.670978857163679 -5.567837890499737 54.692218500000003 124.103886 17.156728269186512 25.868632500000004 1.9250758942236785 25.204035122101516 13.478300475405051 54.35356500000001 107.6323131318883 0.082555863863653781 8.5257561433749931 102.62843234068914
decision_type=2 2 2 2 2 2 2 2 2 2 2 2 2 2
left_child=4 2 6 11 -1 7 -2 -6 -7 -3 -10 -4 -13 -8
right_child=1 9 3 -5 5 8 13 -9 10 -11 -12 12 -14 -15
leaf_value=0 0.0010301162432735009 0.0017097127552086042 0.012005125133893185 -0.00053604691749778552 0.00014014181253013032 -0.03714809503605776 0.012540155302762163 -0.012408242448754046 0.0048840894737571241 -0.0061064193501903907 0.00044292758132230564 -0.00030521839577253405 0.00052946618309920629 -0.00056926449497257897
leaf_weight=239470 3987 182 1084 4310 7158 332 839 1313 1274 2408 13490 2534 9385 55290
leaf_count=239470 3987 182 1084 4310 7158 332 839 1313 1274 2408 13490 2534 9385 55290
internal_value=-0.000900961 -0.00354866 -0.00278087 0.0034864 -9.54999e-05 0.00553146 -0.0045858 -0.00235627 0.0099576 -0.0265019 0.0109835 0.00788433 0.00572867 -0.00552513
internal_weight=343056 80019 77429 17313 263037 23567 60116 8471 15096 2590 14764 13003 11919 56129
internal_count=343056 80019 77429 17313 263037 23567 60116 8471 15096 2590 14764 13003 11919 56129
is_linear=0
shrinkage=0.04


Tree=59
num_leaves=15
num_cat=0
split_feature=9 11 0 9 3 2 11 10 11 0 2 2 0 11
split_gain=441.244 459.812 1193 799.051 497.982 372.434 581.121 355.877 393.741 480.532 532.086 411.791 433.88 399.718
threshold=0.46841033014970657 26.266431335024514 4.5207464870741054 0.20691430137100883 51.756320500000008 53.740755000000007 3.4477024844085746 -0.3563185239100547 1.3165867113977403 5.1220985364658107 71.030990500000016 80.291813000000005 12.251569720815512 0.56573698983045395
decision_type=2 2 2 2 2 2 2 2 2 2 2 2 2 2
left_child=1 5 -3 4 -4 6 -1 8 9 10 13 -11 -13 -7
right_child=-2 2 3 -5 -6 7 -8 -9 -10 11 -12 12 -14 -15
leaf_value=-6.414950701351535e-06 0 -0.0052113546563655778 -0.0015106277145535596 -0.0030332047463965187 0.0040351003845446546 -0.00013609989283118213 -0.00040384953747533747 0.0013603988135671861 6.542063869720532e-05 -0.010138993866182045 0.00084686963002559732 0.00024816344205972452 -0.025927098312118035 -0.0042791784782245561
leaf_weight=9195 226385 3217 13600 8686 3603 3702 6996 405 60553 1404 1927 1958 691 577
leaf_count=9195 226385 3217 13600 8686 3603 3702 6996 405 60553 1404 1927 1958 691 577
internal_value=-0.000849346 -0.00284944 -0.00720401 -0.00434934 0.000644074 -0.00139941 -0.00687542 -0.000154458 -0.000368299 -0.00761478 -0.000618756 -0.0183272 -0.00904492 -0.00847862
internal_weight=342899 116514 29106 25889 17203 87408 16191 71217 70812 10259 6206 4053 2649 4279
internal_count=342899 116514 29106 25889 17203 87408 16191 71217 70812 10259 6206 4053 2649 4279
is_linear=0
shrinkage=0.04


Tree=60
num_leaves=15
num_cat=0
split_feature=11 10 12 3 10 1 9 11 14 1 15 12 3 1
split_gain=453.714 976.369 794.831 646.133 1330.83 691.803 551.222 538.327 467.397 454.334 399.595 384.872 378.617 394.482
threshold=23.086545164692158 -5.567837890499737 107.6323131318883 25.418657500000005 -27.701095631119831 20.519191503519458 0.55456775339311315 44.294213790599322 0.20033672309383191 16.579249389661936 6.1052587268750651 142.57238863138127 14.070444000000002 14.966089076550926
decision_type=2 2 2 2 2 2 2 2 2 2 2 2 2 2
left_child=9 2 8 4 -4 10 -3 -7 -2 -1 -5 -11 13 -6
right_child=1 6 3 5 12 7 -8 -9 -10 11 -12 -13 -14 -15
leaf_value=0 -0.00067185211365321435 -0.0050359266740188681 -0.014294471825120555 -4.4996464737236678e-05 -0.00099049442399759546 0.00038970477894880308 2.9789478062702247e-05 -0.00024383739709390369 0.0065378901776828816 0.0002266756830504784 -0.0016406727117321085 0.00085525891851837487 -0.00028403329551776715 -0.014269781708221789
leaf_weight=224550 1453 4456 2582 5063 4575 26582 910 17321 2730 12147 4637 5739 29263 1201
leaf_count=224550 1453 4456 2582 5063 4575 26582 910 17321 2730 12147 4637 5739 29263 1201
internal_value=-0.000896247 -0.00315203 -0.00221829 -0.00300009 -0.00701842 -0.000179841 -0.019754 0.00195613 0.0148315 4.1413e-05 -0.00984742 0.0061769 -0.00497617 -0.0143352
internal_weight=343209 100773 95407 91224 37621 53603 5366 43903 4183 242436 9700 17886 35039 5776
internal_count=343209 100773 95407 91224 37621 53603 5366 43903 4183 242436 9700 17886 35039 5776
is_linear=0
shrinkage=0.04


Tree=61
num_leaves=15
num_cat=0
split_feature=8 11 1 14 15 13 12 13 2 12 3 8 1 14
split_gain=438.131 447.026 317.153 315.1 352.184 302.751 541.386 485.512 426.674 468.1 565.867 644.211 616.531 350.072
threshold=0.53322472625079287 44.613184732247639 5.6501524989688949 0.21256765339438269 7.1244013522500049 266.16836799851399 144.85446157999721 321.91184865606897 75.622772000000012 109.78309679125687 14.256928 0.93399271048042354 12.619742922547859 0.16176218473511844
decision_type=2 2 2 2 2 2 2 2 2 2 2 2 2 2
left_child=-1 3 -3 5 -5 13 8 -8 -7 -10 12 -12 -11 -2
right_child=1 2 -4 4 -6 6 7 -9 9 10 11 -13 -14 -15
leaf_value=0 -0.00099237751701268897 -0.013986174678977803 -0.0035746872167771509 0.00051522402192697608 -0.00053073955746476523 -0.00022621722943491754 -0.0032618937845710809 -0.0040973642941860193 0.00037161826622541079 0.0002843171002385292 -0.0016446820089042657 0.0025921773620030232 -0.05150475239857321 0.00043867874706409517
leaf_weight=226756 1434 663 5588 8818 4093 40110 1584 2490 20623 1369 11730 10602 1866 5482
leaf_count=226756 1434 663 5588 8818 4093 40110 1584 2490 20623 1369 11730 10602 1866 5482
internal_value=-0.000839491 -0.00283379 -0.0132395 -0.00224354 0.00362791 -0.00302272 -0.00363998 -0.0178891 -0.00296732 -0.000346395 -0.00396292 -0.00169801 -0.0195981 0.00504338
internal_weight=343208 116452 6251 110201 12911 97290 90374 4074 86300 46190 25567 22332 3235 6916
internal_count=343208 116452 6251 110201 12911 97290 90374 4074 86300 46190 25567 22332 3235 6916
is_linear=0
shrinkage=0.04


Tree=62
num_leaves=15
num_cat=0
split_feature=8 12 1 0 3 11 15 11 12 11 2 0 13 2
split_gain=409.717 443.601 538.319 493.619 579.549 479.586 434.409 408.288 315.453 1294.34 564.703 602.823 473.976 452.505
threshold=0.5687858075212967 133.67214951147977 3.8069268435104813 19.483331808432897 23.617114000000004 47.399024902936155 4.8872795136250327 17.564995435281723 73.199052990763533 5.683357646083727 88.051555500000021 4.7302334411741525 268.32281790025485 79.638138000000012
decision_type=2 2 2 2 2 2 2 2 2 2 2 2 2 2
left_child=-1 3 -3 5 -5 8 -4 -6 9 10 11 12 -2 -14
right_child=1 2 6 4 7 -7 -8 -9 -10 -11 -12 -13 13 -15
leaf_value=0 0.00028040827275122585 -0.0037716755900974422 0.00030337813559271287 -0.06666232723936738 -0.046444291871128404 -0.0091617460531454396 -0.0027619522814365254 0.0069260866599335025 3.3856611851221241e-05 -0.001072802724827093 0.0021560308260108298 -0.0016684421425793095 -3.3350253052240042e-05 0.00048144371162695655
leaf_weight=229757 1893 866 5785 526 244 1673 12867 4657 48842 10543 968 3407 20411 822
leaf_count=229757 1893 866 5785 526 244 1673 12867 4657 48842 10543 968 3407 20411 822
internal_value=-0.000793216 -0.00275937 -0.00824675 -0.00161982 0.0100903 -0.00233742 -0.00681535 0.0143726 -0.00192896 -0.00465987 -9.1633e-05 -0.00118645 0.00112774 -0.000582113
internal_weight=343261 113504 19518 93986 5427 88559 18652 4901 86886 38044 27501 26533 23126 21233
internal_count=343261 113504 19518 93986 5427 88559 18652 4901 86886 38044 27501 26533 23126 21233
is_linear=0
shrinkage=0.04


Tree=63
num_leaves=15
num_cat=0
split_feature=8 12 1 15 0 3 11 11 13 8 12 11 14 11
split_gain=394.308 465.292 537.802 452.391 447.86 541.362 443.364 395.501 307.385 664.918 418.764 1074.7 389.293 397.188
threshold=0.60383285071193649 133.67214951147977 3.8069268435104813 4.8872795136250327 19.483331808432897 23.617114000000004 47.399024902936155 17.564995435281723 268.32281790025485 0.99868892793395692 73.199052990763533 7.3485484368586391 0.21135727656717004 2.3724828056251321
decision_type=2 2 2 2 2 2 2 2 2 2 2 2 2 2
left_child=-1 4 -3 -4 6 -6 8 -7 9 -2 11 -10 -12 -14
right_child=1 2 3 -5 5 7 -8 -9 10 -11 12 -13 13 -15
leaf_value=0 -0.0044059617661738005 -0.0036054471021029588 0.00040328360668689115 -0.0029994186806648051 -0.064931048992933157 -0.045080495924062332 -0.008814392238622246 0.0066881193678243502 -4.590234934514451e-05 0.0003772444776482867 -0.00018749757475244877 -0.0015856145092498597 -0.008552604423065038 0.0014507826409090999
leaf_weight=231781 519 876 5410 11796 530 248 1652 4640 28305 4345 39051 7678 563 5305
leaf_count=231781 519 876 5410 11796 530 248 1652 4640 28305 4345 39051 7678 563 5305
internal_value=-0.000773624 -0.00273499 -0.00860524 -0.0070487 -0.00159162 0.00956811 -0.00228328 0.0137316 -0.00188793 0.00787829 -0.00247509 -0.00569046 0.000100626 0.00970688
internal_weight=342699 110918 18082 17206 92836 5418 87418 4888 85766 4864 80902 35983 44919 5868
internal_count=342699 110918 18082 17206 92836 5418 87418 4888 85766 4864 80902 35983 44919 5868
is_linear=0
shrinkage=0.04


Tree=64
num_leaves=15
num_cat=0
split_feature=11 2 2 15 8 12 1 2 15 9 15 12 12 8
split_gain=384.761 408.499 343.177 363.66 315.906 305.873 595.553 428.039 503.845 502.439 368.448 334.284 332.873 307.009
threshold=46.688573388952904 85.412689000000015 120.41677100000001 8.8589735608750022 0.60383285071193649 133.67214951147977 3.8069268435104813 75.622772000000012 7.5518605999999986 0.2239696832906978 4.8872795136250327 57.117614587864232 93.479956419141644 0.98692894574471424
decision_type=2 2 2 2 2 2 2 2 2 2 2 2 2 2
left_child=4 -2 3 -3 -1 7 -7 8 12 -9 -8 -10 13 -6
right_child=1 2 -4 -5 5 6 10 9 11 -11 -12 -13 -14 -15
leaf_value=0 -0.010162853308155688 -0.00022301696812604508 -0.00084517360067082087 0.00085511944776582474 -0.0031691069564410701 -0.0034694323129717229 0.00051313107488775464 0.00037230903227155005 0.00069844292023229127 -0.00071872829456054888 -0.0024436501310432183 -0.0010197285605117856 0.0026955718632852678 -6.7249585219063753e-05
leaf_weight=217010 785 3107 14427 1667 947 884 5134 39579 220 5272 10017 7500 2003 34597
leaf_count=217010 785 3107 14427 1667 947 884 5134 39579 220 5272 10017 7500 2003 34597
internal_value=-0.000726332 -0.00611228 -0.00495599 0.00434018 -0.000393238 -0.00218138 -0.00727159 -0.00127566 -0.00401971 0.00149384 -0.00540954 -0.0133264 -0.00210616 -0.00300023
internal_weight=343149 19986 19201 4774 323163 106153 16035 90118 45267 44851 15151 7720 37547 35544
internal_count=343149 19986 19201 4774 323163 106153 16035 90118 45267 44851 15151 7720 37547 35544
is_linear=0
shrinkage=0.04


Tree=65
num_leaves=15
num_cat=0
split_feature=11 10 9 12 1 3 1 15 1 2 0 10 13 3
split_gain=377.743 923.006 878.5 537.909 512.504 485.25 1036.04 478.582 450.944 471.836 701.132 682.669 599.878 509.249
threshold=26.266431335024514 -5.567837890499737 0.57483006629625899 102.62843234068914 17.156728269186512 24.186682500000003 22.54264523011722 3.0431176787500083 22.54264523011722 119.19768550000002 7.1275858902198719 -29.817427409782372 326.60635944222241 27.085042500000004
decision_type=2 2 2 2 2 2 2 2 2 2 2 2 2 2
left_child=4 3 -3 -2 -1 6 -5 -6 -7 -10 11 13 -13 -11
right_child=1 2 -4 5 7 8 -8 -9 9 10 -12 12 -14 -15
leaf_value=0 0.010090992467543188 -0.0045825286732755705 3.1509560335644108e-05 -0.00028833453797474847 -0.00025369633465135137 -0.00042921877745704442 -0.0073404597264556662 0.0005868360015399551 0.0004884069344046919 -0.01051868315466876 -0.0012812467675416806 -0.00029489822740121812 0.0034893800143872117 -2.3773925584444044e-05
leaf_weight=234469 1522 3594 350 22612 1092 11093 6241 19903 18417 749 9512 914 4731 7769
leaf_count=234469 1522 3594 350 22612 1092 11093 6241 19903 18417 749 9512 914 4731 7769
internal_value=-0.000688461 -0.00295666 -0.0218661 -0.00206415 8.84665e-05 -0.00250128 -0.00667799 0.00607573 -0.000235405 0.00165542 -0.00207983 0.00356139 0.014349 -0.0035877
internal_weight=342968 87504 3944 83560 255464 82038 28853 20995 53185 42092 23675 14163 5645 8518
internal_count=342968 87504 3944 83560 255464 82038 28853 20995 53185 42092 23675 14163 5645 8518
is_linear=0
shrinkage=0.04


Tree=66
num_leaves=15
num_cat=0
split_feature=11 10 12 8 3 10 1 11 14 1 3 10 11 11
split_gain=356.263 1000.13 659.326 488.702 473.897 1171.66 552.654 442.206 421.757 386.132 793.9 723.125 653.148 466.632
threshold=23.086545164692158 -5.567837890499737 107.6323131318883 0.44703730236555828 25.418657500000005 -27.97735515093418 20.370663783234793 44.294213790599322 0.20033672309383191 10.958890293617747 14.256928 -12.678612785824237 2.8316024738975325 14.310773899772387
decision_type=2 2 2 2 2 2 2 2 2 2 2 2 2 2
left_child=9 2 8 -3 5 -4 -6 -8 -2 13 11 -11 -12 -1
right_child=1 3 4 -5 6 -7 7 -9 -10 10 12 -13 -14 -15
leaf_value=0 -0.00057262765922760624 2.7337516526768391e-05 -0.014135840070970344 -0.0044614877801625197 -0.00043851577916098145 -0.00036736273226642305 0.00035849241848458907 -0.00021797820601962976 0.006201298403589536 -0.037383878148786069 -0.015430334242747312 0.0029231973531798588 0.00073200128456520704 -0.00085331465147720441
leaf_weight=199083 1466 909 2362 4461 9497 35268 26869 17459 2717 1784 1225 1024 27442 11581
leaf_count=199083 1466 909 2362 4461 9497 35268 26869 17459 2717 1784 1225 1024 27442 11581
internal_value=-0.00067831 -0.00267385 -0.00173069 -0.0194711 -0.00244098 -0.00588467 -3.34417e-05 0.00184263 0.0137987 0.000154126 0.00428658 -0.0160114 0.00627481 -0.000463297
internal_weight=343147 101008 95638 5370 91455 37630 53825 44328 4183 242139 31475 2808 28667 210664
internal_count=343147 101008 95638 5370 91455 37630 53825 44328 4183 242139 31475 2808 28667 210664
is_linear=0
shrinkage=0.04


Tree=67
num_leaves=15
num_cat=0
split_feature=8 12 1 15 2 9 3 10 15 11 13 12 3 13
split_gain=372.78 397.144 554.386 381.713 358.341 523.653 513.326 1130.23 424.746 444.892 375.077 355.011 342.105 330.027
threshold=0.60383285071193649 134.12325902949723 3.8069268435104813 4.8872795136250327 75.622772000000012 0.2239696832906978 14.855356000000002 -13.348898080183178 7.5518605999999986 37.984727353763482 264.2857089727114 93.479956419141644 4.6578530000000011 268.7841962257441
decision_type=2 2 2 2 2 2 2 2 2 2 2 2 2 2
left_child=-1 4 -3 -4 8 6 7 -6 9 10 -2 -12 -9 -8
right_child=1 2 3 -5 5 -7 13 12 -10 -11 11 -13 -14 -15
leaf_value=0 0.00021272378532142923 -0.0029696956387155761 0.00036022822567062789 -0.0028446432954576839 -0.064620550855411046 -0.00094214947626939825 0.0015204692084980643 -0.0054094512327908023 -0.0008682526067498753 -0.0082524123093097607 -0.00010646443316829215 0.0026099957208892566 0.0002989693445370978 0.00055925336805352668
leaf_weight=232266 2063 877 5348 11136 1408 5695 1478 1102 7807 783 33148 2005 8628 29484
leaf_count=232266 2063 877 5348 11136 1408 5695 1478 1102 7807 783 33148 2005 8628 29484
internal_value=-0.000634913 -0.00254213 -0.00809861 -0.00644989 -0.00151152 0.000911392 0.00245131 -0.00491291 -0.00403965 -0.00229374 -0.00166595 -0.00263875 -6.5776e-05 0.00510045
internal_weight=343228 110962 17361 16484 93601 47795 42100 11138 45806 37999 37216 35153 9730 30962
internal_count=343228 110962 17361 16484 93601 47795 42100 11138 45806 37999 37216 35153 9730 30962
is_linear=0
shrinkage=0.04


Tree=68
num_leaves=15
num_cat=0
split_feature=8 11 0 9 3 2 2 15 8 12 2 11 12 10
split_gain=352.496 374.584 1135.87 686.643 410.74 373.225 287.102 255.704 248.79 285.846 235.015 592.315 256.888 234.924
threshold=0.60383285071193649 26.266431335024514 4.6050543829009492 0.21872817201632114 51.756320500000008 98.609421000000012 124.90890900000001 13.078688944500003 0.99998359395049663 112.42541924383379 53.740755000000007 7.090544369224161 58.349107950223143 -1.4319401207876261
decision_type=2 2 2 2 2 2 2 2 2 2 2 2 2 2
left_child=-1 7 -3 4 8 -5 -6 10 9 -4 11 12 -2 -12
right_child=1 2 3 5 6 -7 -8 -9 -10 -11 13 -13 -14 -15
leaf_value=0 0.00012081903420817226 -0.0040713515107953869 0.0021602381923825514 0.011216863653655344 0.0042173437054770007 -0.0048868464688430046 -0.010119021254380032 -0.011600378126818483 0.0016389718254560359 -0.0076504632465262323 -4.8101302488689213e-05 -0.0010838810050166636 -9.0681600654449188e-05 0.00013230580716285689
leaf_weight=231907 3350 3159 846 356 3518 4804 182 355 6543 6518 63896 2619 10223 4411
leaf_count=231907 3350 3159 846 356 3518 4804 182 355 6543 6518 63896 2619 10223 4411
internal_value=-0.000594829 -0.00245098 -0.00665895 -0.00354021 0.000220367 -0.0163721 0.0120649 -0.0011653 -0.0029309 -0.00797393 -0.00102297 -0.00535573 -0.00199514 4.09914e-06
internal_weight=342687 110780 25926 22767 17607 5160 3700 84854 13907 7364 84499 16192 13573 68307
internal_count=342687 110780 25926 22767 17607 5160 3700 84854 13907 7364 84499 16192 13573 68307
is_linear=0
shrinkage=0.04


Tree=69
num_leaves=15
num_cat=0
split_feature=11 2 1 3 1 8 15 9 8 2 1 9 3 11
split_gain=378.022 419.011 334.345 293.708 325.329 298.638 297.875 306.055 252.654 259.691 503.344 487.564 377.415 516.427
threshold=45.284066767591455 85.412689000000015 44.229116376948078 14.352720000000001 16.42955943579771 0.52785412947814059 9.4220805387499968 0.81832819244987143 0.60383285071193649 111.94598000000001 3.8069268435104813 0.0042105814928188332 51.756320500000008 15.91122629391848
decision_type=2 2 2 2 2 2 2 2 2 2 2 2 2 2
left_child=2 -2 8 -3 5 -5 7 -6 -1 12 -11 -12 -10 -14
right_child=1 3 -4 4 6 -7 -8 -9 9 10 11 -13 13 -15
leaf_value=0 -0.0087312511613250581 -0.011175589043109231 0.00074724451839013148 0.012076330185868053 -0.0019357333746299243 -0.0004076713161387202 0.00043512562418523927 -0.00010757582459486777 -9.0799400238726353e-05 -0.0026516882602131342 0.0040985067722453042 -0.0020874146591584211 -9.9667502670336419e-05 0.0074910640486640845
leaf_weight=211770 862 947 2709 624 7951 815 3046 8739 82661 758 4596 11347 3463 2802
leaf_count=211770 862 947 2709 624 7951 815 3046 8739 82661 758 4596 11347 3463 2802
internal_value=-0.000631438 -0.00558649 -0.000275659 -0.00452039 -0.00354569 0.0148158 -0.00488448 -0.00698382 -0.000395089 -0.00199305 -0.00656967 -0.00505551 -0.00113353 0.008332
internal_weight=343090 22984 320106 22122 21175 1439 19736 16690 317397 105627 16701 15943 88926 6265
internal_count=343090 22984 320106 22122 21175 1439 19736 16690 317397 105627 16701 15943 88926 6265
is_linear=0
shrinkage=0.04


Tree=70
num_leaves=15
num_cat=0
split_feature=11 1 0 3 2 1 3 15 12 3 2 10 11 12
split_gain=338.387 821.897 565.116 468.246 517.872 388.981 428.005 380.507 416.628 381.768 380.441 367.238 343.105 381.974
threshold=28.670978857163679 6.1037357332819449 1.9250758942236785 53.147014500000004 124.103886 17.156728269186512 18.933189000000002 2.7549546101249835 147.03595448351015 23.820349500000003 54.35356500000001 -23.021950443939044 13.478300475405051 107.6323131318883
decision_type=2 2 2 2 2 2 2 2 2 2 2 2 2 2
left_child=5 10 -3 -4 -5 -1 -7 -8 9 -9 -2 -10 -11 -14
right_child=1 2 3 4 -6 6 7 8 11 12 -12 -13 13 -15
leaf_value=0 0.0030693039041677431 0.0013613677959922255 -0.00044762688987292926 0.00037864932015312742 -0.00047007210892231906 -0.017061980135267149 -0.00021899524758692575 -0.001483237282404384 -0.0023346373339552325 -0.042669171138715462 -0.0046608427443628206 0.001218133324659967 0.0040588040239278146 0.00036844185311398576
leaf_weight=239258 189 4019 55528 13293 4446 1061 1000 2995 811 318 2611 2974 1271 13236
leaf_count=239258 189 4019 55528 13293 4446 1061 1000 2995 811 318 2611 2974 1271 13236
internal_value=-0.000548555 -0.00282496 -0.00205367 -0.00285476 0.00280286 0.000144833 0.00503676 0.00620217 0.00731868 0.0047587 -0.0241143 0.0193712 0.00739022 0.00829117
internal_weight=343010 80086 77286 73267 17739 262924 23666 22605 21605 17820 2800 3785 14825 14507
internal_count=343010 80086 77286 73267 17739 262924 23666 22605 21605 17820 2800 3785 14825 14507
is_linear=0
shrinkage=0.04


Tree=71
num_leaves=15
num_cat=0
split_feature=11 2 8 9 2 10 9 3 11 2 14 2 3 10
split_gain=325.202 406.49 264.75 264.583 254.014 519.083 410.819 348.783 448.877 536.453 339.032 406.513 284.664 296.715
threshold=46.344736645912143 85.412689000000015 0.60383285071193649 0.87472318203512223 111.94598000000001 -3.6068521404931557 0.0042105814928188332 51.756320500000008 15.91122629391848 84.208591500000026 0.21317155419786091 172.20816050000005 25.570769500000004 -22.375354748610054
decision_type=2 2 2 2 2 2 2 2 2 2 2 2 2 2
left_child=2 -2 -1 -3 7 6 12 -4 9 -9 11 -8 13 -6
right_child=1 3 4 -5 5 -7 10 8 -10 -11 -12 -13 -14 -15
leaf_value=0 -0.0086266270854860119 -0.00077081414567263583 -8.3626949208615302e-05 0.00018721874084662472 -0.086875920118923047 -0.0024260243704330377 -0.0033954592106682458 0.00037068039141149422 0.0072287928163619168 -0.0016903714559665141 0.00093692437118106874 0.00075014542108373192 0.0068236338927801753 0.004306425727580142
leaf_weight=216409 798 14387 82554 5551 299 765 9334 2297 2868 1149 1535 760 727 3616
leaf_count=216409 798 14387 82554 5551 299 765 9334 2297 2868 1149 1535 760 727 3616
internal_value=-0.000534151 -0.00538966 -0.000221772 -0.00426923 -0.00186055 -0.00633482 -0.00482085 -0.00100284 0.00805828 -0.0016715 -0.00883653 -0.0114999 0.00523912 0.000970626
internal_weight=343049 20736 322313 19938 105904 17036 16271 88868 6314 3446 11629 10094 4642 3915
internal_count=343049 20736 322313 19938 105904 17036 16271 88868 6314 3446 11629 10094 4642 3915
is_linear=0
shrinkage=0.04


Tree=72
num_leaves=15
num_cat=0
split_feature=11 10 0 3 2 1 3 11 11 3 1 12 2 13
split_gain=333.791 914.589 485.589 452.454 416.426 365.751 1093.95 641.18 489.215 360.79 354.165 353.957 447.594 323.873
threshold=28.670978857163679 -5.567837890499737 1.9250758942236785 54.692218500000003 124.103886 11.157408591585705 13.581287000000001 21.274220681840259 2.8316024738975325 17.265940500000003 12.233691591985982 101.69048254895365 69.417476500000006 282.46392299658419
decision_type=2 2 2 2 2 2 2 2 2 2 2 2 2 2
left_child=5 2 -2 -4 -5 7 10 -1 9 -8 -7 12 -10 -9
right_child=1 -3 3 4 -6 6 8 13 11 -11 -12 -13 -14 -15
leaf_value=0 0.0012651577316888372 -0.0040430281398078412 -0.00042847729276123016 0.00037651741011645619 -0.00041019434545056465 0.0013545612664504303 0.0054518546892216883 -0.0017826770239268729 -0.0010559611825710087 -0.021652985505194119 -0.040251269579776282 0.00028740253316136193 0.0041394290951050792 -5.8884515964153864e-06
leaf_weight=209074 3995 2618 56113 12979 4312 419 248 2815 463 957 1707 39507 3270 4424
leaf_count=209074 3995 2618 56113 12979 4312 419 248 2815 463 957 1707 39507 3270 4424
internal_value=-0.00052085 -0.00278291 -0.00199641 -0.00273555 0.00292175 0.000167679 0.00338322 -0.00052461 0.00472404 -0.0204149 -0.0246472 0.00542461 0.017198 -0.0122282
internal_weight=342901 80017 77399 73404 17291 262884 46571 216313 44445 1205 2126 43240 3733 7239
internal_count=342901 80017 77399 73404 17291 262884 46571 216313 44445 1205 2126 43240 3733 7239
is_linear=0
shrinkage=0.04


Tree=73
num_leaves=15
num_cat=0
split_feature=9 11 10 2 10 12 1 2 3 11 12 0 3 11
split_gain=311.006 536.926 1016.51 632.762 418.965 320.211 317.975 426.871 298.588 331.588 408.942 292.116 1003.24 354.404
threshold=0.60380566634971966 26.266431335024514 -5.567837890499737 118.41607650000002 -13.722995140959382 101.69048254895365 16.42955943579771 123.71961600000002 23.820349500000003 12.89815153550369 122.47426554679127 13.732026114205768 15.848192000000003 10.10308288026663
decision_type=2 2 2 2 2 2 2 2 2 2 2 2 2 2
left_child=1 6 3 5 -5 -3 11 8 -8 -10 -11 -1 -13 -14
right_child=-2 2 -4 4 -6 -7 7 -9 9 10 -12 12 13 -15
leaf_value=-3.8291225578423186e-05 0 0.010745945856567629 -0.0037398332641274722 -0.0038033007176992684 0.00048483764909134421 -0.00021088906635486571 -0.0033843206611887488 0.0011129194669453535 -0.02725793752598759 0.0042685646234066109 0.00040230808265440425 -0.063323300086097142 -0.030327942633834457 0.0087390960243621703
leaf_weight=77708 213599 1365 3597 10203 2221 18849 2351 2718 345 1220 5550 1465 222 1355
leaf_count=77708 213599 1365 3597 10203 2221 18849 2351 2718 345 1220 5550 1465 222 1355
internal_value=-0.000483592 -0.002033 -0.0061631 -0.00393897 -0.0110431 0.000427427 -0.000422666 0.00560079 0.00158884 0.00567252 0.00762186 -0.00133152 -0.0134911 0.00864933
internal_weight=342768 129169 36235 32638 12424 20214 92934 12184 9466 7115 6770 80750 3042 1577
internal_count=342768 129169 36235 32638 12424 20214 92934 12184 9466 7115 6770 80750 3042 1577
is_linear=0
shrinkage=0.04


Tree=74
num_leaves=15
num_cat=0
split_feature=8 11 0 9 2 12 3 2 8 1 8 2 3 5
split_gain=315.996 424.767 1008.39 573.353 282.369 285.677 261.065 277.289 242.223 332.238 239.332 319.046 229.293 221.573
threshold=0.60383285071193649 26.266431335024514 4.847703784903854 0.2239696832906978 99.542839000000015 145.08588324929414 51.756320500000008 124.90890900000001 0.9999808874867534 13.583937190590914 0.91535153506786293 111.404228 14.070444000000002 1.0000000180025095e-35
decision_type=2 2 2 2 2 2 2 2 2 2 2 2 2 2
left_child=-1 13 -3 6 -5 -6 8 10 9 12 11 -8 -4 -2
right_child=1 2 3 4 5 -7 7 -9 -10 -11 -12 -13 -14 -15
leaf_value=0 0.0053887610961056162 -0.0035587544632997197 -0.0074519861872351847 0.0072838036371742788 -0.0067804141976358003 -0.00057724817732801809 0.0028712861902761666 -0.0093179591335798492 0.001740194022855991 -0.006248790491566316 0.0093857560497812558 -0.013856461858572562 0.0069624094965338827 -4.5058300996448917e-05
leaf_weight=231955 212 3352 661 400 3078 1405 1819 200 6481 5982 1315 427 947 84677
leaf_count=231955 212 3352 661 400 3078 1405 1819 200 6481 5982 1315 427 947 84677
internal_value=-0.000457845 -0.00221349 -0.00667971 -0.0036575 -0.0158018 -0.018675 -0.000331987 0.00902951 -0.0028342 -0.00768379 0.0116035 0.00366874 0.00845771 -0.000842041
internal_weight=342911 110956 26067 22715 4883 4483 17832 3761 14071 7590 3561 2246 1608 84889
internal_count=342911 110956 26067 22715 4883 4483 17832 3761 14071 7590 3561 2246 1608 84889
is_linear=0
shrinkage=0.04


Tree=75
num_leaves=15
num_cat=0
split_feature=11 1 10 9 2 10 8 12 2 11 2 1 9 11
split_gain=291.325 420.208 277.013 238.093 217.276 279.868 200.965 243.557 235.236 469.545 306.286 521.868 361.724 285.556
threshold=44.920399470807638 5.6501524989688949 -42.657624934394526 0.87953042538360171 117.22027200000001 -31.888082884115555 0.60383285071193649 57.646577202906641 53.740755000000007 7.090544369224161 108.83801650000001 3.8069268435104813 0.0025102473295502419 1.3165867113977403
decision_type=2 2 2 2 2 2 2 2 2 2 2 2 2 2
left_child=2 -2 -1 4 5 -3 -4 -8 9 -9 13 -12 -13 -10
right_child=1 3 6 -5 -6 -7 7 8 10 -11 11 12 -14 -15
leaf_value=0.00067576308019102809 -0.0098477683251453185 0.00088278578078049839 0 0.00018682036679981183 -0.00085675967721680012 -0.00076940486864606253 0.00018479951661335204 -5.6518650433486087e-05 -0.00049256741294514744 -0.0010550427465330736 -0.0019136301694028179 0.0034002723211680953 -0.0015462209522666154 9.0587870090307399e-05
leaf_weight=3274 658 1051 210749 5923 14112 1945 1839 11849 10674 2642 783 5845 14051 57690
leaf_count=3274 658 1051 210749 5923 14112 1945 1839 11849 10674 2642 783 5845 14051 57690
internal_value=-0.000432779 -0.00471274 -0.000115343 -0.00381225 -0.00620528 0.0035781 -0.000235226 -0.00166153 -0.00191782 -0.00664412 -0.00114866 -0.00541419 -0.0041536 0.000141595
internal_weight=343085 23689 319396 23031 17108 2996 316122 105373 103534 14491 89043 20679 19896 68364
internal_count=343085 23689 319396 23031 17108 2996 316122 105373 103534 14491 89043 20679 19896 68364
is_linear=0
shrinkage=0.04


Tree=76
num_leaves=15
num_cat=0
split_feature=8 11 0 12 12 0 15 3 2 0 12 3 1 11
split_gain=290.3 376.499 990.054 641.433 385.256 383.819 313.914 293.414 303.392 392.684 379.224 293.398 487.351 316.138
threshold=0.5687858075212967 23.226821042012237 4.5207464870741054 106.68324156006021 69.429840804539424 32.197384349508404 6.3665065888750698 17.265940500000003 75.622772000000012 4.7302334411741525 57.117614587864232 16.159588500000002 13.583937190590914 0.84660773943514733
decision_type=2 2 2 2 2 2 2 2 2 2 2 2 2 2
left_child=-1 6 -3 4 -4 -5 11 -8 10 -10 -9 12 -2 -13
right_child=1 2 3 5 -6 -7 7 8 9 -11 -12 13 -14 -15
leaf_value=0 -2.148268977754747e-05 -0.0033605647303212123 -0.0063382725589201184 -0.0017932495097931955 0.0041794055032044856 0.0080823314886915264 1.1396483387826061e-05 0.00071188986391921498 0.00026488243324575441 -0.00033524799938932547 -0.0009376206952784699 -0.0010144093447599122 -0.049145189270471921 0.00028850367565493967
leaf_weight=229192 23583 3838 246 24583 3622 1414 15301 226 1201 7812 6726 2567 870 21657
leaf_count=229192 23583 3838 246 24583 3622 1414 15301 226 1201 7812 6726 2567 870 21657
internal_value=-0.000439858 -0.00209281 -0.00563867 -0.00318098 0.0120165 -0.00544217 -0.000597926 -0.00372545 -0.00751895 -0.00267613 -0.0137975 0.00141093 -0.00167996 0.00453104
internal_weight=342838 113646 33703 29865 3868 25997 79943 31266 15965 9013 6952 48677 24453 24224
internal_count=342838 113646 33703 29865 3868 25997 79943 31266 15965 9013 6952 48677 24453 24224
is_linear=0
shrinkage=0.04


Tree=77
num_leaves=15
num_cat=0
split_feature=8 12 1 15 2 3 10 9 15 8 15 15 13 3
split_gain=281.298 287.385 523.824 288.776 282.519 390.695 966.185 455.79 369.021 344.521 357.964 387.978 322.09 304.87
threshold=0.5687858075212967 134.12325902949723 3.8069268435104813 4.8872795136250327 75.622772000000012 14.256928 -13.170411272156434 0.2239696832906978 7.5518605999999986 0.97943391872007346 3.7507811581250086 5.4527917175000349 268.7841962257441 4.6578530000000011
decision_type=2 2 2 2 2 2 2 2 2 2 2 2 2 2
left_child=-1 4 -3 -4 8 6 -6 12 9 -2 -11 -12 -7 -8
right_child=1 2 3 -5 5 7 13 -9 -10 10 11 -13 -14 -15
leaf_value=0 -0.0030444138947925922 -0.0018294708492162415 0.00027556291649894621 -0.0020345865383542485 -0.057954010307664491 0.0015204414260953658 -0.0052574262425662075 -0.00046510841137493487 -0.00075413798608067219 0.00018449059167066753 -0.0002531529621535242 5.8818960497604715e-05 0.00051039926463644864 0.00015424085332183229
leaf_weight=229392 1140 861 5794 12211 1412 1496 1109 6117 7760 5105 16698 15157 30687 8293
leaf_count=229392 1140 861 5794 12211 1412 1496 1109 6117 7760 5105 16698 15157 30687 8293
internal_value=-0.000412432 -0.00203795 -0.00654723 -0.0050897 -0.00114221 0.000965916 -0.0057481 0.00286162 -0.00339991 -0.00178058 -0.00111255 -0.00268843 0.00476401 -0.00111466
internal_weight=343232 113840 18866 18005 94974 49114 10814 38300 45860 38100 36960 31855 32183 9402
internal_count=343232 113840 18866 18005 94974 49114 10814 38300 45860 38100 36960 31855 32183 9402
is_linear=0
shrinkage=0.04


Tree=78
num_leaves=15
num_cat=0
split_feature=15 9 11 10 1 2 1 1 2 12 15 15 3 0
split_gain=258.922 337.539 521.254 960.975 455.672 447.682 486.416 441.961 415.368 352.777 306.425 442.612 302.888 280.632
threshold=11.201103675124985 0.82761406537035997 26.266431335024514 -5.567837890499737 15.993207799525873 116.93834350000002 23.673515232088871 13.716432742914447 123.71961600000002 101.69048254895365 7.5518605999999986 7.8595107582499688 10.116237000000002 14.061445201679534
decision_type=2 2 2 2 2 2 2 2 2 2 2 2 2 2
left_child=1 2 4 5 10 6 9 12 -6 -4 13 -12 -7 -1
right_child=-2 -3 3 -5 8 7 -8 -9 -10 -11 11 -13 -14 -15
leaf_value=-1.8316449873360953e-06 0 0 0.0085572819831715302 -0.0032177809567815281 0.0002475253713134462 -0.031172999813996665 0.00071782237111887197 -0.00084440303325868527 0.00081202814514233479 -0.00053824225751869623 -0.004532739233151682 -0.0001733812600896803 0.00088395689152512389 -0.030401333535071969
leaf_weight=66214 16740 172670 1305 3572 13180 486 7288 28091 4832 13244 1577 9379 2562 2014
leaf_count=66214 16740 172670 1305 3572 13180 486 7288 28091 4832 13244 1577 9379 2562 2014
internal_value=-0.000359605 -0.00060843 -0.00197159 -0.00502511 -0.00019507 -0.0036711 0.000719879 -0.00675038 0.00554741 -0.0035054 -0.00150131 -0.00771084 0.00771654 -0.000504192
internal_weight=343154 326414 153744 56548 97196 52976 21837 31139 18012 14549 79184 10956 3048 68228
internal_count=343154 326414 153744 56548 97196 52976 21837 31139 18012 14549 79184 10956 3048 68228
is_linear=0
shrinkage=0.04


Tree=79
num_leaves=15
num_cat=0
split_feature=15 9 15 2 15 2 3 1 3 13 12 1 3 0
split_gain=259.118 321.309 361.056 444.765 356.827 372.194 534.201 435.375 498.599 393.888 721.569 416.669 578.641 402.672
threshold=11.201103675124985 0.83946076860610164 3.7507811581250086 173.06992350000004 3.8080563977499797 116.93834350000002 14.070444000000002 23.673515232088871 23.441547500000002 491.13380064536852 143.88473881618935 25.204035122101516 24.864089000000003 13.436888488733061
decision_type=2 2 2 2 2 2 2 2 2 2 2 2 2 2
left_child=1 2 -1 4 -4 7 -7 -6 -9 11 -11 -8 -13 -14
right_child=-2 -3 3 -5 5 6 9 8 -10 10 -12 12 13 -15
leaf_value=0.00014725842672036181 0 0 -0.001779108401233897 0.00078341384242148842 -0.00012209185500976189 -0.0064023184012325495 4.2122440608294285e-06 -0.024473906837664053 0.00074863263358699943 -0.0016044409836629069 -8.1698879174634261e-05 -0.022851382965664017 1.5311971330411733e-05 -0.00634673795919918
leaf_weight=18052 16609 169554 913 1112 86336 1383 21603 509 10436 4251 4197 1552 4965 1513
leaf_count=18052 16609 169554 913 1112 86336 1383 21603 509 10436 4251 4197 1552 4965 1513
internal_value=-0.000360482 -0.000608501 -0.00191351 -0.00260575 -0.00280928 -0.00264288 -0.00591932 -0.00131372 0.00620192 -0.00503243 -0.0126515 -0.00286032 -0.0106401 -0.00538438
internal_weight=342985 326376 156822 138770 137658 136745 39464 97281 10945 38081 8448 29633 8030 6478
internal_count=342985 326376 156822 138770 137658 136745 39464 97281 10945 38081 8448 29633 8030 6478
is_linear=0
shrinkage=0.04


Tree=80
num_leaves=15
num_cat=0
split_feature=11 1 3 0 1 2 1 12 1 13 11 13 3 1
split_gain=266.003 487.256 300.923 296.366 420.705 416.928 249.974 302.246 235.267 217.953 218.619 253.138 220.327 358.646
threshold=43.184592532916177 5.6501524989688949 15.052071000000002 6.0962982818823752 17.446140684324771 118.41607650000002 38.779515766372974 155.88172001402788 16.42955943579771 583.60789811233519 62.639080188408961 532.72427705584789 25.234549500000004 39.503928836841688
decision_type=2 2 2 2 2 2 2 2 2 2 2 2 2 2
left_child=6 -2 8 4 -4 -5 -1 -8 -3 10 11 12 -6 -14
right_child=1 2 3 5 9 -7 7 -9 -10 -11 -12 -13 13 -15
leaf_value=0 -0.0085499704856197185 -0.0028948509388481316 0.0071904098213947804 0.00045748244411136411 -0.0022878025889863712 -0.00113964739251845 0.00064278588092126453 -0.012112023350394012 -0.0098323760677206402 0.00059396813868279805 0.00049641618108289581 -0.00043319763085886864 0.006520789912628059 -0.00033433905019220652
leaf_weight=309220 730 1006 828 4187 2134 10662 5403 230 712 618 832 1980 2216 2282
leaf_count=309220 730 1006 828 4187 2134 10662 5403 230 712 618 832 1980 2216 2282
internal_value=-0.000297575 -0.00402029 -0.00316276 -0.00208089 0.00293113 -0.00575662 3.56992e-05 0.0083863 -0.0193714 0.00067581 -0.000830157 -0.00272178 0.00102533 0.00604713
internal_weight=343040 28187 27457 25739 10890 14849 314853 5633 1718 10062 9444 8612 6632 4498
internal_count=343040 28187 27457 25739 10890 14849 314853 5633 1718 10062 9444 8612 6632 4498
is_linear=0
shrinkage=0.04


Tree=81
num_leaves=15
num_cat=0
split_feature=11 1 3 1 9 3 0 10 2 13 2 1 3 15
split_gain=256.592 473.431 280.452 279.151 350.981 269.711 267.011 239.513 211.756 229.205 190.264 188.174 817.287 300.609
threshold=43.184592532916177 5.6501524989688949 14.655500500000002 16.579249389661936 0.48670228764331752 50.665871000000003 6.0962982818823752 -38.634321885596975 118.41607650000002 491.13380064536852 124.45388400000002 29.944613419021895 27.229546500000001 4.8872795136250327
decision_type=2 2 2 2 2 2 2 2 2 2 2 2 2 2
left_child=7 -2 -3 4 -4 6 -5 10 -8 -10 -1 -9 -13 -14
right_child=1 2 3 5 -6 -7 8 11 9 -11 -12 12 13 -15
leaf_value=0.00072688654956841751 -0.0082025497236355126 -0.0081230257066647778 4.7748923442041717e-05 -0.00011319716807037857 0.0090643466111462664 9.1684916537725515e-05 8.0787234745192669e-05 0 -0.0020518966647399819 -0.003171881230342143 -0.00051455157261486538 -0.010277946061887141 0.00041733361358601591 -0.00034072553579959117
leaf_weight=4802 729 1405 1343 7320 695 8981 1788 299005 4616 1359 921 1392 992 7618
leaf_count=4802 729 1405 1343 7320 695 8981 1788 299005 4616 1359 921 1392 992 7618
internal_value=-0.000251453 -0.00390424 -0.00306104 -0.00212398 0.0120903 -0.00332779 -0.0065955 7.62558e-05 -0.0117635 -0.0153774 0.00818452 -7.39142e-05 -0.00547091 -0.000873403
internal_weight=342966 28236 27507 26102 2038 24064 15083 314730 7763 5975 5723 309007 10002 8610
internal_count=342966 28236 27507 26102 2038 24064 15083 314730 7763 5975 5723 309007 10002 8610
is_linear=0
shrinkage=0.04


Tree=82
num_leaves=15
num_cat=0
split_feature=11 1 8 2 10 12 13 13 10 12 10 15 11 11
split_gain=237.428 483.509 257.579 315.743 256.965 251.29 292.027 217.99 211.948 305.568 175.444 173.357 234.734 178.355
threshold=43.184592532916177 5.6501524989688949 0.13792589935557867 117.22027200000001 -16.52551684211755 143.41810338992283 532.72427705584789 559.78456154099251 -38.634321885596975 155.20949825669928 -15.701640091546487 9.0992552776249926 51.599123803774098 62.639080188408961
decision_type=2 2 2 2 2 2 2 2 2 2 2 2 2 2
left_child=8 -2 4 -4 11 6 -5 10 9 -1 -7 13 -13 -3
right_child=1 2 3 5 -6 7 -8 -9 -10 -11 -12 12 -14 -15
leaf_value=0.00059374835007393431 -0.0077772607140810385 -0.00026275568712993638 0.0003980320656526053 -0.0011532971064404584 0.0028873954398672365 -0.0011507874070677887 -0.0015862873367248249 0.00056352200570889636 0 -0.0097449322688191557 0.0069208407126260113 -0.00051625342798435959 0.00065187022609694415 0.00045881452341555871
leaf_weight=5365 733 6076 4108 4401 441 5234 2522 1959 309014 290 645 237 1104 688
leaf_count=5365 733 6076 4108 4401 441 5234 2522 1959 309014 290 645 237 1104 688
internal_value=-0.000271748 -0.00379139 -0.00293416 -0.00554348 0.00282705 -0.00827315 -0.0138264 -0.00336821 4.30929e-05 0.00771706 -0.00721891 0.00120913 0.0143475 -0.00139562
internal_weight=342817 28148 27415 18869 8546 14761 6923 7838 314669 5655 5879 8105 1341 6764
internal_count=342817 28148 27415 18869 8546 14761 6923 7838 314669 5655 5879 8105 1341 6764
is_linear=0
shrinkage=0.04


Tree=83
num_leaves=15
num_cat=0
split_feature=9 11 0 9 10 14 3 10 12 5 0 12 2 11
split_gain=233.65 380.167 846.674 424.207 381.151 277.988 277.393 431.716 256.496 215.301 212.703 212.573 266.716 507.829
threshold=0.43321192501438016 25.978296468758085 4.5207464870741054 0.14383993655262703 -13.722995140959382 0.217334141739844 19.888271500000005 -17.146744639989269 69.429840804539424 1.0000000180025095e-35 17.429511519576444 57.646577202906641 53.740755000000007 7.090544369224161
decision_type=2 2 2 2 2 2 2 2 2 2 2 2 2 2
left_child=1 9 -3 6 5 -5 7 -4 -8 -1 -2 -11 13 -13
right_child=10 2 3 4 -6 -7 8 -9 -10 11 -12 12 -14 -15
leaf_value=0.0046064546027515755 0 -0.0029503232999832552 -0.085252635493324791 -0.0053098205486706808 0.00083699489032202398 0.00090525291019886718 -0.0053855741071334486 -0.0012716070501193517 0.0020466148695952131 0.00017599671441490203 -0.0059844501135323438 -3.6090872307174561e-05 1.3345124277063248e-05 -0.00097252672187559893
leaf_weight=210 228669 3232 674 6978 1838 1127 233 3257 10667 1858 386 11876 69385 2570
leaf_count=210 228669 3232 674 6978 1838 1127 233 3257 10667 1858 386 11876 69385 2570
internal_value=-0.000291113 -0.00177165 -0.00581875 -0.00330669 -0.00969929 -0.0134287 0.00097903 -0.00813025 0.00426422 -0.000452159 0.000445133 -0.000551296 -0.000847896 -0.00579261
internal_weight=342960 113905 28006 24774 9943 8105 14831 3931 10900 85899 229055 85689 83831 14446
internal_count=342960 113905 28006 24774 9943 8105 14831 3931 10900 85899 229055 85689 83831 14446
is_linear=0
shrinkage=0.04


Tree=84
num_leaves=15
num_cat=0
split_feature=15 8 11 10 8 10 3 3 1 2 15 15 8 3
split_gain=237.057 295.767 482.546 748.614 479.449 607.501 358.405 260.322 257.241 427.745 258.922 401.572 303.406 378.32
threshold=11.201103675124985 0.39235465501955208 26.266431335024514 -5.567837890499737 0.91535153506786293 -13.722995140959382 51.756320500000008 9.7831325000000025 16.42955943579771 123.71961600000002 7.5518605999999986 7.8595107582499688 0.97943391872007346 15.547306000000003
decision_type=2 2 2 2 2 2 2 2 2 2 2 2 2 2
left_child=1 -1 8 4 5 -4 -6 -7 10 -10 12 -12 -3 -14
right_child=-2 2 3 -5 6 7 -8 -9 9 -11 11 -13 13 -15
leaf_value=0 0 -0.00059329810730374859 -0.0020610361023160619 -0.0029111142218425814 -0.00010920908403231053 -0.012407503276192659 0.0078939516727556999 0.0010530073702049825 0.00010559488336044227 0.0010427558267425282 -0.0043580497109574155 -0.00014975092700679664 -6.4403601572818604e-05 0.00019178435187194165
leaf_weight=205573 16618 13299 14788 3563 9478 439 1389 3083 8765 2742 1583 9455 32387 19971
leaf_count=205573 16618 13299 14788 3563 9478 439 1389 3083 8765 2742 1583 9455 32387 19971
internal_value=-0.000279542 -0.00051673 -0.00208629 -0.00623335 -0.00411968 -0.00806991 0.00253612 0.00685974 -0.000546926 0.00502998 -0.00138366 -0.007052 -0.000430723 0.000939684
internal_weight=343133 326515 120942 32740 29177 18310 10867 3522 88202 11507 76695 11038 65657 52358
internal_count=343133 326515 120942 32740 29177 18310 10867 3522 88202 11507 76695 11038 65657 52358
is_linear=0
shrinkage=0.04


Tree=85
num_leaves=15
num_cat=0
split_feature=15 11 10 0 14 11 12 15 0 0 15 1 2 1
split_gain=223.14 264.741 715.385 470.316 373.363 341.132 338.983 327.993 248.04 308.867 276.836 233.021 416.13 226.653
threshold=11.201103675124985 22.81554416891419 -7.2038598354725449 1.1274660581839286 0.20770319864275835 26.266431335024514 106.68324156006021 5.3593718203750038 32.197384349508404 8.3247431853143841 2.2324647675000056 16.42955943579771 121.85662450000001 21.878829532688332
decision_type=2 2 2 2 2 2 2 2 2 2 2 2 2 2
left_child=1 11 3 -3 -4 -6 7 -5 9 10 -8 -1 -13 -14
right_child=-2 2 4 6 5 -7 8 -9 -10 -11 -12 12 13 -15
leaf_value=0 0 0.0010294909236013708 -0.0028321871644805961 -0.0022572736283455247 -5.6529135325587716e-06 3.943095708939366e-05 -0.00033493294807354163 0.0049971762025081612 0.007939325222382854 -0.00098156778536810413 -8.600495711465483e-06 8.136156241637871e-05 0.00095296627997273333 -0.002754676090399789
leaf_weight=214144 16667 2129 5238 814 712 351 858 2268 1322 31488 50148 12181 3821 797
leaf_count=214144 16667 2129 5238 814 712 351 858 2268 1322 31488 50148 12181 3821 797
internal_value=-0.000225697 -0.000456308 -0.00222978 -0.00130792 -0.0152547 0.00635936 -0.00176299 0.0112654 -0.00224205 -0.00251752 -0.00059444 0.000275739 0.00481219 0.0150368
internal_weight=342938 326271 95328 89027 6301 1063 86898 3082 83816 82494 51006 230943 16799 4618
internal_count=342938 326271 95328 89027 6301 1063 86898 3082 83816 82494 51006 230943 16799 4618
is_linear=0
shrinkage=0.04


Tree=86
num_leaves=15
num_cat=0
split_feature=11 1 3 1 0 1 10 1 0 2 11 3 10 10
split_gain=224.412 473.016 254.043 291.034 310.974 240.955 209.744 193.142 194.572 170.245 157.825 156.171 440.916 285.195
threshold=43.184592532916177 6.2901726300866097 14.955528000000003 16.579249389661936 8.3247431853143841 50.198509109631985 -38.634321885596975 16.42955943579771 1.7658321414521903 124.45388400000002 39.285317197877269 36.837440500000007 -38.634321885596975 -34.863080305254037
decision_type=2 2 2 2 2 2 2 2 2 2 2 2 2 2
left_child=6 -2 7 4 -4 11 9 8 -3 -1 -11 12 -5 -13
right_child=1 2 3 5 -6 -7 -8 -9 -10 10 -12 13 -14 -15
leaf_value=0.00068703268305580155 -0.0077187082814414443 0.0017221585546740245 0.011271886859509897 -0.01090680488305432 0.00011597592358530474 0.00046629003030287513 0 -0.0090717516522147192 -0.0075055560707965423 -0.0039989443999356175 0.00016073933629439887 0.00020562126587593148 -0.0011428540697962866 -0.00042510215799871715
leaf_weight=4770 831 159 713 1003 1100 1415 308992 678 805 349 576 6800 8534 6150
leaf_count=4770 831 159 713 1003 1100 1415 308992 678 805 349 576 6800 8534 6150
internal_value=-0.000207889 -0.00362708 -0.00272398 -0.00174995 0.013701 -0.00292193 9.83835e-05 -0.0179781 -0.00647303 0.007705 -0.008 -0.00392938 -0.00781378 -0.00106873
internal_weight=342875 28188 27357 25715 1813 23902 314687 1642 964 5695 925 22487 9537 12950
internal_count=342875 28188 27357 25715 1813 23902 314687 1642 964 5695 925 22487 9537 12950
is_linear=0
shrinkage=0.04


Tree=87
num_leaves=15
num_cat=0
split_feature=15 8 11 10 10 8 3 3 3 13 13 1 12 8
split_gain=226.521 261.69 440.225 627.493 463.577 529.008 587.501 386.03 245.247 228.752 365.763 289.088 222.526 219.791
threshold=11.201103675124985 0.41581826838380315 26.266431335024514 -5.567837890499737 -13.722995140959382 0.91535153506786293 18.762053500000004 9.7831325000000025 51.756320500000008 266.16836799851399 222.80609965345354 4.9434395174003507 61.681181324187826 0.9999808874867534
decision_type=2 2 2 2 2 2 2 2 2 2 2 2 2 2
left_child=1 -1 9 4 5 -4 -7 -6 13 10 11 -3 -5 -8
right_child=-2 2 3 12 7 6 8 -9 -10 -11 -12 -13 -14 -15
leaf_value=0 0 0.00028352057513837572 -0.0022373553607226968 0.0020756012372547638 -0.017773540665350581 -0.045913086944532479 -0.0039738904282162358 0.0014546788318392657 0.0075463979005944192 -5.0499885603135597e-05 0.00046261766398516413 -0.0021062827898318879 -0.0028034512496864952 0.0042075542826915955
leaf_weight=207379 16650 1053 13520 151 686 1013 2203 5313 1384 81300 3827 1323 3414 3588
leaf_count=207379 16650 1053 13520 151 686 1013 2203 5313 1384 81300 3827 1323 3414 3588
internal_value=-0.000224151 -0.000456471 -0.00195361 -0.00602712 -0.00399466 -0.00671458 0.00130923 0.00584764 0.00533519 -0.000497812 0.00690634 -0.00542088 -0.0218233 0.00171991
internal_weight=342804 326154 118775 31272 27707 21708 8188 5999 7175 87503 6203 2376 3565 5791
internal_count=342804 326154 118775 31272 27707 21708 8188 5999 7175 87503 6203 2376 3565 5791
is_linear=0
shrinkage=0.04


Tree=88
num_leaves=15
num_cat=0
split_feature=15 11 0 10 3 1 1 12 3 1 9 9 10 1
split_gain=213.974 232.525 630.433 686.1 319.975 360.86 305.721 296.334 355.671 826.379 248.215 511.114 303.226 428.331
threshold=11.201103675124985 29.523676607611499 1.9250758942236785 -5.567837890499737 21.868171000000004 30.966424914211888 17.705836908333641 104.15971252762741 19.550188500000001 16.42955943579771 0.085539767043053064 0.39072209977899042 -17.932639271174114 26.107167262662859
decision_type=2 2 2 2 2 2 2 2 2 2 2 2 2 2
left_child=1 -1 4 7 6 -6 -3 -4 9 -9 -10 -12 13 -13
right_child=-2 2 3 -5 5 -7 -8 8 10 -11 11 12 -14 -15
leaf_value=0 0 0.0018248391311977896 0.010369894030297486 -0.0033841567995825626 0.0028069725449840024 -0.00040741934118641772 -0.0011018260574338042 -7.1501459573967415e-05 0.0028622368818158788 -0.010808311408512754 -0.0038843869459515025 0.00036046309813678011 -0.00090506960313391509 -0.0002196665226164717
leaf_weight=255371 16590 1026 1096 2033 1372 524 1340 7099 6522 4283 5300 13076 1798 25156
leaf_count=255371 16590 1026 1096 2033 1372 524 1340 7099 6522 4283 5300 13076 1798 25156
internal_value=-0.000173387 -0.000398901 -0.0024303 -0.00338803 0.0124824 0.0247257 0.00267117 -0.00266501 -0.00302242 -0.00942541 -0.00161691 -0.00266667 -0.00112116 -0.000366185
internal_weight=342586 325996 70625 66363 4262 1896 2366 64330 63234 11382 51852 45330 40030 38232
internal_count=342586 325996 70625 66363 4262 1896 2366 64330 63234 11382 51852 45330 40030 38232
is_linear=0
shrinkage=0.04


Tree=89
num_leaves=15
num_cat=0
split_feature=15 9 11 10 8 10 3 5 11 10 2 10 8 11
split_gain=207.184 228.282 378.735 553.215 415.93 480.633 279.532 207.085 217.189 648.69 344.764 490.632 337.072 276.677
threshold=11.201103675124985 0.53153118664261634 26.266431335024514 -5.567837890499737 0.91535153506786293 -13.722995140959382 51.756320500000008 1.0000000180025095e-35 1.0000000180025095e-35 -5.8535141343124844 73.948047500000015 -1.9379420564297287 0.99978251513859118 3.4477024844085746
decision_type=2 2 2 2 2 2 2 2 2 2 2 2 2 2
left_child=1 2 7 4 5 -4 -6 -1 9 12 11 -11 -9 -10
right_child=-2 -3 3 -5 6 -7 -8 8 13 10 -12 -13 -14 -15
leaf_value=0.0049117403041240354 0 0 -0.0027148661879684067 -0.0024537441681100258 -0.00017761773388749846 0.00068776701862077966 0.0072181150122837328 0.0027184297058963536 8.8724713587499948e-05 -0.001208549360701484 0.0012189883556624136 0.00041532147326670904 -0.0096395959399842787 -6.9075287599247448e-05
leaf_weight=202 16660 211902 11289 3540 9531 3056 1373 322 15457 2712 1423 1549 2435 61466
leaf_count=202 16660 211902 11289 3540 9531 3056 1373 322 15457 2712 1423 1549 2435 61466
internal_value=-0.000125278 -0.000347456 -0.00178777 -0.00575637 -0.00368015 -0.00815615 0.00220836 -0.000452516 -0.00054824 -0.00663902 0.00108374 -0.00460925 -0.0225608 0.00012012
internal_weight=342917 326257 114355 28789 25249 14345 10904 85566 85364 8441 5684 4261 2757 76923
internal_count=342917 326257 114355 28789 25249 14345 10904 85566 85364 8441 5684 4261 2757 76923
is_linear=0
shrinkage=0.04


Tree=90
num_leaves=15
num_cat=0
split_feature=15 8 11 10 2 1 10 12 13 15 1 3 5 11
split_gain=214.028 215.748 330.141 539.367 383.289 312.424 280.722 310.35 265.132 223.84 219.07 294.635 208.404 211.221
threshold=11.201103675124985 0.45772042394256129 26.266431335024514 -5.567837890499737 116.93834350000002 29.673300565902487 -23.943834697224577 112.42541924383379 520.88873726602321 4.6623337708749952 13.078647126090265 10.116237000000002 1.0000000180025095e-35 1.0000000180025095e-35
decision_type=2 2 2 2 2 2 2 2 2 2 2 2 2 2
left_child=1 -1 12 4 6 10 8 9 -4 -8 11 -6 -3 -14
right_child=-2 2 3 -5 5 -7 7 -9 -10 -11 -12 -13 13 -15
leaf_value=0 0 0.0046868696210953728 0.00084790588102449222 -0.0023357280776944924 -0.028649863377685346 -0.011499771413572009 -0.004007201929197267 -0.0013372021703062014 0.010495834201644346 0.0025217870104467322 -0.0029825370862798573 0.0023625898391342647 -0.00060425156141370338 2.7603526606613528e-06
leaf_weight=211336 16668 203 1921 3562 472 880 368 7978 1240 3007 8603 1244 8424 77045
leaf_count=211336 16668 203 1921 3562 472 880 368 7978 1240 3007 8603 1244 8424 77045
internal_value=-0.000113486 -0.000339337 -0.00173402 -0.0054012 -0.00338039 -0.00894008 0.000909467 -0.0020259 0.0114521 0.00814222 -0.00698905 0.00606061 -0.000480904 -0.000577051
internal_weight=342951 326283 114947 29275 25713 11199 14514 11353 3161 3375 10319 1716 85672 85469
internal_count=342951 326283 114947 29275 25713 11199 14514 11353 3161 3375 10319 1716 85672 85469
is_linear=0
shrinkage=0.04


Tree=91
num_leaves=15
num_cat=0
split_feature=15 8 11 5 12 13 14 0 13 14 8 12 11 11
split_gain=201.734 200.678 317.01 222.994 215.285 203.562 316.71 223.342 216.477 450.799 640.177 257.867 909.655 413.532
threshold=11.201103675124985 0.45772042394256129 55.759897914926093 1.0000000180025095e-35 57.646577202906641 266.16836799851399 0.16176218473511844 3.0920325148525514 289.15636952549113 0.17304916140317197 0.99950148309592368 71.564422857775341 6.2330986530682271 2.3724828056251321
decision_type=2 2 2 2 2 2 2 2 2 2 2 2 2 2
left_child=1 -1 3 -3 -5 6 7 -6 9 10 -7 12 -10 -13
right_child=-2 2 -4 4 5 8 -8 -9 11 -11 -12 13 -14 -15
leaf_value=0 0 0.0045135953716834085 -0.011127525963566096 0.00016074221879850556 0.00015372547054404108 -0.0017333020513440522 0.00040101828451475112 -0.0023326160488080826 -1.0258774571531571e-05 -0.0012906270248000701 0.00078404599584702174 -0.0041731286081922933 -0.0010814216176922254 5.2786989678722667e-05
leaf_weight=211259 16637 208 1995 1830 528 1248 6025 1131 20761 4926 2788 2791 7246 63510
leaf_count=211259 16637 208 1995 1830 528 1248 6025 1131 20761 4926 2788 2791 7246 63510
internal_value=-9.37929e-05 -0.000312893 -0.00165758 -0.0013785 -0.00145482 -0.00167925 0.00460177 -0.010874 -0.00214661 -0.00808748 0.00182359 -0.00158205 -0.00480023 -0.000222621
internal_weight=342883 326246 114987 112992 112784 110954 7684 1659 103270 8962 4036 94308 28007 66301
internal_count=342883 326246 114987 112992 112784 110954 7684 1659 103270 8962 4036 94308 28007 66301
is_linear=0
shrinkage=0.04


Tree=92
num_leaves=15
num_cat=0
split_feature=15 1 11 0 1 3 1 1 3 1 8 8 10 3
split_gain=201.458 186.857 246.14 617.045 542.246 315.322 335.266 300.911 246.943 884.21 294.479 310.319 331.065 1328
threshold=11.201103675124985 50.198509109631985 29.523676607611499 1.9250758942236785 6.1037357332819449 21.868171000000004 30.966424914211888 17.705836908333641 19.387071500000001 16.283501663039733 0.91535153506786293 0.61209337881310943 -27.97735515093418 26.326487500000002
decision_type=2 2 2 2 2 2 2 2 2 2 2 2 2 2
left_child=1 2 -1 5 -5 7 -7 -4 9 -6 11 12 13 -10
right_child=-2 -3 3 4 8 6 -8 -9 10 -11 -12 -13 -14 -15
leaf_value=0 0 0.00046138035476563782 0.0017169518604597859 -0.0030009455673832464 2.8530556696635401e-05 0.0027795786614734437 -0.00035931072727827629 -0.0011396296153777872 -0.014886535030836217 -0.010656193621261072 0.0033097898155489622 -0.0028127652219820222 0.00014728846650197581 -9.3092520198920014e-05
leaf_weight=255869 16628 2009 1043 2223 7200 1392 525 1343 1998 4161 6802 5618 18879 17428
leaf_count=255869 16628 2009 1043 2223 7200 1392 525 1343 1998 4161 6802 5618 18879 17428
internal_value=-5.61906e-05 -0.000274924 -0.000350221 -0.0024777 -0.00345892 0.0121868 0.0242671 0.00248114 -0.00276391 -0.00809436 -0.00157003 -0.00276939 -0.00148179 -0.00514774
internal_weight=343118 326490 324481 68612 64309 4303 1917 2386 62086 11361 50725 43923 38305 19426
internal_count=343118 326490 324481 68612 64309 4303 1917 2386 62086 11361 50725 43923 38305 19426
is_linear=0
shrinkage=0.04


Tree=93
num_leaves=15
num_cat=0
split_feature=15 9 11 5 12 9 15 15 3 0 11 10 2 11
split_gain=213.974 195.536 339.584 221.016 219.504 220.049 345.898 373.156 347.118 1198.7 341.596 368.924 341.278 337.487
threshold=11.201103675124985 0.55456775339311315 54.933944211460535 1.0000000180025095e-35 173.00292733040177 0.0025102473295502419 7.5518605999999986 7.8595107582499688 15.547306000000003 13.587421045068508 0.99940619174190803 -5.8535141343124844 74.499008000000018 0.74865415151845338
decision_type=2 2 2 2 2 2 2 2 2 2 2 2 2 2
left_child=1 2 3 -1 5 6 8 -8 9 -5 11 -10 -13 -9
right_child=-2 -3 -4 4 -6 -7 7 13 10 -11 -12 12 -14 -15
leaf_value=0.0042651575132298539 0 0 -0.0098157625367556629 -4.2560409034751722e-06 0.00043988281548170105 -0.000421392601427485 -0.0042199891881843496 -0.0046379017709687774 -0.0090629168956006673 -0.058266190230916441 0.0003420630289355499 -0.00048036602915857099 0.0025647356089907682 -2.3592336226330029e-05
leaf_weight=207 16726 210102 2265 32581 1830 41865 1698 1316 1095 1373 22102 1763 600 7294
leaf_count=207 16726 210102 2265 32581 1830 41865 1698 1316 1095 1373 22102 1763 600 7294
internal_value=-5.51898e-05 -0.000281517 -0.00159981 -0.00129436 -0.00136966 -0.00159481 -0.000219988 -0.00698487 0.000951709 -0.00169877 0.00447261 -0.00721805 0.00167584 -0.00360511
internal_weight=342817 326091 115989 113724 113517 111687 69822 10308 59514 33954 25560 3458 2363 8610
internal_count=342817 326091 115989 113724 113517 111687 69822 10308 59514 33954 25560 3458 2363 8610
is_linear=0
shrinkage=0.04


Tree=94
num_leaves=15
num_cat=0
split_feature=15 9 11 1 2 15 11 10 12 15 13 15 0 11
split_gain=188.827 186.438 310.589 449.419 379.931 283.743 240.375 236.946 304.859 250.637 245.095 210.145 192.607 247.955
threshold=11.201103675124985 0.53153118664261634 26.266431335024514 5.6501524989688949 116.61240000000002 7.8595107582499688 38.184831973950921 -23.943834697224577 112.42541924383379 6.439399022125003 520.88873726602321 4.6623337708749952 8.1793060236925719 32.238104976211964
decision_type=2 2 2 2 2 2 2 2 2 2 2 2 2 2
left_child=1 2 -1 6 7 -6 -4 10 11 -10 -5 -9 -11 -14
right_child=-2 -3 3 4 5 -7 -8 8 9 12 -12 -13 13 -15
leaf_value=-1.5077234112636784e-05 0 0 -0.00090066700876839884 0.00071290165988569692 -0.0015277126871566116 -0.00817574591994168 -0.0050386515348845974 -0.0035670963067004503 0.00016062151527963919 0.00094701101114579521 0.010292863588210395 0.0025068010119362141 -0.0040893647519145244 -0.0028396196425260435
leaf_weight=85448 16642 211979 2547 1875 9129 1930 1021 357 3986 242 1221 2961 1324 2219
leaf_count=85448 16642 211979 2547 1875 9129 1930 1021 357 3986 242 1221 2961 1324 2219
internal_value=-3.63975e-05 -0.000248407 -0.00155085 -0.0051423 -0.00326414 -0.00882177 -0.0184305 0.00106873 -0.00166291 -0.00599665 0.0108527 0.00848704 -0.0133686 -0.0157268
internal_weight=342881 326239 114260 28812 25244 11059 3568 14185 11089 7771 3096 3318 3785 3543
internal_count=342881 326239 114260 28812 25244 11059 3568 14185 11089 7771 3096 3318 3785 3543
is_linear=0
shrinkage=0.04


Tree=95
num_leaves=15
num_cat=0
split_feature=15 1 11 0 1 12 3 1 3 1 0 1 3 1
split_gain=202.649 176.262 231.481 589.797 484.618 314.213 303.142 252.604 246.08 658.469 319.597 221.635 243.536 263.654
threshold=11.201103675124985 50.198509109631985 29.523676607611499 1.8749324672227763 6.1037357332819449 104.15971252762741 22.500747500000003 31.341504477735398 20.060341500000003 20.370663783234793 8.4577375865099835 17.705836908333641 15.946827500000003 23.240178205909995
decision_type=2 2 2 2 2 2 2 2 2 2 2 2 2 2
left_child=1 2 -1 6 -5 -6 11 -8 9 10 -7 -4 -13 -14
right_child=-2 -3 3 4 5 8 7 -9 -10 -11 -12 12 13 -15
leaf_value=0 0 0.000423065951735498 0.001695558067500819 -0.0027563565720958795 0.010508908075187656 5.1295225433674877e-05 0.0026178108776371638 -0.00023768896466986442 -0.00013492305224518096 -0.014343495312905423 -0.0081563628426503908 -0.0029942917418416151 0.0020934284793754231 -0.0018193394694060471
leaf_weight=255618 16626 2004 957 2221 926 6744 1156 384 49248 1694 3888 337 650 514
leaf_count=255618 16626 2004 957 2221 926 6744 1156 384 49248 1694 3888 337 650 514
internal_value=-3.00904e-05 -0.000249555 -0.000322627 -0.00238362 -0.00330465 -0.00265216 0.0125263 0.0264416 -0.00299997 -0.00805452 -0.00436418 0.00380797 -0.00578281 0.0028866
internal_weight=342967 326341 324337 68719 64721 62500 3998 1540 61574 12326 10632 2458 1501 1164
internal_count=342967 326341 324337 68719 64721 62500 3998 1540 61574 12326 10632 2458 1501 1164
is_linear=0
shrinkage=0.04


Tree=96
num_leaves=15
num_cat=0
split_feature=15 1 11 1 11 15 12 1 11 2 11 14 10 2
split_gain=189.022 169.532 238.899 232.835 185.392 180.444 255.233 219.58 145.298 214.043 370.124 273.15 211.56 160.991
threshold=11.201103675124985 50.198509109631985 54.933944211460535 38.219161460426534 62.639080188408961 7.8595107582499688 130.08607489349558 5.6501524989688949 41.233331990664318 109.80891450000001 10.10308288026663 0.20033672309383191 -12.678612785824237 98.609421000000012
decision_type=2 2 2 2 2 2 2 2 2 2 2 2 2 2
left_child=1 2 -1 5 -5 7 -7 -4 9 10 11 -2 -13 -12
right_child=8 -3 3 4 -6 6 -8 -9 -10 -11 13 12 -14 -15
leaf_value=0 0.0029761324722923101 0.00041622550738388468 -0.010093686334437973 -0.00016360393073049873 0.00047284693953512496 0.016857805977967925 -0.0036338923539108764 -0.0023710778709292546 0.00090634075930261682 0 0.0082894527662759777 -0.0093132318661330021 0 0.0027934425664122809
leaf_weight=316527 862 2002 476 2346 725 104 1012 3395 1715 7883 1393 266 3319 1175
leaf_count=316527 862 2002 476 2346 725 104 1012 3395 1715 7883 1393 266 3319 1175
internal_value=-3.9627e-06 -0.000215685 -0.000287259 -0.00708861 0.00157603 -0.0124243 -0.026595 -0.00833893 0.00415819 0.00288898 0.00797149 0.000989431 -0.00387169 0.0200623
internal_weight=343200 326587 324585 8058 3071 4987 1116 3871 16613 14898 7015 4447 3585 2568
internal_count=343200 326587 324585 8058 3071 4987 1116 3871 16613 14898 7015 4447 3585 2568
is_linear=0
shrinkage=0.04


Tree=97
num_leaves=15
num_cat=0
split_feature=15 9 11 12 5 12 9 11 1 12 11 11 9 3
split_gain=192.96 173.888 287.813 217.242 198.407 167.42 185.099 290.725 349.231 272.909 1153.73 568.135 542.372 540.975
threshold=11.201103675124985 0.53153118664261634 55.759897914926093 57.646577202906641 1.0000000180025095e-35 173.00292733040177 0.082555863863653781 4.1378921246029261 3.974670018161913 71.564422857775341 7.3485484368586391 2.0318011965519323 0.00070770823258664583 4.8944345000000009
decision_type=2 2 2 2 2 2 2 2 2 2 2 2 2 2
left_child=1 2 3 -1 -5 6 9 -8 -9 10 12 -11 -6 -13
right_child=-2 -3 -4 4 5 -7 7 8 -10 11 -12 13 -14 -15
leaf_value=0.00014945379068936234 0 0 -0.0096899388810604541 0.0041488478102195327 2.4336158243959683e-05 0.00040531805496927555 0.00031805810260512396 -0.0028304149513116907 -0.00042621453094719301 -0.0022400091920152889 -0.0014881977416974846 -0.0017211392793678568 -0.0012349158576617821 0.00051441194276911841
leaf_weight=1825 16638 212211 1959 207 22633 1624 635 681 28196 4028 5473 3143 1002 42754
leaf_count=1825 16638 212211 1959 207 22633 1624 635 681 28196 4028 5473 3143 1002 42754
internal_value=-9.09597e-06 -0.000223304 -0.00148213 -0.00121674 -0.00144307 -0.00151658 -0.00170731 -0.00441041 -0.00499913 -0.000697936 -0.00377628 0.00109685 5.58494e-05 0.00236094
internal_weight=343009 326371 114160 112201 110376 110169 108545 29512 28877 79033 29108 49925 23635 45897
internal_count=343009 326371 114160 112201 110376 110169 108545 29512 28877 79033 29108 49925 23635 45897
is_linear=0
shrinkage=0.04


Tree=98
num_leaves=15
num_cat=0
split_feature=15 11 1 11 0 12 2 0 1 15 11 12 11 1
split_gain=178.942 164.52 151.628 173.032 524.766 276.818 236.565 211.362 208.365 398.697 217.338 184.429 231.467 289.986
threshold=11.201103675124985 68.286096234188804 50.198509109631985 29.523676607611499 1.9250758942236785 83.561418799543205 75.622772000000012 32.197384349508404 16.579249389661936 3.0431176787500083 13.894412794376295 143.88473881618935 26.266431335024514 21.878829532688332
decision_type=2 2 2 2 2 2 2 2 2 2 2 2 2 2
left_child=1 2 3 8 -5 -6 -7 -8 -1 -10 -11 -12 13 -13
right_child=-2 -3 -4 4 5 6 7 -9 9 10 11 12 -14 -15
leaf_value=0 0 -0.015616819209217835 0.00038944363929893698 0.0010780122668203069 -0.002560204500255439 0.015815485382899504 -0.00024631694443533398 0.0066340456134882913 -0.00026039470289540768 -0.044735541973882312 0.00021995581682471147 0.00091107977264411229 -0.0013311238642859868 4.882338441572678e-05
leaf_weight=230148 16736 753 2030 4240 1326 402 60645 1268 1164 256 17896 3857 309 2073
leaf_count=230148 16736 753 2030 4240 1326 402 60645 1268 1164 256 17896 3857 309 2073
internal_value=2.43659e-05 -0.000182494 -0.000139306 -0.000207674 -0.00200292 -0.0029107 -0.00252588 -0.00272447 0.000268906 0.00369556 0.00478701 0.00517589 0.0110979 0.0128567
internal_weight=343103 326367 325614 323584 67881 63641 62315 61913 255703 25555 24391 24135 6239 5930
internal_count=343103 326367 325614 323584 67881 63641 62315 61913 255703 25555 24391 24135 6239 5930
is_linear=0
shrinkage=0.04


Tree=99
num_leaves=15
num_cat=0
split_feature=15 9 11 1 2 2 3 0 5 10 3 1 3 11
split_gain=184.87 164.513 354.757 490.791 583.718 204.326 198.576 230.988 197.196 205.778 794.584 305.451 520.51 327.512
threshold=11.201103675124985 0.82761406537035997 37.984727353763482 5.6501524989688949 116.61240000000002 127.85671250000001 14.655500500000002 6.0962982818823752 1.0000000180025095e-35 -16.114188181757381 18.426616500000005 14.857331741666199 15.848192000000003 31.648230235000241
decision_type=2 2 2 2 2 2 2 2 2 2 2 2 2 2
left_child=1 2 8 -4 -5 -6 -7 -8 -1 10 -10 -11 -13 -14
right_child=-2 -3 3 4 5 6 7 -9 9 11 -12 12 13 -15
leaf_value=0.0033115557082051303 0 0 -0.0043904812201938492 0.0006774582539603273 -0.0010717403308031779 -0.020548679582684595 0.0010607445119868995 -0.00087932882173809897 -0.016390007797412811 -3.5537157438853691e-05 0.0003142638111743483 -0.049854069030243385 0.00035086924139632005 -0.0063019177154312548
leaf_weight=232 16684 172600 1087 6570 8402 575 2052 6816 1905 87812 33100 1485 2808 864
leaf_count=232 16684 172600 1087 6570 8402 575 2052 6816 1905 87812 33100 1485 2808 864
internal_value=1.20119e-05 -0.000197972 -0.00114971 -0.0054584 -0.00428753 -0.00804035 -0.00400297 -0.00252594 -0.000292654 -0.000359448 0.00225454 -0.00134367 -0.0108047 -0.00272331
internal_weight=342992 326308 153708 25502 24415 17845 9443 8868 128206 127974 35005 92969 5157 3672
internal_count=342992 326308 153708 25502 24415 17845 9443 8868 128206 127974 35005 92969 5157 3672
is_linear=0
shrinkage=0.04


Tree=100
num_leaves=15
num_cat=0
split_feature=15 11 1 11 3 0 1 3 10 3 12 10 3 1
split_gain=181.884 161.505 144.766 155.494 339.895 255.606 257.17 226.054 235.3 209.349 178.301 188.069 207.544 302.82
threshold=11.201103675124985 68.286096234188804 50.198509109631985 42.734606333056071 14.352720000000001 3.1842833761697906 17.313446478568746 15.946827500000003 -42.657624934394526 34.968493000000002 71.203128541838822 -13.902576066458165 23.617114000000004 18.786566913449711
decision_type=2 2 2 2 2 2 2 2 2 2 2 2 2 2
left_child=1 2 3 -1 -5 6 -6 -8 -9 -10 -7 12 13 -12
right_child=-2 -3 -4 4 5 10 7 8 9 -11 11 -13 -14 -15
leaf_value=0 0 -0.014740479835810465 0.00037391654779876524 -0.0050477313787018032 0.0039104143860386898 -0.004289806058712744 -0.0029553444956569464 -0.0094589968720415925 0.0007169147400797551 0.013571058695499889 -0.00088162107441287828 0.015567710629811708 -0.00015173970575361518 -0.017395995276312401
leaf_weight=296566 16660 735 1994 1405 659 213 281 220 1837 371 1555 539 18631 1435
leaf_count=296566 16660 735 1994 1405 659 213 281 220 1837 371 1555 539 18631 1435
internal_value=5.2929e-05 -0.000155128 -0.000112863 -0.000179048 -0.0030767 -0.002031 0.00824228 0.0027907 0.00672158 0.0106522 -0.00357753 -0.00322744 -0.00380926 -0.013592
internal_weight=343101 326441 325706 323712 27146 25741 3368 2709 2428 2208 22373 22160 21621 2990
internal_count=343101 326441 325706 323712 27146 25741 3368 2709 2428 2208 22373 22160 21621 2990
is_linear=0
shrinkage=0.04


Tree=101
num_leaves=15
num_cat=0
split_feature=15 9 9 13 3 1 10 3 8 15 15 15 3 10
split_gain=164.617 153.509 206.831 400.105 395.216 374.632 309.045 301.182 253.503 245.259 336.271 301.18 339.176 751.722
threshold=11.201103675124985 0.53153118664261634 0.0025102473295502419 268.32281790025485 22.500747500000003 4.067725612910646 -14.457571688338874 15.348052000000001 0.99991794358109776 7.5518605999999986 7.8595107582499688 5.4527917175000349 14.256928 -12.678612785824237
decision_type=2 2 2 2 2 2 2 2 2 2 2 2 2 2
left_child=1 2 3 8 5 -4 7 -7 -1 11 -11 -5 13 -13
right_child=-2 -3 4 9 -6 6 -8 -9 -10 10 -12 12 -14 -15
leaf_value=0.0011650409016511901 0 0 -0.0029115023312413502 -0.00012414151142086535 -3.4204766225095498e-05 -0.047378299890369714 -0.00033473835994505597 -0.0031867419889153327 9.3860772026470584e-05 -0.0040300158592390667 -0.00023236930105438147 -0.05226599374851798 0.00056040952490220893 4.4883952514973292e-05
leaf_weight=2689 16583 212397 1640 27986 27745 841 9862 3454 3091 1736 8638 856 13049 12635
leaf_count=2689 16583 212397 1640 27986 27745 841 9862 3454 3091 1736 8638 856 13049 12635
internal_value=6.31698e-05 -0.000134224 -0.00131673 1.92417e-05 -0.00348537 -0.0085358 -0.00643922 -0.0153946 0.0101038 -0.000878891 -0.00651629 0.000193669 0.00324642 -0.0012008
internal_weight=343202 326619 114222 70680 43542 15797 14157 4295 5780 64900 10374 54526 26540 13491
internal_count=343202 326619 114222 70680 43542 15797 14157 4295 5780 64900 10374 54526 26540 13491
is_linear=0
shrinkage=0.04


Tree=102
num_leaves=15
num_cat=0
split_feature=15 9 11 12 15 15 14 11 12 11 2 0 11 10
split_gain=182.002 169.532 258.216 195.96 167.841 309.569 297.031 392.2 289.037 519.38 346.204 511.757 224.185 771.895
threshold=11.201103675124985 0.53153118664261634 55.759897914926093 57.646577202906641 6.3665065888750698 5.5091575310000289 0.21317155419786091 3.1729423633935876 65.344063087704441 1.6942338272145729 71.030990500000016 0.5993484944960682 4.2914499285377863 -2.7047243960796705
decision_type=2 2 2 2 2 2 2 2 2 2 2 2 2 2
left_child=1 2 3 -1 5 6 12 -8 9 10 11 -6 -5 -14
right_child=-2 -3 -4 4 8 -7 7 -9 -10 -11 -12 -13 13 -15
leaf_value=0.00014409393672221027 0 0 -0.0089310751075017472 3.5386591225455708e-05 0.00029646673391436255 0.00027850373451453138 -0.00047838782892532393 0.001191073248809697 -0.00015185155750417346 -0.00081296108329883654 0.000892176024936633 -0.0018275306867095553 -0.00022972533265489564 -0.00083623301715594683
leaf_weight=1854 16659 212207 1986 12412 740 18079 753 4510 34372 4616 1219 977 27256 5541
leaf_count=1854 16659 212207 1986 12412 740 18079 753 4510 34372 4616 1219 977 27256 5541
internal_value=3.72981e-05 -0.00017077 -0.00141259 -0.00115981 -0.00137624 -0.000156963 -0.00176573 0.00722782 -0.00336991 -0.0104555 0.00269755 -0.00887595 -0.00281271 -0.00454554
internal_weight=343181 326522 114315 112329 110475 68551 50472 5263 41924 7552 2936 1717 45209 32797
internal_count=343181 326522 114315 112329 110475 68551 50472 5263 41924 7552 2936 1717 45209 32797
is_linear=0
shrinkage=0.04


Tree=103
num_leaves=15
num_cat=0
split_feature=15 8 11 0 12 15 15 15 14 10 12 13 11 0
split_gain=184.662 155.705 280.334 374.95 345.791 255.418 278.658 246.085 286.189 298.994 240.487 240.102 292.766 238.324
threshold=11.201103675124985 0.5687858075212967 22.682075315701322 5.3051429842454771 107.6323131318883 5.3593718203750038 6.9547057990000107 6.3665065888750698 0.19098427674953442 -0.61661522931953916 57.117614587864232 483.74894686908766 0.74865415151845338 32.197384349508404
decision_type=2 2 2 2 2 2 2 2 2 2 2 2 2 2
left_child=1 -1 7 -4 5 -5 -7 11 -9 10 -10 -3 -13 -6
right_child=-2 2 3 4 13 6 -8 8 9 -11 -12 12 -14 -15
leaf_value=0 0 4.2344771669601544e-06 -0.001866008234251278 -0.0010396542266462143 -0.0014389403699429232 0.014772418767454871 0.0014976101404799754 0.0004377155925097859 0.0006863851441803806 0.00018572318762137386 -0.00040797961968473266 -0.0012433306639606885 0.00051547855121581321 0.0061515315722457699
leaf_weight=219208 16597 36762 4492 1211 22586 640 2131 3913 205 2362 20889 938 9887 1342
leaf_count=219208 16597 36762 4492 1211 22586 640 2131 3913 205 2362 20889 938 9887 1342
internal_value=8.24098e-05 -0.000126774 -0.00137484 -0.00448367 -0.00275743 0.00815671 0.0148538 -3.09515e-05 -0.00305309 -0.00472374 -0.00623495 0.00170719 0.00694319 -0.00457372
internal_weight=343163 326566 107358 32402 27910 3982 2771 74956 27369 23456 21094 47587 10825 23928
internal_count=343163 326566 107358 32402 27910 3982 2771 74956 27369 23456 21094 47587 10825 23928
is_linear=0
shrinkage=0.04


Tree=104
num_leaves=15
num_cat=0
split_feature=15 11 2 0 3 3 8 11 0 8 3 9 11 12
split_gain=172.095 136.754 452.721 194.985 185.998 243.134 200.686 178.652 141.802 182.041 138.334 135.79 266.119 219.325
threshold=11.201103675124985 10.10308288026663 98.609421000000012 13.290551530075804 29.766104500000001 5.1256735000000004 0.88903426989926604 41.233331990664318 15.348195188004835 0.80081633145501308 22.961675500000002 0.56948088736573077 54.933944211460535 173.00292733040177
decision_type=2 2 2 2 2 2 2 2 2 2 2 2 2 2
left_child=11 3 10 4 5 -2 -6 -4 -9 -10 -3 12 13 -1
right_child=1 2 7 -5 6 -7 -8 8 9 -11 -12 -13 -14 -15
leaf_value=-6.5905432608627943e-05 0 0.001318603617325902 -5.6748138581160673e-05 -0.010167087231227674 0 0.003505497086646327 -0.0015005581742620717 0.00099220331590191041 -0.0032412348165763443 0.018636971973675549 0.010326607940099115 0 -0.0076101184353815814 0.00042967899977169269
leaf_weight=113425 1123 447 5056 261 5430 1350 298 1404 236 93 965 208748 2313 1976
leaf_count=113425 1123 447 5056 261 5430 1350 298 1404 236 93 965 208748 2313 1976
internal_value=7.49581e-05 0.00404009 0.00772101 0.000472701 0.00155591 0.0107238 -0.00240223 0.00343497 0.0145182 -0.00911854 0.0283286 -0.000127427 -0.00121379 -0.000944533
internal_weight=343125 16663 8201 8462 8201 2473 5728 6789 1733 329 1412 326462 117714 115401
internal_count=343125 16663 8201 8462 8201 2473 5728 6789 1733 329 1412 326462 117714 115401
is_linear=0
shrinkage=0.04


Tree=105
num_leaves=15
num_cat=0
split_feature=15 9 3 2 0 11 8 12 2 11 3 11 0 3
split_gain=172.773 138.67 301.289 251.156 298.932 204.246 259.222 177.905 180.119 157.996 157.394 131.789 133.022 1329.17
threshold=11.201103675124985 0.1072685511613022 29.766104500000001 109.80891450000001 7.1275858902198719 41.063983068209517 0.42718264470863893 69.429840804539424 99.542839000000015 10.10308288026663 14.554039500000002 68.286096234188804 13.436888488733061 15.348052000000001
decision_type=2 2 2 2 2 2 2 2 2 2 2 2 2 2
left_child=11 2 -2 4 9 -5 -7 -6 -9 -3 -10 12 -1 -14
right_child=1 3 -4 5 7 6 -8 8 10 -11 -12 -13 13 -15
leaf_value=0 0.001522765366779295 0 -0.0023344810372295378 0 -0.011387466004238306 0.00094670441712579911 -0.0038123996657077664 0.0034956784293210643 -0.022380971922053544 0.013800364525701799 0.0026197877349078903 -0.01423659035956917 -0.055668965272702792 -0.00011212086052108994
leaf_weight=300542 805 2121 467 7697 101 1533 208 1960 190 182 1397 760 1645 23324
leaf_count=300542 805 2121 467 7697 101 1533 208 1960 190 182 1397 760 1645 23324
internal_value=0.000103461 0.00407659 -0.00861635 0.00512574 0.0115611 0.00106802 0.0134406 0.0186842 0.0201748 0.000277898 0.0101575 -9.94266e-05 -6.05817e-05 -0.00286595
internal_weight=342932 16661 1272 15389 5951 9438 1741 3648 3547 2303 1587 326271 325511 24969
internal_count=342932 16661 1272 15389 5951 9438 1741 3648 3547 2303 1587 326271 325511 24969
is_linear=0
shrinkage=0.04


Tree=106
num_leaves=15
num_cat=0
split_feature=15 11 2 0 11 1 2 1 9 11 1 2 1 10
split_gain=158.679 148.239 423.605 183.579 175.967 158.882 140.228 129.544 125.81 226.539 317.368 311.772 285.402 219.544
threshold=11.201103675124985 10.10308288026663 98.609421000000012 13.290551530075804 41.233331990664318 11.157408591585705 87.514225500000023 36.445401489602368 0.53153118664261634 26.266431335024514 6.1037357332819449 116.93834350000002 29.673300565902487 -24.174816056808137
decision_type=2 2 2 2 2 2 2 2 2 2 2 2 2 2
left_child=8 3 -3 5 -4 -2 -7 -6 9 -1 -11 13 -13 -12
right_child=1 2 4 -5 7 6 -8 -9 -10 10 11 12 -14 -15
leaf_value=-3.4145882317460074e-06 0 0.0074007329690864302 -1.3768518212869049e-05 -0.010627886560957287 -0.0027196282270964597 -0.0012351816286637941 0.0028100622616546306 0.00094019626865562067 0 -0.0016413357954557506 0.0050346689739511549 -0.0016228289610857604 -0.010782130133192265 -0.00028737192360745568
leaf_weight=85531 7036 1416 5087 246 232 234 887 1488 212175 3732 3047 9999 846 11109
leaf_count=85531 7036 1416 5087 246 232 234 887 1488 212175 3732 3047 9999 846 11109
internal_value=0.000148193 0.00396006 0.00777818 0.00022373 0.00363743 0.00125046 0.0152364 0.0146977 -4.59504e-05 -0.00111601 -0.00418891 -0.0025647 -0.00766805 0.00134501
internal_weight=343065 16626 8223 8403 6807 8157 1121 1720 326439 114264 28733 25001 10845 14156
internal_count=343065 16626 8223 8403 6807 8157 1121 1720 326439 114264 28733 25001 10845 14156
is_linear=0
shrinkage=0.04


Tree=107
num_leaves=15
num_cat=0
split_feature=1 3 11 12 3 10 2 3 2 0 1 9 8 14
split_gain=147.581 204.661 191.387 211.352 274.548 222.682 168.444 132.996 158.326 132.546 115.317 111.002 125.451 112.54
threshold=45.183782689639095 43.56456450000001 54.933944211460535 144.59910438378228 36.066267500000002 -16.114188181757381 122.59931550000002 15.348052000000001 151.67594150000002 8.4577375865099835 40.108654179968816 0.87311526823509455 0.99999510431358796 0.20770319864275835
decision_type=2 2 2 2 2 2 2 2 2 2 2 2 2 2
left_child=2 -2 -1 11 5 7 -3 -5 -9 -7 -6 12 13 -4
right_child=1 6 3 4 10 9 -8 8 -10 -11 -12 -13 -14 -15
leaf_value=0 -0.0071592532586421676 0.00042920041206375315 -0.0037887021473059679 -0.0098180901322709752 0.0084513599425614511 0.0073650912204567386 -0.0004095151945129183 -0.0080847817958411439 0.0018826431046440324 -0.006531477177271019 0.00043062219065032883 7.4653487658133538e-05 0.011607562435355954 -0.0025901618220411193
leaf_weight=330671 270 4229 2002 357 327 428 899 521 525 145 902 597 348 957
leaf_count=330671 270 4229 2002 357 327 428 899 521 525 145 902 597 348 957
internal_value=0.000122269 0.00668396 1.74078e-05 -0.0064763 0.00113573 -0.00809717 0.00847114 -0.0166785 -0.00948375 0.0129145 0.0159805 -0.0127254 -0.0155912 -0.0182629
internal_weight=343178 5398 337780 7109 3205 1976 5128 1403 1046 573 1229 3904 3307 2959
internal_count=343178 5398 337780 7109 3205 1976 5128 1403 1046 573 1229 3904 3307 2959
is_linear=0
shrinkage=0.04


Tree=108
num_leaves=15
num_cat=0
split_feature=8 15 11 13 5 12 12 0 13 11 12 12 15 3
split_gain=130.169 263.583 234.286 293.681 171.143 172.094 230.162 200.596 247.602 166.771 560.768 433.634 468.228 333.403
threshold=0.61209337881310943 13.078688944500003 45.284066767591455 546.33133908632681 1.0000000180025095e-35 58.349107950223143 62.355202892567014 0.5993484944960682 536.41543727593194 20.923127798104336 73.199052990763533 105.64069613192113 5.108791732625023 14.070444000000002
decision_type=2 2 2 2 2 2 2 2 2 2 2 2 2 2
left_child=-1 2 4 -4 -2 -6 7 -7 -9 -8 -11 12 -12 -13
right_child=1 -3 3 -5 5 6 9 8 -10 10 11 13 -14 -15
leaf_value=0 0.0033897910947677267 -0.0084253826250872254 -0.0085695885308638177 0.00053427450369814109 0.00011247540902652647 2.9901728734241344e-05 4.8400309845572923e-05 -0.00045051844898249009 0.00022008388539626909 -0.0029971482915378943 -0.0013734403455533655 -0.004559472926455658 0.0059557597857497679 -0.0003333672654676445
leaf_weight=232887 197 324 3250 1908 3881 2221 58413 5712 810 1478 2007 4298 2978 22866
leaf_count=232887 197 324 3250 1908 3881 2221 58413 5712 810 1478 2007 4298 2978 22866
internal_value=0.00011992 -0.00101175 -0.000905662 -0.00922838 -0.000496276 -0.000566384 -0.000884673 -0.00708681 -0.0106225 -0.000295524 -0.00253963 -0.00143208 0.00941224 -0.00342218
internal_weight=343230 110343 110019 5158 104861 104664 100783 8743 6522 92040 33627 32149 4985 27164
internal_count=343230 110343 110019 5158 104861 104664 100783 8743 6522 92040 33627 32149 4985 27164
is_linear=0
shrinkage=0.04


Tree=109
num_leaves=15
num_cat=0
split_feature=8 15 11 1 12 3 1 2 15 1 3 3 13 13
split_gain=132.49 262.518 210.989 504.529 386.362 307.438 669.614 290.781 258.484 255.631 679.463 402.288 359.698 237.767
threshold=0.61209337881310943 13.078688944500003 20.923127798104336 7.8755681714849066 107.6323131318883 14.070444000000002 12.964800579150216 121.85662450000001 5.108791732625023 13.958602633499483 17.265940500000003 15.348052000000001 343.6022062363615 268.32281790025485
decision_type=2 2 2 2 2 2 2 2 2 2 2 2 2 2
left_child=-1 2 7 -4 8 6 -6 13 -5 10 12 -11 -7 -2
right_child=1 -3 3 4 5 9 -8 -9 -10 11 -12 -13 -14 -15
leaf_value=0 0.00026546578108636073 -0.0081279972563019984 -0.0019546267010908643 -0.0019194015347782296 0.00029794145361172086 0.00090926909449203896 -0.054278472275238833 0.0028390448953878344 0.0032260499486323063 -0.032702040479855359 -0.00074399745862576089 -0.0007321348251359362 0.053952798074985785 -2.2273160335368194e-05
leaf_weight=232694 4252 331 6227 1016 1741 1094 1240 1390 3220 664 2640 19730 1458 65268
leaf_count=232694 4252 331 6227 1016 1741 1094 1240 1390 3220 664 2640 19730 1458 65268
internal_value=9.48202e-05 -0.00104724 -0.000940149 -0.00330208 -0.00132061 -0.00299226 -0.0151493 0.000359893 0.00995279 -0.00157586 0.00634823 -0.00359321 0.0210658 -2.3015e-06
internal_weight=342965 110271 109940 39030 32803 28567 2981 70910 4236 25586 5192 20394 2552 69520
internal_count=342965 110271 109940 39030 32803 28567 2981 70910 4236 25586 5192 20394 2552 69520
is_linear=0
shrinkage=0.04


Tree=110
num_leaves=15
num_cat=0
split_feature=11 3 15 0 3 8 11 1 3 0 3 12 14 2
split_gain=125.264 142.284 122.167 145.559 1309.57 460.19 374.316 321.982 538.484 280.315 262.769 235.053 307.943 234.614
threshold=68.286096234188804 27.537178500000003 11.201103675124985 13.436888488733061 15.253155500000002 0.91535153506786293 10.10308288026663 14.478978143333835 18.762053500000004 16.656159139244931 16.364636000000001 145.56124528424473 0.21163429115709895 116.61240000000002
decision_type=2 2 2 2 2 2 2 2 2 2 2 2 2 2
left_child=2 -2 3 -1 -5 11 -7 -8 9 10 -9 13 -13 -6
right_child=1 -3 -4 4 5 6 7 8 -10 -11 -12 12 -14 -15
leaf_value=0 -0.015594527684663722 0.015128829900825088 0 -0.053420525153594703 -0.00074197060749396366 -0.041280322136933299 0.0098826769826453088 -0.020913219566359612 0.0022189683535509932 -0.0819573445275322 0.0034557139630526168 -0.0034218699552950385 0.0017514022436057564 -0.0072135303592997836
leaf_weight=300649 496 268 16633 1594 3790 367 1088 336 11094 639 609 1499 1295 2582
leaf_count=300649 496 268 16633 1594 3790 367 1088 336 11094 639 609 1499 1295 2582
internal_value=0.000157696 -0.0160209 0.000193819 2.29771e-05 -0.00291648 -0.00051676 0.00401047 0.00507337 0.00328127 -0.0185354 -0.00469841 -0.00749727 0.00217609 -0.0117389
internal_weight=342939 764 342175 325542 24893 23299 14133 13766 12678 1584 945 9166 2794 6372
internal_count=342939 764 342175 325542 24893 23299 14133 13766 12678 1584 945 9166 2794 6372
is_linear=0
shrinkage=0.04


Tree=111
num_leaves=15
num_cat=0
split_feature=11 3 10 2 3 11 3 0 1 3 1 3 10 3
split_gain=124.963 134.66 109.614 153.491 134.871 112.812 298.979 230.49 260.581 200.61 203.058 233.234 167.922 165.536
threshold=68.286096234188804 27.537178500000003 -46.479097723825596 124.45388400000002 43.56456450000001 43.184592532916177 13.880470000000001 3.1842833761697906 16.863889250515648 15.348052000000001 42.039512344283274 34.597857000000012 -38.634321885596975 39.073934500000007
decision_type=2 2 2 2 2 2 2 2 2 2 2 2 2 2
left_child=2 -2 3 4 -1 -4 -7 8 -8 -10 11 12 -11 -9
right_child=1 -3 5 -5 -6 6 7 13 9 10 -12 -13 -14 -15
leaf_value=-0.016528938461998179 -0.01499336524868896 0.014523676704792083 0 -0.00079305022634276994 0.00038046348481684817 -0.005648747382496295 0.0038276903758965005 -0.0016866660356463772 -0.0032159485354082934 -0.0073383037450004953 -0.0071741395186748214 0.012687435311925559 0.0008894941985884301 1.2314713146560213e-05
leaf_weight=110 487 272 313040 377 3886 968 637 9639 274 138 235 376 1742 10744
leaf_count=110 487 272 313040 377 3886 968 637 9639 274 138 235 376 1742 10744
internal_value=0.000138689 -0.0160738 0.000174652 0.00646696 0.00876877 9.31932e-05 -0.00250636 -0.00161951 0.00801881 0.00270524 0.0062786 0.00996454 0.00421277 -0.00322818
internal_weight=342925 759 342166 4373 3996 337793 24753 23785 3402 2765 2491 2256 1880 20383
internal_count=342925 759 342166 4373 3996 337793 24753 23785 3402 2765 2491 2256 1880 20383
is_linear=0
shrinkage=0.04


Tree=112
num_leaves=15
num_cat=0
split_feature=11 15 11 2 0 1 2 11 0 8 0 11 12 8
split_gain=134.352 128.064 131.437 386.576 192.403 153.269 135.339 134.653 120.936 162.198 120.319 216.19 224.148 204.326
threshold=68.286096234188804 11.201103675124985 10.10308288026663 98.609421000000012 13.290551530075804 11.157408591585705 87.514225500000023 41.233331990664318 15.348195188004835 0.80081633145501308 13.587421045068508 9.5966019208400528 99.997756195528055 0.93399271048042354
decision_type=2 2 2 2 2 2 2 2 2 2 2 2 2 2
left_child=1 10 4 -4 5 -3 -7 -5 -9 -10 -1 -12 -13 -14
right_child=-2 2 3 7 -6 6 -8 8 9 -11 11 12 13 -15
leaf_value=0 -0.011328961661043264 0 0.0068939964702223388 3.0629407062908453e-06 -0.0094512015179637442 -0.00099910533143032906 0.002722480704134281 0.00086031971577558725 -0.0028624700216834209 0.016332138089831826 -0.041211551079711146 0.0058423435192756735 -0.0015355347970641864 0.00021156812874696952
leaf_weight=301417 760 7009 1405 5075 259 238 909 1401 231 87 351 455 9809 13605
leaf_count=301417 760 7009 1405 5075 259 238 909 1401 231 87 351 455 9809 13605
internal_value=0.000167808 0.000205113 0.00363067 0.00723503 0.000118835 0.00119667 0.0147515 0.00328525 0.012961 -0.00930818 3.03405e-05 -0.00268208 -0.0022238 -0.00276416
internal_weight=343011 342251 16614 8199 8415 8156 1147 6794 1719 318 325637 24220 23869 23414
internal_count=343011 342251 16614 8199 8415 8156 1147 6794 1719 318 325637 24220 23869 23414
is_linear=0
shrinkage=0.04


Tree=113
num_leaves=15
num_cat=0
split_feature=11 3 15 0 3 8 11 1 3 1 3 2 15 13
split_gain=117.389 125 106.741 118.67 1217.09 418.78 327.951 290.045 489.327 265.199 235.29 221.822 226.034 210.659
threshold=68.286096234188804 17.429703500000006 11.201103675124985 13.436888488733061 15.253155500000002 0.91535153506786293 9.5966019208400528 14.478978143333835 18.762053500000004 16.994074803602963 16.364636000000001 150.78360000000004 10.466102582375003 308.55072763694039
decision_type=2 2 2 2 2 2 2 2 2 2 2 2 2 2
left_child=2 -2 3 -1 -5 -6 -7 -8 9 10 -9 12 13 -10
right_child=1 -3 -4 4 5 6 7 8 11 -11 -12 -13 -14 -15
leaf_value=0 -0.015390281168578705 -0.00139137606307431 0 -0.051169903120123497 -0.001402219243172821 -0.037913670661026314 0.01008536847080335 -0.020282488615476903 0.0038735927440061934 -0.087169362829128211 0.0025224045830472908 -0.0055078655848899618 -0.0058116091612731447 0.0023376974681241125
leaf_weight=300885 267 482 16655 1567 9177 359 1116 335 423 579 655 174 162 10402
leaf_count=300885 267 482 16655 1567 9177 359 1116 335 423 579 655 174 162 10402
internal_value=0.000170727 -0.0156475 0.00020532 4.56674e-05 -0.00260531 -0.000318193 0.00398451 0.00496317 0.00324902 -0.0176673 -0.00509091 0.00618941 0.00689906 0.00760092
internal_weight=343238 749 342489 325834 24949 23382 14205 13846 12730 1569 990 11161 10987 10825
internal_count=343238 749 342489 325834 24949 23382 14205 13846 12730 1569 990 11161 10987 10825
is_linear=0
shrinkage=0.04


Tree=114
num_leaves=15
num_cat=0
split_feature=15 0 3 8 11 10 3 1 3 8 1 13 3 12
split_gain=111.329 116.883 1230.09 357.467 243.299 270.913 489.148 232.417 217.523 359.483 329.703 362.8 333.517 213.564
threshold=11.201103675124985 13.587421045068508 15.547306000000003 0.91535153506786293 9.5966019208400528 -14.657990328373023 18.762053500000004 16.42955943579771 51.756320500000008 0.96130522568644883 17.573931237887553 540.80167428207517 21.679578000000003 146.51102594333199
decision_type=2 2 2 2 2 2 2 2 2 2 2 2 2 2
left_child=1 -1 -3 13 -5 6 7 -6 9 -8 11 -11 -12 -4
right_child=-2 2 3 4 5 -7 8 -9 -10 10 12 -13 -14 -15
leaf_value=0 0 -0.049062255918153712 -0.0021586951235261975 -0.036464100381826466 -0.0010416581081860513 0.0093242234529824202 -0.0042024977049375531 -0.067118319343710181 0.0063846612656189633 0.0079051275255021293 -0.03227460882221643 -0.0055842711603222893 0.0016389516333944721 0.00048521754230046232
leaf_weight=301980 16719 1642 6193 344 673 1067 1253 697 1622 1990 803 153 5475 2584
leaf_count=301980 16719 1642 6193 344 673 1067 1253 697 1622 1990 803 153 5475 2584
internal_value=0.000158744 -4.28822e-06 -0.00266166 -0.000259036 0.00369113 0.00452341 0.00289278 -0.0196788 0.00563031 0.00335745 0.00633179 0.0198787 0.00170755 -0.00659451
internal_weight=343195 326476 24496 22854 14077 13733 12666 1370 11296 9674 8421 2143 6278 8777
internal_count=343195 326476 24496 22854 14077 13733 12666 1370 11296 9674 8421 2143 6278 8777
is_linear=0
shrinkage=0.04


Tree=115
num_leaves=15
num_cat=0
split_feature=8 15 11 1 3 1 1 3 14 3 15 12 15 11
split_gain=112.613 264.594 182.815 434.147 376.149 698.569 346.448 637.975 553.912 497.719 430.121 242.357 288.849 227.665
threshold=0.61209337881310943 13.078688944500003 20.923127798104336 7.8755681714849066 14.070444000000002 12.964800579150216 14.337113022998841 17.265940500000003 0.18742964826238592 18.933189000000002 5.3593718203750038 134.83099795528003 9.0992552776249926 34.514876879515761
decision_type=2 2 2 2 2 2 2 2 2 2 2 2 2 2
left_child=-1 2 -2 -4 5 -5 7 8 13 -8 -9 -11 -13 -6
right_child=1 -3 3 4 6 -7 9 10 -10 11 -12 12 -14 -15
leaf_value=0 1.6570716815688253e-05 -0.0074696782242461637 -0.0017517595223804482 0.00038251177140067542 -0.0032360484496657396 -0.049201311215720543 -0.019167109221061344 -0.0015092302887033838 0.039570894965657903 0.00083089554229514976 0.001275046787354383 -0.00074135697489493841 -0.0095873450779062567 0.0037715205062370219
leaf_weight=232915 70955 323 6240 1870 470 1275 2484 2464 2261 11145 2581 6614 926 694
leaf_count=232915 70955 323 6240 1870 470 1275 2484 2464 2261 11145 2581 6614 926 694
internal_value=0.000175283 -0.000877591 -0.00077142 -0.00297048 -0.00112982 -0.014283 0.000265866 0.00710272 0.0204263 -0.00246965 -0.00194252 -0.000233342 -0.00577188 -0.00199313
internal_weight=343217 110302 109979 39024 32784 3145 29639 8470 3425 21169 5045 18685 7540 1164
internal_count=343217 110302 109979 39024 32784 3145 29639 8470 3425 21169 5045 18685 7540 1164
is_linear=0
shrinkage=0.04


Tree=116
num_leaves=15
num_cat=0
split_feature=8 15 11 13 12 3 5 2 3 1 3 8 12 13
split_gain=117.147 257.978 186.974 282.331 162.89 169.303 137.394 128.251 368.494 342.23 1499.63 300.592 291.132 309.579
threshold=0.61209337881310943 13.078688944500003 45.284066767591455 546.33133908632681 57.117614587864232 13.683169500000002 1.0000000180025095e-35 75.622772000000012 4.6578530000000011 13.839880348300904 15.348052000000001 0.99868892793395692 61.333657940641096 343.6022062363615
decision_type=2 2 2 2 2 2 2 2 2 2 2 2 2 2
left_child=-1 2 4 -4 5 -2 -6 -8 -9 11 -11 12 -10 -14
right_child=1 -3 3 -5 6 -7 7 8 9 10 -12 -13 13 -15
leaf_value=0 9.360775420666767e-06 -0.0071694182987108003 -0.0075504873442880328 0.00061181838738610386 0.0032544275487178054 0.00042044679826896736 -7.5301828230844032e-05 -0.0048410936366321032 -0.0040671977950427788 -0.046090628750065837 7.0677646272989674e-05 0.00097779651457936411 -0.0011134446322990578 0.00018564904493459405
leaf_weight=232786 529 328 3255 1887 201 437 44186 1406 321 1983 23428 16089 3980 12287
leaf_count=232786 529 328 3255 1887 201 437 44186 1406 321 1983 23428 16089 3980 12287
internal_value=0.000153773 -0.000919894 -0.000814263 -0.00826138 -0.000449035 0.0159006 -0.000601072 -0.000665123 0.000547282 0.00103705 -0.00244461 0.00374453 -3.37593e-05 0.000710641
internal_weight=343103 110317 109989 5142 104847 966 103881 103680 59494 58088 25411 32677 16588 16267
internal_count=343103 110317 109989 5142 104847 966 103881 103680 59494 58088 25411 32677 16588 16267
is_linear=0
shrinkage=0.04


Tree=117
num_leaves=15
num_cat=0
split_feature=15 8 3 2 0 0 12 1 9 2 3 1 0 3
split_gain=113.374 118.708 258.912 194.576 225.382 201.289 154.923 141.009 123.143 122.136 127.651 105.892 100.734 1128.3
threshold=11.201103675124985 0.88139470670951658 29.766104500000001 109.80891450000001 7.2090012612480123 19.101428005446419 69.429840804539424 12.233691591985982 0.1751523025320966 99.542839000000015 14.554039500000002 50.198509109631985 13.436888488733061 14.955528000000003
decision_type=2 2 2 2 2 2 2 2 2 2 2 2 2 2
left_child=11 3 -3 4 7 -5 -6 -2 -7 -8 -11 12 -1 -14
right_child=1 2 -4 5 6 8 9 -9 -10 10 -12 -13 13 -15
leaf_value=0 0 0.001393096483617367 -0.0022237748658133429 0 -0.0096312978902943266 0.00045975302343266122 0.0032069622959382837 0.018439747181157082 -0.0078407763175910999 -0.021865562297607794 0.0023210320065224061 0.00033440176035173075 -0.048221155832223792 -0.00012205447869142461
leaf_weight=298997 2113 825 562 8486 99 395 1844 255 570 174 1373 2006 1419 23741
leaf_count=298997 2113 825 562 8486 99 395 1844 255 570 174 1373 2006 1419 23741
internal_value=0.000175116 0.00339003 -0.00781543 0.00440525 0.0101332 0.000854936 0.016596 0.000608108 -0.016456 0.018036 0.0097479 1.05469e-05 -4.61505e-05 -0.00247695
internal_weight=342859 16696 1387 15309 5858 9451 3490 2368 965 3391 1547 326163 324157 25160
internal_count=342859 16696 1387 15309 5858 9451 3490 2368 965 3391 1547 326163 324157 25160
is_linear=0
shrinkage=0.04


Tree=118
num_leaves=15
num_cat=0
split_feature=10 3 1 3 0 12 12 0 2 11 1 3 11 15
split_gain=107.523 789.258 407.808 1191.98 376.459 306.981 220.347 201.232 187.056 193.492 154.782 1203.21 474.914 513.613
threshold=-34.863080305254037 34.968493000000002 29.186397388300897 26.618362500000003 3.2567565533071501 132.18200292466517 155.88172001402788 6.2747412960765194 118.92930250000002 44.613184732247639 11.671445788969939 13.581287000000001 14.310773899772387 9.0992552776249926
decision_type=2 2 2 2 2 2 2 2 2 2 2 2 2 2
left_child=1 -1 10 -4 -5 -6 -3 -7 9 -9 12 -12 -2 -14
right_child=2 6 3 4 5 7 -8 8 -10 -11 11 -13 13 -15
leaf_value=-0.010674496367778064 0 0.00029458185140944645 -0.011927503516040456 0.00097633396408782934 0.00077081648897066833 0.0001003550352005525 -0.0092333577846347558 -0.00149945915040231 -0.0025913736220553592 0.0012139984257116211 -0.017324204467813638 0.00020347620429351815 -0.00050520960312878721 0.0097137824474145176
leaf_weight=1349 199988 17231 2328 975 2442 1859 246 2292 1749 390 3186 84844 23834 393
leaf_count=1349 199988 17231 2328 975 2442 1859 246 2292 1749 390 3186 84844 23834 393
internal_value=0.000180236 0.00311909 9.62131e-06 -0.00721562 -0.00105079 -0.00368301 0.00539452 -0.00835612 -0.0129903 -0.00635347 0.000288107 0.00170942 -0.000269919 -0.00555909
internal_weight=343106 18826 324280 12035 9707 8732 17477 6290 4431 2682 312245 88030 224215 24227
internal_count=343106 18826 324280 12035 9707 8732 17477 6290 4431 2682 312245 88030 224215 24227
is_linear=0
shrinkage=0.04


Tree=119
num_leaves=15
num_cat=0
split_feature=13 11 1 1 2 10 11 2 11 0 11 3 10 8
split_gain=291.943 298.68 553.282 215.309 243.82 206.564 162.467 199.571 170.414 117.476 96.5891 113.841 94.8696 90.3974
threshold=642.89807683317133 10.685105096879761 5.1223407045642837 7.37926248727788 99.542839000000015 -23.021950443939044 2.8316024738975325 80.291813000000005 1.6942338272145729 6.5157565357918088 68.286096234188804 30.943385500000002 -18.584262338897187 0.12402743474656593
decision_type=2 2 2 2 2 2 2 2 2 2 2 2 2 2
left_child=10 6 -3 -4 -5 13 8 9 -2 -8 -1 -12 -7 -6
right_child=1 2 3 4 5 12 7 -9 -10 -11 11 -13 -14 -15
leaf_value=0 0 4.5110699771130012e-05 -0.0028701503992956457 0.0026792097353499312 0.00035979688818095663 -0.0016812861124508554 -0.00053575269967113409 -0.0005523271035764621 0.00021925855941383357 0.00094705694350379933 -0.013169833696299885 0.028402630855423949 0.00098293764575362714 0.00020010024831361442
leaf_weight=328804 4670 1344 182 595 1050 373 112 596 391 429 595 159 125 3466
leaf_count=328804 4670 1344 182 595 1050 373 112 596 391 429 595 159 125 3466
internal_value=0.000317419 0.00612015 0.0117001 0.00633397 0.0077233 0.00485042 -0.000303324 -0.0139666 0.00276625 0.00362292 8.26562e-05 -0.0142175 -0.0195984 0.0075465
internal_weight=342891 13333 7135 5791 5609 5014 6198 1137 5061 541 329558 754 498 4516
internal_count=342891 13333 7135 5791 5609 5014 6198 1137 5061 541 329558 754 498 4516
is_linear=0
shrinkage=0.04


Tree=120
num_leaves=15
num_cat=0
split_feature=13 11 1 11 1 2 10 11 2 11 8 15 9 13
split_gain=250.199 254.452 481.122 244.443 213.31 242.077 226.462 155.779 171.391 153.76 115.111 227.986 205.261 554.635
threshold=642.89807683317133 10.685105096879761 5.1223407045642837 14.310773899772387 7.37926248727788 99.542839000000015 -23.021950443939044 2.8316024738975325 80.291813000000005 1.6942338272145729 0.61209337881310943 13.078688944500003 0.0017642104344072209 483.74894686908766
decision_type=2 2 2 2 2 2 2 2 2 2 2 2 2 2
left_child=10 7 3 -3 -4 -6 -7 9 -9 -2 -1 12 -12 -14
right_child=1 2 4 -5 5 6 -8 8 -10 -11 11 -13 13 -15
leaf_value=0 0 -1.8044279908452005e-06 -0.002803052246636132 4.3306271780284809e-05 0.003096276713710897 0.00023928592998156015 -0.0014743719475939082 7.7050078321048082e-05 -0.00049787211478843657 0.00022280362411151511 1.5931364010759452e-05 -0.0068033024168670918 -0.0015552662670648787 9.9832835499648052e-05
leaf_weight=222579 4649 109 188 1254 599 4559 507 532 594 398 69692 327 18839 18149
leaf_count=222579 4649 109 188 1254 599 4559 507 532 594 398 69692 327 18839 18149
internal_value=0.000271273 0.00563149 0.0107317 0.032135 0.00574748 0.00713857 0.0042953 -0.000330471 -0.0137833 0.00267089 5.35217e-05 -0.00102461 -0.000922385 -0.00333081
internal_weight=342975 13389 7216 1363 5853 5665 5066 6173 1126 5047 329586 107007 106680 36988
internal_count=342975 13389 7216 1363 5853 5665 5066 6173 1126 5047 329586 107007 106680 36988
is_linear=0
shrinkage=0.04


Tree=121
num_leaves=15
num_cat=0
split_feature=13 11 1 11 1 2 10 11 2 11 8 15 9 13
split_gain=251.139 250.402 478.323 244.709 203.526 203.807 220.744 137.831 185.249 147.387 112.097 229.627 176.331 495.081
threshold=642.89807683317133 10.685105096879761 5.1223407045642837 14.310773899772387 7.37926248727788 99.542839000000015 -23.021950443939044 2.8316024738975325 80.291813000000005 1.6942338272145729 0.61209337881310943 13.078688944500003 0.0025102473295502419 483.74894686908766
decision_type=2 2 2 2 2 2 2 2 2 2 2 2 2 2
left_child=10 7 3 -3 -4 -6 -7 9 -9 -2 -1 12 -12 -14
right_child=1 2 4 -5 5 6 -8 8 -10 -11 11 -13 13 -15
leaf_value=0 0 -1.7322508712113924e-06 -0.0026144519252451317 4.1574020909073415e-05 0.0028196922231419562 0.00024649451032975349 -0.001409150934987533 0.00016037154806970391 -0.00053406986921848004 0.00019417873053087371 1.419674283152532e-05 -0.0065282247270613738 -0.0014960405976322845 9.7883759266753769e-05
leaf_weight=222599 4632 109 190 1247 596 4504 520 518 593 392 70230 321 18363 18167
leaf_count=222599 4632 109 190 1247 596 4504 520 518 593 392 70230 321 18363 18167
internal_value=0.00029506 0.00568378 0.0107619 0.0321534 0.00576936 0.00714591 0.00452229 -0.000247759 -0.0129973 0.00257166 7.76511e-05 -0.000985796 -0.000884226 -0.00313824
internal_weight=342981 13301 7166 1356 5810 5620 5024 6135 1111 5024 329680 107081 106760 36530
internal_count=342981 13301 7166 1356 5810 5620 5024 6135 1111 5024 329680 107081 106760 36530
is_linear=0
shrinkage=0.04


Tree=122
num_leaves=15
num_cat=0
split_feature=13 12 2 8 15 9 13 12 13 12 12 3 10 10
split_gain=217.353 229.426 423.135 108.637 227.013 174.078 461.821 368.08 314.98 569.906 270.646 593.607 882.36 364.82
threshold=642.89807683317133 138.29610851239491 113.96845650000002 0.61209337881310943 13.078688944500003 0.0025102473295502419 483.74894686908766 61.333657940641096 515.31255052261804 71.203128541838822 94.266675518976839 14.070444000000002 -12.678612785824237 -18.10804252454939
decision_type=2 2 2 2 2 2 2 2 2 2 2 2 2 2
left_child=3 -2 -3 -1 5 8 -7 -8 10 -10 -5 12 -12 -13
right_child=1 2 -4 4 -6 6 7 -9 9 -11 11 13 -14 -15
leaf_value=0 0 9.9089643307945884e-06 0 -2.0874340707734558e-05 -0.006411419740748177 -0.0014702538451638093 -0.0038058455687087658 0.00014915523452288152 0.00023206113053579142 -0.0032701026964994896 -0.041945828692903878 0.00019176484897217571 0.00027698559424574223 0.0042967697803311857
leaf_weight=222624 9163 888 3215 45038 325 18408 374 17910 2438 2683 1102 5015 4285 9570
leaf_count=222624 9163 888 3215 45038 325 18408 374 17910 2438 2683 1102 5015 4285 9570
internal_value=0.000289764 0.00530981 0.0131709 8.78183e-05 -0.000958674 -0.000857119 -0.0030895 0.00141326 0.000310847 -0.00924038 0.00106322 0.00493891 -0.00640802 0.00912993
internal_weight=343038 13266 4103 329772 107148 106823 36692 18284 70131 5121 65010 19972 5387 14585
internal_count=343038 13266 4103 329772 107148 106823 36692 18284 70131 5121 65010 19972 5387 14585
is_linear=0
shrinkage=0.04


Tree=123
num_leaves=15
num_cat=0
split_feature=13 12 2 3 10 0 0 1 3 1 13 0 3 11
split_gain=225.019 223.953 405.441 94.702 1917.08 515.933 437.075 295.535 539.784 920.683 645.001 490.647 464.009 282.238
threshold=642.89807683317133 138.29610851239491 113.96845650000002 23.820349500000003 -24.419274593378557 20.410744223113813 0.97491196103678457 19.584095825904068 29.027554500000004 29.407607246894067 326.60635944222241 5.2570416530343573 27.377053000000004 35.106816181942854
decision_type=2 2 2 2 2 2 2 2 2 2 2 2 2 2
left_child=3 -2 -3 4 6 -6 -1 13 9 10 -9 -12 -11 -5
right_child=1 2 -4 7 5 -7 -8 8 -10 12 11 -13 -14 -15
leaf_value=0.00080632016601499062 0 9.185588862243756e-06 0 0 0 -0.062801219337698347 -0.011802064675289266 -0.00024694547864571767 5.405403415018748e-05 -0.0073804706637129172 0.0083203847295831267 0.0023249397345930893 0.0014618101938996112 -0.0010946856689244134
leaf_weight=317 9225 904 3244 83394 184898 722 4432 1426 39318 1457 3312 6442 639 3385
leaf_count=317 9225 904 3244 83394 184898 722 4432 1426 39318 1457 3312 6442 639 3385
internal_value=0.000318377 0.00540492 0.0131244 0.000112088 -0.000467933 0.000174119 -0.0255633 0.000904336 0.00327034 0.010244 0.014805 0.0184786 -0.014084 -0.000529621
internal_weight=343115 13373 4148 329742 190369 185620 4749 139373 52594 13276 11180 9754 2096 86779
internal_count=343115 13373 4148 329742 190369 185620 4749 139373 52594 13276 11180 9754 2096 86779
is_linear=0
shrinkage=0.04


Tree=124
num_leaves=15
num_cat=0
split_feature=13 11 1 11 1 2 10 11 2 11 0 8 15 12
split_gain=233.526 242.474 498.595 221.783 179.691 180.364 210.027 140.744 158.56 146.738 111.065 108.605 210.219 161.607
threshold=642.89807683317133 10.685105096879761 5.1223407045642837 14.310773899772387 7.37926248727788 99.542839000000015 -23.021950443939044 2.8316024738975325 80.291813000000005 1.6942338272145729 6.5157565357918088 0.61209337881310943 13.078688944500003 57.117614587864232
decision_type=2 2 2 2 2 2 2 2 2 2 2 2 2 2
left_child=11 7 3 -3 -4 -6 -7 9 10 -2 -9 -1 13 -13
right_child=1 2 4 -5 5 6 -8 8 -10 -11 -12 12 -14 -15
leaf_value=0 0 -1.6629608363629367e-06 -0.0025930128786544205 3.9911060072710476e-05 0.0028596379562367828 0.00023058975349063955 -0.0012423115807639741 -0.00052955624697734551 -0.00049795072854991239 0.00018120254979481532 0.00086442631948775131 0.00021584557111023294 -0.0061327417434995368 -5.7184819382022776e-05
leaf_weight=222733 4625 107 187 1238 609 4488 525 111 605 397 425 991 335 105566
leaf_count=222733 4625 107 187 1238 609 4488 525 111 605 397 425 991 335 105566
internal_value=0.00029766 0.00549073 0.0105004 0.0324461 0.00541918 0.00670224 0.00420507 -0.000324517 -0.0130061 0.00255675 0.00283582 8.78574e-05 -0.000960222 -0.00086076
internal_weight=342942 13317 7154 1345 5809 5622 5013 6163 1141 5022 536 329625 106892 106557
internal_count=342942 13317 7154 1345 5809 5622 5013 6163 1141 5022 536 329625 106892 106557
is_linear=0
shrinkage=0.04


Tree=125
num_leaves=15
num_cat=0
split_feature=14 11 15 9 3 2 0 0 11 11 8 0 0 11
split_gain=130.979 846.322 102.68 115.276 285.54 201.06 222.055 194.085 158.005 133.917 130.412 128.167 116.815 108.066
threshold=0.23320872121670802 14.310773899772387 11.201103675124985 0.1072685511613022 29.766104500000001 109.80891450000001 7.1275858902198719 18.481246524201669 10.10308288026663 41.063983068209517 0.8269242947398936 15.582054646497445 12.687496036605053 3.6031819150548094
decision_type=2 2 2 2 2 2 2 2 2 2 2 2 2 2
left_child=2 -2 -1 4 -4 6 8 9 -5 12 -9 -11 -7 -6
right_child=1 -3 3 5 13 7 -8 10 -10 11 -12 -13 -14 -15
leaf_value=0 0 3.7550835542080522e-05 0.0013136495030099927 0 -0.0022494751741881447 0 0.0020270274935463447 -0.0071991118400501789 0.01193083183168335 0.00075755867541471133 0.000926800452402016 -0.0015613868231159455 0.0015724878443864397 0.0011773765795033528
leaf_weight=319684 5481 1165 813 2129 434 5624 3649 646 189 1514 442 123 1119 40
leaf_count=319684 5481 1165 813 2129 434 5624 3649 646 189 1514 442 123 1119 40
internal_value=0.000319485 0.00588023 0.000209628 0.00326516 -0.00823621 0.00422417 0.00997486 0.000599916 0.000293356 0.00266348 -0.0152941 0.0129261 0.00017203 -0.0329114
internal_weight=343052 6646 336406 16722 1287 15435 5967 9468 2318 8380 1088 1637 6743 474
internal_count=343052 6646 336406 16722 1287 15435 5967 9468 2318 8380 1088 1637 6743 474
is_linear=0
shrinkage=0.04


Tree=126
num_leaves=15
num_cat=0
split_feature=3 1 0 2 1 3 0 1 11 12 14 10 3 0
split_gain=109.442 1987.69 514.877 453.674 302.609 1246.98 626.721 619.13 454.576 610.066 439.216 428.901 847.158 553.434
threshold=22.500747500000003 22.54264523011722 18.74266697428401 51.029905500000005 11.157408591585705 13.880470000000001 12.472353186584266 13.839880348300904 14.310773899772387 73.199052990763533 0.21135727656717004 -14.457571688338874 18.762053500000004 8.6894158821197376
decision_type=2 2 2 2 2 2 2 2 2 2 2 2 2 2
left_child=1 2 4 -2 8 6 7 -6 -1 -10 -11 12 13 -7
right_child=3 -3 -4 -5 5 11 -8 -9 9 10 -12 -13 -14 -15
leaf_value=0 3.6048802120397302e-05 -0.010493818778141902 -0.049920678261958312 0 0.0016084792754609545 0.00019577333659804422 -0.043889974724288176 -0.011677105916140785 -0.0034318542695652159 -0.00050353406284464413 0.00029940053682171275 0.0018476039787540511 0.0013814816637045221 -0.01627299778951672
leaf_weight=129292 1361 4578 1085 156218 1651 5613 1298 1676 2105 14884 602 11011 8432 3190
leaf_count=129292 1361 4578 1085 156218 1651 5613 1298 1676 2105 14884 602 11011 8432 3190
internal_value=0.000301228 -0.000357465 0.000301484 0.00107629 0.000467305 0.0039366 -0.0153168 -0.00611963 -0.00030909 -0.00634188 -0.00359551 0.00708915 0.00314941 -0.00552993
internal_weight=342996 185417 180839 157579 179754 32871 4625 3327 146883 17591 15486 28246 17235 8803
internal_count=342996 185417 180839 157579 179754 32871 4625 3327 146883 17591 15486 28246 17235 8803
is_linear=0
shrinkage=0.04


Tree=127
num_leaves=15
num_cat=0
split_feature=13 11 1 11 11 11 1 11 2 2 10 11 8 9
split_gain=139.345 167.127 221.257 241.111 242.427 205.021 181.911 159.174 165.186 147.713 230.055 137.953 124.36 241.079
threshold=642.89807683317133 10.685105096879761 5.3512341773474033 23.226821042012237 20.923127798104336 14.310773899772387 7.37926248727788 2.8316024738975325 80.291813000000005 106.37468000000001 -23.021950443939044 1.6942338272145729 0.42718264470863893 0.18507297091488781
decision_type=2 2 2 2 2 2 2 2 2 2 2 2 2 2
left_child=-1 7 3 4 5 -3 -4 11 -9 -8 12 -2 -11 -14
right_child=1 2 6 -5 -6 -7 9 8 -10 10 -12 -13 13 -15
leaf_value=0 0 -1.5964424029084191e-06 -0.0024891427478769814 3.4606850035581414e-05 -1.762928117502164e-06 3.4066833188359982e-05 0.0024129240168288208 8.1602609739191289e-05 -0.00051565711971810087 0.00023868332129742593 -0.0014471061427367598 0.00017074937566828951 0.0075644632194515771 -0.0074049339688350346
leaf_weight=329666 4635 112 176 790 176 277 920 525 587 3773 426 409 135 374
leaf_count=329666 4635 112 176 790 176 277 920 525 587 3773 426 409 135 374
internal_value=0.000275117 0.00428689 0.00844252 0.0229963 0.00304425 0.0206684 0.0050448 -0.000545809 -0.0142446 0.00629709 0.00343246 0.00247423 0.00622139 -0.0123379
internal_weight=342981 13315 7159 1355 565 389 5804 6156 1112 5628 4708 5044 4282 509
internal_count=342981 13315 7159 1355 565 389 5804 6156 1112 5628 4708 5044 4282 509
is_linear=0
shrinkage=0.04


Tree=128
num_leaves=15
num_cat=0
split_feature=13 11 1 3 12 11 11 11 11 0 1 11 3 12
split_gain=129.688 162.676 361.334 208.014 134.057 120.816 363.738 106.004 96.9158 94.733 92.4635 134.412 170.073 187.601
threshold=642.89807683317133 14.310773899772387 5.2162931672763202 45.196880000000007 107.6323131318883 23.226821042012237 20.923127798104336 20.117251880539794 29.523676607611499 5.4893502509417003 50.198509109631985 54.933944211460535 14.450717500000001 144.59910438378228
decision_type=2 2 2 2 2 2 2 2 2 2 2 2 2 2
left_child=10 -2 5 9 -5 6 -3 -6 -7 -4 11 -1 -13 -14
right_child=1 2 3 4 7 8 -8 -9 -10 -11 -12 12 13 -15
leaf_value=0 0 3.2704159860825583e-05 7.0700186698347345e-05 0.011663753032011486 -0.00048482295954334462 3.3222576034158152e-05 -1.6924109928020775e-06 0.00023902531458978857 -0.00032435721271487756 -0.0027087670538690229 0.00031415574824443146 -0.0098112868708288264 -0.00055682199905436407 0.00032208765702318454
leaf_weight=319564 6648 268 349 199 98 773 167 4304 29 488 2034 650 4317 3123
leaf_count=319564 6648 268 349 199 98 773 167 4304 29 488 2034 650 4317 3123
internal_value=0.000307162 0.00417624 0.00858727 0.00414858 0.00748533 0.0281002 0.0111264 0.00603362 0.0373067 -0.0141935 0.000150809 9.80302e-05 -0.00499382 -0.00327957
internal_weight=343011 13323 6675 5438 4601 1237 435 4402 802 837 329688 327654 8090 7440
internal_count=343011 13323 6675 5438 4601 1237 435 4402 802 837 329688 327654 8090 7440
is_linear=0
shrinkage=0.04


Tree=129
num_leaves=15
num_cat=0
split_feature=13 11 2 3 11 11 2 8 11 11 8 9 13 12
split_gain=124.871 141.457 352.101 163.06 144.265 376.359 125.367 94.7949 94.4197 89.4637 88.8647 172.538 368.187 347.822
threshold=642.89807683317133 14.310773899772387 64.172920000000019 45.196880000000007 23.226821042012237 20.923127798104336 99.542839000000015 0.48407118549983669 20.117251880539794 29.523676607611499 0.61209337881310943 0.0025102473295502419 483.74894686908766 61.333657940641096
decision_type=2 2 2 2 2 2 2 2 2 2 2 2 2 2
left_child=10 -2 4 7 5 -3 -5 -4 -8 -6 -1 -12 -13 -14
right_child=1 2 3 6 9 -7 8 -9 -10 -11 11 12 13 -15
leaf_value=0 0 3.139599346639256e-05 1.6146125653901042e-05 0.016467270116977212 3.1893672992791826e-05 -1.6247145530899943e-06 -0.00046535711173743935 -0.0028005998112096597 0.00020794267666311185 -0.00031138292420628244 1.3020723399286005e-05 -0.0013632246694913175 -0.0035362095965875378 0.00010695659008110092
leaf_weight=222579 6648 265 402 183 772 180 95 429 4358 27 70305 18340 364 18047
leaf_count=222579 6648 265 402 183 772 180 95 429 4358 27 70305 18340 364 18047
internal_value=0.000236039 0.00402725 0.00812398 0.00375343 0.0273312 0.00907865 0.00667817 -0.0125632 0.00534471 0.0374969 8.23942e-05 -0.000864594 -0.00308563 0.000910325
internal_weight=342994 13359 6711 5467 1244 445 4636 831 4453 799 329635 107056 36751 18411
internal_count=342994 13359 6711 5467 1244 445 4636 831 4453 799 329635 107056 36751 18411
is_linear=0
shrinkage=0.04


Tree=130
num_leaves=15
num_cat=0
split_feature=13 11 1 3 11 11 2 11 11 0 11 3 11 1
split_gain=113.767 138.515 373.12 185.347 139.41 378.826 116.709 93.1404 93.0636 91.8997 88.9709 95.2504 81.1875 80.4941
threshold=642.89807683317133 14.310773899772387 5.2162931672763202 45.196880000000007 23.226821042012237 20.923127798104336 99.542839000000015 20.117251880539794 29.523676607611499 5.5480101299884677 68.286096234188804 17.429703500000006 23.504047441426529 50.198509109631985
decision_type=2 2 2 2 2 2 2 2 2 2 2 2 2 2
left_child=10 -2 4 9 5 -3 -5 -8 -6 -4 13 -12 -9 -1
right_child=1 2 3 6 8 -7 7 12 -10 -11 11 -13 -14 -15
leaf_value=0 0 3.0140153727736859e-05 5.0388512342730422e-05 0.015167643526634253 3.0617926073080154e-05 -1.5597259709663946e-06 -0.00044674282726794178 0.0004532287083976292 -0.00029892760723803117 -0.002465752175195846 -0.013554566124544056 -0.00054587355880416917 0.00015754752160435849 0.00028953878533477263
leaf_weight=327261 6670 264 358 175 783 178 91 495 26 485 263 496 3860 2016
leaf_count=327261 6670 264 358 175 783 178 91 495 26 485 263 496 3860 2016
internal_value=0.000281753 0.0038969 0.00795235 0.0034407 0.0276579 0.00959276 0.00658732 0.00532614 0.0375278 -0.0138078 0.000135137 -0.0135441 0.00616303 0.000166668
internal_weight=343421 13385 6715 5464 1251 442 4621 4446 809 843 330036 759 4355 329277
internal_count=343421 13385 6715 5464 1251 442 4621 4446 809 843 330036 759 4355 329277
is_linear=0
shrinkage=0.04


Tree=131
num_leaves=15
num_cat=0
split_feature=1 3 0 0 10 3 3 1 0 1 3 1 3 1
split_gain=91.7343 827.65 438.066 399.893 436.109 1002.98 859.122 783.962 714.133 411.881 605.607 389.447 387.788 521.919
threshold=10.575632734926026 13.581287000000001 12.251569720815512 1.0255119263318477 -14.457571688338874 17.265940500000003 18.933189000000002 20.370663783234793 8.6117740634982685 15.993207799525873 15.946827500000003 13.716432742914447 15.946827500000003 16.994074803602963
decision_type=2 2 2 2 2 2 2 2 2 2 2 2 2 2
left_child=-1 2 11 -3 6 -6 7 8 9 -5 -11 -2 -10 -14
right_child=1 3 -4 4 5 -7 -8 -9 12 10 -12 -13 13 -15
leaf_value=0 0.00088142788629891442 0.0011958566015803052 -0.042218482414797913 0.002216044675840521 0.0035452177136653051 -0.0001511781368084921 0.00010161157446673785 -0.015817937921895356 -0.035031519524040718 -0.0068735028148783194 0.0010322850717210121 -0.012964320871642471 0.0027416660467864951 -0.048437856979639239
leaf_weight=219564 1267 1598 1097 1887 9256 9862 88896 1654 1407 1084 1778 1225 1361 893
leaf_count=219564 1267 1598 1097 1887 9256 9862 88896 1654 1407 1084 1778 1225 1361 893
internal_value=0.000210251 0.00108352 -0.0178434 0.00165112 0.00138214 0.00691286 0.000313662 -0.0107631 -0.00581213 0.00442198 -0.00514326 -0.00857143 -0.0190877 -0.00880213
internal_weight=342829 123265 3589 119676 118078 19118 98960 10064 8410 4749 2862 2492 3661 2254
internal_count=342829 123265 3589 119676 118078 19118 98960 10064 8410 4749 2862 2492 3661 2254
is_linear=0
shrinkage=0.04


Tree=132
num_leaves=15
num_cat=0
split_feature=15 1 2 8 0 0 9 0 0 3 9 1 3 13
split_gain=90.4091 102.082 204.67 242.74 170.667 157.444 151.56 96.0691 122.947 1032.26 329.804 360.928 700.354 437.52
threshold=11.201103675124985 10.763194301106498 109.51417550000001 0.88139470670951658 12.576196930435881 19.101428005446419 0.1751523025320966 32.197384349508404 13.587421045068508 15.547306000000003 0.02557961164105366 17.573931237887553 20.395374500000003 540.80167428207517
decision_type=2 2 2 2 2 2 2 2 2 2 2 2 2 2
left_child=7 -2 3 -3 -5 -4 -7 8 -1 -10 11 13 -13 -11
right_child=1 2 5 4 -6 6 -8 -9 9 10 -12 12 -14 -15
leaf_value=0 0 0.0026392826724338757 0.00028906428125039597 0.0096056913165780376 -0.0059684074018684545 0.0013081254867572723 -0.0072012947936135685 0.0051226068445947301 -0.038788441825215715 0.0060170866646353073 -0.0010795207156328512 -0.068951100930457754 0.001284358831140604 -0.0056210717548782711
leaf_weight=301922 7069 3530 4511 95 303 527 578 1377 1621 3696 11783 811 5011 293
leaf_count=301922 7069 3530 4511 95 303 527 578 1377 1621 3696 11783 811 5011 293
internal_value=0.00014805 0.00302655 0.00572506 0.0127291 -0.0168844 0.000826211 -0.0127059 1.59258e-06 -4.30588e-05 -0.00284816 -0.000537186 0.00488024 -0.00147029 0.0141489
internal_weight=343127 16613 9544 3928 398 5616 1105 326514 325137 23215 21594 9811 5822 3989
internal_count=343127 16613 9544 3928 398 5616 1105 326514 325137 23215 21594 9811 5822 3989
is_linear=0
shrinkage=0.04


Tree=133
num_leaves=15
num_cat=0
split_feature=11 3 1 3 0 15 0 11 11 1 15 11 14 0
split_gain=82.9324 91.8774 75.399 750.972 448.483 365.738 396.103 469.598 431.084 339.576 324.401 319.993 385.288 314.19
threshold=68.286096234188804 31.485029000000004 10.575632734926026 13.581287000000001 12.358823799382833 2.2324647675000056 1.1274660581839286 28.670978857163679 2.8316024738975325 13.839880348300904 8.5494884204999568 14.310773899772387 0.20973255107126362 2.9239210703509007
decision_type=2 2 2 2 2 2 2 2 2 2 2 2 2 2
left_child=2 -2 11 4 9 -5 -7 8 -8 -4 -10 -1 13 -13
right_child=1 -3 3 5 -6 6 7 -9 10 -11 -12 12 -14 -15
leaf_value=0 -0.011679231294680435 0.027532461154068915 0.00079121276375425549 -0.00025373387854938446 -0.03979264975693747 0.001169498676307441 -0.0085899641081586126 -4.2782012897703838e-05 0.0003022928608870845 -0.013317572382532958 0.0019552385501120932 -0.0011592197900604435 3.0156991157878483e-05 -0.00059373987764101805
leaf_weight=198432 630 125 1332 1110 1042 1800 1387 71074 39638 1216 4387 4922 3245 12613
leaf_count=198432 630 125 1332 1110 1042 1800 1387 71074 39638 1216 4387 4922 3245 12613
internal_value=0.000156406 -0.0130861 0.000185624 0.000978323 -0.0170474 0.00152032 0.00173478 0.00144704 0.00462433 -0.00800628 0.00531607 -0.00025911 -0.00498171 -0.00732478
internal_weight=342953 755 342198 122986 3590 119396 118286 116486 45412 2548 44025 219212 20780 17535
internal_count=342953 755 342198 122986 3590 119396 118286 116486 45412 2548 44025 219212 20780 17535
is_linear=0
shrinkage=0.04


Tree=134
num_leaves=15
num_cat=0
split_feature=0 0 3 10 12 2 3 3 9 12 9 11 1 3
split_gain=81.3282 111.02 580.136 326.971 430.008 412.237 190.048 169.411 217.129 167.625 134.79 153.051 128.374 189.045
threshold=32.197384349508404 17.785020506016902 20.722254500000002 -20.558463683506272 132.18200292466517 77.946976000000021 23.441547500000002 23.080931500000002 0.00018123922110935278 93.479956419141644 0.0025102473295502419 15.91122629391848 22.748380609008304 25.868632500000004
decision_type=2 2 2 2 2 2 2 2 2 2 2 2 2 2
left_child=1 -1 -3 4 6 -5 -4 -6 12 -8 11 -7 -9 -14
right_child=-2 2 3 5 7 10 9 8 -10 -11 -12 -13 13 -15
leaf_value=0 0.0045221585490099617 -0.068584971972786735 -0.058711493620118446 -0.0026356630149110805 -0.06152646238150674 -0.072632058065629765 -0.013547249790658441 0.045017656424278595 -0.0051951215939798189 0.0033059074924255152 0.00098831673147717304 0.0067175120447397763 -0.05011319472186667 0.0058636279915482417
leaf_weight=328304 1481 850 173 476 415 54 115 310 4516 3546 819 1324 170 299
leaf_count=328304 1481 850 173 476 415 54 115 310 4516 3546 819 1324 170 299
internal_value=0.000126819 8.62405e-05 -0.0035295 -0.00130638 -0.00476949 0.0110587 0.00559207 -0.0117268 -0.00979792 0.007528 0.0183705 0.0260087 0.00970475 -0.0034968
internal_weight=342852 341371 13067 12217 9544 2673 3834 5710 5295 3661 2197 1378 779 469
internal_count=342852 341371 13067 12217 9544 2673 3834 5710 5295 3661 2197 1378 779 469
is_linear=0
shrinkage=0.04


Tree=135
num_leaves=15
num_cat=0
split_feature=15 9 3 2 1 0 0 8 11 0 0 1 11 3
split_gain=76.9137 99.426 278.851 141.798 206.695 160.72 131.959 131.523 109.329 110.189 107.091 95.2918 129.313 92.2635
threshold=11.201103675124985 0.1072685511613022 29.766104500000001 109.51417550000001 11.157408591585705 7.493999485824097 18.74266697428401 0.8269242947398936 41.063983068209517 13.290551530075804 15.582054646497445 7.37926248727788 11.500296300612165 14.450717500000001
decision_type=2 2 2 2 2 2 2 2 2 2 2 2 2 2
left_child=-1 2 -2 4 5 11 8 -8 9 -5 -10 -3 -13 -6
right_child=1 3 -4 6 13 -7 7 -9 10 -11 -12 12 -14 -15
leaf_value=0 0.0013535356802899291 0 -0.001898322162872922 0 -0.0006662269466567015 0.00056025515468731695 -0.0066429438787064211 0.0013855569574346028 0.00071611977370133497 0.0015625877845321802 -0.0012207636434026221 -0.00034328073879007079 0.0076063105387926171 0.0033065819684679923
leaf_weight=326478 799 1170 465 5735 448 320 609 513 1528 986 134 835 68 2960
leaf_count=326478 799 1170 465 5735 448 320 609 513 1528 986 134 835 68 2960
internal_value=0.0001489 0.00280748 -0.00797468 0.0036979 0.0086261 -0.000384455 0.000690163 -0.0121925 0.00241441 0.000142836 0.0116005 -0.00445731 -0.0142193 0.0149531
internal_weight=343048 16570 1264 15306 5801 2393 9505 1122 8383 6721 1662 2073 903 3408
internal_count=343048 16570 1264 15306 5801 2393 9505 1122 8383 6721 1662 2073 903 3408
is_linear=0
shrinkage=0.04


Tree=136
num_leaves=15
num_cat=0
split_feature=8 15 12 3 2 9 13 12 15 10 15 2 3 0
split_gain=79.7945 191.286 156.314 177.161 149.58 140.941 419.775 357.361 309.411 384.809 395.63 264.247 249.706 899.366
threshold=0.61209337881310943 13.078688944500003 57.117614587864232 13.683169500000002 176.46262350000003 0.0025102473295502419 483.74894686908766 61.681181324187826 7.5518605999999986 -0.61661522931953916 7.8595107582499688 77.946976000000021 15.253155500000002 13.886159923537996
decision_type=2 2 2 2 2 2 2 2 2 2 2 2 2 2
left_child=-1 2 3 -2 5 8 11 -8 12 10 -10 -7 13 -4
right_child=1 -3 4 -5 -6 6 7 -9 9 -11 -12 -13 -14 -15
leaf_value=0 -8.777049998690139e-06 -0.00516819523876036 3.4243928740154003e-06 0.00040195643050193014 0.00089210657735643798 -0.0020920306641382873 -0.0024697008214823006 0.00012948888166762932 -0.0040250947462494632 0.00032976946489214956 -0.00040062571356368031 -0.0011659189087838806 0.00019851625279599495 -0.042904010104375438
leaf_weight=232478 533 312 31342 448 639 1832 643 19700 1461 865 8438 16131 26956 1037
leaf_count=232478 533 312 31342 448 639 1832 643 19700 1461 865 8438 16131 26956 1037
internal_value=0.00011038 -0.000775443 -0.000686753 0.015209 -0.000829757 -0.000943499 -0.00289459 0.00104016 0.000122684 -0.00611669 -0.00835236 -0.00735067 0.00125457 -0.00111307
internal_weight=342815 110337 110025 981 109044 108405 38306 20343 70099 10764 9899 17963 59335 32379
internal_count=342815 110337 110025 981 109044 108405 38306 20343 70099 10764 9899 17963 59335 32379
is_linear=0
shrinkage=0.04


Tree=137
num_leaves=15
num_cat=0
split_feature=0 12 0 3 10 3 2 2 9 12 14 12 10 3
split_gain=76.216 115.153 102.802 562.838 259.358 397.606 370.095 346.778 230.22 170.264 163.663 177.835 135.471 128.687
threshold=32.197384349508404 143.19094607510416 17.785020506016902 20.231040000000004 -20.558463683506272 24.002286000000002 77.946976000000021 109.51417550000001 0.00070770823258664583 93.479956419141644 0.22065939340051219 133.67214951147977 -22.69079821619658 25.868632500000004
decision_type=2 2 2 2 2 2 2 2 2 2 2 2 2 2
left_child=2 -2 -1 -4 5 -5 -6 9 12 -7 11 -10 13 -9
right_child=1 -3 3 4 6 7 -8 8 10 -11 -12 -13 -14 -15
leaf_value=0 0.0053014978776553968 -0.019210070242027703 -0.071558026851690187 -0.050505848589518176 -0.0024719885657408787 -0.014165714654027715 0.0029280150276448226 -0.036816380871789067 -0.0010050283096884939 0.0032004621667401658 0.00048452943210285814 -0.0079470857268758282 0.062280146200418107 0.0052590956859294028
leaf_weight=328449 1370 129 746 875 480 112 2250 127 1049 3153 969 2506 294 492
leaf_count=328449 1370 129 746 875 480 112 2250 127 1049 3153 969 2506 294 492
internal_value=0.000153002 0.00915277 0.000113499 -0.00336781 -0.00132282 -0.0044231 0.00955311 -0.00183866 -0.00802649 0.00846554 -0.0117241 -0.0156962 0.0102957 -0.000323102
internal_weight=343001 1499 341502 13053 12307 9577 2730 8702 5437 3265 4524 3555 913 619
internal_count=343001 1499 341502 13053 12307 9577 2730 8702 5437 3265 4524 3555 913 619
is_linear=0
shrinkage=0.04


Tree=138
num_leaves=15
num_cat=0
split_feature=14 0 3 11 2 12 1 3 10 3 3 10 0 3
split_gain=72.1769 183.594 134.741 150.924 89.5601 87.208 69.0058 803.929 452.817 845.998 737.963 799.013 784.484 581.07
threshold=0.16176218473511844 4.0786706619748658 20.722254500000002 39.285317197877269 86.669228000000018 87.086905727560421 11.671445788969939 13.484797000000002 -14.457571688338874 17.265940500000003 18.762053500000004 -17.932639271174114 7.7450903722139879 15.946827500000003
decision_type=2 2 2 2 2 2 2 2 2 2 2 2 2 2
left_child=1 2 3 -1 5 -3 -2 -8 10 -10 11 -9 -13 -14
right_child=6 4 -4 -5 -6 -7 7 8 9 -11 -12 12 13 -15
leaf_value=0.00012820365035344215 0 -0.0024311636139484529 -0.00071949282695147861 -0.0025952213293539408 -0.0033352562549523691 0.0029917848266710818 -0.014708711801143273 -0.0085548401982172544 0.0050787973828447432 -0.00022008675140745525 0.00011315296527798446 0.0013942713521175249 -0.031423210083693094 0.00027765036342306204
leaf_weight=1965 222148 101 633 159 432 70 2845 3663 8254 6633 89534 3292 1553 1692
leaf_count=1965 222148 101 633 159 432 70 2845 3663 8254 6633 89534 3292 1553 1692
internal_value=0.00015523 -0.00567857 -0.00130577 0.00352166 -0.0256716 -0.00116959 0.000212948 0.000997054 0.0015184 0.00802579 0.000547055 -0.00964706 -0.00126664 -0.0152234
internal_weight=342974 3360 2757 2124 603 171 339614 117466 114621 14887 99734 10200 6537 3245
internal_count=342974 3360 2757 2124 603 171 339614 117466 114621 14887 99734 10200 6537 3245
is_linear=0
shrinkage=0.04


Tree=139
num_leaves=15
num_cat=0
split_feature=14 0 11 3 0 2 12 15 11 2 3 10 3 3
split_gain=77.6376 144.228 112.115 147.21 151.657 76.9893 84.0544 64.1483 97.3446 268.774 179.672 177.003 173.266 197.642
threshold=0.16176218473511844 4.0786706619748658 39.285317197877269 20.231040000000004 0.94224025455343197 86.669228000000018 87.086905727560421 11.201103675124985 10.10308288026663 98.609421000000012 23.441547500000002 -16.114188181757381 29.766104500000001 5.1984865000000005
decision_type=2 2 2 2 2 2 2 2 2 2 2 2 2 2
left_child=1 2 3 4 -1 6 -3 -2 11 10 -10 -9 13 -13
right_child=7 5 -4 -5 -6 -7 -8 8 9 -11 -12 12 -14 -15
leaf_value=-0.00036117879129123314 0 -0.0023339170693905142 -0.0024914124761797841 -0.00053605752758961462 0.00020144751019434475 -0.003261070147117474 0.0027979904787663913 -0.0068597123885906133 9.3611902626741236e-05 0.00024407686472031372 0.0078942454250031553 0 0 0.0025320137354218997
leaf_weight=155 323164 100 164 767 1677 422 71 218 451 6803 942 1163 5722 1352
leaf_count=155 323164 100 164 767 1677 422 71 218 451 6803 942 1163 5722 1352
internal_value=0.00014232 -0.0059118 -0.00207021 -4.61716e-05 0.00611354 -0.0238111 -0.00116959 0.00020211 0.00262327 0.00572962 0.0217373 -0.000387936 0.0005536 0.00930417
internal_weight=343171 3356 2763 2599 1832 593 171 339815 16651 8196 1393 8455 8237 2515
internal_count=343171 3356 2763 2599 1832 593 171 339815 16651 8196 1393 8455 8237 2515
is_linear=0
shrinkage=0.04


Tree=140
num_leaves=15
num_cat=0
split_feature=8 12 3 15 11 13 5 8 13 12 12 11 13 0
split_gain=68.92 162.369 166.348 142.571 143.295 226.878 125.347 124.153 126.183 123.267 122.535 645.464 332.833 259.846
threshold=0.61209337881310943 57.117614587864232 13.076792000000001 13.078688944500003 45.963864212815963 546.33133908632681 1.0000000180025095e-35 0.99972117427286444 345.4481769388006 115.6601245907794 66.384220563473122 5.8601790674288479 613.56417515146063 6.3332785679522638
decision_type=2 2 2 2 2 2 2 2 2 2 2 2 2 2
left_child=-1 2 -2 4 6 7 -3 8 -6 -9 11 13 -13 -8
right_child=1 3 -4 -5 5 -7 10 9 -10 -11 -12 12 -14 -15
leaf_value=0 -8.4871875912397038e-06 0.0034179836485593936 0.00037546128371865008 -0.0051793245841945312 -0.0015323868215810178 0.00058210459857225617 2.0256769163745913e-05 -0.0022405603866148915 -0.017061100015947551 0.01018395008601793 1.6491911377601864e-05 -0.00086814339003871198 0.0050696140285051185 -0.0044402163140965815
leaf_weight=232790 504 203 483 314 547 1841 16943 655 1228 596 81681 4831 187 298
leaf_count=232790 504 203 483 314 547 1841 16943 655 1228 596 81681 4831 187 298
internal_value=0.000113203 -0.000710355 0.0154407 -0.000856171 -0.000778644 -0.00748716 -0.00046513 -0.0142234 -0.0210254 -0.00457234 -0.000526458 -0.00315737 -0.0157832 0.000517371
internal_weight=343101 110311 987 109324 109010 4867 104143 3026 1775 1251 103940 22259 5018 17241
internal_count=343101 110311 987 109324 109010 4867 104143 3026 1775 1251 103940 22259 5018 17241
is_linear=0
shrinkage=0.04


Tree=141
num_leaves=15
num_cat=0
split_feature=10 11 3 13 3 2 0 14 10 11 10 10 3 11
split_gain=66.404 89.7041 178.212 177.526 195.671 202.597 170.906 258.026 173.62 206.589 144.136 121.329 114.327 97.0652
threshold=-54.872925061948251 54.244808618477521 14.955528000000003 345.4481769388006 22.961675500000002 119.48373050000002 6.5157565357918088 0.20770319864275835 -27.97735515093418 60.391908750299088 -46.479097723825596 -17.932639271174114 36.444159500000005 64.359993896045822
decision_type=2 2 2 2 2 2 2 2 2 2 2 2 2 2
left_child=-1 -2 -3 11 -5 -6 8 -8 9 -7 13 -4 -12 -11
right_child=1 2 3 4 5 6 7 -9 -10 10 12 -13 -14 -15
leaf_value=0.00033743766036844038 0 -0.0068226268207962184 -0.0040127599205848387 -0.013952811544748117 0.0011519711595410563 -0.00057292104994476143 -0.0040018377258854631 0.00020475061034886139 0.016083046848898101 -0.00051066557543095288 -0.006647370200036154 0.0063419494105825397 0.0005866002303044675 0.00029582917172020327
leaf_weight=1111 333006 934 151 605 574 1294 1360 1205 238 279 238 908 1010 121
leaf_count=1111 333006 934 151 605 574 1294 1360 1205 238 279 238 908 1010 121
internal_value=0.000137712 0.000105989 -0.00385331 -0.00191908 -0.00425188 -0.00217123 -0.00443516 -0.012117 0.00176101 -0.000897349 0.00849515 0.0133333 0.0151923 -0.0124
internal_weight=343034 341923 8917 7983 6924 6319 5745 2565 3180 2942 1648 1059 1248 400
internal_count=343034 341923 8917 7983 6924 6319 5745 2565 3180 2942 1648 1059 1248 400
is_linear=0
shrinkage=0.04


Tree=142
num_leaves=15
num_cat=0
split_feature=8 9 13 12 2 15 10 15 3 0 2 10 3 10
split_gain=66.0968 154.3 311.047 347.853 264.864 262.664 328.354 416.438 240.317 944.315 361.744 421.657 646.396 436.959
threshold=0.61209337881310943 0.0025102473295502419 483.74894686908766 61.333657940641096 77.946976000000021 7.5518605999999986 -0.61661522931953916 7.8595107582499688 15.547306000000003 13.886159923537996 88.575733000000014 -17.548382577938547 21.499485500000002 -21.471790945669039
decision_type=2 2 2 2 2 2 2 2 2 2 2 2 2 2
left_child=-1 5 4 -4 -3 8 7 -7 9 -2 -10 12 -12 -14
right_child=1 2 3 -5 -6 6 -8 -9 10 -11 11 -13 13 -15
leaf_value=0 1.7523298214622841e-05 -0.0019994405830907054 -0.0032338159183538358 8.692802268036558e-05 -0.00094263147688083135 -0.003919278983171297 0.00030571284610821786 -0.00030971879428978499 3.5474071923812873e-05 -0.037028216610322559 -0.044560085266064899 0.0073718931885288002 -0.0026573276264124901 0.015792687406494012
leaf_weight=232720 33190 1812 369 20327 16520 1445 871 8729 17536 1196 996 4597 1568 1301
leaf_count=232720 33190 1812 369 20327 16520 1445 871 8729 17536 1196 996 4597 1568 1301
internal_value=0.0001246 -0.00068117 -0.0027037 0.000657132 -0.00649793 0.000423917 -0.00524762 -0.00726558 0.00146131 -0.000732856 0.00436341 0.0111558 0.00141785 0.0110561
internal_weight=343177 110457 39028 20696 18332 71429 11045 10174 60384 34386 25998 8462 3865 2869
internal_count=343177 110457 39028 20696 18332 71429 11045 10174 60384 34386 25998 8462 3865 2869
is_linear=0
shrinkage=0.04


Tree=143
num_leaves=15
num_cat=0
split_feature=12 8 14 12 10 13 0 3 11 0 11 0 12 8
split_gain=66.8612 151.681 151.077 147.354 238.218 201.799 157.78 154.243 190.565 211.84 184.821 146.683 145.193 128.148
threshold=58.349107950223143 0.9999808874867534 0.20515559400079877 62.355202892567014 -0.66388181658550482 536.41543727593194 3.2567565533071501 23.080931500000002 4.8279552219395194 6.0962982818823752 9.8432419116786267 1.3717455467024713 59.669159694350107 0.99931704959900214
decision_type=2 2 2 2 2 2 2 2 2 2 2 2 2 2
left_child=1 -1 11 4 5 7 -7 10 9 12 -2 -3 -9 -8
right_child=3 2 -4 -5 -6 6 13 8 -10 -11 -12 -13 -14 -15
leaf_value=0 -0.0003657934754692936 0.00011112709443150029 0.00037574588307709531 0 0 0.00063625235013282792 -0.00026702877374318155 -2.18993278722443e-05 0.0016202862859654454 0.0020851854162426838 -0.0028384801178737195 -0.00072814056116161908 -0.0011803629356132211 0.00045969165171140042
leaf_weight=5040 2786 1093 1211 321994 7176 255 537 438 449 218 761 297 564 321
leaf_count=5040 2786 1093 1211 321994 7176 255 537 438 449 218 761 297 564 321
internal_value=0.000158303 0.00385813 0.0117032 7.4039e-05 -0.00401925 -0.00967609 0.00578616 -0.0129755 -0.00294787 -0.0111475 -0.0176938 0.00270504 -0.0189222 -0.00242424
internal_weight=343140 7641 2601 335499 13505 6329 1113 5216 1669 1220 3547 1390 1002 858
internal_count=343140 7641 2601 335499 13505 6329 1113 5216 1669 1220 3547 1390 1002 858
is_linear=0
shrinkage=0.04


Tree=144
num_leaves=15
num_cat=0
split_feature=0 0 3 10 3 2 12 9 15 2 13 3 2 1
split_gain=78.8929 103.984 534.373 224.66 375.924 336.061 304.512 202.402 125.905 140.437 113.7 118.596 132.4 123.123
threshold=32.197384349508404 17.785020506016902 20.060341500000003 -20.558463683506272 23.441547500000002 77.946976000000021 132.18200292466517 0.00018123922110935278 6.1419733583750125 103.02244950000001 583.60789811233519 21.410345500000002 149.73603050000003 18.901421647082778
decision_type=2 2 2 2 2 2 2 2 2 2 2 2 2 2
left_child=1 -1 -3 4 -4 -5 -6 -8 -9 -10 11 13 -13 -7
right_child=-2 2 3 5 6 10 7 8 9 -11 -12 12 -14 -15
leaf_value=0 0.0041879453279234612 -0.070568563350992805 -0.056323653970437391 -0.0024208132507984787 0.0018662941044049362 0.01477397091419912 0.0062718436680657894 0.00016788584093335113 0.0021515195485941859 -0.0074893598477506684 -0.0021093240457869099 0.0040284941297957684 -0.0029290173790312221 -0.020730558402872495
leaf_weight=328086 1506 712 689 475 3648 107 742 1062 321 3071 154 1772 85 161
leaf_count=328086 1506 712 689 475 3648 107 742 1062 321 3071 154 1772 85 161
internal_value=0.000161125 0.000120791 -0.00338795 -0.00143566 -0.00434281 0.00862745 -0.00212573 -0.00834488 -0.0115671 -0.0153302 0.0150066 0.0174118 0.0210016 -0.00746269
internal_weight=342591 341085 12999 12287 9533 2754 8844 5196 4454 3392 2279 2125 1857 268
internal_count=342591 341085 12999 12287 9533 2754 8844 5196 4454 3392 2279 2125 1857 268
is_linear=0
shrinkage=0.04


Tree=145
num_leaves=15
num_cat=0
split_feature=1 1 2 0 13 12 15 12 11 1 8 15 11 12
split_gain=67.9859 333.773 356.539 223.741 197.786 169.358 154.593 162.404 150.085 127.871 459.336 329.229 299.799 524.075
threshold=35.043492159334598 29.186397388300897 120.06856500000002 2.8813547013225675 613.56417515146063 155.88172001402788 4.8872795136250327 132.18200292466517 42.734606333056071 11.671445788969939 0.048838300050659304 2.2324647675000056 14.310773899772387 73.199052990763533
decision_type=2 2 2 2 2 2 2 2 2 2 2 2 2 2
left_child=1 9 6 -4 -5 -2 -3 -8 -6 12 -11 -12 -1 -14
right_child=5 2 3 4 8 -7 7 -9 -10 10 11 -13 13 -15
leaf_value=0 0.00015299690383432861 0.00043278426050685499 0.00047926713863459655 -0.0034215600622555173 -0.00025178829166059251 -0.0077987678633017919 0.00056439907976945172 -0.00055259673375232749 0.00062757845632719375 0.0013905480355279696 -0.00024891309463590395 0.00012998073759030196 -0.0023524667304189771 -3.0703663679237937e-05
leaf_weight=199908 18180 466 771 4388 379 248 2555 3549 246 1356 1075 85414 3561 20712
leaf_count=199908 18180 466 771 4388 379 248 2555 3549 246 1356 1075 85414 3561 20712
internal_value=0.000145854 1.15913e-05 -0.00643678 -0.0136791 -0.0167644 0.00250923 -6.08828e-05 -0.00175623 0.004288 0.000266901 0.00156048 0.0011983 -0.000239985 -0.00443785
internal_weight=342808 324380 12354 5784 5013 18428 6570 6104 625 312026 87845 86489 224181 24273
internal_count=342808 324380 12354 5784 5013 18428 6570 6104 625 312026 87845 86489 224181 24273
is_linear=0
shrinkage=0.04


Tree=146
num_leaves=15
num_cat=0
split_feature=11 3 1 0 3 8 2 2 10 3 14 1 11 2
split_gain=59.4809 91.3176 68.4776 57.6507 526.739 221.572 308.868 197.626 203.229 499.259 161.293 156.263 154.392 152.155
threshold=68.286096234188804 17.194187000000003 3.278774482157957 17.785020506016902 20.060341500000003 0.91535153506786293 115.63090550000003 77.946976000000021 -20.344025959894189 23.080931500000002 0.21317155419786091 24.027702950170447 15.91122629391848 107.63833600000001
decision_type=2 2 2 2 2 2 2 2 2 2 2 2 2 2
left_child=3 2 -2 -1 -5 6 11 -7 9 -9 -8 -6 -10 -13
right_child=1 -3 -4 4 5 7 10 8 12 -11 -12 13 -14 -15
leaf_value=0 0.0024618761147041845 -0.00031674492446591928 -0.011692525004643297 -0.064570635042580732 -0.0019508966202461842 -0.0023213964310269449 -0.0088974315949942873 -0.053957290364581328 -0.042997049114628497 0.0020174668970603677 0.0005986776613326702 0.0060232303875539552 0.0032797498321059841 -0.001412085530704589
leaf_weight=327856 20 500 228 705 738 453 1747 585 74 4862 415 1206 1834 1706
leaf_count=327856 20 500 228 705 738 453 1747 585 74 4862 415 1206 1834 1706
internal_value=0.000144403 -0.011123 -0.0309677 0.000169033 -0.00231483 -0.00056975 -0.00648314 0.00383197 0.00541128 0.00147604 -0.0184644 0.000613699 0.0166457 0.00478022
internal_weight=342929 748 248 342181 14325 13620 5812 7808 7355 5447 2162 3650 1908 2912
internal_count=342929 748 248 342181 14325 13620 5812 7808 7355 5447 2162 3650 1908 2912
is_linear=0
shrinkage=0.04


Tree=147
num_leaves=15
num_cat=0
split_feature=15 9 2 3 12 3 15 10 9 1 2 3 1 10
split_gain=62.602 84.463 163.183 180.641 148.663 170.993 119.082 239.103 121.617 344.474 271.152 309.127 652.7 259.585
threshold=11.201103675124985 0.86068599190588946 172.20816050000005 22.500747500000003 57.117614587864232 13.683169500000002 10.466102582375003 -0.5644274238373832 0.0017642104344072209 4.067725612910646 69.417476500000006 4.9715465000000014 4.3127391891877407 -6.4961069629545918
decision_type=2 2 2 2 2 2 2 2 2 2 2 2 2 2
left_child=1 2 4 -4 5 -1 8 -8 10 -10 -6 12 -12 -13
right_child=-2 -3 3 -5 6 -7 7 -9 9 -11 11 13 -14 -15
leaf_value=-4.6681164352940787e-06 0 0 -8.6337671621332656e-05 0.00065370141247080764 -5.2346568685514576e-05 0.0003544109237330706 -0.0014319233901966188 0.00025946543847819463 -0.0018029871756589128 -8.7031018912350771e-05 0.00049144774411519936 0.00065917718615090442 -0.018517944713826329 0.0008939084972921389
leaf_weight=544 16639 164094 1443 1218 36813 450 893 242 2050 87671 1442 20880 1100 7532
leaf_count=544 16639 164094 1443 1218 36813 450 893 242 2050 87671 1442 20880 1100 7532
internal_value=0.000159762 3.77483e-05 -0.000609325 0.00921458 -0.000773101 0.0146479 -0.000869735 -0.0137797 -0.000776694 -0.00174274 0.000502309 0.00326161 -0.0101023 0.00445727
internal_weight=343011 326372 162278 2661 159617 994 158623 1135 157488 89721 67767 30954 2542 28412
internal_count=343011 326372 162278 2661 159617 994 158623 1135 157488 89721 67767 30954 2542 28412
is_linear=0
shrinkage=0.04


Tree=148
num_leaves=15
num_cat=0
split_feature=8 15 12 3 2 8 13 12 13 11 0 11 2 2
split_gain=66.8685 146.595 143.252 162.936 141.904 121.236 350.591 357.617 233.231 338.881 349.155 288.796 246.217 232.308
threshold=0.61209337881310943 13.078688944500003 57.117614587864232 13.786567500000002 176.46262350000003 0.99826593921963014 483.74894686908766 61.333657940641096 400.13306854538297 1.4115751604661606 0.38426645604231119 2.5980657658418322 89.423496500000013 77.946976000000021
decision_type=2 2 2 2 2 2 2 2 2 2 2 2 2 2
left_child=-1 2 3 -2 5 6 13 -8 9 -7 -11 -12 -10 -4
right_child=1 -3 4 -5 -6 8 7 -9 12 10 11 -13 -14 -15
leaf_value=0 -3.6209578949855657e-07 -0.0049866025768753493 -0.0017907947907583922 0.00033775717704706998 0.00087014586783045334 -0.00022335868086410639 -0.0028176542470341849 0.00010333188044571368 -0.00017707135965970371 -0.00035226054325893346 0.00053856873367433928 0.00019405595790118759 0.0017751782812599648 -0.00098636850377016973
leaf_weight=232786 537 322 1903 457 624 6481 379 20020 29363 1619 1772 24141 5964 16514
leaf_count=232786 537 322 1903 457 624 6481 379 20020 29363 1619 1772 24141 5964 16514
internal_value=0.000184437 -0.000627816 -0.000548764 0.0145674 -0.000686891 -0.000796627 -0.00258656 0.00102554 0.000205365 0.00256961 0.00450676 0.00563269 -0.00207094 -0.00658739
internal_weight=342882 110096 109774 994 108780 108156 38816 20399 69340 34013 27532 25913 35327 18417
internal_count=342882 110096 109774 994 108780 108156 38816 20399 69340 34013 27532 25913 35327 18417
is_linear=0
shrinkage=0.04


Tree=149
num_leaves=15
num_cat=0
split_feature=1 3 1 3 0 2 0 14 10 3 3 11 11 2
split_gain=68.3514 712.417 341.571 1012.95 301.818 301.907 278.189 144.052 137.352 173.653 117.79 150.891 112.542 118.029
threshold=34.676208805671642 33.138109500000006 29.186397388300897 26.466475000000006 6.7762449599062515 118.92930250000002 0.85082804845182758 0.21545716975809112 -31.304131709903437 28.170930500000004 32.855298000000005 44.613184732247639 62.639080188408961 121.49178700000002
decision_type=2 2 2 2 2 2 2 2 2 2 2 2 2 2
left_child=2 -2 -1 6 7 10 -4 8 9 -5 -6 -12 13 -3
right_child=1 12 3 4 5 -7 -8 -9 -10 -11 11 -13 -14 -15
leaf_value=0 -0.014821878091095178 0.00033202678054959411 0.00066375123813099232 -0.0033089597361773849 -0.063433015952245139 -0.0023604353868094149 -0.01295083645525115 -0.00027792651739581327 0.0014524290928989703 0.00032775573942922287 -0.00017100363633001437 0.0013650467165474422 0.00046441828540142138 -4.3054203162775568e-05
leaf_weight=312294 900 10571 159 266 211 1566 2117 342 1308 1358 3961 401 785 6834
leaf_count=312294 900 10571 159 266 211 1566 2117 342 1308 1358 3961 401 785 6834
internal_value=0.000146558 0.0024725 9.50667e-06 -0.00670374 -0.00091363 -0.00614432 -0.0306503 0.00889432 0.0117599 0.00399015 -0.000953422 0.000458505 0.00419131 0.00352313
internal_weight=343073 19090 323983 11689 9413 6139 2276 3274 2932 1624 4573 4362 18190 17405
internal_count=343073 19090 323983 11689 9413 6139 2276 3274 2932 1624 4573 4362 18190 17405
is_linear=0
shrinkage=0.04


Tree=150
num_leaves=15
num_cat=0
split_feature=8 15 11 13 8 13 2 13 14 8 8 13 11 0
split_gain=59.5212 152.289 140.248 218.687 127.575 128.347 120.93 120.368 119.024 291.693 197.57 218.289 169.037 312.468
threshold=0.61209337881310943 13.078688944500003 45.963864212815963 546.33133908632681 0.99901941008760076 345.4481769388006 176.46262350000003 540.80167428207517 0.21256765339438269 0.7717699324835714 0.86712362894050721 570.75545409713311 2.2731630720809792 0.97491196103678457
decision_type=2 2 2 2 2 2 2 2 2 2 2 2 2 2
left_child=-1 2 6 4 5 -4 8 -6 -2 -10 -11 12 13 -12
right_child=1 -3 3 -5 7 -7 -8 -9 9 10 11 -13 -14 -15
leaf_value=0 -3.9858524361078148e-05 -0.0047420569691189844 -0.0013211148442280685 0.00061503378598453729 -2.9907182710913751e-05 -0.015996127128335594 0.00085651233401674636 -0.0045927359944760325 -0.00038852332452103634 0.00069415457706637482 0.00018968968478294158 -0.00050618815635815719 0.00075958581532909603 -0.0010629251269111525
leaf_weight=232738 92627 322 537 1864 1172 1186 617 144 1832 2007 273 1660 5301 778
leaf_count=232738 92627 322 537 1864 1172 1186 617 144 1832 2007 273 1660 5301 778
internal_value=0.00015904 -0.000606236 -0.000525828 -0.00713849 -0.0137545 -0.020917 -0.000217327 -0.0043769 -0.000321599 0.00345287 0.00613634 0.00332501 0.00670025 -0.00795433
internal_weight=343058 110320 109998 4903 3039 1723 105095 1316 104478 11851 10019 8012 6352 1051
internal_count=343058 110320 109998 4903 3039 1723 105095 1316 104478 11851 10019 8012 6352 1051
is_linear=0
shrinkage=0.04


Tree=151
num_leaves=15
num_cat=0
split_feature=8 15 11 13 3 10 2 8 14 1 3 2 15 3
split_gain=62.3396 129.353 125.484 216.184 113.852 647.481 120.44 243.304 239.684 236.613 1387.88 250.346 325.026 337.818
threshold=0.61209337881310943 13.078688944500003 45.963864212815963 546.33133908632681 4.4968380000000012 -4.1621231229177686 70.189071500000011 0.88496426912760506 0.16176218473511844 13.839880348300904 15.147689000000002 88.575733000000014 5.0120371472499707 13.581287000000001
decision_type=2 2 2 2 2 2 2 2 2 2 2 2 2 2
left_child=-1 2 4 -4 5 -2 7 -6 -8 11 -11 -10 -13 -14
right_child=1 -3 3 -5 6 -7 8 -9 9 10 -12 12 13 -15
leaf_value=0 -0.019376390538944785 -0.0045945688822166897 -0.0061445097254628194 0.00061148528653508726 -0.0018672069260528951 6.5236898791509179e-05 -0.0025103906329162467 -4.1660254976348192e-05 3.953308045021309e-05 -0.03731849784389895 0.00019466055070966882 0.00010773485393327592 -0.00018204767799549692 0.0038848207058036167
leaf_weight=232260 809 332 3031 1878 313 2413 658 37127 22700 1869 23956 6650 2041 6484
leaf_count=232260 809 332 3031 1878 313 2413 658 37127 22700 1869 23956 6650 2041 6484
internal_value=0.000171201 -0.000612002 -0.00053671 -0.00678753 -0.000244525 -0.00764742 -1.02163e-05 -0.0018141 0.00103919 0.00128728 -0.00166505 0.00330033 0.00727776 0.0124481
internal_weight=342521 110261 109929 4909 105020 3222 101798 37440 64358 63700 25825 37875 15175 8525
internal_count=342521 110261 109929 4909 105020 3222 101798 37440 64358 63700 25825 37875 15175 8525
is_linear=0
shrinkage=0.04


Tree=152
num_leaves=15
num_cat=0
split_feature=1 3 0 1 0 11 0 3 0 11 1 15 10 3
split_gain=64.0657 602.966 671.313 436.972 383.799 414.866 366.162 338.242 700.149 483.101 287.593 286.121 277.623 1207.86
threshold=11.157408591585705 13.880470000000001 12.576196930435881 13.716432742914447 0.97491196103678457 22.81554416891419 3.9333111518054094 17.265940500000003 14.647182463473483 9.8432419116786267 15.582246284152173 2.2324647675000056 -4.4971327493264388 5.0505525000000011
decision_type=2 2 2 2 2 2 2 2 2 2 2 2 2 2
left_child=12 2 3 -2 -3 7 10 8 -6 -9 -5 -7 13 -1
right_child=1 4 -4 6 5 11 -8 9 -10 -11 -12 -13 -14 -15
leaf_value=-0.01906740159848724 0.001605015459194632 0.0010770933078654188 -0.036991638495856051 0.0030159767597686439 0.0062074617777635056 -0.00023742662010318833 -0.027783602041600429 -0.0064606206015657679 -0.025197964186320296 0.00035395342760855041 -0.0028648716926505569 9.0820401669755573e-06 0 -0.00011479383590989128
leaf_weight=1750 1639 1349 1218 331 5085 1053 938 1227 645 20748 482 86265 189656 30664
leaf_count=1750 1639 1349 1218 331 5085 1053 938 1227 645 20748 482 86265 189656 30664
internal_value=0.000169305 0.000909902 -0.0132812 -0.00412979 0.00147183 0.00122306 -0.018024 0.00548782 0.0141431 0.00323094 0.00162362 -0.000130099 -0.00023416 -0.00365521
internal_weight=343050 120980 4608 3390 116372 115023 1751 27705 5730 21975 813 87318 222070 32414
internal_count=343050 120980 4608 3390 116372 115023 1751 27705 5730 21975 813 87318 222070 32414
is_linear=0
shrinkage=0.04


Tree=153
num_leaves=15
num_cat=0
split_feature=15 9 11 1 3 1 3 3 1 3 1 11 3 2
split_gain=62.5558 85.5419 221.171 459.509 729.364 734.678 609.692 313.026 432.812 155.651 178.104 153.204 302.7 145.49
threshold=11.201103675124985 0.86068599190588946 35.705073446406779 30.611182702451167 21.868171000000004 22.985481715082958 33.138109500000006 18.933189000000002 17.573931237887553 15.946827500000003 20.845727216363017 40.140925406232036 14.352720000000001 116.93834350000002
decision_type=2 2 2 2 2 2 2 2 2 2 2 2 2 2
left_child=1 11 -3 4 5 7 -5 8 -4 -10 -11 -1 -13 -14
right_child=-2 2 3 6 -6 -7 -8 -9 9 10 -12 12 13 -15
leaf_value=-3.6341563127507971e-06 0 0 0.0021071686347065121 -0.0041113611037345218 0.0030516593510997846 -0.0059396773004637251 0.0001724752997269272 0.0073254768040207016 -0.0034262522128650987 0.00089135364033948858 -0.0031793140171105932 -0.0079446955517809368 0.0003014334885232417 -0.00036270157351118396
leaf_weight=136189 16697 148945 993 1852 3061 1026 6586 615 505 423 197 1258 6047 18618
leaf_count=136189 16697 148945 993 1852 3061 1026 6586 615 505 423 197 1258 6047 18618
internal_value=0.000156146 3.39549e-05 0.000677454 0.00526412 0.0129853 0.00118117 -0.000976535 0.0120161 0.00472144 -0.0122667 0.00116129 -0.000617844 -0.00343633 -0.00246017
internal_weight=343012 326315 164203 15258 6820 3759 8438 2733 2118 1125 620 162112 25923 24665
internal_count=343012 326315 164203 15258 6820 3759 8438 2733 2118 1125 620 162112 25923 24665
is_linear=0
shrinkage=0.04


Tree=154
num_leaves=15
num_cat=0
split_feature=10 11 2 11 11 8 1 11 10 1 3 3 10 11
split_gain=65.2703 86.0571 94.8074 76.3566 67.8213 133.505 174.025 197.601 147.9 138.276 141.497 86.7911 140.143 112.542
threshold=-54.872925061948251 58.065810807477796 115.98096450000001 36.667868456889188 54.933944211460535 0.22714968037682515 15.993207799525873 60.391908750299088 -38.634321885596975 26.493588583130265 14.755900000000002 36.066267500000002 -46.479097723825596 64.359993896045822
decision_type=2 2 2 2 2 2 2 2 2 2 2 2 2 2
left_child=1 2 3 -1 -2 6 -6 -8 -7 10 -10 -9 13 -13
right_child=4 -3 -4 -5 5 8 7 11 9 -11 -12 12 -14 -15
leaf_value=-0.00024957600173482571 0 0.00078460190642350885 -0.00059211044301775927 0.0008700619367451143 0.0056751220842420911 0.0014420844527205923 -0.00053209939776215423 -0.0078244457922234754 -0.011163288021532481 -0.004546888628140091 2.3540092149689773e-05 -0.00034537571994885978 0.00052603925108175235 0.00037708963823681143
leaf_weight=135 333965 442 305 213 225 430 2367 298 409 1272 1527 383 1119 181
leaf_count=135 333965 442 305 213 225 430 2367 298 409 1272 1527 383 1119 181
internal_value=0.00014927 0.00989954 0.000673813 0.0149425 0.000118068 -0.00347339 0.00107588 -0.000699172 -0.00919186 -0.0121446 -0.00541322 0.00862191 0.012145 -0.00411348
internal_weight=343271 1095 653 348 342176 8211 4573 4348 3638 3208 1936 1981 1683 564
internal_count=343271 1095 653 348 342176 8211 4573 4348 3638 3208 1936 1981 1683 564
is_linear=0
shrinkage=0.04


Tree=155
num_leaves=15
num_cat=0
split_feature=12 8 12 10 13 3 11 11 0 0 12 2 3 11
split_gain=58.6429 137.949 126.835 239.72 221.835 178.887 191.492 176.141 197.108 140.296 138.877 128.008 115.871 136.946
threshold=58.349107950223143 0.99999990486857915 62.355202892567014 -0.66388181658550482 536.41543727593194 23.080931500000002 9.8432419116786267 4.8279552219395194 6.0962982818823752 3.2933193356716388 59.669159694350107 55.661384500000004 11.482419000000002 0.91166787881567724
decision_type=2 2 2 2 2 2 2 2 2 2 2 2 2 2
left_child=1 -1 3 4 5 6 11 8 10 -6 -7 -2 13 -13
right_child=2 -3 -4 -5 9 7 -8 -9 -10 -11 -12 12 -14 -15
leaf_value=0 -0.00060167880546285757 0.00026826159568286301 0 0 0.00058966846070420385 -8.4405201975384929e-06 -0.0025971930852101122 0.0016473112456009665 0.0019946063770757273 -3.2608906193881209e-05 -0.0010918871747347145 0.00038907954522893196 3.403933689700267e-05 -0.0024331937720058713
leaf_weight=5756 1394 1920 322029 7129 264 455 769 448 214 828 559 102 1050 253
leaf_count=5756 1394 1920 322029 7129 264 455 769 448 214 828 559 102 1050 253
internal_value=0.00017519 0.0036321 9.60971e-05 -0.00370739 -0.00936869 -0.0127841 -0.0178475 -0.00200477 -0.00983713 0.00703297 -0.0171992 -0.0129904 -0.00446975 -0.0242254
internal_weight=343170 7676 335494 13465 6336 5244 3568 1676 1228 1092 1014 2799 1405 355
internal_count=343170 7676 335494 13465 6336 5244 3568 1676 1228 1092 1014 2799 1405 355
is_linear=0
shrinkage=0.04


Tree=156
num_leaves=15
num_cat=0
split_feature=15 9 11 0 3 1 10 3 1 3 10 1 3 10
split_gain=59.9834 78.1719 208.045 364.773 240.418 298.535 203.11 161.038 409.186 483.775 275.786 265.503 325.229 329.423
threshold=11.201103675124985 0.86068599190588946 36.667868456889188 1.9250758942236785 21.964041500000004 16.148245066566982 -31.888082884115555 20.231040000000004 27.356061363949049 25.868632500000004 -22.375354748610054 30.611182702451167 36.066267500000002 -38.634321885596975
decision_type=2 2 2 2 2 2 2 2 2 2 2 2 2 2
left_child=1 -1 -3 4 5 -4 -6 10 -9 -10 -5 -11 13 -13
right_child=-2 2 3 7 6 -7 -8 8 9 11 -12 12 -14 -15
leaf_value=-3.0871673461313683e-05 0 0 0.0032613829914080344 -0.010621265079663583 0.00011222923589935346 -2.9148795620439068e-05 0.0020613616577231644 0.0076164338790673039 -0.0076098791582822111 0.0088382972720430792 0.00020462205768848442 -0.011701504903987081 0.00019822664068852526 9.6549742550040837e-05
leaf_weight=162237 16696 149591 463 404 378 1747 1330 1183 738 337 676 702 5725 847
leaf_count=162237 16696 149591 463 404 378 1747 1330 1183 738 337 676 702 5725 847
internal_value=0.000165105 4.54715e-05 0.000660976 0.00523056 0.0156611 0.00695023 0.0269321 0.00137957 0.00303819 -8.14469e-05 -0.0132593 0.00291683 0.00130877 -0.0149516
internal_weight=343054 326358 164121 14530 3918 2210 1708 10612 9532 8349 1080 7611 7274 1549
internal_count=343054 326358 164121 14530 3918 2210 1708 10612 9532 8349 1080 7611 7274 1549
is_linear=0
shrinkage=0.04


Tree=157
num_leaves=15
num_cat=0
split_feature=15 9 12 3 12 3 10 3 1 2 10 15 12 13
split_gain=61.2764 76.9993 121.993 131.626 125.038 248.71 221.758 143.191 135.593 108.135 139.898 265.943 229.991 231.601
threshold=11.201103675124985 0.86068599190588946 57.117614587864232 13.786567500000002 171.23309020455625 25.718142500000003 -27.377413902014947 22.234424000000004 22.54264523011722 50.627394000000002 -0.66388181658550482 10.466102582375003 62.355202892567014 536.41543727593194
decision_type=2 2 2 2 2 2 2 2 2 2 2 2 2 2
left_child=1 2 3 -1 9 6 -6 8 -8 -4 11 12 13 -11
right_child=-2 -3 4 -5 5 -7 7 -9 -10 10 -12 -13 -14 -15
leaf_value=4.2933724065409571e-06 0 0 -0.00047437342508150574 0.00031553620878193884 -0.01949659171836603 0.00065039905626433495 0.00019438985553710985 0.0086412025050509999 -0.01630817010687247 -0.00033016309118991799 5.9269982700512067e-05 -0.0014066220591782081 -3.7329540849992126e-05 9.7993137560845048e-05
leaf_weight=535 16689 164240 905 448 237 1528 1784 226 227 6586 7291 824 140337 1209
leaf_count=535 16689 164240 905 448 237 1528 1784 226 227 6586 7291 824 140337 1209
internal_value=0.000159736 3.88508e-05 -0.00057951 0.013469 -0.000665202 0.00631684 -0.00151981 0.00237819 -0.00101442 -0.000843005 -0.000763151 -0.00102795 -0.000901898 -0.00758948
internal_weight=343066 326377 162137 983 161154 4002 2474 2237 2011 157152 156247 148956 148132 7795
internal_count=343066 326377 162137 983 161154 4002 2474 2237 2011 157152 156247 148956 148132 7795
is_linear=0
shrinkage=0.04


Tree=158
num_leaves=15
num_cat=0
split_feature=12 8 1 12 10 13 3 11 0 11 0 1 2 2
split_gain=64.5405 150.636 107.689 104.973 192.232 185.46 147.843 208.854 147.736 145.852 153.957 134.144 111.075 106.877
threshold=58.349107950223143 0.99999047100205485 1.3116664768057389 62.355202892567014 -0.66388181658550482 536.41543727593194 23.080931500000002 9.8432419116786267 3.2567565533071501 5.683357646083727 6.0962982818823752 0.80227657048266565 57.535675000000005 56.265716500000003
decision_type=2 2 2 2 2 2 2 2 2 2 2 2 2 2
left_child=1 2 -1 4 5 6 7 13 -7 10 11 -8 -11 -2
right_child=3 -3 -4 -5 -6 8 9 -9 -10 12 -12 -13 -14 -15
leaf_value=0 -0.00056813620475177739 0.00027089673782339425 -0.00034974835064165887 0 0 0.00062850435830472096 0.00060625033344791556 -0.0024633495695516408 -4.0715333250239475e-05 0.0032477999057904917 0.0019266498760793544 -0.00049170505059422385 -0.00037126094949922143 -5.3822223499484932e-05
leaf_weight=5364 1456 1925 346 321732 7134 259 108 747 854 273 210 982 105 1349
leaf_count=5364 1456 1925 346 321732 7134 259 108 747 854 273 210 982 105 1349
internal_value=0.000214208 0.00385069 0.000588441 0.000131381 -0.00332715 -0.0083935 -0.0115488 -0.0161712 0.00643306 -0.001764 -0.00812308 -0.0141651 0.0201058 -0.0111658
internal_weight=342844 7635 5710 335209 13477 6343 5230 3552 1113 1678 1300 1090 378 2805
internal_count=342844 7635 5710 335209 13477 6343 5230 3552 1113 1678 1300 1090 378 2805
is_linear=0
shrinkage=0.04


Tree=159
num_leaves=15
num_cat=0
split_feature=15 1 10 3 2 2 8 11 11 0 8 11 0 0
split_gain=59.6515 77.4571 133.599 229.426 208.686 120.737 186.273 114.163 134.805 99.3235 121.085 83.9814 170.851 90.5476
threshold=11.201103675124985 11.157408591585705 -14.657990328373023 14.955528000000003 89.423496500000013 109.51417550000001 0.89828373205930501 10.10308288026663 6.2330986530682271 19.101428005446419 0.82037028631001396 41.063983068209517 12.576196930435881 15.582054646497445
decision_type=2 2 2 2 2 2 2 2 2 2 2 2 2 2
left_child=-1 7 3 -3 -4 6 -5 8 -2 11 -11 12 -7 -13
right_child=1 2 4 5 -6 9 -8 -9 -10 10 -12 13 -14 -15
leaf_value=0 0 -0.033926259891246764 -0.0002465057046025562 0.0048349097920393699 0.0050972517128912744 -0.00070601807542012814 -0.0055772654300759684 0.0048789041908107135 -0.00028620286161121276 -0.0060245735162199202 0.001347921941544797 0.00066676875321252955 0.0013775990139199867 -0.0012135571391996881
leaf_weight=326475 6519 240 573 2026 931 1447 219 194 527 559 533 1537 1191 141
leaf_count=326475 6519 240 573 2026 931 1447 219 194 527 559 533 1537 1191 141
internal_value=0.00019294 0.0025293 0.00492498 0.00284303 0.0158511 0.0040507 0.0118486 -0.00058011 -0.00141357 0.000813609 -0.00996337 0.00354032 -0.00090978 0.0105364
internal_weight=343112 16637 9397 7893 1504 7653 2245 7240 7046 5408 1092 4316 2638 1678
internal_count=343112 16637 9397 7893 1504 7653 2245 7240 7046 5408 1092 4316 2638 1678
is_linear=0
shrinkage=0.04


end of trees

feature_importances:
allocated_injection_m3d=435
control_value=262
pressure_bar=252
liquid_tpd=212
oil_tpd=187
injection_minus_liquid=156
neighbor_pressure_bar=156
completed_net_thickness_m=148
oil_fraction=133
watercut=122
perm_md=94
poro=72
target_lrat=11

parameters:
[boosting: gbdt]
[objective: regression_l1]
[metric: l1]
[tree_learner: serial]
[device_type: cpu]
[data_sample_strategy: bagging]
[data: ]
[valid: ]
[num_iterations: 160]
[learning_rate: 0.04]
[num_leaves: 15]
[num_threads: 1]
[seed: 20260899]
[deterministic: 1]
[force_col_wise: 1]
[force_row_wise: 0]
[histogram_pool_size: -1]
[max_depth: -1]
[min_data_in_leaf: 12]
[min_sum_hessian_in_leaf: 0.001]
[bagging_fraction: 0.9]
[pos_bagging_fraction: 1]
[neg_bagging_fraction: 1]
[bagging_freq: 1]
[bagging_seed: 24264]
[bagging_by_query: 0]
[feature_fraction: 0.9]
[feature_fraction_bynode: 1]
[feature_fraction_seed: 14782]
[extra_trees: 0]
[extra_seed: 23567]
[early_stopping_round: 0]
[early_stopping_min_delta: 0]
[first_metric_only: 0]
[max_delta_step: 0]
[lambda_l1: 0]
[lambda_l2: 0]
[linear_lambda: 0]
[min_gain_to_split: 0]
[drop_rate: 0.1]
[max_drop: 50]
[skip_drop: 0.5]
[xgboost_dart_mode: 0]
[uniform_drop: 0]
[drop_seed: 8089]
[top_rate: 0.2]
[other_rate: 0.1]
[min_data_per_group: 100]
[max_cat_threshold: 32]
[cat_l2: 10]
[cat_smooth: 10]
[max_cat_to_onehot: 4]
[top_k: 20]
[monotone_constraints: ]
[monotone_constraints_method: basic]
[monotone_penalty: 0]
[feature_contri: ]
[forcedsplits_filename: ]
[refit_decay_rate: 0.9]
[cegb_tradeoff: 1]
[cegb_penalty_split: 0]
[cegb_penalty_feature_lazy: ]
[cegb_penalty_feature_coupled: ]
[path_smooth: 0]
[interaction_constraints: ]
[verbosity: -1]
[saved_feature_importance_type: 0]
[use_quantized_grad: 0]
[num_grad_quant_bins: 4]
[quant_train_renew_leaf: 0]
[stochastic_rounding: 1]
[linear_tree: 0]
[max_bin: 255]
[max_bin_by_feature: ]
[min_data_in_bin: 3]
[bin_construct_sample_cnt: 200000]
[data_random_seed: 5017]
[is_enable_sparse: 1]
[enable_bundle: 1]
[use_missing: 1]
[zero_as_missing: 0]
[feature_pre_filter: 1]
[pre_partition: 0]
[two_round: 0]
[header: 0]
[label_column: ]
[weight_column: ]
[group_column: ]
[ignore_column: ]
[categorical_feature: ]
[forcedbins_filename: ]
[precise_float_parser: 0]
[parser_config_file: ]
[objective_seed: 19060]
[num_class: 1]
[is_unbalance: 0]
[scale_pos_weight: 1]
[sigmoid: 1]
[boost_from_average: 1]
[reg_sqrt: 0]
[alpha: 0.9]
[fair_c: 1]
[poisson_max_delta_step: 0.7]
[tweedie_variance_power: 1.5]
[lambdarank_truncation_level: 30]
[lambdarank_norm: 1]
[label_gain: ]
[lambdarank_position_bias_regularization: 0]
[eval_at: ]
[multi_error_top_k: 1]
[auc_mu_weights: ]
[num_machines: 1]
[local_listen_port: 12400]
[time_out: 120]
[machine_list_filename: ]
[machines: ]
[gpu_platform_id: -1]
[gpu_device_id: -1]
[gpu_use_dp: 0]
[num_gpu: 1]

end of parameters

pandas_categorical:null
