tree
version=v4
num_class=1
num_tree_per_iteration=1
label_index=0
max_feature_idx=15
objective=regression_l1
feature_names=oil_tpd liquid_tpd pressure_bar control_value target_orat target_lrat target_wrat status oil_fraction watercut injection_minus_liquid allocated_injection_m3d neighbor_pressure_bar perm_md poro completed_net_thickness_m
feature_infos=[0:43.42959140103163] [0:66.54612115517422] [0:285.438782] [0:410.73022900000001] none [0:1] [0:1] [0:1] [0:1] [0:1] [-66.54612115517422:410.73022900000001] [0:107.72389950635282] [0:228.9517635158175] [212.71655300490687:738.00869701563943] [0.15975654196058092:0.23766614019099039] [0.63501341750003348:13.268681986250044]
tree_sizes=1541 1535 1545 1552 1541 1556 1554 1536 1554 1561 1554 1560 1552 1547 1548 1544 1556 1554 1536 1576 1547 1531 1550 1535 1540 1556 1527 1544 1547 1542 1571 1546 1538 1554 1519 1537 1547 1526 1549 1557 1528 1554 1522 1530 1533 1538 1529 1557 1539 1533 1522 1530 1545 1556 1541 1524 1536 1532 1549 1541 1544 1523 1541 1554 1557 1547 1548 1544 1548 1545 1544 1528 1538 1549 1515 1547 1543 1534 1539 1534 1560 1537 1548 1538 1545 1554 1531 1552 1548 1529 1529 1535 1543 1521 1503 1516 1511 1531 1514 1538 1553 1549 1558 1535 1511 1491 1512 1493 1510 1523 1516 1515 1540 1546 1496 1551 1479 1504 1523 1511 1507 1509 1528 1521 1535 1507 1508 1504 1522 1552 1511 1569 1477 1531 1546 1555 1497 1527 1506 1505 1488 1479 1505 1492 1520 1498 1522 1473 1489 1440 1504 1503 1497 1488 1489 1490 1489 1507 1542 1535

Tree=0
num_leaves=15
num_cat=0
split_feature=9 0 15 11 11 11 8 10 3 1 3 11 10 13
split_gain=7522.96 6119.12 4643.29 4116.29 3623.5 2151.72 1853.89 1503.36 935.827 1274.01 906.406 802.492 787.016 780.292
threshold=0.0010799929996052062 2.8445193655964647 8.4516063852500043 0.85619007801403468 23.131052648894119 1.0125756485042869 0.20726369063125707 -16.813704130183879 25.353132500000005 27.19054659983647 4.8947165000000004 21.21083836955891 -23.469063612732175 520.88873726602321
decision_type=2 2 2 2 2 2 2 2 2 2 2 2 2 2
left_child=1 -1 4 -3 7 -4 8 -2 9 -6 -5 -12 -10 -7
right_child=2 3 5 10 6 13 -8 -9 12 -11 11 -13 -14 -15
leaf_value=-0.0016600479185581208 0.003125516474246979 -0.011092406511306763 0 -0.014173998832702636 -0.0016130731999874116 0.0043080267310142521 -0.0048109865188598637 0 0.0052768248319625859 -0.13429690837860109 0.0014934507012367248 -0.0023109698295593261 -0.0021855903416872027 0.0082086428999900811
leaf_weight=29645 14452 5680 14237 2374 11343 15690 36879 149476 13249 2412 18123 13913 3228 11862
leaf_count=29645 14452 5680 14237 2374 11343 15690 36879 149476 13249 2412 18123 13913 3228 11862
internal_value=-0.00283954 -0.0145643 0.000157315 -0.00437516 -0.00206199 0.0124272 -0.00989108 0.00114318 -0.00254829 -0.0102508 0.000832316 0.00259958 0.00388177 0.0189518
internal_weight=342563 69735 272828 40090 231039 41789 67111 163928 30232 13755 34410 32036 16477 27552
internal_count=342563 69735 272828 40090 231039 41789 67111 163928 30232 13755 34410 32036 16477 27552
is_linear=0
shrinkage=0.04


Tree=1
num_leaves=15
num_cat=0
split_feature=8 0 15 11 11 11 9 10 3 10 10 3 13 3
split_gain=7145.14 5889.66 4293.06 3763.99 3414.47 1980 1760.38 1410.98 1268.58 1098.31 897.436 861.446 720.759 709.457
threshold=0.99897772718667099 3.0621488877316412 8.4516063852500043 0.85619007801403468 23.131052648894119 1.0125756485042869 0.75491681443745773 -16.813704130183879 24.476637000000004 -26.805113917224858 -23.142599113206565 4.8947165000000004 520.88873726602321 20.067620000000002
decision_type=2 2 2 2 2 2 2 2 2 2 2 2 2 2
left_child=2 -2 4 -3 7 -4 -6 -1 9 -8 -10 -5 -7 -11
right_child=1 3 5 11 6 12 8 -9 10 13 -12 -13 -14 -15
leaf_value=0.0029917735695838927 -0.0015993918895721435 -0.010852483630180359 0 -0.014359164857864379 -0.0048441068291664125 0.0041245694279670713 -0.14184683742523194 0 0.0044606234312057494 -0.0068756439238786696 -0.0021180233299732212 0.00068092508316040042 0.0078943984508514416 0.0010368781223893165
leaf_weight=14501 30514 5478 14281 2269 31860 15826 2253 149741 16077 7084 4217 31365 11826 5772
leaf_count=14501 30514 5478 14281 2269 31860 15826 2253 149741 16077 7084 4217 31365 11826 5772
internal_value=-0.00280193 -0.0142418 0.000111031 -0.00396605 -0.00202207 0.0118875 -0.00961301 0.00108669 -0.00347428 -0.0122497 0.00305903 0.0010418 0.018134 -0.00773491
internal_weight=343064 69626 273438 39112 231505 41933 67263 164242 35403 15109 20294 33634 27652 12856
internal_count=343064 69626 273438 39112 231505 41933 67263 164242 35403 15109 20294 33634 27652 12856
is_linear=0
shrinkage=0.04


Tree=2
num_leaves=15
num_cat=0
split_feature=9 0 15 11 11 1 8 10 3 10 3 11 1 1
split_gain=6888.38 5694.88 4060.08 3563.61 3248.62 2004.49 1669.6 1253.92 811.481 1301.83 727.186 745.099 684.08 649.942
threshold=0.0010799929996052062 2.8445193655964647 8.4516063852500043 1.0000000180025095e-35 23.131052648894119 6.3698026167869655 0.20726369063125707 -16.813704130183879 25.353132500000005 -27.450418013449937 4.8947165000000004 21.296498065451789 7.7617538204089849 23.573727678086531
decision_type=2 2 2 2 2 2 2 2 2 2 2 2 2 2
left_child=1 -1 4 -3 7 -4 8 -2 9 -6 -5 -12 -13 -10
right_child=2 3 5 10 6 -7 -8 -9 13 -11 11 12 -14 -15
leaf_value=-0.0015362113399505614 0.0028180260148048405 -0.010217127413749694 0 -0.013063918231964112 -0.12937450582885743 0.0060315204226970677 -0.0044626609406471255 0 -0.0020643953236341474 -0.0013708934706449512 0.0013837606377601625 -0.010298754899978637 -8.9363037824630734e-05 0.0048205357246398932
leaf_weight=29632 14413 5664 15182 2325 2337 26682 36963 149854 3242 11471 18291 2923 10901 13186
leaf_count=29632 14413 5664 15182 2325 2337 26682 36963 149854 3242 11471 18291 2923 10901 13186
internal_value=-0.00277544 -0.0139968 8.75133e-05 -0.00417115 -0.00198578 0.0115507 -0.00939478 0.00104513 -0.0024236 -0.00957126 0.000664344 0.00222824 -0.00478009 0.00358412
internal_weight=343066 69736 273330 40104 231466 41864 67199 164267 30236 13808 34440 32115 13824 16428
internal_count=343066 69736 273330 40104 231466 41864 67199 164267 30236 13808 34440 32115 13824 16428
is_linear=0
shrinkage=0.04


Tree=3
num_leaves=15
num_cat=0
split_feature=8 0 15 11 11 1 9 10 3 1 11 10 14 10
split_gain=6593.5 5420.89 3708.35 3306.68 3063.75 1870.3 1571.08 1420.64 1066.4 1045.54 896.749 1047.56 867.415 792.541
threshold=0.99897772718667099 3.0621488877316412 8.4516063852500043 1.0000000180025095e-35 24.058411306207429 6.3698026167869655 0.75491681443745773 -16.813704130183879 23.769783000000004 25.633275102566049 14.498763674921298 -3.5965680494938073 0.17495902990765722 -23.142599113206565
decision_type=2 2 2 2 2 2 2 2 2 2 2 2 2 2
left_child=2 -2 4 -3 7 -4 -6 -1 9 -8 11 -9 -12 -10
right_child=1 3 5 -5 6 -7 8 10 13 -11 12 -13 -14 -15
leaf_value=0.0027229914604568486 -0.0014818476434421541 -0.010046138488006591 0 0.00018054759532332417 -0.0046128365680313107 0.0057825760270595553 -0.0025301657119214537 0.0017190676927566529 0.0037316416099357607 -0.11990387878832817 -0.0057567885518074033 0 -0.00090643659234046936 -0.0022817922534847262
leaf_weight=15988 30527 5465 15216 33622 30077 26694 10754 6318 16638 2388 2598 133464 9592 3796
leaf_count=15988 30527 5465 15216 33622 30077 26694 10754 6318 16638 2388 2598 133464 9592 3796
internal_value=-0.00274083 -0.0137317 5.64486e-05 -0.00386727 -0.00192476 0.0110055 -0.00939783 0.000907359 -0.00345008 -0.0123391 -0.000285842 0.000621539 -0.0106907 0.00226681
internal_weight=343137 69614 273523 39087 231613 41910 63653 167960 33576 13142 151972 139782 12190 20434
internal_count=343137 69614 273523 39087 231613 41910 63653 167960 33576 13142 151972 139782 12190 20434
is_linear=0
shrinkage=0.04


Tree=4
num_leaves=15
num_cat=0
split_feature=8 0 15 11 11 10 8 10 3 10 3 14 13 2
split_gain=6363.76 5234.12 3682.11 3085.3 2819.91 1827.4 1448 1043.61 907.681 1131.58 791.233 720.129 684.369 640.887
threshold=0.98969345902861727 3.5751659908018247 8.4516063852500043 1.0000000180025095e-35 22.996214194086225 -6.2084862672823311 0.22340649958464565 -16.813704130183879 24.476637000000004 -26.805113917224858 4.8947165000000004 0.22601595510611858 520.88873726602321 52.812965500000011
decision_type=2 2 2 2 2 2 2 2 2 2 2 2 2 2
left_child=2 13 4 -3 7 12 8 -1 9 -6 -5 -10 -4 -2
right_child=1 3 5 10 6 -7 -8 -9 11 -11 -12 -13 -14 -15
leaf_value=0.0027105502642578122 -0.001322371773326111 -0.010505336282493592 0.0037903031464042664 -0.014150685924580145 -0.12620182854353523 0 -0.0041375343951927188 0 0.0021714606899917604 -0.0017980471567876338 0.00063097315295453072 -0.010593217013388825 0.007788836417240143 -0.0016102767063997986
leaf_weight=13577 13026 5186 15269 2174 2122 15100 34186 147777 17899 11667 32414 1039 11138 20208
leaf_count=13577 13026 5186 15269 2174 2122 15100 34186 147777 17899 11667 32414 1039 11138 20208
internal_value=-0.00271368 -0.0131903 0.000121583 -0.00340021 -0.00187114 0.0110805 -0.00877498 0.000991856 -0.00276102 -0.0105678 0.000913612 0.00292322 0.0174272 -0.024907
internal_weight=342782 73008 269774 39774 228267 41507 66913 161354 32727 13789 34588 18938 26407 33234
internal_count=342782 73008 269774 39774 228267 41507 66913 161354 32727 13789 34588 18938 26407 33234
is_linear=0
shrinkage=0.04


Tree=5
num_leaves=15
num_cat=0
split_feature=9 0 15 11 11 10 10 11 9 10 13 3 3 13
split_gain=5916.85 5040.97 3391.71 2923.24 2639.13 1751.16 1493.18 1187.33 1156.49 1136.67 946.649 809.748 763.255 678.096
threshold=0.015055466629134763 3.5751659908018247 8.4516063852500043 1.0000000180025095e-35 25.259414452383208 -6.7949178860438773 -16.813704130183879 14.498763674921298 0.75491681443745773 -3.5965680494938073 289.15636952549113 14.288612000000002 4.8077665000000005 520.88873726602321
decision_type=2 2 2 2 2 2 2 2 2 2 2 2 2 2
left_child=1 -1 4 -3 6 13 -2 9 -6 -8 -9 -10 -5 -4
right_child=2 3 5 12 8 -7 7 10 11 -11 -12 -13 -14 -15
leaf_value=-0.0013959090988918351 0.0028720720274339907 -0.0098893758133334359 0.0037063190465567021 -0.014509076460161637 -0.0042952925518366389 0 0.0018224338114261626 -0.0047699424386024479 -0.017491299679726811 0 -0.0008344573944807053 -0.0010191860464071772 0.0005701521889106292 0.0083027664615080259
leaf_weight=33141 16482 5230 15090 1860 27783 15690 5109 3763 1505 133249 10231 29983 33491 10627
leaf_count=33141 16482 5230 15090 1860 27783 15690 5109 3763 1505 133249 10231 29983 33491 10627
internal_value=-0.00264286 -0.0126844 0.000103891 -0.00323205 -0.00180794 0.0106359 0.00074132 -0.000495957 -0.00906953 0.000627069 -0.0115993 -0.00382114 0.000897287 0.0170611
internal_weight=343234 73722 269512 40581 228105 41407 168834 152352 59271 138358 13994 31488 35351 25717
internal_count=343234 73722 269512 40581 228105 41407 168834 152352 59271 138358 13994 31488 35351 25717
is_linear=0
shrinkage=0.04


Tree=6
num_leaves=15
num_cat=0
split_feature=9 0 15 11 11 10 10 11 3 10 9 13 3 1
split_gain=5676.77 4778.42 3229.98 2841.44 2461.36 1647.1 1405.57 1162.27 1126.54 1068.72 956.031 921.785 694.232 654.711
threshold=0.015055466629134763 3.5751659908018247 8.4516063852500043 1.0000000180025095e-35 25.259414452383208 -6.7949178860438773 -16.813704130183879 14.498763674921298 14.693383500000001 -3.5965680494938073 0.75175691894472829 289.15636952549113 4.6593425000000011 3.9690084909460572
decision_type=2 2 2 2 2 2 2 2 2 2 2 2 2 2
left_child=1 -1 4 -3 6 -4 -2 9 -6 -8 -10 -9 -5 -13
right_child=2 3 5 12 8 -7 7 11 10 -11 -12 13 -14 -15
leaf_value=-0.0013398070311379697 0.0027788274205294405 -0.0095485488391191895 0.0055686284065625665 -0.016816460689505416 -0.010680901032557999 0 0.0017738570911884307 -0.0046156478176116941 -0.0034551238351071068 0 -0.00094836171445064925 -0.012250482109657528 0.00049313098521097751 -0.00030922717657685283
leaf_weight=33241 16402 5243 25818 1361 5579 15657 5077 3792 23780 133218 29935 1006 33884 9180
leaf_count=33241 16402 5243 25818 1361 5579 15657 5077 3792 23780 133218 29935 1006 33884 9180
internal_value=-0.00259496 -0.0124298 9.61981e-05 -0.00320292 -0.00177182 0.0103638 0.000692456 -0.000505933 -0.008782 0.000605083 -0.00700512 -0.0114981 0.000884097 -0.00523071
internal_weight=343173 73729 269444 40488 227969 41475 168675 152273 59294 138295 53715 13978 35245 10186
internal_count=343173 73729 269444 40488 227969 41475 168675 152273 59294 138295 53715 13978 35245 10186
is_linear=0
shrinkage=0.04


Tree=7
num_leaves=15
num_cat=0
split_feature=9 0 11 3 11 13 2 0 10 13 3 1 11 14
split_gain=5446.35 4548.17 2720.81 1946.78 2675.87 1980.13 1710.94 1295.79 1168.42 1350.77 1419.7 1003.8 1619.77 1510.68
threshold=0.015055466629134763 3.5751659908018247 1.0000000180025095e-35 25.353132500000005 20.159617487077764 642.89807683317133 103.16744600000001 2.3565803675628496 -27.785206223978776 268.7841962257441 14.288612000000002 22.411322582072255 26.371628086548988 0.22601595510611858
decision_type=2 2 2 2 2 2 2 2 2 2 2 2 2 2
left_child=1 -1 -3 4 -2 6 -5 -7 -6 -10 -11 12 -8 -13
right_child=3 2 -4 5 8 7 11 -9 9 10 -12 13 -14 -15
leaf_value=-0.0012967168063727566 0 -0.0091213478866835739 0.00018520359051024199 0.0020819679369250112 -0.12571599034286096 -0.012184832977571012 0 0.0073999357703542334 -0.0049142135142898561 -0.013418230353933172 -0.0011425737758163634 0.003924656948978319 -0.0028381868918422883 -0.0049288651068691439
leaf_weight=33252 103559 5221 35152 11672 2630 460 59808 6303 5787 5275 27273 36288 7755 2239
leaf_count=33252 103559 5221 35152 11672 2630 460 59808 6303 5787 5275 27273 36288 7755 2239
internal_value=-0.00254014 -0.0121801 -0.00315756 9.7826e-05 -0.00306053 0.00376342 0.00255464 0.0248115 -0.0117144 -0.00994496 -0.00677891 0.000955415 -0.00198274 0.00610792
internal_weight=342674 73625 40373 269049 144524 124525 117762 6763 40965 38335 32548 106090 67563 38527
internal_count=342674 73625 40373 269049 144524 124525 117762 6763 40965 38335 32548 106090 67563 38527
is_linear=0
shrinkage=0.04


Tree=8
num_leaves=15
num_cat=0
split_feature=8 1 15 11 11 10 10 3 8 11 1 11 14 1
split_gain=5077.44 3942.56 2593.86 2404.03 2204.01 1361.27 1200.68 1101.42 1011.74 979.393 944.11 948.669 873.801 771.21
threshold=0.99984924610502113 3.8933435068430655 8.4516063852500043 0.85619007801403468 26.083651143029233 -6.7949178860438773 -16.813704130183879 19.257424500000003 0.96723908260606095 14.498763674921298 2.8711579185224769 3.3091346955425727 0.17495902990765722 3.8933435068430655
decision_type=2 2 2 2 2 2 2 2 2 2 2 2 2 2
left_child=2 -2 4 -3 6 8 -1 -6 -4 10 11 -8 -11 -14
right_child=1 3 5 -5 7 -7 9 -9 -10 12 -12 -13 13 -15
leaf_value=0.0024800755528793703 -0.0012783594884441967 -0.011012378976213481 0.0052716656393410532 0.00042363605959961677 -0.0078307830679099268 0 0 -0.0017537190277767468 -0.0030216384972789022 -0.0041038705642481663 0.0012279040515406397 -0.0021810817056824323 -0.011164181256573818 -0.00019374288292573283
leaf_weight=17957 32492 4054 25700 28230 14403 15800 133031 44518 760 4070 8432 1608 1274 10874
leaf_count=17957 32492 4054 25700 28230 14403 15800 133031 44518 760 4070 8432 1608 1274 10874
internal_value=-0.00248448 -0.0125713 -0.000137774 -0.00267129 -0.00177095 0.00898912 0.000456992 -0.00847304 0.0145367 -0.000648381 0.00040763 -0.000405529 -0.00996424 -0.00459006
internal_weight=343203 64776 278427 32284 236167 42260 177246 58921 26460 159289 143071 134639 16218 12148
internal_count=343203 64776 278427 32284 236167 42260 177246 58921 26460 159289 143071 134639 16218 12148
is_linear=0
shrinkage=0.04


Tree=9
num_leaves=15
num_cat=0
split_feature=9 0 11 1 11 3 0 2 3 14 10 12 13 3
split_gain=4819.72 3924.71 2597.64 1727.91 1949.04 1374.31 1202.77 1471.17 1070.43 1009.54 744.298 960.61 871.715 618.81
threshold=0.015055466629134763 3.5751659908018247 1.0000000180025095e-35 32.743326143884168 26.083651143029233 35.560344000000008 4.1223034819868687 99.70068400000001 19.257424500000003 0.17495902990765722 -18.605822932409222 129.04752056816446 513.32521284928225 4.8947165000000004
decision_type=2 2 2 2 2 2 2 2 2 2 2 2 2 2
left_child=1 -1 -3 4 6 -5 -2 -8 -6 -9 11 -10 -13 -4
right_child=3 2 13 5 8 -7 7 9 10 -11 -12 12 -14 -15
leaf_value=-0.0011834478895517482 0 -0.008487067718951748 -0.012355990587614652 -0.068001357042542315 -0.0070807037366521323 0.0073815414737352161 0.002048743998929388 -0.0057525198352151074 0.0048816876434627518 0.00073717782298495698 -0.0026460718294502271 -0.00032963793846203202 -0.0039897852083564771 0.00052810423554181917
leaf_weight=33176 159011 5213 2170 2273 14071 20097 11848 1020 3980 18034 8655 24495 5909 33013
leaf_count=33176 159011 5213 2170 2273 14071 20097 11848 1020 3980 18034 8655 24495 5909 33013
internal_value=-0.00241984 -0.0114935 -0.0031211 5.82049e-05 -0.000905827 0.0107036 0.00104258 0.00826354 -0.00738505 0.00138134 -0.00425382 -0.0016147 -0.00403368 0.000783333
internal_weight=342965 73572 40396 269393 247023 22370 189913 30902 57110 19054 43039 34384 30404 35183
internal_count=342965 73572 40396 269393 247023 22370 189913 30902 57110 19054 43039 34384 30404 35183
is_linear=0
shrinkage=0.04


Tree=10
num_leaves=15
num_cat=0
split_feature=9 0 15 11 11 10 10 8 11 10 13 3 1 10
split_gain=4501.29 3683.55 2515.52 2345.43 1929.65 1373.64 1229.54 1002.03 966.714 881.49 821.526 778.292 1087.43 719.74
threshold=0.015055466629134763 3.5751659908018247 8.4516063852500043 1.0000000180025095e-35 25.259414452383208 -6.7949178860438773 -16.813704130183879 0.25561504020652365 14.498763674921298 -3.5965680494938073 289.15636952549113 23.769783000000004 25.80105071087954 -23.142599113206565
decision_type=2 2 2 2 2 2 2 2 2 2 2 2 2 2
left_child=1 -1 4 -3 6 -4 -2 11 9 -8 -10 12 -6 -13
right_child=2 3 5 -5 7 -7 8 -9 10 -11 -12 13 -14 -15
leaf_value=-0.0011378718792221859 0.0025223340666059757 -0.008038088893555494 0.0047744980149536861 0.00015829814684343213 -0.0028088196715606662 0 0.0015011647739325052 -0.0036362258661092658 -0.0040136006037563409 0 -0.0007689701149956777 0.0029610449600196592 -0.10910966458723502 -0.0021691909097979862
leaf_weight=33207 16481 5134 25814 35345 10184 15599 5090 26787 3768 132907 10228 16525 2245 3596
leaf_count=33207 16481 5134 25814 35345 10184 15599 5090 26787 3768 132907 10228 16525 2245 3596
internal_value=-0.00234336 -0.0111033 5.42299e-05 -0.00300304 -0.0015943 0.00912274 0.000590477 -0.0077975 -0.000534761 0.00048117 -0.0105516 -0.00308203 -0.0109518 0.00177924
internal_weight=342910 73686 269224 40479 227811 41413 168474 59337 151993 137997 13996 32550 12429 20121
internal_count=342910 73686 269224 40479 227811 41413 168474 59337 151993 137997 13996 32550 12429 20121
is_linear=0
shrinkage=0.04


Tree=11
num_leaves=15
num_cat=0
split_feature=9 1 15 11 11 10 10 3 11 10 13 1 15 11
split_gain=4242.74 3391.36 2457.03 2297.07 1784.45 1318.53 1093.96 937.128 913.167 813.483 795.43 783.523 797.881 706.722
threshold=0.015055466629134763 3.5251816115811985 8.4516063852500043 1.0000000180025095e-35 26.083651143029233 -6.7949178860438773 -17.012189841941677 19.257424500000003 14.498763674921298 -3.5965680494938073 513.32521284928225 11.649599047455293 5.5435613346249974 3.1801908305281379
decision_type=2 2 2 2 2 2 2 2 2 2 2 2 2 2
left_child=1 13 4 -3 6 -4 -2 -6 9 -8 -9 12 -10 -1
right_child=2 3 5 -5 7 -7 8 10 11 -11 -12 -13 -14 -15
leaf_value=-0.00055134525636794951 0.0024643872031914582 -0.0076333179146412782 0.004654625398490638 0.00014066922011448743 -0.0067720711942137251 0 0.0014490469427680874 -0.00051295460241051419 -0.0048891221404193108 0 -0.0031979628940590299 -0.00017982357899236245 0.00043365087950575311 -0.0014970845536070676
leaf_weight=15583 16637 5270 25789 35455 13758 15615 5118 31759 5493 133093 12375 7804 1790 17360
leaf_count=15583 16637 5270 25789 35455 13758 15615 5118 31759 5493 133093 12375 7804 1790 17360
internal_value=-0.00227647 -0.0107824 5.096e-05 -0.00306347 -0.00157804 0.00901459 0.000488187 -0.0076432 -0.000569088 0.000450905 -0.00480174 -0.00991317 -0.0193492 -0.0203248
internal_weight=342899 73668 269231 40725 227827 41404 169935 57892 153298 138211 44134 15087 7283 32943
internal_count=342899 73668 269231 40725 227827 41404 169935 57892 153298 138211 44134 15087 7283 32943
is_linear=0
shrinkage=0.04


Tree=12
num_leaves=15
num_cat=0
split_feature=9 0 11 15 11 9 10 10 3 11 1 13 15 13
split_gain=4015.02 3294.92 2172.29 1808.04 1715.45 1335.86 1260.09 950.863 948.001 873.088 703.043 700.609 740.321 687.052
threshold=8.33504578757749e-05 3.8699855810887587 0.85619007801403468 8.4516063852500043 26.371628086548988 0.03385352953739857 -6.7949178860438773 -16.813704130183879 19.257424500000003 20.471886997445967 8.9847809155916813 513.32521284928225 6.7514341424999467 669.07096523690564
decision_type=2 2 2 2 2 2 2 2 2 2 2 2 2 2
left_child=1 -1 -3 4 7 -5 -7 13 -6 -9 -11 -10 -13 -2
right_child=3 2 -4 5 8 6 -8 9 11 10 -12 12 -14 -15
leaf_value=-0.0011611244442508836 0.0016043342032789835 -0.009962848455463769 0.00041596929569815441 -0.0019823679056722955 -0.006924096485963622 0.0045210779588401471 0 0 -0.00053987962148946108 -0.0071179170442224951 -0.00078139998804288352 -0.0044397320065658651 -0.0012095126504219704 0.012035698472822105
leaf_weight=30336 16799 3490 27544 2219 14267 25573 15530 150173 31841 3003 8464 5526 6855 1339
leaf_count=30336 16799 3490 27544 2219 14267 25573 15530 150173 31841 3003 8464 5526 6855 1339
internal_value=-0.00225415 -0.0115248 -0.00236128 -0.000233674 -0.00160039 0.00728314 0.00891516 0.000335525 -0.00755082 -0.000638951 -0.0112776 -0.00465831 -0.0127324 0.00901974
internal_weight=342959 61370 31034 281589 238267 43322 41103 179778 58489 161640 11467 44222 12381 18138
internal_count=342959 61370 31034 281589 238267 43322 41103 179778 58489 161640 11467 44222 12381 18138
is_linear=0
shrinkage=0.04


Tree=13
num_leaves=15
num_cat=0
split_feature=9 0 11 15 11 9 10 10 3 9 13 11 11 2
split_gain=3850.21 3019.3 2260.24 1648.05 1600.67 1285.35 1145.37 1117.42 1054.75 872.269 681.467 642.943 1293.71 813.638
threshold=8.33504578757749e-05 3.621093743194443 0.85619007801403468 8.4516063852500043 22.863139767645219 0.03385352953739857 -6.7949178860438773 -7.2522799849792881 14.288612000000002 0.75175691894472829 520.88873726602321 3.1801908305281379 1.0000000180025095e-35 53.149446500000003
decision_type=2 2 2 2 2 2 2 2 2 2 2 2 2 2
left_child=1 11 -3 4 -2 -5 10 8 -6 -10 -7 12 -1 -14
right_child=3 2 -4 5 7 6 -8 -9 9 -11 -12 -13 13 -15
leaf_value=-0.0034032929098020944 0 -0.0088269821460293975 0.00035707950957798815 -0.0019910766128422457 -0.009638671538246088 0.0023817280129776247 0 -0.011468943966255198 -0.0023752011412432532 4.493883742244423e-05 0.0065648450108373039 -0.0014687027522874534 -0.00036763313077006147 0.00030078190781474988
leaf_weight=3240 169256 3778 28028 2229 5250 15008 15506 2637 27280 33804 10595 16188 6485 3636
leaf_count=3240 169256 3778 28028 2229 5250 15008 15506 2637 27280 33804 10595 16188 6485 3636
internal_value=-0.00223481 -0.0113145 -0.00276174 -0.000256282 -0.00156154 0.00691864 0.00852271 -0.00669789 -0.00568276 -0.00420405 0.0137187 -0.0205205 -0.0140259 -0.0069835
internal_weight=342920 61355 31806 281565 238227 43338 41109 68971 66334 61084 25603 29549 13361 10121
internal_count=342920 61355 31806 281565 238227 43338 41109 68971 66334 61084 25603 29549 13361 10121
is_linear=0
shrinkage=0.04


Tree=14
num_leaves=15
num_cat=0
split_feature=8 0 11 15 11 10 10 15 11 11 2 15 3 10
split_gain=3670.42 2899.44 2112.06 1945.61 1500.32 1047.91 933.741 921.662 861.946 1584.58 946.399 966.759 856.802 794.832
threshold=0.98969345902861727 3.5751659908018247 1.0000000180025095e-35 8.4516063852500043 26.371628086548988 -6.7949178860438773 -19.289194587943253 4.5215900242500036 3.1801908305281379 1.0000000180025095e-35 53.149446500000003 5.108791732625023 14.288612000000002 -1.4434965968528364
decision_type=2 2 2 2 2 2 2 2 2 2 2 2 2 2
left_child=3 8 -3 4 6 -5 -1 -6 9 -2 -11 -12 -9 -10
right_child=1 2 -4 5 7 -7 -8 12 13 10 11 -13 -14 -15
leaf_value=0.0046833646897086762 -0.0029961895375643683 -0.0071375380179009816 0.00017075820180109593 0.0040064957624298273 -0.0051636976039830711 0 0 -0.011575983274607104 -0.001077742045064226 -0.00033388443565085123 0.00085452870442558168 -0.00022115227789591907 -0.0015326793817528955 -0.0014516728110498169
leaf_weight=11863 3584 5231 34577 25833 3353 15693 158787 3607 7789 7107 1935 3039 50705 9739
leaf_count=11863 3584 5231 34577 25833 3353 15693 158787 3607 7789 7107 1935 3039 50705 9739
internal_value=-0.00217581 -0.010133 -0.0028537 -2.31247e-05 -0.00147165 0.00794105 0.000413243 -0.00704968 -0.018863 -0.0120447 -0.00511547 0.00826699 -0.00579319 -0.0249566
internal_weight=342842 73001 39808 269841 228315 41526 170650 57665 33193 15665 12081 4974 54312 17528
internal_count=342842 73001 39808 269841 228315 41526 170650 57665 33193 15665 12081 4974 54312 17528
is_linear=0
shrinkage=0.04


Tree=15
num_leaves=15
num_cat=0
split_feature=9 0 15 8 10 13 8 3 2 15 13 3 1 13
split_gain=3611.37 2808.64 1466.69 1147.13 1032.28 705.543 662.788 1272.46 1223.97 919.516 891.174 787.308 790.895 817.674
threshold=8.33504578757749e-05 3.8699855810887587 8.4516063852500043 0.96723908260606095 -6.7949178860438773 520.88873726602321 0.16804523803308893 14.795405000000001 104.05028150000001 3.0431176787500083 513.32521284928225 23.965068000000006 24.58429111742301 268.7841962257441
decision_type=2 2 2 2 2 2 2 2 2 2 2 2 2 2
left_child=1 -1 6 4 5 -4 -2 -8 9 -9 11 12 13 -10
right_child=2 -3 3 -5 -6 -7 7 8 10 -11 -12 -13 -14 -15
leaf_value=-0.00099582662760124008 0 -0.00069364388659632964 0.0021623051715804671 -0.0019114335483285561 0 0.0063220560287229853 -0.0032947850786478449 -0.0063855207469704564 -0.0034031012465041365 0.0012291303601434456 -0.0028622560643657737 0.00061508170964550042 -0.083050586036357676 -0.00029533888531579249
leaf_weight=30362 159426 31123 15046 2181 15542 10645 11854 799 4628 14853 9888 19690 1754 15264
leaf_count=30362 159426 31123 15046 2181 15542 10645 11854 799 4628 14853 9888 19690 1754 15264
internal_value=-0.00210462 -0.0108872 -0.00018681 0.00657484 0.00807024 0.0129929 -0.00141941 -0.0044222 -0.00228124 0.00750831 -0.00527253 -0.00269208 -0.00795713 -0.00568671
internal_weight=343055 61485 281570 43414 41233 25691 238156 78730 66876 15652 51224 41336 21646 19892
internal_count=343055 61485 281570 43414 41233 25691 238156 78730 66876 15652 51224 41336 21646 19892
is_linear=0
shrinkage=0.04


Tree=16
num_leaves=15
num_cat=0
split_feature=9 0 11 15 11 10 15 3 10 13 11 1 11 11
split_gain=3309.95 2688.09 1930.86 1355.08 1406.67 1024.35 902.975 865.227 840.752 733.927 732.654 766.183 725.613 1571.08
threshold=8.33504578757749e-05 3.8699855810887587 0.85619007801403468 8.4516063852500043 26.371628086548988 -8.8397932850287031 4.5215900242500036 14.288612000000002 -17.626799227388602 520.88873726602321 20.0459393962612 8.8175829785933768 3.1801908305281379 1.0000000180025095e-35
decision_type=2 2 2 2 2 2 2 2 2 2 2 2 2 2
left_child=1 12 -3 4 8 9 -6 -8 -2 -5 -10 -12 13 -1
right_child=3 2 -4 5 6 -7 7 -9 10 -11 11 -13 -14 -15
leaf_value=-0.003121623713028438 0.0023743307204459291 -0.0088425810000010673 0.0004267619234319996 0.0021884798745664051 -0.0048475381823872591 0 -0.011939698283915265 -0.0014559717594342066 0 0.005640236920848073 -0.0060294208446063707 -0.00057752838350357851 -0.0013041139687672177 -0.00014006559770747093
leaf_weight=3470 16457 3552 27568 14803 3432 17892 3741 51264 150029 10702 3161 10077 16534 10309
leaf_count=3470 16457 3552 27568 14803 3432 17892 3741 51264 150029 10702 3161 10077 16534 10309
internal_value=-0.00202058 -0.0104328 -0.00217481 -0.000185113 -0.00136966 0.00631564 -0.00676079 -0.00551877 0.000383254 0.0114629 -0.00048534 -0.00950597 -0.0189107 -0.0121315
internal_weight=342991 61433 31120 281558 238161 43397 58437 55005 179724 25505 163267 13238 30313 13779
internal_count=342991 61433 31120 281558 238161 43397 58437 55005 179724 25505 163267 13238 30313 13779
is_linear=0
shrinkage=0.04


Tree=17
num_leaves=15
num_cat=0
split_feature=8 0 11 1 11 3 15 3 1 3 11 11 2 11
split_gain=3298.11 2576.64 1849.31 1321.77 1399.5 1057.17 956.024 846.043 774.458 741.662 712.306 1524.35 778.443 1045.91
threshold=0.99991755193077025 3.8699855810887587 0.85619007801403468 32.743326143884168 26.083651143029233 33.040304000000006 4.5215900242500036 14.288612000000002 19.274766420872229 25.182769500000003 3.1801908305281379 1.0000000180025095e-35 53.149446500000003 1.3371435283995472
decision_type=2 2 2 2 2 2 2 2 2 2 2 2 2 2
left_child=3 10 -3 4 8 -5 -6 -8 -1 -10 11 -2 -13 -14
right_child=1 2 -4 5 6 -7 7 -9 9 -11 -12 12 13 -15
leaf_value=0 -0.0029921907593410558 -0.0086526987419803941 0.00038501598037447653 -0.10989049089907135 -0.0047801274154401904 0.0059541827031482746 -0.011530392241520446 -0.0011932087969431912 -0.0014775121008110709 0.0056279580018202173 -0.0012598901058992241 -0.00030376624199337067 -0.0038967019932762853 0.00072252889951233349
leaf_weight=189179 3491 3556 27481 1343 3467 21130 3889 51202 3989 7638 16577 6474 642 3185
leaf_count=189179 3491 3556 27481 1343 3467 21130 3889 51202 3989 7638 16577 6474 642 3185
internal_value=-0.00201059 -0.0104107 -0.00230564 -0.000180388 -0.000986721 0.00912562 -0.00642782 -0.00514567 0.000599982 0.0106201 -0.0186941 -0.011978 -0.00423648 0.0100653
internal_weight=343243 61406 31037 281837 259364 22473 58558 55091 200806 11627 30369 13792 10301 3827
internal_count=343243 61406 31037 281837 259364 22473 58558 55091 200806 11627 30369 13792 10301 3827
is_linear=0
shrinkage=0.04


Tree=18
num_leaves=15
num_cat=0
split_feature=8 0 11 15 11 10 3 10 3 8 13 11 11 12
split_gain=3089.35 2522.22 1458.96 1321.7 1230.77 811.706 805.342 711.078 743.293 688.001 776.777 623.424 1052.11 602.131
threshold=0.99999990486857915 3.621093743194443 0.85619007801403468 8.4516063852500043 25.259414452383208 -8.8397932850287031 19.404754500000006 -19.775185046754299 23.965068000000006 0.96723908260606095 520.88873726602321 3.1801908305281379 0.57065146100696917 68.19382612338741
decision_type=2 2 2 2 2 2 2 2 2 2 2 2 2 2
left_child=3 11 -3 4 7 9 -6 8 -1 10 -5 12 -2 -14
right_child=1 2 -4 5 6 -7 -8 -9 -10 -11 -12 -13 13 -15
leaf_value=-0.0087678807593658311 -0.002829278761747107 -0.0072956125704078676 0.00025804524365345119 0.0022106389244589664 -0.0054359362522054464 0 -0.0011629132953623114 0 0.0061122386909870522 -0.018094155069950105 0.0057126869423064506 -0.0012278995058061185 -0.00032494308240495971 0.00048264216818131157
leaf_weight=2578 2930 3093 25449 14522 15230 18175 45262 171841 8029 774 10379 15317 7432 1593
leaf_count=2578 2930 3093 25449 14522 15230 18175 45262 171841 8029 774 10379 15317 7432 1593
internal_value=-0.00196647 -0.0105766 -0.00226473 -0.000290805 -0.00144447 0.0061008 -0.00638894 0.000194905 0.0102461 0.0106796 0.0118341 -0.0192754 -0.0124299 -0.0056687
internal_weight=342604 55814 28542 286790 242940 43850 60492 182448 10607 25675 24901 27272 11955 9025
internal_count=342604 55814 28542 286790 242940 43850 60492 182448 10607 25675 24901 27272 11955 9025
is_linear=0
shrinkage=0.04


Tree=19
num_leaves=15
num_cat=0
split_feature=9 0 11 1 11 3 1 12 10 11 0 14 11 11
split_gain=2967.92 2320.54 1632.45 1205.15 1255.61 922.261 829.328 727.932 693.539 695.008 724.615 692.937 676.825 1340.11
threshold=8.33504578757749e-05 3.8699855810887587 0.85619007801403468 32.743326143884168 25.259414452383208 32.749185500000003 6.3698026167869655 106.66292235578824 -17.012189841941677 20.471886997445967 5.2225748895737203 0.17495902990765722 3.1801908305281379 1.0000000180025095e-35
decision_type=2 2 2 2 2 2 2 2 2 2 2 2 2 2
left_child=1 12 -3 4 8 -5 -6 -8 -2 10 -10 -11 13 -1
right_child=3 2 -4 5 6 -7 7 -9 9 11 -12 -13 -14 -15
leaf_value=-0.0027602983459020856 0.0019034572230734045 -0.0078722553221015935 0.00035929353141335939 -0.10652009099795223 -0.011924559834801975 0.0055809038612562745 0.010176518795911827 -0.001766273460577672 0 -0.003275095516869937 0.00098087703293960613 -0.00052516077619970802 -0.001155226428854132 -0.00012253997742922644
leaf_weight=3460 16711 3578 27555 1276 1875 21117 1107 56942 159090 3331 12492 7720 16555 10287
leaf_count=3460 16711 3578 27555 1276 1875 21117 1107 56942 159090 3331 12492 7720 16555 10287
internal_value=-0.00194313 -0.00990901 -0.00223942 -0.000205637 -0.00097459 0.00869736 -0.00605167 -0.00520595 0.000551609 -0.000162074 0.000464151 -0.00988508 -0.0177889 -0.0112286
internal_weight=343096 61435 31133 281661 259268 22393 59924 58049 199344 182633 171582 11051 30302 13747
internal_count=343096 61435 31133 281661 259268 22393 59924 58049 199344 182633 171582 11051 30302 13747
is_linear=0
shrinkage=0.04


Tree=20
num_leaves=15
num_cat=0
split_feature=8 12 11 11 15 11 11 14 10 15 10 2 3 3
split_gain=2838.86 2279.58 1632.72 1460.83 1451.06 1303.58 963.47 942.891 892.279 852.687 758.71 700.88 661.191 659.919
threshold=0.94544131864411229 71.60951585662086 3.0442406279647778 2.0531705293474096 8.4516063852500043 1.0000000180025095e-35 26.371628086548988 0.21135727656717004 -18.443670049552392 4.5215900242500036 -6.7949178860438773 79.708431000000019 14.288612000000002 4.8947165000000004
decision_type=2 2 2 2 2 2 2 2 2 2 2 2 2 2
left_child=4 2 5 -3 6 11 8 13 -1 -8 -6 -2 -11 -5
right_child=1 3 -4 7 10 -7 9 -9 -10 12 -12 -13 -14 -15
leaf_value=0.0037273987918486572 -0.0032674756115892035 -0.005445738414846535 -0.0011589290822119781 -0.0044813309468929212 0.0033421395610849091 -6.7817199198359079e-05 -0.0041516467494961172 0.0029000004194879403 0 -0.0095446708697997183 0 0.00091244476728461605 -0.0010892725174815609 -0.00024097094596301779
leaf_weight=12996 3796 4507 14118 3110 25034 12545 3222 4742 154782 3524 15485 654 49730 35061
leaf_count=12996 3796 4507 14118 3110 25034 12545 3222 4742 154782 3524 15485 654 49730 35061
internal_value=-0.00189487 -0.00857372 -0.0169871 -0.00305356 8.61115e-05 -0.00863548 -0.0011726 -0.000778319 0.000348556 -0.00569162 0.00705249 -0.027236 -0.00448267 -0.00286815
internal_weight=343306 78533 31113 47420 264773 16995 224254 42913 167778 56476 40519 4450 53254 38171
internal_count=343306 78533 31113 47420 264773 16995 224254 42913 167778 56476 40519 4450 53254 38171
is_linear=0
shrinkage=0.04


Tree=21
num_leaves=15
num_cat=0
split_feature=9 0 1 3 15 2 14 9 2 13 13 12 13 13
split_gain=2705.21 2125.5 1030.37 811.336 726.723 669.804 591.633 517.519 812.882 970.936 690.045 495.816 455.476 445.627
threshold=8.33504578757749e-05 3.5751659908018247 32.743326143884168 33.339706000000007 11.201103675124985 110.29874400000001 0.21470266677083225 0.60847037966380313 104.05028150000001 359.72197616005104 269.0967127262083 61.670069240124199 222.80609965345354 515.31255052261804
decision_type=2 2 2 2 2 2 2 2 2 2 2 2 2 2
left_child=1 6 4 -4 7 -6 -1 8 9 10 12 -11 -2 -3
right_child=2 13 3 -5 5 -7 -8 -9 -10 11 -12 -13 -14 -15
leaf_value=-0.00080604373521355052 -0.0066652769467036221 -0.00025618326502840406 -0.09600062277556777 0.0052678167393592681 0.0017248183674303003 0 0.00037478200647328734 0 -0.001972798653515614 -0.0017387594103351429 -0.0011522563399295467 0.0010484612240441301 0.00084183696556352691 -0.0038559259487064863
leaf_weight=28143 237 28955 1462 21001 6368 5477 1154 189911 33927 803 6798 13892 1647 3195
leaf_count=28143 237 28955 1462 21001 6368 5477 1154 189911 33927 803 6798 13892 1647 3195
internal_value=-0.00185917 -0.00946311 -0.000199486 0.00801852 -0.000912067 0.00876657 -0.0172564 -0.00137581 -0.00470752 0.00103178 -0.00957383 0.00729772 0.0118471 -0.00236143
internal_weight=342970 61447 281523 22463 259060 11845 29297 247215 57304 23377 8682 14695 1884 32150
internal_count=342970 61447 281523 22463 259060 11845 29297 247215 57304 23377 8682 14695 1884 32150
is_linear=0
shrinkage=0.04


Tree=22
num_leaves=15
num_cat=0
split_feature=8 0 11 3 10 10 11 11 11 13 3 1 9 11
split_gain=2402.01 2044.02 1336.75 1034.17 2110.5 1020.93 1109.78 945.581 844.919 1041.14 938.151 865.438 834.441 676.466
threshold=0.99999990486857915 3.5751659908018247 0.85619007801403468 23.965068000000006 -24.710733793103728 -20.612629347558897 43.985379508289604 25.259414452383208 20.0459393962612 268.7841962257441 14.288612000000002 7.7617538204089849 0.52141634156015748 3.1801908305281379
decision_type=2 2 2 2 2 2 2 2 2 2 2 2 2 2
left_child=3 13 -3 4 -1 6 -5 -7 -6 -10 -11 -12 -8 -2
right_child=1 2 -4 5 8 7 12 -9 9 10 11 -13 -14 -15
leaf_value=-0.088241119970525375 -0.00036499176693815166 -0.0065853732374209399 0.00028464881813239416 0.0041231688482097056 0 0 -0.0061369493655655683 -0.0019713621716352242 -0.0030861025477189842 -0.0097587278000681923 -0.010646978794037634 0.00060128609386562364 0.0013126927321663385 -0.0010714638565230109
leaf_weight=4436 11862 3150 25563 34655 109858 76032 3557 9021 6586 5855 1437 21107 14472 15200
leaf_count=4436 11862 3150 25563 34655 109858 76032 3557 9021 6586 5855 1437 21107 14472 15200
internal_value=-0.00189317 -0.00948884 -0.00205482 -0.00041712 -0.00272349 0.00208252 0.00645813 -0.000627844 -0.00189115 -0.00730484 -0.00398183 -0.000276792 -0.00159077 -0.0173764
internal_weight=342791 55775 28713 287016 149279 137737 52684 85053 144843 34985 28399 22544 18029 27062
internal_count=342791 55775 28713 287016 149279 137737 52684 85053 144843 34985 28399 22544 18029 27062
is_linear=0
shrinkage=0.04


Tree=23
num_leaves=15
num_cat=0
split_feature=8 12 11 11 11 3 1 13 0 14 2 9 1 10
split_gain=2286.34 1927.87 1551.03 1337.2 1325.9 1042.73 2005.49 1141.76 1068.59 866.69 705.639 723.239 850.38 692.817
threshold=0.94544131864411229 71.60951585662086 3.0442406279647778 2.0531705293474096 1.0000000180025095e-35 25.353132500000005 27.656312451588622 642.89807683317133 2.3565803675628496 0.21135727656717004 109.49369400000002 0.63697742244679179 22.86568661909272 -22.145599898288797
decision_type=2 2 2 2 2 2 2 2 2 2 2 2 2 2
left_child=5 2 4 -3 -2 6 -1 10 -9 -5 -7 -12 -13 -11
right_child=1 3 -4 9 -6 7 -8 8 -10 13 11 12 -14 -15
leaf_value=0 -0.0024811412448174784 -0.0051810674581666064 -0.0010351111653334301 -0.00044337796289091919 -2.9006720105249213e-05 0.0013637529361501897 -0.11267743001350879 -0.010190966045925136 0.0047672573781911845 -0.018590642191890577 -0.0013301765728434161 0 0.0039435244398604288 0.0035510389689998247
leaf_weight=139105 4404 4499 14167 38164 12547 14878 2689 463 6280 784 16681 57520 26785 3948
leaf_count=139105 4404 4499 14167 38164 12547 14878 2689 463 6280 784 16681 57520 26785 3948
internal_value=-0.00183731 -0.00783106 -0.0155666 -0.00275219 -0.00740251 -5.74884e-05 -0.00239333 0.00264389 0.0186445 -0.000576278 0.0017127 0.000514527 0.00202028 0.0155706
internal_weight=342914 78513 31118 47395 16951 264401 141794 122607 6743 42896 115864 100986 84305 4732
internal_count=342914 78513 31118 47395 16951 264401 141794 122607 6743 42896 115864 100986 84305 4732
is_linear=0
shrinkage=0.04


Tree=24
num_leaves=15
num_cat=0
split_feature=8 12 3 10 13 0 10 14 13 13 9 13 15 8
split_gain=2037.24 1779.78 1000.83 1929.82 1075.49 1018.82 649.594 842.129 630.318 970.154 569.928 1322.39 674.552 495.384
threshold=0.94544131864411229 71.60951585662086 25.353132500000005 -27.785206223978776 642.89807683317133 2.3565803675628496 -20.849685069091802 0.22601595510611858 515.31255052261804 408.56842982380664 0.79815810689974509 282.46392299658419 11.201103675124985 0.9287778840285067
decision_type=2 2 2 2 2 2 2 2 2 2 2 2 2 2
left_child=2 -2 3 -1 6 -6 7 -4 9 -3 11 -5 -12 -9
right_child=1 8 4 10 5 -7 -8 13 -10 -11 12 -13 -14 -15
leaf_value=-0.11055490022850091 -0.00064034207774390974 -0.00094087101208604541 0.0029758067785869593 -0.0033979923919815664 -0.0097685472202724104 0.0045678051930043229 0 -0.0040750944476200352 -0.0052114369362761936 0.0015706246540310919 0 -0.00053585532339910699 -6.899273469721201e-05 0.003907609273036408
leaf_weight=2615 31108 28387 41096 7134 451 6300 72717 1794 3218 15828 105750 25437 819 368
leaf_count=2615 31108 28387 41096 7134 451 6300 72717 1794 3218 15828 105750 25437 819 368
internal_value=-0.00176712 -0.00742389 -8.72652e-05 -0.00237678 0.00255724 0.0180773 0.0016538 0.00553516 -0.00254759 -0.00130363 -0.00173696 -0.00636763 -0.00032167 -0.0187974
internal_weight=343022 78541 264481 141755 122726 6751 115975 43258 47433 44215 139140 32571 106569 2162
internal_count=343022 78541 264481 141755 122726 6751 115975 43258 47433 44215 139140 32571 106569 2162
is_linear=0
shrinkage=0.04


Tree=25
num_leaves=15
num_cat=0
split_feature=8 0 11 1 11 15 11 11 3 3 12 1 2 10
split_gain=1966.61 1666.56 1197.6 931.826 1029.18 751.011 682.106 823.417 663.704 642.935 620.901 582.39 774.089 574.596
threshold=0.99999990486857915 3.5751659908018247 0.85619007801403468 32.743326143884168 26.909588977390921 4.5215900242500036 3.3091346955425727 0.57065146100696917 32.749185500000003 14.795405000000001 68.19382612338741 1.2651822042325394 72.913589500000015 -8.8397932850287031
decision_type=2 2 2 2 2 2 2 2 2 2 2 2 2 2
left_child=3 6 -3 4 13 -6 7 -2 -5 -7 -9 -8 -13 -1
right_child=1 2 -4 8 5 9 11 10 -10 -11 -12 12 -14 -15
leaf_value=0.00084850984081045924 -0.002209115260087813 -0.0061012515723417576 0.00027536984410389905 -0.098245622802977328 -0.0036873574041119219 -0.010445779805493353 -0.0012300339756319534 -0.00021769744957823051 0.004677949685829204 -0.0010188547398746078 0.00051551625226598495 -0.00037645810440562144 -0.0073738847215453806 0
leaf_weight=37846 2906 3161 25499 1269 3310 4545 7123 7803 21185 49430 1645 6120 1490 169532
leaf_count=37846 2906 3161 25499 1269 3310 4545 7123 7803 21185 49430 1645 6120 1490 169532
internal_value=-0.00176898 -0.00864405 -0.00192045 -0.000434109 -0.00109785 -0.00584376 -0.0157581 -0.00882629 0.00738933 -0.00470959 -0.00309907 -0.0215706 -0.0138765 0.000213137
internal_weight=342864 55747 28660 287117 264663 57285 27087 12354 22454 53975 9448 14733 7610 207378
internal_count=342864 55747 28660 287117 264663 57285 27087 12354 22454 53975 9448 14733 7610 207378
is_linear=0
shrinkage=0.04


Tree=26
num_leaves=15
num_cat=0
split_feature=8 12 3 1 13 0 13 14 3 0 2 9 1 3
split_gain=1745.23 1559.31 867.5 1958.82 968.65 843.047 640.563 915.248 618.556 927.62 593.879 742.151 741.401 508.94
threshold=0.94544131864411229 71.60951585662086 25.817567000000004 28.214248726885007 642.89807683317133 2.3565803675628496 515.31255052261804 0.21135727656717004 14.795405000000001 12.732490532750498 109.49369400000002 0.6557928392877429 22.86568661909272 28.790476000000002
decision_type=2 2 2 2 2 2 2 2 2 2 2 2 2 2
left_child=2 -2 3 -1 10 -6 7 8 9 -3 -4 -12 -13 -14
right_child=1 6 4 -5 5 -7 -8 -9 -10 -11 11 12 13 -15
leaf_value=0 -0.00059296975128973479 -0.0008929224554977684 0.0012764709789821163 -0.10840862998499566 -0.0094368151218820456 0.0042429765046564016 -0.0050585333095658092 0.0026748581546688524 0.00018717409318303748 -0.064954463109283683 -0.0012519549470644687 0 0.046271478988961522 0.0020591129576604649
leaf_weight=142364 31173 14698 14437 2589 388 6247 3180 4447 23396 1696 17333 55625 4645 20964
leaf_count=142364 31173 14698 14437 2589 388 6247 3180 4447 23396 1696 17333 55625 4645 20964
internal_value=-0.00171757 -0.00695152 -0.000162968 -0.00224376 0.00235809 0.0172118 -0.00238311 -0.00113661 -0.00306007 -0.00901793 0.00148597 0.000376191 0.00197947 0.00761139
internal_weight=343182 78590 264592 144953 119639 6635 47417 44237 39790 16394 113004 98567 81234 25609
internal_count=343182 78590 264592 144953 119639 6635 47417 44237 39790 16394 113004 98567 81234 25609
is_linear=0
shrinkage=0.04


Tree=27
num_leaves=15
num_cat=0
split_feature=8 11 2 11 15 3 10 10 11 11 14 15 8 11
split_gain=1608.81 1541.87 1787.98 1307.78 821.553 800.054 1890.27 906.055 1087.32 872.771 687.372 651.007 594.826 579.088
threshold=0.94544131864411229 1.0000000180025095e-35 53.149446500000003 2.7010737440372448 4.2647646400000108 24.639927000000004 -25.216138300625953 -20.849685069091802 32.610412482004854 25.259414452383208 0.22601595510611858 4.4222012862499875 0.99747383420842251 3.0442406279647778
decision_type=2 2 2 2 2 2 2 2 2 2 2 2 2 2
left_child=5 -2 3 -3 13 6 -1 8 -7 -9 -10 -6 -13 -4
right_child=1 2 4 -5 11 7 -8 9 10 -11 -12 12 -14 -15
leaf_value=-0.076740819514854813 -0.0030643360764685346 -7.3167761260270613e-05 0.00081373337725924226 -0.00095197877911932518 -0.011072346184188434 0.0055089985064411687 0 0 0.001972572936102522 -0.0018564331101265969 -0.0029150062273903326 -0.0031240114552261991 -0.00015928241657215487 0.00073618388053480117
leaf_weight=4458 8946 6017 1116 7891 776 10580 133854 68613 36778 8336 2146 5026 41065 7728
leaf_count=4458 8946 6017 1116 7891 776 10580 133854 68613 36778 8336 2146 5026 41065 7728
internal_value=-0.00174235 -0.00676892 -0.00476019 -0.0175899 -0.00155732 -0.000250788 -0.00235323 0.00204882 0.0062702 -0.000666935 0.00317953 -0.0036674 -0.00305569 0.0096246
internal_weight=343330 78565 69619 13908 55711 264765 138312 126453 49504 76949 38924 46867 46091 8844
internal_count=343330 78565 69619 13908 55711 264765 138312 126453 49504 76949 38924 46867 46091 8844
is_linear=0
shrinkage=0.04


Tree=28
num_leaves=15
num_cat=0
split_feature=8 0 11 1 11 15 11 11 10 3 10 15 3 1
split_gain=1472.24 1374.69 1021.05 751.053 980.393 754.748 720.107 736.565 869.801 652.807 609.33 888.244 563.814 528.315
threshold=0.99999990486857915 3.5751659908018247 0.85619007801403468 32.743326143884168 26.909588977390921 4.5215900242500036 3.3091346955425727 1.4366657228059869 -1.0557128475671995 31.391348000000004 -0.67030230655972034 7.0131938537499972 14.899424000000002 1.2651822042325394
decision_type=2 2 2 2 2 2 2 2 2 2 2 2 2 2
left_child=3 6 -3 4 -1 -6 7 8 -2 -5 11 -9 -7 -8
right_child=1 2 -4 9 5 12 13 10 -10 -11 -12 -13 -14 -15
leaf_value=0 -0.002711002326593456 -0.0057161950162364387 0.00030953470653980521 -0.12077557819901516 -0.0035717377490458576 -0.0096405553097098449 -0.0011147257146549407 0.00051875585088382193 -3.1923236340522381e-05 0.0042169576096829043 -0.00020654746647806032 -0.0014177245218458174 -0.00098076827762025439 -0.00070439933735957363
leaf_weight=207792 3214 3161 25543 815 3331 4685 7094 3444 2984 21680 1692 976 49171 7595
leaf_count=207792 3214 3161 25543 815 3331 4685 7094 3444 2984 21680 1692 976 49171 7595
internal_value=-0.00163915 -0.00759097 -0.00149666 -0.000485887 -0.0010816 -0.00571948 -0.0140702 -0.0069342 -0.0166505 0.00653123 0.00291885 0.010733 -0.00457665 -0.0200504
internal_weight=343177 55703 28704 287474 264979 57187 26999 12310 6198 22495 6112 4420 53856 14689
internal_count=343177 55703 28704 287474 264979 57187 26999 12310 6198 22495 6112 4420 53856 14689
is_linear=0
shrinkage=0.04


Tree=29
num_leaves=15
num_cat=0
split_feature=8 0 11 3 10 11 13 3 10 11 11 10 2 10
split_gain=1372.09 1218.11 982.07 706.558 1956.26 702.305 975.218 730.047 821.913 668.182 716.952 825.612 821.213 655.26
threshold=0.99999990486857915 3.5751659908018247 0.85619007801403468 23.402816000000005 -24.710733793103728 20.0459393962612 268.7841962257441 14.288612000000002 -7.7641204931312915 3.3091346955425727 1.4366657228059869 -1.159685791756061 53.149446500000003 -20.389148178661216
decision_type=2 2 2 2 2 2 2 2 2 2 2 2 2 2
left_child=3 9 -3 4 -1 -6 -7 -8 -9 10 11 -2 -12 -5
right_child=1 2 -4 13 5 6 7 8 -10 -11 12 -13 -14 -15
leaf_value=-0.084526957376657746 -0.0028016249709925602 -0.0054892627139141023 0.00027124014803453879 0.0020935722272445991 0 -0.0027130125826241597 -0.0086889960314554659 0.00072990331822572231 -0.010067150573514662 -0.00091617450543022281 -0.00014783584315358324 -7.2787833824386198e-05 0.00073245485740492506 0
leaf_weight=3739 3040 3152 25616 54519 108663 6556 5813 20208 1393 14762 3589 3189 2585 86409
leaf_count=3739 3040 3152 25616 54519 108663 6556 5813 20208 1393 14762 3589 3189 2585 86409
internal_value=-0.00160055 -0.00733234 -0.00159622 -0.00048465 -0.00243107 -0.00168236 -0.00670238 -0.00338805 -1.85177e-06 -0.013407 -0.00656293 -0.0161374 0.00309686 0.00153696
internal_weight=343233 55933 28768 287300 146372 142633 33970 27414 21601 27165 12403 6229 6174 140928
internal_count=343233 55933 28768 287300 146372 142633 33970 27414 21601 27165 12403 6229 6174 140928
is_linear=0
shrinkage=0.04


Tree=30
num_leaves=15
num_cat=0
split_feature=9 11 1 11 1 11 15 3 1 3 11 14 8 11
split_gain=1263.57 1420.18 1490.53 1209.72 645.432 958.747 741.058 597.51 569.021 506.765 463.484 601.621 516.992 461.107
threshold=8.33504578757749e-05 1.0000000180025095e-35 0.94604047931402968 2.6002330520705663 32.743326143884168 26.909588977390921 4.5215900242500036 33.040304000000006 17.519905999124187 4.8077665000000005 43.985379508289604 0.21317155419786091 0.4730957639550506 20.0459393962612
decision_type=2 2 2 2 2 2 2 2 2 2 2 2 2 2
left_child=1 -1 3 -3 5 8 -7 -6 13 -4 11 -8 -12 -2
right_child=4 2 9 -5 7 6 10 -9 -10 -11 12 -13 -14 -15
leaf_value=-0.0028156562551998154 0 -1.4167211761121762e-05 -0.0037335892141502291 -0.0008557961817884746 -0.091658744885692242 -0.0032966514479902754 -0.00099303969328333637 0.0040831818801029193 0.0017258986803505012 1.0531984044140908e-05 -0.0021851723586310203 0.0039498736275018253 -0.0065493954207111503 -0.0012631221398142034
leaf_weight=7082 170789 4411 3005 7335 1366 3295 37371 21017 16799 39693 8816 2459 5065 14441
leaf_count=7082 170789 4411 3005 7335 1366 3295 37371 21017 16799 39693 8816 2459 5065 14441
internal_value=-0.00157775 -0.00677047 -0.00457865 -0.0171973 -0.000442473 -0.00100558 -0.00558678 0.00607425 0.000287087 -0.00110731 -0.00445719 -0.00226362 -0.0107514 -0.000352211
internal_weight=342944 61526 54444 11746 281418 259035 57006 22383 202029 42698 53711 39830 13881 185230
internal_count=342944 61526 54444 11746 281418 259035 57006 22383 202029 42698 53711 39830 13881 185230
is_linear=0
shrinkage=0.04


Tree=31
num_leaves=15
num_cat=0
split_feature=9 11 2 11 11 0 3 10 10 11 11 12 15 14
split_gain=1189.62 1265.83 1452.66 1075.65 819.305 1089.38 689.097 1807.81 709.623 954.099 689.304 740.415 606.275 602.884
threshold=0.055680161967218762 1.0000000180025095e-35 53.149446500000003 2.7010737440372448 21.296498065451789 7.6772817203350447 25.353132500000005 -27.785206223978776 -20.849685069091802 32.610412482004854 25.259414452383208 106.66292235578824 4.5215900242500036 0.22601595510611858
decision_type=2 2 2 2 2 2 2 2 2 2 2 2 2 2
left_child=1 -1 3 -3 12 -6 7 -2 9 -8 -10 -12 -4 -11
right_child=6 2 4 -5 5 -7 8 -9 10 13 11 -13 -14 -15
leaf_value=-0.0026369575564135291 -0.097875115910099883 -6.5675788332893455e-05 0.00077109721635506905 -0.00082384227502863927 -0.0091139093696348244 -0.0012637644464688061 0.0049913473367058031 0 0 0.0017461957242153826 0.010094406559662176 -0.0020590719607696817 -2.9327341252929769e-05 -0.0026939576573354429
leaf_weight=8956 2613 5992 8214 7891 4536 14153 10265 139400 66457 35513 675 7320 29023 2129
leaf_count=8956 2613 5992 8214 7891 4536 14153 10265 139400 66457 35513 675 7320 29023 2129
internal_value=-0.00152779 -0.0058427 -0.00402641 -0.0156076 -0.00115152 -0.00798545 -0.000242234 -0.00213783 0.00195785 0.00575532 -0.000485682 -0.0115822 0.00227838 0.0028075
internal_weight=343137 78765 69809 13883 55926 18689 264372 142013 122359 47907 74452 7995 37237 37642
internal_count=343137 78765 69809 13883 55926 18689 264372 142013 122359 47907 74452 7995 37237 37642
is_linear=0
shrinkage=0.04


Tree=32
num_leaves=15
num_cat=0
split_feature=3 1 2 13 9 0 11 11 13 0 11 13 12 3
split_gain=1116.02 1761.48 1394.18 1128.79 1009.55 1046.87 1004.15 1024.19 836.042 689.406 704.023 658.191 637.141 595.895
threshold=23.402816000000005 24.58429111742301 59.624519500000005 642.89807683317133 0.79815810689974509 3.8699855810887587 3.3091346955425727 1.0000000180025095e-35 264.2857089727114 1.3767368798725357 26.083651143029233 268.32281790025485 57.130273955935131 4.6593425000000011
decision_type=2 2 2 2 2 2 2 2 2 2 2 2 2 2
left_child=1 4 12 -4 5 6 7 -1 -7 -8 -11 -9 -2 -10
right_child=2 -3 3 -5 -6 8 9 11 13 10 -12 -13 -14 -15
leaf_value=-0.0013470075806529273 0.00055701393635904334 -0.079457481934214536 0 0.0034304172851076465 0 -0.0032002023080935004 -0.00095934144295235953 0.00094972063022713061 -0.017628820646496349 -0.00037445113693851758 -0.0076215775458634161 9.8001896126037598e-06 -0.0019764959781205516 -3.9804725715795245e-05
leaf_weight=3683 327 3939 137635 6367 100000 3495 8329 759 1348 10916 4149 10686 4588 46856
leaf_count=3683 327 3939 137635 6367 100000 3495 8329 759 1348 10916 4149 10686 4588 46856
internal_value=-0.00147256 -0.00347054 0.00113244 0.00184747 -0.00292229 -0.00599018 -0.0109818 -0.00295082 -0.00227084 -0.0161751 -0.0110694 0.00295325 -0.0198169 -0.00090117
internal_weight=343077 194160 148917 144002 190221 90221 38522 15128 51699 23394 15065 11445 4915 48204
internal_count=343077 194160 148917 144002 190221 90221 38522 15128 51699 23394 15065 11445 4915 48204
is_linear=0
shrinkage=0.04


Tree=33
num_leaves=15
num_cat=0
split_feature=8 11 2 11 14 11 11 1 15 14 2 12 1 10
split_gain=1059.31 1287.7 1181.79 1270.12 1354.97 1081.86 1046.24 905.342 696.693 622.26 604.79 635.289 578.662 529.927
threshold=0.5180084612012944 1.0000000180025095e-35 53.149446500000003 44.55867436896812 0.21021760849986634 3.3091346955425727 3.4823043316437272 2.8711579185224769 5.108791732625023 0.16176218473511844 109.49369400000002 67.751888674470464 32.743326143884168 -0.90641980345524908
decision_type=2 2 2 2 2 2 2 2 2 2 2 2 2 2
left_child=12 13 6 4 5 8 -3 -7 -4 -9 11 -11 -1 -2
right_child=1 2 3 -5 -6 7 -8 9 -10 10 -12 -13 -14 -15
leaf_value=0 -0.0027030780614964701 -9.5962446177383235e-05 0.00091118110218034877 -0.0077004469869432299 0.001231956033271171 -0.00073286404538785023 -0.0010930469907472656 -0.0044171087334674182 0.000140948992202624 -0.0023000522430201794 -0.0021940716122695694 0.00045832933669885185 0.0038152256775644032 0.00058293493921007908
leaf_weight=205824 8851 7895 1984 6469 15507 8499 5987 865 4797 2427 20077 33762 19344 525
leaf_count=205824 8851 7895 1984 6469 15507 8499 5987 865 4797 2427 20077 33762 19344 525
internal_value=-0.00140613 -0.0044823 -0.00325079 -0.00164811 -0.000389454 -0.00268744 -0.0141478 -0.00425903 0.0125232 -0.00244701 -0.00192941 0.00115947 0.000201094 -0.0187031
internal_weight=342813 117645 108269 94387 87918 72411 13882 65630 6781 57131 56266 36189 225168 9376
internal_count=342813 117645 108269 94387 87918 72411 13882 65630 6781 57131 56266 36189 225168 9376
is_linear=0
shrinkage=0.04


Tree=34
num_leaves=15
num_cat=0
split_feature=3 1 2 9 13 0 13 15 1 3 3 1 0 12
split_gain=988.299 1776.94 1180.8 927.664 876.758 794.879 763.87 713.935 629.668 1495.48 669.322 875.444 619.543 595.047
threshold=22.481108000000003 22.86568661909272 62.104564500000002 0.79815810689974509 642.89807683317133 3.8699855810887587 264.2857089727114 11.201103675124985 14.454334445348447 15.671894500000002 4.9691255000000014 4.3008361842375775 17.768726866714783 57.130273955935131
decision_type=2 2 2 2 2 2 2 2 2 2 2 2 2 2
left_child=1 3 13 5 -4 -1 -7 -5 10 -10 11 -8 -11 -2
right_child=2 -3 4 7 -6 6 8 -9 9 12 -12 -13 -14 -15
leaf_value=-0.00049098589508504264 0.00052123242632495337 -0.078230657757900085 0 0 0.0031740585580037283 -0.003040600741683669 0.0048246126811769549 -6.6233025309323526e-05 -0.067237954172640002 0.00093494670595343273 0.00099132096741859962 -0.020376675313380468 -0.047204214734576748 -0.0017525132374372635
leaf_weight=37573 357 4147 144967 95012 6437 3498 772 852 2960 9458 27824 1614 1635 5833
leaf_count=37573 357 4147 144967 95012 6437 3498 772 852 2960 9458 27824 1614 1635 5833
internal_value=-0.00138579 -0.00336583 0.000942929 -0.00277332 0.00164302 -0.00580683 -0.0023827 -7.30201e-05 -0.000960622 -0.0079556 0.00229328 -0.0180386 -0.00121518 -0.0161809
internal_weight=342939 185345 157594 181198 151404 85334 47761 95864 44263 14053 30210 2386 11093 6190
internal_count=342939 185345 157594 181198 151404 85334 47761 95864 44263 14053 30210 2386 11093 6190
is_linear=0
shrinkage=0.04


Tree=35
num_leaves=15
num_cat=0
split_feature=3 10 2 9 0 11 15 11 2 14 0 3 10 3
split_gain=943.742 1607.89 1110.6 855.225 742.987 1109.14 689.217 668.958 715.493 598.292 757.551 792.399 745.516 654.27
threshold=22.392242000000003 -22.779665866118346 62.104564500000002 0.79815810689974509 3.8699855810887587 4.3398756890465497 11.201103675124985 1.0000000180025095e-35 58.132860500000007 0.17911650107910818 13.772709359793771 15.574545500000001 -17.804145824036343 4.6593425000000011
decision_type=2 2 2 2 2 2 2 2 2 2 2 2 2 2
left_child=1 -1 -2 4 5 7 -5 -3 -9 -6 13 -12 -13 -11
right_child=2 3 -4 6 9 -7 -8 8 -10 10 11 12 -14 -15
leaf_value=-0.076643386860110282 -0.0013691136363993617 -0.0011303186098272949 0 0 -0.0023871642298439722 -0.0014396488713918178 -6.3583704296950585e-05 -6.4767178553279406e-05 0.00083040144529809335 -0.016652119130001249 -0.075073711518324204 -0.043149690449761822 0.0034817989272713417 0.00091974424189346067
leaf_weight=4067 6301 3549 152553 94567 9334 18922 828 12828 2052 1182 1395 1933 2865 30455
leaf_count=4067 6301 3549 152553 94567 9334 18922 828 12828 2052 1182 1395 1933 2865 30455
internal_value=-0.00129767 -0.0032478 0.000960882 -0.00268557 -0.00561557 -0.00982999 -8.97322e-05 -0.00284552 0.000876344 -0.00227801 -4.01798e-05 -0.0128338 -0.0051188 0.0024642
internal_weight=342831 183977 158854 179910 84515 37351 95395 18429 14880 47164 37830 6193 4798 31637
internal_count=342831 183977 158854 179910 84515 37351 95395 18429 14880 47164 37830 6193 4798 31637
is_linear=0
shrinkage=0.04


Tree=36
num_leaves=15
num_cat=0
split_feature=3 10 2 13 8 0 11 11 13 13 15 0 12 2
split_gain=899.477 1609.07 856.058 745.622 745.569 773.699 1154.35 775.893 754.28 724.51 688.348 567.364 554.057 670.446
threshold=23.965068000000006 -25.216138300625953 59.624519500000005 642.89807683317133 0.20726369063125707 3.8699855810887587 4.3398756890465497 1.0000000180025095e-35 264.2857089727114 268.32281790025485 11.201103675124985 20.418505685026478 70.812612839581064 57.537796000000007
decision_type=2 2 2 2 2 2 2 2 2 2 2 2 2 2
left_child=1 -1 -2 -4 10 6 7 -6 -7 -9 -3 -10 -8 -14
right_child=2 4 3 -5 5 8 12 9 11 -11 -12 -13 13 -15
leaf_value=-0.073060432283351601 -0.0014453981506039309 0 0 0.0030424314574983105 -0.0011346003703627922 -0.0027751768065019701 -0.0013673259010117372 0.00068999181761616958 -5.0692501049768301e-05 -4.2140355820466935e-05 -6.1040356125072572e-05 -0.064524950789795019 0.00038878965423416723 -0.0022244587305328737
leaf_weight=3756 4787 101251 134349 6331 3686 3526 7421 1662 49063 13625 811 826 1758 10187
leaf_count=3756 4787 101251 134349 6331 3686 3526 7421 1662 49063 13625 811 826 1758 10187
internal_value=-0.00123601 -0.00299354 0.00115105 0.00171709 -0.00249102 -0.00510757 -0.00944313 -0.00243082 -0.00199569 0.00154118 -0.000138739 -0.000732025 -0.0163131 -0.0109803
internal_weight=343039 197572 145467 140680 193816 91754 38339 18973 53415 15287 102062 49889 19366 11945
internal_count=343039 197572 145467 140680 193816 91754 38339 18973 53415 15287 102062 49889 19366 11945
is_linear=0
shrinkage=0.04


Tree=37
num_leaves=15
num_cat=0
split_feature=3 1 2 9 11 15 13 0 11 13 1 3 3 1
split_gain=897.01 1457.57 831.666 772.437 725.512 704.589 628.81 603.379 1022.34 653.2 610.923 1375.7 622.169 598.732
threshold=22.392242000000003 23.934630683830616 62.104564500000002 0.79815810689974509 21.999580263011175 11.201103675124985 642.89807683317133 3.8699855810887587 4.3398756890465497 264.2857089727114 14.454334445348447 15.574545500000001 4.6593425000000011 19.716852202110385
decision_type=2 2 2 2 2 2 2 2 2 2 2 2 2 2
left_child=1 3 4 7 -2 -5 -4 8 -1 -9 12 -12 -11 -13
right_child=2 -3 6 5 -6 -7 -8 9 -10 10 11 13 -14 -15
leaf_value=-7.1504198996403393e-05 -0.00015181568714949163 -0.080190147794540395 0 0 -0.0094533140293432457 -5.8598741880069662e-05 0.0028488754355036152 -0.0026641697342418913 -0.0013153058340953311 -0.01468709236472256 -0.064863412112563482 0.0011677066763664918 0.00082388812364530108 -0.018296545291650493
leaf_weight=18413 4409 3005 146245 95394 1931 839 6419 3472 18881 1352 2895 8387 28602 2958
leaf_count=18413 4409 3005 146245 95394 1931 839 6419 3472 18881 1352 2895 8387 28602 2958
internal_value=-0.0011789 -0.00307886 0.00102211 -0.00262063 -0.0131735 -0.000166679 0.00161164 -0.00540019 -0.00921113 -0.0024185 -0.00110603 -0.00792697 0.00213661 -0.00164654
internal_weight=343202 184198 159004 181193 6340 96233 152664 84960 37294 47666 44194 14240 29954 11345
internal_count=343202 184198 159004 181193 6340 96233 152664 84960 37294 47666 44194 14240 29954 11345
is_linear=0
shrinkage=0.04


Tree=38
num_leaves=15
num_cat=0
split_feature=9 11 11 14 2 11 11 12 15 10 2 2 15 0
split_gain=856.762 1183.17 988.518 1263.03 1103.27 1041.69 969.007 939.836 666.063 645.602 643.28 637.718 789.292 610.492
threshold=0.4769061527637331 1.0000000180025095e-35 44.55867436896812 0.21256765339438269 53.149446500000003 3.3091346955425727 2.6002330520705663 69.479478716198386 5.108791732625023 -1.0557128475671995 73.979668000000018 109.49369400000002 7.8595107582499688 7.3594146503338349
decision_type=2 2 2 2 2 2 2 2 2 2 2 2 2 2
left_child=1 9 3 4 6 8 -3 -7 -6 10 -1 12 -9 -12
right_child=-2 2 -4 -5 5 7 -8 11 -10 -11 13 -13 -14 -15
leaf_value=-0.0029132163944870786 0 -1.9609226930788622e-05 -0.0072094645291835404 0.00092532009503724954 0.00089379459375945941 -0.00068999855198546844 -0.0006196961284240896 -0.00017193532343092024 0.00019140847723278856 0.00061912287568726158 0.000700153323790973 -0.0020814028421855925 0.0026575928069718412 -0.011569600367062973
leaf_weight=4580 225509 5217 6389 11716 1998 6992 7915 32749 5446 667 1976 21335 8348 2128
leaf_count=4580 225509 5217 6389 11716 1998 6992 7915 32749 5446 667 1976 21335 8348 2128
internal_value=-0.00117341 -0.0039436 -0.00276287 -0.00180424 -0.00341244 -0.00158193 -0.0141273 -0.00310671 0.0126384 -0.0175938 -0.0205067 -0.00154921 0.0013636 -0.00900585
internal_weight=342965 117456 108105 101716 90000 76868 13132 69424 7444 9351 8684 62432 41097 4104
internal_count=342965 117456 108105 101716 90000 76868 13132 69424 7444 9351 8684 62432 41097 4104
is_linear=0
shrinkage=0.04


Tree=39
num_leaves=15
num_cat=0
split_feature=9 11 11 14 2 11 11 12 15 10 2 0 11 14
split_gain=795.688 1118.98 934.166 1176.52 805.877 1072.14 792.188 657.73 627.129 610.096 726.301 576.765 559.449 1426.37
threshold=0.48336337143448477 1.0000000180025095e-35 43.698632486977658 0.21021760849986634 53.149446500000003 3.3091346955425727 2.6002330520705663 66.414375462838919 5.108791732625023 -1.2606359958992812 73.979668000000018 8.0100067300979916 14.836986414513284 0.17356154239959554
decision_type=2 2 2 2 2 2 2 2 2 2 2 2 2 2
left_child=1 9 3 4 6 8 -3 -7 -6 10 -1 -12 -9 -14
right_child=-2 2 -4 -5 5 7 -8 12 -10 -11 11 -13 13 -15
leaf_value=-0.0029325080504361079 0 -1.092681272202703e-05 -0.0066313601942413168 0.00066994941084498995 0.00084479511104843669 -0.00093025214879082472 -0.00056518117201456134 0.0002209664901900086 0.00016389526051848846 0.00046551739856688569 0.00055225451683073691 -0.014413167527583641 -0.0049805767667362678 -0.00072784647712077993
leaf_weight=4377 225234 4518 7083 17777 1986 4483 6993 16700 4809 892 2211 1880 3379 40614
leaf_count=4377 225234 4518 7083 17777 1986 4483 6993 16700 4809 892 2211 1880 3379 40614
internal_value=-0.00109128 -0.00375661 -0.00261025 -0.0016279 -0.00361755 -0.00204582 -0.0134445 -0.00362219 0.0130743 -0.0170256 -0.0203401 -0.00822293 -0.00253011 -0.00489623
internal_weight=342936 117702 108342 101259 83482 71971 11511 65176 6795 9360 8468 4091 60693 43993
internal_count=342936 117702 108342 101259 83482 71971 11511 65176 6795 9360 8468 4091 60693 43993
is_linear=0
shrinkage=0.04


Tree=40
num_leaves=15
num_cat=0
split_feature=3 1 2 11 11 10 3 1 14 3 1 0 1 11
split_gain=773.417 1408.91 795.763 791.294 636.544 1733.98 768.086 1579.77 611.927 664.522 799.484 571.493 628.067 547.272
threshold=22.222291000000002 22.86568661909272 62.104564500000002 22.231148571691087 4.165539101119613 -2.6947627751196044 14.288612000000002 12.70064071285481 0.16176218473511844 4.8947165000000004 4.3008361842375775 18.478166491640483 8.0988484600077744 22.231148571691087
decision_type=2 2 2 2 2 2 2 2 2 2 2 2 2 2
left_child=1 4 3 -2 -1 6 7 8 -6 10 -10 12 -8 -14
right_child=2 -3 -4 -5 5 -7 11 -9 9 -11 -12 -13 13 -15
leaf_value=0 -0.00011173572189900532 -0.073399369233359463 0 -0.0091107876527584276 -0.0040593220332815708 -0.0011148341444592164 -0.0013608297458492929 -0.048624765888306033 0.0030483298776955493 0.0010343744527872827 -0.021554187758612352 -0.057014710442029395 0.0031283015016663933 0.00019337910632064831
leaf_weight=110523 4571 3633 154331 1975 1042 11354 6701 4775 1009 11508 1609 1134 9114 19593
leaf_count=110523 4571 3633 154331 1975 1042 11354 6701 4775 1009 11508 1609 1134 9114 19593
internal_value=-0.00104645 -0.00283261 0.00097416 -0.0126856 -0.00233032 -0.00538039 -0.00251323 -0.00882716 -0.00251055 -0.000328472 -0.018518 0.000932625 0.00182784 0.00440171
internal_weight=342872 181995 160877 6546 178362 67839 56485 19943 15168 14126 2618 36542 35408 28707
internal_count=342872 181995 160877 6546 178362 67839 56485 19943 15168 14126 2618 36542 35408 28707
is_linear=0
shrinkage=0.04


Tree=41
num_leaves=15
num_cat=0
split_feature=9 11 11 14 2 11 11 12 15 10 2 0 2 15
split_gain=702.236 1029.47 891.427 1103.16 935.574 935.533 801.327 705.792 638.154 600.671 666.087 586.626 568.65 707.069
threshold=0.47100454261324909 1.0000000180025095e-35 44.254027269216515 0.21256765339438269 53.149446500000003 3.3091346955425727 2.6002330520705663 69.479478716198386 5.108791732625023 -1.2606359958992812 73.979668000000018 7.8121020439837929 109.77900350000002 7.8595107582499688
decision_type=2 2 2 2 2 2 2 2 2 2 2 2 2 2
left_child=1 9 3 4 6 8 -3 -7 -6 10 -1 -12 13 -9
right_child=-2 2 -4 -5 5 7 -8 12 -10 -11 11 -13 -14 -15
leaf_value=-0.0028389379550593629 0 -1.4891387223557596e-05 -0.0066617714354522111 0.00085980746903920079 0.0008211432067831366 -0.00062406385984857093 -0.00054840091317807124 -0.00014729110835815629 0.00017363412675836548 0.00044689670262421024 0.00064683196260817703 -0.011693407410166832 -0.0019383458921820129 0.0026158995297836923
leaf_weight=4367 226094 5181 6491 11672 1982 7012 7885 33060 5380 907 2117 1979 20354 8428
leaf_count=4367 226094 5181 6491 11672 1982 7012 7885 33060 5380 907 2117 1979 20354 8428
internal_value=-0.000928176 -0.00344648 -0.00233757 -0.00141371 -0.00292556 -0.00123019 -0.0128149 -0.00267929 0.0123227 -0.0161622 -0.0194777 -0.00789063 -0.00131561 0.001371
internal_weight=342909 116815 107445 100954 89282 76216 13066 68854 7362 9370 8463 4096 61842 41488
internal_count=342909 116815 107445 100954 89282 76216 13066 68854 7362 9370 8463 4096 61842 41488
is_linear=0
shrinkage=0.04


Tree=42
num_leaves=15
num_cat=0
split_feature=3 1 2 11 11 1 13 0 3 1 3 1 1 11
split_gain=690.203 1399.28 735.926 773.835 591.598 1523.46 672.971 748.705 802.921 650.529 630.983 1083.68 839.242 600.596
threshold=21.860740000000003 22.632101820621266 62.104564500000002 21.999580263011175 4.3398756890465497 2.7393691191600569 268.7841962257441 13.772709359793771 15.574545500000001 17.653687336794096 14.288612000000002 12.70064071285481 7.7617538204089849 19.514737732097732
decision_type=2 2 2 2 2 2 2 2 2 2 2 2 2 2
left_child=1 4 3 -2 -1 -6 13 10 -9 -10 11 -8 -12 -7
right_child=2 -3 -4 -5 5 6 7 8 9 -11 12 -13 -14 -15
leaf_value=0 -9.1224233523964779e-05 -0.076209534811707655 0 -0.0087511329290837388 -0.0011374685251214029 0.0013477650460175115 0.00033460143531099387 -0.068977049562360837 0.0034905959643817437 -0.050233035598541864 -0.0014573153863338801 -0.036728538790039081 0.0029883415332437259 -0.002356808974018808
leaf_weight=109839 4935 3119 158337 2028 10824 1682 11470 1487 2585 1643 4669 3644 19691 7090
leaf_count=109839 4935 3119 158337 2028 10824 1682 11470 1487 2585 1643 4669 3644 19691 7090
internal_value=-0.00091557 -0.00264584 0.000944949 -0.0117823 -0.00217152 -0.00520306 -0.00245585 -0.000487729 -0.0140192 -0.00512772 0.00147135 -0.00494905 0.00545484 -0.0125946
internal_weight=343043 177743 165300 6963 174624 64785 53961 45189 5715 4228 39474 15114 24360 8772
internal_count=343043 177743 165300 6963 174624 64785 53961 45189 5715 4228 39474 15114 24360 8772
is_linear=0
shrinkage=0.04


Tree=43
num_leaves=15
num_cat=0
split_feature=3 1 2 11 11 1 15 12 13 3 10 3 9 13
split_gain=665.442 1438.93 783.343 850.257 691.767 1330.17 644.737 993.428 617.584 581.889 560.672 1023.65 826.157 612.601
threshold=20.067620000000002 20.907972196183767 69.363895500000027 21.999580263011175 4.8795981258141259 3.8933435068430655 5.0400225216250343 66.096539544574753 642.89807683317133 4.5800125000000014 -15.240060667913623 14.994997500000002 0.33115966592307766 268.7841962257441
decision_type=2 2 2 2 2 2 2 2 2 2 2 2 2 2
left_child=1 4 3 -2 -1 6 -6 -8 -4 -7 11 -11 -13 -12
right_child=2 -3 8 -5 5 9 7 -9 -10 10 13 12 -14 -15
leaf_value=0 -0.00013379243598919205 -0.088197276927393667 0 -0.0080380259628690005 -0.0039858917062883057 -0.017997046994136852 -0.0015075841376770186 0.00013106185852440779 0.0027828063802642499 -0.075223448323328529 -0.0015098364532439902 -0.024701838173873229 0.0026339736499527444 0.00095356694409298357
leaf_weight=105396 9055 2226 162738 2786 4773 1135 2672 4091 6614 2400 5836 2389 4773 26420
leaf_count=105396 9055 2226 162738 2786 4773 1135 2672 4091 6614 2400 5836 2389 4773 26420
internal_value=-0.000880735 -0.00274257 0.000785019 -0.00916139 -0.0022979 -0.00595717 -0.0180166 -0.0100725 0.00148047 -0.00271832 -0.00195131 -0.0104581 -0.00288188 0.000570437
internal_weight=343304 162111 181193 11841 159885 54489 11536 6763 169352 42953 41818 9562 7162 32256
internal_count=343304 162111 181193 11841 159885 54489 11536 6763 169352 42953 41818 9562 7162 32256
is_linear=0
shrinkage=0.04


Tree=44
num_leaves=15
num_cat=0
split_feature=3 10 0 2 11 13 11 11 10 11 10 1 3 11
split_gain=640.543 1373.68 829.454 736.095 819.323 599.923 520.982 515.544 863.748 442.599 939.549 628.312 1057.14 612.053
threshold=20.067620000000002 -21.555890674319954 14.1019506487524 69.363895500000027 21.999580263011175 642.89807683317133 10.505208136561 0.57065146100696917 -1.0000000180025095e-35 26.909588977390921 -4.2697226269026727 11.081407831670598 13.603096500000001 4.8795981258141259
decision_type=2 2 2 2 2 2 2 2 2 2 2 2 2 2
left_child=1 -1 9 4 7 -5 -7 8 -2 11 -11 13 -13 -3
right_child=3 2 -4 5 -6 6 -8 -9 -10 10 -12 12 -14 -15
leaf_value=-0.09612721872380442 -0.0033467471700308685 0 -0.03667273983929225 0 -0.0077132930556861028 -0.00052747144413044841 0.0042057276277471679 7.4918045179349631e-05 0.38813072002713206 -0.0015253428337988822 -0.009394230178049575 -0.020738484860573576 0.0050993570463492045 -0.0008284084583592363
leaf_weight=1809 1521 104486 3744 162389 2831 1077 5535 7154 301 14628 1905 1733 8814 24514
leaf_count=1809 1521 104486 3744 162389 2831 1077 5535 7154 301 14628 1905 1733 8814 24514
internal_value=-0.000811819 -0.00264154 -0.00224922 0.000823857 -0.00883205 0.00149845 0.0133091 -0.00291444 -0.02191 -0.00180292 -0.00799129 -0.00106975 0.00831706 -0.00183721
internal_weight=342441 161633 159824 180808 11807 169001 6612 8976 1822 156080 16533 139547 10547 129000
internal_count=342441 161633 159824 180808 11807 169001 6612 8976 1822 156080 16533 139547 10547 129000
is_linear=0
shrinkage=0.04


Tree=45
num_leaves=15
num_cat=0
split_feature=1 11 3 1 1 3 11 1 1 3 14 8 15 3
split_gain=631.31 687.441 513.96 525.351 503.769 1615.38 576.073 1670.24 562.303 1432.66 552.56 457.538 443.52 510.193
threshold=32.743326143884168 43.219762293448305 35.560344000000008 38.265335417288071 19.274766420872229 19.257424500000003 21.035938411896467 4.0596622581066706 28.214248726885007 26.118007000000002 0.21135727656717004 0.32383511935602299 5.0120371472499707 23.228541000000003
decision_type=2 2 2 2 2 2 2 2 2 2 2 2 2 2
left_child=1 4 3 -2 6 -6 -1 -8 12 -10 -9 -3 -7 -14
right_child=2 11 -4 -5 5 8 7 10 9 -11 -12 -13 13 -15
leaf_value=0 0.0045475535267025108 -0.00083011523496656983 0.0037805303760122446 -0.13531798424430797 -0.063519819499643471 0.0098515021625546467 -0.0078136443611020664 -0.00075856317633610584 -0.085018084203894603 0.0021382896716412086 0.0075700947316603351 -0.005084832388622406 -0.0048946423562597199 0.0024467572428498344
leaf_weight=221163 1393 7635 20555 880 2529 5961 3988 37742 2040 6149 1357 9513 4030 17907
leaf_count=221163 1393 7635 20555 880 2529 5961 3988 37742 2040 6149 1357 9513 4030 17907
internal_value=-0.000819503 -0.00127794 0.00560715 -0.0124417 -0.000836806 0.0034307 -0.00146044 -0.00569174 0.00559648 -0.00361949 -0.00317655 -0.00906928 0.00830167 0.00567261
internal_weight=342842 320014 22828 2273 302866 38616 264250 43087 36087 8189 39099 17148 27898 21937
internal_count=342842 320014 22828 2273 302866 38616 264250 43087 36087 8189 39099 17148 27898 21937
is_linear=0
shrinkage=0.04


Tree=46
num_leaves=15
num_cat=0
split_feature=1 11 3 2 3 15 11 1 15 11 12 3 2 13
split_gain=578.158 619.006 513.158 455.372 789.221 1062.25 758.867 867.268 733.34 699.476 748.251 664.326 616.341 568.868
threshold=32.743326143884168 44.55867436896812 32.464177000000014 70.179824500000009 12.750017500000002 3.0431176787500083 0.57065146100696917 1.4774195525753775 11.201103675124985 7.8759035129609822 72.026337774870186 4.8077665000000005 108.42320650000001 228.57383096747418
decision_type=2 2 2 2 2 2 2 2 2 2 2 2 2 2
left_child=1 3 -2 4 8 -6 7 -7 -1 -8 -11 -5 13 -13
right_child=2 -3 -4 11 5 6 9 -9 -10 10 -12 12 -14 -15
leaf_value=0 -0.094197878660157761 -0.0039102223823477104 0.0034975718025049051 -0.0067746715433109365 -0.0066300066685058105 0.3227378273010254 9.3821457987725566e-05 -0.0028538992397403838 -5.6254792204866872e-05 -0.0026354585601618308 -0.00023813085672163057 -0.0033293223181050523 0 0.00071394502307143756
leaf_weight=77664 1177 14479 21672 2500 2071 502 10088 3133 801 3621 5582 738 151897 46915
leaf_count=77664 1177 14479 21672 2500 2071 502 10088 3133 801 3621 5582 738 151897 46915
internal_value=-0.000781472 -0.00122041 0.00536566 -0.000837414 -0.0029955 -0.0091851 -0.0067068 -0.0234718 -0.00102364 -0.00354777 -0.0115223 0.000267657 0.00052438 0.00449332
internal_weight=342840 319991 22849 305512 103462 24997 22926 3635 78465 19291 9203 202050 199550 47653
internal_count=342840 319991 22849 305512 103462 24997 22926 3635 78465 19291 9203 202050 199550 47653
is_linear=0
shrinkage=0.04


Tree=47
num_leaves=15
num_cat=0
split_feature=9 11 11 14 1 11 1 11 14 3 1 14 12 2
split_gain=607.404 1071.58 806.826 898.524 614.69 913.941 1205.01 810.667 714.747 609.907 709.865 608.428 591.622 734.679
threshold=0.4769061527637331 1.0000000180025095e-35 43.985379508289604 0.21021760849986634 0.94604047931402968 14.082690525388223 3.8933435068430655 2.6002330520705663 0.19664582477016793 4.9691255000000014 4.3837519309374633 0.17002377295782856 73.239138307204243 95.008430500000017
decision_type=2 2 2 2 2 2 2 2 2 2 2 2 2 2
left_child=1 -1 3 4 7 8 -7 -3 9 10 -6 -8 -5 -14
right_child=-2 2 -4 12 5 6 11 -9 -10 -11 -12 -13 13 -15
leaf_value=-0.0019787701872431402 0 4.8507382253796251e-05 -0.0058240573470486213 -0.00011597367163567116 0.0030956121239752513 -0.0052462201197424983 -0.0026132519986574792 -0.00042656104741006871 -8.6695084493483847e-05 0.00094549555689984078 -0.019771721838545097 -0.00043984505501403967 0.0038148502459026162 0.00094403007116467268
leaf_weight=9394 225640 4421 6745 6106 937 3972 1956 7421 13095 10556 855 40262 4914 6776
leaf_count=9394 225640 4421 6745 6106 937 3972 1956 7421 13095 10556 855 40262 4914 6776
internal_value=-0.00084664 -0.00317997 -0.00205303 -0.00116085 -0.00290051 -0.00150489 -0.00485819 -0.0113427 0.00458279 0.0114869 -0.0100893 -0.0028765 0.00699933 0.0122703
internal_weight=343050 117410 108016 101271 83475 71633 46190 11842 25443 12348 1792 42218 17796 11690
internal_count=343050 117410 108016 101271 83475 71633 46190 11842 25443 12348 1792 42218 17796 11690
is_linear=0
shrinkage=0.04


Tree=48
num_leaves=15
num_cat=0
split_feature=9 11 11 14 2 11 11 12 3 2 12 14 11 1
split_gain=589.636 964.533 794.956 868.032 707.637 786.07 760.932 600.57 456.964 467.65 510.624 453.21 887.514 472.378
threshold=0.47100454261324909 1.0000000180025095e-35 40.905212376945009 0.21256765339438269 53.149446500000003 3.3091346955425727 4.8795981258141259 62.912080173736165 12.750017500000002 75.733524000000003 75.193795048881114 0.22601595510611858 12.409388929243958 19.509654899482261
decision_type=2 2 2 2 2 2 2 2 2 2 2 2 2 2
left_child=1 8 3 4 6 -6 -3 -7 -1 -10 -11 13 -13 -2
right_child=11 2 -4 -5 5 7 -8 -9 9 10 -12 12 -14 -15
leaf_value=-2.6747371385181519e-05 0 -7.4900405240608259e-05 -0.0053214200547292423 0.00077919836675091072 0.00040400223816916845 -0.0012312740314565612 -0.0010595660357145761 -0.00019126408211314283 -0.0029937623260647712 0.0013726128687210854 -0.0074508670669486332 0 -0.0063704358154329493 0.001865420734216805
leaf_weight=2396 165008 9155 8985 11115 7335 1993 3910 64791 3822 1221 1917 5484 2465 53323
leaf_count=2396 165008 9155 8985 11115 7335 1993 3910 64791 3822 1221 1917 5484 2465 53323
internal_value=-0.000806369 -0.0031166 -0.00204243 -0.00100143 -0.00234355 -0.000830556 -0.0109269 -0.00219574 -0.0154339 -0.0206207 -0.00917782 0.000384479 -0.00899736 0.000726054
internal_weight=342920 116640 107284 98299 87184 74119 13065 66784 9356 6960 3138 226280 7949 218331
internal_count=342920 116640 107284 98299 87184 74119 13065 66784 9356 6960 3138 226280 7949 218331
is_linear=0
shrinkage=0.04


Tree=49
num_leaves=15
num_cat=0
split_feature=3 10 2 11 10 15 2 0 0 12 11 11 11 10
split_gain=544.698 1266.09 696.018 688.159 469.868 658.554 536.574 609.008 437.471 396.339 372.454 355.565 305.305 1462.06
threshold=21.860740000000003 -23.142599113206565 62.104564500000002 21.999580263011175 -19.289194587943253 4.7572720227499881 110.29874400000001 15.329720909393307 18.478166491640483 57.130273955935131 14.836986414513284 61.272338784945781 4.6232998993645689 -2.6947627751196044
decision_type=2 2 2 2 2 2 2 2 2 2 2 2 2 2
left_child=1 -1 3 9 5 -4 10 -8 11 -2 -7 12 -3 -14
right_child=2 8 4 -5 -6 6 7 -9 -10 -11 -12 -13 13 -15
leaf_value=-0.075117666449958792 0.0005592474221721253 0 0.0075104915600821632 -0.0071170651124758686 0 -0.049551758752673487 0.0011284490392712433 -0.0033326540774373404 -0.061778808226814981 -0.00023619908236093449 0.0043760195977079787 -0.029867593844277993 -0.00031848055145969475 -0.0010230171700109252
leaf_weight=2664 349 110378 5808 2047 93692 236 40356 8308 985 4582 10162 475 52914 10158
leaf_count=2664 349 110378 5808 2047 93692 236 40356 8308 985 4582 10162 475 52914 10158
internal_value=-0.000762895 -0.00230169 0.000887761 -0.0114761 0.00143187 0.00404871 0.00278487 0.00102252 -0.00188486 -0.00338268 0.0110329 -0.00173431 -0.00163967 -0.00385972
internal_weight=343114 177574 165540 6978 158562 64870 59062 48664 174910 4931 10398 173925 173450 63072
internal_count=343114 177574 165540 6978 158562 64870 59062 48664 174910 4931 10398 173925 173450 63072
is_linear=0
shrinkage=0.04


Tree=50
num_leaves=15
num_cat=0
split_feature=3 1 0 2 11 3 1 10 15 2 11 12 12 11
split_gain=506.543 1321.08 706.393 666.687 875.11 466.442 678.162 417.742 704.103 614.734 618.504 435.048 416.425 396.603
threshold=20.067620000000002 21.768615425559343 14.1019506487524 63.039150000000006 21.999580263011175 15.874584500000001 17.101640071235519 -15.589694462232567 5.0120371472499707 110.29874400000001 12.060277981546717 106.66292235578824 57.130273955935131 26.083651143029233
decision_type=2 2 2 2 2 2 2 2 2 2 2 2 2 2
left_child=1 2 13 4 12 -4 -7 8 -5 10 -10 -12 -2 -1
right_child=3 -3 5 7 -6 6 -8 -9 9 -11 11 -13 -14 -15
leaf_value=0 0.00053687752528524028 -0.091584600164668045 -0.063770165154609815 0.002430366986872289 -0.0069407892880138265 0.0042679637930751677 -0.066742518408655888 0 -0.047569688402566548 -4.4153321327916188e-05 0.0067280132524323057 0.0025254669250646036 -0.00019908894403982276 -0.0026710496231531441
leaf_weight=138971 381 1680 1302 14140 2382 1379 1054 87620 402 57138 1736 10503 6598 17530
leaf_count=138971 381 1680 1302 14140 2382 1379 1054 87620 402 57138 1736 10503 6598 17530
internal_value=-0.000755274 -0.00238049 -0.00201053 0.000699392 -0.00969555 -0.0192021 -0.00886149 0.00126665 0.00328364 0.0016343 0.00961633 0.0112199 -0.00255051 -0.00160025
internal_weight=342816 161916 160236 180900 9361 3735 2433 171539 83919 69779 12641 12239 6979 156501
internal_count=342816 161916 160236 180900 9361 3735 2433 171539 83919 69779 12641 12239 6979 156501
is_linear=0
shrinkage=0.04


Tree=51
num_leaves=15
num_cat=0
split_feature=10 11 3 3 8 10 2 11 15 0 3 2 11 3
split_gain=491.556 496.722 490.853 455.663 401.81 529.686 359.92 791.979 599.386 594.069 590.566 489.088 526.807 554.824
threshold=-32.613902055287191 44.55867436896812 32.749185500000003 14.386707000000003 0.4486618913018206 -16.403613827566105 70.179824500000009 21.999580263011175 11.201103675124985 5.2683106076224986 4.5800125000000014 108.42320650000001 1.0000000180025095e-35 14.497076500000002
decision_type=2 2 2 2 2 2 2 2 2 2 2 2 2 2
left_child=2 6 -1 -3 5 -5 7 8 -2 -9 -8 12 -12 -14
right_child=1 3 -4 4 -6 -7 10 9 -10 -11 11 -13 13 -15
leaf_value=-0.086902977306736434 0 -0.040436761764316848 0.0032161058813020712 -0.0011457265298970042 -0.0046244155387493244 0.073805918895936393 -0.0082576458042177541 -0.0065442608185599781 -5.4004600516672196e-05 0.0034578891075668114 -0.00052995958629553197 0 -0.00071209904062244421 0.001106536941287936
leaf_weight=1340 98847 1237 21679 6501 6066 587 1431 3159 840 737 4855 152083 10404 33194
leaf_count=1340 98847 1237 21679 6501 6066 587 1431 3159 840 737 4855 152083 10404 33194
internal_value=-0.0007784 -0.00118459 0.00486728 -0.00844695 -0.00626425 0.00020316 -0.000842546 -0.00275953 -0.00206807 -0.0204517 0.000140617 0.000323333 0.00382309 0.00521492
internal_weight=342960 319941 23019 14391 13154 7088 305550 103583 99687 3896 201967 200536 48453 43598
internal_count=342960 319941 23019 14391 13154 7088 305550 103583 99687 3896 201967 200536 48453 43598
is_linear=0
shrinkage=0.04


Tree=52
num_leaves=15
num_cat=0
split_feature=9 11 11 14 11 12 11 12 12 2 10 2 0 14
split_gain=498.751 860.46 667.59 700.184 542.861 1015.79 678.493 619.967 510.58 749.67 473.87 609.266 586.33 459.154
threshold=0.47100454261324909 1.0000000180025095e-35 45.912765332542143 0.21021760849986634 3.3091346955425727 69.479478716198386 6.1284427892812454 68.19382612338741 73.239138307204243 95.008430500000017 -1.2606359958992812 74.617874000000015 9.0228626727206045 0.17356154239959554
decision_type=2 2 2 2 2 2 2 2 2 2 2 2 2 2
left_child=1 10 3 4 7 6 -6 -3 -5 -10 11 -1 -13 -7
right_child=-2 2 -4 8 5 13 -8 -9 9 -11 -12 12 -14 -15
leaf_value=-0.0025272969461732613 0 2.205690556072157e-05 -0.0059385118594246205 -0.00012984739650656816 -8.7660032985934646e-05 -0.0013203405362939677 -0.0017697963346022161 0.00084092397207272021 0.0034665449717463681 0.000650278791895367 0.00042146695231585839 0.00059796651655343828 -0.015356080705522489 -0.00012904322501936308
leaf_weight=4446 226228 10557 5654 6099 5532 6394 5636 2123 4939 6862 899 2514 1505 53529
leaf_count=4446 226228 10557 5654 6099 5532 6394 5636 2123 4939 6862 899 2514 1505 53529
internal_value=-0.00082224 -0.00294629 -0.0019317 -0.00118775 -0.00272218 -0.00408209 -0.0151576 0.00490221 0.0059933 0.0108499 -0.014575 -0.0175074 -0.00622045 -0.00201792
internal_weight=342917 116689 107325 101671 83771 71091 11168 12680 17900 11801 9364 8465 4019 59923
internal_count=342917 116689 107325 101671 83771 71091 11168 12680 17900 11801 9364 8465 4019 59923
is_linear=0
shrinkage=0.04


Tree=53
num_leaves=15
num_cat=0
split_feature=9 11 11 14 11 0 13 11 0 14 14 1 3 2
split_gain=464.419 821.492 588.957 648.626 504.414 938.872 517.246 493.291 1173.35 600.253 540.875 519.036 1169.56 484.472
threshold=0.48336337143448477 1.0000000180025095e-35 45.256273838295392 0.21021760849986634 3.3091346955425727 1.3767368798725357 268.32281790025485 14.836986414513284 3.8699855810887587 0.19957040715700683 0.17002377295782856 4.4512312915371099 5.2744745000000011 85.071682000000024
decision_type=2 2 2 2 2 2 2 2 2 2 2 2 2 2
left_child=1 -1 3 4 6 -6 -3 9 -9 11 -10 -7 -13 -8
right_child=-2 2 -4 -5 5 7 13 8 10 -11 -12 12 -14 -15
leaf_value=-0.001713585662716713 0 0.00072557454236733929 -0.0053277052175565763 0.00042550225342902355 -0.00046479550185429336 0.0014373251928460197 9.3025047128750261e-06 -0.0053842760715957227 -0.002358820656982607 -0.00027121030459355397 -0.00040105049585454733 -0.016818570607619095 0.0017613039707909351 0.0017342490180041667
leaf_weight=9345 225173 733 6066 18060 8294 4126 11061 3533 1965 7609 40146 1242 4768 902
leaf_count=9345 225173 733 6066 18060 8294 4126 11061 3533 1965 7609 40146 1242 4768 902
internal_value=-0.000775225 -0.00280967 -0.00182959 -0.00111247 -0.002585 -0.00388656 0.00476371 -0.00223067 -0.00443081 0.00342857 -0.0025732 0.00980268 0.00230283 0.00276519
internal_weight=343023 117850 108505 102439 84379 71683 12696 63389 45644 17745 42111 10136 6010 11963
internal_count=343023 117850 108505 102439 84379 71683 12696 63389 45644 17745 42111 10136 6010 11963
is_linear=0
shrinkage=0.04


Tree=54
num_leaves=15
num_cat=0
split_feature=9 11 11 14 2 11 15 11 12 2 11 10 2 1
split_gain=450.346 714.421 602.351 660.275 592.271 703.958 665.423 656.573 510.028 483.945 495.803 435.209 545.603 592.674
threshold=0.47100454261324909 1.0000000180025095e-35 40.905212376945009 0.21256765339438269 53.149446500000003 3.3091346955425727 5.108791732625023 5.3730738532521771 69.479478716198386 87.590984500000005 1.3371435283995472 -1.159685791756061 75.733524000000003 12.191880711719506
decision_type=2 2 2 2 2 2 2 2 2 2 2 2 2 2
left_child=1 11 3 4 7 6 -6 -3 -7 10 -8 12 -1 -14
right_child=-2 2 -4 -5 5 8 9 -9 -10 -11 -12 -13 13 -15
leaf_value=-0.0023017199725670965 0 -7.1536844167487677e-05 -0.004551557229191228 0.00062694302290155406 0.0007214071155560069 -0.00053283243612183755 -0.0029956311893699879 -0.0010788933784492305 -0.00012973701691471024 0.0017240053002792622 0.00011698136174448752 0.00053702924585118247 0.00041987186936526369 -0.022031571885919154
leaf_weight=4663 226315 9682 8983 11189 1992 6904 882 3346 59741 716 3802 749 3093 858
leaf_count=4663 226315 9682 8983 11189 1992 6904 882 3346 59741 716 3802 749 3093 858
internal_value=-0.00076882 -0.00278834 -0.00186316 -0.000956704 -0.0021322 -0.000748275 0.0109632 -0.00999693 -0.00204727 0.00367407 -0.00100769 -0.0133846 -0.0159276 -0.00499114
internal_weight=342915 116600 107237 98254 87065 74037 7392 13028 66645 5400 4684 9363 8614 3951
internal_count=342915 116600 107237 98254 87065 74037 7392 13028 66645 5400 4684 9363 8614 3951
is_linear=0
shrinkage=0.04


Tree=55
num_leaves=15
num_cat=0
split_feature=3 1 0 1 11 15 15 2 11 14 12 14 12 1
split_gain=449.324 1290.1 747.176 643.089 919.689 693.381 604.222 559.358 559.052 447.933 436.738 365.309 351.426 345.132
threshold=20.067620000000002 21.768615425559343 14.671789877528768 15.527899786389431 20.0459393962612 4.1789731969999773 5.0120371472499707 110.29874400000001 12.060277981546717 0.21021760849986634 106.66292235578824 0.20414199907131844 57.130273955935131 46.270316173168986
decision_type=2 2 2 2 2 2 2 2 2 2 2 2 2 2
left_child=1 2 -1 4 12 -6 -5 8 -8 -7 -10 -12 -2 -9
right_child=3 -3 -4 6 5 9 7 13 10 -11 11 -13 -14 -15
leaf_value=0 0.00051253468942693723 -0.088760968495318379 -0.039240586667020912 0.0023420029417910312 -0.0059429655980094299 -0.0014396045250029798 -0.035381105759904552 -0.00028426080971306113 0.0064328323748091181 0.019090101368645626 0.004538643845364748 0.00037086434334479698 0 0.0058033806951416538
leaf_weight=157153 368 1668 2952 14223 1415 10542 434 52839 1758 574 4831 5750 83808 4506
leaf_count=157153 368 1668 2952 14223 1415 10542 434 52839 1758 574 4831 5750 83808 4506
internal_value=-0.000737878 -0.00226985 -0.00190525 0.000630993 -0.00159533 -0.0117054 0.00318374 0.00165892 0.00922884 -0.00834833 0.0107983 0.00773084 -9.0287e-05 -2.72038e-05
internal_weight=342821 161773 160105 181048 96707 12531 84341 70118 12773 11116 12339 10581 84176 57345
internal_count=342821 161773 160105 181048 96707 12531 84341 70118 12773 11116 12339 10581 84176 57345
is_linear=0
shrinkage=0.04


Tree=56
num_leaves=15
num_cat=0
split_feature=10 3 11 10 12 11 13 3 13 14 10 12 0 10
split_gain=441.41 1713.59 667.606 1832.66 518.702 505.452 470.287 533.431 492.779 444.24 432.188 322.874 308.648 522.516
threshold=-19.289194587943253 18.932407000000005 21.780408051372241 -5.1896401164506463 105.65198834253742 29.797163326887159 513.32521284928225 13.902190500000001 268.7841962257441 0.20033672309383191 -13.451633283327718 65.721071776430378 3.3823712387924298 -29.525837302262353
decision_type=2 2 2 2 2 2 2 2 2 2 2 2 2 2
left_child=1 -1 -2 4 9 -3 7 10 -9 -4 -6 -11 13 -7
right_child=2 5 3 -5 6 12 -8 8 -10 11 -12 -13 -14 -15
leaf_value=-0.071616939867592017 0 0.0030917754806427606 -0.0010070954934202111 -0.0067690778184504238 -0.063128354050070196 -0.02871334954636592 -0.0021080088799998419 -0.0012501326758296127 0.0005377558734945729 -0.01228114718512467 -0.0018535016204655197 0.0090207246210669816 3.8754684294853849e-05 0.017017621882546258
leaf_weight=2576 225654 16808 1648 5391 1935 2424 4532 4397 20782 137 3833 2045 45473 5486
leaf_count=2576 225654 16808 1648 5391 1935 2424 4532 4397 20782 137 3833 2045 45473 5486
internal_value=-0.000661691 0.0021037 -0.00140601 -0.00587204 -0.00287262 0.00327962 -0.00438231 -0.00261996 -0.000106438 0.0111123 -0.0135922 0.0229514 0.00137497 0.00866751
internal_weight=343121 72767 270354 44700 39309 70191 35479 30947 25179 3830 5768 2182 53383 7910
internal_count=343121 72767 270354 44700 39309 70191 35479 30947 25179 3830 5768 2182 53383 7910
is_linear=0
shrinkage=0.04


Tree=57
num_leaves=15
num_cat=0
split_feature=1 3 11 3 0 1 3 11 1 14 15 12 13 11
split_gain=417.879 469.967 412.443 585.833 538.002 437.959 1410.09 696.883 1556.66 498.649 426.366 722.632 405.689 328.594
threshold=32.743326143884168 31.391348000000004 39.939672343858348 14.386707000000003 3.4530346696890057 16.380555626694512 18.596571000000001 14.498763674921298 3.8933435068430655 0.21135727656717004 5.0400225216250343 73.239138307204243 268.7841962257441 12.741309983177
decision_type=2 2 2 2 2 2 2 2 2 2 2 2 2 2
left_child=2 -2 5 -4 -5 7 -7 -1 10 12 -9 -12 -10 -8
right_child=1 -3 3 4 -6 6 13 8 9 -11 11 -13 -14 -15
leaf_value=0 -0.097369963808062399 0.0029256132352574907 -0.03254961389422386 0.02259517305620256 -0.0023005308061745454 -0.042926753965912771 -0.03197631421410782 -0.0059040197657712172 -0.0014630199399356071 0.01085885990655106 -0.0038823842497148113 0.0075030180897615794 -0.00037594730297268807 0.0011928246454759907
leaf_weight=202622 837 21963 1862 4506 18913 3058 332 3521 7175 1113 1514 439 31465 43598
leaf_count=202622 837 21963 1862 4506 18913 3058 332 3521 7175 1113 1514 439 31465 43598
internal_value=-0.000712823 0.0045193 -0.00108547 -0.00598869 -0.00427175 -0.000665045 0.00287563 -0.0013363 -0.00582572 -0.00307197 -0.0258239 -0.0108346 -0.0038323 0.00470385
internal_weight=342918 22800 320118 25281 23419 294837 46988 247849 45227 39753 5474 1953 38640 43930
internal_count=342918 22800 320118 25281 23419 294837 46988 247849 45227 39753 5474 1953 38640 43930
is_linear=0
shrinkage=0.04


Tree=58
num_leaves=15
num_cat=0
split_feature=9 11 11 1 11 11 14 12 14 3 1 10 2 1
split_gain=411.473 645.03 526.063 616.001 870.602 533.096 1201.96 891.002 477.3 445.772 1365.06 429.872 502.836 506.216
threshold=0.48336337143448477 1.0000000180025095e-35 40.905212376945009 0.94604047931402968 5.3730738532521771 14.498763674921298 0.17356154239959554 73.239138307204243 0.18619686814031253 14.795405000000001 13.418948259231295 -1.2606359958992812 74.617874000000015 12.191880711719506
decision_type=2 2 2 2 2 2 2 2 2 2 2 2 2 2
left_child=1 11 3 4 -3 8 -7 -8 -5 10 -9 12 -1 -14
right_child=-2 2 -4 5 -6 6 7 9 -10 -11 -12 -13 13 -15
leaf_value=-0.002246575617740768 0 -4.6891117565257682e-05 -0.0038547979636851318 0.00057021593836124776 -0.0010470576647188029 -0.003856216276118242 -0.0037047405503737121 0.00049446940576094783 8.82232456674184e-05 0.00062492805466402295 -0.060521817602020668 0.00045995540543822434 0.00025284150607955967 -0.02069308814893242
leaf_weight=4469 225280 10082 9289 6906 3402 3197 2822 6680 26112 37759 2080 896 3179 860
leaf_count=4469 225280 10082 9289 6906 3402 3197 2822 6680 26112 37759 2080 896 3179 860
internal_value=-0.000727203 -0.00264361 -0.00177127 -0.000917609 -0.00886384 0.000334752 -0.00216834 -0.000628281 0.00431764 0.00069563 -0.00743379 -0.0126925 -0.0154678 -0.00523892
internal_weight=343013 117733 108329 99040 13484 85556 52538 49341 33018 46519 8760 9404 8508 4039
internal_count=343013 117733 108329 99040 13484 85556 52538 49341 33018 46519 8760 9404 8508 4039
is_linear=0
shrinkage=0.04


Tree=59
num_leaves=15
num_cat=0
split_feature=1 3 11 1 1 3 12 13 3 1 1 3 14 0
split_gain=398.264 450.546 377.411 1641.59 560.341 544.158 363.702 413.349 427.769 918.69 555.041 1264.17 666.507 1190.01
threshold=32.743326143884168 31.650090000000002 26.371628086548988 5.2253421550685113 16.380555626694512 18.932407000000005 107.61835190673933 513.32521284928225 19.404754500000006 17.653687336794096 28.417653099473686 26.427089500000005 0.18645488846809355 5.6263496318684778
decision_type=2 2 2 2 2 2 2 2 2 2 2 2 2 2
left_child=2 -2 4 -4 -1 -6 -5 8 9 -8 12 -12 -10 -14
right_child=1 -3 3 6 5 -7 7 -9 10 -11 11 -13 13 -15
leaf_value=0 -0.0934751652557399 0.0028507836400051001 -0.0070038595911204315 0.0041821601835094905 -0.032234008507208957 0.0016141667258395742 -0.00028083498023539713 -0.0016765937827710115 -0.0011992558647437334 -0.048209813782931772 -0.084619270764623472 0.0012457443718365037 0.059202560216999205 0.00038374610549639452
leaf_weight=232545 895 21851 3639 2671 1397 19814 11131 10584 6273 4157 2295 4924 5927 14531
leaf_count=232545 895 21851 3639 2671 1397 19814 11131 10584 6273 4157 2295 4924 5927 14531
internal_value=-0.000672087 0.0044421 -0.00103574 -0.00372709 -0.000334337 0.0058894 -0.00220633 -0.00285113 -0.00130956 -0.00686552 0.00119234 -0.0086494 0.00385021 0.00734774
internal_weight=342634 22746 319888 66132 253756 21211 62493 59822 49238 15288 33950 7219 26731 20458
internal_count=342634 22746 319888 66132 253756 21211 62493 59822 49238 15288 33950 7219 26731 20458
is_linear=0
shrinkage=0.04


Tree=60
num_leaves=15
num_cat=0
split_feature=9 11 11 12 2 11 3 1 13 3 13 11 3 1
split_gain=411.888 605.379 517.093 1086.87 750.703 654.309 588.22 577.725 476.272 427.017 385.382 372.463 401.316 720.082
threshold=0.48336337143448477 1.0000000180025095e-35 2.7010737440372448 72.026337774870186 108.82138850000003 6.1284427892812454 51.142863500000011 3.7936926283896888 228.57383096747418 12.750017500000002 268.32281790025485 46.659847217997346 4.8947165000000004 4.3008361842375775
decision_type=2 2 2 2 2 2 2 2 2 2 2 2 2 2
left_child=1 9 10 5 6 -4 8 -6 -5 -1 -3 12 13 -10
right_child=-2 2 3 4 7 -7 -8 -9 11 -11 -12 -13 -14 -15
leaf_value=0.00010503777848775514 0 0.0006028800598582609 -6.6267131392405143e-05 -0.0041197581331958591 -0.0066241484271398268 -0.0013261213440026122 0.0038913697714815345 -0.0011846593602433803 0.0002529220100577445 -0.0023330406615046646 0.00013136327409565794 -0.0087147563226679884 0.00043125489496165708 -0.019466569232979989
leaf_weight=2418 225085 594 10019 763 762 8607 3628 29447 1620 6977 12417 1188 38282 1113
leaf_count=2418 225085 594 10019 763 762 8607 3628 29447 1620 6977 12417 1188 38282 1113
internal_value=-0.00071177 -0.00262774 -0.00178384 -0.00280376 -0.000701535 -0.0114721 0.00248272 -0.0056129 0.00117674 -0.0123683 0.00569672 0.001743 0.00238254 -0.0124259
internal_weight=342920 117835 108440 95429 76803 18626 46594 30209 42966 9395 13011 42203 41015 2733
internal_count=342920 117835 108440 95429 76803 18626 46594 30209 42966 9395 13011 42203 41015 2733
is_linear=0
shrinkage=0.04


Tree=61
num_leaves=15
num_cat=0
split_feature=1 3 8 14 5 10 3 1 3 15 14 13 3 1
split_gain=362.991 406.423 255.135 352.959 515.612 305.858 1683.72 362.131 1619.45 466.095 344.707 448.002 525.145 886.684
threshold=32.743326143884168 31.391348000000004 0.6089847766992621 0.22601595510611858 1.0000000180025095e-35 -29.197566120325472 27.347106000000004 20.133825886165024 19.257424500000003 4.6126924129999773 0.18645488846809355 437.77101577425384 23.570618500000005 25.80105071087954
decision_type=2 2 2 2 2 2 2 2 2 2 2 2 2 2
left_child=2 -2 3 5 -5 6 -1 -7 -9 -10 -11 12 13 -12
right_child=1 -3 -4 4 -6 7 -8 8 9 10 11 -13 -14 -15
leaf_value=-0.084873648363088264 -0.092928309373569717 0.0026707171861659286 -0.0001816396167013118 0 -0.0037863592176336615 0 0.0025778282583063658 -0.065238980521976117 0.026559872961924188 -0.0020046941694636744 0.012448644905162244 8.5639737759595004e-05 0.0087964245992287558 -0.040932768193403669
leaf_weight=2421 834 22078 107479 4802 3237 171229 3887 2006 2709 2616 2569 8416 7797 1049
leaf_count=2421 834 22078 107479 4802 3237 171229 3887 2006 2709 2616 2569 8416 7797 1049
internal_value=-0.000666805 0.00419693 -0.00101481 -0.00021228 -0.00843388 0.000110601 -0.00856056 0.000386308 0.00467712 0.0074352 0.00554373 0.00734406 0.0125064 -8.84467e-05
internal_weight=343129 22912 320217 212738 8039 204699 6308 198391 27162 25156 22447 19831 11415 3618
internal_count=343129 22912 320217 212738 8039 204699 6308 198391 27162 25156 22447 19831 11415 3618
is_linear=0
shrinkage=0.04


Tree=62
num_leaves=15
num_cat=0
split_feature=9 11 11 14 2 11 11 8 15 11 10 10 2 0
split_gain=369.7 552.03 532.758 554.017 497.896 707.258 595.902 428.813 428.34 440.217 412.079 411.285 535.445 508.828
threshold=0.48336337143448477 1.0000000180025095e-35 40.905212376945009 0.21256765339438269 53.149446500000003 3.7710195976279914 5.3730738532521771 0.77792253253091903 5.0983766455000117 1.3371435283995472 -6.2084862672823311 -1.935254872030296 74.617874000000015 12.194166945674176
decision_type=2 2 2 2 2 2 2 2 2 2 2 2 2 2
left_child=1 11 3 4 6 8 -3 -5 -6 -10 -4 12 -1 -14
right_child=-2 2 10 7 5 -7 -8 -9 9 -11 -12 -13 13 -15
leaf_value=-0.0029320196300062461 0 -5.7804346061891136e-05 -0.0024869079213303623 -0.00062751525068398099 0.00058377641984686381 -0.00024000994479773081 -0.00093344014313115949 0.0008001351880135972 -0.0025242768717408139 0.00025289821878400008 -0.014579467192399751 0.00018913527170266343 0.00018864353644249668 -0.025014077766951727
leaf_weight=3528 224973 9687 8385 2849 2718 66259 3376 8418 1021 4877 954 2027 3062 763
leaf_count=3528 224973 9687 8385 2849 2718 66259 3376 8418 1021 4877 954 2027 3062 763
internal_value=-0.000586065 -0.00240019 -0.00159567 -0.00073585 -0.00180582 -0.000548648 -0.00901171 0.00761516 0.0102321 0.00417769 -0.0107292 -0.01171 -0.0161077 -0.00574118
internal_weight=342897 117924 108544 99205 87938 74875 13063 11267 8616 5898 9339 9380 7353 3825
internal_count=342897 117924 108544 99205 87938 74875 13063 11267 8616 5898 9339 9380 7353 3825
is_linear=0
shrinkage=0.04


Tree=63
num_leaves=15
num_cat=0
split_feature=9 11 11 2 11 0 3 1 11 13 12 1 12 10
split_gain=353.438 497.879 479.204 468.019 637.098 1234.8 620.469 875.18 563.24 432.729 452.948 562.302 421.801 408.034
threshold=0.48336337143448477 1.0000000180025095e-35 45.912765332542143 53.149446500000003 14.498763674921298 5.2683106076224986 14.097025500000003 12.936664309419788 5.3730738532521771 282.46392299658419 72.735043900766541 4.220338603497737 133.69690685997963 -1.935254872030296
decision_type=2 2 2 2 2 2 2 2 2 2 2 2 2 2
left_child=1 13 3 8 -5 9 7 -7 -3 -6 -11 -12 -8 -1
right_child=-2 2 -4 4 5 6 12 -9 -10 10 11 -13 -14 -15
leaf_value=-0.0021216355702467693 0 -5.1048882537083482e-05 -0.0046714845725023555 0.00018185255703818701 -0.0048079818720073971 -0.00025704004335897564 0.0012602183829044512 -0.060131243808026556 -0.00087153529096884038 -0.0042266989113396557 0.0075391184246642552 -0.0045000426394026941 -0.00081120150481150163 0.00019670162580372408
leaf_weight=7374 225132 10540 5763 32784 2820 3406 27041 1887 3375 2156 1104 1968 15669 1990
leaf_count=7374 225132 10540 5763 32784 2820 3406 27041 1887 3375 2156 1104 1968 15669 1990
internal_value=-0.000584941 -0.00235941 -0.00159575 -0.000966229 0.000102212 -0.00248845 -5.74964e-05 -0.0129756 -0.00778728 -0.0169881 -0.010176 -0.0003125 0.00154343 -0.0112089
internal_weight=343009 117877 108513 102750 88835 56051 48003 5293 13915 8048 5228 3072 42710 9364
internal_count=343009 117877 108513 102750 88835 56051 48003 5293 13915 8048 5228 3072 42710 9364
is_linear=0
shrinkage=0.04


Tree=64
num_leaves=15
num_cat=0
split_feature=9 11 11 2 11 11 0 14 1 15 3 3 1 1
split_gain=352.483 483.527 484.034 466.792 534.696 533.599 1177.83 468.825 428.8 411.817 390.301 387.502 1054.28 413.511
threshold=0.47100454261324909 1.0000000180025095e-35 40.905212376945009 53.149446500000003 5.3730738532521771 14.498763674921298 3.5751659908018247 0.17002377295782856 6.3698026167869655 7.0131938537499972 4.5800125000000014 14.188384000000001 13.161436080137671 4.6449112220354483
decision_type=2 2 2 2 2 2 2 2 2 2 2 2 2 2
left_child=1 -1 3 4 -3 9 -7 -8 -4 10 -5 12 -9 -13
right_child=-2 2 8 5 -6 6 7 11 -10 -11 -12 13 -14 -15
leaf_value=-0.0012516158484514994 0 -4.6480178686278131e-05 -0.013812159274532099 -0.00091973553548040272 -0.00084673728581415139 -0.0041342477144493276 -0.0018824664362947386 0.00025123879834129784 -0.0024378946522029266 -0.00017374652847777414 0.00034204322225763443 -0.0047100909246004883 -0.061259261135559323 0.00060374759642497274
leaf_weight=9350 226374 10517 950 1433 3382 3671 1898 5318 8023 8310 22896 907 1718 38132
leaf_count=9350 226374 10517 950 1433 3382 3671 1898 5318 8023 8310 22896 907 1718 38132
internal_value=-0.000543165 -0.00233089 -0.00156969 -0.000756962 -0.00754874 0.000363063 -0.00216714 -0.000496112 -0.0104625 0.00436656 0.00699248 0.000306457 -0.00833428 0.00186378
internal_weight=342879 116505 107155 98182 13899 84283 51644 47973 8973 32639 24329 46075 7036 39039
internal_count=342879 116505 107155 98182 13899 84283 51644 47973 8973 32639 24329 46075 7036 39039
is_linear=0
shrinkage=0.04


Tree=65
num_leaves=15
num_cat=0
split_feature=9 11 11 12 12 1 14 11 10 2 0 12 14 15
split_gain=317.978 401.529 474.142 957.035 625.997 646.581 617.857 528.312 391.616 554.148 510.077 428.973 375.757 338.3
threshold=0.47100454261324909 1.0000000180025095e-35 2.7010737440372448 72.026337774870186 133.69690685997963 3.7936926283896888 0.21021760849986634 6.1284427892812454 -1.935254872030296 73.979668000000018 12.194166945674176 76.20888781023784 0.16395406352455358 2.7549546101249835
decision_type=2 2 2 2 2 2 2 2 2 2 2 2 2 2
left_child=1 8 -3 7 6 -6 12 -4 9 -1 11 -11 -5 -14
right_child=-2 2 3 4 5 -7 -8 -9 -10 10 -12 -13 13 -15
leaf_value=-0.0025908608977066399 0 0.0001701404201933964 -6.3565223629145237e-05 -0.0028791718992810227 -0.0059806990614232136 -0.0011953008411837046 0.0020942823281067009 -0.0011987893456647729 0.00022236303439203243 0.001816572655973805 -0.023661247679169221 -0.0018233430777269456 -0.004707157427981958 9.4952616917592933e-05
leaf_weight=3453 225962 12932 10002 1012 873 20846 9216 8626 2000 1419 776 1728 460 43504
leaf_count=3453 225962 12932 10002 1012 873 20846 9216 8626 2000 1419 776 1728 460 43504
internal_value=-0.000546427 -0.00224054 -0.00154795 -0.0025306 -0.000536945 -0.00627469 0.00176262 -0.0106549 -0.0101792 -0.014436 -0.00414989 0.00301239 -0.000170758 0.000383951
internal_weight=342809 116847 107471 94539 75911 21719 54192 18628 9376 7376 3923 3147 44976 43964
internal_count=342809 116847 107471 94539 75911 21719 54192 18628 9376 7376 3923 3147 44976 43964
is_linear=0
shrinkage=0.04


Tree=66
num_leaves=15
num_cat=0
split_feature=1 8 11 11 3 8 15 15 3 1 1 11 8 13
split_gain=319.758 284.203 390.615 453.526 503.54 529.166 415.233 523.425 405.785 394.551 352.911 586.84 429.414 594.16
threshold=50.265565226487325 0.6089847766992621 1.0000000180025095e-35 40.905212376945009 51.69486650000001 0.78813030168034981 3.7507811581250086 3.8080563977499797 5.742118500000001 5.6910932504219955 0.94604047931402968 7.2372518458274415 0.99747383420842251 268.32281790025485
decision_type=2 2 2 2 2 2 2 2 2 2 2 2 2 2
left_child=1 -1 8 4 6 -6 -4 -8 -3 -5 11 -9 -12 -14
right_child=-2 2 3 9 5 -7 7 10 -10 -11 12 -13 13 -15
leaf_value=0 0.0080666719751091506 0.00051988871574962291 0.00032556011841716428 -0.013919722182350075 -0.0024961549005218645 0.0016006556513967008 -0.0017670734935479764 -7.3935874032282777e-05 -0.0016248410056330664 -0.0026757818253491149 -0.00056562889213090256 -0.0011880419584442345 0.0011458574998566252 1.5171329115795663e-06
leaf_weight=230537 2219 1286 10205 824 774 5161 675 9761 8064 6785 23604 2054 2990 38262
leaf_count=230537 2219 1286 10205 824 774 5161 675 9761 8064 6785 23604 2054 2990 38262
internal_value=-0.000515849 -0.000614343 -0.00228277 -0.00155933 -0.000794985 0.0104802 -0.00155932 -0.00255993 -0.0101048 -0.0109502 -0.00225118 -0.00860939 -0.00109288 0.00136915
internal_weight=343201 340982 110445 101095 93486 5935 87551 77346 9350 7609 76671 11815 64856 41252
internal_count=343201 340982 110445 101095 93486 5935 87551 77346 9350 7609 76671 11815 64856 41252
is_linear=0
shrinkage=0.04


Tree=67
num_leaves=15
num_cat=0
split_feature=1 3 11 1 1 3 11 1 14 3 3 0 14 12
split_gain=316.127 364.468 359.652 1590.45 470.285 445.325 359.398 813.503 411.228 396.446 356.48 779.498 753.925 350.848
threshold=32.743326143884168 31.391348000000004 26.371628086548988 5.2253421550685113 16.380555626694512 18.423363500000004 14.498763674921298 2.7393691191600569 0.17356154239959554 29.571647500000005 14.097025500000003 12.62177177872711 0.19726957747197196 107.61835190673933
decision_type=2 2 2 2 2 2 2 2 2 2 2 2 2 2
left_child=2 -2 4 -4 6 -6 -1 9 -9 -8 11 -10 -12 -5
right_child=1 -3 3 13 5 -7 7 8 10 -11 12 -13 -14 -15
leaf_value=0 -0.08560478600367484 0.002657557114207584 -0.0061130891061378012 0.0043676573776632362 -0.038530468807475224 0.001467887692153628 -0.0043741892713167743 -0.0015276309455650927 -0.00077659897675804075 0.0026912134570883941 0.0039652394001587609 -0.05932661706188528 -0.0006051320330585601 -0.0007082522138137004
leaf_weight=202497 824 21977 3686 2669 1131 20195 2465 4246 4328 263 7416 1120 10205 59999
leaf_count=202497 824 21977 3686 2669 1131 20195 2465 4246 4328 263 7416 1120 10205 59999
internal_value=-0.000471924 0.00407877 -0.000795953 -0.00341803 -0.00011061 0.00557442 -0.000631977 -0.00471458 -0.00263445 -0.0255425 -0.000528848 -0.00947137 0.00223597 -0.00191613
internal_weight=343021 22801 320220 66354 253866 21326 232540 30043 27315 2728 23069 5448 17621 62668
internal_count=343021 22801 320220 66354 253866 21326 232540 30043 27315 2728 23069 5448 17621 62668
is_linear=0
shrinkage=0.04


Tree=68
num_leaves=15
num_cat=0
split_feature=9 11 11 12 12 1 14 11 10 2 1 12 11 1
split_gain=285.54 355.762 444.547 832.698 603.124 643.768 545.027 518.358 399.658 511.458 508.93 457.418 392.831 375.869
threshold=0.47100454261324909 1.0000000180025095e-35 2.7010737440372448 72.026337774870186 133.46973650935493 3.7936926283896888 0.21135727656717004 6.1284427892812454 -1.935254872030296 73.979668000000018 12.580158154109034 76.20888781023784 46.659847217997346 20.133825886165024
decision_type=2 2 2 2 2 2 2 2 2 2 2 2 2 2
left_child=1 8 -3 7 6 -6 12 -4 9 -1 11 -11 13 -5
right_child=-2 2 3 4 5 -7 -8 -9 -10 10 -12 -13 -14 -15
leaf_value=-0.0025083846580380631 0 0.00016440755540822485 -5.2070618154029247e-05 -1.0004501628585044e-05 -0.0055098071697852026 -0.0011913717445926363 0.0020240859074248945 -0.00110041970261471 0.00024921009770619674 0.0018795909382909165 -0.015643023236249127 -0.0020092270374727282 -0.009558984778810193 0.0053995799873972393
leaf_weight=3471 226099 13011 10030 41415 862 21168 7451 8652 1989 1420 784 1703 1953 2962
leaf_count=3471 226099 13011 10030 41415 862 21168 7451 8652 1989 1420 784 1703 1953 2962
internal_value=-0.000496487 -0.0021018 -0.00145036 -0.00240483 -0.000540819 -0.0061153 0.00174262 -0.00996895 -0.00957831 -0.0138683 -0.00394164 0.00329171 0.000127779 0.000900466
internal_weight=342970 116871 107504 94493 75811 22030 53781 18682 9367 7378 3907 3123 46330 44377
internal_count=342970 116871 107504 94493 75811 22030 53781 18682 9367 7378 3907 3123 46330 44377
is_linear=0
shrinkage=0.04


Tree=69
num_leaves=15
num_cat=0
split_feature=8 11 11 2 11 0 15 3 1 12 11 15 10 2
split_gain=295.095 343.182 366.239 386.56 580.064 1177.94 487.532 432.051 1027.3 437.033 407.28 379.108 377.17 448.111
threshold=0.6089847766992621 44.55867436896812 1.0000000180025095e-35 55.25943800000001 14.498763674921298 3.528092298141837 7.0131938537499972 14.188384000000001 13.161436080137671 69.08888534460047 2.7010737440372448 7.5518605999999986 -2.0758755147063601 75.733524000000003
decision_type=2 2 2 2 2 2 2 2 2 2 2 2 2 2
left_child=-1 2 12 10 6 11 -5 8 -7 -9 -4 -6 13 -2
right_child=1 -3 3 4 5 7 -8 9 -10 -11 -12 -13 -14 -15
leaf_value=0 -0.0025715699673331334 -0.0045629816844929795 2.2910292879281119e-05 0.0004563809410286479 -0.0040271508732098761 -0.00058208236031782889 -0.00018841596007425536 -0.0048804079606062124 -0.059080103583680474 0.00044410964379107415 -0.00023389780609376048 0.0032411466009426531 0.00016979651476077079 -0.00056526331851649463
leaf_weight=232543 3399 5517 8091 19339 2932 5762 7557 695 1587 37674 11755 170 2242 3680
leaf_count=232543 3399 5517 8091 19339 2932 5762 7557 695 1587 37674 11755 170 2242 3680
internal_value=-0.000470982 -0.00217391 -0.00166242 -0.000924217 0.000378256 -0.0022204 0.00509518 -0.000601951 -0.00948701 0.00109985 -0.00589338 -0.0260735 -0.00923077 -0.013759
internal_weight=342943 110400 104883 95562 75716 48820 26896 45718 7349 38369 19846 3102 9321 7079
internal_count=342943 110400 104883 95562 75716 48820 26896 45718 7349 38369 19846 3102 9321 7079
is_linear=0
shrinkage=0.04


Tree=70
num_leaves=15
num_cat=0
split_feature=1 8 11 11 3 9 15 15 11 0 1 3 1 12
split_gain=285.478 245.128 341.729 381.941 380.779 529.606 366.115 399.1 625.638 514.062 445.453 351.702 341.974 307.211
threshold=48.261309319196606 0.6089847766992621 42.759036244978148 1.0000000180025095e-35 51.69486650000001 0.22372485691680963 3.7507811581250086 4.646697706999988 4.3398756890465497 3.8275803374313511 0.80379030831510356 12.750017500000002 5.6910932504219955 69.479478716198386
decision_type=2 2 2 2 2 2 2 2 2 2 2 2 2 2
left_child=1 -1 3 11 6 -6 -5 8 10 -10 -8 -3 -4 -9
right_child=-2 2 12 4 5 -7 7 13 9 -11 -12 -13 -14 -15
leaf_value=0 0.0065530475595294707 0.00019244786020529038 -0.013146929829532984 0.00029703145392099303 0.0013535799373525748 -0.0029886591891071703 -0.00024981614842970942 -0.00016871011723188729 -0.0026769048516107731 -0.0011638396907872432 0.00021794106921834984 -0.0016420354490887213 -0.0026699663369369108 3.2421360122847145e-05
leaf_weight=229653 3007 2379 761 10210 5430 743 1174 19156 2869 3223 1977 6907 5753 49820
leaf_count=229653 3007 2379 761 10210 5430 743 1174 19156 2869 3223 1977 6907 5753 49820
internal_value=-0.000471518 -0.000580024 -0.00212895 -0.00157169 -0.000811822 0.00879313 -0.00148232 -0.0024122 -0.0102175 -0.0177019 0.00425262 -0.00931294 -0.0110163 -0.00136627
internal_weight=343062 340055 110402 103888 94602 6173 88429 78219 9243 6092 3151 9286 6514 68976
internal_count=343062 340055 110402 103888 94602 6173 88429 78219 9243 6092 3151 9286 6514 68976
is_linear=0
shrinkage=0.04


Tree=71
num_leaves=15
num_cat=0
split_feature=1 11 1 1 3 3 11 1 3 3 0 3 0 0
split_gain=269.038 366.944 1538.29 421.988 390.507 358.477 356.108 826.687 377.148 348.033 626.278 497.39 535.953 548.03
threshold=32.743326143884168 26.371628086548988 5.2253421550685113 16.380555626694512 18.423363500000004 31.391348000000004 14.498763674921298 2.7393691191600569 29.571647500000005 13.902190500000001 12.412369076652718 17.270421500000005 14.671789877528768 3.5751659908018247
decision_type=2 2 2 2 2 2 2 2 2 2 2 2 2 2
left_child=1 3 -3 6 -5 -2 -1 8 -8 10 -9 12 13 -11
right_child=5 2 -4 4 -6 -7 7 9 -10 11 -12 -13 -14 -15
leaf_value=0 -0.086340129407530428 -0.0055226561137803167 -0.00054626045799909906 -0.038491561346442736 0.0014178791705167049 0.0024751170509594747 -0.0040645493236075893 -0.0012848143954583941 0.002606130119594873 -0.001255941412103791 -0.055979662185488097 -0.00059460786148494982 -0.03255353796268165 0.013463983027273117
leaf_weight=202716 814 3674 62657 1141 20141 21972 2444 4750 266 1541 1024 13734 738 5473
leaf_count=202716 814 3674 62657 1141 20141 21972 2444 4750 266 1541 1024 13734 738 5473
internal_value=-0.000442922 -0.000741682 -0.00339087 -4.977e-05 0.0053416 0.00375669 -0.000542878 -0.00461261 -0.0256827 -0.00251798 -0.0112366 -0.000174998 0.0079257 0.0113373
internal_weight=343085 320299 66331 253968 21282 22786 232686 29970 2710 27260 5774 21486 7752 7014
internal_count=343085 320299 66331 253968 21282 22786 232686 29970 2710 27260 5774 21486 7752 7014
is_linear=0
shrinkage=0.04


Tree=72
num_leaves=15
num_cat=0
split_feature=1 11 3 1 3 10 11 10 12 1 11 1 3 3
split_gain=266.828 243.71 303.624 267.432 287.266 248.349 238.095 1262.01 411.141 401.068 340.115 795.844 350.847 319.277
threshold=50.265565226487325 54.173590351797777 14.288612000000002 32.743326143884168 32.749185500000003 -37.018327797523554 26.371628086548988 -5.6002687814332015 107.61835190673933 16.380555626694512 14.498763674921298 2.7393691191600569 29.571647500000005 13.9972215
decision_type=2 2 2 2 2 2 2 2 2 2 2 2 2 2
left_child=1 3 -3 6 5 -5 9 8 -8 10 -1 12 -12 -13
right_child=-2 2 -4 4 -6 -7 7 -9 -10 -11 11 13 -14 -15
leaf_value=0 0.0073255951079120394 -0.035745410124774536 -0.0031932547979124926 -0.16246400138704445 0.0028042527780162865 0.0017878730567900815 0.0047910262216530452 -0.0049659206889513616 -0.00055660239945496076 0.0011175034013131717 -0.003912702602781936 -0.0032105634847564742 0.0025018849148110778 -3.0101861162541432e-05
leaf_weight=202718 2227 666 8182 453 15574 641 2438 3403 55530 21268 2419 6089 264 21219
leaf_count=202718 2227 666 8182 453 15574 641 2438 3403 55530 21268 2419 6089 264 21219
internal_value=-0.000419481 -0.000509646 -0.00706148 -0.000335044 0.00460283 -0.0152102 -0.00059604 -0.00283196 -0.00144217 -5.57531e-05 -0.000536292 -0.00451202 -0.0253 -0.00246961
internal_weight=343091 340864 8848 332016 16668 1094 315348 61371 57968 253977 232709 29991 2683 27308
internal_count=343091 340864 8848 332016 16668 1094 315348 61371 57968 253977 232709 29991 2683 27308
is_linear=0
shrinkage=0.04


Tree=73
num_leaves=15
num_cat=0
split_feature=10 11 3 10 3 10 3 11 10 10 11 2 11 10
split_gain=245.809 229.973 275.565 256.426 281.038 349.997 263.118 231.111 1268.61 359.866 350.691 554.939 337.01 799.864
threshold=-50.416192931274189 54.173590351797777 14.288612000000002 -32.613902055287191 34.207313500000005 -37.828602813232621 28.289197000000005 26.371628086548988 -5.1896401164506463 -16.403613827566105 6.3291682654797752 100.47613900000002 14.498763674921298 -2.8959504746961477
decision_type=2 2 2 2 2 2 2 2 2 2 2 2 2 2
left_child=-1 3 -3 4 5 -2 -7 9 -9 10 -5 -12 -11 -14
right_child=1 2 -4 7 -6 6 -8 8 -10 12 11 -13 13 -15
leaf_value=0.0074361115108521171 -0.14181499221502913 -0.034562516872660494 -0.0032311455974326064 -0.027842146164137053 0.0027520016972090279 -0.095629652842554716 0.021696351139226976 -0.00038331758769316479 -0.0047375169324977411 0 0.0049597505667538511 0.00075425040296859148 -0.00041254690984459774 -0.003511998767525496
leaf_weight=2134 563 648 8191 315 15311 221 813 57918 3248 202710 2091 18777 27207 2766
leaf_count=2134 563 648 8191 315 15311 221 813 57918 3248 202710 2091 18777 27207 2766
internal_value=-0.000412466 -0.000497214 -0.00686503 -0.00032765 0.00447126 -0.0114966 0.00232108 -0.00058521 -0.0027924 -5.3414e-05 0.00493792 0.00557025 -0.000507815 -0.00446669
internal_weight=342913 340779 8839 331940 16908 1597 1034 315032 61166 253866 21183 20868 232683 29973
internal_count=342913 340779 8839 331940 16908 1597 1034 315032 61166 253866 21183 20868 232683 29973
is_linear=0
shrinkage=0.04


Tree=74
num_leaves=15
num_cat=0
split_feature=8 11 1 3 9 15 2 12 8 10 2 2 15 11
split_gain=260.186 304.817 388.671 340.836 383.527 272.147 249.426 441.809 243.888 355.456 243.236 245.085 239.129 280.555
threshold=0.6089847766992621 40.905212376945009 6.1379732402719913 53.024740000000008 0.22372485691680963 13.078688944500003 172.81084400000003 161.4841791810027 0.99956232191898742 -6.2084862672823311 74.617874000000015 111.34514200000002 2.2324647675000056 0.75786051844235625
decision_type=2 2 2 2 2 2 2 2 2 2 2 2 2 2
left_child=-1 3 -3 5 8 6 7 12 10 -10 -5 -12 -2 -14
right_child=1 2 -4 4 -6 -7 -8 -9 9 -11 11 -13 13 -15
leaf_value=0 0.00036229339492557599 -0.010988133152540255 -0.0021301420168530422 -0.00056072254733202209 -0.0025717739262954833 -0.009118396044332568 0.0023767353680916796 -0.0040603966167548381 -0.0049466567399169019 0.0024965591963012467 0.0019078593574593081 -0.005157208828858565 -0.00071503340758098059 -6.8097767095942684e-05
leaf_weight=232594 495 893 6734 345 631 318 923 1461 463 242 4297 555 8984 84188
leaf_count=232594 495 893 6734 345 631 318 923 1461 463 242 4297 555 8984 84188
internal_value=-0.000425503 -0.00202336 -0.00973908 -0.00145148 0.00739017 -0.00205087 -0.00192856 -0.00212934 0.0105591 -0.0115177 0.013554 0.0158615 -0.00178889 -0.0019362
internal_weight=343123 110529 7627 102902 6533 96369 96051 95128 5902 705 5197 4852 93667 93172
internal_count=343123 110529 7627 102902 6533 96369 96051 95128 5902 705 5197 4852 93667 93172
is_linear=0
shrinkage=0.04


Tree=75
num_leaves=15
num_cat=0
split_feature=1 8 15 12 1 2 3 10 8 15 12 8 12 2
split_gain=262.991 212.022 280.161 289.351 601.69 437.689 416.331 975.006 462.057 404.985 379.929 513.263 363.94 347.641
threshold=50.265565226487325 0.6089847766992621 13.078688944500003 133.69690685997963 3.7936926283896888 75.733524000000003 14.188384000000001 -12.765146492632942 0.78227848852273185 2.2324647675000056 93.608201983714054 0.99971428551218722 58.356533494948515 172.81084400000003
decision_type=2 2 2 2 2 2 2 2 2 2 2 2 2 2
left_child=1 -1 3 5 -5 9 7 -7 -8 -3 11 -11 -13 -6
right_child=-2 2 -4 4 13 6 8 -9 -10 10 -12 12 -14 -15
leaf_value=0 0.006690307976930392 0.00038499783525515225 -0.0082004269929806251 -0.0043454832576098499 -0.0017069289826505919 -0.046090164985212637 -0.00046648801986340751 -2.876549171662862e-05 0.00079690772796303069 -0.00070960701947562111 0.0022862144315810222 0.00016201029716521266 -0.00018451007052596059 0.0021958194601811461
leaf_weight=230318 2217 449 329 867 16070 1490 5144 8698 31131 3341 2720 3249 36260 895
leaf_count=230318 2217 449 329 867 16070 1490 5144 8698 31131 3341 2720 3249 36260 895
internal_value=-0.00039886 -0.00048815 -0.00192728 -0.00181736 -0.00648273 -0.0009178 0.0018208 -0.00532391 0.00382743 -0.00368283 -0.0040553 -0.0049755 -0.00370245 -0.00482169
internal_weight=343178 340961 110643 110314 17832 92482 46463 10188 36275 46019 45570 42850 39509 16965
internal_count=343178 340961 110643 110314 17832 92482 46463 10188 36275 46019 45570 42850 39509 16965
is_linear=0
shrinkage=0.04


Tree=76
num_leaves=15
num_cat=0
split_feature=10 11 3 10 3 15 3 1 9 11 1 13 14 1
split_gain=225 207.237 292.779 196.433 1342.17 448.136 598.106 913.289 540.771 436.969 1390.77 433.282 525.573 416.241
threshold=-46.51004585703182 54.173590351797777 14.899424000000002 -19.289194587943253 18.596571000000001 5.0120371472499707 23.769783000000004 25.80105071087954 0.56768977274718824 20.865414175403771 4.0596622581066706 466.27196737977994 0.18742964826238592 29.265852796846222
decision_type=2 2 2 2 2 2 2 2 2 2 2 2 2 2
left_child=-1 3 -3 4 -2 -6 7 8 -7 -5 -11 12 -8 -14
right_child=1 2 -4 9 5 6 11 -9 -10 10 -12 -13 13 -15
leaf_value=0.0041534347745218773 -0.069548849085991377 -0.030095043290153486 -0.0025644646314175439 0 0.0059684468724192606 -0.023262499614675254 -0.0020912228523840759 -0.069506232441769858 0.0036607593463743693 -0.0040902008937463204 -0.00039439228155273564 -9.759866199601341e-05 0.0060730578459873875 0.00074899867526240899
leaf_weight=4343 2174 905 7187 220217 9572 1917 2243 1877 3278 4088 43527 25222 10728 5490
leaf_count=4343 2174 905 7187 220217 9572 1917 2243 1877 3278 4088 43527 25222 10728 5490
internal_value=-0.000361411 -0.000477506 -0.00680178 -0.000322584 0.00169661 0.00280936 0.00131219 -0.00947964 -0.000839269 -0.000793781 -0.0042684 0.00305931 0.00771573 0.0102257
internal_weight=342768 338425 8092 330333 62501 60327 50755 7072 5195 267832 47615 43683 18461 16218
internal_count=342768 338425 8092 330333 62501 60327 50755 7072 5195 267832 47615 43683 18461 16218
is_linear=0
shrinkage=0.04


Tree=77
num_leaves=15
num_cat=0
split_feature=1 8 11 1 15 14 8 12 15 10 15 15 15 12
split_gain=243.269 199.016 310.415 383.918 295.824 288.724 354.203 299.945 243.165 572.587 238.947 237.762 362.337 412.81
threshold=50.265565226487325 0.6089847766992621 40.905212376945009 6.3698026167869655 13.078688944500003 0.21135727656717004 0.77084966603536353 72.026337774870186 13.078688944500003 -1.0000000180025095e-35 2.2324647675000056 4.7572720227499881 4.2647646400000108 131.73892608444385
decision_type=2 2 2 2 2 2 2 2 2 2 2 2 2 2
left_child=1 8 4 -4 5 10 7 -7 -1 -10 -3 12 -12 -14
right_child=-2 2 3 -5 -6 6 -8 -9 9 -11 11 -13 13 -15
leaf_value=0 0.0063206499493063829 0.0003324017457183469 -0.010280577626257746 -0.0021672401441636801 -0.0076669319601566782 -0.00067300270748165975 0.00039760461195482435 -0.00022215791506017936 0.0045296056971811018 0 -9.8312425309211857e-05 -7.0569245350967714e-05 -0.00052077944982827085 -0.0040080558915556027
leaf_weight=226911 2234 536 903 6651 331 598 12085 1304 1039 1965 13185 67810 6319 871
leaf_count=226911 2234 536 903 6651 331 598 12085 1304 1039 1965 13185 67810 6319 871
internal_value=-0.000372292 -0.000458609 -0.00185292 -0.00967964 -0.00127913 -0.00115746 0.00418389 -0.0118612 0.000212078 0.011518 -0.00199953 -0.00216137 -0.00595043 -0.0131739
internal_weight=342742 340508 110593 7554 103039 102708 13987 1902 229915 3004 88721 88185 20375 7190
internal_count=342742 340508 110593 7554 103039 102708 13987 1902 229915 3004 88721 88185 20375 7190
is_linear=0
shrinkage=0.04


Tree=78
num_leaves=15
num_cat=0
split_feature=10 11 3 1 11 3 1 15 12 11 12 13 0 10
split_gain=227.212 188.91 278.891 186.002 1262.57 932.001 822.506 517.797 596.685 452.149 644.532 470.767 402.578 407.171
threshold=-46.51004585703182 54.173590351797777 14.899424000000002 10.505022975637585 14.498763674921298 13.603096500000001 3.8933435068430655 4.4222012862499875 79.41358377139882 2.8396217146417984 101.81253182018644 483.74894686908766 12.077779630478888 -13.825678760362615
decision_type=2 2 2 2 2 2 2 2 2 2 2 2 2 2
left_child=-1 3 -3 4 -2 12 7 -6 -9 -7 11 -11 13 -5
right_child=1 2 -4 5 6 9 -8 8 -10 10 -12 -13 -14 -15
leaf_value=0.0042116628289359933 0 -0.028051283929518198 -0.0024020415712392653 -0.046049369781338327 -0.0038666115118660962 -0.0098800979615408149 -0.0011065752665409879 -0.0030780128039473403 0.010731728453779186 0.00018597545230793357 0.00031652515411764921 0.0069831757545178452 -0.049959044070023141 0.0009869501469098364
leaf_weight=4343 198645 897 7215 986 2633 1415 14723 2532 461 2020 101751 2881 1197 1301
leaf_count=4343 198645 897 7215 986 2633 1415 14723 2532 461 2020 101751 2881 1197 1301
internal_value=-0.000332128 -0.000448714 -0.00647929 -0.000300715 -0.000977926 0.00102877 -0.0104673 -0.0234767 -0.0120949 0.00168525 0.00198327 0.0161518 -0.0193341 -0.00949716
internal_weight=343000 338657 8112 330545 218994 111551 20349 5626 2993 108067 106652 4901 3484 2287
internal_count=343000 338657 8112 330545 218994 111551 20349 5626 2993 108067 106652 4901 3484 2287
is_linear=0
shrinkage=0.04


Tree=79
num_leaves=15
num_cat=0
split_feature=10 11 3 1 3 10 3 11 1 12 10 3 10 0
split_gain=218.991 193.294 268.944 199.653 251.13 231.938 216.829 210.416 1192.11 322.317 303.671 387.012 342.037 302.157
threshold=-50.416192931274189 54.173590351797777 15.094741500000003 32.743326143884168 32.749185500000003 -37.018327797523554 28.289197000000005 26.371628086548988 5.2253421550685113 107.61835190673933 -19.289194587943253 25.182769500000003 -25.216138300625953 2.7462622808505013
decision_type=2 2 2 2 2 2 2 2 2 2 2 2 2 2
left_child=-1 3 -3 7 5 -5 -7 10 -9 -10 11 12 -2 -11
right_child=1 2 -4 4 -6 6 -8 8 9 13 -12 -13 -14 -15
leaf_value=0.0060924130454982489 -0.047688252210535007 -0.026680897046201201 -0.0023184635321147531 -0.14358381101674059 0.0024564955872133643 -0.090521444708619406 0.026638555892652578 -0.0041114979336486076 0.0043295365935680005 0.0030654799014621149 0 0.0031955413057171492 0.0010277365418308116 -0.00075275614908994096
leaf_weight=2140 938 981 7820 436 15644 186 450 3228 2548 7340 240896 8337 3692 48246
leaf_count=2140 938 981 7820 436 15644 186 450 3228 2548 7340 240896 8337 3692 48246
internal_value=-0.000381939 -0.00046205 -0.00631292 -0.000306922 0.0039531 -0.0147761 0.000628931 -0.000532826 -0.00263486 -0.00132109 -2.47378e-05 0.00593815 -0.00333477 -0.00195877
internal_weight=342882 340742 8801 331941 16716 1072 636 315225 61362 58134 253863 12967 4630 55586
internal_count=342882 340742 8801 331941 16716 1072 636 315225 61362 58134 253863 12967 4630 55586
is_linear=0
shrinkage=0.04


Tree=80
num_leaves=15
num_cat=0
split_feature=10 8 15 11 1 14 8 11 13 13 14 9 14 14
split_gain=218.771 180.051 292.175 286.996 375.391 276.189 362.571 285.363 249.817 535.85 569.75 489.847 276.727 257.318
threshold=-50.416192931274189 0.6089847766992621 13.078688944500003 40.905212376945009 5.6910932504219955 0.21135727656717004 0.77792253253091903 19.514737732097732 266.16836799851399 308.55072763694039 0.17304916140317197 0.00044880090558646618 0.16176218473511844 0.20681441716486695
decision_type=2 2 2 2 2 2 2 2 2 2 2 2 2 2
left_child=-1 -2 3 5 -5 8 7 -7 12 10 11 -10 -3 -11
right_child=1 2 -4 4 -6 6 -8 -9 9 13 -12 -13 -14 -15
leaf_value=0.0061183157453820261 0 -0.00053793227254275765 -0.0073328651919787723 -0.010007662359450567 -0.0020668677447086502 -0.00084736794292498139 0.00041297731638404231 0.0010311920689526847 0.00072174327091822975 -2.7443930453002753e-06 -0.0017898937252778541 -0.0019371778318814871 0.00047548081547404281 -0.00041598026530077152
leaf_weight=2147 230364 1149 335 823 6744 1209 11963 863 2709 58074 6874 1072 4975 13848
leaf_count=2147 230364 1149 335 823 6744 1209 11963 863 2709 58074 6874 1072 4975 13848
internal_value=-0.000339095 -0.000419235 -0.00174551 -0.00163223 -0.00915026 -0.00107849 0.00413538 -0.0113127 -0.00190347 -0.00248156 -0.0108531 0.00161862 0.00589157 -0.00124134
internal_weight=343149 341002 110638 110303 7567 102736 14035 2072 88701 82577 10655 3781 6124 71922
internal_count=343149 341002 110638 110303 7567 102736 14035 2072 88701 82577 10655 3781 6124 71922
is_linear=0
shrinkage=0.04


Tree=81
num_leaves=15
num_cat=0
split_feature=1 3 11 10 3 10 3 10 0 15 12 3 13 12
split_gain=200.817 1224.85 490.989 1494.76 446.748 499.972 415.883 1678.18 869.938 387.567 325.372 322.552 622.522 433.717
threshold=19.509654899482261 18.596571000000001 20.865414175403771 -5.0678778508451314 13.603096500000001 -13.650540010098654 23.965068000000006 -26.244083604805386 10.093124936489113 4.7572720227499881 61.309516543896983 23.769783000000004 268.7841962257441 110.7892261099512
decision_type=2 2 2 2 2 2 2 2 2 2 2 2 2 2
left_child=2 -2 -1 4 5 -4 7 -3 -9 -8 -5 12 -6 -13
right_child=1 6 3 10 11 -7 9 8 -10 -11 -12 13 -14 -15
leaf_value=0 -0.070289152326333787 -0.071577395201974828 -0.059473787713949518 0.0038732284216890268 -0.0010297784392074413 -0.0014536120333812897 0.0061534617293158332 0.0068881372101903962 -0.025345300014897019 0.0010266938208626751 -0.0039653142408024086 0.0016333338195543261 0.0019456411514332775 -0.0010637681407840609
leaf_weight=220706 2000 2535 1573 178 4706 4242 3794 7046 2272 53662 5364 2976 20194 11905
leaf_count=220706 2000 2535 1573 178 4706 4242 3794 7046 2272 53662 5364 2976 20194 11905
internal_value=-0.000348416 0.0015409 -0.000844013 -0.00437561 -0.0019914 -0.0123474 0.00243143 -0.00439045 0.00345997 0.00383876 -0.0239913 -0.000477615 0.00230683 -0.00513675
internal_weight=343153 71309 271844 51138 45596 5815 69309 11853 9318 57456 5542 39781 24900 14881
internal_count=343153 71309 271844 51138 45596 5815 69309 11853 9318 57456 5542 39781 24900 14881
is_linear=0
shrinkage=0.04


Tree=82
num_leaves=15
num_cat=0
split_feature=10 11 3 1 3 10 3 11 10 12 1 3 11 1
split_gain=182.909 168.465 248.419 183.915 250.757 213.254 210.226 198.775 1128.68 365.615 288.596 923.554 652.719 595.571
threshold=-50.416192931274189 54.173590351797777 14.899424000000002 32.743326143884168 32.464177000000014 -37.018327797523554 28.289197000000005 26.371628086548988 -5.6002687814332015 100.90938583446872 11.649599047455293 13.603096500000001 14.498763674921298 0.83742591028843116
decision_type=2 2 2 2 2 2 2 2 2 2 2 2 2 2
left_child=-1 3 -3 7 5 -5 -7 10 9 -9 12 -12 -2 -14
right_child=1 2 -4 4 -6 6 -8 8 -10 -11 11 -13 13 -15
leaf_value=0.0054360404916008196 0 -0.02710712955824765 -0.0021964977940176619 -0.13710261988608735 0.0023015006320758636 -0.085372222528363434 0.026666645116185529 0.010914774482958221 -0.0037089778329626693 -0.00044168667026036723 -0.027899279552491933 0.0010249807850287338 -0.0047708696423802771 -0.00098964587346252642
leaf_weight=2149 200381 922 7910 404 15673 186 412 1136 3436 56883 1880 35838 1211 14699
leaf_count=2149 200381 922 7910 404 15673 186 412 1136 3436 56883 1880 35838 1211 14699
internal_value=-0.00033481 -0.000408129 -0.00586051 -0.000263143 0.00383088 -0.0155689 -0.000401338 -0.000479548 -0.00252087 -0.00120168 1.43302e-05 0.00324301 -0.000548705 -0.00834695
internal_weight=343120 340971 8832 332139 16675 1002 598 315464 61455 58019 254009 37718 216291 15910
internal_count=343120 340971 8832 332139 16675 1002 598 315464 61455 58019 254009 37718 216291 15910
is_linear=0
shrinkage=0.04


Tree=83
num_leaves=15
num_cat=0
split_feature=10 11 3 1 3 11 1 15 12 3 0 12 13 13
split_gain=194.779 163.802 212.131 186.714 1080.72 372.37 1396.18 541.26 496.344 380.045 652.924 418.468 481.028 563.631
threshold=-50.416192931274189 54.173590351797777 15.094741500000003 19.274766420872229 18.423363500000004 14.498763674921298 3.8933435068430655 4.4222012862499875 79.41358377139882 13.603096500000001 12.077779630478888 69.479478716198386 546.33133908632681 513.32521284928225
decision_type=2 2 2 2 2 2 2 2 2 2 2 2 2 2
left_child=-1 3 -3 5 -5 -2 7 -7 -9 10 -8 -11 13 -13
right_child=1 2 -4 4 -6 6 9 8 -10 11 -12 12 -14 -15
leaf_value=0.0056175697142982362 0 -0.023919815780335644 -0.0023421563714666055 -0.066584924745936136 0.00093326148921672172 -0.0032952422238106661 -0.0014739092636172403 -0.0027855289375922862 0.010340167252509342 -0.004341529971626846 -0.049634169985821784 0.0002267382624124112 0.0095235272198007336 -0.0016555299594335599
leaf_weight=2131 203004 994 7861 1952 62137 2607 7998 2499 470 809 1092 42360 1204 5675
leaf_count=2131 203004 994 7861 1952 62137 2607 7998 2499 470 809 1092 42360 1204 5675
internal_value=-0.000323927 -0.00039934 -0.00576849 -0.000256052 0.00168328 -0.00072031 -0.00336249 -0.0224964 -0.0108185 -0.00155839 -0.00908251 -0.000191816 0.000277016 -0.000348912
internal_weight=342793 340662 8855 331807 64089 267718 64714 5576 2969 59138 9090 50048 49239 48035
internal_count=342793 340662 8855 331807 64089 267718 64714 5576 2969 59138 9090 50048 49239 48035
is_linear=0
shrinkage=0.04


Tree=84
num_leaves=15
num_cat=0
split_feature=10 8 11 1 11 10 2 1 13 11 0 3 1 13
split_gain=175.828 153.304 303.996 380.247 275.566 374.938 409.77 482.728 454.192 363.575 632.983 402.428 534.049 384.651
threshold=-50.416192931274189 0.4486618913018206 40.905212376945009 6.3698026167869655 1.0000000180025095e-35 -2.2264290610484889 75.733524000000003 12.580158154109034 354.50597489987246 3.3091346955425727 1.3767368798725357 4.6593425000000011 4.220338603497737 268.32281790025485
decision_type=2 2 2 2 2 2 2 2 2 2 2 2 2 2
left_child=-1 -2 4 -4 5 6 -3 8 -8 13 -11 12 -12 -6
right_child=1 2 3 -5 9 -7 7 -9 -10 10 11 -13 -14 -15
leaf_value=0.0053928669257263077 0 -0.0025644127537369399 -0.009235275826360587 -0.0017348107792105466 0.00049529498270012534 0.00019738328440222663 -0.0049449343704111711 -0.012472106235916262 0.0014660330286928947 -0.0003072186288211508 0.00024068179111449761 3.4286676782543382e-05 -0.019404585379751052 7.8969215958827477e-05
leaf_weight=2129 217111 3257 958 9452 720 2432 763 780 2119 9004 1074 76930 1154 15398
leaf_count=2129 217111 3257 958 9452 720 2432 763 780 2119 9004 1074 76930 1154 15398
internal_value=-0.000318107 -0.000389621 -0.00151144 -0.00805379 -0.000912075 -0.00749011 -0.0122388 -0.00305844 0.00449688 -0.000322209 -0.00133209 -0.000188989 -0.0169479 0.00520164
internal_weight=343281 341152 124041 10410 113631 9351 6919 3662 2882 104280 88162 79158 2228 16118
internal_count=343281 341152 124041 10410 113631 9351 6919 3662 2882 104280 88162 79158 2228 16118
is_linear=0
shrinkage=0.04


Tree=85
num_leaves=15
num_cat=0
split_feature=9 12 1 2 3 10 11 13 2 11 3 13 14 14
split_gain=183.003 252.411 580.776 306.111 474.98 978.772 391.624 462.583 335.82 300.355 388.941 337.317 397.849 284.707
threshold=0.47100454261324909 133.69690685997963 3.7936926283896888 88.699947500000022 14.795405000000001 -13.451633283327718 43.698632486977658 268.32281790025485 104.98328000000002 1.0000000180025095e-35 5.6690660000000008 289.15636952549113 0.18619686814031253 0.17304916140317197
decision_type=2 2 2 2 2 2 2 2 2 2 2 2 2 2
left_child=1 3 -3 6 5 -5 7 -1 -6 10 -9 13 -13 -11
right_child=-2 2 -4 4 8 -7 -8 9 -10 11 -12 12 -14 -15
leaf_value=0.00030873465146024964 0 -0.0030781735448743275 -0.0010404163678748176 -0.046355640320760276 0.0023610290683899983 0.00032478751764709901 -0.0082923601818735808 0.00073616123754600981 0.00020489693148833838 9.4670955682995834e-05 -0.001411851635043348 0.00025902629208518382 -8.0886641420025435e-05 -0.0014614434281643917
leaf_weight=3419 226448 868 20755 1497 10819 4618 1076 862 11315 1032 5966 4235 48149 2189
leaf_count=3419 226448 868 20755 1497 10819 4618 1076 862 11315 1032 5966 4235 48149 2189
internal_value=-0.000360556 -0.00164658 -0.0055478 -0.000760268 0.00273142 -0.00713655 -0.00223404 -0.00184292 0.00545767 -0.00262746 -0.0105448 -0.00165525 -0.000882712 -0.0142192
internal_weight=343248 116800 21623 95177 28249 6115 66928 65852 22134 62433 6828 55605 52384 3221
internal_count=343248 116800 21623 95177 28249 6115 66928 65852 22134 62433 6828 55605 52384 3221
is_linear=0
shrinkage=0.04


Tree=86
num_leaves=15
num_cat=0
split_feature=1 3 11 10 3 1 15 3 1 0 12 3 13 12
split_gain=153.437 995.807 439.672 1360.53 392.878 577.086 388.819 665.876 849.083 607.994 332.911 313.087 602.628 381.597
threshold=19.509654899482261 18.758335500000005 20.865414175403771 -5.1896401164506463 13.902190500000001 13.81050930915084 5.0120371472499707 23.228541000000003 25.80105071087954 9.9931300423471168 61.670069240124199 23.570618500000005 268.7841962257441 106.66292235578824
decision_type=2 2 2 2 2 2 2 2 2 2 2 2 2 2
left_child=2 -2 -1 4 5 -4 -3 8 9 -8 -5 12 -6 -13
right_child=1 6 3 10 11 -7 7 -9 -10 -11 -12 13 -14 -15
leaf_value=0 -0.062602689252231447 0.0057087474347826848 -0.00081751316734469113 0.0029351392558087416 -0.00098050166910271241 -0.053468443769932171 0.003463926301346384 0.00084820378999491655 -0.073883637389192625 -0.035916976144575896 -0.0034882900939374756 0.0021850555409522803 0.0021103679213481962 -0.00096060967567916265
leaf_weight=220158 2126 9063 4601 231 4644 2048 2934 53958 1640 1496 5414 2356 19127 12689
leaf_count=220158 2126 9063 4601 231 4644 2048 2934 53958 1640 1496 5414 2356 19127 12689
internal_value=-0.000313941 0.00133844 -0.000747748 -0.00409 -0.00179039 -0.0107746 0.00216816 0.0010022 -0.0115585 -0.00245598 -0.0226112 -0.000251443 0.00260654 -0.00476703
internal_weight=342485 71217 271268 51110 45465 6649 69091 60028 6070 4430 5645 38816 23771 15045
internal_count=342485 71217 271268 51110 45465 6649 69091 60028 6070 4430 5645 38816 23771 15045
is_linear=0
shrinkage=0.04


Tree=87
num_leaves=15
num_cat=0
split_feature=8 15 12 1 2 0 3 11 15 13 13 13 12 11
split_gain=155.826 289.793 275.372 524.476 310.347 291.828 450.587 344.427 244.148 223.58 441.307 248.923 265.428 941.214
threshold=0.6089847766992621 13.078688944500003 133.69690685997963 3.7936926283896888 172.81084400000003 19.491490519655155 23.769783000000004 46.659847217997346 8.9564394312499775 268.32281790025485 222.80609965345354 308.55072763694039 72.735043900766541 6.1284427892812454
decision_type=2 2 2 2 2 2 2 2 2 2 2 2 2 2
left_child=-1 2 5 -4 8 7 -7 9 -5 10 -2 -11 13 -13
right_child=1 -3 3 4 -6 6 -8 -9 -10 11 -12 12 -14 -15
leaf_value=0 -0.00072966255828118664 -0.0071778796982750141 -0.0027585982746987305 -0.0011823416373706579 0.0021195242978671413 -0.050220492417106154 0.0047324186432787249 -0.0062065282652473408 -0.0077686168256034683 -0.00062935524904074989 0.00047085666921644346 1.7326185692569245e-05 0.00022136240274241267 -0.00085803823455597532
leaf_weight=232451 1277 333 872 14692 915 523 4782 1767 1291 7685 3596 23786 40814 8147
leaf_count=232451 1277 333 872 14692 915 523 4782 1767 1291 7685 3596 23786 40814 8147
internal_value=-0.000303385 -0.00154019 -0.00142755 -0.00598762 -0.00442656 -0.000550353 0.00855796 -0.00110529 -0.00572358 -0.000743216 0.00757644 -0.00124726 -0.000524008 -0.00325557
internal_weight=342931 110480 110147 17770 16898 92377 5305 87072 15983 85305 4873 80432 72747 31933
internal_count=342931 110480 110147 17770 16898 92377 5305 87072 15983 85305 4873 80432 72747 31933
is_linear=0
shrinkage=0.04


Tree=88
num_leaves=15
num_cat=0
split_feature=10 11 3 1 11 3 1 15 11 11 15 2 13 15
split_gain=151.335 152.405 189.649 160.056 1055.17 859.422 828.01 510.483 433.223 498.436 574.874 378.639 374.513 339.738
threshold=-50.416192931274189 54.173590351797777 15.094741500000003 11.649599047455293 14.082690525388223 13.510669500000001 3.8933435068430655 5.0400225216250343 2.8396217146417984 28.050219565684831 9.8967739006249946 78.036579500000016 268.7841962257441 9.0992552776249926
decision_type=2 2 2 2 2 2 2 2 2 2 2 2 2 2
left_child=-1 3 -3 4 -2 -5 7 -6 -7 10 -10 -9 -11 -8
right_child=1 2 -4 5 6 8 13 11 9 12 -12 -13 -14 -15
leaf_value=0.0048895336368433842 0 -0.023485948790968922 -0.0020949348909695691 -0.024630474118849759 -0.0030003406455264294 -0.011138646463912454 -0.00094125103606557679 0.0010107872449165601 0.0008742402081855649 -0.0013573633068755303 0.0077765639559781129 -0.002689598759365368 2.7528549682200173e-05 0.010274199090832549
leaf_weight=2129 199309 993 7858 2707 3730 1049 17721 1604 38445 1209 1850 466 62670 297
leaf_count=2129 199309 993 7858 2707 3730 1049 17721 1604 38445 1209 1850 466 62670 297
internal_value=-0.000316574 -0.000383163 -0.00556321 -0.000244671 -0.000856373 0.00101992 -0.0088135 -0.0219586 0.00159243 0.00184998 0.00533366 -0.00602899 -0.000347532 -0.00458208
internal_weight=342037 339908 8851 331057 223127 107930 23818 5800 105223 104174 40295 2070 63879 18018
internal_count=342037 339908 8851 331057 223127 107930 23818 5800 105223 104174 40295 2070 63879 18018
is_linear=0
shrinkage=0.04


Tree=89
num_leaves=15
num_cat=0
split_feature=1 3 11 10 12 13 14 3 1 3 10 0 1 13
split_gain=147.07 926.883 392.012 1245.63 351.288 439.111 376.402 372.16 595.635 348.678 1585.88 679.307 355.152 344.444
threshold=19.509654899482261 18.596571000000001 20.865414175403771 -5.1896401164506463 105.65198834253742 513.32521284928225 0.20414199907131844 13.9972215 13.81050930915084 23.965068000000006 -26.244083604805386 9.4756613898545776 21.768615425559343 268.7841962257441
decision_type=2 2 2 2 2 2 2 2 2 2 2 2 2 2
left_child=2 -2 -1 4 6 7 -4 8 -6 10 -3 -12 -13 -9
right_child=1 9 3 -5 5 -7 -8 13 -10 -11 11 12 -14 -15
leaf_value=0 -0.061967997631952008 -0.066198482507549894 0.00046923729257207367 -0.003061980360262344 -0.00047793651476323197 -0.0019408607872631412 0.013510071552325682 -0.00077686991671469864 -0.049882348772956074 0.0011849609865158617 0.0066213327930247689 -0.00014121958034062272 -0.054860758279848286 0.00061414408995453694
leaf_weight=220693 1988 2555 3168 5613 4483 4835 1184 5607 2216 57367 6844 1271 1117 24042
leaf_count=220693 1988 2555 3168 5613 4483 4835 1184 5607 2216 57367 6844 1271 1117 24042
internal_value=-0.000284329 0.0013348 -0.000708061 -0.0038633 -0.00167168 -0.00281378 0.00913603 -0.00130736 -0.00982236 0.00210892 -0.00415712 0.00356153 -0.0148074 0.000616547
internal_weight=342983 71142 271841 51148 45535 41183 4352 36348 6699 69154 11787 9232 2388 29649
internal_count=342983 71142 271841 51148 45535 41183 4352 36348 6699 69154 11787 9232 2388 29649
is_linear=0
shrinkage=0.04


Tree=90
num_leaves=15
num_cat=0
split_feature=10 8 15 12 1 2 0 3 15 15 10 13 13 13
split_gain=135.379 120.92 270.512 256.459 448.639 338.129 295.556 418.556 221.574 207.004 496.708 194.128 459.421 262.495
threshold=-50.416192931274189 0.6089847766992621 13.078688944500003 133.69690685997963 3.7936926283896888 172.81084400000003 19.491490519655155 21.951331500000006 8.9564394312499775 13.078688944500003 -1.0000000180025095e-35 268.32281790025485 222.80609965345354 308.55072763694039
decision_type=2 2 2 2 2 2 2 2 2 2 2 2 2 2
left_child=-1 9 3 6 -5 8 11 -8 -6 -2 -11 12 -3 -13
right_child=1 2 -4 4 5 -7 7 -9 -10 10 -12 13 -14 -15
leaf_value=0.0046465538519090141 0 -0.00095627706688109274 -0.0064452186517875163 -0.0024618217465546643 -0.0011643331341919861 0.0020541961817424252 -0.077959921177134725 0.004420341779147483 -0.0074289195928989096 0.0038654517961537226 0 -0.00070947489659446336 0.00044995894675805783 -3.7414459737174082e-05
leaf_weight=2161 227195 1359 330 861 14761 913 292 4982 1275 1029 1959 8068 3570 73949
leaf_count=2161 227195 1359 330 861 14761 913 292 4982 1275 1029 1959 8068 3570 73949
internal_value=-0.000262384 -0.000325715 -0.00141428 -0.00130583 -0.00570017 -0.00426928 -0.000457168 0.0087372 -0.00561736 0.000196192 0.010656 -0.00101488 0.00669507 -0.00147823
internal_weight=342704 340543 110360 110030 17810 16949 92220 5274 16036 230183 2988 86946 4929 82017
internal_count=342704 340543 110360 110030 17810 16949 92220 5274 16036 230183 2988 86946 4929 82017
is_linear=0
shrinkage=0.04


Tree=91
num_leaves=15
num_cat=0
split_feature=1 11 0 3 0 1 14 11 11 15 0 3 12 13
split_gain=142.194 1125.79 799.744 757.347 458.182 547.035 382.283 348.364 438.759 607.377 357.577 340.238 337.984 334.779
threshold=10.505022975637585 14.498763674921298 3.8699855810887587 13.603096500000001 12.298203723183274 15.051094815807188 0.23320872121670802 28.724865093600528 2.8396217146417984 11.720497890624971 1.9218796696262554 21.220976500000003 69.08888534460047 268.7841962257441
decision_type=2 2 2 2 2 2 2 2 2 2 2 2 2 2
left_child=1 -1 6 4 5 -2 -3 8 11 -10 -9 -5 -4 -12
right_child=3 2 12 7 -6 -7 -8 10 9 -11 13 -13 -14 -15
leaf_value=0 0.0011983398597346095 -0.0020164230793365671 -0.0039121330284465289 0.002114743751270365 -0.042409001424032977 -0.065660698712651983 -0.0039540802863853872 0.028383245129705716 0.00070768893799172644 0.0064534640755924081 -0.0012586164807631918 -0.018170438029138355 -0.00012065357584691326 -0.00021157568492450652
leaf_weight=198774 1858 8578 724 491 1096 805 1127 3741 43232 2051 1186 898 10470 68018
leaf_count=198774 1858 8578 724 491 1096 805 1127 3741 43232 2051 1186 898 10470 68018
internal_value=-0.000252792 -0.000863101 -0.00969424 0.000833874 -0.0168449 -0.00788584 -0.0180979 0.00138943 0.0040881 0.00476735 -0.00033724 -0.0180562 -0.00240843 -0.000988382
internal_weight=343049 219673 20899 123376 3759 2663 9705 119617 46672 45283 72945 1389 11194 69204
internal_count=343049 219673 20899 123376 3759 2663 9705 119617 46672 45283 72945 1389 11194 69204
is_linear=0
shrinkage=0.04


Tree=92
num_leaves=15
num_cat=0
split_feature=1 11 3 0 14 0 10 11 11 15 0 14 15 8
split_gain=136.83 1004.24 802.145 789.412 433.188 397.928 500.735 377.944 473.255 526.527 347.007 333.204 327.953 327.596
threshold=11.649599047455293 14.082690525388223 13.603096500000001 3.8699855810887587 0.23320872121670802 12.412369076652718 -14.904224960746738 28.724865093600528 2.8396217146417984 11.201103675124985 1.9218796696262554 0.20107700301493928 8.1718748551249707 0.42806573834405132
decision_type=2 2 2 2 2 2 2 2 2 2 2 2 2 2
left_child=1 -1 5 4 12 6 -2 8 -4 -10 -9 -12 13 -3
right_child=2 3 7 -5 -6 -7 -8 10 9 -11 11 -13 -14 -15
leaf_value=0 -0.059574719243181418 -0.00085055076426713172 -0.010324223340571644 -0.00048417881890312899 -0.003895611581924481 -0.043082674985607812 0.0015318869854600804 0.027927851139580958 0.00080934065926317083 0.007136833155007483 -0.0012100345598139606 0.00041537646305290886 0.0016016046356984437 -0.0024918270024038226
leaf_weight=199728 848 3283 1054 14119 1154 1049 1408 3722 39963 1870 25949 42765 667 5195
leaf_count=199728 848 3283 1054 14119 1154 1049 1408 3722 39963 1870 25949 42765 667 5195
internal_value=-0.00024681 -0.00082821 0.000851738 -0.00848554 -0.0169065 -0.0185779 -0.00911348 0.00140857 0.00438455 0.00505151 -0.000353415 -0.000997759 -0.0139923 -0.016117
internal_weight=342774 224146 118628 24418 10299 3305 2256 115323 42887 41833 72436 68714 9145 8478
internal_count=342774 224146 118628 24418 10299 3305 2256 115323 42887 41833 72436 68714 9145 8478
is_linear=0
shrinkage=0.04


Tree=93
num_leaves=15
num_cat=0
split_feature=1 11 1 2 1 3 11 1 0 14 1 12 3 1
split_gain=129.726 140.297 1057.45 374.637 302.839 308.14 372.64 278.131 272.908 318.399 305.366 270.476 241.482 364.13
threshold=46.270316173168986 26.371628086548988 6.3698026167869655 75.733524000000003 19.716852202110385 25.182769500000003 19.80027943503471 21.967525377807753 1.9218796696262554 0.20033672309383191 13.689442144794812 61.670069240124199 24.145091500000003 28.837996966233508
decision_type=2 2 2 2 2 2 2 2 2 2 2 2 2 2
left_child=1 4 11 -4 -1 7 -7 -6 12 -10 -11 -3 13 -5
right_child=-2 2 3 8 5 6 -8 -9 9 10 -12 -13 -14 -15
leaf_value=0 0.0028277980915154257 0.003571546616125252 0.014991710394523419 0.010546542906943577 0.0028426669956269556 -0.00062195290222548773 0.0048098531703044973 -0.023799074241636249 -0.0012174635101226828 0.0046532353647543555 2.4148423044559886e-05 -0.0030960259643674813 0.097035682200749013 -0.10248914503651882
leaf_weight=241921 4547 145 405 2698 1662 2827 6828 2266 29568 1278 43234 4031 1168 295
leaf_count=241921 4547 145 405 2698 1662 2827 6828 2266 29568 1278 43234 4031 1168 295
internal_value=-0.000263188 -0.000353387 -0.00178407 -0.000742568 0.00011037 0.00592211 0.00976489 -0.00352342 -0.000941195 -0.00150108 0.000636233 -0.0213985 0.00902668 0.00300702
internal_weight=342873 338326 82822 78646 255504 13583 9655 3928 78241 74080 44512 4176 4161 2993
internal_count=342873 338326 82822 78646 255504 13583 9655 3928 78241 74080 44512 4176 4161 2993
is_linear=0
shrinkage=0.04


Tree=94
num_leaves=15
num_cat=0
split_feature=10 11 12 11 1 14 0 11 3 10 3 1 3 10
split_gain=126.327 137.121 175.758 254.367 238.219 353.125 183.6 159.02 153.566 274.089 144.784 134.355 251.105 167.381
threshold=-50.416192931274189 54.173590351797777 93.608201983714054 62.433393168258625 16.097632228729768 0.20770319864275835 8.4111064031567491 60.325162532224454 22.943547000000006 -26.805113917224858 29.948572500000001 32.743326143884168 30.821376000000004 -29.197566120325472
decision_type=2 2 2 2 2 2 2 2 2 2 2 2 2 2
left_child=-1 11 -3 4 6 7 -4 -6 -7 -10 -5 13 -13 -2
right_child=1 2 3 10 5 8 -8 -9 9 -11 -12 12 -14 -15
leaf_value=0.0043394277430469017 -0.0029244685414202142 -0.013917152666904992 0.03533049536058494 -0.038382854176264879 -0.015340197541993415 -0.051011526836674335 -0.007029262386387204 -0.002445032891760466 -0.0010211464964125084 0.047750974638948736 0.0074301937550861766 -0.076270031889138418 0.0019344724596627222 0
leaf_weight=2154 7434 482 523 369 2375 310 382 1268 1247 431 1504 497 16270 307867
leaf_count=2154 7434 482 523 369 2375 310 382 1268 1247 431 1504 497 16270 307867
internal_value=-0.000259973 -0.000320977 -0.00522326 -0.0038768 -0.00760098 -0.0106624 0.0114475 -0.018062 0.00289738 0.0076758 0.00911906 -0.00018972 0.00329934 -0.00037526
internal_weight=343113 340959 8891 8409 6536 5631 905 3643 1988 1678 1873 332068 16767 315301
internal_count=343113 340959 8891 8409 6536 5631 905 3643 1988 1678 1873 332068 16767 315301
is_linear=0
shrinkage=0.04


Tree=95
num_leaves=15
num_cat=0
split_feature=1 3 1 0 15 3 1 0 15 3 11 1 14 12
split_gain=118.643 882.428 692.123 474.038 419.558 528.007 859.894 427.716 414.512 409.498 345.279 1203.92 472.167 436.687
threshold=19.509654899482261 20.067620000000002 21.768615425559343 5.8230263201085011 4.7572720227499881 23.228541000000003 25.80105071087954 20.418505685026478 2.7549546101249835 17.939541000000002 14.498763674921298 6.1379732402719913 0.23320872121670802 104.85986519960657
decision_type=2 2 2 2 2 2 2 2 2 2 2 2 2 2
left_child=10 2 3 9 8 6 7 -6 -3 -2 -1 12 -12 -13
right_child=1 4 -4 -5 5 -7 -8 -9 -10 -11 11 13 -14 -15
leaf_value=0 -0.021679314968741519 -0.0030167040339673244 -0.075018070423537073 -0.058313767492199187 0.0019807137907026304 0.00078987767817926744 -0.066676212372894506 -0.053349014369234671 0.0080233564542382899 0.01776235318566104 -0.0020022511770408859 0.0017737422232195288 -0.0036635442114726991 -0.00038869185920567095
leaf_weight=203027 492 478 1664 696 3280 55320 1641 456 6516 919 9184 7534 1137 50789
leaf_count=203027 492 478 1664 696 3280 55320 1641 456 6516 919 9184 7534 1137 50789
internal_value=-0.000257976 0.00119224 -0.0176399 -0.00241101 0.00224136 0.00117238 -0.0107941 -0.000192719 0.0115184 0.0109142 -0.00063945 -0.00309189 -0.0156845 -0.000863467
internal_weight=343133 71462 3771 2107 67691 60697 5377 3736 6994 1411 271671 68644 10321 58323
internal_count=343133 71462 3771 2107 67691 60697 5377 3736 6994 1411 271671 68644 10321 58323
is_linear=0
shrinkage=0.04


Tree=96
num_leaves=15
num_cat=0
split_feature=11 0 10 11 11 1 14 11 3 10 0 1 1 3
split_gain=121.324 201.832 113.515 109.506 221.974 206.326 301.219 156.236 152.778 254.712 147.649 144.924 128.462 220.604
threshold=68.172665820793171 4.0123169297631831 -50.416192931274189 62.433393168258625 54.173590351797777 16.097632228729768 0.20770319864275835 60.325162532224454 22.943547000000006 -26.805113917224858 8.4111064031567491 43.532115772573867 32.743326143884168 32.749185500000003
decision_type=2 2 2 2 2 2 2 2 2 2 2 2 2 2
left_child=2 -2 -1 4 12 10 7 -7 -8 -10 -6 -9 -4 -14
right_child=1 -3 3 -5 5 6 8 11 9 -11 -12 -13 13 -15
leaf_value=0.0043489086141611979 -0.017255942898588342 0.0098395749564872941 0 0.004900543607386185 0.030230195367019971 -0.014758184747440851 -0.046598490614651829 0.0012967233786927768 -0.0010335486647104219 0.047508664608761908 -0.0073353782220683186 -0.0093716561855021092 -0.051241841437780426 0.0019090078527758236
leaf_weight=2120 400 370 315406 1560 556 2339 310 821 1247 411 378 441 1067 15691
leaf_count=2120 400 370 315406 1560 556 2339 310 821 1247 411 378 441 1067 15691
internal_value=-0.000243998 -0.0161039 -0.000208327 -0.000265823 -0.000314527 -0.0076334 -0.0105513 -0.0174285 0.00203252 0.00685163 0.00976445 -0.00608558 -0.000171241 0.00324144
internal_weight=343117 770 342347 340227 338667 6503 5569 3601 1968 1658 934 1262 332164 16758
internal_count=343117 770 342347 340227 338667 6503 5569 3601 1968 1658 934 1262 332164 16758
is_linear=0
shrinkage=0.04


Tree=97
num_leaves=15
num_cat=0
split_feature=11 0 8 2 12 1 11 10 2 0 13 0 3 11
split_gain=132.231 189.655 110.735 268.697 346.391 300.183 256.867 385.049 436.624 450.748 368.177 271.344 407.072 323.322
threshold=68.172665820793171 4.0123169297631831 0.6089847766992621 172.81084400000003 133.69690685997963 3.7936926283896888 1.0000000180025095e-35 -2.2264290610484889 75.733524000000003 13.486257160318873 354.50597489987246 19.491490519655155 23.570618500000005 4.8795981258141259
decision_type=2 2 2 2 2 2 2 2 2 2 2 2 2 2
left_child=2 -2 -1 4 6 -6 7 8 -4 10 -10 13 -13 -8
right_child=1 -3 3 -5 5 -7 11 -9 9 -11 -12 12 -14 -15
leaf_value=0 -0.016473353686034416 0.0083182031758559458 -0.0023980435027594134 0.0020524539921964744 -0.0019258669478481683 -0.0014755504064546715 7.0967561670318911e-05 0.00024885221501001363 -0.0049652534707668042 -0.024123963211046335 0.0013372796474147091 -0.047412107620497704 0.0046275174411764307 -0.00019618499429067626
leaf_weight=232303 405 374 3286 913 868 16079 22184 2413 777 546 2297 509 4369 55420
leaf_count=232303 405 374 3286 913 868 16079 22184 2413 777 546 2297 509 4369 55420
internal_value=-0.000226759 -0.0166881 -0.00018926 -0.0012369 -0.00141832 -0.00667257 -0.000448361 -0.00674321 -0.0115494 -0.00196685 0.00398178 0.000262845 0.00941369 -0.000312355
internal_weight=342743 779 341964 109661 108748 16947 91801 9319 6906 3620 3074 82482 4878 77604
internal_count=342743 779 341964 109661 108748 16947 91801 9319 6906 3620 3074 82482 4878 77604
is_linear=0
shrinkage=0.04


Tree=98
num_leaves=15
num_cat=0
split_feature=11 0 2 15 11 0 3 3 13 2 15 8 8 13
split_gain=133.856 182.545 107.571 634.901 661.878 1194.97 414.434 383.87 329.352 312.601 368.43 333.789 314.537 402.535
threshold=68.172665820793171 4.0123169297631831 69.363895500000027 11.201103675124985 7.2372518458274415 0.98291644694831293 4.5800125000000014 12.750017500000002 282.46392299658419 108.42320650000001 11.720497890624971 0.080485066759940146 0.62741127141025144 602.77527870826805
decision_type=2 2 2 2 2 2 2 2 2 2 2 2 2 2
left_child=2 -2 3 4 -1 -6 -4 -7 -9 10 11 -8 -12 -14
right_child=1 -3 6 -5 5 7 9 8 -10 -11 12 -13 13 -15
leaf_value=0 -0.016404751024754815 0.0079854750488217059 -0.0058542697183808822 -5.1844416496005301e-05 -0.0017351461321044959 0.0031532620593645332 -7.359417471036224e-06 -0.002495430832415066 -0.00039581990005677103 0 0.0046936989459902311 0.00030580607307147459 0.0021458876327511644 -0.0047191705183452374
leaf_weight=87329 407 350 1426 834 3890 2797 358 729 7592 185247 1761 47445 2509 324
leaf_count=87329 407 350 1426 834 3890 2797 358 729 7592 185247 1761 47445 2509 324
internal_value=-0.000265774 -0.0170674 -0.000228611 -0.00130812 -0.00102485 -0.00878465 0.000237253 -0.00210829 -0.0064175 0.000366262 0.00309407 0.00205426 0.0139138 0.00566184
internal_weight=342998 757 342241 103171 102337 15008 239070 11118 8321 237644 52397 47803 4594 2833
internal_count=342998 757 342241 103171 102337 15008 239070 11118 8321 237644 52397 47803 4594 2833
is_linear=0
shrinkage=0.04


Tree=99
num_leaves=15
num_cat=0
split_feature=11 0 1 11 3 14 15 11 12 12 12 15 0 1
split_gain=137.85 181.7 111.499 833.058 775.088 774.772 432.295 355.409 484.532 354.542 379.533 321.551 405.417 315.827
threshold=68.172665820793171 4.0123169297631831 11.649599047455293 14.498763674921298 13.413906500000001 0.23320872121670802 9.0992552776249926 2.8396217146417984 101.81253182018644 73.239138307204243 105.65198834253742 3.6189290200000106 1.7592239276117774 5.5180061196286605
decision_type=2 2 2 2 2 2 2 2 2 2 2 2 2 2
left_child=2 -2 3 -1 -4 6 9 -6 -9 -5 13 12 -10 -11
right_child=1 -3 4 5 7 -7 -8 8 11 10 -12 -13 -14 -15
leaf_value=0 -0.01574856098376462 0.0073426644643792942 -0.025496979083761532 -0.0019719650924238962 -0.0091465492354569442 -0.0035224904299363379 0.0081325325515940045 0.0052324520504301829 -0.0022605233291567608 -0.0022781985123437199 -0.001499403186016587 0.00011194292500667558 0.0044909762356581022 0.0014242610857744759
leaf_weight=200454 411 362 2565 3412 1073 1142 378 3590 748 3308 10245 104839 5761 5044
leaf_count=200454 411 362 2565 3412 1073 1142 378 3590 748 3308 10245 104839 5761 5044
internal_value=-0.00025538 -0.0171281 -0.000217306 -0.000742378 0.000774524 -0.00786264 -0.00622325 0.0012554 0.00146931 -0.0069517 -0.00477711 0.00100298 0.00962974 0.00155172
internal_weight=343332 773 342559 223983 118576 23529 22387 116011 114938 22009 18597 111348 6509 8352
internal_count=343332 773 342559 223983 118576 23529 22387 116011 114938 22009 18597 111348 6509 8352
is_linear=0
shrinkage=0.04


Tree=100
num_leaves=15
num_cat=0
split_feature=11 0 0 11 12 1 11 14 15 11 13 12 14 14
split_gain=119.311 184.402 115.658 368.068 356.798 252.055 791.159 779.437 392.989 330.377 379.739 330.078 363.38 284.214
threshold=68.172665820793171 4.0123169297631831 13.630013478141777 10.226898132427667 107.61835190673933 11.649599047455293 14.498763674921298 0.23320872121670802 9.0992552776249926 26.371628086548988 602.77527870826805 73.239138307204243 0.17356154239959554 0.20924247074170185
decision_type=2 2 2 2 2 2 2 2 2 2 2 2 2 2
left_child=2 -2 5 -4 -5 6 -1 8 11 10 -7 -8 -13 -11
right_child=1 -3 3 4 -6 9 7 -9 -10 13 -12 12 -14 -15
leaf_value=0 -0.015118618544414035 0.0077196991237079909 -0.025162956797630375 0.0025886679791078593 -0.0011606429097726124 0.000802401541483051 -0.00188165846130642 -0.0032883027692974533 0.0070085036983387906 -0.00042570857635521931 0.0045882118937189669 -0.0014854785076750827 -0.00029405479083949076 0.0015014008532269443
leaf_weight=200179 393 371 605 1891 25485 27303 3424 1134 374 45926 2150 4288 14221 15012
leaf_count=200179 393 371 605 1891 25485 27303 3424 1134 374 45926 2150 4288 14221 15012
internal_value=-0.000231418 -0.0160209 -0.000196145 -0.00266038 -0.00197838 2.34387e-05 -0.000697075 -0.00764984 -0.00600529 0.00180593 0.00528435 -0.00669858 -0.00458804 0.000124717
internal_weight=342756 764 341992 27981 27376 314011 223620 23441 22307 90391 29453 21933 18509 60938
internal_count=342756 764 341992 27981 27376 314011 223620 23441 22307 90391 29453 21933 18509 60938
is_linear=0
shrinkage=0.04


Tree=101
num_leaves=15
num_cat=0
split_feature=9 11 1 15 13 9 12 13 14 12 11 8 11 12
split_gain=119.852 257.418 290.842 248.275 200.251 422.145 382.597 382.229 331.2 266.632 220.272 425.642 379.746 549.962
threshold=0.38505455616520828 40.905212376945009 6.1379732402719913 13.078688944500003 268.32281790025485 0.0027673553189059845 172.53172051450261 289.15636952549113 0.17304916140317197 68.19382612338741 1.3371435283995472 0.95953428616299086 2.7010737440372448 72.026337774870186
decision_type=2 2 2 2 2 2 2 2 2 2 2 2 2 2
left_child=1 3 -3 4 5 -1 -7 8 -6 -10 11 -9 -12 -14
right_child=-2 2 -4 -5 7 6 -8 10 9 -11 12 -13 13 -15
leaf_value=0.0003907942589753914 0 -0.0072131540363534622 -0.0019448799251262239 -0.0031569280446076555 0.000228756001389136 -0.0018029993807728926 0.0015929821070055634 0.0011059635612335865 0.00013682196404272317 -0.0015379391868731397 0.00025582494568546568 -0.00046653727921337941 -0.00019804317235608244 0.00016924513395860042
leaf_weight=5540 232757 900 6620 328 1491 2279 512 487 477 3752 7320 11008 16601 52723
leaf_count=5540 232757 900 6620 328 1491 2279 512 487 477 3752 7320 11008 16601 52723
internal_value=-0.000300821 -0.00138861 -0.00853191 -0.000864629 -0.000753107 0.00519025 -0.00749552 -0.00128064 -0.0113007 -0.0170158 -0.000630368 -0.00579382 0.000144043 -0.000770873
internal_weight=342795 110038 7520 102518 102190 8331 2791 93859 5720 4229 88139 11495 76644 69324
internal_count=342795 110038 7520 102518 102190 8331 2791 93859 5720 4229 88139 11495 76644 69324
is_linear=0
shrinkage=0.04


Tree=102
num_leaves=15
num_cat=0
split_feature=8 11 1 15 3 9 13 13 14 13 8 13 15 14
split_gain=110.826 213.126 316.323 216.966 208.532 301.448 253.089 523.509 311.41 251.726 327.647 463.18 380.467 415.61
threshold=0.6089847766992621 40.352113788921066 6.3698026167869655 13.078688944500003 51.69486650000001 0.22372485691680963 515.31255052261804 520.88873726602321 0.20924247074170185 502.68433582634469 0.99747383420842251 268.32281790025485 5.391618546624998 0.18035712268665238
decision_type=2 2 2 2 2 2 2 2 2 2 2 2 2 2
left_child=-1 3 -3 4 6 -6 9 -8 -9 10 -2 -12 13 -13
right_child=1 2 -4 -5 5 -7 7 8 -10 -11 11 12 -14 -15
leaf_value=0 -0.00084996751088164599 -0.0069798347179917328 -0.0016584253094776935 -0.0030754046604813457 0.00073763816705451149 -0.0020016446164662859 -0.0039522197415153264 0.00020024496261978602 -0.0004886810916969206 0.00068818272010699765 0.00041352119340215543 -0.0013057625025063978 0.00010335352973682766 -0.0001121865803090294
leaf_weight=232342 17684 937 7069 333 5968 643 1730 4304 5545 5906 5507 2931 30889 21114
leaf_count=232342 17684 937 7069 333 5968 643 1730 4304 5545 5906 5507 2931 30889 21114
internal_value=-0.000246251 -0.00128871 -0.00757432 -0.000798019 -0.000693008 0.00617758 -0.00116808 -0.00671215 -0.00314753 -0.000404137 -0.00100608 0.000395096 -0.000713584 -0.00448659
internal_weight=342902 110560 8006 102554 102221 6611 95610 11579 9849 84031 78125 60441 54934 24045
internal_count=342902 110560 8006 102554 102221 6611 95610 11579 9849 84031 78125 60441 54934 24045
is_linear=0
shrinkage=0.04


Tree=103
num_leaves=15
num_cat=0
split_feature=11 0 1 11 14 15 12 12 11 12 13 2 15 13
split_gain=123.778 166.82 105.84 790.681 798.874 374.461 314.351 318.072 288.388 401.128 269.435 296.458 232.409 229.835
threshold=68.172665820793171 4.0123169297631831 11.649599047455293 14.498763674921298 0.23320872121670802 9.0992552776249926 73.239138307204243 105.65198834253742 2.8396217146417984 83.730723129543932 282.46392299658419 75.733524000000003 7.5518605999999986 642.89807683317133
decision_type=2 2 2 2 2 2 2 2 2 2 2 2 2 2
left_child=2 -2 3 -1 5 6 -5 10 -4 -10 11 -8 -9 -11
right_child=1 -3 8 4 -6 -7 7 12 9 13 -12 -13 -14 -15
leaf_value=0 -0.01355739566117261 0.0052040147442061688 -0.0080272990507998104 -0.0017942368044726543 -0.0031621901161542096 0.0079270443234046983 -0.002616429375164462 -0.001163693829907857 0.0063681711221713925 9.0678137653087417e-05 0.0009572353239451478 0.0023389036702387836 -0.006197431337924211 0.0019644834785026567
leaf_weight=200376 399 362 1094 3425 1160 367 921 9818 995 111041 7143 329 452 5154
leaf_count=200376 399 362 1094 3425 1160 367 921 9818 995 111041 7143 329 452 5154
internal_value=-0.000232745 -0.0163469 -0.000196918 -0.000708064 -0.00763074 -0.00595858 -0.00662441 -0.00458019 0.000771026 0.000961857 0.00119623 -0.015936 -0.00930088 0.000745299
internal_weight=343036 761 342275 223991 23615 22455 22088 18663 118284 117190 8393 1250 10270 116195
internal_count=343036 761 342275 223991 23615 22455 22088 18663 118284 117190 8393 1250 10270 116195
is_linear=0
shrinkage=0.04


Tree=104
num_leaves=15
num_cat=0
split_feature=11 0 2 15 11 1 3 3 10 0 11 13 2 2
split_gain=106.968 173.645 98.381 624.59 659.405 1148.16 353.044 329.102 361.741 326.318 1191.14 289.086 286.066 260.679
threshold=68.172665820793171 4.0123169297631831 69.363895500000027 11.201103675124985 7.2372518458274415 0.94604047931402968 12.750017500000002 4.5800125000000014 -4.1555285883911646 2.3084329259840204 2.1609993837279871 282.46392299658419 54.783552000000007 108.42320650000001
decision_type=2 2 2 2 2 2 2 2 2 2 2 2 2 2
left_child=2 -2 3 4 9 -6 -7 8 -4 -1 -11 -8 -12 -9
right_child=1 -3 7 -5 5 6 11 13 -10 10 12 -13 -14 -15
leaf_value=0 -0.013403858426016765 0.0074231204637509075 -0.01794336068230349 -4.9770639836165088e-05 -0.0015355524522983994 0.0029356897806797023 -0.0019675859656837014 0.00037038398111049488 0.00037097040582036834 -0.0030651832763444755 -0.0012251055179166529 -0.00040313282933516516 0.0011628661775359137 0
leaf_weight=82500 403 366 884 835 3786 2838 747 52370 571 3051 254 7652 1494 185313
leaf_count=82500 403 366 884 835 3786 2838 747 52370 571 3051 254 7652 1494 185313
internal_value=-0.000234825 -0.0151365 -0.000201347 -0.00123385 -0.000952679 -0.00869334 -0.00227463 0.000244043 -0.0187216 0.000379386 -0.00976037 -0.006396 0.0165675 0.000360144
internal_weight=343064 769 342295 103157 102322 15023 11237 239138 1455 87299 4799 8399 1748 237683
internal_count=343064 769 342295 103157 102322 15023 11237 239138 1455 87299 4799 8399 1748 237683
is_linear=0
shrinkage=0.04


Tree=105
num_leaves=15
num_cat=0
split_feature=11 0 11 11 1 3 10 15 11 1 3 10 8 13
split_gain=105.309 154.816 102.79 126.564 161.606 290.331 161.961 220.858 254.718 143.53 318.357 204.311 139.158 133.089
threshold=68.172665820793171 4.0123169297631831 62.433393168258625 54.173590351797777 16.097632228729768 15.979160500000001 -26.244083604805386 9.0992552776249926 57.912561633194272 34.77310844699192 33.339706000000007 -37.018327797523554 0.53016487294070724 508.34694477220165
decision_type=2 2 2 2 2 2 2 2 2 2 2 2 2 2
left_child=2 -2 3 9 12 -6 7 -7 -9 13 11 -11 -5 -1
right_child=1 -3 -4 4 5 6 -8 8 -10 10 -12 -13 -14 -15
leaf_value=0 -0.012562278164784555 0.0071261956452008703 0.004699116183947436 0.032086934286345972 -0.058073618021654595 -0.0083840750812178098 0.0092340203360607113 -0.0038529784579050624 0.010812705951218653 -0.12181734383207207 0.0022730799188913531 0.013797189896619794 -0.0023429420972665804 0
leaf_weight=266608 408 369 1558 484 547 3149 1000 1077 664 536 13571 246 466 52518
leaf_count=266608 408 369 1558 484 547 3149 1000 1077 664 536 13571 246 466 52518
internal_value=-0.000271444 -0.0149807 -0.000238067 -0.000284921 -0.00546365 -0.00773652 -0.00514771 -0.00814724 0.00328547 -0.000170206 0.00374277 -0.0210742 0.00993684 -0.000346196
internal_weight=343201 777 342424 340866 7387 6437 5890 4890 1741 333479 14353 782 950 319126
internal_count=343201 777 342424 340866 7387 6437 5890 4890 1741 333479 14353 782 950 319126
is_linear=0
shrinkage=0.04


Tree=106
num_leaves=15
num_cat=0
split_feature=11 0 2 15 11 1 0 11 3 10 14 3 13 13
split_gain=103.495 153.993 98.2642 607.244 647.956 1114.25 333.078 1106 322.721 345.838 317.472 272.219 258.807 253.061
threshold=68.172665820793171 4.0123169297631831 69.363895500000027 11.201103675124985 7.2372518458274415 0.94604047931402968 2.3084329259840204 2.1609993837279871 4.5800125000000014 -4.1555285883911646 0.210843859845816 12.750017500000002 515.31255052261804 282.46392299658419
decision_type=2 2 2 2 2 2 2 2 2 2 2 2 2 2
left_child=2 -2 3 4 6 12 -1 -8 9 -4 11 -7 -6 -13
right_child=1 -3 8 -5 5 10 7 -9 -10 -11 -12 13 -14 -15
leaf_value=0 -0.011774881476222939 0.0067649101340175105 -0.017160731138845642 -4.7779814242718481e-05 -0.00065540681817292338 0.0018144598961782605 -0.0028536057405771265 0.00069224496071082281 0 0.00035613158958755389 0.0046219232705441175 -0.0019353848882829427 -0.0029437747193255159 -0.00064306373124365572
leaf_weight=82540 405 378 897 813 1898 2613 3022 1727 237623 565 826 740 1825 7030
leaf_count=82540 405 378 897 813 1898 2613 3022 1727 237623 565 826 740 1825 7030
internal_value=-0.000237852 -0.0147637 -0.000204607 -0.00123726 -0.000963403 -0.00866327 0.000353767 -0.00994736 0.000240417 -0.0184952 -0.00236596 -0.00426466 -0.0276229 -0.00802059
internal_weight=342902 783 342119 103034 102221 14932 87289 4749 239085 1462 11209 10383 3723 7770
internal_count=342902 783 342119 103034 102221 14932 87289 4749 239085 1462 11209 10383 3723 7770
is_linear=0
shrinkage=0.04


Tree=107
num_leaves=15
num_cat=0
split_feature=11 0 11 11 14 1 11 10 9 3 3 3 1 3
split_gain=108.869 145.158 100.814 120.777 217.699 303.692 190.104 163.355 156.167 141.106 139.234 126.81 126.661 224.492
threshold=68.172665820793171 4.0123169297631831 62.433393168258625 54.173590351797777 0.20770319864275835 16.097632228729768 57.912561633194272 -27.785206223978776 0.47100454261324909 23.047211500000007 15.385249500000002 25.668639000000002 32.743326143884168 30.821376000000004
decision_type=2 2 2 2 2 2 2 2 2 2 2 2 2 2
left_child=2 -2 3 12 5 8 7 -6 -5 -9 -7 -8 -1 -14
right_child=1 -3 -4 4 6 10 11 9 -10 -11 -12 -13 13 -15
leaf_value=0 -0.011894217703335794 0.006280639404766049 0.0045081128054962841 -0.0032875522266647872 -0.0061471728392204451 -0.061839644048676874 -0.033762167546999289 -0.017881666693695872 0.033572646480774432 0.021909117432370447 -0.0065522448104646967 0.012608998963627672 -0.06316352409375206 0.0017432223908224864
leaf_weight=315413 409 361 1566 462 1266 423 173 224 490 358 3206 791 491 17357
leaf_count=315413 409 361 1566 462 1266 423 173 224 490 358 3206 791 491 17357
internal_value=-0.000248987 -0.0152727 -0.000215183 -0.000261732 -0.00531854 -0.0106964 0.00344239 -0.00406926 0.00941176 0.0134708 -0.0159713 0.0178423 -0.000149552 0.00312864
internal_weight=342990 770 342220 340654 7393 4581 2812 1848 952 582 3629 964 333261 17848
internal_count=342990 770 342220 340654 7393 4581 2812 1848 952 582 3629 964 333261 17848
is_linear=0
shrinkage=0.04


Tree=108
num_leaves=15
num_cat=0
split_feature=11 0 0 3 10 3 8 13 1 2 3 3 2 10
split_gain=103.13 151.183 100.974 1365.56 375.753 368.611 332.746 487.911 368.55 346.558 337.588 305.803 272.373 402.302
threshold=68.172665820793171 4.0123169297631831 13.486257160318873 15.286994500000002 -14.561829469112743 18.758335500000005 0.99747383420842251 496.81713644221236 18.137062109321288 108.82138850000003 51.142863500000011 20.719404000000001 78.036579500000016 -20.389148178661216
decision_type=2 2 2 2 2 2 2 2 2 2 2 2 2 2
left_child=2 -2 -1 -4 5 -5 9 8 -8 10 -7 -10 -13 -14
right_child=1 -3 3 4 -6 6 7 -9 11 -11 -12 12 13 -15
leaf_value=0 -0.011113023071010825 0.0063193258378414921 -0.045584467287041727 -0.02060426482024532 0.0065776630199370512 -0.0003190350477437881 0.014480080612765478 -0.0075433922212864045 -0.036253853047637875 -0.0018970405013815661 0.005709877469608343 -0.0031299035401616544 0.0013018750188486022 0.0085634313383664545
leaf_weight=313365 408 367 1544 1700 1254 3775 1668 457 319 11911 2017 439 2508 1129
leaf_count=313365 408 367 1544 1700 1254 3775 1668 457 319 11911 2017 439 2508 1129
internal_value=-0.000237881 -0.0148129 -0.000204861 -0.00247484 -0.000395923 -0.00143039 -0.000166784 0.00755828 0.0105624 -0.00301192 0.00501381 0.00448692 0.00743867 0.0110311
internal_weight=342861 775 342086 28721 27177 25923 24223 6520 6063 17703 5792 4395 4076 3637
internal_count=342861 775 342086 28721 27177 25923 24223 6520 6063 17703 5792 4395 4076 3637
is_linear=0
shrinkage=0.04


Tree=109
num_leaves=15
num_cat=0
split_feature=0 3 11 2 9 1 3 1 3 14 3 1 11 14
split_gain=106.969 1359.34 346.527 461.55 297.941 277.216 560.598 349.896 297.038 245.05 219.14 217.915 808.285 767.19
threshold=13.486257160318873 15.478167500000001 10.226898132427667 104.98328000000002 0.0027673553189059845 17.775106263234616 20.067620000000002 21.388582334296665 25.976404000000006 0.20458749566533713 18.758335500000005 11.649599047455293 14.498763674921298 0.23320872121670802
decision_type=2 2 2 2 2 2 2 2 2 2 2 2 2 2
left_child=11 -2 -3 9 5 10 -7 -8 -9 -4 -5 12 -1 -14
right_child=1 2 3 4 -6 6 7 8 -10 -11 -12 -13 13 -15
leaf_value=0 -0.040659754244916434 -0.020044924775779269 0.0034690874824515497 0.0035945441548701895 -0.0016575112216132889 -0.070718030841907184 0.01124331878142752 -0.051389223205363814 0.0051674585162014754 0.00079748112708700634 0.063704279834066485 0.00041816388953190065 -0.00092659315761876361 -0.0029434851271683839
leaf_weight=200490 1701 602 3216 671 14000 570 1253 671 969 4570 839 89689 22744 1119
leaf_count=200490 1701 602 3216 671 14000 570 1253 671 969 4570 839 89689 22744 1119
internal_value=-0.00025485 -0.00257656 -0.000419575 0.000255615 -0.00310968 0.00530062 -0.000935605 0.00620809 -0.00595122 0.0084562 0.0196026 -3.99947e-05 -0.000706209 -0.00766542
internal_weight=343104 29062 27361 26759 18973 4973 3463 2893 1640 7786 1510 314042 224353 23863
internal_count=343104 29062 27361 26759 18973 4973 3463 2893 1640 7786 1510 314042 224353 23863
is_linear=0
shrinkage=0.04


Tree=110
num_leaves=15
num_cat=0
split_feature=2 15 11 13 14 3 1 2 15 8 12 10 8 1
split_gain=91.046 606.301 485.649 578.228 311.717 272.274 295.244 269.962 327.829 292.611 262.622 262.689 251.835 257.3
threshold=75.733524000000003 11.201103675124985 21.570305721937267 669.07096523690564 0.20770319864275835 4.6593425000000011 4.4512312915371099 108.42320650000001 12.200141976749977 0.080485066759940146 61.670069240124199 -12.765146492632942 0.35938822523727848 3.7936926283896888
decision_type=2 2 2 2 2 2 2 2 2 2 2 2 2 2
left_child=1 2 -1 4 10 6 -2 8 9 -7 -4 -12 -9 -14
right_child=5 -3 3 -5 -6 7 -8 12 -10 -11 11 -13 13 -15
leaf_value=0 -0.00011506961910180081 -4.5868621673009744e-05 0.0036061615108664582 -0.0024240159182878341 0.021956401555339441 -2.188040001661457e-05 -0.02264472678438632 0 0.0032604519248784613 0.00031493727960698085 0.0077066907739365247 -0.0021234039517739989 -0.0016258955649316321 -0.0005855642802438262
leaf_weight=104161 825 821 210 1033 238 326 628 142946 3200 41390 384 3957 694 41790
leaf_count=104161 825 821 210 1033 238 326 628 142946 3200 41390 384 3957 694 41790
internal_value=-0.000230471 -0.0011736 -0.00091796 -0.0121608 -0.00630612 0.000220363 -0.0170406 0.000329244 0.00311159 0.00216512 -0.00863986 -0.0107533 -0.000344712 -0.00304868
internal_weight=342603 110804 109983 5822 4789 231799 1453 230346 44916 41716 4551 4341 185430 42484
internal_count=342603 110804 109983 5822 4789 231799 1453 230346 44916 41716 4551 4341 185430 42484
is_linear=0
shrinkage=0.04


Tree=111
num_leaves=15
num_cat=0
split_feature=2 15 11 15 14 12 13 3 12 3 1 2 15 8
split_gain=101.694 621.384 485.558 911.308 525.941 414.693 332.791 281.93 346.363 257.093 369.382 258.934 342.524 300.795
threshold=75.733524000000003 11.201103675124985 12.060277981546717 2.0657422474999838 0.210843859845816 93.608201983714054 449.35294705808218 28.790476000000002 57.130273955935131 4.7328040000000007 4.4512312915371099 108.42320650000001 12.200141976749977 0.080485066759940146
decision_type=2 2 2 2 2 2 2 2 2 2 2 2 2 2
left_child=1 2 7 -4 5 -5 -7 -1 -9 10 -2 12 13 -11
right_child=9 -3 3 4 -6 6 -8 8 -10 11 -12 -13 -14 -15
leaf_value=0 8.3562886456916007e-05 -4.4033876806089353e-05 -0.0029776574831705273 -0.0012567782926594102 0.010798639116502 0.0049799266944157965 -0.0048542877550597219 0.00068451102666814442 -0.00060042556201847009 -2.1005184015949986e-05 -0.020395152318064335 0 0.0032156566916787524 0.0003172983126251522
leaf_weight=92671 1009 838 1287 8831 689 2579 450 213 3355 337 734 185725 3195 41364
leaf_count=92671 1009 838 1287 8831 689 2579 450 213 3355 337 734 185725 3195 41364
internal_value=-0.000202635 -0.00119914 -0.000937906 -0.00794449 -0.00465694 -0.00663069 0.00614064 6.94105e-05 -0.0109641 0.00027302 -0.0150316 0.00038869 0.00311475 0.00214767
internal_weight=343277 110913 110075 13836 12549 11860 3029 96239 3568 232364 1743 230621 44896 41701
internal_count=343277 110913 110075 13836 12549 11860 3029 96239 3568 232364 1743 230621 44896 41701
is_linear=0
shrinkage=0.04


Tree=112
num_leaves=15
num_cat=0
split_feature=9 12 12 1 2 8 10 15 15 15 13 11 14 2
split_gain=109.634 247.694 224.983 306.502 211.67 341.843 333.5 566.95 310.768 399.717 256.853 269.164 257.457 331.462
threshold=0.37448469796346107 172.53172051450261 134.14445276914546 3.7936926283896888 89.621792000000013 0.7397577289468773 -13.451633283327718 4.5473574915000095 7.1807784224999844 6.7095928932499769 268.32281790025485 39.312564141319832 0.21163429115709895 84.302868000000004
decision_type=2 2 2 2 2 2 2 2 2 2 2 2 2 2
left_child=1 2 4 -4 5 -1 8 -8 9 -6 11 -7 -12 -14
right_child=-2 -3 3 -5 6 10 7 -9 -10 -11 12 -13 13 -15
leaf_value=-0.00066075834023350273 0 0.001396615087509083 -0.0016884271059909373 -0.0012519753792717549 5.5308211760068566e-05 0.00027275568808846204 -0.0014377163193054498 0.0025997781209345151 0.0026283253073879141 -0.0050815596679927412 -0.00013502002637802684 -0.0049073781681725761 0.0003769611352961419 -0.00032683445449082168
leaf_weight=1052 233735 590 767 15153 6516 3388 2609 7195 5805 3302 55559 227 5386 2016
leaf_count=1052 233735 590 767 15153 6516 3388 2609 7195 5805 3302 55559 227 5386 2016
internal_value=-0.000261113 -0.00130516 -0.0014451 -0.0058392 -0.000693353 -0.00186313 0.0024179 0.00820073 -0.00121104 -0.00554899 -0.00150565 0.00886307 -0.00210098 0.00490678
internal_weight=343300 109565 108975 15920 93055 67628 25427 9804 15623 9818 66576 3615 62961 7402
internal_count=343300 109565 108975 15920 93055 67628 25427 9804 15623 9818 66576 3615 62961 7402
is_linear=0
shrinkage=0.04


Tree=113
num_leaves=15
num_cat=0
split_feature=1 3 11 14 1 12 13 3 3 0 10 10 3 0
split_gain=96.8067 884.17 293.892 1009.74 509.411 350.935 336.152 437.413 446.017 1204.91 1044.66 585.663 390.941 290.719
threshold=19.391178218338101 18.250239500000003 14.082690525388223 0.23320872121670802 6.1379732402719913 81.712975330252689 546.33133908632681 32.749185500000003 14.994997500000002 12.945225964372266 -15.758549039871786 -9.4818448470778858 13.206108000000002 3.4860383023242032
decision_type=2 2 2 2 2 2 2 2 2 2 2 2 2 2
left_child=2 -2 -1 4 -4 -6 7 8 9 10 -7 -10 -12 -3
right_child=1 13 3 -5 5 6 -8 -9 11 -11 12 -13 -14 -15
leaf_value=0 -0.064112375631869625 0.0048723550736538106 -0.0014396717375528602 -0.0026121674637858195 0.0039255690192541463 -0.059747257768118484 0.010471961308668494 -0.00099915291035560915 0.00079091807558823147 -0.038048988602807969 -0.001253943971149773 -0.0016268064291471498 0.0029959742279173909 0.00018626437047327638
leaf_weight=202267 1727 11588 9511 1151 1026 1432 949 8810 30410 1799 4782 3787 4918 58823
leaf_count=202267 1727 11588 9511 1151 1026 1432 949 8810 30410 1799 4782 3787 4918 58823
internal_value=-0.00024083 0.0010613 -0.000587649 -0.0028506 -0.00221642 -0.000807418 -0.00122559 -0.00162609 -9.67578e-05 -0.00642487 -0.00151635 0.00229611 0.00319175 0.00175484
internal_weight=342980 72138 270842 68575 67424 57913 56887 55938 47128 12931 11132 34197 9700 70411
internal_count=342980 72138 270842 68575 67424 57913 56887 55938 47128 12931 11132 34197 9700 70411
is_linear=0
shrinkage=0.04


Tree=114
num_leaves=15
num_cat=0
split_feature=11 0 11 11 14 1 11 0 1 3 3 10 3 1
split_gain=86.4627 145.865 86.6003 104.939 180.803 265.702 143.849 136.813 131.804 129.581 126.982 120.001 395.679 260.129
threshold=68.172665820793171 4.0123169297631831 62.433393168258625 54.173590351797777 0.20770319864275835 16.097632228729768 57.912561633194272 8.4111064031567491 26.561871378303753 15.385249500000002 14.288612000000002 -35.531477485341632 34.807402500000009 38.265335417288071
decision_type=2 2 2 2 2 2 2 2 2 2 2 2 2 2
left_child=2 -2 3 11 5 7 8 10 -6 -7 -5 12 13 -1
right_child=1 -3 -4 4 6 9 -8 -9 -10 -11 -12 -13 -14 -15
leaf_value=0.0044750045895621026 -0.010263891219972857 0.0071826448251068944 0.0043036111628762261 -0.00076428309526491937 0.011655628732445479 -0.057459885246487805 0.0095731138140744479 -0.0068327605270755657 -0.0053751283681141172 -0.0060775644770142533 0.059524640831451092 0 0.0025345689161189256 -0.12587497119151345
leaf_weight=396 409 369 1551 197 507 422 945 370 1362 3204 364 320466 12008 577
leaf_count=396 409 369 1551 197 507 422 945 370 1362 3204 364 320466 12008 577
internal_value=-0.000253652 -0.0135733 -0.000223385 -0.0002663 -0.00498711 -0.00991003 0.00298507 0.00915145 -0.00344569 -0.0148042 0.0216043 -0.000161945 0.00360835 -0.020925
internal_weight=343147 778 342369 340818 7371 4557 2814 931 1869 3626 561 333447 12981 973
internal_count=343147 778 342369 340818 7371 4557 2814 931 1869 3626 561 333447 12981 973
is_linear=0
shrinkage=0.04


Tree=115
num_leaves=15
num_cat=0
split_feature=8 2 12 14 2 3 1 15 15 10 9 3 15 14
split_gain=93.847 212.77 242.793 198.992 198.476 412.99 1014.79 338.796 393.385 316.777 454.407 405.212 300.083 295.438
threshold=0.6089847766992621 173.71079250000003 133.69690685997963 0.20458749566533713 89.621792000000013 14.899424000000002 13.161436080137671 7.5518605999999986 7.8595107582499688 -14.561829469112743 0.0015141636739363087 18.758335500000005 6.5080501257500325 0.21256765339438269
decision_type=2 2 2 2 2 2 2 2 2 2 2 2 2 2
left_child=-1 2 4 -4 7 6 -6 13 -9 11 -11 -7 -12 -2
right_child=1 -3 3 -5 5 9 -8 8 -10 10 12 -13 -14 -15
leaf_value=0 -4.0929334572932239e-05 0.0017338337334830772 -0.001690068826329687 -2.8215482918126366e-05 0.00046103271679111767 -0.015326280417801605 -0.035164435479433397 -0.0035268091552475224 -0.00022820076814705827 0.0062536465048875943 -0.00023801742354858713 0.0012760403372530516 0.0050085472193919277 0.00038923074807959855
leaf_weight=232447 46615 855 10773 6168 4010 1579 1507 1729 14049 2851 3172 10603 1344 5248
leaf_count=232447 46615 855 10773 6168 4010 1579 1507 1729 14049 2851 3172 10603 1344 5248
internal_value=-0.000250416 -0.0012101 -0.0013651 -0.00576825 -0.000560475 0.00247985 -0.00718506 -0.00168714 -0.00681962 0.00520743 0.0117551 0.00124774 0.00386182 -0.000125716
internal_weight=342950 110503 109648 16941 92707 25066 5517 67641 15778 19549 7367 12182 4516 51863
internal_count=342950 110503 109648 16941 92707 25066 5517 67641 15778 19549 7367 12182 4516 51863
is_linear=0
shrinkage=0.04


Tree=116
num_leaves=15
num_cat=0
split_feature=11 3 11 11 14 1 11 10 11 8 3 10 3 3
split_gain=97.8556 122.094 91.7361 104.864 165.541 274.554 143.691 148.307 143.476 131.902 129.527 125.47 124.98 107.84
threshold=68.172665820793171 31.123188000000003 62.433393168258625 54.173590351797777 0.20770319864275835 16.097632228729768 60.325162532224454 -45.097074319556647 57.912561633194272 0.45381287262189079 13.413906500000001 -27.785206223978776 23.047211500000007 25.668639000000002
decision_type=2 2 2 2 2 2 2 2 2 2 2 2 2 2
left_child=2 -2 3 -1 5 9 -7 -8 11 10 -5 -6 -13 -10
right_child=1 -3 -4 4 8 6 7 -9 13 -11 -12 12 -14 -15
leaf_value=0 -0.011425192631463058 0.018284386521911035 0.004276881784033907 -0.013212676439367806 -0.005690028734847208 -0.012467769235694608 -0.012999041368195758 0.00083132255081074696 -0.032818782528082499 -0.0017646458560364065 0.051858734939992879 -0.017656802305646067 0.017440770642401564 0.011830801386908198
leaf_weight=333559 618 153 1566 60 1286 2387 246 1012 179 529 357 224 357 778
leaf_count=333559 618 153 1566 60 1286 2387 246 1012 179 529 357 224 357 778
internal_value=-0.000240365 -0.0144747 -0.000208326 -0.000252688 -0.00495752 -0.00964496 -0.0146283 -0.00368839 0.00266289 0.00955603 0.0263789 -0.00379218 0.0116351 0.015256
internal_weight=343311 771 342540 340974 7415 4591 3645 1258 2824 946 417 1867 581 957
internal_count=343311 771 342540 340974 7415 4591 3645 1258 2824 946 417 1867 581 957
is_linear=0
shrinkage=0.04


Tree=117
num_leaves=15
num_cat=0
split_feature=0 3 10 3 1 8 13 10 2 3 2 10 3 3
split_gain=88.8413 1322.9 306.278 279.365 340.154 280.281 403.323 335.002 307.314 247.828 267.814 413.3 403.289 218.027
threshold=13.630013478141777 15.478167500000001 -14.561829469112743 18.758335500000005 16.807380426175602 0.99747383420842251 496.81713644221236 -18.146644676837177 106.39442800000002 21.051570000000002 78.036579500000016 -21.098094818247159 23.965068000000006 16.382953500000003
decision_type=2 2 2 2 2 2 2 2 2 2 2 2 2 2
left_child=-1 -2 3 4 13 8 7 9 -5 -7 -11 12 -12 -3
right_child=1 2 -4 5 -6 6 -8 -9 -10 10 11 -13 -14 -15
leaf_value=0 -0.039507338521335006 -0.016973935291379888 0.0063401542385612087 0.0014121554276808679 -0.065373217493527105 -0.028139370392455097 -0.0074524231418223374 0.012163809684179473 -0.0015842878615191149 -0.0031022459938933869 -0.069742548134858598 0.0078806289499849785 0.0051065607741603968 0.0047742596628595332
leaf_weight=314623 1585 259 1035 4561 744 378 456 1672 12828 444 471 1469 1883 631
leaf_count=314623 1585 259 1035 4561 744 378 456 1672 12828 444 471 1469 1883 631
internal_value=-0.000228545 -0.0023705 -0.000272819 -0.00112886 -0.0171359 -4.63538e-05 0.00685664 0.00947918 -0.00273506 0.00395264 0.0067026 0.0101177 -0.000271878 -0.000449438
internal_weight=343039 28416 26831 25796 1634 24162 6773 6317 17389 4645 4267 3823 2354 890
internal_count=343039 28416 26831 25796 1634 24162 6773 6317 17389 4645 4267 3823 2354 890
is_linear=0
shrinkage=0.04


Tree=118
num_leaves=15
num_cat=0
split_feature=0 3 10 3 1 8 15 0 3 2 3 13 1 11
split_gain=101.91 1276.08 272.329 319.833 358.453 265.347 422.671 293.592 462.324 291.53 221.644 211.931 199.846 679.969
threshold=13.630013478141777 15.478167500000001 -14.561829469112743 18.932407000000005 16.654537793804835 0.99747383420842251 8.66960060162498 20.418505685026478 23.402816000000005 96.374996500000023 16.584799500000003 297.0789537866894 11.649599047455293 14.498763674921298
decision_type=2 2 2 2 2 2 2 2 2 2 2 2 2 2
left_child=12 -2 3 4 10 9 7 -7 -9 -5 -3 -11 13 -1
right_child=1 2 -4 5 -6 6 -8 8 -10 11 -12 -13 -14 -15
leaf_value=0 -0.037927044980481599 -0.014782890647325632 0.0063107921346777065 0.0034670481362050996 -0.060904713355863407 0.0060833983070409615 -0.0046814025389967364 -0.060804713267718802 0.0052811851521412856 -0.0027940291463528621 0.0057481101489468235 -0.0010110226605873351 0.00039983527432521789 -0.0009637615229918711
leaf_weight=200170 1579 324 1024 1895 853 3084 892 516 2188 311 565 15186 90693 23886
leaf_count=200170 1579 324 1024 1895 853 3084 892 516 2188 311 565 15186 90693 23886
internal_value=-0.000226946 -0.00252103 -0.000465012 -0.00126753 -0.0178186 -6.97906e-05 0.00670659 0.0106565 0.0010355 -0.00267249 -4.49944e-05 -0.00448345 -1.98253e-05 -0.000661085
internal_weight=343166 28417 26838 25814 1742 24072 6680 5788 2704 17392 889 15497 314749 224056
internal_count=343166 28417 26838 25814 1742 24072 6680 5788 2704 17392 889 15497 314749 224056
is_linear=0
shrinkage=0.04


Tree=119
num_leaves=15
num_cat=0
split_feature=0 3 10 3 1 8 13 10 2 3 14 3 2 1
split_gain=82.8581 1210.88 310.573 319.283 276.637 242.099 400.575 314.065 258.377 240.271 220.054 217.213 242.944 340.16
threshold=13.486257160318873 15.286994500000002 -14.561829469112743 18.758335500000005 16.94725728494554 0.99747383420842251 496.81713644221236 -18.146644676837177 96.374996500000023 16.584799500000003 0.19664582477016793 20.719404000000001 78.036579500000016 21.567386497280278
decision_type=2 2 2 2 2 2 2 2 2 2 2 2 2 2
left_child=-1 -2 3 4 9 8 7 11 -5 -3 -10 -7 -13 -14
right_child=1 2 -4 5 -6 6 -8 -9 10 -11 -12 12 13 -15
leaf_value=0 -0.036658335945301691 -0.014581128898700928 0.0061671258722234825 0.0033660312018394022 -0.062400918453947705 -0.030584024438497791 -0.0067439107324092432 0.011782572912289915 -0.0026563642853336673 0.0044044302061468912 -0.00068724901121747022 -0.0028602945505224442 0.0077182905650517884 -0.0012370317470656361
leaf_weight=314144 1574 394 1251 1937 702 311 473 1689 1920 593 13992 436 1729 2160
leaf_count=314144 1574 394 1251 1937 702 311 473 1689 1920 593 13992 436 1729 2160
internal_value=-0.000227786 -0.00226741 -0.000320441 -0.00124544 -0.0180699 -9.25062e-05 0.00633127 0.00898656 -0.00253908 -0.00441743 -0.0042182 0.00360656 0.00592832 0.0091026
internal_weight=343305 29161 27587 26336 1689 24647 6798 6325 17849 987 15912 4636 4325 3889
internal_count=343305 29161 27587 26336 1689 24647 6798 6325 17849 987 15912 4636 4325 3889
is_linear=0
shrinkage=0.04


Tree=120
num_leaves=15
num_cat=0
split_feature=0 3 11 1 3 9 2 1 15 1 3 3 3 2
split_gain=87.7764 1141.76 262.728 328.296 295.164 292.103 281.255 240.658 227.423 240.498 427.214 202.505 184.559 299.919
threshold=13.630013478141777 15.478167500000001 10.226898132427667 14.722434400671755 18.423363500000004 0.001795216775942299 96.374996500000023 16.807380426175602 8.66960060162498 21.567386497280278 25.817567000000004 16.584799500000003 51.142863500000011 110.76944350000001
decision_type=2 2 2 2 2 2 2 2 2 2 2 2 2 2
left_child=-1 -2 -3 -4 7 8 -7 11 9 -6 -11 -5 -8 -14
right_child=1 2 3 4 5 6 12 -9 -10 10 -12 -13 13 -15
leaf_value=0 -0.035217217314702232 -0.020088454644471843 0.0065214950084700142 -0.01628322238484823 0.0060714213304876663 0.0037106457314270646 -0.0019948068412474458 -0.065723764187845229 -0.0033926699660181575 -0.05210413131606792 0.0067223587482064182 0.0042530704034332793 0.003674060462460783 -0.00099946574431393205
leaf_weight=314560 1546 595 1083 275 3670 1799 9554 595 579 660 1411 463 2177 3975
leaf_count=314560 1546 595 1083 275 3670 1799 9554 595 579 660 1411 463 2177 3975
internal_value=-0.000200617 -0.00233105 -0.000405426 0.000190542 -0.000737737 0.000287093 -0.00237418 -0.0190548 0.00765823 0.0100679 -0.000830517 -0.00379404 -0.00409016 0.00131339
internal_weight=342942 28382 26836 26241 25158 23825 17505 1333 6320 5741 2071 738 15706 6152
internal_count=342942 28382 26836 26241 25158 23825 17505 1333 6320 5741 2071 738 15706 6152
is_linear=0
shrinkage=0.04


Tree=121
num_leaves=15
num_cat=0
split_feature=0 3 10 3 1 11 9 2 15 10 3 2 1 3
split_gain=86.5497 1152.57 236.972 223.055 279.687 192.907 258.617 301.785 221.232 295.487 290.222 239.914 263.225 483.284
threshold=13.630013478141777 15.574545500000001 -14.561829469112743 18.423363500000004 16.94725728494554 14.082690525388223 0.001795216775942299 96.374996500000023 10.466102582375003 -18.146644676837177 20.234927000000003 78.036579500000016 21.967525377807753 25.817567000000004
decision_type=2 2 2 2 2 2 2 2 2 2 2 2 2 2
left_child=-1 -2 3 4 -3 -5 8 -8 9 10 -7 -12 -13 -14
right_child=1 2 -4 5 -6 6 7 -9 -10 -11 11 12 13 -15
leaf_value=0 -0.032811167238240194 -0.00082207829726167747 0.0056595810369957427 -0.0087512067552562699 -0.064139809310073362 -0.040124655941338683 0.0040604477908971134 -0.0010468130918321395 -0.0040349810371911763 0.012337356231763614 -0.002561503522400017 0.0078309853246635239 -0.062551730628794183 0.0064534643982781612
leaf_weight=314770 1655 808 976 587 570 280 1676 15656 161 1683 433 1880 560 1361
leaf_count=314770 1655 808 976 587 570 280 1676 15656 161 1683 433 1880 560 1361
internal_value=-0.000222354 -0.00234179 -0.00032894 -0.0010649 -0.0167199 -0.000176299 0.000384973 -0.00214632 0.00728531 0.00848798 0.00315463 0.00576287 0.00897659 -0.00143675
internal_weight=343056 28286 26631 25655 1378 24277 23690 17332 6358 6197 4514 4234 3801 1921
internal_count=343056 28286 26631 25655 1378 24277 23690 17332 6358 6197 4514 4234 3801 1921
is_linear=0
shrinkage=0.04


Tree=122
num_leaves=15
num_cat=0
split_feature=0 3 10 3 1 3 1 11 14 3 3 10 3 15
split_gain=95.1634 1093.46 241.202 288.142 267.429 234.726 184.62 684.66 809.174 417.981 415.242 1043.89 395.898 376.817
threshold=13.630013478141777 15.192007000000002 -14.561829469112743 18.596571000000001 17.101640071235519 16.382953500000003 11.649599047455293 14.498763674921298 0.23320872121670802 13.413906500000001 16.998599000000002 -16.611485338693537 15.979160500000001 9.0992552776249926
decision_type=2 2 2 2 2 2 2 2 2 2 2 2 2 2
left_child=6 -2 3 4 5 -3 7 -1 13 -8 11 12 -11 -9
right_child=1 2 -4 -5 -6 -7 9 8 -10 10 -12 -13 -14 -15
leaf_value=0 -0.034043219239003671 -0.017046072539551795 0.0049743525161799621 -0.00010844423464268199 -0.061576134371217492 0.0034792992691300155 -0.01572283789602047 -0.00085056576096897204 -0.0024509764336830011 -0.054570984495790571 0.00020723329866957797 0.006497165122777363 0.007252694060592149 0.0070021759477267497
leaf_weight=200286 1403 352 1111 24248 606 643 2147 22327 1135 1192 76584 9995 518 380
leaf_count=200286 1403 352 1111 24248 606 643 2147 22327 1135 1192 76584 9995 518 380
internal_value=-0.000216489 -0.00243557 -0.000643917 -0.0014283 -0.0178638 -0.00510553 -1.64037e-05 -0.00063196 -0.00703968 0.00150913 0.0019332 0.00895002 -0.0199298 -0.00539217
internal_weight=342927 28363 26960 25849 1601 995 314564 224128 23842 90436 88289 11705 1710 22707
internal_count=342927 28363 26960 25849 1601 995 314564 224128 23842 90436 88289 11705 1710 22707
is_linear=0
shrinkage=0.04


Tree=123
num_leaves=15
num_cat=0
split_feature=12 9 2 3 11 2 11 8 2 11 10 11 12 11
split_gain=81.4576 206.638 132.669 151.869 160.625 131.294 125.248 110.743 203.129 161.523 503.396 461.745 424.715 500.246
threshold=58.356533494948515 1.4888802441215267e-05 53.149446500000003 5.742118500000001 1.7487095212132915 51.352398000000008 2.7010737440372448 0.6089847766992621 176.18601950000001 1.3371435283995472 -0.42492621305860234 2.7010737440372448 72.735043900766541 4.8795981258141259
decision_type=2 2 2 2 2 2 2 2 2 2 2 2 2 2
left_child=1 -1 3 5 -5 -3 -6 -2 9 10 -9 -11 13 -13
right_child=7 2 -4 4 6 -7 -8 8 -10 11 -12 12 -14 -15
leaf_value=0.00024179020570606842 0 0 -0.00056084500658748818 0.00031302501256870555 -0.00069244503661300665 -0.00050388941463353908 0.0022467378300555368 -0.00060212499124725875 0.0018480930069272566 0.00028836679209938768 0.00027084440984663494 1.2578092457958823e-05 -4.5353792902462706e-05 -0.00049250891070245215
leaf_weight=2252 228744 4267 358 411 102 246 59 11491 676 6898 1180 7478 67826 11343
leaf_count=2252 228744 4267 358 411 102 246 59 11491 676 6898 1180 7478 67826 11343
internal_value=-0.000227652 0.00384146 -0.000374793 0.0012822 0.0206993 -0.00117882 -0.0131677 -0.000320943 -0.00138383 -0.00152293 -0.00576119 -0.000948848 -0.00174178 -0.00705807
internal_weight=343331 7695 5443 5085 572 4513 161 335636 106892 106216 12671 93545 86647 18821
internal_count=343331 7695 5443 5085 572 4513 161 335636 106892 106216 12671 93545 86647 18821
is_linear=0
shrinkage=0.04


Tree=124
num_leaves=15
num_cat=0
split_feature=11 1 2 12 14 13 11 10 3 3 10 8 3 10
split_gain=82.5938 707.517 278.221 270.049 260.644 299.583 305.193 454.475 1327.59 752.489 944.597 888.885 517.778 480.73
threshold=26.371628086548988 6.1379732402719913 74.617874000000015 61.670069240124199 0.20924247074170185 513.32521284928225 34.695115501126686 -28.5975245172706 26.427089500000005 20.395154000000002 -21.836433568403596 0.16423216158524775 14.994997500000002 -16.403613827566105
decision_type=2 2 2 2 2 2 2 2 2 2 2 2 2 2
left_child=-1 3 -3 -2 5 6 -4 8 -8 10 -9 -11 13 -12
right_child=1 2 4 -5 -6 -7 7 9 -10 11 12 -13 -14 -15
leaf_value=0 0.0033634095162199487 0.014503606627178844 -0.0010107624143360211 -0.0020447046729020913 0.0008738466995089866 -0.0024116834877639932 -0.078292950211981335 -0.069591407938160016 0.00013937785922395502 0.051027305294863066 -0.068922147896851027 0.0011465831432783975 0.0047572335996634817 -0.0012402767785299298
leaf_weight=255985 142 366 17290 3924 21682 5290 2144 1293 12674 4193 874 10083 5695 1544
leaf_count=255985 142 366 17290 3924 21682 5290 2144 1293 12674 4193 874 10083 5695 1544
internal_value=-0.000214815 -0.00127807 -0.000481186 -0.0175701 -0.000635074 -0.0019725 -0.00110988 0.000872727 -0.00462141 0.00431045 -0.00447374 0.0100981 0.000586713 -0.0149214
internal_weight=343179 87194 83128 4066 82762 61080 55790 38500 14818 23682 9406 14276 8113 2418
internal_count=343179 87194 83128 4066 82762 61080 55790 38500 14818 23682 9406 14276 8113 2418
is_linear=0
shrinkage=0.04


Tree=125
num_leaves=15
num_cat=0
split_feature=0 3 10 3 1 3 11 9 2 15 10 3 2 0
split_gain=84.3758 1073.6 272.816 322.112 203.704 234.677 203.473 216.4 279.887 209.322 260.379 263.508 205.767 224.66
threshold=13.486257160318873 14.994997500000002 -14.561829469112743 18.423363500000004 17.256346826839515 16.081239000000004 14.082690525388223 0.001795216775942299 95.008430500000017 10.466102582375003 -17.626799227388602 19.563657000000003 78.036579500000016 22.02093150316739
decision_type=2 2 2 2 2 2 2 2 2 2 2 2 2 2
left_child=-1 -2 3 4 5 -3 -5 9 -9 10 11 -8 -13 -14
right_child=1 2 -4 6 -6 -7 7 8 -10 -11 -12 12 13 -15
leaf_value=0 -0.032450302185896826 -0.024548958038884273 0.0052360378465848133 -0.0088299152623666187 -0.065655201344579792 0.0014818081895924034 -0.040640617819290376 0.0044189207031706638 -0.00093706084154585815 -0.003901928966995323 0.016000502159435822 -0.0019386718894972405 0.0064314524840505373 -0.001542671850128462
leaf_weight=313995 1394 343 1328 595 507 743 229 1448 16384 161 1407 472 2228 1905
leaf_count=313995 1394 343 1328 595 507 743 229 1448 16384 161 1407 472 2228 1905
internal_value=-0.000244216 -0.00230305 -0.000582342 -0.0014715 -0.0189077 -0.00913444 -0.000352813 0.000214575 -0.00205025 0.00652296 0.00768467 0.00327679 0.00535939 0.00821679
internal_weight=343139 29144 27750 26422 1593 1086 24829 24234 17832 6402 6241 4834 4605 4133
internal_count=343139 29144 27750 26422 1593 1086 24829 24234 17832 6402 6241 4834 4605 4133
is_linear=0
shrinkage=0.04


Tree=126
num_leaves=15
num_cat=0
split_feature=0 3 11 12 9 1 3 10 3 13 2 2 15 1
split_gain=103.466 1003.59 194.222 263.093 172.447 212.224 310.384 239.666 211.62 198.175 167.846 217.896 198.25 145.094
threshold=13.772709359793771 15.286994500000002 10.505208136561 131.95358833313318 0.0027673553189059845 18.939237081182636 23.047211500000007 -22.779665866118346 18.932407000000005 297.0789537866894 83.275566000000012 74.617874000000015 8.66960060162498 10.505022975637585
decision_type=2 2 2 2 2 2 2 2 2 2 2 2 2 2
left_child=13 -2 -3 10 5 8 -7 -8 -5 -6 11 -4 -13 -1
right_child=1 2 3 4 9 6 7 -9 -10 -11 -12 12 -14 -15
leaf_value=0 -0.032484287314719411 -0.021825747029280557 0.0082986086645870701 -0.0052541494013084566 -0.0030447268550041406 -0.04439058346770753 -0.0063016090555628127 0.035700307443565837 0.042159182708778983 -0.0014856884597955172 0.0021212076590354356 0.00015197969694647485 -0.0034446829098868539 0.00030594946498600328
leaf_weight=219472 1337 581 148 371 292 714 645 686 727 11326 9575 577 601 95997
leaf_count=219472 1337 581 148 371 292 714 645 686 727 11326 9575 577 601 95997
internal_value=-0.000255357 -0.00260479 -0.000882521 -0.000364742 -0.00384527 0.00446707 -0.00314914 0.00826446 0.0186521 -0.00609399 0.00434822 -0.00898944 -0.0147368 -4.99574e-05
internal_weight=343049 27580 26243 25662 14761 3143 2045 1331 1098 11618 10901 1326 1178 315469
internal_count=343049 27580 26243 25662 14761 3143 2045 1331 1098 11618 10901 1326 1178 315469
is_linear=0
shrinkage=0.04


Tree=127
num_leaves=15
num_cat=0
split_feature=0 3 12 3 1 2 13 11 1 15 14 0 12 8
split_gain=108.441 755.366 206.646 155.464 284.244 192.942 157.523 161.486 158.398 152.014 143.066 142.885 180.792 132.12
threshold=14.671789877528768 16.180110000000003 133.46973650935493 18.758335500000005 17.101640071235519 85.494930000000025 570.75545409713311 14.082690525388223 23.934630683830616 8.66960060162498 0.20458749566533713 22.687069723946067 156.574834510557 0.98193542554260549
decision_type=2 2 2 2 2 2 2 2 2 2 2 2 2 2
left_child=-1 -2 3 4 -3 9 7 -7 -8 -5 11 12 13 -4
right_child=1 2 10 5 -6 6 8 -9 -10 -11 -12 -13 -14 -15
leaf_value=0 -0.037073637500870324 0.0014266613323570265 -0.0022922281588674703 0.00021659316213689772 -0.048218932194952518 -0.0049147840704464162 -0.0020888474958824224 0.0038013186445576643 0.003407772975432466 -0.0035076686085753969 -0.00028113421006131957 -0.012941278616841015 -0.0026489024347085845 0.0017615496849240691
leaf_weight=319100 882 561 2776 656 434 183 1137 6669 1114 632 5793 1206 323 1416
leaf_count=319100 882 561 2776 656 434 183 1137 6669 1114 632 5793 1206 323 1416
internal_value=-0.000253615 -0.00285931 -0.00146026 0.00236079 -0.0127437 0.00380714 0.00585741 0.00887332 -0.00332297 -0.0106832 -0.00523884 -0.00972557 -0.00645847 -0.00423664
internal_weight=342882 23782 22900 11386 995 10391 9103 6852 2251 1288 11514 5721 4515 4192
internal_count=342882 23782 22900 11386 995 10391 9103 6852 2251 1288 11514 5721 4515 4192
is_linear=0
shrinkage=0.04


Tree=128
num_leaves=15
num_cat=0
split_feature=0 3 12 2 10 3 9 10 3 14 2 15 1 11
split_gain=110.624 734.174 209.103 178.97 169.091 193.749 189.363 249.378 192.41 180.739 144.576 132.373 122.798 611.974
threshold=14.671789877528768 16.081239000000004 131.95358833313318 83.275566000000012 -16.403613827566105 19.257424500000003 0.00018997752881178001 -22.779665866118346 25.817567000000004 0.20284702326126808 110.52904900000001 8.66960060162498 11.649599047455293 14.498763674921298
decision_type=2 2 2 2 2 2 2 2 2 2 2 2 2 2
left_child=12 -2 3 11 5 -4 7 8 -7 10 -8 -3 13 -1
right_child=1 2 4 -5 -6 6 9 -9 -10 -11 -12 -13 -14 -15
leaf_value=0 -0.036372925896994548 0.00013723678258313997 -0.045275389987479084 0.0016984345460690298 0.046163834321081468 -0.070407745476443781 0.0042992766709445355 0.032336069372636278 0.0024373748991556228 -0.00091219739731533992 -0.003125269326348159 -0.0032932521735273093 0.00028911057926518175 -0.00085875051776586613
leaf_weight=200293 873 593 535 8433 327 267 376 1110 339 6844 3387 608 95024 23907
leaf_count=200293 873 593 535 8433 327 267 376 1110 339 6844 3387 608 95024 23907
internal_value=-0.000263388 -0.00290056 -0.00152329 0.0029562 -0.00479636 -0.00551874 -0.00449566 0.00783217 -0.0128053 -0.00649005 -0.0135318 -0.0114904 -6.76641e-05 -0.000578412
internal_weight=342916 23692 22819 9634 13185 12858 12323 1716 606 10607 3763 1201 319224 224200
internal_count=342916 23692 22819 9634 13185 12858 12323 1716 606 10607 3763 1201 319224 224200
is_linear=0
shrinkage=0.04


Tree=129
num_leaves=15
num_cat=0
split_feature=0 14 2 12 2 1 14 1 11 14 15 11 12 12
split_gain=111.574 241.971 140.862 126.848 161.031 153.553 137.872 124.693 582.172 866.762 413.387 288.693 283.742 241.894
threshold=14.671789877528768 0.19356640250980447 146.28128050000001 131.95358833313318 83.275566000000012 17.653687336794096 0.20458749566533713 11.649599047455293 14.082690525388223 0.23320872121670802 9.0992552776249926 22.863139767645219 73.239138307204243 105.65198834253742
decision_type=2 2 2 2 2 2 2 2 2 2 2 2 2 2
left_child=7 2 -2 4 -3 -5 -7 8 -1 10 12 -9 -10 -14
right_child=1 3 -4 5 -6 6 -8 11 9 -11 -12 -13 13 -15
leaf_value=0 -0.0031398553288242148 -0.0010930094255301444 -0.0040356379849683021 0.0059109214004191817 0.0015356992227988399 -0.0045196822306420564 -0.00050418578747427729 0.0011559634903495154 -0.001424501413722915 -0.0022993565277158613 0.0071829840284174887 -1.5212111365058012e-05 0.00018309119293624332 -0.0010384225842316375
leaf_weight=199819 3693 1188 398 727 7851 3928 5928 21580 3557 1170 419 73537 9121 10231
leaf_count=199819 3693 1188 398 727 7851 3928 5928 21580 3557 1170 419 73537 9121 10231
internal_value=-0.000265892 -0.00291317 -0.0117624 -0.00106819 0.00241177 -0.00404044 -0.00534903 -6.93727e-05 -0.000583995 -0.00640379 -0.00471879 0.00114427 -0.00543891 -0.00353038
internal_weight=343147 23713 4091 19622 9039 10583 9856 319434 224317 24498 23328 95117 22909 19352
internal_count=343147 23713 4091 19622 9039 10583 9856 319434 224317 24498 23328 95117 22909 19352
is_linear=0
shrinkage=0.04


Tree=130
num_leaves=15
num_cat=0
split_feature=11 14 1 3 10 3 1 9 1 13 3 1 14 11
split_gain=99.8481 939.355 390.717 254.98 645.418 252.571 260.999 240.749 616.909 240.064 251.732 586.91 241.899 282.857
threshold=20.865414175403771 0.23320872121670802 7.7617538204089849 13.9972215 -13.650540010098654 10.151436000000002 9.4144749038507047 0.65985288366030803 15.778056124532808 268.7841962257441 16.998599000000002 17.256346826839515 0.17762989721056535 24.487536916709352
decision_type=2 2 2 2 2 2 2 2 2 2 2 2 2 2
left_child=-1 2 -2 4 7 6 -6 -4 -9 12 11 -11 13 -5
right_child=1 -3 3 9 5 -7 -8 8 -10 10 -12 -13 -14 -15
leaf_value=0 -0.0012763660557890447 -0.0018536776692913849 -0.038552786598162005 -0.0009233073871339892 0.00066987179021870573 0.0026687886294061349 -0.034164923358543556 0.011503872589036535 -0.065705794113174093 0.007102374683818715 6.7728202569200535e-07 -0.033250412375678405 -0.0012851959204120919 0.00090752410846992591
leaf_weight=227213 7037 991 1308 2852 823 2604 553 471 590 7690 87745 979 1132 1244
leaf_count=227213 7037 991 1308 2852 823 2604 553 471 590 7690 87745 979 1132 1244
internal_value=-0.000268157 -0.0012229 -0.000888827 -0.000293728 -0.00807056 0.00176884 -0.012093 -0.0246011 -0.010443 0.000192047 0.00064472 0.00714731 -0.00815608 -0.00363281
internal_weight=343232 116019 115028 107991 6349 3980 1376 2369 1061 101642 96414 8669 5228 4096
internal_count=343232 116019 115028 107991 6349 3980 1376 2369 1061 101642 96414 8669 5228 4096
is_linear=0
shrinkage=0.04


Tree=131
num_leaves=15
num_cat=0
split_feature=11 15 12 0 13 12 11 3 14 14 2 10 9 3
split_gain=93.6458 1434.45 733.53 461.805 382.219 475.167 364.228 342.82 321.187 317.079 288.849 257.494 328.883 287.376
threshold=4.8795981258141259 2.0657422474999838 72.735043900766541 7.8766227749444182 289.15636952549113 81.712975330252689 1.3371435283995472 4.5800125000000014 0.18056961931331353 0.20242882353847461 55.25943800000001 -17.988862592806857 0.84143068219493111 16.081239000000004
decision_type=2 2 2 2 2 2 2 2 2 2 2 2 2 2
left_child=3 -2 -3 6 11 9 -1 -7 -9 -6 -8 13 -13 -4
right_child=1 2 4 -5 5 7 10 8 -10 -11 -12 12 -14 -15
leaf_value=0 -0.0027588226822812655 -0.00039853597529051934 -0.075912621575155978 -0.0040553119260453973 0.00026805279359212622 -0.0062059973407467316 2.6732690369953605e-05 0.0017839937277089428 1.2123472285451437e-05 0.0042076429146877398 0.00038909435539319755 -0.00055854779102545136 0.0040226399088684897 -0.0010972804598622884
leaf_weight=157968 1562 12121 615 2654 3997 809 10604 7636 115675 2468 6943 15107 1806 2919
leaf_count=157968 1562 12121 615 2654 3997 809 10604 7636 115675 2468 6943 15107 1806 2919
internal_value=-0.000291877 -0.000979389 -0.000614147 0.000343719 0.000145664 0.000941915 0.000594137 0.000391234 0.000561507 0.0115143 0.00606144 -0.0049396 -0.00288772 -0.0147595
internal_weight=342884 164715 163153 178169 151032 130585 175515 124120 123311 6465 17547 20447 16913 3534
internal_count=342884 164715 163153 178169 151032 130585 175515 124120 123311 6465 17547 20447 16913 3534
is_linear=0
shrinkage=0.04


Tree=132
num_leaves=15
num_cat=0
split_feature=0 3 12 10 3 2 9 1 3 15 3 0 2 12
split_gain=107.129 787.522 168.77 180.303 234.078 175.66 141.07 193.215 154.793 132.475 129.724 183.724 125.019 123.561
threshold=14.478034112410166 16.081239000000004 131.95358833313318 -16.813704130183879 19.257424500000003 85.494930000000025 0.00018997752881178001 23.107638657459706 25.520167000000004 8.66960060162498 23.769783000000004 18.732290915119041 75.733524000000003 165.52951881129482
decision_type=2 2 2 2 2 2 2 2 2 2 2 2 2 2
left_child=-1 -2 5 4 -4 9 7 10 -9 -3 11 -6 -11 -5
right_child=1 2 3 13 6 -7 -8 8 -10 12 -12 -13 -14 -15
leaf_value=0 -0.032959369092270617 0.00015076864935351485 -0.046763809459567977 0.019696860306105853 0.049133543858158241 0.0016321862452153919 -0.0015644860208898904 -0.077343892393420488 0.0014545439430499257 0.0038406915534368951 0.062193101146378639 -0.0094273442927368997 -0.0038522363106812891 -0.0013595754689249768
leaf_weight=318410 1029 724 510 625 203 8610 10632 216 306 89 443 468 558 66
leaf_count=318410 1029 724 510 625 203 8610 10632 216 306 89 443 468 558 66
internal_value=-0.00024591 -0.00279587 -0.00129296 -0.00421412 -0.00529034 0.00264903 -0.0041865 0.00674817 -0.0133333 -0.0106492 0.016158 0.00506706 -0.0238022 0.0156874
internal_weight=342889 24479 23450 13469 12778 9981 12268 1636 522 1371 1114 671 647 691
internal_count=342889 24479 23450 13469 12778 9981 12268 1636 522 1371 1114 671 647 691
is_linear=0
shrinkage=0.04


Tree=133
num_leaves=15
num_cat=0
split_feature=11 14 14 1 1 0 13 12 0 13 10 14 13 12
split_gain=92.6233 792.002 363.216 429.493 321.84 330.267 311.461 222.178 219.653 430.259 357.686 477.199 352.129 210.799
threshold=20.865414175403771 0.23320872121670802 0.20924247074170185 13.689442144794812 7.7617538204089849 2.2553651083201127 515.31255052261804 61.670069240124199 3.528092298141837 346.03754686064582 -29.935727854348702 0.19285141462713501 513.32521284928225 105.65198834253742
decision_type=2 2 2 2 2 2 2 2 2 2 2 2 2 2
left_child=-1 2 4 -4 5 6 -2 -7 9 -6 11 -11 -10 -14
right_child=1 -3 3 -5 8 7 -8 -9 12 10 -12 -13 13 -15
leaf_value=0 0.0015517075472050146 -0.0016760417261208116 0.011208693028336277 0.00054088826627733287 -0.00037033944596072621 0.0025387324591907923 -0.0047391654690371399 -0.0016987659832429359 -0.00040114241310212353 0.0045475625457046462 0.025170025425118495 -0.06267399075771049 0.0064356079578657193 -0.0020539129284964618
leaf_weight=227167 1044 965 1761 22347 11602 122 182 5342 58854 1155 5175 914 175 6585
leaf_count=227167 1044 965 1761 22347 11602 122 182 5342 58854 1155 5175 914 175 6585
internal_value=-0.000258948 -0.00117739 -0.000875254 0.00349096 -0.00203006 -0.0104753 0.00828711 -0.0146852 -0.00136112 0.00244508 0.0100939 -0.00396327 -0.00245435 -0.0111006
internal_weight=343390 116223 115258 24108 91150 6690 1226 5464 84460 18846 7244 2069 65614 6760
internal_count=343390 116223 115258 24108 91150 6690 1226 5464 84460 18846 7244 2069 65614 6760
is_linear=0
shrinkage=0.04


Tree=134
num_leaves=15
num_cat=0
split_feature=0 14 12 11 12 8 2 1 11 14 0 12 15 15
split_gain=91.6779 178.779 118.935 114.182 176.754 125.953 123.312 106.542 541.032 682.659 310.895 297.749 294.115 501.232
threshold=13.486257160318873 0.19356640250980447 158.56652454947974 10.226898132427667 96.241754076664336 0.9992929657530113 74.617874000000015 10.505022975637585 14.082690525388223 0.23320872121670802 5.5671455722214951 105.65198834253742 6.1419733583750125 5.9796299179999872
decision_type=2 2 2 2 2 2 2 2 2 2 2 2 2 2
left_child=7 2 -2 5 -5 -3 -6 8 -1 10 -10 -12 13 -9
right_child=1 3 -4 4 6 -7 -8 12 9 -11 11 -13 -14 -15
leaf_value=0 -0.0024412343490073873 0.0013123539046306432 -0.0024923234712163223 0.014054833653140825 0.0079765180501399288 -0.031831134114427603 -0.00024896712401705433 -6.7411974326789248e-08 -0.0010465794395759253 -0.001992771843026475 0.0014766491954441381 -0.001922081299979364 0.0011658653458297365 -0.0030651889988555139
leaf_weight=198171 5270 144 443 248 126 475 22301 44397 13644 1159 4354 2209 46692 3248
leaf_count=198171 5270 144 443 248 126 475 22301 44397 13644 1159 4354 2209 46692 3248
internal_value=-0.000224451 -0.00237598 -0.00871696 -0.000820812 -0.000358104 -0.0177706 -0.000729478 -2.56154e-05 -0.000508707 -0.00655621 -0.00484387 0.00230992 0.00109861 -0.00111239
internal_weight=342881 29007 5713 23294 22675 619 22427 313874 219537 21366 20207 6563 94337 47645
internal_count=342881 29007 5713 23294 22675 619 22427 313874 219537 21366 20207 6563 94337 47645
is_linear=0
shrinkage=0.04


Tree=135
num_leaves=15
num_cat=0
split_feature=0 14 9 1 11 14 15 11 12 14 0 13 1 1
split_gain=91.0107 165.525 123.934 111.229 483.084 664.753 343.533 287.828 237.671 231.264 263.67 301.877 328.263 318.295
threshold=13.486257160318873 0.19356640250980447 0.50103577439517799 11.649599047455293 14.082690525388223 0.23320872121670802 9.0992552776249926 22.863139767645219 73.239138307204243 0.20924247074170185 3.3823712387924298 346.03754686064582 17.390394917140792 29.769886721262136
decision_type=2 2 2 2 2 2 2 2 2 2 2 2 2 2
left_child=3 2 -2 4 -1 6 8 -5 -6 10 11 12 -9 -13
right_child=1 -3 -4 7 5 -7 -8 9 -10 -11 -12 13 -14 -15
leaf_value=0 -0.0027266992634976789 -0.00023248316674297941 0.043227437317436189 0.0011744951332517285 -0.001192593489910775 -0.0019108162583831745 0.0068258765877193383 0.0012201572553069671 -0.00049649402065511672 0.0012459597193916125 -0.00082689922779963731 0.031360155103882688 -0.0017312868165177042 -0.0031727635594417402
leaf_weight=199590 5540 23337 217 19598 3599 1160 406 3472 19284 15314 39782 4579 5082 1800
leaf_count=199590 5540 23337 217 19598 3599 1160 406 3472 19284 15314 39782 4579 5082 1800
internal_value=-0.000241102 -0.00238125 -0.00845579 -4.25931e-05 -0.000519017 -0.00582601 -0.00435399 0.00114831 -0.00500109 -5.08361e-05 -0.00126693 0.00326525 -0.00164601 0.00985107
internal_weight=342760 29094 5757 313666 224039 24449 23289 89627 22883 70029 54715 14933 8554 6379
internal_count=342760 29094 5757 313666 224039 24449 23289 89627 22883 70029 54715 14933 8554 6379
is_linear=0
shrinkage=0.04


Tree=136
num_leaves=15
num_cat=0
split_feature=0 3 12 2 15 1 3 8 0 3 2 14 0 2
split_gain=89.4197 705.033 148.898 158.32 140.621 133.54 207.884 152.333 191.447 218.98 108.542 106.088 143.93 144.826
threshold=14.478034112410166 16.081239000000004 131.95358833313318 85.494930000000025 8.66960060162498 16.524346512013761 19.257424500000003 0.99991755193077025 22.687069723946067 25.182769500000003 76.827415500000015 0.20458749566533713 20.893144294788275 146.28128050000001
decision_type=2 2 2 2 2 2 2 2 2 2 2 2 2 2
left_child=-1 -2 3 4 -3 -4 -7 11 -9 -10 -6 12 13 -8
right_child=1 2 5 -5 10 6 7 8 9 -11 -12 -13 -14 -15
leaf_value=0 -0.031378800962662677 0.00020693286824548631 0.027384098248179889 0.0015223365359362795 0.00011877331665602231 -0.04251243872643632 -0.00050446293433791044 0.028069170954916095 -0.070702733855875499 0.0023731730985639926 -0.0042274306799102114 -0.00042432846433284823 -0.0086183127284166512 -0.002855578979560488
leaf_weight=318356 1037 734 454 8606 197 534 3279 1021 240 345 459 5625 1679 249
leaf_count=318356 1037 734 454 8606 197 534 3279 1021 240 345 459 5625 1679 249
internal_value=-0.000225428 -0.00255611 -0.00112715 0.00256903 -0.00995683 -0.00387904 -0.00462535 -0.00357614 0.0079203 -0.0103248 -0.0234146 -0.00528065 -0.00939505 -0.00480726
internal_weight=342815 24459 23422 9996 1390 13426 12972 12438 1606 585 656 10832 5207 3528
internal_count=342815 24459 23422 9996 1390 13426 12972 12438 1606 585 656 10832 5207 3528
is_linear=0
shrinkage=0.04


Tree=137
num_leaves=15
num_cat=0
split_feature=11 10 12 0 14 10 12 3 10 10 11 13 3 10
split_gain=92.5171 569.945 285.749 267.049 331.164 254.142 235.811 235.57 388.521 220.608 209.99 367.741 371.917 220.199
threshold=26.909588977390921 -6.2084862672823311 100.90938583446872 1.9722668880762397 0.20033672309383191 -9.0953603847658844 61.670069240124199 24.326512500000003 -28.5975245172706 -29.935727854348702 34.252325532498332 466.27196737977994 14.795405000000001 -29.197566120325472
decision_type=2 2 2 2 2 2 2 2 2 2 2 2 2 2
left_child=-1 2 -2 7 5 10 -3 8 -4 -9 -5 12 -12 -14
right_child=1 6 3 4 -6 -7 -8 9 -10 -11 11 -13 13 -15
leaf_value=0 0.011188547341252636 0.0042058463625537536 -0.081542585966309367 -0.001388475772452692 0.00017082182928059104 0.0046449045429179502 -0.0018604452901710578 0.014800631899585231 0.0084165877753475307 0.13041037258113289 -0.021458516588973759 -0.0046152134106397305 -0.0076059431973289375 0.0018032951490089073
leaf_weight=257134 985 132 342 8914 47976 1031 3555 509 2830 658 1484 3923 2529 10778
leaf_count=257134 985 132 342 8914 47976 1031 3555 509 2830 658 1484 3923 2529 10778
internal_value=-0.000216699 -0.00135535 -0.000663258 -0.000923753 -0.00147035 -0.00487247 -0.0167399 0.00873012 0.00307692 0.024096 -0.00560012 -0.00319333 -0.000305591 0.00181258
internal_weight=342780 85646 81959 80974 76635 28659 3687 4339 3172 1167 27628 18714 14791 13307
internal_count=342780 85646 81959 80974 76635 28659 3687 4339 3172 1167 27628 18714 14791 13307
is_linear=0
shrinkage=0.04


Tree=138
num_leaves=15
num_cat=0
split_feature=0 3 3 10 12 2 0 9 3 13 2 11 8 3
split_gain=94.1099 680.342 145.291 342.869 152.437 173.119 160.699 225.759 166.103 159.016 164.977 183.618 146.703 144.212
threshold=14.478034112410166 15.286994500000002 18.758335500000005 -17.24532867269377 133.46973650935493 86.782371500000025 22.687069723946067 0.00018997752881178001 75.409235500000008 570.75545409713311 95.008430500000017 50.791101369344979 0.93328973135268611 22.392242000000003
decision_type=2 2 2 2 2 2 2 2 2 2 2 2 2 2
left_child=-1 -2 3 -3 5 -4 7 13 -8 -7 -11 -12 -10 -6
right_child=1 2 4 -5 6 9 8 -9 12 10 11 -13 -14 -15
leaf_value=0 -0.034003555045003034 -0.051891053261424902 -0.00094072742084909942 0.00014142616763089367 -0.00087414159343525812 0.0030754813179100508 -0.0082804130924512085 -0.00071703534840663003 -0.0076795686436550003 0.0025355787842503718 -0.0027347235851419007 0.019375188879611829 0.0076548117523030212 0.059731586451323648
leaf_weight=318783 787 582 1484 1048 396 6861 2251 7714 263 365 1762 161 301 518
leaf_count=318783 787 582 1484 1048 396 6861 2251 7714 263 365 1762 161 301 518
internal_value=-0.000208928 -0.00259829 -0.00138362 -0.012908 -0.000532705 0.00291545 -0.00373678 -0.00102921 -0.0120355 0.00497104 -0.00416084 -0.00884035 0.00737589 0.0177681
internal_weight=343276 24493 23706 1630 22076 10633 11443 8628 2815 9149 2288 1923 564 914
internal_count=343276 24493 23706 1630 22076 10633 11443 8628 2815 9149 2288 1923 564 914
is_linear=0
shrinkage=0.04


Tree=139
num_leaves=15
num_cat=0
split_feature=0 3 3 1 12 2 13 15 0 13 9 8 2 15
split_gain=88.9743 689 132.842 341.097 151.504 151.233 140.246 166.908 133.705 178.837 178.185 157.496 131.277 122.903
threshold=14.478034112410166 15.286994500000002 18.423363500000004 15.176678700367532 133.46973650935493 85.494930000000025 570.75545409713311 8.5257561433749931 22.687069723946067 508.34694477220165 5.8014607105250089e-05 0.93328973135268611 154.23815950000002 8.66960060162498
decision_type=2 2 2 2 2 2 2 2 2 2 2 2 2 2
left_child=-1 -2 3 -3 5 13 -7 -8 10 -10 -6 -11 -12 -4
right_child=1 2 4 -5 8 6 7 -9 9 11 12 -13 -14 -15
leaf_value=0 -0.032890584078566681 0.0043571591637327559 0.00021542178764170138 -0.025468280827492317 0.036617865123066438 0.0026263652226076618 -0.0028723646637149425 0.0012673610103190657 -0.013664341927362744 -0.0056507478293520153 -0.00056145813304498391 0.0045270001858636576 -0.0034859238210625098 -0.0028221909861854272
leaf_weight=318612 795 393 703 1042 856 7123 751 1547 1358 794 7608 601 165 646
leaf_count=318612 795 393 703 1042 856 7123 751 1547 1358 794 7608 601 165 646
internal_value=-0.000240237 -0.00256911 -0.00133463 -0.0131289 -0.000570603 0.00283008 0.00462371 -0.00396867 -0.00378844 -0.0114639 -0.00133967 -0.00140502 -0.00324714 -0.00969607
internal_weight=342994 24382 23587 1435 22152 10770 9421 2298 11382 2753 8629 1395 7773 1349
internal_count=342994 24382 23587 1435 22152 10770 9421 2298 11382 2753 8629 1395 7773 1349
is_linear=0
shrinkage=0.04


Tree=140
num_leaves=15
num_cat=0
split_feature=0 3 12 11 2 2 15 3 8 1 3 1 3 2
split_gain=92.6536 671.874 146.741 137.197 125.151 150.753 145.893 124.581 137.593 248.699 265.611 135.84 231.944 118.134
threshold=14.478034112410166 15.771731500000001 131.95358833313318 14.082690525388223 84.653839000000019 74.617874000000015 8.66960060162498 18.250239500000003 0.99998514830645291 18.028308489704063 25.182769500000003 21.388582334296665 21.051570000000002 154.23815950000002
decision_type=2 2 2 2 2 2 2 2 2 2 2 2 2 2
left_child=-1 -2 3 -3 5 -5 -7 -4 13 -10 11 12 -11 -9
right_child=1 2 7 4 -6 6 -8 8 9 10 -12 -13 -14 -15
leaf_value=0 -0.027974303038440739 -0.0073098766081780876 -0.033401996984942839 0.0069637029716103751 0.0019525806585503236 0.00016492106603462233 -0.0027411792044105955 -0.0011061394053229268 0.074236890889987237 -0.028922565323253321 0.024520056894459775 -0.04532431200728728 0.022054205620525447 -0.0034224905438852786
leaf_weight=318549 937 605 428 101 8175 585 531 11145 347 238 497 345 317 169
leaf_count=318549 937 605 428 101 8175 585 531 11145 347 238 497 345 317 169
internal_value=-0.000226609 -0.00260115 -0.00127582 0.00239672 0.00358603 -0.00838127 -0.0126165 -0.00399822 -0.00330219 0.00715596 -0.000372226 -0.0133333 -0.00108108 -0.00491427
internal_weight=342969 24420 23483 9997 9392 1217 1116 13486 13058 1744 1397 900 555 11314
internal_count=342969 24420 23483 9997 9392 1217 1116 13486 13058 1744 1397 900 555 11314
is_linear=0
shrinkage=0.04


Tree=141
num_leaves=15
num_cat=0
split_feature=15 1 0 8 9 0 3 10 3 12 10 9 2 1
split_gain=86.7772 204.982 163.306 150.041 156.316 97.5686 626.035 186.44 381.714 153.263 130.022 112.654 143.614 166.212
threshold=13.078688944500003 15.395628846946293 26.099891868423491 0.61782818103876569 0.64194443549942026 14.671789877528768 16.382953500000003 -16.403613827566105 18.932407000000005 125.10352432754276 -17.444298963161184 5.8014607105250089e-05 88.699947500000022 21.967525377807753
decision_type=2 2 2 2 2 2 2 2 2 2 2 2 2 2
left_child=5 3 -3 4 -2 -1 -7 8 10 -9 -8 12 -10 -14
right_child=1 2 -4 -5 -6 6 7 9 11 -11 -12 -13 13 -15
leaf_value=0 0.0017916863533257077 0.0042046042019702199 -0.016004901941905625 -0.0025731614626630806 0 -0.027136953822669192 -0.051256636643278758 9.4009241640724547e-05 -0.00072214757836082031 0.01788407689027097 -0.0025606238347631104 -0.00069649786721941447 0.01515262376001659 -0.00045693363041032249
leaf_weight=316355 459 591 63 165 2039 937 612 885 1099 728 247 15282 1936 1728
leaf_count=316355 459 591 63 165 2039 937 612 885 1099 728 247 15282 1936 1728
internal_value=-0.00020389 0.00623455 0.0262997 0.0013068 0.003747 -0.000266738 -0.00275603 -0.00142292 -0.00243398 0.0116801 -0.0285448 -0.00131504 0.00405627 0.00786026
internal_weight=343126 3317 654 2663 2498 339809 23454 22517 20904 1613 859 20045 4763 3664
internal_count=343126 3317 654 2663 2498 339809 23454 22517 20904 1613 859 20045 4763 3664
is_linear=0
shrinkage=0.04


Tree=142
num_leaves=15
num_cat=0
split_feature=0 3 3 10 12 2 0 9 13 8 13 15 11 9
split_gain=93.228 611.418 142.219 328.198 134.424 138.983 135.816 171.453 166.202 137.136 125.958 157.398 141.17 123.503
threshold=14.671789877528768 15.771731500000001 18.758335500000005 -17.444298963161184 133.46973650935493 85.494930000000025 22.687069723946067 5.8014607105250089e-05 508.34694477220165 0.93328973135268611 570.75545409713311 8.5257561433749931 14.082690525388223 0.050539042047760725
decision_type=2 2 2 2 2 2 2 2 2 2 2 2 2 2
left_child=-1 -2 3 -3 5 -4 7 -6 -8 -10 12 -12 -7 -11
right_child=1 2 4 -5 6 10 8 -9 9 13 11 -13 -14 -15
leaf_value=0 -0.027979823742766936 -0.049811360528000163 -0.0008384595851462695 0.00055827803542500391 0.03451972959877659 -0.0048626047716014489 -0.01303702913369476 -0.00061545501633647752 -0.0055124683169027857 -0.0071313156737399311 -0.0027158719901272167 0.0012752006368169245 0.0031521627071947225 0.0059800037551607258
leaf_weight=319347 796 558 1291 835 852 195 1373 7518 801 126 718 1535 6659 468
leaf_count=319347 796 558 1291 835 852 195 1373 7518 801 126 718 1535 6659 468
internal_value=-0.000202523 -0.00262171 -0.00142527 -0.0138119 -0.000624071 0.00264666 -0.0036775 -0.0011374 -0.0113584 -0.00163441 0.00438783 -0.00381713 0.00708491 0.0129293
internal_weight=343072 23725 22929 1393 21536 10398 11138 8370 2768 1395 9107 2253 6854 594
internal_count=343072 23725 22929 1393 21536 10398 11138 8370 2768 1395 9107 2253 6854 594
is_linear=0
shrinkage=0.04


Tree=143
num_leaves=15
num_cat=0
split_feature=0 3 3 0 2 10 2 12 10 3 15 3 2 15
split_gain=91.3798 616.498 138.995 251.235 119.632 127.988 229.491 123.792 162.157 266.506 149.808 127.027 111.04 165.411
threshold=14.671789877528768 18.250239500000003 15.192007000000002 15.329720909393307 154.23815950000002 -16.813704130183879 110.04928600000001 129.85520560376682 -23.765789424410887 31.391348000000004 6.439399022125003 22.943547000000006 95.008430500000017 8.9564394312499775
decision_type=2 2 2 2 2 2 2 2 2 2 2 2 2 2
left_child=-1 2 -2 -4 5 7 12 8 9 -3 11 -10 13 -7
right_child=1 4 3 -5 -6 6 -8 -9 10 -11 -12 -13 -14 -15
leaf_value=0 -0.030309909949402993 -0.061750189257561282 0.0029384628949578888 -0.026131288455174827 -0.0034623476387852553 0.0048532996509722771 0.05858120107960587 -0.00092546351541512026 -0.0037613327707663635 0.0085794480426928787 -0.00071615602781416104 0.0082668816533934802 -0.0038977897943520555 -0.0021808617638544286
leaf_weight=319286 652 299 387 848 143 482 614 13897 277 1981 3041 427 457 206
leaf_count=319286 652 299 387 848 143 482 614 13897 277 1981 3041 427 457 206
internal_value=-0.000237553 -0.00263338 -0.0245681 -0.0166802 -0.000736804 -0.000496287 0.0098465 -0.0014095 0.00337925 0.0117895 -0.00174099 0.0148864 -0.000733624 0.0094186
internal_weight=342997 23711 1887 1235 21824 21681 1759 19922 6025 2280 3745 704 1145 688
internal_count=342997 23711 1887 1235 21824 21681 1759 19922 6025 2280 3745 704 1145 688
is_linear=0
shrinkage=0.04


Tree=144
num_leaves=15
num_cat=0
split_feature=0 3 2 10 3 1 15 15 3 2 1 3 11 14
split_gain=88.015 589.643 144.766 202.535 266.183 154.952 111.588 147.861 105.946 94.7062 91.9421 527.488 470.074 599.732
threshold=14.671789877528768 15.771731500000001 105.77686300000001 -16.403613827566105 18.250239500000003 23.934630683830616 8.66960060162498 11.201103675124985 17.778165000000005 75.733524000000003 11.649599047455293 13.305454000000003 14.082690525388223 0.23320872121670802
decision_type=2 2 2 2 2 2 2 2 2 2 2 2 2 2
left_child=10 -2 5 4 -4 6 -3 9 -5 -8 12 -12 -1 -14
right_child=1 2 3 8 -6 -7 7 -9 -10 -11 11 -13 13 -15
leaf_value=0 -0.026141695706919314 0.00042225576847111673 -0.040233060215434907 -0.0036675260063952653 -0.00089204637224245373 0.0064515632580985005 0.0031220253045685198 0.0010631554151094003 0.061387158840365989 -0.0032711398099288546 -0.019516512939374647 0.00036301366082664295 -0.0005431558710989996 -0.0018266557477000667
leaf_weight=199785 789 3290 500 211 14872 2189 89 387 479 912 2020 93098 23331 1174
leaf_count=199785 789 3290 500 211 14872 2189 89 387 479 912 2020 93098 23331 1174
internal_value=-0.000202375 -0.00255334 -0.0013834 -0.00346159 -0.00441322 0.0034775 -0.000632749 -0.0101441 0.0177391 -0.0182617 -2.78014e-05 0.00101432 -0.000469749 -0.00569843
internal_weight=343126 23718 22929 16062 15372 6867 4678 1388 690 1001 319408 95118 224290 24505
internal_count=343126 23718 22929 16062 15372 6867 4678 1388 690 1001 319408 95118 224290 24505
is_linear=0
shrinkage=0.04


Tree=145
num_leaves=15
num_cat=0
split_feature=0 3 3 10 12 0 13 9 8 11 3 0 14 2
split_gain=91.5221 585.971 138.359 353.885 106.925 125.082 163.629 157.178 147.537 108.639 99.0454 192.621 96.6413 109.741
threshold=14.671789877528768 15.771731500000001 18.932407000000005 -17.444298963161184 133.46973650935493 22.687069723946067 508.34694477220165 5.8014607105250089e-05 0.93328973135268611 14.498763674921298 22.392242000000003 18.732290915119041 0.20377662901790264 150.21975700000004
decision_type=2 2 2 2 2 2 2 2 2 2 2 2 2 2
left_child=-1 -2 3 -3 9 7 -7 10 -8 -4 11 -6 13 -9
right_child=1 2 4 -5 5 6 8 12 -10 -11 -12 -13 -14 -15
leaf_value=0 -0.0250846872022744 -0.044968360277080226 -0.0032773838390236639 0.0012241594862582817 0.053482903129936865 -0.012370826299321522 -0.0051570715193889052 -0.0010708528480897228 0.0041075576334297049 0.00088237356914059955 0.054414026605776551 -0.02953020221850117 0.0003999386338951605 -0.003433893221837171
leaf_weight=319255 801 614 669 887 159 1364 798 3155 601 9589 488 201 4148 205
leaf_count=319255 801 614 669 887 159 1364 798 3155 601 9589 488 201 4148 205
internal_value=-0.00017671 -0.00257612 -0.00139872 -0.0131379 -0.000574449 -0.00329166 -0.0106696 -0.000852082 -0.0010579 0.00237083 0.0154717 -0.000444444 -0.00269579 -0.0077381
internal_weight=342934 23679 22878 1501 21377 11119 2763 8356 1399 10258 848 360 7508 3360
internal_count=342934 23679 22878 1501 21377 11119 2763 8356 1399 10258 848 360 7508 3360
is_linear=0
shrinkage=0.04


Tree=146
num_leaves=15
num_cat=0
split_feature=11 1 2 14 3 10 3 11 3 1 9 1 8 10
split_gain=78.2861 517.009 270.725 224.544 297.213 314.718 578.547 412.187 532.224 498.426 309.294 268.182 229.739 222.342
threshold=26.909588977390921 6.3698026167869655 75.733524000000003 0.19726957747197196 33.040304000000006 -29.935727854348702 27.811045000000004 34.063626040055077 14.994997500000002 16.380555626694512 0.83433662019423871 8.9847809155916813 0.26205845874316708 -19.625959962614008
decision_type=2 2 2 2 2 2 2 2 2 2 2 2 2 2
left_child=-1 -2 -3 4 5 6 -4 11 9 12 13 -7 -9 -10
right_child=1 2 3 -5 -6 7 -8 8 10 -11 -12 -13 -14 -15
leaf_value=0 -0.0015740468346869142 0.011224776906870298 -0.079773988920932876 0.00023374412351871184 -0.0027802190307536128 0.031261112222528503 0.028867380230479526 0.013144667638983466 -0.0028347878776790515 -0.061746072507473167 0.01948841854562116 -0.001528826317821873 -0.0090370049638407359 0.0029658224855039768
leaf_weight=257029 3805 391 1016 54398 4897 326 394 465 3580 879 4667 5747 1086 4147
leaf_count=257029 3805 391 1016 54398 4897 326 394 465 3580 879 4667 5747 1086 4147
internal_value=-0.000192984 -0.00123919 -0.000570293 -0.000729394 -0.00369652 -0.00173757 -0.0200284 -0.000503422 0.00309228 -0.0140247 0.00644828 -0.00928042 -0.000386847 0.00153747
internal_weight=342827 85798 81993 81602 27204 22307 1410 20897 14824 2430 12394 6073 1551 7727
internal_count=342827 85798 81993 81602 27204 22307 1410 20897 14824 2430 12394 6073 1551 7727
is_linear=0
shrinkage=0.04


Tree=147
num_leaves=15
num_cat=0
split_feature=12 9 2 3 12 11 14 13 13 11 10 12 13 1
split_gain=88.56 212.985 122.521 192.791 99.5429 648.33 391.644 203.328 169.886 176.304 257.036 152.712 136.501 225.057
threshold=58.356533494948515 1.4888802441215267e-05 52.460273500000007 5.742118500000001 66.096539544574753 5.5834451615021665 0.21021760849986634 669.07096523690564 443.60715893120567 16.850442377134616 -2.6947627751196044 61.670069240124199 536.41543727593194 4.5462845409291868
decision_type=2 2 2 2 2 2 2 2 2 2 2 2 2 2
left_child=1 -1 3 -3 5 12 7 8 9 -7 11 -11 13 -2
right_child=4 2 -4 -5 -6 6 -8 -9 -10 10 -12 -13 -14 -15
leaf_value=0.00023997952865311895 0 0 -0.00047600191497585055 0.00030278999836680766 0 -0.00052980353093503576 0.00094972920835908136 0.0070150442843549135 -0.0026867781044801432 0.001378592201167736 0.0029242685029307481 -0.0011318666435929737 9.6744855939577822e-05 -0.001386440075296109
leaf_weight=2275 21399 4519 460 448 305414 2065 657 102 1926 68 276 322 1575 1374
leaf_count=2275 21399 4519 460 448 305414 2065 657 102 1926 68 276 322 1575 1374
internal_value=-0.000184671 0.00405609 -0.000250599 0.00157842 -0.000282119 -0.00249026 -0.0150074 -0.019004 -0.0202276 -0.0138118 0.00408408 -0.0168205 0.000294069 -0.000493567
internal_weight=342880 7702 5427 4967 335178 29764 5416 4759 4657 2731 666 390 24348 22773
internal_count=342880 7702 5427 4967 335178 29764 5416 4759 4657 2731 666 390 24348 22773
is_linear=0
shrinkage=0.04


Tree=148
num_leaves=15
num_cat=0
split_feature=0 14 2 15 11 13 12 15 14 5 15 15 9 0
split_gain=88.8106 209.344 103.023 627.398 360.001 642.52 331.649 306.447 266.165 385.678 225.629 207.821 193.826 186.25
threshold=14.671789877528768 0.19285141462713501 75.733524000000003 11.201103675124985 12.060277981546717 515.31255052261804 95.370509599845136 8.5257561433749931 0.22601595510611858 1.0000000180025095e-35 5.2177581391250536 6.1419733583750125 0.00018997752881178001 10.914188901688656
decision_type=2 2 2 2 2 2 2 2 2 2 2 2 2 2
left_child=2 -2 3 4 8 6 10 -7 -1 -10 -6 -4 13 -12
right_child=1 -3 11 -5 5 7 -8 -9 9 -11 12 -13 -14 -15
leaf_value=0 -0.0027692765457295794 -0.00028297207288564553 0 -4.2272521733845781e-05 -0.0013255504712647126 -0.0023211748689227446 0.0053118157956768917 0.0046592544597205063 0 0.00015145436870534648 0.0009081072271729918 0 -0.0034156690654106384 -0.0012542162677350375
leaf_weight=94789 4073 19654 127413 832 3739 2570 2100 166 901 649 3645 81423 618 584
leaf_count=94789 4073 19654 127413 832 3739 2570 2100 166 901 649 3645 81423 618 584
internal_value=-0.000257026 -0.00261811 -8.16457e-05 -0.00106878 -0.00080648 -0.00694382 -0.00251544 -0.0242398 4.85785e-05 0.0164903 -0.00600047 0.000441112 -0.000305344 0.00275242
internal_weight=343156 23727 319429 110593 109761 13422 10686 2736 96339 1550 8586 208836 4847 4229
internal_count=343156 23727 319429 110593 109761 13422 10686 2736 96339 1550 8586 208836 4847 4229
is_linear=0
shrinkage=0.04


Tree=149
num_leaves=15
num_cat=0
split_feature=12 9 12 11 14 13 13 11 10 14 1 2 2 8
split_gain=73.9374 194.051 134.586 576.975 337.709 204.248 163.399 189.81 249.008 155.27 233.701 185.796 209.217 183.789
threshold=58.356533494948515 1.4888802441215267e-05 66.096539544574753 5.5834451615021665 0.21021760849986634 669.07096523690564 443.60715893120567 16.850442377134616 -2.6947627751196044 0.20315972567938506 4.847635118023244 55.25943800000001 52.460273500000007 0.99990269697195389
decision_type=2 2 2 2 2 2 2 2 2 2 2 2 2 2
left_child=1 -1 3 9 5 6 7 -5 -9 10 11 12 -2 -13
right_child=2 -3 -4 4 -6 -7 -8 8 -10 -11 -12 13 -14 -15
leaf_value=0.00022738583563257226 0 0 0 -0.00051052876657155688 0.00092019475444655313 0.006828808398984601 -0.002539457068904414 -0.00090218216565484571 0.0029496471911272994 0 -0.0075434224356663426 0 -0.00022304023906311144 0.00028135716984767394
leaf_weight=2232 8087 5453 305505 2087 647 105 1964 379 289 9486 304 1384 1693 3389
leaf_count=2232 8087 5453 305505 2087 647 105 1964 379 289 9486 304 1384 1693 3389
internal_value=-0.000194167 0.0036851 -0.000283074 -0.00284833 -0.014586 -0.0182255 -0.0194533 -0.0131688 0.00538922 -0.000210327 0.00234233 0.00306741 -8.99796e-05 0.00953698
internal_weight=343004 7685 335319 29814 5471 4824 4719 2755 668 24343 14857 14553 9780 4773
internal_count=343004 7685 335319 29814 5471 4824 4719 2755 668 24343 14857 14553 9780 4773
is_linear=0
shrinkage=0.04


Tree=150
num_leaves=15
num_cat=0
split_feature=11 1 12 0 14 1 3 3 1 3 10 1 1 3
split_gain=79.8652 454.209 261.239 264.706 297.369 240.611 431.076 402.487 290.739 378.145 282.792 226.011 214.665 286.955
threshold=28.050219565684831 6.3698026167869655 100.90938583446872 1.9218796696262554 0.20107700301493928 29.485867641592414 22.567502500000003 27.347106000000004 16.524346512013761 15.574545500000001 -23.142599113206565 9.149776594331307 19.716852202110385 18.932407000000005
decision_type=2 2 2 2 2 2 2 2 2 2 2 2 2 2
left_child=12 -2 -3 5 11 6 8 -7 -4 -10 -11 -5 -1 -14
right_child=1 2 3 4 -6 7 -8 -9 9 10 -12 -13 13 -15
leaf_value=0 -0.0019548157607899739 0.011927395836123886 0.036887322809366123 0.0043854182323085807 0.00022441702657831299 -0.063831773732868177 0.096571698352448457 0.072150269498704775 -0.055628462080597817 -0.029908480505490154 0.034622028315010447 -0.0013169470167347381 -0.051626976219933174 0.0017980639316848546
leaf_weight=246242 3167 784 568 1020 43804 466 906 300 467 443 837 29268 490 14261
leaf_count=246242 3167 784 568 1020 43804 466 906 300 467 443 837 29268 490 14261
internal_value=-0.000237652 -0.00132634 -0.000729873 -0.000960566 -0.00150084 0.00907951 0.0138715 -0.0110705 0.00471706 -0.00336577 0.007875 -0.00454834 0.000104524 0.00479154
internal_weight=343023 82030 78863 78079 74092 3987 3221 766 2315 1747 1280 30288 260993 14751
internal_count=343023 82030 78863 78079 74092 3987 3221 766 2315 1747 1280 30288 260993 14751
is_linear=0
shrinkage=0.04


Tree=151
num_leaves=15
num_cat=0
split_feature=11 1 0 14 3 1 3 1 1 3 10 13 11 3
split_gain=75.8466 440.057 222.787 289.94 235.808 338.648 374.606 296.454 235.07 226.881 292.648 184.692 233.349 272.609
threshold=28.050219565684831 6.3698026167869655 1.9218796696262554 0.20107700301493928 14.994997500000002 29.485867641592414 27.050844500000004 16.524346512013761 9.149776594331307 22.750403500000004 -23.142599113206565 513.32521284928225 34.252325532498332 14.188384000000001
decision_type=2 2 2 2 2 2 2 2 2 2 2 2 2 2
left_child=-1 -2 4 8 7 9 -7 -3 -4 10 -6 12 -10 -14
right_child=1 2 3 -5 5 6 -8 -9 11 -11 -12 -13 13 -15
leaf_value=0 -0.0018884044997259585 0.011077924007678708 0.0046732623586986984 0.0003144321787861769 -0.02201388338954419 -0.064710708049429508 0.060047773036172709 -0.064746630498332305 -0.0011841372651211031 0.093520768698565959 0.044029510456268371 -0.0050474691100098699 -0.023767395314989118 -0.00011301132451760454
leaf_weight=261046 3146 278 1114 44319 494 444 321 368 8851 870 1226 2099 1095 17411
leaf_count=261046 3146 278 1114 44319 494 444 321 368 8851 870 1226 2099 1095 17411
internal_value=-0.000212661 -0.00127359 -0.000688554 -0.00117988 0.00850787 0.012769 -0.0106144 -0.0136223 -0.00417664 0.0196757 0.0112558 -0.00485877 -0.00398143 -0.00142656
internal_weight=343082 82036 78890 74889 4001 3355 765 646 30570 2590 1720 29456 27357 18506
internal_count=343082 82036 78890 74889 4001 3355 765 646 30570 2590 1720 29456 27357 18506
is_linear=0
shrinkage=0.04


Tree=152
num_leaves=15
num_cat=0
split_feature=0 3 3 0 12 0 3 9 14 8 11 12 10 1
split_gain=81.3272 567.672 135.888 239.825 100.06 113.497 223.698 198.367 119.99 107.359 101.141 102.063 106.953 98.3389
threshold=14.671789877528768 18.250239500000003 15.192007000000002 15.329720909393307 133.46973650935493 20.418505685026478 23.228541000000003 0.001795216775942299 0.20414199907131844 0.99999054123157527 14.082690525388223 75.713693515697983 -15.397969140929307 19.391178218338101
decision_type=2 2 2 2 2 2 2 2 2 2 2 2 2 2
left_child=-1 2 -2 -4 10 7 -7 -6 9 -8 11 -3 -13 -9
right_child=1 4 3 -5 5 6 8 13 -10 -11 -12 12 -14 -15
leaf_value=0 -0.027272597709381622 0.0013502978907683439 0.0030151367177820229 -0.023264113183735741 0.013722237813297365 -0.054879577038692257 -0.0067940520920787839 -0.0017552823204897185 0.00016578142491519398 0.0026625662500330905 0.00077108689685453729 -0.028231592683532751 0.0025241465010548115 5.5619595731900561e-05
leaf_weight=319364 652 96 380 859 807 401 1418 1290 2524 338 10020 413 60 4423
leaf_count=319364 652 96 380 859 807 401 1418 1290 2524 338 10020 413 60 4423
internal_value=-0.000216182 -0.00247794 -0.0235008 -0.0157224 -0.000653511 -0.00328899 -0.00804102 0.000122699 -0.00536449 -0.0133941 0.00213429 -0.0142707 -0.0219027 -0.00249956
internal_weight=343045 23681 1891 1239 21790 11201 4681 6520 4280 1756 10589 569 473 5713
internal_count=343045 23681 1891 1239 21790 11201 4681 6520 4280 1756 10589 569 473 5713
is_linear=0
shrinkage=0.04


Tree=153
num_leaves=15
num_cat=0
split_feature=0 3 3 1 1 3 12 0 3 8 3 1 8 8
split_gain=87.5152 594.673 112.908 354.855 148.965 156.463 91.8963 134.29 150.605 146.014 110.419 197.976 96.7796 160.719
threshold=14.478034112410166 15.094741500000003 18.758335500000005 15.051094815807188 17.899957632092676 16.483384000000004 133.46973650935493 22.687069723946067 24.815203000000004 0.99963548546401138 22.392242000000003 18.939237081182636 0.93328973135268611 0.94174456271772822
decision_type=2 2 2 2 2 2 2 2 2 2 2 2 2 2
left_child=-1 -2 3 -3 5 -5 -4 9 -9 -8 11 -11 -10 -14
right_child=1 2 6 4 -6 -7 7 8 12 10 -12 -13 13 -15
leaf_value=0 -0.024927051053572021 0.0062754212293564746 0.00047425527810972148 -0.013702104497342367 -0.046697840125488235 -2.8953063538332824e-05 -0.00053417367564004173 -0.07340834657908818 -0.0057624636867669096 0.049280843561443313 0.050370062781295077 -0.027253467155443217 0.008030516478407166 -0.0036974935770701669
leaf_weight=318659 728 345 10661 237 493 638 7692 256 1241 188 547 221 334 978
leaf_count=318659 728 345 10661 237 493 638 7692 256 1241 188 547 221 334 978
internal_value=-0.00021887 -0.00251965 -0.00143175 -0.0113252 -0.0204678 -0.01056 -0.000665521 -0.00315266 -0.0107512 -0.000684551 0.0140586 -0.00166259 -0.00781825 -0.000243902
internal_weight=343218 24559 23831 1713 1368 875 22118 11457 2809 8648 956 409 2553 1312
internal_count=343218 24559 23831 1713 1368 875 22118 11457 2809 8648 956 409 2553 1312
is_linear=0
shrinkage=0.04


Tree=154
num_leaves=15
num_cat=0
split_feature=0 3 3 1 2 15 11 13 12 14 5 15 11 3
split_gain=70.9004 552.782 130.859 224.955 108.853 637.938 328.465 608.45 277.001 265.387 380.224 261.819 220.772 289.609
threshold=14.671789877528768 18.250239500000003 15.094741500000003 15.051094815807188 75.733524000000003 11.201103675124985 12.060277981546717 515.31255052261804 95.370509599845136 0.22601595510611858 1.0000000180025095e-35 8.5257561433749931 37.792552143717131 12.750017500000002
decision_type=2 2 2 2 2 2 2 2 2 2 2 2 2 2
left_child=4 2 -2 -4 5 6 9 8 12 -1 -11 -9 13 -8
right_child=1 -3 3 -5 -6 -7 7 11 -10 10 -12 -13 -14 -15
leaf_value=0 -0.025184611758863475 -0.00010105874710018892 0.0068563773889911287 -0.015932212446032937 0 -4.0581620864491956e-05 0.0069082795478298247 -0.002168247025277219 0.005131089537947978 0 0.00014539619395713261 0.0043815224475908226 -0.0050790859803894819 -0.00057459564699589578
leaf_weight=94618 632 21753 186 1050 208663 838 1250 2588 2067 896 643 175 988 6402
leaf_count=94618 632 21753 186 1050 208663 838 1250 2588 2067 896 643 175 988 6402
internal_value=-0.000173188 -0.00228779 -0.0231692 -0.0155987 -1.66704e-05 -0.001032 -0.000766235 -0.00661618 -0.00229756 5.32463e-05 0.0165302 -0.0233514 -0.00544444 -0.00314689
internal_weight=342749 23621 1868 1236 319128 110465 109627 13470 10707 96157 1539 2763 8640 7652
internal_count=342749 23621 1868 1236 319128 110465 109627 13470 10707 96157 1539 2763 8640 7652
is_linear=0
shrinkage=0.04


Tree=155
num_leaves=15
num_cat=0
split_feature=0 3 1 3 1 1 3 2 15 11 13 3 14 5
split_gain=75.8431 994.959 263.984 176.491 267.832 132.676 223.954 112.151 637.705 350.565 550.146 269.426 256.444 380.811
threshold=13.486257160318873 14.497076500000002 14.454334445348447 18.758335500000005 15.051094815807188 18.028308489704063 16.483384000000004 75.733524000000003 11.201103675124985 12.060277981546717 515.31255052261804 27.050844500000004 0.22601595510611858 1.0000000180025095e-35
decision_type=2 2 2 2 2 2 2 2 2 2 2 2 2 2
left_child=7 -2 -3 4 -4 6 -6 8 9 12 -11 -12 -1 -14
right_child=1 2 3 -5 5 -7 -8 -9 -10 10 11 -13 13 -15
leaf_value=0 -0.022880090265074822 0.0051819469495278624 0.0035828298205593146 -0.0001251452676106421 -0.015840930687955678 -0.046342124022941862 8.1197318716390575e-05 0 -3.895835602991228e-05 -0.00032192823526330127 -0.0023119151154378857 0.00019153037745267998 0 0.0001395803461988473
leaf_weight=94819 1117 1289 484 24679 393 491 714 203573 837 10575 2353 390 904 636
leaf_count=94819 1117 1289 484 24679 393 491 714 203573 837 10575 2353 390 904 636
internal_value=-0.000167689 -0.00211883 -0.000644563 -0.00149621 -0.0126801 -0.0205757 -0.0128997 1.34994e-05 -0.00101236 -0.000746921 -0.00682985 -0.0227926 9.38158e-05 0.0162857
internal_weight=343254 29167 28050 26761 2082 1598 1107 314087 110514 109677 13318 2743 96359 1540
internal_count=343254 29167 28050 26761 2082 1598 1107 314087 110514 109677 13318 2743 96359 1540
is_linear=0
shrinkage=0.04


Tree=156
num_leaves=15
num_cat=0
split_feature=0 3 10 3 10 3 10 12 2 15 11 13 3 14
split_gain=72.0219 988.105 265.54 161.54 392.825 217.49 135.165 110.65 109.103 648.484 318.759 489.869 351.472 265.876
threshold=13.486257160318873 14.497076500000002 -14.377536041615686 19.404754500000006 -17.988862592806857 16.081239000000004 -14.904224960746738 114.80009389556366 75.733524000000003 11.201103675124985 12.060277981546717 515.31255052261804 25.976404000000006 0.22601595510611858
decision_type=2 2 2 2 2 2 2 2 2 2 2 2 2 2
left_child=8 -2 3 4 -3 6 -6 -4 9 10 13 -12 -13 -1
right_child=1 2 7 -5 5 -7 -8 -9 -10 -11 11 12 -14 -15
leaf_value=0 -0.021767116637127375 -0.043556720131909595 0.00079921686645681499 -8.4961670497243354e-05 -0.015132551958444998 0.0025085249749482465 0.00093385079803728845 0.011948633060293729 0 -3.7400021788715784e-05 -0.00031904801402604774 -0.0024176911157624699 0.00010339964704008997 0
leaf_weight=94813 1124 676 572 24185 354 1331 192 653 203384 856 10482 2156 561 1532
leaf_count=94813 1124 676 572 24185 354 1331 192 653 203384 856 10482 2156 561 1532
internal_value=-0.000184793 -0.00208891 -0.000610807 -0.00144513 -0.0110145 -0.0015983 -0.0228571 0.0176 -8.28595e-06 -0.00102065 -0.000749653 -0.00657929 -0.0217151 4.89906e-05
internal_weight=342871 29087 27963 26738 2553 1877 546 1225 313784 110400 109544 13199 2717 96345
internal_count=342871 29087 27963 26738 2553 1877 546 1225 313784 110400 109544 13199 2717 96345
is_linear=0
shrinkage=0.04


Tree=157
num_leaves=15
num_cat=0
split_feature=0 3 2 15 11 13 3 14 6 12 15 3 10 8
split_gain=77.6975 572.428 102.425 629.705 290.149 502.065 326.299 266.026 383.286 241.143 226.802 202.977 358.956 220.597
threshold=14.478034112410166 15.094741500000003 75.733524000000003 11.201103675124985 12.060277981546717 515.31255052261804 25.353132500000005 0.22601595510611858 1.0000000180025095e-35 96.241754076664336 5.2177581391250536 4.6593425000000011 -4.4949820575579826 0.99860154050107197
decision_type=2 2 2 2 2 2 2 2 2 2 2 2 2 2
left_child=2 -2 3 4 7 9 -7 -1 -9 10 -6 12 -4 -13
right_child=1 -3 11 -5 5 6 -8 8 -10 -11 -12 13 -14 -15
leaf_value=0 -0.021847241085707621 -0.0003194409201003981 -0.020957918337215116 -3.5904020917167155e-05 -0.001176488871753827 -0.0023568934129551697 6.7877047312661087e-05 0.00013399713235089341 0 0.0047825072933559394 4.2954603774354097e-05 0 0.00013791982701713445 0.00068761537084346741
leaf_weight=94720 737 23694 614 828 3735 2102 627 646 898 1948 4970 189563 882 17339
leaf_count=94720 737 23694 614 828 3735 2102 627 646 898 1948 4970 189563 882 17339
internal_value=-0.000178734 -0.00235275 -1.21679e-05 -0.000996796 -0.000734363 -0.00625318 -0.021561 3.28264e-05 0.0165026 -0.00233174 -0.00517863 0.000509794 -0.0141711 0.000615944
internal_weight=343303 24431 318872 110474 109646 13382 2729 96264 1544 10653 8705 208398 1496 206902
internal_count=343303 24431 318872 110474 109646 13382 2729 96264 1544 10653 8705 208398 1496 206902
is_linear=0
shrinkage=0.04


Tree=158
num_leaves=15
num_cat=0
split_feature=0 14 10 1 11 0 15 13 13 12 11 15 15 15
split_gain=71.544 161.119 109.044 93.7355 330.931 546.923 273.035 311.318 312.944 292.243 301.012 272.011 236.06 461.018
threshold=14.886531662087295 0.19356640250980447 -15.758549039871786 10.505022975637585 12.060277981546717 3.5751659908018247 9.0992552776249926 515.31255052261804 520.88873726602321 69.479478716198386 29.3666098667269 8.1718748551249707 6.1419733583750125 5.8590375237500192
decision_type=2 2 2 2 2 2 2 2 2 2 2 2 2 2
left_child=3 2 -2 4 -1 11 7 9 -9 10 -7 -6 13 -5
right_child=1 -3 -4 12 5 6 -8 8 -10 -11 -12 -13 -14 -15
leaf_value=0 -0.0012782952021609679 -0.0002559530392194176 -0.012182917844944336 8.3083025611090374e-05 -0.0011000977435487098 0.0015856312682258986 0.0086595850582748147 -0.0033783143459887666 -0.00022496765183521896 0.000603877545637293 -0.0049838013372116045 0.0014489573966828004 0.0010020024279733363 -0.0015465032273943109
leaf_weight=194575 2960 19173 873 44877 9487 116 322 844 1493 11496 501 606 50195 5386
leaf_count=194575 2960 19173 873 44877 9487 116 322 844 1493 11496 501 606 50195 5386
internal_value=-0.000157945 -0.00231244 -0.00979911 -3.00096e-06 -0.000466278 -0.00481158 9.20661e-05 -0.000719723 -0.0140864 0.00185916 -0.0249595 -0.0119885 0.00100898 -0.000928715
internal_weight=342904 23006 3833 319898 219440 24865 14772 14450 2337 12113 617 10093 100458 50263
internal_count=342904 23006 3833 319898 219440 24865 14772 14450 2337 12113 617 10093 100458 50263
is_linear=0
shrinkage=0.04


Tree=159
num_leaves=15
num_cat=0
split_feature=11 1 12 14 13 13 3 1 11 11 11 3 1 3
split_gain=74.6303 407.327 225.83 185.569 269.179 238.723 256.05 686.988 232.601 215.905 211.377 423.527 507.981 1363.29
threshold=28.050219565684831 6.3698026167869655 100.10034145641593 0.20799486186357669 513.32521284928225 540.80167428207517 36.291379500000005 38.863176756203238 61.272338784945781 57.912561633194272 34.695115501126686 14.386707000000003 28.630110597932688 26.118007000000002
decision_type=2 2 2 2 2 2 2 2 2 2 2 2 2 2
left_child=-1 -2 -3 4 10 6 7 -5 -6 -7 -4 -12 -13 -14
right_child=1 2 3 5 8 9 -8 -9 -10 -11 11 12 13 -15
leaf_value=0 -0.0016131907687261227 0.011588711028625446 -0.00091964943391152436 0.0023117827305235194 -0.0045922988671072721 -0.0006543366609942481 0.0075899282047269681 -0.11065923165494944 0.0017266054672886704 0.0092822753874474678 -0.021826736472291993 0.0025888564628077804 -0.075153602943310249 0.00018469354269778777
leaf_weight=261137 3132 705 15418 4407 3350 9583 4501 718 1155 682 1763 21926 2006 12680
leaf_count=261137 3132 705 15418 4407 3350 9583 4501 718 1155 682 1763 21926 2006 12680
internal_value=-0.000202703 -0.00125521 -0.000693589 -0.000896801 -0.00203506 0.00243929 0.00696447 0.000850732 -0.0114273 -0.00180419 -0.00124849 0.000340847 0.00126297 -0.00449408
internal_weight=343163 82026 78894 78189 58298 19891 9626 5125 4505 10265 53793 38375 36612 14686
internal_count=343163 82026 78894 78189 58298 19891 9626 5125 4505 10265 53793 38375 36612 14686
is_linear=0
shrinkage=0.04


end of trees

feature_importances:
allocated_injection_m3d=390
control_value=344
liquid_tpd=263
injection_minus_liquid=199
oil_tpd=168
completed_net_thickness_m=155
pressure_bar=151
neighbor_pressure_bar=138
perm_md=134
poro=125
oil_fraction=86
watercut=82
target_lrat=4
target_wrat=1

parameters:
[boosting: gbdt]
[objective: regression_l1]
[metric: l1]
[tree_learner: serial]
[device_type: cpu]
[data_sample_strategy: bagging]
[data: ]
[valid: ]
[num_iterations: 160]
[learning_rate: 0.04]
[num_leaves: 15]
[num_threads: 1]
[seed: 20260900]
[deterministic: 1]
[force_col_wise: 1]
[force_row_wise: 0]
[histogram_pool_size: -1]
[max_depth: -1]
[min_data_in_leaf: 12]
[min_sum_hessian_in_leaf: 0.001]
[bagging_fraction: 0.9]
[pos_bagging_fraction: 1]
[neg_bagging_fraction: 1]
[bagging_freq: 1]
[bagging_seed: 2244]
[bagging_by_query: 0]
[feature_fraction: 0.9]
[feature_fraction_bynode: 1]
[feature_fraction_seed: 6078]
[extra_trees: 0]
[extra_seed: 27494]
[early_stopping_round: 0]
[early_stopping_min_delta: 0]
[first_metric_only: 0]
[max_delta_step: 0]
[lambda_l1: 0]
[lambda_l2: 0]
[linear_lambda: 0]
[min_gain_to_split: 0]
[drop_rate: 0.1]
[max_drop: 50]
[skip_drop: 0.5]
[xgboost_dart_mode: 0]
[uniform_drop: 0]
[drop_seed: 25953]
[top_rate: 0.2]
[other_rate: 0.1]
[min_data_per_group: 100]
[max_cat_threshold: 32]
[cat_l2: 10]
[cat_smooth: 10]
[max_cat_to_onehot: 4]
[top_k: 20]
[monotone_constraints: ]
[monotone_constraints_method: basic]
[monotone_penalty: 0]
[feature_contri: ]
[forcedsplits_filename: ]
[refit_decay_rate: 0.9]
[cegb_tradeoff: 1]
[cegb_penalty_split: 0]
[cegb_penalty_feature_lazy: ]
[cegb_penalty_feature_coupled: ]
[path_smooth: 0]
[interaction_constraints: ]
[verbosity: -1]
[saved_feature_importance_type: 0]
[use_quantized_grad: 0]
[num_grad_quant_bins: 4]
[quant_train_renew_leaf: 0]
[stochastic_rounding: 1]
[linear_tree: 0]
[max_bin: 255]
[max_bin_by_feature: ]
[min_data_in_bin: 3]
[bin_construct_sample_cnt: 200000]
[data_random_seed: 5020]
[is_enable_sparse: 1]
[enable_bundle: 1]
[use_missing: 1]
[zero_as_missing: 0]
[feature_pre_filter: 1]
[pre_partition: 0]
[two_round: 0]
[header: 0]
[label_column: ]
[weight_column: ]
[group_column: ]
[ignore_column: ]
[categorical_feature: ]
[forcedbins_filename: ]
[precise_float_parser: 0]
[parser_config_file: ]
[objective_seed: 29375]
[num_class: 1]
[is_unbalance: 0]
[scale_pos_weight: 1]
[sigmoid: 1]
[boost_from_average: 1]
[reg_sqrt: 0]
[alpha: 0.9]
[fair_c: 1]
[poisson_max_delta_step: 0.7]
[tweedie_variance_power: 1.5]
[lambdarank_truncation_level: 30]
[lambdarank_norm: 1]
[label_gain: ]
[lambdarank_position_bias_regularization: 0]
[eval_at: ]
[multi_error_top_k: 1]
[auc_mu_weights: ]
[num_machines: 1]
[local_listen_port: 12400]
[time_out: 120]
[machine_list_filename: ]
[machines: ]
[gpu_platform_id: -1]
[gpu_device_id: -1]
[gpu_use_dp: 0]
[num_gpu: 1]

end of parameters

pandas_categorical:null
