tree
version=v4
num_class=1
num_tree_per_iteration=1
label_index=0
max_feature_idx=15
objective=regression_l1
feature_names=oil_tpd liquid_tpd pressure_bar control_value target_orat target_lrat target_wrat status oil_fraction watercut injection_minus_liquid allocated_injection_m3d neighbor_pressure_bar perm_md poro completed_net_thickness_m
feature_infos=[0:43.42959140103163] [0:66.54612115517422] [0:285.00482199999999] [0:410.73022900000001] none [0:1] [0:1] [0:1] [0:1] [0:1] [-66.54612115517422:410.73022900000001] [0:106.56257176354083] [0:229.06531212722095] [212.71655300490687:738.00869701563943] [0.15975654196058092:0.23766614019099039] [0.63501341750003348:13.268681986250044]
tree_sizes=1525 1537 1546 1547 1549 1548 1541 1563 1554 1540 1556 1558 1562 1559 1570 1566 1555 1569 1567 1564 1576 1566 1569 1567 1576 1565 1564 1564 1578 1569 1568 1582 1573 1559 1572 1583 1585 1569 1564 1568 1573 1564 1562 1577 1573 1577 1561 1559 1570 1578 1565 1571 1561 1576 1564 1571 1563 1574 1572 1571 1568 1569 1571 1569 1586 1576 1562 1571 1579 1575 1591 1560 1579 1564 1571 1560 1575 1573 1582 1579 1574 1576 1581 1580 1590 1583 1579 1573 1577 1572 1573 1568 1562 1561 1568 1575 1565 1570 1558 1575 1568 1572 1572 1588 1577 1565 1574 1558 1579 1575 1578 1560 1564 1565 1573 1573 1560 1569 1572 1548 1557 1545 1553 1558 1591 1571 1560 1568 1571 1582 1588 1570 1577 1587 1582 1587 1590 1547 1555 1569 1568 1558 1557 1571 1574 1569 1576 1579 1579 1569 1573 1564 1570 1549 1579 1548 1592 1555 1565 1568

Tree=0
num_leaves=15
num_cat=0
split_feature=2 10 11 12 1 2 10 13 13 2 10 15 3 2
split_gain=164423 11556.3 2765.12 2435.91 1950.66 1787.97 1326.64 1207.83 873.318 869.311 1318.12 864.193 885.677 847.924
threshold=90.687809000000016 126.84012550000001 8.1114772755042512 136.79864596996546 18.556322178383486 204.50823250000002 1.0000000180025095e-35 282.46392299658419 559.78456154099251 211.78302000000002 40.60587300000001 6.2347572539999883 14.786411500000002 85.587891000000027
decision_type=2 2 2 2 2 2 2 2 2 2 2 2 2 2
left_child=2 3 6 4 11 -3 -1 -5 9 10 -9 -2 -13 -4
right_child=1 5 13 7 -6 -7 -8 8 -10 -11 -12 12 -14 -15
leaf_value=-0.7650686168670654 -0.61823320426046846 -0.73022480010986324 -0.66851356983184818 -0.56519314289093014 -0.61940895259380335 -0.61215318113565442 0.77376880645751966 -0.60042124629020688 -0.60708916723728179 -0.51254655838012697 -0.627453054189682 -0.60677758812904359 -0.63924611806869502 -0.64593786954879762
leaf_weight=101206 38954 9919 29109 22534 27435 814 420 68062 8401 9200 5215 3173 14122 4475
leaf_count=101206 38954 9919 29109 22534 27435 814 420 68062 8401 9200 5215 3173 14122 4475
internal_value=-0.642325 -0.619989 -0.676659 -0.617788 -0.622964 -0.660409 -0.679947 -0.613968 -0.616023 -0.617275 -0.61873 -0.627229 -0.63467 -0.666708
internal_weight=343039 207829 135210 197096 83684 10733 101626 113412 90878 82477 73277 56249 17295 33584
internal_count=343039 207829 135210 197096 83684 10733 101626 113412 90878 82477 73277 56249 17295 33584
is_linear=0
shrinkage=1


Tree=1
num_leaves=15
num_cat=0
split_feature=2 10 12 2 1 2 2 10 3 13 2 12 0 12
split_gain=157625 10738.7 3240.7 2148.59 1838.32 1761.5 1395.9 2557.49 1197.93 813.932 755.034 721.271 659.684 778.491
threshold=86.992412500000015 126.84012550000001 133.4354806886179 56.831857500000005 18.681361304787394 204.50823250000002 198.25316600000005 92.146493000000007 54.628784500000009 319.16334368527947 97.695026500000012 69.378273903066813 4.3233074597975447 73.602902318887786
decision_type=2 2 2 2 2 2 2 2 2 2 2 2 2 2
left_child=3 2 4 -1 10 -3 7 8 9 -4 12 -5 -2 -14
right_child=1 5 6 11 -6 -7 -8 -9 -10 -11 -12 -13 13 -15
leaf_value=-0.11782215728759766 -0.0074746250957250602 -0.085627767562866205 0.06109917328357696 -0.024885021591186524 0.020484228229522703 0.029077821123600005 0.12397047119140625 -0.052118870735168459 0.028961633360385895 0.0320830766916275 0.020364044025540352 -0.019245036697387693 0.0030823062419891344 0.000604331970214842
leaf_weight=87567 1615 9917 26274 11032 17051 823 23606 2724 15009 65140 42098 31050 1908 7111
leaf_count=87567 1615 9917 26274 11032 17051 823 23606 2724 15009 65140 42098 31050 1908 7111
internal_value=0.000142655 0.0212866 0.0233535 -0.0346397 0.0163748 -0.0176909 0.0270219 0.0251144 0.026094 0.0243744 0.012683 -0.0272116 0.00315968 0.00737554
internal_weight=342925 213276 202536 129649 69783 10740 132753 109147 106423 91414 52732 42082 10634 9019
internal_count=342925 213276 202536 129649 69783 10740 132753 109147 106423 91414 52732 42082 10634 9019
is_linear=0
shrinkage=0.04


Tree=2
num_leaves=15
num_cat=0
split_feature=2 10 12 2 2 10 3 2 15 15 8 10 11 3
split_gain=152500 10170.1 3254.94 2665.73 2101.76 2897.41 1949.24 1681.77 978.551 888.787 730.767 665.328 658.912 584.961
threshold=86.992412500000015 126.84012550000001 113.0792976625591 64.038910000000016 198.25316600000005 86.162453000000014 54.628784500000009 204.50823250000002 5.108791732625023 8.4516063852500043 0.99972591831757562 1.0000000180025095e-35 0.85062463459417603 33.410192500000001
decision_type=2 2 2 2 2 2 2 2 2 2 2 2 2 2
left_child=3 2 10 11 5 6 8 -3 13 -10 -2 -1 -12 -4
right_child=1 7 4 -5 -6 -7 -8 -9 9 -11 12 -13 -14 -15
leaf_value=-0.11310927099609375 0.0065907801175117478 -0.082436411972045903 0.045949605065345768 -0.014163400417327884 0.1169876195602417 -0.034514341256618501 0.025620518353939054 0.028011412344455717 0.020504664885759354 0.028384832234144213 -0.039967172150015828 4.5118993410644537 0.00067214232063293354 0.071433027773857113
leaf_weight=97496 16766 9889 52254 32145 24739 4226 19750 804 63899 8914 1677 177 2403 7981
leaf_count=97496 16766 9889 52254 32145 24739 4226 19750 804 63899 8914 1677 177 2403 7981
internal_value=-1.07251e-05 0.0207931 0.0227996 -0.0341931 0.0245165 0.0228093 0.0237129 -0.0172262 0.0219722 0.0188521 0.00782884 -0.0374814 -0.00735294 0.0257438
internal_weight=343120 213302 202609 129818 181763 157024 152798 10693 133048 72813 20846 97673 4080 60235
internal_count=343120 213302 202609 129818 181763 157024 152798 10693 133048 72813 20846 97673 4080 60235
is_linear=0
shrinkage=0.04


Tree=3
num_leaves=15
num_cat=0
split_feature=2 3 12 2 1 2 2 15 13 0 15 9 3 9
split_gain=148210 9554.07 3396.93 3034.5 2092.03 1263.58 1079.13 1021.99 926.261 1106.89 987.257 799.551 771.789 1092.75
threshold=86.992412500000015 131.99536750000001 135.2171435757312 66.117691000000022 18.681361304787394 208.66985350000002 204.50823250000002 12.747526084999977 282.46392299658419 5.8588980484263162 12.200141976749977 0.0002191528036247781 1.0000000180025095e-35 0.21211932434966677
decision_type=2 2 2 2 2 2 2 2 2 2 2 2 2 2
left_child=3 2 4 12 7 8 -3 11 -4 10 -10 -2 -1 -14
right_child=1 6 5 -5 -6 -7 -8 -9 9 -11 -12 -13 13 -15
leaf_value=-0.10858490015625 0.00046318009317874775 -0.079308699984741216 0.055246832282791133 -0.012712374185333251 0.019316196756086347 0.12290228880527497 0.024921065852241516 -0.029788659112191206 0.040389415700683599 0.028361496379098891 -0.050371140693759919 0.016053187959978583 -0.043138924814224246 -0.11652870203613282
leaf_weight=61196 8881 9229 17869 29844 22439 17915 523 1289 51505 34850 1349 47370 36036 2867
leaf_count=61196 8881 9229 17869 29844 22439 17915 523 1289 51505 34850 1349 47370 36036 2867
internal_value=-0.000188599 0.0203331 0.0221868 -0.0338619 0.0157646 0.0263462 -0.0183429 0.0117247 0.0246794 0.0229882 0.0193393 0.0125317 -0.0371996 -0.0327944
internal_weight=343162 213219 203467 129943 79979 123488 9752 57540 105573 87704 52854 56251 100099 38903
internal_count=343162 213219 203467 129943 79979 123488 9752 57540 105573 87704 52854 56251 100099 38903
is_linear=0
shrinkage=0.04


Tree=4
num_leaves=15
num_cat=0
split_feature=2 10 2 12 2 10 3 2 13 13 2 3 10 15
split_gain=143296 8934.74 3341.43 3274.82 1821.37 2541.03 1785.68 1578.71 1141.11 1136.58 1044.78 834.194 1172.09 2561.56
threshold=86.992412500000015 126.84012550000001 66.117691000000022 119.79484022618888 198.25316600000005 92.146493000000007 54.628784500000009 204.50823250000002 642.89807683317133 319.16334368527947 89.77006950000002 1.0000000180025095e-35 -1.0000000180025095e-35 1.9769870124999758
decision_type=2 2 2 2 2 2 2 2 2 2 2 2 2 2
left_child=2 3 11 8 5 6 9 -3 10 -5 -2 -1 -13 -14
right_child=1 7 -4 4 -6 -7 -8 -9 -10 -11 -12 12 13 -15
leaf_value=-0.10424150415 -0.0036226768997506165 -0.076040030879394538 -0.012217930708703615 0.052296074021901708 0.10859512152274019 -0.048868236975799562 0.023934237045451737 0.0252832257691658 0.012974163872405624 0.025252409283181763 0.0067764539475699426 -0.041410772912216183 -0.13311902471121825 3.2441483666843505
leaf_weight=61052 3466 9912 30014 31192 24377 3543 18962 805 2449 95489 22837 35929 1807 1112
leaf_count=61052 3466 9912 30014 31192 24377 3543 18962 805 2449 95489 22837 35929 1807 1112
internal_value=-0.000458148 0.0197334 -0.0335681 0.0216188 0.0236901 0.0220337 0.0228479 -0.0158589 0.00911519 0.0211343 0.00668365 -0.0370843 -0.0325021 -0.00812607
internal_weight=342946 213032 129914 202315 173563 149186 145643 10717 28752 126681 26303 99900 38848 2919
internal_count=342946 213032 129914 202315 173563 149186 145643 10717 28752 126681 26303 99900 38848 2919
is_linear=0
shrinkage=0.04


Tree=5
num_leaves=15
num_cat=0
split_feature=2 10 2 12 10 2 13 2 15 15 0 3 10 15
split_gain=139023 8374.3 3821.33 3320.49 2127.81 1552.2 1394.73 1291.47 1121.6 985.617 1028.53 823.546 1007.84 2327.51
threshold=86.992412500000015 126.84012550000001 66.117691000000022 139.13857176093214 -26.518114831228669 204.50823250000002 282.46392299658419 97.695026500000012 11.720497890624971 3.7507811581250086 5.8588980484263162 1.0000000180025095e-35 -1.0000000180025095e-35 1.9769870124999758
decision_type=2 2 2 2 2 2 2 2 2 2 2 2 2 2
left_child=2 3 11 4 -2 -3 -5 -6 -4 -8 -11 -1 -13 -14
right_child=1 5 8 6 7 -7 9 -9 -10 10 -12 12 13 -15
leaf_value=-0.100071843984 0.019455441760706651 -0.072558895456901862 -0.012962996683480475 0.064671577091212892 0.0002255525868229036 0.024519539473468445 0.094563810126103154 0.018118575845356602 0.00052819279634740645 0.035739615499766099 0.027859450520043121 -0.039776429092895506 -0.12781258380638769 3.0916466837259611
leaf_weight=60974 18382 9950 27747 21547 11689 815 16989 71723 2272 38838 23200 36047 1856 1106
leaf_count=60974 18382 9950 27747 21547 11689 815 16989 71723 2272 38838 23200 36047 1856 1106
internal_value=-0.000738252 0.0191465 -0.0333386 0.0209753 0.0158823 -0.0152308 0.02613 0.0131674 -0.0208228 0.0236704 0.0213327 -0.0370963 -0.0325576 -0.0101283
internal_weight=343135 213133 130002 202368 101794 10765 100574 83412 30019 79027 62038 99983 39009 2962
internal_count=343135 213133 130002 202368 101794 10765 100574 83412 30019 79027 62038 99983 39009 2962
is_linear=0
shrinkage=0.04


Tree=6
num_leaves=15
num_cat=0
split_feature=2 3 2 12 1 13 15 15 13 12 2 3 9 15
split_gain=134958 7874.35 4039.96 3209.72 2092.58 1388.82 1305.92 1058.7 994.629 982.867 972.652 878.189 880.984 2144.47
threshold=86.992412500000015 131.99536750000001 66.117691000000022 140.05741737377642 26.550522715984247 313.87503678502748 6.347161581125051 11.720497890624971 520.88873726602321 117.54660237029448 204.50823250000002 1.0000000180025095e-35 0.21211932434966677 1.9769870124999758
decision_type=2 2 2 2 2 2 2 2 2 2 2 2 2 2
left_child=2 3 11 4 6 -5 9 -4 -7 -2 -3 -1 -13 -14
right_child=1 10 7 5 -6 8 -8 -9 -10 -11 -12 12 13 -15
leaf_value=-0.096068970224640005 0.0059876620779583953 -0.070133438785659474 -0.012445664140665183 0.06491861701409371 0.018763308177392718 0.03666345464155249 0.0049011227581121624 0.00051372497371470209 0.03019224096867041 0.024916874198455143 0.022117494974626908 -0.038137316280375977 -0.12274756389834605 3.050935986054657
leaf_weight=61027 15865 9241 27595 30522 20106 55931 31746 2314 9621 39798 514 35935 1779 1058
leaf_count=61027 15865 9241 27595 30522 20106 55931 31746 2314 9621 39798 514 35935 1779 1058
internal_value=-0.00096825 0.0185942 -0.0331446 0.0202763 0.0155286 0.0255894 0.0128522 -0.0202494 0.0223078 0.0165446 -0.0165126 -0.0370092 -0.0323017 -0.0108424
internal_weight=343052 213344 129708 203589 107515 96074 87409 29909 65552 55663 9755 99799 38772 2837
internal_count=343052 213344 129708 203589 107515 96074 87409 29909 65552 55663 9755 99799 38772 2837
is_linear=0
shrinkage=0.04


Tree=7
num_leaves=15
num_cat=0
split_feature=2 10 2 12 2 10 15 15 2 13 15 7 2 10
split_gain=131677 7349.36 4240.39 3205.03 1829.99 2100.45 1555.98 1588.69 1463.41 1155.95 947.418 947.335 872.152 871.546
threshold=86.992412500000015 126.84012550000001 67.261882500000027 118.62978893154134 208.66985350000002 86.162453000000014 8.4516063852500043 5.108791732625023 202.75756050000004 642.89807683317133 11.720497890624971 1.0000000180025095e-35 97.695026500000012 -1.0000000180025095e-35
decision_type=2 2 2 2 2 2 2 2 2 2 2 2 2 2
left_child=2 3 11 9 5 6 7 -5 -3 12 -4 -1 -2 -13
right_child=1 8 10 4 -6 -7 -8 -9 -10 -11 -12 13 -14 -15
leaf_value=-0.092226211415654402 -0.0011137351509594895 -0.067962995605265808 -0.011475532467921875 0.041697234273565753 0.10725800697806265 -0.0079398850475730018 0.023130385634402312 0.01839656649847346 0.022204929646581464 0.011113433051110304 0.00047624262897143498 -0.03661182362916094 0.0086584268930710757 -0.096865130786687126
leaf_weight=61101 9563 9910 26509 63156 18445 5073 18538 69686 850 2438 2274 37010 15759 2915
leaf_count=61101 9563 9910 26509 63156 18445 5073 18538 69686 850 2438 2274 37010 15759 2915
internal_value=-0.00124221 0.0180802 -0.03301 0.0197906 0.0217946 0.0203898 0.0212382 0.0197233 -0.0141338 0.00716427 -0.0194657 -0.0368689 0.00463155 -0.0320771
internal_weight=343227 213418 129809 202658 174898 156453 151380 132842 10760 27760 28783 101026 25322 39925
internal_count=343227 213418 129809 202658 174898 156453 151380 132842 10760 27760 28783 101026 25322 39925
is_linear=0
shrinkage=0.04


Tree=8
num_leaves=15
num_cat=0
split_feature=2 10 2 2 12 2 15 2 3 15 10 15 12 2
split_gain=127672 6807.14 4466.41 3750.08 3351.6 1898.96 1815.05 1115.07 964.606 944.596 884.445 2102.2 745.963 685.23
threshold=86.992412500000015 96.848670000000013 66.117691000000022 199.95892300000003 140.52716003415188 97.695026500000012 8.4516063852500043 208.66985350000002 1.0000000180025095e-35 11.720497890624971 -1.0000000180025095e-35 1.9769870124999758 67.043418052509125 113.99888200000002
decision_type=2 2 2 2 2 2 2 2 2 2 2 2 2 2
left_child=2 4 8 -3 5 -2 -7 13 -1 12 -10 -12 -4 -6
right_child=1 3 9 -5 7 6 -8 -9 10 -11 11 -13 -14 -15
leaf_value=-0.088537162959028207 6.8260691996480111e-06 -0.055867668568225587 -0.012700891498337077 0.018032134559396854 0.0018664421512065844 0.016028423087793099 0.017588638890063134 0.12048293562060294 -0.035194700613804066 0.00046159413078279422 -0.11393758346995352 2.9266067700080005 -0.010986575332413007 0.037202185397598807
leaf_weight=60969 12086 13981 3592 5470 2602 77621 14972 13984 35995 2289 1812 1108 24127 72477
leaf_count=60969 12086 13981 3592 5470 2602 77621 14972 13984 35995 2289 1812 1108 24127 72477
internal_value=-0.00153303 0.0175133 -0.032794 -0.00504447 0.0197781 0.0149252 0.0168717 0.0254817 -0.0368596 -0.0192615 -0.0319394 -0.0107671 -0.0213009 0.0235501
internal_weight=343085 213193 129892 19451 193742 104679 92593 89063 99884 30008 38915 2920 27719 75079
internal_count=343085 213193 129892 19451 193742 104679 92593 89063 99884 30008 38915 2920 27719 75079
is_linear=0
shrinkage=0.04


Tree=9
num_leaves=15
num_cat=0
split_feature=2 3 2 11 12 1 2 2 3 3 13 13 1 11
split_gain=124191 6057.22 5854.7 2960.77 2345.3 1864.39 1388.08 884.733 1436.01 877.075 871.345 776.751 736.579 703.973
threshold=83.337211500000009 126.20679500000001 97.695026500000012 6.0374982202172536 146.53519180373959 29.491032140913475 202.75756050000004 189.79924800000003 82.45924650000002 13.303035000000003 313.87503678502748 642.89807683317133 20.940971986894592 35.524684178489387
decision_type=2 2 2 2 2 2 2 2 2 2 2 2 2 2
left_child=3 2 11 -1 5 7 -3 8 13 -5 -6 -2 -10 -4
right_child=1 6 4 9 10 -7 -8 -9 12 -11 -12 -13 -14 -15
leaf_value=-0.084995676440667078 -0.0010859713889407052 -0.062681500033504381 0.017449492661688947 -0.014570449683313265 0.063918605440924842 0.020564923726071854 0.020595447078342339 0.058304575198946135 -0.012677123804302538 -0.024515575263147248 0.04550748628587889 0.0040062057979079095 0.017085462214325834 0.006972891377217163
leaf_weight=91275 18827 9997 71599 8791 24553 21529 921 7362 5389 21963 38641 1008 813 20409
leaf_count=91275 18827 9997 71599 8791 24553 21529 921 7362 5389 21963 38641 1008 813 20409
internal_value=-0.00172871 0.0161525 0.0176618 -0.0341194 0.0198174 0.0166863 -0.0128961 0.0144985 0.013496 -0.0233856 0.0261151 -0.00301891 -0.00513383 0.0147518
internal_weight=343077 221048 210130 122029 190295 127101 10918 105572 98210 30754 63194 19835 6202 92008
internal_count=343077 221048 210130 122029 190295 127101 10918 105572 98210 30754 63194 19835 6202 92008
is_linear=0
shrinkage=0.04


Tree=10
num_leaves=15
num_cat=0
split_feature=2 10 2 11 2 2 15 12 10 3 13 13 0 2
split_gain=120714 5753.97 5718.07 3256.79 3193.47 2306.3 1934.49 1395.08 956.541 846.209 835.251 732.273 664.612 643.494
threshold=83.337211500000009 96.848670000000013 98.878921500000004 5.5040895683674504 199.95892300000003 189.79924800000003 8.4516063852500043 146.53519180373959 1.0000000180025095e-35 12.980408500000001 269.29242811484659 642.89807683317133 4.3233074597975447 68.330601000000016
decision_type=2 2 2 2 2 2 2 2 2 2 2 2 2 2
left_child=3 2 11 8 -3 6 7 -4 -1 -5 -9 12 -2 -11
right_child=1 4 5 9 -6 -7 -8 10 -10 13 -12 -13 -14 -15
leaf_value=-0.081595849383040417 -0.0060225178773161848 -0.052018062213798524 0.014946649325419711 -0.014401854153463574 0.01546653561129816 0.10200618155977491 0.018339270627365602 0.04005054229158593 1.2792261417480928 -0.033796561204015939 0.039701849120206086 0.0039327051189806238 -0.00013642300898122128 -0.010121213048214618
leaf_weight=89771 3088 13998 96597 8831 5440 25331 21448 8604 346 11544 28876 1055 16730 11762
leaf_count=89771 3088 13998 96597 8831 5440 25331 21448 8604 346 11544 28876 1055 16730 11762
internal_value=-0.00191357 0.0157183 0.017721 -0.0338109 -0.00506636 0.0200088 0.0181859 0.0164016 -0.0377096 -0.0228783 0.022952 -0.00210224 -0.00383086 -0.0268738
internal_weight=343421 221167 201729 122254 19438 180856 155525 134077 90117 32137 37480 20873 19818 23306
internal_count=343421 221167 201729 122254 19438 180856 155525 134077 90117 32137 37480 20873 19818 23306
is_linear=0
shrinkage=0.04


Tree=11
num_leaves=15
num_cat=0
split_feature=2 12 10 2 2 2 3 13 15 2 13 15 3 11
split_gain=116689 5815.09 5390.33 2956.15 2831.92 2071.67 1641.09 1565.22 1383.38 994.98 1099.94 827.559 699.422 647.595
threshold=81.34201400000002 118.62978893154134 79.432314000000005 199.95892300000003 56.831857500000005 189.79924800000003 54.628784500000009 642.89807683317133 5.108791732625023 89.77006950000002 228.57383096747418 8.4516063852500043 4.9709330000000014 23.410380953233741
decision_type=2 2 2 2 2 2 2 2 2 2 2 2 2 2
left_child=4 7 5 -4 -1 6 8 9 -3 -2 -11 13 -6 -10
right_child=1 2 3 -5 12 -7 -8 -9 11 10 -12 -13 -14 -15
leaf_value=-0.078332015407718794 -0.0023504392142437956 0.033717968302778768 -0.040229137660799767 0.014727147413466564 -0.0054013289532094631 0.10235363676425292 0.018063862518517257 0.0083698660695520795 0.022452056827107044 -0.044104625307360409 0.0041084145112675564 0.020752943230373765 -0.020346302896494767 0.0080200061480220318
leaf_weight=87740 14219 55455 12737 6424 2854 22918 17976 2613 25875 1592 22060 8375 28201 34001
leaf_count=87740 14219 55455 12737 6424 2854 22918 17976 2613 25875 1592 22060 8375 28201 34001
internal_value=-0.00204734 0.0149328 0.0179561 -0.00212306 -0.0341001 0.0202936 0.0184887 0.00120937 0.0168477 -0.000856592 0.00417047 0.0130348 -0.0237192 0.0113875
internal_weight=343040 224245 183761 19161 118795 164600 141682 40484 123706 37871 23652 68251 31055 59876
internal_count=343040 224245 183761 19161 118795 164600 141682 40484 123706 37871 23652 68251 31055 59876
is_linear=0
shrinkage=0.04


Tree=12
num_leaves=15
num_cat=0
split_feature=2 12 10 11 13 2 13 9 12 3 3 15 10 2
split_gain=113561 6439.85 5032.51 2722.93 2517.36 2104.79 1524.39 1299.9 1185.85 1088.3 1001.87 976.703 838.333 724.438
threshold=79.009708500000002 117.54660237029448 96.848670000000013 6.0374982202172536 487.55222243242525 189.79924800000003 583.60789811233519 0.0001150680187902431 147.60916972154874 85.005307000000016 9.8978170000000016 8.4516063852500043 1.0000000180025095e-35 97.695026500000012
decision_type=2 2 2 2 2 2 2 2 2 2 2 2 2 2
left_child=3 7 5 12 -4 6 8 -2 11 13 -5 -3 -1 -9
right_child=1 2 4 10 -6 -7 -8 9 -10 -11 -12 -13 -14 -15
leaf_value=-0.075198734791410052 -0.005433466111436718 0.014356682229183461 0.013559125125541751 -0.011884594970572419 -0.050223031923044531 0.093934615015977274 0.020480897397681223 0.00017519900129177481 0.038407447273944094 -0.010704353660603978 -0.025508315645809115 0.016156650021449774 2.5637514125445482 0.010075723401027976
leaf_weight=89284 10525 87707 5503 6706 11221 24217 7700 13767 35616 4673 19275 12510 279 13843
leaf_count=89284 10525 87707 5503 6706 11221 24217 7700 13767 35616 4673 19275 12510 279 13843
internal_value=-0.00223554 0.014179 0.0174225 -0.034524 -0.00350155 0.0195086 0.0176681 0.000201831 0.0166867 0.00418177 -0.0231231 0.0144586 -0.0378312 0.00720319
internal_weight=342826 227282 184474 115544 16724 167750 143533 42808 135833 32283 25981 100217 89563 27610
internal_count=342826 227282 184474 115544 16724 167750 143533 42808 135833 32283 25981 100217 89563 27610
is_linear=0
shrinkage=0.04


Tree=13
num_leaves=15
num_cat=0
split_feature=2 12 10 2 2 2 13 13 13 14 8 13 11 15
split_gain=109506 6249.45 4786.55 2705.72 2552.9 2105.66 1531.12 1406.72 1188.72 1261.56 941.895 1134.16 981.203 860.189
threshold=78.10144050000001 118.62978893154134 86.162453000000014 54.35356500000001 201.45790100000002 206.68138900000002 583.60789811233519 315.69819775805632 642.89807683317133 0.19726957747197196 0.99787448279724267 254.05081887727795 5.6945819994817546 8.4516063852500043
decision_type=2 2 2 2 2 2 2 2 2 2 2 2 2 2
left_child=3 8 5 -1 -4 6 7 -3 9 -2 11 -11 -13 -9
right_child=1 2 4 -5 -6 -7 -8 13 -10 10 -12 12 -14 -15
leaf_value=-0.07219078539975364 0.005895052902904623 0.039090415362040963 -0.040328408809910614 -0.020585128977465752 0.013589419734159169 0.10375041510844853 0.019703516911333634 0.017014260471000905 0.0059528275256654122 -0.059693072941449446 -0.0075025873282057011 0.003677649541087691 -0.00125251250993343 0.015556015936541266
leaf_weight=82420 15329 32822 12248 32104 6047 14645 7676 97324 2952 1211 7641 6135 11601 12898
leaf_count=82420 15329 32822 12248 32104 6047 14645 7676 97324 2952 1211 7641 6135 11601 12898
internal_value=-0.00235264 0.0136457 0.0169152 -0.0342768 -0.00249904 0.019063 0.0176561 0.0167221 0.000262988 -0.0014648 -0.00673386 -0.00195282 0.00060442 0.0145575
internal_weight=343053 228529 183660 114524 18295 165365 150720 143044 44869 41917 26588 18947 17736 110222
internal_count=343053 228529 183660 114524 18295 165365 150720 143044 44869 41917 26588 18947 17736 110222
is_linear=0
shrinkage=0.04


Tree=14
num_leaves=15
num_cat=0
split_feature=2 2 10 2 2 2 15 15 15 3 14 14 3 11
split_gain=106041 5629.87 5881.32 3013.5 2762.76 2255.65 1877.54 1413.18 942.861 845.894 681.614 656.936 589.448 991.996
threshold=78.10144050000001 97.695026500000012 79.432314000000005 54.35356500000001 199.95892300000003 189.79924800000003 8.4516063852500043 5.0983766455000117 11.201103675124985 12.752513500000001 0.19926237281839046 0.19726957747197196 1.0000000180025095e-35 1.0000000180025095e-35
decision_type=2 2 2 2 2 2 2 2 2 2 2 2 2 2
left_child=3 8 5 12 -4 6 7 10 11 -5 -3 -2 -1 -14
right_child=1 2 4 9 -6 -7 -8 -9 -10 -11 -12 -13 13 -15
leaf_value=-0.069303153983763507 0.0011207964923100589 0.033957555602184872 -0.035899812780837828 -0.014238531040770464 0.013296610505006181 0.090883133897806626 0.015616165158080232 0.010500325260345068 0.0012265341766070925 -0.021680856071244588 0.023671813380845973 -0.0035678980867051647 0.062141938111860986 -0.018931382396142251
leaf_weight=61041 8156 37570 16014 10070 6705 23803 21459 72355 4143 21889 23166 15244 1237 20101
leaf_count=61041 8156 37570 16014 10070 6705 23803 21459 72355 4143 21889 23166 15244 1237 20101
internal_value=-0.00250355 0.0132263 0.0155495 -0.0339548 -0.00361812 0.0179911 0.0162257 0.0144554 -0.0037338 -0.0235289 0.0189542 -0.00684786 -0.0379995 -0.0322767
internal_weight=342953 228615 201072 114338 22719 178353 154550 133091 27543 31959 60736 23400 82379 21338
internal_count=342953 228615 201072 114338 22719 178353 154550 133091 27543 31959 60736 23400 82379 21338
is_linear=0
shrinkage=0.04


Tree=15
num_leaves=15
num_cat=0
split_feature=2 12 10 11 13 2 13 13 13 15 14 14 14 3
split_gain=103898 6596.99 4342.37 2621.3 2276.53 2131 1523.45 1281.6 1100.64 1194.28 1001.48 1268.88 824.63 812.62
threshold=75.823368000000016 118.62978893154134 92.146493000000007 5.2913692493593514 487.55222243242525 206.68138900000002 583.60789811233519 315.69819775805632 715.51569672958851 11.201103675124985 0.19726957747197196 0.20542494954399876 0.17495902990765722 9.8978170000000016
decision_type=2 2 2 2 2 2 2 2 2 2 2 2 2 2
left_child=3 8 5 -1 -4 6 7 12 9 10 -2 -12 -3 -5
right_child=1 2 4 13 -6 -7 -8 -9 -10 -11 11 -13 -14 -15
leaf_value=-0.066531027824412961 0.0027026279262827081 0.014185371292023923 0.011884607403862924 -0.01514626512282467 -0.046709042489585101 0.094598538558094719 0.018307686771201186 0.015415671183639394 0.011845484388880225 0.002385186973693072 -0.0091604754889178536 -0.00045904992701471413 0.045502164360010006 -0.023786723798387231
leaf_weight=86710 16030 10351 6117 6806 11350 14869 7677 110223 1305 5821 10202 14923 22905 17683
leaf_count=86710 16030 10351 6117 6806 11350 14869 7677 110223 1305 5821 10202 14923 22905 17683
internal_value=-0.00274215 0.0125072 0.0159689 -0.0345266 -0.00300223 0.0179648 0.0165434 0.0156145 -0.000648702 -0.00165531 -0.00405394 -0.00903801 0.022497 -0.0229703
internal_weight=342972 231773 183492 111199 17467 166025 151156 143479 48281 46976 41155 25125 33256 24489
internal_count=342972 231773 183492 111199 17467 166025 151156 143479 48281 46976 41155 25125 33256 24489
is_linear=0
shrinkage=0.04


Tree=16
num_leaves=15
num_cat=0
split_feature=2 2 10 2 3 12 15 15 12 15 13 10 13 12
split_gain=100226 7028.43 5354.5 2400.86 2372.9 2340.85 1888.28 1462.3 1358.97 892.085 819.782 806.803 689.89 677.745
threshold=72.911872500000015 97.695026500000012 68.97919450000002 215.44767000000004 1.0000000180025095e-35 148.42227099260475 8.4516063852500043 0.91381273125000473 70.673313367433607 11.201103675124985 313.87503678502748 32.864883000000006 613.56417515146063 120.66346295736959
decision_type=2 2 2 2 2 2 2 2 2 2 2 2 2 2
left_child=4 9 5 -4 -1 6 7 -3 -6 -2 -7 12 -9 -14
right_child=1 2 3 -5 8 10 -8 11 -10 -11 -12 -13 13 -15
leaf_value=-0.063869786711436449 -0.0027431442134167416 0.065518943866286275 -0.016553840966807894 0.015936904138867454 -0.016572217881240938 0.057373138612380956 0.01381381835908338 0.0095798375492623048 -0.017868256746170978 0.0010785158842934362 0.045403678706113546 0.068049260029634406 -0.0055323086567515166 0.017908271790905202
leaf_weight=61063 30084 2982 19231 4537 27287 21368 19510 90108 19551 4164 30553 9230 369 3233
leaf_count=61063 30084 2982 19231 4537 27287 21368 19510 90108 19551 4164 30553 9230 369 3233
internal_value=-0.00288263 0.0117516 0.0146039 -0.0032245 -0.0348049 0.0169932 0.0140366 0.0119303 -0.0280319 -0.00499883 0.0241359 0.0111304 0.010019 0.0271849
internal_weight=343270 235369 201121 23768 107901 177353 125432 105922 46838 34248 51921 102940 93710 3602
internal_count=343270 235369 201121 23768 107901 177353 125432 105922 46838 34248 51921 102940 93710 3602
is_linear=0
shrinkage=0.04


Tree=17
num_leaves=15
num_cat=0
split_feature=2 12 10 11 2 13 13 12 8 11 13 11 1 11
split_gain=98247.1 6657.03 4036.02 2558.03 2221.93 2089.46 1627.56 1210.47 1183.23 1027.66 995.47 927.705 1308.91 1058.37
threshold=72.911872500000015 118.62978893154134 79.432314000000005 5.2913692493593514 187.02043150000003 487.55222243242525 583.60789811233519 147.60916972154874 0.99986574171953202 0.85062463459417603 228.57383096747418 4.7931010849068052 21.772288044164984 1.0000000180025095e-35
decision_type=2 2 2 2 2 2 2 2 2 2 2 2 2 2
left_child=3 8 4 -1 6 -4 7 -3 10 -10 -2 13 -13 -12
right_child=1 2 5 -5 -6 -7 -8 -9 9 -11 11 12 -14 -15
leaf_value=-0.061314995242978995 -0.036857330388462832 0.011941730754871371 0.008953522308484594 -0.021403424453283817 0.081296251372770287 -0.044384064149057156 0.01692605633482535 0.031362509321278577 -0.056569124148614723 -0.0026016220284822023 0.015303108761877003 -0.00087923181686291765 0.0095762694949093462 0.0035983332531151911
leaf_weight=85708 1517 97647 7610 22077 24447 11688 7664 34718 3021 13145 10177 18797 2083 2941
leaf_count=85708 1517 97647 7610 22077 24447 11688 7664 34718 3021 13145 10177 18797 2083 2941
internal_value=-0.00304929 0.01143 0.0149967 -0.034679 0.0170272 -0.00230905 0.0150846 0.0140469 -0.00125307 -0.0102239 0.00283035 0.00424496 -0.000992337 0.0125812
internal_weight=343240 235455 183774 107785 164476 19298 140029 132365 51681 16166 35515 33998 20880 13118
internal_count=343240 235455 183774 107785 164476 19298 140029 132365 51681 16166 35515 33998 20880 13118
is_linear=0
shrinkage=0.04


Tree=18
num_leaves=15
num_cat=0
split_feature=2 2 10 3 2 2 15 2 12 11 11 2 9 15
split_gain=94756.1 6183.92 4823.16 2890.97 2352.65 2183.85 1644.98 1535.84 1354.17 1056.77 2172.49 867.963 761.793 679.216
threshold=72.911872500000015 98.878921500000004 68.97919450000002 1.0000000180025095e-35 187.02043150000003 199.95892300000003 8.4516063852500043 125.42103600000002 70.673313367433607 1.0000000180025095e-35 4.7931010849068052 89.77006950000002 0.70647648652299144 1.1937700325000125
decision_type=2 2 2 2 2 2 2 2 2 2 2 2 2 2
left_child=3 9 4 -1 6 -4 7 -3 -5 -2 -11 -12 -9 -6
right_child=1 2 5 8 13 -7 -8 12 -10 10 11 -13 -14 -15
leaf_value=-0.058862395433259829 -0.023180371226804476 0.0054190629531553893 -0.025731778820291415 -0.013519080583078784 0.070605128055871533 0.011442319219395411 0.013507380179684924 0.032331433940526684 -0.016128655342838253 0.0027947558556944041 -0.0033327140720188632 0.0024758317178318603 0.02794040783781539 0.086104447906156442
leaf_weight=60939 4010 54605 16969 27194 5814 6817 21150 15903 19563 4584 19525 7118 59272 19515
leaf_count=60939 4010 54605 16969 27194 5814 6817 21150 15903 19563 4584 19525 7118 59272 19515
internal_value=-0.00318341 0.011041 0.0137627 -0.0342594 0.0160443 -0.00314471 0.0141512 0.0124654 -0.0267776 -0.00441014 -0.00192782 -0.00630409 0.016174 0.0273252
internal_weight=342978 235282 200045 107696 176259 23786 150930 129780 46757 35237 31227 26643 75175 25329
internal_count=342978 235282 200045 107696 176259 23786 150930 129780 46757 35237 31227 26643 75175 25329
is_linear=0
shrinkage=0.04


Tree=19
num_leaves=15
num_cat=0
split_feature=2 2 10 3 2 2 15 15 15 9 15 11 3 11
split_gain=93125 5647.4 4480.85 3074.83 2342.39 2057.41 1546.81 1449.53 1085.01 827.432 1646.7 879.204 1085.05 813.301
threshold=72.911872500000015 98.878921500000004 79.432314000000005 1.0000000180025095e-35 187.02043150000003 198.25316600000005 8.4516063852500043 5.0983766455000117 11.201103675124985 0.1954292868889532 1.9769870124999758 5.8633800775917848 12.752513500000001 1.0000000180025095e-35
decision_type=2 2 2 2 2 2 2 2 2 2 2 2 2 2
left_child=3 8 4 -1 6 -4 7 -3 13 11 -11 -5 -13 -2
right_child=1 2 5 9 -6 -7 -8 -9 -10 10 -12 12 -14 -15
leaf_value=-0.05650789961592944 -0.034558852300361112 0.025011140260985006 -0.031296727880040114 -0.011662103751967549 0.074834982695522356 0.010795392546198957 0.012972899501095432 0.007924960633106248 0.0014104057632188559 -0.096095278457818789 0.0095865968619143656 -0.0092567028462946337 -0.02128076511027199 -0.0014060528150770901
leaf_weight=61022 3489 59344 15689 24484 25531 6985 21153 71382 4304 1823 2271 5994 12090 27364
leaf_count=61022 3489 59344 15689 24484 25531 6985 21153 71382 4304 1823 2271 5994 12090 27364
internal_value=-0.0032806 0.0108224 0.0134204 -0.0340894 0.0155603 -0.00332363 0.0136759 0.0120521 -0.0039628 -0.0263598 -0.00918417 -0.0280117 -0.0213227 -0.00658737
internal_weight=342925 235241 200084 107684 177410 22674 151879 130726 35157 46662 4094 42568 18084 30853
internal_count=342925 235241 200084 107684 177410 22674 151879 130726 35157 46662 4094 42568 18084 30853
is_linear=0
shrinkage=0.04


Tree=20
num_leaves=15
num_cat=0
split_feature=2 2 10 3 2 2 13 15 12 12 11 11 14 3
split_gain=91774.9 6315.39 4253.24 2334.07 2260.99 1921.05 1561.47 1256.63 1244.54 1034.68 987.43 1573.81 1034.59 816.884
threshold=69.350006000000022 102.30665200000001 68.97919450000002 1.0000000180025095e-35 188.45254500000001 219.18682850000002 583.60789811233519 11.201103675124985 155.29829384549672 70.227261340141084 1.0000000180025095e-35 4.7931010849068052 0.19726957747197196 12.752513500000001
decision_type=2 2 2 2 2 2 2 2 2 2 2 2 2 2
left_child=3 7 4 -1 6 -4 8 10 -3 -5 -2 -12 -13 -11
right_child=1 2 5 9 -6 -7 -8 -9 -10 13 11 12 -14 -15
leaf_value=-0.05424758363129225 -0.044492715192864657 0.011773471515634022 -0.011519842458298388 -0.012331154842062189 0.072652577081633335 0.017836763995358763 0.013048026710206167 0.0018576617579277822 0.038293741876582146 -0.0077416756359571263 0.0021390671704806241 0.0015947601023722857 -0.0047117213842127635 -0.018964407840487096
leaf_weight=61158 4213 122037 20369 26206 24531 3387 9151 5372 16203 5535 3563 11821 19135 10496
leaf_count=61158 4213 122037 20369 26206 24531 3387 9151 5372 16203 5535 3563 11821 19135 10496
internal_value=-0.00350478 0.0100785 0.0131604 -0.0350056 0.0153525 -0.00270416 0.0134811 -0.00359514 0.0124219 -0.0277738 -0.00610968 -0.00387844 -0.00677607 -0.0197692
internal_weight=343177 239782 195678 103395 171922 23756 147391 44104 138240 42237 38732 34519 30956 16031
internal_count=343177 239782 195678 103395 171922 23756 147391 44104 138240 42237 38732 34519 30956 16031
is_linear=0
shrinkage=0.04


Tree=21
num_leaves=15
num_cat=0
split_feature=2 2 10 2 3 2 15 2 14 12 15 3 10 8
split_gain=90522.5 5898.43 3786.06 2475.47 2353.57 1932.18 1611.47 1322.52 1184.07 1036.33 1032.81 784.032 700.221 694.242
threshold=69.350006000000022 95.022266500000015 92.146493000000007 176.62570950000003 1.0000000180025095e-35 221.08242050000004 8.4516063852500043 125.42103600000002 0.21021760849986634 70.227261340141084 0.91381273125000473 12.872055500000002 17.250566500000001 0.26082592044772807
decision_type=2 2 2 2 2 2 2 2 2 2 2 2 2 2
left_child=4 8 3 6 -1 -4 7 -3 -2 -6 -5 -11 -12 -9
right_child=1 2 5 10 9 -7 -8 13 -10 11 12 -13 -14 -15
leaf_value=-0.05207768028604056 -0.0035741725226490486 0.004189289816194086 -0.018949469903804736 0.063014430396518106 -0.01186675252807941 0.018416580115400032 0.01178644052167932 0.020531109789587942 0.0007831577221958264 -0.0076755304672859207 0.077013572513513665 -0.018265882653904414 0.049016089601280309 0.025226378878209808
leaf_weight=61038 27538 57060 17631 5993 26231 2860 21889 51110 8866 5546 12467 10483 17877 16565
leaf_count=61038 27538 57060 17631 5993 26231 2860 21889 51110 8866 5546 12467 10483 17877 16565
internal_value=-0.00367042 0.00981189 0.0124652 0.0142914 -0.0349761 -0.00383973 0.0119751 0.0102185 -0.00501703 -0.0277198 0.0236376 -0.0197068 0.0206407 0.0140004
internal_weight=343154 239856 203452 182961 103298 20491 146624 124735 36404 42260 36337 16029 30344 67675
internal_count=343154 239856 203452 182961 103298 20491 146624 124735 36404 42260 36337 16029 30344 67675
is_linear=0
shrinkage=0.04


Tree=22
num_leaves=15
num_cat=0
split_feature=2 12 15 10 3 3 12 15 12 13 15 3 15 11
split_gain=89123.5 5398.22 3080.93 3017.65 2427.7 1293.79 1330.75 1097.41 1058.06 974.117 1052.81 778.842 755.636 847.863
threshold=69.350006000000022 118.62978893154134 3.7914950851250073 92.146493000000007 1.0000000180025095e-35 79.621251000000015 155.29829384549672 0.91381273125000473 70.227261340141084 715.51569672958851 11.201103675124985 12.872055500000002 8.4516063852500043 26.05267526608392
decision_type=2 2 2 2 2 2 2 2 2 2 2 2 2 2
left_child=4 9 7 5 -1 6 12 -3 -6 10 -2 -10 13 -4
right_child=1 2 3 -5 8 -7 -8 -9 11 -11 -12 -13 -14 -15
leaf_value=-0.049994573074598939 -0.0020096659127911433 0.059627682903520801 0.01564460721457224 -0.013188738627895682 -0.011357320998123229 0.015811955501768719 0.045248935266211689 0.033537198028239713 -0.0074924473754317943 0.0084668554757688693 0.0019718712232580536 -0.017511535396735695 0.010107585261768528 0.0041981648498046328
leaf_weight=60901 47874 5858 42267 14950 26203 7043 18328 33732 5574 1316 5820 10452 14360 48098
leaf_count=60901 47874 5858 42267 14950 26203 7043 18328 33732 5574 1316 5820 10452 14360 48098
internal_value=-0.00379793 0.00958213 0.012859 0.0101595 -0.0348896 0.0121154 0.011161 0.0227492 -0.0275195 -0.00141647 -0.00224979 -0.0194234 0.00942086 0.0080664
internal_weight=342776 239646 184636 145046 103130 130096 123053 39590 42229 55010 53694 16026 104725 90365
internal_count=342776 239646 184636 145046 103130 130096 123053 39590 42229 55010 53694 16026 104725 90365
is_linear=0
shrinkage=0.04


Tree=23
num_leaves=15
num_cat=0
split_feature=2 2 10 3 2 2 13 12 13 14 2 3 0 10
split_gain=87297.2 5110.27 3860.2 2528.58 2236.39 1796.64 1736.94 1108.37 1040.9 892.631 1095.35 830.965 819.37 737.95
threshold=69.350006000000022 105.04480750000002 68.97919450000002 1.0000000180025095e-35 158.91611450000002 199.95892300000003 583.60789811233519 70.673313367433607 313.87503678502748 0.21021760849986634 89.77006950000002 12.752513500000001 16.844856460064229 -39.580008746865325
decision_type=2 2 2 2 2 2 2 2 2 2 2 2 2 2
left_child=3 9 4 -1 6 -4 12 -5 -6 10 -2 -9 13 -3
right_child=1 2 5 7 8 -7 -8 11 -10 -11 -12 -13 -14 -15
leaf_value=-0.047994790151614987 -0.0048561881223792456 0.015804833506335346 -0.022401502183028176 -0.010995229391108455 0.057711082748061478 0.0098807315082281161 0.011675688363600814 -0.0062715143958808244 0.055319031721577372 0.00092156275242888613 0.0013978791381760835 -0.016494711576948901 0.016842453843182333 0.0068462464006541221
leaf_weight=60980 23303 8327 16849 26581 20765 6818 9031 5300 32820 11199 12874 10315 11032 86580
leaf_count=60980 23303 8327 16849 26581 20765 6818 9031 5300 32820 11199 12874 10315 11032 86580
internal_value=-0.00402948 0.00921711 0.0121172 -0.034791 0.0142413 -0.0030101 0.0110958 -0.0272632 0.0209902 -0.00254981 -0.00560467 -0.018805 0.00966028 0.00846091
internal_weight=342774 239598 192222 103176 168555 23667 114970 42196 53585 47376 36177 15615 105939 94907
internal_count=342774 239598 192222 103176 168555 23667 114970 42196 53585 47376 36177 15615 105939 94907
is_linear=0
shrinkage=0.04


Tree=24
num_leaves=15
num_cat=0
split_feature=2 2 10 3 15 12 2 15 11 12 15 14 11 11
split_gain=86059.1 4828.14 3563.44 2616.73 2322.31 2041.3 1696.93 1551.15 1158.54 1137.35 1028.89 1010.32 931.132 1457.17
threshold=69.350006000000022 105.04480750000002 68.97919450000002 1.0000000180025095e-35 0.91381273125000473 160.6498142529442 198.25316600000005 8.4516063852500043 26.326114004459136 70.227261340141084 11.201103675124985 0.19726957747197196 1.0000000180025095e-35 4.7931010849068052
decision_type=2 2 2 2 2 2 2 2 2 2 2 2 2 2
left_child=3 10 4 -1 -3 7 -4 8 -6 -5 12 -9 -2 -14
right_child=1 2 6 9 5 -7 -8 11 -10 -11 -12 -13 13 -15
leaf_value=-0.046074998545550389 -0.042851150475593729 0.056205041609659015 -0.022542395298623577 -0.010482778842783454 0.020429906734384051 0.054126454363106973 0.00945313589005836 -0.001316441273483735 0.0044235223965691023 -0.014212867126697138 0.0018858098910680533 0.012844199143026508 0.0022802759471649472 -0.0020325191579416615
leaf_weight=60940 4352 5985 16588 26205 66302 23625 7072 2217 53439 16061 5540 16898 3527 33973
leaf_count=60940 4352 5985 16588 26205 66302 23625 7072 2217 53439 16061 5540 16898 3527 33973
internal_value=-0.00416032 0.00899707 0.0118177 -0.0346957 0.0138592 0.0129578 -0.00271851 0.0111085 0.00941933 -0.0270477 -0.00243754 0.0216898 -0.00458186 -0.00254933
internal_weight=342724 239518 192126 103206 168466 162481 23660 138856 119741 42266 47392 19115 41852 37500
internal_count=342724 239518 192126 103206 168466 162481 23660 138856 119741 42266 47392 19115 41852 37500
is_linear=0
shrinkage=0.04


Tree=25
num_leaves=15
num_cat=0
split_feature=2 12 15 3 10 3 12 15 12 15 15 15 0 3
split_gain=84834.4 4572.8 2899.08 2740.75 2528.45 1265.94 1228.1 1169.05 1160.76 859.681 867.192 991.894 832.719 825.391
threshold=69.350006000000022 118.62978893154134 3.7914950851250073 1.0000000180025095e-35 92.146493000000007 82.45924650000002 155.29829384549672 0.91381273125000473 70.227261340141084 8.5257561433749931 8.66960060162498 9.0992552776249926 16.844856460064229 12.752513500000001
decision_type=2 2 2 2 2 2 2 2 2 2 2 2 2 2
left_child=3 9 7 -1 5 6 12 -3 -5 -2 -11 -12 -4 -10
right_child=1 2 4 8 -6 -7 -8 -9 13 10 11 -13 -14 -15
leaf_value=-0.044231998603728381 -0.0022471023034757345 0.052801254027414757 0.006726981771230588 -0.010076504416977388 -0.011995328156313705 0.014700542576310654 0.040019426635716046 0.029410325342169984 -0.0059453107459570553 0.0050749835001809096 -0.0092605375707220314 0.0012935528044939271 0.013958145229544514 -0.015512133127054054
leaf_weight=61134 42141 5847 93067 26172 14934 6377 18409 33681 5520 2322 2415 8336 12185 10482
leaf_count=61134 42141 5847 93067 26172 14934 6377 18409 33681 5520 2322 2415 8336 12185 10482
internal_value=-0.00428707 0.00877179 0.011794 -0.0345886 0.00917584 0.010966 0.0100698 0.0213965 -0.0267444 -0.0013272 0.00763405 0.00284625 0.00840269 -0.0182577
internal_weight=343022 239714 184500 103308 144972 130038 123661 39528 42174 55214 13073 10751 105252 16002
internal_count=343022 239714 184500 103308 144972 130038 123661 39528 42174 55214 13073 10751 105252 16002
is_linear=0
shrinkage=0.04


Tree=26
num_leaves=15
num_cat=0
split_feature=2 2 10 3 2 10 2 15 14 12 11 2 3 3
split_gain=83084.8 4264.91 3005.09 2842.46 2791.57 1738.67 1513.88 1319.92 1197.39 1130.91 901.555 892.777 884.801 794.336
threshold=69.350006000000022 89.77006950000002 68.97919450000002 1.0000000180025095e-35 158.91611450000002 -29.91802258064471 199.95892300000003 0.91381273125000473 0.21021760849986634 70.673313367433607 6.2499740360546339 124.95890800000002 12.752513500000001 73.641381500000008
decision_type=2 2 2 2 2 2 2 2 2 2 2 2 2 2
left_child=3 8 4 -1 5 13 -4 -6 -2 -5 -10 -7 -11 -3
right_child=1 2 6 9 7 11 -8 -9 10 12 -12 -13 -14 -15
leaf_value=-0.042462718659579242 -0.0044487120501620139 0.010430427093915551 -0.020506433606930909 -0.0097492804219389134 0.05165798923066145 0.0020689021120683295 0.0089845354105170892 0.051079032758617533 0.0023329258253377348 -0.004893030446893416 -0.00049707139512927606 0.014822773950333955 -0.014815219262885862 0.01409121369532282
leaf_weight=61104 23287 21214 16962 26577 5976 61149 6762 47640 3342 5325 4214 43177 10304 6045
leaf_count=61104 23287 21214 16962 26577 5976 61149 6762 47640 3342 5325 4214 43177 10304 6045
internal_value=-0.00449764 0.00842348 0.0104732 -0.0344857 0.0121902 0.00905544 -0.00293037 0.0198836 -0.00546121 -0.0265024 0.0083748 0.00670514 -0.017964 0.0180506
internal_weight=343078 239768 208925 103310 185201 131585 23724 53616 30843 42206 7556 104326 15629 27259
internal_count=343078 239768 208925 103310 185201 131585 23724 53616 30843 42206 7556 104326 15629 27259
is_linear=0
shrinkage=0.04


Tree=27
num_leaves=15
num_cat=0
split_feature=2 2 3 10 2 15 2 15 12 2 13 11 3 12
split_gain=81543.9 3859.1 3090.91 2762.09 2568.86 1520.88 1383.91 1363.72 1170.32 891.035 862.759 1155.68 828.404 810.901
threshold=69.350006000000022 95.022266500000015 1.0000000180025095e-35 68.97919450000002 159.90887450000005 8.4516063852500043 198.25316600000005 0.91381273125000473 70.673313367433607 125.42103600000002 520.88873726602321 6.2499740360546339 12.872055500000002 74.528801151033804
decision_type=2 2 2 2 2 2 2 2 2 2 2 2 2 2
left_child=2 10 -1 4 5 9 -5 -6 -4 -3 -2 13 -10 -12
right_child=1 3 8 6 7 -7 -8 -9 12 -11 11 -13 -14 -15
leaf_value=-0.040764209913196063 -0.0033715672448320789 0.0026583485733457815 -0.0093428392496170166 -0.020581540824158875 0.049766616368014563 0.0096104525998025707 0.0082607236730219812 0.049605125200381885 -0.0047182294726821981 0.014795607298021866 0.002481673087396068 -0.00082907963752981934 -0.01407873394273306 -0.00856324632548831
leaf_weight=61203 25982 57143 26619 16634 6019 21923 7132 46667 5429 48055 4060 5629 10245 688
leaf_count=61203 25982 57143 26619 16634 6019 21923 7132 46667 5429 48055 4060 5629 10245 688
internal_value=-0.00457668 0.00822466 -0.0342537 0.0103686 0.0120625 0.00898451 -0.00244719 0.019489 -0.0259381 0.00698721 -0.00377898 0.0059709 -0.0172668 0.0205055
internal_weight=343428 239932 103496 203573 179807 127121 23766 52686 42293 105198 36359 10377 15674 4748
internal_count=343428 239932 103496 203573 179807 127121 23766 52686 42293 105198 36359 10377 15674 4748
is_linear=0
shrinkage=0.04


Tree=28
num_leaves=15
num_cat=0
split_feature=2 12 3 15 10 3 12 15 12 10 0 13 13 8
split_gain=79933.8 3932.44 3022.55 2884.28 2044.93 1300.27 1481.43 1238.05 1072.9 929.487 899.493 872.151 858.418 1137.04
threshold=68.330601000000016 118.62978893154134 1.0000000180025095e-35 3.7914950851250073 40.60587300000001 82.45924650000002 157.81297133719175 0.91381273125000473 70.673313367433607 36.390290000000007 16.603241785568706 540.80167428207517 228.57383096747418 0.86324695807498941
decision_type=2 2 2 2 2 2 2 2 2 2 2 2 2 2
left_child=2 12 -1 7 5 6 9 -3 -4 10 -5 -6 -2 -14
right_child=1 3 8 4 11 -7 -8 -9 -10 -11 -12 -13 13 -15
leaf_value=-0.039133641516668226 -0.039437782454498187 0.046847158759802769 -0.0089804317574267416 0.0052022210279374353 0.0024434303766275624 0.013700457375309866 0.042974858818155673 0.026149231380689236 -0.011802076578654362 0.10130777303617049 0.012665330654306172 -0.058092800729764638 0.0019334559602136236 -0.0020991758722272991
leaf_weight=61031 2072 5882 26568 91310 13481 5632 13960 33685 14645 1981 12891 5985 21850 32178
leaf_count=61031 2072 5882 26568 91310 13481 5632 13960 33685 14645 1981 12891 5985 21850 32178
internal_value=-0.00471454 0.00786245 -0.0343484 0.0106782 0.00806995 0.00993719 0.00905662 0.0202522 -0.0259792 0.00744608 0.00693007 -0.00399466 -0.00141319 -0.000444214
internal_weight=343151 240907 102244 184807 145240 125774 120142 39567 41213 106182 104201 19466 56100 54028
internal_count=343151 240907 102244 184807 145240 125774 120142 39567 41213 106182 104201 19466 56100 54028
is_linear=0
shrinkage=0.04


Tree=29
num_leaves=15
num_cat=0
split_feature=2 3 2 10 2 10 15 14 12 14 11 11 2 3
split_gain=77565.3 3556.55 3541.16 2522.85 2689.9 1496.11 1364.59 1350.07 1284.41 946.416 783.718 768.241 751.972 690.107
threshold=69.350006000000022 1.0000000180025095e-35 89.77006950000002 68.97919450000002 158.91611450000002 -29.91802258064471 0.91381273125000473 0.18791882470639382 70.673313367433607 0.21021760849986634 44.028835658164645 6.0374982202172536 124.95890800000002 12.872055500000002
decision_type=2 2 2 2 2 2 2 2 2 2 2 2 2 2
left_child=1 -1 9 4 5 10 -6 -5 -3 -2 -4 -11 -7 -10
right_child=2 8 3 7 6 12 -8 -9 13 11 -12 -13 -14 -15
leaf_value=-0.037568295856001493 -0.0040855022598933304 -0.0086615308000823361 0.012738275482309519 0.010036790990912692 0.045740227343592003 0.0016856949584825864 0.045949993593474438 -0.013173985737379918 -0.0042678538835115984 0.0023849696043704415 0.0058050258287237668 -0.00028919654134217153 0.013101090944875196 -0.013185024806393861
leaf_weight=60996 23298 26620 15454 5010 6046 61165 47624 18823 5369 3228 11780 4400 43190 10260
leaf_count=60996 23298 26620 15454 5010 6046 61165 47624 18823 5369 3228 11780 4400 43190 10260
internal_value=-0.00483 -0.0338213 0.00764076 0.00950931 0.0110852 0.00800705 0.0186324 -0.00274074 -0.0249009 -0.00499256 0.016356 0.0072365 0.00582818 -0.0157988
internal_weight=343263 103245 240018 209092 185259 131589 53670 23833 42249 30926 27234 7628 104355 15629
internal_count=343263 103245 240018 209092 185259 131589 53670 23833 42249 30926 27234 7628 104355 15629
is_linear=0
shrinkage=0.04


Tree=30
num_leaves=15
num_cat=0
split_feature=2 2 12 2 10 13 15 10 11 14 11 11 10 13
split_gain=76078.3 3840.62 3336.62 2121.61 1861.84 1149.02 1197.61 1010.58 958.242 894.618 806.02 711.513 699.351 979.026
threshold=69.350006000000022 52.812225500000004 148.66324931835427 89.77006950000002 132.82056050000003 642.89807683317133 0.91381273125000473 40.60587300000001 1.3318108941488167 0.21021760849986634 25.245648835785108 6.0374982202172536 -39.580008746865325 466.27196737977994
decision_type=2 2 2 2 2 2 2 2 2 2 2 2 2 2
left_child=1 -1 3 9 5 6 -5 10 -3 -2 -4 -11 -8 -14
right_child=2 8 7 4 -6 -7 12 -9 -10 11 -12 -13 13 -15
leaf_value=-0.036065564021761441 -0.0039280499984587405 -0.024174511217038494 0.048702421097649398 0.027456121140337703 -0.033034354155112064 0.008593026651344756 0.012674119174077356 0.0019426005701636206 -0.006608319133056346 0.0022859042958281828 0.011881596019765447 -0.00026559754871140927 0.010473304436831744 0.00020701808902597873
leaf_weight=76980 23347 5577 30069 3561 8965 5267 8594 6873 20689 3230 17762 4346 90141 37687
leaf_count=76980 23347 5577 30069 3561 8965 5267 8594 6873 20689 3230 17762 4346 90141 37687
internal_value=-0.00492049 -0.0336292 0.0074379 0.00487334 0.00679078 0.00788269 0.00719259 0.0161173 -0.0204218 -0.00468907 0.0181782 0.00725449 0.00659483 0.00585224
internal_weight=343088 103246 239842 185138 154215 145250 139983 54704 26266 30923 47831 7576 136422 127828
internal_count=343088 103246 239842 185138 154215 145250 139983 54704 26266 30923 47831 7576 136422 127828
is_linear=0
shrinkage=0.04


Tree=31
num_leaves=15
num_cat=0
split_feature=3 12 9 15 12 10 13 15 1 11 11 10 0 3
split_gain=56841.3 18264.4 3701.87 2837.72 2449.39 1547.18 2275.45 1492.75 1415.95 1203.69 1136.28 951.653 1106.8 925.044
threshold=1.0000000180025095e-35 94.336988677530428 0.00014156110454960349 0.91381273125000473 165.79420770727234 -29.528030116400913 437.10312914365767 3.371450947500009 1.4544460890748916 0.85062463459417603 4.542637477467026 14.589252500000002 4.8001303670868207 16.995877000000004
decision_type=2 2 2 2 2 2 2 2 2 2 2 2 2 2
left_child=-1 2 8 -3 5 -5 11 -4 -2 -10 -9 12 -7 -13
right_child=1 3 7 4 -6 6 -8 10 9 -11 -12 13 -14 -15
leaf_value=-0.034622941460890982 -0.0059855585031802598 0.042321483906453378 -0.028652737952655289 0.0091165684591284577 0.044618940454699649 -0.00087882135935942905 -0.0015412550346782673 0.0031743396676845448 -0.028421554358444848 -0.005249148691195353 -0.00086740137207362176 0.066654117811707714 0.009333461018364941 0.018503310415184288
leaf_weight=61035 18427 5971 4151 29185 19372 27423 55250 8300 6546 21503 10333 3628 36858 35139
leaf_count=61035 18427 5971 4151 29185 19372 27423 55250 8300 6546 21503 10333 3628 36858 35139
internal_value=-0.00499987 0.00257312 -0.0152688 0.00837943 0.00759469 0.00619555 0.00463531 -0.0020611 -0.0217437 -0.0160847 0.00277143 0.00814688 0.00516171 0.0130967
internal_weight=343121 282086 69260 212826 206855 187483 158298 22784 46476 28049 18633 103048 64281 38767
internal_count=343121 282086 69260 212826 206855 187483 158298 22784 46476 28049 18633 103048 64281 38767
is_linear=0
shrinkage=0.04


Tree=32
num_leaves=15
num_cat=0
split_feature=2 3 12 2 10 12 13 2 10 10 10 14 2 15
split_gain=73488.2 3965.81 3033.69 1910.65 1667.59 1145.34 1127.09 1106.08 1087.39 974.685 918.105 851.349 833.195 732.535
threshold=68.330601000000016 1.0000000180025095e-35 147.89022331226946 89.77006950000002 178.40132500000001 70.673313367433607 642.89807683317133 188.45254500000001 40.60587300000001 68.97919450000002 32.294126000000006 0.21021760849986634 208.66985350000002 8.4516063852500043
decision_type=2 2 2 2 2 2 2 2 2 2 2 2 2 2
left_child=1 -1 3 11 6 -3 7 9 12 10 13 -2 -4 -5
right_child=2 5 8 4 -6 -7 -8 -9 -10 -11 -12 -13 -14 -15
leaf_value=-0.033238023802455337 -0.003918929338959494 -0.0067890743954749236 0.02023200992273904 0.0035050111792572516 -0.085545487197188422 -0.010270420077525624 0.0080243878703967625 0.01879379520605148 0.00070428658398275 -0.0092000199632766063 0.046684996911887156 0.00054215992805869636 0.059845730486367994 0.007652624103993858
leaf_weight=61057 24339 26555 38401 94848 4165 14552 5224 9634 7448 10632 8946 7666 12626 16998
leaf_count=61057 24339 26555 38401 94848 4165 14552 5224 9634 7448 10632 8946 7666 12626 16998
internal_value=-0.00510477 -0.0335335 0.00695032 0.00440927 0.00629723 -0.0239288 0.00700783 0.00633215 0.0148788 0.00537314 0.00639513 -0.00446555 0.0169628 0.00540887
internal_weight=343091 102164 240927 182452 150447 41107 146282 141058 58475 131424 120792 32005 51027 111846
internal_count=343091 102164 240927 182452 150447 41107 146282 141058 58475 131424 120792 32005 51027 111846
is_linear=0
shrinkage=0.04


Tree=33
num_leaves=15
num_cat=0
split_feature=2 2 2 12 10 15 3 2 13 2 3 15 0 13
split_gain=71672.5 4208.77 2922.37 2063.21 1840 1104.75 1044.81 1016.71 952.845 1118.52 904.336 887.814 761.013 748.037
threshold=68.330601000000016 52.481935500000006 189.79924800000003 117.54660237029448 92.146493000000007 1.1937700325000125 12.752513500000001 232.08585350000001 583.60789811233519 137.22386150000003 85.005307000000016 11.201103675124985 17.077314115847063 228.57383096747418
decision_type=2 2 2 2 2 2 2 2 2 2 2 2 2 2
left_child=1 -1 3 11 8 -4 -3 -7 9 10 12 13 -5 -2
right_child=2 6 5 4 -6 7 -8 -9 -10 -11 -12 -13 -14 -15
leaf_value=-0.031908502850357116 -0.038229944448149297 -0.0041597109019208831 0.038074473141409472 0.0019438477801233668 -0.027996253410787438 0.014816064329606205 -0.010361013146623962 0.062988076249682695 0.0090624432192227111 0.021845294182102376 0.023108795560715153 0.0018516801022437335 0.01090542839387606 -0.00098086238823261499
leaf_weight=75726 2087 8191 5520 68323 10744 18975 18150 7407 7698 55695 1689 5776 11229 45732
leaf_count=75726 2087 8191 5520 68323 10744 18975 18150 7407 7698 55695 1689 5776 11229 45732
internal_value=-0.00524987 -0.0333416 0.00665358 0.00493212 0.00726641 0.0179299 -0.0195695 0.0145251 0.00845278 0.00768301 0.00468975 -0.00183525 0.00407482 -0.0036245
internal_weight=342942 102067 240875 208973 155378 31902 26341 26382 144634 136936 81241 53595 79552 47819
internal_count=342942 102067 240875 208973 155378 31902 26341 26382 144634 136936 81241 53595 79552 47819
is_linear=0
shrinkage=0.04


Tree=34
num_leaves=15
num_cat=0
split_feature=2 3 12 2 3 13 2 12 15 12 14 10 11 13
split_gain=69228.1 4756.92 2819.07 1737.37 1498.7 1134.28 1012.59 1009.54 952.274 941.838 831.963 793.889 788.049 724.72
threshold=68.330601000000016 1.0000000180025095e-35 148.66324931835427 84.705158000000026 131.99536750000001 642.89807683317133 156.84706100000002 70.673313367433607 1.1937700325000125 165.79420770727234 0.21021760849986634 -39.580008746865325 6.0374982202172536 515.31255052261804
decision_type=2 2 2 2 2 2 2 2 2 2 2 2 2 2
left_child=1 -1 3 10 5 6 11 -3 -4 -10 -2 -5 -12 -9
right_child=2 7 8 4 -6 -7 -8 13 9 -11 12 -13 -14 -15
leaf_value=-0.030632162736342838 -0.0054694660102478036 -0.0054954971723408623 0.043545732115533357 0.011173129346196704 -0.028165298961394584 0.0060990796401240999 0.019868174831494251 -0.0070590011160090249 0.012366907669240869 0.041511241511933736 0.0024931166366611367 0.0020162430839063086 -0.00071098641261642555 -0.040875663524022103
leaf_weight=60978 17993 26471 2973 8609 9146 6014 29472 11952 32756 19008 2391 109755 2928 2583
leaf_count=60978 17993 26471 2973 8609 9146 6014 29472 11952 32756 19008 2391 109755 2928 2583
internal_value=-0.0052897 -0.0329158 0.00639864 0.00405393 0.00551474 0.00644992 0.00575719 -0.0223811 0.0143793 0.0131149 -0.00615992 0.0041053 0.0077383 -0.0139112
internal_weight=343029 101984 241045 186308 162996 153850 147836 41006 54737 51764 23312 118364 5319 14535
internal_count=343029 101984 241045 186308 162996 153850 147836 41006 54737 51764 23312 118364 5319 14535
is_linear=0
shrinkage=0.04


Tree=35
num_leaves=15
num_cat=0
split_feature=2 3 2 10 15 12 13 12 11 11 11 2 14 10
split_gain=67494.3 5164.48 2729.25 2673.25 2036.56 1409.92 1146.75 1087.3 950.817 878.765 1923.83 921.77 864.243 828.859
threshold=68.330601000000016 1.0000000180025095e-35 109.82534400000002 68.97919450000002 0.91381273125000473 165.79420770727234 570.75545409713311 70.673313367433607 26.326114004459136 1.0000000180025095e-35 4.2858691208770603 89.77006950000002 0.18791882470639382 -39.580008746865325
decision_type=2 2 2 2 2 2 2 2 2 2 2 2 2 2
left_child=1 -1 9 4 -4 6 8 -3 -6 -2 -11 -12 -5 -10
right_child=2 7 3 12 5 -7 -8 -9 13 10 11 -13 -14 -15
leaf_value=-0.029406876226889124 -0.025962963618409649 -0.0052529893734599223 0.035465134825540937 0.0065044293607585167 0.018581046181001724 0.04158671071822078 0.0082447407245988362 -0.0089927443262149531 0.012011429183570762 0.0029585115551553453 -0.0022837936477231803 0.0017044439254181544 -0.011997693156728415 0.0016558469585199443
leaf_weight=61059 5401 26569 6060 5008 62766 18399 8132 14509 8754 4756 24481 24784 18679 53559
leaf_count=61059 5401 26569 6060 5008 62766 18399 8132 14509 8754 4756 24481 24784 18679 53559
internal_value=-0.00537554 -0.0326225 0.00618243 0.00862012 0.0105024 0.00959356 0.00815999 -0.0216564 0.00721368 -0.00125745 0.000280632 -0.00206475 -0.00390932 0.00371351
internal_weight=342916 102137 240779 181357 157670 151610 133211 41078 125079 59422 54021 49265 23687 62313
internal_count=342916 102137 240779 181357 157670 151610 133211 41078 125079 59422 54021 49265 23687 62313
is_linear=0
shrinkage=0.04


Tree=36
num_leaves=15
num_cat=0
split_feature=2 3 2 10 2 15 12 11 11 15 10 14 3 3
split_gain=65985.9 5452.64 2597.21 1819.76 2540.9 1115.9 1064.2 893.845 1109.83 886.329 872.047 838.239 783.419 709.851
threshold=68.330601000000016 1.0000000180025095e-35 208.66985350000002 68.97919450000002 113.70502900000001 11.201103675124985 70.673313367433607 1.0000000180025095e-35 2.1539112476308291 3.5068043262499917 -22.782254176599917 0.19726957747197196 22.406315000000003 82.45924650000002
decision_type=2 2 2 2 2 2 2 2 2 2 2 2 2 2
left_child=1 -1 3 4 5 7 -3 -2 -9 -6 -10 -12 -4 -11
right_child=2 6 12 -5 9 -7 -8 8 10 13 11 -13 -14 -15
leaf_value=-0.028230601177813563 -0.037569655902892692 -0.0050486048365159424 0.049726509781228681 -0.011936232665785021 0.028213097709641616 0.0024757065541513293 -0.0087106652071760049 0.0032230298408609582 0.0047865743949327142 0.0085939279924575913 0.0014865284134523594 -0.0032591638360662022 0.0075433021488051982 0.011132266842849235
leaf_weight=60902 4540 26555 12397 18314 20143 9170 14564 1534 10290 103437 20885 28334 7353 4375
leaf_count=60902 4540 26555 12397 18314 20143 9170 14564 1534 10290 103437 20885 28334 7353 4375
internal_value=-0.00544107 -0.0324016 0.00598276 0.00474089 0.00583184 -2.72899e-05 -0.0211474 -0.00185475 -0.00058123 0.00925482 -0.00144718 -0.00366119 0.0198805 0.00781583
internal_weight=342793 102021 240772 221022 202708 74753 41119 65583 61043 127955 59509 49219 19750 107812
internal_count=342793 102021 240772 221022 202708 74753 41119 65583 61043 127955 59509 49219 19750 107812
is_linear=0
shrinkage=0.04


Tree=37
num_leaves=15
num_cat=0
split_feature=2 3 2 10 2 14 12 15 2 2 11 14 3 3
split_gain=64704.8 5787.58 2494.29 1729.72 2082.16 1173.98 1073.15 969.295 841.127 806.839 717.612 949.746 878.916 819.078
threshold=68.330601000000016 1.0000000180025095e-35 199.95892300000003 92.146493000000007 113.70502900000001 0.21021760849986634 70.673313367433607 1.1937700325000125 233.98893000000001 83.853042500000015 26.58502020371408 0.20229448653655233 79.621251000000015 36.781090000000006
decision_type=2 2 2 2 2 2 2 2 2 2 2 2 2 2
left_child=1 -1 3 4 5 9 -3 -4 -9 -2 11 13 -12 -6
right_child=2 6 7 -5 10 -7 -8 8 -10 -11 12 -13 -14 -15
leaf_value=-0.027101377130701022 -0.0053642628581105339 -0.0048759939373515509 0.037579257638377099 -0.026876627394725343 0.021281128158981928 0.0022157497806868996 -0.0082946111689268069 0.01085238162710085 0.06521776763839876 0.00019463639836011737 0.0037182396554120214 0.0095761720925828277 0.010390279163350833 0.02723968694570102
leaf_weight=60949 16950 26476 4372 14481 34692 16562 14516 14389 6565 41460 56564 24190 4684 6002
leaf_count=60949 16950 26476 4372 14481 34692 16562 14516 14389 6565 41460 56564 24190 4684 6002
internal_value=-0.00547035 -0.0321837 0.00583336 0.00443834 0.00539979 0.000120578 -0.0205621 0.0177083 0.0141338 -0.00254477 0.00853772 0.0114691 0.00543234 0.0152003
internal_weight=342852 101941 240911 215585 201104 74972 40992 25326 20954 58410 126132 64884 61248 40694
internal_count=342852 101941 240911 215585 201104 74972 40992 25326 20954 58410 126132 64884 61248 40694
is_linear=0
shrinkage=0.04


Tree=38
num_leaves=15
num_cat=0
split_feature=2 3 12 2 10 12 15 13 11 13 15 8 15 2
split_gain=63293.7 6132.28 2459.87 1211.35 1306.22 1008.49 962.462 826.956 789.091 1623.2 767.032 763.06 677.553 822.671
threshold=68.330601000000016 1.0000000180025095e-35 148.66324931835427 89.77006950000002 178.40132500000001 70.673313367433607 3.371450947500009 642.89807683317133 6.4413761779338943 449.35294705808218 0.91381273125000473 0.99986574171953202 2.6583574773750063 1.0000000180025095e-35
decision_type=2 2 2 2 2 2 2 2 2 2 2 2 2 2
left_child=1 -1 3 8 7 -3 -4 10 9 11 -5 -2 -7 -14
right_child=2 5 6 4 -6 12 -8 -9 -10 -11 -12 -13 13 -15
leaf_value=-0.026017322045472985 0.0009089841909740604 -0.0046747188869461628 0.039639668870211066 0.018275639567615125 -0.077583959021957832 -0.081181395886441104 0.015214994680515971 0.0063680063446141036 -0.003187940264257443 0.0018518401073781554 0.0041027495055582352 -0.054790269336862131 3.266528743161984 -0.006797078581103691
leaf_weight=61183 1632 26502 10921 3548 4182 1670 43742 5195 21806 6966 141040 1676 537 12372
leaf_count=61183 1632 26502 10921 3548 4182 1670 43742 5195 21806 6966 141040 1676 537 12372
internal_value=-0.00561072 -0.0319737 0.00558951 0.00339767 0.00487098 -0.02002 0.0130494 0.0054866 -0.00367332 0.00546623 0.00492323 -0.0176058 -0.0115701 -0.00846851
internal_weight=342972 102264 240708 186045 153965 41081 54663 149783 32080 10274 144588 3308 14579 12909
internal_count=342972 102264 240708 186045 153965 41081 54663 149783 32080 10274 144588 3308 14579 12909
is_linear=0
shrinkage=0.04


Tree=39
num_leaves=15
num_cat=0
split_feature=2 3 2 12 15 1 13 0 15 3 12 13 1 15
split_gain=61681.6 6511.15 2370.27 1484.49 1101.09 1267.77 1482.99 1360.44 1156.76 1016.37 897.5 819.434 722.043 695.959
threshold=68.330601000000016 1.0000000180025095e-35 199.95892300000003 117.54660237029448 4.8872795136250327 39.468834677537096 466.27196737977994 20.436956109415704 4.7572720227499881 21.245269500000003 70.673313367433607 228.57383096747418 4.8394414964120456 2.6583574773750063
decision_type=2 2 2 2 2 2 2 2 2 2 2 2 2 2
left_child=1 -1 3 11 8 6 -6 -8 -5 -4 -3 12 -2 -12
right_child=2 10 9 4 5 -7 7 -9 -10 -11 13 -13 -14 -15
leaf_value=-0.024976629163654066 -0.044226744713693499 -0.0044885849735586984 0.044711628816257482 0.011544815724321946 0.0068651554381230061 0.0093458401476627737 -0.005045807560756288 0.0084319100824526601 0.037675711624384489 0.0090142205073563218 -0.077936390722370186 -0.00016464696887966479 0.0090038824383126582 -0.0057135889296553088
leaf_weight=61058 1591 26585 13259 47672 63345 12227 30732 4426 2934 12098 1656 52151 476 12909
leaf_count=61058 1591 26585 13259 47672 63345 12227 30732 4426 2934 12098 1656 52151 476 12909
internal_value=-0.00567418 -0.0317118 0.00537244 0.00401162 0.00593593 0.00370198 0.00219404 -0.00439388 0.010824 0.0169405 -0.0194139 -0.00171456 -0.0264151 -0.0114329
internal_weight=343119 102208 240911 215554 161336 110730 98503 35158 50606 25357 41150 54218 2067 14565
internal_count=343119 102208 240911 215554 161336 110730 98503 35158 50606 25357 41150 54218 2067 14565
is_linear=0
shrinkage=0.04


Tree=40
num_leaves=15
num_cat=0
split_feature=2 3 2 10 2 3 14 12 11 3 3 1 1 1
split_gain=60179.3 7020.93 2173.75 1528.75 1870.54 1092.32 1000.16 803.984 765.442 776.552 747.947 1309.71 1087.53 744.039
threshold=68.330601000000016 1.0000000180025095e-35 192.97018450000002 68.97919450000002 113.99888200000002 21.245269500000003 0.21021760849986634 70.673313367433607 26.58502020371408 82.45924650000002 25.395980500000004 26.194966471731242 31.786302686262442 15.139326407363965
decision_type=2 2 2 2 2 2 2 2 2 2 2 2 2 2
left_child=1 -1 3 4 6 -4 -2 -3 13 10 11 -10 -12 -6
right_child=2 7 5 -5 8 -7 -8 -9 9 -11 12 -13 -14 -15
leaf_value=-0.0239775639971079 -0.0011971570239378093 -0.0043215116062590916 0.042946315357527708 -0.014220731690030793 0.018415683464168237 0.0091452501425249248 0.0021038936271409849 -0.0074926823963948766 0.0066391252618246297 0.0095689255025917797 -0.0046489595334631446 0.088292965637558701 0.0054327790726472593 0.01852620644254099
leaf_weight=61057 59010 26591 13822 16095 45131 15796 16777 14587 22081 4268 16616 3214 14264 13741
leaf_count=61057 59010 26591 13822 16095 45131 15796 16777 14587 22081 4268 16616 3214 14264 13741
internal_value=-0.00567894 -0.0313916 0.00523705 0.00381388 0.00479134 0.0153852 -0.000122976 -0.0186274 0.00791284 0.00475092 0.0035012 0.00860091 -0.000676166 0.0111591
internal_weight=343050 102235 240815 211197 195102 29618 75787 41178 119315 60443 56175 25295 30880 58872
internal_count=343050 102235 240815 211197 195102 29618 75787 41178 119315 60443 56175 25295 30880 58872
is_linear=0
shrinkage=0.04


Tree=41
num_leaves=15
num_cat=0
split_feature=2 2 3 11 15 12 11 10 3 13 11 12 15 10
split_gain=58845.6 6387.73 2495.41 2136.98 2011.21 1895.07 1481 1223.06 1154.69 1127.12 943.085 912.86 888.079 1189.63
threshold=53.155083000000012 75.823368000000016 1.0000000180025095e-35 1.3318108941488167 0.91381273125000473 165.79420770727234 3.1809551265848559 -29.91802258064471 5.3600800000000008 437.10312914365767 2.7015480083811103 70.673313367433607 1.9769870124999758 14.589252500000002
decision_type=2 2 2 2 2 2 2 2 2 2 2 2 2 2
left_child=2 3 -1 -2 -3 7 -5 -6 -8 12 11 -4 -9 -14
right_child=1 4 10 6 5 -7 8 9 -10 -11 -12 -13 13 -15
leaf_value=-0.023018461437223577 -0.022580948822383037 0.02496266502089001 -0.0015818571725143471 0.0019593592065847787 0.006959649955885776 0.033149638754486739 0.0061450301873456062 -0.0095327279612240148 -0.0070403172376023275 -0.00040604270759640569 -0.010694586220870318 1.9241182163008506 0.0023993372506421252 0.021725280464869556
leaf_weight=61176 6240 6663 6329 4249 27186 19079 3637 2764 18974 69674 9779 836 67523 38909
leaf_count=61176 6240 6663 6329 4249 27186 19079 3637 2764 18974 69674 9779 836 67523 38909
internal_value=-0.00572938 0.00326767 -0.0362376 -0.0131698 0.00561489 0.0049739 -0.00827103 0.0038572 -0.0123427 0.00265578 -0.0226534 -0.0116288 0.00519213 0.00577345
internal_weight=343018 264898 78120 33100 231798 225135 26860 206056 22611 178870 16944 7165 109196 106432
internal_count=343018 264898 78120 33100 231798 225135 26860 206056 22611 178870 16944 7165 109196 106432
is_linear=0
shrinkage=0.04


Tree=42
num_leaves=15
num_cat=0
split_feature=2 2 3 11 10 2 11 10 15 3 3 3 11 2
split_gain=58378.6 6153.67 2456.13 1938.45 1836.15 2498.81 1429.72 1067.24 942.397 940.451 706.026 737.71 699.591 767.404
threshold=53.155083000000012 84.705158000000026 1.0000000180025095e-35 1.0000000180025095e-35 68.97919450000002 157.95651250000003 3.1809551265848559 -29.91802258064471 0.75185135875000253 5.205680000000001 26.907141500000005 73.641381500000008 1.7465008056151976 1.0000000180025095e-35
decision_type=2 2 2 2 2 2 2 2 2 2 2 2 2 2
left_child=2 3 -1 -2 5 7 -5 10 -7 -8 -3 -12 13 -4
right_child=1 4 12 6 -6 8 9 -9 -10 -11 11 -13 -14 -15
leaf_value=-0.022097722979734637 -0.023581530327953307 0.10872242902095565 2.5800424378490225 0.001850375151225876 -0.0052424216571364726 0.028691058557353506 0.0068914298352278089 0.0016114363391337072 0.030567079928008122 -0.0046619611878944232 0.0037860268333258728 0.008419356085071791 -0.0055384033072831155 -0.0017276309445591665
leaf_weight=61001 6521 1590 933 7043 23693 2449 3793 112003 52114 30096 19533 6049 11929 4127
leaf_count=61001 6521 1590 933 7043 23693 2449 3793 112003 52114 30096 19533 6049 11929 4127
internal_value=-0.00583608 0.00311986 -0.0362539 -0.00993067 0.00596805 0.00725351 -0.0067038 0.00440913 0.0145087 -0.0101118 0.0115207 0.00991322 -0.022803 -0.0103399
internal_weight=342874 264884 77990 47453 217431 193738 40932 139175 54563 33889 27172 25582 16989 5060
internal_count=342874 264884 77990 47453 217431 193738 40932 139175 54563 33889 27172 25582 16989 5060
is_linear=0
shrinkage=0.04


Tree=43
num_leaves=15
num_cat=0
split_feature=2 2 15 11 12 3 10 10 11 2 10 3 3 14
split_gain=57520.4 7147.36 1831.35 1797.66 1677.22 1516.67 1177.41 918.502 839.59 781.517 805.027 760.681 734.546 644.604
threshold=51.807012500000006 75.823368000000016 0.91381273125000473 1.0000000180025095e-35 164.62551484442739 1.0000000180025095e-35 178.40132500000001 -29.528030116400913 1.0000000180025095e-35 124.95890800000002 68.97919450000002 26.907141500000005 79.621251000000015 0.21021760849986634
decision_type=2 2 2 2 2 2 2 2 2 2 2 2 2 2
left_child=5 3 -3 -2 6 -1 7 11 -7 -9 -11 -4 -13 -5
right_child=1 2 4 13 -6 8 -8 9 -10 10 -12 12 -14 -15
leaf_value=-0.021213814060545247 -0.022982045890966959 0.022734364711884069 0.099067171100546067 -0.0041855355189695676 0.029789322335021157 2.4768407403350619 -0.076167322400351609 4.6188721746065479e-05 -0.0037148235160796086 0.012985921530174168 -0.0020291748079487582 0.0034888301539696344 0.0089090995435043823 0.00047179289804505587
leaf_weight=61122 5212 6634 1782 29399 20101 903 4183 83643 10526 70937 18351 21274 5078 4055
leaf_count=61122 5212 6634 1782 29399 20101 903 4183 83643 10526 70937 18351 21274 5078 4055
internal_value=-0.00587063 0.00260781 0.00526159 -0.013314 0.00465181 -0.0374991 0.00357187 0.00400885 -0.0241246 0.00291839 0.00552101 0.0107116 0.00900121 -0.00990973
internal_weight=343200 270649 231983 38666 225349 72551 205248 201065 11429 172931 89288 28134 26352 33454
internal_count=343200 270649 231983 38666 225349 72551 205248 201065 11429 172931 89288 28134 26352 33454
is_linear=0
shrinkage=0.04


Tree=44
num_leaves=15
num_cat=0
split_feature=2 2 11 2 3 10 2 10 15 2 11 11 14 15
split_gain=57208.5 6550.8 1826.05 1766.85 1608.21 1431.09 1068.15 1129.86 1013.62 833.218 774.408 632.774 582.112 719.654
threshold=51.807012500000006 75.823368000000016 1.0000000180025095e-35 199.95892300000003 1.0000000180025095e-35 92.146493000000007 143.65869900000004 -29.528030116400913 1.1937700325000125 233.98893000000001 1.0000000180025095e-35 44.323983155335256 0.21021760849986634 7.5518605999999986
decision_type=2 2 2 2 2 2 2 2 2 2 2 2 2 2
left_child=4 2 -2 5 -1 6 7 11 -5 -10 -6 -3 13 -4
right_child=1 3 12 8 10 -7 -8 -9 9 -11 -12 -13 -14 -15
leaf_value=-0.020365261498123441 -0.022064307088900972 0.0079995997193456 -0.0026607862229649903 0.028078343401664544 2.431612350720691 -0.023359598682721607 0.017247459390919453 0.00045631991189413855 0.0077702966953070709 0.054593793716626086 -0.0035317404971659805 0.0019913534114673536 0.00042981188512502654 -0.011333486365874937
leaf_weight=61103 5192 15593 24723 4406 902 14445 54294 111259 14372 6541 10599 11043 4083 4569
leaf_count=61103 5192 15593 24723 4406 902 14445 54294 111259 14372 6541 10599 11043 4083 4569
internal_value=-0.00589012 0.00257134 -0.0126938 0.00510948 -0.0374172 0.00388745 0.00480007 0.0029289 0.0150827 0.0114092 -0.0236953 0.0103289 -0.00926082 -0.0112331
internal_weight=343124 270520 38567 231953 72604 206634 192189 137895 25319 20913 11501 26636 33375 29292
internal_count=343124 270520 38567 231953 72604 206634 192189 137895 25319 20913 11501 26636 33375 29292
is_linear=0
shrinkage=0.04


Tree=45
num_leaves=15
num_cat=0
split_feature=2 2 11 3 15 12 10 10 11 2 2 10 0 11
split_gain=56494.5 6152.57 1883.2 1716.3 1639.34 1597.17 1087.71 790.146 748.837 932.067 728.18 881.054 595.259 666.161
threshold=51.807012500000006 75.823368000000016 1.0000000180025095e-35 1.0000000180025095e-35 0.91381273125000473 171.09256532954973 178.40132500000001 -39.580008746865325 3.6066239138563052 1.0000000180025095e-35 124.95890800000002 68.97919450000002 20.869891919721422 28.480419330256748
decision_type=2 2 2 2 2 2 2 2 2 2 2 2 2 2
left_child=3 2 -2 -1 -3 6 7 -6 9 -5 12 -12 13 -9
right_child=1 4 -4 8 5 -7 -8 10 -10 -11 11 -13 -14 -15
leaf_value=-0.019550651038198499 -0.021307418564675586 0.020589536181088733 -0.0028423232758085426 2.2345775757797375 0.0077940743726576155 0.035873981198489668 -0.071691749620874198 0.00067963510168993939 -0.016283178037365183 -0.0014230933525676015 0.01195568499199462 -0.0020855341750261581 0.0077377344471798396 -0.0028051125929151911
leaf_weight=60820 5204 6624 33370 972 12023 14104 4150 56183 5755 4689 82140 19031 7272 30293
leaf_count=60820 5204 6624 33370 972 12023 14104 4150 56183 5755 4689 82140 19031 7272 30293
internal_value=-0.00590398 0.00249118 -0.0123005 -0.0373288 0.00495246 0.00437557 0.00350482 0.00391143 -0.0230974 -0.0127681 0.00329757 0.00565103 0.000757776 -0.00016652
internal_weight=342630 270394 38574 72236 231820 225196 211092 206942 11416 5661 194919 101171 93748 86476
internal_count=342630 270394 38574 72236 231820 225196 211092 206942 11416 5661 194919 101171 93748 86476
is_linear=0
shrinkage=0.04


Tree=46
num_leaves=15
num_cat=0
split_feature=2 2 11 3 2 10 15 2 10 2 11 2 11 3
split_gain=55928.1 5658.45 1946.99 1839.05 1594.02 1251.44 959.164 955.635 980.077 741.43 729.486 771.315 584.92 982.614
threshold=51.807012500000006 75.823368000000016 1.0000000180025095e-35 1.0000000180025095e-35 199.95892300000003 68.97919450000002 1.1937700325000125 139.39617900000005 -39.580008746865325 243.03060150000002 2.2724987786767081 1.0000000180025095e-35 3.1809551265848559 5.205680000000001
decision_type=2 2 2 2 2 2 2 2 2 2 2 2 2 2
left_child=3 2 -2 -1 5 7 -6 8 -3 -8 11 -5 -4 -14
right_child=1 4 12 10 6 -7 9 -9 -10 -11 -12 -13 13 -15
leaf_value=-0.018768624996670553 -0.020327895029185222 0.007511453081288766 8.5468699203179461e-05 2.2512828078598925 0.026131628218354415 -0.01143225829091226 0.0082633028663411396 0.016344952227270317 0.00062922908052101881 0.075158294041366105 -0.012332560696789301 -0.0013356671007429099 0.006310404717516818 -0.0062889170639408134
leaf_weight=60941 5233 11350 8607 952 4372 17079 16572 58903 119329 4465 7645 2911 3342 21312
leaf_count=60941 5233 11350 8607 952 4372 17079 16572 58903 119329 4465 7645 2911 3342 21312
internal_value=-0.00601738 0.00234059 -0.0118626 -0.0372306 0.00469651 0.0035341 0.0141509 0.00446836 0.0025617 0.010608 -0.0225652 -0.00839762 -0.0082944 -0.0114286
internal_weight=343013 270564 38494 72449 232070 206661 25409 189582 130679 21037 11508 3863 33261 24654
internal_count=343013 270564 38494 72449 232070 206661 25409 189582 130679 21037 11508 3863 33261 24654
is_linear=0
shrinkage=0.04


Tree=47
num_leaves=15
num_cat=0
split_feature=2 2 3 11 2 10 2 10 3 10 11 2 11 3
split_gain=55043 5393.52 1920.55 1813.63 1507.29 1179.69 1052.8 973.945 843.446 840.119 723.458 906.471 651.193 784.432
threshold=51.614233000000006 75.823368000000016 1.0000000180025095e-35 0.75364974044360167 208.66985350000002 68.97919450000002 143.65869900000004 -29.528030116400913 23.255202500000003 14.589252500000002 4.2858691208770603 1.0000000180025095e-35 3.301646399963194 5.3600800000000008
decision_type=2 2 2 2 2 2 2 2 2 2 2 2 2 2
left_child=2 3 -1 -2 5 6 7 -3 9 -6 11 -4 -5 -14
right_child=1 4 10 12 8 -7 -8 -9 -10 -11 -12 -13 13 -15
leaf_value=-0.018017879996803734 -0.017308352534283485 0.0053487349321804482 2.1072021283101203 0.00015179149357556377 0.014097074462538845 -0.0092469428030958235 0.017954651984855578 0.00036734772599056001 0.0032162549566959399 0.051038306350415064 -0.016293370191360967 -0.0012071767112688647 0.0029308524278336811 -0.0061227474500177336
leaf_weight=61023 5858 26639 991 8916 4981 18216 56509 110754 7081 7635 4491 4839 4170 20815
leaf_count=61023 5858 26639 991 8916 4981 18216 56509 110754 7081 7635 4491 4839 4170 20815
internal_value=-0.00603433 0.00217959 -0.037301 -0.0114319 0.00451412 0.00353124 0.00444554 0.0025553 0.0150987 0.0212999 -0.0213429 -0.012048 -0.00788059 -0.0111923
internal_weight=342918 271574 71344 39759 231815 212118 193902 137393 19697 12616 10321 5830 33901 24985
internal_count=342918 271574 71344 39759 231815 212118 193902 137393 19697 12616 10321 5830 33901 24985
is_linear=0
shrinkage=0.04


Tree=48
num_leaves=15
num_cat=0
split_feature=2 2 3 11 2 10 15 10 3 1 3 13 10 3
split_gain=54538.8 5006.2 2002.91 1801.97 1474.86 1320.08 1534.83 938.202 1506.27 1225.4 1142.16 1216.39 1086.5 1030.79
threshold=51.614233000000006 75.823368000000016 1.0000000180025095e-35 1.0000000180025095e-35 225.76840200000001 92.146493000000007 0.75185135875000253 14.589252500000002 16.995877000000004 15.011127022993362 19.269961000000006 269.0967127262083 -29.528030116400913 26.907141500000005
decision_type=2 2 2 2 2 2 2 2 2 2 2 2 2 2
left_child=2 3 -1 -2 5 6 -3 9 -9 -8 -11 -12 13 -13
right_child=1 4 -4 -5 -6 -7 7 8 -10 10 11 12 -14 -15
leaf_value=-0.01729716479693158 -0.018868240567320296 0.021851543865145439 -0.0027699125920368673 -0.0022960313888299843 0.036535911363187686 -0.011139025708912268 -0.00068253867621570041 0.053101417397165278 0.013567318435959078 0.032959997423181168 0.024275724978642312 0.098933049134393408 -0.00019056260203807019 0.0039184856587336633
leaf_weight=60965 5185 2533 10378 34530 9879 18455 55060 5413 43469 10787 2500 2132 54975 26468
leaf_count=60965 5185 2533 10378 34530 9879 18455 55060 5413 43469 10787 2500 2132 54975 26468
internal_value=-0.00611363 0.00206761 -0.0372348 -0.0110538 0.00431698 0.00364341 0.0045731 0.00418279 0.0090029 0.00263188 0.00534038 0.00380273 0.00298032 0.0093035
internal_weight=342729 271386 71343 39715 231671 221792 203337 200804 48882 151922 96862 86075 83575 28600
internal_count=342729 271386 71343 39715 231671 221792 203337 200804 48882 151922 96862 86075 83575 28600
is_linear=0
shrinkage=0.04


Tree=49
num_leaves=15
num_cat=0
split_feature=3 12 13 15 12 13 1 11 8 10 10 1 0 3
split_gain=53305.4 5562.38 1591.11 1388.16 1308.25 956.007 1253.96 889.313 933.91 697.087 1588.74 1317.24 684.992 780.207
threshold=1.0000000180025095e-35 94.336988677530428 451.28449560170867 0.75185135875000253 179.53191084841717 434.15911543596184 35.083524728415505 6.9058826086755767 0.9987331892243666 14.589252500000002 17.250566500000001 17.201398258578717 6.0404669389328776 25.047806000000005
decision_type=2 2 2 2 2 2 2 2 2 2 2 2 2 2
left_child=-1 2 -2 -3 5 9 -7 8 -4 11 -11 -5 13 -13
right_child=1 3 7 4 -6 6 -8 -9 -10 10 -12 12 -14 -15
leaf_value=-0.016605278205054308 -0.0046105069113051124 0.021001558524756759 0.0016990586972624299 -0.0017131977059716031 0.042113306873686814 -0.0017396706637698568 0.0055617359390995368 -0.0035313429197363711 -0.00027819620258399345 0.050742352225091894 0.008495595116464574 0.018281626014866117 0.012296635592116689 -0.0030162444568998994
leaf_weight=61047 43606 2406 5665 36544 9063 66933 15770 9869 10047 6488 35891 11709 17088 10638
leaf_count=61047 43606 2406 5665 36544 9063 66933 15770 9869 10047 6488 35891 11709 17088 10638
internal_value=-0.00611383 0.00122918 -0.00862185 0.00443608 0.00409016 0.00342006 0.000120431 -0.000702084 0.00520876 0.00572568 0.009836 0.00343305 0.00850311 0.00389314
internal_weight=342764 281717 69187 212530 210124 201061 82703 25581 15712 118358 42379 75979 39435 22347
internal_count=342764 281717 69187 212530 210124 201061 82703 25581 15712 118358 42379 75979 39435 22347
is_linear=0
shrinkage=0.04


Tree=50
num_leaves=15
num_cat=0
split_feature=2 2 3 11 2 10 3 11 12 2 1 11 2 12
split_gain=53827.1 4593.94 1840.42 1655.88 1335.21 1029.92 870.125 802.09 1015.68 744.468 771.441 715.125 836.046 675.765
threshold=51.356344000000007 75.823368000000016 1.0000000180025095e-35 1.0000000180025095e-35 196.78860450000002 68.97919450000002 73.641381500000008 5.0551067738611852 69.808893415562011 139.39617900000005 29.261706280353888 4.7931010849068052 1.0000000180025095e-35 135.2171435757312
decision_type=2 2 2 2 2 2 2 2 2 2 2 2 2 2
left_child=2 3 -1 -2 5 9 -6 -5 -9 10 -3 12 -4 -8
right_child=1 4 11 7 6 -7 13 8 -10 -11 -12 -13 -14 -15
leaf_value=-0.015941067076852136 -0.017713773822463415 0.00022034743607722619 2.0708057395441055 -3.4972846519902844e-05 0.030342086755733622 -0.011023551465886445 0.016216389766012407 -0.016365181374739243 -0.0043011256590312907 0.01397811443141591 0.0046280741715368006 -0.020340403016719816 -0.0011207281335358222 -0.003118178554852147
leaf_weight=61122 5219 104103 972 15189 20087 16470 1360 5162 16399 57275 26487 3479 3752 6027
leaf_count=61122 5219 104103 972 15189 20087 16470 1360 5162 16399 57275 26487 3479 3752 6027
internal_value=-0.00612749 0.001845 -0.0376124 -0.0103324 0.00404971 0.00293655 0.0123287 -0.00733823 -0.0122981 0.00377739 0.00210981 -0.019822 -0.00968671 0.000590226
internal_weight=343103 273778 69325 41969 231809 204335 27474 36750 21561 187865 130590 8203 4724 7387
internal_count=343103 273778 69325 41969 231809 204335 27474 36750 21561 187865 130590 8203 4724 7387
is_linear=0
shrinkage=0.04


Tree=51
num_leaves=15
num_cat=0
split_feature=2 2 3 11 2 10 15 11 3 10 10 1 3 13
split_gain=53270.2 4281.54 2001.77 1609.89 1249.04 1144.82 1350.09 855.133 820.339 787.568 1371.7 1122.08 1090.04 1177.25
threshold=51.356344000000007 75.823368000000016 1.0000000180025095e-35 0.75364974044360167 225.76840200000001 92.146493000000007 0.75185135875000253 5.5040895683674504 12.752513500000001 14.589252500000002 17.250566500000001 15.011127022993362 19.434991000000004 269.0967127262083
decision_type=2 2 2 2 2 2 2 2 2 2 2 2 2 2
left_child=2 3 -1 -2 5 6 -3 -5 -9 11 -11 -8 -13 -14
right_child=1 4 -4 7 -6 -7 9 8 -10 10 -12 12 13 -15
leaf_value=-0.015303424393778044 -0.014655464721371523 0.018803782973921532 -0.0036255838127865658 5.0449592436123682e-05 0.032231924756492301 -0.010543733583909311 -0.00065284465637322159 0.00040930897363114841 -0.0088141636476541593 0.050070513780659694 0.011727559241553758 0.030222996939916157 0.021957326463098194 0.0016644742300943242
leaf_weight=60949 6020 2534 8168 14923 9852 18448 55242 6015 14940 6086 42738 11188 2506 83218
leaf_count=60949 6020 2534 8168 14923 9852 18448 55242 6015 14940 6086 42738 11188 2506 83218
internal_value=-0.00613056 0.00179285 -0.037508 -0.0099747 0.00391973 0.00330114 0.00416604 -0.00676292 -0.0119742 0.00380022 0.00822055 0.0023818 0.00497524 0.00344268
internal_weight=342827 273710 69117 41898 231812 221960 203512 35878 20955 200978 48824 152154 96912 85724
internal_count=342827 273710 69117 41898 231812 221960 203512 35878 20955 200978 48824 152154 96912 85724
is_linear=0
shrinkage=0.04


Tree=52
num_leaves=15
num_cat=0
split_feature=3 2 10 10 10 1 3 11 10 11 2 3 2 11
split_gain=52965.3 5634.69 1147.43 1847 1712.96 925.83 1147.49 723.894 1112.97 1075.24 1346.48 769.858 705.534 747.038
threshold=1.0000000180025095e-35 75.823368000000016 68.97919450000002 14.047078000000001 17.250566500000001 17.871191060754906 19.113194500000002 0.75364974044360167 -1.0000000180025095e-35 5.0551067738611852 53.155083000000012 5.205680000000001 81.34201400000002 27.320572810940671
decision_type=2 2 2 2 2 2 2 2 2 2 2 2 2 2
left_child=-1 7 3 5 -5 -3 -7 8 -2 -9 -11 -12 -8 -14
right_child=1 2 -4 4 -6 6 12 9 -10 10 11 -13 13 -15
leaf_value=-0.014691287418026918 -0.013188928444528384 -0.00030693391005145012 -0.0051725406026666932 0.040095601663051213 0.019005572111200734 0.06033503786515234 -0.010147074910062419 -0.00014923158952285577 1.8458541072057433 -0.015299145914309219 0.0099285057151463369 -0.0072414137292504321 0.0079955995294099091 0.0016047342092653423
leaf_weight=60908 6342 72303 23849 12068 42601 4471 715 17929 952 5558 2665 16643 17713 58186
leaf_count=60908 6342 72303 23849 12068 42601 4471 715 17929 952 5558 2665 16643 17713 58186
internal_value=-0.00617376 0.00113236 0.00376014 0.00471275 0.0110256 0.00246277 0.0053973 -0.011034 -0.0226817 -0.00904872 -0.0144326 -0.00943857 0.00424779 0.00462035
internal_weight=342903 281995 231906 208057 54669 153388 81085 50089 7294 42795 24866 19308 76614 75899
internal_count=342903 281995 231906 208057 54669 153388 81085 50089 7294 42795 24866 19308 76614 75899
is_linear=0
shrinkage=0.04


Tree=53
num_leaves=15
num_cat=0
split_feature=3 2 2 10 15 10 3 11 11 10 11 10 3 3
split_gain=53051.4 5170.78 1144.96 1026.56 1140.8 880.917 1115.36 1065.68 1101.37 1032.13 1221.21 847.536 1369.03 963.576
threshold=1.0000000180025095e-35 75.823368000000016 225.76840200000001 68.97919450000002 0.75185135875000253 14.589252500000002 16.995877000000004 1.0000000180025095e-35 4.125299360665335 -15.025893132351579 26.05267526608392 -29.528030116400913 24.685120000000001 26.907141500000005
decision_type=2 2 2 2 2 2 2 2 2 2 2 2 2 2
left_child=-1 -2 3 4 -3 7 -7 -6 -9 10 -10 13 -13 -12
right_child=1 2 -4 -5 5 6 -8 8 9 -11 11 12 -14 -15
leaf_value=-0.014103635921305849 -0.002866951514155005 0.017357796066494124 0.030033663360942278 -0.0064377796851748667 -0.015816411875859641 0.045128038088520624 0.016141576951385055 0.002635193043098867 0.0091040075804098095 -0.0007937940895560103 0.092591362385831461 0.00947307089416277 -0.0039685997486564725 0.003165100140558924
leaf_weight=61017 50045 2439 9871 21644 8105 5443 40388 3840 24535 43671 1865 19925 25145 25004
leaf_count=61017 50045 2439 9871 21644 8105 5443 40388 3840 24535 43671 1865 19925 25145 25004
internal_value=-0.00618271 0.00113649 0.00365318 0.00306049 0.00395448 0.00361942 0.00848072 0.00215451 0.00294892 0.00236983 0.0046794 0.00205118 -0.00130109 0.00767427
internal_weight=342937 281920 231875 222004 200360 197921 45831 152090 143985 140145 96474 71939 45070 26869
internal_count=342937 281920 231875 222004 200360 197921 45831 152090 143985 140145 96474 71939 45070 26869
is_linear=0
shrinkage=0.04


Tree=54
num_leaves=15
num_cat=0
split_feature=3 2 12 15 10 15 2 11 11 12 3 10 3 2
split_gain=53086.8 4702.3 1066.88 991.889 812.117 740.296 1335.76 1370.8 806.35 1489.72 617.444 555.053 488.664 468.32
threshold=1.0000000180025095e-35 75.823368000000016 158.78978025324378 0.75185135875000253 203.39465150000004 1.9769870124999758 1.0000000180025095e-35 0.57048470321717348 5.2913692493593514 69.808893415562011 9.5347545000000018 -39.580008746865325 73.641381500000008 225.76840200000001
decision_type=2 2 2 2 2 2 2 2 2 2 2 2 2 2
left_child=-1 5 3 -3 11 -2 -7 -8 10 -10 -9 12 -5 -4
right_child=1 2 13 4 -6 6 7 8 9 -11 -12 -13 -14 -15
leaf_value=-0.013539490484453616 -0.069235975337527622 0.014383473046771372 0.010865348103405097 0.0035617880504135828 -0.082145108604441769 2.2520786778280057 -0.015652648370082414 -0.00069015883949301586 -0.01423002145488006 -0.0036241248041351251 0.00052432946798642633 0.0012150930834271367 0.0090488035315008358 0.042876194244435471
leaf_weight=61173 2248 3040 20424 8050 3158 875 5336 8310 6285 16372 10528 185965 3951 7292
leaf_count=61173 2248 3040 20424 8050 3158 875 5336 8310 6285 16372 10528 185965 3951 7292
internal_value=-0.0062232 0.00110817 0.0035063 0.00250661 0.00216384 -0.0100236 -0.00896659 -0.00988149 -0.0074274 -0.0125118 -0.00131224 0.00248487 0.0108224 0.0108703
internal_weight=343007 281834 231880 204164 201124 49954 47706 46831 41495 22657 18838 197966 12001 27716
internal_count=343007 281834 231880 204164 201124 49954 47706 46831 41495 22657 18838 197966 12001 27716
is_linear=0
shrinkage=0.04


Tree=55
num_leaves=15
num_cat=0
split_feature=3 2 12 15 10 10 10 1 3 1 0 3 10 11
split_gain=52921.1 4411.89 1059.47 918.261 815.968 1137.63 1257.64 903.37 1035.58 1035.87 816.958 984.017 1449.6 778.767
threshold=1.0000000180025095e-35 75.823368000000016 176.84005473191488 0.75185135875000253 68.97919450000002 14.589252500000002 17.250566500000001 17.871191060754906 24.685120000000001 26.194966471731242 2.6414735027299736 14.990645000000002 -13.372381453921255 6.0374982202172536
decision_type=2 2 2 2 2 2 2 2 2 2 2 2 2 2
left_child=-1 -2 3 -3 5 7 -7 10 9 -9 -5 12 -12 -13
right_child=1 2 -4 4 -6 6 -8 8 -10 -11 11 13 -14 -15
leaf_value=-0.012997910865075469 -0.0027032498801365444 0.014148394552171713 0.033227127087632521 -0.010794559984151455 -0.0051394873573976339 0.042260578530752248 0.015673608762233157 0.011570642483483995 0.0011088557151519092 0.08485218109808558 0.049184194141172699 0.0015129318779705824 0.00085717853060159228 -0.0021699274183899766
leaf_weight=60992 50070 3023 10302 10637 23168 6843 39873 16141 59450 2990 4228 6072 14093 35006
leaf_count=60992 50070 3023 10302 10637 23168 6843 39873 16141 59450 2990 4228 6072 14093 35006
internal_value=-0.00621637 0.00109317 0.00341877 0.00283563 0.00253271 0.00337455 0.00881925 0.00166307 0.00460722 0.0127019 -0.0016403 0.000187882 0.00789695 -0.0032504
internal_weight=342888 281896 231826 221524 218501 195333 46716 148617 78581 19131 70036 59399 18321 41078
internal_count=342888 281896 231826 221524 218501 195333 46716 148617 78581 19131 70036 59399 18321 41078
is_linear=0
shrinkage=0.04


Tree=56
num_leaves=15
num_cat=0
split_feature=3 2 2 10 15 2 11 11 12 3 13 2 1 3
split_gain=52850.3 3935.8 1032.55 797.161 732.332 1267.93 1188 935.228 1504.76 667.001 615.658 564.168 664.855 710.575
threshold=1.0000000180025095e-35 75.823368000000016 196.78860450000002 92.146493000000007 1.9769870124999758 1.0000000180025095e-35 0.57048470321717348 5.2913692493593514 69.808893415562011 73.641381500000008 228.57383096747418 143.65869900000004 29.261706280353888 26.290846000000005
decision_type=2 2 2 2 2 2 2 2 2 2 2 2 2 2
left_child=-1 4 3 11 -2 -6 -7 -8 -9 -4 -5 12 -3 -14
right_child=1 2 9 10 5 6 7 8 -10 -11 -12 -13 13 -15
leaf_value=-0.012477994430472457 -0.066400224947595468 0.00010475946872664289 0.02499640067966662 -0.044781256869367639 2.2008356826883251 -0.014812459223520929 -6.4676167809185615e-06 -0.013499498063598377 -0.0033808608776126946 0.00020879733532748717 -0.01486432179154086 0.01097652987387098 0.08458033364517735 0.003141416580785962
leaf_weight=60949 2246 110367 20088 849 863 5311 18942 6282 16442 7326 13245 52652 1387 26052
leaf_count=60949 2246 110367 20088 849 863 5311 18942 6282 16442 7326 13245 52652 1387 26052
internal_value=-0.00622331 0.00107555 0.00327117 0.00229418 -0.00909316 -0.00804515 -0.00892777 -0.00665675 -0.0121281 0.010561 -0.0068852 0.00297346 0.0016278 0.00719997
internal_weight=343001 282052 231966 204552 50086 47840 46977 41666 22724 27414 14094 190458 137806 27439
internal_count=343001 282052 231966 204552 50086 47840 46977 41666 22724 27414 14094 190458 137806 27439
is_linear=0
shrinkage=0.04


Tree=57
num_leaves=15
num_cat=0
split_feature=3 2 10 10 10 0 3 13 1 15 2 11 11 12
split_gain=52495.2 3777.56 994.028 1352.58 1632.8 882.449 879.585 1168.07 1101.02 834.924 1195.24 1018.47 1328.68 1664.46
threshold=1.0000000180025095e-35 84.705158000000026 68.97919450000002 14.315682000000001 17.250566500000001 5.8588980484263162 14.280324500000001 266.16836799851399 17.998907759875877 1.9769870124999758 1.0000000180025095e-35 1.0000000180025095e-35 5.2913692493593514 69.808893415562011
decision_type=2 2 2 2 2 2 2 2 2 2 2 2 2 2
left_child=-1 9 3 5 -5 -3 -7 -8 -9 -2 -11 -12 -13 -14
right_child=1 2 -4 4 -6 6 7 8 -10 10 11 12 13 -15
leaf_value=-0.011978874653253566 -0.063607592567123297 -0.00088804294099062095 -0.004744452796020187 0.037417961906887016 0.015914931434961019 0.029929441943964307 0.022063486189415622 -0.0016830258882291017 0.0037551113257038526 2.1033198061564637 -0.014583367989589853 0.0001925917765475038 -0.011686776544853355 -0.0027634691029732308
leaf_weight=60944 2327 59536 23879 10900 42580 6097 2705 24848 47079 865 6572 21575 7982 25050
leaf_count=60944 2327 59536 23879 10900 42580 6097 2705 24848 47079 865 6572 21575 7982 25050
internal_value=-0.00633594 0.000939449 0.00345734 0.00440641 0.009819 0.00234271 0.00506732 0.00387394 0.0029035 -0.00757298 -0.00669074 -0.00735089 -0.00556046 -0.0106031
internal_weight=342939 281995 217624 193745 53480 140265 80729 74632 71927 64371 62044 61179 54607 33032
internal_count=342939 281995 217624 193745 53480 140265 80729 74632 71927 64371 62044 61179 54607 33032
is_linear=0
shrinkage=0.04


Tree=58
num_leaves=15
num_cat=0
split_feature=7 2 12 15 2 11 2 11 12 10 15 15 13 1
split_gain=52722.4 3561.6 1020.57 745.385 1273.31 849.501 948.628 909.451 1561.49 727.692 663.583 452.19 517.304 435.892
threshold=1.0000000180025095e-35 75.823368000000016 179.53191084841717 1.9769870124999758 1.0000000180025095e-35 1.0000000180025095e-35 56.831857500000005 5.2913692493593514 69.808893415562011 203.39465150000004 0.75185135875000253 7.5518605999999986 282.46392299658419 40.585869762424942
decision_type=2 2 2 2 2 2 2 2 2 2 2 2 2 2
left_child=-1 3 9 -2 -5 6 -6 -7 -9 10 -3 12 -10 -12
right_child=1 2 -4 4 5 7 -8 8 11 -11 13 -13 -14 -15
leaf_value=-0.01149971966712343 -0.061103667434995013 0.011727935112870309 0.033802634278348072 2.028264974332151 0.00057361631542157459 -1.1220756264442855e-05 -0.018691531470957576 -0.012549487817817537 -0.013253442031090037 -0.076752067166285715 0.0013750244890667451 -0.0077278563251423019 0.00044634977271986289 0.0056288520806267285
leaf_weight=61046 2265 3025 9050 882 1358 18927 3852 6322 1820 3196 205995 2988 11624 10649
leaf_count=61046 2265 3025 9050 882 1358 18927 3852 6322 1820 3196 205995 2988 11624 10649
internal_value=-0.00629681 0.00100031 0.00308855 -0.0086782 -0.00761518 -0.0085108 -0.023739 -0.00660733 -0.0119961 0.00255383 0.00282953 -0.00549659 -0.00236834 0.00256975
internal_weight=342999 281953 231915 50038 47773 46891 5210 41681 22754 222865 219669 16432 13444 216644
internal_count=342999 281953 231915 50038 47773 46891 5210 41681 22754 222865 219669 16432 13444 216644
is_linear=0
shrinkage=0.04


Tree=59
num_leaves=15
num_cat=0
split_feature=3 9 11 15 12 14 10 11 0 11 3 3 0 15
split_gain=52514 2963.84 1171.45 1018.65 945.761 982.472 817.731 797.857 777.495 1007.91 657.914 640.143 995.95 617.743
threshold=1.0000000180025095e-35 1.6547183990411888e-05 1.3318108941488167 7.5518605999999986 179.53191084841717 0.21850692549482056 203.39465150000004 1.7465008056151976 13.446803587405654 3.1809551265848559 15.278946500000002 14.375933000000002 4.3634638152555691 0.75185135875000253
decision_type=2 2 2 2 2 2 2 2 2 2 2 2 2 2
left_child=-1 2 -2 8 5 6 13 -5 9 -4 -10 12 -11 -3
right_child=1 4 3 7 -6 -7 -8 -9 10 11 -12 -13 -14 -15
leaf_value=-0.011039730880438494 -0.0078477335347229803 0.011400792962507742 0.00091347256983571607 0.0016759679327661204 0.032366291130925477 -0.0060487546673739677 -0.079049086647963535 -0.0076741884802228764 0.071645379239594853 -0.0028227207283909195 0.0043256761790195905 -0.0050359751053844761 0.0088819510150330225 0.0018398440020185181
leaf_weight=60979 9731 3006 5748 722 9054 11780 2748 6670 1274 10918 5827 11688 6020 196775
leaf_count=60979 9731 3006 5748 722 9054 11780 2748 6670 1274 10918 5827 11688 6020 196775
internal_value=-0.00634163 0.000937576 -0.00706918 -0.0045454 0.0030381 0.00250311 0.00315629 -0.0182251 -0.00210729 -0.0045965 0.00994226 -0.00766576 -0.00269689 0.00345438
internal_weight=342940 281961 58598 48867 223363 214309 202529 7392 41475 34374 7101 28626 16938 199781
internal_count=342940 281961 58598 48867 223363 214309 202529 7392 41475 34374 7101 28626 16938 199781
is_linear=0
shrinkage=0.04


Tree=60
num_leaves=15
num_cat=0
split_feature=3 2 2 13 3 14 12 11 11 12 2 3 14 2
split_gain=52557.3 3109.66 900.353 775.141 688.259 642.319 587.448 827.643 1402.07 1080.81 934.014 632.073 569.342 580.589
threshold=1.0000000180025095e-35 75.823368000000016 225.76840200000001 688.62798463473371 202.31935350000003 0.21021760849986634 94.336988677530428 5.2913692493593514 1.3318108941488167 69.808893415562011 56.831857500000005 5.205680000000001 0.19023070024190716 170.91369650000004
decision_type=2 2 2 2 2 2 2 2 2 2 2 2 2 2
left_child=-1 3 4 5 12 6 7 8 10 -9 -2 -11 13 -3
right_child=1 2 -4 -5 -6 -7 -8 9 -10 11 -12 -13 -14 -15
leaf_value=-0.01059814164522095 -0.00055636289786678008 0.0029367241712735747 0.024347808305713148 -0.060831081314935871 -0.070547319129148925 0.00059732519130696105 0.0039377144327871249 -0.012929727879067512 0.00030720422191861109 0.0080174586943818089 -0.017312657743377376 -0.0068407507451643482 0.00062446199347178323 0.014584181121932058
leaf_weight=60933 4993 47330 9883 1266 3229 6007 3327 6114 12774 2212 4277 8959 148326 23300
leaf_count=60933 4993 47330 9883 1266 3229 6007 3327 6114 12774 2212 4277 8959 148326 23300
internal_value=-0.00631243 0.000966677 0.00291501 -0.00808909 0.00238954 -0.00728521 -0.00900975 -0.010375 -0.0052368 -0.016928 -0.0170787 -0.00952824 0.0026599 0.00561574
internal_weight=342930 281997 232068 49929 222185 48663 42656 39329 22044 17285 9270 11171 218956 70630
internal_count=342930 281997 232068 49929 222185 48663 42656 39329 22044 17285 9270 11171 218956 70630
is_linear=0
shrinkage=0.04


Tree=61
num_leaves=15
num_cat=0
split_feature=3 2 2 10 10 3 14 1 3 1 3 8 10 11
split_gain=52373 2926.58 868.442 777.919 857.992 1034.26 771.553 661.188 1164.19 1183.51 854.71 735.086 631.351 811.411
threshold=1.0000000180025095e-35 75.823368000000016 225.76840200000001 68.97919450000002 14.894217000000003 16.995877000000004 0.23320872121670802 17.871191060754906 24.511992500000002 25.087534839170882 19.113194500000002 0.53854294197470953 -39.580008746865325 28.714003583828994
decision_type=2 2 2 2 2 2 2 2 2 2 2 2 2 2
left_child=-1 6 3 4 7 -6 -2 -3 9 10 -9 -12 -10 -14
right_child=1 2 -4 -5 5 -7 -8 8 12 -11 11 -13 13 -15
leaf_value=-0.010174215979412118 -0.0016648879686242245 -0.00043752851201196155 0.023678173506473305 -0.0059354607875079599 0.034964213609873708 0.014043141604153356 -0.058347388178791031 0.053564594447802316 0.0052866153598376542 0.075424998016749858 -0.0059617581976881776 0.019654247195496705 0.003961277578105769 -0.0022279720825641915
leaf_weight=60909 48728 72396 9839 21677 5452 41299 1240 4237 12060 4534 8126 3291 14364 34402
leaf_count=60909 48728 72396 9839 21677 5452 41299 1240 4237 12060 4534 8126 3291 14364 34402
internal_value=-0.00636746 0.000905963 0.00279959 0.00228383 0.00306333 0.00780732 -0.00787384 0.00161763 0.00410003 0.0124232 0.00721094 0.00151704 0.00133759 -0.000689005
internal_weight=342554 281645 231677 221838 200161 46751 49968 153410 81014 20188 15654 11417 60826 48766
internal_count=342554 281645 231677 221838 200161 46751 49968 153410 81014 20188 15654 11417 60826 48766
is_linear=0
shrinkage=0.04


Tree=62
num_leaves=15
num_cat=0
split_feature=3 2 12 11 2 11 2 10 10 10 11 11 1 3
split_gain=52493.8 2704.43 863.825 836.99 1447.2 1172.6 1528.48 688.801 1138.24 1132.89 684.998 1093.91 771.03 1569.62
threshold=1.0000000180025095e-35 75.823368000000016 187.841329858145 5.5040895683674504 53.404411000000003 1.3318108941488167 56.831857500000005 68.97919450000002 14.589252500000002 17.250566500000001 1.0000000180025095e-35 4.2858691208770603 13.746547456743546 14.479475500000001
decision_type=2 2 2 2 2 2 2 2 2 2 2 2 2 2
left_child=-1 3 7 5 -5 6 -2 8 10 -10 -3 -12 -13 -14
right_child=1 2 -4 4 -6 -7 -8 -9 9 -11 11 12 13 -15
leaf_value=-0.0097672473402356276 4.8534195026910257e-05 -0.010623032309269007 0.049405755304639441 -0.012739602811127897 -0.00438130178626345 0.0003895533789658323 -0.016885331931772676 -0.004467569648405569 0.03197090218771944 0.013922702807775078 0.002254955083549488 -0.0012096359947655611 0.057095715048123399 0.0014783450460890749
leaf_weight=61040 6007 10206 5207 5207 18813 15494 4516 23815 8668 41851 3985 35747 3716 98566
leaf_count=61040 6007 10206 5207 5207 18813 15494 4516 23815 8668 41851 3985 35747 3716 98566
internal_value=-0.00636966 0.000914982 0.00273575 -0.00751844 -0.0129026 -0.00254757 -0.0128518 0.00236553 0.00312145 0.008324 0.00139482 0.00211416 0.00151765 0.00328504
internal_weight=342838 281798 231761 50037 24020 26017 10523 226554 202739 50519 152220 142014 138029 102282
internal_count=342838 281798 231761 50037 24020 26017 10523 226554 202739 50519 152220 142014 138029 102282
is_linear=0
shrinkage=0.04


Tree=63
num_leaves=15
num_cat=0
split_feature=3 2 11 2 11 2 12 10 10 10 3 0 3 10
split_gain=52097.8 2615.39 853.326 1401.93 1076.16 1505.34 837.479 686.441 1069.77 1294.06 656.377 630.283 679.649 1022.52
threshold=1.0000000180025095e-35 75.823368000000016 5.5040895683674504 53.404411000000003 1.3318108941488167 56.831857500000005 187.841329858145 68.97919450000002 14.894217000000003 17.250566500000001 5.2809890000000008 4.7194285493662385 14.375933000000002 -13.372381453921255
decision_type=2 2 2 2 2 2 2 2 2 2 2 2 2 2
left_child=-1 2 4 -4 5 -2 7 8 11 -10 -5 -3 13 -13
right_child=1 6 3 10 -6 -7 -8 -9 9 -11 -12 12 -14 -15
leaf_value=-0.0093765574466262089 8.0132779254080694e-05 -0.0015429152389243651 -0.012435388916928707 0.0092395150841981556 0.00038255497624918534 -0.016209918654501772 0.047722112708194868 -0.0045421435449946573 0.035040839679901764 0.013473806587467517 -0.005741910332579838 0.060519169677919087 0.00089688170142232743 0.0053700879208878937
leaf_weight=60902 6094 50577 5242 2890 15433 4506 5221 23810 7696 41856 15980 2637 92798 7284
leaf_count=60902 6094 50577 5242 2890 15433 4506 5221 23810 7696 41856 15980 2637 92798 7284
internal_value=-0.00644967 0.000795393 -0.00748789 -0.0129098 -0.0024661 -0.0122792 0.00258669 0.00222185 0.00297602 0.00808524 -0.00782618 0.0013245 0.00312425 0.0130753
internal_weight=342926 282024 50145 24112 26033 10600 231879 226658 202848 49552 18870 153296 102719 9921
internal_count=342926 282024 50145 24112 26033 10600 231879 226658 202848 49552 18870 153296 102719 9921
is_linear=0
shrinkage=0.04


Tree=64
num_leaves=15
num_cat=0
split_feature=3 9 11 15 12 14 10 10 11 10 3 13 13 10
split_gain=51969.3 2205.27 1071.12 790.038 743.464 710.761 703.675 689.854 747.53 1077.87 937.621 763.149 708.159 666.405
threshold=1.0000000180025095e-35 1.6547183990411888e-05 0.57048470321717348 7.5518605999999986 187.841329858145 0.21785094171797917 -13.574902839931974 178.40132500000001 26.05267526608392 -29.528030116400913 27.060758500000002 254.05081887727795 266.16836799851399 -2.3649879767881217
decision_type=2 2 2 2 2 2 2 2 2 2 2 2 2 2
left_child=-1 2 13 6 5 7 -4 8 11 10 -10 -3 -13 -2
right_child=1 4 3 -5 -6 -7 -8 -9 9 -11 -12 12 -14 -15
leaf_value=-0.0090014951487611579 -0.024055286483313641 -0.0033488701336650273 0.012170655902407582 -0.0048189552661096879 0.045775497434427256 -0.0036663447788476368 -0.0008269183027180782 -0.062420464598632333 0.082788708446500894 -0.0025220040212510066 0.0025712005141284551 0.013936918949587681 0.0028193121349692251 -0.00065702920377328053
leaf_weight=60964 4334 9510 6886 7755 5181 15383 37758 3378 1894 50160 24174 6744 106861 1934
leaf_count=60964 4334 9510 6886 7755 5181 15383 37758 3378 1894 50160 24174 6744 106861 1934
internal_value=-0.00651192 0.000728918 -0.00617246 -0.00430314 0.00254222 0.00218648 -0.00225607 0.0028155 0.00311925 6.2969e-06 0.00660427 0.00504666 0.00595784 -0.0217996
internal_weight=342916 281952 58667 52399 223285 218104 44644 202721 199343 76228 26068 123115 113605 6268
internal_count=342916 281952 58667 52399 223285 218104 44644 202721 199343 76228 26068 123115 113605 6268
is_linear=0
shrinkage=0.04


Tree=65
num_leaves=15
num_cat=0
split_feature=3 2 14 12 14 10 10 10 1 3 10 12 11 3
split_gain=52076.6 2352.73 811.88 699.842 667.458 594.11 720.484 940.535 641.492 1030.3 1017.14 721.812 1009.72 657.352
threshold=1.0000000180025095e-35 75.823368000000016 0.23320872121670802 179.53191084841717 0.21021760849986634 96.848670000000013 14.589252500000002 17.250566500000001 17.871191060754906 24.511992500000002 -25.718232781335256 77.409863848487575 6.0374982202172536 14.786411500000002
decision_type=2 2 2 2 2 2 2 2 2 2 2 2 2 2
left_child=-1 2 4 5 -2 6 8 -8 11 10 -10 12 -3 -13
right_child=1 3 -4 -5 -6 -7 7 -9 9 -11 -12 13 -14 -15
leaf_value=-0.0086414353428107132 -0.0020388521261895053 0.0017456055649342074 -0.054821701755450133 0.02593648770064064 0.00065189748875871701 -0.0064711115791955456 0.028224624496853146 0.0082884145468446989 0.074235058561645167 0.00064522591484333339 0.0095169975311367727 0.0027664083494016813 -0.00061035017744871746 -0.0034078549058589752
leaf_weight=61011 42770 7187 1252 9025 6057 19512 7947 45526 3406 60319 15392 22077 3903 37806
leaf_count=61011 42770 7187 1252 9025 6057 19512 7947 45526 3406 60319 15392 22077 3903 37806
internal_value=-0.00649017 0.000755124 -0.00710797 0.0024517 -0.00629242 0.00200991 0.00264901 0.00663587 0.0012286 0.0037054 0.0118821 -0.00153241 0.0078413 -0.00326837
internal_weight=343190 282179 50079 232100 48827 223075 203563 53473 150090 79117 18798 70973 11090 59883
internal_count=343190 282179 50079 232100 48827 223075 203563 53473 150090 79117 18798 70973 11090 59883
is_linear=0
shrinkage=0.04


Tree=66
num_leaves=15
num_cat=0
split_feature=3 2 11 2 11 2 3 12 2 3 15 3 3 15
split_gain=52101.7 2206.02 873.454 1422.97 1149.38 1521.82 719.712 700.785 665.309 570.428 570.056 528.448 517.332 451.729
threshold=1.0000000180025095e-35 75.823368000000016 5.5040895683674504 52.481935500000006 1.3318108941488167 56.205187000000009 5.4422930000000003 73.00617521394615 225.76840200000001 202.31935350000003 5.0120371472499707 16.995877000000004 116.64586900000002 5.0983766455000117
decision_type=2 2 2 2 2 2 2 2 2 2 2 2 2 2
left_child=-1 2 4 -4 5 11 -5 -8 9 13 -9 -2 -10 -3
right_child=1 8 3 6 -6 -7 7 10 12 -11 -12 -13 -14 -15
leaf_value=-0.0082957779290982886 -0.00065915845534776803 0.0044755732621455579 -0.01274289258355025 0.008806737476958473 0.0004386122516655222 -0.014333500743200327 -0.011425987379160519 0.0030412194962149463 0.027882817655797271 -0.064873320388458028 -0.0054600457406871255 0.0015965057043987585 -0.0046046935314302522 0.00030190641543053508
leaf_weight=61065 4121 87292 4542 3483 15376 4781 4506 3615 8603 3233 7856 1641 1270 131579
leaf_count=61065 4121 87292 4542 3483 15376 4781 4506 3615 8603 3233 7856 1641 1270 131579
internal_value=-0.00650251 0.000753748 -0.00687406 -0.0123723 -0.00178248 -0.0119549 -0.00766701 -0.0112587 0.00239524 0.00194359 -0.00600819 0.00188823 0.0125555 0.00218997
internal_weight=342963 281898 49921 24002 25919 10543 19460 15977 231977 222104 11471 5762 9873 218871
internal_count=342963 281898 49921 24002 25919 10543 19460 15977 231977 222104 11471 5762 9873 218871
is_linear=0
shrinkage=0.04


Tree=67
num_leaves=15
num_cat=0
split_feature=3 2 11 2 11 2 3 12 10 10 10 0 3 13
split_gain=51909.7 2072.15 999.247 1413.65 1146.84 1448.35 828.302 775.587 665.75 1002.74 1105.52 748.11 711.344 895.05
threshold=1.0000000180025095e-35 80.473430500000021 5.6945819994817546 52.481935500000006 1.0000000180025095e-35 56.831857500000005 12.752513500000001 73.00617521394615 68.97919450000002 14.315682000000001 17.250566500000001 5.2039156613577005 14.280324500000001 266.16836799851399
decision_type=2 2 2 2 2 2 2 2 2 2 2 2 2 2
left_child=-1 2 4 -4 5 -2 -5 -8 9 11 -11 -3 -13 -14
right_child=1 8 3 6 -6 -7 7 -9 -10 10 -12 12 13 -15
leaf_value=-0.0079639468119343526 0.0027198281517813072 -0.0014783671795505955 -0.012734394720353351 0.0047074098020122301 0.00033858843408458129 -0.014810584106569564 -0.011442799943728278 -0.0029675759282370784 -0.0041612883379356681 0.029867843373685369 0.012663647192356053 0.018412310048949682 0.016172182139760176 0.00077944416867049338
leaf_weight=61103 2165 55008 4410 6140 21582 4703 4825 12847 23916 10901 42737 7582 2832 82532
leaf_count=61103 2165 55008 4410 6140 21582 4703 4825 12847 23916 10901 42737 7582 2832 82532
internal_value=-0.00657359 0.00066454 -0.00617307 -0.0115059 -0.000882953 -0.0151194 -0.00765328 -0.0120507 0.00238289 0.00313147 0.00781685 0.00143288 0.00362103 0.00257814
internal_weight=343283 282180 56672 28222 28450 6868 23812 17672 225508 201592 53638 147954 92946 85364
internal_count=343283 282180 56672 28222 28450 6868 23812 17672 225508 201592 53638 147954 92946 85364
is_linear=0
shrinkage=0.04


Tree=68
num_leaves=15
num_cat=0
split_feature=3 2 3 15 2 14 11 11 12 2 2 10 11 10
split_gain=51770.8 2019.76 1011.26 846.775 1079.09 748.022 644.926 1200.22 1334.6 737.239 617.643 559.916 538.786 753.896
threshold=1.0000000180025095e-35 81.34201400000002 51.758761500000006 1.9769870124999758 1.0000000180025095e-35 0.21317155419786091 1.0000000180025095e-35 5.2913692493593514 69.808893415562011 56.205187000000009 225.76840200000001 86.162453000000014 26.05267526608392 -29.91802258064471
decision_type=2 2 2 2 2 2 2 2 2 2 2 2 2 2
left_child=-1 2 3 -2 -5 6 9 -8 -9 -6 11 12 -3 -14
right_child=1 10 -4 4 5 -7 7 8 -10 -11 -12 -13 13 -15
leaf_value=-0.0076453889394569787 -0.050299795249965695 0.0026002700183938732 0.0023569904582860079 1.8812150215262182 0.00096607296743512095 0.0011650236110701329 0.00013933967413308325 -0.0098540934673058359 -0.0030208655639935599 -0.01435419656014684 0.01841499816957402 -0.0065709857803785176 0.0033350222236981958 -0.0018304317161107987
leaf_weight=61034 2233 111283 1504 807 1094 3303 18427 6544 19309 4548 9874 19510 26053 57627
leaf_count=61034 2233 111283 1504 807 1094 3303 18427 6544 19309 4548 9874 19510 26053 57627
internal_value=-0.00659677 0.000629812 -0.00603992 -0.00690518 -0.00590761 -0.00660366 -0.0078234 -0.00620054 -0.0117603 -0.0205601 0.00234726 0.00189693 0.00254346 0.000118547
internal_weight=343150 282116 57769 56265 54032 53225 49922 44280 25853 5642 224347 214473 194963 83680
internal_count=343150 282116 57769 56265 54032 53225 49922 44280 25853 5642 224347 214473 194963 83680
is_linear=0
shrinkage=0.04


Tree=69
num_leaves=15
num_cat=0
split_feature=3 2 11 12 11 2 14 2 10 11 10 3 3 1
split_gain=51649.4 1906.2 1024.14 1549.2 1244.61 1091.21 955.231 805.011 658.967 995.373 734.205 838.242 725.518 879.515
threshold=1.0000000180025095e-35 93.893329500000007 6.9058826086755767 71.87022074474568 1.0000000180025095e-35 56.205187000000009 0.23320872121670802 60.333623500000009 68.97919450000002 26.05267526608392 -29.91802258064471 26.907141500000005 25.395980500000004 22.193546060736598
decision_type=2 2 2 2 2 2 2 2 2 2 2 2 2 2
left_child=-1 2 4 -4 5 -2 -5 -6 9 -3 11 -11 13 -12
right_child=1 8 3 6 7 -7 -8 -9 -10 10 12 -13 -14 -15
leaf_value=-0.0073395733818787078 0.002780918782732158 0.0073966219328780534 -0.0094333918812646994 -0.001765862630596815 -6.0442142083223518e-05 -0.010834652709156423 -0.049681340449119864 0.0011517555168839321 -0.0040200658220975651 0.082257717671338992 -0.002420379866055874 0.0021882652837804371 -0.0036885795606169266 0.024972244235024341
leaf_weight=61038 1939 99540 7817 29800 20020 7239 1222 9450 23696 1621 22918 24437 24912 7438
leaf_count=61038 1939 99540 7817 29800 20020 7239 1222 9450 23696 1621 22918 24437 24912 7438
internal_value=-0.00663797 0.000581885 -0.00476106 -0.00934834 -0.000151107 -0.0130137 -0.00533815 0.00385477 0.00260576 0.00342751 0.000144603 0.00567964 -0.00246508 0.00168665
internal_weight=343087 282049 77487 38839 38648 9178 31022 29470 204562 180866 81326 26058 55268 30356
internal_count=343087 282049 77487 38839 38648 9178 31022 29470 204562 180866 81326 26058 55268 30356
is_linear=0
shrinkage=0.04


Tree=70
num_leaves=15
num_cat=0
split_feature=3 2 13 15 13 10 14 12 12 13 0 1 10 0
split_gain=51452.3 1802.08 836.308 616.625 977.705 547.964 544.362 531.652 528.009 797.547 679.533 550.365 1154.76 618.654
threshold=1.0000000180025095e-35 75.823368000000016 688.62798463473371 5.0983766455000117 254.05081887727795 -39.580008746865325 0.21163429115709895 95.246813756613648 77.409863848487575 437.10312914365767 20.869891919721422 17.998907759875877 14.589252500000002 6.0889977790635257
decision_type=2 2 2 2 2 2 2 2 2 2 2 2 2 2
left_child=-1 2 6 4 -3 -5 7 -2 -7 11 -11 12 -10 -13
right_child=1 3 -4 5 -6 8 -8 -9 9 10 -12 13 -14 -15
leaf_value=-0.0070459904466035539 -0.0016491957632913134 -0.004453203862948678 -0.047660316711401619 0.0045750894700724567 0.0067058595885384122 0.00073547872919000452 0.001012494454619226 0.0051611334040208949 -0.0056027870877875616 -0.0035074503352331278 0.0050159195005185691 0.00034351726363816284 0.020195259266916125 0.013176382492014161
leaf_weight=60911 42493 10279 1245 12094 86358 11346 3167 3167 19493 52167 5968 10212 13415 10543
leaf_count=60911 42493 10279 1245 12094 86358 11346 3167 3167 19493 52167 5968 10212 13415 10543
internal_value=-0.00666188 0.000540385 -0.00634127 0.00202644 0.00446661 0.000282761 -0.0055158 -0.00662812 -0.000515169 -0.00134958 -0.00459551 0.00216686 -0.0010502 0.00726765
internal_weight=342858 281947 50072 231875 96637 135238 48827 45660 123144 111798 58135 53663 32908 20755
internal_count=342858 281947 50072 231875 96637 135238 48827 45660 123144 111798 58135 53663 32908 20755
is_linear=0
shrinkage=0.04


Tree=71
num_leaves=15
num_cat=0
split_feature=3 2 11 2 11 2 3 12 15 12 10 3 12 1
split_gain=51467.5 1687.92 944.482 1314.19 969.024 1217.37 662.351 765.519 625.052 613.695 505.114 460.822 439.158 392.774
threshold=1.0000000180025095e-35 75.823368000000016 5.6945819994817546 52.481935500000006 1.3318108941488167 57.426981000000005 9.8978170000000016 73.00617521394615 5.0120371472499707 179.53191084841717 203.39465150000004 17.277658000000006 76.002537184387805 50.197415507783148
decision_type=2 2 2 2 2 2 2 2 2 2 2 2 2 2
left_child=-1 2 4 -4 5 11 12 -8 -9 10 13 -2 -5 -3
right_child=1 9 3 6 -6 -7 7 8 -10 -11 -12 -13 -14 -15
leaf_value=-0.0067641508287394105 -0.00070971452412084803 0.00093887673742600432 -0.011281681090453306 0.037170444918145543 0.00044901814457499968 -0.014302404399850399 -0.010280200034616991 0.0034731605847678716 -0.0050290982697287047 0.023040057522607692 -0.062199727980365813 0.0012305252054735404 -0.00019139913668014152 0.008457590559998859
leaf_weight=61048 4546 217460 4444 831 15764 4213 4294 3152 7034 9046 3145 1799 4045 2245
leaf_count=61048 4546 217460 4444 831 15764 4213 4294 3152 7034 9046 3145 1799 4045 2245
internal_value=-0.00670029 0.000508053 -0.0061482 -0.0119227 -0.000926981 -0.010305 -0.00741889 -0.0117127 -0.00574121 0.00194673 0.00153215 0.000762805 0.00533224 0.00176
internal_weight=343066 282018 50122 23800 26322 10558 19356 14480 10186 231896 222850 6345 4876 219705
internal_count=343066 282018 50122 23800 26322 10558 19356 14480 10186 231896 222850 6345 4876 219705
is_linear=0
shrinkage=0.04


Tree=72
num_leaves=15
num_cat=0
split_feature=3 2 11 1 11 2 3 3 9 13 15 11 3 0
split_gain=51426.1 1646.87 1025.73 1525.75 1272.71 982.682 685.515 634.849 584.528 576.792 915.961 667.735 516.399 515.651
threshold=1.0000000180025095e-35 93.893329500000007 6.0374982202172536 4.2108233915032445 1.0000000180025095e-35 56.831857500000005 15.870981500000001 12.752513500000001 0.0038832472877380901 254.05081887727795 4.8872795136250327 28.913975048889508 111.54521050000001 5.8588980484263162
decision_type=2 2 2 2 2 2 2 2 2 2 2 2 2 2
left_child=-1 2 4 7 5 -2 -5 -4 -6 -3 11 12 -11 -12
right_child=1 9 3 6 8 -7 -8 -9 -10 10 13 -13 -14 -15
leaf_value=-0.0064935847955898398 0.002471713196629297 -0.0041474161622488516 -0.0062272846984712162 0.0049312632530924064 0.00024242628057111304 -0.010756186947897017 -0.0020809795228070496 -0.010821957225876507 0.0012780735632250729 0.01338620997558408 -0.0021861251996933596 -0.0033114752946663641 -0.0042191731531127851 0.0020748675535019025
leaf_weight=61082 2122 10007 5551 7887 23583 7027 19560 8730 3138 55813 63831 10848 3550 60354
leaf_count=61082 2122 10007 5551 7887 23583 7027 19560 8730 3138 55813 63831 10848 3550 60354
internal_value=-0.00672479 0.000482693 -0.00447847 -0.00874233 0.00048174 -0.0123948 -0.00322512 -0.019346 0.00489054 0.00236611 0.00284821 0.00649984 0.00816738 0.00078367
internal_weight=343083 282001 77598 41728 35870 9149 27447 14281 26721 204403 194396 70211 59363 124185
internal_count=343083 282001 77598 41728 35870 9149 27447 14281 26721 204403 194396 70211 59363 124185
is_linear=0
shrinkage=0.04


Tree=73
num_leaves=15
num_cat=0
split_feature=3 2 11 0 11 2 12 8 3 8 2 13 10 3
split_gain=51117.9 1525.79 938.268 1535.15 1160.75 890.496 760.94 573.751 568.259 573.558 551.233 543.545 509.842 470.086
threshold=1.0000000180025095e-35 95.022266500000015 6.0374982202172536 0.945480763365388 1.0000000180025095e-35 56.831857500000005 67.676908518145112 0.99987174219992891 9.8978170000000016 0.99999988381139804 243.03060150000002 402.25465539318549 203.39465150000004 14.375933000000002
decision_type=2 2 2 2 2 2 2 2 2 2 2 2 2 2
left_child=-1 2 4 -4 5 -2 -5 -7 -6 -10 12 -11 -3 -8
right_child=1 10 3 6 8 7 13 -9 9 11 -12 -13 -14 -15
leaf_value=-0.0062338414037662387 0.002382210115477932 0.0019215275389326981 -0.010668989189721879 -0.008125725069781535 -0.00016583538573604174 0.0022059096114707888 0.0028891960603598422 -0.015008720699521892 0.0012008658740591117 0.0012979236966278052 0.044665062090561175 -0.00033459507168274175 -0.06110972879523538 -0.0021825208038974697
leaf_weight=61039 2141 195757 4548 3534 11316 1467 10214 5789 6093 3393 4427 5879 3096 24260
leaf_count=61039 2141 195757 4548 3534 11316 1467 10214 5789 6093 3393 4427 5879 3096 24260
internal_value=-0.00681178 0.000374015 -0.0043574 -0.00838049 0.000388048 -0.0117016 -0.00575247 -0.0183903 0.004646 0.00965571 0.00220425 0.00339085 0.00189346 -0.00394036
internal_weight=342953 281914 78634 42556 36078 9397 38008 7256 26681 15365 203280 9272 198853 34474
internal_count=342953 281914 78634 42556 36078 9397 38008 7256 26681 15365 203280 9272 198853 34474
is_linear=0
shrinkage=0.04


Tree=74
num_leaves=15
num_cat=0
split_feature=3 2 13 11 12 11 2 12 13 13 10 0 11 10
split_gain=51127.9 1452.18 884.973 607.059 1407.41 802.472 1009.32 556.363 456.639 704.09 660.524 639.922 517.135 479.609
threshold=1.0000000180025095e-35 75.823368000000016 688.62798463473371 6.0374982202172536 69.808893415562011 1.3318108941488167 58.763237000000011 187.841329858145 254.05081887727795 315.69819775805632 15.159440500000001 7.1068842533077445 8.1114772755042512 -16.758840933038726
decision_type=2 2 2 2 2 2 2 2 2 2 2 2 2 2
left_child=-1 2 3 5 -5 6 -2 8 -3 10 11 13 -13 -10
right_child=1 7 -4 4 -6 -7 -8 -9 9 -11 -12 12 -14 -15
leaf_value=-0.005984487747615592 -8.4687937372924789e-05 -0.0042128175475875376 -0.044407770213455447 -0.0090508991301562688 -0.0015697215131215271 0.00037529979425631409 -0.0155379459898381 0.036415114909932073 0.007331949043935815 0.00041832622484320623 0.026874754791944594 -0.089721718154089705 0.013178590360468007 -0.0047851979218102511
leaf_weight=61079 7044 10310 1259 5881 15951 16491 3502 5196 7882 178266 9668 285 7775 12492
leaf_count=61079 7044 10310 1259 5881 15951 16491 3502 5196 7882 178266 9668 285 7775 12492
internal_value=-0.00682043 0.000365955 -0.00580753 -0.00495447 -0.00991572 -0.00094833 -0.00956571 0.00170058 0.00140393 0.00179583 0.00673141 0.00366041 0.013201 -0.000113871
internal_weight=343081 282002 50128 48869 21832 27037 10546 231874 226678 216368 38102 28434 8060 20374
internal_count=343081 282002 50128 48869 21832 27037 10546 231874 226678 216368 38102 28434 8060 20374
is_linear=0
shrinkage=0.04


Tree=75
num_leaves=15
num_cat=0
split_feature=3 2 13 11 12 11 2 12 3 8 15 3 15 13
split_gain=50970 1398.37 907.698 602.274 1436.8 708.463 946.112 523.527 428.486 422.18 466.086 420.979 399.641 620.778
threshold=1.0000000180025095e-35 75.823368000000016 688.62798463473371 6.0374982202172536 69.808893415562011 1.3318108941488167 62.046116000000005 190.98743383476994 9.8978170000000016 0.9987331892243666 1.9769870124999758 202.31935350000003 5.0983766455000117 263.48706550046819
decision_type=2 2 2 2 2 2 2 2 2 2 2 2 2 2
left_child=-1 2 3 5 -5 6 9 11 -7 10 -2 12 13 -3
right_child=1 7 -4 4 -6 8 -8 -9 -10 -11 -12 -13 -14 -15
leaf_value=-0.0057451082377109764 -0.75420731170046795 -0.002963037549669565 -0.042631459404917235 -0.0087146930760766406 -0.0014679016509565202 -0.00023028547990326944 -0.020529975536858102 0.046046253437839281 0.00087524864219316715 -0.00076959341269914109 1.7123203692482412 -0.056289839871760623 8.9826970882096456e-05 0.0054176377301390069
leaf_weight=60953 252 13681 1278 5860 16014 6707 2292 3958 9778 7234 737 3194 131851 79282
leaf_count=60953 252 13681 1278 5860 16014 6707 2292 3958 9778 7234 737 3194 131851 79282
internal_value=-0.00683019 0.000336313 -0.00572021 -0.00485002 -0.0097833 -0.000853333 -0.00896624 0.00164576 0.0043215 -0.00263164 0.0218807 0.00139539 0.00160026 0.00360875
internal_weight=343071 282118 50152 48874 21874 27000 10515 231966 16485 8223 989 228008 224814 92963
internal_count=343071 282118 50152 48874 21874 27000 10515 231966 16485 8223 989 228008 224814 92963
is_linear=0
shrinkage=0.04


Tree=76
num_leaves=15
num_cat=0
split_feature=3 2 13 11 12 11 2 12 8 3 3 1 15 13
split_gain=51069.9 1367.06 900.059 560.407 1383.95 759.028 958.909 546.503 401.875 391.032 386.328 373.849 427.976 575.35
threshold=1.0000000180025095e-35 75.823368000000016 688.62798463473371 6.0374982202172536 69.808893415562011 1.3318108941488167 58.763237000000011 187.841329858145 0.99998513228630592 9.8978170000000016 202.31935350000003 50.197415507783148 5.0983766455000117 263.48706550046819
decision_type=2 2 2 2 2 2 2 2 2 2 2 2 2 2
left_child=-1 2 3 5 -5 6 8 10 -2 -7 11 12 13 -3
right_child=1 7 -4 4 -6 9 -8 -9 -10 -11 -12 -13 -14 -15
leaf_value=-0.0055153039082025401 0.0012464159964888921 -0.0028143492792302681 -0.04092697401712634 -0.0083552452283492951 -0.0014010789843864481 -0.00020305218632200807 -0.014907729094188872 0.035591137973803325 -0.00091806597293047081 0.00085832688283792534 -0.05373713000712875 0.0079391050060725089 -4.1022550564164261e-05 0.0051592740555997368
leaf_weight=61060 2247 13669 1276 5857 15867 6706 3504 5221 4761 9790 3216 2247 129319 77999
leaf_count=61060 2247 13669 1276 5857 15867 6706 3504 5221 4761 9790 3216 2247 129319 77999
internal_value=-0.00683657 0.000352316 -0.0056455 -0.00477715 -0.00955993 -0.000930095 -0.00933029 0.00164699 -0.000787671 0.00442289 0.001352 0.0015503 0.00138524 0.00347602
internal_weight=342739 281679 50008 48732 21724 27008 10512 231671 7008 16496 226450 223234 220987 91668
internal_count=342739 281679 50008 48732 21724 27008 10512 231671 7008 16496 226450 223234 220987 91668
is_linear=0
shrinkage=0.04


Tree=77
num_leaves=15
num_cat=0
split_feature=3 2 15 2 14 12 9 10 11 13 10 3 3 1
split_gain=50939.3 1288.95 995.771 945.706 626.074 565.277 529.733 526.081 769.5 671.688 668.751 821.751 733.278 1021.47
threshold=1.0000000180025095e-35 95.022266500000015 2.6583574773750063 1.0000000180025095e-35 0.21021760849986634 62.377078147499368 0.0038832472877380901 92.146493000000007 26.05267526608392 228.57383096747418 -29.91802258064471 26.290846000000005 24.685120000000001 24.898096725812156
decision_type=2 2 2 2 2 2 2 2 2 2 2 2 2 2
left_child=-1 2 6 -4 -5 -6 -2 8 -3 -9 11 -10 13 -12
right_child=1 7 3 4 5 -7 -8 9 10 -11 12 -13 -14 -15
leaf_value=-0.0052946917518744384 0.00021179116269751219 0.0057369612309343945 1.7808839702240742 -0.0011452795839561958 0.0011078871252127342 5.6542226672111618e-05 -0.039027460503576437 -0.040941770588445524 0.083674930113642243 -0.0032241008765598522 -0.0011819994319341833 0.0018895979517984357 -0.0037725110708696466 0.045697602627137325
leaf_weight=61085 963 101905 807 61253 2232 10756 2678 810 1406 19709 25629 24629 26123 3227
leaf_count=61085 963 101905 807 61253 2232 10756 2678 810 1406 19709 25629 24629 26123 3227
internal_value=-0.00688228 0.000288239 -0.00405902 -0.0030679 -0.00353605 0.00444102 -0.0244878 0.00196974 0.00265101 -0.00410351 -0.000258721 0.00502247 -0.0027596 0.00163571
internal_weight=343212 282127 78689 75048 74241 12988 3641 203438 182919 20519 81014 26035 54979 28856
internal_count=343212 282127 78689 75048 74241 12988 3641 203438 182919 20519 81014 26035 54979 28856
is_linear=0
shrinkage=0.04


Tree=78
num_leaves=15
num_cat=0
split_feature=3 2 13 11 12 11 2 2 3 10 2 15 15 0
split_gain=50813.7 1235.25 907.114 603.588 1397.62 720.316 932.595 490.39 426.153 387.375 379.505 682.294 489.806 431.993
threshold=1.0000000180025095e-35 75.823368000000016 688.62798463473371 5.6945819994817546 69.808893415562011 1.3318108941488167 56.831857500000005 243.03060150000002 16.995877000000004 203.39465150000004 151.76657100000003 1.9769870124999758 6.3215550291249807 20.436956109415704
decision_type=2 2 2 2 2 2 2 2 2 2 2 2 2 2
left_child=-1 2 3 5 -5 6 8 9 -2 10 11 -3 -12 -13
right_child=1 7 -4 4 -6 -7 -8 -9 -10 -11 12 13 -14 -15
leaf_value=-0.0050829040817994553 -0.00063339303908881205 -0.016248803751732366 -0.037760849630072639 -0.0074529206657603852 -0.0012773390617215608 0.00039927895711993955 -0.011264416686066614 0.039956345694642528 0.0013240773164737618 -0.052248628736964044 0.0067436048554691212 -1.1254216528135963e-05 -0.011393533221242542 0.0058015645424172773
leaf_weight=60966 4279 1079 1270 6206 16309 15773 4497 4427 1754 3191 61116 141165 12025 9229
leaf_count=60966 4279 1079 1270 6206 16309 15773 4497 4427 1754 3191 61116 141165 12025 9229
internal_value=-0.00688312 0.000268348 -0.00542885 -0.00456061 -0.00936798 -0.000445577 -0.00854701 0.00149712 0.00173048 0.00124089 0.00143749 0.00029497 0.00380361 0.000522361
internal_weight=343286 282320 50088 48818 22515 26303 10530 232232 6033 227805 224614 151473 73141 150394
internal_count=343286 282320 50088 48818 22515 26303 10530 232232 6033 227805 224614 151473 73141 150394
is_linear=0
shrinkage=0.04


Tree=79
num_leaves=15
num_cat=0
split_feature=3 2 15 2 0 13 15 14 14 11 12 11 10 12
split_gain=50719.5 1150.55 1012.37 941.661 657.727 659.659 645.815 532.135 762.09 723.151 852.076 718.644 520.202 510.192
threshold=1.0000000180025095e-35 109.82534400000002 2.6583574773750063 1.0000000180025095e-35 11.393772674058603 266.16836799851399 11.720497890624971 0.21021760849986634 0.19726957747197196 6.2499740360546339 66.358560354540145 1.3318108941488167 -2.04893817760416 67.043418052509125
decision_type=2 2 2 2 2 2 2 2 2 2 2 2 2 2
left_child=-1 2 -2 -4 -3 -6 7 8 11 13 -11 12 -5 -10
right_child=1 4 3 6 5 -7 -8 -9 9 10 -12 -13 -14 -15
leaf_value=-0.0048795879185274775 -0.030539947026466872 0.0011797044128924706 1.7219777797302331 -0.017897382114221511 0.027768573601663304 0.0047893661497276649 0.0015007559688020723 0.00031408126980637664 0.00040408874206564248 -0.010548477556311289 -0.0043551447815764633 0.00032341634482337513 -0.00032691039850085701 -0.0035343372719935841
leaf_weight=61076 4381 158614 832 2680 1113 21710 4941 15118 8867 3103 21875 31679 3102 3986
leaf_count=61076 4381 158614 832 2680 1113 21710 4941 15118 8867 3103 21875 31679 3102 3986
internal_value=-0.00695226 0.000205247 -0.0032266 -0.00237007 0.0021074 0.00845638 -0.00273977 -0.00350935 -0.00488445 -0.00888901 -0.0128561 -0.000840341 -0.0138084 -0.00117949
internal_weight=343077 282001 100564 96183 181437 22823 95351 90410 75292 37831 24978 37461 5782 12853
internal_count=343077 282001 100564 96183 181437 22823 95351 90410 75292 37831 24978 37461 5782 12853
is_linear=0
shrinkage=0.04


Tree=80
num_leaves=15
num_cat=0
split_feature=3 2 13 14 12 12 12 13 13 10 0 10 10 15
split_gain=50854.5 1004.1 938.98 570.127 464.237 432.606 492.716 405.418 537.346 629.889 674.368 481.914 416.068 413.822
threshold=1.0000000180025095e-35 75.823368000000016 688.62798463473371 0.21021760849986634 190.98743383476994 58.355169547935326 94.336988677530428 254.05081887727795 315.69819775805632 15.159440500000001 7.1768559434178281 -16.758840933038726 -6.9421098142051738 4.033176384499968
decision_type=2 2 2 2 2 2 2 2 2 2 2 2 2 2
left_child=-1 2 3 5 7 -2 -7 13 9 10 11 -9 -13 -3
right_child=1 4 -4 -5 -6 6 -8 8 -10 -11 -12 12 -14 -15
leaf_value=-0.0046844044017863773 0.00059582421259539052 -0.0075193125791180471 -0.034981896475234378 0.0006232185661710865 0.042081839575070237 -0.0018481025747291025 0.0044789369913940651 0.006410054173935649 0.00031990043008154337 0.024776494260865069 0.010925489340336826 -0.013162681496963646 -0.00025642732363872155 0.00099409247736923943
leaf_weight=60985 3088 5312 1262 6098 3950 36232 3331 7929 179135 9710 8255 4661 8082 4955
leaf_count=60985 3088 5312 1262 6098 3950 36232 3331 7929 179135 9710 8255 4661 8082 4955
internal_value=-0.00687925 0.000283404 -0.00485733 -0.00397547 0.00139162 -0.00561112 -0.0067366 0.00115612 0.00152233 0.00580066 0.00284164 -0.0010178 -0.00583536 -0.00661147
internal_weight=342985 282000 50011 48749 231989 42651 39563 228039 217772 38637 28927 20672 12743 10267
internal_count=342985 282000 50011 48749 231989 42651 39563 228039 217772 38637 28927 20672 12743 10267
is_linear=0
shrinkage=0.04


Tree=81
num_leaves=15
num_cat=0
split_feature=3 2 11 12 14 11 2 15 8 12 10 11 3 15
split_gain=50786.4 926.229 1033.25 1289.61 1034.4 846.107 769.729 543.521 500.928 489.993 463.976 713.279 592.529 487.893
threshold=1.0000000180025095e-35 95.022266500000015 6.9058826086755767 71.87022074474568 0.23320872121670802 1.0000000180025095e-35 56.831857500000005 5.5091575310000289 0.99999988381139804 76.002537184387805 86.162453000000014 26.326114004459136 85.005307000000016 3.0686840562500071
decision_type=2 2 2 2 2 2 2 2 2 2 2 2 2 2
left_child=-1 2 5 -4 -5 6 -2 -8 -7 -9 11 -3 -13 -12
right_child=1 10 3 4 -6 8 7 9 -10 -11 13 12 -14 -15
leaf_value=-0.0044970282257149208 0.0023234668157395078 0.0053562623692446154 -0.0070509389661461697 -0.001168051941326167 -0.033631944651869541 0.00084566142541230959 -0.017697190850689885 0.0016132192631480714 4.318937922278998e-05 -0.01847922927609302 -0.018595469215550553 -0.00098322417722695012 0.0048268804724541162 -0.0022212731104292679
leaf_weight=60959 2115 101280 7877 30648 1253 10905 3752 2567 18659 899 2120 74989 5524 19504
leaf_count=60959 2115 101280 7877 30648 1253 10905 3752 2567 18659 899 2120 74989 5524 19504
internal_value=-0.00689215 0.000262326 -0.0034232 -0.00795616 -0.00437729 0.00121243 -0.00928747 -0.0155057 0.00452713 -0.0040854 0.00168776 0.00234663 -0.000463528 -0.00385128
internal_weight=343051 282092 78675 39778 31901 38897 9333 7218 29564 3466 203417 181793 80513 21624
internal_count=343051 282092 78675 39778 31901 38897 9333 7218 29564 3466 203417 181793 80513 21624
is_linear=0
shrinkage=0.04


Tree=82
num_leaves=15
num_cat=0
split_feature=3 2 14 0 13 14 14 11 12 8 12 11 11 0
split_gain=50826.9 928.618 1043.59 628.787 616.936 591.718 523.249 1028.58 855.841 753.96 586.162 472.873 567.072 944.398
threshold=1.0000000180025095e-35 109.82534400000002 0.23320872121670802 11.393772674058603 266.16836799851399 0.21021760849986634 0.19726957747197196 8.1114772755042512 66.668625161812813 0.99999988381139804 67.402666627609378 1.3318108941488167 3.301646399963194 1.3637830623140059
decision_type=2 2 2 2 2 2 2 2 2 2 2 2 2 2
left_child=-1 2 5 -3 -5 6 11 9 -9 -8 -11 -2 -13 -14
right_child=1 3 -4 4 -6 -7 7 8 -10 10 -12 12 13 -15
leaf_value=-0.0043171470966863268 -0.002744330662692356 0.001048925503807061 -0.032251438136546719 0.026135453093505703 0.0045778955329576062 0.00047206746767338716 0.001372657736960825 -0.011397371064645405 -0.0039205609629897435 8.9711989037049019e-05 -0.011398873291912883 0.00092420773890838253 -0.0026549216949938084 0.0015203782291946767
leaf_weight=61121 6811 158640 1283 1118 21633 17776 4934 2782 22312 8181 3238 4093 5404 23903
leaf_count=61121 6811 158640 1283 1118 21633 17776 4934 2782 22312 8181 3238 4093 5404 23903
internal_value=-0.00693053 0.000234237 -0.0028456 0.00194431 0.00816316 -0.00238309 -0.00382277 -0.00697662 -0.0120634 0.000829206 -0.00481653 -0.000571983 0.00138683 -0.000560958
internal_weight=343229 282108 100717 181391 22751 99434 81658 41447 25094 16353 11419 40211 33400 29307
internal_count=343229 282108 100717 181391 22751 99434 81658 41447 25094 16353 11419 40211 33400 29307
is_linear=0
shrinkage=0.04


Tree=83
num_leaves=15
num_cat=0
split_feature=3 2 14 14 10 11 12 11 10 11 3 1 12 2
split_gain=50812.5 804.189 1050.58 975.112 583.017 566.235 1864.65 909.914 794.889 563.265 559.94 948.196 553.423 560.008
threshold=1.0000000180025095e-35 113.99888200000002 0.23320872121670802 0.21021760849986634 92.146493000000007 6.0374982202172536 69.808893415562011 1.3318108941488167 -0.77990693544257261 26.58502020371408 14.786411500000002 12.75174960068969 74.973579591111317 84.351326000000014
decision_type=2 2 2 2 2 2 2 2 2 2 2 2 2 2
left_child=-1 2 3 5 9 7 -7 8 12 -3 11 -8 13 -2
right_child=1 4 -4 -5 -6 6 10 -9 -10 -11 -12 -13 -14 -15
leaf_value=-0.0041444612128188748 -0.003529437426793063 0.0072747804516147133 -0.030961380611084853 0.00079638846332000138 -0.0054429415590200852 -0.0072078941699901741 -0.00078453471553281587 0.00055041251593666016 0.0010015317770193199 3.3857918151225518e-05 -0.0025092391211468837 0.039987214092918985 -0.04620366151633 0.0078372558133893884
leaf_weight=60891 5336 83970 1266 21539 20329 6322 12837 18095 4305 60623 41835 2219 2605 886
leaf_count=60891 5336 83970 1266 21539 20329 6322 12837 18095 4305 60623 41835 2219 2605 886
internal_value=-0.00686111 0.000290183 -0.00224248 -0.00184689 0.00209069 -0.00359848 -0.00577539 0.000808275 -0.00720682 0.00298244 -0.00348526 0.00312965 -0.0140795 -0.00759884
internal_weight=343058 282167 117245 115979 164922 94440 63213 31227 13132 144593 56891 15056 8827 6222
internal_count=343058 282167 117245 115979 164922 94440 63213 31227 13132 144593 56891 15056 8827 6222
is_linear=0
shrinkage=0.04


Tree=84
num_leaves=15
num_cat=0
split_feature=3 2 14 14 0 15 14 11 12 15 12 9 12 15
split_gain=50776.2 758.902 1049.08 905.691 559.952 502.353 510.877 785.356 915.086 736.671 499.944 454.664 470.005 440.285
threshold=1.0000000180025095e-35 113.99888200000002 0.23320872121670802 0.21021760849986634 11.393772674058603 9.0992552776249926 0.19726957747197196 8.1114772755042512 67.043418052509125 2.6583574773750063 78.541308520057825 0.0038832472877380901 67.676908518145112 5.9796299179999872
decision_type=2 2 2 2 2 2 2 2 2 2 2 2 2 2
left_child=-1 2 3 5 13 6 9 11 -9 -2 -7 12 -8 -3
right_child=1 4 -4 -5 -6 10 7 8 -10 -11 -12 -13 -14 -15
leaf_value=-0.0039786827643061252 -0.03523038614283177 0.0032842174597772621 -0.029751316783250381 0.00076453292478720239 0.0067102451662793159 0.0021081517953048402 0.000213760795406035 -0.010717800309173199 -0.0038932989840027065 -9.0265882051561162e-05 -0.00049229484849764638 0.0021288831728932633 -0.011140425720815497 -0.0019608431114649361
leaf_weight=60979 1393 94143 1250 21654 17460 2711 9824 2806 25632 42609 4708 1268 3549 53256
leaf_count=60979 1393 94143 1250 21654 17460 2711 9824 2806 25632 42609 4708 1268 3549 53256
internal_value=-0.00690009 0.000250688 -0.00220708 -0.00181483 0.00200098 -0.00350561 -0.00435686 -0.00745328 -0.0113285 -0.00132539 0.00648605 7.37655e-05 -0.00209676 0.00119865
internal_weight=343242 282263 117404 116154 164859 94500 87081 43079 28438 44002 7419 14641 13373 147399
internal_count=343242 282263 117404 116154 164859 94500 87081 43079 28438 44002 7419 14641 13373 147399
is_linear=0
shrinkage=0.04


Tree=85
num_leaves=15
num_cat=0
split_feature=3 2 15 2 13 15 13 0 13 13 11 11 10 0
split_gain=50690.4 688.26 1042.31 944.609 575.282 616.291 491.234 518.304 483.345 479.722 466.282 877.061 682.623 555.863
threshold=1.0000000180025095e-35 113.99888200000002 1.9769870124999758 1.0000000180025095e-35 254.05081887727795 5.9796299179999872 483.74894686908766 0.79006964957338333 480.85936742582709 443.60715893120567 1.4305564728920757 3.301646399963194 -2.3649879767881217 4.2284615087249948
decision_type=2 2 2 2 2 2 2 2 2 2 2 2 2 2
left_child=-1 2 9 -4 -3 -6 8 -8 10 -2 12 -12 -5 -13
right_child=1 4 3 6 5 -7 7 -9 -10 -11 11 13 -14 -15
leaf_value=-0.0038195354537338844 0.00083162178397379273 -0.0044166866331981167 1.6776639660980166 -0.01628422978355392 0.0061615384517891437 -0.00046349969215725428 -0.0051160309904098077 0.00042533597832043578 -0.0052465108169392725 -0.029727694143783196 0.0010106851696857744 -0.0021396343995361855 -0.00031220427287816934 -0.00012800810475928681
leaf_weight=60995 674 9339 868 4188 90518 64448 970 36205 3121 1765 7024 22642 5913 33722
leaf_count=60995 674 9339 868 4188 90518 64448 970 36205 3121 1765 7024 22642 5913 33722
internal_value=-0.00694222 0.000223314 -0.00212004 -0.00156961 0.00189331 0.00247435 -0.00188672 0.00188621 -0.00371753 -0.0279951 -0.00306277 -0.00179088 -0.0110445 -0.00345185
internal_weight=342392 281397 117092 114653 164305 154966 113785 37175 76610 2439 73489 63388 10101 56364
internal_count=342392 281397 117092 114653 164305 154966 113785 37175 76610 2439 73489 63388 10101 56364
is_linear=0
shrinkage=0.04


Tree=86
num_leaves=15
num_cat=0
split_feature=3 2 15 2 14 14 10 10 13 15 13 12 15 14
split_gain=50784.3 638.216 1261.6 939.88 747.043 844.816 578.194 486.919 473.818 444.1 509.446 443.001 428.899 443.332
threshold=1.0000000180025095e-35 124.16320400000002 1.9769870124999758 1.0000000180025095e-35 0.21021760849986634 0.210843859845816 68.97919450000002 19.701202500000004 263.48706550046819 3.7914950851250073 266.16836799851399 62.678228582090959 11.720497890624971 0.19553351814842726
decision_type=2 2 2 2 2 2 2 2 2 2 2 2 2 2
left_child=-1 2 11 -4 7 -6 8 12 -3 -10 -11 -2 13 -5
right_child=1 6 3 4 5 -7 -8 -9 9 10 -12 -13 -14 -15
leaf_value=-0.0036667540355845318 0.0054920895259199303 -0.0047980387792413469 1.5970169183419978 -0.00021703887616896013 0.0085495429819415752 0.00037297108457426734 -0.0034272724680319698 0.15136918534979285 0.014908932586194626 0.01131004921032428 0.0029586786501208605 -0.028840824330177827 0.0013222379472948732 -0.0020387897377782886
leaf_weight=61010 551 7011 888 49170 2738 27677 23353 725 27272 2195 70646 2110 7281 60372
leaf_count=61010 551 7011 888 49170 2738 27677 23353 725 27272 2195 70646 2110 7281 60372
internal_value=-0.00691022 0.000248946 -0.00151698 -0.00102895 -0.00127518 0.00431235 0.00229956 -0.00272093 0.00354281 0.0042468 0.00261666 -0.0288162 -0.00292374 -0.00354859
internal_weight=342999 281989 151512 148851 147963 30415 130477 117548 107124 100113 72841 2661 116823 109542
internal_count=342999 281989 151512 148851 147963 30415 130477 117548 107124 100113 72841 2661 116823 109542
is_linear=0
shrinkage=0.04


Tree=87
num_leaves=15
num_cat=0
split_feature=3 2 14 14 11 12 11 10 12 2 14 3 12 1
split_gain=50881.7 618.817 1081.12 665.157 556.878 1875.72 806.74 688.039 581.068 505.337 503.611 686.455 515.244 507.109
threshold=1.0000000180025095e-35 113.99888200000002 0.23320872121670802 0.21021760849986634 6.0374982202172536 69.808893415562011 1.3318108941488167 -0.77990693544257261 75.504437487597983 84.351326000000014 0.19726957747197196 14.578629500000002 76.520328599420523 12.75174960068969
decision_type=2 2 2 2 2 2 2 2 2 2 2 2 2 2
left_child=-1 2 3 4 6 -6 7 8 9 -2 11 13 -12 -7
right_child=1 -3 -4 -5 5 10 -8 -9 -10 -11 12 -13 -14 -15
leaf_value=-0.0035200838741611487 -0.0032131975176779726 0.0019442976489179658 -0.026210864855991681 0.0006568494272714998 -0.0065174255454879138 0.0057510764680569152 0.00056068668011090012 0.00097735229390403687 -0.045162678221388204 0.0077347276686267046 0.00090119091338213052 -0.0015881724722590206 -0.003197178928024813 0.041978608941771932
leaf_weight=61200 5449 164859 1275 21594 6405 6869 18092 4326 2492 907 2014 18105 28303 1566
leaf_count=61200 5449 164859 1275 21594 6405 6869 18092 4326 2492 907 2014 18105 28303 1566
internal_value=-0.00693632 0.000232697 -0.00198676 -0.00158454 -0.00303148 -0.00518985 0.00133564 -0.00619402 -0.0125859 -0.0061674 -0.0028781 0.00114544 -0.00640037 0.0105702
internal_weight=343456 282256 117397 116122 94528 63262 31266 13174 8848 6356 56857 26540 30317 8435
internal_count=343456 282256 117397 116122 94528 63262 31266 13174 8848 6356 56857 26540 30317 8435
is_linear=0
shrinkage=0.04


Tree=88
num_leaves=15
num_cat=0
split_feature=3 2 11 12 14 3 0 14 14 11 11 12 12 13
split_gain=50713.8 584.274 1360.63 1192.16 1032.92 633.595 600.242 519.344 506.25 486.762 427.15 538.811 417.16 416.103
threshold=1.0000000180025095e-35 89.77006950000002 8.1114772755042512 71.87022074474568 0.21850692549482056 17.277658000000006 8.0494729251244781 0.21119370650505589 0.19957040715700683 1.0000000180025095e-35 6.0374982202172536 66.358560354540145 76.002537184387805 254.05081887727795
decision_type=2 2 2 2 2 2 2 2 2 2 2 2 2 2
left_child=-1 2 5 -4 7 9 -7 8 -5 -2 -11 -12 -13 -3
right_child=1 13 3 4 -6 6 -8 -9 -10 10 11 12 -14 -15
leaf_value=-0.0033792805191946939 -0.0097562863293422803 -0.0039458234486906656 -0.0074563365071129975 0.00061487360849242555 -0.023817159221962054 0.00080140180498074372 -0.003335146858575202 0.0051004371950451911 -0.0037346054711152243 0.00024744381422809881 -0.0039767181942577069 0.031062262787327617 -0.0069154113284049237 0.0014876728882063251
leaf_weight=61079 4292 10032 6287 11459 1597 14683 1979 2015 11718 16545 1405 402 699 198737
leaf_count=61079 4292 10032 6287 11459 1597 14683 1979 2015 11718 16545 1405 402 699 198737
internal_value=-0.00695666 0.00020408 -0.00287407 -0.00887653 -0.00519766 0.00208874 0.00804705 -0.00322007 -0.00491349 -0.00216425 0.000577398 -0.0148125 0.00613987 0.00128161
internal_weight=342929 281850 73081 33076 26789 40005 16662 25192 23177 23343 19051 2506 1101 208769
internal_count=342929 281850 73081 33076 26789 40005 16662 25192 23177 23343 19051 2506 1101 208769
is_linear=0
shrinkage=0.04


Tree=89
num_leaves=15
num_cat=0
split_feature=3 10 10 0 11 10 11 3 15 10 15 10 11 15
split_gain=50565.4 533.3 1481.7 804.138 825.063 1343.38 764.477 1011.3 757.739 747.999 719.446 674.702 797.807 705.694
threshold=1.0000000180025095e-35 14.894217000000003 17.250566500000001 4.7194285493662385 5.8633800775917848 -0.9619805138546681 1.0113710542428374 14.280324500000001 0.88182971749998285 -13.574902839931974 6.7514341424999467 -17.965663822846967 4.2858691208770603 5.0983766455000117
decision_type=2 2 2 2 2 2 2 2 2 2 2 2 2 2
left_child=-1 3 8 4 -2 -6 10 9 -3 -8 -5 -9 -13 -14
right_child=1 2 -4 6 5 -7 7 11 -10 -11 -12 12 13 -15
leaf_value=-0.0032441092984269028 0.00010463393322947212 -0.0072474042783143488 0.0015649438951391838 -0.044090881188522973 -0.0032674892804493271 -0.0068615228659621597 0.060870535739780351 0.002017131437796076 0.037581621018635422 0.0070388473442676734 -0.00064514936624499258 0.001374055922301123 0.0018284967360878612 -0.0029318749159159443
leaf_weight=61045 36934 756 66635 1765 50985 4740 2323 57346 8011 8513 2665 2211 13477 25500
leaf_count=61045 36934 756 66635 1765 50985 4740 2323 57346 8011 8513 2665 2211 13477 25500
internal_value=-0.0069941 0.00015426 0.00303334 -0.000897224 -0.00366376 -0.00673665 0.00135536 0.00201518 0.0184921 0.0136139 -0.0149345 0.000739643 -0.00316597 -0.00449188
internal_weight=342906 281861 75402 206459 92659 55725 113800 109370 8767 10836 4430 98534 41188 38977
internal_count=342906 281861 75402 206459 92659 55725 113800 109370 8767 10836 4430 98534 41188 38977
is_linear=0
shrinkage=0.04


Tree=90
num_leaves=15
num_cat=0
split_feature=3 2 15 2 8 12 3 10 3 11 3 10 3 3
split_gain=50692.8 555.553 1110.46 1117.64 490.06 553.147 564.571 773.647 497.061 487.356 990.444 705.402 907.129 473.692
threshold=1.0000000180025095e-35 50.618523000000003 1.9769870124999758 1.0000000180025095e-35 0.99998349871351067 58.355169547935326 24.511992500000002 -13.574902839931974 15.189197500000001 26.326114004459136 75.471565000000012 -29.528030116400913 26.136531000000002 24.685120000000001
decision_type=2 2 2 2 2 2 2 2 2 2 2 2 2 2
left_child=-1 2 -2 -4 9 -6 7 8 -7 10 -3 12 -11 -13
right_child=1 4 3 -5 5 6 -8 -9 -10 11 -12 13 -14 -15
leaf_value=-0.0031143449264898317 -0.025017418249480238 0.0019901607710443516 1.5354151288956095 -0.0055354230501825086 0.0010057661420744247 0.060646193576554534 -0.0051658992235484114 -0.00089043539758540294 0.0052233573478045617 0.077849603948867585 -0.0037235394866321392 -0.00024997090531369865 0.0012247429367123342 -0.0037245166751764796
leaf_weight=61034 1819 117139 884 1077 2407 1181 7385 42358 4426 1579 24935 26288 24821 25768
leaf_count=61034 1819 117139 884 1077 2407 1181 7385 42358 4426 1579 24935 26288 24821 25768
internal_value=-0.00694688 0.000205199 -0.0150265 0.00585416 0.000412093 -0.00286788 -0.00368419 -0.00209903 0.0118637 0.00127112 0.00266847 -0.0012593 0.00406667 -0.00396035
internal_weight=343101 282067 3780 1961 278287 57757 55350 47965 5607 220530 142074 78456 26400 52056
internal_count=343101 282067 3780 1961 278287 57757 55350 47965 5607 220530 142074 78456 26400 52056
is_linear=0
shrinkage=0.04


Tree=91
num_leaves=15
num_cat=0
split_feature=3 2 11 2 0 3 10 3 1 11 12 3 1 1
split_gain=50582.8 527.561 1042.33 447.171 418.361 415.32 433.899 408.985 389.174 440.835 1874.04 576.128 1163.68 719.866
threshold=1.0000000180025095e-35 50.618523000000003 3.1809551265848559 225.76840200000001 20.436956109415704 116.64586900000002 14.894217000000003 24.511992500000002 50.197415507783148 8.1114772755042512 71.87022074474568 14.479475500000001 13.623820470940759 17.871191060754906
decision_type=2 2 2 2 2 2 2 2 2 2 2 2 2 2
left_child=-1 2 -2 4 8 6 -5 -6 9 -3 -11 12 -12 -13
right_child=1 3 -4 5 7 -7 -8 -9 -10 10 11 13 -14 -15
leaf_value=-0.0029897711294302456 0.33836993069165916 0.00035416155976090378 -0.023153416356898406 0.00015849642740253244 0.063895452661230465 -0.0056835595992772566 0.028861366367265315 0.0032287279741599773 0.0070719477300275526 -0.0066134065114412024 0.00070245330408140742 -0.002899759766656853 0.049186181915219722 0.00032963408136275907
leaf_weight=61034 1292 114888 2463 3194 990 1237 5462 8197 2220 6212 16812 45077 3799 70296
leaf_count=61034 1292 114888 2463 3194 990 1237 5462 8197 2220 6212 16812 45077 3799 70296
internal_value=-0.00698202 0.00016063 -0.0147324 0.000361515 5.37821e-05 0.00871323 0.0118115 0.00844236 -0.000243421 -0.000387422 -0.00187628 -0.000894811 0.00526515 -0.00199527
internal_weight=343173 282139 3755 278384 268491 9893 8656 9187 259304 257084 142196 135984 20611 115373
internal_count=343173 282139 3755 278384 268491 9893 8656 9187 259304 257084 142196 135984 20611 115373
is_linear=0
shrinkage=0.04


Tree=92
num_leaves=15
num_cat=0
split_feature=3 2 15 2 9 3 10 3 11 3 10 3 3 2
split_gain=50505.3 590.305 1051.04 1182.17 461.686 467.531 589.328 467.719 433.27 905.213 657.056 771.362 503.11 458.083
threshold=1.0000000180025095e-35 50.618523000000003 1.9769870124999758 1.0000000180025095e-35 1.9219943283854682e-05 23.603676500000002 -13.938357362300467 15.570938000000002 26.326114004459136 75.471565000000012 -29.91802258064471 32.816897500000003 85.005307000000016 81.34201400000002
decision_type=2 2 2 2 2 2 2 2 2 2 2 2 2 2
left_child=-1 2 -2 -4 5 6 7 -3 9 -6 11 -10 -13 -12
right_child=1 4 3 -5 8 -7 -8 -9 10 -11 13 12 -14 -15
leaf_value=-0.0028701802842530278 -0.02312615589280801 0.057532978795566139 1.4602491879379 -0.013977320905548157 0.0019277686834122231 -0.0036872052455835026 -0.00055840335501612388 0.0052130581440211921 0.047600480515762558 -0.0034702265990038568 -0.019472665417671068 -0.00079159214849190641 0.0053730035966862476 -0.0021406187414586275
leaf_weight=61035 1810 1113 881 1083 116419 8612 44674 3731 3453 25048 1082 18032 4064 51858
leaf_count=61035 1810 1113 881 1083 116419 8612 44674 3731 3453 25048 1082 18032 4064 51858
internal_value=-0.00701054 0.000133116 -0.0155803 0.00468432 0.000346368 -0.00282402 -0.001328 0.011924 0.00118424 0.00250659 -0.00119915 0.00406904 0.00132151 -0.00374159
internal_weight=342895 281860 3774 1964 278086 58130 49518 4844 219956 141467 78489 25549 22096 52940
internal_count=342895 281860 3774 1964 278086 58130 49518 4844 219956 141467 78489 25549 22096 52940
is_linear=0
shrinkage=0.04


Tree=93
num_leaves=15
num_cat=0
split_feature=3 2 15 2 2 15 15 12 0 1 10 3 1 3
split_gain=50516.1 562.731 1087.97 1058.16 445.953 662.006 578.922 511.921 442.912 389.917 359.129 377.057 456.075 356.18
threshold=1.0000000180025095e-35 50.618523000000003 1.9769870124999758 1.0000000180025095e-35 147.36920200000003 6.3215550291249807 1.1937700325000125 62.916304308258823 20.436956109415704 50.197415507783148 31.678077500000004 4.655539000000001 4.3779752760005275 24.511992500000002
decision_type=2 2 2 2 2 2 2 2 2 2 2 2 2 2
left_child=-1 2 -2 -4 6 -6 7 -3 9 10 11 12 -8 -10
right_child=1 4 3 -5 5 -7 8 -9 13 -11 -12 -13 -14 -15
leaf_value=-0.0027553730728829074 -0.022164184411983465 0.013938600320114869 1.3947937705093256 -0.013238489070913141 0.0059782048570245832 -0.013830633634517824 0.00033550699560850109 -0.024043057556507711 0.061076827137282304 0.0065776455666933355 0.028004683863324848 -0.00053349094980321705 0.027266056733756677 0.0031165915163833915
leaf_weight=61043 1812 481 874 1045 69103 16466 3899 1340 1008 2247 5362 169147 1063 8222
leaf_count=61043 1812 481 874 1045 69103 16466 3899 1340 1008 2247 5362 169147 1063 8222
internal_value=-0.00700739 0.000132592 -0.0152988 0.00569046 0.000339443 0.00274258 -0.000727295 -0.0231741 -0.000513229 -0.000947402 -0.00115473 -0.00146874 0.00939944 0.00803467
internal_weight=343112 282069 3731 1919 278338 85569 192769 1821 190948 181718 179471 174109 4962 9230
internal_count=343112 282069 3731 1919 278338 85569 192769 1821 190948 181718 179471 174109 4962 9230
is_linear=0
shrinkage=0.04


Tree=94
num_leaves=15
num_cat=0
split_feature=3 2 15 2 2 10 3 15 0 10 13 2 3 3
split_gain=50455.6 529.734 1137.88 1027.28 408.414 345.31 1683.05 524.269 706.243 685.564 754.178 646.097 465.405 442.912
threshold=1.0000000180025095e-35 50.618523000000003 1.9769870124999758 1.0000000180025095e-35 243.03060150000002 -27.457374839907967 25.216558000000003 6.5080501257500325 13.28415613980817 14.047078000000001 254.05081887727795 143.01171100000002 4.7326630000000005 85.005307000000016
decision_type=2 2 2 2 2 2 2 2 2 2 2 2 2 2
left_child=-1 2 -2 -4 5 6 -3 8 9 12 11 -11 -7 -8
right_child=1 4 3 -5 -6 7 13 -9 -10 10 -12 -13 -14 -15
leaf_value=-0.0026451581499675925 -0.021316116355447931 0.076200072037907102 1.3587257402980646 -0.012606305541401809 0.033801351963058134 0.001958069343724118 -0.00018410656443117835 -0.0010764529333662054 0.0078232358403139239 -0.024628028890133588 0.01015898697911894 -0.0013874800912313761 -0.00085015343112373131 0.0050365501612378676
leaf_weight=60999 1810 2734 876 1048 4387 4012 30340 72419 13013 1252 48160 5536 92338 4277
leaf_count=60999 1810 2734 876 1048 4387 4012 30340 72419 13013 1252 48160 5536 92338 4277
internal_value=-0.00701175 0.00011878 -0.0148473 0.00656965 0.000319462 0.000125656 0.00370003 -0.000438305 0.000811388 4.23006e-05 0.00360777 -0.00887448 -0.00199107 0.00131381
internal_weight=343201 282202 3734 1924 278468 274081 37351 236730 164311 151298 54948 6788 96350 34617
internal_count=343201 282202 3734 1924 278468 274081 37351 236730 164311 151298 54948 6788 96350 34617
is_linear=0
shrinkage=0.04


Tree=95
num_leaves=15
num_cat=0
split_feature=3 2 15 2 12 10 11 12 3 11 3 1 3 3
split_gain=50411.4 551.163 1113.22 965.228 408.921 328.828 339.906 1935.4 561.487 728.471 683.22 461.06 982.929 966.023
threshold=1.0000000180025095e-35 50.618523000000003 1.9769870124999758 1.0000000180025095e-35 187.841329858145 261.08091900000005 8.1114772755042512 71.87022074474568 14.182714000000002 1.0000000180025095e-35 75.471565000000012 17.871191060754906 14.479475500000001 24.511992500000002
decision_type=2 2 2 2 2 2 2 2 2 2 2 2 2 2
left_child=-1 2 -2 -4 5 6 8 -8 9 -3 -10 12 -9 -13
right_child=1 4 3 -5 -6 -7 7 11 10 -11 -12 13 -14 -15
leaf_value=-0.0025393518239688897 -0.020443777814386711 -0.016718399942774773 1.2885539087380886 -0.01235524431400843 0.026869325156780376 -0.10487430201272666 -0.0062616951622294081 0.0047759473175125015 0.0013977795406383108 0.00011069630109364681 -0.0022631040968479964 0.014417513687117094 -0.002903146375338863 -0.00027612189907886609
leaf_weight=60977 1809 7647 864 1077 5178 1058 6198 20171 73861 15454 23500 19162 44797 61402
leaf_count=60977 1809 7647 864 1077 5178 1058 6198 20171 73861 15454 23500 19162 44797 61402
internal_value=-0.00701945 0.00010745 -0.0151253 0.00591448 0.000312612 0.000101592 0.000188103 -0.00107138 0.0017745 -0.00383187 0.00310473 -0.000139076 -0.00264623 0.00188273
internal_weight=343155 282178 3750 1941 278428 273250 272192 151730 120462 23101 97361 145532 64968 80564
internal_count=343155 282178 3750 1941 278428 273250 272192 151730 120462 23101 97361 145532 64968 80564
is_linear=0
shrinkage=0.04


Tree=96
num_leaves=15
num_cat=0
split_feature=3 2 15 2 12 8 12 3 10 3 11 12 13 11
split_gain=50494.1 576.681 1085.01 878.383 392.23 333.532 495.454 435.561 567.377 474.058 375.415 697.398 578.334 555.895
threshold=1.0000000180025095e-35 50.618523000000003 1.9769870124999758 1.0000000180025095e-35 190.98743383476994 0.99998349871351067 58.355169547935326 23.603676500000002 -13.938357362300467 15.380900500000001 1.4305564728920757 75.504437487597983 513.32521284928225 5.2913692493593514
decision_type=2 2 2 2 2 2 2 2 2 2 2 2 2 2
left_child=-1 2 -2 -4 5 -3 -7 8 9 -8 11 -10 13 -12
right_child=1 4 3 -5 -6 6 7 -9 10 -11 12 -13 -14 -15
leaf_value=-0.0024377777510101416 -0.019644146513822954 0.00039946553703935629 1.2302939352204791 -0.011861034541448091 0.035275231989377466 0.0010174838955014386 0.058214351522813033 -0.0044043714526403304 -0.0010583082551246738 0.0042843922103994415 0.00057906169313104883 -0.048812105967471688 -0.0037490648544448034 -0.0016740175911682442
leaf_weight=61113 1811 216686 876 1074 3944 2397 1031 7860 6388 3850 9618 1663 2365 22507
leaf_count=61113 1811 216686 876 1074 3944 2397 1031 7860 6388 3850 9618 1663 2365 22507
internal_value=-0.00703683 0.000104938 -0.0154533 0.00525128 0.000315189 0.000135148 -0.00256801 -0.00333997 -0.00189448 0.0110223 -0.00337651 -0.0111539 -0.00156103 -0.000155642
internal_weight=343183 282070 3761 1950 278309 274365 57679 55282 47422 4881 42541 8051 34490 32125
internal_count=343183 282070 3761 1950 278309 274365 57679 55282 47422 4881 42541 8051 34490 32125
is_linear=0
shrinkage=0.04


Tree=97
num_leaves=15
num_cat=0
split_feature=3 2 15 2 10 10 15 0 3 10 8 10 11 12
split_gain=50388.2 603.091 1061.39 811.142 370.311 1303.82 781.216 537.917 710.957 853.446 692.858 690.997 666.793 1100.44
threshold=1.0000000180025095e-35 50.618523000000003 1.9769870124999758 1.0000000180025095e-35 14.894217000000003 17.250566500000001 0.88182971749998285 4.6786030689491662 14.280324500000001 -13.758884184261492 0.99998084899508666 -7.9387085878252197 6.0374982202172536 69.808893415562011
decision_type=2 2 2 2 2 2 2 2 2 2 2 2 2 2
left_child=-1 2 -2 -4 7 6 -6 12 9 -9 11 -10 -3 -14
right_child=1 4 3 -5 5 -7 -8 8 10 -11 -12 -13 13 -15
leaf_value=-0.0023402666409697306 -0.018824258698438536 0.00013495205279124179 1.187799994979746 -0.011356833752746711 -0.0077248294506857022 0.0013085493879898781 0.034450691808664502 0.054651732806345957 0.00035993334337266423 0.004438594010976309 -0.0037780933824655884 0.0013484812166495086 -0.0039254632316396256 -0.0029036729017341799
leaf_weight=60962 1840 35559 870 1062 770 66496 8029 2179 79654 9674 17965 4911 6123 46635
leaf_count=60962 1840 35559 870 1062 770 66496 8029 2179 79654 9674 17965 4911 6123 46635
internal_value=-0.00702654 0.000107465 -0.0157794 0.00492754 0.000323027 0.00271837 0.0171883 -0.000566749 0.00124389 0.0105189 0.000171657 0.00168722 -0.00291178 -0.00576519
internal_weight=342729 281767 3772 1932 277995 75295 8799 202700 114383 11853 102530 84565 88317 52758
internal_count=342729 281767 3772 1932 277995 75295 8799 202700 114383 11853 102530 84565 88317 52758
is_linear=0
shrinkage=0.04


Tree=98
num_leaves=15
num_cat=0
split_feature=3 2 13 12 14 2 0 11 12 10 3 0 13 12
split_gain=50363.6 623.16 632.797 636.663 364.149 355.567 361.435 392.013 1740.35 493.086 661.117 671.567 640.3 621.799
threshold=1.0000000180025095e-35 50.618523000000003 688.62798463473371 87.558272137171528 0.19147089776619294 243.03060150000002 20.436956109415704 8.1114772755042512 71.87022074474568 92.146493000000007 14.092239500000002 8.1084305503430674 228.57383096747418 76.520328599420523
decision_type=2 2 2 2 2 2 2 2 2 2 2 2 2 2
left_child=-1 2 3 4 -2 6 7 9 -9 10 13 -12 -11 -3
right_child=1 5 -4 -5 -6 -7 -8 8 -10 12 11 -13 -14 -15
leaf_value=-0.002246655975330949 -0.025229455366899085 8.1122156949717803e-05 -0.016997394361978078 1.6006942969425424 0.21597940326513482 0.030542905598099399 0.0047878571409350184 -0.0057824660334303869 -0.00038386170360462881 -0.034287218647541931 0.0014023610643946593 -0.00504160875567703 -0.003275026511963426 -0.018734467047887966
leaf_weight=60991 1597 16135 1281 467 386 4442 9264 6193 138400 853 74791 2519 19755 6269
leaf_count=60991 1597 16135 1281 467 386 4442 9264 6193 138400 853 74791 2519 19755 6269
internal_value=-0.00703774 8.24503e-05 -0.0161565 -0.0042449 -0.0141402 0.000299906 0.000118025 -0.000153559 -0.0015572 0.00153322 0.00269731 0.00445065 -0.00409938 -0.00335297
internal_weight=343343 282352 3731 2450 1983 278621 274179 264915 144593 120322 99714 77310 20608 22404
internal_count=343343 282352 3731 2450 1983 278621 274179 264915 144593 120322 99714 77310 20608 22404
is_linear=0
shrinkage=0.04


Tree=99
num_leaves=15
num_cat=0
split_feature=3 2 15 10 10 15 0 3 10 9 11 12 11 10
split_gain=50400 514.403 1204.32 356.245 1243.97 739.761 485.76 686.904 783.112 630.22 579.447 1096.58 612.804 533.105
threshold=1.0000000180025095e-35 50.618523000000003 4.4222012862499875 14.894217000000003 17.250566500000001 0.88182971749998285 4.7194285493662385 14.092239500000002 -13.574902839931974 1.9219943283854682e-05 6.0374982202172536 69.808893415562011 1.3318108941488167 -7.9387085878252197
decision_type=2 2 2 2 2 2 2 2 2 2 2 2 2 2
left_child=-1 2 -2 6 5 -5 10 8 -8 -9 12 -12 -3 -11
right_child=1 3 -4 4 -6 -7 7 9 -10 13 11 -13 -14 -15
leaf_value=-0.0021567897363177126 -0.018027778935150247 -0.0010828838110062656 0.12381741863267073 -0.0075321507260734943 0.0011717874037863419 0.032617393370777299 0.053305820971019637 -0.0036216739880157345 0.0047148022666352899 0.00035395219773079359 -0.0035914489076014754 -0.0026769147677658989 0.00043145496250431849 0.0012372544718251088
leaf_weight=61046 2630 18169 1105 760 66447 8033 2047 18361 8795 79815 6156 47378 17642 4811
leaf_count=61046 2630 18169 1105 760 66447 8033 2047 18361 8795 79815 6156 47378 17642 4811
internal_value=-0.00704544 8.46361e-05 -0.0146613 0.000282457 0.00263371 0.0167724 -0.000588264 0.00114452 0.0107213 0.000136328 -0.0027959 -0.00543057 0.00114267 0.00159384
internal_weight=343195 282149 3735 278414 75240 8793 203174 113829 10842 102987 89345 53534 35811 84626
internal_count=343195 282149 3735 278414 75240 8793 203174 113829 10842 102987 89345 53534 35811 84626
is_linear=0
shrinkage=0.04


Tree=100
num_leaves=15
num_cat=0
split_feature=3 2 11 10 10 1 3 14 11 12 11 3 3 10
split_gain=50134.8 806 584.926 332.996 1136.3 494.384 1167.76 643.671 590.706 1236.21 768.553 605.46 552.474 526.077
threshold=1.0000000180025095e-35 50.618523000000003 1.0000000180025095e-35 14.894217000000003 17.250566500000001 15.011127022993362 19.113194500000002 0.17495902990765722 8.1114772755042512 71.87022074474568 1.3318108941488167 4.9709330000000014 14.990645000000002 -27.11749632695393
decision_type=2 2 2 2 2 2 2 2 2 2 2 2 2 2
left_child=-1 2 -2 5 -5 8 7 12 10 -10 -3 -11 -7 -8
right_child=1 3 -4 4 -6 6 13 -9 9 11 -12 -13 -14 -15
leaf_value=-0.0020705181468650127 0.78572354003117972 -0.0017010532485008101 -0.015565964194980566 0.024504253459015857 0.0011565614218039422 0.039658604079680561 0.0019319495028060718 0.033870109409260676 -0.0055031469509732216 0.013598327450496923 0.00037680292020892737 -0.0023015407799804244 -0.030112780534325954 -0.0016243601764378973
leaf_weight=60977 896 22170 2842 8725 66412 1416 38389 7378 6190 3167 26691 46301 1716 49500
leaf_count=60977 896 22170 2842 8725 66412 1416 38389 7378 6190 3167 26691 46301 1716 49500
internal_value=-0.00711404 2.12922e-06 -0.0184484 0.000250166 0.00252499 -0.00059216 0.0014427 0.0140438 -0.00250787 -0.00532538 0.000701582 -0.00321662 -0.00114943 -6.41719e-05
internal_weight=342770 281793 3738 278055 75137 202918 98399 10510 104519 55658 48861 49468 3132 87889
internal_count=342770 281793 3738 278055 75137 202918 98399 10510 104519 55658 48861 49468 3132 87889
is_linear=0
shrinkage=0.04


Tree=101
num_leaves=15
num_cat=0
split_feature=3 10 10 14 15 0 3 10 1 3 15 11 12 1
split_gain=50210.6 382.33 1015.94 761.362 755.857 513.436 689.309 774.97 608.402 634.931 555.243 533.429 1243.19 483.615
threshold=1.0000000180025095e-35 14.894217000000003 17.250566500000001 0.23320872121670802 0.88182971749998285 4.7194285493662385 14.092239500000002 -13.574902839931974 17.998907759875877 23.986020500000006 11.720497890624971 6.0374982202172536 69.808893415562011 20.44696419202932
decision_type=2 2 2 2 2 2 2 2 2 2 2 2 2 2
left_child=-1 3 4 5 -3 11 7 -7 10 13 -8 -2 -13 -10
right_child=1 2 -4 -5 -6 6 8 -9 9 -11 -12 12 -14 -15
leaf_value=-0.0019876974209904041 8.3563688959831242e-05 -0.0083301464329575484 0.0011228883311934946 -0.014630234349105181 0.030828991795748033 0.051806829077269287 -0.0013943089195012082 0.0046578257855545433 0.0034439301224177188 0.00050586318063864657 0.0012465200835425573 -0.0036921168720978415 -0.0025272958291034792 0.042920267170867839
leaf_weight=61203 36696 774 66643 1997 7991 2048 42985 8844 4599 47872 2511 6657 47377 4869
leaf_count=61203 36696 774 66643 1997 7991 2048 42985 8844 4599 47872 2511 6657 47377 4869
internal_value=-0.00716014 -2.9376e-05 0.00240823 -0.000919716 0.0152105 -0.000679651 0.00111072 0.0106794 9.72422e-05 0.00283781 -0.00335678 -0.00292384 -0.00545138 0.0123025
internal_weight=343066 281863 75408 206455 8765 204458 113728 10892 102836 57340 45496 90730 54034 9468
internal_count=343066 281863 75408 206455 8765 204458 113728 10892 102836 57340 45496 90730 54034 9468
is_linear=0
shrinkage=0.04


Tree=102
num_leaves=15
num_cat=0
split_feature=3 2 15 2 15 3 10 11 12 0 14 0 0 13
split_gain=50111.3 749.3 812.373 845.826 337.976 432.58 403.324 472.917 1242.63 520.407 469.414 376.755 390.972 613.674
threshold=1.0000000180025095e-35 50.618523000000003 1.9769870124999758 1.0000000180025095e-35 5.0983766455000117 260.71100600000005 -39.580008746865325 8.1114772755042512 66.044994999323464 19.486067098330015 0.21850692549482056 14.606908888906963 1.8499136255716089 359.72197616005104
decision_type=2 2 2 2 2 2 2 2 2 2 2 2 2 2
left_child=-1 2 -2 -4 5 -3 -6 11 -9 10 -10 12 -8 -14
right_child=1 4 3 -5 6 -7 7 8 9 -11 -12 -13 13 -15
leaf_value=-0.0019081895241507851 -0.015460984404101019 0.00091794669961082326 1.0554836050868934 -0.014364436715157237 0.0031805773003031326 -0.1528709213366034 -8.7781549275760541e-05 -0.0073258837931174268 -0.0015341115547167668 0.0040857968900807166 -0.0049600616045806078 -0.026173375332699349 -0.012327888569605365 0.00080753067449555347
leaf_weight=60977 1818 114276 886 1064 12085 521 44787 2703 76703 8944 3165 484 1288 13315
leaf_count=60977 1818 114276 886 1064 12085 521 44787 2703 76703 8944 3165 484 1288 13315
internal_value=-0.0071192 -1.03532e-05 -0.0177282 0.000205128 0.00022956 0.00189308 -0.00093862 -0.00149998 -0.00330831 -0.00249516 -0.00351981 0.00126399 0.00155043 0.00723413
internal_weight=343016 282039 3768 1950 278271 114797 163474 151389 91515 88812 79868 59874 59390 14603
internal_count=343016 282039 3768 1950 278271 114797 163474 151389 91515 88812 79868 59874 59390 14603
is_linear=0
shrinkage=0.04


Tree=103
num_leaves=15
num_cat=0
split_feature=3 2 11 2 10 10 10 3 11 12 11 12 11 8
split_gain=50131 694.894 492.847 318.545 308.762 323.435 1014.12 505.453 450.469 632.237 540.625 869.343 816.116 742.633
threshold=1.0000000180025095e-35 50.618523000000003 1.0000000180025095e-35 266.5321350000001 261.08091900000005 15.159440500000001 17.250566500000001 18.775440000000007 1.0000000180025095e-35 62.916304308258823 3.4628968678744978 71.87022074474568 8.1114772755042512 0.98698512852372289
decision_type=2 2 2 2 2 2 2 2 2 2 2 2 2 2
left_child=-1 2 -2 4 5 8 -7 -8 9 -3 13 12 -12 -10
right_child=1 3 -4 -5 -6 6 7 -9 10 -11 11 -13 -14 -15
leaf_value=-0.0018318619431847516 0.72231332374353086 0.0025860388420237967 -0.013849196835549193 0.048640822871973133 -0.099248054545395134 0.02527175192424002 -0.052167599664417995 0.002374026695103382 0.0012477954630833832 -0.0073220631115141592 -9.3886107750060788e-05 0.00012373302396794905 -0.0050200042680265435 0.00032192002029470147
leaf_weight=61017 888 1135 2863 1112 1043 7453 1911 63276 1606 17108 9481 153037 6187 14975
leaf_count=61017 888 1135 2863 1112 1043 7453 1911 63276 1606 17108 9481 153037 6187 14975
internal_value=-0.00712509 -1.37552e-05 -0.0171154 0.000216726 0.000131019 0.000213058 0.00250441 0.000906316 -0.00060473 -0.00660198 -1.42482e-05 -0.000691621 -0.00966556 0.00687775
internal_weight=343092 282075 3751 278324 277212 276169 72640 65187 203529 18243 185286 168705 15668 16581
internal_count=343092 282075 3751 278324 277212 276169 72640 65187 203529 18243 185286 168705 15668 16581
is_linear=0
shrinkage=0.04


Tree=104
num_leaves=15
num_cat=0
split_feature=3 2 15 2 12 0 11 12 1 3 11 15 0 3
split_gain=50166.8 659.876 757.982 694.449 312.08 293.178 366.791 935.02 495.613 780.974 624.621 635.847 513.793 478.007
threshold=1.0000000180025095e-35 50.618523000000003 1.9769870124999758 1.0000000180025095e-35 190.98743383476994 20.436956109415704 26.326114004459136 84.074870558451252 14.123702096193767 15.092820000000001 8.1114772755042512 6.3665065888750698 1.8499136255716089 82.45924650000002
decision_type=2 2 2 2 2 2 2 2 2 2 2 2 2 2
left_child=-1 2 -2 -4 5 6 8 -8 10 -10 13 12 -12 -3
right_child=1 4 3 -5 -6 -7 7 -9 9 -11 11 -13 -14 -15
leaf_value=-0.001758587465457353 -0.0142872229369857 0.00053315724658125068 0.98495583437898859 -0.013098237570998626 0.029898197869313102 0.0044585108931913392 -0.021862375856573878 -0.0010973079039714056 0.043162548960142127 0.0021151834167253991 -0.0041105410511125037 -0.0034724537893920894 0.0008372211712654831 -0.0035867867567027914
leaf_weight=61069 1805 98589 856 1056 3970 9178 2289 77156 1964 24169 2612 14064 21252 23091
leaf_count=61069 1805 98589 856 1056 3970 9178 2289 77156 1964 24169 2612 14064 21252 23091
internal_value=-0.0071301 -1.31891e-05 -0.0167554 0.000794979 0.000210395 4.92776e-05 -0.000193977 -0.00246863 0.000778934 0.00588528 -5.714e-05 -0.00453913 -0.000563191 0.00133991
internal_weight=343120 282051 3717 1912 278334 274364 265186 79445 185741 26133 159608 37928 23864 121680
internal_count=343120 282051 3717 1912 278334 274364 265186 79445 185741 26133 159608 37928 23864 121680
is_linear=0
shrinkage=0.04


Tree=105
num_leaves=15
num_cat=0
split_feature=3 2 15 2 10 10 10 15 10 3 3 0 3 15
split_gain=50341.2 607.297 744.13 618.214 303.715 389.543 810.967 766.994 443.175 1602.15 424.484 400.659 861.203 694.156
threshold=1.0000000180025095e-35 50.618523000000003 1.9769870124999758 1.0000000180025095e-35 203.39465150000004 14.894217000000003 17.250566500000001 0.88182971749998285 -27.457374839907967 25.047806000000005 18.775440000000007 13.28415613980817 15.189197500000001 6.6210727799999924
decision_type=2 2 2 2 2 2 2 2 2 2 2 2 2 2
left_child=-1 2 -2 -4 5 8 7 -7 9 -3 -8 -10 -13 -14
right_child=1 4 3 -5 -6 6 10 -9 11 -11 -12 12 13 -15
leaf_value=-0.0016882439668390603 -0.013733795586639985 0.076172343140431004 0.94416559496123054 -0.012604067475202135 -0.048539307954149943 -0.0091577222573559422 -0.04790352507204608 0.028660847001088074 -0.00052315299429220199 0.0006721755899121351 0.0031020979396818148 0.047363809677577189 0.0056888784590120789 -0.0034631353559371725
leaf_weight=61064 1809 2599 859 1054 3219 777 1964 8026 144196 34665 61322 1723 12182 7545
leaf_count=61064 1809 2599 859 1054 3219 777 1964 8026 144196 34665 61322 1723 12182 7545
internal_value=-0.00707257 5.90196e-05 -0.0159914 0.00140094 0.000273742 0.000416729 0.00294247 0.0143178 -0.000480607 0.00346071 0.00136017 -0.00136725 0.00373333 0.00136463
internal_weight=343004 281940 3722 1913 278218 274999 72089 8803 202910 37264 63286 165646 21450 19727
internal_count=343004 281940 3722 1913 278218 274999 72089 8803 202910 37264 63286 165646 21450 19727
is_linear=0
shrinkage=0.04


Tree=106
num_leaves=15
num_cat=0
split_feature=3 2 15 2 2 1 11 12 1 3 11 15 3 10
split_gain=50185.6 565.806 680.197 611.452 290.029 292.723 315.597 912.023 473.702 757.413 584.135 574.649 516.75 465.057
threshold=1.0000000180025095e-35 50.618523000000003 1.9769870124999758 1.0000000180025095e-35 266.5321350000001 50.197415507783148 26.58502020371408 84.074870558451252 14.123702096193767 15.189197500000001 8.1114772755042512 4.6623337708749952 13.894630000000001 68.97919450000002
decision_type=2 2 2 2 2 2 2 2 2 2 2 2 2 2
left_child=-1 2 -2 -4 5 6 8 -8 10 -10 13 -12 -13 -3
right_child=1 4 3 -5 -6 -7 7 -9 9 -11 11 12 -14 -15
leaf_value=-0.0016207142081655058 -0.01320807632494443 0.00053205328274106732 0.92942536337922488 -0.011979515540326852 0.045432894607789188 0.006118054412921568 -0.02094820509068205 -0.00083437931246605813 0.039491273672879738 0.0022096543984652071 0.0018279153316755892 0.00072297000081777084 -0.0033259698267049309 -0.0035033873663328509
leaf_weight=61008 1820 98953 860 1070 1105 2267 2261 81752 2089 27658 10948 8067 19355 23924
leaf_count=61008 1820 98953 860 1070 1105 2267 2261 81752 2089 27658 10948 8067 19355 23924
internal_value=-0.00710375 9.78276e-06 -0.015424 0.00111917 0.000217689 0.000136183 1.81814e-05 -0.00202492 0.000916887 0.00555485 6.12725e-05 -0.00424707 -0.00734009 0.00140661
internal_weight=343137 282129 3750 1930 278379 277274 275007 84013 190994 29747 161247 38370 27422 122877
internal_count=343137 282129 3750 1930 278379 277274 275007 84013 190994 29747 161247 38370 27422 122877
is_linear=0
shrinkage=0.04


Tree=107
num_leaves=15
num_cat=0
split_feature=3 2 15 2 10 10 10 15 1 3 1 3 0 0
split_gain=50055.2 549.623 610.413 564.83 299.005 347.111 842.836 670.725 405.902 1516.03 715.832 814.171 667.862 427.043
threshold=1.0000000180025095e-35 50.618523000000003 1.9769870124999758 1.0000000180025095e-35 261.08091900000005 15.159440500000001 17.250566500000001 0.88182971749998285 20.602267408649254 23.803381000000005 24.736840189726003 19.761480500000001 13.879866162669092 5.6550817495478185
decision_type=2 2 2 2 2 2 2 2 2 2 2 2 2 2
left_child=-1 2 -2 -4 5 8 7 -7 -3 10 11 -10 -13 -11
right_child=1 4 3 -5 -6 6 -8 -9 9 13 -12 12 -14 -15
leaf_value=-0.0015558856398388877 -0.012642311506075039 -0.00042101822858825688 0.88125445897978949 -0.01164991612540617 -0.094156733547772403 -0.0086624362166837447 0.0017604237286441694 0.030248209345478071 0.066864620315866027 -0.0046839008833777437 0.066450171196610647 -0.013787388131063116 0.054710775611650782 0.00084095747392501699
leaf_weight=61034 1827 138630 872 1088 1054 675 65522 7002 1829 16764 4200 3436 809 37883
leaf_count=61034 1827 138630 872 1088 1054 675 65522 7002 1829 16764 4200 3436 809 37883
internal_value=-0.00716036 -4.24729e-05 -0.0151782 0.000326531 0.000163857 0.000244842 0.00260714 0.0151465 -0.000604664 0.00200551 0.0161028 0.00732302 -0.00228975 -0.000644866
internal_weight=342625 281591 3787 1960 277804 276750 73199 7677 203551 64921 10274 6074 4245 54647
internal_count=342625 281591 3787 1960 277804 276750 73199 7677 203551 64921 10274 6074 4245 54647
is_linear=0
shrinkage=0.04


Tree=108
num_leaves=15
num_cat=0
split_feature=3 2 15 12 2 1 3 11 12 3 1 9 3 9
split_gain=50145.5 516.986 627.145 497.821 274.886 283.197 1197.61 582.42 779.043 507.819 837.541 591.591 386.023 469.688
threshold=1.0000000180025095e-35 50.618523000000003 1.9769870124999758 79.122998110881653 266.5321350000001 29.052195458822322 26.136531000000002 26.326114004459136 84.074870558451252 23.803381000000005 22.632348567636946 0.41102735167043619 85.005307000000016 1.9219943283854682e-05
decision_type=2 2 2 2 2 2 2 2 2 2 2 2 2 2
left_child=-1 2 -2 -4 5 7 -7 12 -9 10 11 -10 13 -3
right_child=1 4 3 -5 -6 6 -8 8 9 -11 -12 -13 -14 -15
leaf_value=-0.0014936502142453279 -0.012139614607604585 -0.00029973651727232208 -0.010278672745770781 1.25719449927376 0.043422412192438566 0.068393094685074582 0.00080399663399347715 -0.020092177495211905 0.0061215467503009571 -0.0033071933854076029 0.031072046748750779 -0.0077280156276635335 -0.0039422712735309728 0.0012414581288090988
leaf_weight=61064 1811 49675 1473 445 1105 2196 29117 2272 10661 27300 4650 13867 23006 114348
leaf_count=61064 1811 49675 1473 445 1105 2196 29117 2272 10661 27300 4650 13867 23006 114348
internal_value=-0.00713677 -1.87283e-05 -0.0148136 0.00112617 0.000179585 0.000100183 0.00368282 -0.000356255 -0.00383047 -0.00290662 0.000762218 -0.00218852 0.000735073 0.00141566
internal_weight=342990 281926 3729 1918 278197 277092 31313 245779 58750 56478 29178 24528 187029 164023
internal_count=342990 281926 3729 1918 278197 277092 31313 245779 58750 56478 29178 24528 187029 164023
is_linear=0
shrinkage=0.04


Tree=109
num_leaves=15
num_cat=0
split_feature=3 2 15 10 10 10 15 3 3 13 0 3 10 9
split_gain=50191.6 440.278 688.565 273.416 297.721 778.151 673.718 401.002 424.979 441.232 395.982 597.239 687.783 523.412
threshold=1.0000000180025095e-35 50.618523000000003 4.5215900242500036 261.08091900000005 15.159440500000001 17.250566500000001 0.88182971749998285 18.775440000000007 73.641381500000008 254.05081887727795 4.6381636848163472 14.092239500000002 -13.372381453921255 1.9219943283854682e-05
decision_type=2 2 2 2 2 2 2 2 2 2 2 2 2 2
left_child=-1 2 -2 4 10 6 -6 -7 9 -9 -3 12 -12 -13
right_child=1 3 -4 -5 5 7 -8 8 -10 -11 11 13 -14 -15
leaf_value=-0.001433904205675507 -0.012255178116437584 -0.00061217334079767039 0.0049361171854361355 -0.090748885224525108 -0.0085158563748563582 -0.04487895561858414 0.029395151577126351 -0.0064606603169460102 -0.0028389876482246435 0.01419407894909752 0.043456586487125241 -0.0033608614765500101 0.003878317761845846 0.00043755635907359201
leaf_weight=61076 2650 88562 1103 1058 694 1993 7054 1934 22450 39060 2250 18403 9040 85514
leaf_count=61076 2650 88562 1103 1058 694 1993 7054 1934 22450 39060 2250 18403 9040 85514
internal_value=-0.00712715 -1.56159e-06 -0.0136104 0.00018215 0.000259682 0.00244804 0.0144347 0.00102878 0.00158376 0.00400644 -0.000526282 0.00101973 0.00975731 7.04408e-05
internal_weight=342841 281765 3753 278012 276954 73185 7748 65437 63444 40994 203769 115207 11290 103917
internal_count=342841 281765 3753 278012 276954 73185 7748 65437 63444 40994 203769 115207 11290 103917
is_linear=0
shrinkage=0.04


Tree=110
num_leaves=15
num_cat=0
split_feature=3 2 15 1 11 12 1 3 11 12 12 15 10 3
split_gain=50251.4 456.667 663.602 265.266 353.613 908.605 397.518 636.274 608.231 654.594 594.632 582.495 475.877 579.904
threshold=1.0000000180025095e-35 50.618523000000003 4.5215900242500036 48.23194258462825 26.326114004459136 84.074870558451252 14.123702096193767 15.189197500000001 6.0374982202172536 71.87022074474568 82.103295248892096 4.8610385727500338 68.97919450000002 15.380900500000001
decision_type=2 2 2 2 2 2 2 2 2 2 2 2 2 2
left_child=-1 2 -2 4 6 -6 8 -8 12 -10 -11 -12 13 -3
right_child=1 3 -4 -5 5 -7 7 -9 9 10 11 -13 -14 -15
leaf_value=-0.0013765480374484797 -0.011768603978716072 -0.0002783724439945212 0.0044326169784061169 0.0055461761838611632 -0.019268702306764363 -0.00085326578666835684 0.035176365676296686 0.002098170897059264 -0.0017851736317050816 0.0015518982803191662 0.0027809252425301523 -0.0032828812011867136 -0.0032709042254231058 0.001623076191018098
leaf_weight=60995 2657 28394 1112 3029 2285 81596 2078 27124 7546 6138 9911 19812 23903 66200
leaf_count=60995 2657 28394 1112 3029 2285 81596 2078 27124 7546 6138 9911 19812 23903 66200
internal_value=-0.00708163 4.38632e-05 -0.0137862 0.000231354 0.000101678 -0.0020634 0.00105198 0.00534758 0.000277201 -0.00377358 -0.00152031 -0.00386098 0.00176106 0.00303529
internal_weight=342780 281785 3769 278016 274987 83881 191106 29202 161904 43407 35861 29723 118497 94594
internal_count=342780 281785 3769 278016 274987 83881 191106 29202 161904 43407 35861 29723 118497 94594
is_linear=0
shrinkage=0.04


Tree=111
num_leaves=15
num_cat=0
split_feature=3 2 15 12 12 10 3 11 12 3 10 8 3 10
split_gain=50148.9 481.291 574.241 514.063 257.965 269.766 1096.57 528.351 668.863 576.142 636.026 614.074 506.657 360.376
threshold=1.0000000180025095e-35 50.618523000000003 1.9769870124999758 79.829093050094414 194.72546964306221 -29.198755942144409 26.290846000000005 28.480419330256748 84.074870558451252 24.511992500000002 -22.157497034331612 0.55395937779630156 20.274758000000002 -25.986668415768193
decision_type=2 2 2 2 2 2 2 2 2 2 2 2 2 2
left_child=-1 2 -2 -4 5 6 -3 -7 -9 10 12 -12 -10 -14
right_child=1 4 3 -5 -6 7 -8 8 9 -11 11 -13 13 -15
leaf_value=-0.0013214861159505454 -0.010732350535634368 0.064754930768533142 -0.010027317011575665 1.1780194717910468 0.03698250921942222 0.00016393983359795251 0.0008073277349015187 -0.020405431770012 0.081457698180297286 -0.0037894556133715612 -0.0082023175196654849 0.0067493549419001854 0.042224943420181002 -0.0011964619133802078
leaf_weight=61017 1790 2133 1476 451 2763 191615 28718 1811 1168 23793 12394 9052 1499 3170
leaf_count=61017 1790 2133 1476 451 2763 191615 28718 1811 1168 23793 12394 9052 1499 3170
internal_value=-0.00712172 -3.5482e-06 -0.0143019 0.000851064 0.000187548 6.55159e-05 0.00359016 -0.00037922 -0.00391854 -0.0030715 0.000895796 -0.0022904 0.0126024 0.00670807
internal_weight=342850 281833 3717 1927 278116 275353 30851 244502 52887 51076 27283 21446 5837 4669
internal_count=342850 281833 3717 1927 278116 275353 30851 244502 52887 51076 27283 21446 5837 4669
is_linear=0
shrinkage=0.04


Tree=112
num_leaves=15
num_cat=0
split_feature=3 2 15 2 15 15 2 0 10 10 15 3 1 14
split_gain=50134.8 435.113 669.695 273.636 530.978 502.988 415.972 363.113 344.681 402.66 628.809 426.661 351.917 327.488
threshold=1.0000000180025095e-35 50.618523000000003 4.5215900242500036 147.36920200000003 1.1937700325000125 6.3215550291249807 72.046982000000014 11.924361597874979 14.894217000000003 17.250566500000001 0.88182971749998285 18.775440000000007 15.873001134525706 0.21021760849986634
decision_type=2 2 2 2 2 2 2 2 2 2 2 2 2 2
left_child=-1 2 -2 4 6 7 -3 8 12 10 -10 -11 -5 -6
right_child=1 3 -4 5 13 -7 -8 -9 9 11 -12 -13 -14 -15
leaf_value=-0.001268626671312525 -0.010776383638718237 0.0093560687392833762 0.0046625442843390812 -0.0072085168169454808 -0.00041782538653434287 -0.012943660474472676 -0.022782354247391109 0.028250456800881292 -0.0081319089833809238 -0.041712991502344691 0.029226449573434607 0.0055147259265736007 0.005218627495760444 0.00052712013717970407
leaf_weight=61033 2673 403 1099 11123 151760 16473 1407 1198 753 1725 6692 38446 9199 39062
leaf_count=61033 2673 403 1099 11123 151760 16473 1407 1198 753 1725 6692 38446 9199 39062
internal_value=-0.00712954 -1.5744e-05 -0.0135101 0.000167193 -0.000669048 0.00204885 -0.022232 0.00354548 0.00316053 0.00502184 0.0135662 0.0034383 -0.00120067 -0.000464517
internal_weight=343046 282013 3772 278241 192632 85609 1810 69136 67938 47616 7445 40171 20322 190822
internal_count=343046 282013 3772 278241 192632 85609 1810 69136 67938 47616 7445 40171 20322 190822
is_linear=0
shrinkage=0.04


Tree=113
num_leaves=15
num_cat=0
split_feature=3 2 15 5 2 3 1 1 3 11 12 3 1 8
split_gain=50070.5 434.351 632.304 258.365 254.196 251.037 420.62 270.656 1262.73 450.181 692.982 496.752 607.053 533.045
threshold=1.0000000180025095e-35 50.618523000000003 4.5215900242500036 1.0000000180025095e-35 266.5321350000001 4.655539000000001 4.294803682266517 28.417413714032119 25.684618000000004 28.480419330256748 84.074870558451252 23.803381000000005 22.632348567636946 0.55395937779630156
decision_type=2 2 2 2 2 2 2 2 2 2 2 2 2 2
left_child=-1 2 3 -2 5 6 -3 9 -9 -7 -11 12 13 -12
right_child=1 4 -4 -5 -6 7 -8 8 -10 10 11 -13 -14 -15
leaf_value=-0.0012178816044600184 2.935661881552444 0.00031384614547776303 0.004641690920965065 -0.010700382265586584 0.040268091547489164 8.4813890622279515e-05 0.022704914752885559 0.064525785503127861 0.00054642901092160083 -0.019529866151380332 -0.0078575118034174916 -0.0037339529223838199 0.027315665275804486 0.0067533681364871524
leaf_weight=61156 104 3928 1083 2554 1101 187952 1160 2389 31121 1867 12596 22840 4292 8861
leaf_count=61156 104 3928 1083 2554 1101 187952 1160 2389 31121 1867 12596 22840 4292 8861
internal_value=-0.00719129 -7.23794e-05 -0.0136113 -0.0241084 0.000109742 3.35011e-05 0.00883648 -0.000131216 0.00323486 -0.000604342 -0.00395909 -0.00304019 0.000768962 -0.00197791
internal_weight=343004 281848 3741 2658 278107 277006 5088 271918 33510 238408 50456 48589 25749 21457
internal_count=343004 281848 3741 2658 278107 277006 5088 271918 33510 238408 50456 48589 25749 21457
is_linear=0
shrinkage=0.04


Tree=114
num_leaves=15
num_cat=0
split_feature=3 2 15 0 3 11 12 0 11 3 1 10 13 3
split_gain=50166.9 474.747 577.378 266.014 362.388 330.106 1194.07 429.333 482.671 618.055 553.107 532.087 562.9 518.429
threshold=1.0000000180025095e-35 50.618523000000003 4.5215900242500036 19.098352763496948 23.255202500000003 5.5040895683674504 71.87022074474568 7.9145665856487453 1.3318108941488167 14.092239500000002 5.3210887500902517 68.97919450000002 254.05081887727795 58.836456500000004
decision_type=2 2 2 2 2 2 2 2 2 2 2 2 2 2
left_child=-1 2 -2 5 -5 7 -7 8 9 -3 -10 12 -11 -14
right_child=1 3 -4 4 -6 6 -8 -9 10 11 -12 -13 13 -15
leaf_value=-0.0011691663402816133 -0.0100022291880979 -0.0036161467173672079 0.0045025530540239167 0.055673566460759959 0.00200204270468871 -0.001844157970644904 -0.0002044495132188158 -0.0065126036203694351 0.00038848620814652791 -0.009019561895546091 0.0010595140109465361 -0.0030800360928409766 0.0047386628501949529 0.0096082718682234704
leaf_weight=61099 2657 11512 1114 1362 10185 9853 139953 2620 16363 1654 2166 23736 57446 1402
leaf_count=61099 2657 11512 1114 1362 10185 9853 139953 2620 16363 1654 2166 23736 57446 1402
internal_value=-0.00713985 -2.08494e-05 -0.0141183 0.000170205 0.00611414 -8.71375e-05 -0.00133025 0.00150592 0.00187296 0.000729399 0.0077824 0.00191742 0.00390863 0.00455546
internal_weight=343122 282023 3771 278252 11547 266705 149806 116899 114279 95750 18529 84238 60502 58848
internal_count=343122 282023 3771 278252 11547 266705 149806 116899 114279 95750 18529 84238 60502 58848
is_linear=0
shrinkage=0.04


Tree=115
num_leaves=15
num_cat=0
split_feature=3 2 15 3 1 2 14 14 0 15 13 13 10 10
split_gain=50211.5 462.926 560.674 260.385 380.263 314.975 519.225 492.024 488.248 416.824 446.143 359.417 315.318 405.152
threshold=1.0000000180025095e-35 50.618523000000003 4.5215900242500036 4.655539000000001 4.294803682266517 124.95890800000002 0.21021760849986634 0.210843859845816 11.393772674058603 6.3215550291249807 263.48706550046819 266.16836799851399 111.88617250000001 24.639450500000006
decision_type=2 2 2 2 2 2 2 2 2 2 2 2 2 2
left_child=-1 2 -2 4 -3 6 -5 -8 9 10 -7 -10 13 -12
right_child=1 3 -4 5 -6 8 7 -9 11 -11 12 -13 -14 -15
leaf_value=-0.0011223996866703524 -0.0096094059944459784 0.00039874184195420881 0.0041102727539659512 -0.00074744910238228935 0.022823015567029738 -0.0028962309046053859 0.0060616445375541962 0.00022084579938223215 0.020352664868845995 -0.004955798834906852 0.0023521363390145746 0.0072611894896393928 -0.004998434548749515 0.020558053595192419
leaf_weight=61114 2651 3916 1113 114467 1178 11614 2825 27736 1026 33790 48850 6606 3468 22903
leaf_count=61114 2651 3916 1113 114467 1178 11614 2825 27736 1026 33790 48850 6606 3468 22903
internal_value=-0.00712877 -8.6481e-06 -0.0139426 0.000179755 0.00914016 1.2734e-05 -0.00126431 0.00336769 0.00145676 0.000835979 0.00230276 0.0112683 0.00342936 0.00399872
internal_weight=343257 282143 3764 278379 5094 273285 145028 30561 128257 120625 86835 7632 75221 71753
internal_count=343257 282143 3764 278379 5094 273285 145028 30561 128257 120625 86835 7632 75221 71753
is_linear=0
shrinkage=0.04


Tree=116
num_leaves=15
num_cat=0
split_feature=3 2 15 12 10 12 10 10 15 0 3 1 1 13
split_gain=50028.2 461.242 529.166 528.543 246.323 300.797 277.714 769.912 508.79 377.033 579.139 623.736 499.983 612.753
threshold=1.0000000180025095e-35 50.618523000000003 1.9769870124999758 79.122998110881653 261.08091900000005 134.1102837795685 15.432419500000002 17.250566500000001 0.88182971749998285 4.7194285493662385 13.894630000000001 12.979318840449112 17.998907759875877 437.77101577425384
decision_type=2 2 2 2 2 2 2 2 2 2 2 2 2 2
left_child=-1 2 -2 -4 6 -6 9 8 -8 -3 11 -11 -12 -14
right_child=1 4 3 -5 5 -7 7 -9 -10 10 12 -13 13 -15
leaf_value=-0.0010775036992035326 -0.0086347244262989873 -0.00057788019011475458 -0.010364500073418811 1.1728553750566766 -0.10869178704903827 0.074871439143650173 -0.0084217383174229176 0.001503662857790591 0.030146456814076964 0.0040729623987735362 -0.00080719024314927171 0.039982906238912062 0.0066801278538268427 -0.00027703133610656018
leaf_weight=61077 1825 91202 1470 456 820 228 562 65415 6049 7871 46333 2249 21253 36167
leaf_count=61077 1825 91202 1470 456 820 228 562 65415 6049 7871 46333 2249 21253 36167
internal_value=-0.00717961 -6.86768e-05 -0.0140016 0.000623053 0.000119217 -0.0192366 0.000192421 0.00232916 0.0153381 -0.00055804 0.000976878 0.0101107 8.59734e-05 0.00258029
internal_weight=342977 281900 3751 1926 278149 1048 277101 72026 6611 205075 113873 10120 103753 57420
internal_count=342977 281900 3751 1926 278149 1048 277101 72026 6611 205075 113873 10120 103753 57420
is_linear=0
shrinkage=0.04


Tree=117
num_leaves=15
num_cat=0
split_feature=3 2 15 5 12 1 3 11 12 3 1 8 3 8
split_gain=49980.5 425.537 561.036 245.491 239.556 243.921 1236.62 434.967 672.419 469.345 778.833 547.049 319.795 316.179
threshold=1.0000000180025095e-35 50.618523000000003 4.5215900242500036 1.0000000180025095e-35 194.72546964306221 28.417413714032119 25.216558000000003 28.480419330256748 84.074870558451252 22.406315000000003 22.848648415060094 0.60466631238811708 85.005307000000016 0.07945118410787487
decision_type=2 2 2 2 2 2 2 2 2 2 2 2 2 2
left_child=-1 2 3 -2 5 7 -7 -3 -9 10 11 -10 -8 -11
right_child=1 4 -4 -5 -6 6 12 8 9 13 -12 -13 -14 -15
leaf_value=-0.0010344035512353856 2.7938975013898153 0.00011216037326658323 0.0044597479009228103 -0.0091225587705778283 0.033665877220645027 0.069314321758792222 -0.00027206236947971917 -0.018811584689808845 -0.0068872360766542556 -0.069585392430026941 0.044933691681626441 0.0094002449199532268 0.0042248251320136654 -0.0031535372826340881
leaf_weight=61116 102 191430 1090 2592 2756 2114 27336 1846 12479 851 2538 7547 4118 25352
leaf_count=61116 102 191430 1090 2592 2756 2114 27336 1846 12479 851 2538 7547 4118 25352
internal_value=-0.007205 -0.000101364 -0.0134249 -0.023222 7.97508e-05 -3.75892e-05 0.00315777 -0.000480741 -0.00377848 -0.00288146 0.00134728 -0.00129831 0.00116742 -0.00652292
internal_weight=343267 282151 3784 2694 278367 275611 33568 242043 50613 48767 22564 20026 31454 26203
internal_count=343267 282151 3784 2694 278367 275611 33568 242043 50613 48767 22564 20026 31454 26203
is_linear=0
shrinkage=0.04


Tree=118
num_leaves=15
num_cat=0
split_feature=3 2 15 0 11 12 10 10 3 10 3 3 15 12
split_gain=50062.4 426.5 548.024 267.177 303.174 786.798 375.771 362.202 657.46 1151.62 392.487 343.49 319.996 438.618
threshold=1.0000000180025095e-35 50.618523000000003 4.5215900242500036 20.869891919721422 26.58502020371408 84.074870558451252 -25.209003826529198 -39.580008746865325 25.395980500000004 -27.11749632695393 35.65470650000001 23.986020500000006 6.3215550291249807 81.464778970950604
decision_type=2 2 2 2 2 2 2 2 2 2 2 2 2 2
left_child=-1 2 -2 4 6 -6 11 10 9 -9 -7 -3 -8 -14
right_child=1 3 -4 -5 5 7 12 8 -10 -11 -12 -13 13 -15
leaf_value=-0.00099302740918597357 -0.0085952857595567173 0.074960448458135723 0.0043709652236554319 0.0044158790451867347 -0.016701855759561221 0.08824579571808247 0.0005516685517494757 0.051965597518236567 -0.003099954196746735 -0.00092366149298229734 0.0015531583478983417 0.0037913250043469173 0.00020180942945943414 -0.0037901760020580834
leaf_weight=61054 2648 722 1108 8473 2219 684 126518 2623 33205 29977 10574 4611 21628 37073
leaf_count=61054 2648 722 1108 8473 2219 684 126518 2623 33205 29977 10574 4611 21628 37073
internal_value=-0.00715942 -5.09106e-05 -0.0134398 0.000129785 -8.9833e-05 -0.00216846 0.000775012 -0.00149229 -0.00262655 0.00140859 0.00513768 0.0112432 0.000473602 -0.00196726
internal_weight=343117 282063 3756 278307 269834 79282 190552 77063 65805 32600 11258 5333 185219 58701
internal_count=343117 282063 3756 278307 269834 79282 190552 77063 65805 32600 11258 5333 185219 58701
is_linear=0
shrinkage=0.04


Tree=119
num_leaves=15
num_cat=0
split_feature=3 2 15 12 10 12 10 10 15 0 11 12 3 2
split_gain=50076 427.096 498.089 261.663 250.495 275.448 248.305 699.452 493.84 374.567 590.419 745.458 710.073 634.887
threshold=1.0000000180025095e-35 50.618523000000003 4.5215900242500036 73.602902318887786 261.08091900000005 120.66346295736959 15.432419500000002 17.250566500000001 0.88182971749998285 4.7194285493662385 1.0113710542428374 77.409863848487575 14.092239500000002 75.823368000000016
decision_type=2 2 2 2 2 2 2 2 2 2 2 2 2 2
left_child=-1 2 -2 -4 6 -6 9 8 -8 -3 11 13 -12 -11
right_child=1 4 3 -5 5 -7 7 -9 -10 10 12 -13 -14 -15
leaf_value=-0.0009533063128185404 -0.0081412306026168932 -0.00056000703309366795 -0.00058763501972658005 0.98777756207729572 -0.10453241925678673 0.064546784396315823 -0.0084267292559683325 0.0014631444791641801 0.028310739260117981 -0.01119455485748368 0.010850261051927022 -0.043624200262089713 0.00020221616521288844 0.0065265371253856235
leaf_weight=61008 2643 91394 723 377 842 229 575 65490 6052 997 10088 2066 99172 1376
leaf_count=61008 2643 91394 723 377 842 229 575 65490 6052 997 10088 2066 99172 1376
internal_value=-0.00714079 -3.26213e-05 -0.0134544 0.00916364 0.000147908 -0.0191597 0.000222503 0.00224136 0.014625 -0.000487389 0.00104522 -0.0132552 0.00162621 0.00203961
internal_weight=343032 282024 3743 1100 278281 1071 277210 72117 6627 205093 113699 4439 109260 2373
internal_count=343032 282024 3743 1100 278281 1071 277210 72117 6627 205093 113699 4439 109260 2373
is_linear=0
shrinkage=0.04


Tree=120
num_leaves=15
num_cat=0
split_feature=3 2 15 10 12 11 12 12 10 11 12 10 3 15
split_gain=50097.6 431.407 503.549 252.237 248.756 247.392 659.837 242.222 230.033 250.579 763.328 360.001 336.249 307.341
threshold=1.0000000180025095e-35 50.618523000000003 4.5215900242500036 261.08091900000005 134.1102837795685 16.772319928061101 85.960110713309717 88.196652204709622 -50.365018690834674 26.58502020371408 84.074870558451252 -25.209003826529198 23.986020500000006 6.3215550291249807
decision_type=2 2 2 2 2 2 2 2 2 2 2 2 2 2
left_child=-1 2 5 8 -5 6 -2 -4 -3 11 -11 12 -10 -13
right_child=1 3 7 4 -6 -7 -8 -9 9 10 -12 13 -14 -15
leaf_value=-0.00091517406030579458 -0.14919489561831792 0.005336640842951621 -0.00036889341288283363 -0.099829975433130894 0.067886800481286438 -0.0067495070071743159 0.0067759467449493727 1.0444689971726064 0.072835335541890214 -0.015872481624650537 -0.00072907530768695277 0.00057892519168845525 0.0037453514128353315 -0.00041142945945541246
leaf_weight=61077 1217 2193 788 840 218 1026 421 300 722 2222 82036 126921 4939 58381
leaf_count=61077 1217 2193 788 840 218 1026 421 300 722 2222 82036 126921 4939 58381
internal_value=-0.00715349 -4.50706e-05 -0.0135181 0.000136459 -0.0193573 -0.0228829 -0.0132357 0.00941176 0.000210804 0.000107986 -0.00170904 0.000909705 0.0108461 0.000606146
internal_weight=343301 282224 3752 278472 1058 2664 1638 1088 277414 275221 84258 190963 5661 185302
internal_count=343301 282224 3752 278472 1058 2664 1638 1088 277414 275221 84258 190963 5661 185302
is_linear=0
shrinkage=0.04


Tree=121
num_leaves=15
num_cat=0
split_feature=3 2 15 12 10 12 11 12 3 1 10 10 15 1
split_gain=50092.4 434.777 473.333 255.033 245.381 269.483 241.794 632.622 231.948 369.365 250.681 639.802 451.23 404.13
threshold=1.0000000180025095e-35 50.618523000000003 4.5215900242500036 75.504437487597983 261.08091900000005 120.66346295736959 16.772319928061101 85.960110713309717 4.655539000000001 4.5386504367044838 15.432419500000002 17.250566500000001 0.88182971749998285 13.746547456743546
decision_type=2 2 2 2 2 2 2 2 2 2 2 2 2 2
left_child=-1 2 6 -4 8 -6 7 -2 9 -3 13 12 -12 -10
right_child=1 4 3 -5 5 -7 -8 -9 10 -11 11 -13 -14 -15
leaf_value=-0.00087856709789356556 -0.14429323412591985 0.00050134579104298637 -0.00051690127194857992 0.94655564942343118 -0.097241619332354701 0.065579882539183426 -0.0064838935308374705 0.0065375722204883144 -0.00049386939032627811 0.031979478195358527 -0.0077350523119946151 0.0013330178144795801 0.027580518213674167 0.00061166289185938388
leaf_weight=60975 1217 4267 745 346 837 237 1009 426 93826 817 577 65663 6083 106140
leaf_count=60975 1217 4267 745 346 837 237 1009 426 93826 817 577 65663 6083 106140
internal_value=-0.00712322 -1.92778e-05 -0.0135613 0.00861595 0.00016276 -0.0189199 -0.0226848 -0.0132197 0.000236649 0.00870181 7.8593e-05 0.00209671 0.0139099 -0.000651311
internal_weight=343165 282190 3743 1091 278447 1074 2652 1643 277373 5084 272289 72323 6660 199966
internal_count=343165 282190 3743 1091 278447 1074 2652 1643 277373 5084 272289 72323 6660 199966
is_linear=0
shrinkage=0.04


Tree=122
num_leaves=15
num_cat=0
split_feature=3 2 15 12 13 10 12 2 3 1 10 3 11 12
split_gain=50041 417.662 495.425 515.297 248.298 245.402 234.957 212.939 215.4 349.836 228.989 1340.21 437.24 1043.59
threshold=1.0000000180025095e-35 50.618523000000003 1.9769870124999758 79.829093050094414 449.35294705808218 261.08091900000005 134.1102837795685 266.5321350000001 4.655539000000001 4.3779752760005275 -27.457374839907967 25.047806000000005 8.1114772755042512 71.87022074474568
decision_type=2 2 2 2 2 2 2 2 2 2 2 2 2 2
left_child=-1 2 -2 4 -4 7 -7 8 9 -3 11 -10 -12 -14
right_child=1 5 3 -5 -6 6 -8 -9 10 -11 12 -13 13 -15
leaf_value=-0.00084342441397781802 -0.005746880471488751 0.00035880115295992002 -0.011876651766397127 0.99247323549399424 0.64821947316718542 -0.092468258695895839 0.062548133160467645 0.034704096854376074 0.061422460054478711 0.023958611147729261 0.00027601112275633 0.00042120666827347609 -0.0040991730603699896 -0.0007855156084903617
leaf_weight=60953 1826 4008 1267 452 205 825 226 1104 2632 1047 119591 34743 5954 108043
leaf_count=60953 1826 4008 1267 452 205 825 226 1104 2632 1047 119591 34743 5954 108043
internal_value=-0.00713587 -3.05048e-05 -0.0132907 0.000873181 -0.0105978 0.000148253 -0.0191437 0.000221419 0.000151294 0.00833234 -1.32859e-06 0.00290569 -0.000466462 -0.00223901
internal_weight=342876 281923 3750 1924 1472 278173 1051 277122 276018 5055 270963 37375 233588 113997
internal_count=342876 281923 3750 1924 1472 278173 1051 277122 276018 5055 270963 37375 233588 113997
is_linear=0
shrinkage=0.04


Tree=123
num_leaves=15
num_cat=0
split_feature=3 2 15 11 12 0 3 11 12 10 3 10 3 13
split_gain=50026.8 375.299 529.611 263.595 633.708 230.277 313.302 282.424 640.633 334.221 677.316 994.655 404.183 364.056
threshold=1.0000000180025095e-35 50.618523000000003 4.5215900242500036 16.772319928061101 85.960110713309717 20.436956109415704 24.165470500000001 28.480419330256748 84.074870558451252 -39.580008746865325 25.395980500000004 -27.11749632695393 35.65470650000001 326.60635944222241
decision_type=2 2 2 2 2 2 2 2 2 2 2 2 2 2
left_child=-1 2 3 4 -2 7 -7 -3 -9 12 11 -11 -10 -12
right_child=1 5 -4 -5 -6 6 -8 8 9 10 13 -13 -14 -15
leaf_value=-0.0008096874374187024 -0.13764332055668224 0.00020638115799160195 0.0041216932877675026 -0.0059974091527756814 0.0065896103983066473 0.056541258101891714 0.0024107096702385643 -0.016533733037781159 0.084104955093626532 0.048253730937934253 0.0040472861386307221 -0.00085860370690848508 0.0013760911018755385 -0.0040450692030638662
leaf_weight=60975 1205 195622 1091 1007 433 885 8342 1836 692 2555 2536 27043 10573 27962
leaf_count=60975 1205 195622 1091 1007 433 885 8342 1836 692 2555 2536 27043 10573 27962
internal_value=-0.00714897 -4.03149e-05 -0.0126338 -0.0223062 -0.0124054 0.0001289 0.00634226 -8.4369e-05 -0.00220392 -0.00160368 -0.00278887 0.00152172 0.00471904 -0.00697226
internal_weight=342757 281782 3736 2645 1638 278046 9227 268819 73197 71361 60096 29598 11265 30498
internal_count=342757 281782 3736 2645 1638 278046 9227 268819 73197 71361 60096 29598 11265 30498
is_linear=0
shrinkage=0.04


Tree=124
num_leaves=15
num_cat=0
split_feature=3 10 0 3 13 11 11 12 14 14 3 10 12 13
split_gain=50100.4 231.061 238.197 797.392 554.369 465.793 444.208 999.474 740.643 436.189 420.062 595.609 536.943 536.912
threshold=1.0000000180025095e-35 -50.365018690834674 13.28415613980817 15.189197500000001 268.7841962257441 15.026157189201706 8.1114772755042512 71.87022074474568 0.21850692549482056 0.21021760849986634 14.092239500000002 68.97919450000002 73.00617521394615 254.05081887727795
decision_type=2 2 2 2 2 2 2 2 2 2 2 2 2 2
left_child=-1 -2 6 -4 -5 -6 10 -8 9 -9 12 13 -3 -12
right_child=1 2 3 4 5 -7 7 8 -10 -11 11 -13 -14 -15
leaf_value=-0.00077729993992194937 0.0053041356964063082 0.00010984884170591514 0.041315859923397973 0.020555581631524912 -0.012739700778102133 0.0010016174430075319 -0.0039701080295105658 -0.0011393224398597579 -0.0048195359495064594 0.0026291114028852503 -0.0086334286174699799 -0.0031596405127146277 -0.014770042674410582 0.001302031925252809
leaf_weight=60952 2171 15983 1705 785 1046 26610 6356 99920 3095 13993 1642 23983 9411 75483
leaf_count=60952 2171 15983 1705 785 1046 26610 6356 99920 3095 13993 1642 23983 9411 75483
internal_value=-0.00711335 -9.78089e-06 -0.000110567 0.00324819 0.00165536 0.000714492 -0.000515796 -0.00222366 -0.00138452 -0.000859955 0.00114971 0.00230486 -0.00344963 0.00401686
internal_weight=343135 282183 280012 30146 28441 27656 249866 123364 117008 113913 126502 101108 25394 77125
internal_count=343135 282183 280012 30146 28441 27656 249866 123364 117008 113913 126502 101108 25394 77125
is_linear=0
shrinkage=0.04


Tree=125
num_leaves=15
num_cat=0
split_feature=3 0 2 12 0 13 11 12 3 3 0 14 12 1
split_gain=50068.4 217.312 264.125 479.113 425.17 387.078 318.784 920.427 466.774 398.889 553.743 376.624 352.873 329.112
threshold=1.0000000180025095e-35 20.869891919721422 124.95890800000002 156.82753015032213 11.393772674058603 429.05174416940741 8.1114772755042512 71.87022074474568 4.8945640000000008 9.1842135000000003 7.9795277162685716 0.21850692549482056 77.409863848487575 39.468834677537096
decision_type=2 2 2 2 2 2 2 2 2 2 2 2 2 2
left_child=-1 2 3 6 -4 -6 9 -8 -9 -2 11 -11 -12 -10
right_child=1 -3 4 -5 5 -7 7 8 13 10 12 -13 -14 -15
leaf_value=-0.00074620794232506784 -0.00043159726650333853 0.0040343345226771408 0.00063568461826596151 -0.0048830830942898727 0.018978307886311649 0.0023769474649775551 -0.0038366349431990178 0.013693538278281717 -0.0013011406077606447 0.0004703443458852519 0.00022093433527540452 0.0038589463708894912 -0.025166062205304547 0.0024683964367011204
leaf_weight=61089 14209 8447 120706 690 2870 4181 6300 2662 82578 26217 1547 925 1665 8749
leaf_count=61089 14209 8447 120706 690 2870 4181 6300 2662 82578 26217 1547 925 1665 8749
internal_value=-0.00717185 -5.39493e-05 -0.000249251 -0.0014143 0.00107798 0.0106254 -0.0012559 -0.00250676 -0.00151465 0.00155914 0.00414838 0.00600693 -0.0115567 -0.0019959
internal_weight=342835 281746 273299 145542 127757 7051 144852 100289 93989 44563 30354 27142 3212 91327
internal_count=342835 281746 273299 145542 127757 7051 144852 100289 93989 44563 30354 27142 3212 91327
is_linear=0
shrinkage=0.04


Tree=126
num_leaves=15
num_cat=0
split_feature=3 14 2 11 2 2 0 10 13 2 3 14 10 3
split_gain=50038 248.114 375.543 471.416 424.7 375.59 283.923 266.955 484.631 563.066 383.503 380.695 361.805 449.495
threshold=1.0000000180025095e-35 0.21634704817020331 53.155083000000012 16.772319928061101 83.853042500000015 51.807012500000006 22.650979002177738 15.432419500000002 254.05081887727795 141.22911100000002 40.155045500000007 0.21021760849986634 17.250566500000001 18.946095000000003
decision_type=2 2 2 2 2 2 2 2 2 2 2 2 2 2
left_child=-1 6 3 5 -4 -3 7 11 9 -9 -11 -2 -10 -14
right_child=1 2 4 -5 -6 -7 -8 8 12 10 -12 -13 13 -15
leaf_value=-0.00071635962463206587 -0.00044351939620575822 0.0053791797658564637 0.0018110231110273233 -0.0053933071032819411 -0.001257913393329888 -0.00052157210140665986 0.0057222384971619992 -0.02282497678814072 0.018661239862994953 -0.0084812568280165038 0.0013134112125522312 0.0009022706842267248 -0.039963507930677003 0.0068398028201423072
leaf_weight=61019 165814 403 2724 987 18061 272 5097 1183 6115 1513 4103 22592 2221 50996
leaf_count=61019 165814 403 2724 987 18061 272 5097 1183 6115 1513 4103 22592 2221 50996
internal_value=-0.00715616 -5.14746e-05 -0.00408607 -0.0223827 -0.00262305 0.00337778 0.000297342 0.000110161 0.00229665 -0.0078188 -0.00253561 -0.000657304 0.00345581 0.00239698
internal_weight=343100 282081 22447 1662 20785 675 259634 254537 66131 6799 5616 188406 59332 53217
internal_count=343100 282081 22447 1662 20785 675 259634 254537 66131 6799 5616 188406 59332 53217
is_linear=0
shrinkage=0.04


Tree=127
num_leaves=15
num_cat=0
split_feature=3 10 12 10 10 15 0 3 0 9 11 12 14 12
split_gain=50048.1 220.292 235.212 216.572 525.762 457.531 411.083 511.21 637.47 474.926 453.304 543.72 494.34 492.453
threshold=1.0000000180025095e-35 261.08091900000005 120.66346295736959 15.432419500000002 17.250566500000001 0.88182971749998285 4.7194285493662385 13.991144500000003 12.359729078674187 1.9219943283854682e-05 8.1114772755042512 71.87022074474568 0.22601595510611858 94.336988677530428
decision_type=2 2 2 2 2 2 2 2 2 2 2 2 2 2
left_child=-1 3 -3 6 5 -5 10 8 -8 -9 -2 -12 -13 -14
right_child=1 2 -4 4 -6 -7 7 9 -10 -11 11 12 13 -15
leaf_value=-0.00068770523964678532 4.7473244705482641e-05 -0.088596143832634158 0.060273872787849965 -0.0083675840528493594 0.0011494031680962075 0.026118243111368854 0.0042259672704923106 -0.0029648244172384877 0.04364813938460365 0.00049053138522781926 -0.0036493239079748996 -0.0024441333544838652 0.0050016209126245315 -0.0052548796592385471
leaf_weight=61135 43255 839 237 579 65544 6045 8888 18505 1530 84783 5346 44869 253 1271
leaf_count=61135 43255 839 237 579 65544 6045 8888 18505 1530 84783 5346 44869 253 1271
internal_value=-0.007191 -7.68947e-05 -0.0181413 -7.69045e-06 0.00188117 0.0126208 -0.000660853 0.000961779 0.0094068 0.000109984 -0.00260311 -0.00512959 -0.00373763 -0.0261417
internal_weight=343079 281944 1076 280868 72168 6624 208700 113706 10418 103288 94994 51739 46393 1524
internal_count=343079 281944 1076 280868 72168 6624 208700 113706 10418 103288 94994 51739 46393 1524
is_linear=0
shrinkage=0.04


Tree=128
num_leaves=15
num_cat=0
split_feature=3 14 2 11 2 2 10 14 10 15 15 10 3 12
split_gain=50007.7 219.961 411.448 430.99 417.294 334.172 253.897 303.025 445.763 423.555 344.36 470.001 495.529 414.037
threshold=1.0000000180025095e-35 0.21634704817020331 53.155083000000012 16.772319928061101 84.351326000000014 51.807012500000006 203.39465150000004 0.21021760849986634 15.690622500000002 10.466102582375003 1.1937700325000125 17.250566500000001 18.946095000000003 117.54660237029448
decision_type=2 2 2 2 2 2 2 2 2 2 2 2 2 2
left_child=-1 6 3 5 -4 -3 7 8 -2 -9 -10 -12 -13 -14
right_child=1 2 4 -5 -6 -7 -8 9 10 -11 11 12 13 -15
leaf_value=-0.00066019703006091389 -0.00036716204429694034 0.0049639477387172096 0.0012328393839154007 -0.0049457312257986889 -0.0015703342890676509 -0.00054724487444453025 -0.043035659429255572 0.0016533518757121596 -0.0025296194015901729 -0.0037236254209564467 0.032048573886238163 -0.039516622105616739 0.052944962569690938 0.0044169957694569903
leaf_weight=61007 170225 397 3088 983 17801 270 2753 25489 6671 1462 3755 1868 5333 41881
leaf_count=61007 170225 397 3088 983 17801 270 2753 25489 6671 1462 3755 1868 5333 41881
internal_value=-0.00716339 -5.90121e-05 -0.00384933 -0.0230788 -0.00233041 0.00173913 0.000270278 0.000399869 -7.08649e-05 0.00441245 0.00290919 0.00399039 0.00294691 0.00374635
internal_weight=342983 281976 22539 1650 20889 667 259437 256684 229733 26951 59508 52837 49082 47214
internal_count=342983 281976 22539 1650 20889 667 259437 256684 229733 26951 59508 52837 49082 47214
is_linear=0
shrinkage=0.04


Tree=129
num_leaves=15
num_cat=0
split_feature=3 2 14 2 2 11 0 1 10 10 13 11 11 0
split_gain=49913.1 220.865 232.853 416.278 414.461 382.118 269.999 267.952 228.183 292.372 387.295 375.684 691.09 468.045
threshold=1.0000000180025095e-35 266.5321350000001 0.21634704817020331 53.155083000000012 83.853042500000015 21.385023228265069 23.618129355675489 0.80299130499179217 203.39465150000004 15.690622500000002 254.05081887727795 1.3318108941488167 3.1809551265848559 4.7617296264888136
decision_type=2 2 2 2 2 2 2 2 2 2 2 2 2 2
left_child=-1 2 6 5 -5 7 8 -4 9 11 -11 -2 -13 -14
right_child=1 -3 3 4 -6 -7 -8 -9 -10 10 -12 12 13 -15
leaf_value=-0.00063378914885847237 -0.0022166572055651555 0.034050799109763996 0.004819920926580643 0.0016740483546813546 -0.0012897955753226986 -0.0048195037039437064 0.0055847255227075201 -0.00047385119954237 -0.040917771565268948 -0.0029642615141747442 0.0073545251486171991 0.000777995695671414 -0.0009981533750523441 0.00058485649679923589
leaf_weight=61075 24031 1088 392 2742 17907 948 4465 288 2761 6483 55641 9830 63327 92453
leaf_count=61075 24031 1088 392 2742 17907 948 4465 288 2761 6483 55641 9830 63327 92453
internal_value=-0.00721205 -0.000119849 -0.000189428 -0.00411366 -0.00257833 -0.0235872 0.000148113 -0.000705882 -2.29446e-05 0.000102477 0.00248406 -0.000677702 4.83063e-07 -0.000648607
internal_weight=343431 282356 281268 22277 20649 1628 258991 680 254526 251765 62124 189641 165610 155780
internal_count=343431 282356 281268 22277 20649 1628 258991 680 254526 251765 62124 189641 165610 155780
is_linear=0
shrinkage=0.04


Tree=130
num_leaves=15
num_cat=0
split_feature=3 10 13 10 0 3 0 8 11 14 12 11 11 13
split_gain=49835.8 216.653 509.608 413.391 376.604 505.966 719.359 479.798 416.743 520.651 531.839 406.493 394.685 373.266
threshold=1.0000000180025095e-35 100.58931750000001 228.57383096747418 15.432419500000002 4.7617296264888136 14.280324500000001 12.681570644793862 0.99998084899508666 8.1114772755042512 0.21634704817020331 71.87022074474568 2.8540929549646163 1.3318108941488167 254.05081887727795
decision_type=2 2 2 2 2 2 2 2 2 2 2 2 2 2
left_child=-1 3 -3 4 8 6 11 -7 12 10 -10 -6 -2 -5
right_child=1 2 -4 13 5 7 -8 -9 9 -11 -12 -13 -14 -15
leaf_value=-0.0006084375829041378 -0.00094253187172709256 -0.039140095419987732 -0.0038260002031692999 -0.0027744026174154131 -0.027185792487132338 0.00046006543646544886 0.042586976253908962 -0.0030721202995461373 -0.0036451287402477208 -0.0038613688412368354 -0.0022573899474863748 0.0060247116551450011 0.00032742550352922618 0.01025527690540427
leaf_weight=60915 21354 718 17816 4934 912 83665 1629 17913 5192 1701 45377 8964 22160 49874
leaf_count=60915 21354 718 17816 4934 912 83665 1629 17913 5192 1701 45377 8964 22160 49874
internal_value=-0.00718831 -0.000105879 -0.00428618 0.000187959 -0.000623363 0.000939841 0.00889005 3.93786e-05 -0.00246889 -0.00487622 -0.00414404 0.00482787 0.000422852 0.00327981
internal_weight=343124 282209 18534 263675 208867 113083 11505 101578 95784 52270 50569 9876 43514 54808
internal_count=343124 282209 18534 263675 208867 113083 11505 101578 95784 52270 50569 9876 43514 54808
is_linear=0
shrinkage=0.04


Tree=131
num_leaves=15
num_cat=0
split_feature=3 10 12 2 14 2 11 2 0 0 11 12 10 3
split_gain=50006.2 211.273 209.538 209.237 222.805 434.417 395.245 377.722 255.903 243.809 247.532 620.85 508.181 597.727
threshold=1.0000000180025095e-35 261.08091900000005 120.66346295736959 266.5321350000001 0.21634704817020331 53.155083000000012 21.675055887493066 84.351326000000014 0.79006964957338333 22.650979002177738 28.480419330256748 84.074870558451252 -14.861147868135594 15.663243000000003
decision_type=2 2 2 2 2 2 2 2 2 2 2 2 2 2
left_child=-1 3 -3 4 9 6 8 -7 -6 10 12 -12 13 -2
right_child=1 2 -4 -5 5 7 -8 -9 -10 -11 11 -13 -14 -15
leaf_value=-0.00058410007958796582 0.035108753431259673 -0.082779090333358923 0.061150730294226609 0.03262115933768843 0.0048458946390653422 0.0011623526000841978 -0.0044700564182212337 -0.0015016743204483097 -0.00038701685294892488 0.0053481898219168954 -0.015821239323546621 -0.00094649259905708492 -3.9141333078518417e-06 0.0024679023773539368
leaf_weight=61055 1804 852 229 1111 354 3112 973 17316 315 5087 1785 69518 154917 24776
leaf_count=61055 1804 852 229 1111 354 3112 973 17316 315 5087 1785 69518 154917 24776
internal_value=-0.00717731 -7.47123e-05 -0.0177243 -6.83109e-06 -7.5583e-05 -0.00393294 -0.0237272 -0.00234188 -5.97907e-05 0.00025453 8.00633e-05 -0.00191689 0.000864587 0.00597442
internal_weight=343204 282149 1081 281068 279957 22070 1642 20428 669 257887 252800 71303 181497 26580
internal_count=343204 282149 1081 281068 279957 22070 1642 20428 669 257887 252800 71303 181497 26580
is_linear=0
shrinkage=0.04


Tree=132
num_leaves=15
num_cat=0
split_feature=3 14 2 11 9 0 8 0 14 2 0 13 13 12
split_gain=50154.4 205.509 472.342 371.689 340.389 241.534 235.778 278.63 233.244 238.067 409.524 426.658 312.161 360.107
threshold=1.0000000180025095e-35 0.21634704817020331 53.155083000000012 16.772319928061101 0.18090790407283988 0.79006964957338333 0.9426120566328583 15.531823107605769 0.21256765339438269 114.65026850000002 11.393772674058603 266.16836799851399 263.48706550046819 114.74217639378243
decision_type=2 2 2 2 2 2 2 2 2 2 2 2 2 2
left_child=-1 8 3 5 6 -3 -4 -8 9 -2 12 -12 13 -11
right_child=1 2 4 -5 -6 -7 7 -9 -10 10 11 -13 -14 -15
leaf_value=-0.00056073607640444228 -0.00028774941740202566 0.0049602821963982361 0.0028235944951816474 -0.0042332707630548683 -0.0014035391462767723 -0.00037268198309135412 0.002101657709886249 -0.0066848418328148496 0.0015873748886783645 -0.016624626216981041 0.018752876337018786 0.0048404854998818359 0.0011696947935126007 -0.0020179906842183386
leaf_weight=61212 102741 338 1637 985 15948 317 2314 1018 11966 1111 1107 12763 119181 10620
leaf_count=61212 102741 338 1637 985 15948 317 2314 1018 11966 1111 1107 12763 119181 10620
internal_value=-0.00717944 -5.64447e-05 -0.00371858 -0.0243902 -0.00209782 -0.00103817 0.00704367 0.000936375 0.000261899 -1.77761e-06 0.00104322 0.00757895 0.00035077 -0.00587503
internal_weight=343258 282046 22557 1640 20917 655 4969 3332 259489 247523 144782 13870 130912 11731
internal_count=343258 282046 22557 1640 20917 655 4969 3332 259489 247523 144782 13870 130912 11731
is_linear=0
shrinkage=0.04


Tree=133
num_leaves=15
num_cat=0
split_feature=3 14 2 11 2 12 0 15 14 1 10 15 10 11
split_gain=49982.2 210.972 468.24 359.562 335.245 238.728 240.704 282.063 357.871 319.102 311.909 461.5 345.42 544.72
threshold=1.0000000180025095e-35 0.21634704817020331 53.155083000000012 21.779652972825804 83.853042500000015 58.355169547935326 23.618129355675489 6.532326244750025 0.21135727656717004 48.23194258462825 111.88617250000001 3.8080563977499797 15.159440500000001 1.7465008056151976
decision_type=2 2 2 2 2 2 2 2 2 2 2 2 2 2
left_child=-1 5 3 -3 -4 -2 7 10 9 -9 12 -12 13 -7
right_child=1 2 4 -5 -6 6 -8 8 -10 -11 11 -13 -14 -15
leaf_value=-0.00053830663334826663 0.00057460568455375955 -5.4033121288767918e-05 0.0015789530122282658 -0.0040854548251108014 -0.00099048567787615835 -0.0044706766062188484 0.0052535467355195658 -0.0013038998557899496 0.00080196299504726141 0.0079242341378728091 -0.013030621127121731 0.0054446122145708157 0.0062402124184576559 0.00038696908889568115
leaf_weight=61046 3619 684 2734 967 18107 16005 4442 69761 10146 1589 3151 1694 46397 102618
leaf_count=61046 3619 684 2734 967 18107 16005 4442 69761 10146 1589 3151 1694 46397 102618
internal_value=-0.00718474 -7.88893e-05 -0.00379513 -0.0243004 -0.00217072 0.00024331 9.89824e-05 -6.41309e-05 -0.00199863 -0.00299818 0.00086398 -0.00913932 0.00115768 1.31509e-05
internal_weight=342960 281914 22492 1651 20841 259422 255803 251361 81496 71350 169865 4845 165020 118623
internal_count=342960 281914 22492 1651 20841 259422 255803 251361 81496 71350 169865 4845 165020 118623
is_linear=0
shrinkage=0.04


Tree=134
num_leaves=15
num_cat=0
split_feature=3 14 2 11 2 2 10 14 11 12 1 1 15 3
split_gain=49876.6 214.969 476.37 346.565 282.926 229.757 223.399 247.404 427.543 603.926 544.85 488.928 424.258 418.85
threshold=1.0000000180025095e-35 0.21634704817020331 53.155083000000012 22.003798973992168 83.853042500000015 51.807012500000006 203.39465150000004 0.21021760849986634 26.863323199503373 84.074870558451252 15.011127022993362 7.3670082517806179 10.466102582375003 24.685120000000001
decision_type=2 2 2 2 2 2 2 2 2 2 2 2 2 2
left_child=-1 6 3 5 -4 -3 7 8 10 -10 11 -2 -9 -11
right_child=1 2 4 -5 -6 -7 -8 12 9 13 -12 -13 -14 -15
leaf_value=-0.00051677436801433885 0.00035847603444626229 0.0041745703345901219 0.0013440088516410787 -0.0039587136408986727 -0.00096947740477668857 -0.00044113749653076797 -0.03791117606636428 0.0014622247399611516 -0.013924233125380124 0.0016665860994193426 0.0043459354329703397 -0.0022739751077786564 -0.0034758522838706884 -0.0027262594882092816
leaf_weight=60944 116191 401 2726 964 18171 273 2729 25639 2067 29651 22123 24553 1468 35099
leaf_count=60944 116191 401 2726 964 18171 273 2729 25639 2067 29651 22123 24553 1468 35099
internal_value=-0.00718568 -9.54424e-05 -0.00384291 -0.0246154 -0.00221467 -0.00261128 0.000229963 0.000350947 -7.55821e-05 -0.00276995 0.0010298 0.000112545 0.00396503 -0.0020905
internal_weight=342999 282055 22535 1638 20897 674 259520 256791 229684 66817 162867 140744 27107 64750
internal_count=342999 282055 22535 1638 20897 674 259520 256791 229684 66817 162867 140744 27107 64750
is_linear=0
shrinkage=0.04


Tree=135
num_leaves=15
num_cat=0
split_feature=3 0 3 2 11 14 12 14 3 15 10 3 14 3
split_gain=49981.2 198.973 773.905 448.9 273.077 823.46 719.493 470.577 342.728 368.245 326.279 578.406 390.127 325.817
threshold=1.0000000180025095e-35 13.28415613980817 14.990645000000002 108.85085300000001 8.1114772755042512 0.21850692549482056 69.808893415562011 0.21021760849986634 4.7326630000000005 3.5068043262499917 -15.540294126745762 15.092820000000001 0.20414199907131844 23.803381000000005
decision_type=2 2 2 2 2 2 2 2 2 2 2 2 2 2
left_child=-1 4 -3 -4 -2 6 -6 8 -8 -10 11 -11 -13 -14
right_child=1 2 3 -5 5 -7 7 -9 9 10 -12 12 13 -15
leaf_value=-0.0004961033932937653 0.00019198396096750336 0.038381611918437232 -0.0018418609154265586 0.0037156871210185607 -0.0036158556426353172 -0.0034550205518057097 0.012359892648370594 0.0024599801883762162 0.004955353682045617 0.037235603072115785 -0.0026451561430166025 0.00022113451494258418 0.01369046963170671 -0.0065257118014620365
leaf_weight=61138 126282 1563 11498 17128 5090 3426 2020 15948 7846 1656 39859 40529 1368 7308
leaf_count=61138 126282 1563 11498 17128 5090 3426 2020 15948 7846 1656 39859 40529 1368 7308
internal_value=-0.00721825 -9.90335e-05 0.00296929 0.00147279 -0.000467589 -0.00179256 -0.00124778 -0.000604802 -0.00161692 -0.00195118 -0.00267019 -0.000546588 -0.00132913 -0.0090272
internal_weight=342659 281521 30189 28626 251332 125050 121624 116534 100586 98566 90720 50861 49205 8676
internal_count=342659 281521 30189 28626 251332 125050 121624 116534 100586 98566 90720 50861 49205 8676
is_linear=0
shrinkage=0.04


Tree=136
num_leaves=15
num_cat=0
split_feature=7 10 12 0 11 15 11 12 14 14 15 13 1 13
split_gain=49880.5 205.586 203.227 183.204 413.205 421.924 292.563 1015.11 625.307 401.942 348.442 324.155 276.208 526.713
threshold=1.0000000180025095e-35 261.08091900000005 134.1102837795685 13.28415613980817 15.026157189201706 4.8872795136250327 10.679923340486214 71.479645394337595 0.21850692549482056 0.21021760849986634 5.0983766455000117 320.70751591614822 15.615216537182016 466.27196737977994
decision_type=2 2 2 2 2 2 2 2 2 2 2 2 2 2
left_child=-1 3 -3 6 -5 -6 -2 -8 9 10 -9 -12 -13 -14
right_child=1 2 -4 4 5 -7 7 8 -10 -11 11 12 13 -15
leaf_value=-0.00047625925756200616 0.00020237757452143512 -0.078034336161968129 0.060330519384173067 -0.010680732345900272 0.013971420383492385 0.0012893991517158288 -0.0052315017185342238 0.00093831658145471567 -0.0033753999683465989 0.0022472697563773211 0.0038875909150017018 -0.0032282873576943241 0.0015307902253293649 -0.0040482864115591781
leaf_weight=61094 131409 861 224 1116 2815 26199 4389 37826 2838 15395 6704 21769 19991 10452
leaf_count=61094 131409 861 224 1116 2815 26199 4389 37826 2838 15395 6704 21769 19991 10452
internal_value=-0.00723256 -0.000133339 -0.0175115 -6.6215e-05 0.00288085 0.00379955 -0.0004203 -0.00185383 -0.00113312 -0.000663831 -0.00161915 -0.00354267 -0.00460584 -0.00214565
internal_weight=343082 281988 1085 280903 30130 29014 250773 119364 114975 112137 96742 58916 52212 30443
internal_count=343082 281988 1085 280903 30130 29014 250773 119364 114975 112137 96742 58916 52212 30443
is_linear=0
shrinkage=0.04


Tree=137
num_leaves=15
num_cat=0
split_feature=3 2 14 2 9 11 0 8 12 11 10 0 9 0
split_gain=49848.8 205.65 197.206 434.536 355.458 349.569 271.921 255.186 221.529 236.083 216.172 200.161 231.332 197.394
threshold=1.0000000180025095e-35 266.5321350000001 0.21634704817020331 53.155083000000012 0.18090790407283988 22.475001861271704 0.76391137493282868 0.9426120566328583 86.537380744512646 7.1062525544315589 203.39465150000004 7.8493755118188249 0.098761524270046544 23.618129355675489
decision_type=2 2 2 2 2 2 2 2 2 2 2 2 2 2
left_child=-1 2 10 5 7 6 -4 11 -9 -10 13 12 -5 -2
right_child=1 -3 3 4 -6 -7 -8 8 9 -11 -12 -13 -14 -15
leaf_value=-0.0004572088872595259 2.0501574591360595e-05 0.03306549153110204 0.0042808043420125945 0.0029505596588889783 -0.0015949389131183934 -0.003586124799599908 -0.00038007189326974002 0.0024636205244870711 -0.0064109513804020456 4.6426641616818532e-05 -0.037619315182020843 0.0081604152027898291 -0.00028321235619770401 0.0048873641074372535
leaf_weight=61102 251473 1083 395 273 15707 919 331 1660 480 1157 2718 939 431 4460
leaf_count=61102 251473 1083 395 273 15707 919 331 1660 480 1157 2718 939 431 4460
internal_value=-0.00724511 -0.000148639 -0.000215702 -0.00382559 -0.00224924 -0.0236109 -0.00286501 0.00710931 0.000691538 -0.00974954 9.54182e-05 0.0199878 0.00386364 0.000214587
internal_weight=343128 282026 280943 22292 20647 1645 726 4940 3297 1637 258651 1643 704 255933
internal_count=343128 282026 280943 22292 20647 1645 726 4940 3297 1637 258651 1643 704 255933
is_linear=0
shrinkage=0.04


Tree=138
num_leaves=15
num_cat=0
split_feature=3 14 2 2 11 0 11 0 3 3 12 9 8 13
split_gain=49933 186.046 483.385 364.204 349.612 232.123 243.04 221.132 198.557 194.691 192.182 227.888 216.586 377.407
threshold=1.0000000180025095e-35 0.21634704817020331 58.763237000000011 83.853042500000015 22.231409936000173 7.6502991764493276 7.1062525544315589 0.76391137493282868 202.31935350000003 5.6067205000000007 58.355169547935326 1.4920243468885543e-05 0.99998513228630592 513.32521284928225
decision_type=2 2 2 2 2 2 2 2 2 2 2 2 2 2
left_child=-1 8 4 5 7 -4 -7 9 10 -3 11 -2 -12 -14
right_child=1 2 3 -5 -6 6 -8 -9 -10 -11 12 -13 13 -15
leaf_value=-0.00043892053176914915 0.001015796162667213 -0.0010499412629052785 0.0031157517877096375 -0.00090865288146381397 -0.0033898753729259923 -0.0047390484555181094 0.003894837557619013 -0.0005108128523942224 -0.033751816523519378 0.0053473079166231228 0.00047207581694719281 -0.00013525974031241008 -0.00023162280725030904 -0.0021981535117936968
leaf_weight=61006 2268 104 1705 18139 954 311 330 704 2794 263 197651 1395 51133 4373
leaf_count=61006 2268 104 1705 18139 954 311 330 704 2794 263 197651 1395 51133 4373
internal_value=-0.00718608 -9.04567e-05 -0.00357885 -0.0017359 -0.0222222 0.0130946 -0.0074259 -0.00653595 0.000212007 0.0186376 0.000327389 0.00942397 0.000195768 -0.00201203
internal_weight=343130 282124 22510 20485 2025 2346 641 1071 259614 367 256820 3663 253157 55506
internal_count=343130 282124 22510 20485 2025 2346 641 1071 259614 367 256820 3663 253157 55506
is_linear=0
shrinkage=0.04


Tree=139
num_leaves=15
num_cat=0
split_feature=3 2 14 2 2 12 12 9 10 3 15 0 3 13
split_gain=49927.7 187.38 202.596 416.007 361 249.09 195.782 230.628 196.719 1237.2 309.81 425.349 343.44 336.229
threshold=1.0000000180025095e-35 266.5321350000001 0.21634704817020331 58.763237000000011 84.351326000000014 102.61072889205398 58.355169547935326 1.4920243468885543e-05 -27.457374839907967 24.356294500000004 6.5080501257500325 13.28415613980817 15.380900500000001 282.46392299658419
decision_type=2 2 2 2 2 2 2 2 2 2 2 2 2 2
left_child=-1 2 6 5 -5 -4 7 -2 9 -8 11 -10 -13 -14
right_child=1 -3 3 4 -6 -7 8 -9 10 -11 -12 12 13 -15
leaf_value=-0.00042136371049839028 0.00098221510316328416 0.030726388487294899 -0.00025500707727706741 0.0014057938202490751 -0.0013508364825793363 -0.003176259749974264 0.064114945884222285 -0.0001336609112535392 -1.2409802853619035e-05 0.00055936433203244041 -0.0007946383228021681 0.047160443061180328 0.016898231213871798 0.003042467747978771
leaf_weight=60980 2263 1106 1051 2707 17536 967 2124 1383 146640 31695 63260 1029 783 9518
leaf_count=60980 2263 1106 1051 2707 17536 967 2124 1383 146640 31695 63260 1029 783 9518
internal_value=-0.00718023 -8.48041e-05 -0.00014949 -0.00381115 -0.00208467 -0.0211298 0.0001656 0.00936917 3.40327e-05 0.00287531 -0.000400307 0.000546939 0.00801412 0.00581303
internal_weight=343042 282062 280956 22261 20243 2018 258695 3646 255049 33819 221230 157970 11330 10301
internal_count=343042 282062 280956 22261 20243 2018 258695 3646 255049 33819 221230 157970 11330 10301
is_linear=0
shrinkage=0.04


Tree=140
num_leaves=15
num_cat=0
split_feature=3 2 14 2 11 8 0 0 3 11 12 1 3 3
split_gain=49895.3 178.162 185.74 360.371 384.749 348.16 204.77 201.584 237.081 205.365 549.127 408.637 588.482 322.254
threshold=1.0000000180025095e-35 266.5321350000001 0.21634704817020331 58.763237000000011 22.720525982885295 0.83345025870531708 0.76391137493282868 22.650979002177738 25.047806000000005 28.480419330256748 84.074870558451252 14.896302276895215 15.189197500000001 24.511992500000002
decision_type=2 2 2 2 2 2 2 2 2 2 2 2 2 2
left_child=-1 2 7 4 6 -5 -4 9 -9 11 -11 -2 -13 -12
right_child=1 -3 3 5 -6 -7 -8 8 -10 10 13 12 -14 -15
leaf_value=-0.00040450916207845466 -2.4633268811582456e-05 0.027507446354245849 0.0029123231584398824 -0.0013792967021355241 -0.0032138898409323248 0.0013431313732523264 -0.00046625335597221706 0.078844403044412467 0.0032948363742556076 -0.014535556312147096 0.0021972963273852687 0.035585742043095336 0.0020839632794041529 -0.001917641540343551
leaf_weight=60985 155793 1094 441 15763 867 4442 713 404 4685 1783 28202 1508 25055 41073
leaf_count=60985 155793 1094 441 15763 867 4442 713 404 4685 1783 28202 1508 25055 41073
internal_value=-0.00719493 -9.60887e-05 -0.000158872 -0.00366778 -0.0197724 -0.00205692 -0.00464471 0.000142822 0.00802515 -1.54688e-05 -0.00183962 0.000695343 0.00528103 -0.0012755
internal_weight=342808 281823 280729 22226 2021 20205 1154 258503 5089 253414 71058 182356 26563 69275
internal_count=342808 281823 280729 22226 2021 20205 1154 258503 5089 253414 71058 182356 26563 69275
is_linear=0
shrinkage=0.04


Tree=141
num_leaves=15
num_cat=0
split_feature=3 10 12 1 3 11 12 3 10 0 9 1 3 1
split_gain=49806.9 175.502 191.256 170.89 334.848 260.952 498.58 397.653 1064.06 431.829 397.327 396.567 612.66 590.7
threshold=1.0000000180025095e-35 261.08091900000005 120.66346295736959 40.585869762424942 36.389945000000004 26.326114004459136 84.074870558451252 24.511992500000002 -25.986668415768193 2.048116163059952 0.39744089593211035 15.873001134525706 20.108377000000001 21.772288044164984
decision_type=2 2 2 2 2 2 2 2 2 2 2 2 2 2
left_child=-1 3 -3 5 -5 -2 -7 8 -8 -9 -10 -12 13 -13
right_child=1 2 -4 4 -6 6 7 9 10 -11 11 12 -14 -15
leaf_value=-0.00038832879559532076 0.00013023797886838829 -0.073041378456307732 0.060508043078552412 0.082022157688165717 0.001497283759025532 -0.012159145976338808 0.046482706134050596 -0.043681760510102557 0.0068636786958571876 -0.0016471531454463903 -0.0086531139035661807 0.0030579436539536499 -0.0098832663693012007 0.071593792774554146
leaf_weight=60917 193543 850 227 602 10094 2262 2764 1351 10987 41252 6117 4573 6070 1206
leaf_count=60917 193543 850 227 602 10094 2262 2764 1351 10987 41252 6117 4573 6070 1206
internal_value=-0.00720167 -0.000114084 -0.0162303 -5.22753e-05 0.00490651 -0.000248626 -0.00222507 -0.001662 0.00172904 -0.00418656 -0.00053466 -0.00419904 7.08921e-05 0.00939263
internal_weight=342815 281898 1077 280821 10696 270125 76582 74320 31717 42603 28953 17966 11849 5779
internal_count=342815 281898 1077 280821 10696 270125 76582 74320 31717 42603 28953 17966 11849 5779
is_linear=0
shrinkage=0.04


Tree=142
num_leaves=15
num_cat=0
split_feature=3 10 15 1 3 11 2 1 3 0 3 11 3 1
split_gain=49908.1 179.732 194.415 164.031 324.489 253.85 469.184 323.595 380.029 288.306 301.112 250.012 248.983 1176.22
threshold=1.0000000180025095e-35 261.08091900000005 10.466102582375003 40.585869762424942 36.031391000000006 26.326114004459136 61.198209500000004 24.427520936895274 23.603676500000002 9.1829011767749495 13.797252500000001 37.74878623464717 24.356294500000004 24.898096725812156
decision_type=2 2 2 2 2 2 2 2 2 2 2 2 2 2
left_child=-1 3 -3 5 -5 7 -7 -2 -9 12 -11 -6 13 -8
right_child=1 2 -4 4 11 6 9 8 -10 10 -12 -13 -14 -15
leaf_value=-0.00037279564377151075 5.8943806721494241e-05 -0.071781958578065186 0.06078922797009538 0.08310703355696171 0.0092162958650584808 -0.0089584237743444463 -0.0048597323369388729 0.06958555907767236 0.0029828748451038939 0.042273710125104905 0.00044216233398338415 0.00018860696464250481 -0.0034300512725208001 0.038213537822962745
leaf_weight=60950 187054 840 225 587 1637 1693 19642 864 5756 855 27775 8568 23295 3467
leaf_count=60950 187054 840 225 587 1637 1693 19642 864 5756 855 27775 8568 23295 3467
internal_value=-0.00717512 -8.70126e-05 -0.0164883 -2.48939e-05 0.00481097 -0.000217899 -0.00216508 0.000553507 0.00924471 -0.00169523 0.0014614 0.00314748 -0.00364279 -0.000701026
internal_weight=343208 282258 1065 281193 10792 270401 76727 193674 6620 75034 28630 10205 46404 23109
internal_count=343208 282258 1065 281193 10792 270401 76727 193674 6620 75034 28630 10205 46404 23109
is_linear=0
shrinkage=0.04


Tree=143
num_leaves=15
num_cat=0
split_feature=3 10 13 10 13 0 3 0 3 9 10 9 11 15
split_gain=49930.3 167.015 487.922 338.249 381.328 369.669 493.883 523.08 438.287 371.789 343.054 553.087 327.77 407.48
threshold=1.0000000180025095e-35 96.848670000000013 228.57383096747418 15.432419500000002 254.05081887727795 4.8401502317391456 13.597193500000001 9.860196835491605 9.8978170000000016 1.9219943283854682e-05 -7.9387085878252197 0.13804413162571574 8.1114772755042512 2.0657422474999838
decision_type=2 2 2 2 2 2 2 2 2 2 2 2 2 2
left_child=-1 3 -3 5 -5 12 7 8 -7 -8 -11 -12 -2 -14
right_child=1 2 -4 4 -6 6 9 -9 -10 10 11 -13 13 -15
leaf_value=-0.00035788381802065672 2.3012704532732189e-05 -0.031752722953214907 -0.0030400861580566121 -0.0030693557751077538 0.00998043866541737 0.013757142964837819 -0.0024850307997154974 0.032472813915463292 -0.003776209617597033 0.0002982406125020498 0.002071702284238466 -0.00035454608893747074 -0.0024844750729210931 -0.002397826578018254
leaf_weight=60965 43678 768 18771 4623 49193 2870 19113 2281 3236 79503 3415 1085 1341 52073
leaf_count=60965 43678 768 18771 4623 49193 2870 19113 2281 3236 79503 3415 1085 1341 52073
internal_value=-0.00717577 -7.83118e-05 -0.00364604 0.00018734 0.00301472 -0.000542103 0.00102921 0.0103637 0.00425811 0.000269987 0.00141566 0.01216 -0.00234664 -0.00444827
internal_weight=342915 281950 19539 262411 53816 208595 111503 8387 6106 103116 84003 4500 97092 53414
internal_count=342915 281950 19539 262411 53816 208595 111503 8387 6106 103116 84003 4500 97092 53414
is_linear=0
shrinkage=0.04


Tree=144
num_leaves=15
num_cat=0
split_feature=3 0 3 13 1 3 11 12 14 14 3 10 3 1
split_gain=50037.8 163.603 684.457 444.975 393.826 490.095 212.726 918.149 481.707 396.648 378.206 334.927 614.465 659.347
threshold=1.0000000180025095e-35 13.28415613980817 15.189197500000001 268.7841962257441 18.809978239902154 23.986020500000006 10.679923340486214 71.479645394337595 0.21850692549482056 0.21021760849986634 4.9709330000000014 -15.35921909453794 19.113194500000002 20.771859793717017
decision_type=2 2 2 2 2 2 2 2 2 2 2 2 2 2
left_child=-1 6 -3 -4 -5 -6 -2 -8 9 10 -9 12 13 -12
right_child=1 2 3 4 5 -7 7 8 -10 -11 11 -13 -14 -15
leaf_value=-0.00034356846529982833 0.00015260358427974908 0.034459468551757466 0.016119446538217081 -0.0041421140603489 0.035719396901381983 0.00044074073059585358 -0.0048485413410761244 0.01340848683696899 -0.0025732191710752163 0.0023008189202538888 0.0066651447394602261 -0.0023668399058305134 -0.0010387062777094374 0.083495412181463141
leaf_weight=61159 132601 1713 791 8725 2433 16485 4389 2142 2865 15314 5656 38021 49480 1534
leaf_count=61159 132601 1713 791 8725 2433 16485 4389 2142 2865 15314 5656 38021 49480 1534
internal_value=-0.00719983 -9.00234e-05 0.0026948 0.00121545 0.00036899 0.00361138 -0.000423171 -0.00164789 -0.000962682 -0.000548922 -0.00149494 -0.00187093 7.76425e-05 0.0110042
internal_weight=343308 282149 30147 28434 27643 18918 252002 119401 115012 112147 96833 94691 56670 7190
internal_count=343308 282149 30147 28434 27643 18918 252002 119401 115012 112147 96833 94691 56670 7190
is_linear=0
shrinkage=0.04


Tree=145
num_leaves=15
num_cat=0
split_feature=3 12 0 3 1 3 8 10 8 12 10 3 13 1
split_gain=50077.1 172.863 179.816 430.647 539.426 405.073 341.905 366.661 508.671 336.738 315.25 388.764 301.839 271.601
threshold=1.0000000180025095e-35 194.72546964306221 4.8401502317391456 13.597193500000001 12.979318840449112 9.8978170000000016 0.99998084899508666 -7.9387085878252197 0.86324695807498941 73.00617521394615 15.432419500000002 75.471565000000012 254.05081887727795 17.998907759875877
decision_type=2 2 2 2 2 2 2 2 2 2 2 2 2 2
left_child=-1 2 10 4 5 -4 7 13 9 -9 -2 12 -12 -5
right_child=1 -3 3 6 -6 -7 -8 8 -10 -11 11 -13 -14 -15
leaf_value=-0.00032982572668784017 -0.00052209923606444169 0.026685142939822503 0.015094673140548926 -0.00074728522022524861 0.03851386764309183 -0.0031341984813445657 -0.0023217212918555941 -0.00076503531415674788 0.0022094403802143513 0.00025784524343410277 -0.0049194861703510803 -0.0032675283634509278 0.0090659830951334806 0.0012753284517566777
leaf_weight=61060 95105 2726 3018 27408 1701 3642 19197 668 3465 441 2075 23411 47039 52112
leaf_count=61060 95105 2726 3018 27408 1701 3642 19197 668 3465 441 2075 23411 47039 52112
internal_value=-0.00715707 -4.59561e-05 -0.000143797 0.00109985 0.00983136 0.0046967 0.000393064 0.00149262 0.0125055 -0.011073 -0.000972141 0.00101427 0.0030362 0.000859155
internal_weight=343068 282008 279282 111652 8361 6660 103291 84094 4574 1109 167630 72525 49114 79520
internal_count=343068 282008 279282 111652 8361 6660 103291 84094 4574 1109 167630 72525 49114 79520
is_linear=0
shrinkage=0.04


Tree=146
num_leaves=15
num_cat=0
split_feature=3 3 1 3 14 14 13 12 11 12 1 3 0 1
split_gain=49991.2 164.676 337.79 220.764 228.64 219.868 447.309 351.504 267.844 883.412 458.523 893.534 476.13 577.163
threshold=1.0000000180025095e-35 4.655539000000001 4.5386504367044838 8.5239615000000004 0.17762989721056535 0.18891382967311129 254.05081887727795 115.63523698181984 11.252741300016833 70.673313367433607 20.147293647157753 23.255202500000003 5.5447854133102235 30.706501399917752
decision_type=2 2 2 2 2 2 2 2 2 2 2 2 2 2
left_child=-1 2 -2 4 -3 -5 7 -7 -8 -10 -11 -12 13 -13
right_child=1 3 -4 5 -6 6 8 -9 9 10 11 12 -14 -15
leaf_value=-0.00031663269762033152 0.00031163503048896145 -0.012941578368797039 0.028735823185080101 0.0010072784776847855 -0.00030788864333160861 -0.019854763107151889 0.00029946490479602959 -0.0022984448055518463 -0.0067332539216622194 -0.0018135316982960232 0.027585720154765108 -0.016991754269571797 0.00076695962968438504 0.0003328333255175542
leaf_weight=61037 4640 2857 828 76914 12806 1119 77777 3188 2794 41290 6429 5603 38366 7131
leaf_count=61037 4640 2857 828 76914 12806 1119 77777 3188 2794 41290 6429 5603 38366 7131
internal_value=-0.00718072 -7.0703e-05 0.00680322 -0.000206751 -0.004819 7.04498e-05 -0.000681339 -0.01342 -0.000375495 -0.00172773 -0.0011006 0.00120774 -0.00056047 -0.00726245
internal_weight=342779 281742 5468 276274 15663 260611 183697 4307 179390 101613 98819 57529 51100 12734
internal_count=342779 281742 5468 276274 15663 260611 183697 4307 179390 101613 98819 57529 51100 12734
is_linear=0
shrinkage=0.04


Tree=147
num_leaves=15
num_cat=0
split_feature=3 10 13 10 0 11 15 3 0 11 12 1 10 13
split_gain=49996.9 153.752 446.374 293.114 330.676 417.78 744.62 488.357 442.133 416.392 387.043 382.447 419.17 489.782
threshold=1.0000000180025095e-35 100.58931750000001 228.57383096747418 15.432419500000002 4.7194285493662385 1.0113710542428374 6.7514341424999467 13.597193500000001 9.4498520001333635 3.745096472680812 71.87022074474568 7.3670082517806179 -14.116237561515565 437.77101577425384
decision_type=2 2 2 2 2 2 2 2 2 2 2 2 2 2
left_child=-1 3 -3 4 -2 6 -6 8 -7 -9 -11 -12 13 -13
right_child=1 2 -4 -5 5 7 -8 9 -10 10 11 12 -14 -15
leaf_value=-0.00030396738971552042 -0.00048361828975803436 -0.031788893425040321 -0.0031050832922685781 0.0046370022838197866 -0.03691856890579974 0.0035497901489239133 0.00099441350398973946 0.0006558637903708764 0.030518447669722205 -0.00053095345981543749 0.0041228455917699594 0.0043861871088165215 -0.0017773229486041521 -0.00048340931798056762
leaf_weight=61109 94855 703 17746 54800 1797 5755 2627 2008 2514 1930 2902 30425 21434 42310
leaf_count=61109 94855 703 17746 54800 1797 5755 2627 2008 2514 1930 2902 30425 21434 42310
internal_value=-0.00720097 -8.85716e-05 -0.00361862 0.00015872 -0.000525324 0.000929447 -0.0111212 0.0014173 0.0107631 0.000652219 0.000286462 0.00063912 0.000198367 0.00164707
internal_weight=342915 281806 18449 263357 208557 113702 4424 109278 8269 101009 99001 97071 94169 72735
internal_count=342915 281806 18449 263357 208557 113702 4424 109278 8269 101009 99001 97071 94169 72735
is_linear=0
shrinkage=0.04


Tree=148
num_leaves=15
num_cat=0
split_feature=3 2 1 3 11 11 12 3 10 0 8 1 3 11
split_gain=49995.3 159.521 153.396 323.652 236.254 226.834 472.014 392.803 912.707 370.248 364.291 331.355 549.956 327.719
threshold=1.0000000180025095e-35 266.5321350000001 40.585869762424942 36.031391000000006 37.74878623464717 28.480419330256748 84.074870558451252 24.511992500000002 -25.986668415768193 17.392999162948882 0.082022432943228751 13.992939238394406 15.189197500000001 14.346676014326526
decision_type=2 2 2 2 2 2 2 2 2 2 2 2 2 2
left_child=-1 2 5 -4 -5 11 -7 8 -8 -10 -9 13 -13 -2
right_child=1 -3 3 4 -6 6 7 10 9 -11 -12 12 -14 -15
leaf_value=-0.00029180869412689605 8.8365062330755247e-05 0.025656448446064673 0.080168090074196188 0.0084428246263196002 0.00010607187199163871 -0.012167718610044793 0.043012113801348222 -0.039570947710516099 -0.0018902692263679998 0.04421535860641547 -0.0017494437144037346 0.025215178910709946 0.0011664362629899517 -0.001906822949267264
leaf_weight=61073 139531 1085 575 1674 8513 1804 2648 1858 24114 1669 37884 2498 31211 26945
leaf_count=61073 139531 1085 575 1674 8513 1804 2648 1858 24114 1669 37884 2498 31211 26945
internal_value=-0.00718802 -8.2125e-05 -0.000141248 0.00454191 0.00289388 -0.000327803 -0.00228818 -0.00175377 0.00183602 -0.000460769 -0.00432188 0.000357469 0.00397401 -0.000374829
internal_weight=343082 282009 280924 10762 10187 270162 69977 68173 28431 25783 39742 200185 33709 166476
internal_count=343082 282009 280924 10762 10187 270162 69977 68173 28431 25783 39742 200185 33709 166476
is_linear=0
shrinkage=0.04


Tree=149
num_leaves=15
num_cat=0
split_feature=3 10 12 15 0 3 13 10 11 10 3 13 13 11
split_gain=49944.2 145.877 173.796 147.096 269.775 357.269 320.437 307.37 469.279 554.081 336.846 329.702 310.863 525.385
threshold=1.0000000180025095e-35 261.08091900000005 120.66346295736959 6.532326244750025 13.28415613980817 19.269961000000006 297.0789537866894 14.047078000000001 1.0000000180025095e-35 -4.2621838187996088 13.991144500000003 254.05081887727795 688.62798463473371 23.264046117807812
decision_type=2 2 2 2 2 2 2 2 2 2 2 2 2 2
left_child=-1 3 -3 4 7 -6 -7 8 9 -2 -11 -9 -10 -14
right_child=1 2 -4 -5 5 6 -8 11 12 10 -12 -13 13 -15
leaf_value=-0.0002801363463618145 -0.028976283605755989 -0.066829934790790524 0.056011042807101286 -0.00032387945971280364 0.025920393741945161 0.01430001985336447 0.00045831944317955344 -0.0025187914583123228 2.7370945306142148e-05 -0.012712130944904148 0.001415325246750072 0.0066756694646188212 0.00038636925613577233 -0.0026717771498651287
leaf_weight=60978 2009 840 228 96832 3037 693 10098 6490 100333 6828 2322 51009 456 781
leaf_count=60978 2009 840 228 96832 3037 693 10098 6490 100333 6828 2322 51009 456 781
internal_value=-0.00717526 -7.6324e-05 -0.0148315 -2.02216e-05 0.000643717 0.00601678 0.00260588 0.000207251 -0.00100666 -0.0087929 -0.00461639 0.00258718 -0.000151226 -0.0200808
internal_weight=342934 281956 1068 280888 184056 13828 10791 170228 112729 11159 9150 57499 101570 1237
internal_count=342934 281956 1068 280888 184056 13828 10791 170228 112729 11159 9150 57499 101570 1237
is_linear=0
shrinkage=0.04


Tree=150
num_leaves=15
num_cat=0
split_feature=3 1 11 12 1 3 14 2 3 3 15 15 12 11
split_gain=49993.6 144.695 156.41 468.269 274.691 293.257 262.872 345.36 209.442 348.97 337.375 305.279 284.515 323.841
threshold=1.0000000180025095e-35 52.663060171281678 26.326114004459136 84.074870558451252 25.268566892980015 23.803381000000005 0.23320872121670802 72.911872500000015 87.917421500000017 31.725405000000006 3.0686840562500071 0.91381273125000473 127.77259749043198 11.503134669994065
decision_type=2 2 2 2 2 2 2 2 2 2 2 2 2 2
left_child=-1 2 4 -4 8 -6 7 -5 9 -2 -10 -11 13 -12
right_child=1 -3 3 6 5 -7 -8 -9 10 11 12 -13 -14 -15
leaf_value=-0.00026893089250734192 -5.0054484495238863e-05 0.0055243928160313184 -0.010318055574159964 0.053774786051389772 0.065791670297809302 0.0032217506483313454 -0.0033041107974187156 -0.00070301062793376445 -0.01377696981265353 -0.0060278318809098242 0.0076465881588854857 0.0012122224814465543 -0.0047581615096163989 -0.0030042341565868114
leaf_weight=60883 130050 1490 2296 472 621 4880 276 82884 1994 1489 3675 34939 16500 265
leaf_count=60883 130050 1490 2296 472 621 4880 276 82884 1994 1489 3675 34939 16500 265
internal_value=-0.00713014 -2.93793e-05 -9.54552e-05 -0.00151662 0.00053268 0.00934376 -0.00102736 -0.000898316 0.000276107 0.000765026 -0.00335205 0.00422532 -0.00181996 0.00783756
internal_weight=342714 281831 280341 85928 194413 5501 83632 83356 188912 166478 22434 36428 20440 3940
internal_count=342714 281831 280341 85928 194413 5501 83632 83356 188912 166478 22434 36428 20440 3940
is_linear=0
shrinkage=0.04


Tree=151
num_leaves=15
num_cat=0
split_feature=3 14 2 11 2 0 0 11 10 10 14 0 10 10
split_gain=49900.8 182.562 281.073 380.723 284.7 235.59 211.547 233.94 188.981 180.788 287.699 352.348 270.489 388.795
threshold=1.0000000180025095e-35 0.21634704817020331 58.763237000000011 23.264046117807812 83.337211500000009 0.76391137493282868 7.0278203869037839 7.1062525544315589 203.39465150000004 15.690622500000002 0.21021760849986634 1.794466646004087 17.250566500000001 18.936234500000001
decision_type=2 2 2 2 2 2 2 2 2 2 2 2 2 2
left_child=-1 8 3 5 6 -3 -4 -8 9 10 -2 -12 -11 -14
right_child=1 2 4 -5 -6 -7 7 -9 -10 12 11 -13 13 -15
leaf_value=-0.00025817365680705254 -0.00028088773275796618 0.00045445581932288096 0.0035175957328864851 -0.0025540728603208151 -0.0007429538097493937 -0.00048692630470030805 -0.0041603597713151339 0.0038620835650544105 -0.031893782710447988 0.016170651545615432 -0.00071761735420068369 0.0019913780080955948 -0.039476383800696242 0.0027725374902427347
leaf_weight=61057 169970 509 1407 785 18382 717 328 330 2748 5176 2806 21397 2218 55042
leaf_count=61057 169970 509 1407 785 18382 717 328 330 2748 5176 2806 21397 2218 55042
internal_value=-0.00721599 -0.000113124 -0.00357289 -0.0178419 -0.00216951 -0.00391517 0.0119128 -0.00680851 0.000186461 0.000298197 -0.000303853 0.00377639 0.00217054 0.00137897
internal_weight=342872 281815 22458 2011 20447 1226 2065 658 259357 256609 194173 24203 62436 57260
internal_count=342872 281815 22458 2011 20447 1226 2065 658 259357 256609 194173 24203 62436 57260
is_linear=0
shrinkage=0.04


Tree=152
num_leaves=15
num_cat=0
split_feature=3 3 1 3 14 14 13 12 2 12 15 12 2 13
split_gain=49896.7 161.67 335.906 201.446 208.193 167.901 385.443 330.056 281.44 338.85 300.94 216.442 198.521 195.898
threshold=1.0000000180025095e-35 4.7326630000000005 4.5386504367044838 8.5239615000000004 0.17762989721056535 0.18891382967311129 254.05081887727795 101.65742702683637 56.831857500000005 71.87022074474568 4.6126924129999773 194.72546964306221 189.79924800000003 434.15911543596184
decision_type=2 2 2 2 2 2 2 2 2 2 2 2 2 2
left_child=-1 2 -2 4 -3 8 7 -7 9 10 -5 13 -9 -8
right_child=1 3 -4 5 -6 6 11 12 -10 -11 -12 -13 -14 -15
leaf_value=-0.00024784671053476262 0.00028729539854209561 -0.014022329648711853 0.024304777218838673 0.0011357910346250222 -0.00036554826606199242 -0.02796264392046835 0.00059011708815651434 -8.4394627889405879e-05 0.00076058778832045152 0.0047133622176657401 -0.00076362155644360997 0.032352449617606034 -0.0087207058901952548 -0.00036705857870283242
leaf_weight=60961 5619 2623 994 2206 11932 745 77837 2250 72768 668 1233 714 1318 100943
leaf_count=60961 5619 2623 994 2206 11932 745 77837 2250 72768 668 1233 714 1318 100943
internal_value=-0.00718658 -8.94093e-05 0.00609103 -0.000237904 -0.00481759 1.77995e-05 -0.000638713 -0.0124554 0.00158751 0.011775 0.00671125 -0.000354775 -0.0073991 -0.000442555
internal_weight=342811 281850 6613 275237 14555 260682 183807 4313 76875 4107 3439 179494 3568 178780
internal_count=342811 281850 6613 275237 14555 260682 183807 4313 76875 4107 3439 179494 3568 178780
is_linear=0
shrinkage=0.04


Tree=153
num_leaves=15
num_cat=0
split_feature=3 14 2 11 9 1 11 0 0 2 0 3 12 9
split_gain=50004.1 156.047 225.727 419.892 284.918 279.953 419.894 229.464 208.689 195.807 181.412 224.733 185.876 203.065
threshold=1.0000000180025095e-35 0.21634704817020331 58.763237000000011 23.410380953233741 0.11625000565221057 8.2073949114557028 15.61866349984286 26.139237218294152 0.76391137493282868 92.944656000000023 22.650979002177738 25.839867500000004 58.355169547935326 1.4920243468885543e-05
decision_type=2 2 2 2 2 2 2 2 2 2 2 2 2 2
left_child=-1 10 3 8 5 -4 9 -8 -3 -7 12 -12 13 -2
right_child=1 2 4 -5 -6 6 7 -9 -10 -11 11 -13 -14 -15
leaf_value=-0.00023793284211336642 0.00095599548907801871 0.00041640640484036595 0.0043509744407625207 -0.002512645609084636 -0.00095743957110825393 -0.00016196581635863794 0.012839909691926547 -0.0054821155858261108 -0.00041450619425681623 -0.011914758762419328 0.065097651539766432 0.0027149223772778108 -3.3542716665895253e-05 -0.00013193991156668972
leaf_weight=61104 2258 576 1199 741 16450 1415 688 247 716 465 485 4600 250890 1380
leaf_count=61104 2258 576 1199 741 16450 1415 688 247 716 465 485 4600 250890 1380
internal_value=-0.00719388 -8.81925e-05 -0.00328399 -0.0159961 -0.00202111 0.00753363 0.000639432 0.0225455 -0.0022291 -0.0102553 0.000188742 0.00766962 3.92884e-05 0.00901594
internal_weight=343214 282110 22497 2033 20464 4014 2815 935 1292 1880 259613 5085 254528 3638
internal_count=343214 282110 22497 2033 20464 4014 2815 935 1292 1880 259613 5085 254528 3638
is_linear=0
shrinkage=0.04


Tree=154
num_leaves=15
num_cat=0
split_feature=3 1 3 11 12 3 1 15 9 15 3 3 13 13
split_gain=49918.9 166.969 934.574 263.313 427.307 371.843 767.682 608.804 474.803 258.962 245.984 368.6 298.47 295.834
threshold=1.0000000180025095e-35 28.417413714032119 26.136531000000002 28.480419330256748 84.074870558451252 20.108377000000001 21.575795805962606 4.646697706999988 0.3197654092471155 6.1052587268750651 87.917421500000017 31.426006000000005 228.57383096747418 263.48706550046819
decision_type=2 2 2 2 2 2 2 2 2 2 2 2 2 2
left_child=-1 3 -3 10 -5 6 8 -7 -6 -9 11 -2 -12 -13
right_child=1 2 -4 4 5 7 -8 9 -10 -11 12 13 -14 -15
leaf_value=-0.00022841552842884028 -7.0159407539815985e-05 0.044172628585087644 0.0003197197782009459 -0.011253090915862209 0.012464765335163828 -0.024623349535982657 0.064402607949836904 0.00085162885188424739 -0.0051502852848339152 -0.0031594152638188856 -0.01364187572399032 -0.0025101009591980022 -0.0018727195344190584 0.0013071113333928785
leaf_weight=61005 135120 2679 30956 1825 5284 2944 1331 12678 9837 16703 1162 3400 21241 36614
leaf_count=61005 135120 2679 30956 1825 5284 2944 1331 12678 9837 16703 1162 3400 21241 36614
internal_value=-0.00719402 -9.14208e-05 0.00255329 -0.000449909 -0.00302439 -0.00231339 0.00258206 -0.00480495 1.85173e-05 -0.00306729 0.000209581 0.000714424 -0.003737 0.00408657
internal_weight=342779 281774 33635 248139 50602 48777 16452 32325 15121 29381 197537 175134 22403 40014
internal_count=342779 281774 33635 248139 50602 48777 16452 32325 15121 29381 197537 175134 22403 40014
is_linear=0
shrinkage=0.04


Tree=155
num_leaves=15
num_cat=0
split_feature=7 14 2 11 2 10 1 12 12 9 11 11 12 0
split_gain=49838.2 150.515 197.602 428.853 262.709 220.484 202.25 192.363 179.97 190.325 178.277 265.848 164.978 161.887
threshold=1.0000000180025095e-35 0.21634704817020331 58.763237000000011 23.543667754865556 83.337211500000009 -7.9387085878252197 3.1993201179428037 58.037656165564549 58.355169547935326 1.4920243468885543e-05 1.7465008056151976 7.1062525544315589 165.79420770727234 22.650979002177738
decision_type=2 2 2 2 2 2 2 2 2 2 2 2 2 2
left_child=-1 8 3 6 5 10 7 -3 9 -2 -4 -12 -9 -10
right_child=1 2 4 -5 -6 -7 -8 12 13 -11 11 -13 -14 -15
leaf_value=-0.00021927890729168454 0.00094642388279384091 -0.00025100914576594137 0.0035909921373907228 -0.0023386647001906271 -0.00071798841109640521 0.0043410272398242359 -0.0023359510000059026 0.00085889613044683351 -4.6296103375667034e-05 -0.00012871115019905233 -0.0016804377858976771 0.0023055049906329471 -0.0017006668284810012 0.0040283159855404845
leaf_weight=61034 2241 339 229 719 18394 887 187 675 250779 1379 504 473 100 5075
leaf_count=61034 2241 339 229 719 18394 887 187 675 250779 1379 504 473 100 5075
internal_value=-0.00722756 -0.000134052 -0.00327187 -0.0152079 -0.00209499 0.011333 -0.00150653 0.00495512 0.000138126 0.00899448 0.000199005 -0.00724667 0.0159484 1.28198e-05
internal_weight=343015 281981 22507 2020 20487 2093 1301 1114 259474 3620 1206 977 775 255854
internal_count=343015 281981 22507 2020 20487 2093 1301 1114 259474 3620 1206 977 775 255854
is_linear=0
shrinkage=0.04


Tree=156
num_leaves=15
num_cat=0
split_feature=3 1 3 15 3 12 15 10 15 11 10 9 14 10
split_gain=49871.1 155.412 323.343 235.461 261.455 254.437 239.32 283.473 369.742 341.511 590.431 355.991 460.366 340.024
threshold=1.0000000180025095e-35 40.585869762424942 36.389945000000004 6.3215550291249807 260.71100600000005 57.633986075731706 6.2347572539999883 14.894217000000003 1.1937700325000125 1.0000000180025095e-35 -3.7497926827585215 0.21781982557256582 0.21634704817020331 17.250566500000001
decision_type=2 2 2 2 2 2 2 2 2 2 2 2 2 2
left_child=-1 3 -3 4 6 -5 7 9 -9 10 -2 -11 -13 -10
right_child=1 2 -4 5 -6 -7 -8 8 13 11 -12 12 -14 -15
leaf_value=-0.00021050775100000862 -0.026769274114713824 0.073692364277313308 0.0014432320118941638 0.0011739601829538948 -0.079056041742592495 -0.00052523001324562184 0.0042205127125489739 -0.0022904938728502524 0.025891272050044593 0.00046094777641900067 -0.0019213751705989513 -0.00083216514732856856 -0.0021234202448759021 0.0056537532372742238
leaf_weight=61056 2385 616 10129 880 530 98298 3014 7385 5826 50941 11552 46940 3636 39947
leaf_count=61056 2385 616 10129 880 530 98298 3014 7385 5826 50941 11552 46940 3636 39947
internal_value=-0.0072227 -0.000128049 0.00459004 -0.000314889 0.000579474 -0.00186735 0.0006661 0.000466396 0.00288348 -0.000646491 -0.0065179 0.000159579 -0.00221765 0.00422345
internal_weight=343135 282079 10745 271334 172156 99178 171626 168612 53158 115454 13937 101517 50576 45773
internal_count=343135 282079 10745 271334 172156 99178 171626 168612 53158 115454 13937 101517 50576 45773
is_linear=0
shrinkage=0.04


Tree=157
num_leaves=15
num_cat=0
split_feature=3 10 13 10 10 3 15 13 13 10 13 13 12 14
split_gain=50147.5 151.26 412.034 233.018 275.749 379.977 369.166 352.097 346.507 303.828 327.484 318.754 283.005 329.407
threshold=1.0000000180025095e-35 100.58931750000001 228.57383096747418 15.690622500000002 17.250566500000001 19.434991000000004 0.88182971749998285 449.35294705808218 254.05081887727795 32.294126000000006 313.87503678502748 349.32197197491837 134.3551412285714 0.18546056361911314
decision_type=2 2 2 2 2 2 2 2 2 2 2 2 2 2
left_child=-1 3 -3 -2 6 -6 -5 8 -7 10 -10 -11 -12 -14
right_child=1 2 -4 4 5 7 -8 -9 9 11 12 -13 13 -15
leaf_value=-0.00020208744096001041 -9.8680015817587119e-05 -0.028783772923463742 -0.0030701371142727754 -0.0099568668623820494 -0.032057392863347821 -0.002055482397404578 0.024729176505045674 -0.013868300965175204 0.036835814074695078 0.014131339117569411 -0.014360028717438552 0.045409944513410405 -0.057238668238261195 0.024230386658906155
leaf_weight=61139 209794 712 17814 490 3006 4931 5108 8976 1660 4946 7874 3658 875 12133
leaf_count=61139 209794 712 17814 490 3006 4931 5108 8976 1660 4946 7874 3658 875 12133
internal_value=-0.00715933 -3.87266e-05 -0.00353233 0.000206946 0.00255922 0.00158056 0.0109611 0.00249928 0.0042631 0.0058229 0.00338213 0.0122176 0.00202279 0.00564576
internal_weight=343116 281977 18526 263451 53657 48059 5598 45053 36077 31146 22542 8604 20882 13008
internal_count=343116 281977 18526 263451 53657 48059 5598 45053 36077 31146 22542 8604 20882 13008
is_linear=0
shrinkage=0.04


Tree=158
num_leaves=15
num_cat=0
split_feature=3 10 12 1 3 11 2 0 12 13 14 11 3 1
split_gain=49978.9 148.066 171.411 138.228 324.717 222.802 398.394 261.399 360.157 350.717 354.494 332.074 280.06 270.176
threshold=1.0000000180025095e-35 261.08091900000005 120.66346295736959 40.585869762424942 35.65470650000001 26.326114004459136 61.198209500000004 5.8588980484263162 101.65742702683637 437.10312914365767 0.21135727656717004 34.973561552269224 9.8978170000000016 20.147293647157753
decision_type=2 2 2 2 2 2 2 2 2 2 2 2 2 2
left_child=-1 3 -3 5 -5 -2 -7 -8 -9 11 13 12 -10 -11
right_child=1 2 -4 4 -6 6 7 8 9 10 -12 -13 -14 -15
leaf_value=-0.00019400394332160786 0.00012519608177836262 -0.064132087911227126 0.055881832303195565 0.080639486495610077 0.001447425478385612 -0.0066824957758604957 -0.0038101372182169448 0.018326385349305856 0.069891143732220468 -0.0060383017456295774 0.0013196317601722916 0.013510487289862483 -0.0018237820118043213 -0.0015749125949825848
leaf_weight=61051 193587 835 222 536 10179 1672 30653 1122 436 4815 8826 8170 7770 13028
leaf_count=61051 193587 835 222 536 10179 1672 30653 1122 436 4815 8826 8170 7770 13028
internal_value=-0.00718806 -8.07519e-05 -0.0150237 -2.45019e-05 0.00443117 -0.000201274 -0.00202897 -0.00159743 0.000372224 -0.000210942 -0.00304023 0.00439668 -0.00128686 -0.0062837
internal_weight=342902 281851 1057 280794 10715 270079 76492 74820 44167 43045 26669 16376 8206 17843
internal_count=342902 281851 1057 280794 10715 270079 76492 74820 44167 43045 26669 16376 8206 17843
is_linear=0
shrinkage=0.04


Tree=159
num_leaves=15
num_cat=0
split_feature=3 10 3 15 0 12 12 11 3 2 3 10 3 15
split_gain=49903.2 151.787 1130.57 253.8 366.126 323.223 499.646 897.749 298.545 288.627 285.029 274.677 387.165 418.823
threshold=1.0000000180025095e-35 -27.11749632695393 24.356294500000004 6.3215550291249807 13.28415613980817 81.464778970950604 71.87022074474568 6.0374982202172536 15.380900500000001 60.333623500000009 29.636234000000005 14.047078000000001 106.83144800000001 3.5649898214999927
decision_type=2 2 2 2 2 2 2 2 2 2 2 2 2 2
left_child=-1 2 -2 4 11 6 7 -5 -6 -7 -10 -3 -13 -14
right_child=1 3 -4 5 8 9 -8 -9 10 -11 -12 12 13 -15
leaf_value=-0.00018624378558874 0.053735070860243206 -0.00036379386578930809 0.00028785328752225169 0.00031392728431312023 0.041216824685233355 0.056901512612979127 0.0015443686372419753 -0.0012128584989402036 0.0012858449628344554 -0.002916076767400866 0.0079738550007727692 0.0048483775763788987 -0.010878953510218739 0.0042958788069781583
leaf_weight=60914 2293 97340 36068 11112 1040 362 6350 5471 8588 54464 2191 50778 3589 2264
leaf_count=60914 2293 97340 36068 11112 1040 362 6350 5471 8588 54464 2191 50778 3589 2264
internal_value=-0.00716893 -7.49175e-05 0.00226376 -0.000443278 0.00044104 -0.00232873 0.00165875 -0.00199481 0.00722565 -0.00399664 0.00525095 -7.97553e-05 0.00213523 -0.00760636
internal_weight=342824 281910 38361 243549 165790 77759 22933 16583 11819 54826 10779 153971 56631 5853
internal_count=342824 281910 38361 243549 165790 77759 22933 16583 11819 54826 10779 153971 56631 5853
is_linear=0
shrinkage=0.04


end of trees

feature_importances:
control_value=398
pressure_bar=377
injection_minus_liquid=284
allocated_injection_m3d=244
neighbor_pressure_bar=226
completed_net_thickness_m=203
perm_md=134
oil_tpd=105
poro=102
liquid_tpd=100
watercut=31
oil_fraction=30
status=4
target_lrat=2

parameters:
[boosting: gbdt]
[objective: regression_l1]
[metric: l1]
[tree_learner: serial]
[device_type: cpu]
[data_sample_strategy: bagging]
[data: ]
[valid: ]
[num_iterations: 160]
[learning_rate: 0.04]
[num_leaves: 15]
[num_threads: 1]
[seed: 20260901]
[deterministic: 1]
[force_col_wise: 1]
[force_row_wise: 0]
[histogram_pool_size: -1]
[max_depth: -1]
[min_data_in_leaf: 12]
[min_sum_hessian_in_leaf: 0.001]
[bagging_fraction: 0.9]
[pos_bagging_fraction: 1]
[neg_bagging_fraction: 1]
[bagging_freq: 1]
[bagging_seed: 12992]
[bagging_by_query: 0]
[feature_fraction: 0.9]
[feature_fraction_bynode: 1]
[feature_fraction_seed: 30141]
[extra_trees: 0]
[extra_seed: 31421]
[early_stopping_round: 0]
[early_stopping_min_delta: 0]
[first_metric_only: 0]
[max_delta_step: 0]
[lambda_l1: 0]
[lambda_l2: 0]
[linear_lambda: 0]
[min_gain_to_split: 0]
[drop_rate: 0.1]
[max_drop: 50]
[skip_drop: 0.5]
[xgboost_dart_mode: 0]
[uniform_drop: 0]
[drop_seed: 11049]
[top_rate: 0.2]
[other_rate: 0.1]
[min_data_per_group: 100]
[max_cat_threshold: 32]
[cat_l2: 10]
[cat_smooth: 10]
[max_cat_to_onehot: 4]
[top_k: 20]
[monotone_constraints: ]
[monotone_constraints_method: basic]
[monotone_penalty: 0]
[feature_contri: ]
[forcedsplits_filename: ]
[refit_decay_rate: 0.9]
[cegb_tradeoff: 1]
[cegb_penalty_split: 0]
[cegb_penalty_feature_lazy: ]
[cegb_penalty_feature_coupled: ]
[path_smooth: 0]
[interaction_constraints: ]
[verbosity: -1]
[saved_feature_importance_type: 0]
[use_quantized_grad: 0]
[num_grad_quant_bins: 4]
[quant_train_renew_leaf: 0]
[stochastic_rounding: 1]
[linear_tree: 0]
[max_bin: 255]
[max_bin_by_feature: ]
[min_data_in_bin: 3]
[bin_construct_sample_cnt: 200000]
[data_random_seed: 5023]
[is_enable_sparse: 1]
[enable_bundle: 1]
[use_missing: 1]
[zero_as_missing: 0]
[feature_pre_filter: 1]
[pre_partition: 0]
[two_round: 0]
[header: 0]
[label_column: ]
[weight_column: ]
[group_column: ]
[ignore_column: ]
[categorical_feature: ]
[forcedbins_filename: ]
[precise_float_parser: 0]
[parser_config_file: ]
[objective_seed: 6921]
[num_class: 1]
[is_unbalance: 0]
[scale_pos_weight: 1]
[sigmoid: 1]
[boost_from_average: 1]
[reg_sqrt: 0]
[alpha: 0.9]
[fair_c: 1]
[poisson_max_delta_step: 0.7]
[tweedie_variance_power: 1.5]
[lambdarank_truncation_level: 30]
[lambdarank_norm: 1]
[label_gain: ]
[lambdarank_position_bias_regularization: 0]
[eval_at: ]
[multi_error_top_k: 1]
[auc_mu_weights: ]
[num_machines: 1]
[local_listen_port: 12400]
[time_out: 120]
[machine_list_filename: ]
[machines: ]
[gpu_platform_id: -1]
[gpu_device_id: -1]
[gpu_use_dp: 0]
[num_gpu: 1]

end of parameters

pandas_categorical:null
