DATA,well,WLPT,WLPR,WOMT,WOMR,WWIR,WWIT,THP,BHP,WEFF,WLPT_Diff,WOMT_Diff,WWIT_Diff
2007-06-01,1,0.0,0.0,0.0,0.0,0.0,0.0,141.693726,141.69223,1.0,0.0,0.0,0.0
2007-06-01,12,0.0,0.0,0.0,0.0,0.0,0.0,0.0,0.0,0.0,0.0,0.0,0.0
2007-06-01,13,0.0,0.0,0.0,0.0,0.0,0.0,0.0,0.0,0.0,0.0,0.0,0.0
2007-06-01,14,0.0,0.0,0.0,0.0,0.0,0.0,0.0,0.0,0.0,0.0,0.0,0.0
2007-06-01,15,0.0,0.0,0.0,0.0,0.0,0.0,0.0,0.0,0.0,0.0,0.0,0.0
2007-06-01,16,0.0,0.0,0.0,0.0,0.0,0.0,0.0,0.0,0.0,0.0,0.0,0.0
2007-06-01,17,0.0,0.0,0.0,0.0,0.0,0.0,0.0,0.0,0.0,0.0,0.0,0.0
2007-06-01,19,0.0,0.0,0.0,0.0,0.0,0.0,0.0,0.0,0.0,0.0,0.0,0.0
2007-06-01,2,4461.463361900799,136.814758,1158.469609024,34.572715839999994,0.0,0.0,90.617218,20.0,1.0,4461.463361900799,1158.469609024,0.0
2007-06-01,20,0.0,0.0,0.0,0.0,0.0,0.0,0.0,0.0,0.0,0.0,0.0,0.0
2007-06-01,21,0.0,0.0,0.0,0.0,0.0,0.0,0.0,0.0,0.0,0.0,0.0,0.0
2007-06-01,22,0.0,0.0,0.0,0.0,0.0,0.0,0.0,0.0,0.0,0.0,0.0,0.0
2007-06-01,23,0.0,0.0,0.0,0.0,0.0,0.0,0.0,0.0,0.0,0.0,0.0,0.0
2007-06-01,24,0.0,0.0,0.0,0.0,0.0,0.0,0.0,0.0,0.0,0.0,0.0,0.0
2007-06-01,25,0.0,0.0,0.0,0.0,0.0,0.0,0.0,0.0,0.0,0.0,0.0,0.0
2007-06-01,26,0.0,0.0,0.0,0.0,0.0,0.0,0.0,0.0,0.0,0.0,0.0,0.0
2007-06-01,27,0.0,0.0,0.0,0.0,0.0,0.0,0.0,0.0,0.0,0.0,0.0,0.0
2007-06-01,28,0.0,0.0,0.0,0.0,0.0,0.0,0.0,0.0,0.0,0.0,0.0,0.0
2007-06-01,29,0.0,0.0,0.0,0.0,0.0,0.0,0.0,0.0,0.0,0.0,0.0,0.0
2007-06-01,3,0.0,0.0,0.0,0.0,0.0,0.0,0.0,0.0,0.0,0.0,0.0,0.0
2007-06-01,30,0.0,0.0,0.0,0.0,0.0,0.0,0.0,0.0,0.0,0.0,0.0,0.0
2007-06-01,31,0.0,0.0,0.0,0.0,0.0,0.0,0.0,0.0,0.0,0.0,0.0,0.0
2007-06-01,32,0.0,0.0,0.0,0.0,0.0,0.0,0.0,0.0,0.0,0.0,0.0,0.0
2007-06-01,33,0.0,0.0,0.0,0.0,0.0,0.0,0.0,0.0,0.0,0.0,0.0,0.0
2007-06-01,34,0.0,0.0,0.0,0.0,0.0,0.0,0.0,0.0,0.0,0.0,0.0,0.0
2007-06-01,35,0.0,0.0,0.0,0.0,0.0,0.0,0.0,0.0,0.0,0.0,0.0,0.0
2007-06-01,36,0.0,0.0,0.0,0.0,0.0,0.0,0.0,0.0,0.0,0.0,0.0,0.0
2007-06-01,37,0.0,0.0,0.0,0.0,0.0,0.0,0.0,0.0,0.0,0.0,0.0,0.0
2007-06-01,38,0.0,0.0,0.0,0.0,0.0,0.0,0.0,0.0,0.0,0.0,0.0,0.0
2007-06-01,4,0.0,0.0,0.0,0.0,0.0,0.0,0.0,0.0,0.0,0.0,0.0,0.0
2007-06-01,40,0.0,0.0,0.0,0.0,0.0,0.0,0.0,0.0,0.0,0.0,0.0,0.0
2007-06-01,41,0.0,0.0,0.0,0.0,0.0,0.0,0.0,0.0,0.0,0.0,0.0,0.0
2007-06-01,42,0.0,0.0,0.0,0.0,0.0,0.0,0.0,0.0,0.0,0.0,0.0,0.0
2007-06-01,43,0.0,0.0,0.0,0.0,0.0,0.0,0.0,0.0,0.0,0.0,0.0,0.0
2007-06-01,44,0.0,0.0,0.0,0.0,0.0,0.0,0.0,0.0,0.0,0.0,0.0,0.0
2007-06-01,45,0.0,0.0,0.0,0.0,0.0,0.0,0.0,0.0,0.0,0.0,0.0,0.0
2007-06-01,47,0.0,0.0,0.0,0.0,0.0,0.0,0.0,0.0,0.0,0.0,0.0,0.0
2007-06-01,48,0.0,0.0,0.0,0.0,0.0,0.0,0.0,0.0,0.0,0.0,0.0,0.0
2007-06-01,49,0.0,0.0,0.0,0.0,0.0,0.0,0.0,0.0,0.0,0.0,0.0,0.0
2007-06-01,50,0.0,0.0,0.0,0.0,0.0,0.0,0.0,0.0,0.0,0.0,0.0,0.0
2007-06-01,51,0.0,0.0,0.0,0.0,0.0,0.0,0.0,0.0,0.0,0.0,0.0,0.0
2007-06-01,52,0.0,0.0,0.0,0.0,0.0,0.0,0.0,0.0,0.0,0.0,0.0,0.0
2007-06-01,53,0.0,0.0,0.0,0.0,0.0,0.0,0.0,0.0,0.0,0.0,0.0,0.0
2007-06-01,54,0.0,0.0,0.0,0.0,0.0,0.0,0.0,0.0,0.0,0.0,0.0,0.0
2007-06-01,55,0.0,0.0,0.0,0.0,0.0,0.0,0.0,0.0,0.0,0.0,0.0,0.0
2007-06-01,56,0.0,0.0,0.0,0.0,0.0,0.0,0.0,0.0,0.0,0.0,0.0,0.0
2007-06-01,6,0.0,0.0,0.0,0.0,0.0,0.0,0.0,0.0,0.0,0.0,0.0,0.0
2007-06-01,7,0.0,0.0,0.0,0.0,0.0,0.0,0.0,0.0,0.0,0.0,0.0,0.0
2007-06-01,9,0.0,0.0,0.0,0.0,0.0,0.0,0.0,0.0,0.0,0.0,0.0,0.0
2007-07-01,1,1268.9913379952,41.770645,0.7729829119999999,0.025766208,0.0,0.0,113.091751,50.0,1.0,1268.9913379952,0.7729829119999999,0.0
2007-07-01,12,0.0,0.0,0.0,0.0,0.0,0.0,0.0,0.0,0.0,0.0,0.0,0.0
2007-07-01,13,0.0,0.0,0.0,0.0,0.0,0.0,0.0,0.0,0.0,0.0,0.0,0.0
2007-07-01,14,0.0,0.0,0.0,0.0,0.0,0.0,0.0,0.0,0.0,0.0,0.0,0.0
2007-07-01,15,0.0,0.0,0.0,0.0,0.0,0.0,0.0,0.0,0.0,0.0,0.0,0.0
2007-07-01,16,0.0,0.0,0.0,0.0,0.0,0.0,0.0,0.0,0.0,0.0,0.0,0.0
2007-07-01,17,0.0,0.0,0.0,0.0,0.0,0.0,0.0,0.0,0.0,0.0,0.0,0.0
2007-07-01,19,0.0,0.0,0.0,0.0,0.0,0.0,0.0,0.0,0.0,0.0,0.0,0.0
2007-07-01,2,6847.6672367392,83.276978,1821.509015872,22.101317056,0.0,0.0,95.106964,50.0,1.0,2386.203874838401,663.039406848,0.0
2007-07-01,20,0.0,0.0,0.0,0.0,0.0,0.0,0.0,0.0,0.0,0.0,0.0,0.0
2007-07-01,21,0.0,0.0,0.0,0.0,0.0,0.0,0.0,0.0,0.0,0.0,0.0,0.0
2007-07-01,22,0.0,0.0,0.0,0.0,0.0,0.0,0.0,0.0,0.0,0.0,0.0,0.0
2007-07-01,23,0.0,0.0,0.0,0.0,0.0,0.0,0.0,0.0,0.0,0.0,0.0,0.0
2007-07-01,24,0.0,0.0,0.0,0.0,0.0,0.0,0.0,0.0,0.0,0.0,0.0,0.0
2007-07-01,25,0.0,0.0,0.0,0.0,0.0,0.0,0.0,0.0,0.0,0.0,0.0,0.0
2007-07-01,26,0.0,0.0,0.0,0.0,0.0,0.0,0.0,0.0,0.0,0.0,0.0,0.0
2007-07-01,27,0.0,0.0,0.0,0.0,0.0,0.0,0.0,0.0,0.0,0.0,0.0,0.0
2007-07-01,28,0.0,0.0,0.0,0.0,0.0,0.0,0.0,0.0,0.0,0.0,0.0,0.0
2007-07-01,29,0.0,0.0,0.0,0.0,0.0,0.0,0.0,0.0,0.0,0.0,0.0,0.0
2007-07-01,3,0.0,0.0,0.0,0.0,0.0,0.0,0.0,0.0,0.0,0.0,0.0,0.0
2007-07-01,30,0.0,0.0,0.0,0.0,0.0,0.0,0.0,0.0,0.0,0.0,0.0,0.0
2007-07-01,31,0.0,0.0,0.0,0.0,0.0,0.0,0.0,0.0,0.0,0.0,0.0,0.0
2007-07-01,32,0.0,0.0,0.0,0.0,0.0,0.0,0.0,0.0,0.0,0.0,0.0,0.0
2007-07-01,33,0.0,0.0,0.0,0.0,0.0,0.0,0.0,0.0,0.0,0.0,0.0,0.0
2007-07-01,34,0.0,0.0,0.0,0.0,0.0,0.0,0.0,0.0,0.0,0.0,0.0,0.0
2007-07-01,35,0.0,0.0,0.0,0.0,0.0,0.0,0.0,0.0,0.0,0.0,0.0,0.0
2007-07-01,36,0.0,0.0,0.0,0.0,0.0,0.0,0.0,0.0,0.0,0.0,0.0,0.0
2007-07-01,37,0.0,0.0,0.0,0.0,0.0,0.0,0.0,0.0,0.0,0.0,0.0,0.0
2007-07-01,38,0.0,0.0,0.0,0.0,0.0,0.0,0.0,0.0,0.0,0.0,0.0,0.0
2007-07-01,4,0.0,0.0,0.0,0.0,0.0,0.0,0.0,0.0,0.0,0.0,0.0,0.0
2007-07-01,40,0.0,0.0,0.0,0.0,0.0,0.0,0.0,0.0,0.0,0.0,0.0,0.0
2007-07-01,41,0.0,0.0,0.0,0.0,0.0,0.0,0.0,0.0,0.0,0.0,0.0,0.0
2007-07-01,42,0.0,0.0,0.0,0.0,0.0,0.0,0.0,0.0,0.0,0.0,0.0,0.0
2007-07-01,43,0.0,0.0,0.0,0.0,0.0,0.0,0.0,0.0,0.0,0.0,0.0,0.0
2007-07-01,44,0.0,0.0,0.0,0.0,0.0,0.0,0.0,0.0,0.0,0.0,0.0,0.0
2007-07-01,45,0.0,0.0,0.0,0.0,0.0,0.0,0.0,0.0,0.0,0.0,0.0,0.0
2007-07-01,47,0.0,0.0,0.0,0.0,0.0,0.0,0.0,0.0,0.0,0.0,0.0,0.0
2007-07-01,48,0.0,0.0,0.0,0.0,0.0,0.0,0.0,0.0,0.0,0.0,0.0,0.0
2007-07-01,49,0.0,0.0,0.0,0.0,0.0,0.0,0.0,0.0,0.0,0.0,0.0,0.0
2007-07-01,50,0.0,0.0,0.0,0.0,0.0,0.0,0.0,0.0,0.0,0.0,0.0,0.0
2007-07-01,51,0.0,0.0,0.0,0.0,0.0,0.0,0.0,0.0,0.0,0.0,0.0,0.0
2007-07-01,52,0.0,0.0,0.0,0.0,0.0,0.0,0.0,0.0,0.0,0.0,0.0,0.0
2007-07-01,53,0.0,0.0,0.0,0.0,0.0,0.0,0.0,0.0,0.0,0.0,0.0,0.0
2007-07-01,54,0.0,0.0,0.0,0.0,0.0,0.0,0.0,0.0,0.0,0.0,0.0,0.0
2007-07-01,55,0.0,0.0,0.0,0.0,0.0,0.0,0.0,0.0,0.0,0.0,0.0,0.0
2007-07-01,56,0.0,0.0,0.0,0.0,0.0,0.0,0.0,0.0,0.0,0.0,0.0,0.0
2007-07-01,6,0.0,0.0,0.0,0.0,0.0,0.0,0.0,0.0,0.0,0.0,0.0,0.0
2007-07-01,7,0.0,0.0,0.0,0.0,0.0,0.0,0.0,0.0,0.0,0.0,0.0,0.0
2007-07-01,9,0.0,0.0,0.0,0.0,0.0,0.0,0.0,0.0,0.0,0.0,0.0,0.0
2007-08-01,1,2424.4005466159997,36.804901,1.4488897280000002,0.021803391999999998,0.0,0.0,106.068275,50.0,1.0,1155.4092086207997,0.6759068160000002,0.0
2007-08-01,12,0.0,0.0,0.0,0.0,0.0,0.0,0.0,0.0,0.0,0.0,0.0,0.0
2007-08-01,13,0.0,0.0,0.0,0.0,0.0,0.0,0.0,0.0,0.0,0.0,0.0,0.0
2007-08-01,14,0.0,0.0,0.0,0.0,0.0,0.0,0.0,0.0,0.0,0.0,0.0,0.0
2007-08-01,15,0.0,0.0,0.0,0.0,0.0,0.0,0.0,0.0,0.0,0.0,0.0,0.0
2007-08-01,16,0.0,0.0,0.0,0.0,0.0,0.0,0.0,0.0,0.0,0.0,0.0,0.0
2007-08-01,17,0.0,0.0,0.0,0.0,0.0,0.0,0.0,0.0,0.0,0.0,0.0,0.0
2007-08-01,19,0.0,0.0,0.0,0.0,0.0,0.0,0.0,0.0,0.0,0.0,0.0,0.0
2007-08-01,2,9139.7108679744,77.497063,2470.894156224,20.947907968,0.0,0.0,92.337669,50.0,1.0,2292.0436312351994,649.3851403520002,0.0
2007-08-01,20,0.0,0.0,0.0,0.0,0.0,0.0,0.0,0.0,0.0,0.0,0.0,0.0
2007-08-01,21,0.0,0.0,0.0,0.0,0.0,0.0,0.0,0.0,0.0,0.0,0.0,0.0
2007-08-01,22,0.0,0.0,0.0,0.0,0.0,0.0,0.0,0.0,0.0,0.0,0.0,0.0
2007-08-01,23,0.0,0.0,0.0,0.0,0.0,0.0,0.0,0.0,0.0,0.0,0.0,0.0
2007-08-01,24,0.0,0.0,0.0,0.0,0.0,0.0,0.0,0.0,0.0,0.0,0.0,0.0
2007-08-01,25,0.0,0.0,0.0,0.0,0.0,0.0,0.0,0.0,0.0,0.0,0.0,0.0
2007-08-01,26,0.0,0.0,0.0,0.0,0.0,0.0,0.0,0.0,0.0,0.0,0.0,0.0
2007-08-01,27,0.0,0.0,0.0,0.0,0.0,0.0,0.0,0.0,0.0,0.0,0.0,0.0
2007-08-01,28,2808.0640821200004,99.999992,1526.019015872,49.226419840000005,0.0,0.0,102.758568,60.19389,1.0,2808.0640821200004,1526.019015872,0.0
2007-08-01,29,0.0,0.0,0.0,0.0,0.0,0.0,0.0,0.0,0.0,0.0,0.0,0.0
2007-08-01,3,2904.5603923136,100.0,1081.966336256,34.902140416,0.0,0.0,108.963524,85.333633,1.0,2904.5603923136,1081.966336256,0.0
2007-08-01,30,0.0,0.0,0.0,0.0,0.0,0.0,0.0,0.0,0.0,0.0,0.0,0.0
2007-08-01,31,0.0,0.0,0.0,0.0,0.0,0.0,0.0,0.0,0.0,0.0,0.0,0.0
2007-08-01,32,0.0,0.0,0.0,0.0,0.0,0.0,0.0,0.0,0.0,0.0,0.0,0.0
2007-08-01,33,0.0,0.0,0.0,0.0,0.0,0.0,0.0,0.0,0.0,0.0,0.0,0.0
2007-08-01,34,0.0,0.0,0.0,0.0,0.0,0.0,0.0,0.0,0.0,0.0,0.0,0.0
2007-08-01,35,0.0,0.0,0.0,0.0,0.0,0.0,0.0,0.0,0.0,0.0,0.0,0.0
2007-08-01,36,0.0,0.0,0.0,0.0,0.0,0.0,0.0,0.0,0.0,0.0,0.0,0.0
2007-08-01,37,0.0,0.0,0.0,0.0,0.0,0.0,0.0,0.0,0.0,0.0,0.0,0.0
2007-08-01,38,0.0,0.0,0.0,0.0,0.0,0.0,0.0,0.0,0.0,0.0,0.0,0.0
2007-08-01,4,0.0,0.0,0.0,0.0,0.0,0.0,0.0,0.0,0.0,0.0,0.0,0.0
2007-08-01,40,0.0,0.0,0.0,0.0,0.0,0.0,0.0,0.0,0.0,0.0,0.0,0.0
2007-08-01,41,0.0,0.0,0.0,0.0,0.0,0.0,0.0,0.0,0.0,0.0,0.0,0.0
2007-08-01,42,2898.8519281024,100.0,1108.235375104,35.74952992,0.0,0.0,113.835388,89.024078,1.0,2898.8519281024,1108.235375104,0.0
2007-08-01,43,0.0,0.0,0.0,0.0,0.0,0.0,0.0,0.0,0.0,0.0,0.0,0.0
2007-08-01,44,0.0,0.0,0.0,0.0,0.0,0.0,0.0,0.0,0.0,0.0,0.0,0.0
2007-08-01,45,0.0,0.0,0.0,0.0,0.0,0.0,0.0,0.0,0.0,0.0,0.0,0.0
2007-08-01,47,0.0,0.0,0.0,0.0,0.0,0.0,0.0,0.0,0.0,0.0,0.0,0.0
2007-08-01,48,0.0,0.0,0.0,0.0,0.0,0.0,0.0,0.0,0.0,0.0,0.0,0.0
2007-08-01,49,0.0,0.0,0.0,0.0,0.0,0.0,0.0,0.0,0.0,0.0,0.0,0.0
2007-08-01,50,0.0,0.0,0.0,0.0,0.0,0.0,0.0,0.0,0.0,0.0,0.0,0.0
2007-08-01,51,0.0,0.0,0.0,0.0,0.0,0.0,0.0,0.0,0.0,0.0,0.0,0.0
2007-08-01,52,0.0,0.0,0.0,0.0,0.0,0.0,0.0,0.0,0.0,0.0,0.0,0.0
2007-08-01,53,0.0,0.0,0.0,0.0,0.0,0.0,0.0,0.0,0.0,0.0,0.0,0.0
2007-08-01,54,0.0,0.0,0.0,0.0,0.0,0.0,0.0,0.0,0.0,0.0,0.0,0.0
2007-08-01,55,0.0,0.0,0.0,0.0,0.0,0.0,0.0,0.0,0.0,0.0,0.0,0.0
2007-08-01,56,0.0,0.0,0.0,0.0,0.0,0.0,0.0,0.0,0.0,0.0,0.0,0.0
2007-08-01,6,0.0,0.0,0.0,0.0,0.0,0.0,0.0,0.0,0.0,0.0,0.0,0.0
2007-08-01,7,0.0,0.0,0.0,0.0,0.0,0.0,0.0,0.0,0.0,0.0,0.0,0.0
2007-08-01,9,0.0,0.0,0.0,0.0,0.0,0.0,0.0,0.0,0.0,0.0,0.0,0.0
2007-09-01,1,3471.8907845311996,33.366158,1.9103676799999998,0.014886144000000002,0.0,0.0,101.192245,50.0,1.0,1047.4902379152,0.46147795199999964,0.0
2007-09-01,12,0.0,0.0,0.0,0.0,0.0,0.0,0.0,0.0,0.0,0.0,0.0,0.0
2007-09-01,13,0.0,0.0,0.0,0.0,0.0,0.0,0.0,0.0,0.0,0.0,0.0,0.0
2007-09-01,14,0.0,0.0,0.0,0.0,0.0,0.0,0.0,0.0,0.0,0.0,0.0,0.0
2007-09-01,15,0.0,0.0,0.0,0.0,0.0,0.0,0.0,0.0,0.0,0.0,0.0,0.0
2007-09-01,16,0.0,0.0,0.0,0.0,0.0,0.0,0.0,0.0,0.0,0.0,0.0,0.0
2007-09-01,17,0.0,0.0,0.0,0.0,0.0,0.0,0.0,0.0,0.0,0.0,0.0,0.0
2007-09-01,19,0.0,0.0,0.0,0.0,0.0,0.0,0.0,0.0,0.0,0.0,0.0,0.0
2007-09-01,2,11231.763360956802,70.780449,3070.166734336,19.331369408000004,0.0,0.0,88.88604,50.0,1.0,2092.0524929824023,599.2725781119998,0.0
2007-09-01,20,0.0,0.0,0.0,0.0,0.0,0.0,0.0,0.0,0.0,0.0,0.0,0.0
2007-09-01,21,0.0,0.0,0.0,0.0,0.0,0.0,0.0,0.0,0.0,0.0,0.0,0.0
2007-09-01,22,0.0,0.0,0.0,0.0,0.0,0.0,0.0,0.0,0.0,0.0,0.0,0.0
2007-09-01,23,0.0,0.0,0.0,0.0,0.0,0.0,0.0,0.0,0.0,0.0,0.0,0.0
2007-09-01,24,0.0,0.0,0.0,0.0,0.0,0.0,0.0,0.0,0.0,0.0,0.0,0.0
2007-09-01,25,0.0,0.0,0.0,0.0,0.0,0.0,0.0,0.0,0.0,0.0,0.0,0.0
2007-09-01,26,0.0,0.0,0.0,0.0,0.0,0.0,0.0,0.0,0.0,0.0,0.0,0.0
2007-09-01,27,0.0,0.0,0.0,0.0,0.0,0.0,0.0,0.0,0.0,0.0,0.0,0.0
2007-09-01,28,5422.6760672688,93.160927,2954.1474218880003,46.068661184,0.0,0.0,90.546799,50.0,1.0,2614.6119851487992,1428.1284060160003,0.0
2007-09-01,29,2910.9439875904,100.0,1052.590499584,33.954534016,0.0,0.0,108.434105,65.344879,1.0,2910.9439875904,1052.590499584,0.0
2007-09-01,3,5806.7917400608,99.999985,2174.648125312,35.247795648,0.0,0.0,99.370049,75.461716,1.0,2902.2313477472003,1092.681789056,0.0
2007-09-01,30,2774.5584168336,100.0,1680.205515456,54.200179903999995,0.0,0.0,109.76622,66.110229,1.0,2774.5584168336,1680.205515456,0.0
2007-09-01,31,0.0,0.0,0.0,0.0,0.0,0.0,0.0,0.0,0.0,0.0,0.0,0.0
2007-09-01,32,0.0,0.0,0.0,0.0,0.0,0.0,0.0,0.0,0.0,0.0,0.0,0.0
2007-09-01,33,0.0,0.0,0.0,0.0,0.0,0.0,0.0,0.0,0.0,0.0,0.0,0.0
2007-09-01,34,0.0,0.0,0.0,0.0,0.0,0.0,0.0,0.0,0.0,0.0,0.0,0.0
2007-09-01,35,0.0,0.0,0.0,0.0,0.0,0.0,0.0,0.0,0.0,0.0,0.0,0.0
2007-09-01,36,1729.8939233584,61.04269,858.9263512960001,27.707300608,0.0,0.0,97.321968,50.0,1.0,1729.8939233584,858.9263512960001,0.0
2007-09-01,37,0.0,0.0,0.0,0.0,0.0,0.0,0.0,0.0,0.0,0.0,0.0,0.0
2007-09-01,38,0.0,0.0,0.0,0.0,0.0,0.0,0.0,0.0,0.0,0.0,0.0,0.0
2007-09-01,4,0.0,0.0,0.0,0.0,0.0,0.0,0.0,0.0,0.0,0.0,0.0,0.0
2007-09-01,40,0.0,0.0,0.0,0.0,0.0,0.0,0.0,0.0,0.0,0.0,0.0,0.0
2007-09-01,41,0.0,0.0,0.0,0.0,0.0,0.0,0.0,0.0,0.0,0.0,0.0,0.0
2007-09-01,42,5791.101125,100.0,2246.855,36.729662528,0.0,0.0,102.460426,77.403831,1.0,2892.2491968976,1138.619624896,0.0
2007-09-01,43,0.0,0.0,0.0,0.0,0.0,0.0,0.0,0.0,0.0,0.0,0.0,0.0
2007-09-01,44,0.0,0.0,0.0,0.0,0.0,0.0,0.0,0.0,0.0,0.0,0.0,0.0
2007-09-01,45,0.0,0.0,0.0,0.0,0.0,0.0,0.0,0.0,0.0,0.0,0.0,0.0
2007-09-01,47,0.0,0.0,0.0,0.0,0.0,0.0,0.0,0.0,0.0,0.0,0.0,0.0
2007-09-01,48,0.0,0.0,0.0,0.0,0.0,0.0,0.0,0.0,0.0,0.0,0.0,0.0
2007-09-01,49,0.0,0.0,0.0,0.0,0.0,0.0,0.0,0.0,0.0,0.0,0.0,0.0
2007-09-01,50,0.0,0.0,0.0,0.0,0.0,0.0,0.0,0.0,0.0,0.0,0.0,0.0
2007-09-01,51,0.0,0.0,0.0,0.0,0.0,0.0,0.0,0.0,0.0,0.0,0.0,0.0
2007-09-01,52,0.0,0.0,0.0,0.0,0.0,0.0,0.0,0.0,0.0,0.0,0.0,0.0
2007-09-01,53,0.0,0.0,0.0,0.0,0.0,0.0,0.0,0.0,0.0,0.0,0.0,0.0
2007-09-01,54,0.0,0.0,0.0,0.0,0.0,0.0,0.0,0.0,0.0,0.0,0.0,0.0
2007-09-01,55,0.0,0.0,0.0,0.0,0.0,0.0,0.0,0.0,0.0,0.0,0.0,0.0
2007-09-01,56,0.0,0.0,0.0,0.0,0.0,0.0,0.0,0.0,0.0,0.0,0.0,0.0
2007-09-01,6,0.0,0.0,0.0,0.0,0.0,0.0,0.0,0.0,0.0,0.0,0.0,0.0
2007-09-01,7,0.0,0.0,0.0,0.0,0.0,0.0,0.0,0.0,0.0,0.0,0.0,0.0
2007-09-01,9,0.0,0.0,0.0,0.0,0.0,0.0,0.0,0.0,0.0,0.0,0.0,0.0
2007-10-01,1,4273.570510252799,26.386133,2.079627264,0.005641792,0.0,0.0,91.956299,50.0,1.0,801.6797257215994,0.16925958400000019,0.0
2007-10-01,12,0.0,0.0,0.0,0.0,0.0,0.0,0.0,0.0,0.0,0.0,0.0,0.0
2007-10-01,13,0.0,0.0,0.0,0.0,0.0,0.0,0.0,0.0,0.0,0.0,0.0,0.0
2007-10-01,14,0.0,0.0,0.0,0.0,0.0,0.0,0.0,0.0,0.0,0.0,0.0,0.0
2007-10-01,15,0.0,0.0,0.0,0.0,0.0,0.0,0.0,0.0,0.0,0.0,0.0,0.0
2007-10-01,16,0.0,0.0,0.0,0.0,0.0,0.0,0.0,0.0,0.0,0.0,0.0,0.0
2007-10-01,17,0.0,0.0,0.0,0.0,0.0,0.0,0.0,0.0,0.0,0.0,0.0,0.0
2007-10-01,19,0.0,0.0,0.0,0.0,0.0,0.0,0.0,0.0,0.0,0.0,0.0,0.0
2007-10-01,2,13073.153317728,64.386604,3599.062593984,17.629866176,0.0,0.0,85.370064,50.0,1.0,1841.3899567711978,528.8958596480002,0.0
2007-10-01,20,0.0,0.0,0.0,0.0,0.0,0.0,0.0,0.0,0.0,0.0,0.0,0.0
2007-10-01,21,0.0,0.0,0.0,0.0,0.0,0.0,0.0,0.0,0.0,0.0,0.0,0.0
2007-10-01,22,0.0,0.0,0.0,0.0,0.0,0.0,0.0,0.0,0.0,0.0,0.0,0.0
2007-10-01,23,0.0,0.0,0.0,0.0,0.0,0.0,0.0,0.0,0.0,0.0,0.0,0.0
2007-10-01,24,0.0,0.0,0.0,0.0,0.0,0.0,0.0,0.0,0.0,0.0,0.0,0.0
2007-10-01,25,0.0,0.0,0.0,0.0,0.0,0.0,0.0,0.0,0.0,0.0,0.0,0.0
2007-10-01,26,0.0,0.0,0.0,0.0,0.0,0.0,0.0,0.0,0.0,0.0,0.0,0.0
2007-10-01,27,0.0,0.0,0.0,0.0,0.0,0.0,0.0,0.0,0.0,0.0,0.0,0.0
2007-10-01,28,7566.3829943696,78.933044,4125.73078112,39.052780416000004,0.0,0.0,84.911789,50.0,1.0,2143.7069271008004,1171.5833592319996,0.0
2007-10-01,29,5712.2559581936,99.594353,2086.897312448,34.476891904000006,0.0,0.0,93.7397,50.0,1.0,2801.3119706032003,1034.3068128639998,0.0
2007-10-01,3,8611.5583339872,100.0,3249.7775781119994,35.8376512,0.0,0.0,91.837471,67.472496,1.0,2804.766593926399,1075.1294527999994,0.0
2007-10-01,30,5467.5406789232,100.0,3269.738468672,52.984432384,0.0,0.0,96.568748,53.056835,1.0,2692.9822620896,1589.5329532160001,0.0
2007-10-01,31,2879.1369207824,99.999969,732.88749248,24.429583360000002,0.0,0.0,116.065445,100.064354,1.0,2879.1369207824,732.88749248,0.0
2007-10-01,32,2870.3162555903996,99.999962,773.4781641599999,25.782605056,0.0,0.0,107.942528,84.597298,1.0,2870.3162555903996,773.4781641599999,0.0
2007-10-01,33,0.0,0.0,0.0,0.0,0.0,0.0,0.0,0.0,0.0,0.0,0.0,0.0
2007-10-01,34,0.0,0.0,0.0,0.0,0.0,0.0,0.0,0.0,0.0,0.0,0.0,0.0
2007-10-01,35,0.0,0.0,0.0,0.0,0.0,0.0,0.0,0.0,0.0,0.0,0.0,0.0
2007-10-01,36,3099.1715868927995,49.90831,1536.014187136,22.569596608,0.0,0.0,89.166344,50.0,1.0,1369.2776635343996,677.0878358399998,0.0
2007-10-01,37,0.0,0.0,0.0,0.0,0.0,0.0,0.0,0.0,0.0,0.0,0.0,0.0
2007-10-01,38,0.0,0.0,0.0,0.0,0.0,0.0,0.0,0.0,0.0,0.0,0.0,0.0
2007-10-01,4,2704.2453698592,97.663841,1211.060804928,40.368694080000004,0.0,0.0,96.368546,50.0,1.0,2704.2453698592,1211.060804928,0.0
2007-10-01,40,0.0,0.0,0.0,0.0,0.0,0.0,0.0,0.0,0.0,0.0,0.0,0.0
2007-10-01,41,2738.6631741792003,100.0,1379.319906432,45.977330880000004,0.0,0.0,100.334,63.995304,1.0,2738.6631741792003,1379.319906432,0.0
2007-10-01,42,8588.808678094398,99.999802,3354.438953216,36.919466688,0.0,0.0,94.505981,69.005219,1.0,2797.7075530943976,1107.5839532159998,0.0
2007-10-01,43,0.0,0.0,0.0,0.0,0.0,0.0,0.0,0.0,0.0,0.0,0.0,0.0
2007-10-01,44,0.0,0.0,0.0,0.0,0.0,0.0,0.0,0.0,0.0,0.0,0.0,0.0
2007-10-01,45,0.0,0.0,0.0,0.0,0.0,0.0,0.0,0.0,0.0,0.0,0.0,0.0
2007-10-01,47,0.0,0.0,0.0,0.0,0.0,0.0,0.0,0.0,0.0,0.0,0.0,0.0
2007-10-01,48,0.0,0.0,0.0,0.0,0.0,0.0,0.0,0.0,0.0,0.0,0.0,0.0
2007-10-01,49,0.0,0.0,0.0,0.0,0.0,0.0,0.0,0.0,0.0,0.0,0.0,0.0
2007-10-01,50,0.0,0.0,0.0,0.0,0.0,0.0,0.0,0.0,0.0,0.0,0.0,0.0
2007-10-01,51,0.0,0.0,0.0,0.0,0.0,0.0,0.0,0.0,0.0,0.0,0.0,0.0
2007-10-01,52,0.0,0.0,0.0,0.0,0.0,0.0,0.0,0.0,0.0,0.0,0.0,0.0
2007-10-01,53,0.0,0.0,0.0,0.0,0.0,0.0,0.0,0.0,0.0,0.0,0.0,0.0
2007-10-01,54,0.0,0.0,0.0,0.0,0.0,0.0,0.0,0.0,0.0,0.0,0.0,0.0
2007-10-01,55,0.0,0.0,0.0,0.0,0.0,0.0,0.0,0.0,0.0,0.0,0.0,0.0
2007-10-01,56,0.0,0.0,0.0,0.0,0.0,0.0,0.0,0.0,0.0,0.0,0.0,0.0
2007-10-01,6,0.0,0.0,0.0,0.0,0.0,0.0,0.0,0.0,0.0,0.0,0.0,0.0
2007-10-01,7,2899.2338127504,100.0,640.4107731839999,21.347026688000003,0.0,0.0,103.909889,58.326294,1.0,2899.2338127504,640.4107731839999,0.0
2007-10-01,9,0.0,0.0,0.0,0.0,0.0,0.0,0.0,0.0,0.0,0.0,0.0,0.0
2007-11-01,1,4980.9676176736,22.531157,2.121388672,0.001347008,0.0,0.0,86.802559,50.0,1.0,707.3971074208011,0.041761408000000166,0.0
2007-11-01,12,0.0,0.0,0.0,0.0,0.0,0.0,0.0,0.0,0.0,0.0,0.0,0.0
2007-11-01,13,2931.9261011408,100.0,956.0356407679999,30.839859647999997,0.0,0.0,106.417557,83.030106,1.0,2931.9261011408,956.0356407679999,0.0
2007-11-01,14,0.0,0.0,0.0,0.0,0.0,0.0,0.0,0.0,0.0,0.0,0.0,0.0
2007-11-01,15,0.0,0.0,0.0,0.0,0.0,0.0,0.0,0.0,0.0,0.0,0.0,0.0
2007-11-01,16,0.0,0.0,0.0,0.0,0.0,0.0,0.0,0.0,0.0,0.0,0.0,0.0
2007-11-01,17,0.0,0.0,0.0,0.0,0.0,0.0,0.0,0.0,0.0,0.0,0.0,0.0
2007-11-01,19,0.0,0.0,0.0,0.0,0.0,0.0,0.0,0.0,0.0,0.0,0.0,0.0
2007-11-01,2,14790.438037240001,58.077694,4087.6265622400006,15.760125888,0.0,0.0,81.615479,50.0,1.0,1717.2847195120012,488.5639682560004,0.0
2007-11-01,20,0.0,0.0,0.0,0.0,0.0,0.0,0.0,0.0,0.0,0.0,0.0,0.0
2007-11-01,21,0.0,0.0,0.0,0.0,0.0,0.0,0.0,0.0,0.0,0.0,0.0,0.0
2007-11-01,22,0.0,0.0,0.0,0.0,0.0,0.0,0.0,0.0,0.0,0.0,0.0,0.0
2007-11-01,23,0.0,0.0,0.0,0.0,0.0,0.0,0.0,0.0,0.0,0.0,0.0,0.0
2007-11-01,24,0.0,0.0,0.0,0.0,0.0,0.0,0.0,0.0,0.0,0.0,0.0,0.0
2007-11-01,25,0.0,0.0,0.0,0.0,0.0,0.0,0.0,0.0,0.0,0.0,0.0,0.0
2007-11-01,26,0.0,0.0,0.0,0.0,0.0,0.0,0.0,0.0,0.0,0.0,0.0,0.0
2007-11-01,27,0.0,0.0,0.0,0.0,0.0,0.0,0.0,0.0,0.0,0.0,0.0,0.0
2007-11-01,28,9392.052102423999,64.81237,5088.568468672,31.059275520000003,0.0,0.0,78.951416,50.0,1.0,1825.6691080543987,962.8376875519998,0.0
2007-11-01,29,8088.224570255999,81.770088,2967.44743776,28.404844416000003,0.0,0.0,86.259315,50.0,1.0,2375.968612062399,880.5501253120001,0.0
2007-11-01,3,11517.048614872,100.0,4327.464781119999,34.764107456,0.0,0.0,81.216782,56.818451,1.0,2905.4902808848,1077.6872030079999,0.0
2007-11-01,30,7943.718323188798,88.663208,4685.074874688,45.65601248,0.0,0.0,88.619545,50.0,1.0,2476.1776442655982,1415.3364060159997,0.0
2007-11-01,31,5832.2101554304,100.0,1591.60889056,27.700692864,0.0,0.0,105.01609,88.105324,1.0,2953.073234648,858.72139808,0.0
2007-11-01,32,5836.971185334401,100.0,1569.6997264000001,25.684565504,0.0,0.0,96.3797,73.011383,1.0,2966.654929744001,796.2215622400003,0.0
2007-11-01,33,0.0,0.0,0.0,0.0,0.0,0.0,0.0,0.0,0.0,0.0,0.0,0.0
2007-11-01,34,2862.3479622495997,100.0,1276.218226816,41.168330944000004,0.0,0.0,85.082512,55.6381,1.0,2862.3479622495997,1276.218226816,0.0
2007-11-01,35,0.0,0.0,0.0,0.0,0.0,0.0,0.0,0.0,0.0,0.0,0.0,0.0
2007-11-01,36,4313.0856108336,42.761623,2128.096953216,19.099445248,0.0,0.0,83.54538,50.0,1.0,1213.9140239408007,592.0827660800003,0.0
2007-11-01,37,0.0,0.0,0.0,0.0,0.0,0.0,0.0,0.0,0.0,0.0,0.0,0.0
2007-11-01,38,0.0,0.0,0.0,0.0,0.0,0.0,0.0,0.0,0.0,0.0,0.0,0.0
2007-11-01,4,4924.3715051984,77.430191,2181.729874688,31.311903167999997,0.0,0.0,86.849266,50.0,1.0,2220.1261353392,970.6690697600002,0.0
2007-11-01,40,0.0,0.0,0.0,0.0,0.0,0.0,0.0,0.0,0.0,0.0,0.0,0.0
2007-11-01,41,5574.95172532,100.0,2775.4575472,45.036700800000006,0.0,0.0,86.703148,50.147877,1.0,2836.2885511408,1396.1376407680002,0.0
2007-11-01,42,11484.553326953599,100.0,4476.973312448001,36.210779904,0.0,0.0,86.631996,60.255192,1.0,2895.7446488592013,1122.534359232001,0.0
2007-11-01,43,0.0,0.0,0.0,0.0,0.0,0.0,0.0,0.0,0.0,0.0,0.0,0.0
2007-11-01,44,2900.9035843071997,100.0,1098.7941253119998,35.444969664000006,0.0,0.0,83.918358,51.713554,1.0,2900.9035843071997,1098.7941253119998,0.0
2007-11-01,45,2499.9563639264,84.605759,719.688125312,23.215746944000003,0.0,0.0,89.678764,50.0,1.0,2499.9563639264,719.688125312,0.0
2007-11-01,47,0.0,0.0,0.0,0.0,0.0,0.0,0.0,0.0,0.0,0.0,0.0,0.0
2007-11-01,48,0.0,0.0,0.0,0.0,0.0,0.0,0.0,0.0,0.0,0.0,0.0,0.0
2007-11-01,49,0.0,0.0,0.0,0.0,0.0,0.0,0.0,0.0,0.0,0.0,0.0,0.0
2007-11-01,50,0.0,0.0,0.0,0.0,0.0,0.0,0.0,0.0,0.0,0.0,0.0,0.0
2007-11-01,51,0.0,0.0,0.0,0.0,0.0,0.0,0.0,0.0,0.0,0.0,0.0,0.0
2007-11-01,52,0.0,0.0,0.0,0.0,0.0,0.0,0.0,0.0,0.0,0.0,0.0,0.0
2007-11-01,53,0.0,0.0,0.0,0.0,0.0,0.0,0.0,0.0,0.0,0.0,0.0,0.0
2007-11-01,54,0.0,0.0,0.0,0.0,0.0,0.0,0.0,0.0,0.0,0.0,0.0,0.0
2007-11-01,55,0.0,0.0,0.0,0.0,0.0,0.0,0.0,0.0,0.0,0.0,0.0,0.0
2007-11-01,56,0.0,0.0,0.0,0.0,0.0,0.0,0.0,0.0,0.0,0.0,0.0,0.0
2007-11-01,6,0.0,0.0,0.0,0.0,0.0,0.0,0.0,0.0,0.0,0.0,0.0,0.0
2007-11-01,7,5373.904815184,82.87027,1225.711906432,18.88068,0.0,0.0,89.801712,50.0,1.0,2474.6710024336,585.301133248,0.0
2007-11-01,9,0.0,0.0,0.0,0.0,0.0,0.0,0.0,0.0,0.0,0.0,0.0,0.0
2007-12-01,1,5593.619634996799,20.163643,2.1213895039999997,0.0,0.0,0.0,83.717194,50.0,1.0,612.6520173231984,8.319999995620719e-07,0.0
2007-12-01,12,0.0,0.0,0.0,0.0,0.0,0.0,0.0,0.0,0.0,0.0,0.0,0.0
2007-12-01,13,5769.4405718975995,100.0,1880.4646248959998,30.814297279999998,0.0,0.0,91.683777,68.175735,1.0,2837.5144707567997,924.4289841279999,0.0
2007-12-01,14,0.0,0.0,0.0,0.0,0.0,0.0,0.0,0.0,0.0,0.0,0.0,0.0
2007-12-01,15,0.0,0.0,0.0,0.0,0.0,0.0,0.0,0.0,0.0,0.0,0.0,0.0
2007-12-01,16,0.0,0.0,0.0,0.0,0.0,0.0,0.0,0.0,0.0,0.0,0.0,0.0
2007-12-01,17,0.0,0.0,0.0,0.0,0.0,0.0,0.0,0.0,0.0,0.0,0.0,0.0
2007-12-01,19,0.0,0.0,0.0,0.0,0.0,0.0,0.0,0.0,0.0,0.0,0.0,0.0
2007-12-01,2,16246.472957129601,50.76825,4485.71621888,13.269650368,0.0,0.0,76.762962,50.0,1.0,1456.0349198896001,398.0896566399997,0.0
2007-12-01,20,0.0,0.0,0.0,0.0,0.0,0.0,0.0,0.0,0.0,0.0,0.0,0.0
2007-12-01,21,0.0,0.0,0.0,0.0,0.0,0.0,0.0,0.0,0.0,0.0,0.0,0.0
2007-12-01,22,0.0,0.0,0.0,0.0,0.0,0.0,0.0,0.0,0.0,0.0,0.0,0.0
2007-12-01,23,0.0,0.0,0.0,0.0,0.0,0.0,0.0,0.0,0.0,0.0,0.0,0.0
2007-12-01,24,2898.0324041631993,100.0,645.9393790720001,21.531312192,0.0,0.0,87.61834,70.563911,1.0,2898.0324041631993,645.9393790720001,0.0
2007-12-01,25,0.0,0.0,0.0,0.0,0.0,0.0,0.0,0.0,0.0,0.0,0.0,0.0
2007-12-01,26,0.0,0.0,0.0,0.0,0.0,0.0,0.0,0.0,0.0,0.0,0.0,0.0
2007-12-01,27,0.0,0.0,0.0,0.0,0.0,0.0,0.0,0.0,0.0,0.0,0.0,0.0
2007-12-01,28,10871.427914051199,53.968506,5826.709687551999,24.604710208,0.0,0.0,74.406555,50.0,1.0,1479.3758116272002,738.1412188799995,0.0
2007-12-01,29,10056.8297594112,69.920753,3684.7135004160004,23.908866176,0.0,0.0,80.813179,50.0,1.0,1968.6051891551997,717.2660626560005,0.0
2007-12-01,3,14070.529384799998,90.530029,5234.856249792,30.246375744,0.0,0.0,72.658447,50.0,1.0,2553.480769927999,907.3914686720009,0.0
2007-12-01,30,10016.155444331202,76.445465,5836.815969088,38.3913712,0.0,0.0,83.517395,50.0,1.0,2072.437121142403,1151.7410944000003,0.0
2007-12-01,31,8679.721462455998,100.0,2470.034734336,29.280862208000002,0.0,0.0,95.432922,78.057999,1.0,2847.5113070255984,878.425843776,0.0
2007-12-01,32,8717.283192199999,100.0,2297.1842965759997,24.249489472,0.0,0.0,87.638321,64.650681,1.0,2880.312006865598,727.4845701759996,0.0
2007-12-01,33,0.0,0.0,0.0,0.0,0.0,0.0,0.0,0.0,0.0,0.0,0.0,0.0
2007-12-01,34,5267.484793201599,86.522675,2305.947312448,34.324303936,0.0,0.0,76.430687,50.0,1.0,2405.1368309519994,1029.729085632,0.0
2007-12-01,35,0.0,0.0,0.0,0.0,0.0,0.0,0.0,0.0,0.0,0.0,0.0,0.0
2007-12-01,36,5328.4630676352,36.812763,2602.730203008,15.821106496,0.0,0.0,78.469917,50.0,1.0,1015.3774568015997,474.6332497919998,0.0
2007-12-01,37,0.0,0.0,0.0,0.0,0.0,0.0,0.0,0.0,0.0,0.0,0.0,0.0
2007-12-01,38,0.0,0.0,0.0,0.0,0.0,0.0,0.0,0.0,0.0,0.0,0.0,0.0
2007-12-01,4,6761.8715081008,65.979492,2951.241921472,25.650407744,0.0,0.0,80.867348,50.0,1.0,1837.5000029024004,769.5120467839997,0.0
2007-12-01,40,0.0,0.0,0.0,0.0,0.0,0.0,0.0,0.0,0.0,0.0,0.0,0.0
2007-12-01,41,7887.617586769599,84.008324,3879.1614060159995,36.790127296,0.0,0.0,80.805725,50.0,1.0,2312.665861449599,1103.7038588159994,0.0
2007-12-01,42,14292.739486260802,100.0,5536.36443776,35.313040256,0.0,0.0,80.577393,53.054638,1.0,2808.1861593072026,1059.3911253119995,0.0
2007-12-01,43,0.0,0.0,0.0,0.0,0.0,0.0,0.0,0.0,0.0,0.0,0.0,0.0
2007-12-01,44,5213.6163908976,82.120163,1938.278062656,27.982798271999997,0.0,0.0,77.999123,50.0,1.0,2312.7128065904,839.4839373440002,0.0
2007-12-01,45,4344.827344748801,64.38855,1232.8347890559999,17.104889984,0.0,0.0,79.910339,50.0,1.0,1844.8709808224007,513.1466637439999,0.0
2007-12-01,47,2867.944355384,100.0,784.39765664,26.146588416,0.0,0.0,95.427307,78.872322,1.0,2867.944355384,784.39765664,0.0
2007-12-01,48,2508.2308236752006,87.00074,622.157808896,20.738594239999998,0.0,0.0,77.695412,50.0,1.0,2508.2308236752006,622.157808896,0.0
2007-12-01,49,0.0,0.0,0.0,0.0,0.0,0.0,0.0,0.0,0.0,0.0,0.0,0.0
2007-12-01,50,885.2879046991999,31.559286,338.7336368,11.291121088,0.0,0.0,76.165886,50.0,1.0,885.2879046991999,338.7336368,0.0
2007-12-01,51,0.0,0.0,0.0,0.0,0.0,0.0,0.0,0.0,0.0,0.0,0.0,0.0
2007-12-01,52,0.0,0.0,0.0,0.0,0.0,0.0,0.0,0.0,0.0,0.0,0.0,0.0
2007-12-01,53,0.0,0.0,0.0,0.0,0.0,0.0,0.0,0.0,0.0,0.0,0.0,0.0
2007-12-01,54,0.0,0.0,0.0,0.0,0.0,0.0,0.0,0.0,0.0,0.0,0.0,0.0
2007-12-01,55,0.0,0.0,0.0,0.0,0.0,0.0,0.0,0.0,0.0,0.0,0.0,0.0
2007-12-01,56,2808.7612676544,100.0,1056.7446090239998,35.224819968000006,0.0,0.0,87.398384,59.073166,1.0,2808.7612676544,1056.7446090239998,0.0
2007-12-01,6,0.0,0.0,0.0,0.0,0.0,0.0,0.0,0.0,0.0,0.0,0.0,0.0
2007-12-01,7,7279.592039211198,65.981964,1681.787961152,15.202535296,0.0,0.0,81.858025,50.0,1.0,1905.6872240271987,456.07605472,0.0
2007-12-01,9,0.0,0.0,0.0,0.0,0.0,0.0,0.0,0.0,0.0,0.0,0.0,0.0
2008-01-01,1,6165.361554243199,18.210201,2.1213895039999997,0.0,0.0,0.0,81.136597,50.0,1.0,571.7419192464004,0.0,0.0
2008-01-01,12,0.0,0.0,0.0,0.0,0.0,0.0,0.0,0.0,0.0,0.0,0.0,0.0
2008-01-01,13,8717.5884410128,100.0,2761.8514218880005,28.431834495999997,0.0,0.0,84.201546,60.223343,1.0,2948.1478691152006,881.3867969920007,0.0
2008-01-01,14,0.0,0.0,0.0,0.0,0.0,0.0,0.0,0.0,0.0,0.0,0.0,0.0
2008-01-01,15,0.0,0.0,0.0,0.0,0.0,0.0,0.0,0.0,0.0,0.0,0.0,0.0
2008-01-01,16,0.0,0.0,0.0,0.0,0.0,0.0,0.0,0.0,0.0,0.0,0.0,0.0
2008-01-01,17,0.0,0.0,0.0,0.0,0.0,0.0,0.0,0.0,0.0,0.0,0.0,0.0
2008-01-01,19,0.0,0.0,0.0,0.0,0.0,0.0,0.0,0.0,0.0,0.0,0.0,0.0
2008-01-01,2,17556.5968263568,44.035439,4819.100812864,10.754342976,0.0,0.0,72.009377,50.0,1.0,1310.1238692271982,333.38459398399937,0.0
2008-01-01,20,0.0,0.0,0.0,0.0,0.0,0.0,0.0,0.0,0.0,0.0,0.0,0.0
2008-01-01,21,0.0,0.0,0.0,0.0,0.0,0.0,0.0,0.0,0.0,0.0,0.0,0.0
2008-01-01,22,0.0,0.0,0.0,0.0,0.0,0.0,0.0,0.0,0.0,0.0,0.0,0.0
2008-01-01,23,0.0,0.0,0.0,0.0,0.0,0.0,0.0,0.0,0.0,0.0,0.0,0.0
2008-01-01,24,5909.470282185599,100.0,1236.0801173759999,19.03680064,0.0,0.0,79.30117,62.374821,1.0,3011.4378780223997,590.1407383039998,0.0
2008-01-01,25,0.0,0.0,0.0,0.0,0.0,0.0,0.0,0.0,0.0,0.0,0.0,0.0
2008-01-01,26,0.0,0.0,0.0,0.0,0.0,0.0,0.0,0.0,0.0,0.0,0.0,0.0
2008-01-01,27,0.0,0.0,0.0,0.0,0.0,0.0,0.0,0.0,0.0,0.0,0.0,0.0
2008-01-01,28,12187.2499934288,46.214771,6448.745468672,20.065672639999995,0.0,0.0,71.260239,50.0,1.0,1315.8220793776018,622.035781120001,0.0
2008-01-01,29,11817.0332506784,60.390968,4310.000906432,20.170564544,0.0,0.0,76.300316,50.0,1.0,1760.2034912672007,625.2874060159997,0.0
2008-01-01,3,16181.415676028797,72.235428,5957.681843776,23.31695808,0.0,0.0,68.590012,50.0,1.0,2110.8862912287987,722.8255939840001,0.0
2008-01-01,30,11871.9204487472,66.0215,6835.85256224,32.226996672,0.0,0.0,79.170021,50.0,1.0,1855.7650044159982,999.036593152,0.0
2008-01-01,31,11628.868587136001,100.0,3346.823187136,28.283496384000003,0.0,0.0,89.411079,72.093597,1.0,2949.147124680003,876.7884528,0.0
2008-01-01,32,11704.1836166992,100.0,3000.240750208,22.679239232,0.0,0.0,80.877167,57.778267,1.0,2986.900424499201,703.0564536320003,0.0
2008-01-01,33,0.0,0.0,0.0,0.0,0.0,0.0,0.0,0.0,0.0,0.0,0.0,0.0
2008-01-01,34,7304.962540785599,70.732323,3149.4102656640002,27.208482496000002,0.0,0.0,72.138184,50.0,1.0,2037.477747584,843.4629532160002,0.0
2008-01-01,35,0.0,0.0,0.0,0.0,0.0,0.0,0.0,0.0,0.0,0.0,0.0,0.0
2008-01-01,36,6237.9962280176,31.726149,3001.089406016,12.850299072,0.0,0.0,73.987938,50.0,1.0,909.5331603823997,398.3592030079999,0.0
2008-01-01,37,3029.1919216575993,100.0,508.440714496,16.401314176,0.0,0.0,114.126846,100.664658,1.0,3029.1919216575993,508.440714496,0.0
2008-01-01,38,0.0,0.0,0.0,0.0,0.0,0.0,0.0,0.0,0.0,0.0,0.0,0.0
2008-01-01,4,8408.3182463008,56.9757,3606.572125312,21.139685632,0.0,0.0,76.117798,50.0,1.0,1646.4467381999993,655.3302038400002,0.0
2008-01-01,40,0.0,0.0,0.0,0.0,0.0,0.0,0.0,0.0,0.0,0.0,0.0,0.0
2008-01-01,41,9829.9784586672,67.975319,4761.993030912,28.478435648,0.0,0.0,74.975502,50.0,1.0,1942.3608718976002,882.8316248960004,0.0
2008-01-01,42,16978.630345152,92.311234,6513.719062656,31.527574207999997,0.0,0.0,76.207283,50.0,1.0,2685.890858891198,977.3546248959992,0.0
2008-01-01,43,0.0,0.0,0.0,0.0,0.0,0.0,0.0,0.0,0.0,0.0,0.0,0.0
2008-01-01,44,7256.2449332896,69.97477,2648.585265664,22.913139392,0.0,0.0,74.637688,50.0,1.0,2042.6285423920008,710.307203008,0.0
2008-01-01,45,5897.942623169599,52.276314,1638.680468672,13.091793728,0.0,0.0,73.484016,50.0,1.0,1553.115278420798,405.8456796160001,0.0
2008-01-01,47,5856.732762910399,100.0,1478.766046784,22.398980864000002,0.0,0.0,86.910774,70.83062,1.0,2988.788407526399,694.368390144,0.0
2008-01-01,48,4452.9271656816,65.181023,1090.52389056,15.10858336,0.0,0.0,71.053093,50.0,1.0,1944.6963420063994,468.3660816639999,0.0
2008-01-01,49,0.0,0.0,0.0,0.0,0.0,0.0,0.0,0.0,0.0,0.0,0.0,0.0
2008-01-01,50,1556.8797324448,23.208319,601.380203008,8.472469824,0.0,0.0,70.290024,50.0,1.0,671.5918277456002,262.64656620799997,0.0
2008-01-01,51,2327.5244910496,76.895844,399.243914368,12.878835839999999,0.0,0.0,69.628204,50.0,1.0,2327.5244910496,399.243914368,0.0
2008-01-01,52,1735.0768452128002,58.582508,479.626062656,15.471808768,0.0,0.0,72.948921,50.0,1.0,1735.0768452128002,479.626062656,0.0
2008-01-01,53,0.0,0.0,0.0,0.0,0.0,0.0,0.0,0.0,0.0,0.0,0.0,0.0
2008-01-01,54,0.0,0.0,0.0,0.0,0.0,0.0,0.0,0.0,0.0,0.0,0.0,0.0
2008-01-01,55,0.0,0.0,0.0,0.0,0.0,0.0,0.0,0.0,0.0,0.0,0.0,0.0
2008-01-01,56,5488.4042829776,91.721794,1977.6861403519997,29.707793024,0.0,0.0,77.125725,50.0,1.0,2679.6430153232,920.9415313279999,0.0
2008-01-01,6,0.0,0.0,0.0,0.0,0.0,0.0,0.0,0.0,0.0,0.0,0.0,0.0
2008-01-01,7,8919.10138744,54.84536,2061.24689056,12.240610304,0.0,0.0,75.771179,50.0,1.0,1639.5093482288012,379.4589294079999,0.0
2008-01-01,9,0.0,0.0,0.0,0.0,0.0,0.0,0.0,0.0,0.0,0.0,0.0,0.0
2008-02-01,1,6683.657998246399,16.507929,2.1213895039999997,0.0,0.0,0.0,78.83783,50.0,1.0,518.2964440032001,0.0,0.0
2008-02-01,12,0.0,0.0,0.0,0.0,0.0,0.0,0.0,0.0,0.0,0.0,0.0,0.0
2008-02-01,13,11680.411832025598,100.0,3575.7048437760004,26.253343168,0.0,0.0,78.034195,53.463905,1.0,2962.8233910127983,813.853421888,0.0
2008-02-01,14,0.0,0.0,0.0,0.0,0.0,0.0,0.0,0.0,0.0,0.0,0.0,0.0
2008-02-01,15,0.0,0.0,0.0,0.0,0.0,0.0,0.0,0.0,0.0,0.0,0.0,0.0
2008-02-01,16,0.0,0.0,0.0,0.0,0.0,0.0,0.0,0.0,0.0,0.0,0.0,0.0
2008-02-01,17,0.0,0.0,0.0,0.0,0.0,0.0,0.0,0.0,0.0,0.0,0.0,0.0
2008-02-01,19,0.0,0.0,0.0,0.0,0.0,0.0,0.0,0.0,0.0,0.0,0.0,0.0
2008-02-01,2,18714.526977998397,38.763096,5091.099,8.774139712,0.0,0.0,68.30555,50.0,1.0,1157.930151641598,271.9981871360005,0.0
2008-02-01,20,0.0,0.0,0.0,0.0,0.0,0.0,0.0,0.0,0.0,0.0,0.0,0.0
2008-02-01,21,0.0,0.0,0.0,0.0,0.0,0.0,0.0,0.0,0.0,0.0,0.0,0.0
2008-02-01,22,0.0,0.0,0.0,0.0,0.0,0.0,0.0,0.0,0.0,0.0,0.0,0.0
2008-02-01,23,0.0,0.0,0.0,0.0,0.0,0.0,0.0,0.0,0.0,0.0,0.0,0.0
2008-02-01,24,8930.0820718976,100.0,1784.004624896,17.674985536,0.0,0.0,73.561409,56.585201,1.0,3020.6117897120002,547.9245075200001,0.0
2008-02-01,25,0.0,0.0,0.0,0.0,0.0,0.0,0.0,0.0,0.0,0.0,0.0,0.0
2008-02-01,26,0.0,0.0,0.0,0.0,0.0,0.0,0.0,0.0,0.0,0.0,0.0,0.0
2008-02-01,27,0.0,0.0,0.0,0.0,0.0,0.0,0.0,0.0,0.0,0.0,0.0,0.0
2008-02-01,28,13336.580861403201,40.144131,6959.850624896001,16.487253120000002,0.0,0.0,68.889488,50.0,1.0,1149.3308679744005,511.1051562240009,0.0
2008-02-01,29,13355.661445256002,52.671082,4839.55143776,17.082267904000002,0.0,0.0,72.589233,50.0,1.0,1538.6281945776027,529.550531328,0.0
2008-02-01,3,17943.811718286397,60.114876,6532.986281536,18.558207616,0.0,0.0,65.837585,50.0,1.0,1762.3960422576001,575.3044377599999,0.0
2008-02-01,30,13499.449645852801,57.69746,7682.514937344001,27.311682944000005,0.0,0.0,75.76709,50.0,1.0,1627.5291971056013,846.6623751040006,0.0
2008-02-01,31,14584.025766699198,100.0,4195.9547502079995,27.391336128000003,0.0,0.0,84.927948,67.348839,1.0,2955.157179563197,849.1315630719996,0.0
2008-02-01,32,14700.0526658784,100.0,3662.02565664,21.347891968,0.0,0.0,75.089775,51.635605,1.0,2995.8690491792004,661.7849064319998,0.0
2008-02-01,33,0.0,0.0,0.0,0.0,0.0,0.0,0.0,0.0,0.0,0.0,0.0,0.0
2008-02-01,34,9050.9551115232,60.467865,3851.200843776,22.638411327999997,0.0,0.0,69.370361,50.0,1.0,1745.9925707376015,701.7905781119998,0.0
2008-02-01,35,0.0,0.0,0.0,0.0,0.0,0.0,0.0,0.0,0.0,0.0,0.0,0.0
2008-02-01,36,7039.9455482656,27.806767,3328.2484218880004,10.55351648,0.0,0.0,70.651695,50.0,1.0,801.9493202480007,327.1590158720005,0.0
2008-02-01,37,6034.547000820799,100.0,1126.573093568,19.939754432,0.0,0.0,95.626091,80.653511,1.0,3005.3550791632,618.132379072,0.0
2008-02-01,38,0.0,0.0,0.0,0.0,0.0,0.0,0.0,0.0,0.0,0.0,0.0,0.0
2008-02-01,4,9849.573744824,49.65992,4149.151093568,17.502545215999998,0.0,0.0,72.298897,50.0,1.0,1441.2554985232,542.5789682559998,0.0
2008-02-01,40,0.0,0.0,0.0,0.0,0.0,0.0,0.0,0.0,0.0,0.0,0.0,0.0
2008-02-01,41,11470.528067727999,57.151554,5469.866593984,22.834636864,0.0,0.0,71.201004,50.0,1.0,1640.5496090607994,707.8735630720003,0.0
2008-02-01,42,19349.7259110528,81.272568,7344.810687552001,26.809396223999997,0.0,0.0,73.57592,50.0,1.0,2371.0955659007996,831.0916248960011,0.0
2008-02-01,43,0.0,0.0,0.0,0.0,0.0,0.0,0.0,0.0,0.0,0.0,0.0,0.0
2008-02-01,44,9068.9515482464,61.934525,3255.279015872,19.570763264,0.0,0.0,72.346237,50.0,1.0,1812.706614956799,606.693750208,0.0
2008-02-01,45,7216.741255110401,44.2187,1958.6283433600001,10.320903424,0.0,0.0,69.182999,50.0,1.0,1318.798631940802,319.9478746880002,0.0
2008-02-01,47,8863.976762910399,100.0,2088.206046784,19.659357951999997,0.0,0.0,80.478722,64.383278,1.0,3007.2439999999997,609.44,0.0
2008-02-01,48,6043.1891260256,53.208229,1460.074281536,11.920978368,0.0,0.0,67.211563,50.0,1.0,1590.2619603439998,369.550390976,0.0
2008-02-01,49,0.0,0.0,0.0,0.0,0.0,0.0,0.0,0.0,0.0,0.0,0.0,0.0
2008-02-01,50,2112.8940842192,19.179682,813.8270666239999,6.853124096,0.0,0.0,66.829666,50.0,1.0,556.0143517744,212.44686361599997,0.0
2008-02-01,51,3897.3531279168,51.845394,665.9205820799999,8.602473984,0.0,0.0,63.832985,50.0,1.0,1569.8286368672002,266.6766677119999,0.0
2008-02-01,52,2912.1871012928,39.652184,791.81649248,10.070658624,0.0,0.0,67.76133,50.0,1.0,1177.1102560799998,312.190429824,0.0
2008-02-01,53,2896.8680939552,100.0,1117.364523392,36.044017152,0.0,0.0,96.842834,74.053352,1.0,2896.8680939552,1117.364523392,0.0
2008-02-01,54,2859.7038947759997,100.0,1288.38561696,41.560825279999996,0.0,0.0,91.853058,59.472717,1.0,2859.7038947759997,1288.38561696,0.0
2008-02-01,55,2924.6196800639996,100.0,989.6581094399999,31.924454848,0.0,0.0,92.375038,69.515213,1.0,2924.6196800639996,989.6581094399999,0.0
2008-02-01,56,7644.3167494064,73.491173,2674.7410626560004,22.485639487999997,0.0,0.0,72.282341,50.0,1.0,2155.9124664288,697.0549223040007,0.0
2008-02-01,6,0.0,0.0,0.0,0.0,0.0,0.0,0.0,0.0,0.0,0.0,0.0,0.0
2008-02-01,7,10323.4740913328,46.852211,2367.8959690879997,9.891908416,0.0,0.0,71.096848,50.0,1.0,1404.372703892801,306.6490785279998,0.0
2008-02-01,9,0.0,0.0,0.0,0.0,0.0,0.0,0.0,0.0,0.0,0.0,0.0,0.0
2008-03-01,1,7146.983831998399,15.774837,2.1213895039999997,0.0,0.0,0.0,77.922874,50.0,1.0,463.3258337520001,0.0,0.0
2008-03-01,12,0.0,0.0,0.0,0.0,0.0,0.0,0.0,0.0,0.0,0.0,0.0,0.0
2008-03-01,13,14142.193468899199,88.504799,4209.4146248960005,21.852062336,0.0,0.0,72.467194,50.0,1.0,2461.7816368736003,633.7097811200001,0.0
2008-03-01,14,0.0,0.0,0.0,0.0,0.0,0.0,0.0,0.0,0.0,0.0,0.0,0.0
2008-03-01,15,0.0,0.0,0.0,0.0,0.0,0.0,0.0,0.0,0.0,0.0,0.0,0.0
2008-03-01,16,0.0,0.0,0.0,0.0,0.0,0.0,0.0,0.0,0.0,0.0,0.0,0.0
2008-03-01,17,0.0,0.0,0.0,0.0,0.0,0.0,0.0,0.0,0.0,0.0,0.0,0.0
2008-03-01,19,0.0,0.0,0.0,0.0,0.0,0.0,0.0,0.0,0.0,0.0,0.0,0.0
2008-03-01,2,19695.628620048003,34.994122,5306.085687551999,7.413337984,0.0,0.0,65.804008,50.0,1.0,981.1016420496053,214.98668755199924,0.0
2008-03-01,20,0.0,0.0,0.0,0.0,0.0,0.0,0.0,0.0,0.0,0.0,0.0,0.0
2008-03-01,21,1982.6481666096,71.294205,512.3989104,17.668926912,0.0,0.0,70.452751,50.0,1.0,1982.6481666096,512.3989104,0.0
2008-03-01,22,0.0,0.0,0.0,0.0,0.0,0.0,0.0,0.0,0.0,0.0,0.0,0.0
2008-03-01,23,0.0,0.0,0.0,0.0,0.0,0.0,0.0,0.0,0.0,0.0,0.0,0.0
2008-03-01,24,11759.9786230384,100.0,2277.422265664,17.014395840000002,0.0,0.0,69.421112,52.362236,1.0,2829.8965511408005,493.41764076799996,0.0
2008-03-01,25,0.0,0.0,0.0,0.0,0.0,0.0,0.0,0.0,0.0,0.0,0.0,0.0
2008-03-01,26,0.0,0.0,0.0,0.0,0.0,0.0,0.0,0.0,0.0,0.0,0.0,0.0
2008-03-01,27,0.0,0.0,0.0,0.0,0.0,0.0,0.0,0.0,0.0,0.0,0.0,0.0
2008-03-01,28,14320.191676187198,36.642712,7386.110874688,14.698631168,0.0,0.0,67.627602,50.0,1.0,983.6108147839968,426.26024979199883,0.0
2008-03-01,29,14784.222174425598,52.609554,5376.323468672,18.509390848,0.0,0.0,73.906837,50.0,1.0,1428.560729169596,536.7720309119995,0.0
2008-03-01,3,19382.4012531024,52.360661,6989.968375103999,15.757990143999999,0.0,0.0,64.111,50.0,1.0,1438.589534816001,456.9820935679991,0.0
2008-03-01,30,14867.607123150401,51.677124,8371.224062656,23.748593856,0.0,0.0,73.416115,50.0,1.0,1368.1574772976,688.7091253119988,0.0
2008-03-01,31,17353.5790562048,100.0,4967.062750208,26.589941248000002,0.0,0.0,81.274658,63.41188,1.0,2769.5532895056003,771.1080000000002,0.0
2008-03-01,32,17089.8692130064,85.215263,4182.295,17.940336128,0.0,0.0,70.75235,50.0,1.0,2389.816547128001,520.2693433600002,0.0
2008-03-01,33,0.0,0.0,0.0,0.0,0.0,0.0,0.0,0.0,0.0,0.0,0.0,0.0
2008-03-01,34,10489.494538022398,53.134972,4413.073843776001,19.374917952,0.0,0.0,67.405373,50.0,1.0,1438.5394264991974,561.873000000001,0.0
2008-03-01,35,0.0,0.0,0.0,0.0,0.0,0.0,0.0,0.0,0.0,0.0,0.0,0.0
2008-03-01,36,7713.9443792351985,24.837862,3583.7355939840004,8.80989824,0.0,0.0,68.253677,50.0,1.0,673.9988309695982,255.487172096,0.0
2008-03-01,37,8857.0260068656,100.0,1654.124570176,18.191428736000002,0.0,0.0,85.82975,71.542305,1.0,2822.4790060448013,527.5514766079998,0.0
2008-03-01,38,0.0,0.0,0.0,0.0,0.0,0.0,0.0,0.0,0.0,0.0,0.0,0.0
2008-03-01,4,9849.573744824,0.0,4149.151093568,0.0,300.0,8700.0,161.624878,294.789825,1.0,0.0,0.0,8700.0
2008-03-01,40,0.0,0.0,0.0,0.0,0.0,0.0,0.0,0.0,0.0,0.0,0.0,0.0
2008-03-01,41,12815.054955110401,49.885357,6025.14534336,19.147536512,0.0,0.0,68.794685,50.0,1.0,1344.5268873824025,555.2787493759997,0.0
2008-03-01,42,21359.9664957488,73.47506,8025.00156224,23.4548704,0.0,0.0,71.696823,50.0,1.0,2010.2405846959991,680.190874687999,0.0
2008-03-01,43,2854.3721911328003,100.0,380.786377088,13.130564096,0.0,0.0,73.873619,59.650848,1.0,2854.3721911328003,380.786377088,0.0
2008-03-01,44,10618.440910232,56.500065,3761.406593984,17.452675968,0.0,0.0,70.79126,50.0,1.0,1549.4893619856011,506.12757811200026,0.0
2008-03-01,45,8434.971392616,43.58432,2243.448796992,9.821392256,0.0,0.0,68.696266,50.0,1.0,1218.2301375055995,284.82045363199995,0.0
2008-03-01,47,11692.250969616,100.0,2589.0893433600004,17.27183744,0.0,0.0,72.953247,56.491104,1.0,2828.2742067056006,500.88329657600025,0.0
2008-03-01,48,7311.562808536,45.287857,1744.3938279039999,9.804126592000001,0.0,0.0,64.732742,50.0,1.0,1268.3736825104006,284.3195463679999,0.0
2008-03-01,49,0.0,0.0,0.0,0.0,0.0,0.0,0.0,0.0,0.0,0.0,0.0,0.0
2008-03-01,50,2563.1873730191996,16.543427,977.681859648,5.6501669119999995,0.0,0.0,64.372154,50.0,1.0,450.2932887999996,163.85479302400006,0.0
2008-03-01,51,5088.9978389008,42.079514,869.692078528,7.0266027520000005,0.0,0.0,61.767414,50.0,1.0,1191.644710984,203.7714964480001,0.0
2008-03-01,52,3804.277027632,32.094048,1024.44021888,8.02150752,0.0,0.0,64.889366,50.0,1.0,892.0899263392002,232.6237264,0.0
2008-03-01,53,5637.2784222176,100.0,2022.5771720960001,31.214231360000003,0.0,0.0,83.519485,61.652279,1.0,2740.4103282623996,905.2126487040002,0.0
2008-03-01,54,5202.6890511599995,86.86573,2247.235046784,33.063769856,0.0,0.0,78.496391,50.0,1.0,2342.9851563839998,958.849429824,0.0
2008-03-01,55,5685.831564871999,100.0,1799.1467811200002,27.913402815999998,0.0,0.0,80.797783,57.914028,1.0,2761.2118848079995,809.4886716800004,0.0
2008-03-01,56,9385.0235815936,63.249596,3213.1904995839996,18.567221504000003,0.0,0.0,69.57766,50.0,1.0,1740.7068321871993,538.4494369279992,0.0
2008-03-01,6,2595.3904589152,92.40699,546.2933632,18.837701376000002,0.0,0.0,71.081512,50.0,1.0,2595.3904589152,546.2933632,0.0
2008-03-01,7,10323.4740913328,0.0,2367.8959690879997,0.0,150.0,4350.0,118.684807,180.175293,1.0,0.0,0.0,4350.0
2008-03-01,9,0.0,0.0,0.0,0.0,0.0,0.0,0.0,0.0,0.0,0.0,0.0,0.0
2008-04-01,1,7690.91133524,18.120848,2.1213895039999997,0.0,0.0,0.0,81.233856,50.0,1.0,543.9275032416008,0.0,0.0
2008-04-01,12,0.0,0.0,0.0,0.0,0.0,0.0,0.0,0.0,0.0,0.0,0.0,0.0
2008-04-01,13,16361.5769856208,70.65435,4763.04034336,16.728502336000002,0.0,0.0,68.625008,50.0,1.0,2219.383516721602,553.6257184639999,0.0
2008-04-01,14,0.0,0.0,0.0,0.0,0.0,0.0,0.0,0.0,0.0,0.0,0.0,0.0
2008-04-01,15,0.0,0.0,0.0,0.0,0.0,0.0,0.0,0.0,0.0,0.0,0.0,0.0
2008-04-01,16,0.0,0.0,0.0,0.0,0.0,0.0,0.0,0.0,0.0,0.0,0.0,0.0
2008-04-01,17,0.0,0.0,0.0,0.0,0.0,0.0,0.0,0.0,0.0,0.0,0.0,0.0
2008-04-01,19,0.0,0.0,0.0,0.0,0.0,0.0,0.0,0.0,0.0,0.0,0.0,0.0
2008-04-01,2,19695.628620048003,0.0,5306.085687551999,0.0,150.0,4650.0,116.59684,193.540268,1.0,0.0,0.0,4650.0
2008-04-01,20,0.0,0.0,0.0,0.0,0.0,0.0,0.0,0.0,0.0,0.0,0.0,0.0
2008-04-01,21,3693.2081635967997,54.915157,950.0383751040001,13.434918848,0.0,0.0,66.326187,50.0,1.0,1710.5599969871998,437.63946470400015,0.0
2008-04-01,22,0.0,0.0,0.0,0.0,0.0,0.0,0.0,0.0,0.0,0.0,0.0,0.0
2008-04-01,23,0.0,0.0,0.0,0.0,0.0,0.0,0.0,0.0,0.0,0.0,0.0,0.0
2008-04-01,24,14747.9687182288,98.172295,2810.206140352,17.160477568,0.0,0.0,67.234138,50.0,1.0,2987.9900951904,532.7838746880002,0.0
2008-04-01,25,0.0,0.0,0.0,0.0,0.0,0.0,0.0,0.0,0.0,0.0,0.0,0.0
2008-04-01,26,0.0,0.0,0.0,0.0,0.0,0.0,0.0,0.0,0.0,0.0,0.0,0.0
2008-04-01,27,0.0,0.0,0.0,0.0,0.0,0.0,0.0,0.0,0.0,0.0,0.0,0.0
2008-04-01,28,15308.863825207996,33.807606,7809.538750207999,13.382249919999998,0.0,0.0,66.590988,50.0,1.0,988.6721490207983,423.42787551999936,0.0
2008-04-01,29,16415.078185128,58.005508,6029.03721888,21.928551424000002,0.0,0.0,77.678268,50.0,1.0,1630.8560107024023,652.7137502080004,0.0
2008-04-01,3,20864.800981697597,50.648407,7486.6268746880005,16.36740768,0.0,0.0,64.26786,50.0,1.0,1482.3997285951991,496.6584995840012,0.0
2008-04-01,30,16216.717570256,46.369556,9029.828437760001,20.549970688000002,0.0,0.0,71.396461,50.0,1.0,1349.1104471055987,658.6043751040015,0.0
2008-04-01,31,20319.790902281602,100.0,5765.323281536,25.476967360000003,0.0,0.0,77.59111,59.529957,1.0,2966.2118460768033,798.2605313280001,0.0
2008-04-01,32,17089.8692130064,0.0,4182.295,0.0,300.0,9300.0,113.49752,166.105988,1.0,0.0,0.0,9300.0
2008-04-01,33,2892.2154292432,100.0,1138.775015872,36.22842912,0.0,0.0,79.07328,56.210434,1.0,2892.2154292432,1138.775015872,0.0
2008-04-01,34,10489.494538022398,0.0,4413.073843776001,0.0,150.0,4650.0,102.877296,145.513626,1.0,0.0,0.0,4650.0
2008-04-01,35,0.0,0.0,0.0,0.0,0.0,0.0,0.0,0.0,0.0,0.0,0.0,0.0
2008-04-01,36,8382.8376610528,22.494141,3824.0596875519996,7.497667008,0.0,0.0,66.528328,50.0,1.0,668.8932818176008,240.32409356799917,0.0
2008-04-01,37,11886.630610128,100.0,2160.66621888,15.780291072,0.0,0.0,77.675598,64.046722,1.0,3029.6046032624,506.5416487040002,0.0
2008-04-01,38,0.0,0.0,0.0,0.0,0.0,0.0,0.0,0.0,0.0,0.0,0.0,0.0
2008-04-01,4,9849.573744824,0.0,4149.151093568,0.0,295.599731,17914.634766,192.814819,300.0,1.0,0.0,0.0,9214.634766
2008-04-01,40,0.0,0.0,0.0,0.0,0.0,0.0,0.0,0.0,0.0,0.0,0.0,0.0
2008-04-01,41,14138.352450470398,44.791103,6562.228156224,16.860020736000003,0.0,0.0,67.251785,50.0,1.0,1323.297495359997,537.0828128639996,0.0
2008-04-01,42,23355.4977690032,66.526711,8677.292,20.366756800000005,0.0,0.0,70.025749,50.0,1.0,1995.5312732544007,652.2904377599998,0.0
2008-04-01,43,5911.3281961568,100.0,761.463168128,12.213500416,0.0,0.0,66.922203,52.292526,1.0,3056.9560050239998,380.67679104,0.0
2008-04-01,44,12177.058731593599,52.175037,4264.760499583999,15.907434816,0.0,0.0,69.540283,50.0,1.0,1558.6178213615985,503.35390559999905,0.0
2008-04-01,45,9804.6505413248,46.792641,2559.7615471999998,10.422196928,0.0,0.0,70.031273,50.0,1.0,1369.6791487087994,316.31275020799967,0.0
2008-04-01,47,14720.929921897601,100.0,3099.890624896,16.398614336,0.0,0.0,67.934624,51.156437,1.0,3028.6789522816016,510.8012815359998,0.0
2008-04-01,48,8604.024917966399,43.014267,2033.0267343360001,9.32012224,0.0,0.0,64.333397,50.0,1.0,1292.4621094303984,288.63290643200025,0.0
2008-04-01,49,0.0,0.0,0.0,0.0,0.0,0.0,0.0,0.0,0.0,0.0,0.0,0.0
2008-04-01,50,3007.8043896639997,14.976918,1136.25149248,5.010217472,0.0,0.0,63.33186,50.0,1.0,444.61701664480006,158.56963283200002,0.0
2008-04-01,51,6209.512955336,35.710522,1061.247180032,5.960423039999999,0.0,0.0,60.361465,50.0,1.0,1120.5151164352,191.55510150399994,0.0
2008-04-01,52,4643.6278157776,27.245125,1242.425843776,6.7773571839999995,0.0,0.0,63.14632,50.0,1.0,839.3507881455994,217.985624896,0.0
2008-04-01,53,8587.7185140512,100.0,2893.415687552,27.291868863999998,0.0,0.0,73.430038,51.709698,1.0,2950.4400918335996,870.8385154559996,0.0
2008-04-01,54,7225.265313353599,65.596489,3009.6153751039997,22.588938944000002,0.0,0.0,72.14193,50.0,1.0,2022.5762621935992,762.3803283199995,0.0
2008-04-01,55,8563.6204656928,95.292358,2578.6588746879997,24.24179264,0.0,0.0,72.580498,50.0,1.0,2877.7889008208012,779.5120935679995,0.0
2008-04-01,56,11039.0150875904,53.998047,3695.9064995839994,14.738519744,0.0,0.0,67.047653,50.0,1.0,1653.9915059968007,482.7159999999999,0.0
2008-04-01,6,5363.3350227664005,95.309586,1098.4931950720002,18.013683584,0.0,0.0,71.100304,50.0,1.0,2767.9445638512007,552.1998318720001,0.0
2008-04-01,7,10323.4740913328,0.0,2367.8959690879997,0.0,150.0,9000.0,141.817032,199.335556,1.0,0.0,0.0,4650.0
2008-04-01,9,2457.5558514799995,75.813484,891.477132416,25.697365824000002,0.0,0.0,72.590607,50.0,1.0,2457.5558514799995,891.477132416,0.0
2008-05-01,1,8413.206864737602,23.77223,2.1213895039999997,0.0,0.0,0.0,88.482719,50.0,1.0,722.2955294976018,0.0,0.0
2008-05-01,12,0.0,0.0,0.0,0.0,0.0,0.0,0.0,0.0,0.0,0.0,0.0,0.0
2008-05-01,13,16361.5769856208,0.0,4763.04034336,0.0,200.0,6000.0,92.097084,131.933014,1.0,0.0,0.0,6000.0
2008-05-01,14,0.0,0.0,0.0,0.0,0.0,0.0,0.0,0.0,0.0,0.0,0.0,0.0
2008-05-01,15,2650.377862456,94.954132,1080.0747343360001,36.002490368,0.0,0.0,73.101326,50.0,1.0,2650.377862456,1080.0747343360001,0.0
2008-05-01,16,0.0,0.0,0.0,0.0,0.0,0.0,0.0,0.0,0.0,0.0,0.0,0.0
2008-05-01,17,0.0,0.0,0.0,0.0,0.0,0.0,0.0,0.0,0.0,0.0,0.0,0.0
2008-05-01,19,0.0,0.0,0.0,0.0,0.0,0.0,0.0,0.0,0.0,0.0,0.0,0.0
2008-05-01,2,19695.628620048003,0.0,5306.085687551999,0.0,150.0,9150.0,131.364426,202.707504,1.0,0.0,0.0,4500.0
2008-05-01,20,0.0,0.0,0.0,0.0,0.0,0.0,0.0,0.0,0.0,0.0,0.0,0.0
2008-05-01,21,3693.2081635967997,0.0,950.0383751040001,0.0,200.0,6000.0,140.293579,195.856705,1.0,0.0,0.0,6000.0
2008-05-01,22,0.0,0.0,0.0,0.0,0.0,0.0,0.0,0.0,0.0,0.0,0.0,0.0
2008-05-01,23,0.0,0.0,0.0,0.0,0.0,0.0,0.0,0.0,0.0,0.0,0.0,0.0
2008-05-01,24,17359.134568899204,89.419334,3296.853624896,16.221581376,0.0,0.0,66.324211,50.0,1.0,2611.1658506704043,486.6474845439998,0.0
2008-05-01,25,0.0,0.0,0.0,0.0,0.0,0.0,0.0,0.0,0.0,0.0,0.0,0.0
2008-05-01,26,2904.4298483584,100.0,616.499812864,20.549993984,0.0,0.0,78.988785,65.818878,1.0,2904.4298483584,616.499812864,0.0
2008-05-01,27,0.0,0.0,0.0,0.0,0.0,0.0,0.0,0.0,0.0,0.0,0.0,0.0
2008-05-01,28,16197.7439393632,31.969717,8189.129812864,12.653045183999998,0.0,0.0,65.895294,50.0,1.0,888.880114155203,379.59106265600076,0.0
2008-05-01,29,18596.212806801603,77.984077,6895.7102497920005,28.889097536,0.0,0.0,86.387665,50.0,1.0,2181.134621673602,866.6730309120003,0.0
2008-05-01,3,22377.678850104,53.87775,8057.905375103999,19.042610496,0.0,0.0,65.51326,50.0,1.0,1512.8778684064018,571.2785004159987,0.0
2008-05-01,30,17532.45897036,48.18478,9712.300812864,22.749083968000004,0.0,0.0,72.701958,50.0,1.0,1315.7414001039997,682.4723751039983,0.0
2008-05-01,31,23210.878805384,100.0,6443.21965664,22.596546752,0.0,0.0,71.270927,53.281239,1.0,2891.087903102398,677.8963751040001,0.0
2008-05-01,32,17089.8692130064,0.0,4182.295,0.0,250.0,16800.0,122.496956,164.700912,1.0,0.0,0.0,7500.0
2008-05-01,33,5270.376898416,84.462158,2004.537030912,28.858733695999998,0.0,0.0,70.747711,50.0,1.0,2378.1614691727996,865.76201504,0.0
2008-05-01,34,10489.494538022398,0.0,4413.073843776001,0.0,150.0,9150.0,110.634323,149.069351,1.0,0.0,0.0,4500.0
2008-05-01,35,647.6116412048,22.616823,182.128476608,6.070949248,0.0,0.0,66.344543,50.0,1.0,647.6116412048,182.128476608,0.0
2008-05-01,36,8973.8223096576,20.902225,4027.040062656,6.766008704000001,0.0,0.0,65.4776,50.0,1.0,590.9846486048009,202.98037510400036,0.0
2008-05-01,37,14834.4426593072,100.0,2577.531125312,13.895499072,0.0,0.0,71.343498,58.215431,1.0,2947.8120491791997,416.86490643199977,0.0
2008-05-01,38,618.0439841024,21.845699,210.37329996799997,7.0124437760000005,0.0,0.0,67.209793,50.0,1.0,618.0439841024,210.37329996799997,0.0
2008-05-01,4,9849.573744824,0.0,4149.151093568,0.0,250.0,25414.634766,197.786758,279.620605,1.0,0.0,0.0,7500.0
2008-05-01,40,2900.7382356287994,100.0,633.487765248,21.116259008,0.0,0.0,73.346939,58.488144,1.0,2900.7382356287994,633.487765248,0.0
2008-05-01,41,14138.352450470398,0.0,6562.228156224,0.0,200.0,6000.0,118.65918,198.564896,1.0,0.0,0.0,6000.0
2008-05-01,42,23355.4977690032,0.0,8677.292,0.0,200.0,6000.0,96.925285,144.133591,1.0,0.0,0.0,6000.0
2008-05-01,43,8870.1688357888,100.0,1127.577038848,12.203795968,0.0,0.0,66.374763,51.73539,1.0,2958.8406396319997,366.11387072,0.0
2008-05-01,44,13613.300690238397,50.583961,4728.16256224,15.446733951999999,0.0,0.0,69.08931,50.0,1.0,1436.2419586447977,463.40206265600045,0.0
2008-05-01,45,11345.662554855999,53.363358,2929.6513592320002,12.329659264,0.0,0.0,73.265244,50.0,1.0,1541.012013531199,369.88981203200046,0.0
2008-05-01,47,17559.838541721598,96.777977,3567.4027184640004,15.583732736,0.0,0.0,66.433891,50.0,1.0,2838.9086198239966,467.5120935680002,0.0
2008-05-01,48,9902.582137864,44.96846,2344.862812864,10.394537088000002,0.0,0.0,65.395844,50.0,1.0,1298.5572198976006,311.8360785279997,0.0
2008-05-01,49,0.0,0.0,0.0,0.0,0.0,0.0,0.0,0.0,0.0,0.0,0.0,0.0
2008-05-01,50,3419.7147500464002,14.637856,1287.402695488,5.038374016,0.0,0.0,63.484383,50.0,1.0,411.91036038240054,151.15120300800004,0.0
2008-05-01,51,7192.041877572799,33.5952,1237.161758144,5.863818688,0.0,0.0,60.220932,50.0,1.0,982.5289222367992,175.91457811200007,0.0
2008-05-01,52,5375.534976256,25.516775,1442.116,6.656340287999999,0.0,0.0,66.306229,50.0,1.0,731.9071604784003,199.69015622400002,0.0
2008-05-01,53,11023.771506593599,84.839981,3545.6004995839994,21.739501055999998,0.0,0.0,68.937752,50.0,1.0,2436.0529925424,652.1848120319996,0.0
2008-05-01,54,8778.220796755199,54.908817,3540.6304377599995,17.700501312,0.0,0.0,69.119202,50.0,1.0,1552.9554834015998,531.0150626559998,0.0
2008-05-01,55,10782.5208618352,77.094971,3147.2199690879997,18.952035648000003,0.0,0.0,69.066902,50.0,1.0,2218.9003961424005,568.5610944,0.0
2008-05-01,56,12428.6830468976,48.521336,4085.238624896,12.977730688,0.0,0.0,65.632347,50.0,1.0,1389.6679593072004,389.3321253120007,0.0
2008-05-01,6,8283.575800208,100.0,1642.2347502080002,18.124719808,0.0,0.0,74.162743,53.258968,1.0,2920.2407774415997,543.741555136,0.0
2008-05-01,7,10323.4740913328,0.0,2367.8959690879997,0.0,150.0,13500.0,158.315338,211.697235,1.0,0.0,0.0,4500.0
2008-05-01,9,4259.933476472,63.889545,1530.397172096,21.297337152,0.0,0.0,69.911072,50.0,1.0,1802.3776249920002,638.9200396800001,0.0
2008-06-01,1,9305.2696884048,29.699337,2.254941312,0.005858944,0.0,0.0,96.123589,50.0,1.0,892.0628236671982,0.13355180800000044,0.0
2008-06-01,12,0.0,0.0,0.0,0.0,0.0,0.0,0.0,0.0,0.0,0.0,0.0,0.0
2008-06-01,13,16361.5769856208,0.0,4763.04034336,0.0,150.0,10650.0,94.176765,123.349457,1.0,0.0,0.0,4650.0
2008-06-01,14,0.0,0.0,0.0,0.0,0.0,0.0,0.0,0.0,0.0,0.0,0.0,0.0
2008-06-01,15,2650.377862456,0.0,1080.0747343360001,0.0,100.0,3100.0,90.919037,112.805702,1.0,0.0,0.0,3100.0
2008-06-01,16,0.0,0.0,0.0,0.0,0.0,0.0,0.0,0.0,0.0,0.0,0.0,0.0
2008-06-01,17,0.0,0.0,0.0,0.0,0.0,0.0,0.0,0.0,0.0,0.0,0.0,0.0
2008-06-01,19,0.0,0.0,0.0,0.0,0.0,0.0,0.0,0.0,0.0,0.0,0.0,0.0
2008-06-01,2,19695.628620048003,0.0,5306.085687551999,0.0,100.0,12250.0,125.481514,171.35054,1.0,0.0,0.0,3100.0
2008-06-01,20,0.0,0.0,0.0,0.0,0.0,0.0,0.0,0.0,0.0,0.0,0.0,0.0
2008-06-01,21,3693.2081635967997,0.0,950.0383751040001,0.0,150.0,10650.0,161.788269,198.544128,1.0,0.0,0.0,4650.0
2008-06-01,22,1118.2015497888,35.397552,363.517654656,11.086377536,0.0,0.0,66.2015,50.0,1.0,1118.2015497888,363.517654656,0.0
2008-06-01,23,3106.1953136911998,100.0,154.088821952,6.170401536,0.0,0.0,70.967789,59.77063,1.0,3106.1953136911998,154.088821952,0.0
2008-06-01,24,17359.134568899204,0.0,3296.853624896,0.0,100.0,3100.0,83.703766,95.203125,1.0,0.0,0.0,3100.0
2008-06-01,25,0.0,0.0,0.0,0.0,0.0,0.0,0.0,0.0,0.0,0.0,0.0,0.0
2008-06-01,26,5915.322909808001,100.0,1209.1476716800003,19.044207936,0.0,0.0,70.568733,56.62685,1.0,3010.893061449601,592.6478588160003,0.0
2008-06-01,27,0.0,0.0,0.0,0.0,0.0,0.0,0.0,0.0,0.0,0.0,0.0,0.0
2008-06-01,28,16197.7439393632,0.0,8189.129812864,0.0,100.0,3100.0,93.594406,142.197327,1.0,0.0,0.0,3100.0
2008-06-01,29,21342.683694003197,100.0,7935.083,34.914432384,0.0,0.0,95.04805,50.44606,1.0,2746.4708872015945,1039.3727502079992,0.0
2008-06-01,3,23970.5842982544,55.254425,8670.69043776,19.902571520000002,0.0,0.0,65.903961,50.0,1.0,1592.9054481504027,612.7850626560012,0.0
2008-06-01,30,18958.661009307198,51.786682,10495.350125312,26.108087616,0.0,0.0,74.391075,50.0,1.0,1426.2020389471982,783.0493124479999,0.0
2008-06-01,31,26198.930726641596,100.0,7140.977187136,22.493987775999997,0.0,0.0,68.635788,50.492737,1.0,2988.0519212575964,697.7575304960001,0.0
2008-06-01,32,17089.8692130064,0.0,4182.295,0.0,200.0,23000.0,123.348526,155.307327,1.0,0.0,0.0,6200.0
2008-06-01,33,7332.3474316783995,67.350693,2746.9824686720003,22.714872128,0.0,0.0,67.288956,50.0,1.0,2061.9705332624,742.4454377600002,0.0
2008-06-01,34,10489.494538022398,0.0,4413.073843776001,0.0,100.0,12250.0,103.811768,127.626511,1.0,0.0,0.0,3100.0
2008-06-01,35,1283.0902949808003,22.332504,397.01380492799996,7.637559488000001,0.0,0.0,69.886627,50.0,1.0,635.4786537760003,214.88532831999996,0.0
2008-06-01,36,8973.8223096576,0.0,4027.040062656,0.0,100.0,3100.0,116.797401,201.694412,1.0,0.0,0.0,3100.0
2008-06-01,37,14834.4426593072,0.0,2577.531125312,0.0,100.0,3100.0,86.649437,94.824791,1.0,0.0,0.0,3100.0
2008-06-01,38,1158.1786199552002,18.454353,414.71152736,6.857717568,0.0,0.0,67.905487,50.0,1.0,540.1346358528002,204.33822739200002,0.0
2008-06-01,4,9849.573744824,0.0,4149.151093568,0.0,200.0,31614.634766,194.053238,255.146622,1.0,0.0,0.0,6200.0
2008-06-01,40,5914.3903508207995,100.0,1213.439093568,18.122445952000003,0.0,0.0,68.07415,53.88496,1.0,3013.652115192,579.9513283200001,0.0
2008-06-01,41,14138.352450470398,0.0,6562.228156224,0.0,150.0,10650.0,126.360298,178.184799,1.0,0.0,0.0,4650.0
2008-06-01,42,23355.4977690032,0.0,8677.292,0.0,150.0,10650.0,104.251419,138.712585,1.0,0.0,0.0,4650.0
2008-06-01,43,11926.161322718399,100.0,1512.6877184640002,12.523223232,0.0,0.0,66.704369,52.126766,1.0,3055.992486929599,385.1106796160002,0.0
2008-06-01,44,15096.9036263952,50.830059,5212.156624896,15.759422848000002,0.0,0.0,69.174248,50.0,1.0,1483.6029361568035,483.9940626560001,0.0
2008-06-01,45,13071.894854839999,59.455173,3357.387515456,14.359863232,0.0,0.0,76.774582,50.0,1.0,1726.2322999839998,427.73615622399984,0.0
2008-06-01,47,20399.425685232,93.239456,4039.6845939840005,15.247043136000002,0.0,0.0,65.960632,50.0,1.0,2839.587143510402,472.2818755200001,0.0
2008-06-01,48,11368.3857691456,50.640148,2697.785187136,11.714852864000001,0.0,0.0,66.786728,50.0,1.0,1465.8036312816002,352.92237427200007,0.0
2008-06-01,49,0.0,0.0,0.0,0.0,0.0,0.0,0.0,0.0,0.0,0.0,0.0,0.0
2008-06-01,50,3852.2320447008005,15.120505,1454.720312448,5.5711776639999995,0.0,0.0,64.927986,50.0,1.0,432.5172946544003,167.3176169599999,0.0
2008-06-01,51,8201.8349033568,33.684166,1432.7403592320002,6.528087488,0.0,0.0,61.07682,50.0,1.0,1009.7930257839998,195.57860108800014,0.0
2008-06-01,52,6130.3077733664,25.786493,1666.0562347520001,7.49581664,0.0,0.0,70.554802,50.0,1.0,754.7727971104005,223.94023475200015,0.0
2008-06-01,53,13295.1255336672,74.541885,4119.429030912,17.811834559999998,0.0,0.0,66.865044,50.0,1.0,2271.354027073601,573.8285313280003,0.0
2008-06-01,54,10235.4789156928,48.373661,4031.720874688,15.353038272000001,0.0,0.0,67.445862,50.0,1.0,1457.2581189376015,491.0904369280006,0.0
2008-06-01,55,12876.772039259198,68.857155,3670.4744377599995,16.381892800000003,0.0,0.0,67.413307,50.0,1.0,2094.2511774239974,523.2544686719998,0.0
2008-06-01,56,13738.350707846399,42.874725,4457.916937344001,11.726034111999999,0.0,0.0,64.188461,50.0,1.0,1309.6676609487986,372.6783124480007,0.0
2008-06-01,6,11298.6940021696,100.0,2215.439484544,18.533458112,0.0,0.0,76.533875,55.920994,1.0,3015.118201961599,573.204734336,0.0
2008-06-01,7,10323.4740913328,0.0,2367.8959690879997,0.0,100.0,16600.0,156.10495,189.960831,1.0,0.0,0.0,3100.0
2008-06-01,9,5960.022232499201,56.739361,2134.8185622399997,19.01491072,0.0,0.0,68.173386,50.0,1.0,1700.0887560272013,604.4213901439996,0.0
2008-07-01,1,10239.306439868798,30.742382,2.438131072,0.006106048,0.0,0.0,97.494987,50.0,1.0,934.0367514639984,0.18318975999999987,0.0
2008-07-01,12,2817.5562429744,100.0,1016.272156224,33.875740288,0.0,0.0,121.626244,78.841484,1.0,2817.5562429744,1016.272156224,0.0
2008-07-01,13,16361.5769856208,0.0,4763.04034336,0.0,150.0,15150.0,96.222321,124.033478,1.0,0.0,0.0,4500.0
2008-07-01,14,2967.4555334816,99.999992,326.468974208,10.882298752,0.0,0.0,71.470322,55.24128,1.0,2967.4555334816,326.468974208,0.0
2008-07-01,15,2650.377862456,0.0,1080.0747343360001,0.0,100.0,6100.0,90.630569,111.045761,1.0,0.0,0.0,3000.0
2008-07-01,16,0.0,0.0,0.0,0.0,0.0,0.0,0.0,0.0,0.0,0.0,0.0,0.0
2008-07-01,17,0.0,0.0,0.0,0.0,0.0,0.0,0.0,0.0,0.0,0.0,0.0,0.0
2008-07-01,19,0.0,0.0,0.0,0.0,0.0,0.0,0.0,0.0,0.0,0.0,0.0,0.0
2008-07-01,2,19695.628620048003,0.0,5306.085687551999,0.0,100.0,15250.0,128.642319,172.183182,1.0,0.0,0.0,3000.0
2008-07-01,20,0.0,0.0,0.0,0.0,0.0,0.0,0.0,0.0,0.0,0.0,0.0,0.0
2008-07-01,21,3693.2081635967997,0.0,950.0383751040001,0.0,150.0,15150.0,179.782135,212.955017,1.0,0.0,0.0,4500.0
2008-07-01,22,2057.0927636656,33.345181,705.285038848,11.392246528,0.0,0.0,66.325737,50.0,1.0,938.8912138768001,341.767384192,0.0
2008-07-01,23,6086.434737830399,100.0,421.730409984,8.92138624,0.0,0.0,67.053543,54.233135,1.0,2980.2394241391994,267.641588032,0.0
2008-07-01,24,17359.134568899204,0.0,3296.853624896,0.0,100.0,6100.0,86.634537,98.275169,1.0,0.0,0.0,3000.0
2008-07-01,25,2447.543787224,85.766464,728.848707392,24.294955776,0.0,0.0,74.457413,50.0,1.0,2447.543787224,728.848707392,0.0
2008-07-01,26,8820.0461609488,100.0,1824.297312448,20.504987775999997,0.0,0.0,66.188858,51.386566,1.0,2904.7232511407983,615.1496407679997,0.0
2008-07-01,27,2870.0128623296,100.0,774.878863616,25.829296064,0.0,0.0,72.935455,52.083817,1.0,2870.0128623296,774.878863616,0.0
2008-07-01,28,16197.7439393632,0.0,8189.129812864,0.0,100.0,6100.0,103.955658,148.783859,1.0,0.0,0.0,3000.0
2008-07-01,29,24158.029109696,100.0,8961.528874688001,34.214851008,0.0,0.0,105.786728,61.520821,1.0,2815.345415692802,1026.4458746880018,0.0
2008-07-01,3,25554.9045266416,56.549911,9286.835187136,20.538162112,0.0,0.0,66.328087,50.0,1.0,1584.3202283871979,616.1447493759988,0.0
2008-07-01,30,20370.491290408,52.234951,11301.933500416,26.8861008,0.0,0.0,74.456322,50.0,1.0,1411.8302811008034,806.5833751040009,0.0
2008-07-01,31,28929.115685948796,94.27816,7759.278312447999,20.610033599999998,0.0,0.0,67.170876,50.0,1.0,2730.1849593072,618.3011253119994,0.0
2008-07-01,32,17089.8692130064,0.0,4182.295,0.0,200.0,29000.0,125.907387,156.701248,1.0,0.0,0.0,6000.0
2008-07-01,33,8980.416990862399,58.515293,3344.562812864,19.919342144,0.0,0.0,65.431534,50.0,1.0,1648.0695591839994,597.5803441919998,0.0
2008-07-01,34,10489.494538022398,0.0,4413.073843776001,0.0,100.0,15250.0,103.575294,126.03569,1.0,0.0,0.0,3000.0
2008-07-01,35,2019.7640668431995,26.597483,725.875718464,10.962064256,0.0,0.0,75.22361,50.0,1.0,736.6737718623992,328.86191353600003,0.0
2008-07-01,36,8973.8223096576,0.0,4027.040062656,0.0,100.0,6100.0,129.078812,202.376556,1.0,0.0,0.0,3000.0
2008-07-01,37,14834.4426593072,0.0,2577.531125312,0.0,100.0,6100.0,89.507805,98.80645,1.0,0.0,0.0,3000.0
2008-07-01,38,1715.9788260432,20.261095,680.753379072,8.868061696,0.0,0.0,70.572487,50.0,1.0,557.8002060879996,266.04185171200004,0.0
2008-07-01,4,9849.573744824,0.0,4149.151093568,0.0,200.0,37614.636719,192.634109,251.115875,1.0,0.0,0.0,6000.001953000003
2008-07-01,40,8841.957699679999,100.0,1723.4654528,17.000876671999997,0.0,0.0,65.819572,51.897713,1.0,2927.5673488591992,510.026359232,0.0
2008-07-01,41,14138.352450470398,0.0,6562.228156224,0.0,150.0,15150.0,130.101837,176.539642,1.0,0.0,0.0,4500.0
2008-07-01,42,23355.4977690032,0.0,8677.292,0.0,150.0,15150.0,107.608597,139.736694,1.0,0.0,0.0,4500.0
2008-07-01,43,14879.747274679998,100.0,1902.9824528000001,13.009822592,0.0,0.0,67.473404,52.928604,1.0,2953.5859519615988,390.2947343359999,0.0
2008-07-01,44,16565.959880176,52.018017,5725.063906432,17.096904448,0.0,0.0,69.598618,50.0,1.0,1469.0562537808,512.9072815360005,0.0
2008-07-01,45,14945.2691014992,65.268768,3862.443,16.835183872,0.0,0.0,80.791557,50.0,1.0,1873.3742466592012,505.05548454400014,0.0
2008-07-01,47,23148.6796677504,93.870644,4513.2595622399995,15.785838848,0.0,0.0,66.051941,50.0,1.0,2749.2539825183994,473.574968255999,0.0
2008-07-01,48,12955.644893190401,54.996319,3083.17932832,12.846471872,0.0,0.0,67.921303,50.0,1.0,1587.2591240448019,385.3941411840001,0.0
2008-07-01,49,0.0,0.0,0.0,0.0,0.0,0.0,0.0,0.0,0.0,0.0,0.0,0.0
2008-07-01,50,4307.5976092703995,16.391434,1651.086632832,6.545546176,0.0,0.0,67.138802,50.0,1.0,455.365564569599,196.36632038400012,0.0
2008-07-01,51,9213.453482816,34.93288,1661.8255471999998,7.636173376,0.0,0.0,62.26305,50.0,1.0,1011.6185794592002,229.08518796799967,0.0
2008-07-01,52,6891.450896651201,26.89183,1923.471062656,8.580495872,0.0,0.0,74.30661,50.0,1.0,761.1431232848008,257.4148279039998,0.0
2008-07-01,53,15360.819964155196,71.485374,4608.673062655999,16.308128512,0.0,0.0,66.103088,50.0,1.0,2065.694430487996,489.2440317439996,0.0
2008-07-01,54,11488.286948828798,44.255093,4454.343969088,14.087445632000001,0.0,0.0,66.370117,50.0,1.0,1252.808033135998,422.62309440000035,0.0
2008-07-01,55,14786.6105831584,66.112976,4125.762062656,15.176254080000001,0.0,0.0,66.711548,50.0,1.0,1909.8385438992009,455.2876248960006,0.0
2008-07-01,56,14817.8246417376,37.840893,4781.34556224,10.780947840000001,0.0,0.0,62.882347,50.0,1.0,1079.4739338912004,323.42862489599884,0.0
2008-07-01,6,14216.072944323201,100.0,2772.3505471999997,18.56370464,0.0,0.0,78.065804,57.622192,1.0,2917.378942153602,556.9110626559996,0.0
2008-07-01,7,10323.4740913328,0.0,2367.8959690879997,0.0,100.0,19600.0,162.125534,194.198273,1.0,0.0,0.0,3000.0
2008-07-01,9,7427.5767090911995,52.111996,2667.778953216,17.765349055999998,0.0,0.0,66.985092,50.0,1.0,1467.5544765919985,532.9603909760003,0.0
2008-08-01,1,11052.754839184,25.909407,2.5524628480000002,0.0036882560000000004,0.0,0.0,91.078392,50.0,1.0,813.4483993152007,0.11433177600000022,0.0
2008-08-01,12,5754.151936769599,100.0,1950.8194060160001,30.146685504,0.0,0.0,111.268974,67.657799,1.0,2936.595693795199,934.5472497920001,0.0
2008-08-01,13,16361.5769856208,0.0,4763.04034336,0.0,150.0,19800.0,97.965912,124.429184,1.0,0.0,0.0,4650.0
2008-08-01,14,5953.203256932799,98.149971,767.5364528,14.227982912,0.0,0.0,68.114082,50.0,1.0,2985.7477234511994,441.067478592,0.0
2008-08-01,15,2650.377862456,0.0,1080.0747343360001,0.0,100.0,9200.0,89.643379,108.44487,1.0,0.0,0.0,3100.0
2008-08-01,16,2997.9628818656,100.0,652.149570176,21.037083392,0.0,0.0,101.934616,79.75338,1.0,2997.9628818656,652.149570176,0.0
2008-08-01,17,2529.3731725279995,88.725212,1179.5000547200002,38.048388352,0.0,0.0,89.032204,50.0,1.0,2529.3731725279995,1179.5000547200002,0.0
2008-08-01,19,0.0,0.0,0.0,0.0,150.0,4650.0,121.135185,169.113968,1.0,0.0,0.0,4650.0
2008-08-01,2,19695.628620048003,0.0,5306.085687551999,0.0,100.0,18350.0,132.014816,173.446411,1.0,0.0,0.0,3100.0
2008-08-01,20,2968.8672909328,100.0,786.040785088,25.356154304,0.0,0.0,117.36496,82.678436,1.0,2968.8672909328,786.040785088,0.0
2008-08-01,21,3693.2081635967997,0.0,950.0383751040001,0.0,150.0,19800.0,179.737381,209.820923,1.0,0.0,0.0,4650.0
2008-08-01,22,3019.8344477456,33.300636,1086.2740079359999,12.289967039999999,0.0,0.0,66.919006,50.0,1.0,962.7416840799997,380.98896908799986,0.0
2008-08-01,23,9154.901828843198,100.0,749.435831872,10.571142400000001,0.0,0.0,64.283218,50.337017,1.0,3068.467091012799,327.705421888,0.0
2008-08-01,24,17359.134568899204,0.0,3296.853624896,0.0,100.0,9200.0,87.808334,99.359818,1.0,0.0,0.0,3100.0
2008-08-01,25,4834.6593456256,81.351494,1497.6247811199999,24.799230144000003,0.0,0.0,74.467163,50.0,1.0,2387.1155584015996,768.7760737279998,0.0
2008-08-01,26,11469.072694115199,88.488899,2419.039796992,19.185245247999998,0.0,0.0,63.924118,50.0,1.0,2649.0265331663995,594.742484544,0.0
2008-08-01,27,5613.7457693792,92.566475,1522.933445696,24.13079136,0.0,0.0,70.093483,50.0,1.0,2743.7329070496003,748.05458208,0.0
2008-08-01,28,16197.7439393632,0.0,8189.129812864,0.0,100.0,9200.0,110.941826,151.660599,1.0,0.0,0.0,3100.0
2008-08-01,29,27055.0695065936,100.0,10078.100499584001,36.018445632,0.0,0.0,101.923698,56.110153,1.0,2897.0403968976025,1116.5716248959998,0.0
2008-08-01,3,27228.789199791998,57.884201,9947.161249792,21.300838208000002,0.0,0.0,66.773338,50.0,1.0,1673.8846731503982,660.3260626560004,0.0
2008-08-01,30,21920.061387409598,55.784752,12230.991500416,29.9696176,0.0,0.0,76.071373,50.0,1.0,1549.5700970015969,929.0579999999991,0.0
2008-08-01,31,31557.060167361604,87.749908,8344.258812864,18.87035072,0.0,0.0,66.110825,50.0,1.0,2627.9444814128074,584.9805004160007,0.0
2008-08-01,32,17089.8692130064,0.0,4182.295,0.0,250.0,36750.0,123.727722,161.272415,1.0,0.0,0.0,7750.0
2008-08-01,33,10496.4959988288,52.176224,3906.3809690880003,18.123171456,0.0,0.0,64.074608,50.0,1.0,1516.0790079664002,561.8181562240002,0.0
2008-08-01,34,10489.494538022398,0.0,4413.073843776001,0.0,100.0,18350.0,103.443138,124.743546,1.0,0.0,0.0,3100.0
2008-08-01,35,2873.3945476127997,30.037157,1137.45856224,13.27686464,0.0,0.0,79.79509,50.0,1.0,853.6304807696001,411.582843776,0.0
2008-08-01,36,8973.8223096576,0.0,4027.040062656,0.0,100.0,9200.0,136.202484,202.193634,1.0,0.0,0.0,3100.0
2008-08-01,37,14834.4426593072,0.0,2577.531125312,0.0,150.0,10750.0,96.788017,111.40097,1.0,0.0,0.0,4650.0
2008-08-01,38,2339.6300134959997,22.093077,1002.880023808,10.391184128,0.0,0.0,72.83905,50.0,1.0,623.6511874527998,322.126644736,0.0
2008-08-01,4,9849.573744824,0.0,4149.151093568,0.0,250.0,45364.636719,199.289551,269.1745,1.0,0.0,0.0,7750.0
2008-08-01,40,11871.7335022816,100.0,2229.219281536,16.314639744,0.0,0.0,64.110359,50.243412,1.0,3029.7758026016018,505.75382873599983,0.0
2008-08-01,41,14138.352450470398,0.0,6562.228156224,0.0,150.0,19800.0,132.502151,175.078033,1.0,0.0,0.0,4650.0
2008-08-01,42,23355.4977690032,0.0,8677.292,0.0,150.0,19800.0,109.261993,139.198196,1.0,0.0,0.0,4650.0
2008-08-01,43,17927.424219616,100.0,2326.3593433600004,13.657319104000003,0.0,0.0,68.416397,53.804932,1.0,3047.6769449360036,423.3768905600002,0.0
2008-08-01,44,18142.4244089952,54.366978,6325.527,19.369786175999998,0.0,0.0,70.327827,50.0,1.0,1576.4645288192005,600.4630935679997,0.0
2008-08-01,45,17035.757984203196,70.700378,4457.345750208,19.190406976,0.0,0.0,84.643135,50.0,1.0,2090.488882703996,594.9027502079998,0.0
2008-08-01,47,25993.9754836672,94.120216,5018.431030912,16.29585568,0.0,0.0,66.132629,50.0,1.0,2845.295815916801,505.17146867200063,0.0
2008-08-01,48,14684.362061195201,58.027813,3511.928874688,13.830633856,0.0,0.0,68.945648,50.0,1.0,1728.7171680047995,428.7495463680002,0.0
2008-08-01,49,2589.1975249552,87.954277,792.817085632,25.574744832,0.0,0.0,100.865913,50.0,1.0,2589.1975249552,792.817085632,0.0
2008-08-01,50,4818.9262351088,17.921658,1887.4058128640002,7.623200832,0.0,0.0,69.316826,50.0,1.0,511.3286258384005,236.31918003200008,0.0
2008-08-01,51,10295.8142637968,36.377747,1936.941703424,8.874711872,0.0,0.0,63.558704,50.0,1.0,1082.3607809808,275.1161562240002,0.0
2008-08-01,52,7708.2981476223995,28.089117,2222.867765248,9.657960832,0.0,0.0,74.45314,50.0,1.0,816.8472509711983,299.3967025920001,0.0
2008-08-01,53,17492.361860352,71.18177,5084.209812864,15.339900160000001,0.0,0.0,65.735428,50.0,1.0,2131.5418961968044,475.53675020800074,0.0
2008-08-01,54,12687.456366475199,41.004356,4860.385156224,13.098093632,0.0,0.0,65.500343,50.0,1.0,1199.1694176464007,406.0411871359993,0.0
2008-08-01,55,16760.387036665597,65.947296,4571.023030912,14.36326112,0.0,0.0,66.43428,50.0,1.0,1973.7764535071983,445.2609682559996,0.0
2008-08-01,56,15804.061372926399,33.569153,5093.014468672,10.053840576,0.0,0.0,61.761196,50.0,1.0,986.2367311887992,311.66890643199986,0.0
2008-08-01,6,17231.438598747198,100.0,3344.41656224,18.453740864,0.0,0.0,77.555046,56.948986,1.0,3015.3656544239966,572.0660150400004,0.0
2008-08-01,7,10323.4740913328,0.0,2367.8959690879997,0.0,100.0,22700.0,167.993011,198.459686,1.0,0.0,0.0,3100.0
2008-08-01,9,8835.304837552,48.458942,3191.128687552,16.882244288000003,0.0,0.0,66.082489,50.0,1.0,1407.7281284607998,523.349734336,0.0
2008-09-01,1,11760.218993230399,22.533058,2.55877856,0.00020384,0.0,0.0,86.721413,50.0,1.0,707.4641540463999,0.006315711999999696,0.0
2008-09-01,12,8711.7144272816,100.0,2788.882281536,27.03428416,0.0,0.0,102.478516,58.447773,1.0,2957.562490512001,838.0628755199998,0.0
2008-09-01,13,16361.5769856208,0.0,4763.04034336,0.0,200.0,26000.0,105.778618,139.306213,1.0,0.0,0.0,6200.0
2008-09-01,14,8617.343195152001,88.027008,1225.995062656,14.788988864,0.0,0.0,67.564888,50.0,1.0,2664.139938219202,458.45860985600007,0.0
2008-09-01,15,2650.377862456,0.0,1080.0747343360001,0.0,150.0,13850.0,95.445686,120.800858,1.0,0.0,0.0,4650.0
2008-09-01,16,6003.786833827199,100.0,1268.124304512,19.870154304,0.0,0.0,92.214836,70.237808,1.0,3005.823951961599,615.974734336,0.0
2008-09-01,17,4564.0675746304,71.390732,2130.89865664,30.690280192,0.0,0.0,84.421402,50.0,1.0,2034.6944021024,951.3986019199997,0.0
2008-09-01,19,0.0,0.0,0.0,0.0,150.0,9300.0,133.58815,177.696899,1.0,0.0,0.0,4650.0
2008-09-01,2,19695.628620048003,0.0,5306.085687551999,0.0,150.0,23000.0,151.647141,208.942215,1.0,0.0,0.0,4650.0
2008-09-01,20,5942.0056728784,100.0,1552.4269920640002,24.722136192,0.0,0.0,111.830864,75.808884,1.0,2973.1383819456,766.3862069760002,0.0
2008-09-01,21,3693.2081635967997,0.0,950.0383751040001,0.0,150.0,24450.0,176.971817,205.105606,1.0,0.0,0.0,4650.0
2008-09-01,22,4030.0677287328003,35.219444,1525.946804928,14.182993343999998,0.0,0.0,68.432503,50.0,1.0,1010.2332809872005,439.67279699200003,0.0
2008-09-01,23,11790.820500302401,86.060211,1053.595460736,9.811600448000002,0.0,0.0,63.313877,50.0,1.0,2635.9186714592033,304.15962886399996,0.0
2008-09-01,24,17359.134568899204,0.0,3296.853624896,0.0,150.0,13850.0,93.762169,111.509636,1.0,0.0,0.0,4650.0
2008-09-01,25,7293.051942388799,84.099258,2335.400640768,27.025025664,0.0,0.0,75.8834,50.0,1.0,2458.3925967631994,837.775859648,0.0
2008-09-01,26,11469.072694115199,0.0,2419.039796992,0.0,150.0,4650.0,81.52092,99.410645,1.0,0.0,0.0,4650.0
2008-09-01,27,8242.3315444736,88.806778,2257.668156224,23.701123264000003,0.0,0.0,69.440056,50.0,1.0,2628.5857750943997,734.734710528,0.0
2008-09-01,28,16197.7439393632,0.0,8189.129812864,0.0,150.0,13850.0,130.508545,185.15123,1.0,0.0,0.0,4650.0
2008-09-01,29,29946.356790900798,100.0,11221.146624896,36.872472,0.0,0.0,96.771431,50.243999,1.0,2891.2872843071964,1143.0461253119993,0.0
2008-09-01,3,29024.200451252804,62.293373,10685.287437760002,23.810518784,0.0,0.0,68.146935,50.0,1.0,1795.411251460806,738.1261879680023,0.0
2008-09-01,30,23602.082302894403,60.845375,13281.711624896001,33.894195712,0.0,0.0,78.426552,50.0,1.0,1682.0209154848053,1050.7201244800017,0.0
2008-09-01,31,34173.950024792,87.449837,8936.762249792,19.113004352,0.0,0.0,66.096558,50.0,1.0,2616.8898574303967,592.5034369280002,0.0
2008-09-01,32,17089.8692130064,0.0,4182.295,0.0,200.0,42950.0,112.431915,141.735687,1.0,0.0,0.0,6200.0
2008-09-01,33,11979.902691617599,51.100338,4463.104343360001,17.958811519999998,0.0,0.0,63.841564,50.0,1.0,1483.4066927887998,556.7233742720005,0.0
2008-09-01,34,10489.494538022398,0.0,4413.073843776001,0.0,150.0,23000.0,114.296593,144.069153,1.0,0.0,0.0,4650.0
2008-09-01,35,3878.4750010768003,35.4813,1638.677320384,16.168350015999998,0.0,0.0,88.422676,50.0,1.0,1005.0804534640006,501.21875814400005,0.0
2008-09-01,36,8973.8223096576,0.0,4027.040062656,0.0,150.0,13850.0,165.328964,253.010284,1.0,0.0,0.0,4650.0
2008-09-01,37,14834.4426593072,0.0,2577.531125312,0.0,150.0,15400.0,101.027138,115.675522,1.0,0.0,0.0,4650.0
2008-09-01,38,3063.9980955696,25.869179,1407.105882624,13.039542464,0.0,0.0,76.450378,50.0,1.0,724.3680820736004,404.225858816,0.0
2008-09-01,4,9849.573744824,0.0,4149.151093568,0.0,200.0,51564.636719,181.77388,236.059891,1.0,0.0,0.0,6200.0
2008-09-01,40,14900.511571323197,99.99765,2739.223093568,16.451738368,0.0,0.0,63.891216,50.0,1.0,3028.7780690415966,510.00381203200004,0.0
2008-09-01,41,14138.352450470398,0.0,6562.228156224,0.0,150.0,24450.0,134.368851,174.18927,1.0,0.0,0.0,4650.0
2008-09-01,42,23355.4977690032,0.0,8677.292,0.0,100.0,22900.0,101.846939,121.138367,1.0,0.0,0.0,3100.0
2008-09-01,43,20971.120695256,100.0,2768.05343776,14.248197183999999,0.0,0.0,70.360359,55.615089,1.0,3043.6964756399975,441.6940943999998,0.0
2008-09-01,44,19768.598559099202,56.398098,6990.696375103999,21.457060352,0.0,0.0,70.837517,50.0,1.0,1626.1741501040015,665.1693751039993,0.0
2008-09-01,45,19341.9406742832,78.174744,5139.581281536,22.007597248000003,0.0,0.0,89.440826,50.0,1.0,2306.1826900800042,682.2355313279995,0.0
2008-09-01,47,28796.4707333824,92.821129,5532.86865664,16.594752512,0.0,0.0,66.072647,50.0,1.0,2802.4952497152008,514.4376257280001,0.0
2008-09-01,48,16574.704351252803,63.527164,3991.4704377599996,15.469083968000001,0.0,0.0,70.923729,50.0,1.0,1890.3422900576024,479.54156307199946,0.0
2008-09-01,49,4817.0180922767995,75.876198,1503.556843776,22.927088704000003,0.0,0.0,95.859863,50.0,1.0,2227.8205673215994,710.739758144,0.0
2008-09-01,50,5396.285375123199,20.364635,2172.83178112,9.207285568000001,0.0,0.0,72.633034,50.0,1.0,577.3591400143987,285.4259682559998,0.0
2008-09-01,51,11402.772934121602,37.357231,2240.3773433600004,9.788248704,0.0,0.0,64.430244,50.0,1.0,1106.9586703248024,303.43563993600037,0.0
2008-09-01,52,8550.34929536,29.08637,2550.366812864,10.564483072000002,0.0,0.0,74.348892,50.0,1.0,842.0511477376003,327.4990476160001,0.0
2008-09-01,53,19655.708495972798,72.059799,5540.246156224,14.710847423999999,0.0,0.0,65.581169,50.0,1.0,2163.3466356207973,456.0363433599996,0.0
2008-09-01,54,13811.2778942112,38.430485,5241.284750207999,12.287089152,0.0,0.0,64.785484,50.0,1.0,1123.8215277360014,380.8995939839997,0.0
2008-09-01,55,18766.9755926624,66.875633,4999.412030912,13.819001664,0.0,0.0,66.371567,50.0,1.0,2006.588555996801,428.3890000000001,0.0
2008-09-01,56,16687.7139633344,30.179998,5387.0809690880005,9.486011392,0.0,0.0,60.848362,50.0,1.0,883.6525904080027,294.06650041600096,0.0
2008-09-01,6,20246.796616721596,100.0,3916.517718464,18.454872383999998,0.0,0.0,74.384972,53.306763,1.0,3015.3580179743985,572.1011562240001,0.0
2008-09-01,7,10323.4740913328,0.0,2367.8959690879997,0.0,150.0,27350.0,189.881088,233.53244,1.0,0.0,0.0,4650.0
2008-09-01,9,10153.2411517072,45.433922,3690.618750208,16.112581056,0.0,0.0,65.423279,50.0,1.0,1317.9363141552003,499.4900626560002,0.0
2008-10-01,1,12377.278273740798,20.308693,2.55877856,0.0,0.0,0.0,83.801758,50.0,1.0,617.0592805103988,0.0,0.0
2008-10-01,12,11588.8199929744,100.0,3531.122156224,24.741322944,0.0,0.0,96.819466,52.377514,1.0,2877.1055656928,742.2398746879999,0.0
2008-10-01,13,16361.5769856208,0.0,4763.04034336,0.0,200.0,32000.0,109.316307,141.555969,1.0,0.0,0.0,6000.0
2008-10-01,14,11087.5838266416,84.746284,1707.7571871359999,16.058734016,0.0,0.0,67.698105,50.0,1.0,2470.240631489598,481.7621244799998,0.0
2008-10-01,15,2650.377862456,0.0,1080.0747343360001,0.0,150.0,18350.0,97.144394,120.726425,1.0,0.0,0.0,4500.0
2008-10-01,16,8918.705311268799,100.0,1836.3578596480002,18.94112064,0.0,0.0,87.700836,65.650581,1.0,2914.9184774416,568.2335551360002,0.0
2008-10-01,17,6297.165459553599,62.843895,2942.425687552,27.0508992,0.0,0.0,82.24971,50.0,1.0,1733.0978849231997,811.5270309120001,0.0
2008-10-01,19,0.0,0.0,0.0,0.0,150.0,13800.0,140.774323,181.104614,1.0,0.0,0.0,4500.0
2008-10-01,2,19695.628620048003,0.0,5306.085687551999,0.0,150.0,27500.0,160.458588,215.238068,1.0,0.0,0.0,4500.0
2008-10-01,20,8826.7932741792,100.0,2259.315906432,23.562964672000003,0.0,0.0,108.667427,71.958679,1.0,2884.787601300799,706.8889143679996,0.0
2008-10-01,21,3693.2081635967997,0.0,950.0383751040001,0.0,150.0,28950.0,174.231354,201.124557,1.0,0.0,0.0,4500.0
2008-10-01,22,5074.8720113727995,37.8792,2014.2742347519998,16.277584128,0.0,0.0,70.067657,50.0,1.0,1044.8042826399992,488.32742982399986,0.0
2008-10-01,23,14048.644843548798,76.30117,1332.050687552,9.281843584,0.0,0.0,62.842365,50.0,1.0,2257.824343246397,278.45522681600005,0.0
2008-10-01,24,17359.134568899204,0.0,3296.853624896,0.0,150.0,18350.0,96.342163,113.403923,1.0,0.0,0.0,4500.0
2008-10-01,25,9773.018828318402,87.895966,3212.7905471999998,29.246330880000002,0.0,0.0,77.447243,50.0,1.0,2479.9668859296025,877.3899064319999,0.0
2008-10-01,26,11469.072694115199,0.0,2419.039796992,0.0,150.0,9150.0,90.925743,109.041885,1.0,0.0,0.0,4500.0
2008-10-01,27,10775.0934959808,88.564552,2985.5915781119998,24.264107712,0.0,0.0,69.368774,50.0,1.0,2532.7619515072,727.9234218879997,0.0
2008-10-01,28,16197.7439393632,0.0,8189.129812864,0.0,150.0,18350.0,139.448792,190.117188,1.0,0.0,0.0,4500.0
2008-10-01,29,32562.712795852796,93.660797,12276.948937344,35.193399488000004,0.0,0.0,94.227242,50.0,1.0,2616.3560049519983,1055.8023124479987,0.0
2008-10-01,3,30892.964917153597,67.173347,11477.847062656001,26.41864576,0.0,0.0,69.497528,50.0,1.0,1868.7644659007929,792.5596248959991,0.0
2008-10-01,30,25344.887321689603,65.32238,14395.112874688002,37.11338176,0.0,0.0,80.565086,50.0,1.0,1742.8050187951994,1113.4012497920012,0.0
2008-10-01,31,36766.4586580544,89.622643,9537.689687552001,20.030918336,0.0,0.0,66.44371,50.0,1.0,2592.508633262398,600.9274377600013,0.0
2008-10-01,32,17089.8692130064,0.0,4182.295,0.0,200.0,48950.0,108.599884,137.565979,1.0,0.0,0.0,6000.0
2008-10-01,33,13507.305865326402,54.37822,5037.519093568,19.147165440000002,0.0,0.0,64.439255,50.0,1.0,1527.4031737088026,574.4147502079995,0.0
2008-10-01,34,10489.494538022398,0.0,4413.073843776001,0.0,150.0,27500.0,117.213203,145.643021,1.0,0.0,0.0,4500.0
2008-10-01,35,4971.5266273199995,39.652107,2152.871093568,17.13979072,0.0,0.0,95.555946,50.0,1.0,1093.0516262431993,514.1937731840001,0.0
2008-10-01,36,8973.8223096576,0.0,4027.040062656,0.0,150.0,18350.0,174.978012,256.698669,1.0,0.0,0.0,4500.0
2008-10-01,37,14834.4426593072,0.0,2577.531125312,0.0,150.0,19900.0,104.177429,118.507263,1.0,0.0,0.0,4500.0
2008-10-01,38,3854.3666465855995,29.276831,1863.5044995839999,15.213289728,0.0,0.0,79.537216,50.0,1.0,790.3685510159994,456.3986169599998,0.0
2008-10-01,4,9849.573744824,0.0,4149.151093568,0.0,200.0,57564.636719,173.965027,227.079483,1.0,0.0,0.0,6000.0
2008-10-01,40,17827.5475286112,100.0,3251.6993433600005,17.082539136000005,0.0,0.0,64.460373,50.53511,1.0,2927.0359572880043,512.4762497920005,0.0
2008-10-01,41,14138.352450470398,0.0,6562.228156224,0.0,150.0,28950.0,135.903412,173.754395,1.0,0.0,0.0,4500.0
2008-10-01,42,23355.4977690032,0.0,8677.292,0.0,100.0,25900.0,100.362137,118.893959,1.0,0.0,0.0,3000.0
2008-10-01,43,23914.3432230384,100.0,3206.038265664,14.599498368,0.0,0.0,72.375961,57.511013,1.0,2943.2225277824,437.98482790399976,0.0
2008-10-01,44,21393.6115042512,58.511017,7693.77943776,23.436103808,0.0,0.0,71.430656,50.0,1.0,1625.012945151997,703.083062656001,0.0
2008-10-01,45,21798.814709695995,86.1604,5880.567874687999,24.699549056,0.0,0.0,94.243484,50.0,1.0,2456.874035412795,740.9865931519998,0.0
2008-10-01,47,31488.1071532064,92.201424,6038.197750208,16.844313407999998,0.0,0.0,66.087479,50.0,1.0,2691.6364198240008,505.32909356799973,0.0
2008-10-01,48,18550.0464090832,68.681412,4504.443531328,17.099094272,0.0,0.0,72.950874,50.0,1.0,1975.3420578303958,512.9730935680004,0.0
2008-10-01,49,6794.917964193599,69.72123,2150.152874688,21.553198784,0.0,0.0,93.225288,50.0,1.0,1977.8998719167994,646.5960309119998,0.0
2008-10-01,50,6036.205429158399,23.453766,2507.378046784,11.151542271999999,0.0,0.0,76.163399,50.0,1.0,639.9200540352003,334.5462656640002,0.0
2008-10-01,51,12494.656524067199,38.209236,2558.1991094400005,10.594054847999999,0.0,0.0,65.199852,50.0,1.0,1091.8835899455971,317.8217660800001,0.0
2008-10-01,52,9386.5473502464,29.960131,2891.40556224,11.367959616,0.0,0.0,74.357918,50.0,1.0,836.1980548863994,341.03874937599994,0.0
2008-10-01,53,21787.2191710768,73.222816,5969.556531328,14.310353408,0.0,0.0,65.5327,50.0,1.0,2131.5106751040003,429.31037510400074,0.0
2008-10-01,54,14843.438586380798,36.474361,5591.36865664,11.66946976,0.0,0.0,64.219528,50.0,1.0,1032.1606921695984,350.08390643200073,0.0
2008-10-01,55,20748.664190183998,68.113182,5403.729906432,13.477269311999999,0.0,0.0,66.412216,50.0,1.0,1981.6885975215991,404.3178755199997,0.0
2008-10-01,56,17463.978331713603,27.484127,5657.724718464,9.021470016,0.0,0.0,60.098061,50.0,1.0,776.2643683792012,270.6437493759995,0.0
2008-10-01,6,23166.1838690032,100.0,4464.187,18.255639168,0.0,0.0,72.229095,50.767372,1.0,2919.387252281602,547.6692815359997,0.0
2008-10-01,7,10323.4740913328,0.0,2367.8959690879997,0.0,150.0,31850.0,201.671143,243.437302,1.0,0.0,0.0,4500.0
2008-10-01,9,11356.197852736,42.904564,4153.811593984,15.439770944,0.0,0.0,64.891983,50.0,1.0,1202.956701028801,463.1928437759998,0.0
2008-11-01,1,12960.954715231997,18.590317,2.55877856,0.0,0.0,0.0,81.4888,50.0,1.0,583.6764414911995,0.0,0.0
2008-11-01,12,14473.756236873596,96.652145,4219.69478112,22.21202048,0.0,0.0,93.499275,50.0,1.0,2884.9362438991957,688.572624896,0.0
2008-11-01,13,16361.5769856208,0.0,4763.04034336,0.0,200.0,38200.0,112.154373,143.275879,1.0,0.0,0.0,6200.0
2008-11-01,14,13598.8385062352,83.674995,2240.975140352,17.2005808,0.0,0.0,67.978371,50.0,1.0,2511.2546795936014,533.2179532160001,0.0
2008-11-01,15,2650.377862456,0.0,1080.0747343360001,0.0,150.0,23000.0,98.544571,120.761116,1.0,0.0,0.0,4650.0
2008-11-01,16,11933.822851140802,100.0,2409.565640768,18.49057184,0.0,0.0,84.749084,62.445133,1.0,3015.1175398720025,573.2077811199997,0.0
2008-11-01,17,7931.962175328001,57.399715,3712.6289690880003,24.845270527999997,0.0,0.0,80.984932,50.0,1.0,1634.7967157744015,770.2032815360003,0.0
2008-11-01,19,0.0,0.0,0.0,0.0,150.0,18450.0,145.715469,183.039932,1.0,0.0,0.0,4650.0
2008-11-01,2,19695.628620048003,0.0,5306.085687551999,0.0,150.0,32150.0,167.241638,219.940689,1.0,0.0,0.0,4650.0
2008-11-01,20,11817.4936328464,100.0,2944.8859373439996,22.115164863999997,0.0,0.0,106.596542,69.373337,1.0,2990.7003586672,685.5700309119998,0.0
2008-11-01,21,3693.2081635967997,0.0,950.0383751040001,0.0,150.0,33600.0,171.828568,197.783966,1.0,0.0,0.0,4650.0
2008-11-01,22,6230.874309815999,40.737648,2580.428093568,18.263027328,0.0,0.0,71.745949,50.0,1.0,1156.0022984431998,566.1538588160001,0.0
2008-11-01,23,16160.343307712,69.1735,1608.748172096,8.925725120000001,0.0,0.0,62.524403,50.0,1.0,2111.6984641632025,276.69748454399996,0.0
2008-11-01,24,17359.134568899204,0.0,3296.853624896,0.0,150.0,23000.0,98.494736,114.825951,1.0,0.0,0.0,4650.0
2008-11-01,25,12439.2547417872,91.625954,4181.5852815359995,31.251435072,0.0,0.0,78.944832,50.0,1.0,2666.2359134687977,968.7947343359997,0.0
2008-11-01,26,11469.072694115199,0.0,2419.039796992,0.0,150.0,13800.0,97.301971,115.231766,1.0,0.0,0.0,4650.0
2008-11-01,27,13421.685961977599,89.699738,3766.4741562239997,25.189762624000004,0.0,0.0,69.545441,50.0,1.0,2646.5924659967986,780.8825781119999,0.0
2008-11-01,28,16197.7439393632,0.0,8189.129812864,0.0,150.0,23000.0,146.143402,193.674042,1.0,0.0,0.0,4650.0
2008-11-01,29,35135.05496921119,89.210701,13328.857750207999,33.932542592,0.0,0.0,92.550148,50.0,1.0,2572.3421733583928,1051.9088128639996,0.0
2008-11-01,3,32956.977274792,71.929565,12372.181249792,28.849504320000005,0.0,0.0,70.755669,50.0,1.0,2064.012357638403,894.334187135999,0.0
2008-11-01,30,27255.811368795203,69.419243,15631.229249792003,39.87473568,0.0,0.0,82.500229,50.0,1.0,1910.9240471056,1236.1163751040003,0.0
2008-11-01,31,39544.3875068016,93.025009,10194.642249792001,21.192025088,0.0,0.0,66.961479,50.0,1.0,2777.9288487472004,656.9525622399997,0.0
2008-11-01,32,17089.8692130064,0.0,4182.295,0.0,200.0,55150.0,106.33625,134.88858,1.0,0.0,0.0,6200.0
2008-11-01,33,15261.8250731888,60.387989,5688.531874687999,21.000412992,0.0,0.0,65.537956,50.0,1.0,1754.5192078623986,651.0127811199991,0.0
2008-11-01,34,10489.494538022398,0.0,4413.073843776001,0.0,150.0,32150.0,119.039749,146.355743,1.0,0.0,0.0,4650.0
2008-11-01,35,6216.4905715504,43.288448,2678.185249792,16.945616064,0.0,0.0,101.618614,50.0,1.0,1244.9639442304006,525.3141562239998,0.0
2008-11-01,36,8973.8223096576,0.0,4027.040062656,0.0,150.0,23000.0,181.211792,258.752869,1.0,0.0,0.0,4650.0
2008-11-01,37,14834.4426593072,0.0,2577.531125312,0.0,150.0,24550.0,106.664291,120.55088,1.0,0.0,0.0,4650.0
2008-11-01,38,4744.4601413824,31.936804,2381.753765248,16.717714624,0.0,0.0,82.414307,50.0,1.0,890.0934947968008,518.2492656640002,0.0
2008-11-01,4,9849.573744824,0.0,4149.151093568,0.0,200.0,63764.636719,168.714081,220.836945,1.0,0.0,0.0,6200.0
2008-11-01,40,20846.920930892804,100.0,3805.322624896,17.858815104,0.0,0.0,65.424683,51.500069,1.0,3019.3734022816025,553.6232815359995,0.0
2008-11-01,41,14138.352450470398,0.0,6562.228156224,0.0,150.0,33600.0,137.281372,173.632339,1.0,0.0,0.0,4650.0
2008-11-01,42,23355.4977690032,0.0,8677.292,0.0,100.0,29000.0,99.587837,117.478996,1.0,0.0,0.0,3100.0
2008-11-01,43,26954.044839872,100.0,3666.11578112,14.841209344,0.0,0.0,74.402893,59.411884,1.0,3039.7016168336013,460.0775154560001,0.0
2008-11-01,44,23117.4503813088,60.227577,8462.800125311998,24.807124992000002,0.0,0.0,71.984879,50.0,1.0,1723.838877057602,769.020687551998,0.0
2008-11-01,45,24590.606114767997,94.74614,6722.391406016,27.155603904000003,0.0,0.0,98.913445,50.0,1.0,2791.791405072003,841.8235313280002,0.0
2008-11-01,47,34283.2465442272,92.721481,6572.084593984,17.222154560000003,0.0,0.0,66.254265,50.0,1.0,2795.139391020799,533.8868437760002,0.0
2008-11-01,48,20725.7998809968,73.29171,5081.375,18.610702655999997,0.0,0.0,74.882568,50.0,1.0,2175.753471913602,576.9314686719999,0.0
2008-11-01,49,8719.505925916801,65.722305,2789.257046784,20.616261952,0.0,0.0,91.536446,50.0,1.0,1924.5879617232022,639.1041720960002,0.0
2008-11-01,50,6790.995214768,26.882174,2917.967406016,13.244821824,0.0,0.0,79.966881,50.0,1.0,754.7897856096006,410.5893592319999,0.0
2008-11-01,51,13641.84230232,38.967121,2909.120093568,11.320031424000002,0.0,0.0,65.876976,50.0,1.0,1147.1857782528004,350.9209841279994,0.0
2008-11-01,52,10271.7298536688,30.798389,3267.776484544,12.140994112,0.0,0.0,74.466377,50.0,1.0,885.1825034224003,376.37092230400003,0.0
2008-11-01,53,24029.6638323376,74.443375,6405.981969088,14.078233727999999,0.0,0.0,65.548302,50.0,1.0,2242.444661260801,436.42543776,0.0
2008-11-01,54,15863.0528110528,34.869747,5937.352687551999,11.160768319999999,0.0,0.0,63.728508,50.0,1.0,1019.614224672001,345.98403091199907,0.0
2008-11-01,55,22839.686029848002,69.451241,5815.701937344001,13.289413696,0.0,0.0,66.518761,50.0,1.0,2091.021839664005,411.9720309120012,0.0
2008-11-01,56,18194.601057233598,25.1141,5924.073593984001,8.591888447999999,0.0,0.0,59.411526,50.0,1.0,730.6227255199956,266.34887552000055,0.0
2008-11-01,6,26086.257789664,96.779503,5009.461030912,17.589491711999997,0.0,0.0,71.12616,50.0,1.0,2920.0739206608014,545.274030912,0.0
2008-11-01,7,10323.4740913328,0.0,2367.8959690879997,0.0,150.0,36500.0,211.569199,251.709183,1.0,0.0,0.0,4650.0
2008-11-01,9,12531.764067766399,40.622562,4613.310406015999,14.822539264000001,0.0,0.0,64.415833,50.0,1.0,1175.5662150303979,459.4988120319995,0.0
2008-12-01,1,13486.9885957424,17.312853,2.55877856,0.0,0.0,0.0,79.735748,50.0,1.0,526.033880510402,0.0,0.0
2008-12-01,12,17143.894818182398,92.143181,4815.804906432,19.870345664000002,0.0,0.0,91.829857,50.0,1.0,2670.138581308802,596.1101253120005,0.0
2008-12-01,13,16361.5769856208,0.0,4763.04034336,0.0,200.0,44200.0,114.36364,144.566803,1.0,0.0,0.0,6000.0
2008-12-01,14,16020.987470644799,83.616417,2786.0681871360002,18.169765952,0.0,0.0,68.294617,50.0,1.0,2422.148964409598,545.0930467840003,0.0
2008-12-01,15,2650.377862456,0.0,1080.0747343360001,0.0,150.0,27500.0,99.890533,121.126244,1.0,0.0,0.0,4500.0
2008-12-01,16,14852.993240692798,100.0,2958.232874688,18.288910016000003,0.0,0.0,82.734634,60.160126,1.0,2919.170389551997,548.66723392,0.0
2008-12-01,17,9415.424125208,53.875221,4418.917750208,23.542949248,0.0,0.0,80.260628,50.0,1.0,1483.4619498799984,706.2887811199998,0.0
2008-12-01,19,0.0,0.0,0.0,0.0,150.0,22950.0,149.13472,184.242722,1.0,0.0,0.0,4500.0
2008-12-01,2,19695.628620048003,0.0,5306.085687551999,0.0,150.0,36650.0,172.554596,223.64621,1.0,0.0,0.0,4500.0
2008-12-01,20,14721.338529744,100.0,3564.07756224,20.63972352,0.0,0.0,105.358154,67.706841,1.0,2903.844896897601,619.1916248960006,0.0
2008-12-01,21,3693.2081635967997,0.0,950.0383751040001,0.0,150.0,38100.0,169.94931,195.222458,1.0,0.0,0.0,4500.0
2008-12-01,22,7411.8698277744,43.102722,3172.3904060160003,19.732073088,0.0,0.0,73.127731,50.0,1.0,1180.9955179584003,591.9623124480004,0.0
2008-12-01,23,18045.3457152,63.895054,1868.2137502080002,8.648850496000001,0.0,0.0,62.309635,50.0,1.0,1885.0024074880002,259.46557811200023,0.0
2008-12-01,24,17359.134568899204,0.0,3296.853624896,0.0,150.0,27500.0,100.243736,115.975456,1.0,0.0,0.0,4500.0
2008-12-01,25,15106.108422680001,94.82209,5167.376906432,32.859725184,0.0,0.0,80.211792,50.0,1.0,2666.853680892802,985.7916248960009,0.0
2008-12-01,26,11469.072694115199,0.0,2419.039796992,0.0,150.0,18300.0,102.355476,119.687943,1.0,0.0,0.0,4500.0
2008-12-01,27,16024.7111519696,91.267006,4548.918156223999,26.081468607999998,0.0,0.0,69.835052,50.0,1.0,2603.025189992002,782.4439999999995,0.0
2008-12-01,28,16197.7439393632,0.0,8189.129812864,0.0,150.0,27500.0,151.089279,196.244751,1.0,0.0,0.0,4500.0
2008-12-01,29,37541.4708309968,86.301987,14321.84,33.099425216,0.0,0.0,91.498688,50.0,1.0,2406.4158617856083,992.9822497920013,0.0
2008-12-01,3,35063.0061340992,75.911865,13294.747375104,30.752204288,0.0,0.0,71.844482,50.0,1.0,2106.0288593072037,922.5661253119997,0.0
2008-12-01,30,29192.8645405888,72.769867,16892.050499584002,42.02734348800001,0.0,0.0,84.099632,50.0,1.0,1937.0531717935955,1260.8212497919994,0.0
2008-12-01,31,42343.9743340992,96.936333,10865.242375103999,22.35332736,0.0,0.0,67.548149,50.0,1.0,2799.5868272976004,670.6001253119975,0.0
2008-12-01,32,17089.8692130064,0.0,4182.295,0.0,200.0,61150.0,104.870468,133.003799,1.0,0.0,0.0,6000.0
2008-12-01,33,17171.2145541312,67.844254,6387.954218880001,23.314073536,0.0,0.0,66.957901,50.0,1.0,1909.3894809423982,699.4223441920012,0.0
2008-12-01,34,10489.494538022398,0.0,4413.073843776001,0.0,150.0,36650.0,120.375229,146.775436,1.0,0.0,0.0,4500.0
2008-12-01,35,7527.0979145216,46.655724,3170.4818437759996,16.409886272,0.0,0.0,106.124352,50.0,1.0,1310.6073429711996,492.2965939839996,0.0
2008-12-01,36,8973.8223096576,0.0,4027.040062656,0.0,150.0,27500.0,185.561966,260.079651,1.0,0.0,0.0,4500.0
2008-12-01,37,14834.4426593072,0.0,2577.531125312,0.0,150.0,29050.0,108.401474,121.890213,1.0,0.0,0.0,4500.0
2008-12-01,38,5651.633737448,33.607594,2906.170312448,17.480550464,0.0,0.0,84.842506,50.0,1.0,907.1735960655997,524.4165472,0.0
2008-12-01,4,9849.573744824,0.0,4149.151093568,0.0,200.0,69764.632812,165.28949,216.567871,1.0,0.0,0.0,5999.996092999994
2008-12-01,40,23764.1245465856,99.999992,4363.040499584,18.590604864,0.0,0.0,66.516251,52.602318,1.0,2917.203615692797,557.7178746879999,0.0
2008-12-01,41,14138.352450470398,0.0,6562.228156224,0.0,150.0,38100.0,138.42514,173.602936,1.0,0.0,0.0,4500.0
2008-12-01,42,23355.4977690032,0.0,8677.292,0.0,100.0,32000.0,99.062515,116.419266,1.0,0.0,0.0,3000.0
2008-12-01,43,29894.842060948795,100.0,4115.261312448,14.971508863999999,0.0,0.0,76.190559,61.109962,1.0,2940.797221076795,449.1455313280003,0.0
2008-12-01,44,24828.753904744,61.869335,9238.356562239998,25.851877375999997,0.0,0.0,72.520012,50.0,1.0,1711.3035234351992,775.556436928,0.0
2008-12-01,45,27442.930515588796,100.0,7578.668499584,28.542572863999997,0.0,0.0,103.596695,51.746929,1.0,2852.3244008207985,856.277093568,0.0
2008-12-01,47,37027.460632249604,94.118347,7103.48843776,17.713450560000002,0.0,0.0,66.535812,50.0,1.0,2744.2140880224033,531.403843776,0.0
2008-12-01,48,22940.5856356368,77.156296,5677.450187136,19.869164224,0.0,0.0,76.556572,50.0,1.0,2214.7857546399973,596.0751871359998,0.0
2008-12-01,49,10507.6468402384,63.139812,3388.8635622399997,19.986887232,0.0,0.0,90.517067,50.0,1.0,1788.1409143215988,599.6065154559997,0.0
2008-12-01,50,7586.659302670399,29.318041,3355.757030912,14.592982144000002,0.0,0.0,82.898308,50.0,1.0,795.6640879023989,437.7896248960001,0.0
2008-12-01,51,14765.466503819202,39.529465,3265.476093568,11.878532224,0.0,0.0,66.382767,50.0,1.0,1123.6242014992022,356.3560000000002,0.0
2008-12-01,52,11144.7951031408,31.475657,3651.062187136,12.776194496,0.0,0.0,74.606766,50.0,1.0,873.0652494719998,383.2857025919998,0.0
2008-12-01,53,26231.615377998398,75.460182,6823.96,13.932605440000001,0.0,0.0,65.587204,50.0,1.0,2201.9515456607987,417.97803091199967,0.0
2008-12-01,54,16813.637414664,33.589272,6259.4370309119995,10.73614464,0.0,0.0,63.314213,50.0,1.0,950.5846036112016,322.0843433600003,0.0
2008-12-01,55,24899.6089480464,70.626312,6211.392687551999,13.189686848000001,0.0,0.0,66.645569,50.0,1.0,2059.9229181983974,395.69075020799846,0.0
2008-12-01,56,18844.9822173776,23.168646,6170.60965664,8.21788032,0.0,0.0,58.82613,50.0,1.0,650.3811601440029,246.53606265599956,0.0
2008-12-01,6,28810.1988141552,93.274246,5516.138062655999,16.889234752,0.0,0.0,70.636002,50.0,1.0,2723.9410244911996,506.6770317439996,0.0
2008-12-01,7,10323.4740913328,0.0,2367.8959690879997,0.0,150.0,41000.0,219.880615,258.737274,1.0,0.0,0.0,4500.0
2008-12-01,9,13614.146706451198,38.690151,5042.096312448,14.292860608000002,0.0,0.0,64.005745,50.0,1.0,1082.3826386847995,428.78590643200096,0.0
2009-01-01,1,13998.462485734399,16.290655,2.55877856,0.0,0.0,0.0,78.310181,50.0,1.0,511.4738899919994,0.0,0.0
2009-01-01,12,19831.6712411248,89.490189,5376.892218880001,18.099586752000004,0.0,0.0,90.690811,50.0,1.0,2687.776422942403,561.0873124480004,0.0
2009-01-01,13,16361.5769856208,0.0,4763.04034336,0.0,200.0,50400.0,116.269165,145.651489,1.0,0.0,0.0,6200.0
2009-01-01,14,18531.801215096,84.056366,3376.4103751039997,19.04329856,0.0,0.0,68.631805,50.0,1.0,2510.8137444511995,590.3421879679995,0.0
2009-01-01,15,2650.377862456,0.0,1080.0747343360001,0.0,150.0,32150.0,101.293152,121.726143,1.0,0.0,0.0,4650.0
2009-01-01,16,17870.2433022816,100.0,3521.627281536,18.174009152,0.0,0.0,81.219955,58.371071,1.0,3017.250061588802,563.394406848,0.0
2009-01-01,17,10873.272339155199,51.296425,5121.588062655999,22.666788352,0.0,0.0,79.77581,50.0,1.0,1457.8482139471998,702.6703124479991,0.0
2009-01-01,19,0.0,0.0,0.0,0.0,150.0,27600.0,151.7155,185.16507,1.0,0.0,0.0,4650.0
2009-01-01,2,19695.628620048003,0.0,5306.085687551999,0.0,150.0,41300.0,177.090042,226.865219,1.0,0.0,0.0,4650.0
2009-01-01,20,17731.7829016416,100.0,4158.790187136,19.184274304000002,0.0,0.0,104.558212,66.667397,1.0,3010.4443718976,594.7126248959999,0.0
2009-01-01,21,3693.2081635967997,0.0,950.0383751040001,0.0,150.0,42750.0,168.439026,193.152527,1.0,0.0,0.0,4650.0
2009-01-01,22,8692.1842669072,45.271225,3821.4995004160005,20.939008896,0.0,0.0,74.388748,50.0,1.0,1280.3144391327996,649.1090944000002,0.0
2009-01-01,23,19857.5810713008,59.523197,2128.693125312,8.402564351999999,0.0,0.0,62.157101,50.0,1.0,1812.2353561007985,260.4793751039999,0.0
2009-01-01,24,17359.134568899204,0.0,3296.853624896,0.0,150.0,32150.0,101.796692,116.996002,1.0,0.0,0.0,4650.0
2009-01-01,25,17941.140579027197,97.634262,6227.496843776001,34.197413952,0.0,0.0,81.319839,50.0,1.0,2835.0321563471953,1060.1199373440004,0.0
2009-01-01,26,11469.072694115199,0.0,2419.039796992,0.0,150.0,22950.0,106.353561,123.072006,1.0,0.0,0.0,4650.0
2009-01-01,27,18766.9885536112,93.122955,5384.0763433600005,26.940580159999996,0.0,0.0,70.194664,50.0,1.0,2742.2774016416006,835.1581871360013,0.0
2009-01-01,28,16197.7439393632,0.0,8189.129812864,0.0,150.0,32150.0,155.146332,198.269852,1.0,0.0,0.0,4650.0
2009-01-01,29,39968.6700130064,84.280342,15329.327,32.499587328000004,0.0,0.0,90.823624,50.0,1.0,2427.199182009601,1007.4869999999992,0.0
2009-01-01,3,37337.685434696,79.371208,14294.817874688002,32.260356544000004,0.0,0.0,72.835297,50.0,1.0,2274.6793005967993,1000.0704995840024,0.0
2009-01-01,30,31267.5998656928,75.454605,18246.336874688,43.686700096,0.0,0.0,85.390846,50.0,1.0,2074.7353251040004,1354.2863751039986,0.0
2009-01-01,31,45327.1583388432,100.0,11585.400937344,23.230926783999998,0.0,0.0,68.327629,50.335842,1.0,2983.1840047439982,720.1585622400016,0.0
2009-01-01,32,17089.8692130064,0.0,4182.295,0.0,200.0,67350.0,103.814659,131.530945,1.0,0.0,0.0,6200.0
2009-01-01,33,19372.176117153598,75.596352,7181.867062656,25.610106496,0.0,0.0,68.393242,50.0,1.0,2200.9615630224,793.9128437759991,0.0
2009-01-01,34,10489.494538022398,0.0,4413.073843776001,0.0,150.0,41300.0,121.508621,147.112198,1.0,0.0,0.0,4650.0
2009-01-01,35,8977.349031713602,49.566322,3658.142718464,15.730990080000002,0.0,0.0,109.833611,50.0,1.0,1450.2511171920023,487.6608746880006,0.0
2009-01-01,36,8973.8223096576,0.0,4027.040062656,0.0,150.0,32150.0,188.873383,260.967072,1.0,0.0,0.0,4650.0
2009-01-01,37,14834.4426593072,0.0,2577.531125312,0.0,150.0,33700.0,109.680786,122.810165,1.0,0.0,0.0,4650.0
2009-01-01,38,6620.808299614399,34.662151,3454.269812864,17.680629824,0.0,0.0,87.276978,50.0,1.0,969.1745621663995,548.099500416,0.0
2009-01-01,4,9849.573744824,0.0,4149.151093568,0.0,200.0,75964.632812,162.819092,213.307541,1.0,0.0,0.0,6200.0
2009-01-01,40,26773.348430071997,100.0,4963.369531328,19.365448960000002,0.0,0.0,67.81517,53.870586,1.0,3009.2238834863965,600.3290317440005,0.0
2009-01-01,41,14138.352450470398,0.0,6562.228156224,0.0,150.0,42750.0,139.381332,173.557343,1.0,0.0,0.0,4650.0
2009-01-01,42,23355.4977690032,0.0,8677.292,0.0,100.0,35100.0,98.638023,115.527832,1.0,0.0,0.0,3100.0
2009-01-01,43,32933.3288836672,100.0,4580.929030912,15.021541184,0.0,0.0,77.822227,62.676373,1.0,3038.486822718405,465.66771846399934,0.0
2009-01-01,44,26646.4182112608,63.638943,10068.489437760001,26.778489088,0.0,0.0,73.088829,50.0,1.0,1817.6643065167991,830.1328755200029,0.0
2009-01-01,45,30390.667302998398,100.0,8461.947,28.492860863999997,0.0,0.0,109.347908,57.002502,1.0,2947.7367874096017,883.2785004160005,0.0
2009-01-01,47,39921.923352894395,96.115761,7670.729624896001,18.298116095999998,0.0,0.0,66.900917,50.0,1.0,2894.4627206447913,567.2411871360009,0.0
2009-01-01,48,25331.056873254398,80.637474,6327.62243776,20.973307264,0.0,0.0,78.093887,50.0,1.0,2390.4712376175994,650.1722506240003,0.0
2009-01-01,49,12301.0178569216,61.307037,3993.8774686720003,19.51657344,0.0,0.0,89.885284,50.0,1.0,1793.3710166832007,605.0139064320006,0.0
2009-01-01,50,8465.0131542352,31.334105,3840.9535939840002,15.651503296000001,0.0,0.0,85.330177,50.0,1.0,878.3538515648006,485.1965630720001,0.0
2009-01-01,51,15936.548156921599,39.94101,3647.1414686720004,12.311789568,0.0,0.0,66.767433,50.0,1.0,1171.0816531023975,381.6653751040003,0.0
2009-01-01,52,12057.368537656,31.900579,4060.632062656,13.211927872,0.0,0.0,74.703636,50.0,1.0,912.5734345152014,409.5698755200001,0.0
2009-01-01,53,28534.4929344112,76.319405,7253.343500416,13.851077759999999,0.0,0.0,65.640472,50.0,1.0,2302.877556412801,429.38350041600006,0.0
2009-01-01,54,17763.7167229424,32.48349,6580.633312448001,10.361173888,0.0,0.0,62.934597,50.0,1.0,950.0793082784003,321.19628153600115,0.0
2009-01-01,55,27061.3656868736,71.676628,6619.39078112,13.161232448,0.0,0.0,66.786827,50.0,1.0,2161.7567388272,407.9980935680005,0.0
2009-01-01,56,19465.4543926464,21.450642,6414.550187136,7.869040192000001,0.0,0.0,58.291321,50.0,1.0,620.4721752687983,243.94053049600006,0.0
2009-01-01,6,31558.0017508208,91.032845,6023.881093568,16.378811071999998,0.0,0.0,70.376175,50.0,1.0,2747.802936665601,507.7430309120009,0.0
2009-01-01,7,10323.4740913328,0.0,2367.8959690879997,0.0,150.0,45650.0,227.592407,265.380188,1.0,0.0,0.0,4650.0
2009-01-01,9,14680.8664033104,36.937202,5470.018125312001,13.803930816000001,0.0,0.0,63.616001,50.0,1.0,1066.7196968592016,427.92181286400046,0.0
2009-02-01,1,14484.684622241597,15.486355,2.55877856,0.0,0.0,0.0,77.170929,50.0,1.0,486.22213650719823,0.0,0.0
2009-02-01,12,22481.7648613648,87.9981,5895.812812864,16.739367424,0.0,0.0,89.85955,50.0,1.0,2650.0936202400007,518.9205939839994,0.0
2009-02-01,13,16361.5769856208,0.0,4763.04034336,0.0,250.0,58150.0,125.896988,161.679138,1.0,0.0,0.0,7750.0
2009-02-01,14,21117.976872822404,86.772827,4012.443093568,20.51717824,0.0,0.0,69.376045,50.0,1.0,2586.175657726406,636.0327184640005,0.0
2009-02-01,15,2650.377862456,0.0,1080.0747343360001,0.0,100.0,35250.0,96.509659,109.901764,1.0,0.0,0.0,3100.0
2009-02-01,16,20888.2275109488,100.0,4081.6433124480004,18.06503296,0.0,0.0,80.078537,57.009415,1.0,3017.9842086671997,560.0160309120006,0.0
2009-02-01,17,12274.853200224,49.37331,5805.331593984,22.056239296,0.0,0.0,79.49826,50.0,1.0,1401.5808610688018,683.7435313280012,0.0
2009-02-01,19,0.0,0.0,0.0,0.0,150.0,32250.0,153.894562,186.063324,1.0,0.0,0.0,4650.0
2009-02-01,2,19695.628620048003,0.0,5306.085687551999,0.0,100.0,44400.0,165.033844,197.982864,1.0,0.0,0.0,3100.0
2009-02-01,20,20751.4486031024,100.0,4711.068375104,17.815423808,0.0,0.0,104.12545,66.136093,1.0,3019.665701460799,552.2781879679997,0.0
2009-02-01,21,3693.2081635967997,0.0,950.0383751040001,0.0,150.0,47400.0,167.304062,191.564682,1.0,0.0,0.0,4650.0
2009-02-01,22,10015.371148358401,46.803074,4494.646812864,21.714424576,0.0,0.0,75.248138,50.0,1.0,1323.1868814512018,673.1473124479994,0.0
2009-02-01,23,21558.391002281598,55.928673,2382.580281536,8.189906816,0.0,0.0,61.807854,50.0,1.0,1700.8099309807985,253.88715622399968,0.0
2009-02-01,24,17359.134568899204,0.0,3296.853624896,0.0,200.0,38350.0,109.105316,129.527802,1.0,0.0,0.0,6200.0
2009-02-01,25,20840.0353236432,100.0,7335.535187136,35.743163456,0.0,0.0,83.506439,50.982849,1.0,2898.894744616002,1108.038343359999,0.0
2009-02-01,26,11469.072694115199,0.0,2419.039796992,0.0,150.0,27600.0,108.703789,124.933105,1.0,0.0,0.0,4650.0
2009-02-01,27,21575.5174410048,95.343384,6235.164,27.45444832,0.0,0.0,70.558014,50.0,1.0,2808.528887393597,851.0876566399993,0.0
2009-02-01,28,16197.7439393632,0.0,8189.129812864,0.0,200.0,38350.0,173.53569,228.090363,1.0,0.0,0.0,6200.0
2009-02-01,29,42356.1082840992,82.918175,16322.980375104,32.053305856,0.0,0.0,90.440575,50.0,1.0,2387.438271092804,993.6533751040006,0.0
2009-02-01,3,39707.6973435872,82.640945,15328.592499584001,33.347545088,0.0,0.0,73.73938,50.0,1.0,2370.011908891196,1033.7746248959993,0.0
2009-02-01,30,33464.33031220159,79.986427,19694.008750208,46.699046784,0.0,0.0,87.690933,50.0,1.0,2196.7304465087946,1447.6718755199981,0.0
2009-02-01,31,48313.57802789439,100.0,12290.669624896002,22.750599872,0.0,0.0,69.013062,51.256336,1.0,2986.4196890511957,705.2686875520012,0.0
2009-02-01,32,17089.8692130064,0.0,4182.295,0.0,200.0,73550.0,103.082268,130.397949,1.0,0.0,0.0,6200.0
2009-02-01,33,21729.946685636798,80.813232,8007.908187136,26.64648064,0.0,0.0,69.316582,50.0,1.0,2357.7705684832,826.0411244800007,0.0
2009-02-01,34,10489.494538022398,0.0,4413.073843776001,0.0,150.0,45950.0,123.117554,148.07634,1.0,0.0,0.0,4650.0
2009-02-01,35,10505.0363680784,51.869705,4122.256531327999,14.971424832,0.0,0.0,112.621002,50.0,1.0,1527.6873363647974,464.1138128639991,0.0
2009-02-01,36,8973.8223096576,0.0,4027.040062656,0.0,150.0,36800.0,190.960846,261.077515,1.0,0.0,0.0,4650.0
2009-02-01,37,14834.4426593072,0.0,2577.531125312,0.0,150.0,38350.0,110.625,123.442261,1.0,0.0,0.0,4650.0
2009-02-01,38,7609.6482797056005,35.216808,3992.010750208,17.346476992,0.0,0.0,89.77877,50.0,1.0,988.8399800912011,537.740937344,0.0
2009-02-01,4,9849.573744824,0.0,4149.151093568,0.0,200.0,82164.632812,161.04097,210.822174,1.0,0.0,0.0,6200.0
2009-02-01,40,29783.255522225605,100.0,5560.554593984,19.26403232,0.0,0.0,69.241325,55.454891,1.0,3009.9070921536077,597.1850626559999,0.0
2009-02-01,41,14138.352450470398,0.0,6562.228156224,0.0,200.0,48950.0,152.977692,196.905518,1.0,0.0,0.0,6200.0
2009-02-01,42,23355.4977690032,0.0,8677.292,0.0,100.0,38200.0,98.355652,114.835182,1.0,0.0,0.0,3100.0
2009-02-01,43,35971.918553923206,100.0,5046.123468672,15.00627648,0.0,0.0,81.355225,66.12114,1.0,3038.589670256006,465.19443776000026,0.0
2009-02-01,44,28556.030621793598,66.939217,10952.334249792,28.511132416,0.0,0.0,74.165459,50.0,1.0,1909.612410532798,883.844812031999,0.0
2009-02-01,45,33337.919815304,100.0,9347.463125311999,28.56503104,0.0,0.0,116.181,63.152222,1.0,2947.2525123056002,885.5161253119986,0.0
2009-02-01,47,42931.971165304,100.0,8267.267125311999,19.243127488,0.0,0.0,67.665504,50.139942,1.0,3010.0478124096044,596.5375004159978,0.0
2009-02-01,48,27828.0511543552,84.167908,6997.679812864,21.614745152,0.0,0.0,79.272484,50.0,1.0,2496.9942811008004,670.0573751040001,0.0
2009-02-01,49,14056.5214881264,60.021194,4587.36321888,19.144704384,0.0,0.0,89.953217,50.0,1.0,1755.5036312047996,593.4857502079999,0.0
2009-02-01,50,9375.0372706064,32.460968,4343.220375104,16.202159168,0.0,0.0,86.716103,50.0,1.0,910.0241163712017,502.26678111999945,0.0
2009-02-01,51,17152.248342153598,41.582611,4060.658062656,13.33923968,0.0,0.0,67.869751,50.0,1.0,1215.700185231999,413.5165939839994,0.0
2009-02-01,52,13010.407856412798,33.429653,4504.909500416001,14.331535296,0.0,0.0,75.401169,50.0,1.0,953.039318756797,444.2774377600008,0.0
2009-02-01,53,30859.3486722096,77.013512,7681.865750208,13.823302272000001,0.0,0.0,65.703812,50.0,1.0,2324.8557377984,428.52224979199946,0.0
2009-02-01,54,18687.726978595198,31.585735,6892.086499583999,10.046871744,0.0,0.0,62.60144,50.0,1.0,924.0102556527963,311.45318713599863,0.0
2009-02-01,55,29251.1781762528,72.574303,7027.97143776,13.180013184,0.0,0.0,66.926941,50.0,1.0,2189.812489379201,408.5806566400006,0.0
2009-02-01,56,20042.0383862608,19.985382,6648.74843776,7.554783807999999,0.0,0.0,57.823044,50.0,1.0,576.5839936144002,234.19825062400014,0.0
2009-02-01,6,34272.038011156794,89.888435,6521.675062656,16.057864576,0.0,0.0,70.317841,50.0,1.0,2714.0362603359936,497.79396908799936,0.0
2009-02-01,7,10323.4740913328,0.0,2367.8959690879997,0.0,150.0,50300.0,234.797562,271.712677,1.0,0.0,0.0,4650.0
2009-02-01,9,15702.9055318016,35.422775,5884.739249792,13.378099903999999,0.0,0.0,63.4048,50.0,1.0,1022.0391284912002,414.72112447999916,0.0
2009-03-01,1,14907.26157524,14.901279,2.55877856,0.0,0.0,0.0,76.329674,50.0,1.0,422.5769529984027,0.0,0.0
2009-03-01,12,24860.694430384,87.266411,6336.69765664,15.745891200000003,0.0,0.0,89.295761,50.0,1.0,2378.9295690191975,440.8848437759998,0.0
2009-03-01,13,16361.5769856208,0.0,4763.04034336,0.0,250.0,65150.0,129.978088,164.912338,1.0,0.0,0.0,7000.0
2009-03-01,14,23529.9798816976,89.757118,4626.158874688,21.918433472,0.0,0.0,70.144089,50.0,1.0,2412.0030088751955,613.7157811199995,0.0
2009-03-01,15,2650.377862456,0.0,1080.0747343360001,0.0,100.0,38050.0,96.414787,109.543137,1.0,0.0,0.0,2800.0
2009-03-01,16,23614.8878820256,100.0,4584.062843776001,17.943562624,0.0,0.0,79.295815,56.070793,1.0,2726.6603710767995,502.4195313280002,0.0
2009-03-01,17,13504.41555528,48.00256,6411.449281536,21.64706336,0.0,0.0,79.355293,50.0,1.0,1229.5623550559994,606.1176875519996,0.0
2009-03-01,19,0.0,0.0,0.0,0.0,150.0,36450.0,155.732391,186.932816,1.0,0.0,0.0,4200.0
2009-03-01,2,19695.628620048003,0.0,5306.085687551999,0.0,100.0,47200.0,162.812454,195.414902,1.0,0.0,0.0,2800.0
2009-03-01,20,23485.944641332797,100.0,5177.429969088001,16.655775551999998,0.0,0.0,103.972527,65.980156,1.0,2734.496038230398,466.36159398400105,0.0
2009-03-01,21,3693.2081635967997,0.0,950.0383751040001,0.0,150.0,51600.0,166.53154,190.454285,1.0,0.0,0.0,4200.0
2009-03-01,22,11235.946125208,47.806206,5116.497750208,22.208965376000002,0.0,0.0,75.811028,50.0,1.0,1220.574976849599,621.8509373440002,0.0
2009-03-01,23,23019.257296188796,53.235672,2607.19732832,8.022034176,0.0,0.0,61.592758,50.0,1.0,1460.8662939071983,224.6170467840002,0.0
2009-03-01,24,17359.134568899204,0.0,3296.853624896,0.0,200.0,43950.0,111.591187,131.479782,1.0,0.0,0.0,5600.0
2009-03-01,25,23455.2564188992,100.0,8350.772624896,36.258495104000005,0.0,0.0,85.828354,52.978531,1.0,2615.2210952560017,1015.2374377600008,0.0
2009-03-01,26,11469.072694115199,0.0,2419.039796992,0.0,150.0,31800.0,110.162498,125.956589,1.0,0.0,0.0,4200.0
2009-03-01,27,24176.092998254397,97.71064,7019.04043776,27.995579455999998,0.0,0.0,70.950607,50.0,1.0,2600.575557249598,783.87643776,0.0
2009-03-01,28,16197.7439393632,0.0,8189.129812864,0.0,200.0,43950.0,180.944366,233.540268,1.0,0.0,0.0,5600.0
2009-03-01,29,44491.0928564128,82.09407,17211.447500415998,31.730946624,0.0,0.0,90.278847,50.0,1.0,2134.984572313595,888.4671253119977,0.0
2009-03-01,3,41919.1564843072,85.292274,16282.508125311999,34.068401535999996,0.0,0.0,74.471069,50.0,1.0,2211.4591407199987,953.9156257279974,0.0
2009-03-01,30,35537.1786687952,83.593163,21064.033249792003,48.929457408000005,0.0,0.0,89.590263,50.0,1.0,2072.848356593604,1370.024499584004,0.0
2009-03-01,31,51013.236430996796,100.0,12917.346,22.38129504,0.0,0.0,69.815346,52.235626,1.0,2699.658403102403,626.676375103998,0.0
2009-03-01,32,17089.8692130064,0.0,4182.295,0.0,200.0,79150.0,102.633095,129.619995,1.0,0.0,0.0,5600.0
2009-03-01,33,23955.297635636798,84.324188,8771.567187136,27.273539904000003,0.0,0.0,69.969963,50.0,1.0,2225.35095,763.6589999999987,0.0
2009-03-01,34,10489.494538022398,0.0,4413.073843776001,0.0,150.0,50150.0,124.396362,148.848068,1.0,0.0,0.0,4200.0
2009-03-01,35,11940.315081659197,53.683685,4523.094062656,14.315619968,0.0,0.0,114.289482,50.0,1.0,1435.2787135807976,400.8375313280003,0.0
2009-03-01,36,8973.8223096576,0.0,4027.040062656,0.0,150.0,41000.0,192.04335,260.608276,1.0,0.0,0.0,4200.0
2009-03-01,37,14834.4426593072,0.0,2577.531125312,0.0,150.0,42550.0,111.281944,123.848099,1.0,0.0,0.0,4200.0
2009-03-01,38,8516.104121673601,35.558636,4461.069030912,16.752083712,0.0,0.0,91.943222,50.0,1.0,906.4558419680006,469.058280704,0.0
2009-03-01,4,9849.573744824,0.0,4149.151093568,0.0,200.0,87764.632812,159.834061,209.003403,1.0,0.0,0.0,5600.0
2009-03-01,40,32502.887610740796,100.0,6095.30756224,19.098315392,0.0,0.0,70.501389,56.820526,1.0,2719.632088515191,534.7529682559998,0.0
2009-03-01,41,14138.352450470398,0.0,6562.228156224,0.0,200.0,54550.0,157.213989,200.074951,1.0,0.0,0.0,5600.0
2009-03-01,42,23355.4977690032,0.0,8677.292,0.0,100.0,41000.0,98.196205,114.332016,1.0,0.0,0.0,2800.0
2009-03-01,43,38716.788698358396,100.0,5464.745812864,14.950804543999999,0.0,0.0,84.541115,69.241501,1.0,2744.87014443519,418.6223441920001,0.0
2009-03-01,44,30363.166484203197,70.186951,11795.624750208,30.11751808,0.0,0.0,75.22525,50.0,1.0,1807.1358624095992,843.2905004160002,0.0
2009-03-01,45,35999.176404355196,100.0,10150.855812864,28.692605760000003,0.0,0.0,122.49028,68.718674,1.0,2661.256589051198,803.392687552001,0.0
2009-03-01,47,45648.67297004799,100.0,8815.513687552002,19.580253055999997,0.0,0.0,68.905037,51.408215,1.0,2716.7018047439924,548.2465622400032,0.0
2009-03-01,48,30150.4898405888,86.618835,7614.002499583999,22.011530944,0.0,0.0,80.129913,50.0,1.0,2322.438686233603,616.3226867199992,0.0
2009-03-01,49,15620.305494944001,59.189274,5115.325312448001,18.855787392,0.0,0.0,90.03257,50.0,1.0,1563.784006817601,527.9620935680005,0.0
2009-03-01,50,10211.4652662288,33.026745,4804.123593984001,16.460831296000002,0.0,0.0,87.432755,50.0,1.0,836.4279956224,460.9032188800011,0.0
2009-03-01,51,18292.0720518656,43.261986,4461.09178112,14.3012064,0.0,0.0,68.84845,50.0,1.0,1139.8237097120036,400.43371846399987,0.0
2009-03-01,52,13906.1841485008,34.872028,4933.513,15.307261631999998,0.0,0.0,76.029892,50.0,1.0,895.7762920880032,428.6034995839991,0.0
2009-03-01,53,32973.663473150395,77.523781,8069.039062655999,13.827608704000001,0.0,0.0,65.762779,50.0,1.0,2114.314800940796,387.1733124479997,0.0
2009-03-01,54,19504.118944944003,30.888811,7166.192312448,9.789506688000001,0.0,0.0,62.32674,50.0,1.0,816.391966348805,274.10581286400065,0.0
2009-03-01,55,31249.3048870976,73.298019,7398.363375103999,13.228286656,0.0,0.0,67.05201,50.0,1.0,1998.126710844801,370.3919373439985,0.0
2009-03-01,56,20531.840365408,18.8368,6852.969500416,7.293614847999999,0.0,0.0,57.447693,50.0,1.0,489.80197914719975,204.22106265599996,0.0
2009-03-01,6,36721.39185268641,89.785675,6967.224874688,15.91249504,0.0,0.0,70.41597,50.0,1.0,2449.3538415296134,445.5498120320008,0.0
2009-03-01,7,10323.4740913328,0.0,2367.8959690879997,0.0,150.0,54500.0,241.018707,277.254822,1.0,0.0,0.0,4200.0
2009-03-01,9,16594.0120663328,34.220135,6249.760969088,13.036489856,0.0,0.0,63.253609,50.0,1.0,891.1065345312018,365.0217192959999,0.0
2009-04-01,1,15358.981254737597,14.387438,2.55877856,0.0,0.0,0.0,75.579269,50.0,1.0,451.7196794975971,0.0,0.0
2009-04-01,12,27489.579399179198,86.914337,6796.627906432,14.836464448,0.0,0.0,88.840561,50.0,1.0,2628.884968795199,459.9302497919998,0.0
2009-04-01,13,16361.5769856208,0.0,4763.04034336,0.0,250.0,72900.0,133.453018,167.576355,1.0,0.0,0.0,7750.0
2009-04-01,14,26286.4436029984,92.779518,5346.406,23.233770559999996,0.0,0.0,70.919052,50.0,1.0,2756.463721300799,720.2471253120002,0.0
2009-04-01,15,2650.377862456,0.0,1080.0747343360001,0.0,100.0,41150.0,96.885635,109.763824,1.0,0.0,0.0,3100.0
2009-04-01,16,26634.915095256,100.0,5134.67743776,17.761760640000002,0.0,0.0,78.674744,55.296261,1.0,3020.0272132304017,550.6145939839998,0.0
2009-04-01,17,14830.575954393598,46.811352,7072.105624896001,21.31149696,0.0,0.0,79.283714,50.0,1.0,1326.160399113598,660.6563433600013,0.0
2009-04-01,19,0.0,0.0,0.0,0.0,150.0,41100.0,157.637436,187.915329,1.0,0.0,0.0,4650.0
2009-04-01,2,19695.628620048003,0.0,5306.085687551999,0.0,100.0,50300.0,162.101822,194.359329,1.0,0.0,0.0,3100.0
2009-04-01,20,26521.3352640512,100.0,5657.345687552,15.481141312,0.0,0.0,103.993164,66.098808,1.0,3035.3906227184016,479.9157184639989,0.0
2009-04-01,21,3693.2081635967997,0.0,950.0383751040001,0.0,150.0,56250.0,165.916946,189.531586,1.0,0.0,0.0,4650.0
2009-04-01,22,12610.425145398402,48.631912,5817.839624896,22.623922880000002,0.0,0.0,76.285873,50.0,1.0,1374.4790201904016,701.3418746879997,0.0
2009-04-01,23,24559.1463660128,50.731693,2850.7454218880002,7.856392960000001,0.0,0.0,61.426804,50.0,1.0,1539.889069824003,243.54809356800024,0.0
2009-04-01,24,17359.134568899204,0.0,3296.853624896,0.0,200.0,50150.0,113.33596,132.743866,1.0,0.0,0.0,6200.0
2009-04-01,25,26348.259184592,100.0,9485.924499584,36.617797632,0.0,0.0,88.289711,55.174622,1.0,2893.0027656927996,1135.1518746879992,0.0
2009-04-01,26,11469.072694115199,0.0,2419.039796992,0.0,150.0,36450.0,111.35379,126.70153,1.0,0.0,0.0,4650.0
2009-04-01,27,27123.374431100798,100.0,7904.414375103999,28.560441728,0.0,0.0,71.465561,50.141163,1.0,2947.281432846401,885.3739373439994,0.0
2009-04-01,28,16197.7439393632,0.0,8189.129812864,0.0,200.0,50150.0,186.549622,237.341461,1.0,0.0,0.0,6200.0
2009-04-01,29,46838.9444307888,81.518539,18185.040249792,31.406263615999997,0.0,0.0,90.258911,50.0,1.0,2347.851574376,973.5927493760028,0.0
2009-04-01,3,44437.2013369936,87.622215,17354.779,34.589378304,0.0,0.0,75.110695,50.0,1.0,2518.0448526864056,1072.2708746879998,0.0
2009-04-01,30,37919.0490783104,86.727135,22633.632125312,50.6322544,0.0,0.0,91.415291,50.0,1.0,2381.870409515206,1569.5988755199978,0.0
2009-04-01,31,54004.1185607408,100.0,13602.079562239998,22.088198079999998,0.0,0.0,70.809135,53.370522,1.0,2990.882129744001,684.7335622399987,0.0
2009-04-01,32,17089.8692130064,0.0,4182.295,0.0,200.0,85350.0,102.340401,128.996979,1.0,0.0,0.0,6200.0
2009-04-01,33,26511.328189363197,87.398819,9636.757812864,27.909375104,0.0,0.0,70.574326,50.0,1.0,2556.0305537263994,865.1906257280007,0.0
2009-04-01,34,10489.494538022398,0.0,4413.073843776001,0.0,150.0,54800.0,125.440987,149.397934,1.0,0.0,0.0,4650.0
2009-04-01,35,13583.8533804224,55.275463,4946.153468672,13.647079680000001,0.0,0.0,115.520798,50.0,1.0,1643.5382987632038,423.05940601600014,0.0
2009-04-01,36,8973.8223096576,0.0,4027.040062656,0.0,150.0,45650.0,192.605057,259.634125,1.0,0.0,0.0,4650.0
2009-04-01,37,14834.4426593072,0.0,2577.531125312,0.0,150.0,47200.0,111.840652,124.159538,1.0,0.0,0.0,4650.0
2009-04-01,38,9534.9598087328,35.865852,4954.455593984,15.915699072,0.0,0.0,94.091965,50.0,1.0,1018.8556870591983,493.3865630720002,0.0
2009-04-01,4,9849.573744824,0.0,4149.151093568,0.0,200.0,93964.632812,158.82962,207.376846,1.0,0.0,0.0,6200.0
2009-04-01,40,35514.3407723296,100.0,6685.377969088,19.034537600000004,0.0,0.0,71.819366,58.190807,1.0,3011.453161588801,590.070406848,0.0
2009-04-01,41,14138.352450470398,0.0,6562.228156224,0.0,200.0,60750.0,160.030502,201.868408,1.0,0.0,0.0,6200.0
2009-04-01,42,23355.4977690032,0.0,8677.292,0.0,100.0,44100.0,98.092308,113.892136,1.0,0.0,0.0,3100.0
2009-04-01,43,41756.4614913328,100.0,5924.9559690880005,14.845485824,0.0,0.0,87.702637,72.336647,1.0,3039.672792974401,460.21015622400046,0.0
2009-04-01,44,32458.139460352002,73.520409,12777.323812864,31.667695488,0.0,0.0,76.312668,50.0,1.0,2094.972976148805,981.699062656,0.0
2009-04-01,45,38944.801151252796,100.0,11043.85343776,28.806375103999997,0.0,0.0,129.110275,74.478378,1.0,2945.6247468976,892.9976248960011,0.0
2009-04-01,47,48653.620598150395,100.0,9435.521062656,20.000241663999997,0.0,0.0,70.642044,53.172657,1.0,3004.9476281024035,620.0073751039981,0.0
2009-04-01,48,32779.5699627984,88.531982,8306.769249792,22.347325312000002,0.0,0.0,80.854973,50.0,1.0,2629.080122209598,692.7667502080003,0.0
2009-04-01,49,17333.714501028797,58.555637,5690.778843776001,18.563019072,0.0,0.0,90.178253,50.0,1.0,1713.4090060847957,575.4535313280003,0.0
2009-04-01,50,11147.4751312048,33.377964,5319.297750207999,16.618514432,0.0,0.0,87.925621,50.0,1.0,936.0098649759984,515.1741562239986,0.0
2009-04-01,51,19597.9436111728,44.83675,4929.814906432,15.120098239999999,0.0,0.0,69.716705,50.0,1.0,1305.8715593071975,468.72312531199987,0.0
2009-04-01,52,14933.150382950396,36.162029,5432.3693124480005,16.092135487999997,0.0,0.0,76.59166,50.0,1.0,1026.9662344495955,498.8563124480006,0.0
2009-04-01,53,35328.3009564128,77.967018,8498.275500415999,13.846352000000001,0.0,0.0,65.821014,50.0,1.0,2354.637483262406,429.2364377599997,0.0
2009-04-01,54,20388.8736971056,30.224993,7461.686375103999,9.53207008,0.0,0.0,62.051517,50.0,1.0,884.7547521615961,295.4940626559992,0.0
2009-04-01,55,33483.6545807888,74.019737,7810.832249792,13.305447168,0.0,0.0,67.185562,50.0,1.0,2234.3496936912015,412.46887468800105,0.0
2009-04-01,56,21040.976669003197,17.724606,7070.908,7.030265216,0.0,0.0,57.074249,50.0,1.0,509.1363035951981,217.93849958400006,0.0
2009-04-01,6,39457.9247906928,90.566689,7459.495874688,15.879700096,0.0,0.0,70.683922,50.0,1.0,2736.532938006392,492.27099999999973,0.0
2009-04-01,7,10323.4740913328,0.0,2367.8959690879997,0.0,150.0,59150.0,247.585419,283.174713,1.0,0.0,0.0,4650.0
2009-04-01,9,17546.232505176,33.054028,6643.539906432,12.702541696,0.0,0.0,63.103752,50.0,1.0,952.2204388432001,393.77893734400004,0.0
2009-05-01,1,15784.0605357344,13.990251,2.55877856,0.0,0.0,0.0,74.992088,50.0,1.0,425.0792809968025,0.0,0.0
2009-05-01,12,30036.361424688,86.840813,7219.021874688,14.079795391999998,0.0,0.0,88.522827,50.0,1.0,2546.782025508801,422.39396825600033,0.0
2009-05-01,13,16361.5769856208,0.0,4763.04034336,0.0,250.0,80400.0,136.336121,169.781235,1.0,0.0,0.0,7500.0
2009-05-01,14,29026.060766332797,95.38224,6075.677969088,24.309065664000002,0.0,0.0,71.583809,50.0,1.0,2739.6171633343984,729.2719690880003,0.0
2009-05-01,15,2650.377862456,0.0,1080.0747343360001,0.0,100.0,44150.0,97.530045,110.194878,1.0,0.0,0.0,3000.0
2009-05-01,16,29559.014271076798,100.0,5660.663531328,17.532863296,0.0,0.0,78.265427,54.736958,1.0,2924.0991758207965,525.9860935679999,0.0
2009-05-01,17,16087.432937097601,45.884689,7703.941375103999,21.061203072,0.0,0.0,79.276192,50.0,1.0,1256.8569827040028,631.835750207998,0.0
2009-05-01,19,0.0,0.0,0.0,0.0,150.0,45600.0,159.318222,188.846848,1.0,0.0,0.0,4500.0
2009-05-01,2,19695.628620048003,0.0,5306.085687551999,0.0,100.0,53300.0,162.017532,193.943878,1.0,0.0,0.0,3000.0
2009-05-01,20,29465.5660078464,100.0,6090.690937344,14.444853696,0.0,0.0,104.16301,66.381737,1.0,2944.2307437952004,433.3452497920007,0.0
2009-05-01,21,3693.2081635967997,0.0,950.0383751040001,0.0,150.0,60750.0,165.501541,188.861618,1.0,0.0,0.0,4500.0
2009-05-01,22,13957.9256190032,49.273605,6506.396,22.951892288,0.0,0.0,76.665039,50.0,1.0,1347.5004736047977,688.5563751039999,0.0
2009-05-01,23,25988.9212032144,48.712669,3082.259172096,7.717121984,0.0,0.0,61.309769,50.0,1.0,1429.7748372015994,231.5137502079997,0.0
2009-05-01,24,17359.134568899204,0.0,3296.853624896,0.0,200.0,56150.0,114.609131,133.626404,1.0,0.0,0.0,6000.0
2009-05-01,25,29146.526945359998,100.0,10590.957812864,36.834455424,0.0,0.0,90.479637,57.137493,1.0,2798.267760767998,1105.0333132800006,0.0
2009-05-01,26,11469.072694115199,0.0,2419.039796992,0.0,150.0,40950.0,112.324936,127.301735,1.0,0.0,0.0,4500.0
2009-05-01,27,29975.3934670496,100.0,8762.096687552,28.589411968,0.0,0.0,72.208473,50.984177,1.0,2852.0190359488006,857.6823124480015,0.0
2009-05-01,28,16197.7439393632,0.0,8189.129812864,0.0,200.0,56150.0,190.73909,240.070175,1.0,0.0,0.0,6000.0
2009-05-01,29,49103.0831934064,81.188866,19117.845500416,31.093514816000003,0.0,0.0,90.361069,50.0,1.0,2264.1387626176,932.8052506239983,0.0
2009-05-01,3,46926.01962168959,89.398811,18401.569874688,34.89303168,0.0,0.0,75.62014,50.0,1.0,2488.81828469599,1046.790874688002,0.0
2009-05-01,30,40289.648337798404,89.106796,24183.604249792003,51.665729024,0.0,0.0,93.041489,50.0,1.0,2370.599259488001,1549.972124480002,0.0
2009-05-01,31,56899.83081220159,100.0,14258.695750207999,21.887202688,0.0,0.0,71.822708,54.479282,1.0,2895.712251460791,656.6161879680003,0.0
2009-05-01,32,17089.8692130064,0.0,4182.295,0.0,200.0,91350.0,102.206871,128.565155,1.0,0.0,0.0,6000.0
2009-05-01,33,29057.941699791998,89.928467,10491.640249792,28.49607904,0.0,0.0,71.079941,50.0,1.0,2546.6135104288005,854.882436928001,0.0
2009-05-01,34,10489.494538022398,0.0,4413.073843776001,0.0,150.0,59300.0,126.226685,149.761627,1.0,0.0,0.0,4500.0
2009-05-01,35,15216.163874672,56.525551,5338.049030912,13.063177088,0.0,0.0,116.369629,50.0,1.0,1632.3104942495993,391.8955622399999,0.0
2009-05-01,36,8973.8223096576,0.0,4027.040062656,0.0,150.0,50150.0,192.747711,258.494751,1.0,0.0,0.0,4500.0
2009-05-01,37,14834.4426593072,0.0,2577.531125312,0.0,150.0,51700.0,112.272919,124.377014,1.0,0.0,0.0,4500.0
2009-05-01,38,10535.0696798096,36.151028,5406.825125312001,15.078990784,0.0,0.0,95.876129,50.0,1.0,1000.1098710768001,452.36953132800045,0.0
2009-05-01,4,9849.573744824,0.0,4149.151093568,0.0,200.0,99964.632812,158.076294,206.070404,1.0,0.0,0.0,6000.0
2009-05-01,40,38428.540265304,100.0,7256.920125312,19.051413056,0.0,0.0,73.027687,59.414352,1.0,2914.1994929744033,571.5421562239999,0.0
2009-05-01,41,14138.352450470398,0.0,6562.228156224,0.0,200.0,66750.0,161.988144,202.987488,1.0,0.0,0.0,6000.0
2009-05-01,42,23355.4977690032,0.0,8677.292,0.0,100.0,47100.0,98.020119,113.529938,1.0,0.0,0.0,3000.0
2009-05-01,43,44699.3205210768,100.0,6364.613531328,14.655241536,0.0,0.0,90.467659,75.059715,1.0,2942.8590297440023,439.6575622399996,0.0
2009-05-01,44,34560.8284312048,76.265366,13764.669750207999,32.91154048,0.0,0.0,77.219025,50.0,1.0,2102.688970852796,987.3459373439982,0.0
2009-05-01,45,41795.2761481504,100.0,11908.641062656001,28.826239936,0.0,0.0,135.111176,79.667664,1.0,2850.474996897603,864.7876248960001,0.0
2009-05-01,47,51559.71684358721,100.0,10044.352499584,20.294378624,0.0,0.0,72.43779,54.991253,1.0,2906.0962454368128,608.8314369279997,0.0
2009-05-01,48,35364.952657249596,89.944679,8985.51143776,22.624718272,0.0,0.0,81.440941,50.0,1.0,2585.3826944511966,678.7421879680005,0.0
2009-05-01,49,18980.8469808928,58.133648,6239.312624896,18.284466304,0.0,0.0,90.388573,50.0,1.0,1647.1324798640017,548.5337811199988,0.0
2009-05-01,50,12059.112929913601,33.589668,5820.665500416,16.712258368000004,0.0,0.0,88.286743,50.0,1.0,911.6377987088017,501.36775020800087,0.0
2009-05-01,51,20895.8283208688,46.080051,5400.17278112,15.678601536,0.0,0.0,70.410522,50.0,1.0,1297.8847096960017,470.35787468800027,0.0
2009-05-01,52,15953.283345048001,37.133537,5929.968687551999,16.586648,0.0,0.0,77.049187,50.0,1.0,1020.1329620976048,497.5993751039987,0.0
2009-05-01,53,37617.029585948796,78.3022,8914.302312447999,13.867553024000001,0.0,0.0,65.868362,50.0,1.0,2288.7286295359954,416.0268120319997,0.0
2009-05-01,54,21229.5919421536,29.667315,7740.984062655999,9.309919424,0.0,0.0,61.81031,50.0,1.0,840.7182450479995,279.29768755199984,0.0
2009-05-01,55,35664.852871689596,74.660774,8212.546874688,13.39048256,0.0,0.0,67.309448,50.0,1.0,2181.198290900793,401.7146248959998,0.0
2009-05-01,56,21507.098217153598,16.80014,7274.921062656,6.8004460159999995,0.0,0.0,56.753166,50.0,1.0,466.1215481504005,204.01306265599942,0.0
2009-05-01,6,42148.0029989552,91.948212,7936.585312448,15.90298944,0.0,0.0,71.025269,50.0,1.0,2690.078208262399,477.0894377599998,0.0
2009-05-01,7,10323.4740913328,0.0,2367.8959690879997,0.0,150.0,63650.0,253.621048,288.664917,1.0,0.0,0.0,4500.0
2009-05-01,9,18439.6373261488,32.068317,7016.091062655999,12.418387072,0.0,0.0,62.970337,50.0,1.0,893.4048209727989,372.551156223999,0.0
2009-06-01,1,16213.1138697296,13.665522,2.55877856,0.0,0.0,0.0,74.505432,50.0,1.0,429.05333399519986,0.0,0.0
2009-06-01,12,32677.637513006397,87.003113,7634.757,13.410815807999999,0.0,0.0,88.27803,50.0,1.0,2641.2760883183983,415.7351253119996,0.0
2009-06-01,13,16361.5769856208,0.0,4763.04034336,0.0,250.0,88150.0,138.990204,171.834656,1.0,0.0,0.0,7750.0
2009-06-01,14,31924.193729744,97.719688,6857.77056224,25.22880256,0.0,0.0,72.178635,50.0,1.0,2898.1329634112044,782.0925931519996,0.0
2009-06-01,15,2650.377862456,0.0,1080.0747343360001,0.0,100.0,47250.0,98.271629,110.742447,1.0,0.0,0.0,3100.0
2009-06-01,16,32582.546514872,100.0,6195.1487811199995,17.241454464000004,0.0,0.0,78.002823,54.327759,1.0,3023.532243795202,534.4852497919992,0.0
2009-06-01,17,17363.3336183024,45.11134,8350.272125312,20.849378368,0.0,0.0,79.32412,50.0,1.0,1275.9006812047992,646.3307502080006,0.0
2009-06-01,19,0.0,0.0,0.0,0.0,150.0,50250.0,160.93512,189.792389,1.0,0.0,0.0,4650.0
2009-06-01,2,19695.628620048003,0.0,5306.085687551999,0.0,100.0,56400.0,162.219925,193.814774,1.0,0.0,0.0,3100.0
2009-06-01,20,32514.441591332798,100.0,6508.551969088,13.479384256000001,0.0,0.0,104.466873,66.811928,1.0,3048.8755834863987,417.8610317439998,0.0
2009-06-01,21,3693.2081635967997,0.0,950.0383751040001,0.0,150.0,65400.0,165.24086,188.375671,1.0,0.0,0.0,4650.0
2009-06-01,22,15366.137731801598,49.840057,7227.067249792,23.247445312,0.0,0.0,77.011513,50.0,1.0,1408.2121127983992,720.6712497920007,0.0
2009-06-01,23,27412.071407353604,46.956173,3317.522812864,7.589151231999999,0.0,0.0,61.220673,50.0,1.0,1423.150204139205,235.2636407680002,0.0
2009-06-01,24,17359.134568899204,0.0,3296.853624896,0.0,200.0,62350.0,115.691269,134.363449,1.0,0.0,0.0,6200.0
2009-06-01,25,32037.3254690032,100.0,11736.244,36.944705408000004,0.0,0.0,92.561172,58.972706,1.0,2890.798523643203,1145.286187136,0.0
2009-06-01,26,11469.072694115199,0.0,2419.039796992,0.0,150.0,45600.0,113.198502,127.838425,1.0,0.0,0.0,4650.0
2009-06-01,27,32922.4017218976,100.0,9648.718624896,28.600713856000002,0.0,0.0,73.026115,51.901791,1.0,2947.0082548480023,886.6219373439999,0.0
2009-06-01,28,16197.7439393632,0.0,8189.129812864,0.0,200.0,62350.0,194.231781,242.289429,1.0,0.0,0.0,6200.0
2009-06-01,29,51439.472381204796,81.010979,20070.852750208,30.742127935999996,0.0,0.0,90.562355,50.0,1.0,2336.389187798399,953.007249792001,0.0
2009-06-01,3,49541.42816819841,90.818756,19487.620750208,35.03391756800001,0.0,0.0,76.065224,50.0,1.0,2615.4085465088137,1086.050875519999,0.0
2009-06-01,30,42793.653184696006,90.936005,25799.258874688,52.117904384,0.0,0.0,94.671295,50.0,1.0,2504.004846897602,1615.6546248959967,0.0
2009-06-01,31,59893.618630996796,100.0,14930.058,21.65686848,0.0,0.0,72.864952,55.592178,1.0,2993.7878187952083,671.3622497920023,0.0
2009-06-01,32,17089.8692130064,0.0,4182.295,0.0,200.0,97550.0,102.193451,128.268509,1.0,0.0,0.0,6200.0
2009-06-01,33,31757.754649584003,92.225471,11392.530499584,29.060960448000003,0.0,0.0,71.543365,50.0,1.0,2699.8129497920054,900.8902497919989,0.0
2009-06-01,34,10489.494538022398,0.0,4413.073843776001,0.0,150.0,63950.0,126.890518,150.040619,1.0,0.0,0.0,4650.0
2009-06-01,35,16938.655093302397,57.546261,5725.871125312001,12.510402112,0.0,0.0,116.996864,50.0,1.0,1722.4912186303973,387.82209440000133,0.0
2009-06-01,36,8973.8223096576,0.0,4027.040062656,0.0,150.0,54800.0,192.620392,257.21405,1.0,0.0,0.0,4650.0
2009-06-01,37,14834.4426593072,0.0,2577.531125312,0.0,150.0,56350.0,112.631256,124.538475,1.0,0.0,0.0,4650.0
2009-06-01,38,11582.4720069216,36.410175,5847.495468672,14.215163456000003,0.0,0.0,97.528473,50.0,1.0,1047.4023271120004,440.6703433599996,0.0
2009-06-01,4,9849.573744824,0.0,4149.151093568,0.0,200.0,106164.632812,157.456787,204.915482,1.0,0.0,0.0,6200.0
2009-06-01,40,41439.491724792,100.0,7849.299249792,19.108984128,0.0,0.0,74.204681,60.590851,1.0,3010.951459488002,592.3791244800004,0.0
2009-06-01,41,14138.352450470398,0.0,6562.228156224,0.0,200.0,72950.0,163.560776,203.811005,1.0,0.0,0.0,6200.0
2009-06-01,42,23355.4977690032,0.0,8677.292,0.0,100.0,50200.0,97.958397,113.20118,1.0,0.0,0.0,3100.0
2009-06-01,43,47742.129240692804,100.0,6810.392874687999,14.379986816,0.0,0.0,93.164513,77.679749,1.0,3042.808719616005,445.7793433599991,0.0
2009-06-01,44,36799.3663411088,78.577309,14816.358375104,33.92541068800001,0.0,0.0,77.995796,50.0,1.0,2238.537909904,1051.6886248960018,0.0
2009-06-01,45,44741.442765304,100.0,12799.145125312,28.725937344000002,0.0,0.0,140.761139,84.515305,1.0,2946.166617153598,890.5040626559985,0.0
2009-06-01,47,54561.3922388432,100.0,10679.417937344,20.485973248,0.0,0.0,74.307678,56.886753,1.0,3001.6753952559884,635.0654377600003,0.0
2009-06-01,48,38071.7598136352,91.12207,9694.788187136,22.879895167999997,0.0,0.0,81.969872,50.0,1.0,2706.8071563856065,709.2767493760002,0.0
2009-06-01,49,20675.962225224,57.849369,6796.906593984,17.986899840000003,0.0,0.0,90.673012,50.0,1.0,1695.1152443312021,557.5939690880004,0.0
2009-06-01,50,13005.2617643632,33.733105,6340.490812864,16.768562304,0.0,0.0,88.630707,50.0,1.0,946.1488344495992,519.8253124479997,0.0
2009-06-01,51,22268.3882155888,47.160252,5897.716499583999,16.049793344,0.0,0.0,71.054108,50.0,1.0,1372.5598947199978,497.54371846399954,0.0
2009-06-01,52,17030.609604743997,37.933308,6453.00256224,16.872063936,0.0,0.0,77.491142,50.0,1.0,1077.3262596959958,523.0338746880007,0.0
2009-06-01,53,39990.652192153604,78.5821,9345.054062656,13.895200383999999,0.0,0.0,65.910767,50.0,1.0,2373.622606204808,430.7517502080009,0.0
2009-06-01,54,22083.876440900796,29.16268,8023.211624896001,9.104112576000002,0.0,0.0,61.585476,50.0,1.0,854.2844987471981,282.22756224000204,0.0
2009-06-01,55,37937.406546897604,75.27507,8630.584624896,13.485100928,0.0,0.0,67.43158,50.0,1.0,2272.553675208008,418.03775020800094,0.0
2009-06-01,56,21964.022977998397,15.966262,7479.082,6.585829952,0.0,0.0,56.457077,50.0,1.0,456.9247608447986,204.16093734400056,0.0
2009-06-01,6,44986.0038338912,93.814011,8431.086624896001,15.951652288,0.0,0.0,71.442886,50.0,1.0,2838.0008349359996,494.50131244800104,0.0
2009-06-01,7,10323.4740913328,0.0,2367.8959690879997,0.0,150.0,68300.0,259.499847,294.045837,1.0,0.0,0.0,4650.0
2009-06-01,9,19336.7224890512,31.181736,7393.079687552,12.160926336000001,0.0,0.0,62.852585,50.0,1.0,897.0851629024,376.98862489600106,0.0
2009-07-01,1,16620.7698267392,13.416801,2.55877856,0.0,0.0,0.0,74.12764,50.0,1.0,407.6559570096015,0.0,0.0
2009-07-01,12,35246.2184890512,87.292923,8020.056687552001,12.843329407999999,0.0,0.0,88.094734,50.0,1.0,2568.580976044803,385.29968755200116,0.0
2009-07-01,13,16361.5769856208,0.0,4763.04034336,0.0,250.0,95650.0,141.330261,173.670425,1.0,0.0,0.0,7500.0
2009-07-01,14,34716.223176849606,97.310333,7615.434937344001,25.255463168,0.0,0.0,72.231285,50.0,1.0,2792.029447105604,757.664375104001,0.0
2009-07-01,15,2650.377862456,0.0,1080.0747343360001,0.0,100.0,50250.0,99.019569,111.323814,1.0,0.0,0.0,3000.0
2009-07-01,16,35510.6930328464,100.0,6702.509937344001,16.912048191999997,0.0,0.0,77.865097,54.072311,1.0,2928.146517974401,507.3611562240012,0.0
2009-07-01,17,18580.2626717936,44.48531,8970.185249792,20.66375584,0.0,0.0,79.410744,50.0,1.0,1216.9290534911997,619.913124480001,0.0
2009-07-01,19,0.0,0.0,0.0,0.0,150.0,54750.0,162.406601,190.700287,1.0,0.0,0.0,4500.0
2009-07-01,2,19695.628620048003,0.0,5306.085687551999,0.0,100.0,59400.0,162.551346,193.835617,1.0,0.0,0.0,3000.0
2009-07-01,20,35470.3665109488,100.0,6888.083312448,12.651050880000001,0.0,0.0,104.845665,67.360016,1.0,2955.9249196160017,379.5313433599995,0.0
2009-07-01,21,3693.2081635967997,0.0,950.0383751040001,0.0,150.0,69900.0,165.102692,188.045105,1.0,0.0,0.0,4500.0
2009-07-01,22,16742.049145255998,50.327915,7932.29043776,23.507456127999998,0.0,0.0,77.323845,50.0,1.0,1375.9114134543997,705.2231879679994,0.0
2009-07-01,23,28745.4437981504,45.487473,3541.7110626559997,7.4729449599999995,0.0,0.0,61.153759,50.0,1.0,1333.3723907967978,224.18824979199962,0.0
2009-07-01,24,17359.134568899204,0.0,3296.853624896,0.0,200.0,68350.0,116.618767,135.000168,1.0,0.0,0.0,6000.0
2009-07-01,25,34834.9081673616,100.0,12844.429812864,36.939522048,0.0,0.0,94.436638,60.563877,1.0,2797.582698358401,1108.1858128639997,0.0
2009-07-01,26,11469.072694115199,0.0,2419.039796992,0.0,150.0,50100.0,113.978714,128.322906,1.0,0.0,0.0,4500.0
2009-07-01,27,35774.4269375904,100.0,10506.372499584,28.588469312,0.0,0.0,73.834503,52.803135,1.0,2852.0252156927963,857.6538746879996,0.0
2009-07-01,28,16197.7439393632,0.0,8189.129812864,0.0,150.0,66850.0,182.538071,217.979279,1.0,0.0,0.0,4500.0
2009-07-01,29,53700.32387189759,80.920898,20981.299624895997,30.348268288,0.0,0.0,90.809296,50.0,1.0,2260.851490692796,910.4468746879975,0.0
2009-07-01,3,52105.689199791996,91.906517,20537.884249792,35.00880032,0.0,0.0,76.462921,50.0,1.0,2564.261031593589,1050.2634995840017,0.0
2009-07-01,30,45257.9265559968,92.278397,27361.62,52.078624832,0.0,0.0,96.189034,50.0,1.0,2464.273371300791,1562.3611253119998,0.0
2009-07-01,31,62792.31849668959,100.0,15572.925874688,21.428888,0.0,0.0,73.862434,56.642662,1.0,2898.699865692797,642.8678746879996,0.0
2009-07-01,32,17089.8692130064,0.0,4182.295,0.0,200.0,103550.0,102.264397,128.090637,1.0,0.0,0.0,6000.0
2009-07-01,33,34428.5654607408,94.245598,12279.52456224,29.566478656000005,0.0,0.0,71.952461,50.0,1.0,2670.8108111567963,886.9940626560001,0.0
2009-07-01,34,10489.494538022398,0.0,4413.073843776001,0.0,150.0,68450.0,127.447334,150.264572,1.0,0.0,0.0,4500.0
2009-07-01,35,18633.7622143632,58.370399,6086.743812864,12.029083456,0.0,0.0,117.428696,50.0,1.0,1695.1071210608025,360.87268755199875,0.0
2009-07-01,36,8973.8223096576,0.0,4027.040062656,0.0,150.0,59300.0,192.343552,255.943314,1.0,0.0,0.0,4500.0
2009-07-01,37,14834.4426593072,0.0,2577.531125312,0.0,150.0,60850.0,112.916153,124.653152,1.0,0.0,0.0,4500.0
2009-07-01,38,12607.109197942398,36.592407,6248.704312448001,13.37363456,0.0,0.0,98.794357,50.0,1.0,1024.6371910207981,401.2088437760003,0.0
2009-07-01,4,9849.573744824,0.0,4149.151093568,0.0,200.0,112164.632812,156.944931,203.923721,1.0,0.0,0.0,6000.0
2009-07-01,40,44352.681545048,100.0,8425.487687552002,19.206301504,0.0,0.0,75.303955,61.677742,1.0,2913.189820255997,576.1884377600018,0.0
2009-07-01,41,14138.352450470398,0.0,6562.228156224,0.0,200.0,78950.0,164.818665,204.418106,1.0,0.0,0.0,6000.0
2009-07-01,42,23355.4977690032,0.0,8677.292,0.0,100.0,53200.0,97.833321,112.848907,1.0,0.0,0.0,3000.0
2009-07-01,43,50689.1825124096,100.0,7230.749500416,14.011878400000002,0.0,0.0,95.545197,80.04644,1.0,2947.0532717167953,420.35662572800084,0.0
2009-07-01,44,38965.3684528944,78.529617,15828.931624895999,33.752481152,0.0,0.0,78.009926,50.0,1.0,2166.0021117856013,1012.573249791998,0.0
2009-07-01,45,47594.656599792004,100.0,13651.329249792003,28.406142336000002,0.0,0.0,144.565475,87.714134,1.0,2853.2138344880077,852.1841244800034,0.0
2009-07-01,47,57465.84433409919,100.0,11295.815375103999,20.546579456,0.0,0.0,76.07737,58.686947,1.0,2904.4520952559906,616.3974377599989,0.0
2009-07-01,48,40720.619887798406,92.134987,10387.679249792,23.096388224000002,0.0,0.0,82.421562,50.0,1.0,2648.8600741632035,692.8910626559991,0.0
2009-07-01,49,22313.606027998398,57.692528,7327.424,17.683898752,0.0,0.0,91.00798,50.0,1.0,1637.643802774397,530.5174060159998,0.0
2009-07-01,50,13923.071057703997,33.80674,6843.807750208,16.777239232,0.0,0.0,88.942192,50.0,1.0,917.809293340797,503.3169373439996,0.0
2009-07-01,51,23623.6261918256,48.091351,6385.372093568,16.255194176,0.0,0.0,71.665001,50.0,1.0,1355.2379762368,487.6555939840009,0.0
2009-07-01,52,18092.9686123056,38.607918,6962.4311253119995,16.980943616,0.0,0.0,77.933159,50.0,1.0,1062.3590075616048,509.42856307199963,0.0
2009-07-01,53,42294.500465303994,78.813194,9762.943125311998,13.929660160000001,0.0,0.0,65.947937,50.0,1.0,2303.84827315039,417.8890626559987,0.0
2009-07-01,54,22898.595499895997,28.728815,8290.933624896,8.924049471999998,0.0,0.0,61.38707,50.0,1.0,814.7190589952006,267.72199999999975,0.0
2009-07-01,55,40153.2273361568,75.842049,9038.137062656,13.58507904,0.0,0.0,67.547821,50.0,1.0,2215.8207892591963,407.5524377599995,0.0
2009-07-01,56,22385.601199687997,15.244447,7670.5508746880005,6.38230944,0.0,0.0,56.188652,50.0,1.0,421.57822168960047,191.46887468800014,0.0
2009-07-01,6,47795.03866921119,95.884949,8911.197750207999,16.003704704,0.0,0.0,71.887817,50.0,1.0,2809.034835319995,480.11112531199797,0.0
2009-07-01,7,10323.4740913328,0.0,2367.8959690879997,0.0,150.0,72800.0,264.695587,298.795959,1.0,0.0,0.0,4500.0
2009-07-01,9,20183.347991841598,30.425762,7751.232937344001,11.938427904000001,0.0,0.0,62.752834,50.0,1.0,846.6255027903971,358.1532497920007,0.0
2009-08-01,1,17035.748801739202,13.21722,2.55877856,0.0,0.0,0.0,73.819984,50.0,1.0,414.9789750000018,0.0,0.0
2009-08-01,12,37915.51193430719,87.661369,8401.960125311998,12.319455616,0.0,0.0,87.958405,50.0,1.0,2669.293445255993,381.90343775999736,0.0
2009-08-01,13,16361.5769856208,0.0,4763.04034336,0.0,250.0,103400.0,143.529053,175.41272,1.0,0.0,0.0,7750.0
2009-08-01,14,37597.199159307194,97.179024,8398.359125312,25.255627904,0.0,0.0,72.472282,50.0,1.0,2880.9759824575885,782.9241879679985,0.0
2009-08-01,15,2650.377862456,0.0,1080.0747343360001,0.0,100.0,53350.0,99.902458,112.050209,1.0,0.0,0.0,3100.0
2009-08-01,16,38539.053025,100.0,7214.779,16.52480128,0.0,0.0,77.817398,53.93111,1.0,3028.3599921536006,512.2690626559997,0.0
2009-08-01,17,19821.634555056,43.930714,9604.821687552001,20.472152896,0.0,0.0,80.013618,50.0,1.0,1241.3718832624,634.6364377600003,0.0
2009-08-01,19,0.0,0.0,0.0,0.0,200.0,60950.0,175.725403,212.355682,1.0,0.0,0.0,6200.0
2009-08-01,2,19695.628620048003,0.0,5306.085687551999,0.0,100.0,62500.0,163.038467,193.999313,1.0,0.0,0.0,3100.0
2009-08-01,20,38529.925979744,100.0,7256.77956224,11.893418368,0.0,0.0,105.28067,68.012909,1.0,3059.5594687952034,368.69624979200034,0.0
2009-08-01,21,3693.2081635967997,0.0,950.0383751040001,0.0,150.0,74550.0,165.024994,187.776688,1.0,0.0,0.0,4650.0
2009-08-01,22,18188.141040900795,51.224163,8678.619624896,24.075138048,0.0,0.0,77.942696,50.0,1.0,1446.0918956447968,746.3291871360007,0.0
2009-08-01,23,30094.6981152,44.563549,3771.3357502080003,7.407238592000001,0.0,0.0,61.143551,50.0,1.0,1349.2543170495992,229.62468755200052,0.0
2009-08-01,24,17359.134568899204,0.0,3296.853624896,0.0,200.0,74550.0,118.624374,136.629013,1.0,0.0,0.0,6200.0
2009-08-01,25,37727.230284696,100.0,13982.713874688001,36.71886816,0.0,0.0,97.488022,63.385277,1.0,2892.322117334399,1138.2840618240007,0.0
2009-08-01,26,11469.072694115199,0.0,2419.039796992,0.0,150.0,54750.0,114.765411,128.84079,1.0,0.0,0.0,4650.0
2009-08-01,27,38720.0502718976,100.0,11399.376624896002,28.80656896,0.0,0.0,75.263657,54.333099,1.0,2945.6233343072017,893.0041253120016,0.0
2009-08-01,28,16197.7439393632,0.0,8189.129812864,0.0,150.0,71500.0,179.730865,214.573944,1.0,0.0,0.0,4650.0
2009-08-01,29,56037.319537590396,80.842186,21907.138499584,29.865754048,0.0,0.0,91.096535,50.0,1.0,2336.9956656928043,925.8388746880046,0.0
2009-08-01,3,54896.979515303996,96.694618,21663.520125312,36.310808767999994,0.0,0.0,78.140152,50.0,1.0,2791.2903155120002,1125.635875519998,0.0
2009-08-01,30,47895.409443587196,95.332642,28998.274499584004,52.795389504000006,0.0,0.0,98.715202,50.0,1.0,2637.4828875903986,1636.654499584005,0.0
2009-08-01,31,65788.9379531024,100.0,16231.239375104,21.235928064,0.0,0.0,75.071877,57.904659,1.0,2996.619456412809,658.3135004159994,0.0
2009-08-01,32,17089.8692130064,0.0,4182.295,0.0,200.0,109750.0,102.407112,127.999306,1.0,0.0,0.0,6200.0
2009-08-01,33,37247.44545414721,96.234055,13211.657062656,30.068802816,0.0,0.0,72.35553,50.0,1.0,2818.879993406408,932.1325004160008,0.0
2009-08-01,34,10489.494538022398,0.0,4413.073843776001,0.0,200.0,74650.0,138.642136,168.389053,1.0,0.0,0.0,6200.0
2009-08-01,35,20411.787592646397,59.11694,6445.945187136,11.587135872,0.0,0.0,117.764565,50.0,1.0,1778.025378283197,359.20137427200007,0.0
2009-08-01,36,8973.8223096576,0.0,4027.040062656,0.0,150.0,63950.0,191.988174,254.668381,1.0,0.0,0.0,4650.0
2009-08-01,37,14834.4426593072,0.0,2577.531125312,0.0,150.0,65500.0,113.163208,124.743881,1.0,0.0,0.0,4650.0
2009-08-01,38,13680.9378003504,36.905563,6639.342937344,12.601240704,0.0,0.0,99.84906,50.0,1.0,1073.8286024080026,390.6386248959998,0.0
2009-08-01,4,9849.573744824,0.0,4149.151093568,0.0,200.0,118364.632812,156.48317,203.00177,1.0,0.0,0.0,6200.0
2009-08-01,40,47362.6763888432,100.0,9022.268937343999,19.251004032,0.0,0.0,76.548805,62.932709,1.0,3009.9948437952044,596.7812497919967,0.0
2009-08-01,41,14138.352450470398,0.0,6562.228156224,0.0,200.0,85150.0,166.242538,205.245178,1.0,0.0,0.0,6200.0
2009-08-01,42,23355.4977690032,0.0,8677.292,0.0,150.0,57850.0,104.505844,126.525124,1.0,0.0,0.0,4650.0
2009-08-01,43,53737.249528102395,100.0,7652.331375103999,13.599426880000001,0.0,0.0,97.829178,82.307579,1.0,3048.0670156927954,421.5818746879986,0.0
2009-08-01,44,41218.9905409008,79.034981,16877.329624895996,33.819299904,0.0,0.0,78.207634,50.0,1.0,2253.6220880063993,1048.3979999999974,0.0
2009-08-01,45,50546.2827059968,100.0,14516.71,27.915510272,0.0,0.0,147.392929,90.036209,1.0,2951.6261062047924,865.3807502079962,0.0
2009-08-01,47,60467.051838843196,100.0,11933.033937344,20.55542944,0.0,0.0,77.851753,60.48764,1.0,3001.2075047440085,637.2185622400011,0.0
2009-08-01,48,43526.8594033104,94.45961,11121.625125311999,23.675651584,0.0,0.0,83.432495,50.0,1.0,2806.2395155119957,733.9458755199994,0.0
2009-08-01,49,24004.9172339952,57.591358,7865.247,17.349151040000002,0.0,0.0,91.387825,50.0,1.0,1691.3112059968007,537.8230000000003,0.0
2009-08-01,50,14872.4349620976,33.83004,7362.847375103999,16.743206272,0.0,0.0,89.263115,50.0,1.0,949.3639043936037,519.0396248959996,0.0
2009-08-01,51,25055.6937660048,49.126022,6893.094,16.378133824,0.0,0.0,72.325943,50.0,1.0,1432.0675741792002,507.72190643199974,0.0
2009-08-01,52,19212.876299792,39.306515,7487.912249792001,16.951020736000004,0.0,0.0,78.428276,50.0,1.0,1119.9076874863968,525.4811244800012,0.0
2009-08-01,53,44682.0511111568,79.042618,10196.125062656,13.973603904,0.0,0.0,65.983871,50.0,1.0,2387.5506458528034,433.1819373440012,0.0
2009-08-01,54,23729.097816841597,28.330776,8562.406937344,8.757220992,0.0,0.0,61.201511,50.0,1.0,830.5023169455999,271.473312447999,0.0
2009-08-01,55,42463.431397105596,76.523277,9463.244375104,13.713141312,0.0,0.0,67.687355,50.0,1.0,2310.204060948796,425.107312447999,0.0
2009-08-01,56,22802.4007410048,14.604943,7862.673,6.197487295999999,0.0,0.0,55.943974,50.0,1.0,416.7995413168028,192.1221253119993,0.0
2009-08-01,6,50770.254931412805,98.205284,9408.717500416,16.04901376,0.0,0.0,72.375908,50.0,1.0,2975.2162622016112,497.5197502080009,0.0
2009-08-01,7,10323.4740913328,0.0,2367.8959690879997,0.0,144.508575,77279.765625,267.680725,300.0,1.0,0.0,0.0,4479.765625
2009-08-01,9,21042.3598155888,29.900074,8118.246499584,11.839145344,0.0,0.0,62.707256,50.0,1.0,859.0118237472016,367.0135622399994,0.0
2009-09-01,1,17445.976319729605,13.065924,2.55877856,0.0,0.0,0.0,73.582733,50.0,1.0,410.2275179904027,0.0,0.0
2009-09-01,12,40600.693975208,88.065346,8769.133750208,11.844300416,0.0,0.0,87.860313,50.0,1.0,2685.182040900807,367.17362489600237,0.0
2009-09-01,13,16361.5769856208,0.0,4763.04034336,0.0,250.0,111150.0,145.538605,177.015457,1.0,0.0,0.0,7750.0
2009-09-01,14,40489.16717335839,97.54483,9183.551812864,25.328788992000003,0.0,0.0,72.699608,50.0,1.0,2891.968014051199,785.1926875520003,0.0
2009-09-01,15,2650.377862456,0.0,1080.0747343360001,0.0,100.0,56450.0,100.894394,112.900604,1.0,0.0,0.0,3100.0
2009-09-01,16,41570.246845256,100.0,7714.00743776,16.10414208,0.0,0.0,77.862305,53.892429,1.0,3031.1938202559977,499.2284377599999,0.0
2009-09-01,17,21049.4715082624,43.457066,10233.31643776,20.274017088,0.0,0.0,80.634682,50.0,1.0,1227.836953206399,628.4947502079995,0.0
2009-09-01,19,0.0,0.0,0.0,0.0,200.0,67150.0,181.815735,217.764938,1.0,0.0,0.0,6200.0
2009-09-01,2,19695.628620048003,0.0,5306.085687551999,0.0,100.0,65600.0,163.627075,194.272125,1.0,0.0,0.0,3100.0
2009-09-01,20,41594.01145164161,100.0,7604.648187136,11.221565887999999,0.0,0.0,105.706581,68.694305,1.0,3064.0854718976043,347.86862489600026,0.0
2009-09-01,21,3693.2081635967997,0.0,950.0383751040001,0.0,150.0,79200.0,164.965393,187.541153,1.0,0.0,0.0,4650.0
2009-09-01,22,19658.6886671536,52.120064,9441.852062656,24.62039424,0.0,0.0,78.562836,50.0,1.0,1470.5476262528064,763.2324377599998,0.0
2009-09-01,23,31428.3712208688,44.063969,4000.4757811199997,7.3916252799999995,0.0,0.0,61.187084,50.0,1.0,1333.6731056688004,229.14003091199947,0.0
2009-09-01,24,17359.134568899204,0.0,3296.853624896,0.0,200.0,80750.0,120.435181,138.08934,1.0,0.0,0.0,6200.0
2009-09-01,25,40621.3902409008,100.0,15112.540624895999,36.446017088,0.0,0.0,100.820229,66.513718,1.0,2894.1599562047995,1129.826750207998,0.0
2009-09-01,26,11469.072694115199,0.0,2419.039796992,0.0,150.0,59400.0,115.559181,129.396896,1.0,0.0,0.0,4650.0
2009-09-01,27,41664.6520156928,100.0,12297.081874688001,28.95824256,0.0,0.0,76.817459,55.994576,1.0,2944.601743795203,897.7052497919994,0.0
2009-09-01,28,16197.7439393632,0.0,8189.129812864,0.0,150.0,76150.0,178.785995,213.138885,1.0,0.0,0.0,4650.0
2009-09-01,29,58375.7112973136,80.768944,22815.957125312,29.316723072000002,0.0,0.0,91.404564,50.0,1.0,2338.3917597232066,908.8186257279995,0.0
2009-09-01,3,57788.8480434064,100.0,22803.891500416,36.78619775999999,0.0,0.0,79.496223,50.226677,1.0,2891.868528102401,1140.3713751040013,0.0
2009-09-01,30,50638.220543198404,98.827759,30655.205750208002,53.449329023999994,0.0,0.0,101.378967,50.0,1.0,2742.811099611208,1656.9312506239985,0.0
2009-09-01,31,68786.7913,100.0,16883.893,21.053357312,0.0,0.0,76.398628,59.275707,1.0,2997.8533468975947,652.6536248960001,0.0
2009-09-01,32,17089.8692130064,0.0,4182.295,0.0,200.0,115950.0,102.617584,127.996597,1.0,0.0,0.0,6200.0
2009-09-01,33,40124.6599468976,98.19677,14158.938624896,30.55747136,0.0,0.0,72.750587,50.0,1.0,2877.2144927503905,947.2815622399994,0.0
2009-09-01,34,10489.494538022398,0.0,4413.073843776001,0.0,200.0,80850.0,141.655441,170.923233,1.0,0.0,0.0,6200.0
2009-09-01,35,22214.228744003198,59.811573,6793.15,11.200160192,0.0,0.0,118.003433,50.0,1.0,1802.4411513568011,347.2048128639999,0.0
2009-09-01,36,8973.8223096576,0.0,4027.040062656,0.0,150.0,68600.0,191.597076,253.442368,1.0,0.0,0.0,4650.0
2009-09-01,37,14834.4426593072,0.0,2577.531125312,0.0,150.0,70150.0,113.379066,124.819153,1.0,0.0,0.0,4650.0
2009-09-01,38,14770.823469944,37.266754,7008.268312448,11.90081984,0.0,0.0,100.687447,50.0,1.0,1089.8856695935992,368.9253751039996,0.0
2009-09-01,4,9849.573744824,0.0,4149.151093568,0.0,200.0,124564.632812,156.079025,202.166428,1.0,0.0,0.0,6200.0
2009-09-01,40,50372.39085125279,100.0,9620.340437760002,19.292624832,0.0,0.0,77.871605,64.263519,1.0,3009.714462409589,598.0715004160029,0.0
2009-09-01,41,14138.352450470398,0.0,6562.228156224,0.0,200.0,91350.0,167.788437,206.250427,1.0,0.0,0.0,6200.0
2009-09-01,42,23355.4977690032,0.0,8677.292,0.0,150.0,62500.0,106.290199,127.906548,1.0,0.0,0.0,4650.0
2009-09-01,43,56788.2873843072,100.0,8060.242125311999,13.15840864,0.0,0.0,99.950081,84.409874,1.0,3051.0378562048063,407.91075020800054,0.0
2009-09-01,44,43492.5625409008,79.694565,17929.211624895997,33.931653184000005,0.0,0.0,78.458893,50.0,1.0,2273.572,1051.8820000000014,0.0
2009-09-01,45,53501.7493281024,100.0,15364.399375104002,27.344804863999997,0.0,0.0,149.607315,91.784042,1.0,2955.466622105603,847.6893751040025,0.0
2009-09-01,47,63468.3274966896,100.0,12569.938874688001,20.545338112,0.0,0.0,79.534935,62.210472,1.0,3001.275657846403,636.9049373440012,0.0
2009-09-01,48,46401.491168795204,96.765327,11873.956249792,24.268747776,0.0,0.0,84.451355,50.0,1.0,2874.6317654848026,752.3311244800007,0.0
2009-09-01,49,25696.9918279984,57.541714,8392.384,17.00440768,0.0,0.0,91.802483,50.0,1.0,1692.074594003203,527.1369999999997,0.0
2009-09-01,50,15822.315839363198,33.833309,7879.976812864,16.681602496,0.0,0.0,89.606049,50.0,1.0,949.8808772655975,517.1294377600007,0.0
2009-09-01,51,26521.443884592,50.206276,7401.894499583999,16.412901440000002,0.0,0.0,73.044731,50.0,1.0,1465.7501185872025,508.8004995839992,0.0
2009-09-01,52,20359.031875312,40.114548,8009.360125312,16.820892607999998,0.0,0.0,78.930893,50.0,1.0,1146.1555755200025,521.4478755199989,0.0
2009-09-01,53,47076.962382638405,79.290047,10631.191187136,14.034391487999999,0.0,0.0,66.022804,50.0,1.0,2394.9112714816074,435.06612448000124,0.0
2009-09-01,54,24549.5340563088,27.978075,8829.244125311998,8.607637376000001,0.0,0.0,61.033501,50.0,1.0,820.4362394672025,266.83718796799803,0.0
2009-09-01,55,44796.8370107408,77.296043,9893.257562239998,13.871401855999999,0.0,0.0,67.846321,50.0,1.0,2333.405613635201,430.01318713599903,0.0
2009-09-01,56,23202.805048851198,14.046845,8049.608937344001,6.030167936000001,0.0,0.0,55.72731,50.0,1.0,400.4043078463983,186.9359373440011,0.0
2009-09-01,6,53802.19896590081,100.0,9904.493624896,15.992799679999997,0.0,0.0,72.953445,50.213886,1.0,3031.944034488006,495.77612448000036,0.0
2009-09-01,7,10323.4740913328,0.0,2367.8959690879997,0.0,139.191223,81594.695312,269.32135,300.0,1.0,0.0,0.0,4314.929686999996
2009-09-01,9,21891.425906412795,29.579435,8484.703500415999,11.821204095999999,0.0,0.0,62.701035,50.0,1.0,849.0660908239952,366.4570008319988,0.0
2009-10-01,1,17839.7517737408,12.95997,2.55877856,0.0,0.0,0.0,73.412125,50.0,1.0,393.7754540111964,0.0,0.0
2009-10-01,12,43216.7733721056,88.554688,9112.270375103999,11.437905023999999,0.0,0.0,87.767372,50.0,1.0,2616.0793968975995,343.13662489599847,0.0
2009-10-01,13,16361.5769856208,0.0,4763.04034336,0.0,250.0,118650.0,147.345718,178.46843,1.0,0.0,0.0,7500.0
2009-10-01,14,43305.6402966896,98.153809,9946.668874688,25.437234368000002,0.0,0.0,72.925186,50.0,1.0,2816.473123331205,763.1170618240012,0.0
2009-10-01,15,2650.377862456,0.0,1080.0747343360001,0.0,100.0,59450.0,101.91185,113.795486,1.0,0.0,0.0,3000.0
2009-10-01,16,44506.44558430719,100.0,8184.314125311999,15.676900096,0.0,0.0,77.996872,53.960224,1.0,2936.198739051193,470.30668755199895,0.0
2009-10-01,17,22226.843999688,43.055176,10835.296874688001,20.066027072,0.0,0.0,81.196045,50.0,1.0,1177.3724914256018,601.9804369280009,0.0
2009-10-01,19,0.0,0.0,0.0,0.0,200.0,73150.0,186.154739,221.462631,1.0,0.0,0.0,6000.0
2009-10-01,2,19695.628620048003,0.0,5306.085687551999,0.0,100.0,68600.0,164.256317,194.603012,1.0,0.0,0.0,3000.0
2009-10-01,20,44563.0765937952,100.0,7923.711249792001,10.635428543999998,0.0,0.0,106.105194,69.336182,1.0,2969.065142153595,319.0630626560005,0.0
2009-10-01,21,3693.2081635967997,0.0,950.0383751040001,0.0,150.0,83700.0,164.911469,187.329453,1.0,0.0,0.0,4500.0
2009-10-01,22,21103.4897322496,52.933617,10194.394437760002,25.084739264,0.0,0.0,79.1343,50.0,1.0,1444.8010650959986,752.5423751040016,0.0
2009-10-01,23,32711.520119019202,43.820484,4222.701843776001,7.407533952,0.0,0.0,61.266216,50.0,1.0,1283.1488981504008,222.22606265600098,0.0
2009-10-01,24,17359.134568899204,0.0,3296.853624896,0.0,200.0,86750.0,121.951752,139.322662,1.0,0.0,0.0,6000.0
2009-10-01,25,43424.2537471056,100.0,16196.425375104001,36.12946272000001,0.0,0.0,104.087975,69.552094,1.0,2802.863506204798,1083.8847502080025,0.0
2009-10-01,26,11469.072694115199,0.0,2419.039796992,0.0,150.0,63900.0,116.344154,129.972855,1.0,0.0,0.0,4500.0
2009-10-01,27,44514.08741240959,100.0,13166.653500416,28.985711872000003,0.0,0.0,78.279518,57.566788,1.0,2849.4353967167917,869.5716257279983,0.0
2009-10-01,28,16197.7439393632,0.0,8189.129812864,0.0,150.0,80650.0,178.565552,212.486206,1.0,0.0,0.0,4500.0
2009-10-01,29,60640.3298276864,80.697342,23677.827874688,28.729029055999998,0.0,0.0,91.7229,50.0,1.0,2264.618530372798,861.8707493759975,0.0
2009-10-01,3,60592.179793406394,99.999985,23885.621500416,36.057626176,0.0,0.0,80.910858,51.468868,1.0,2803.3317499999976,1081.7299999999996,0.0
2009-10-01,30,53332.2007807888,99.999985,32240.146249792,52.831406784,0.0,0.0,104.299789,51.596169,1.0,2693.9802375903964,1584.9404995839977,0.0
2009-10-01,31,71689.23005310241,100.0,17509.555375104002,20.855391232000002,0.0,0.0,77.720825,60.637562,1.0,2902.4387531024113,625.6623751040024,0.0
2009-10-01,32,17089.8692130064,0.0,4182.295,0.0,200.0,121950.0,102.916779,128.107376,1.0,0.0,0.0,6000.0
2009-10-01,33,42961.0685625904,100.0,15088.456499584001,30.983922944,0.0,0.0,73.146896,50.045662,1.0,2836.4086156928024,929.517874688001,0.0
2009-10-01,34,10489.494538022398,0.0,4413.073843776001,0.0,200.0,86850.0,143.285995,172.145126,1.0,0.0,0.0,6000.0
2009-10-01,35,23979.3336783104,60.422913,7118.886125311999,10.857867903999999,0.0,0.0,118.18721,50.0,1.0,1765.104934307201,325.7361253119998,0.0
2009-10-01,36,8973.8223096576,0.0,4027.040062656,0.0,150.0,73100.0,191.201996,252.314667,1.0,0.0,0.0,4500.0
2009-10-01,37,14834.4426593072,0.0,2577.531125312,0.0,150.0,74650.0,113.568306,124.886574,1.0,0.0,0.0,4500.0
2009-10-01,38,15841.635577894402,37.665554,7347.042624896001,11.292487232,0.0,0.0,101.366043,50.0,1.0,1070.8121079504017,338.7743124480012,0.0
2009-10-01,4,9849.573744824,0.0,4149.151093568,0.0,200.0,130564.632812,155.725693,201.424408,1.0,0.0,0.0,6000.0
2009-10-01,40,53284.688324792,100.0,10200.635249792,19.343153856,0.0,0.0,79.181633,65.580299,1.0,2912.2974735392054,580.2948120319979,0.0
2009-10-01,41,14138.352450470398,0.0,6562.228156224,0.0,200.0,97350.0,169.376587,207.360962,1.0,0.0,0.0,6000.0
2009-10-01,42,23355.4977690032,0.0,8677.292,0.0,150.0,67000.0,107.114883,128.367111,1.0,0.0,0.0,4500.0
2009-10-01,43,59743.808946897596,100.0,8441.629624896,12.712916735999999,0.0,0.0,101.892395,86.329201,1.0,2955.5215625903948,381.3874995840015,0.0
2009-10-01,44,45711.5983338912,80.33474,18950.140624895997,34.030993984,0.0,0.0,78.709625,50.0,1.0,2219.0357929903985,1020.9290000000001,0.0
2009-10-01,45,56365.672384307196,100.0,16167.302125311999,26.763435712000003,0.0,0.0,151.400269,93.124512,1.0,2863.923056204796,802.9027502079971,0.0
2009-10-01,47,66372.9084109488,100.0,13185.725312448,20.526214592,0.0,0.0,81.117722,63.839157,1.0,2904.5809142592043,615.7864377599981,0.0
2009-10-01,48,49242.954121897594,98.83638,12617.528624896002,24.785749248,0.0,0.0,85.35881,50.0,1.0,2841.4629531023893,743.5723751040023,0.0
2009-10-01,49,27336.4724732544,57.535397,8892.483437760002,16.669989440000002,0.0,0.0,92.206635,50.0,1.0,1639.480645255997,500.0994377600018,0.0
2009-10-01,50,16742.125009695996,33.834946,8378.036874688001,16.601984256,0.0,0.0,89.989723,50.0,1.0,919.8091703327973,498.0600618240014,0.0
2009-10-01,51,27971.0110123056,51.212658,7891.879125312,16.332832255999996,0.0,0.0,73.679321,50.0,1.0,1449.567127713599,489.98462572800054,0.0
2009-10-01,52,21497.574465095997,41.043701,8508.784375103998,16.647464703999997,0.0,0.0,79.375694,50.0,1.0,1138.542589783996,499.4242497919986,0.0
2009-10-01,53,49401.85445,79.543121,11054.303,14.10371456,0.0,0.0,66.064285,50.0,1.0,2324.892067361594,423.11181286399915,0.0
2009-10-01,54,25335.205550104,27.677099,9083.579375103998,8.477862016000001,0.0,0.0,60.886742,50.0,1.0,785.671493795202,254.33524979200047,0.0
2009-10-01,55,47077.3099330544,78.063263,10313.867687552001,14.020333184000002,0.0,0.0,67.999107,50.0,1.0,2280.472922313602,420.6101253120032,0.0
2009-10-01,56,23577.0185108448,13.57842,8226.096937344,5.882934720000001,0.0,0.0,55.540886,50.0,1.0,374.2134619936005,176.48799999999937,0.0
2009-10-01,6,56738.384815900805,100.0,10374.859624896,15.678847807999999,0.0,0.0,73.736771,51.053623,1.0,2936.1858499999944,470.366,0.0
2009-10-01,7,10323.4740913328,0.0,2367.8959690879997,0.0,135.760056,85667.492188,270.412384,300.0,1.0,0.0,0.0,4072.7968760000076
2009-10-01,9,22708.0724856368,29.419088,8840.064187136,11.845362047999998,0.0,0.0,62.722004,50.0,1.0,816.6465792240051,355.36068672000147,0.0
2009-11-01,1,18244.446476739202,12.889618,2.55877856,0.0,0.0,0.0,73.292862,50.0,1.0,404.6947029984003,0.0,0.0
2009-11-01,12,45939.3867812048,89.088364,9454.987750208,11.055394688,0.0,0.0,87.679329,50.0,1.0,2722.613409099198,342.7173751040009,0.0
2009-11-01,13,16361.5769856208,0.0,4763.04034336,0.0,250.0,126400.0,149.11554,179.906509,1.0,0.0,0.0,7750.0
2009-11-01,14,46238.3550611568,98.891373,10738.901062656001,25.555887552,0.0,0.0,73.16214,50.0,1.0,2932.7147644672004,792.2321879680003,0.0
2009-11-01,15,2650.377862456,0.0,1080.0747343360001,0.0,100.0,62550.0,103.026161,114.79377,1.0,0.0,0.0,3100.0
2009-11-01,16,47543.54912810239,100.0,8656.347375103998,15.226863807999997,0.0,0.0,78.21582,54.141361,1.0,3037.1035437952014,472.03324979199897,0.0
2009-11-01,17,23433.9615526864,42.702164,11450.066874688002,19.831292416,0.0,0.0,81.744682,50.0,1.0,1207.1175529983993,614.7700000000004,0.0
2009-11-01,19,0.0,0.0,0.0,0.0,200.0,79350.0,189.842987,224.550812,1.0,0.0,0.0,6200.0
2009-11-01,2,19695.628620048003,0.0,5306.085687551999,0.0,100.0,71700.0,164.940048,194.993484,1.0,0.0,0.0,3100.0
2009-11-01,20,47634.8287624096,100.0,8236.299500416,10.083511360000001,0.0,0.0,106.486382,69.955475,1.0,3071.7521686143955,312.58825062399956,0.0
2009-11-01,21,3693.2081635967997,0.0,950.0383751040001,0.0,150.0,88350.0,164.839371,187.105209,1.0,0.0,0.0,4650.0
2009-11-01,22,22617.598349688,53.691933,10984.276874688001,25.480085696,0.0,0.0,79.68528,50.0,1.0,1514.1086174384,789.8824369279992,0.0
2009-11-01,23,34034.460093795205,43.732555,4453.361249792,7.4406159359999995,0.0,0.0,61.382664,50.0,1.0,1322.9399747760035,230.6594060159996,0.0
2009-11-01,24,17359.134568899204,0.0,3296.853624896,0.0,200.0,92950.0,123.384399,140.51178,1.0,0.0,0.0,6200.0
2009-11-01,25,46322.936175208,100.0,17305.440750208,35.774676288,0.0,0.0,107.37001,72.571968,1.0,2898.682428102402,1109.015375103998,0.0
2009-11-01,26,11469.072694115199,0.0,2419.039796992,0.0,150.0,68550.0,117.227951,130.666061,1.0,0.0,0.0,4650.0
2009-11-01,27,47458.9423468976,100.0,14063.193624896,28.920676928000002,0.0,0.0,79.737587,59.143261,1.0,2944.8549344880084,896.5401244799996,0.0
2009-11-01,28,16197.7439393632,0.0,8189.129812864,0.0,150.0,85300.0,178.658035,212.169601,1.0,0.0,0.0,4650.0
2009-11-01,29,62982.35615,80.618225,24548.147,28.074826624,0.0,0.0,92.044739,50.0,1.0,2342.026322313599,870.3191253120021,0.0
2009-11-01,3,63495.323884307196,100.0,24974.087125312002,35.111800256,0.0,0.0,82.250809,52.638371,1.0,2903.1440909008015,1088.4656248960018,0.0
2009-11-01,30,56124.349986993606,100.0,33839.403,51.588853056,0.0,0.0,107.52272,54.198879,1.0,2792.1492062048055,1599.2567502079983,0.0
2009-11-01,31,74689.950775,100.0,18149.014,20.627720256,0.0,0.0,79.111809,62.063572,1.0,3000.7207218975964,639.4586248959968,0.0
2009-11-01,32,17089.8692130064,0.0,4182.295,0.0,200.0,128150.0,103.310257,128.322372,1.0,0.0,0.0,6200.0
2009-11-01,33,45893.532693795205,100.0,16042.016249792003,30.75996768,0.0,0.0,73.852478,50.924198,1.0,2932.4641312048043,953.5597502080018,0.0
2009-11-01,34,10489.494538022398,0.0,4413.073843776001,0.0,200.0,93050.0,144.54303,173.031708,1.0,0.0,0.0,6200.0
2009-11-01,35,25823.109717257597,60.984421,7445.33643776,10.53066144,0.0,0.0,118.342674,50.0,1.0,1843.7760389471987,326.45031244800066,0.0
2009-11-01,36,8973.8223096576,0.0,4027.040062656,0.0,150.0,77750.0,190.785461,251.209229,1.0,0.0,0.0,4650.0
2009-11-01,37,14834.4426593072,0.0,2577.531125312,0.0,150.0,79300.0,113.747482,124.95311,1.0,0.0,0.0,4650.0
2009-11-01,38,16966.1079890512,38.115818,7679.482687552,10.723870144000001,0.0,0.0,101.97625,50.0,1.0,1124.4724111567994,332.4400626559991,0.0
2009-11-01,4,9849.573744824,0.0,4149.151093568,0.0,200.0,136764.640625,155.380768,200.705246,1.0,0.0,0.0,6200.007813000004
2009-11-01,40,56293.71878409919,100.0,10801.854375104,19.394176255999998,0.0,0.0,80.55732,66.961357,1.0,3009.0304593071924,601.219125312,0.0
2009-11-01,41,14138.352450470398,0.0,6562.228156224,0.0,200.0,103550.0,171.079544,208.604736,1.0,0.0,0.0,6200.0
2009-11-01,42,23355.4977690032,0.0,8677.292,0.0,150.0,71650.0,107.636299,128.547256,1.0,0.0,0.0,4650.0
2009-11-01,43,62801.0030078464,100.0,8821.210937344,12.244557312,0.0,0.0,103.809547,88.221748,1.0,3057.194060948801,379.58131244799915,0.0
2009-11-01,44,48024.48363180159,80.986366,20007.757249792,34.1166592,0.0,0.0,78.967918,50.0,1.0,2312.8852979103904,1057.6166248960035,0.0
2009-11-01,45,59329.0963968976,100.0,16978.391624895998,26.164188544,0.0,0.0,152.997772,94.24987,1.0,2963.4240125904034,811.089499583999,0.0
2009-11-01,47,69374.55873430718,100.0,13820.906125311998,20.489712256000004,0.0,0.0,82.714264,65.490273,1.0,3001.650323358379,635.1808128639987,0.0
2009-11-01,48,52213.7420266416,100.0,13394.731187136,25.071057024,0.0,0.0,86.345993,50.387474,1.0,2970.7879047440074,777.2025622399979,0.0
2009-11-01,49,29037.5601229424,57.694767,9400.255312447998,16.379727104,0.0,0.0,92.516365,50.0,1.0,1701.087649688001,507.7718746879964,0.0
2009-11-01,50,17692.674420048003,33.811722,8888.976687552002,16.481939968,0.0,0.0,90.43045,50.0,1.0,950.5494103520068,510.9398128640005,0.0
2009-11-01,51,29504.439506412797,52.319851,8394.613500415999,16.21724416,0.0,0.0,74.317268,50.0,1.0,1533.4284941071965,502.7343751039989,0.0
2009-11-01,52,22707.762361156798,42.071213,9018.260062656,16.434700671999998,0.0,0.0,79.806328,50.0,1.0,1210.187896060801,509.47568755200155,0.0
2009-11-01,53,51812.0162010448,79.806107,11493.760687552001,14.176061952,0.0,0.0,66.108437,50.0,1.0,2410.1617510447977,439.4576875520015,0.0
2009-11-01,54,26139.2103528944,27.401394,9342.711624896001,8.359094016,0.0,0.0,60.749905,50.0,1.0,804.0048027903977,259.13224979200277,0.0
2009-11-01,55,49457.35045909919,78.843552,10752.844375104,14.160545152,0.0,0.0,68.151527,50.0,1.0,2380.040526044788,438.9766875519981,0.0
2009-11-01,56,23951.3507668416,13.154881,8404.131937344,5.743088832000001,0.0,0.0,55.369308,50.0,1.0,374.3322559968001,178.03499999999985,0.0
2009-11-01,6,59774.707776849595,100.0,10850.484937344,15.342768895999999,0.0,0.0,74.634766,52.060032,1.0,3036.32296094879,475.625312447999,0.0
2009-11-01,7,10323.4740913328,0.0,2367.8959690879997,0.0,133.290527,89799.5,271.225433,300.0,1.0,0.0,0.0,4132.007811999996
2009-11-01,9,23550.7851482544,29.394012,9208.96843776,11.900115968,0.0,0.0,62.773148,50.0,1.0,842.7126626175996,368.90425062400027,0.0
2009-12-01,1,18635.033191731203,12.855038,2.55877856,0.0,0.0,0.0,73.226273,50.0,1.0,390.58671499200136,0.0,0.0
2009-12-01,12,48593.46772789439,89.651207,9776.560624896001,10.719101951999999,0.0,0.0,87.585526,50.0,1.0,2654.0809466895953,321.5728746880013,0.0
2009-12-01,13,16361.5769856208,0.0,4763.04034336,0.0,250.0,133900.0,150.731293,181.226807,1.0,0.0,0.0,7500.0
2009-12-01,14,49098.571889259205,99.642799,11508.902437760002,25.666716608,0.0,0.0,73.392807,50.0,1.0,2860.216828102406,770.0013751040005,0.0
2009-12-01,15,2650.377862456,0.0,1080.0747343360001,0.0,100.0,65550.0,104.196999,115.861046,1.0,0.0,0.0,3000.0
2009-12-01,16,50485.503274999995,100.0,9100.169,14.794069888000001,0.0,0.0,78.491768,54.412067,1.0,2941.954146897602,443.8216248960016,0.0
2009-12-01,17,24595.9179677504,42.446346,12037.867562239999,19.593353727999997,0.0,0.0,82.239761,50.0,1.0,1161.9564150639999,587.8006875519968,0.0
2009-12-01,19,0.0,0.0,0.0,0.0,200.0,85350.0,192.957809,227.147858,1.0,0.0,0.0,6000.0
2009-12-01,2,19695.628620048003,0.0,5306.085687551999,0.0,100.0,74700.0,165.622635,195.411057,1.0,0.0,0.0,3000.0
2009-12-01,20,50610.6694906928,100.0,8524.182874688002,9.596106624,0.0,0.0,106.833504,70.52951,1.0,2975.840728283205,287.8833742720017,0.0
2009-12-01,21,3693.2081635967997,0.0,950.0383751040001,0.0,150.0,92850.0,164.75441,186.879791,1.0,0.0,0.0,4500.0
2009-12-01,22,24101.453770852797,54.371952,11758.209937344,25.797752448,0.0,0.0,80.208092,50.0,1.0,1483.855421164797,773.9330626559986,0.0
2009-12-01,23,35314.742819824,43.741482,4677.744093568,7.479437888,0.0,0.0,61.525261,50.0,1.0,1280.2827260287959,224.3828437759994,0.0
2009-12-01,24,17359.134568899204,0.0,3296.853624896,0.0,200.0,98950.0,124.717606,141.646866,1.0,0.0,0.0,6000.0
2009-12-01,25,49130.76497210561,100.0,18366.476375104,35.367864896,0.0,0.0,110.449341,75.395859,1.0,2807.8287968976074,1061.0356248960015,0.0
2009-12-01,26,11469.072694115199,0.0,2419.039796992,0.0,150.0,73050.0,118.175949,131.446289,1.0,0.0,0.0,4500.0
2009-12-01,27,50309.5095093072,100.0,14927.557125311998,28.812119231999997,0.0,0.0,81.135902,60.653641,1.0,2850.5671624095994,864.3635004159987,0.0
2009-12-01,28,16197.7439393632,0.0,8189.129812864,0.0,150.0,89800.0,178.893433,212.038513,1.0,0.0,0.0,4500.0
2009-12-01,29,65250.46828740959,80.528229,25370.273500416,27.404183872,0.0,0.0,92.354095,50.0,1.0,2268.112137409589,822.1265004159977,0.0
2009-12-01,3,66311.2021656928,100.0,25998.080874688,34.133127808,0.0,0.0,83.462524,53.686821,1.0,2815.8782813856014,1023.9937493759971,0.0
2009-12-01,30,58834.1834181984,100.0,35351.390750208004,50.399632192000006,0.0,0.0,110.643372,56.940514,1.0,2709.8334312047955,1511.9877502080053,0.0
2009-12-01,31,77595.4624218976,100.0,18760.535624895998,20.384022463999997,0.0,0.0,80.496864,63.478512,1.0,2905.5116468975903,611.5216248959987,0.0
2009-12-01,32,17089.8692130064,0.0,4182.295,0.0,200.0,134150.0,103.75135,128.605896,1.0,0.0,0.0,6000.0
2009-12-01,33,48732.64095,100.0,16959.111,30.569817408000002,0.0,0.0,74.715134,52.031055,1.0,2839.108256204796,917.094750207998,0.0
2009-12-01,34,10489.494538022398,0.0,4413.073843776001,0.0,200.0,99050.0,145.58429,173.753799,1.0,0.0,0.0,6000.0
2009-12-01,35,27624.1783276864,61.472736,7752.359874688001,10.23412,0.0,0.0,118.474525,50.0,1.0,1801.0686104288034,307.0234369280006,0.0
2009-12-01,36,8973.8223096576,0.0,4027.040062656,0.0,150.0,82250.0,190.379028,250.192719,1.0,0.0,0.0,4500.0
2009-12-01,37,14834.4426593072,0.0,2577.531125312,0.0,150.0,83800.0,113.909058,125.016258,1.0,0.0,0.0,4500.0
2009-12-01,38,18071.2657261488,38.565285,7986.008062655999,10.217516608,0.0,0.0,102.50177,50.0,1.0,1105.1577370975974,306.52537510399907,0.0
2009-12-01,4,9849.573744824,0.0,4149.151093568,0.0,200.0,142764.640625,155.055847,200.043076,1.0,0.0,0.0,6000.0
2009-12-01,40,59205.405174792,100.0,11384.961249792,19.43688032,0.0,0.0,81.927917,68.333763,1.0,2911.686390692812,583.106874688001,0.0
2009-12-01,41,14138.352450470398,0.0,6562.228156224,0.0,200.0,109550.0,172.733124,209.847809,1.0,0.0,0.0,6000.0
2009-12-01,42,23355.4977690032,0.0,8677.292,0.0,150.0,76150.0,107.979797,128.588547,1.0,0.0,0.0,4500.0
2009-12-01,43,65762.38397335839,100.0,9175.634812864,11.814135424,0.0,0.0,105.566879,89.972969,1.0,2961.3809655119912,354.42387552000037,0.0
2009-12-01,44,50280.41075,81.578423,21032.804,34.168224064,0.0,0.0,79.20961,50.0,1.0,2255.927118198415,1025.0467502079991,0.0
2009-12-01,45,62200.698156204795,100.0,17745.958750208,25.585564992,0.0,0.0,154.361359,95.160912,1.0,2871.6017593071956,767.5671253120017,0.0
2009-12-01,47,72279.65298759041,100.0,14434.348499584,20.448087295999997,0.0,0.0,84.236061,67.06118,1.0,2905.094253283227,613.4423742720028,0.0
2009-12-01,48,55088.70995,100.0,14146.808,25.06920832,0.0,0.0,87.468895,51.308254,1.0,2874.9679233583956,752.0768128640011,0.0
2009-12-01,49,30690.4391986432,57.857491,9883.730187136,16.115834176,0.0,0.0,92.794518,50.0,1.0,1652.8790757007991,483.47487468800136,0.0
2009-12-01,50,18613.8092239552,33.824112,9379.416312447998,16.34797632,0.0,0.0,90.799492,50.0,1.0,921.1348039071963,490.43962489599653,0.0
2009-12-01,51,31022.800935948795,53.420422,8876.719312447998,16.070186496,0.0,0.0,74.935265,50.0,1.0,1518.3614295359985,482.10581203199945,0.0
2009-12-01,52,23911.910721404798,43.109188,9504.579500415999,16.210648064,0.0,0.0,80.239952,50.0,1.0,1204.1483602480002,486.31943775999935,0.0
2009-12-01,53,54151.6665721056,80.059006,11921.089375103998,14.244291776000003,0.0,0.0,66.151596,50.0,1.0,2339.6503710608013,427.32868755199706,0.0
2009-12-01,54,26910.795519211202,27.166283,9590.447750207999,8.257867072000002,0.0,0.0,60.631504,50.0,1.0,771.5851663168032,247.73612531199797,0.0
2009-12-01,55,51782.14561694559,79.578598,11181.372312447998,14.284241920000001,0.0,0.0,68.294067,50.0,1.0,2324.7951578464053,428.52793734399893,0.0
2009-12-01,56,24303.539310948796,12.796627,8572.675312447998,5.61810912,0.0,0.0,55.221016,50.0,1.0,352.18854410719723,168.5433751039982,0.0
2009-12-01,6,62715.2409487472,100.0,11300.84556224,15.012018112,0.0,0.0,75.54837,53.10471,1.0,2940.5331718976086,450.36062489600045,0.0
2009-12-01,7,10323.4740913328,0.0,2367.8959690879997,0.0,131.560898,93746.328125,271.819183,300.0,1.0,0.0,0.0,3946.828125
2009-12-01,9,24367.7998856368,29.458452,9568.142187136,11.972474176,0.0,0.0,62.840103,50.0,1.0,817.0147373824002,359.17374937599925,0.0
2010-01-01,1,19038.521238732803,12.851268,2.55877856,0.0,0.0,0.0,73.204185,50.0,1.0,403.4880470015996,0.0,0.0
2010-01-01,12,51356.936389051196,90.248337,10098.873687552,10.397190336,0.0,0.0,87.486649,50.0,1.0,2763.468661156803,322.3130626559996,0.0
2010-01-01,13,16361.5769856208,0.0,4763.04034336,0.0,250.0,141650.0,152.30014,182.516327,1.0,0.0,0.0,7750.0
2010-01-01,14,52065.09828141279,100.0,12305.715500416,25.703646592000002,0.0,0.0,73.671173,50.112541,1.0,2966.526392153588,796.8130626559978,0.0
2010-01-01,15,2650.377862456,0.0,1080.0747343360001,0.0,100.0,68650.0,105.48555,117.048759,1.0,0.0,0.0,3100.0
2010-01-01,16,53528.4618078464,100.0,9545.258937344,14.357746624,0.0,0.0,78.833992,54.776348,1.0,3042.958532846402,445.08993734400065,0.0
2010-01-01,17,25791.5700236432,42.23003,12637.182187136,19.332707264,0.0,0.0,82.739243,50.0,1.0,1195.6520558927987,599.314624896002,0.0
2010-01-01,19,0.0,0.0,0.0,0.0,200.0,91550.0,195.828842,229.53595,1.0,0.0,0.0,6200.0
2010-01-01,2,19695.628620048003,0.0,5306.085687551999,0.0,100.0,77800.0,166.338638,195.872192,1.0,0.0,0.0,3100.0
2010-01-01,20,53688.839529744,100.0,8807.23756224,9.130791487999998,0.0,0.0,107.170326,71.085663,1.0,3078.170039051198,283.05468755199763,0.0
2010-01-01,21,3693.2081635967997,0.0,950.0383751040001,0.0,150.0,97500.0,164.651321,186.641754,1.0,0.0,0.0,4650.0
2010-01-01,22,25653.250529251203,55.015591,12565.893437760002,26.05432128,0.0,0.0,80.743477,50.0,1.0,1551.7967583984064,807.6835004160021,0.0
2010-01-01,23,36640.0993582784,43.825882,4910.7552815359995,7.5164918400000005,0.0,0.0,61.696407,50.0,1.0,1325.356538454398,233.01118796799983,0.0
2010-01-01,24,17359.134568899204,0.0,3296.853624896,0.0,200.0,105150.0,126.070778,142.82428,1.0,0.0,0.0,6200.0
2010-01-01,25,52035.163434696005,99.999992,19449.187874688,34.926188544,0.0,0.0,113.510475,78.117836,1.0,2904.3984625903977,1082.7114995839984,0.0
2010-01-01,26,11469.072694115199,0.0,2419.039796992,0.0,150.0,77700.0,119.256851,132.369873,1.0,0.0,0.0,4650.0
2010-01-01,27,53256.088046897596,100.0,15816.165624895999,28.664758720000002,0.0,0.0,82.590561,62.220707,1.0,2946.5785375903943,888.608499584001,0.0
2010-01-01,28,16197.7439393632,0.0,8189.129812864,0.0,150.0,94450.0,179.203461,211.986282,1.0,0.0,0.0,4650.0
2010-01-01,29,67596.82209689761,80.462555,26198.212624895998,26.707719168000004,0.0,0.0,92.640045,50.0,1.0,2346.3538094880205,827.939124479999,0.0
2010-01-01,3,69227.86536569279,100.0,27024.352874688,33.105572864,0.0,0.0,84.672966,54.740101,1.0,2916.6631999999954,1026.2720000000008,0.0
2010-01-01,30,61641.816449583996,99.999992,36879.39449958401,49.290471360000005,0.0,0.0,113.720398,59.683064,1.0,2807.633031385594,1528.0037493760028,0.0
2010-01-01,31,80599.6787281024,100.0,19383.908375104,20.108816,0.0,0.0,81.965294,64.976295,1.0,3004.2163062048057,623.3727502080037,0.0
2010-01-01,32,17089.8692130064,0.0,4182.295,0.0,200.0,140350.0,104.257866,128.963577,1.0,0.0,0.0,6200.0
2010-01-01,33,51667.5575343072,100.0,17901.385125312,30.395983488,0.0,0.0,75.803001,53.405533,1.0,2934.916584307197,942.2741253120003,0.0
2010-01-01,34,10489.494538022398,0.0,4413.073843776001,0.0,200.0,105250.0,146.590332,174.456421,1.0,0.0,0.0,6200.0
2010-01-01,35,29501.596540304003,61.930347,8060.658125311999,9.945110656,0.0,0.0,118.592247,50.0,1.0,1877.418212617602,308.2982506239987,0.0
2010-01-01,36,8973.8223096576,0.0,4027.040062656,0.0,150.0,86900.0,189.957901,249.192886,1.0,0.0,0.0,4650.0
2010-01-01,37,14834.4426593072,0.0,2577.531125312,0.0,150.0,88450.0,114.064301,125.080276,1.0,0.0,0.0,4650.0
2010-01-01,38,19232.5337874096,39.079426,8288.351500416,9.753004352,0.0,0.0,102.946327,50.0,1.0,1161.268061260802,302.3434377600006,0.0
2010-01-01,4,9849.573744824,0.0,4149.151093568,0.0,200.0,148964.640625,154.723099,199.382492,1.0,0.0,0.0,6200.0
2010-01-01,40,62213.9257216896,100.0,11988.526874688001,19.469854976,0.0,0.0,83.389526,69.791138,1.0,3008.5205468975983,603.5656248960004,0.0
2010-01-01,41,14138.352450470398,0.0,6562.228156224,0.0,200.0,115750.0,174.400558,211.123993,1.0,0.0,0.0,6200.0
2010-01-01,42,23355.4977690032,0.0,8677.292,0.0,150.0,80800.0,108.227234,128.549667,1.0,0.0,0.0,4650.0
2010-01-01,43,68825.3526875904,100.0,9528.642499584,11.387340223999999,0.0,0.0,107.285049,91.690666,1.0,3062.968714232018,353.0076867200005,0.0
2010-01-01,44,52629.224936993596,82.144417,22092.395,34.180319680000004,0.0,0.0,79.446861,50.0,1.0,2348.8141869935935,1059.5910000000003,0.0
2010-01-01,45,65171.81923430719,100.0,18521.628125312,25.021564672,0.0,0.0,155.56691,96.078171,1.0,2971.1210781023983,775.6693751040002,0.0
2010-01-01,47,75281.9369937952,100.0,15066.613249792003,20.395606400000002,0.0,0.0,85.748878,68.629601,1.0,3002.284006204791,632.2647502080017,0.0
2010-01-01,48,58059.831028102395,100.0,14922.477375104001,25.021603776,0.0,0.0,88.646072,52.310314,1.0,2971.1210781023983,775.6693751040002,0.0
2010-01-01,49,32405.344655996796,58.021366,10375.105,15.85080224,0.0,0.0,93.065697,50.0,1.0,1714.9054573535977,491.374812864,0.0
2010-01-01,50,19567.4450463008,33.850288,9881.724125312,16.203476224000003,0.0,0.0,91.136894,50.0,1.0,953.6358223456009,502.3078128640009,0.0
2010-01-01,51,32630.084609904,54.602028,9369.322624896002,15.890414592,0.0,0.0,75.566124,50.0,1.0,1607.283673955204,492.60331244800363,0.0
2010-01-01,52,25192.781233262398,44.219833,9999.22543776,15.95632896,0.0,0.0,80.71035,50.0,1.0,1280.8705118576,494.64593734400114,0.0
2010-01-01,53,56577.039588006395,80.320518,12364.846,14.314738048,0.0,0.0,66.197548,50.0,1.0,2425.3730159007973,443.7566248960011,0.0
2010-01-01,54,27702.037756801597,26.953623,9843.616249792,8.166726464,0.0,0.0,60.522625,50.0,1.0,791.2422375903952,253.16849958400053,0.0
2010-01-01,55,54206.690440303995,80.312531,11627.793125311999,14.400687808,0.0,0.0,68.435349,50.0,1.0,2424.544823358403,446.42081286400025,0.0
2010-01-01,56,24658.073126953597,12.472136,8743.170312448,5.4998236799999995,0.0,0.0,55.084904,50.0,1.0,354.53381600480134,170.4950000000008,0.0
2010-01-01,6,65756.064029744,100.0,11755.78056224,14.675322687999998,0.0,0.0,76.51947,54.224186,1.0,3040.8230809967936,454.9349999999995,0.0
2010-01-01,7,10323.4740913328,0.0,2367.8959690879997,0.0,130.244446,97783.90625,272.293854,300.0,1.0,0.0,0.0,4037.578125
2010-01-01,9,25215.244536260798,29.576223,9941.596437760001,12.046895744,0.0,0.0,62.92831,50.0,1.0,847.4446506239983,373.45425062400136,0.0
2010-02-01,1,19449.751666731205,13.09781,2.55877856,0.0,0.0,0.0,73.520973,50.0,1.0,411.23042799840186,0.0,0.0
2010-02-01,12,54146.7672516416,91.028694,10412.622187136,10.120915584,0.0,0.0,87.4813,50.0,1.0,2789.830862590403,313.74849958399864,0.0
2010-02-01,13,16361.5769856208,0.0,4763.04034336,0.0,200.0,147850.0,144.435913,168.280457,1.0,0.0,0.0,6200.0
2010-02-01,14,55029.818262798406,100.0,13110.841249792,25.971792704,0.0,0.0,74.732468,51.06292,1.0,2964.719981385613,805.1257493760004,0.0
2010-02-01,15,2650.377862456,0.0,1080.0747343360001,0.0,150.0,73300.0,114.078156,131.173447,1.0,0.0,0.0,4650.0
2010-02-01,16,56575.802975,100.0,9970.181,13.707157568,0.0,0.0,81.496719,57.6861,1.0,3047.3411671536014,424.922062656,0.0
2010-02-01,17,27001.9254089952,42.730091,13241.085,19.480754175999998,0.0,0.0,83.512024,50.0,1.0,1210.3553853520025,603.9028128639984,0.0
2010-02-01,19,0.0,0.0,0.0,0.0,200.0,97750.0,198.452393,231.717194,1.0,0.0,0.0,6200.0
2010-02-01,2,19695.628620048003,0.0,5306.085687551999,0.0,150.0,82450.0,182.37291,225.985001,1.0,0.0,0.0,4650.0
2010-02-01,20,56769.92285,100.0,9076.886,8.698348672,0.0,0.0,107.469299,71.608604,1.0,3081.0833202560025,269.6484377600009,0.0
2010-02-01,21,3693.2081635967997,0.0,950.0383751040001,0.0,150.0,102150.0,164.536835,186.402328,1.0,0.0,0.0,4650.0
2010-02-01,22,27233.843348150403,56.018055,13385.909062656001,26.45210048,0.0,0.0,81.523285,50.0,1.0,1580.5928188992002,820.0156248959993,0.0
2010-02-01,23,37970.594203102395,43.996918,5144.826375103999,7.550667904,0.0,0.0,62.31295,50.0,1.0,1330.4948448239957,234.07109356799992,0.0
2010-02-01,24,17359.134568899204,0.0,3296.853624896,0.0,150.0,109800.0,121.011803,132.68869,1.0,0.0,0.0,4650.0
2010-02-01,25,54942.8162971056,100.0,20516.923375104,34.443093567999995,0.0,0.0,116.400246,80.637222,1.0,2907.6528624095954,1067.7355004160017,0.0
2010-02-01,26,11469.072694115199,0.0,2419.039796992,0.0,150.0,82350.0,121.754448,134.697723,1.0,0.0,0.0,4650.0
2010-02-01,27,56199.93163120479,100.0,16717.359750207997,29.070786368,0.0,0.0,84.304482,63.891979,1.0,2943.843584307193,901.1941253119985,0.0
2010-02-01,28,16197.7439393632,0.0,8189.129812864,0.0,200.0,100650.0,193.749832,236.93718,1.0,0.0,0.0,6200.0
2010-02-01,29,69951.352850416,80.589073,27006.765500416,26.082358015999997,0.0,0.0,92.843994,50.0,1.0,2354.5307535183965,808.552875520003,0.0
2010-02-01,3,72149.6216874096,100.0,28027.187500415996,32.349481216,0.0,0.0,85.532883,55.477993,1.0,2921.7563217168063,1002.8346257279954,0.0
2010-02-01,30,64456.01266199359,100.0,38377.196,48.316127808,0.0,0.0,116.59758,62.111565,1.0,2814.1962124095953,1497.801500415997,0.0
2010-02-01,31,83602.32927810239,100.0,20014.486375104003,20.341250176000003,0.0,0.0,84.300819,67.052979,1.0,3002.650549999991,630.5780000000013,0.0
2010-02-01,32,17089.8692130064,0.0,4182.295,0.0,250.0,148100.0,111.041443,141.79744,1.0,0.0,0.0,7750.0
2010-02-01,33,54602.69023120479,100.0,18842.664750207998,30.363835840000004,0.0,0.0,78.379829,56.362026,1.0,2935.132696897592,941.2796248959967,0.0
2010-02-01,34,10489.494538022398,0.0,4413.073843776001,0.0,200.0,111450.0,146.662125,174.223801,1.0,0.0,0.0,6200.0
2010-02-01,35,31402.198185948797,62.61734,8361.529312448,9.705502976,0.0,0.0,118.980904,50.0,1.0,1900.6016456447942,300.8711871360001,0.0
2010-02-01,36,8973.8223096576,0.0,4027.040062656,0.0,150.0,91550.0,189.948502,248.63765,1.0,0.0,0.0,4650.0
2010-02-01,37,14834.4426593072,0.0,2577.531125312,0.0,150.0,93100.0,114.210632,125.143288,1.0,0.0,0.0,4650.0
2010-02-01,38,20417.722704743996,39.758553,8578.73656224,9.36725504,0.0,0.0,103.703232,50.0,1.0,1185.1889173343952,290.3850618239994,0.0
2010-02-01,4,9849.573744824,0.0,4149.151093568,0.0,200.0,155164.640625,154.495422,198.84407,1.0,0.0,0.0,6200.0
2010-02-01,40,65217.65937869921,100.0,12614.138874688002,20.1810544,0.0,0.0,85.010811,71.115921,1.0,3003.7336570096086,625.612000000001,0.0
2010-02-01,41,14138.352450470398,0.0,6562.228156224,0.0,200.0,121950.0,175.995758,212.35675,1.0,0.0,0.0,6200.0
2010-02-01,42,23355.4977690032,0.0,8677.292,0.0,150.0,85450.0,108.513496,128.570129,1.0,0.0,0.0,4650.0
2010-02-01,43,71887.2795062048,100.0,9886.444750208,11.542003200000002,0.0,0.0,104.814575,89.393242,1.0,3061.926818614389,357.8022506239995,0.0
2010-02-01,44,55055.3126874096,84.813805,23182.061500416,35.150565631999996,0.0,0.0,80.384865,50.0,1.0,2426.0877504160017,1089.6665004159986,0.0
2010-02-01,45,68145.7081062048,100.0,19284.560750208,24.610731392,0.0,0.0,157.907684,98.042801,1.0,2973.8888718976013,762.9326248959987,0.0
2010-02-01,47,78282.9253843072,100.0,15704.840125312,20.587973952,0.0,0.0,86.139595,69.081993,1.0,3000.988390511993,638.2268755199966,0.0
2010-02-01,48,61028.779328102406,100.0,15708.145375104,25.344136063999997,0.0,0.0,89.713387,52.860828,1.0,2968.948300000011,785.6679999999997,0.0
2010-02-01,49,34127.773229952,58.206402,10858.595312447998,15.596456512,0.0,0.0,93.315613,50.0,1.0,1722.4285739552033,483.4903124479988,0.0
2010-02-01,50,20538.7539511488,34.443459,10388.408062656,16.344659135999997,0.0,0.0,92.168434,50.0,1.0,971.3089048479997,506.6839373440016,0.0
2010-02-01,51,34275.6233582624,55.775272,9855.38043776,15.679309568,0.0,0.0,76.178558,50.0,1.0,1645.5387483583982,486.05781286399906,0.0
2010-02-01,52,26510.262983891196,45.325104,10485.086624896001,15.67295392,0.0,0.0,81.173004,50.0,1.0,1317.4817506287982,485.8611871360008,0.0
2010-02-01,53,59010.19678326239,80.583618,12810.813437760002,14.386037952,0.0,0.0,66.244972,50.0,1.0,2433.157195255997,445.9674377600022,0.0
2010-02-01,54,28487.967499896,26.76746,10094.332624896,8.087635711999999,0.0,0.0,60.425278,50.0,1.0,785.9297430944025,250.7163751040007,0.0
2010-02-01,55,56653.353031204795,81.041687,12077.789750208,14.516022143999999,0.0,0.0,68.574661,50.0,1.0,2446.6625909008,449.99662489600087,0.0
2010-02-01,56,25004.464539051198,12.189664,8910.335687552002,5.392446592000001,0.0,0.0,54.964939,50.0,1.0,346.39141209760055,167.16537510400303,0.0
2010-02-01,6,68799.41205930719,100.0,12199.078125311999,14.299905984,0.0,0.0,78.920372,56.829006,1.0,3043.348029563189,443.2975630719993,0.0
2010-02-01,7,10323.4740913328,0.0,2367.8959690879997,0.0,128.936005,101780.921875,272.745575,300.0,1.0,0.0,0.0,3997.015625
2010-02-01,9,26066.636476356798,29.717485,10317.294812864,12.119313856000002,0.0,0.0,62.7701,50.0,1.0,851.3919400960003,375.69837510399884,0.0
2010-03-01,1,19830.740519729603,13.434811,2.55877856,0.0,0.0,0.0,73.960304,50.0,1.0,380.9888529983982,0.0,0.0
2010-03-01,12,56690.540654744,91.824234,10689.715562239999,9.89618656,0.0,0.0,87.514549,50.0,1.0,2543.773403102401,277.0933751039993,0.0
2010-03-01,13,16361.5769856208,0.0,4763.04034336,0.0,200.0,153450.0,142.171707,165.912094,1.0,0.0,0.0,5600.0
2010-03-01,14,57705.9645440032,100.0,13845.715,26.245469952,0.0,0.0,75.925026,52.148205,1.0,2676.1462812047976,734.8737502080003,0.0
2010-03-01,15,2650.377862456,0.0,1080.0747343360001,0.0,150.0,77500.0,117.037575,133.956039,1.0,0.0,0.0,4200.0
2010-03-01,16,59331.84961405119,100.0,10337.371687552002,13.113945728,0.0,0.0,83.391586,59.857689,1.0,2756.046639051194,367.1906875520017,0.0
2010-03-01,17,28110.2900027904,43.289055,13789.818249792002,19.597590272,0.0,0.0,84.206467,50.0,1.0,1108.3645937951987,548.7332497920033,0.0
2010-03-01,19,0.0,0.0,0.0,0.0,200.0,103350.0,200.656433,233.554779,1.0,0.0,0.0,5600.0
2010-03-01,2,19695.628620048003,0.0,5306.085687551999,0.0,150.0,86650.0,188.091995,231.152771,1.0,0.0,0.0,4200.0
2010-03-01,20,59555.0410343072,100.0,9310.296125312,8.336072576000001,0.0,0.0,107.715248,72.073914,1.0,2785.118184307197,233.41012531199885,0.0
2010-03-01,21,3693.2081635967997,0.0,950.0383751040001,0.0,150.0,106350.0,164.431122,186.192169,1.0,0.0,0.0,4200.0
2010-03-01,22,28689.0153405888,57.073048,14137.506499584,26.84277856,0.0,0.0,82.341026,50.0,1.0,1455.1719924383979,751.5974369279993,0.0
2010-03-01,23,39178.932773150394,44.236732,5357.1740626559995,7.583858048,0.0,0.0,62.711754,50.0,1.0,1208.3385700479994,212.34768755200002,0.0
2010-03-01,24,17359.134568899204,0.0,3296.853624896,0.0,150.0,114000.0,121.170525,132.843719,1.0,0.0,0.0,4200.0
2010-03-01,25,57572.0015440032,100.0,21467.901,33.963487168,0.0,0.0,118.876503,82.782097,1.0,2629.1852468975994,950.9776248960006,0.0
2010-03-01,26,11469.072694115199,0.0,2419.039796992,0.0,150.0,86550.0,124.084343,136.891418,1.0,0.0,0.0,4200.0
2010-03-01,27,58857.63066240959,100.0,17537.123500416,29.277282112,0.0,0.0,85.887016,65.491096,1.0,2657.6990312048,819.7637502080033,0.0
2010-03-01,28,16197.7439393632,0.0,8189.129812864,0.0,200.0,106250.0,199.011383,241.698196,1.0,0.0,0.0,5600.0
2010-03-01,29,72086.37507499999,80.770889,27722.396,25.558247936,0.0,0.0,93.002441,50.0,1.0,2135.022224583983,715.6304995840001,0.0
2010-03-01,3,74792.6391937952,100.0,28914.512249792,31.690210239999995,0.0,0.0,86.526398,56.335342,1.0,2643.0175063856004,887.3247493760027,0.0
2010-03-01,30,67002.9547431984,100.0,39706.63775020801,47.48006848,0.0,0.0,119.045799,64.206398,1.0,2546.9420812048047,1329.4417502080032,0.0
2010-03-01,31,86315.0709625904,100.0,20580.956499584,20.231034304,0.0,0.0,86.278954,68.923721,1.0,2712.7416844880063,566.470124479998,0.0
2010-03-01,32,17089.8692130064,0.0,4182.295,0.0,250.0,155100.0,113.281723,143.833847,1.0,0.0,0.0,7000.0
2010-03-01,33,57254.926065692795,100.0,19687.568874688,30.175132416,0.0,0.0,81.066711,59.415989,1.0,2652.235834488005,844.9041244800028,0.0
2010-03-01,34,10489.494538022398,0.0,4413.073843776001,0.0,200.0,117050.0,147.119659,174.442108,1.0,0.0,0.0,5600.0
2010-03-01,35,33141.693645256,63.382774,8628.15443776,9.522338176000002,0.0,0.0,119.496857,50.0,1.0,1739.4954593071998,266.6251253120008,0.0
2010-03-01,36,8973.8223096576,0.0,4027.040062656,0.0,150.0,95750.0,190.188461,248.408585,1.0,0.0,0.0,4200.0
2010-03-01,37,14834.4426593072,0.0,2577.531125312,0.0,150.0,97300.0,114.332626,125.195587,1.0,0.0,0.0,4200.0
2010-03-01,38,21511.2300510448,40.505882,8832.634687552001,9.067784128,0.0,0.0,104.528191,50.0,1.0,1093.5073463008048,253.89812531200187,0.0
2010-03-01,4,9849.573744824,0.0,4149.151093568,0.0,200.0,160764.640625,154.355759,198.43663,1.0,0.0,0.0,5600.0
2010-03-01,40,67928.15077395519,100.0,13190.964312447999,20.6008816,0.0,0.0,86.681519,72.629456,1.0,2710.49139525598,576.8254377599969,0.0
2010-03-01,41,14138.352450470398,0.0,6562.228156224,0.0,200.0,127550.0,177.362564,213.417923,1.0,0.0,0.0,5600.0
2010-03-01,42,23355.4977690032,0.0,8677.292,0.0,150.0,89650.0,108.826553,128.659637,1.0,0.0,0.0,4200.0
2010-03-01,43,74654.5375109488,100.0,10202.043312447999,11.271384384000001,0.0,0.0,103.640198,88.351433,1.0,2767.2580047439988,315.5985622399985,0.0
2010-03-01,44,57320.0667375904,87.603203,24192.304499584,36.080096832,0.0,0.0,81.343315,50.0,1.0,2264.7540501808035,1010.2429991680001,0.0
2010-03-01,45,70833.4940937952,100.0,19965.871249792002,24.332537216000002,0.0,0.0,160.34375,100.067574,1.0,2687.7859875904105,681.310499584004,0.0
2010-03-01,47,80993.2640531024,99.999969,16282.368375104,20.625993024,0.0,0.0,86.350693,69.344635,1.0,2710.3386687952006,577.5282497920016,0.0
2010-03-01,48,63709.644065692795,100.0,16421.305874688,25.470015168,0.0,0.0,91.111412,53.839802,1.0,2680.8647375903893,713.1604995840007,0.0
2010-03-01,49,35690.4306266416,58.402973,11289.134187136,15.376386688,0.0,0.0,93.5411,50.0,1.0,1562.657396689603,430.53887468800167,0.0
2010-03-01,50,21435.1034483584,35.157177,10851.581812864,16.541922176,0.0,0.0,93.291115,50.0,1.0,896.3494972096014,463.17375020799955,0.0
2010-03-01,51,35792.148982846404,56.793293,10288.130937344,15.455355968,0.0,0.0,76.705833,50.0,1.0,1516.5256245840064,432.75049958399904,0.0
2010-03-01,52,27731.964465796806,46.387482,10916.610249792,15.411542848000002,0.0,0.0,81.547966,50.0,1.0,1221.7014819056094,431.5236248959991,0.0
2010-03-01,53,61214.1587572496,80.818596,13215.425437760001,14.450420607999998,0.0,0.0,66.288422,50.0,1.0,2203.961973987207,404.61199999999917,0.0
2010-03-01,54,29193.966241841597,26.617336,10319.018937343999,8.02451104,0.0,0.0,60.345264,50.0,1.0,705.9987419455974,224.68631244799872,0.0
2010-03-01,55,58880.32250125279,81.664772,12486.944437760001,14.612658944000001,0.0,0.0,68.693161,50.0,1.0,2226.969470047996,409.15468755200163,0.0
2010-03-01,56,25311.46299536,11.963673,9058.842812864,5.303808640000001,0.0,0.0,54.868015,50.0,1.0,306.9984563088037,148.5071253119986,0.0
2010-03-01,6,71550.9858406928,100.0,12586.851874688002,13.849065984000001,0.0,0.0,80.69619,58.822056,1.0,2751.5737813856103,387.77374937600325,0.0
2010-03-01,7,10323.4740913328,0.0,2367.8959690879997,0.0,127.654015,105355.234375,273.166138,300.0,1.0,0.0,0.0,3574.3125
2010-03-01,9,26839.3471168416,29.862877,10658.526937344,12.186848128,0.0,0.0,62.708519,50.0,1.0,772.7106404848018,341.2321244800005,0.0
2010-04-01,1,20265.3484297376,13.84245,2.55877856,0.0,0.0,0.0,74.499573,50.0,1.0,434.6079100079987,0.0,0.0
2010-04-01,12,59536.88154564481,92.730209,10989.250187136,9.662399551999998,0.0,0.0,87.556938,50.0,1.0,2846.3408909008067,299.53462489600133,0.0
2010-04-01,13,16361.5769856208,0.0,4763.04034336,0.0,200.0,159650.0,140.942764,164.590637,1.0,0.0,0.0,6200.0
2010-04-01,14,60667.5957409008,100.0,14665.054624896,26.430347008000002,0.0,0.0,77.254669,53.375168,1.0,2961.6311968975933,819.3396248959998,0.0
2010-04-01,15,2650.377862456,0.0,1080.0747343360001,0.0,150.0,82150.0,119.589737,136.320328,1.0,0.0,0.0,4650.0
2010-04-01,16,62387.06882335839,100.0,10726.040812864,12.537708352000001,0.0,0.0,84.969925,61.71595,1.0,3055.219209307201,388.66912531199705,0.0
2010-04-01,17,29355.863159592,43.884808,14398.494499584001,19.634748224000003,0.0,0.0,84.920372,50.0,1.0,1245.5731568016017,608.676249791999,0.0
2010-04-01,19,0.0,0.0,0.0,0.0,200.0,109550.0,202.919189,235.444244,1.0,0.0,0.0,6200.0
2010-04-01,2,19695.628620048003,0.0,5306.085687551999,0.0,150.0,91300.0,192.2314,234.786484,1.0,0.0,0.0,4650.0
2010-04-01,20,62641.044798358394,100.0,9557.301812864,7.967913408,0.0,0.0,107.970734,72.576019,1.0,3086.0037640511946,247.00568755200038,0.0
2010-04-01,21,3693.2081635967997,0.0,950.0383751040001,0.0,150.0,111000.0,164.316544,185.966644,1.0,0.0,0.0,4650.0
2010-04-01,22,30335.158312201598,58.273266,14981.703750207998,27.232184512000003,0.0,0.0,83.301376,50.0,1.0,1646.1429716127968,844.1972506239981,0.0
2010-04-01,23,40528.33810268641,44.615025,5593.540874687999,7.6247242239999995,0.0,0.0,63.101234,50.0,1.0,1349.4053295360136,236.36681203199987,0.0
2010-04-01,24,17359.134568899204,0.0,3296.853624896,0.0,150.0,118650.0,122.327431,133.95993,1.0,0.0,0.0,4650.0
2010-04-01,25,60486.7204377984,100.0,22503.120249792002,33.394172032,0.0,0.0,121.456985,85.014053,1.0,2914.7188937952014,1035.2192497920005,0.0
2010-04-01,26,11469.072694115199,0.0,2419.039796992,0.0,150.0,91200.0,126.651474,139.330933,1.0,0.0,0.0,4650.0
2010-04-01,27,61800.12107189759,99.999992,18444.544624895996,29.271632831999998,0.0,0.0,87.649452,67.348801,1.0,2942.490409488004,907.4211244799953,0.0
2010-04-01,28,16197.7439393632,0.0,8189.129812864,0.0,200.0,112450.0,202.675232,244.826569,1.0,0.0,0.0,6200.0
2010-04-01,29,74459.92198740959,80.96154,28497.293500415995,24.996697024,0.0,0.0,93.178703,50.0,1.0,2373.546912409598,774.8975004159947,0.0
2010-04-01,3,77724.1894374096,100.0,29872.277500415996,30.895655231999996,0.0,0.0,87.885544,57.547096,1.0,2931.5502436144016,957.7652506239974,0.0
2010-04-01,30,69828.58867440319,100.0,41151.805500416,46.618361920000005,0.0,0.0,121.558487,66.338692,1.0,2825.633931204793,1445.167750207991,0.0
2010-04-01,31,89320.85373120481,100.0,21197.120750208,19.87626368,0.0,0.0,88.391724,71.016029,1.0,3005.7827686144155,616.1642506239987,0.0
2010-04-01,32,17089.8692130064,0.0,4182.295,0.0,250.0,162850.0,114.812531,145.17543,1.0,0.0,0.0,7750.0
2010-04-01,33,60193.9841,100.0,20610.785,29.781175424,0.0,0.0,84.18338,62.873932,1.0,2939.058034307207,923.2161253119993,0.0
2010-04-01,34,10489.494538022398,0.0,4413.073843776001,0.0,200.0,123250.0,148.0159,175.096786,1.0,0.0,0.0,6200.0
2010-04-01,35,35098.4085330544,64.328026,8917.966687552002,9.348775488,0.0,0.0,120.094437,50.0,1.0,1956.7148877984,289.81224979200124,0.0
2010-04-01,36,8973.8223096576,0.0,4027.040062656,0.0,150.0,100400.0,190.556519,248.288986,1.0,0.0,0.0,4650.0
2010-04-01,37,14834.4426593072,0.0,2577.531125312,0.0,150.0,101950.0,114.456215,125.247261,1.0,0.0,0.0,4650.0
2010-04-01,38,22751.9691386352,41.400223,9104.575187136,8.772295168,0.0,0.0,105.4384,50.0,1.0,1240.7390875903984,271.94049958399955,0.0
2010-04-01,4,9849.573744824,0.0,4149.151093568,0.0,200.0,166964.640625,154.22879,198.028381,1.0,0.0,0.0,6200.0
2010-04-01,40,70927.40302559681,100.0,13837.180499584001,20.845705088,0.0,0.0,88.665497,74.550514,1.0,2999.252251641621,646.2161871360022,0.0
2010-04-01,41,14138.352450470398,0.0,6562.228156224,0.0,200.0,133750.0,178.780899,214.520355,1.0,0.0,0.0,6200.0
2010-04-01,42,23355.4977690032,0.0,8677.292,0.0,150.0,94300.0,109.212784,128.816727,1.0,0.0,0.0,4650.0
2010-04-01,43,77720.8173016416,100.0,10539.814187136,10.895824576,0.0,0.0,103.075989,87.887985,1.0,3066.2797906928026,337.77087468800164,0.0
2010-04-01,44,59910.573200208,90.413689,25334.435750208,36.842926848000005,0.0,0.0,82.333519,50.0,1.0,2590.5064626175954,1142.1312506239992,0.0
2010-04-01,45,73811.12291240958,100.0,20711.593500416,24.055547776,0.0,0.0,162.914505,102.226128,1.0,2977.6288186143793,745.7222506239959,0.0
2010-04-01,47,83994.3446093072,100.0,16920.171125312,20.574270912,0.0,0.0,86.63797,69.685852,1.0,3001.0805562048045,637.8027502080004,0.0
2010-04-01,48,66677.87375620479,100.0,17210.280750208,25.450799296,0.0,0.0,92.892494,55.21788,1.0,2968.2296905119947,788.974875519998,0.0
2010-04-01,49,37429.646725208,58.644077,11758.600750208,15.144098944,0.0,0.0,93.775497,50.0,1.0,1739.216098566394,469.4665630719992,0.0
2010-04-01,50,22449.7050170496,35.902763,11369.883687552001,16.719390272000002,0.0,0.0,94.471359,50.0,1.0,1014.6015686911996,518.3018746880007,0.0
2010-04-01,51,37507.68683594879,57.89867,10758.872312447998,15.185206399999998,0.0,0.0,77.239143,50.0,1.0,1715.537853102389,470.7413751039985,0.0
2010-04-01,52,29122.857473851196,47.542171,11384.979937344,15.10869152,0.0,0.0,81.910515,50.0,1.0,1390.8930080543905,468.36968755199996,0.0
2010-04-01,53,63661.631784904006,81.068008,13665.497624896,14.518489856,0.0,0.0,66.335388,50.0,1.0,2447.473027654407,450.0721871359983,0.0
2010-04-01,54,29971.343403699197,26.468277,10565.871874688002,7.962977984000001,0.0,0.0,60.264469,50.0,1.0,777.3771618575993,246.8529373440033,0.0
2010-04-01,55,61365.132863843195,82.297913,12942.886937344,14.70783392,0.0,0.0,68.814178,50.0,1.0,2484.810362590404,455.94249958399814,0.0
2010-04-01,56,25645.115398955197,11.745813,9220.491312447999,5.2144792959999995,0.0,0.0,54.773705,50.0,1.0,333.6524035951952,161.64849958399827,0.0
2010-04-01,6,74600.72825784641,100.0,13000.723937343999,13.350716288000001,0.0,0.0,82.094498,60.443604,1.0,3049.7424171536113,413.87206265599707,0.0
2010-04-01,7,10323.4740913328,0.0,2367.8959690879997,0.0,126.193527,109267.234375,273.632355,300.0,1.0,0.0,0.0,3912.0
2010-04-01,9,27700.661124792,30.065966,11038.914249792,12.270568959999999,0.0,0.0,62.709328,50.0,1.0,861.314007950401,380.38731244799965,0.0
2010-05-01,1,20697.5113767392,14.223361,2.55877856,0.0,0.0,0.0,75.010551,50.0,1.0,432.1629470015978,0.0,0.0
2010-05-01,12,62319.2603479424,93.60041,11272.606312447999,9.445220928000001,0.0,0.0,87.59166,50.0,1.0,2782.378802297593,283.35612531199877,0.0
2010-05-01,13,16361.5769856208,0.0,4763.04034336,0.0,200.0,165650.0,140.336609,163.893082,1.0,0.0,0.0,6000.0
2010-05-01,14,63533.809237409594,100.0,15457.435500415999,26.412676992,0.0,0.0,78.473862,54.498871,1.0,2866.213496508797,792.3808755199989,0.0
2010-05-01,15,2650.377862456,0.0,1080.0747343360001,0.0,150.0,86650.0,121.879524,138.443741,1.0,0.0,0.0,4500.0
2010-05-01,16,65346.8617859488,100.0,11087.772312447998,12.057730048,0.0,0.0,86.156898,63.13718,1.0,2959.792962590407,361.7314995839988,0.0
2010-05-01,17,30578.2717619936,44.437881,14986.556,19.602051456,0.0,0.0,85.559731,50.0,1.0,1222.4086024015996,588.061500415999,0.0
2010-05-01,19,0.0,0.0,0.0,0.0,200.0,115550.0,204.961441,237.148926,1.0,0.0,0.0,6000.0
2010-05-01,2,19695.628620048003,0.0,5306.085687551999,0.0,150.0,95800.0,195.258194,237.412247,1.0,0.0,0.0,4500.0
2010-05-01,20,65629.63739999999,100.0,9786.504,7.640067136,0.0,0.0,108.211342,73.048676,1.0,2988.592601641598,229.20218713600116,0.0
2010-05-01,21,3693.2081635967997,0.0,950.0383751040001,0.0,150.0,115500.0,164.210754,185.757446,1.0,0.0,0.0,4500.0
2010-05-01,22,31962.3887221056,59.469051,15808.531375104001,27.560923519999996,0.0,0.0,84.218575,50.0,1.0,1627.2304099040011,826.8276248960028,0.0
2010-05-01,23,41847.3931072336,45.058479,5823.6355939840005,7.6698286079999995,0.0,0.0,63.468513,50.0,1.0,1319.05500454719,230.09471929600113,0.0
2010-05-01,24,17359.134568899204,0.0,3296.853624896,0.0,150.0,123150.0,123.817657,135.402145,1.0,0.0,0.0,4500.0
2010-05-01,25,63311.0836781024,100.0,23488.086375104,32.83218848,0.0,0.0,123.809517,87.027725,1.0,2824.3632403039956,984.9661253119993,0.0
2010-05-01,26,11469.072694115199,0.0,2419.039796992,0.0,150.0,95700.0,129.107376,141.679947,1.0,0.0,0.0,4500.0
2010-05-01,27,64648.4688437952,99.999992,19319.121249792002,29.152553664,0.0,0.0,89.41658,69.23613,1.0,2848.3477718976064,874.5766248960063,0.0
2010-05-01,28,16197.7439393632,0.0,8189.129812864,0.0,200.0,118450.0,205.23761,246.914719,1.0,0.0,0.0,6000.0
2010-05-01,29,76766.2049062048,81.155289,29231.445750208,24.471733312,0.0,0.0,93.339348,50.0,1.0,2306.2829187952157,734.152249792005,0.0
2010-05-01,3,80566.64673120479,100.0,30773.960750208,30.056059904,0.0,0.0,89.369682,58.882835,1.0,2842.457293795189,901.6832497920041,0.0
2010-05-01,30,72568.39818078879,100.0,42525.850249792,45.801466048,0.0,0.0,123.822975,68.255432,1.0,2739.8095063856017,1374.0447493760003,0.0
2010-05-01,31,92232.6676,100.0,21779.641,19.417345792,0.0,0.0,90.439728,73.107895,1.0,2911.813868795187,582.520249792,0.0
2010-05-01,32,17089.8692130064,0.0,4182.295,0.0,250.0,170350.0,115.862007,146.064346,1.0,0.0,0.0,7500.0
2010-05-01,33,63041.56347189759,99.999992,21488.897624896,29.270404799999998,0.0,0.0,87.173607,66.171379,1.0,2847.579371897591,878.112624895999,0.0
2010-05-01,34,10489.494538022398,0.0,4413.073843776001,0.0,200.0,129250.0,149.133713,175.993576,1.0,0.0,0.0,6000.0
2010-05-01,35,37020.3984840992,65.228821,9193.728375104,9.192070784,0.0,0.0,120.640335,50.0,1.0,1921.9899510448013,275.76168755199797,0.0
2010-05-01,36,8973.8223096576,0.0,4027.040062656,0.0,150.0,104900.0,190.903976,248.188324,1.0,0.0,0.0,4500.0
2010-05-01,37,14834.4426593072,0.0,2577.531125312,0.0,150.0,106450.0,114.56514,125.290207,1.0,0.0,0.0,4500.0
2010-05-01,38,23981.824151252804,42.303509,9359.95043776,8.51250816,0.0,0.0,106.256813,50.0,1.0,1229.855012617605,255.37525062399982,0.0
2010-05-01,4,9849.573744824,0.0,4149.151093568,0.0,200.0,172964.640625,154.103027,197.646408,1.0,0.0,0.0,6000.0
2010-05-01,40,73829.26441921119,100.0,14465.499750207999,20.943940991999998,0.0,0.0,90.647331,76.555374,1.0,2901.861393614381,628.3192506239975,0.0
2010-05-01,41,14138.352450470398,0.0,6562.228156224,0.0,200.0,139750.0,180.0634,215.514664,1.0,0.0,0.0,6000.0
2010-05-01,42,23355.4977690032,0.0,8677.292,0.0,150.0,98800.0,109.598709,128.996765,1.0,0.0,0.0,4500.0
2010-05-01,43,80690.4500921536,100.0,10856.265062656,10.548356415999999,0.0,0.0,102.891235,87.791153,1.0,2969.632790511998,316.4508755200004,0.0
2010-05-01,44,62484.564990096,92.713417,26452.723375104004,37.276287360000005,0.0,0.0,83.213127,50.0,1.0,2573.991789888001,1118.2876248960056,0.0
2010-05-01,45,76694.4717281024,100.0,21425.103375104,23.783666815999997,0.0,0.0,165.132721,104.113541,1.0,2883.3488156928215,713.509874688003,0.0
2010-05-01,47,86899.25488430719,100.0,17534.460125312,20.476307904000002,0.0,0.0,86.966476,70.059761,1.0,2904.9102749999875,614.2890000000007,0.0
2010-05-01,48,69551.23478430719,100.0,17969.752125312,25.315739904,0.0,0.0,94.715805,56.698109,1.0,2873.361028102401,759.4713751039999,0.0
2010-05-01,49,39121.3162872016,58.878849,12206.385750207999,14.926167359999999,0.0,0.0,93.992439,50.0,1.0,1691.6695619936,447.78499999999985,0.0
2010-05-01,50,23449.532831697597,36.515366,11874.490874688001,16.820259456,0.0,0.0,95.476036,50.0,1.0,999.827814647997,504.607187136,0.0
2010-05-01,51,39201.6770636352,58.952335,11206.246187136,14.912456832,0.0,0.0,77.706833,50.0,1.0,1693.9902276864086,447.3738746880008,0.0
2010-05-01,52,30503.835574896002,48.626328,11828.974624896002,14.799824000000001,0.0,0.0,82.214195,50.0,1.0,1380.978101044806,443.9946875520018,0.0
2010-05-01,53,66036.74084630079,81.298531,14102.954125311999,14.581837504000001,0.0,0.0,66.379639,50.0,1.0,2375.1090613967826,437.45650041599947,0.0
2010-05-01,54,30720.046528310395,26.338728,10803.190125312,7.91062272,0.0,0.0,60.192879,50.0,1.0,748.7031246111983,237.3182506239973,0.0
2010-05-01,55,63786.2866078464,82.858711,13386.615937344,14.7909424,0.0,0.0,68.922745,50.0,1.0,2421.1537440032043,443.7290000000012,0.0
2010-05-01,56,25962.8328482544,11.558614,9374.562437760002,5.135684735999999,0.0,0.0,54.692921,50.0,1.0,317.7174492992017,154.07112531200255,0.0
2010-05-01,6,77554.9974625904,100.0,13387.874499584,12.905029696,0.0,0.0,83.103386,61.641071,1.0,2954.2692047439923,387.1505622400018,0.0
2010-05-01,7,10323.4740913328,0.0,2367.8959690879997,0.0,124.833305,113012.234375,274.061066,300.0,1.0,0.0,0.0,3745.0
2010-05-01,9,28540.0886293552,30.278135,11409.554812864,12.354697472,0.0,0.0,62.743382,50.0,1.0,839.4275045631985,370.6405630720001,0.0
2010-06-01,1,21155.344451739198,14.582164,2.55877856,0.0,0.0,0.0,75.498436,50.0,1.0,457.83307499999864,0.0,0.0
2010-06-01,12,65223.51367335839,94.482117,11558.755812864,9.230614848,0.0,0.0,87.614853,50.0,1.0,2904.2533254159935,286.1495004160006,0.0
2010-06-01,13,16361.5769856208,0.0,4763.04034336,0.0,200.0,171850.0,140.061539,163.520309,1.0,0.0,0.0,6200.0
2010-06-01,14,66496.2455593072,100.0,16273.070125311999,26.310775296,0.0,0.0,79.663055,55.569096,1.0,2962.4363218975996,815.6346248959999,0.0
2010-06-01,15,2650.377862456,0.0,1080.0747343360001,0.0,150.0,91300.0,124.154503,140.559128,1.0,0.0,0.0,4650.0
2010-06-01,16,68408.2114218976,100.0,11448.230624896001,11.62768672,0.0,0.0,87.132736,64.313812,1.0,3061.3496359488054,360.4583124480032,0.0
2010-06-01,17,31858.076806593603,44.947647,15591.270499584001,19.506883968,0.0,0.0,86.169502,50.0,1.0,1279.8050446000016,604.7144995840008,0.0
2010-06-01,19,0.0,0.0,0.0,0.0,200.0,121750.0,206.916382,238.781845,1.0,0.0,0.0,6200.0
2010-06-01,2,19695.628620048003,0.0,5306.085687551999,0.0,150.0,100450.0,197.768265,239.572037,1.0,0.0,0.0,4650.0
2010-06-01,20,68719.9632375904,100.0,10013.620499584,7.326356543999999,0.0,0.0,108.448975,73.509674,1.0,3090.3258375904115,227.11649958399903,0.0
2010-06-01,21,3693.2081635967997,0.0,950.0383751040001,0.0,150.0,120150.0,164.107178,185.5513,1.0,0.0,0.0,4650.0
2010-06-01,22,33680.108556204796,60.684517,16671.742750208,27.845492479999997,0.0,0.0,85.150635,50.0,1.0,1717.7198340991963,863.2113751039979,0.0
2010-06-01,23,43226.5061080544,45.582134,6063.0236875519995,7.72220384,0.0,0.0,63.841465,50.0,1.0,1379.1130008207983,239.38809356799902,0.0
2010-06-01,24,17359.134568899204,0.0,3296.853624896,0.0,150.0,127800.0,125.543373,137.077103,1.0,0.0,0.0,4650.0
2010-06-01,25,66233.5759125904,100.0,24487.534499584002,32.240276224,0.0,0.0,126.110062,88.996422,1.0,2922.4922344880033,999.4481244800008,0.0
2010-06-01,26,11469.072694115199,0.0,2419.039796992,0.0,150.0,100350.0,131.584335,144.058182,1.0,0.0,0.0,4650.0
2010-06-01,27,67593.2718687952,100.0,20215.900249792,28.928389568000004,0.0,0.0,91.263535,71.234093,1.0,2944.803025000001,896.7789999999986,0.0
2010-06-01,28,16197.7439393632,0.0,8189.129812864,0.0,200.0,124650.0,207.25209,248.479828,1.0,0.0,0.0,6200.0
2010-06-01,29,79158.99461199359,81.348602,29973.684,23.943191168000002,0.0,0.0,93.493362,50.0,1.0,2392.7897057887894,742.2382497920007,0.0
2010-06-01,3,83510.12059379519,100.0,31676.856249792,29.125729151999998,0.0,0.0,91.009781,60.369701,1.0,2943.473862590399,902.8954995839995,0.0
2010-06-01,30,75405.21275578879,100.0,43919.567249791995,44.958636736,0.0,0.0,126.000694,70.067574,1.0,2836.8145749999967,1393.716999999997,0.0
2010-06-01,31,95244.9482218976,100.0,22365.903624895996,18.911716928,0.0,0.0,92.568222,75.322998,1.0,3012.280621897604,586.2626248959969,0.0
2010-06-01,32,17089.8692130064,0.0,4182.295,0.0,250.0,178100.0,116.671234,146.722672,1.0,0.0,0.0,7750.0
2010-06-01,33,65987.957325,99.999985,22378.356,28.692250496,0.0,0.0,90.128403,69.430649,1.0,2946.393853102403,889.4583751040009,0.0
2010-06-01,34,10489.494538022398,0.0,4413.073843776001,0.0,200.0,135450.0,150.437317,177.078842,1.0,0.0,0.0,6200.0
2010-06-01,35,39035.078795048,66.106918,9473.807687552002,9.034806976,0.0,0.0,121.132568,50.0,1.0,2014.6803109488028,280.0793124480024,0.0
2010-06-01,36,8973.8223096576,0.0,4027.040062656,0.0,150.0,109550.0,191.206711,248.05658,1.0,0.0,0.0,4650.0
2010-06-01,37,14834.4426593072,0.0,2577.531125312,0.0,150.0,111100.0,114.667587,125.329308,1.0,0.0,0.0,4650.0
2010-06-01,38,25283.376043795197,43.228172,9616.155249792,8.264661184000001,0.0,0.0,107.017159,50.0,1.0,1301.551892542393,256.2048120319996,0.0
2010-06-01,4,9849.573744824,0.0,4149.151093568,0.0,200.0,179164.640625,153.952667,197.245331,1.0,0.0,0.0,6200.0
2010-06-01,40,76827.58812869921,100.0,15115.988874688,20.98354752,0.0,0.0,92.74324,78.709511,1.0,2998.323709488017,650.4891244800019,0.0
2010-06-01,41,14138.352450470398,0.0,6562.228156224,0.0,200.0,145950.0,181.291916,216.455841,1.0,0.0,0.0,6200.0
2010-06-01,42,23355.4977690032,0.0,8677.292,0.0,150.0,103450.0,109.997124,129.197556,1.0,0.0,0.0,4650.0
2010-06-01,43,83761.2781328464,100.0,11173.105937344,10.220692352,0.0,0.0,102.944672,87.904518,1.0,3070.8280406928097,316.84087468799953,0.0
2010-06-01,44,65203.67114958399,94.625977,27611.668499584004,37.385311808,0.0,0.0,84.065086,50.0,1.0,2719.106159487994,1158.9451244800002,0.0
2010-06-01,45,79675.91005930719,100.0,22153.295125312,23.49008896,0.0,0.0,167.122559,105.825562,1.0,2981.4383312047867,728.1917502079996,0.0
2010-06-01,47,89901.70521240958,100.0,18165.959500416,20.370966720000002,0.0,0.0,87.341721,70.478973,1.0,3002.4503281023935,631.4993751039983,0.0
2010-06-01,48,72521.94729689759,100.0,18747.301624895998,25.082222464,0.0,0.0,96.635162,58.306347,1.0,2970.7125125903985,777.5494995839981,0.0
2010-06-01,49,40878.4541568016,59.121593,12662.380249792,14.70948544,0.0,0.0,94.202934,50.0,1.0,1757.137869600003,455.99449958400146,0.0
2010-06-01,50,24499.5697718976,37.061684,12397.165624896,16.860461695999998,0.0,0.0,96.375275,50.0,1.0,1050.0369402000033,522.6747502079998,0.0
2010-06-01,51,40987.849440900805,60.029808,11659.857624896002,14.632630271999998,0.0,0.0,78.148979,50.0,1.0,1786.1723772656042,453.61143776000245,0.0
2010-06-01,52,31967.2683814128,49.718502,12277.973500416,14.483842047999998,0.0,0.0,82.507256,50.0,1.0,1463.4328065167974,448.99887551999745,0.0
2010-06-01,53,68497.7377692112,81.525703,14556.915750207998,14.643968767999999,0.0,0.0,66.423874,50.0,1.0,2460.996922910417,453.9616248959992,0.0
2010-06-01,54,31490.223241945594,26.217449,11046.939312448,7.862862592000001,0.0,0.0,60.125111,50.0,1.0,770.1767136351991,243.74918713599982,0.0
2010-06-01,55,66304.1680593072,83.385162,13847.452125311998,14.865688448,0.0,0.0,69.025551,50.0,1.0,2517.881451460795,460.83618796799783,0.0
2010-06-01,56,26286.5395221056,11.396977,9531.585375104,5.065264256000001,0.0,0.0,54.623997,50.0,1.0,323.7066738512003,157.0229373439979,0.0
2010-06-01,6,80610.6022843072,100.0,13774.769125312,12.480488384000001,0.0,0.0,83.927261,62.617996,1.0,3055.604821716799,386.8946257279986,0.0
2010-06-01,7,10323.4740913328,0.0,2367.8959690879997,0.0,123.554176,116842.414062,274.462433,300.0,1.0,0.0,0.0,3830.179686999996
2010-06-01,9,29414.607850311993,30.524864,11795.480125311999,12.449196032,0.0,0.0,62.804569,50.0,1.0,874.519220956794,385.9253124479983,0.0
2010-07-01,1,21607.783179737602,14.890663,2.55877856,0.0,0.0,0.0,75.922813,50.0,1.0,452.4387279984039,0.0,0.0
2010-07-01,12,68060.0093020576,95.292,11829.589687552001,9.027798208,0.0,0.0,87.629112,50.0,1.0,2836.495628699209,270.83387468800174,0.0
2010-07-01,13,16361.5769856208,0.0,4763.04034336,0.0,200.0,177850.0,139.999527,163.360611,1.0,0.0,0.0,6000.0
2010-07-01,14,69364.14692189758,100.0,17057.665624896,26.153177024,0.0,0.0,80.76001,56.526199,1.0,2867.90136259039,784.5954995840002,0.0
2010-07-01,15,2650.377862456,0.0,1080.0747343360001,0.0,150.0,95800.0,126.305634,142.562836,1.0,0.0,0.0,4500.0
2010-07-01,16,71373.23028120479,100.0,11785.913750208,11.2561072,0.0,0.0,87.906479,65.243073,1.0,2965.01885930718,337.6831253119981,0.0
2010-07-01,17,33110.928150208,45.391701,16172.607750207997,19.377904832,0.0,0.0,86.708298,50.0,1.0,1252.8513436143949,581.3372506239957,0.0
2010-07-01,19,0.0,0.0,0.0,0.0,200.0,127750.0,208.675903,240.252365,1.0,0.0,0.0,6000.0
2010-07-01,2,19695.628620048003,0.0,5306.085687551999,0.0,150.0,104950.0,199.81955,241.326828,1.0,0.0,0.0,4500.0
2010-07-01,20,71712.43421094879,100.0,10224.975312448,7.045140544,0.0,0.0,108.662941,73.933121,1.0,2992.4709733583877,211.35481286399954,0.0
2010-07-01,21,3693.2081635967997,0.0,950.0383751040001,0.0,150.0,124650.0,164.008804,185.35791,1.0,0.0,0.0,4500.0
2010-07-01,22,35375.972412590396,61.838013,17513.970499584,28.074258368000002,0.0,0.0,86.03566,50.0,1.0,1695.8638563856002,842.2277493760012,0.0
2010-07-01,23,44577.4183466896,46.129913,6296.333874688,7.776998527999999,0.0,0.0,64.202492,50.0,1.0,1350.9122386352028,233.31018713600042,0.0
2010-07-01,24,17359.134568899204,0.0,3296.853624896,0.0,150.0,132300.0,127.307167,138.795181,1.0,0.0,0.0,4500.0
2010-07-01,25,69065.6319093072,100.0,25437.082125312,31.651563007999997,0.0,0.0,128.199081,90.787933,1.0,2832.0559967167937,949.5476257279988,0.0
2010-07-01,26,11469.072694115199,0.0,2419.039796992,0.0,150.0,104850.0,133.949921,146.337067,1.0,0.0,0.0,4500.0
2010-07-01,27,70444.91182499999,100.0,21075.327,28.647524672000003,0.0,0.0,93.079849,73.216599,1.0,2851.639956204788,859.4267502080002,0.0
2010-07-01,28,16197.7439393632,0.0,8189.129812864,0.0,200.0,130650.0,208.802628,249.626938,1.0,0.0,0.0,6000.0
2010-07-01,29,81483.33766921119,81.528656,30676.941750208003,23.441936128000002,0.0,0.0,93.626396,50.0,1.0,2324.3430572176003,703.2577502080021,0.0
2010-07-01,3,86364.7402187952,100.0,32522.571249792,28.190462144,0.0,0.0,92.660133,61.888859,1.0,2854.6196250000066,845.7150000000001,0.0
2010-07-01,30,78156.0588307888,100.0,45242.82424979199,44.108552384,0.0,0.0,127.951538,71.706009,1.0,2750.8460750000086,1323.2569999999978,0.0
2010-07-01,31,98163.25888430719,100.0,22918.527125312,18.420763712,0.0,0.0,94.63633,77.492378,1.0,2918.3106624095817,552.6235004160044,0.0
2010-07-01,32,17089.8692130064,0.0,4182.295,0.0,250.0,185600.0,117.284851,147.201828,1.0,0.0,0.0,7500.0
2010-07-01,33,68842.98657499999,100.0,23222.186,28.127645312000002,0.0,0.0,92.915245,72.474495,1.0,2855.0292499999923,843.8300000000017,0.0
2010-07-01,34,10489.494538022398,0.0,4413.073843776001,0.0,200.0,141450.0,151.780945,178.218689,1.0,0.0,0.0,6000.0
2010-07-01,35,41010.1812361568,66.91169,9740.449062656,8.888030528,0.0,0.0,121.534805,50.0,1.0,1975.1024411088001,266.64137510399814,0.0
2010-07-01,36,8973.8223096576,0.0,4027.040062656,0.0,150.0,114050.0,191.437302,247.889832,1.0,0.0,0.0,4500.0
2010-07-01,37,14834.4426593072,0.0,2577.531125312,0.0,150.0,115600.0,114.757805,125.362076,1.0,0.0,0.0,4500.0
2010-07-01,38,26571.046688739196,44.105415,9857.41656224,8.042041280000001,0.0,0.0,107.680969,50.0,1.0,1287.670644943999,241.26131244799944,0.0
2010-07-01,4,9849.573744824,0.0,4149.151093568,0.0,200.0,185164.640625,153.78598,196.846725,1.0,0.0,0.0,6000.0
2010-07-01,40,79729.103459904,100.0,15745.900624896,20.997069184,0.0,0.0,94.793182,80.825294,1.0,2901.5153312047914,629.9117502079989,0.0
2010-07-01,41,14138.352450470398,0.0,6562.228156224,0.0,200.0,151950.0,182.389175,217.291229,1.0,0.0,0.0,6000.0
2010-07-01,42,23355.4977690032,0.0,8677.292,0.0,150.0,107950.0,110.383347,129.405502,1.0,0.0,0.0,4500.0
2010-07-01,43,86734.9404328464,100.0,11471.013937344,9.93024864,0.0,0.0,103.13308,88.135612,1.0,2973.6622999999963,297.90799999999945,0.0
2010-07-01,44,67881.7869562048,96.122223,28727.409750208,37.19134016,0.0,0.0,84.887871,50.0,1.0,2678.115806620808,1115.7412506239962,0.0
2010-07-01,45,82563.0909875904,100.0,22849.170499584,23.19582304,0.0,0.0,168.793686,107.282799,1.0,2887.180928283211,695.875374272,0.0
2010-07-01,47,92807.90863120479,100.0,18774.297750208,20.27794496,0.0,0.0,87.734344,70.905266,1.0,2906.2034187952086,608.3382497919993,0.0
2010-07-01,48,75398.7007968976,100.0,19491.161624895998,24.795323072000002,0.0,0.0,98.499481,59.900623,1.0,2876.753500000006,743.8600000000006,0.0
2010-07-01,49,42587.1216531024,59.347775,13097.485375104,14.503508863999999,0.0,0.0,94.383125,50.0,1.0,1708.6674963007972,435.10512531199856,0.0
2010-07-01,50,25529.417477894403,37.507992,12902.410624896002,16.841497088,0.0,0.0,97.137131,50.0,1.0,1029.8477059968027,505.2450000000008,0.0
2010-07-01,51,42749.3573059968,61.055973,12090.663,14.360197695999998,0.0,0.0,78.551903,50.0,1.0,1761.5078650959913,430.8053751039988,0.0
2010-07-01,52,33416.6798909008,50.745884,12703.406624896,14.181103872,0.0,0.0,82.781792,50.0,1.0,1449.4115094879999,425.4331244800014,0.0
2010-07-01,53,70885.3193661088,81.734367,14997.929375104,14.700406656,0.0,0.0,66.465111,50.0,1.0,2387.581596897595,441.0136248960025,0.0
2010-07-01,54,32232.595126252792,26.111431,11281.623437760001,7.822810112,0.0,0.0,60.065147,50.0,1.0,742.3718843071983,234.68412531200192,0.0
2010-07-01,55,68754.73059630078,83.856941,14295.432125311998,14.932662783999998,0.0,0.0,69.118942,50.0,1.0,2450.562536993588,447.97999999999956,0.0
2010-07-01,56,26596.136712902397,11.2635,9681.751624896002,5.005559104,0.0,0.0,54.567455,50.0,1.0,309.5971907967978,150.16624979200242,0.0
2010-07-01,6,83570.1180437952,100.0,14137.776249792003,12.100231104,0.0,0.0,84.593735,63.407906,1.0,2959.515759488,363.00712448000377,0.0
2010-07-01,7,10323.4740913328,0.0,2367.8959690879997,0.0,122.459312,120516.195312,274.807098,300.0,1.0,0.0,0.0,3673.78125
2010-07-01,9,30267.964324896002,30.777376,12171.823624896,12.544773696,0.0,0.0,62.879372,50.0,1.0,853.3564745840085,376.3434995840016,0.0
2010-08-01,1,22088.036323740802,15.296265,2.55877856,0.0,0.0,0.0,76.49498,50.0,1.0,480.25314400319985,0.0,0.0
2010-08-01,12,71138.78124275041,100.0,12109.874562239998,9.041450496,0.0,0.0,90.465454,51.188057,1.0,3078.771940692808,280.2848746879972,0.0
2010-08-01,13,16361.5769856208,0.0,4763.04034336,0.0,200.0,184050.0,140.092255,163.351456,1.0,0.0,0.0,6200.0
2010-08-01,14,72329.1539937952,100.0,17861.470249792,25.9292176,0.0,0.0,81.6063,57.426392,1.0,2965.0070718976203,803.8046248960018,0.0
2010-08-01,15,2650.377862456,0.0,1080.0747343360001,0.0,150.0,100450.0,128.055573,144.159622,1.0,0.0,0.0,4650.0
2010-08-01,16,74438.44610620479,100.0,12128.580750208,11.053771456,0.0,0.0,88.853416,66.245819,1.0,3065.2158250000066,342.6670000000013,0.0
2010-08-01,17,34444.56369668959,46.704929,16783.485874687998,19.705784384,0.0,0.0,87.242729,50.0,1.0,1333.6355464815933,610.8781244800011,0.0
2010-08-01,19,0.0,0.0,0.0,0.0,150.0,132400.0,199.0923,222.719757,1.0,0.0,0.0,4650.0
2010-08-01,2,19695.628620048003,0.0,5306.085687551999,0.0,150.0,109600.0,201.480774,242.72113,1.0,0.0,0.0,4650.0
2010-08-01,20,74806.1684109488,100.0,10436.407312447998,6.82038656,0.0,0.0,109.314636,74.662506,1.0,3093.7342000000062,211.43199999999888,0.0
2010-08-01,21,3693.2081635967997,0.0,950.0383751040001,0.0,150.0,129300.0,164.118164,185.357407,1.0,0.0,0.0,4650.0
2010-08-01,22,37143.3598687952,62.260616,18376.322249792003,27.817832639999995,0.0,0.0,86.398628,50.0,1.0,1767.3874562048077,862.3517502080031,0.0
2010-08-01,23,45991.62435620479,46.724182,6539.230750207999,7.835387456,0.0,0.0,64.529045,50.0,1.0,1414.20600951519,242.8968755199994,0.0
2010-08-01,24,17359.134568899204,0.0,3296.853624896,0.0,150.0,136950.0,127.55722,139.08725,1.0,0.0,0.0,4650.0
2010-08-01,25,71995.7311625904,100.0,26401.524499584,31.111072512,0.0,0.0,128.65567,90.96418,1.0,2930.0992532832024,964.4423742719991,0.0
2010-08-01,26,11469.072694115199,0.0,2419.039796992,0.0,150.0,109500.0,136.072205,148.370209,1.0,0.0,0.0,4650.0
2010-08-01,27,73394.5014593072,100.0,21950.079125312,28.217842431999998,0.0,0.0,93.854301,74.213196,1.0,2949.589634307209,874.7521253119994,0.0
2010-08-01,28,16197.7439393632,0.0,8189.129812864,0.0,200.0,136850.0,210.047531,250.484955,1.0,0.0,0.0,6200.0
2010-08-01,29,83941.41523699359,83.327095,31404.607,23.473078719999997,0.0,0.0,94.937912,50.0,1.0,2458.0775677823985,727.6652497919968,0.0
2010-08-01,3,89320.02893740959,100.0,33371.097500416,27.371839872,0.0,0.0,91.710617,61.194271,1.0,2955.2887186143926,848.5262506239997,0.0
2010-08-01,30,81005.8189681984,100.0,46576.968750208005,43.036912255999994,0.0,0.0,128.150894,71.7864,1.0,2849.7601374095975,1334.1445004160123,0.0
2010-08-01,31,101181.9808593072,100.0,23475.148125312,17.955537600000003,0.0,0.0,96.19931,79.137253,1.0,3018.7219750000077,556.6209999999992,0.0
2010-08-01,32,17089.8692130064,0.0,4182.295,0.0,250.0,193350.0,117.940002,147.719666,1.0,0.0,0.0,7750.0
2010-08-01,33,71795.89558430719,100.0,24081.663125312,27.72505216,0.0,0.0,95.316818,75.054993,1.0,2952.909009307201,859.477125311998,0.0
2010-08-01,34,10489.494538022398,0.0,4413.073843776001,0.0,150.0,146100.0,142.670486,162.445984,1.0,0.0,0.0,4650.0
2010-08-01,35,43076.1860593072,67.678566,10011.425125311998,8.741171712,0.0,0.0,121.849785,50.0,1.0,2066.004823150397,270.97606265599825,0.0
2010-08-01,36,8973.8223096576,0.0,4027.040062656,0.0,150.0,118700.0,191.552322,247.620331,1.0,0.0,0.0,4650.0
2010-08-01,37,14834.4426593072,0.0,2577.531125312,0.0,200.0,121800.0,122.247208,136.510727,1.0,0.0,0.0,6200.0
2010-08-01,38,27928.066738843198,44.89661,10099.422937344,7.8066726399999995,0.0,0.0,108.021172,50.0,1.0,1357.0200501040017,242.00637510399974,0.0
2010-08-01,4,9849.573744824,0.0,4149.151093568,0.0,250.0,192914.640625,165.401733,218.779617,1.0,0.0,0.0,7750.0
2010-08-01,40,82726.1527411088,100.0,16402.254375104,21.172707712,0.0,0.0,96.411491,82.459007,1.0,2997.0492812048033,656.3537502079998,0.0
2010-08-01,41,14138.352450470398,0.0,6562.228156224,0.0,200.0,158150.0,182.973267,217.621399,1.0,0.0,0.0,6200.0
2010-08-01,42,23355.4977690032,0.0,8677.292,0.0,150.0,112600.0,110.781548,129.630585,1.0,0.0,0.0,4650.0
2010-08-01,43,89809.59511240959,100.0,11770.245500416,9.652642688,0.0,0.0,103.446701,88.485352,1.0,3074.6546795631875,299.2315630720004,0.0
2010-08-01,44,70691.9453692112,97.377258,29864.857750208,36.69193465600001,0.0,0.0,85.741043,50.0,1.0,2810.1584130064,1137.4480000000003,0.0
2010-08-01,45,85547.8222093072,100.0,23562.209125312,23.001262336,0.0,0.0,169.559891,107.855949,1.0,2984.731221716793,713.0386257280006,0.0
2010-08-01,47,95811.59525,100.0,19400.108,20.187401728,0.0,0.0,88.207108,71.41494,1.0,3003.686618795211,625.8102497920008,0.0
2010-08-01,48,78373.81713120478,100.0,20248.445750207997,24.428531712,0.0,0.0,99.17868,60.437206,1.0,2975.116334307182,757.2841253119987,0.0
2010-08-01,49,44404.124640304,61.013153,13551.299125311998,14.639159808,0.0,0.0,95.824417,50.0,1.0,1817.002987201602,453.81375020799896,0.0
2010-08-01,50,26605.602654743998,37.873344,13422.029562239999,16.761909632000002,0.0,0.0,97.815933,50.0,1.0,1076.1851768495944,519.6189373439975,0.0
2010-08-01,51,44599.4845033104,61.941353,12526.132125311999,14.047391487999999,0.0,0.0,78.870644,50.0,1.0,1850.1271973136027,435.46912531199814,0.0
2010-08-01,52,34944.48299895519,51.629391,13132.269312448,13.834278847999999,0.0,0.0,83.073486,50.0,1.0,1527.8031080543878,428.86268755199853,0.0
2010-08-01,53,73438.73035930718,84.53614,15461.558125311998,14.955797376,0.0,0.0,66.816284,50.0,1.0,2553.410993198384,463.62875020799765,0.0
2010-08-01,54,32997.5747216896,26.035841,11523.035874688001,7.787500864000001,0.0,0.0,60.012669,50.0,1.0,764.9795954368055,241.4124369279998,0.0
2010-08-01,55,71376.90214379519,86.784103,14767.431249792002,15.225770559999999,0.0,0.0,69.581543,50.0,1.0,2622.1715474944067,471.99912448000396,0.0
2010-08-01,56,26912.929032742395,11.152448,9835.26456224,4.952008256,0.0,0.0,54.518787,50.0,1.0,316.7923198399985,153.5129373439977,0.0
2010-08-01,6,86630.75772189761,100.0,14501.501624896,11.733041216000002,0.0,0.0,85.298843,64.214836,1.0,3060.6396781024087,363.72537510399707,0.0
2010-08-01,7,10323.4740913328,0.0,2367.8959690879997,0.0,100.0,123616.195312,268.262756,288.050232,1.0,0.0,0.0,3100.0
2010-08-01,9,31157.742762798407,31.053225,12563.866249792,12.64655392,0.0,0.0,62.972462,50.0,1.0,889.7784379024051,392.0426248959993,0.0
2010-09-01,1,22583.228266731203,15.772041,2.55877856,0.0,0.0,0.0,77.167557,50.0,1.0,495.191942990401,0.0,0.0
2010-09-01,12,74220.2844286992,100.0,12377.590874688001,8.636004416,0.0,0.0,92.813133,53.903709,1.0,3081.5031859487935,267.716312448003,0.0
2010-09-01,13,16361.5769856208,0.0,4763.04034336,0.0,200.0,190250.0,140.306213,163.463394,1.0,0.0,0.0,6200.0
2010-09-01,14,75296.11879069281,100.0,18656.265874688,25.638537600000003,0.0,0.0,82.481598,58.233829,1.0,2966.964796897606,794.7956248959999,0.0
2010-09-01,15,2650.377862456,0.0,1080.0747343360001,0.0,150.0,105100.0,129.527664,145.488419,1.0,0.0,0.0,4650.0
2010-09-01,16,77504.5588687952,100.0,12467.120249792,10.920621504000001,0.0,0.0,89.839455,67.26503,1.0,3066.1127625904046,338.5394995839997,0.0
2010-09-01,17,35819.73217440321,48.078159,17401.663500415998,19.941214592,0.0,0.0,87.782753,50.0,1.0,1375.168477713618,618.1776257279998,0.0
2010-09-01,19,0.0,0.0,0.0,0.0,150.0,137050.0,195.735382,219.173004,1.0,0.0,0.0,4650.0
2010-09-01,2,19695.628620048003,0.0,5306.085687551999,0.0,150.0,114250.0,202.753006,243.76265,1.0,0.0,0.0,4650.0
2010-09-01,20,77901.22524069279,100.0,10641.752874688002,6.624052032,0.0,0.0,110.097862,75.511307,1.0,3095.0568297439895,205.34556224000335,0.0
2010-09-01,21,3693.2081635967997,0.0,950.0383751040001,0.0,150.0,133950.0,164.381317,185.511795,1.0,0.0,0.0,4650.0
2010-09-01,22,38918.9832064128,62.44751,19227.773500416,27.466149568000002,0.0,0.0,86.65493,50.0,1.0,1775.623337617595,851.4512506239953,0.0
2010-09-01,23,47424.59421199361,47.334984,6784.024,7.896559424,0.0,0.0,64.819321,50.0,1.0,1432.9698557888187,244.793249792001,0.0
2010-09-01,24,17359.134568899204,0.0,3296.853624896,0.0,150.0,141600.0,127.937149,139.515976,1.0,0.0,0.0,4650.0
2010-09-01,25,74929.797775,100.0,27347.71,30.52205728,0.0,0.0,128.46463,90.57872,1.0,2934.0666124096024,946.1855004159988,0.0
2010-09-01,26,11469.072694115199,0.0,2419.039796992,0.0,150.0,114150.0,137.876114,150.088715,1.0,0.0,0.0,4650.0
2010-09-01,27,76347.1336187952,100.0,22810.830249792,27.766165440000005,0.0,0.0,94.664726,75.19503,1.0,2952.632159487999,860.7511244800007,0.0
2010-09-01,28,16197.7439393632,0.0,8189.129812864,0.0,200.0,143050.0,210.979233,251.05899,1.0,0.0,0.0,6200.0
2010-09-01,29,86457.0177068016,85.148582,32130.738249791997,23.423514815999997,0.0,0.0,96.125526,50.0,1.0,2515.6024698080146,726.1312497919971,0.0
2010-09-01,3,92279.85531259039,100.0,34198.742499584005,26.698216895999998,0.0,0.0,91.359161,60.886265,1.0,2959.826375180797,827.6449991680056,0.0
2010-09-01,30,83863.1649369936,100.0,47876.205,41.910800256,0.0,0.0,127.729034,71.276459,1.0,2857.3459687952127,1299.2362497919967,0.0
2010-09-01,31,104203.98089379519,100.0,24016.684249792,17.468904128000002,0.0,0.0,97.552521,80.550385,1.0,3022.0000344879954,541.5361244800006,0.0
2010-09-01,32,17089.8692130064,0.0,4182.295,0.0,250.0,201100.0,118.623077,148.270355,1.0,0.0,0.0,7750.0
2010-09-01,33,74750.95865620479,100.0,24931.227750208,27.405332864,0.0,0.0,97.307938,77.163986,1.0,2955.0630718976026,849.5646248960002,0.0
2010-09-01,34,10489.494538022398,0.0,4413.073843776001,0.0,150.0,150750.0,141.093811,160.774979,1.0,0.0,0.0,4650.0
2010-09-01,35,45164.2759072496,68.350113,10277.78943776,8.592390976,0.0,0.0,122.085381,50.0,1.0,2088.0898479423995,266.36431244800224,0.0
2010-09-01,36,8973.8223096576,0.0,4027.040062656,0.0,150.0,123350.0,191.54921,247.257126,1.0,0.0,0.0,4650.0
2010-09-01,37,14834.4426593072,0.0,2577.531125312,0.0,200.0,128000.0,125.154915,139.31485,1.0,0.0,0.0,6200.0
2010-09-01,38,29309.0351829504,45.610687,10334.396312447998,7.579768768,0.0,0.0,108.190742,50.0,1.0,1380.9684441072022,234.97337510399848,0.0
2010-09-01,4,9849.573744824,0.0,4149.151093568,0.0,250.0,200664.640625,168.848846,221.835815,1.0,0.0,0.0,7750.0
2010-09-01,40,85722.33156921118,100.0,17062.613750208,21.301910656,0.0,0.0,97.801842,83.862152,1.0,2996.1788281023764,660.3593751039989,0.0
2010-09-01,41,14138.352450470398,0.0,6562.228156224,0.0,200.0,164350.0,183.052429,217.458786,1.0,0.0,0.0,6200.0
2010-09-01,42,23355.4977690032,0.0,8677.292,0.0,150.0,117250.0,111.167068,129.851974,1.0,0.0,0.0,4650.0
2010-09-01,43,92885.96668594879,100.0,12061.576312447998,9.397756159999998,0.0,0.0,103.858955,88.928482,1.0,3076.3715735392034,291.330812031998,0.0
2010-09-01,44,73542.747475,98.515862,30979.78,35.965239232,0.0,0.0,86.563187,50.0,1.0,2850.8021057887963,1114.9222497919982,0.0
2010-09-01,45,88533.63611240959,100.0,24270.265500416,22.840533248,0.0,0.0,169.838821,108.003784,1.0,2985.8139031023893,708.056375103999,0.0
2010-09-01,47,98815.8196781024,100.0,20023.443375104,20.107621248,0.0,0.0,88.741112,71.985008,1.0,3004.224428102403,623.3353751040013,0.0
2010-09-01,48,81351.8919468976,100.0,20992.115624895996,23.989367168,0.0,0.0,99.69754,60.813175,1.0,2978.0748156928166,743.6698746879993,0.0
2010-09-01,49,46273.0408090992,62.678486,14006.809375104001,14.693861312,0.0,0.0,97.073395,50.0,1.0,1868.9161687952,455.5102497920034,0.0
2010-09-01,50,27691.399190304,38.151344,13937.581125312,16.630688256,0.0,0.0,98.403015,50.0,1.0,1085.7965355600027,515.5515630720001,0.0
2010-09-01,51,46472.5883723136,62.599102,12950.920125311999,13.702831168000001,0.0,0.0,79.088089,50.0,1.0,1873.1038690032,424.78800000000047,0.0
2010-09-01,52,36496.1360136352,52.307968,13549.418187136,13.456412736,0.0,0.0,83.339546,50.0,1.0,1551.6530146800142,417.14887468800043,0.0
2010-09-01,53,76085.0976036992,87.573601,15936.327874688,15.3151648,0.0,0.0,67.233253,50.0,1.0,2646.3672443920223,474.76974937600244,0.0
2010-09-01,54,33761.8542471056,26.00732,11763.555375103999,7.758683712,0.0,0.0,59.972076,50.0,1.0,764.279525416001,240.51950041599775,0.0
2010-09-01,55,74089.76871879521,89.748314,15250.381249792003,15.579071872,0.0,0.0,70.073288,50.0,1.0,2712.866575000022,482.9500000000007,0.0
2010-09-01,56,27227.121149584,11.059688,9987.334499584,4.905502784,0.0,0.0,54.479282,50.0,1.0,314.19211684160473,152.0699373440002,0.0
2010-09-01,6,89693.7269656928,100.0,14854.506874688,11.387306112000001,0.0,0.0,86.025177,65.029915,1.0,3062.969243795189,353.00524979200054,0.0
2010-09-01,7,10323.4740913328,0.0,2367.8959690879997,0.0,100.0,126716.195312,265.599396,285.439331,1.0,0.0,0.0,3100.0
2010-09-01,9,32055.7515471056,31.337265,12959.061375103998,12.748208512000001,0.0,0.0,63.077057,50.0,1.0,898.0087843071924,395.1951253119987,0.0
2010-10-01,1,23077.118604737603,16.254938,2.55877856,0.0,0.0,0.0,77.850182,50.0,1.0,493.89033800640027,0.0,0.0
2010-10-01,12,77204.7437020576,100.0,12625.813687552001,8.274107712000001,0.0,0.0,94.50872,56.066875,1.0,2984.4592733583995,248.22281286399993,0.0
2010-10-01,13,16361.5769856208,0.0,4763.04034336,0.0,200.0,196250.0,140.60466,163.662735,1.0,0.0,0.0,6000.0
2010-10-01,14,78169.5691593072,100.0,19415.326125312,25.302011904,0.0,0.0,83.295967,58.947086,1.0,2873.450368614387,759.0602506239993,0.0
2010-10-01,15,2650.377862456,0.0,1080.0747343360001,0.0,150.0,109600.0,130.804947,146.635391,1.0,0.0,0.0,4500.0
2010-10-01,16,80472.6135437952,100.0,12790.833249792,10.790421824000001,0.0,0.0,90.746567,68.21476,1.0,2968.0546750000067,323.71299999999974,0.0
2010-10-01,17,37187.6785065936,49.316814,18002.172499584,20.016969023999998,0.0,0.0,88.248558,50.0,1.0,1367.9463321903895,600.5089991680034,0.0
2010-10-01,19,0.0,0.0,0.0,0.0,150.0,141550.0,193.741348,217.044083,1.0,0.0,0.0,4500.0
2010-10-01,2,19695.628620048003,0.0,5306.085687551999,0.0,150.0,118750.0,203.72757,244.539413,1.0,0.0,0.0,4500.0
2010-10-01,20,80897.6229640512,100.0,10835.037687552001,6.442825792000001,0.0,0.0,110.818596,76.317688,1.0,2996.3977233584155,193.28481286399983,0.0
2010-10-01,21,3693.2081635967997,0.0,950.0383751040001,0.0,150.0,138450.0,164.679993,185.710922,1.0,0.0,0.0,4500.0
2010-10-01,22,40645.0715843072,62.63858,20042.862125312,27.169618944,0.0,0.0,86.947838,50.0,1.0,1726.0883778944044,815.0886248960014,0.0
2010-10-01,23,48829.0526890512,47.931007,7022.748687552001,7.95747264,0.0,0.0,65.076118,50.0,1.0,1404.4584770575893,238.72468755200043,0.0
2010-10-01,24,17359.134568899204,0.0,3296.853624896,0.0,150.0,146100.0,128.539673,140.139938,1.0,0.0,0.0,4500.0
2010-10-01,25,77773.0538374096,100.0,28245.717500415994,29.933642752,0.0,0.0,128.09314,90.092728,1.0,2843.2560624096077,898.0075004159953,0.0
2010-10-01,26,11469.072694115199,0.0,2419.039796992,0.0,150.0,118650.0,139.386444,151.520599,1.0,0.0,0.0,4500.0
2010-10-01,27,79207.00244689759,100.0,23632.389624895997,27.385299968,0.0,0.0,95.567955,76.233192,1.0,2859.8688281023933,821.559375103996,0.0
2010-10-01,28,16197.7439393632,0.0,8189.129812864,0.0,200.0,149050.0,211.641647,251.396927,1.0,0.0,0.0,6000.0
2010-10-01,29,88936.9609312048,86.606529,32827.947750208004,23.240350016,0.0,0.0,96.997337,50.0,1.0,2479.9432244031923,697.2095004160074,0.0
2010-10-01,3,95147.97490620479,100.0,34982.333750208,26.119634112,0.0,0.0,91.526527,61.018661,1.0,2868.1195936144068,783.5912506239983,0.0
2010-10-01,30,86635.5106744032,100.0,49100.525500416,40.810742336,0.0,0.0,127.166557,70.70813,1.0,2772.3457374095888,1224.3205004159972,0.0
2010-10-01,31,107131.54060620478,100.0,24526.745750208,17.002021504000002,0.0,0.0,98.795845,81.833038,1.0,2927.559712409595,510.06150041599903,0.0
2010-10-01,32,17089.8692130064,0.0,4182.295,0.0,250.0,208600.0,119.279114,148.804337,1.0,0.0,0.0,7500.0
2010-10-01,33,77612.53625620478,100.0,25744.923750208,27.123189183999997,0.0,0.0,98.931686,78.87796,1.0,2861.5775999999896,813.6959999999999,0.0
2010-10-01,34,10489.494538022398,0.0,4413.073843776001,0.0,150.0,155250.0,140.880432,160.472855,1.0,0.0,0.0,4500.0
2010-10-01,35,47203.3567138432,68.922722,10531.204937344,8.447192,0.0,0.0,122.253777,50.0,1.0,2039.0808065935998,253.41549958399992,0.0
2010-10-01,36,8973.8223096576,0.0,4027.040062656,0.0,150.0,127850.0,191.464981,246.840363,1.0,0.0,0.0,4500.0
2010-10-01,37,14834.4426593072,0.0,2577.531125312,0.0,200.0,134000.0,126.910973,140.947342,1.0,0.0,0.0,6000.0
2010-10-01,38,30666.5367838912,46.260227,10555.598624896002,7.37342944,0.0,0.0,108.295593,50.0,1.0,1357.501600940799,221.2023124480038,0.0
2010-10-01,4,9849.573744824,0.0,4149.151093568,0.0,250.0,208164.640625,170.63887,223.27594,1.0,0.0,0.0,7500.0
2010-10-01,40,88621.462600416,100.0,17703.497500416,21.362768959999997,0.0,0.0,99.068886,85.140732,1.0,2899.1310312048154,640.8837502080023,0.0
2010-10-01,41,14138.352450470398,0.0,6562.228156224,0.0,200.0,170350.0,182.807892,216.992264,1.0,0.0,0.0,6000.0
2010-10-01,42,23355.4977690032,0.0,8677.292,0.0,150.0,121750.0,111.526726,130.060638,1.0,0.0,0.0,4500.0
2010-10-01,43,95864.6045171536,100.0,12336.588062656001,9.16706336,0.0,0.0,104.331612,89.426628,1.0,2978.6378312048037,275.0117502080029,0.0
2010-10-01,44,76337.3579124096,99.502449,32032.097500415995,35.077249792,0.0,0.0,87.325745,50.0,1.0,2794.610437409603,1052.3175004159966,0.0
2010-10-01,45,91424.1169937952,100.0,24950.955249792,22.689615104,0.0,0.0,169.909531,107.991257,1.0,2890.4808813856216,680.6897493760007,0.0
2010-10-01,47,101723.5775531024,100.0,20624.628375104003,20.039498752,0.0,0.0,89.303963,72.58226,1.0,2907.7578749999957,601.1850000000013,0.0
2010-10-01,48,84236.6801,100.0,21699.002,23.56288064,0.0,0.0,100.314018,61.26096,1.0,2884.788153102403,706.8863751040044,0.0
2010-10-01,49,48122.79462789439,64.022308,14446.290624895999,14.6493984,0.0,0.0,97.964127,50.0,1.0,1849.753818795194,439.48124979199747,0.0
2010-10-01,50,28749.315568691203,38.350456,14431.460874688002,16.462683328,0.0,0.0,98.900253,50.0,1.0,1057.9163783872027,493.879749376003,0.0
2010-10-01,51,48302.2445768496,63.084503,13351.749937344,13.36098816,0.0,0.0,79.192329,50.0,1.0,1829.6562045360042,400.8298120320014,0.0
2010-10-01,52,38015.7817312048,52.821671,13941.885750207997,13.082262336,0.0,0.0,83.534409,50.0,1.0,1519.6457175695978,392.4675630719976,0.0
2010-10-01,53,78720.6349619936,90.107018,16406.936,15.686926528000003,0.0,0.0,67.616814,50.0,1.0,2635.5373582943866,470.608125312001,0.0
2010-10-01,54,34502.0994357408,26.023153,11995.68256224,7.737595008,0.0,0.0,59.944126,50.0,1.0,740.2451886351992,232.12718713600043,0.0
2010-10-01,55,76785.79093430718,92.142799,15727.317125311998,15.897855999999999,0.0,0.0,70.492798,50.0,1.0,2696.02221551197,476.93587551999553,0.0
2010-10-01,56,27529.1927390512,10.986213,10133.362687552002,4.8675952,0.0,0.0,54.450657,50.0,1.0,302.0715894671994,146.02818796800238,0.0
2010-10-01,6,92659.96304689761,100.0,15186.588624896,11.069373952,0.0,0.0,86.735977,65.825073,1.0,2966.2360812048137,332.081750207999,0.0
2010-10-01,7,10323.4740913328,0.0,2367.8959690879997,0.0,100.0,129716.195312,263.790924,283.66095,1.0,0.0,0.0,3000.0
2010-10-01,9,32932.733141945595,31.619417,13344.442312447998,12.846053376,0.0,0.0,63.186451,50.0,1.0,876.9815948399955,385.3809373439999,0.0
2010-11-01,1,23602.9615957424,16.748323,2.55877856,0.0,0.0,0.0,78.545021,50.0,1.0,525.8429910047962,0.0,0.0
2010-11-01,12,80290.95439731359,100.0,12871.867125312,7.937194303999999,0.0,0.0,95.857742,57.889843,1.0,3086.2106952559843,246.0534377599979,0.0
2010-11-01,13,16361.5769856208,0.0,4763.04034336,0.0,200.0,202450.0,140.985458,163.94165,1.0,0.0,0.0,6200.0
2010-11-01,14,81141.5066625904,100.0,20187.238499584,24.900388864,0.0,0.0,84.095299,59.619221,1.0,2971.937503283203,771.9123742720003,0.0
2010-11-01,15,2650.377862456,0.0,1080.0747343360001,0.0,150.0,114250.0,132.043442,147.748383,1.0,0.0,0.0,4650.0
2010-11-01,16,83540.64147974401,100.0,13120.55956224,10.636334591999999,0.0,0.0,91.610718,69.135277,1.0,3068.027935948805,329.7263124479996,0.0
2010-11-01,17,38637.304319003204,50.45718,18621.421,19.975721792,0.0,0.0,88.676704,50.0,1.0,1449.6258124096057,619.2485004159971,0.0
2010-11-01,19,0.0,0.0,0.0,0.0,150.0,146200.0,192.286865,215.461853,1.0,0.0,0.0,4650.0
2010-11-01,2,19695.628620048003,0.0,5306.085687551999,0.0,150.0,123400.0,204.557999,245.182953,1.0,0.0,0.0,4650.0
2010-11-01,20,83995.11759215359,100.0,11029.165062656,6.262191103999999,0.0,0.0,111.464973,77.080345,1.0,3097.4946281023877,194.12737510399893,0.0
2010-11-01,21,3693.2081635967997,0.0,950.0383751040001,0.0,150.0,143100.0,164.965363,185.901245,1.0,0.0,0.0,4650.0
2010-11-01,22,42438.4662218976,62.896217,20877.364624895996,26.919416576000003,0.0,0.0,87.309929,50.0,1.0,1793.394637590398,834.5024995839958,0.0
2010-11-01,23,50299.2032593072,48.545799,7271.402125312,8.021084864,0.0,0.0,65.326279,50.0,1.0,1470.1505702560025,248.65343775999918,0.0
2010-11-01,24,17359.134568899204,0.0,3296.853624896,0.0,150.0,150750.0,129.325363,140.925278,1.0,0.0,0.0,4650.0
2010-11-01,25,80715.1201437952,100.0,29155.090249792,29.33454784,0.0,0.0,127.661766,89.595879,1.0,2942.06630638559,909.3727493760052,0.0
2010-11-01,26,11469.072694115199,0.0,2419.039796992,0.0,150.0,123300.0,140.786621,152.843826,1.0,0.0,0.0,4650.0
2010-11-01,27,82164.4830124096,100.0,24470.829500416,27.046423871999995,0.0,0.0,96.583344,77.354958,1.0,2957.4805655120144,838.4398755200018,0.0
2010-11-01,28,16197.7439393632,0.0,8189.129812864,0.0,200.0,155250.0,212.133408,251.575424,1.0,0.0,0.0,6200.0
2010-11-01,29,91538.612800416,87.787003,33539.291500415995,22.946525056000002,0.0,0.0,97.676285,50.0,1.0,2601.6518692112004,711.3437502079905,0.0
2010-11-01,3,98115.58203740961,100.0,35774.17350041599,25.543222848000003,0.0,0.0,91.994514,61.433723,1.0,2967.6071312048152,791.8397502079897,0.0
2010-11-01,30,89507.82773078879,100.0,50330.868249791994,39.688473343999995,0.0,0.0,126.579079,70.174843,1.0,2872.3170563855965,1230.3427493759955,0.0
2010-11-01,31,110159.81849689761,100.0,25039.392624895998,16.536995072,0.0,0.0,100.055992,83.135109,1.0,3028.277890692829,512.6468746879982,0.0
2010-11-01,32,17089.8692130064,0.0,4182.295,0.0,250.0,216350.0,119.929695,149.33815,1.0,0.0,0.0,7750.0
2010-11-01,33,80571.42896879521,100.0,26576.865249792,26.836830592,0.0,0.0,100.416473,80.43177,1.0,2958.89271259043,831.9414995840016,0.0
2010-11-01,34,10489.494538022398,0.0,4413.073843776001,0.0,150.0,159900.0,141.164856,160.661667,1.0,0.0,0.0,4650.0
2010-11-01,35,49328.1780580544,69.456856,10788.458687552002,8.298512768,0.0,0.0,122.371658,50.0,1.0,2124.821344211203,257.2537502080013,0.0
2010-11-01,36,8973.8223096576,0.0,4027.040062656,0.0,150.0,132500.0,191.324356,246.37529,1.0,0.0,0.0,4650.0
2010-11-01,37,14834.4426593072,0.0,2577.531125312,0.0,200.0,140200.0,128.184036,142.101013,1.0,0.0,0.0,6200.0
2010-11-01,38,32090.180497105597,46.882206,10777.895375103999,7.170844928,0.0,0.0,108.384285,50.0,1.0,1423.6437132143983,222.29675020799732,0.0
2010-11-01,4,9849.573744824,0.0,4149.151093568,0.0,250.0,215914.640625,171.736526,224.049133,1.0,0.0,0.0,7750.0
2010-11-01,40,91617.18413180161,100.0,18365.961249792002,21.369829312,0.0,0.0,100.3368,86.42469,1.0,2995.721531385614,662.4637493760019,0.0
2010-11-01,41,14138.352450470398,0.0,6562.228156224,0.0,200.0,176550.0,182.356094,216.325012,1.0,0.0,0.0,6200.0
2010-11-01,42,23355.4977690032,0.0,8677.292,0.0,150.0,126400.0,111.884087,130.269638,1.0,0.0,0.0,4650.0
2010-11-01,43,98944.0403328464,100.0,12613.817937344,8.942900927999998,0.0,0.0,104.878899,89.996017,1.0,3079.4358156928065,277.22987468799874,0.0
2010-11-01,44,79248.5752187952,100.0,33083.430249792,33.913911616,0.0,0.0,88.126823,50.224174,1.0,2911.2173063856026,1051.3327493760044,0.0
2010-11-01,45,94412.0235156928,100.0,25649.381874688,22.529912704,0.0,0.0,169.89119,107.915298,1.0,2987.9065218975884,698.4266248959975,0.0
2010-11-01,47,104728.68938430719,100.0,21243.880125312,19.975868224000003,0.0,0.0,89.918381,73.23304,1.0,3005.111831204791,619.2517502079972,0.0
2010-11-01,48,87220.3816093072,100.0,22416.779125312,23.154072447999997,0.0,0.0,101.041786,61.864952,1.0,2983.701509307197,717.7771253120009,0.0
2010-11-01,49,50070.434759696,65.153076,14897.055874688001,14.540779136,0.0,0.0,98.626953,50.0,1.0,1947.640131801607,450.7652497920026,0.0
2010-11-01,50,29848.5253592032,38.497993,14935.371750207998,16.255184192,0.0,0.0,99.359558,50.0,1.0,1099.2097905119954,503.9108755199959,0.0
2010-11-01,51,50206.36073430719,63.43618,13754.749125311999,12.999987520000001,0.0,0.0,79.237946,50.0,1.0,1904.116157457589,402.9991879679983,0.0
2010-11-01,52,39601.099318795204,53.215702,14335.272249792002,12.689893631999999,0.0,0.0,83.67347,50.0,1.0,1585.3175875904053,393.3864995840049,0.0
2010-11-01,53,81508.31335578879,92.228745,16903.981249792003,16.033694144000002,0.0,0.0,67.961365,50.0,1.0,2787.6783937951986,497.0452497920014,0.0
2010-11-01,54,35268.8350826384,26.078062,12235.131187136,7.724137408,0.0,0.0,59.926445,50.0,1.0,766.7356468975995,239.44862489600018,0.0
2010-11-01,55,79632.4953343072,94.140099,16228.883125311999,16.179544576,0.0,0.0,70.858627,50.0,1.0,2846.704400000017,501.5660000000007,0.0
2010-11-01,56,27839.897418691195,10.934049,10283.329874688001,4.837642368,0.0,0.0,54.433182,50.0,1.0,310.70467963999545,149.96718713599876,0.0
2010-11-01,6,95727.1782656928,100.0,15520.054874688001,10.75696544,0.0,0.0,87.46109,66.639404,1.0,3067.215218795187,333.4662497920017,0.0
2010-11-01,7,10323.4740913328,0.0,2367.8959690879997,0.0,100.0,132816.1875,262.343964,282.225189,1.0,0.0,0.0,3099.992188000004
2010-11-01,9,33847.616000416,31.916973,13745.751500416,12.94543328,0.0,0.0,63.306175,50.0,1.0,914.8828584704024,401.3091879680014,0.0
2010-12-01,1,24125.6395857344,17.202358,2.55877856,0.0,0.0,0.0,79.182747,50.0,1.0,522.6779899920002,0.0,0.0
2010-12-01,12,83279.55282559681,100.0,13101.042499584,7.639201024,0.0,0.0,96.907257,59.358074,1.0,2988.5984282832214,229.17537427200114,0.0
2010-12-01,13,16361.5769856208,0.0,4763.04034336,0.0,200.0,208450.0,141.406448,164.265945,1.0,0.0,0.0,6000.0
2010-12-01,14,84020.4520093072,100.0,20921.012125312,24.459145984000003,0.0,0.0,84.829002,60.219162,1.0,2878.945346716806,733.7736257280012,0.0
2010-12-01,15,2650.377862456,0.0,1080.0747343360001,0.0,150.0,118750.0,133.200714,148.790451,1.0,0.0,0.0,4500.0
2010-12-01,16,86510.794070256,100.0,13434.61843776,10.468642496000001,0.0,0.0,92.381927,69.966255,1.0,2970.1525905119925,314.0588755200006,0.0
2010-12-01,17,40071.887809696,51.47971,19217.696874688,19.87591008,0.0,0.0,89.039604,50.0,1.0,1434.5834906927994,596.2758746880027,0.0
2010-12-01,19,0.0,0.0,0.0,0.0,150.0,150700.0,191.199524,214.257065,1.0,0.0,0.0,4500.0
2010-12-01,2,19695.628620048003,0.0,5306.085687551999,0.0,150.0,127900.0,205.256042,245.712006,1.0,0.0,0.0,4500.0
2010-12-01,20,86993.79650310239,100.0,11211.952375104,6.0929024,0.0,0.0,111.996979,77.739304,1.0,2998.678910948802,182.78731244799928,0.0
2010-12-01,21,3693.2081635967997,0.0,950.0383751040001,0.0,150.0,147600.0,165.196106,186.045624,1.0,0.0,0.0,4500.0
2010-12-01,22,44184.20576220159,63.187077,21678.705750208,26.711375807999996,0.0,0.0,87.703423,50.0,1.0,1745.7395403039918,801.341125312003,0.0
2010-12-01,23,51739.5154776864,49.138268,7513.939874688001,8.084587264000001,0.0,0.0,65.560371,50.0,1.0,1440.3122183792002,242.53774937600065,0.0
2010-12-01,24,17359.134568899204,0.0,3296.853624896,0.0,150.0,155250.0,130.189346,141.775436,1.0,0.0,0.0,4500.0
2010-12-01,25,83565.8709312048,100.0,30018.608750208,28.783961024000003,0.0,0.0,127.229469,89.209274,1.0,2850.7507874096045,863.5185004160012,0.0
2010-12-01,26,11469.072694115199,0.0,2419.039796992,0.0,150.0,127800.0,142.049606,154.035965,1.0,0.0,0.0,4500.0
2010-12-01,27,85028.5,100.0,25273.3,26.74902048,0.0,0.0,97.619339,78.483109,1.0,2864.0169875903957,802.4704995840002,0.0
2010-12-01,28,16197.7439393632,0.0,8189.129812864,0.0,200.0,161250.0,212.483398,251.641129,1.0,0.0,0.0,6000.0
2010-12-01,29,94085.8984187952,88.685883,34217.31624979199,22.600841536,0.0,0.0,98.189514,50.0,1.0,2547.285618379203,678.0247493759962,0.0
2010-12-01,3,100991.0621687952,100.0,36523.893249791996,24.990690816,0.0,0.0,92.61541,62.010323,1.0,2875.480131385586,749.7197493760032,0.0
2010-12-01,30,92294.46019958399,100.0,51489.444499584,38.619162816,0.0,0.0,126.052475,69.720177,1.0,2786.6324687952,1158.5762497920077,0.0
2010-12-01,31,113093.1800531024,100.0,25522.755375104003,16.11214176,0.0,0.0,101.276268,84.400009,1.0,2933.3615562047926,483.3627502080053,0.0
2010-12-01,32,17089.8692130064,0.0,4182.295,0.0,250.0,223850.0,120.52858,149.83107,1.0,0.0,0.0,7500.0
2010-12-01,33,83436.7412187952,100.0,27373.375249792,26.550307264,0.0,0.0,101.742264,81.807602,1.0,2865.312249999988,796.5099999999984,0.0
2010-12-01,34,10489.494538022398,0.0,4413.073843776001,0.0,150.0,164400.0,141.675385,161.078857,1.0,0.0,0.0,4500.0
2010-12-01,35,51399.559240692804,69.923042,11033.091874688002,8.15442368,0.0,0.0,122.450623,50.0,1.0,2071.3811826384044,244.63318713599983,0.0
2010-12-01,36,8973.8223096576,0.0,4027.040062656,0.0,150.0,137000.0,191.156906,245.910233,1.0,0.0,0.0,4500.0
2010-12-01,37,14834.4426593072,0.0,2577.531125312,0.0,200.0,146200.0,129.087448,142.900055,1.0,0.0,0.0,6000.0
2010-12-01,38,33486.572513843195,47.45752,10987.543937344,6.9883008,0.0,0.0,108.456779,50.0,1.0,1396.3920167375982,209.6485622400014,0.0
2010-12-01,4,9849.573744824,0.0,4149.151093568,0.0,250.0,223414.640625,172.402924,224.426147,1.0,0.0,0.0,7500.0
2010-12-01,40,94516.4878411088,100.0,19006.050375104,21.336296384,0.0,0.0,101.583618,87.665657,1.0,2899.3037093071907,640.0891253119989,0.0
2010-12-01,41,14138.352450470398,0.0,6562.228156224,0.0,200.0,182550.0,181.813431,215.584,1.0,0.0,0.0,6000.0
2010-12-01,42,23355.4977690032,0.0,8677.292,0.0,150.0,130900.0,112.215416,130.464127,1.0,0.0,0.0,4500.0
2010-12-01,43,101925.4674983584,100.0,12875.993812864,8.7392032,0.0,0.0,105.449738,90.588875,1.0,2981.4271655119956,262.1758755200008,0.0
2010-12-01,44,82074.2343562048,100.0,34062.41475020801,32.632840447999996,0.0,0.0,88.918541,50.758171,1.0,2825.6591374096024,978.9845004160088,0.0
2010-12-01,45,97304.58536240959,100.0,26320.495500416,22.370451583999998,0.0,0.0,169.838089,107.82254,1.0,2892.561846716795,671.1136257280014,0.0
2010-12-01,47,107637.26297810239,100.0,21841.311375104004,19.914389248,0.0,0.0,90.532799,73.883842,1.0,2908.5735937951977,597.4312497920037,0.0
2010-12-01,48,90110.2554687952,100.0,23100.262249792002,22.782766656,0.0,0.0,101.816406,62.54842,1.0,2889.8738594880124,683.4831244800007,0.0
2010-12-01,49,51983.8229409008,66.064041,15329.172624895999,14.403905984000001,0.0,0.0,99.107994,50.0,1.0,1913.3881812047985,432.11675020799703,0.0
2010-12-01,50,30917.4185283104,38.619556,15416.370125311998,16.033288128,0.0,0.0,99.736267,50.0,1.0,1068.893169107203,480.99837510399993,0.0
2010-12-01,51,52059.073319003204,63.691559,14134.354,12.653486144,0.0,0.0,79.240967,50.0,1.0,1852.7125846960116,379.60487468800056,0.0
2010-12-01,52,41146.939225208,53.51804,14704.582750207997,12.310336895999999,0.0,0.0,83.769257,50.0,1.0,1545.8399064127952,369.3105004159952,0.0
2010-12-01,53,84254.70119630078,93.890541,17393.540125312,16.31862752,0.0,0.0,68.245346,50.0,1.0,2746.3878405119904,489.55887551999695,0.0
2010-12-01,54,36013.2546078464,26.156729,12466.709937344,7.719280192,0.0,0.0,59.918152,50.0,1.0,744.4195252080026,231.5787502080002,0.0
2010-12-01,55,82434.0632281024,95.72599,16721.144375104002,16.408688192000003,0.0,0.0,71.158226,50.0,1.0,2801.5678937952034,492.2612497920036,0.0
2010-12-01,56,28139.648420359998,10.898769,10427.820812864,4.816366464000001,0.0,0.0,54.425194,50.0,1.0,299.7510016688029,144.49093817599896,0.0
2010-12-01,6,98697.31779069279,100.0,15834.173874688002,10.470662591999998,0.0,0.0,88.145935,67.419762,1.0,2970.1395249999914,314.1190000000006,0.0
2010-12-01,7,10323.4740913328,0.0,2367.8959690879997,0.0,100.0,135816.1875,261.217163,281.098145,1.0,0.0,0.0,3000.0
2010-12-01,9,34741.237734099195,32.208725,14136.939375104,13.039589055999999,0.0,0.0,63.426395,50.0,1.0,893.6217336831978,391.1878746880011,0.0
2011-01-01,1,24679.4255697296,17.638327,2.55877856,0.0,0.0,0.0,79.795868,50.0,1.0,553.7859839951998,0.0,0.0
2011-01-01,12,86369.65778326239,100.0,13329.175437760001,7.359104896000001,0.0,0.0,97.805901,60.647915,1.0,3090.1049576655787,228.1329381760006,0.0
2011-01-01,13,16361.5769856208,0.0,4763.04034336,0.0,200.0,214650.0,141.884918,164.647034,1.0,0.0,0.0,6200.0
2011-01-01,14,86998.7401125904,100.0,21663.700499584,23.957690432,0.0,0.0,85.550674,60.799171,1.0,2978.288103283194,742.6883742719983,0.0
2011-01-01,15,2650.377862456,0.0,1080.0747343360001,0.0,150.0,123400.0,134.392303,149.867523,1.0,0.0,0.0,4650.0
2011-01-01,16,89581.2119562048,100.0,13753.346750207998,10.28153984,0.0,0.0,93.122719,70.772545,1.0,3070.417885948802,318.7283124479982,0.0
2011-01-01,17,41585.441016108794,52.440907,19829.379375104003,19.731642112000003,0.0,0.0,89.383949,50.0,1.0,1513.553206412791,611.6825004160019,0.0
2011-01-01,19,0.0,0.0,0.0,0.0,150.0,155350.0,190.282867,213.224655,1.0,0.0,0.0,4650.0
2011-01-01,2,19695.628620048003,0.0,5306.085687551999,0.0,150.0,132550.0,205.89856,246.188248,1.0,0.0,0.0,4650.0
2011-01-01,20,90093.5643733584,100.0,11395.618812864,5.924727744,0.0,0.0,112.454338,78.338928,1.0,3099.767870256008,183.66643776000092,0.0
2011-01-01,21,3693.2081635967997,0.0,950.0383751040001,0.0,150.0,152250.0,165.37674,186.142197,1.0,0.0,0.0,4650.0
2011-01-01,22,46000.533793406394,63.541336,22500.887500416,26.522018432,0.0,0.0,88.129875,50.0,1.0,1816.328031204801,822.1817502080012,0.0
2011-01-01,23,53246.4121171536,49.744232,7766.633062655999,8.151405184,0.0,0.0,65.797928,50.0,1.0,1506.8966394672025,252.6931879679987,0.0
2011-01-01,24,17359.134568899204,0.0,3296.853624896,0.0,150.0,159900.0,131.164688,142.731003,1.0,0.0,0.0,4650.0
2011-01-01,25,86515.2885937952,100.0,30894.152249791998,28.243398144000004,0.0,0.0,126.811256,88.842728,1.0,2949.417662590393,875.5434995839969,0.0
2011-01-01,26,11469.072694115199,0.0,2419.039796992,0.0,150.0,132450.0,143.305359,155.222763,1.0,0.0,0.0,4650.0
2011-01-01,27,87990.1785156928,100.0,26092.421874688,26.423282496,0.0,0.0,98.77668,79.726173,1.0,2961.6785156927945,819.1218746880004,0.0
2011-01-01,28,16197.7439393632,0.0,8189.129812864,0.0,200.0,167450.0,212.737961,251.618225,1.0,0.0,0.0,6200.0
2011-01-01,29,96744.13199379519,89.430916,34905.796249791994,22.20910016,0.0,0.0,98.605804,50.0,1.0,2658.233574999991,688.4800000000032,0.0
2011-01-01,3,103966.22335,100.0,37280.971,24.421866559999998,0.0,0.0,93.372299,62.735413,1.0,2975.161181204807,757.0777502080018,0.0
2011-01-01,30,95181.27444958399,100.0,52653.07449958401,37.53643712,0.0,0.0,125.568924,69.316963,1.0,2886.814249999996,1163.6300000000047,0.0
2011-01-01,31,116127.1595,100.0,26009.165,15.690633088,0.0,0.0,102.56292,85.752548,1.0,3033.979446897589,486.4096248959977,0.0
2011-01-01,32,17089.8692130064,0.0,4182.295,0.0,250.0,231600.0,121.121178,150.317947,1.0,0.0,0.0,7750.0
2011-01-01,33,86399.6419,100.0,28186.873,26.241913984,0.0,0.0,103.051514,83.178253,1.0,2962.900681204803,813.4977502080001,0.0
2011-01-01,34,10489.494538022398,0.0,4413.073843776001,0.0,150.0,169050.0,142.348648,161.656616,1.0,0.0,0.0,4650.0
2011-01-01,35,53554.588825596795,70.356178,11281.250499584,8.005116288,0.0,0.0,122.50164,50.0,1.0,2155.0295849039903,248.1586248959993,0.0
2011-01-01,36,8973.8223096576,0.0,4027.040062656,0.0,150.0,141650.0,190.955261,245.417252,1.0,0.0,0.0,4650.0
2011-01-01,37,14834.4426593072,0.0,2577.531125312,0.0,200.0,152400.0,129.798355,143.516861,1.0,0.0,0.0,6200.0
2011-01-01,38,34949.010529744,48.041687,11198.847562239998,6.816224896,0.0,0.0,108.509796,50.0,1.0,1462.438015900807,211.30362489599793,0.0
2011-01-01,4,9849.573744824,0.0,4149.151093568,0.0,250.0,231164.640625,172.835861,224.580322,1.0,0.0,0.0,7750.0
2011-01-01,40,97512.98377559682,100.0,19664.950499584,21.254846080000004,0.0,0.0,102.889427,88.967918,1.0,2996.495934488019,658.9001244799983,0.0
2011-01-01,41,14138.352450470398,0.0,6562.228156224,0.0,200.0,188750.0,181.197617,214.77359,1.0,0.0,0.0,6200.0
2011-01-01,42,23355.4977690032,0.0,8677.292,0.0,150.0,135550.0,112.542381,130.657349,1.0,0.0,0.0,4650.0
2011-01-01,43,105007.6070156928,100.0,13140.781874688002,8.541539135999999,0.0,0.0,106.072418,91.235443,1.0,3082.1395173344063,264.7880618240015,0.0
2011-01-01,44,85002.67851240959,100.0,35034.473500415996,31.356678912,0.0,0.0,89.704437,51.370632,1.0,2928.444156204787,972.058750207987,0.0
2011-01-01,45,100294.7070375904,100.0,27008.728499584002,22.201084672,0.0,0.0,169.771149,107.724487,1.0,2990.1216751808097,688.2329991680017,0.0
2011-01-01,47,110643.25055930718,100.0,22456.533125312002,19.845834944,0.0,0.0,91.187065,74.577049,1.0,3005.9875812047976,615.2217502079984,0.0
2011-01-01,48,93098.97064689758,100.0,23794.967624896,22.409850112,0.0,0.0,102.686287,63.32951,1.0,2988.7151781023713,694.7053751039966,0.0
2011-01-01,49,53987.53112189759,66.87513,15770.743624895998,14.244243519999998,0.0,0.0,99.471062,50.0,1.0,2003.708180996793,441.5709999999999,0.0
2011-01-01,50,32028.2733473136,38.771107,15906.145125312,15.79918496,0.0,0.0,100.005692,50.0,1.0,1110.854819003198,489.77500000000146,0.0
2011-01-01,51,53982.052487201596,63.887241,14515.744750207998,12.302943744,0.0,0.0,79.218498,50.0,1.0,1922.9791681983916,381.3907502079983,0.0
2011-01-01,52,42754.4629406928,53.757191,15074.011874688002,11.917054656,0.0,0.0,83.846283,50.0,1.0,1607.5237154848,369.42912448000425,0.0
2011-01-01,53,87134.5975031024,95.278412,17906.835375104,16.557937344000003,0.0,0.0,68.490036,50.0,1.0,2879.8963068016164,513.2952497920014,0.0
2011-01-01,54,36785.6078088912,26.256794,12706.123624896001,7.7230358400000005,0.0,0.0,59.917427,50.0,1.0,772.3532010448034,239.41368755200165,0.0
2011-01-01,55,85370.3353473136,97.084007,17235.863125312,16.603826304,0.0,0.0,71.420464,50.0,1.0,2936.272119211193,514.7187502079978,0.0
2011-01-01,56,28448.798098643198,10.875522,10576.487187136,4.795698752,0.0,0.0,54.419846,50.0,1.0,309.14967828320005,148.6663742719993,0.0
2011-01-01,6,101768.3375781024,100.0,16150.132375104,10.192169728000001,0.0,0.0,88.840057,68.222786,1.0,3071.0197874096048,315.95850041599806,0.0
2011-01-01,7,10323.4740913328,0.0,2367.8959690879997,0.0,100.0,138916.1875,260.258026,280.130554,1.0,0.0,0.0,3100.0
2011-01-01,9,35673.581937409595,32.513481,14544.081500416,13.133643328,0.0,0.0,63.55455,50.0,1.0,932.3442033104002,407.1421253119988,0.0
2011-02-01,1,25246.775557736,18.070301,2.55877856,0.0,0.0,0.0,80.398941,50.0,1.0,567.349988006401,0.0,0.0
2011-02-01,12,89461.4227818016,100.0,13549.669249792,7.11271392,0.0,0.0,98.42897,61.617935,1.0,3091.7649985392054,220.49381203199846,0.0
2011-02-01,13,16361.5769856208,0.0,4763.04034336,0.0,250.0,222400.0,152.043121,180.496994,1.0,0.0,0.0,7750.0
2011-02-01,14,89980.6615187952,100.0,22389.669249792,23.41834144,0.0,0.0,86.17421,61.341011,1.0,2981.9214062047977,725.9687502080014,0.0
2011-02-01,15,2650.377862456,0.0,1080.0747343360001,0.0,100.0,126500.0,127.478226,137.731598,1.0,0.0,0.0,3100.0
2011-02-01,16,92653.2307343072,100.0,14064.708125312,10.043929792,0.0,0.0,94.026459,71.784378,1.0,3072.0187781023997,311.3613751040011,0.0
2011-02-01,17,43129.024449792,53.364773,20436.354249792003,19.579845375999998,0.0,0.0,89.78595,50.0,1.0,1543.583433683205,606.9748746879995,0.0
2011-02-01,19,0.0,0.0,0.0,0.0,150.0,160000.0,189.985916,212.810577,1.0,0.0,0.0,4650.0
2011-02-01,2,19695.628620048003,0.0,5306.085687551999,0.0,100.0,135650.0,191.574844,218.35701,1.0,0.0,0.0,3100.0
2011-02-01,20,93193.59285,100.0,11578.086,5.886024768,0.0,0.0,106.222137,72.848167,1.0,3100.0284766416007,182.46718713599876,0.0
2011-02-01,21,3693.2081635967997,0.0,950.0383751040001,0.0,100.0,155350.0,149.78299,163.203003,1.0,0.0,0.0,3100.0
2011-02-01,22,47810.6875130064,63.243034,23308.389,26.048435712000003,0.0,0.0,88.149086,50.0,1.0,1810.1537196000063,807.5014995839992,0.0
2011-02-01,23,54771.555511156796,50.339581,8021.381062655999,8.217664000000001,0.0,0.0,65.46331,50.0,1.0,1525.143394003193,254.7479999999996,0.0
2011-02-01,24,17359.134568899204,0.0,3296.853624896,0.0,150.0,164550.0,131.214401,142.69014,1.0,0.0,0.0,4650.0
2011-02-01,25,89467.29607499999,100.0,31757.778,27.858901824,0.0,0.0,128.201141,89.896873,1.0,2952.007481204797,863.6257502080007,0.0
2011-02-01,26,11469.072694115199,0.0,2419.039796992,0.0,150.0,137100.0,142.195282,154.039963,1.0,0.0,0.0,4650.0
2011-02-01,27,90953.77591240959,100.0,26902.713500416,26.138443968,0.0,0.0,98.365158,79.350677,1.0,2963.5973967167956,810.2916257280012,0.0
2011-02-01,28,16197.7439393632,0.0,8189.129812864,0.0,200.0,173650.0,212.895905,251.512161,1.0,0.0,0.0,6200.0
2011-02-01,29,99321.1718375904,86.613327,35560.830499584,21.130140095999998,0.0,0.0,97.235352,50.0,1.0,2577.03984379521,655.0342497920064,0.0
2011-02-01,3,106945.79364999999,100.0,38017.759,23.767354624,0.0,0.0,93.535843,62.918732,1.0,2979.570299999992,736.7880000000005,0.0
2011-02-01,30,98076.40126199358,100.0,53778.452,36.302544512,0.0,0.0,127.589386,71.149872,1.0,2895.126812409595,1125.3775004159907,0.0
2011-02-01,31,119162.44445000001,100.0,26489.567,15.496820352,0.0,0.0,101.357239,84.654099,1.0,3035.2849500000157,480.4019999999982,0.0
2011-02-01,32,17089.8692130064,0.0,4182.295,0.0,250.0,239350.0,122.149529,151.253815,1.0,0.0,0.0,7750.0
2011-02-01,33,89363.0193,100.0,28998.177,26.17106336,0.0,0.0,101.664589,81.820526,1.0,2963.3773999999976,811.3040000000001,0.0
2011-02-01,34,10489.494538022398,0.0,4413.073843776001,0.0,150.0,173700.0,142.421768,161.628525,1.0,0.0,0.0,4650.0
2011-02-01,35,55713.46450310239,70.441299,11524.017375103998,7.831190016,0.0,0.0,122.210358,50.0,1.0,2158.8756775055954,242.76687551999748,0.0
2011-02-01,36,8973.8223096576,0.0,4027.040062656,0.0,150.0,146300.0,190.271286,244.463974,1.0,0.0,0.0,4650.0
2011-02-01,37,14834.4426593072,0.0,2577.531125312,0.0,200.0,158600.0,130.380127,144.018814,1.0,0.0,0.0,6200.0
2011-02-01,38,36422.37485041599,48.349606,11404.347500416,6.629032384,0.0,0.0,108.390182,50.0,1.0,1473.3643206719862,205.4999381760008,0.0
2011-02-01,4,9849.573744824,0.0,4149.151093568,0.0,250.0,238914.640625,172.781937,224.267197,1.0,0.0,0.0,7750.0
2011-02-01,40,100508.5573473136,100.0,20328.095125312,21.391719232,0.0,0.0,102.372292,88.460518,1.0,2995.5735717167845,663.1446257280004,0.0
2011-02-01,41,14138.352450470398,0.0,6562.228156224,0.0,250.0,196500.0,191.721283,233.256027,1.0,0.0,0.0,7750.0
2011-02-01,42,23355.4977690032,0.0,8677.292,0.0,150.0,140200.0,112.855141,130.84346,1.0,0.0,0.0,4650.0
2011-02-01,43,108094.1176906928,100.0,13385.454874688001,7.892697279999999,0.0,0.0,111.585625,96.676117,1.0,3086.5106749999977,244.67299999999886,0.0
2011-02-01,44,87939.265025,100.0,35969.063,30.148088256,0.0,0.0,90.444328,52.002777,1.0,2936.5865125904093,934.5894995840063,0.0
2011-02-01,45,103285.92339999999,100.0,27691.924,22.038513536,0.0,0.0,169.60643,107.527725,1.0,2991.2163624095847,683.1955004159972,0.0
2011-02-01,47,113652.3957843072,100.0,23057.224125312,19.377131904000002,0.0,0.0,93.952454,77.42308,1.0,3009.1452250000148,600.6909999999989,0.0
2011-02-01,48,96090.22126240958,100.0,24478.005500416,22.033518207999997,0.0,0.0,102.176231,62.921597,1.0,2991.2506155120063,683.03787552,0.0
2011-02-01,49,55962.149184099195,65.839256,16196.529375104,13.735025408000002,0.0,0.0,99.118507,50.0,1.0,1974.6180622016036,425.78575020800236,0.0
2011-02-01,50,33128.695934904,38.336678,16381.171624895998,15.323428223999999,0.0,0.0,99.428398,50.0,1.0,1100.4225875903976,475.0264995839989,0.0
2011-02-01,51,55975.30066279841,66.147034,14900.239249792003,12.403022528,0.0,0.0,80.439583,50.0,1.0,1993.248175596811,384.4944995840051,0.0
2011-02-01,52,44433.1080557888,56.025997,15443.951249792002,11.933544896,0.0,0.0,83.695015,50.0,1.0,1678.6451150959983,369.93937510400065,0.0
2011-02-01,53,90049.95876610882,96.450859,18426.315375104,16.757430143999997,0.0,0.0,68.699715,50.0,1.0,2915.3612630064163,519.4799999999996,0.0
2011-02-01,54,37561.3651766416,26.367676,12945.893187136,7.734494976,0.0,0.0,59.922737,50.0,1.0,775.757367750397,239.76956223999878,0.0
2011-02-01,55,88346.70685990399,98.401108,17756.376624896,16.790796672,0.0,0.0,71.674492,50.0,1.0,2976.371512590398,520.513499583998,0.0
2011-02-01,56,28758.290709799996,10.883935,10724.795249792,4.784133120000001,0.0,0.0,54.421795,50.0,1.0,309.4926111567984,148.3080626560004,0.0
2011-02-01,6,104841.47717499999,100.0,16456.336,9.877555584,0.0,0.0,90.216484,69.839615,1.0,3073.1395968975994,306.2036248959994,0.0
2011-02-01,7,10323.4740913328,0.0,2367.8959690879997,0.0,100.0,142016.1875,259.238861,279.095367,1.0,0.0,0.0,3100.0
2011-02-01,9,36614.9373966896,32.819721,14953.995874688002,13.223034239999999,0.0,0.0,63.995132,50.0,1.0,941.3554592800065,409.91437427200253,0.0
2011-03-01,1,25770.903513732803,18.482283,2.55877856,0.0,0.0,0.0,80.966454,50.0,1.0,524.1279559968025,0.0,0.0
2011-03-01,12,92255.20065041598,100.0,13743.229500415999,6.912864192,0.0,0.0,98.808685,62.271645,1.0,2793.7778686143865,193.5602506239993,0.0
2011-03-01,13,16361.5769856208,0.0,4763.04034336,0.0,250.0,229400.0,156.917023,185.21019,1.0,0.0,0.0,7000.0
2011-03-01,14,92677.14038430719,100.0,23030.977125312,22.903850944,0.0,0.0,86.69828,61.800755,1.0,2696.478865511992,641.3078755200004,0.0
2011-03-01,15,2650.377862456,0.0,1080.0747343360001,0.0,100.0,129300.0,125.90654,136.11026,1.0,0.0,0.0,2800.0
2011-03-01,16,95429.55363430719,100.0,14338.592125312,9.781591872000002,0.0,0.0,95.052841,72.952393,1.0,2776.3228999999847,273.884,0.0
2011-03-01,17,44548.4026721056,54.227993,20981.387375104,19.465476992,0.0,0.0,90.179092,50.0,1.0,1419.3782223136004,545.0331253119984,0.0
2011-03-01,19,0.0,0.0,0.0,0.0,150.0,164200.0,190.162079,212.882736,1.0,0.0,0.0,4200.0
2011-03-01,2,19695.628620048003,0.0,5306.085687551999,0.0,100.0,138450.0,186.841293,213.72435,1.0,0.0,0.0,2800.0
2011-03-01,20,95993.4176312048,100.0,11743.819750208,5.9190768,0.0,0.0,102.216179,69.069366,1.0,2799.824781204792,165.73375020800086,0.0
2011-03-01,21,3693.2081635967997,0.0,950.0383751040001,0.0,100.0,158150.0,143.992767,157.477325,1.0,0.0,0.0,2800.0
2011-03-01,22,49432.151840304,62.647846,24022.240125312,25.494664831999998,0.0,0.0,87.966187,50.0,1.0,1621.4643272976027,713.8511253120014,0.0
2011-03-01,23,56163.711654744,50.867317,8253.12556224,8.276603712,0.0,0.0,65.355064,50.0,1.0,1392.1561435872063,231.74449958400146,0.0
2011-03-01,24,17359.134568899204,0.0,3296.853624896,0.0,150.0,168750.0,130.91037,142.32666,1.0,0.0,0.0,4200.0
2011-03-01,25,92136.2032937952,100.0,32525.964249792,27.435192512,0.0,0.0,129.692825,91.168831,1.0,2668.9072187952115,768.186249792001,0.0
2011-03-01,26,11469.072694115199,0.0,2419.039796992,0.0,150.0,141300.0,141.106918,152.896866,1.0,0.0,0.0,4200.0
2011-03-01,27,93632.756375,100.0,27624.545,25.779692223999998,0.0,0.0,97.990509,78.965363,1.0,2678.980462590407,721.8314995839974,0.0
2011-03-01,28,16197.7439393632,0.0,8189.129812864,0.0,200.0,179250.0,212.967804,251.357559,1.0,0.0,0.0,5600.0
2011-03-01,29,101576.9132119936,83.87429,36125.908,20.181300672000003,0.0,0.0,95.96051,50.0,1.0,2255.7413744031946,565.0775004160023,0.0
2011-03-01,3,109640.75513740958,100.0,38666.049500416,23.153255423999997,0.0,0.0,93.343597,62.749859,1.0,2694.961487409586,648.2905004159984,0.0
2011-03-01,30,100698.3576869936,100.0,54762.695,35.151599808,0.0,0.0,129.385742,72.89946,1.0,2621.956425000011,984.2430000000022,0.0
2011-03-01,31,121905.19752189759,100.0,26917.931624896,15.298738623999999,0.0,0.0,100.651337,83.977699,1.0,2742.753071897576,428.36462489599944,0.0
2011-03-01,32,17089.8692130064,0.0,4182.295,0.0,250.0,246350.0,123.472656,152.500992,1.0,0.0,0.0,7000.0
2011-03-01,33,92041.1946374096,100.0,29723.713500415997,25.912001024,0.0,0.0,100.509109,80.647209,1.0,2678.1753374096006,725.5365004159976,0.0
2011-03-01,34,10489.494538022398,0.0,4413.073843776001,0.0,150.0,177900.0,142.159103,161.281006,1.0,0.0,0.0,4200.0
2011-03-01,35,57660.6452706448,70.306755,11738.492187136,7.659839616,0.0,0.0,121.74762,50.0,1.0,1947.1807675424134,214.47481203200186,0.0
2011-03-01,36,8973.8223096576,0.0,4027.040062656,0.0,150.0,150500.0,189.380966,243.345108,1.0,0.0,0.0,4200.0
2011-03-01,37,14834.4426593072,0.0,2577.531125312,0.0,200.0,164200.0,130.826401,144.402634,1.0,0.0,0.0,5600.0
2011-03-01,38,37756.548200208,48.429241,11584.751750207999,6.443012992,0.0,0.0,108.160995,50.0,1.0,1334.173349792014,180.40424979199997,0.0
2011-03-01,4,9849.573744824,0.0,4149.151093568,0.0,250.0,245914.640625,172.460434,223.725906,1.0,0.0,0.0,7000.0
2011-03-01,40,103214.5462223136,100.0,20925.640125312002,21.340903168,0.0,0.0,101.811951,87.916267,1.0,2705.9888749999955,597.5450000000019,0.0
2011-03-01,41,14138.352450470398,0.0,6562.228156224,0.0,250.0,203500.0,194.768967,236.060181,1.0,0.0,0.0,7000.0
2011-03-01,42,23355.4977690032,0.0,8677.292,0.0,150.0,144400.0,113.126198,131.005692,1.0,0.0,0.0,4200.0
2011-03-01,43,110884.1672656928,100.0,13596.171874688001,7.525586432,0.0,0.0,115.903801,100.976311,1.0,2790.0495749999973,210.71700000000055,0.0
2011-03-01,44,90597.9061937952,100.0,36784.491249791994,29.122406144,0.0,0.0,91.074249,52.571136,1.0,2658.641168795206,815.4282497919921,0.0
2011-03-01,45,105988.53851879519,100.0,28304.994249792,21.89538208,0.0,0.0,169.38501,107.281868,1.0,2702.6151187952055,613.0702497919992,0.0
2011-03-01,47,116373.20072499999,99.999977,23586.589,18.905900416,0.0,0.0,97.050209,80.681839,1.0,2720.8049406927894,529.364874687999,0.0
2011-03-01,48,98794.0327687952,100.0,25085.570249792003,21.698710592,0.0,0.0,101.346603,62.223652,1.0,2703.8115063856094,607.5647493760043,0.0
2011-03-01,49,57711.30071300639,64.510765,16565.913,13.192277696,0.0,0.0,98.434387,50.0,1.0,1749.1515289071976,369.3836248959997,0.0
2011-03-01,50,34108.6399,37.738483,16796.533,14.834336191999999,0.0,0.0,98.668343,50.0,1.0,979.9439650960048,415.3613751040011,0.0
2011-03-01,51,57831.1208156928,68.106606,15248.029874688002,12.42110688,0.0,0.0,81.38504,50.0,1.0,1855.82015289439,347.7906248959989,0.0
2011-03-01,52,46003.9746090992,57.944614,15776.889375104001,11.890660288,0.0,0.0,83.539307,50.0,1.0,1570.8665533103995,332.9381253119991,0.0
2011-03-01,53,92709.26725310239,97.404976,18900.009375104004,16.917635072,0.0,0.0,68.869514,50.0,1.0,2659.30848699357,473.69400000000314,0.0
2011-03-01,54,38264.93718636479,26.473003,13162.903812864,7.750386176,0.0,0.0,59.931438,50.0,1.0,703.5720097231897,217.01062572800038,0.0
2011-03-01,55,91069.0754437952,99.638321,18231.320249792003,16.962216960000003,0.0,0.0,71.907867,50.0,1.0,2722.368583891206,474.9436248960046,0.0
2011-03-01,56,29038.2440059968,10.897161,10858.575,4.777828224,0.0,0.0,54.428139,50.0,1.0,279.9532961968034,133.77975020800113,0.0
2011-03-01,6,107619.06214379519,100.0,16724.412249792003,9.574142656,0.0,0.0,92.017265,71.982422,1.0,2777.5849687951995,268.0762497920041,0.0
2011-03-01,7,10323.4740913328,0.0,2367.8959690879997,0.0,100.0,144816.1875,258.33017,278.168793,1.0,0.0,0.0,2800.0
2011-03-01,9,37472.550946897594,33.095291,15326.351624895999,13.298427583999999,0.0,0.0,64.351173,50.0,1.0,857.6135502079924,372.3557502079966,0.0
2011-04-01,1,26366.562448740802,18.971956,2.55877856,0.0,0.0,0.0,81.632141,50.0,1.0,595.6589350079994,0.0,0.0
2011-04-01,12,95349.6707630064,100.0,13951.275,6.711133312000001,0.0,0.0,99.104813,62.830936,1.0,3094.470112590425,208.04549958400094,0.0
2011-04-01,13,16361.5769856208,0.0,4763.04034336,0.0,250.0,237150.0,161.310349,189.418427,1.0,0.0,0.0,7750.0
2011-04-01,14,95666.5247343072,100.0,23722.603125312,22.310518464,0.0,0.0,87.232071,62.296173,1.0,2989.3843500000075,691.6260000000002,0.0
2011-04-01,15,2650.377862456,0.0,1080.0747343360001,0.0,100.0,132400.0,124.940727,135.101959,1.0,0.0,0.0,3100.0
2011-04-01,16,98505.5069312048,100.0,14631.847750207999,9.459851647999999,0.0,0.0,96.376152,74.477707,1.0,3075.9532968976127,293.25562489599906,0.0
2011-04-01,17,46151.25975041599,55.207504,21581.839500416,19.369452544,0.0,0.0,90.652527,50.0,1.0,1602.8570783103933,600.4521253120001,0.0
2011-04-01,19,0.0,0.0,0.0,0.0,150.0,168850.0,190.684357,213.29361,1.0,0.0,0.0,4650.0
2011-04-01,2,19695.628620048003,0.0,5306.085687551999,0.0,100.0,141550.0,183.572754,210.514725,1.0,0.0,0.0,3100.0
2011-04-01,20,99092.8329062048,100.0,11929.108750207999,5.977064703999999,0.0,0.0,99.116585,66.032288,1.0,3099.4152750000067,185.28899999999885,0.0
2011-04-01,21,3693.2081635967997,0.0,950.0383751040001,0.0,100.0,161250.0,139.927689,153.442581,1.0,0.0,0.0,3100.0
2011-04-01,22,51206.334328699195,61.83926,24792.460874688,24.845850432,0.0,0.0,87.688332,50.0,1.0,1774.1824883951922,770.2207493759997,0.0
2011-04-01,23,57722.591667153596,51.440575,8511.689062656,8.340759232,0.0,0.0,65.308952,50.0,1.0,1558.8800124095942,258.56350041599944,0.0
2011-04-01,24,17359.134568899204,0.0,3296.853624896,0.0,150.0,173400.0,130.452042,141.832565,1.0,0.0,0.0,4650.0
2011-04-01,25,95094.61081259038,100.0,33360.138499584005,26.908826048,0.0,0.0,131.252274,92.593246,1.0,2958.407518795182,834.1742497920059,0.0
2011-04-01,26,11469.072694115199,0.0,2419.039796992,0.0,150.0,145950.0,140.093582,151.831009,1.0,0.0,0.0,4650.0
2011-04-01,27,96601.4935062048,100.0,28411.184750208,25.375480832,0.0,0.0,97.656113,78.606514,1.0,2968.7371312048053,786.6397502080035,0.0
2011-04-01,28,16197.7439393632,0.0,8189.129812864,0.0,200.0,185450.0,212.968079,251.120636,1.0,0.0,0.0,6200.0
2011-04-01,29,104002.500950416,81.397469,36724.31750041599,19.303508224,0.0,0.0,94.821342,50.0,1.0,2425.5877384224004,598.4095004159899,0.0
2011-04-01,3,112628.93038740958,100.0,39363.239500416,22.489950912,0.0,0.0,92.969429,62.377167,1.0,2988.1752500000002,697.1900000000023,0.0
2011-04-01,30,103609.3694744032,100.0,55814.973500416,33.944514240000004,0.0,0.0,131.085922,74.616272,1.0,2911.011787409603,1052.2785004160032,0.0
2011-04-01,31,124943.18634999999,100.0,27385.891,15.095443583999998,0.0,0.0,100.094162,83.428337,1.0,3037.988828102403,467.9593751040011,0.0
2011-04-01,32,17089.8692130064,0.0,4182.295,0.0,250.0,254100.0,125.203049,154.148087,1.0,0.0,0.0,7750.0
2011-04-01,33,95008.6096687952,100.0,30516.437249791998,25.571704704,0.0,0.0,99.523674,79.62886,1.0,2967.4150313855935,792.7237493760003,0.0
2011-04-01,34,10489.494538022398,0.0,4413.073843776001,0.0,150.0,182550.0,141.70311,160.73996,1.0,0.0,0.0,4650.0
2011-04-01,35,59809.648970047994,70.04818,11969.885687552001,7.464285503999999,0.0,0.0,121.136703,50.0,1.0,2149.0036994031907,231.3935004160012,0.0
2011-04-01,36,8973.8223096576,0.0,4027.040062656,0.0,150.0,155150.0,188.2715,241.997391,1.0,0.0,0.0,4650.0
2011-04-01,37,14834.4426593072,0.0,2577.531125312,0.0,200.0,170400.0,131.290024,144.808289,1.0,0.0,0.0,6200.0
2011-04-01,38,39234.176834904,48.400566,11778.001624896002,6.233871488,0.0,0.0,107.841446,50.0,1.0,1477.6286346959969,193.24987468800282,0.0
2011-04-01,4,9849.573744824,0.0,4149.151093568,0.0,250.0,253664.640625,171.971924,223.00882,1.0,0.0,0.0,7750.0
2011-04-01,40,106211.3271286992,100.0,21583.228874688,21.212561344,0.0,0.0,101.266167,87.387779,1.0,2996.7809063855966,657.5887493759983,0.0
2011-04-01,41,14138.352450470398,0.0,6562.228156224,0.0,250.0,211250.0,196.642761,237.654022,1.0,0.0,0.0,7750.0
2011-04-01,42,23355.4977690032,0.0,8677.292,0.0,150.0,149050.0,113.415802,131.181198,1.0,0.0,0.0,4650.0
2011-04-01,43,113974.998425,100.0,13820.963,7.251319296,0.0,0.0,120.115288,105.192589,1.0,3090.8311593071994,224.79112531199826,0.0
2011-04-01,44,93548.52094999999,100.0,37654.526,28.065667136,0.0,0.0,91.725731,53.215885,1.0,2950.6147562047845,870.034750208004,0.0
2011-04-01,45,108981.76275,100.0,28978.95,21.740573504,0.0,0.0,169.077484,106.953453,1.0,2993.224231204804,673.9557502080024,0.0
2011-04-01,47,119387.8250375904,100.0,24162.066499584,18.563795328,0.0,0.0,100.482811,84.268372,1.0,3014.624312590415,575.4774995840016,0.0
2011-04-01,48,101789.84787810239,100.0,25747.603375104,21.355914944,0.0,0.0,100.430229,61.425484,1.0,2995.815109307194,662.0331253119984,0.0
2011-04-01,49,59610.194624792,63.188362,16957.151249792,12.62059136,0.0,0.0,97.684326,50.0,1.0,1898.8939117856062,391.2382497920007,0.0
2011-04-01,50,35176.5440161088,37.087002,17240.637375104,14.325926784,0.0,0.0,97.859802,50.0,1.0,1067.9041161087953,444.1043751040015,0.0
2011-04-01,51,59941.292887409596,69.853325,15629.971500415999,12.320701119999999,0.0,0.0,82.131317,50.0,1.0,2110.172071716799,381.94162572799723,0.0
2011-04-01,52,47798.324284696,59.668652,16140.674874688002,11.735015551999998,0.0,0.0,83.379456,50.0,1.0,1794.3496755968008,363.7854995840007,0.0
2011-04-01,53,95684.29555990401,98.423752,19429.944624895998,17.094695488000003,0.0,0.0,69.05278,50.0,1.0,2975.028306801629,529.9352497919936,0.0
2011-04-01,54,39047.61546300639,26.596678,13403.923,7.774818688,0.0,0.0,59.945705,50.0,1.0,782.6782766416,241.01918713600026,0.0
2011-04-01,55,94094.83837810239,100.0,18755.540375104003,16.910348416,0.0,0.0,72.271568,50.378632,1.0,3025.7629343071894,524.2201253120002,0.0
2011-04-01,56,29349.446342257597,10.937271,11006.72543776,4.779059584,0.0,0.0,54.445019,50.0,1.0,311.2023362607979,148.15043775999948,0.0
2011-04-01,6,110696.2979906928,100.0,17011.765874688,9.269473408,0.0,0.0,94.329453,74.717957,1.0,3077.2358468976017,287.3536248959972,0.0
2011-04-01,7,10323.4740913328,0.0,2367.8959690879997,0.0,100.0,147916.1875,257.331116,277.147217,1.0,0.0,0.0,3100.0
2011-04-01,9,38431.0709185872,33.398796,15740.952499584,13.374203647999998,0.0,0.0,64.709419,50.0,1.0,958.5199716896022,414.60087468800157,0.0
2011-05-01,1,26958.3383237408,19.476566,2.55877856,0.0,0.0,0.0,82.312027,50.0,1.0,591.7758749999994,0.0,0.0
2011-05-01,12,98345.4958942112,100.0,14147.194750207998,6.530655872,0.0,0.0,99.347473,63.309711,1.0,2995.825131204794,195.91975020799873,0.0
2011-05-01,13,16361.5769856208,0.0,4763.04034336,0.0,250.0,244650.0,164.987839,192.924698,1.0,0.0,0.0,7500.0
2011-05-01,14,98563.24356879521,100.0,24374.587249792003,21.732822592,0.0,0.0,87.710915,62.754063,1.0,2896.7188344880124,651.9841244800009,0.0
2011-05-01,15,2650.377862456,0.0,1080.0747343360001,0.0,100.0,135400.0,124.270592,134.392303,1.0,0.0,0.0,3000.0
2011-05-01,16,101484.32203120479,100.0,14906.043750207999,9.139861951999999,0.0,0.0,97.750839,76.058868,1.0,2978.8150999999925,274.1959999999999,0.0
2011-05-01,17,47733.0528528944,56.201965,22160.958624895997,19.303929216,0.0,0.0,91.135025,50.0,1.0,1581.7931024784048,579.1191244799957,0.0
2011-05-01,19,0.0,0.0,0.0,0.0,150.0,173350.0,191.350952,213.854935,1.0,0.0,0.0,4500.0
2011-05-01,2,19695.628620048003,0.0,5306.085687551999,0.0,100.0,144550.0,181.290863,208.238373,1.0,0.0,0.0,3000.0
2011-05-01,20,102091.911554744,100.0,12110.056562239999,6.031586496,0.0,0.0,96.993385,63.906582,1.0,2999.078648539202,180.947812032,0.0
2011-05-01,21,3693.2081635967997,0.0,950.0383751040001,0.0,100.0,164250.0,137.193558,150.710251,1.0,0.0,0.0,3000.0
2011-05-01,22,52903.096115692795,61.044029,25519.537874687998,24.235862144,0.0,0.0,87.418083,50.0,1.0,1696.7617869936003,727.0769999999975,0.0
2011-05-01,23,59247.2997244032,51.984146,8763.761500416,8.402408768,0.0,0.0,65.294899,50.0,1.0,1524.7080572496052,252.07243775999996,0.0
2011-05-01,24,17359.134568899204,0.0,3296.853624896,0.0,150.0,177900.0,129.969345,141.328903,1.0,0.0,0.0,4500.0
2011-05-01,25,97961.0050374096,100.0,34151.669500416,26.384374016000002,0.0,0.0,132.624222,93.898209,1.0,2866.394224819218,791.5310008319939,0.0
2011-05-01,26,11469.072694115199,0.0,2419.039796992,0.0,150.0,150450.0,139.300201,150.990204,1.0,0.0,0.0,4500.0
2011-05-01,27,99476.77094379519,100.0,29161.837249792,25.021789312,0.0,0.0,97.345001,78.259377,1.0,2875.2774375903828,750.6524995839973,0.0
2011-05-01,28,16197.7439393632,0.0,8189.129812864,0.0,200.0,191450.0,212.90657,250.84137,1.0,0.0,0.0,6000.0
2011-05-01,29,106300.2282937952,79.618492,37282.976249791995,18.622022016000003,0.0,0.0,93.947845,50.0,1.0,2297.7273433791997,558.6587493760017,0.0
2011-05-01,3,115524.6798937952,100.0,40019.68424979199,21.881480191999998,0.0,0.0,92.561249,61.94754,1.0,2895.7495063856186,656.4447493759944,0.0
2011-05-01,30,106433.479099584,100.0,56801.088499583995,32.870493759999995,0.0,0.0,132.501144,76.068176,1.0,2824.109625180805,986.1149991679922,0.0
2011-05-01,31,127884.38586879519,100.0,27833.185249791997,14.909819392000001,0.0,0.0,99.651337,82.986557,1.0,2941.199518795198,447.2942497919976,0.0
2011-05-01,32,17089.8692130064,0.0,4182.295,0.0,250.0,261600.0,126.953987,155.81398,1.0,0.0,0.0,7500.0
2011-05-01,33,97882.4442374096,100.0,31273.729500415997,25.243108799999998,0.0,0.0,98.793968,78.863976,1.0,2873.834568614402,757.2922506239993,0.0
2011-05-01,34,10489.494538022398,0.0,4413.073843776001,0.0,150.0,187050.0,141.184616,160.144043,1.0,0.0,0.0,4500.0
2011-05-01,35,61882.3238062048,69.777374,12188.211750208,7.277551424,0.0,0.0,120.533653,50.0,1.0,2072.6748361568025,218.3260626559986,0.0
2011-05-01,36,8973.8223096576,0.0,4027.040062656,0.0,150.0,159650.0,187.194,240.700775,1.0,0.0,0.0,4500.0
2011-05-01,37,14834.4426593072,0.0,2577.531125312,0.0,200.0,176400.0,131.708679,145.17659,1.0,0.0,0.0,6000.0
2011-05-01,38,40663.538459099196,48.338947,11959.166375104,6.0388382080000005,0.0,0.0,107.525757,50.0,1.0,1429.3616241951968,181.1647502079977,0.0
2011-05-01,4,9849.573744824,0.0,4149.151093568,0.0,250.0,261164.640625,171.489792,222.317932,1.0,0.0,0.0,7500.0
2011-05-01,40,109112.28240369921,100.0,22215.717874687998,21.082948224,0.0,0.0,100.800461,86.933311,1.0,2900.955275000015,632.4889999999978,0.0
2011-05-01,41,14138.352450470398,0.0,6562.228156224,0.0,250.0,218750.0,197.828064,238.584854,1.0,0.0,0.0,7500.0
2011-05-01,42,23355.4977690032,0.0,8677.292,0.0,150.0,153550.0,113.683128,131.343658,1.0,0.0,0.0,4500.0
2011-05-01,43,116967.311375,100.0,14033.045,7.069415808,0.0,0.0,123.708893,108.777725,1.0,2992.312950000007,212.08200000000033,0.0
2011-05-01,44,96410.1176187952,100.0,38468.134249792,27.120240576,0.0,0.0,92.311119,53.848171,1.0,2861.5966687952023,813.6082497919997,0.0
2011-05-01,45,111879.4007687952,100.0,29626.704249791997,21.591768639999998,0.0,0.0,168.746216,106.607491,1.0,2897.638018795202,647.7542497919967,0.0
2011-05-01,47,122306.0950906928,100.0,24714.876874687998,18.426974591999997,0.0,0.0,103.548943,87.432976,1.0,2918.270053102402,552.8103751039962,0.0
2011-05-01,48,104690.9987843072,100.0,26379.192125312,21.052963776000002,0.0,0.0,99.635147,60.70303,1.0,2901.1509062048135,631.5887502080004,0.0
2011-05-01,49,61420.20426921119,62.173088,17320.949750207998,12.126603008,0.0,0.0,97.079422,50.0,1.0,1810.009644419195,363.7985004159964,0.0
2011-05-01,50,36196.3119687952,36.542992,17657.344249792,13.890228352,0.0,0.0,97.188431,50.0,1.0,1019.7679526864013,416.7068746879995,0.0
2011-05-01,51,62026.046821897595,71.219307,15994.304624896,12.144406144,0.0,0.0,82.65818,50.0,1.0,2084.753934487999,364.33312448000106,0.0
2011-05-01,52,49577.647899584,61.029449,16485.800499584002,11.504175488,0.0,0.0,83.258278,50.0,1.0,1779.3236148880023,345.12562489599986,0.0
2011-05-01,53,98592.1390093072,99.409042,19948.118125312,17.272447296,0.0,0.0,69.232056,50.0,1.0,2907.8434494031826,518.1735004160037,0.0
2011-05-01,54,39808.64780930719,26.721611,13638.048125311998,7.804187455999999,0.0,0.0,59.963524,50.0,1.0,761.0323463008026,234.12512531199718,0.0
2011-05-01,55,97023.7717468976,100.0,19259.280624895997,16.791367424,0.0,0.0,72.695175,50.929623,1.0,2928.9333687952167,503.74024979199385,0.0
2011-05-01,56,29651.878484696,10.980144,11150.247874688,4.784079872,0.0,0.0,54.463627,50.0,1.0,302.4321424384034,143.5224369280004,0.0
2011-05-01,6,113675.7691968976,100.0,17282.942624895997,9.039216576,0.0,0.0,96.602875,77.376541,1.0,2979.4712062048056,271.1767502079965,0.0
2011-05-01,7,10323.4740913328,0.0,2367.8959690879997,0.0,100.0,150916.1875,256.405731,276.200165,1.0,0.0,0.0,3000.0
2011-05-01,9,39367.0388435872,33.688049,16144.108499584001,13.438556352,0.0,0.0,65.024315,50.0,1.0,935.9679250000045,403.15600000000086,0.0
2011-06-01,1,27587.176348740802,20.02873,2.55877856,0.0,0.0,0.0,83.049355,50.0,1.0,628.8380250000009,0.0,0.0
2011-06-01,12,101442.37325990401,100.0,14344.162624895998,6.3538384,0.0,0.0,99.581879,63.770924,1.0,3096.8773656928097,196.96787468799994,0.0
2011-06-01,13,16361.5769856208,0.0,4763.04034336,0.0,250.0,252400.0,168.372681,196.143082,1.0,0.0,0.0,7750.0
2011-06-01,14,101560.5086093072,100.0,25029.948125312,21.140648256,0.0,0.0,88.167084,63.203468,1.0,2997.265040511993,655.3608755199966,0.0
2011-06-01,15,2650.377862456,0.0,1080.0747343360001,0.0,100.0,138500.0,123.703506,133.785461,1.0,0.0,0.0,3100.0
2011-06-01,16,104564.70175,100.0,15178.93,8.802770496,0.0,0.0,99.235085,77.76429,1.0,3080.3797187952005,272.88624979200176,0.0
2011-06-01,17,49401.772846897606,57.281116,22757.918624895996,19.25679392,0.0,0.0,91.6465,50.0,1.0,1668.7199940032078,596.9599999999991,0.0
2011-06-01,19,0.0,0.0,0.0,0.0,150.0,178000.0,192.110306,214.509125,1.0,0.0,0.0,4650.0
2011-06-01,2,19695.628620048003,0.0,5306.085687551999,0.0,100.0,147650.0,179.48497,206.406433,1.0,0.0,0.0,3100.0
2011-06-01,20,105190.60062810239,100.0,12298.687375103998,6.084872768,0.0,0.0,95.398178,62.273994,1.0,3098.689073358386,188.63081286399938,0.0
2011-06-01,21,3693.2081635967997,0.0,950.0383751040001,0.0,100.0,167350.0,135.143265,148.646667,1.0,0.0,0.0,3100.0
2011-06-01,22,54635.9712340992,60.265205,26252.419375104004,23.64137568,0.0,0.0,87.153946,50.0,1.0,1732.8751184064022,732.881500416006,0.0
2011-06-01,23,60839.5895431984,52.531239,9026.169750208,8.464779648,0.0,0.0,65.295715,50.0,1.0,1592.2898187952014,262.4082497920008,0.0
2011-06-01,24,17359.134568899204,0.0,3296.853624896,0.0,150.0,182550.0,129.473633,140.817383,1.0,0.0,0.0,4650.0
2011-06-01,25,100926.5817,100.0,34952.853,25.844575744,0.0,0.0,133.898865,95.142418,1.0,2965.5766625903925,801.1834995840036,0.0
2011-06-01,26,11469.072694115199,0.0,2419.039796992,0.0,150.0,155100.0,138.610931,150.253571,1.0,0.0,0.0,4650.0
2011-06-01,27,102450.16861879519,100.0,29927.030249792,24.683597952,0.0,0.0,97.019218,77.889191,1.0,2973.397675,765.1929999999993,0.0
2011-06-01,28,16197.7439393632,0.0,8189.129812864,0.0,200.0,197650.0,212.788757,250.508957,1.0,0.0,0.0,6200.0
2011-06-01,29,108634.99946240959,78.234566,37842.265500416,18.041589696,0.0,0.0,93.261528,50.0,1.0,2334.7711686143884,559.2892506240023,0.0
2011-06-01,3,118520.94876879519,100.0,40679.62924979199,21.288636095999998,0.0,0.0,92.140549,61.49321,1.0,2996.2688749999943,659.9449999999997,0.0
2011-06-01,30,109358.5904619936,100.0,57788.484,31.851329536,0.0,0.0,133.781967,77.439911,1.0,2925.1113624096033,987.3955004160016,0.0
2011-06-01,31,130924.8462187952,100.0,28289.771249792,14.728559039999999,0.0,0.0,99.24395,82.574577,1.0,3040.4603500000085,456.58600000000297,0.0
2011-06-01,32,17089.8692130064,0.0,4182.295,0.0,250.0,269350.0,128.762115,157.53302,1.0,0.0,0.0,7750.0
2011-06-01,33,100854.3933937952,100.0,32045.588249792,24.898665792,0.0,0.0,98.185577,78.216515,1.0,2971.949156385599,771.8587493760024,0.0
2011-06-01,34,10489.494538022398,0.0,4413.073843776001,0.0,150.0,191700.0,140.625824,159.508789,1.0,0.0,0.0,4650.0
2011-06-01,35,64016.977955788796,69.51088,12408.009249792,7.0902282880000005,0.0,0.0,119.940735,50.0,1.0,2134.6541495839992,219.79749958399952,0.0
2011-06-01,36,8973.8223096576,0.0,4027.040062656,0.0,150.0,164300.0,186.127258,239.416168,1.0,0.0,0.0,4650.0
2011-06-01,37,14834.4426593072,0.0,2577.531125312,0.0,200.0,182600.0,132.137131,145.557983,1.0,0.0,0.0,6200.0
2011-06-01,38,42139.9333312048,48.27813,12140.397750208,5.8461644800000006,0.0,0.0,107.202797,50.0,1.0,1476.3948721056004,181.2313751040001,0.0
2011-06-01,4,9849.573744824,0.0,4149.151093568,0.0,250.0,268914.625,171.022278,221.646057,1.0,0.0,0.0,7749.984375
2011-06-01,40,112110.74347869921,100.0,22865.574874687998,20.963131904,0.0,0.0,100.364655,86.502647,1.0,2998.4610749999993,649.857,0.0
2011-06-01,41,14138.352450470398,0.0,6562.228156224,0.0,250.0,226500.0,198.670776,239.180923,1.0,0.0,0.0,7750.0
2011-06-01,42,23355.4977690032,0.0,8677.292,0.0,150.0,158200.0,113.943626,131.500595,1.0,0.0,0.0,4650.0
2011-06-01,43,120060.36757499998,100.0,14247.597,6.921031104000001,0.0,0.0,127.055901,112.109978,1.0,3093.0561999999773,214.55199999999968,0.0
2011-06-01,44,99373.1475437952,100.0,39281.037249791996,26.222763008,0.0,0.0,92.866386,54.484161,1.0,2963.02992500001,812.9029999999984,0.0
2011-06-01,45,114874.65688120479,100.0,30291.309750208,21.438866176,0.0,0.0,168.385422,106.236366,1.0,2995.2561124095955,664.6055004160044,0.0
2011-06-01,47,125322.02773120478,100.0,25284.333750208,18.369612352,0.0,0.0,106.479805,90.425148,1.0,3015.932640511979,569.4568755200016,0.0
2011-06-01,48,107690.80067499999,100.0,27022.879,20.764076736,0.0,0.0,98.920113,60.029274,1.0,2999.80189069279,643.6868746879991,0.0
2011-06-01,49,63268.5169911088,61.374016,17682.806375104003,11.67276864,0.0,0.0,96.595741,50.0,1.0,1848.3127218976078,361.8566248960051,0.0
2011-06-01,50,37238.0517064128,36.075462,18075.713500416,13.495820416,0.0,0.0,96.606384,50.0,1.0,1041.7397376176013,418.3692506240004,0.0
2011-06-01,51,64218.255315096,72.378349,16363.540375104001,11.910835456000001,0.0,0.0,83.061356,50.0,1.0,2192.2084931984064,369.23575020800126,0.0
2011-06-01,52,51457.45688759041,62.2841,16834.200499584,11.238720064,0.0,0.0,83.164223,50.0,1.0,1879.8089880064072,348.3999999999978,0.0
2011-06-01,53,101614.9459343072,99.999977,20485.941125312,17.349121919999998,0.0,0.0,69.468018,50.152222,1.0,3022.806924999997,537.8230000000003,0.0
2011-06-01,54,40599.1593557888,26.860674,13881.143249792001,7.841776384,0.0,0.0,59.987259,50.0,1.0,790.5115464816045,243.0951244800035,0.0
2011-06-01,55,100051.05205930719,100.0,19776.518125312,16.685035327999998,0.0,0.0,73.17028,51.554752,1.0,3027.280312409581,517.2375004160021,0.0
2011-06-01,56,29966.1897218976,11.039446,11298.847624896001,4.793528064,0.0,0.0,54.485809,50.0,1.0,314.3112372016003,148.59975020800084,0.0
2011-06-01,6,116755.83286879519,100.0,17557.283249792003,8.849712768,0.0,0.0,98.865578,79.979828,1.0,3080.0636718975875,274.34062489600547,0.0
2011-06-01,7,10323.4740913328,0.0,2367.8959690879997,0.0,100.0,154016.1875,255.494431,275.266357,1.0,0.0,0.0,3100.0
2011-06-01,9,40343.134080996795,33.984821,16562.507,13.496742271999999,0.0,0.0,65.325493,50.0,1.0,976.0952374095941,418.3985004160004,0.0
2011-07-01,1,28212.273738732805,20.573252,2.55877856,0.0,0.0,0.0,83.774193,50.0,1.0,625.0973899920027,0.0,0.0
2011-07-01,12,104440.41071921118,100.0,14529.901750207999,6.191302208,0.0,0.0,99.812637,64.210068,1.0,2998.0374593071756,185.7391253120004,0.0
2011-07-01,13,16361.5769856208,0.0,4763.04034336,0.0,250.0,259900.0,171.33902,198.956238,1.0,0.0,0.0,7500.0
2011-07-01,14,104465.3147125904,100.0,25644.716499584,20.492292288,0.0,0.0,87.219955,62.368301,1.0,2904.8061032832047,614.7683742720001,0.0
2011-07-01,15,2650.377862456,0.0,1080.0747343360001,0.0,100.0,141500.0,123.226105,133.270737,1.0,0.0,0.0,3000.0
2011-07-01,16,107547.76564999999,100.0,15433.574,8.488160512,0.0,0.0,100.685623,79.411781,1.0,2983.0638999999937,254.64400000000023,0.0
2011-07-01,17,51049.7845721056,58.363426,23334.530375104,19.220385599999997,0.0,0.0,92.150291,50.0,1.0,1648.0117252079945,576.6117502080051,0.0
2011-07-01,19,0.0,0.0,0.0,0.0,150.0,182500.0,192.858521,215.159042,1.0,0.0,0.0,4500.0
2011-07-01,2,19695.628620048003,0.0,5306.085687551999,0.0,100.0,150650.0,178.079514,204.957993,1.0,0.0,0.0,3000.0
2011-07-01,20,108189.02387664159,100.0,12482.651187136,6.1321312,0.0,0.0,94.240875,61.062946,1.0,2998.4232485391985,183.96381203200144,0.0
2011-07-01,21,3693.2081635967997,0.0,950.0383751040001,0.0,100.0,170350.0,133.646347,147.128204,1.0,0.0,0.0,3000.0
2011-07-01,22,56294.889284307195,59.554123,26945.316125312,23.096512192000002,0.0,0.0,86.930511,50.0,1.0,1658.918050207998,692.8967502079977,0.0
2011-07-01,23,62392.7697669456,52.945717,9281.669312447999,8.516653183999999,0.0,0.0,65.297806,50.0,1.0,1553.1802237472002,255.49956223999834,0.0
2011-07-01,24,17359.134568899204,0.0,3296.853624896,0.0,150.0,187050.0,129.010666,140.340347,1.0,0.0,0.0,4500.0
2011-07-01,25,103799.846325,100.0,35712.768,25.330541183999998,0.0,0.0,135.013474,96.249977,1.0,2873.2646250000107,759.9149999999936,0.0
2011-07-01,26,11469.072694115199,0.0,2419.039796992,0.0,150.0,159600.0,138.034348,149.632431,1.0,0.0,0.0,4500.0
2011-07-01,27,105329.68214379519,100.0,30658.189249791998,24.371970688,0.0,0.0,96.703728,77.524452,1.0,2879.513525000002,731.1589999999997,0.0
2011-07-01,28,16197.7439393632,0.0,8189.129812864,0.0,140.0,201850.0,196.673325,222.796234,1.0,0.0,0.0,4200.0
2011-07-01,29,110866.1813442112,77.200584,38369.106750208004,17.561276927999998,0.0,0.0,92.739777,50.0,1.0,2231.181881801618,526.8412497920071,0.0
2011-07-01,3,121424.065875,100.0,41302.17,20.75135296,0.0,0.0,91.750404,61.085472,1.0,2903.117106204809,622.5407502080052,0.0
2011-07-01,30,112195.2769869936,100.0,58716.723,30.941247168,0.0,0.0,134.891174,78.662361,1.0,2836.6865249999973,928.2390000000014,0.0
2011-07-01,31,133868.3516437952,100.0,28726.454249791997,14.556131199999998,0.0,0.0,98.881676,82.205681,1.0,2943.5054250000103,436.68299999999726,0.0
2011-07-01,32,17089.8692130064,0.0,4182.295,0.0,250.0,276850.0,130.462265,159.145859,1.0,0.0,0.0,7500.0
2011-07-01,33,103732.62789999999,100.0,32782.633,24.568167104,0.0,0.0,97.699165,77.681152,1.0,2878.234506204797,737.0447502080024,0.0
2011-07-01,34,10489.494538022398,0.0,4413.073843776001,0.0,150.0,196200.0,140.089554,158.901016,1.0,0.0,0.0,4500.0
2011-07-01,35,66077.0509338912,69.285538,12615.526624896002,6.917255488,0.0,0.0,119.408501,50.0,1.0,2060.0729781023983,207.51737510400199,0.0
2011-07-01,36,8973.8223096576,0.0,4027.040062656,0.0,150.0,168800.0,185.159561,238.246353,1.0,0.0,0.0,4500.0
2011-07-01,37,14834.4426593072,0.0,2577.531125312,0.0,200.0,188600.0,132.558731,145.938782,1.0,0.0,0.0,6000.0
2011-07-01,38,43568.2623580544,48.225899,12310.511687552002,5.670451903999999,0.0,0.0,106.649033,50.0,1.0,1428.3290268496057,170.1139373440019,0.0
2011-07-01,4,9849.573744824,0.0,4149.151093568,0.0,250.0,276414.625,170.600418,221.03537,1.0,0.0,0.0,7500.0
2011-07-01,40,115013.16069110879,100.0,23491.336375104,20.858705087999997,0.0,0.0,99.974297,86.112946,1.0,2902.4172124095785,625.7615004160034,0.0
2011-07-01,41,14138.352450470398,0.0,6562.228156224,0.0,250.0,234000.0,199.257202,239.542038,1.0,0.0,0.0,7500.0
2011-07-01,42,23355.4977690032,0.0,8677.292,0.0,150.0,162700.0,113.899628,131.364868,1.0,0.0,0.0,4500.0
2011-07-01,43,123054.48322810238,100.0,14451.383375104,6.792903936,0.0,0.0,130.012848,115.054909,1.0,2994.1156531024026,203.7863751040004,0.0
2011-07-01,44,102244.97424379518,100.0,40047.569249791995,25.550988736,0.0,0.0,91.616615,53.256668,1.0,2871.826699999976,766.5319999999992,0.0
2011-07-01,45,117775.2053562048,100.0,30925.670750208003,21.145424768,0.0,0.0,166.603729,104.633911,1.0,2900.5484750000032,634.3610000000008,0.0
2011-07-01,47,128240.9955593072,100.0,25833.933125312,18.319940287999998,0.0,0.0,109.123116,93.118584,1.0,2918.96782810241,549.5993751040005,0.0
2011-07-01,48,110595.54145,100.0,27637.948,20.502323712000003,0.0,0.0,98.315948,59.440487,1.0,2904.740775000013,615.0689999999995,0.0
2011-07-01,49,65041.93805268639,60.786991,18021.176874688,11.279033792,0.0,0.0,96.238503,50.0,1.0,1773.4210615775883,338.370499583998,0.0
2011-07-01,50,38236.6749593072,35.689735,18470.421125312,13.156916864,0.0,0.0,96.137627,50.0,1.0,998.623252894402,394.7076248960002,0.0
2011-07-01,51,66371.0019968976,73.353729,16713.451624896,11.663706496000001,0.0,0.0,83.37262,50.0,1.0,2152.7466818015964,349.91124979199776,0.0
2011-07-01,52,53312.6042090992,63.41309,17163.677375104002,10.98253312,0.0,0.0,83.118332,50.0,1.0,1855.14732150879,329.47687552000207,0.0
2011-07-01,53,104540.7537937952,99.999992,21004.064249792,17.270750848,0.0,0.0,69.771271,50.518341,1.0,2925.807859488006,518.1231244800001,0.0
2011-07-01,54,41368.38455990399,27.008808,14117.728624895999,7.886165248,0.0,0.0,60.016457,50.0,1.0,769.2252041151951,236.58537510399765,0.0
2011-07-01,55,102981.29693430719,100.0,20274.223125312,16.590169024,0.0,0.0,73.65609,52.195644,1.0,2930.244875000004,497.70500000000175,0.0
2011-07-01,56,30272.173064363196,11.101383,11442.977812864,4.804356543999999,0.0,0.0,54.506702,50.0,1.0,305.98334246559534,144.1301879679977,0.0
2011-07-01,6,119737.6159843072,100.0,17817.821125312,8.684613184000002,0.0,0.0,100.937805,82.312469,1.0,2981.7831155120075,260.5378755199963,0.0
2011-07-01,7,10323.4740913328,0.0,2367.8959690879997,0.0,100.0,157016.1875,254.450745,274.200653,1.0,0.0,0.0,3000.0
2011-07-01,9,41295.4639807888,34.24704,16968.526249792,13.533972608000001,0.0,0.0,65.592194,50.0,1.0,952.3298997920065,406.01924979199975,0.0
2011-08-01,1,28875.825879737604,21.134369,2.55877856,0.0,0.0,0.0,84.521667,50.0,1.0,663.5521410047986,0.0,0.0
2011-08-01,12,107539.46156921118,100.0,14716.867750207997,6.031130559999999,0.0,0.0,100.072777,64.675201,1.0,3099.0508499999996,186.96599999999853,0.0
2011-08-01,13,16361.5769856208,0.0,4763.04034336,0.0,250.0,267650.0,174.150375,201.617401,1.0,0.0,0.0,7750.0
2011-08-01,14,107471.43824689761,100.0,26259.312624895996,19.82566144,0.0,0.0,86.704262,61.756695,1.0,3006.123534307204,614.5961253119967,0.0
2011-08-01,15,2650.377862456,0.0,1080.0747343360001,0.0,100.0,144600.0,120.981575,130.978821,1.0,0.0,0.0,3100.0
2011-08-01,16,110632.32778120479,100.0,15687.213750207999,8.181917952,0.0,0.0,102.149117,81.063118,1.0,3084.5621312048024,253.63975020799808,0.0
2011-08-01,17,52789.3863568016,59.523609,23929.298249792002,19.186051456,0.0,0.0,93.21254,50.0,1.0,1739.6017846960021,594.767874688001,0.0
2011-08-01,19,0.0,0.0,0.0,0.0,200.0,188700.0,204.556381,234.032623,1.0,0.0,0.0,6200.0
2011-08-01,2,19695.628620048003,0.0,5306.085687551999,0.0,100.0,153750.0,176.52774,203.407059,1.0,0.0,0.0,3100.0
2011-08-01,20,111287.1362968976,100.0,12673.935624896001,6.170455616,0.0,0.0,93.45961,60.22081,1.0,3098.112420256017,191.2844377600013,0.0
2011-08-01,21,3693.2081635967997,0.0,950.0383751040001,0.0,100.0,173450.0,132.63913,146.095062,1.0,0.0,0.0,3100.0
2011-08-01,22,57983.1391809968,58.595325,27642.29,22.483063616,0.0,0.0,86.383987,50.0,1.0,1688.2498966896019,696.9738746879993,0.0
2011-08-01,23,64029.7446270576,53.994495,9549.870687552002,8.651656832,0.0,0.0,65.058907,50.0,1.0,1636.9748601119936,268.2013751040031,0.0
2011-08-01,24,17359.134568899204,0.0,3296.853624896,0.0,150.0,191700.0,129.736389,140.938721,1.0,0.0,0.0,4650.0
2011-08-01,25,106773.0780312048,100.0,36478.724750208006,24.708291711999998,0.0,0.0,137.66806,98.905495,1.0,2973.231706204795,765.9567502080099,0.0
2011-08-01,26,11469.072694115199,0.0,2419.039796992,0.0,100.0,162700.0,128.606873,136.155609,1.0,0.0,0.0,3100.0
2011-08-01,27,108306.71488759041,100.0,31406.654499584005,24.144104192,0.0,0.0,97.034935,77.721207,1.0,2977.032743795222,748.465249792007,0.0
2011-08-01,28,16197.7439393632,0.0,8189.129812864,0.0,140.0,206190.0,190.390213,216.440933,1.0,0.0,0.0,4340.0
2011-08-01,29,113153.0263,76.517075,38900.797,17.15129728,0.0,0.0,92.372162,50.0,1.0,2286.8449557887943,531.6902497919946,0.0
2011-08-01,3,124429.0279812048,100.0,41922.110750208005,19.998057664,0.0,0.0,93.801003,63.00983,1.0,3004.9621062047954,619.9407502080066,0.0
2011-08-01,30,115132.0796119936,100.0,59650.318,30.116162752,0.0,0.0,137.641052,81.391159,1.0,2936.8026249999966,933.5950000000012,0.0
2011-08-01,31,136910.6044562048,100.0,29174.791750208,14.462506239999998,0.0,0.0,97.928734,81.269501,1.0,3042.252812409599,448.33750041600433,0.0
2011-08-01,32,17089.8692130064,0.0,4182.295,0.0,250.0,284600.0,132.154083,160.750305,1.0,0.0,0.0,7750.0
2011-08-01,33,106701.980175,100.0,33566.442,25.284212928000002,0.0,0.0,93.50312,73.067734,1.0,2969.352275000012,783.8090000000011,0.0
2011-08-01,34,10489.494538022398,0.0,4413.073843776001,0.0,200.0,202400.0,149.43457,174.307053,1.0,0.0,0.0,6200.0
2011-08-01,35,68021.1938093072,63.297077,12814.251125312,6.410455168,0.0,0.0,113.403259,50.0,1.0,1944.1428754160006,198.72450041599768,0.0
2011-08-01,36,8973.8223096576,0.0,4027.040062656,0.0,100.0,171900.0,165.687469,201.184082,1.0,0.0,0.0,3100.0
2011-08-01,37,14834.4426593072,0.0,2577.531125312,0.0,200.0,194800.0,133.018799,146.361496,1.0,0.0,0.0,6200.0
2011-08-01,38,44946.07508120479,45.003601,12472.300750208,5.219003712,0.0,0.0,104.426033,50.0,1.0,1377.8127231503895,161.78906265599835,0.0
2011-08-01,4,9849.573744824,0.0,4149.151093568,0.0,250.0,284164.625,170.243225,220.490799,1.0,0.0,0.0,7750.0
2011-08-01,40,118014.10705990401,100.0,24129.756624895996,20.594217280000002,0.0,0.0,98.627502,84.899918,1.0,3000.946368795223,638.4202497919941,0.0
2011-08-01,41,14138.352450470398,0.0,6562.228156224,0.0,250.0,241750.0,200.192078,240.254135,1.0,0.0,0.0,7750.0
2011-08-01,42,23355.4977690032,0.0,8677.292,0.0,200.0,168900.0,121.157997,144.312347,1.0,0.0,0.0,6200.0
2011-08-01,43,126149.22100930719,100.0,14658.197125312,6.671367040000001,0.0,0.0,132.847122,117.879112,1.0,3094.737781204807,206.81375020799896,0.0
2011-08-01,44,105215.8760312048,100.0,40824.24775020801,25.054143296000003,0.0,0.0,91.12706,52.734238,1.0,2970.901787409617,776.678500416012,0.0
2011-08-01,45,120776.64468759041,100.0,31561.822499584003,20.520987136,0.0,0.0,166.38974,104.635468,1.0,3001.4393313856126,636.1517493760002,0.0
2011-08-01,47,131257.7686375904,100.0,26399.522499584,18.24485728,0.0,0.0,111.747978,95.763191,1.0,3016.7730782832077,565.589374272,0.0
2011-08-01,48,113598.50839999999,100.0,28267.07,20.294292096,0.0,0.0,98.775742,59.766285,1.0,3002.9669499999873,629.1219999999994,0.0
2011-08-01,49,66864.60206879521,60.394985,18359.604249792003,10.917006464,0.0,0.0,96.00042,50.0,1.0,1822.6640161088217,338.42737510400184,0.0
2011-08-01,50,39238.47225,34.596195,18858.879,12.530900096,0.0,0.0,94.334587,50.0,1.0,1001.7972906927971,388.4578746879997,0.0
2011-08-01,51,68630.5289125904,74.415916,17067.290499584,11.414189696,0.0,0.0,83.717339,50.0,1.0,2259.526915692797,353.83887468800094,0.0
2011-08-01,52,55269.7946721056,64.639847,17496.360375104003,10.731717568,0.0,0.0,83.156654,50.0,1.0,1957.1904630064018,332.6830000000009,0.0
2011-08-01,53,107564.56853740959,100.0,21537.249500416,17.199538304,0.0,0.0,70.138168,50.967884,1.0,3023.814743614392,533.1852506239993,0.0
2011-08-01,54,42168.6224872016,27.192902,14364.073750207997,7.946613376,0.0,0.0,60.058208,50.0,1.0,800.2379272976104,246.34512531199834,0.0
2011-08-01,55,106009.83825620478,100.0,20785.657750207996,16.497904383999998,0.0,0.0,74.234436,52.955574,1.0,3028.541321897588,511.4346248959955,0.0
2011-08-01,56,30590.684440304005,11.178267,11592.303125311999,4.816944704,0.0,0.0,54.531258,50.0,1.0,318.51137594080865,149.32531244799975,0.0
2011-08-01,6,122819.76627189758,100.0,18082.559624896,8.539908416,0.0,0.0,102.975296,84.575462,1.0,3082.1502875903825,264.73849958400024,0.0
2011-08-01,7,10323.4740913328,0.0,2367.8959690879997,0.0,149.53746,161651.859375,268.846222,300.0,1.0,0.0,0.0,4635.671875
2011-08-01,9,42296.457975,34.830406,17394.507,13.741283711999998,0.0,0.0,65.941277,50.0,1.0,1000.993994211196,425.98075020800025,0.0
2011-09-01,1,29556.987288732806,21.695288,2.55877856,0.0,0.0,0.0,85.270988,50.0,1.0,681.1614089952018,0.0,0.0
2011-09-01,12,110639.54495680159,100.0,14899.082249792002,5.87790112,0.0,0.0,100.367928,65.165787,1.0,3100.0833875904063,182.21449958400444,0.0
2011-09-01,13,16361.5769856208,0.0,4763.04034336,0.0,250.0,275400.0,176.752289,204.077576,1.0,0.0,0.0,7750.0
2011-09-01,14,110481.3063187952,100.0,26856.677249792003,19.269840512,0.0,0.0,86.392609,61.41573,1.0,3009.8680718975957,597.3646248960067,0.0
2011-09-01,15,2650.377862456,0.0,1080.0747343360001,0.0,100.0,147700.0,118.992981,128.957611,1.0,0.0,0.0,3100.0
2011-09-01,16,113718.8652937952,100.0,15931.763249792002,7.888678720000001,0.0,0.0,103.584236,82.677422,1.0,3086.53751259041,244.54949958400357,0.0
2011-09-01,17,54566.89975,60.72353,24522.979,19.151016768,0.0,0.0,94.240669,50.0,1.0,1777.5133931983946,593.6807502079973,0.0
2011-09-01,19,0.0,0.0,0.0,0.0,200.0,194900.0,210.103714,239.431427,1.0,0.0,0.0,6200.0
2011-09-01,2,19695.628620048003,0.0,5306.085687551999,0.0,100.0,156850.0,175.009933,201.89447,1.0,0.0,0.0,3100.0
2011-09-01,20,114385.0567937952,100.0,12866.103249792,6.1989649280000005,0.0,0.0,92.941154,59.645149,1.0,3097.9204968975973,192.16762489599932,0.0
2011-09-01,21,3693.2081635967997,0.0,950.0383751040001,0.0,100.0,176550.0,131.950012,145.376816,1.0,0.0,0.0,3100.0
2011-09-01,22,59648.27101300639,57.752235,28323.815,21.984666496,0.0,0.0,85.924301,50.0,1.0,1665.131832009596,681.5249999999978,0.0
2011-09-01,23,65705.4880832624,55.268158,9823.67343776,8.832354752,0.0,0.0,64.90889,50.0,1.0,1675.7434562048074,273.80275020799854,0.0
2011-09-01,24,17359.134568899204,0.0,3296.853624896,0.0,150.0,196350.0,130.061386,141.13353,1.0,0.0,0.0,4650.0
2011-09-01,25,109750.25626259041,100.0,37226.520499584,24.122459712,0.0,0.0,140.723969,101.921822,1.0,2977.1782313856093,747.7957493759968,0.0
2011-09-01,26,11469.072694115199,0.0,2419.039796992,0.0,100.0,165800.0,124.66478,132.176346,1.0,0.0,0.0,3100.0
2011-09-01,27,111285.3409312048,100.0,32147.787750208,23.907490048,0.0,0.0,97.000984,77.572632,1.0,2978.626043614393,741.133250623996,0.0
2011-09-01,28,16197.7439393632,0.0,8189.129812864,0.0,140.0,210530.0,186.819855,212.834396,1.0,0.0,0.0,4340.0
2011-09-01,29,115429.255749584,76.103493,39421.622499584,16.800839744,0.0,0.0,92.124596,50.0,1.0,2276.2294495840033,520.8254995840034,0.0
2011-09-01,3,127439.27001259041,100.0,42517.75449958401,19.214334464,0.0,0.0,95.011765,64.338921,1.0,3010.242031385613,595.6437493760022,0.0
2011-09-01,30,118073.9728869936,100.0,60560.487,29.360226687999997,0.0,0.0,140.779846,84.606323,1.0,2941.893274999995,910.1690000000017,0.0
2011-09-01,31,139953.46534999998,100.0,29620.331,14.372231744,0.0,0.0,96.948532,80.288628,1.0,3042.8608937951794,445.53924979199655,0.0
2011-09-01,32,17089.8692130064,0.0,4182.295,0.0,250.0,292350.0,133.781723,162.291626,1.0,0.0,0.0,7750.0
2011-09-01,33,109672.0266937952,100.0,34347.056249792,25.181071552000002,0.0,0.0,90.126694,69.331665,1.0,2970.0465187951922,780.6142497919936,0.0
2011-09-01,34,10489.494538022398,0.0,4413.073843776001,0.0,200.0,208600.0,151.346252,176.072693,1.0,0.0,0.0,6200.0
2011-09-01,35,69857.3684510448,59.785431,13002.462687552,6.071351936,0.0,0.0,109.898117,50.0,1.0,1836.174641737598,188.2115622400015,0.0
2011-09-01,36,8973.8223096576,0.0,4027.040062656,0.0,100.0,175000.0,159.64328,195.020981,1.0,0.0,0.0,3100.0
2011-09-01,37,14834.4426593072,0.0,2577.531125312,0.0,200.0,201000.0,133.507874,146.816879,1.0,0.0,0.0,6200.0
2011-09-01,38,46260.480904355194,42.919006,12624.677812864,4.915382783999999,0.0,0.0,103.099777,50.0,1.0,1314.4058231504023,152.3770626559999,0.0
2011-09-01,4,9849.573744824,0.0,4149.151093568,0.0,250.0,291914.625,169.968918,220.036285,1.0,0.0,0.0,7750.0
2011-09-01,40,121017.5125911088,100.0,24756.860375104003,20.229139008,0.0,0.0,97.388817,83.780273,1.0,3003.405531204786,627.1037502080071,0.0
2011-09-01,41,14138.352450470398,0.0,6562.228156224,0.0,250.0,249500.0,201.437408,241.284576,1.0,0.0,0.0,7750.0
2011-09-01,42,23355.4977690032,0.0,8677.292,0.0,200.0,175100.0,123.002861,145.991043,1.0,0.0,0.0,6200.0
2011-09-01,43,129244.7388437952,100.0,14861.421249792002,6.555650815999999,0.0,0.0,135.488144,120.513054,1.0,3095.5178344880114,203.2241244800025,0.0
2011-09-01,44,108189.66638120479,100.0,41587.633750208006,24.625421184,0.0,0.0,90.878128,52.49744,1.0,2973.7903499999957,763.3859999999986,0.0
2011-09-01,45,123782.6647562048,100.0,32176.894750208,19.840988544,0.0,0.0,166.558548,104.999596,1.0,3006.0200686143944,615.0722506239981,0.0
2011-09-01,47,134275.12649069278,100.0,26962.420874688,18.158018112,0.0,0.0,114.220108,98.234482,1.0,3017.3578531023813,562.8983751039996,0.0
2011-09-01,48,116602.5771,100.0,28891.122,20.130651008,0.0,0.0,99.149643,60.050209,1.0,3004.0687000000034,624.0519999999997,0.0
2011-09-01,49,68682.7319526864,60.180542,18687.946874688,10.591712767999999,0.0,0.0,95.870247,50.0,1.0,1818.1298838911898,328.3426248959986,0.0
2011-09-01,50,40209.8916716896,33.506172,19229.630874688,11.959747072,0.0,0.0,92.667908,50.0,1.0,971.4194216895994,370.75187468799777,0.0
2011-09-01,51,70929.0703093072,75.607826,17413.820125312,11.178334336,0.0,0.0,84.116417,50.0,1.0,2298.5413967167988,346.5296257279988,0.0
2011-09-01,52,57270.4584716896,65.976128,17822.042874688,10.505916928000001,0.0,0.0,83.273903,50.0,1.0,2000.6637995839992,325.6824995839961,0.0
2011-09-01,53,110588.8395187952,100.0,22068.335249792002,17.131776895999998,0.0,0.0,70.549484,51.477314,1.0,3024.2709813856054,531.0857493760013,0.0
2011-09-01,54,42975.3247375904,27.415236,14612.786499584001,8.022978496,0.0,0.0,60.112988,50.0,1.0,806.7022503888002,248.71274937600356,0.0
2011-09-01,55,109038.98518740959,100.0,21294.305500415998,16.408002624,0.0,0.0,74.872803,53.798641,1.0,3029.146931204814,508.6477502080015,0.0
2011-09-01,56,30911.899062409597,11.267503,11742.087500415999,4.831745152000001,0.0,0.0,54.559692,50.0,1.0,321.21462210559184,149.784375104,0.0
2011-09-01,6,125902.8226781024,100.0,18343.128375104003,8.405452224000001,0.0,0.0,104.919746,86.717194,1.0,3083.0564062048215,260.5687502080036,0.0
2011-09-01,7,10323.4740913328,0.0,2367.8959690879997,0.0,139.084991,165963.484375,271.543121,300.0,1.0,0.0,0.0,4311.625
2011-09-01,9,43320.4387940032,35.621811,17829.058,14.017793920000003,0.0,0.0,66.335091,50.0,1.0,1023.9808190032054,434.5509999999995,0.0
2011-10-01,1,30232.7662197296,22.241243,2.55877856,0.0,0.0,0.0,86.001053,50.0,1.0,675.7789309967957,0.0,0.0
2011-10-01,12,113640.5500786992,100.0,15071.164874688002,5.736080063999999,0.0,0.0,100.689278,65.668282,1.0,3001.005121897615,172.0826248960002,0.0
2011-10-01,13,16361.5769856208,0.0,4763.04034336,0.0,250.0,282900.0,179.100845,206.296036,1.0,0.0,0.0,7500.0
2011-10-01,14,113397.03069379518,100.0,27421.202249791997,18.817553664,0.0,0.0,86.207542,61.242214,1.0,2915.724374999976,564.5249999999942,0.0
2011-10-01,15,2650.377862456,0.0,1080.0747343360001,0.0,100.0,150700.0,117.483902,127.423798,1.0,0.0,0.0,3000.0
2011-10-01,16,116707.6049718976,100.0,16160.288624895999,7.617526591999999,0.0,0.0,104.932785,84.189629,1.0,2988.7396781024,228.52537510399634,0.0
2011-10-01,17,56323.2294181984,61.904877,25096.314750208,19.111173952,0.0,0.0,95.15078,50.0,1.0,1756.3296681984066,573.3357502079998,0.0
2011-10-01,19,0.0,0.0,0.0,0.0,200.0,200900.0,214.109009,243.267242,1.0,0.0,0.0,6000.0
2011-10-01,2,19695.628620048003,0.0,5306.085687551999,0.0,100.0,159850.0,173.671432,200.545868,1.0,0.0,0.0,3000.0
2011-10-01,20,117382.9143359488,100.0,13052.670312448,6.218883839999999,0.0,0.0,92.595535,59.254578,1.0,2997.8575421535934,186.5670626559986,0.0
2011-10-01,21,3693.2081635967997,0.0,950.0383751040001,0.0,100.0,179550.0,131.465286,144.861771,1.0,0.0,0.0,3000.0
2011-10-01,22,61240.851493198395,57.045185,28971.211750208,21.579890176,0.0,0.0,85.574478,50.0,1.0,1592.5804801920021,647.3967502080013,0.0
2011-10-01,23,67362.6542619936,56.473484,10093.902,9.007611392000001,0.0,0.0,64.848053,50.0,1.0,1657.1661787311896,270.2285622399995,0.0
2011-10-01,24,17359.134568899204,0.0,3296.853624896,0.0,150.0,200850.0,130.024841,141.005676,1.0,0.0,0.0,4500.0
2011-10-01,25,112634.8936312048,100.0,37934.100750208,23.585982784,0.0,0.0,143.645035,104.798897,1.0,2884.6373686143925,707.5802506239997,0.0
2011-10-01,26,11469.072694115199,0.0,2419.039796992,0.0,100.0,168800.0,122.288857,129.796616,1.0,0.0,0.0,3000.0
2011-10-01,27,114169.8518812048,100.0,32855.949750208005,23.605422464,0.0,0.0,96.723267,77.205788,1.0,2884.5109499999962,708.1620000000039,0.0
2011-10-01,28,16197.7439393632,0.0,8189.129812864,0.0,140.0,214730.0,184.657394,210.625977,1.0,0.0,0.0,4200.0
2011-10-01,29,117627.3361880064,75.883827,39916.656,16.501100928,0.0,0.0,91.961304,50.0,1.0,2198.080438422403,495.0335004160006,0.0
2011-10-01,3,130356.9655312048,100.0,43073.208750208,18.515134144,0.0,0.0,95.557281,65.040443,1.0,2917.6955186143896,555.4542506239959,0.0
2011-10-01,30,120925.40535,100.0,61420.905,28.680599168,0.0,0.0,143.740509,87.69429,1.0,2851.4324630064075,860.4179999999978,0.0
2011-10-01,31,142898.773125,100.0,30048.72,14.279577728,0.0,0.0,96.09182,79.419807,1.0,2945.307775000023,428.38900000000285,0.0
2011-10-01,32,17089.8692130064,0.0,4182.295,0.0,250.0,299850.0,135.292786,163.721741,1.0,0.0,0.0,7500.0
2011-10-01,33,112548.478625,99.999992,35092.304,24.841583104,0.0,0.0,87.888771,66.774406,1.0,2876.451931204807,745.2477502080001,0.0
2011-10-01,34,10489.494538022398,0.0,4413.073843776001,0.0,200.0,214600.0,151.819016,176.413391,1.0,0.0,0.0,6000.0
2011-10-01,35,71570.3745270576,57.627583,13177.104687552,5.821407488,0.0,0.0,107.687721,50.0,1.0,1713.0060760128108,174.64199999999983,0.0
2011-10-01,36,8973.8223096576,0.0,4027.040062656,0.0,100.0,178000.0,156.287781,191.611572,1.0,0.0,0.0,3000.0
2011-10-01,37,14834.4426593072,0.0,2577.531125312,0.0,200.0,207000.0,134.005554,147.283356,1.0,0.0,0.0,6000.0
2011-10-01,38,47495.6944611568,41.664883,12766.095062656,4.713922304,0.0,0.0,102.315582,50.0,1.0,1235.2135568016092,141.4172497920008,0.0
2011-10-01,4,9849.573744824,0.0,4149.151093568,0.0,250.0,299414.625,169.768311,219.667664,1.0,0.0,0.0,7500.0
2011-10-01,40,123926.029684904,100.0,25354.551624895998,19.923048704,0.0,0.0,96.383972,82.854095,1.0,2908.517093795206,597.6912497919948,0.0
2011-10-01,41,14138.352450470398,0.0,6562.228156224,0.0,250.0,257000.0,202.789108,242.434753,1.0,0.0,0.0,7500.0
2011-10-01,42,23355.4977690032,0.0,8677.292,0.0,200.0,181100.0,123.841118,146.678299,1.0,0.0,0.0,6000.0
2011-10-01,43,132241.0968406928,100.0,15054.888874688002,6.448886079999999,0.0,0.0,137.884506,122.908867,1.0,2996.3579968975973,193.46762489600042,0.0
2011-10-01,44,111070.1686562048,100.0,42314.242750208,24.220207232,0.0,0.0,90.740646,52.393143,1.0,2880.502275000006,726.6089999999967,0.0
2011-10-01,45,126695.74563759041,100.0,32753.584499584005,19.223087936,0.0,0.0,166.708298,105.307953,1.0,2913.080881385613,576.6897493760043,0.0
2011-10-01,47,137195.9023187952,100.0,27503.700249791997,18.042668799999998,0.0,0.0,116.48333,100.502113,1.0,2920.775828102429,541.2793751039972,0.0
2011-10-01,48,119510.75589999999,100.0,29490.37,19.974941376,0.0,0.0,99.268997,60.118118,1.0,2908.178799999994,599.2479999999996,0.0
2011-10-01,49,70441.556259904,60.097576,18997.070624895998,10.304123648000001,0.0,0.0,95.820786,50.0,1.0,1758.8243072175974,309.12375020799664,0.0
2011-10-01,50,41126.31232168959,32.631844,19575.053874688,11.514072128,0.0,0.0,91.425636,50.0,1.0,916.4206499999927,345.4230000000025,0.0
2011-10-01,51,73193.5232343072,76.880219,17742.733125312,10.963803136000001,0.0,0.0,84.516571,50.0,1.0,2264.452925000005,328.91300000000047,0.0
2011-10-01,52,59249.4940031024,67.344147,18131.046375104004,10.300070975999999,0.0,0.0,83.417206,50.0,1.0,1979.0355314128028,309.0035004160054,0.0
2011-10-01,53,113516.0242125904,100.0,22580.122499584002,17.059595904,0.0,0.0,70.975197,52.010746,1.0,2927.184693795207,511.7872497919998,0.0
2011-10-01,54,43763.0688318016,27.666389,14856.091249792002,8.110152128,0.0,0.0,60.177547,50.0,1.0,787.7440942111934,243.30475020800077,0.0
2011-10-01,55,111971.02429069279,100.0,21783.753874687998,16.314940096,0.0,0.0,75.530876,54.669079,1.0,2932.0391032831976,489.44837427200036,0.0
2011-10-01,56,31225.710998358398,11.368725,11887.577812864,4.8496913919999995,0.0,0.0,54.591843,50.0,1.0,313.81193594880096,145.49031244800062,0.0
2011-10-01,6,128887.24363740959,100.0,18591.527500416,8.279979136,0.0,0.0,106.71653,88.690536,1.0,2984.4209593071864,248.3991253119966,0.0
2011-10-01,7,10323.4740913328,0.0,2367.8959690879997,0.0,134.596359,170001.375,272.744873,300.0,1.0,0.0,0.0,4037.890625
2011-10-01,9,44335.195174403205,36.459805,18257.193500416,14.271147072,0.0,0.0,66.725227,50.0,1.0,1014.756380400002,428.13550041599956,0.0
2011-11-01,1,30948.441954737602,22.794529,2.55877856,0.0,0.0,0.0,86.739372,50.0,1.0,715.6757350080006,0.0,0.0
2011-11-01,12,116742.51844731359,100.0,15244.705125311999,5.5980545919999996,0.0,0.0,101.046951,66.208344,1.0,3101.9683686143835,173.54025062399705,0.0
2011-11-01,13,16361.5769856208,0.0,4763.04034336,0.0,250.0,290650.0,181.346573,208.412796,1.0,0.0,0.0,7750.0
2011-11-01,14,116412.69672499999,100.0,27991.886,18.409112384,0.0,0.0,86.104309,61.16433,1.0,3015.6660312048043,570.6837502080016,0.0
2011-11-01,15,2650.377862456,0.0,1080.0747343360001,0.0,100.0,153800.0,116.246498,126.161285,1.0,0.0,0.0,3100.0
2011-11-01,16,119797.7761406928,100.0,16388.116874688003,7.349293951999999,0.0,0.0,106.279602,85.696419,1.0,3090.1711687952047,227.8282497920045,0.0
2011-11-01,17,58177.027730788795,63.133038,25687.080249792,19.056973311999997,0.0,0.0,96.017197,50.0,1.0,1853.798312590392,590.7654995840021,0.0
2011-11-01,19,0.0,0.0,0.0,0.0,200.0,207100.0,217.490997,246.47963,1.0,0.0,0.0,6200.0
2011-11-01,2,19695.628620048003,0.0,5306.085687551999,0.0,100.0,162950.0,172.444702,199.290466,1.0,0.0,0.0,3100.0
2011-11-01,20,120480.6201328464,100.0,13245.825937344,6.230841344,0.0,0.0,92.347366,58.968475,1.0,3097.7057968976005,193.15562489600052,0.0
2011-11-01,21,3693.2081635967997,0.0,950.0383751040001,0.0,100.0,182650.0,131.088669,144.452744,1.0,0.0,0.0,3100.0
2011-11-01,22,62868.28228180161,56.384655,29628.641249792,21.207440384,0.0,0.0,85.278656,50.0,1.0,1627.430788603211,657.4294995839991,0.0
2011-11-01,23,69109.24024689759,57.596611,10378.109624896,9.16798688,0.0,0.0,64.829979,50.0,1.0,1746.585984903999,284.2076248960002,0.0
2011-11-01,24,17359.134568899204,0.0,3296.853624896,0.0,150.0,205500.0,129.772873,140.692047,1.0,0.0,0.0,4650.0
2011-11-01,25,115619.2968,100.0,38648.649,23.049986752000002,0.0,0.0,146.491135,107.611252,1.0,2984.403168795194,714.5482497919947,0.0
2011-11-01,26,11469.072694115199,0.0,2419.039796992,0.0,100.0,171900.0,120.573578,128.07933,1.0,0.0,0.0,3100.0
2011-11-01,27,117152.98026879519,100.0,33576.364249791994,23.239127808,0.0,0.0,96.307808,76.7117,1.0,2983.12838759039,720.4144995839888,0.0
2011-11-01,28,16197.7439393632,0.0,8189.129812864,0.0,140.0,219070.0,183.201401,209.110794,1.0,0.0,0.0,4340.0
2011-11-01,29,119897.31930578878,75.778885,40419.291249792,16.214083392,0.0,0.0,91.847122,50.0,1.0,2269.98311778238,502.6352497919943,0.0
2011-11-01,3,133376.299825,100.0,43627.012,17.864614976000002,0.0,0.0,95.748512,65.359848,1.0,3019.3342937951966,553.8032497919994,0.0
2011-11-01,30,123876.31319999999,100.0,62289.591,28.022179328,0.0,0.0,146.58786,90.742775,1.0,2950.9078499999887,868.6860000000015,0.0
2011-11-01,31,145942.97095,100.0,30488.107,14.173807232,0.0,0.0,95.304802,78.611427,1.0,3044.197824999981,439.3869999999988,0.0
2011-11-01,32,17089.8692130064,0.0,4182.295,0.0,250.0,307600.0,136.771973,165.118835,1.0,0.0,0.0,7750.0
2011-11-01,33,115523.545875,100.0,35849.814,24.435821695999998,0.0,0.0,86.186562,64.816071,1.0,2975.067249999993,757.510000000002,0.0
2011-11-01,34,10489.494538022398,0.0,4413.073843776001,0.0,200.0,220800.0,151.749725,176.221893,1.0,0.0,0.0,6200.0
2011-11-01,35,73295.05880680161,56.136192,13351.094249792,5.612571328,0.0,0.0,106.117432,50.0,1.0,1724.684279744004,173.98956223999994,0.0
2011-11-01,36,8973.8223096576,0.0,4027.040062656,0.0,100.0,181100.0,153.991791,189.25383,1.0,0.0,0.0,3100.0
2011-11-01,37,14834.4426593072,0.0,2577.531125312,0.0,200.0,213200.0,134.552734,147.800064,1.0,0.0,0.0,6200.0
2011-11-01,38,48746.246425207995,40.808388,12907.384750207999,4.557724288,0.0,0.0,101.772232,50.0,1.0,1250.551964051192,141.2896875519982,0.0
2011-11-01,4,9849.573744824,0.0,4149.151093568,0.0,250.0,307164.625,169.60672,219.337799,1.0,0.0,0.0,7750.0
2011-11-01,40,126933.4251755968,100.0,25963.294499584,19.636859839999996,0.0,0.0,95.505089,82.018181,1.0,3007.3954906927975,608.7428746880032,0.0
2011-11-01,41,14138.352450470398,0.0,6562.228156224,0.0,250.0,264750.0,204.215622,243.65947,1.0,0.0,0.0,7750.0
2011-11-01,42,23355.4977690032,0.0,8677.292,0.0,200.0,187300.0,124.329651,147.023682,1.0,0.0,0.0,6200.0
2011-11-01,43,135338.0268218976,100.0,15251.614624896,6.34599264,0.0,0.0,140.182495,125.208328,1.0,3096.9299812047975,196.7257502079974,0.0
2011-11-01,44,114049.50377499999,100.0,43052.113,23.802344384,0.0,0.0,90.680504,52.388489,1.0,2979.335118795192,737.8702497919949,0.0
2011-11-01,45,129709.796475,100.0,33331.701,18.648877312,0.0,0.0,166.798721,105.532333,1.0,3014.0508374095807,578.1165004159957,0.0
2011-11-01,47,140214.64053759037,100.0,28060.246499584006,17.953057408,0.0,0.0,118.63102,102.638214,1.0,3018.738218795159,556.5462497920089,0.0
2011-11-01,48,122517.002675,100.0,30104.399,19.807375744,0.0,0.0,99.188477,60.0,1.0,3006.246775000007,614.0290000000023,0.0
2011-11-01,49,72261.3654406928,60.114067,19308.072874687998,10.03233088,0.0,0.0,95.820419,50.0,1.0,1819.8091807887977,311.00224979199993,0.0
2011-11-01,50,42053.2814776864,31.916473,19920.671874688,11.148944768,0.0,0.0,90.481194,50.0,1.0,926.9691559968123,345.6179999999986,0.0
2011-11-01,51,75578.5854411088,78.273476,18076.238375104003,10.758201792,0.0,0.0,84.914207,50.0,1.0,2385.0622068015946,333.5052497920042,0.0
2011-11-01,52,61341.532734696004,68.797714,18443.923874688,10.0928464,0.0,0.0,83.586098,50.0,1.0,2092.0387315936023,312.8774995839958,0.0
2011-11-01,53,116541.31925620478,100.0,23106.495750208,16.979796288,0.0,0.0,71.441818,52.599789,1.0,3025.295043614373,526.3732506239976,0.0
2011-11-01,54,44585.6823940032,27.962824,15110.706,8.213410816,0.0,0.0,60.256088,50.0,1.0,822.6135622016009,254.61475020799844,0.0
2011-11-01,55,115001.4534187952,100.0,22286.501249792003,16.2176352,0.0,0.0,76.242371,55.604313,1.0,3030.4291281024052,502.7473751040052,0.0
2011-11-01,56,31553.657479952,11.490783,12038.644312448,4.873107200000001,0.0,0.0,54.632175,50.0,1.0,327.94648159360077,151.06649958399976,0.0
2011-11-01,6,131971.9558468976,100.0,18844.476624895997,8.159647807999999,0.0,0.0,108.458427,90.595787,1.0,3084.7122094880033,252.9491244799974,0.0
2011-11-01,7,10323.4740913328,0.0,2367.8959690879997,0.0,132.236465,174100.703125,273.396881,300.0,1.0,0.0,0.0,4099.328125
2011-11-01,9,45409.2672843072,37.317791,18706.267125312,14.486283135999999,0.0,0.0,67.112877,50.0,1.0,1074.0721099039947,449.07362489599836,0.0
2011-12-01,1,31664.351107736,23.562061,2.55877856,0.0,0.0,0.0,87.745705,50.0,1.0,715.9091529983998,0.0,0.0
2011-12-01,12,119745.2708318016,100.0,15408.747249792003,5.468100352,0.0,0.0,101.476517,66.812813,1.0,3002.752384488005,164.04212448000362,0.0
2011-12-01,13,16361.5769856208,0.0,4763.04034336,0.0,250.0,298150.0,183.932983,210.891342,1.0,0.0,0.0,7500.0
2011-12-01,14,119333.4234687952,100.0,28533.391249792,18.050189248000002,0.0,0.0,86.05864,61.152431,1.0,2920.7267437952105,541.5052497920005,0.0
2011-12-01,15,2650.377862456,0.0,1080.0747343360001,0.0,100.0,156800.0,115.250977,125.140511,1.0,0.0,0.0,3000.0
2011-12-01,16,122790.69929069279,100.0,16597.390874688,6.975790016000001,0.0,0.0,108.554512,88.271614,1.0,2992.923149999988,209.2739999999976,0.0
2011-12-01,17,60018.34840369919,64.696396,26259.601874688,19.084039936,0.0,0.0,96.93576,50.0,1.0,1841.3206729103913,572.5216248959987,0.0
2011-12-01,19,0.0,0.0,0.0,0.0,200.0,213100.0,220.29657,249.129227,1.0,0.0,0.0,6000.0
2011-12-01,2,19695.628620048003,0.0,5306.085687551999,0.0,100.0,165950.0,171.389725,198.194443,1.0,0.0,0.0,3000.0
2011-12-01,20,123478.3701483584,100.0,13432.887812864,6.235383232,0.0,0.0,92.183128,58.775108,1.0,2997.750015512007,187.0618755200012,0.0
2011-12-01,21,3693.2081635967997,0.0,950.0383751040001,0.0,100.0,185650.0,130.809357,144.141861,1.0,0.0,0.0,3000.0
2011-12-01,22,64427.267088006396,55.787453,30254.77,20.870893887999998,0.0,0.0,85.030899,50.0,1.0,1558.9848062047895,626.1287502080013,0.0
2011-12-01,23,70827.6639791472,58.552219,10657.118062656,9.30027488,0.0,0.0,64.829445,50.0,1.0,1718.4237322496047,279.00843775999965,0.0
2011-12-01,24,17359.134568899204,0.0,3296.853624896,0.0,150.0,210000.0,129.404022,140.28334,1.0,0.0,0.0,4500.0
2011-12-01,25,118510.72193740959,100.0,39324.99350041599,22.544777216,0.0,0.0,149.054062,110.164963,1.0,2891.425137409591,676.3445004159948,0.0
2011-12-01,26,11469.072694115199,0.0,2419.039796992,0.0,100.0,174900.0,119.304543,126.806473,1.0,0.0,0.0,3000.0
2011-12-01,27,120042.2803,100.0,34262.488,22.870758144,0.0,0.0,95.846642,76.179794,1.0,2889.30003120481,686.1237502080039,0.0
2011-12-01,28,16197.7439393632,0.0,8189.129812864,0.0,140.0,223270.0,182.237259,208.081635,1.0,0.0,0.0,4200.0
2011-12-01,29,122095.46416819839,75.767494,40897.788750208005,15.949890944,0.0,0.0,91.77919,50.0,1.0,2198.1448624096083,478.4975004160078,0.0
2011-12-01,3,136301.9526625904,100.0,44145.848499584004,17.294552704,0.0,0.0,95.730385,65.442703,1.0,2925.6528375904018,518.836499584002,0.0
2011-12-01,30,126735.95002500001,100.0,63112.218,27.420700736,0.0,0.0,149.133682,93.510582,1.0,2859.6368250000232,822.6270000000004,0.0
2011-12-01,31,148889.6220125904,100.0,30910.314499584005,14.073637760000002,0.0,0.0,94.607658,77.883926,1.0,2946.6510625904193,422.20749958400484,0.0
2011-12-01,32,17089.8692130064,0.0,4182.295,0.0,250.0,315100.0,139.802185,168.098572,1.0,0.0,0.0,7500.0
2011-12-01,33,118404.95144379519,100.0,36572.266249791996,24.081684224,0.0,0.0,84.885338,63.287392,1.0,2881.4055687951914,722.452249791997,0.0
2011-12-01,34,10489.494538022398,0.0,4413.073843776001,0.0,200.0,226800.0,151.421982,175.784531,1.0,0.0,0.0,6000.0
2011-12-01,35,74934.565070256,55.127907,13514.45143776,5.445227839999999,0.0,0.0,105.02166,50.0,1.0,1639.5062634543865,163.3571879680003,0.0
2011-12-01,36,8973.8223096576,0.0,4027.040062656,0.0,100.0,184100.0,152.389252,187.586014,1.0,0.0,0.0,3000.0
2011-12-01,37,14834.4426593072,0.0,2577.531125312,0.0,200.0,219200.0,135.155075,148.379898,1.0,0.0,0.0,6000.0
2011-12-01,38,49939.6967406928,40.230965,13040.486874688002,4.43673568,0.0,0.0,101.389961,50.0,1.0,1193.4503154848062,133.1021244800031,0.0
2011-12-01,4,9849.573744824,0.0,4149.151093568,0.0,250.0,314664.625,169.537216,219.112106,1.0,0.0,0.0,7500.0
2011-12-01,40,129845.12731259041,100.0,26546.292499584,19.433271936,0.0,0.0,94.746674,81.28334,1.0,2911.702136993612,582.9979999999996,0.0
2011-12-01,41,14138.352450470398,0.0,6562.228156224,0.0,250.0,272250.0,205.560486,244.81488,1.0,0.0,0.0,7500.0
2011-12-01,42,23355.4977690032,0.0,8677.292,0.0,200.0,193300.0,124.622864,147.186859,1.0,0.0,0.0,6000.0
2011-12-01,43,138336.2620312048,100.0,15436.443750207998,6.1609949440000005,0.0,0.0,143.068863,128.189041,1.0,2998.235209307197,184.82912531199872,0.0
2011-12-01,44,116935.3495375904,100.0,43754.132499584004,23.400571583999998,0.0,0.0,90.684975,52.468548,1.0,2885.845762590412,702.0194995840066,0.0
2011-12-01,45,132629.874175,100.0,33876.193,18.149747199999997,0.0,0.0,166.853561,105.696854,1.0,2920.077700000009,544.4919999999984,0.0
2011-12-01,47,143139.1534875904,100.0,28584.328499584004,17.469418303999998,0.0,0.0,121.869408,106.009895,1.0,2924.512950000033,524.0819999999985,0.0
2011-12-01,48,125427.3863875904,100.0,30693.500499584003,19.636675968,0.0,0.0,98.972496,59.764931,1.0,2910.38371259041,589.1014995840014,0.0
2011-12-01,49,74026.97732130079,60.209595,19601.655125312,9.786052223999999,0.0,0.0,95.865952,50.0,1.0,1765.6118806079903,293.5822506240038,0.0
2011-12-01,50,42935.5417437952,31.367376,20246.515249792003,10.861452159999999,0.0,0.0,89.800041,50.0,1.0,882.2602661087949,325.8433751040029,0.0
2011-12-01,51,77929.5112119936,79.641144,18393.258,10.567321024,0.0,0.0,85.294182,50.0,1.0,2350.9257708848018,317.0196248959983,0.0
2011-12-01,52,63409.77308430719,70.191772,18740.587125312002,9.888750144,0.0,0.0,83.764038,50.0,1.0,2068.2403496111874,296.6632506240021,0.0
2011-12-01,53,119469.6240625904,100.0,23613.128499584,16.887758784,0.0,0.0,71.937828,53.232071,1.0,2928.304806385626,506.632749376,0.0
2011-12-01,54,45390.8337966896,28.285692,15360.492874688001,8.326191743999999,0.0,0.0,60.34383,50.0,1.0,805.1514026864024,249.78687468800126,0.0
2011-12-01,55,117935.10453740958,100.0,22768.531500416,16.067716288,0.0,0.0,77.036575,56.642933,1.0,2933.6511186143907,482.03025062399684,0.0
2011-12-01,56,31874.7251406928,11.618369,12185.645874688002,4.90005984,0.0,0.0,54.676174,50.0,1.0,321.06766074080224,147.0015622400024,0.0
2011-12-01,6,134360.5197843072,80.0,19038.469125312,6.4664163199999996,0.0,0.0,113.547043,99.720955,1.0,2388.5639374096063,193.99250041600317,0.0
2011-12-01,7,10323.4740913328,0.0,2367.8959690879997,0.0,131.045273,178032.0625,273.747589,300.0,1.0,0.0,0.0,3931.359375
2011-12-01,9,46471.5185156928,38.103676,19145.689874688,14.647413248,0.0,0.0,67.511314,50.0,1.0,1062.2512313855987,439.42274937600087,0.0
2012-01-01,1,32434.126582736,24.517677,2.55877856,0.0,0.0,0.0,88.995636,50.0,1.0,769.7754749999986,0.0,0.0
2012-01-01,12,122848.988934904,100.0,15574.235624895999,5.3383316480000005,0.0,0.0,102.026047,67.541199,1.0,3103.7181031024083,165.48837510399608,0.0
2012-01-01,13,16361.5769856208,0.0,4763.04034336,0.0,250.0,305900.0,187.810104,214.676743,1.0,0.0,0.0,7750.0
2012-01-01,14,122353.8065437952,100.0,29082.368249791998,17.70892448,0.0,0.0,86.057861,61.190502,1.0,3020.383075000005,548.976999999999,0.0
2012-01-01,15,2650.377862456,0.0,1080.0747343360001,0.0,100.0,159900.0,114.360146,124.222549,1.0,0.0,0.0,3100.0
2012-01-01,16,125885.88695310241,100.0,16802.134375104004,6.60463648,0.0,0.0,111.176437,91.212868,1.0,3095.1876624096185,204.74350041600337,0.0
2012-01-01,17,61981.4599723136,66.638237,26853.744125312,19.165879616,0.0,0.0,97.956184,50.0,1.0,1963.1115686144112,594.1422506240015,0.0
2012-01-01,19,0.0,0.0,0.0,0.0,200.0,219300.0,222.832932,251.512985,1.0,0.0,0.0,6200.0
2012-01-01,2,19695.628620048003,0.0,5306.085687551999,0.0,100.0,169050.0,170.41655,197.169769,1.0,0.0,0.0,3100.0
2012-01-01,20,126576.05740620481,100.0,13626.128750208,6.233594432,0.0,0.0,92.076492,58.645069,1.0,3097.68725784641,193.24093734399867,0.0
2012-01-01,21,3693.2081635967997,0.0,950.0383751040001,0.0,100.0,188750.0,130.590149,143.889755,1.0,0.0,0.0,3100.0
2012-01-01,22,66022.1948687952,55.206013,30891.474249791998,20.53891424,0.0,0.0,84.803894,50.0,1.0,1594.9277807887993,636.7042497919974,0.0
2012-01-01,23,72629.4904437952,59.409134,10948.993249792,9.415327168,0.0,0.0,64.834358,50.0,1.0,1801.8264646480093,291.875187136,0.0
2012-01-01,24,17359.134568899204,0.0,3296.853624896,0.0,150.0,214650.0,128.948181,139.799026,1.0,0.0,0.0,4650.0
2012-01-01,25,121501.92911879519,100.0,40008.23124979199,22.039907967999998,0.0,0.0,151.498276,112.641098,1.0,2991.207181385602,683.2377493759996,0.0
2012-01-01,26,11469.072694115199,0.0,2419.039796992,0.0,100.0,178000.0,118.236916,125.731544,1.0,0.0,0.0,3100.0
2012-01-01,27,123030.46614379519,100.0,34959.62924979199,22.488479936,0.0,0.0,95.335381,75.606552,1.0,2988.1858437951887,697.1412497919955,0.0
2012-01-01,28,16197.7439393632,0.0,8189.129812864,0.0,140.0,227610.0,181.536835,207.308075,1.0,0.0,0.0,4340.0
2012-01-01,29,124371.10671259041,75.846085,41384.102499584005,15.687591295999999,0.0,0.0,91.750824,50.0,1.0,2275.642544392016,486.3137493760005,0.0
2012-01-01,3,139328.74283740958,100.0,44665.341500416,16.757825344,0.0,0.0,95.577904,65.381744,1.0,3026.79017481918,519.4930008319934,0.0
2012-01-01,30,129694.8766374096,100.0,63944.003500416,26.831984192,0.0,0.0,151.546631,96.167404,1.0,2958.9266124095884,831.785500416001,0.0
2012-01-01,31,151935.1737187952,100.0,31343.471249791997,13.972705344,0.0,0.0,93.934868,77.172363,1.0,3045.551706204802,433.15675020799245,0.0
2012-01-01,32,17089.8692130064,0.0,4182.295,0.0,250.0,322850.0,143.109207,171.343643,1.0,0.0,0.0,7750.0
2012-01-01,33,121384.63121259041,100.0,37308.550499584,23.751163072,0.0,0.0,83.771889,61.948757,1.0,2979.6797687952203,736.2842497920064,0.0
2012-01-01,34,10489.494538022398,0.0,4413.073843776001,0.0,200.0,233000.0,150.938034,175.193985,1.0,0.0,0.0,6200.0
2012-01-01,35,76605.98815990401,54.372044,13678.692624895999,5.2980986240000005,0.0,0.0,104.172981,50.0,1.0,1671.4230896480149,164.2411871359982,0.0
2012-01-01,36,8973.8223096576,0.0,4027.040062656,0.0,100.0,187200.0,151.138184,186.263855,1.0,0.0,0.0,3100.0
2012-01-01,37,14834.4426593072,0.0,2577.531125312,0.0,200.0,225400.0,135.873795,149.081085,1.0,0.0,0.0,6200.0
2012-01-01,38,51160.163662798404,39.801807,13174.775249792001,4.331887872,0.0,0.0,101.090401,50.0,1.0,1220.4669221056029,134.288375103999,0.0
2012-01-01,4,9849.573744824,0.0,4149.151093568,0.0,250.0,322414.625,169.5672,218.986664,1.0,0.0,0.0,7750.0
2012-01-01,40,132855.0292843072,100.0,27143.501125312,19.264787776000002,0.0,0.0,94.03083,80.576355,1.0,3009.9019717167976,597.2086257279989,0.0
2012-01-01,41,14138.352450470398,0.0,6562.228156224,0.0,250.0,280000.0,206.872131,245.937561,1.0,0.0,0.0,7750.0
2012-01-01,42,23355.4977690032,0.0,8677.292,0.0,200.0,199500.0,124.822395,147.25856,1.0,0.0,0.0,6200.0
2012-01-01,43,141436.57848120478,100.0,15617.585750207998,5.843287424,0.0,0.0,147.58815,132.909271,1.0,3100.316449999984,181.14199999999983,0.0
2012-01-01,44,119920.15879999999,100.0,44466.812,22.989655936,0.0,0.0,90.737709,52.607094,1.0,2984.809262409588,712.679500415994,0.0
2012-01-01,45,135650.4020312048,100.0,34424.50375020801,17.687373184,0.0,0.0,166.892914,105.88147,1.0,3020.5278562048043,548.3107502080093,0.0
2012-01-01,47,145557.3864562048,80.0,29014.644750208,13.881151232,0.0,0.0,127.829407,114.772675,1.0,2418.2329686144076,430.3162506239969,0.0
2012-01-01,48,128435.984975,100.0,31296.707,19.458360896000002,0.0,0.0,98.659378,59.445244,1.0,3008.598587409593,603.2065004159958,0.0
2012-01-01,49,75858.43471819839,60.380955,19897.614750208,9.547111808000002,0.0,0.0,95.953468,50.0,1.0,1831.4573968976038,295.95962489599697,0.0
2012-01-01,50,43834.685169211196,30.915102,20575.499750207997,10.612412096,0.0,0.0,89.26461,50.0,1.0,899.1434254159976,328.98450041599426,0.0
2012-01-01,51,80405.21504069281,81.079849,18715.129874688,10.383007232,0.0,0.0,85.637726,50.0,1.0,2475.7038286992174,321.87187468799675,0.0
2012-01-01,52,65592.67362559681,71.602219,19040.508499584,9.67488704,0.0,0.0,83.952682,50.0,1.0,2182.900541289622,299.9213742719985,0.0
2012-01-01,53,122496.2846406928,100.0,24133.217874687998,16.777048704000002,0.0,0.0,72.514442,53.970062,1.0,3026.6605781023973,520.0893751039985,0.0
2012-01-01,54,46233.836912798404,28.665136,15622.740249792003,8.45963456,0.0,0.0,60.449413,50.0,1.0,843.0031161088045,262.24737510400155,0.0
2012-01-01,55,120967.85758120481,100.0,23260.584750208,15.872681344,0.0,0.0,77.975525,57.860981,1.0,3032.7530437952228,492.0532497919994,0.0
2012-01-01,56,32210.816396897604,11.763095,12338.574624896,4.933171776,0.0,0.0,54.728748,50.0,1.0,336.09125620480336,152.92875020799875,0.0
2012-01-01,6,136830.5134625904,80.0,19230.594499584,6.197582976,0.0,0.0,117.647148,104.248688,1.0,2469.9936782832083,192.12537427200004,0.0
2012-01-01,7,10323.4740913328,0.0,2367.8959690879997,0.0,130.44809,182075.953125,273.94809,300.0,1.0,0.0,0.0,4043.890625
2012-01-01,9,47591.8977190032,38.853222,19603.506,14.768281216,0.0,0.0,67.992134,50.0,1.0,1120.3792033104037,457.81612531200153,0.0
2012-02-01,1,33288.9970387328,27.227961,2.55877856,0.0,0.0,0.0,92.532532,50.0,1.0,854.8704559967991,0.0,0.0
2012-02-01,12,125954.86992869919,100.0,15729.770874688002,5.017282816,0.0,0.0,107.069389,72.693199,1.0,3105.8809937951883,155.53524979200301,0.0
2012-02-01,13,16361.5769856208,0.0,4763.04034336,0.0,300.0,315200.0,202.499115,234.679398,1.0,0.0,0.0,9300.0
2012-02-01,14,125375.881649584,99.999908,29623.522499584004,17.456614656000003,0.0,0.0,87.574585,62.57328,1.0,3022.0751057887974,541.1542497920054,0.0
2012-02-01,15,2650.377862456,0.0,1080.0747343360001,0.0,150.0,164550.0,123.162819,137.927734,1.0,0.0,0.0,4650.0
2012-02-01,16,128985.96857499999,99.999992,16984.357,5.878149055999999,0.0,0.0,119.875854,100.515556,1.0,3100.0816218975815,182.22262489599598,0.0
2012-02-01,17,64117.708925,72.360397,27477.944,20.1354816,0.0,0.0,100.672226,50.0,1.0,2136.248952686401,624.1998746879981,0.0
2012-02-01,19,0.0,0.0,0.0,0.0,200.0,225500.0,225.632782,254.162323,1.0,0.0,0.0,6200.0
2012-02-01,2,19695.628620048003,0.0,5306.085687551999,0.0,150.0,173700.0,184.697845,224.344971,1.0,0.0,0.0,4650.0
2012-02-01,20,129674.26075620478,100.0,13816.994750207998,6.156935616,0.0,0.0,98.903236,64.587158,1.0,3098.203349999967,190.86599999999817,0.0
2012-02-01,21,3693.2081635967997,0.0,950.0383751040001,0.0,150.0,193400.0,146.093094,166.420319,1.0,0.0,0.0,4650.0
2012-02-01,22,67646.27974421119,56.215271,31539.868750208003,20.915878464000002,0.0,0.0,85.923538,50.0,1.0,1624.084875415996,648.394500416005,0.0
2012-02-01,23,74458.02340930719,60.282227,11244.137125311998,9.520773184,0.0,0.0,65.649124,50.0,1.0,1828.5329655119858,295.1438755199979,0.0
2012-02-01,24,17359.134568899204,0.0,3296.853624896,0.0,150.0,219300.0,129.725784,140.621323,1.0,0.0,0.0,4650.0
2012-02-01,25,124496.1046687952,100.0,40677.80924979199,21.599287424,0.0,0.0,155.610199,116.449112,1.0,2994.1755500000145,669.5780000000013,0.0
2012-02-01,26,11469.072694115199,0.0,2419.039796992,0.0,150.0,182650.0,127.917381,139.33429,1.0,0.0,0.0,4650.0
2012-02-01,27,126020.71988759041,99.999802,35647.25449958401,22.181454464,0.0,0.0,96.841675,77.103111,1.0,2990.253743795227,687.6252497920141,0.0
2012-02-01,28,16197.7439393632,0.0,8189.129812864,0.0,200.0,233810.0,197.000534,233.890778,1.0,0.0,0.0,6200.0
2012-02-01,29,126808.44622499999,81.147156,41892.24,16.391511552,0.0,0.0,94.7314,50.0,1.0,2437.339512409584,508.1375004159927,0.0
2012-02-01,3,142358.0239562048,100.0,45173.371750208,16.388092864,0.0,0.0,96.280701,66.084969,1.0,3029.2811187952175,508.03024979200563,0.0
2012-02-01,30,132658.930625,100.0,64752.194,26.070647616000002,0.0,0.0,156.29599,101.041222,1.0,2964.053987590407,808.1904995840014,0.0
2012-02-01,31,154982.5355437952,100.0,31768.298249792,13.704116608,0.0,0.0,96.586967,79.715096,1.0,3047.361825,424.82700000000114,0.0
2012-02-01,32,17089.8692130064,0.0,4182.295,0.0,300.0,332150.0,156.133514,189.96022,1.0,0.0,0.0,9300.0
2012-02-01,33,124371.12332440318,99.99987,38013.449500416,22.738682304,0.0,0.0,87.668159,66.230247,1.0,2986.4921118127677,704.8990008319961,0.0
2012-02-01,34,10489.494538022398,0.0,4413.073843776001,0.0,200.0,239200.0,151.312531,175.473877,1.0,0.0,0.0,6200.0
2012-02-01,35,78447.0254906928,59.826401,13850.425874688,5.539793792,0.0,0.0,109.323685,50.0,1.0,1841.037330788793,171.73324979200152,0.0
2012-02-01,36,8973.8223096576,0.0,4027.040062656,0.0,150.0,191850.0,169.038437,221.284866,1.0,0.0,0.0,4650.0
2012-02-01,37,14834.4426593072,0.0,2577.531125312,0.0,250.0,233150.0,144.5905,161.316605,1.0,0.0,0.0,7750.0
2012-02-01,38,52481.03706300639,43.045631,13315.705,4.546132864,0.0,0.0,103.374352,50.0,1.0,1320.8734002079873,140.92975020799895,0.0
2012-02-01,4,9849.573744824,0.0,4149.151093568,0.0,300.0,331714.625,181.782898,240.725052,1.0,0.0,0.0,9300.0
2012-02-01,40,135866.2964374096,100.0,27734.427500415997,19.06219744,0.0,0.0,96.195015,82.644707,1.0,3011.2671531023807,590.926375103998,0.0
2012-02-01,41,14138.352450470398,0.0,6562.228156224,0.0,300.0,289300.0,218.666672,265.139069,1.0,0.0,0.0,9300.0
2012-02-01,42,23355.4977690032,0.0,8677.292,0.0,200.0,205700.0,125.293571,147.602707,1.0,0.0,0.0,6200.0
2012-02-01,43,144542.3111624096,100.0,15773.803500416,5.039296704000001,0.0,0.0,158.584702,144.087357,1.0,3105.732681204827,156.21775020800123,0.0
2012-02-01,44,122908.7414130064,99.999939,45162.091,22.428387904,0.0,0.0,92.662491,54.727196,1.0,2988.582613006409,695.2790000000023,0.0
2012-02-01,45,138672.8219312048,100.0,34964.10775020801,17.406618944,0.0,0.0,168.646973,107.540215,1.0,3022.419899999979,539.6039999999994,0.0
2012-02-01,47,147985.6276937952,80.0,29398.905249792,12.395534528,0.0,0.0,137.094574,124.29821,1.0,2428.2412375903805,384.26049958399744,0.0
2012-02-01,48,131445.72345,100.0,31894.668,19.289078848000003,0.0,0.0,99.993736,60.491142,1.0,3009.738474999991,597.961000000003,0.0
2012-02-01,49,77810.79164958399,64.288429,20201.746499584002,9.810679424,0.0,0.0,98.918739,50.0,1.0,1952.3569313855987,304.1317493760034,0.0
2012-02-01,50,44762.579299792,31.895002,20913.766249792003,10.911808128,0.0,0.0,91.082245,50.0,1.0,927.8941305808039,338.26649958400594,0.0
2012-02-01,51,82999.93209069279,84.895851,19040.636874688,10.500216896,0.0,0.0,87.260353,50.0,1.0,2594.7170499999775,325.5070000000014,0.0
2012-02-01,52,67897.4514318016,75.494751,19342.027249792,9.726439424,0.0,0.0,86.154938,50.0,1.0,2304.7778062047873,301.5187502080007,0.0
2012-02-01,53,125528.73788120478,99.999954,24626.650750208,15.917168384,0.0,0.0,74.134697,56.268265,1.0,3032.4532405119826,493.4328755200004,0.0
2012-02-01,54,47092.4456184064,29.199797,15890.439500416,8.635455296,0.0,0.0,60.597279,50.0,1.0,858.6087056079923,267.6992506239967,0.0
2012-02-01,55,124006.0886531024,100.0,23727.429375104002,15.059506176,0.0,0.0,80.361534,60.912445,1.0,3038.231071897593,466.84462489600264,0.0
2012-02-01,56,32551.4460828464,11.915865,12492.683937344,4.971272384,0.0,0.0,54.786869,50.0,1.0,340.62968594879567,154.1093124479994,0.0
2012-02-01,6,139304.4819156928,80.0,19404.428874688,5.607598464,0.0,0.0,126.953079,114.260521,1.0,2473.968453102396,173.83437510400108,0.0
2012-02-01,7,10323.4740913328,0.0,2367.8959690879997,0.0,129.319824,186084.875,274.263306,300.0,1.0,0.0,0.0,4008.921875
2012-02-01,9,48733.916252686395,39.562389,20064.204874688,14.861247231999998,0.0,0.0,68.864632,50.0,1.0,1142.0185336831928,460.6988746879979,0.0
2012-03-01,1,34172.94807370719,30.096287,2.621749312,0.00217152,0.0,0.0,96.338654,50.0,1.0,883.9510349743941,0.06297075200000002,0.0
2012-03-01,12,128861.907209904,100.0,15868.204624896,4.7735334400000005,0.0,0.0,111.342796,77.300873,1.0,2907.0372812048154,138.43375020799795,0.0
2012-03-01,13,16361.5769856208,0.0,4763.04034336,0.0,300.0,323900.0,212.233856,244.23819,1.0,0.0,0.0,8700.0
2012-03-01,14,128204.333225,100.0,30123.626,17.244945536000003,0.0,0.0,89.449738,64.289375,1.0,2828.4515754159947,500.1035004159967,0.0
2012-03-01,15,2650.377862456,0.0,1080.0747343360001,0.0,150.0,168900.0,127.077354,141.774582,1.0,0.0,0.0,4350.0
2012-03-01,16,131888.6892562048,100.0,17142.654750208,5.45855232,0.0,0.0,126.580673,107.448372,1.0,2902.7206812047953,158.29775020799934,0.0
2012-03-01,17,66298.3882187952,78.760437,28088.154249791998,21.041728447999997,0.0,0.0,103.477676,50.0,1.0,2180.6792937951977,610.2102497919986,0.0
2012-03-01,19,0.0,0.0,0.0,0.0,200.0,231300.0,228.476166,256.870483,1.0,0.0,0.0,5800.0
2012-03-01,2,19695.628620048003,0.0,5306.085687551999,0.0,150.0,178050.0,189.990875,229.276917,1.0,0.0,0.0,4350.0
2012-03-01,20,132573.6542937952,100.0,13990.603249792002,5.9865453440000005,0.0,0.0,103.91581,69.373398,1.0,2899.3935375904257,173.60849958400468,0.0
2012-03-01,21,3693.2081635967997,0.0,950.0383751040001,0.0,150.0,197750.0,152.360031,172.509872,1.0,0.0,0.0,4350.0
2012-03-01,22,69204.58783800641,57.636852,32159.062,21.351571904,0.0,0.0,87.21981,50.0,1.0,1558.3080937952182,619.1932497919988,0.0
2012-03-01,23,76194.83505310239,61.197651,11523.185375104,9.622372032,0.0,0.0,66.283806,50.0,1.0,1736.8116437951976,279.048249792002,0.0
2012-03-01,24,17359.134568899204,0.0,3296.853624896,0.0,150.0,223650.0,131.144485,142.080612,1.0,0.0,0.0,4350.0
2012-03-01,25,127299.99272499999,100.0,41290.912,21.141454464000002,0.0,0.0,159.461136,120.127525,1.0,2803.8880562047852,613.1027502080033,0.0
2012-03-01,26,11469.072694115199,0.0,2419.039796992,0.0,150.0,187000.0,132.756409,144.150726,1.0,0.0,0.0,4350.0
2012-03-01,27,128819.9834187952,100.0,36281.63824979199,21.87526432,0.0,0.0,98.74511,79.093018,1.0,2799.2635312047787,634.3837502079841,0.0
2012-03-01,28,16197.7439393632,0.0,8189.129812864,0.0,200.0,239610.0,202.817673,239.51123,1.0,0.0,0.0,5800.0
2012-03-01,29,129246.849225,86.669388,42385.434,17.006654912000002,0.0,0.0,97.491325,50.0,1.0,2438.4030000000057,493.19400000000314,0.0
2012-03-01,3,145193.70809379517,100.0,45640.156249791995,16.095977664,0.0,0.0,97.504486,67.319405,1.0,2835.684137590375,466.7844995839914,0.0
2012-03-01,30,135436.24885,100.0,65487.565,25.357578687999997,0.0,0.0,160.43515,105.408783,1.0,2777.3182249999954,735.3709999999992,0.0
2012-03-01,31,157835.38367500002,100.0,32156.098,13.372431488,0.0,0.0,99.183372,82.370201,1.0,2852.8481312048098,387.7997502080034,0.0
2012-03-01,32,17089.8692130064,0.0,4182.295,0.0,300.0,340850.0,163.689529,197.365921,1.0,0.0,0.0,8700.0
2012-03-01,33,127171.050875,100.0,38644.814,21.771115392,0.0,0.0,92.405693,71.481567,1.0,2799.9275505968253,631.3644995840004,0.0
2012-03-01,34,10489.494538022398,0.0,4413.073843776001,0.0,200.0,245000.0,152.266602,176.336868,1.0,0.0,0.0,5800.0
2012-03-01,35,80268.6469468976,63.22908,14013.741624896,5.631555072,0.0,0.0,112.25322,50.0,1.0,1821.6214562047971,163.31575020799937,0.0
2012-03-01,36,8973.8223096576,0.0,4027.040062656,0.0,150.0,196200.0,174.034836,226.118164,1.0,0.0,0.0,4350.0
2012-03-01,37,14834.4426593072,0.0,2577.531125312,0.0,250.0,240400.0,148.929367,165.634781,1.0,0.0,0.0,7250.0
2012-03-01,38,53785.2960359488,45.405544,13450.782312447998,4.657816383999999,0.0,0.0,105.100006,50.0,1.0,1304.2589729424071,135.07731244799834,0.0
2012-03-01,4,9849.573744824,0.0,4149.151093568,0.0,300.0,340414.625,186.611359,245.316879,1.0,0.0,0.0,8700.0
2012-03-01,40,138683.74519999998,100.0,28285.127,18.989553024,0.0,0.0,98.765785,85.139801,1.0,2817.4487625903857,550.6994995840032,0.0
2012-03-01,41,14138.352450470398,0.0,6562.228156224,0.0,300.0,298000.0,223.24292,269.48468,1.0,0.0,0.0,8700.0
2012-03-01,42,23355.4977690032,0.0,8677.292,0.0,200.0,211500.0,125.961411,148.153076,1.0,0.0,0.0,5800.0
2012-03-01,43,147450.06210930718,100.0,15908.953125311999,4.660287424,0.0,0.0,168.07962,153.648834,1.0,2907.750946897577,135.1496248959993,0.0
2012-03-01,44,125708.37516240959,100.0,45794.807500416,21.817881279999998,0.0,0.0,94.858841,57.269119,1.0,2799.6337494031904,632.7165004159979,0.0
2012-03-01,45,141501.12999379518,100.0,35464.83524979199,17.266515136,0.0,0.0,170.914352,109.584892,1.0,2828.3080625903967,500.72749958398344,0.0
2012-03-01,47,150261.3327062048,80.0,29739.394750208,11.740956864,0.0,0.0,145.731201,132.968536,1.0,2275.7050124095986,340.48950041600256,0.0
2012-03-01,48,134262.4998624096,100.0,32448.461500415997,19.096258688000002,0.0,0.0,101.825142,62.053295,1.0,2816.776412409614,553.7935004159954,0.0
2012-03-01,49,79757.01942440319,68.428963,20494.467500415998,10.093858943999999,0.0,0.0,101.552139,50.0,1.0,1946.227774819199,292.7210008319962,0.0
2012-03-01,50,45664.9512630064,33.136967,21240.037,11.250713344,0.0,0.0,93.063896,50.0,1.0,902.3719632143984,326.2707502079975,0.0
2012-03-01,51,85525.3704406928,88.24382,19346.175874688,10.535823168,0.0,0.0,88.510773,50.0,1.0,2525.4383500000113,305.53900000000067,0.0
2012-03-01,52,70148.9779526864,78.742012,19623.738874688,9.714166592000002,0.0,0.0,87.949409,50.0,1.0,2251.5265208847995,281.7116248959974,0.0
2012-03-01,53,128369.5299718976,100.0,25069.929624895998,15.285518144,0.0,0.0,76.131676,58.936092,1.0,2840.7920906928193,443.27887468799963,0.0
2012-03-01,54,47916.1130190032,29.949133,16148.015,8.881882048,0.0,0.0,60.80703,50.0,1.0,823.6674005968016,257.5754995839998,0.0
2012-03-01,55,126851.7079625904,100.0,24148.494499584,14.519499072,0.0,0.0,83.348068,64.474556,1.0,2845.619309488,421.0651244799992,0.0
2012-03-01,56,32874.225693795204,12.064677,12637.979249792,5.010189184,0.0,0.0,54.844387,50.0,1.0,322.7796109488045,145.2953124480009,0.0
2012-03-01,6,141620.6384562048,80.0,19558.769750207997,5.3220635519999995,0.0,0.0,134.623947,122.357399,1.0,2316.156540511991,154.3408755199962,0.0
2012-03-01,7,10323.4740913328,0.0,2367.8959690879997,0.0,127.836769,189792.140625,274.649445,300.0,1.0,0.0,0.0,3707.265625
2012-03-01,9,49821.250684696,40.226883,20497.598874688,14.944583680000001,0.0,0.0,69.630447,50.0,1.0,1087.3344320096076,433.39400000000023,0.0
2012-04-01,1,35209.0557986608,33.001453,2.778899968,0.0050693760000000004,0.0,0.0,100.279137,50.0,1.0,1036.1077249536029,0.15715065600000022,0.0
2012-04-01,12,131970.6599593072,100.0,16010.561125311999,4.592168256,0.0,0.0,115.720337,82.022484,1.0,3108.7527494031965,142.3565004159991,0.0
2012-04-01,13,16361.5769856208,0.0,4763.04034336,0.0,300.0,333200.0,221.552109,253.347672,1.0,0.0,0.0,9300.0
2012-04-01,14,131229.6480437952,100.0,30649.908249792,16.976765312,0.0,0.0,91.460381,66.232452,1.0,3025.314818795203,526.2822497919988,0.0
2012-04-01,15,2650.377862456,0.0,1080.0747343360001,0.0,150.0,173550.0,130.53627,145.148834,1.0,0.0,0.0,4650.0
2012-04-01,16,134994.0387968976,100.0,17300.635624895996,5.09613728,0.0,0.0,132.848602,113.888672,1.0,3105.3495406928123,157.98087468799713,0.0
2012-04-01,17,68850.0005624096,85.962608,28766.185500415995,21.872016192,0.0,0.0,106.47197,50.0,1.0,2551.612343614397,678.031250623997,0.0
2012-04-01,19,0.0,0.0,0.0,0.0,200.0,237500.0,231.613678,259.870575,1.0,0.0,0.0,6200.0
2012-04-01,2,19695.628620048003,0.0,5306.085687551999,0.0,150.0,182700.0,193.887741,232.856964,1.0,0.0,0.0,4650.0
2012-04-01,20,135674.3517656928,100.0,14169.991874688001,5.786709760000001,0.0,0.0,108.050735,73.514236,1.0,3100.6974718975835,179.38862489599887,0.0
2012-04-01,21,3693.2081635967997,0.0,950.0383751040001,0.0,150.0,202400.0,156.934128,176.954224,1.0,0.0,0.0,4650.0
2012-04-01,22,70918.583049584,59.2537,32832.65049958401,21.728620992,0.0,0.0,88.528915,50.0,1.0,1713.995211577596,673.5884995840061,0.0
2012-04-01,23,78085.743425,62.315536,11825.06,9.737887744000002,0.0,0.0,66.896492,50.0,1.0,1890.9083718976035,301.87462489599966,0.0
2012-04-01,24,17359.134568899204,0.0,3296.853624896,0.0,150.0,228300.0,133.094574,144.055298,1.0,0.0,0.0,4650.0
2012-04-01,25,130300.6474125904,100.0,41930.674499584005,20.637566976,0.0,0.0,163.273392,123.880997,1.0,3000.654687590417,639.7624995840088,0.0
2012-04-01,26,11469.072694115199,0.0,2419.039796992,0.0,150.0,191650.0,136.913544,148.265366,1.0,0.0,0.0,4650.0
2012-04-01,27,131814.6808875904,100.0,36948.814499584005,21.521842367999998,0.0,0.0,101.03476,81.514183,1.0,2994.6974687952024,667.1762497920136,0.0
2012-04-01,28,16197.7439393632,0.0,8189.129812864,0.0,200.0,245810.0,206.878693,243.340302,1.0,0.0,0.0,6200.0
2012-04-01,29,132019.23958759042,92.045822,42926.39649958401,17.45048448,0.0,0.0,99.92569,50.0,1.0,2772.3903625904204,540.9624995840059,0.0
2012-04-01,3,148227.14055,100.0,46129.083,15.771838784000002,0.0,0.0,99.170509,69.052673,1.0,3033.4324562048423,488.9267502080038,0.0
2012-04-01,30,138409.86405,100.0,66251.757,24.651402048,0.0,0.0,164.356033,109.606262,1.0,2973.6152,764.1919999999955,0.0
2012-04-01,31,160887.3573125904,100.0,32559.702499584004,13.019549504,0.0,0.0,101.928719,85.22657,1.0,3051.9736375903885,403.60449958400204,0.0
2012-04-01,32,17089.8692130064,0.0,4182.295,0.0,300.0,350150.0,170.596268,204.107056,1.0,0.0,0.0,9300.0
2012-04-01,33,130169.5776312048,100.0,39294.36875020801,20.953424127999998,0.0,0.0,97.139984,76.607208,1.0,2998.5267562047957,649.554750208008,0.0
2012-04-01,34,10489.494538022398,0.0,4413.073843776001,0.0,200.0,251200.0,153.731812,177.700851,1.0,0.0,0.0,6200.0
2012-04-01,35,82296.26322559682,65.798065,14189.688499584001,5.675734272,0.0,0.0,114.348152,50.0,1.0,2027.6162786992209,175.94687468800112,0.0
2012-04-01,36,8973.8223096576,0.0,4027.040062656,0.0,150.0,200850.0,177.024872,228.88765,1.0,0.0,0.0,4650.0
2012-04-01,37,14834.4426593072,0.0,2577.531125312,0.0,250.0,248150.0,152.826202,169.495819,1.0,0.0,0.0,7750.0
2012-04-01,38,55238.3394012528,47.289902,13596.702437760001,4.707114047999999,0.0,0.0,106.517136,50.0,1.0,1453.0433653040018,145.9201253120027,0.0
2012-04-01,4,9849.573744824,0.0,4149.151093568,0.0,300.0,349714.625,190.473129,248.926346,1.0,0.0,0.0,9300.0
2012-04-01,40,141695.88068740958,100.0,28872.057500415995,18.933252416,0.0,0.0,101.56678,87.888077,1.0,3012.1354874095996,586.9305004159942,0.0
2012-04-01,41,14138.352450470398,0.0,6562.228156224,0.0,300.0,307300.0,226.636261,272.622223,1.0,0.0,0.0,9300.0
2012-04-01,42,23355.4977690032,0.0,8677.292,0.0,200.0,217700.0,126.827362,148.896927,1.0,0.0,0.0,6200.0
2012-04-01,43,150559.7748624096,100.0,16046.855500415999,4.448510976,0.0,0.0,177.324417,162.89917,1.0,3109.712753102416,137.90237510400038,0.0
2012-04-01,44,128705.4456312048,100.0,46451.063750208006,21.169523648,0.0,0.0,97.156036,60.026234,1.0,2997.0704687952093,656.256249792008,0.0
2012-04-01,45,144525.1227124096,100.0,35997.201500416,17.173069888,0.0,0.0,173.379196,111.809166,1.0,3023.992718614405,532.3662506240071,0.0
2012-04-01,47,152695.81225,80.0,30094.948,11.469454464,0.0,0.0,154.312363,141.498566,1.0,2434.479543795198,355.5532497919994,0.0
2012-04-01,48,137275.2102375904,100.0,33032.746499584006,18.847864256,0.0,0.0,104.001671,64.020523,1.0,3012.710375180788,584.2849991680087,0.0
2012-04-01,49,81965.684034904,72.56295,20814.665624896,10.328937216,0.0,0.0,103.908752,50.0,1.0,2208.6646105008112,320.19812448000084,0.0
2012-04-01,50,46666.80560331041,34.381191,21597.155125312,11.51997184,0.0,0.0,94.864296,50.0,1.0,1001.8543403040094,357.1181253120012,0.0
2012-04-01,51,88321.18625578881,91.297333,19671.161249792003,10.483402176000002,0.0,0.0,89.502716,50.0,1.0,2795.815815096008,324.98537510400274,0.0
2012-04-01,52,72647.4339031024,81.642006,19922.108375104002,9.624850559999999,0.0,0.0,89.435326,50.0,1.0,2498.455950415999,298.3695004160036,0.0
2012-04-01,53,131409.66262189762,100.0,25528.023624896,14.777199424,0.0,0.0,78.627258,62.110348,1.0,3040.132650000014,458.09400000000096,0.0
2012-04-01,54,48830.5239156928,31.11146,16435.124874688,9.261626816,0.0,0.0,61.129608,50.0,1.0,914.4108966896019,287.1098746880016,0.0
2012-04-01,55,129899.1114562048,100.0,24573.129750207998,13.697863296000001,0.0,0.0,86.804871,68.542328,1.0,3047.4034936144017,424.6352506239964,0.0
2012-04-01,56,33224.3682562048,12.236835,12794.700750208,5.05553568,0.0,0.0,54.910633,50.0,1.0,350.14256240959367,156.7215004159989,0.0
2012-04-01,6,144097.7419531024,80.0,19718.177375104002,5.1422209279999995,0.0,0.0,141.990173,130.046478,1.0,2477.1034968976164,159.40762489600456,0.0
2012-04-01,7,10323.4740913328,0.0,2367.8959690879997,0.0,126.022446,193698.828125,275.106903,300.0,1.0,0.0,0.0,3906.6875
2012-04-01,9,51006.11480041599,40.965572,20963.871500416,15.041059071999998,0.0,0.0,70.397141,50.0,1.0,1184.864115719989,466.272625728001,0.0
2012-05-01,1,36289.7475223904,35.569916,3.0770130559999997,0.009937408,0.0,0.0,103.798561,50.0,1.0,1080.6917237296002,0.2981130879999996,0.0
2012-05-01,12,134979.58002499997,99.999992,16146.221,4.522019008,0.0,0.0,119.990768,86.464447,1.0,3008.9200656927715,135.65987468800085,0.0
2012-05-01,13,16361.5769856208,0.0,4763.04034336,0.0,300.0,342200.0,229.862411,261.459381,1.0,0.0,0.0,9000.0
2012-05-01,14,134159.322975,100.0,31150.236,16.677676287999997,0.0,0.0,93.367126,68.105927,1.0,2929.6749312047905,500.3277502080018,0.0
2012-05-01,15,2650.377862456,0.0,1080.0747343360001,0.0,150.0,178050.0,133.569992,148.101761,1.0,0.0,0.0,4500.0
2012-05-01,16,138001.27763430722,100.0,17444.032125312002,4.779911552,0.0,0.0,138.381668,119.555542,1.0,3007.238837409619,143.39650041600544,0.0
2012-05-01,17,71531.6285318016,93.103966,29443.755249791997,22.585633408000003,0.0,0.0,109.380112,50.0,1.0,2681.627969392008,677.5697493760017,0.0
2012-05-01,19,0.0,0.0,0.0,0.0,200.0,243500.0,234.629486,262.759277,1.0,0.0,0.0,6000.0
2012-05-01,2,19695.628620048003,0.0,5306.085687551999,0.0,150.0,187200.0,196.835922,235.569763,1.0,0.0,0.0,4500.0
2012-05-01,20,138676.2838406928,100.0,14337.808874688002,5.593917056,0.0,0.0,111.285286,76.876457,1.0,3001.932075000019,167.81700000000092,0.0
2012-05-01,21,3693.2081635967997,0.0,950.0383751040001,0.0,150.0,206900.0,160.337692,180.268082,1.0,0.0,0.0,4500.0
2012-05-01,22,72623.0200318016,60.818295,33492.839249792,22.006332608,0.0,0.0,89.685074,50.0,1.0,1704.436982217594,660.1887502079917,0.0
2012-05-01,23,79951.58859958399,63.5238,12120.764499584,9.856804672,0.0,0.0,67.443901,50.0,1.0,1865.8451745839993,295.7044995840006,0.0
2012-05-01,24,17359.134568899204,0.0,3296.853624896,0.0,150.0,232800.0,135.241364,146.217773,1.0,0.0,0.0,4500.0
2012-05-01,25,133207.6262937952,100.0,42535.444249791995,20.158966464000002,0.0,0.0,166.67012,127.297592,1.0,2906.9788812048064,604.76975020799,0.0
2012-05-01,26,11469.072694115199,0.0,2419.039796992,0.0,150.0,196150.0,140.390305,151.69635,1.0,0.0,0.0,4500.0
2012-05-01,27,134715.3444812048,99.999992,37582.64575020801,21.127700672,0.0,0.0,103.442818,84.069489,1.0,2900.6635936144157,633.8312506240036,0.0
2012-05-01,28,16197.7439393632,0.0,8189.129812864,0.0,200.0,251810.0,209.849701,246.104538,1.0,0.0,0.0,6000.0
2012-05-01,29,134841.18977499998,96.673637,43457.401,17.700093632,0.0,0.0,101.891617,50.0,1.0,2821.9501874095586,531.0045004159911,0.0
2012-05-01,3,151165.0206937952,100.0,46591.652249791994,15.418925183999999,0.0,0.0,100.980545,70.981895,1.0,2937.8801437951915,462.5692497919954,0.0
2012-05-01,30,141291.614975,100.0,66972.62,24.028743231999997,0.0,0.0,167.769989,113.28788,1.0,2881.7509250000003,720.8629999999976,0.0
2012-05-01,31,163843.1649062048,99.999992,32939.773750208,12.6689472,0.0,0.0,104.627403,88.083382,1.0,2955.807593614387,380.0712506239943,0.0
2012-05-01,32,17089.8692130064,0.0,4182.295,0.0,300.0,359150.0,176.657883,210.016434,1.0,0.0,0.0,9000.0
2012-05-01,33,133074.8982374096,100.0,39906.769500416,20.413362944,0.0,0.0,100.983833,80.659119,1.0,2905.3206062047975,612.4007502079912,0.0
2012-05-01,34,10489.494538022398,0.0,4413.073843776001,0.0,200.0,257200.0,155.42511,179.295624,1.0,0.0,0.0,6000.0
2012-05-01,35,84315.28857130079,67.671379,14360.419125311999,5.691004800000001,0.0,0.0,115.811119,50.0,1.0,2019.0253457039653,170.7306257279979,0.0
2012-05-01,36,8973.8223096576,0.0,4027.040062656,0.0,150.0,205350.0,178.958389,230.624039,1.0,0.0,0.0,4500.0
2012-05-01,37,14834.4426593072,0.0,2577.531125312,0.0,250.0,255650.0,156.376083,173.008896,1.0,0.0,0.0,7500.0
2012-05-01,38,56688.872125208,48.752884,13738.318750207998,4.720565824,0.0,0.0,107.622612,50.0,1.0,1450.532723955199,141.6163124479972,0.0
2012-05-01,4,9849.573744824,0.0,4149.151093568,0.0,300.0,358714.625,193.64064,251.864029,1.0,0.0,0.0,9000.0
2012-05-01,40,144611.52455,99.999992,29436.953,18.829922176,0.0,0.0,104.29863,90.599907,1.0,2915.6438625904266,564.8954995840068,0.0
2012-05-01,41,14138.352450470398,0.0,6562.228156224,0.0,300.0,316300.0,229.242386,274.995453,1.0,0.0,0.0,9000.0
2012-05-01,42,23355.4977690032,0.0,8677.292,0.0,200.0,223700.0,127.74794,149.70372,1.0,0.0,0.0,6000.0
2012-05-01,43,153569.9534656928,100.0,16176.723874688001,4.328910144,0.0,0.0,185.574829,171.126572,1.0,3010.178603283188,129.86837427200226,0.0
2012-05-01,44,131609.73016879518,100.0,47068.232249791996,20.572257472,0.0,0.0,99.271713,62.564041,1.0,2904.2845375903853,617.1684995839896,0.0
2012-05-01,45,147452.0856437952,100.0,36510.009249792,17.093638016,0.0,0.0,175.588943,113.82917,1.0,2926.962931385613,512.8077493759993,0.0
2012-05-01,47,155052.4741687952,80.0,30435.746249792,11.359992384,0.0,0.0,162.009018,149.117416,1.0,2356.661918795202,340.7982497919984,0.0
2012-05-01,48,140192.5088437952,100.0,33590.027249791994,18.576065664,0.0,0.0,106.183784,66.080826,1.0,2917.2986062048003,557.2807502079886,0.0
2012-05-01,49,84212.04692440318,76.180679,21129.023500416,10.478619007999999,0.0,0.0,105.851959,50.0,1.0,2246.3628894991853,314.35787551999965,0.0
2012-05-01,50,47666.510819003204,35.40884,21947.614,11.681958912,0.0,0.0,96.257774,50.0,1.0,999.7052156927966,350.4588746879999,0.0
2012-05-01,51,91106.532125,93.898506,19982.573,10.380393087999998,0.0,0.0,90.247795,50.0,1.0,2785.345869211189,311.4117502079971,0.0
2012-05-01,52,75140.8953568016,84.101791,20206.904249792,9.493163264000001,0.0,0.0,90.569572,50.0,1.0,2493.4614536992012,284.79587468799946,0.0
2012-05-01,53,134353.9943593072,99.999847,25960.904125312,14.429384319999999,0.0,0.0,81.54792,65.470116,1.0,2944.3317374095786,432.8805004160022,0.0
2012-05-01,54,49758.915846300806,32.652901,16728.408125312,9.7761248,0.0,0.0,61.558052,50.0,1.0,928.3919306080061,293.28325062399745,0.0
2012-05-01,55,132852.458475,99.999992,24964.524,13.046515456000002,0.0,0.0,90.2985,72.522064,1.0,2953.34701879519,391.3942497920034,0.0
2012-05-01,56,33568.07194484,12.406575,12947.735937344,5.101164224,0.0,0.0,54.975857,50.0,1.0,343.7036886351998,153.03518713599988,0.0
2012-05-01,6,146495.6368656928,80.0,19869.230874688,5.035065984,0.0,0.0,148.546799,136.845108,1.0,2397.894912590389,151.05349958399893,0.0
2012-05-01,7,10323.4740913328,0.0,2367.8959690879997,0.0,124.238724,197426.0,275.548615,300.0,1.0,0.0,0.0,3727.171875
2012-05-01,9,52175.035044003205,41.721043,21418.202,15.144384319999999,0.0,0.0,71.104378,50.0,1.0,1168.920243587214,454.3304995840008,0.0
2012-06-01,1,37480.6652244672,37.935333,3.66229344,0.018879744,0.0,0.0,107.040062,50.0,1.0,1190.9177020768038,0.5852803840000003,0.0
2012-06-01,12,138089.2701781024,100.0,16284.227375104001,4.451772416,0.0,0.0,123.767754,90.400902,1.0,3109.6901531024196,138.00637510400156,0.0
2012-06-01,13,16361.5769856208,0.0,4763.04034336,0.0,300.0,351500.0,237.818039,269.217926,1.0,0.0,0.0,9300.0
2012-06-01,14,137189.0391437952,100.0,31656.264249792,16.323468096,0.0,0.0,95.295425,70.04628,1.0,3029.7161687952175,506.02824979199795,0.0
2012-06-01,15,2650.377862456,0.0,1080.0747343360001,0.0,150.0,182700.0,136.51825,150.96965,1.0,0.0,0.0,4650.0
2012-06-01,16,141110.7693312048,100.0,17582.951750207998,4.481285120000001,0.0,0.0,143.584656,124.886116,1.0,3109.491696897574,138.9196248959961,0.0
2012-06-01,17,74515.0648062048,99.996246,30162.206750208003,23.175810112,0.0,0.0,112.115227,50.0,1.0,2983.436274403197,718.4515004160057,0.0
2012-06-01,19,0.0,0.0,0.0,0.0,200.0,249700.0,237.655991,265.659454,1.0,0.0,0.0,6200.0
2012-06-01,2,19695.628620048003,0.0,5306.085687551999,0.0,150.0,191850.0,199.330429,237.873184,1.0,0.0,0.0,4650.0
2012-06-01,20,141779.5467656928,100.0,14505.391874688,5.405898368,0.0,0.0,114.083336,79.870262,1.0,3103.262924999988,167.58299999999872,0.0
2012-06-01,21,3693.2081635967997,0.0,950.0383751040001,0.0,150.0,211550.0,163.186081,183.044815,1.0,0.0,0.0,4650.0
2012-06-01,22,74433.63741300639,62.439384,34182.109,22.234432064,0.0,0.0,90.768478,50.0,1.0,1810.6173812047928,689.2697502079973,0.0
2012-06-01,23,81921.5113359488,64.885155,12430.321312447999,9.985720576,0.0,0.0,67.985039,50.0,1.0,1969.9227363648097,309.55681286399886,0.0
2012-06-01,24,17359.134568899204,0.0,3296.853624896,0.0,150.0,237450.0,137.590057,148.573425,1.0,0.0,0.0,4650.0
2012-06-01,25,136214.71350620477,100.0,43145.60575020801,19.682666431999998,0.0,0.0,169.891205,130.624985,1.0,3007.087212409562,610.1615004160121,0.0
2012-06-01,26,11469.072694115199,0.0,2419.039796992,0.0,150.0,200800.0,143.62944,154.886307,1.0,0.0,0.0,4650.0
2012-06-01,27,137715.55211240958,100.0,38224.465500415994,20.703853247999998,0.0,0.0,105.996971,86.754784,1.0,3000.207631204772,641.8197502079856,0.0
2012-06-01,28,16197.7439393632,0.0,8189.129812864,0.0,200.0,258010.0,212.338593,248.39711,1.0,0.0,0.0,6200.0
2012-06-01,29,137861.7211624096,100.0,44005.695500416,17.686944704000002,0.0,0.0,103.816261,50.57914,1.0,3020.531387409632,548.2945004159992,0.0
2012-06-01,3,154203.56075,100.0,47057.075,15.013709568,0.0,0.0,102.968552,73.14328,1.0,3038.5400562048017,465.422750208003,0.0
2012-06-01,30,144273.36052499997,100.0,67699.398,23.444447936,0.0,0.0,170.971741,116.755539,1.0,2981.7455499999633,726.7780000000057,0.0
2012-06-01,31,166899.7334062048,100.0,33322.233750208004,12.337489216,0.0,0.0,107.415092,91.036522,1.0,3056.568499999994,382.4600000000064,0.0
2012-06-01,32,17089.8692130064,0.0,4182.295,0.0,300.0,368450.0,182.376328,215.58757,1.0,0.0,0.0,9300.0
2012-06-01,33,136080.18521879517,100.0,40525.215249791996,19.94985824,0.0,0.0,104.478958,84.272461,1.0,3005.2869813855796,618.4457493759983,0.0
2012-06-01,34,10489.494538022398,0.0,4413.073843776001,0.0,200.0,263400.0,157.335052,181.10347,1.0,0.0,0.0,6200.0
2012-06-01,35,86448.5462843072,69.165001,14536.686125311999,5.68602944,0.0,0.0,116.927483,50.0,1.0,2133.2577130064165,176.26699999999983,0.0
2012-06-01,36,8973.8223096576,0.0,4027.040062656,0.0,150.0,210000.0,180.375183,231.852264,1.0,0.0,0.0,4650.0
2012-06-01,37,14834.4426593072,0.0,2577.531125312,0.0,250.0,263400.0,159.993439,176.591721,1.0,0.0,0.0,7750.0
2012-06-01,38,58227.533350208,50.018654,13884.490750207999,4.715198592,0.0,0.0,108.568954,50.0,1.0,1538.6612250000035,146.17200000000048,0.0
2012-06-01,4,9849.573744824,0.0,4149.151093568,0.0,300.0,368014.625,196.448654,254.448975,1.0,0.0,0.0,9300.0
2012-06-01,40,147625.2808812048,100.0,30016.424750208003,18.692598911999998,0.0,0.0,107.114601,93.403427,1.0,3013.756331204786,579.471750208002,0.0
2012-06-01,41,14138.352450470398,0.0,6562.228156224,0.0,300.0,325600.0,231.491241,277.018005,1.0,0.0,0.0,9300.0
2012-06-01,42,23355.4977690032,0.0,8677.292,0.0,200.0,229900.0,128.739349,150.582565,1.0,0.0,0.0,6200.0
2012-06-01,43,156680.9911437952,100.0,16308.529249792002,4.25177792,0.0,0.0,193.465347,178.983734,1.0,3111.0376781024097,131.80537510400063,0.0
2012-06-01,44,134614.8088062048,100.0,47687.636750208,19.980846080000003,0.0,0.0,101.364075,65.087502,1.0,3005.078637409606,619.4045004160071,0.0
2012-06-01,45,150477.2005937952,100.0,37037.211249791995,17.006478528,0.0,0.0,177.631958,115.732132,1.0,3025.1149499999883,527.2019999999975,0.0
2012-06-01,47,157488.08088759042,80.0,30786.112499584004,11.302117632,0.0,0.0,169.382889,156.403732,1.0,2435.6067187952285,350.36624979200496,0.0
2012-06-01,48,143209.06545620481,100.0,34156.612750208005,18.276985791999998,0.0,0.0,108.451256,68.293709,1.0,3016.556612409622,566.5855004160112,0.0
2012-06-01,49,86639.7297593072,79.589973,21456.612125312,10.56738176,0.0,0.0,107.611023,50.0,1.0,2427.682834904015,327.5886248960014,0.0
2012-06-01,50,48726.999009307205,36.302059,22312.441125312,11.768625024,0.0,0.0,97.400162,50.0,1.0,1060.4881903040005,364.82712531200013,0.0
2012-06-01,51,94061.79765620478,96.324074,20300.107750207997,10.243064,0.0,0.0,90.877563,50.0,1.0,2955.2655312047864,317.5347502079967,0.0
2012-06-01,52,77790.66655889119,86.39669,20495.931624896,9.323499328,0.0,0.0,91.536102,50.0,1.0,2649.771202089585,289.02737510399675,0.0
2012-06-01,53,137399.9232031024,100.0,26392.325375104003,13.916801600000001,0.0,0.0,84.67514,68.940804,1.0,3045.9288437952055,431.4212497920016,0.0
2012-06-01,54,50780.003990303994,34.780159,17054.656125312,10.52408864,0.0,0.0,62.157791,50.0,1.0,1021.0881440031881,326.24800000000323,0.0
2012-06-01,55,135908.4143031024,100.0,25349.803375104002,12.428364416,0.0,0.0,94.017967,76.590263,1.0,3055.955828102422,385.2793751040008,0.0
2012-06-01,56,33928.7886716896,12.594152,13107.410874688001,5.150796352,0.0,0.0,55.046177,50.0,1.0,360.71672684960504,159.6749373440016,0.0
2012-06-01,6,148973.92615620478,80.0,20023.181750207998,4.9662021759999995,0.0,0.0,154.811279,143.303375,1.0,2478.2892905119807,153.95087551999677,0.0
2012-06-01,7,10323.4740913328,0.0,2367.8959690879997,0.0,122.481308,201222.921875,275.978607,300.0,1.0,0.0,0.0,3796.921875
2012-06-01,9,53408.1714562048,42.550034,21891.255750207998,15.259766912000002,0.0,0.0,71.805458,50.0,1.0,1233.1364122015948,473.0537502079969,0.0
2012-07-01,1,38699.710168996804,40.12582,4.309985472,0.021589568,0.0,0.0,110.141777,50.0,1.0,1219.0449445296035,0.6476920320000001,0.0
2012-07-01,12,141099.13555930718,100.0,16415.537125312,4.377001408,0.0,0.0,127.18399,93.966927,1.0,3009.865381204785,131.30975020799815,0.0
2012-07-01,13,16361.5769856208,0.0,4763.04034336,0.0,300.0,360500.0,245.009369,276.228149,1.0,0.0,0.0,9000.0
2012-07-01,14,140123.37814999997,100.0,32135.129,15.962125504,0.0,0.0,97.100586,71.911774,1.0,2934.3390062047692,478.8647502080021,0.0
2012-07-01,15,2650.377862456,0.0,1080.0747343360001,0.0,150.0,187200.0,139.231506,153.607971,1.0,0.0,0.0,4500.0
2012-07-01,16,144121.6457093072,100.0,17709.609125312,4.221860864,0.0,0.0,148.407303,129.812988,1.0,3010.8763781024027,126.6573751040014,0.0
2012-07-01,17,77407.3374437952,99.999954,30834.651249791998,22.414867904,0.0,0.0,115.952888,54.398228,1.0,2892.272637590402,672.4444995839949,0.0
2012-07-01,19,0.0,0.0,0.0,0.0,200.0,255700.0,240.466064,268.350525,1.0,0.0,0.0,6000.0
2012-07-01,2,19695.628620048003,0.0,5306.085687551999,0.0,150.0,196350.0,201.388016,239.780136,1.0,0.0,0.0,4500.0
2012-07-01,20,144783.8024031024,100.0,14662.516375104,5.237479104,0.0,0.0,116.591278,82.57679,1.0,3004.255637409602,157.12450041599914,0.0
2012-07-01,21,3693.2081635967997,0.0,950.0383751040001,0.0,150.0,216050.0,165.639313,185.441727,1.0,0.0,0.0,4500.0
2012-07-01,22,76232.5388807888,64.0131,34854.29024979199,22.406058688,0.0,0.0,91.747681,50.0,1.0,1798.9014677824016,672.1812497919964,0.0
2012-07-01,23,83869.79942664159,66.292397,12733.733187136,10.113714624,0.0,0.0,68.488052,50.0,1.0,1948.2880906927894,303.41187468800126,0.0
2012-07-01,24,17359.134568899204,0.0,3296.853624896,0.0,150.0,241950.0,139.892731,150.869995,1.0,0.0,0.0,4500.0
2012-07-01,25,139127.7046937952,100.0,43722.708249792,19.236673664,0.0,0.0,172.778687,133.64183,1.0,2912.9911875904363,577.1024995839907,0.0
2012-07-01,26,11469.072694115199,0.0,2419.039796992,0.0,150.0,205300.0,146.533066,157.742065,1.0,0.0,0.0,4500.0
2012-07-01,27,140621.3409624096,100.0,38834.71150041599,20.341533887999997,0.0,0.0,108.44632,89.297096,1.0,2905.7888500000117,610.2459999999992,0.0
2012-07-01,28,16197.7439393632,0.0,8189.129812864,0.0,200.0,264010.0,214.386917,250.267715,1.0,0.0,0.0,6000.0
2012-07-01,29,140788.12050620478,100.0,44521.096750208,17.180066176,0.0,0.0,106.243195,53.144257,1.0,2926.399343795172,515.4012497920048,0.0
2012-07-01,3,157146.8274625904,100.0,47494.856499584006,14.592690111999998,0.0,0.0,104.957291,75.329193,1.0,2943.2667125903827,437.781499584009,0.0
2012-07-01,30,147162.2911874096,100.0,68387.22150041601,22.927324992000003,0.0,0.0,173.816101,119.841957,1.0,2888.9306624096353,687.8235004160088,0.0
2012-07-01,31,169859.3441562048,99.999992,33684.803750208004,12.08560704,0.0,0.0,110.036278,93.726013,1.0,2959.6107500000217,362.5699999999997,0.0
2012-07-01,32,17089.8692130064,0.0,4182.295,0.0,300.0,377450.0,187.608978,220.68428,1.0,0.0,0.0,9000.0
2012-07-01,33,138991.2984874096,100.0,41110.95950041599,19.524777792000002,0.0,0.0,107.584839,87.450134,1.0,2911.1132686144265,585.7442506239968,0.0
2012-07-01,34,10489.494538022398,0.0,4413.073843776001,0.0,200.0,269400.0,159.272095,182.942825,1.0,0.0,0.0,6000.0
2012-07-01,35,88548.5809588912,70.332718,14706.719624895999,5.667811136,0.0,0.0,117.757652,50.0,1.0,2100.0346745839925,170.0334995840003,0.0
2012-07-01,36,8973.8223096576,0.0,4027.040062656,0.0,150.0,214500.0,181.399734,232.705688,1.0,0.0,0.0,4500.0
2012-07-01,37,14834.4426593072,0.0,2577.531125312,0.0,250.0,270900.0,163.455185,180.013351,1.0,0.0,0.0,7500.0
2012-07-01,38,59748.974356204795,51.081913,14025.449750207998,4.6986368,0.0,0.0,109.35041,50.0,1.0,1521.4410059967922,140.95899999999892,0.0
2012-07-01,4,9849.573744824,0.0,4149.151093568,0.0,300.0,377014.625,199.014481,256.809448,1.0,0.0,0.0,9000.0
2012-07-01,40,150542.52016259037,100.0,30573.978499584005,18.585146944,0.0,0.0,109.760498,96.009026,1.0,2917.239281385584,557.5537493760021,0.0
2012-07-01,41,14138.352450470398,0.0,6562.228156224,0.0,300.0,334600.0,233.377533,278.697449,1.0,0.0,0.0,9000.0
2012-07-01,42,23355.4977690032,0.0,8677.292,0.0,200.0,235900.0,129.710236,151.44899,1.0,0.0,0.0,6000.0
2012-07-01,43,159691.997825,100.0,16434.587,4.201950272,0.0,0.0,200.600876,186.089798,1.0,3011.0066812048026,126.05775020799774,0.0
2012-07-01,44,137526.50826240957,100.0,48270.683500415995,19.434820287999997,0.0,0.0,103.279381,67.417694,1.0,2911.6994562047767,583.0467502079919,0.0
2012-07-01,45,153405.3309562048,100.0,37544.646750208005,16.914483456,0.0,0.0,179.402191,117.414513,1.0,2928.1303624096035,507.43550041600975,0.0
2012-07-01,47,159845.46459379522,80.0,31123.589249792,11.249278976,0.0,0.0,176.065002,162.997589,1.0,2357.383706204797,337.4767502079958,0.0
2012-07-01,48,146130.2314875904,100.0,34696.096499584004,17.982786432,0.0,0.0,110.63018,70.466499,1.0,2921.1660313855973,539.4837493759987,0.0
2012-07-01,49,89089.77935,82.91555,21775.325,10.623732288000001,0.0,0.0,109.264015,50.0,1.0,2450.049590692797,318.71287468800074,0.0
2012-07-01,50,49775.329953102395,37.033855,22666.343375104003,11.79672,0.0,0.0,98.297409,50.0,1.0,1048.3309437951903,353.9022497920014,0.0
2012-07-01,51,96988.58254999999,98.492798,20602.985,10.095869888,0.0,0.0,91.389771,50.0,1.0,2926.7848937952076,302.87724979200357,0.0
2012-07-01,52,80418.6758192112,88.454605,20770.187750208,9.141830463999998,0.0,0.0,92.351151,50.0,1.0,2628.0092603200173,274.2561253120002,0.0
2012-07-01,53,140351.08720310242,99.999992,26793.765375104,13.381332223999998,0.0,0.0,87.714874,72.202148,1.0,2951.164000000019,401.4399999999987,0.0
2012-07-01,54,51841.583762409595,37.409248,17400.077500416,11.514057984,0.0,0.0,62.916531,50.0,1.0,1061.5797721056006,345.421375103997,0.0
2012-07-01,55,138868.601,100.0,25709.723,11.997282751999998,0.0,0.0,97.667221,80.407089,1.0,2960.186696897581,359.91962489599973,0.0
2012-07-01,56,34283.234597313596,12.781366,13263.427125311999,5.200544128,0.0,0.0,55.116009,50.0,1.0,354.4459256239934,156.01625062399762,0.0
2012-07-01,6,151372.539325,80.0,20170.93,4.924920832,0.0,0.0,160.532715,149.160477,1.0,2398.6131687952147,147.74824979200275,0.0
2012-07-01,7,10323.4740913328,0.0,2367.8959690879997,0.0,120.894691,204849.765625,276.363098,300.0,1.0,0.0,0.0,3626.84375
2012-07-01,9,54626.341550208,43.390991,22352.456750208,15.373385663999997,0.0,0.0,72.459877,50.0,1.0,1218.1700940032024,461.20100000000093,0.0
2012-08-01,1,40005.136200304,41.583511,5.0472198399999995,0.023781887999999998,0.0,0.0,112.210602,50.0,1.0,1305.4260313071936,0.7372343679999993,0.0
2012-08-01,12,144208.8645562048,100.0,16553.364750208,4.4460915199999995,0.0,0.0,125.806793,92.829704,1.0,3109.728996897611,137.82762489599918,0.0
2012-08-01,13,16361.5769856208,0.0,4763.04034336,0.0,300.0,369800.0,251.985229,283.027527,1.0,0.0,0.0,9300.0
2012-08-01,14,143157.9716812048,100.0,32618.712750208,15.59951744,0.0,0.0,98.659462,73.769142,1.0,3034.593531204824,483.5837502079994,0.0
2012-08-01,15,2650.377862456,0.0,1080.0747343360001,0.0,150.0,191850.0,143.770004,158.081238,1.0,0.0,0.0,4650.0
2012-08-01,16,147234.7883656928,100.0,17831.727874688,3.9393394560000004,0.0,0.0,152.591522,134.179214,1.0,3113.1426563856076,122.11874937600078,0.0
2012-08-01,17,80400.7502437952,100.0,31507.739249791997,21.712507648,0.0,0.0,117.915421,57.505257,1.0,2993.4128000000055,673.0879999999997,0.0
2012-08-01,19,0.0,0.0,0.0,0.0,150.0,260350.0,232.681305,253.602631,1.0,0.0,0.0,4650.0
2012-08-01,2,19695.628620048003,0.0,5306.085687551999,0.0,100.0,199450.0,188.653778,214.173477,1.0,0.0,0.0,3100.0
2012-08-01,20,147889.51036569278,100.0,14818.847874688001,5.042927552,0.0,0.0,118.152016,84.511414,1.0,3105.707962590386,156.331499584001,0.0
2012-08-01,21,3693.2081635967997,0.0,950.0383751040001,0.0,150.0,220700.0,167.367432,187.129242,1.0,0.0,0.0,4650.0
2012-08-01,22,78100.4666812048,64.211769,35535.91275020801,21.987816448,0.0,0.0,91.700027,50.0,1.0,1867.9278004160005,681.6225004160151,0.0
2012-08-01,23,85929.8437260448,67.811523,13051.381687552,10.24672896,0.0,0.0,69.324692,50.0,1.0,2060.0442994032055,317.6485004160004,0.0
2012-08-01,24,17359.134568899204,0.0,3296.853624896,0.0,150.0,246600.0,140.834793,151.90921,1.0,0.0,0.0,4650.0
2012-08-01,25,142139.99555620478,100.0,44308.92375020801,18.910180224,0.0,0.0,173.861572,134.862289,1.0,3012.2908624095726,586.2155004160086,0.0
2012-08-01,26,11469.072694115199,0.0,2419.039796992,0.0,200.0,211500.0,158.120956,173.108261,1.0,0.0,0.0,6200.0
2012-08-01,27,143626.3341437952,100.0,39454.509249792,19.993492479999997,0.0,0.0,110.169983,91.192505,1.0,3004.9931813855947,619.7977493760045,0.0
2012-08-01,28,16197.7439393632,0.0,8189.129812864,0.0,200.0,270210.0,216.115891,251.826111,1.0,0.0,0.0,6200.0
2012-08-01,29,143815.37468759043,100.0,45038.454499584004,16.688939071999997,0.0,0.0,106.649178,54.062595,1.0,3027.2541813856515,517.3577493760022,0.0
2012-08-01,3,160190.62413740956,100.0,47936.089500416,14.233278592000001,0.0,0.0,103.667038,74.41394,1.0,3043.7966748191684,441.2330008319914,0.0
2012-08-01,30,150150.73339999997,100.0,69083.183,22.450447551999996,0.0,0.0,174.729538,121.12941,1.0,2988.4422125903657,695.9614995839947,0.0
2012-08-01,31,172919.700275,100.0,34049.834,11.775168704,0.0,0.0,113.314415,96.951805,1.0,3060.3561187952,365.03024979199836,0.0
2012-08-01,32,17089.8692130064,0.0,4182.295,0.0,300.0,386750.0,192.484222,225.433212,1.0,0.0,0.0,9300.0
2012-08-01,33,142008.52180000002,100.0,41674.477,18.178046848,0.0,0.0,114.577538,94.76358,1.0,3017.2233125904168,563.5174995840061,0.0
2012-08-01,34,10489.494538022398,0.0,4413.073843776001,0.0,150.0,274050.0,151.475525,169.233414,1.0,0.0,0.0,4650.0
2012-08-01,35,90738.53243430718,70.955757,14880.835125311998,5.6165907200000005,0.0,0.0,118.065147,50.0,1.0,2189.95147541599,174.11550041599912,0.0
2012-08-01,36,8973.8223096576,0.0,4027.040062656,0.0,150.0,219150.0,181.658981,232.805573,1.0,0.0,0.0,4650.0
2012-08-01,37,14834.4426593072,0.0,2577.531125312,0.0,300.0,280200.0,175.203201,195.181458,1.0,0.0,0.0,9300.0
2012-08-01,38,61339.3677690032,51.650047,14169.272,4.639437504000001,0.0,0.0,109.583237,50.0,1.0,1590.393412798403,143.82224979200328,0.0
2012-08-01,4,9849.573744824,0.0,4149.151093568,0.0,250.0,384764.625,189.971161,238.108215,1.0,0.0,0.0,7750.0
2012-08-01,40,153556.7962937952,100.0,31151.058249791997,18.615419264,0.0,0.0,113.400482,99.438896,1.0,3014.276131204824,577.0797502079913,0.0
2012-08-01,41,14138.352450470398,0.0,6562.228156224,0.0,300.0,343900.0,234.569031,279.690033,1.0,0.0,0.0,9300.0
2012-08-01,42,23355.4977690032,0.0,8677.292,0.0,200.0,242100.0,130.699966,152.335281,1.0,0.0,0.0,6200.0
2012-08-01,43,162803.6866656928,100.0,16563.395874688,4.155107839999999,0.0,0.0,207.545105,193.0159,1.0,3111.6888406928047,128.8088746880021,0.0
2012-08-01,44,140538.7758187952,100.0,48857.00624979199,18.913633856,0.0,0.0,105.109116,69.678093,1.0,3012.267556385632,586.3227493759987,0.0
2012-08-01,45,156431.3103562048,100.0,38067.87075020801,16.878248192000004,0.0,0.0,179.915207,117.963379,1.0,3025.979400000011,523.224000000002,0.0
2012-08-01,47,162282.14410620477,80.0,31469.018750208,11.142812096000002,0.0,0.0,182.639267,169.501068,1.0,2436.6795124095515,345.42950041600125,0.0
2012-08-01,48,149151.005825,100.0,35243.273,17.650856704,0.0,0.0,110.269768,70.519539,1.0,3020.774337409588,547.176500415997,0.0
2012-08-01,49,91647.8540093072,83.718727,22099.410125312,10.454384511999999,0.0,0.0,109.238808,50.0,1.0,2558.0746593071963,324.0851253119981,0.0
2012-08-01,50,50860.405999792,37.047005,23025.655249792002,11.590695168,0.0,0.0,98.168015,50.0,1.0,1085.0760466896027,359.3118746879991,0.0
2012-08-01,51,100061.589725,100.0,20909.798,9.897216575999998,0.0,0.0,91.852852,50.210796,1.0,3073.007175000006,306.8129999999983,0.0
2012-08-01,52,83194.10122130078,90.315918,21047.255125312,8.937705088,0.0,0.0,92.932655,50.0,1.0,2775.425402089575,277.06737510400126,0.0
2012-08-01,53,143410.5689843072,100.0,27162.819125312002,11.904976512,0.0,0.0,92.50547,77.543411,1.0,3059.481781204784,369.05375020800057,0.0
2012-08-01,54,53038.2288409008,40.837967,17793.712624895998,12.697918271999999,0.0,0.0,63.846241,50.0,1.0,1196.6450784912086,393.6351244799989,0.0
2012-08-01,55,141934.5033,100.0,26049.231,10.951917184,0.0,0.0,103.281746,86.34639,1.0,3065.902300000016,339.507999999998,0.0
2012-08-01,56,34655.59923863521,12.987409,13426.321187136,5.254660736,0.0,0.0,55.191814,50.0,1.0,372.364641321612,162.89406182400126,0.0
2012-08-01,6,153851.33535,80.0,20322.549,4.89092864,0.0,0.0,166.205353,154.878906,1.0,2478.796025000018,151.61899999999878,0.0
2012-08-01,7,10323.4740913328,0.0,2367.8959690879997,0.0,100.0,207949.765625,270.577728,289.515747,1.0,0.0,0.0,3100.0
2012-08-01,9,55912.7936533104,44.297401,22832.623125312002,15.489249152000001,0.0,0.0,73.115288,50.0,1.0,1286.4521031023978,480.16637510400324,0.0
2012-09-01,1,41350.9839755456,42.870926,5.799262976,0.024259456,0.0,0.0,114.047012,50.0,1.0,1345.8477752416002,0.7520431360000002,0.0
2012-09-01,12,147318.5939062048,100.0,16691.190750208,4.445999168,0.0,0.0,125.718803,92.853607,1.0,3109.7293500000087,137.82600000000093,0.0
2012-09-01,13,16361.5769856208,0.0,4763.04034336,0.0,300.0,379100.0,258.535828,289.411896,1.0,0.0,0.0,9300.0
2012-09-01,14,146194.81814999998,100.0,33091.929,15.265053439999999,0.0,0.0,100.215836,75.506874,1.0,3036.846468795178,473.21624979199623,0.0
2012-09-01,15,2650.377862456,0.0,1080.0747343360001,0.0,150.0,196500.0,147.967682,162.200302,1.0,0.0,0.0,4650.0
2012-09-01,16,150349.79375620477,100.0,17945.274750208,3.6628092800000003,0.0,0.0,156.31105,138.103851,1.0,3115.005390511971,113.54687551999814,0.0
2012-09-01,17,83398.32215,100.0,32161.688,21.0950688,0.0,0.0,119.733978,60.2948,1.0,2997.571906204801,653.948750208001,0.0
2012-09-01,19,0.0,0.0,0.0,0.0,150.0,265000.0,230.681976,251.515594,1.0,0.0,0.0,4650.0
2012-09-01,2,19695.628620048003,0.0,5306.085687551999,0.0,100.0,202550.0,184.576309,210.201904,1.0,0.0,0.0,3100.0
2012-09-01,20,150996.47615930717,100.0,14969.391125311999,4.856270016000001,0.0,0.0,119.164101,85.894188,1.0,3106.965793614392,150.54325062399766,0.0
2012-09-01,21,3693.2081635967997,0.0,950.0383751040001,0.0,150.0,225350.0,168.506119,188.231934,1.0,0.0,0.0,4650.0
2012-09-01,22,79963.28435620481,63.929153,36200.16075020801,21.427397887999998,0.0,0.0,91.381088,50.0,1.0,1862.817675000013,664.2479999999996,0.0
2012-09-01,23,88036.96184999999,69.339127,13373.061,10.376746432,0.0,0.0,70.101204,50.0,1.0,2107.118123955195,321.6793124479991,0.0
2012-09-01,24,17359.134568899204,0.0,3296.853624896,0.0,150.0,251250.0,142.009613,153.195236,1.0,0.0,0.0,4650.0
2012-09-01,25,145154.51675620477,100.0,44884.875750208004,18.579080832,0.0,0.0,174.32666,135.48587,1.0,3014.5211999999883,575.9519999999975,0.0
2012-09-01,26,11469.072694115199,0.0,2419.039796992,0.0,200.0,217700.0,164.278229,179.199066,1.0,0.0,0.0,6200.0
2012-09-01,27,146633.74128759038,100.0,40063.198499584,19.63514176,0.0,0.0,112.235649,93.406456,1.0,3007.4071437951934,608.6892497920053,0.0
2012-09-01,28,16197.7439393632,0.0,8189.129812864,0.0,200.0,276410.0,217.497421,253.047623,1.0,0.0,0.0,6200.0
2012-09-01,29,146845.6728062048,100.0,45541.80475020801,16.237092352,0.0,0.0,106.93235,54.689087,1.0,3030.298118614359,503.3502506240038,0.0
2012-09-01,3,163237.16388740958,100.0,48364.699500416,13.826144384,0.0,0.0,103.032928,74.006203,1.0,3046.5397500000254,428.6100000000006,0.0
2012-09-01,30,153142.222375,100.0,69765.124,21.998042560000002,0.0,0.0,175.05043,121.792526,1.0,2991.488975000044,681.9409999999916,0.0
2012-09-01,31,175981.97668740957,100.0,34406.02750041599,11.490105536000002,0.0,0.0,116.547096,100.11805,1.0,3062.2764124095556,356.19350041598955,0.0
2012-09-01,32,17089.8692130064,0.0,4182.295,0.0,300.0,396050.0,196.900452,229.73291,1.0,0.0,0.0,9300.0
2012-09-01,33,145029.8858562048,100.0,42218.939750208,17.56330784,0.0,0.0,120.635132,100.875275,1.0,3021.364056204795,544.4627502080039,0.0
2012-09-01,34,10489.494538022398,0.0,4413.073843776001,0.0,150.0,278700.0,150.589188,168.317993,1.0,0.0,0.0,4650.0
2012-09-01,35,92935.8078312048,71.173492,15052.670750207997,5.543100991999999,0.0,0.0,118.001312,50.0,1.0,2197.2753968976176,171.835624895999,0.0
2012-09-01,36,8973.8223096576,0.0,4027.040062656,0.0,150.0,223800.0,181.394867,232.394485,1.0,0.0,0.0,4650.0
2012-09-01,37,14834.4426593072,0.0,2577.531125312,0.0,300.0,289500.0,182.571518,202.478989,1.0,0.0,0.0,9300.0
2012-09-01,38,62937.2836690032,51.871475,14310.465,4.554609279999999,0.0,0.0,109.522484,50.0,1.0,1597.9159,141.1929999999993,0.0
2012-09-01,4,9849.573744824,0.0,4149.151093568,0.0,250.0,392514.625,188.29393,236.321213,1.0,0.0,0.0,7750.0
2012-09-01,40,156570.1761937952,100.0,31732.262249792,18.748530944000002,0.0,0.0,116.874847,102.685173,1.0,3013.3799,581.2040000000015,0.0
2012-09-01,41,14138.352450470398,0.0,6562.228156224,0.0,300.0,353200.0,235.196579,280.13324,1.0,0.0,0.0,9300.0
2012-09-01,42,23355.4977690032,0.0,8677.292,0.0,200.0,248300.0,131.635818,153.170227,1.0,0.0,0.0,6200.0
2012-09-01,43,165915.6474124096,100.0,16690.953500416,4.114791616,0.0,0.0,214.064377,199.519318,1.0,3111.9607467167953,127.55762572799722,0.0
2012-09-01,44,143554.2137312048,100.0,49428.739750208006,18.442988096,0.0,0.0,106.761902,71.722694,1.0,3015.4379124096013,571.7335004160122,0.0
2012-09-01,45,159457.3476687952,100.0,38590.82824979199,16.869585408,0.0,0.0,179.958221,118.048729,1.0,3026.0373125904007,522.9574995839866,0.0
2012-09-01,47,164719.5906062048,80.0,31810.918750208002,11.029084352,0.0,0.0,188.803162,175.587006,1.0,2437.44650000002,341.90000000000146,0.0
2012-09-01,48,152174.2696937952,100.0,35778.993249791994,17.28127648,0.0,0.0,109.690613,70.390541,1.0,3023.263868795213,535.7202497919934,0.0
2012-09-01,49,94229.03170578879,84.421272,22418.659249792003,10.29833792,0.0,0.0,109.293793,50.0,1.0,2581.1776964815945,319.24912448000396,0.0
2012-09-01,50,51938.1375940032,36.753288,23376.327,11.31198848,0.0,0.0,97.666039,50.0,1.0,1077.7315942112036,350.67175020799914,0.0
2012-09-01,51,103136.5539187952,100.0,21207.605249792003,9.60665472,0.0,0.0,92.503777,51.090702,1.0,3074.9641937951965,297.80724979200386,0.0
2012-09-01,52,86025.5337531024,92.055229,21317.866375104004,8.729388928,0.0,0.0,93.364311,50.0,1.0,2831.43253180162,270.61124979200395,0.0
2012-09-01,53,146477.0776,100.0,27499.537,10.86181408,0.0,0.0,97.496727,82.863014,1.0,3066.5086156927864,336.7178746879981,0.0
2012-09-01,54,54359.2808935872,45.114666,18232.740499584,14.16216256,0.0,0.0,64.984001,50.0,1.0,1321.0520526863984,439.02787468800307,0.0
2012-09-01,55,145004.6420406928,100.0,26369.243874688,10.322980095999998,0.0,0.0,108.80619,92.051788,1.0,3070.1387406927824,320.012874688,0.0
2012-09-01,56,35034.2865125904,13.200748,13590.960499584,5.310945536,0.0,0.0,55.270229,50.0,1.0,378.6872739551909,164.63931244800006,0.0
2012-09-01,6,156330.1928187952,80.0,20473.885249792,4.881829056,0.0,0.0,171.467941,160.151794,1.0,2478.857468795206,151.3362497920025,0.0
2012-09-01,7,10323.4740913328,0.0,2367.8959690879997,0.0,100.0,211049.765625,268.280853,287.296173,1.0,0.0,0.0,3100.0
2012-09-01,9,57227.6124437952,45.224415,23316.192249792002,15.598999936,0.0,0.0,73.746704,50.0,1.0,1314.8187904848019,483.56912448,0.0
2012-10-01,1,42691.507685,44.125072,6.601105472,0.026728000000000002,0.0,0.0,115.831284,50.0,1.0,1340.523709454399,0.8018424960000008,0.0
2012-10-01,12,150328.1803187952,100.0,16823.784249792003,4.419749567999999,0.0,0.0,126.421753,93.643448,1.0,3009.5864125904045,132.59349958400344,0.0
2012-10-01,13,16361.5769856208,0.0,4763.04034336,0.0,300.0,388100.0,264.493927,295.217438,1.0,0.0,0.0,9000.0
2012-10-01,14,149135.5826187952,100.0,33541.225249792,14.976505023999998,0.0,0.0,101.608459,77.026787,1.0,2940.7644687952125,449.2962497920016,0.0
2012-10-01,15,2650.377862456,0.0,1080.0747343360001,0.0,150.0,201000.0,151.607193,165.764008,1.0,0.0,0.0,4500.0
2012-10-01,16,153365.89355930718,100.0,18047.895125312,3.4206939520000006,0.0,0.0,159.703552,141.688736,1.0,3016.0998031024064,102.62037510400114,0.0
2012-10-01,17,86302.8355124096,100.0,32777.803500416,20.537259392,0.0,0.0,121.631912,63.041538,1.0,2904.5133624095906,616.1155004159991,0.0
2012-10-01,19,0.0,0.0,0.0,0.0,150.0,269500.0,229.936432,250.717163,1.0,0.0,0.0,4500.0
2012-10-01,2,19695.628620048003,0.0,5306.085687551999,0.0,100.0,205550.0,182.221985,207.917831,1.0,0.0,0.0,3000.0
2012-10-01,20,154004.28388120478,100.0,15110.169750207999,4.692608959999999,0.0,0.0,119.928513,86.967422,1.0,3007.8077218976105,140.7786248960001,0.0
2012-10-01,21,3693.2081635967997,0.0,950.0383751040001,0.0,150.0,229850.0,169.293808,188.985153,1.0,0.0,0.0,4500.0
2012-10-01,22,81761.95503699359,63.690735,36828.363,20.9400464,0.0,0.0,91.133141,50.0,1.0,1798.6706807887822,628.2022497919897,0.0
2012-10-01,23,90119.30953490401,70.786659,13687.987624895999,10.4975728,0.0,0.0,70.768623,50.0,1.0,2082.347684904016,314.92662489599934,0.0
2012-10-01,24,17359.134568899204,0.0,3296.853624896,0.0,150.0,255750.0,143.442261,154.713425,1.0,0.0,0.0,4500.0
2012-10-01,25,148074.00191259038,100.0,45432.094499584004,18.240698111999997,0.0,0.0,174.64418,135.954865,1.0,2919.4851563856064,547.2187493759993,0.0
2012-10-01,26,11469.072694115199,0.0,2419.039796992,0.0,200.0,223700.0,168.82077,183.659592,1.0,0.0,0.0,6000.0
2012-10-01,27,149545.9937375904,100.0,40643.700499584,19.350079424,0.0,0.0,114.551292,95.750908,1.0,2912.252450000029,580.5020000000004,0.0
2012-10-01,28,16197.7439393632,0.0,8189.129812864,0.0,200.0,282410.0,218.566269,253.970718,1.0,0.0,0.0,6000.0
2012-10-01,29,149780.9504187952,100.0,46016.350249792,15.818178688,0.0,0.0,107.367752,55.361511,1.0,2935.2776125904056,474.54549958399,0.0
2012-10-01,3,166188.21064999996,100.0,48766.679,13.399342528000002,0.0,0.0,103.036469,74.206474,1.0,2951.046762590384,401.9794995839984,0.0
2012-10-01,30,156039.9274874096,100.0,70412.56950041601,21.581491776,0.0,0.0,175.261169,122.297005,1.0,2897.705112409574,647.4455004160118,0.0
2012-10-01,31,178947.15268740957,100.0,34742.987500416,11.232045759999998,0.0,0.0,119.661621,103.153534,1.0,2965.1760000000068,336.9600000000064,0.0
2012-10-01,32,17089.8692130064,0.0,4182.295,0.0,300.0,405050.0,200.883942,233.610138,1.0,0.0,0.0,9000.0
2012-10-01,33,147956.01753120482,100.0,42735.572750208004,17.2211104,0.0,0.0,125.421646,105.647621,1.0,2926.1316750000115,516.6330000000016,0.0
2012-10-01,34,10489.494538022398,0.0,4413.073843776001,0.0,150.0,283200.0,150.978775,168.681427,1.0,0.0,0.0,4500.0
2012-10-01,35,95063.3409869936,71.193382,15216.539,5.462287999999999,0.0,0.0,117.772354,50.0,1.0,2127.5331557887985,163.86824979200355,0.0
2012-10-01,36,8973.8223096576,0.0,4027.040062656,0.0,150.0,228300.0,180.918594,231.785141,1.0,0.0,0.0,4500.0
2012-10-01,37,14834.4426593072,0.0,2577.531125312,0.0,300.0,298500.0,188.660538,208.467407,1.0,0.0,0.0,9000.0
2012-10-01,38,64486.5025031024,51.945553,14444.337375104002,4.462410368,0.0,0.0,109.379189,50.0,1.0,1549.2188340991997,133.87237510400155,0.0
2012-10-01,4,9849.573744824,0.0,4149.151093568,0.0,250.0,400014.625,188.048294,235.982925,1.0,0.0,0.0,7500.0
2012-10-01,40,159485.878675,100.0,32296.888,18.820874176,0.0,0.0,120.157883,105.732506,1.0,2915.7024812048185,564.6257502080007,0.0
2012-10-01,41,14138.352450470398,0.0,6562.228156224,0.0,300.0,362200.0,235.49025,280.260956,1.0,0.0,0.0,9000.0
2012-10-01,42,23355.4977690032,0.0,8677.292,0.0,200.0,254300.0,132.469635,153.909454,1.0,0.0,0.0,6000.0
2012-10-01,43,168927.4535687952,100.0,16813.332249792,4.079246912,0.0,0.0,219.991226,205.431808,1.0,3011.8061563856027,122.37874937600282,0.0
2012-10-01,44,146475.0774875904,100.0,49969.61449958401,18.029181248,0.0,0.0,108.168633,73.474129,1.0,2920.8637563856028,540.874749376002,0.0
2012-10-01,45,162385.7845437952,100.0,39096.853249791995,16.86748128,0.0,0.0,179.89563,118.010086,1.0,2928.436874999985,506.02500000000146,0.0
2012-10-01,47,167079.2180687952,80.0,32138.070249792,10.90502816,0.0,0.0,194.399323,181.114975,1.0,2359.6274625904043,327.15149958399707,0.0
2012-10-01,48,155102.21007499998,100.0,36287.303,16.943685824,0.0,0.0,109.476273,70.550323,1.0,2927.9403812047676,508.3097502080054,0.0
2012-10-01,49,96754.13770680159,85.289024,22723.834249792002,10.172528704,0.0,0.0,109.542313,50.0,1.0,2525.1060010127985,305.1749999999993,0.0
2012-10-01,50,52973.0121468976,36.430828,23707.841624896,11.050498368,0.0,0.0,97.138977,50.0,1.0,1034.8745528943982,331.51462489599726,0.0
2012-10-01,51,106114.0691656928,100.0,21487.782874688,9.339305664,0.0,0.0,93.05957,51.902084,1.0,2977.515246897601,280.1776248959977,0.0
2012-10-01,52,88812.77691509598,93.562927,21573.576375104003,8.523642816,0.0,0.0,93.682785,50.0,1.0,2787.2431619935815,255.70999999999913,0.0
2012-10-01,53,149449.177675,100.0,27804.634,10.169913728,0.0,0.0,102.40789,87.90654,1.0,2972.100075000024,305.09699999999793,0.0
2012-10-01,54,55789.412934696,50.586781,18724.645874687998,16.396872128,0.0,0.0,66.512344,50.0,1.0,1430.1320411088018,491.90537510399736,0.0
2012-10-01,55,147978.27361879518,100.0,26667.293249792,9.934961088,0.0,0.0,113.950699,97.2528,1.0,2973.6315781023877,298.04937510400123,0.0
2012-10-01,56,35406.8315659008,13.412896,13751.986624895999,5.3675173759999995,0.0,0.0,55.348454,50.0,1.0,372.5450533104013,161.02612531199884,0.0
2012-10-01,6,158729.0450531024,80.0,20620.533375104,4.888247936,0.0,0.0,176.232574,164.908005,1.0,2398.852234307182,146.64812531200005,0.0
2012-10-01,7,10323.4740913328,0.0,2367.8959690879997,0.0,100.0,214049.765625,266.738403,285.804657,1.0,0.0,0.0,3000.0
2012-10-01,9,58526.7750593072,46.125984,23787.096125312,15.696785728,0.0,0.0,74.33297,50.0,1.0,1299.1626155119957,470.9038755199981,0.0
2012-11-01,1,44117.7936664224,45.43367,7.445413248,0.027235520000000003,0.0,0.0,117.739174,50.0,1.0,1426.2859814224066,0.844307776,0.0
2012-11-01,12,153438.33695,100.0,16959.644,4.382563328,0.0,0.0,127.627777,94.931152,1.0,3110.1566312047944,135.85975020799742,0.0
2012-11-01,13,16361.5769856208,0.0,4763.04034336,0.0,297.159515,397311.9375,269.71756,300.0,1.0,0.0,0.0,9211.9375
2012-11-01,14,152176.1785687952,100.0,33997.187249792,14.708500352,0.0,0.0,102.901817,78.405045,1.0,3040.595950000017,455.96199999999953,0.0
2012-11-01,15,2650.377862456,0.0,1080.0747343360001,0.0,150.0,205650.0,154.996643,169.078476,1.0,0.0,0.0,4650.0
2012-11-01,16,156483.96760620477,100.0,18147.320750207997,3.207270144,0.0,0.0,163.06662,145.235199,1.0,3118.0740468975855,99.42562489599732,0.0
2012-11-01,17,89307.94028120479,100.0,33397.087750208004,19.976828352000002,0.0,0.0,123.776581,66.027382,1.0,3005.104768795194,619.2842497920064,0.0
2012-11-01,19,0.0,0.0,0.0,0.0,150.0,274150.0,229.75531,250.485092,1.0,0.0,0.0,4650.0
2012-11-01,2,19695.628620048003,0.0,5306.085687551999,0.0,100.0,208650.0,180.628815,206.353424,1.0,0.0,0.0,3100.0
2012-11-01,20,157113.3677187952,100.0,15250.966249792002,4.541837248,0.0,0.0,120.632675,87.942322,1.0,3109.083837590413,140.79649958400296,0.0
2012-11-01,21,3693.2081635967997,0.0,950.0383751040001,0.0,150.0,234500.0,169.938293,189.594162,1.0,0.0,0.0,4650.0
2012-11-01,22,83620.8549624096,63.611721,37464.797500415996,20.530174080000002,0.0,0.0,91.013412,50.0,1.0,1858.8999254160153,636.4345004159986,0.0
2012-11-01,23,92315.43994379521,72.225502,14017.110249792002,10.616846656,0.0,0.0,71.388954,50.0,1.0,2196.1304088912,329.1226248960029,0.0
2012-11-01,24,17359.134568899204,0.0,3296.853624896,0.0,150.0,260400.0,145.116257,156.448532,1.0,0.0,0.0,4650.0
2012-11-01,25,151093.20131259042,100.0,45986.518499584,17.88462624,0.0,0.0,174.970535,136.452423,1.0,3019.1994000000414,554.4239999999991,0.0
2012-11-01,26,11469.072694115199,0.0,2419.039796992,0.0,200.0,229900.0,172.739151,187.496262,1.0,0.0,0.0,6200.0
2012-11-01,27,152557.129175,100.0,41235.233,19.081667072000002,0.0,0.0,117.04995,98.267525,1.0,3011.135437409597,591.5325004159968,0.0
2012-11-01,28,16197.7439393632,0.0,8189.129812864,0.0,200.0,288610.0,219.445541,254.706253,1.0,0.0,0.0,6200.0
2012-11-01,29,152816.8921812048,100.0,46493.729750208004,15.399331583999999,0.0,0.0,107.97876,56.162285,1.0,3035.9417624096095,477.3795004160056,0.0
2012-11-01,3,169240.68289999999,100.0,49167.989,12.945528128,0.0,0.0,103.482605,74.858559,1.0,3052.4722500000207,401.31000000000495,0.0
2012-11-01,30,159036.9704125904,100.0,71068.95249958399,21.173673664000003,0.0,0.0,175.502747,122.80584,1.0,2997.042925180809,656.3829991679813,0.0
2012-11-01,31,182012.85158740956,100.0,35083.431500415994,10.982035584000002,0.0,0.0,122.695366,106.132332,1.0,3065.6988999999885,340.44399999999587,0.0
2012-11-01,32,17089.8692130064,0.0,4182.295,0.0,300.0,414350.0,204.737854,237.358231,1.0,0.0,0.0,9300.0
2012-11-01,33,150981.7031312048,100.0,43260.148750208005,16.921813376,0.0,0.0,129.619507,109.826111,1.0,3025.685599999968,524.5760000000009,0.0
2012-11-01,34,10489.494538022398,0.0,4413.073843776001,0.0,150.0,287850.0,151.91243,169.5811,1.0,0.0,0.0,4650.0
2012-11-01,35,97260.77081921119,71.142776,15383.221750207998,5.376873216,0.0,0.0,117.475891,50.0,1.0,2197.429832217589,166.68275020799774,0.0
2012-11-01,36,8973.8223096576,0.0,4027.040062656,0.0,150.0,232950.0,180.360718,231.097427,1.0,0.0,0.0,4650.0
2012-11-01,37,14834.4426593072,0.0,2577.531125312,0.0,300.0,307800.0,194.305939,214.003326,1.0,0.0,0.0,9300.0
2012-11-01,38,66089.406200416,51.989979,14579.727500416,4.367423424,0.0,0.0,109.232933,50.0,1.0,1602.9036973135953,135.39012531199842,0.0
2012-11-01,4,9849.573744824,0.0,4149.151093568,0.0,250.0,407764.625,188.453461,236.28508,1.0,0.0,0.0,7750.0
2012-11-01,40,162498.851775,100.0,32879.964,18.808881728,0.0,0.0,123.29837,108.690498,1.0,3012.973099999974,583.0760000000009,0.0
2012-11-01,41,14138.352450470398,0.0,6562.228156224,0.0,300.0,371500.0,235.615585,280.226166,1.0,0.0,0.0,9300.0
2012-11-01,42,23355.4977690032,0.0,8677.292,0.0,200.0,260500.0,133.244919,154.590729,1.0,0.0,0.0,6200.0
2012-11-01,43,172039.7730906928,100.0,16939.238874688,4.0615086719999995,0.0,0.0,225.422806,210.851822,1.0,3112.319521897589,125.90662489599708,0.0
2012-11-01,44,149495.95635,100.0,50516.31,17.635384,0.0,0.0,109.439873,75.06601,1.0,3020.8788624095905,546.69550041599,0.0
2012-11-01,45,165411.869175,100.0,39619.593,16.862531712,0.0,0.0,179.833435,117.957039,1.0,3026.084631204809,522.7397502080057,0.0
2012-11-01,47,169518.2126687952,80.0,32472.846249791997,10.799166144,0.0,0.0,199.660782,186.306778,1.0,2438.9946000000054,334.775999999998,0.0
2012-11-01,48,158129.8272687952,100.0,36802.990249792,16.63499968,0.0,0.0,109.650887,71.046997,1.0,3027.6171937952167,515.6872497919976,0.0
2012-11-01,49,99397.83255889118,86.362297,23035.871624895997,10.06570656,0.0,0.0,109.927055,50.0,1.0,2643.6948520895967,312.03737510399515,0.0
2012-11-01,50,54034.71512520801,36.13493,24042.937750208,10.809583616,0.0,0.0,96.675255,50.0,1.0,1061.702978310408,335.09612531200037,0.0
2012-11-01,51,109192.5794406928,100.0,21769.271874688,9.080252479999999,0.0,0.0,93.552322,52.665604,1.0,3078.510275000008,281.48899999999776,0.0
2012-11-01,52,91738.2529906928,94.959816,21831.099874688,8.307239615999999,0.0,0.0,93.951424,50.0,1.0,2925.4760755968164,257.52349958399645,0.0
2012-11-01,53,152523.68139379518,100.0,28104.560249791997,9.675063424,0.0,0.0,107.295425,92.818169,1.0,3074.5037187951675,299.926249791999,0.0
2012-11-01,54,57449.8183127984,57.010017,19320.707249792,19.227797888,0.0,0.0,68.262932,50.0,1.0,1660.4053781023977,596.0613751040037,0.0
2012-11-01,55,151052.9358906928,100.0,26966.489874688,9.651502848,0.0,0.0,118.956932,102.268005,1.0,3074.6622718976287,299.19662489599796,0.0
2012-11-01,56,35798.5299588912,13.640597,13920.271624895999,5.428555392,0.0,0.0,55.43248,50.0,1.0,391.69839299040177,168.28499999999985,0.0
2012-11-01,6,161207.69347189757,80.0,20772.831624895996,4.912856,0.0,0.0,180.792953,169.438568,1.0,2478.648418795172,152.29824979199475,0.0
2012-11-01,7,10323.4740913328,0.0,2367.8959690879997,0.0,100.0,217149.765625,265.535095,284.631989,1.0,0.0,0.0,3100.0
2012-11-01,9,59897.584303310396,47.048309,24276.520125312,15.78784896,0.0,0.0,74.891068,50.0,1.0,1370.8092440031978,489.42399999999907,0.0
2012-12-01,1,45534.61119982239,46.636356,8.276771776,0.027712255999999998,0.0,0.0,119.5056,50.0,1.0,1416.8175333999898,0.831358528,0.0
2012-12-01,12,156448.4195031024,100.0,17089.954375104004,4.343705599999999,0.0,0.0,129.019531,96.396042,1.0,3010.082553102402,130.31037510400347,0.0
2012-12-01,13,16361.5769856208,0.0,4763.04034336,0.0,280.614044,405730.375,271.546112,300.0,1.0,0.0,0.0,8418.4375
2012-12-01,14,155120.3040812048,100.0,34431.01675020801,14.460972031999999,0.0,0.0,104.037292,79.599899,1.0,2944.125512409606,433.82950041601,0.0
2012-12-01,15,2650.377862456,0.0,1080.0747343360001,0.0,150.0,210150.0,157.991669,172.004456,1.0,0.0,0.0,4500.0
2012-12-01,16,159502.59401879518,100.0,18238.314249792,3.033102592,0.0,0.0,166.008881,148.311356,1.0,3018.6264125904127,90.9934995840049,0.0
2012-12-01,17,92219.4073812048,100.0,33981.203750208006,19.470549696000003,0.0,0.0,125.873184,68.860687,1.0,2911.467100000009,584.1160000000018,0.0
2012-12-01,19,0.0,0.0,0.0,0.0,150.0,278650.0,229.891968,250.573425,1.0,0.0,0.0,4500.0
2012-12-01,2,19695.628620048003,0.0,5306.085687551999,0.0,100.0,211650.0,179.59758,205.322968,1.0,0.0,0.0,3000.0
2012-12-01,20,160123.01310310242,100.0,15383.288375104,4.410721536,0.0,0.0,121.283424,88.819328,1.0,3009.645384307223,132.32212531199912,0.0
2012-12-01,21,3693.2081635967997,0.0,950.0383751040001,0.0,150.0,239000.0,170.484177,190.106018,1.0,0.0,0.0,4500.0
2012-12-01,22,85424.8386625904,63.709969,38071.208499584005,20.213721216000003,0.0,0.0,91.021294,50.0,1.0,1803.98370018079,606.4109991680089,0.0
2012-12-01,23,94480.29845,73.551575,14338.922,10.727064192,0.0,0.0,71.935127,50.0,1.0,2164.8585062047932,321.81175020799856,0.0
2012-12-01,24,17359.134568899204,0.0,3296.853624896,0.0,150.0,264900.0,146.834183,158.205017,1.0,0.0,0.0,4500.0
2012-12-01,25,154017.23471879517,100.0,46512.80724979199,17.543000384,0.0,0.0,175.317703,136.966049,1.0,2924.0334062047477,526.2887502079902,0.0
2012-12-01,26,11469.072694115199,0.0,2419.039796992,0.0,200.0,235900.0,176.060333,190.743576,1.0,0.0,0.0,6000.0
2012-12-01,27,155472.8048187952,100.0,41799.982249791996,18.8249568,0.0,0.0,119.427895,100.648567,1.0,2915.675643795199,564.7492497919957,0.0
2012-12-01,28,16197.7439393632,0.0,8189.129812864,0.0,200.0,294610.0,220.135284,255.263382,1.0,0.0,0.0,6000.0
2012-12-01,29,155757.4433624096,100.0,46944.007500415995,15.009204288000001,0.0,0.0,108.664284,57.016079,1.0,2940.5511812047916,450.27775020799163,0.0
2012-12-01,3,172197.54068740958,100.0,49543.227500416,12.50788864,0.0,0.0,104.20266,75.786446,1.0,2956.8577874095936,375.2385004159951,0.0
2012-12-01,30,161939.77464999998,100.0,71692.933,20.799323584,0.0,0.0,175.783966,123.315437,1.0,2902.804237409582,623.9805004160153,0.0
2012-12-01,31,184981.1160187952,100.0,35406.179249791996,10.758309952,0.0,0.0,125.442017,108.849113,1.0,2968.2644313856435,322.7477493760016,0.0
2012-12-01,32,17089.8692130064,0.0,4182.295,0.0,300.0,423350.0,207.969498,240.486572,1.0,0.0,0.0,9000.0
2012-12-01,33,153911.622425,100.0,43759.352,16.640094016,0.0,0.0,133.192535,113.386383,1.0,2929.9192937952175,499.2032497919936,0.0
2012-12-01,34,10489.494538022398,0.0,4413.073843776001,0.0,150.0,292350.0,153.07486,170.706375,1.0,0.0,0.0,4500.0
2012-12-01,35,99386.1072068016,71.085396,15542.088249792003,5.295548544,0.0,0.0,117.189087,50.0,1.0,2125.3363875904033,158.8664995840045,0.0
2012-12-01,36,8973.8223096576,0.0,4027.040062656,0.0,150.0,237450.0,179.834747,230.451416,1.0,0.0,0.0,4500.0
2012-12-01,37,14834.4426593072,0.0,2577.531125312,0.0,300.0,316800.0,199.29834,218.890533,1.0,0.0,0.0,9000.0
2012-12-01,38,67642.9105468976,52.047092,14708.097624896,4.278986816,0.0,0.0,109.122398,50.0,1.0,1553.5043464816117,128.3701244799995,0.0
2012-12-01,4,9849.573744824,0.0,4149.151093568,0.0,250.0,415264.625,189.162369,236.890549,1.0,0.0,0.0,7500.0
2012-12-01,40,165415.1333812048,100.0,33441.924750208,18.732008256,0.0,0.0,126.110306,111.369263,1.0,2916.2816062048078,561.9607502080034,0.0
2012-12-01,41,14138.352450470398,0.0,6562.228156224,0.0,300.0,380500.0,235.652832,280.117096,1.0,0.0,0.0,9000.0
2012-12-01,42,23355.4977690032,0.0,8677.292,0.0,200.0,266500.0,133.915573,155.173798,1.0,0.0,0.0,6000.0
2012-12-01,43,175051.18162810238,100.0,17063.447375104002,4.140327360000001,0.0,0.0,228.632431,214.049042,1.0,3011.4085374095885,124.20850041600352,0.0
2012-12-01,44,152421.7108875904,100.0,51034.678499584006,17.278941056,0.0,0.0,110.526276,76.44236,1.0,2925.754537590401,518.3684995840085,0.0
2012-12-01,45,168340.4070437952,100.0,40125.153249792,16.85206848,0.0,0.0,179.805374,117.932976,1.0,2928.537868795189,505.5602497919972,0.0
2012-12-01,47,171877.94465620478,80.0,32799.516750208,10.889086208,0.0,0.0,203.484299,190.022964,1.0,2359.7319874095847,326.67050041600305,0.0
2012-12-01,48,161061.49382499998,100.0,37294.153,16.372180032000003,0.0,0.0,110.120644,71.78772,1.0,2931.6665562047856,491.16275020800094,0.0
2012-12-01,49,101991.79535,87.513931,23335.247,9.979196864,0.0,0.0,110.365112,50.0,1.0,2593.9627911088173,299.37537510400216,0.0
2012-12-01,50,55056.497175,35.904335,24361.077,10.604622912,0.0,0.0,96.321609,50.0,1.0,1021.7820497919893,318.1392497920024,0.0
2012-12-01,51,112173.31377499999,100.0,22034.636,8.845508672,0.0,0.0,93.973038,53.344559,1.0,2980.7343343071843,265.3641253120004,0.0
2012-12-01,52,94608.4485818016,96.201393,22074.003249792004,8.09674944,0.0,0.0,94.181709,50.0,1.0,2870.1955911088007,242.90337510400423,0.0
2012-12-01,53,155501.71043740958,100.0,28382.373500415997,9.260452864000001,0.0,0.0,111.758476,97.276428,1.0,2978.0290436143987,277.8132506239999,0.0
2012-12-01,54,59209.489318795204,62.500759,19961.958249792002,21.374996032,0.0,0.0,69.622368,50.0,1.0,1759.6710059968027,641.2510000000002,0.0
2012-12-01,55,154029.9281593072,100.0,27249.074125312,9.419464704,0.0,0.0,123.485832,106.793503,1.0,2976.9922686143836,282.58425062400056,0.0
2012-12-01,56,36183.942471300805,13.862447,14084.949125312,5.489263104000001,0.0,0.0,55.515068,50.0,1.0,385.41251240960264,164.67750041600084,0.0
2012-12-01,6,163605.93797810242,80.0,20922.276375104004,4.981500992,0.0,0.0,184.509659,173.055832,1.0,2398.24450620485,149.44475020800746,0.0
2012-12-01,7,10323.4740913328,0.0,2367.8959690879997,0.0,100.0,220149.765625,264.627197,283.74054,1.0,0.0,0.0,3000.0
2012-12-01,9,61250.21613120479,47.922379,24752.555750207997,15.867853248,0.0,0.0,75.295975,50.0,1.0,1352.6318278943945,476.0356248959979,0.0
2013-01-01,1,47018.6730121808,47.273918,9.145013696,0.028007616,0.0,0.0,120.473038,50.0,1.0,1484.0618123584063,0.8682419199999991,0.0
2013-01-01,12,159559.1051156928,100.0,17223.379874688,4.304059136,0.0,0.0,130.286438,97.730286,1.0,3110.6856125904014,133.42549958399468,0.0
2013-01-01,13,16361.5769856208,0.0,4763.04034336,0.0,274.522034,414240.5625,272.297455,300.0,1.0,0.0,0.0,8510.1875
2013-01-01,14,158164.3903187952,100.0,34870.91724979199,14.190272512,0.0,0.0,105.453674,81.081268,1.0,3044.0862375903816,439.90049958398595,0.0
2013-01-01,15,2650.377862456,0.0,1080.0747343360001,0.0,150.0,214800.0,160.837418,174.782318,1.0,0.0,0.0,4650.0
2013-01-01,16,162622.3768375904,100.0,18329.876499584,2.953599168,0.0,0.0,167.118866,149.385132,1.0,3119.782818795211,91.5622497919976,0.0
2013-01-01,17,95230.75186879518,100.0,34571.774249792,19.05069088,0.0,0.0,127.397781,70.934723,1.0,3011.3444875903806,590.5704995839915,0.0
2013-01-01,19,0.0,0.0,0.0,0.0,150.0,283300.0,230.218521,250.850128,1.0,0.0,0.0,4650.0
2013-01-01,2,19695.628620048003,0.0,5306.085687551999,0.0,100.0,214750.0,178.918396,204.625809,1.0,0.0,0.0,3100.0
2013-01-01,20,163233.79935620478,100.0,15516.250750207997,4.289125567999999,0.0,0.0,121.934998,89.681389,1.0,3110.7862531023566,132.96237510399624,0.0
2013-01-01,21,3693.2081635967997,0.0,950.0383751040001,0.0,150.0,243650.0,171.00444,190.591919,1.0,0.0,0.0,4650.0
2013-01-01,22,87299.6684818016,63.996143,38689.901249792,19.957821312,0.0,0.0,91.132141,50.0,1.0,1874.829819211198,618.6927502079925,0.0
2013-01-01,23,96758.7169931984,74.893494,14674.825750207998,10.835573632,0.0,0.0,72.454613,50.0,1.0,2278.4185431983933,335.9037502079973,0.0
2013-01-01,24,17359.134568899204,0.0,3296.853624896,0.0,150.0,269550.0,148.664642,160.059631,1.0,0.0,0.0,4650.0
2013-01-01,25,157041.05723120482,100.0,47045.956750208,17.198291968,0.0,0.0,175.712509,137.523285,1.0,3023.82251240965,533.1495004160097,0.0
2013-01-01,26,11469.072694115199,0.0,2419.039796992,0.0,200.0,242100.0,179.129318,193.74173,1.0,0.0,0.0,6200.0
2013-01-01,27,158487.30130000002,100.0,42376.048,18.582848128,0.0,0.0,121.830116,103.043053,1.0,3014.496481204813,576.0657502080066,0.0
2013-01-01,28,16197.7439393632,0.0,8189.129812864,0.0,210.0,301120.0,223.329834,260.087311,1.0,0.0,0.0,6510.0
2013-01-01,29,158798.5767687952,100.0,47397.49624979199,14.628772288,0.0,0.0,109.399834,57.929546,1.0,3041.1334063856048,453.4887493759961,0.0
2013-01-01,3,175255.9362562048,100.0,49917.27975020801,12.066252224,0.0,0.0,105.160088,76.964622,1.0,3058.395568795211,374.0522497920101,0.0
2013-01-01,30,164941.80935,100.0,72326.345,20.432603776,0.0,0.0,176.121185,123.863693,1.0,3002.0347000000183,633.4119999999966,0.0
2013-01-01,31,188049.7769312048,100.0,35732.992750208,10.542401792,0.0,0.0,128.111557,111.502647,1.0,3068.6609124095994,326.8135004160067,0.0
2013-01-01,32,17089.8692130064,0.0,4182.295,0.0,300.0,432650.0,208.510162,240.898865,1.0,0.0,0.0,9300.0
2013-01-01,33,156941.1719187952,100.0,44266.147249792,16.348214272,0.0,0.0,136.499695,116.68795,1.0,3029.5494937952026,506.7952497919978,0.0
2013-01-01,34,10489.494538022398,0.0,4413.073843776001,0.0,150.0,297000.0,154.438919,172.029175,1.0,0.0,0.0,4650.0
2013-01-01,35,101581.6318281024,71.047104,15703.738375104002,5.214498432,0.0,0.0,116.918495,50.0,1.0,2195.5246213008068,161.65012531199864,0.0
2013-01-01,36,8973.8223096576,0.0,4027.040062656,0.0,150.0,242100.0,179.341049,229.838516,1.0,0.0,0.0,4650.0
2013-01-01,37,14834.4426593072,0.0,2577.531125312,0.0,300.0,326100.0,203.852692,223.327942,1.0,0.0,0.0,9300.0
2013-01-01,38,69251.6588786992,52.139042,14838.074874688002,4.192838208,0.0,0.0,109.092361,50.0,1.0,1608.748331801602,129.9772497920021,0.0
2013-01-01,4,9849.573744824,0.0,4149.151093568,0.0,250.0,423014.625,189.927017,237.544891,1.0,0.0,0.0,7750.0
2013-01-01,40,168429.4893187952,100.0,34018.637249791995,18.603643968,0.0,0.0,128.82988,113.975487,1.0,3014.355937590415,576.7124995839913,0.0
2013-01-01,41,14138.352450470398,0.0,6562.228156224,0.0,300.0,389800.0,235.649612,279.970734,1.0,0.0,0.0,9300.0
2013-01-01,42,23355.4977690032,0.0,8677.292,0.0,200.0,272700.0,134.636902,155.807861,1.0,0.0,0.0,6200.0
2013-01-01,43,178161.8499375904,100.0,17196.952499584,4.3066133760000005,0.0,0.0,229.619232,214.876114,1.0,3110.6683094880136,133.5051244799979,0.0
2013-01-01,44,155447.67686879518,100.0,51557.96424979199,16.880170112,0.0,0.0,111.971176,78.220192,1.0,3025.9659812047903,523.285750207986,0.0
2013-01-01,45,171366.53475620478,100.0,40647.69475020801,16.856127807999997,0.0,0.0,180.063477,118.151741,1.0,3026.127712409594,522.5415004160095,0.0
2013-01-01,47,174618.53304999997,90.0,33191.236,12.636133119999998,0.0,0.0,203.755035,188.547058,1.0,2740.5883937951876,391.71924979199684,0.0
2013-01-01,48,164092.5222062048,100.0,37794.142750208004,16.128707712,0.0,0.0,110.85495,72.766273,1.0,3031.0283812048147,499.9897502080057,0.0
2013-01-01,49,104710.2812630064,88.707794,23641.995,9.895085824,0.0,0.0,110.834755,50.0,1.0,2718.4859130063996,306.7479999999996,0.0
2013-01-01,50,56108.2721026864,35.735138,24684.092874687998,10.419878144,0.0,0.0,96.037628,50.0,1.0,1051.7749276864051,323.015874687997,0.0
2013-01-01,51,115254.91459999999,100.0,22301.903,8.621512639999999,0.0,0.0,94.359329,54.005424,1.0,3081.6008250000014,267.2669999999998,0.0
2013-01-01,52,97614.0603,97.423119,22318.647,7.891712192000001,0.0,0.0,94.397377,50.0,1.0,3005.611718198401,244.64375020799707,0.0
2013-01-01,53,158581.3041,100.0,28658.877,8.919452672000002,0.0,0.0,115.870163,101.354866,1.0,3079.5936625904287,276.5034995840033,0.0
2013-01-01,54,61175.0288656928,67.58815,20682.198874687998,23.233565888,0.0,0.0,70.829727,50.0,1.0,1965.5395468975985,720.240624895996,0.0
2013-01-01,55,157106.8257125904,100.0,27537.984499584003,9.319665472,0.0,0.0,127.462738,110.696678,1.0,3076.8975532831973,288.91037427200354,0.0
2013-01-01,56,36589.132934099194,14.097172,14257.124375104,5.5540367999999996,0.0,0.0,55.602558,50.0,1.0,405.1904627983895,172.1752497920006,0.0
2013-01-01,6,166702.6320718976,100.0,21120.087624895998,6.381010687999999,0.0,0.0,183.459671,167.975128,1.0,3096.694093795173,197.81124979199376,0.0
2013-01-01,7,10323.4740913328,0.0,2367.8959690879997,0.0,100.0,223249.765625,263.939026,283.059601,1.0,0.0,0.0,3100.0
2013-01-01,9,62675.26250620479,48.809612,25246.854750207996,15.945161855999999,0.0,0.0,75.568176,50.0,1.0,1425.046374999998,494.29899999999907,0.0
2013-02-01,1,48440.749033747205,45.29953,9.991667712,0.027311232,0.0,0.0,117.644989,50.0,1.0,1422.076021566405,0.8466540160000005,0.0
2013-02-01,12,162668.9538218976,100.0,17360.656624895997,4.428285056,0.0,0.0,125.275467,92.870651,1.0,3109.8487062047934,137.2767502079987,0.0
2013-02-01,13,16361.5769856208,0.0,4763.04034336,0.0,250.0,421990.5625,267.66629,292.744049,1.0,0.0,0.0,7750.0
2013-02-01,14,161210.1291812048,100.0,35303.212750208004,13.945002239999999,0.0,0.0,106.867203,82.513351,1.0,3045.7388624096056,432.2955004160103,0.0
2013-02-01,15,2650.377862456,0.0,1080.0747343360001,0.0,100.0,217900.0,156.641861,165.890549,1.0,0.0,0.0,3100.0
2013-02-01,16,165741.70553759037,100.0,18423.528499584,3.021052736,0.0,0.0,161.388931,143.461441,1.0,3119.3286999999837,93.65200000000186,0.0
2013-02-01,17,98243.070275,100.0,35157.863,18.906140032,0.0,0.0,124.76445,68.073372,1.0,3012.318406204824,586.0887502080004,0.0
2013-02-01,19,0.0,0.0,0.0,0.0,150.0,287950.0,230.641403,251.222931,1.0,0.0,0.0,4650.0
2013-02-01,2,19695.628620048003,0.0,5306.085687551999,0.0,100.0,217850.0,178.68898,204.375656,1.0,0.0,0.0,3100.0
2013-02-01,20,166344.9510937952,100.0,15647.531249792002,4.234847552,0.0,0.0,114.606667,83.182564,1.0,3111.151737590437,131.28049958400516,0.0
2013-02-01,21,3693.2081635967997,0.0,950.0383751040001,0.0,100.0,246750.0,155.402267,168.125793,1.0,0.0,0.0,3100.0
2013-02-01,22,89197.1571380064,64.687469,39304.2,19.816064320000002,0.0,0.0,91.468071,50.0,1.0,1897.488656204805,614.2987502079995,0.0
2013-02-01,23,99077.7202437952,76.208282,15013.963249792003,10.939926400000001,0.0,0.0,72.453629,50.0,1.0,2319.0032505967974,339.1374995840051,0.0
2013-02-01,24,17359.134568899204,0.0,3296.853624896,0.0,200.0,275750.0,156.993744,172.865662,1.0,0.0,0.0,6200.0
2013-02-01,25,160067.12138120478,100.0,47568.790750208005,16.865615936,0.0,0.0,176.133942,138.09877,1.0,3026.064149999962,522.8340000000026,0.0
2013-02-01,26,11469.072694115199,0.0,2419.039796992,0.0,200.0,248300.0,180.142227,194.691757,1.0,0.0,0.0,6200.0
2013-02-01,27,161506.05646879517,100.0,42932.516249791996,17.950523136,0.0,0.0,123.973778,105.375351,1.0,3018.755168795149,556.468249791993,0.0
2013-02-01,28,16197.7439393632,0.0,8189.129812864,0.0,210.0,307630.0,224.864487,261.47818,1.0,0.0,0.0,6510.0
2013-02-01,29,161841.8642375904,100.0,47841.07249958401,14.308845824,0.0,0.0,105.088791,54.227612,1.0,3043.287468795199,443.576249792015,0.0
2013-02-01,3,178317.998675,100.0,50274.458,11.5218688,0.0,0.0,107.181183,79.315208,1.0,3062.06241879522,357.17824979199213,0.0
2013-02-01,30,167946.1873874096,100.0,72948.97350041602,20.084828608,0.0,0.0,176.491577,124.429207,1.0,3004.378037409595,622.6285004160163,0.0
2013-02-01,31,191120.9196062048,100.0,36048.385750208006,10.173874880000001,0.0,0.0,129.581909,113.307014,1.0,3071.14267500001,315.39300000000367,0.0
2013-02-01,32,17089.8692130064,0.0,4182.295,0.0,250.0,440400.0,199.400604,226.283524,1.0,0.0,0.0,7750.0
2013-02-01,33,159971.5456062048,100.0,44769.149750208,16.225875328,0.0,0.0,137.228943,117.44973,1.0,3030.373687409592,503.0025004160052,0.0
2013-02-01,34,10489.494538022398,0.0,4413.073843776001,0.0,150.0,301650.0,157.033615,174.595657,1.0,0.0,0.0,4650.0
2013-02-01,35,103778.0241906928,71.058334,15863.033874688,5.138560128,0.0,0.0,116.692482,50.0,1.0,2196.392362590399,159.29549958399912,0.0
2013-02-01,36,8973.8223096576,0.0,4027.040062656,0.0,150.0,246750.0,178.93132,229.313416,1.0,0.0,0.0,4650.0
2013-02-01,37,14834.4426593072,0.0,2577.531125312,0.0,300.0,335400.0,207.760376,227.110291,1.0,0.0,0.0,9300.0
2013-02-01,38,70866.2035869936,52.306858,14965.665,4.115813312,0.0,0.0,109.100983,50.0,1.0,1614.5447082943865,127.59012531199915,0.0
2013-02-01,4,9849.573744824,0.0,4149.151093568,0.0,200.0,429214.625,178.05571,216.135498,1.0,0.0,0.0,6200.0
2013-02-01,40,171448.5291062048,100.0,34573.795750208,17.908382336000003,0.0,0.0,131.19928,116.60183,1.0,3019.0397874095943,555.1585004160079,0.0
2013-02-01,41,14138.352450470398,0.0,6562.228156224,0.0,300.0,399100.0,235.628113,279.812836,1.0,0.0,0.0,9300.0
2013-02-01,42,23355.4977690032,0.0,8677.292,0.0,200.0,278900.0,135.357605,156.443481,1.0,0.0,0.0,6200.0
2013-02-01,43,181270.5107312048,100.0,17339.695750207997,4.604626624,0.0,0.0,226.588348,211.663406,1.0,3108.660793614399,142.74325062399657,0.0
2013-02-01,44,158476.20159379518,100.0,52069.475249792,16.500394559999997,0.0,0.0,113.371124,79.935028,1.0,3028.5247249999957,511.5110000000059,0.0
2013-02-01,45,174392.54735,100.0,41170.766,16.873260352,0.0,0.0,180.119827,118.188087,1.0,3026.0125937952253,523.0712497919958,0.0
2013-02-01,47,177354.5138687952,90.0,33604.158249791995,13.3199872,0.0,0.0,201.093491,185.5112,1.0,2735.980818795244,412.9222497919982,0.0
2013-02-01,48,167126.464575,100.0,38280.723,15.696135104,0.0,0.0,113.056213,75.512787,1.0,3033.942368795193,486.580249791994,0.0
2013-02-01,49,107298.9468776864,84.461205,23932.575874688,9.373571583999999,0.0,0.0,108.2957,50.0,1.0,2588.665614679994,290.5808746879993,0.0
2013-02-01,50,57158.0238466896,35.636444,25002.163874687998,10.260349631999999,0.0,0.0,95.839539,50.0,1.0,1049.7517440031952,318.0709999999999,0.0
2013-02-01,51,118337.9265125904,100.0,22562.676499584002,8.41202336,0.0,0.0,94.712875,54.63298,1.0,3083.0119125904166,260.77349958400373,0.0
2013-02-01,52,100657.7041562048,98.591751,22557.115750208,7.692574655999999,0.0,0.0,93.310913,50.0,1.0,3043.643856204799,238.4687502079978,0.0
2013-02-01,53,161662.8667874096,100.0,28926.319500415997,8.627219327999999,0.0,0.0,119.462189,104.875755,1.0,3081.562687409605,267.4425004159966,0.0
2013-02-01,54,63272.82601509599,72.151978,21453.196375104002,24.870926911999998,0.0,0.0,71.885963,50.0,1.0,2097.797149403188,770.9975004160042,0.0
2013-02-01,55,160183.8782874096,100.0,27826.181500415994,9.296773824,0.0,0.0,130.700348,113.798874,1.0,3077.052574819216,288.1970008319913,0.0
2013-02-01,56,37001.271630996795,14.332587,14431.352,5.620217407999999,0.0,0.0,55.690639,50.0,1.0,412.1386968976003,174.22762489600063,0.0
2013-02-01,6,169796.1155531024,100.0,21332.673375104,6.857583616,0.0,0.0,179.050171,162.883865,1.0,3093.4834812048066,212.58575020800345,0.0
2013-02-01,7,10323.4740913328,0.0,2367.8959690879997,0.0,100.0,226349.765625,263.163574,282.284027,1.0,0.0,0.0,3100.0
2013-02-01,9,64127.293205788796,49.684723,25743.435249792,16.01871232,0.0,0.0,75.584129,50.0,1.0,1452.0306995840074,496.58049958400443,0.0
2013-03-01,1,49673.964350923205,43.492352,10.734599615999999,0.026533312000000003,0.0,0.0,115.010284,50.0,1.0,1233.215317176,0.7429319039999989,0.0
2013-03-01,12,165477.5251562048,100.0,17486.140750207996,4.481524735999999,0.0,0.0,121.273003,88.917305,1.0,2808.5713343071984,125.48412531199938,0.0
2013-03-01,13,16361.5769856208,0.0,4763.04034336,0.0,250.0,428990.5625,264.010651,289.008026,1.0,0.0,0.0,7000.0
2013-03-01,14,163962.3972062048,100.0,35687.791750208,13.735053696000001,0.0,0.0,108.026413,83.702484,1.0,2752.2680249999976,384.5789999999979,0.0
2013-03-01,15,2650.377862456,0.0,1080.0747343360001,0.0,100.0,220700.0,157.372025,166.599152,1.0,0.0,0.0,2800.0
2013-03-01,16,168559.5562906928,100.0,18506.310874688,2.9565078399999996,0.0,0.0,157.477539,139.580643,1.0,2817.8507531024225,82.78237510399777,0.0
2013-03-01,17,100964.71035620481,100.0,35683.384750208,18.768542208000003,0.0,0.0,121.964188,64.884567,1.0,2721.6400812048087,525.521750208005,0.0
2013-03-01,19,0.0,0.0,0.0,0.0,150.0,292150.0,231.062317,251.59874,1.0,0.0,0.0,4200.0
2013-03-01,2,19695.628620048003,0.0,5306.085687551999,0.0,100.0,220650.0,178.763519,204.41954,1.0,0.0,0.0,2800.0
2013-03-01,20,169155.02391569281,100.0,15766.105874688,4.234786816,0.0,0.0,109.183884,78.094894,1.0,2810.0728218976,118.57462489599857,0.0
2013-03-01,21,3693.2081635967997,0.0,950.0383751040001,0.0,100.0,249550.0,148.770172,161.553741,1.0,0.0,0.0,2800.0
2013-03-01,22,90935.4547937952,65.534431,39857.10624979199,19.746665536000002,0.0,0.0,91.889275,50.0,1.0,1738.2976557888032,552.9062497919949,0.0
2013-03-01,23,101204.54056610879,77.364738,15322.825375104001,11.030784127999999,0.0,0.0,72.662674,50.0,1.0,2126.8203223135934,308.86212531199817,0.0
2013-03-01,24,17359.134568899204,0.0,3296.853624896,0.0,200.0,281350.0,159.929749,175.699478,1.0,0.0,0.0,5600.0
2013-03-01,25,162802.1018187952,100.0,48032.923249791995,16.576198079999998,0.0,0.0,176.529388,138.627441,1.0,2734.9804375904205,464.13249958398956,0.0
2013-03-01,26,11469.072694115199,0.0,2419.039796992,0.0,200.0,253900.0,181.166031,195.667816,1.0,0.0,0.0,5600.0
2013-03-01,27,164235.1941,100.0,43423.536,17.536465024,0.0,0.0,125.891495,107.372749,1.0,2729.1376312048233,491.01975020800455,0.0
2013-03-01,28,16197.7439393632,0.0,8189.129812864,0.0,210.0,313510.0,225.831833,262.317047,1.0,0.0,0.0,5880.0
2013-03-01,29,164592.20419999998,100.0,48234.524,14.051819392,0.0,0.0,100.843353,50.334187,1.0,2750.3399624095764,393.4515004159912,0.0
2013-03-01,3,181086.3910937952,100.0,50584.836249791995,11.084874112000001,0.0,0.0,109.033974,81.43483,1.0,2768.392418795178,310.3782497919965,0.0
2013-03-01,30,170661.641425,100.0,73502.962,19.785340224,0.0,0.0,176.845169,124.94899,1.0,2715.454037590418,553.988499583982,0.0
2013-03-01,31,193896.0079812048,100.0,36327.95075020801,9.984531648,0.0,0.0,131.265762,115.110352,1.0,2775.088374999992,279.5650000000023,0.0
2013-03-01,32,17089.8692130064,0.0,4182.295,0.0,250.0,447400.0,195.250046,222.105423,1.0,0.0,0.0,7000.0
2013-03-01,33,162710.4330187952,100.0,45215.30324979199,15.934097920000001,0.0,0.0,138.204239,118.465698,1.0,2738.887412590382,446.1534995839902,0.0
2013-03-01,34,10489.494538022398,0.0,4413.073843776001,0.0,150.0,305850.0,159.130035,176.650101,1.0,0.0,0.0,4200.0
2013-03-01,35,105763.93453430719,71.117889,16005.114125311999,5.07431392,0.0,0.0,116.534859,50.0,1.0,1985.9103436143923,142.08025062399793,0.0
2013-03-01,36,8973.8223096576,0.0,4027.040062656,0.0,150.0,250950.0,178.641083,228.921722,1.0,0.0,0.0,4200.0
2013-03-01,37,14834.4426593072,0.0,2577.531125312,0.0,300.0,343800.0,210.786774,230.027481,1.0,0.0,0.0,8400.0
2013-03-01,38,72331.0108968976,52.523159,15079.169624896,4.053726976,0.0,0.0,109.129425,50.0,1.0,1464.8073099040048,113.50462489599886,0.0
2013-03-01,4,9849.573744824,0.0,4149.151093568,0.0,200.0,434814.625,173.20578,211.238358,1.0,0.0,0.0,5600.0
2013-03-01,40,174177.7755,100.0,35064.315,17.518523776,0.0,0.0,133.093826,118.576843,1.0,2729.2463937951834,490.51924979199975,0.0
2013-03-01,41,14138.352450470398,0.0,6562.228156224,0.0,300.0,407500.0,235.603958,279.670349,1.0,0.0,0.0,8400.0
2013-03-01,42,23355.4977690032,0.0,8677.292,0.0,200.0,284500.0,135.981018,156.991577,1.0,0.0,0.0,5600.0
2013-03-01,43,184358.42115,110.0,17484.714,5.179185856,0.0,0.0,222.224396,206.012192,1.0,3087.910418795218,145.0182497920032,0.0
2013-03-01,44,161213.61294379522,100.0,52522.421249791994,16.176630912,0.0,0.0,114.537636,81.346291,1.0,2737.4113500000385,452.9459999999963,0.0
2013-03-01,45,177125.56653120482,100.0,41643.92375020801,16.898546495999998,0.0,0.0,180.040329,118.079819,1.0,2733.0191812048142,473.15775020800356,0.0
2013-03-01,47,179823.5340687952,90.0,33987.190249791995,13.679751487999997,0.0,0.0,197.823685,181.990631,1.0,2469.020199999999,383.03199999999924,0.0
2013-03-01,48,169868.1084812048,100.0,38714.191750208,15.480984896,0.0,0.0,114.912041,77.642433,1.0,2741.6439062048157,433.4687502080051,0.0
2013-03-01,49,109512.8531156928,79.965286,24180.043874688,8.838132159999999,0.0,0.0,105.795639,50.0,1.0,2213.906238006399,247.46800000000076,0.0
2013-03-01,50,58106.000187798396,35.602921,25285.939249792,10.13480416,0.0,0.0,95.734421,50.0,1.0,947.9763411087988,283.7753751040036,0.0
2013-03-01,51,121123.6725531024,100.0,22793.197375104002,8.232870464,0.0,0.0,95.004211,55.166355,1.0,2785.7460405119928,230.52087552000012,0.0
2013-03-01,52,103436.84443430719,99.614395,22767.714125312,7.521376512,0.0,0.0,92.353683,50.0,1.0,2779.1402781023935,210.5983751040003,0.0
2013-03-01,53,164447.6357312048,100.0,29161.336750208,8.393475583999999,0.0,0.0,122.276596,107.630066,1.0,2784.7689437951776,235.01724979200299,0.0
2013-03-01,54,65267.223465692805,75.95295,22187.195874688,26.214261632,0.0,0.0,72.752258,50.0,1.0,1994.3974505968145,733.9994995839988,0.0
2013-03-01,55,162963.4096812048,100.0,28085.300750208,9.254239488000001,0.0,0.0,133.187485,116.157288,1.0,2779.531393795187,259.1192497920056,0.0
2013-03-01,56,37379.1194781024,14.542936,14590.405375104001,5.680510784,0.0,0.0,55.769501,50.0,1.0,377.8478471056078,159.05337510400022,0.0
2013-03-01,6,172588.34390930718,100.0,21533.364125312,7.167572672,0.0,0.0,175.810547,159.145828,1.0,2792.2283562047814,200.69075020799937,0.0
2013-03-01,7,10323.4740913328,0.0,2367.8959690879997,0.0,100.0,229149.765625,262.416382,281.53067,1.0,0.0,0.0,2800.0
2013-03-01,9,65460.543788006406,50.464752,26193.726,16.081793728,0.0,0.0,75.500679,50.0,1.0,1333.25058221761,450.2907502079979,0.0
2013-04-01,1,50985.214668185596,41.768929,11.468677376,0.023679552,0.0,0.0,112.515045,50.0,1.0,1311.250317262391,0.7340777600000017,0.0
2013-04-01,12,168586.9162124096,100.0,17625.523500416,4.49626944,0.0,0.0,117.582092,85.294395,1.0,3109.3910562047968,139.3827502080021,0.0
2013-04-01,13,16361.5769856208,0.0,4763.04034336,0.0,250.0,436740.5625,260.471344,285.416199,1.0,0.0,0.0,7750.0
2013-04-01,14,167011.1206812048,100.0,36106.352750208,13.50195392,0.0,0.0,109.180977,84.897446,1.0,3048.723475000006,418.5610000000015,0.0
2013-04-01,15,2650.377862456,0.0,1080.0747343360001,0.0,100.0,223800.0,158.861252,168.067322,1.0,0.0,0.0,3100.0
2013-04-01,16,171679.98356240962,100.0,18594.907500416,2.857944128,0.0,0.0,153.924591,136.126144,1.0,3120.4272717168205,88.59662572800153,0.0
2013-04-01,17,103979.54583759041,100.0,36257.890499584006,18.53251712,0.0,0.0,119.121071,61.556637,1.0,3014.8354813855985,574.5057493760032,0.0
2013-04-01,19,0.0,0.0,0.0,0.0,150.0,296800.0,231.552063,252.039078,1.0,0.0,0.0,4650.0
2013-04-01,2,19695.628620048003,0.0,5306.085687551999,0.0,100.0,223750.0,179.050247,204.659531,1.0,0.0,0.0,3100.0
2013-04-01,20,172266.11738759038,100.0,15897.654499584001,4.243498688,0.0,0.0,104.709099,73.835861,1.0,3111.0934718975623,131.54862489600055,0.0
2013-04-01,21,3693.2081635967997,0.0,950.0383751040001,0.0,100.0,252650.0,143.622375,156.448425,1.0,0.0,0.0,3100.0
2013-04-01,22,92893.0208255968,66.574738,40467.628499584,19.694225407999998,0.0,0.0,92.403992,50.0,1.0,1957.5660318016016,610.5222497920113,0.0
2013-04-01,23,103596.98040310238,78.587074,15667.676375104002,11.124265152,0.0,0.0,72.961983,50.0,1.0,2392.4398369935952,344.85100000000057,0.0
2013-04-01,24,17359.134568899204,0.0,3296.853624896,0.0,200.0,287550.0,162.281082,177.973572,1.0,0.0,0.0,6200.0
2013-04-01,25,165832.1831187952,100.0,48537.27124979199,16.269334848,0.0,0.0,176.980637,139.220322,1.0,3030.0812999999907,504.34799999999814,0.0
2013-04-01,26,11469.072694115199,0.0,2419.039796992,0.0,200.0,260100.0,182.516327,196.969009,1.0,0.0,0.0,6200.0
2013-04-01,27,167258.9481062048,100.0,43957.000750208004,17.208508928,0.0,0.0,127.942909,109.46225,1.0,3023.7540062048065,533.4647502080043,0.0
2013-04-01,28,16197.7439393632,0.0,8189.129812864,0.0,210.0,320020.0,226.598267,262.948456,1.0,0.0,0.0,6510.0
2013-04-01,29,167479.301725,94.781288,48642.841,13.171584192000001,0.0,0.0,98.020889,50.0,1.0,2887.0975250000192,408.31700000000274,0.0
2013-04-01,3,184154.2052125904,100.0,50915.546499584,10.668144448,0.0,0.0,110.909897,83.555382,1.0,3067.8141187952133,330.7102497920059,0.0
2013-04-01,30,173670.1693874096,100.0,74106.493500416,19.468721792,0.0,0.0,177.254715,125.531372,1.0,3008.5279624096,603.5315004160075,0.0
2013-04-01,31,196969.2284437952,100.0,36633.78224979199,9.865544832,0.0,0.0,133.184387,117.078148,1.0,3073.220462590398,305.8314995839828,0.0
2013-04-01,32,17089.8692130064,0.0,4182.295,0.0,250.0,455150.0,191.638397,218.482071,1.0,0.0,0.0,7750.0
2013-04-01,33,165745.1190687952,100.0,45698.461249791995,15.585674624,0.0,0.0,139.615341,119.921799,1.0,3034.6860500000184,483.1580000000031,0.0
2013-04-01,34,10489.494538022398,0.0,4413.073843776001,0.0,150.0,310500.0,161.175674,178.645355,1.0,0.0,0.0,4650.0
2013-04-01,35,107966.77834379522,71.235794,16160.355249792003,5.0077664,0.0,0.0,116.411003,50.0,1.0,2202.8438094880257,155.24112448000415,0.0
2013-04-01,36,8973.8223096576,0.0,4027.040062656,0.0,150.0,255600.0,178.399094,228.57019,1.0,0.0,0.0,4650.0
2013-04-01,37,14834.4426593072,0.0,2577.531125312,0.0,300.0,353100.0,213.679428,232.810425,1.0,0.0,0.0,9300.0
2013-04-01,38,73962.40882499999,52.817047,15202.902,3.9913735679999998,0.0,0.0,109.173454,50.0,1.0,1631.397928102393,123.73237510400031,0.0
2013-04-01,4,9849.573744824,0.0,4149.151093568,0.0,200.0,441014.625,169.224014,207.235397,1.0,0.0,0.0,6200.0
2013-04-01,40,177201.605075,100.0,35597.432,17.197326015999998,0.0,0.0,135.074051,120.578278,1.0,3023.8295750000107,533.1169999999984,0.0
2013-04-01,41,14138.352450470398,0.0,6562.228156224,0.0,300.0,416800.0,235.597168,279.537933,1.0,0.0,0.0,9300.0
2013-04-01,42,23355.4977690032,0.0,8677.292,0.0,200.0,290700.0,136.619598,157.548889,1.0,0.0,0.0,6200.0
2013-04-01,43,187776.86823759036,110.0,17646.700499584,5.225357696,0.0,0.0,218.680054,202.426956,1.0,3418.44708759035,161.98649958399983,0.0
2013-04-01,44,164246.49946879517,100.0,53013.86024979199,15.852841472000001,0.0,0.0,115.646431,82.698082,1.0,3032.886524999951,491.4389999999985,0.0
2013-04-01,45,180151.1928062048,100.0,42168.77275020801,16.9306384,0.0,0.0,179.852539,117.850533,1.0,3025.626274999988,524.849000000002,0.0
2013-04-01,47,182557.5663437952,90.0,34409.079249792,13.609327680000002,0.0,0.0,194.611221,178.676193,1.0,2734.032274999976,421.88900000000285,0.0
2013-04-01,48,172904.51354379515,100.0,39189.439249792,15.330534336000001,0.0,0.0,116.763008,79.620338,1.0,3036.4050625903474,475.2474995839948,0.0
2013-04-01,49,111840.01242440319,75.902504,24437.445500416,8.303267648,0.0,0.0,103.534737,50.0,1.0,2327.1593087103975,257.4016257280018,0.0
2013-04-01,50,59157.0793659008,35.626106,25596.390624895997,10.014561024,0.0,0.0,95.691315,50.0,1.0,1051.0791781024018,310.4513751039958,0.0
2013-04-01,51,124209.15528120479,100.0,23042.600750208,8.045292735999999,0.0,0.0,95.40564,55.814903,1.0,3085.48272810239,249.40337510399695,0.0
2013-04-01,52,106527.42699379519,100.0,22993.649249792,7.288221823999999,0.0,0.0,91.727928,50.463242,1.0,3090.5825594880007,225.93512448000183,0.0
2013-04-01,53,167532.54604379518,100.0,29413.374249792,8.13021248,0.0,0.0,125.01487,110.309494,1.0,3084.910312590393,252.0374995839993,0.0
2013-04-01,54,67589.2652942112,79.875771,23042.210750207996,27.581106176000002,0.0,0.0,73.659218,50.0,1.0,2322.0418285183987,855.0148755199953,0.0
2013-04-01,55,166041.48208120477,100.0,28368.804750208,9.145213376,0.0,0.0,135.583817,118.412544,1.0,3078.0723999999755,283.5040000000008,0.0
2013-04-01,56,37804.4516935872,14.780357,14768.604499584,5.748365376000001,0.0,0.0,55.857571,50.0,1.0,425.33221548479924,178.19912447999923,0.0
2013-04-01,6,175678.1036874096,100.0,21763.085500416,7.410316160000001,0.0,0.0,172.858826,155.768982,1.0,3089.7597781024233,229.7213751039999,0.0
2013-04-01,7,10323.4740913328,0.0,2367.8959690879997,0.0,100.0,232249.765625,261.566193,280.66925,1.0,0.0,0.0,3100.0
2013-04-01,9,66962.70630930719,51.308846,26694.247125312002,16.145844416,0.0,0.0,75.469986,50.0,1.0,1502.1625213007865,500.5211253120033,0.0
2013-05-01,1,52210.95645533759,40.346596,12.157796352,0.022970688000000003,0.0,0.0,110.447327,50.0,1.0,1225.7417871519938,0.6891189759999996,0.0
2013-05-01,12,171596.0488593072,100.0,17760.205125312,4.489338048,0.0,0.0,114.59787,82.385353,1.0,3009.132646897604,134.68162489600218,0.0
2013-05-01,13,16361.5769856208,0.0,4763.04034336,0.0,250.0,444240.5625,257.377106,282.285645,1.0,0.0,0.0,7500.0
2013-05-01,14,169962.88569999998,100.0,36505.027,13.289097536000002,0.0,0.0,110.156975,85.903374,1.0,2951.7650187951804,398.6742497919986,0.0
2013-05-01,15,2650.377862456,0.0,1080.0747343360001,0.0,100.0,226800.0,160.497803,169.681091,1.0,0.0,0.0,3000.0
2013-05-01,16,174700.38407499998,100.0,18677.737,2.761014464,0.0,0.0,150.967987,133.282562,1.0,3020.400512590364,82.82949958400059,0.0
2013-05-01,17,106898.7718,100.0,36806.302,18.280307136,0.0,0.0,116.670036,58.752022,1.0,2919.2259624095896,548.4115004159976,0.0
2013-05-01,19,0.0,0.0,0.0,0.0,150.0,301300.0,232.034653,252.474426,1.0,0.0,0.0,4500.0
2013-05-01,2,19695.628620048003,0.0,5306.085687551999,0.0,100.0,226750.0,179.437439,204.994949,1.0,0.0,0.0,3000.0
2013-05-01,20,175276.7928375904,100.0,16025.236499584,4.252760512,0.0,0.0,101.45063,70.703392,1.0,3010.6754500000097,127.58199999999852,0.0
2013-05-01,21,3693.2081635967997,0.0,950.0383751040001,0.0,100.0,255650.0,139.896286,152.745865,1.0,0.0,0.0,3000.0
2013-05-01,22,94818.79791199359,67.595192,41056.834,19.640256064000003,0.0,0.0,92.907745,50.0,1.0,1925.777086396789,589.2055004159993,0.0
2013-05-01,23,105945.6683286992,79.704941,16003.914874688002,11.207956864,0.0,0.0,73.272865,50.0,1.0,2348.6879255968233,336.23849958400024,0.0
2013-05-01,24,17359.134568899204,0.0,3296.853624896,0.0,200.0,293550.0,164.217178,179.855164,1.0,0.0,0.0,6000.0
2013-05-01,25,168766.37310620482,100.0,49016.82175020801,15.984961407999998,0.0,0.0,177.43399,139.804977,1.0,2934.189987409627,479.550500416015,0.0
2013-05-01,26,11469.072694115199,0.0,2419.039796992,0.0,200.0,266100.0,183.988708,198.394958,1.0,0.0,0.0,6000.0
2013-05-01,27,170186.8171562048,100.0,44465.638750208,16.954611648,0.0,0.0,129.851288,111.388474,1.0,2927.8690500000084,508.637999999999,0.0
2013-05-01,28,16197.7439393632,0.0,8189.129812864,0.0,210.0,326320.0,227.134064,263.359772,1.0,0.0,0.0,6300.0
2013-05-01,29,170152.24164999998,90.642815,49016.266,12.447517056,0.0,0.0,96.018562,50.0,1.0,2672.939924999984,373.4250000000029,0.0
2013-05-01,3,187125.422475,100.0,51224.706,10.305332544,0.0,0.0,112.568764,85.422211,1.0,2971.2172624095983,309.1595004159972,0.0
2013-05-01,30,176583.57585,100.0,74681.685,19.173221184000003,0.0,0.0,177.672836,126.106323,1.0,2913.4064625903848,575.1914995839907,0.0
2013-05-01,31,199943.8696062048,100.0,36927.185750208,9.780097600000001,0.0,0.0,135.023743,118.93531,1.0,2974.6411624095927,293.4035004160105,0.0
2013-05-01,32,17089.8692130064,0.0,4182.295,0.0,250.0,462650.0,188.64682,215.480652,1.0,0.0,0.0,7500.0
2013-05-01,33,168683.99149379518,100.0,46156.46424979199,15.266816448,0.0,0.0,141.188446,121.534897,1.0,2938.8724249999796,458.002999999997,0.0
2013-05-01,34,10489.494538022398,0.0,4413.073843776001,0.0,150.0,315000.0,162.949066,180.370331,1.0,0.0,0.0,4500.0
2013-05-01,35,110103.69798389121,71.392014,16308.774624896,4.947288319999999,0.0,0.0,116.332336,50.0,1.0,2136.919640095992,148.41937510399657,0.0
2013-05-01,36,8973.8223096576,0.0,4027.040062656,0.0,150.0,260100.0,178.2285,228.296341,1.0,0.0,0.0,4500.0
2013-05-01,37,14834.4426593072,0.0,2577.531125312,0.0,300.0,362100.0,216.095917,235.13063,1.0,0.0,0.0,9000.0
2013-05-01,38,75551.2255286992,53.135654,15320.972874688001,3.93570112,0.0,0.0,109.225052,50.0,1.0,1588.816703699209,118.07087468800091,0.0
2013-05-01,4,9849.573744824,0.0,4149.151093568,0.0,200.0,447014.625,166.127823,204.119949,1.0,0.0,0.0,6000.0
2013-05-01,40,180129.5948937952,100.0,36105.514249791995,16.936063872,0.0,0.0,136.930161,122.42701,1.0,2927.989818795206,508.0822497919944,0.0
2013-05-01,41,14138.352450470398,0.0,6562.228156224,0.0,300.0,425800.0,235.636475,279.46051,1.0,0.0,0.0,9000.0
2013-05-01,42,23355.4977690032,0.0,8677.292,0.0,200.0,296700.0,137.169312,158.021896,1.0,0.0,0.0,6000.0
2013-05-01,43,191085.1912875904,110.0,17802.778499584,5.202648256000001,0.0,0.0,215.658066,199.41452,1.0,3308.3230500000354,156.07800000000134,0.0
2013-05-01,44,167183.46431240957,100.0,53480.64150041599,15.559403392,0.0,0.0,116.564583,83.831291,1.0,2936.9648436144053,466.7812506240007,0.0
2013-05-01,45,183079.02795620478,100.0,42677.566750208,16.959772544,0.0,0.0,179.615631,117.575043,1.0,2927.83514999997,508.7939999999944,0.0
2013-05-01,47,185204.9171812048,90.0,34810.39575020801,13.377198016,0.0,0.0,191.84259,175.874588,1.0,2647.3508374096127,401.31650041601097,0.0
2013-05-01,48,175843.7059,100.0,39645.97,15.217753408,0.0,0.0,118.382698,81.284668,1.0,2939.192356204847,456.53075020800316,0.0
2013-05-01,49,114000.36118430718,72.78759,24673.215125312,7.859038719999999,0.0,0.0,101.777054,50.0,1.0,2160.3487599039945,235.76962489599828,0.0
2013-05-01,50,60176.934565900796,35.692188,25893.739624895996,9.911630975999998,0.0,0.0,95.7005,50.0,1.0,1019.8551999999981,297.34899999999834,0.0
2013-05-01,51,127196.2388031024,100.0,23278.747375104,7.871554496,0.0,0.0,95.903824,56.534184,1.0,2987.0835218976135,236.14662489600232,0.0
2013-05-01,52,109519.85364999999,100.0,23205.208,7.051967936,0.0,0.0,91.491852,51.237179,1.0,2992.4266562047997,211.55875020799795,0.0
2013-05-01,53,170519.45688740956,100.0,29650.315500415996,7.898010432,0.0,0.0,127.365784,112.610054,1.0,2986.9108436143724,236.9412506239969,0.0
2013-05-01,54,69932.92483078879,83.306671,23905.196249792003,28.766182016000002,0.0,0.0,74.639008,50.0,1.0,2343.6595365775866,862.9854995840069,0.0
2013-05-01,55,169021.2294312048,100.0,28638.710750208,8.996966784,0.0,0.0,137.647263,120.344894,1.0,2979.7473500000197,269.90599999999904,0.0
2013-05-01,56,38222.414709696,15.003398,14943.010874688001,5.813535936,0.0,0.0,55.940571,50.0,1.0,417.9630161087989,174.4063751040012,0.0
2013-05-01,6,178667.02275310238,100.0,21990.785375104002,7.5900223360000005,0.0,0.0,170.389786,152.964752,1.0,2988.919065692782,227.69987468800173,0.0
2013-05-01,7,10323.4740913328,0.0,2367.8959690879997,0.0,100.0,235249.765625,260.752472,279.843201,1.0,0.0,0.0,3000.0
2013-05-01,9,68440.000400416,52.096455,27180.237500416,16.19971392,0.0,0.0,75.457405,50.0,1.0,1477.294091108808,485.9903751039965,0.0
2013-06-01,1,53438.6160233728,39.106285,12.85151296,0.022378304,0.0,0.0,108.659897,50.0,1.0,1227.6595680352111,0.6937166080000008,0.0
2013-06-01,12,174705.7418375904,100.0,17898.198499584,4.4514238079999995,0.0,0.0,112.04528,79.884972,1.0,3109.692978283216,137.99337427199862,0.0
2013-06-01,13,16361.5769856208,0.0,4763.04034336,0.0,250.0,451990.5625,254.472717,279.351166,1.0,0.0,0.0,7750.0
2013-06-01,14,173014.48785,100.0,36910.341,13.074714431999999,0.0,0.0,111.041931,86.812172,1.0,3051.6021500000206,405.3139999999985,0.0
2013-06-01,15,2650.377862456,0.0,1080.0747343360001,0.0,100.0,229900.0,162.246933,171.405304,1.0,0.0,0.0,3100.0
2013-06-01,16,177822.12779689758,100.0,18760.275624895996,2.6625164800000003,0.0,0.0,148.328278,130.759933,1.0,3121.7437218975974,82.53862489599487,0.0
2013-06-01,17,109916.82283759041,100.0,37366.010499584,18.055200384,0.0,0.0,114.560776,56.307571,1.0,3018.0510375904123,559.7084995839978,0.0
2013-06-01,19,0.0,0.0,0.0,0.0,150.0,305950.0,232.535812,252.927475,1.0,0.0,0.0,4650.0
2013-06-01,2,19695.628620048003,0.0,5306.085687551999,0.0,100.0,229850.0,179.897476,205.398972,1.0,0.0,0.0,3100.0
2013-06-01,20,178387.74682499998,100.0,16157.427,4.264216319999999,0.0,0.0,98.843544,68.168434,1.0,3110.9539874095935,132.19050041599985,0.0
2013-06-01,21,3693.2081635967997,0.0,950.0383751040001,0.0,100.0,258750.0,136.930481,149.792938,1.0,0.0,0.0,3100.0
2013-06-01,22,96841.9746937952,68.637848,41663.495249791995,19.569714944,0.0,0.0,93.419624,50.0,1.0,2023.1767818016087,606.6612497919923,0.0
2013-06-01,23,108405.931,80.781975,16353.805,11.28678304,0.0,0.0,73.597527,50.0,1.0,2460.262671300792,349.8901253119984,0.0
2013-06-01,24,17359.134568899204,0.0,3296.853624896,0.0,200.0,299750.0,166.044159,181.638763,1.0,0.0,0.0,6200.0
2013-06-01,25,171800.2709812048,100.0,49503.606750208004,15.702728703999998,0.0,0.0,177.918961,140.421021,1.0,3033.897874999995,486.7849999999962,0.0
2013-06-01,26,11469.072694115199,0.0,2419.039796992,0.0,200.0,272300.0,185.593048,199.951614,1.0,0.0,0.0,6200.0
2013-06-01,27,173213.85875620478,100.0,44983.974750208006,16.720515136,0.0,0.0,131.756088,113.30777,1.0,3027.0415999999677,518.336000000003,0.0
2013-06-01,28,16197.7439393632,0.0,8189.129812864,0.0,210.0,332830.0,227.522705,263.625946,1.0,0.0,0.0,6510.0
2013-06-01,29,172814.20592500002,87.323914,49383.178,11.835776576,0.0,0.0,94.394615,50.0,1.0,2661.964275000035,366.9119999999966,0.0
2013-06-01,3,190197.9833,100.0,51533.573,9.963348928000002,0.0,0.0,114.159828,87.216316,1.0,3072.560824999993,308.86699999999837,0.0
2013-06-01,30,179596.088475,100.0,75266.88,18.877180608,0.0,0.0,178.125031,126.711769,1.0,3012.512625000003,585.195000000007,0.0
2013-06-01,31,203018.21300620478,100.0,37227.849750208006,9.698812864,0.0,0.0,136.894089,120.81311,1.0,3074.3433999999834,300.6640000000043,0.0
2013-06-01,32,17089.8692130064,0.0,4182.295,0.0,250.0,470400.0,185.952927,212.776077,1.0,0.0,0.0,7750.0
2013-06-01,33,171722.8783187952,100.0,46620.291249792,14.962098944,0.0,0.0,142.919037,123.303703,1.0,3038.8868250000232,463.8270000000048,0.0
2013-06-01,34,10489.494538022398,0.0,4413.073843776001,0.0,150.0,319650.0,164.639084,182.012405,1.0,0.0,0.0,4650.0
2013-06-01,35,112318.3298213008,71.585632,16460.309125312,4.888256256000001,0.0,0.0,116.283058,50.0,1.0,2214.6318374095863,151.5345004160008,0.0
2013-06-01,36,8973.8223096576,0.0,4027.040062656,0.0,150.0,264750.0,178.098816,228.062607,1.0,0.0,0.0,4650.0
2013-06-01,37,14834.4426593072,0.0,2577.531125312,0.0,300.0,371400.0,218.260834,237.206116,1.0,0.0,0.0,9300.0
2013-06-01,38,77204.3937624096,53.487099,15441.341500416,3.8828208639999997,0.0,0.0,109.282417,50.0,1.0,1653.1682337103994,120.36862572799873,0.0
2013-06-01,4,9849.573744824,0.0,4149.151093568,0.0,200.0,453214.625,163.487045,201.459,1.0,0.0,0.0,6200.0
2013-06-01,40,183156.84554379518,100.0,36622.88824979199,16.689460736,0.0,0.0,138.807739,124.284775,1.0,3027.2506499999727,517.3739999999962,0.0
2013-06-01,41,14138.352450470398,0.0,6562.228156224,0.0,300.0,435100.0,235.720581,279.428375,1.0,0.0,0.0,9300.0
2013-06-01,42,23355.4977690032,0.0,8677.292,0.0,200.0,302900.0,137.66777,158.443604,1.0,0.0,0.0,6200.0
2013-06-01,43,194504.21149689757,110.0,17962.127624896,5.140292352,0.0,0.0,212.858826,196.650131,1.0,3419.020209307171,159.34912531199734,0.0
2013-06-01,44,170220.27546879518,100.0,53954.020249791996,15.270298368,0.0,0.0,117.380936,84.853653,1.0,3036.8111563856073,473.3787493760028,0.0
2013-06-01,45,186104.28627500002,100.0,43204.109,16.98525504,0.0,0.0,179.334488,117.257034,1.0,3025.2583187952405,526.5422497919935,0.0
2013-06-01,47,187942.556275,90.0,35215.687,13.073966464,0.0,0.0,189.278839,173.325562,1.0,2737.639093795209,405.2912497919897,0.0
2013-06-01,48,178881.6004437952,100.0,40114.363249792,15.10941536,0.0,0.0,119.92025,82.857948,1.0,3037.894543795206,468.3932497919959,0.0
2013-06-01,49,116155.53622810238,70.246475,24904.865375104004,7.472568064000001,0.0,0.0,100.298111,50.0,1.0,2155.1750437951996,231.65024979200462,0.0
2013-06-01,50,61234.5867687952,35.792538,26197.993249792,9.814648896,0.0,0.0,95.745132,50.0,1.0,1057.6522028944019,304.25362489600593,0.0
2013-06-01,51,130284.0578062048,100.0,23517.399750208,7.698480192,0.0,0.0,96.490616,57.34148,1.0,3087.8190031023987,238.65237510399675,0.0
2013-06-01,52,112613.54335620478,100.0,23416.844750207998,6.82699264,0.0,0.0,91.476463,52.138298,1.0,3093.6897062047938,211.63675020799928,0.0
2013-06-01,53,173607.37370620476,100.0,29888.517750208,7.683980928,0.0,0.0,129.516922,114.705917,1.0,3087.916818795202,238.2022497920043,0.0
2013-06-01,54,72443.5149619936,86.3507,24828.076,29.770320320000003,0.0,0.0,75.601135,50.0,1.0,2510.590131204808,922.8797502079979,0.0
2013-06-01,55,172101.5244,100.0,28911.987,8.815344512,0.0,0.0,139.537735,122.112358,1.0,3080.294968795206,273.2762497920012,0.0
2013-06-01,56,38661.0038937952,15.230975,15125.308249792002,5.8805743360000005,0.0,0.0,56.024693,50.0,1.0,438.58918409919715,182.29737510400082,0.0
2013-06-01,6,181754.59209689757,100.0,22230.586624895997,7.7355432959999995,0.0,0.0,168.147339,150.43161,1.0,3087.569343795185,239.80124979199536,0.0
2013-06-01,7,10323.4740913328,0.0,2367.8959690879997,0.0,100.0,238349.765625,259.93222,279.009399,1.0,0.0,0.0,3100.0
2013-06-01,9,69990.6356062048,52.874401,27683.886750208003,16.246764352,0.0,0.0,75.454216,50.0,1.0,1550.6352057887998,503.6492497920044,0.0
2013-07-01,1,54594.8902303568,38.059509,13.430411071999998,0.019296576,0.0,0.0,107.180161,50.0,1.0,1156.2742069840024,0.5788981119999974,0.0
2013-07-01,12,177715.3600312048,100.0,18030.645750207997,4.414931456000001,0.0,0.0,109.939484,77.832863,1.0,3009.618193614384,132.44725062399812,0.0
2013-07-01,13,16361.5769856208,0.0,4763.04034336,0.0,250.0,459490.5625,251.898987,276.751709,1.0,0.0,0.0,7500.0
2013-07-01,14,175968.9500374096,100.0,37296.60350041599,12.87539968,0.0,0.0,111.796402,87.585609,1.0,2954.4621874096047,386.2625004159927,0.0
2013-07-01,15,2650.377862456,0.0,1080.0747343360001,0.0,100.0,232900.0,163.946121,173.080093,1.0,0.0,0.0,3000.0
2013-07-01,16,180843.7684843072,100.0,18837.398125312,2.570766848,0.0,0.0,146.093292,128.63356,1.0,3021.6406874096137,77.12250041600419,0.0
2013-07-01,17,112839.02281879519,100.0,37900.736249792,17.824159808,0.0,0.0,112.771805,54.181709,1.0,2922.1999812047725,534.7257502079956,0.0
2013-07-01,19,0.0,0.0,0.0,0.0,150.0,310450.0,233.01886,253.364761,1.0,0.0,0.0,4500.0
2013-07-01,2,19695.628620048003,0.0,5306.085687551999,0.0,100.0,232850.0,180.372116,205.819489,1.0,0.0,0.0,3000.0
2013-07-01,20,181398.2965624096,100.0,16285.587500415999,4.272015488,0.0,0.0,96.873665,66.249321,1.0,3010.5497374096303,128.1605004159992,0.0
2013-07-01,21,3693.2081635967997,0.0,950.0383751040001,0.0,100.0,261750.0,134.680466,147.548203,1.0,0.0,0.0,3000.0
2013-07-01,22,98830.3417375904,69.621918,42248.030499584005,19.484427456000002,0.0,0.0,93.897705,50.0,1.0,1988.367043795195,584.5352497920103,0.0
2013-07-01,23,110815.80899379519,81.750343,16694.473249792,11.35556448,0.0,0.0,73.907852,50.0,1.0,2409.8779937951913,340.668249792001,0.0
2013-07-01,24,17359.134568899204,0.0,3296.853624896,0.0,200.0,305750.0,167.707626,183.266968,1.0,0.0,0.0,6000.0
2013-07-01,25,174738.0148187952,100.0,49966.80324979199,15.439905728,0.0,0.0,178.402893,141.028122,1.0,2937.7438375903876,463.19649958398804,0.0
2013-07-01,26,11469.072694115199,0.0,2419.039796992,0.0,200.0,278300.0,187.18013,201.493225,1.0,0.0,0.0,6000.0
2013-07-01,27,176144.63826240957,100.0,45479.219500415995,16.508138816,0.0,0.0,133.540756,115.105003,1.0,2930.7795062047953,495.24475020798855,0.0
2013-07-01,28,16197.7439393632,0.0,8189.129812864,0.0,210.0,339130.0,227.778717,263.768433,1.0,0.0,0.0,6300.0
2013-07-01,29,175315.8872562048,84.769173,49723.39775020801,11.340732415999998,0.0,0.0,93.129128,50.0,1.0,2501.6813312047743,340.2197502080089,0.0
2013-07-01,3,193173.4076937952,100.0,51823.372249791995,9.6600192,0.0,0.0,115.611305,88.853676,1.0,2975.424393795198,289.7992497919986,0.0
2013-07-01,30,182513.2437125904,100.0,75824.82049958399,18.5979248,0.0,0.0,178.580887,127.310265,1.0,2917.1552375903993,557.9404995839868,0.0
2013-07-01,31,205993.88953120483,100.0,37516.488750208,9.62127712,0.0,0.0,138.668655,122.59066,1.0,2975.6765250000462,288.6389999999956,0.0
2013-07-01,32,17089.8692130064,0.0,4182.295,0.0,250.0,477900.0,183.649521,210.460831,1.0,0.0,0.0,7500.0
2013-07-01,33,174665.53624379518,100.0,47060.874249791996,14.686188607999998,0.0,0.0,144.637634,125.059517,1.0,2942.6579249999777,440.5829999999987,0.0
2013-07-01,34,10489.494538022398,0.0,4413.073843776001,0.0,150.0,324150.0,166.176346,183.505051,1.0,0.0,0.0,4500.0
2013-07-01,35,114468.28316569279,71.7966,16605.333874688,4.83414048,0.0,0.0,116.258102,50.0,1.0,2149.9533443919936,145.02474937599982,0.0
2013-07-01,36,8973.8223096576,0.0,4027.040062656,0.0,150.0,269250.0,178.007538,227.873169,1.0,0.0,0.0,4500.0
2013-07-01,37,14834.4426593072,0.0,2577.531125312,0.0,300.0,380400.0,220.080643,238.947586,1.0,0.0,0.0,9000.0
2013-07-01,38,78815.2224093072,53.83852,15556.393125311999,3.835074048,0.0,0.0,109.338173,50.0,1.0,1610.8286468976003,115.05162489599934,0.0
2013-07-01,4,9849.573744824,0.0,4149.151093568,0.0,200.0,459214.625,161.327209,199.278214,1.0,0.0,0.0,6000.0
2013-07-01,40,186087.93791879516,100.0,37116.69324979199,16.460186496000002,0.0,0.0,140.58754,126.037872,1.0,2931.0923749999783,493.8050000000003,0.0
2013-07-01,41,14138.352450470398,0.0,6562.228156224,0.0,300.0,444100.0,235.840622,279.439667,1.0,0.0,0.0,9000.0
2013-07-01,42,23355.4977690032,0.0,8677.292,0.0,200.0,308900.0,138.086014,158.790085,1.0,0.0,0.0,6000.0
2013-07-01,43,197813.4593812048,110.0,18113.949750207998,5.0607390080000005,0.0,0.0,210.40065,194.23587,1.0,3309.2478843072313,151.82212531199912,0.0
2013-07-01,44,173160.87961879518,100.0,54404.054249791996,15.001092288000002,0.0,0.0,118.062027,85.72921,1.0,2940.604149999999,450.03399999999965,0.0
2013-07-01,45,189031.8368062048,100.0,43714.212750208004,17.003403456,0.0,0.0,179.041656,116.933228,1.0,2927.55053120479,510.1037502080071,0.0
2013-07-01,47,190593.88895,90.0,35598.68,12.766433472000001,0.0,0.0,187.034897,171.112595,1.0,2651.3326749999833,382.9930000000022,0.0
2013-07-01,48,181822.17916879518,100.0,40564.514249791995,15.005029312,0.0,0.0,121.320206,84.290314,1.0,2940.5787249999703,450.150999999998,0.0
2013-07-01,49,118182.7319093072,68.253571,25119.414125312,7.151603264,0.0,0.0,99.12088,50.0,1.0,2027.1956812048156,214.5487502079959,0.0
2013-07-01,50,62262.3653937952,35.913383,26489.830249792,9.727887103999999,0.0,0.0,95.812737,50.0,1.0,1027.778624999999,291.83699999999953,0.0
2013-07-01,51,133273.3186968976,100.0,23743.526624895996,7.5375489280000005,0.0,0.0,97.104698,58.162971,1.0,2989.2608906927926,226.12687468799777,0.0
2013-07-01,52,115608.7434562048,100.0,23615.640750207996,6.6265313919999995,0.0,0.0,91.618645,53.064934,1.0,2995.2001000000164,198.79599999999846,0.0
2013-07-01,53,176596.93086879523,100.0,30113.281249792,7.492038528,0.0,0.0,131.372574,116.509605,1.0,2989.5571625904704,224.76349958399805,0.0
2013-07-01,54,74946.8439718976,88.954605,25745.955624895996,30.595979648,0.0,0.0,76.444901,50.0,1.0,2503.3290099040023,917.8796248959952,0.0
2013-07-01,55,175083.7139625904,100.0,29170.654499584005,8.62218656,0.0,0.0,141.168869,123.637062,1.0,2982.1895625904144,258.66749958400396,0.0
2013-07-01,56,39091.5359033104,15.445136,15303.647125311998,5.944604224,0.0,0.0,56.103573,50.0,1.0,430.5320095152056,178.33887551999578,0.0
2013-07-01,6,184741.8087468976,100.0,22466.120624895997,7.8511322240000005,0.0,0.0,166.215012,148.253021,1.0,2987.2166500000167,235.53399999999965,0.0
2013-07-01,7,10323.4740913328,0.0,2367.8959690879997,0.0,100.0,241349.765625,259.167694,278.23172,1.0,0.0,0.0,3000.0
2013-07-01,9,71512.87704421121,53.594341,28172.478750208,16.286369216,0.0,0.0,75.455231,50.0,1.0,1522.2414380064147,488.5919999999969,0.0
2013-08-01,1,55760.424634278395,37.125916,13.888241535999999,0.014768831999999999,0.0,0.0,105.886765,50.0,1.0,1165.5344039215925,0.4578304640000006,0.0
2013-08-01,12,180825.60600310238,100.0,18166.094375104003,4.369266304,0.0,0.0,108.117477,76.073776,1.0,3110.245971897588,135.44862489600564,0.0
2013-08-01,13,16361.5769856208,0.0,4763.04034336,0.0,250.0,467240.5625,249.466583,274.294434,1.0,0.0,0.0,7750.0
2013-08-01,14,179025.39988740956,100.0,37679.609500415994,12.354957888000001,0.0,0.0,115.457397,91.373169,1.0,3056.4498499999463,383.0060000000012,0.0
2013-08-01,15,2650.377862456,0.0,1080.0747343360001,0.0,100.0,236000.0,163.828857,172.930832,1.0,0.0,0.0,3100.0
2013-08-01,16,183966.7470843072,100.0,18914.254125312,2.479231872,0.0,0.0,144.063187,126.710617,1.0,3122.978600000002,76.85599999999977,0.0
2013-08-01,17,115860.1283875904,100.0,38446.388499584005,17.601653888,0.0,0.0,111.732086,52.273468,1.0,3021.1055687952176,545.6522497920087,0.0
2013-08-01,19,0.0,0.0,0.0,0.0,200.0,316650.0,243.952866,270.914276,1.0,0.0,0.0,6200.0
2013-08-01,2,19695.628620048003,0.0,5306.085687551999,0.0,100.0,235950.0,180.533463,205.984421,1.0,0.0,0.0,3100.0
2013-08-01,20,184509.17780620477,100.0,16418.112750207998,4.274978239999999,0.0,0.0,95.377586,64.792137,1.0,3110.8812437951565,132.52524979199916,0.0
2013-08-01,21,3693.2081635967997,0.0,950.0383751040001,0.0,100.0,264850.0,132.9991,145.868607,1.0,0.0,0.0,3100.0
2013-08-01,22,100913.2983557888,70.490349,42847.223249792,19.328865920000002,0.0,0.0,94.052361,50.0,1.0,2082.9566181983973,599.1927502079925,0.0
2013-08-01,23,113399.49529689758,84.77787,17053.700624896,11.587996160000001,0.0,0.0,74.087692,50.0,1.0,2583.686303102397,359.2273751039975,0.0
2013-08-01,24,17359.134568899204,0.0,3296.853624896,0.0,200.0,311950.0,170.590042,186.016586,1.0,0.0,0.0,6200.0
2013-08-01,25,177776.1388937952,100.0,50434.14024979199,15.075379072,0.0,0.0,180.649673,143.409439,1.0,3038.1240749999997,467.33699999999953,0.0
2013-08-01,26,11469.072694115199,0.0,2419.039796992,0.0,150.0,282950.0,180.286835,190.902512,1.0,0.0,0.0,4650.0
2013-08-01,27,179174.1701,100.0,45986.096,16.350864192,0.0,0.0,136.046448,117.525757,1.0,3029.531837590417,506.8764995840029,0.0
2013-08-01,28,16197.7439393632,0.0,8189.129812864,0.0,240.0,346570.0,236.436752,277.453644,1.0,0.0,0.0,7440.0
2013-08-01,29,177841.67673740958,82.791229,50062.057500416,10.92451776,0.0,0.0,92.129234,50.0,1.0,2525.789481204789,338.6597502079894,0.0
2013-08-01,3,196251.00266879518,100.0,52109.073249791996,9.216207103999999,0.0,0.0,119.929314,93.325485,1.0,3077.5949749999854,285.70100000000093,0.0
2013-08-01,30,185529.73676259042,100.0,76391.69849958399,18.286521344,0.0,0.0,180.906235,129.659683,1.0,3016.493050000019,566.877999999997,0.0
2013-08-01,31,209068.817,100.0,37814.465,9.61220416,0.0,0.0,139.774475,123.748329,1.0,3074.927468795184,297.97624979199463,0.0
2013-08-01,32,17089.8692130064,0.0,4182.295,0.0,250.0,485650.0,181.536224,208.333725,1.0,0.0,0.0,7750.0
2013-08-01,33,177703.084725,100.0,47530.86,15.160735616000002,0.0,0.0,142.468811,122.691109,1.0,3037.548481204809,469.9857502080049,0.0
2013-08-01,34,10489.494538022398,0.0,4413.073843776001,0.0,200.0,330350.0,177.076035,199.989594,1.0,0.0,0.0,6200.0
2013-08-01,35,116507.2263593072,65.912819,16745.724125311997,4.528710784,0.0,0.0,110.86895,50.0,1.0,2038.9431936144101,140.39025062399742,0.0
2013-08-01,36,8973.8223096576,0.0,4027.040062656,0.0,100.0,272350.0,160.442551,193.808197,1.0,0.0,0.0,3100.0
2013-08-01,37,14834.4426593072,0.0,2577.531125312,0.0,300.0,389700.0,221.803711,240.60202,1.0,0.0,0.0,9300.0
2013-08-01,38,80380.0370281024,50.613525,15668.144375104,3.6048979200000004,0.0,0.0,107.989937,50.0,1.0,1564.8146187951934,111.75124979200154,0.0
2013-08-01,4,9849.573744824,0.0,4149.151093568,0.0,200.0,465414.625,159.484909,197.412308,1.0,0.0,0.0,6200.0
2013-08-01,40,189118.83423120482,100.0,37617.290750208005,16.148315456,0.0,0.0,141.339218,126.921272,1.0,3030.8963124096626,500.59750041601365,0.0
2013-08-01,41,14138.352450470398,0.0,6562.228156224,0.0,300.0,453400.0,236.577621,280.064819,1.0,0.0,0.0,9300.0
2013-08-01,42,23355.4977690032,0.0,8677.292,0.0,250.0,316650.0,146.940048,172.758575,1.0,0.0,0.0,7750.0
2013-08-01,43,201233.6381937952,110.0,18267.967249792004,4.96828384,0.0,0.0,208.097458,191.98381,1.0,3420.1788125903986,154.01749958400615,0.0
2013-08-01,44,176203.47355000002,100.0,54850.822,14.411885696,0.0,0.0,122.422577,90.439667,1.0,3042.593931204843,446.76775020800414,0.0
2013-08-01,45,192057.53441240962,100.0,44238.733500416,16.920039552000002,0.0,0.0,181.592606,119.220245,1.0,3025.697606204805,524.5207502079938,0.0
2013-08-01,47,193335.73164379518,90.0,35984.62724979199,12.449829184,0.0,0.0,184.952805,169.069183,1.0,2741.842693795188,385.94724979199236,0.0
2013-08-01,48,184861.67760620482,100.0,41025.526750208,14.871403455999998,0.0,0.0,123.871414,86.838326,1.0,3039.4984374096384,461.01250041600724,0.0
2013-08-01,49,120228.8999656928,66.645767,25332.441874688,6.8718823680000005,0.0,0.0,98.17057,50.0,1.0,2046.1680563856062,213.02774937600043,0.0
2013-08-01,50,63305.6335156928,35.248539,26781.681874687998,9.414588352,0.0,0.0,94.497437,50.0,1.0,1043.2681218976068,291.8516248959968,0.0
2013-08-01,51,136363.29494069278,100.0,23972.251874687998,7.3782051200000005,0.0,0.0,98.005196,59.236607,1.0,3089.9762437951867,228.7252497920017,0.0
2013-08-01,52,118705.08689689758,100.0,23815.065624895997,6.433033152,0.0,0.0,92.101242,54.284981,1.0,3096.3434406927845,199.42487468800027,0.0
2013-08-01,53,179687.563925,100.0,30338.984,7.280825344,0.0,0.0,133.197876,118.291489,1.0,3090.633056204766,225.70275020800182,0.0
2013-08-01,54,77609.48920041599,91.54451,26719.517500416,31.405251072,0.0,0.0,77.28479,50.0,1.0,2662.6452285183914,973.5618755200048,0.0
2013-08-01,55,178167.00908120477,100.0,29430.124750208,8.370072256,0.0,0.0,142.906204,125.309822,1.0,3083.295118614362,259.4702506239955,0.0
2013-08-01,56,39543.868040692796,15.697195,15490.063874688001,6.01347552,0.0,0.0,56.193264,50.0,1.0,452.33213738239283,186.41674937600328,0.0
2013-08-01,6,187827.9295718976,100.0,22712.587624895998,7.950552063999999,0.0,0.0,164.45784,146.257462,1.0,3086.12082500002,246.46700000000055,0.0
2013-08-01,7,10323.4740913328,0.0,2367.8959690879997,0.0,142.217072,245758.484375,271.672943,300.0,1.0,0.0,0.0,4408.71875
2013-08-01,9,73137.0137557888,55.290058,28686.895249792,16.594065280000002,0.0,0.0,75.700325,50.0,1.0,1624.1367115775793,514.4164995840001,0.0
2013-09-01,1,56900.64135388159,36.319077,14.299006591999998,0.013250432,0.0,0.0,104.778534,50.0,1.0,1140.216719603195,0.4107650559999989,0.0
2013-09-01,12,183936.2100437952,100.0,18299.895249792004,4.3162030080000005,0.0,0.0,106.599083,74.614693,1.0,3110.6040406928223,133.80087468800048,0.0
2013-09-01,13,16361.5769856208,0.0,4763.04034336,0.0,250.0,474990.5625,247.249741,272.05368,1.0,0.0,0.0,7750.0
2013-09-01,14,182084.05606259042,100.0,38052.462499584006,12.027542592000001,0.0,0.0,119.253494,95.326942,1.0,3058.656175180862,372.8529991680116,0.0
2013-09-01,15,2650.377862456,0.0,1080.0747343360001,0.0,100.0,239100.0,163.939972,173.023773,1.0,0.0,0.0,3100.0
2013-09-01,16,187090.3125781024,100.0,18988.409375104,2.3921073280000003,0.0,0.0,142.288895,125.035835,1.0,3123.565493795206,74.155249792002,0.0
2013-09-01,17,118882.7319124096,100.0,38985.147500415995,17.379296896,0.0,0.0,110.870934,50.627811,1.0,3022.603524819191,538.7590008319894,0.0
2013-09-01,19,0.0,0.0,0.0,0.0,200.0,322850.0,249.118286,276.008575,1.0,0.0,0.0,6200.0
2013-09-01,2,19695.628620048003,0.0,5306.085687551999,0.0,100.0,239050.0,180.583908,206.046173,1.0,0.0,0.0,3100.0
2013-09-01,20,187620.06258120478,100.0,16550.621750207996,4.274493184,0.0,0.0,94.251312,63.694592,1.0,3110.884775000013,132.5089999999982,0.0
2013-09-01,21,3693.2081635967997,0.0,950.0383751040001,0.0,100.0,267950.0,131.743088,144.61055,1.0,0.0,0.0,3100.0
2013-09-01,22,103024.55434999999,71.366699,43442.828,19.213017408,0.0,0.0,94.274918,50.0,1.0,2111.2559942111984,595.6047502080037,0.0
2013-09-01,23,116092.86533800639,88.33783,17422.574,11.899116736,0.0,0.0,74.395309,50.0,1.0,2693.3700411088066,368.87337510400175,0.0
2013-09-01,24,17359.134568899204,0.0,3296.853624896,0.0,200.0,318150.0,172.915298,188.210144,1.0,0.0,0.0,6200.0
2013-09-01,25,180816.61760620482,100.0,50890.64175020801,14.72581344,0.0,0.0,183.365021,146.240845,1.0,3040.4787124096183,456.5015004160159,0.0
2013-09-01,26,11469.072694115199,0.0,2419.039796992,0.0,150.0,287600.0,178.56601,189.146011,1.0,0.0,0.0,4650.0
2013-09-01,27,182204.5105937952,100.0,46489.251249791996,16.230845696,0.0,0.0,138.006271,119.433311,1.0,3030.3404937952,503.15524979199836,0.0
2013-09-01,28,16197.7439393632,0.0,8189.129812864,0.0,240.0,354010.0,241.080902,281.935059,1.0,0.0,0.0,7440.0
2013-09-01,29,180322.4888562048,81.284714,50390.024750208,10.579538944,0.0,0.0,91.350365,50.0,1.0,2480.8121187952347,327.9672497920037,0.0
2013-09-01,3,199331.4614874096,100.0,52381.595500416,8.791043455999999,0.0,0.0,122.95488,96.515602,1.0,3080.4588186144247,272.5222506240025,0.0
2013-09-01,30,188548.24686259037,100.0,76949.294499584,17.986918976000002,0.0,0.0,183.679092,132.483612,1.0,3018.510099999956,557.596000000005,0.0
2013-09-01,31,212143.7635374096,100.0,38112.35350041599,9.609311296,0.0,0.0,140.791977,124.807373,1.0,3074.946537409589,297.88850041599653,0.0
2013-09-01,32,17089.8692130064,0.0,4182.295,0.0,250.0,493400.0,179.668137,206.449738,1.0,0.0,0.0,7750.0
2013-09-01,33,180741.06613740957,100.0,47998.85350041599,15.09659424,0.0,0.0,141.21582,121.416351,1.0,3037.981412409572,467.99350041599246,0.0
2013-09-01,34,10489.494538022398,0.0,4413.073843776001,0.0,200.0,336550.0,180.849274,203.669846,1.0,0.0,0.0,6200.0
2013-09-01,35,118448.8914906928,62.776653,16880.660874688,4.35281184,0.0,0.0,108.003769,50.0,1.0,1941.6651313855982,134.93674937600372,0.0
2013-09-01,36,8973.8223096576,0.0,4027.040062656,0.0,100.0,275450.0,155.557114,188.842056,1.0,0.0,0.0,3100.0
2013-09-01,37,14834.4426593072,0.0,2577.531125312,0.0,300.0,399000.0,223.37207,242.110184,1.0,0.0,0.0,9300.0
2013-09-01,38,81889.11352559681,48.809681,15775.792499584,3.4724984320000005,0.0,0.0,107.603317,50.0,1.0,1509.0764974944177,107.64812447999975,0.0
2013-09-01,4,9849.573744824,0.0,4149.151093568,0.0,200.0,471614.625,157.962555,195.863541,1.0,0.0,0.0,6200.0
2013-09-01,40,192152.1734625904,100.0,38106.64649958401,15.785665792,0.0,0.0,142.136719,127.835632,1.0,3033.3392313855875,489.35574937600177,0.0
2013-09-01,41,14138.352450470398,0.0,6562.228156224,0.0,300.0,462700.0,237.820114,281.195648,1.0,0.0,0.0,9300.0
2013-09-01,42,23355.4977690032,0.0,8677.292,0.0,250.0,324400.0,150.730881,176.414337,1.0,0.0,0.0,7750.0
2013-09-01,43,204654.46322499998,110.0,18419.011,4.872390016000001,0.0,0.0,206.012924,189.954102,1.0,3420.8250312047894,151.0437502079949,0.0
2013-09-01,44,179249.0259624096,99.999985,55283.975500416,13.972598848,0.0,0.0,126.755775,94.970863,1.0,3045.552412409568,433.1535004160032,0.0
2013-09-01,45,195083.6882562048,100.0,44761.15475020801,16.852342208000003,0.0,0.0,184.682129,122.028427,1.0,3026.153843795182,522.4212497920089,0.0
2013-09-01,47,196079.6478875904,90.0,36361.032499584006,12.142159744,0.0,0.0,183.080948,167.236404,1.0,2743.916243795218,376.4052497920129,0.0
2013-09-01,48,187901.61179999998,100.0,41484.534,14.806618944000002,0.0,0.0,126.096756,89.063995,1.0,3039.9341937951685,459.0072497919973,0.0
2013-09-01,49,122237.0774125904,65.384636,25538.090499584,6.633838848,0.0,0.0,97.440323,50.0,1.0,2008.1774468975927,205.6486248959991,0.0
2013-09-01,50,64330.100218198386,34.588055,27064.618750208,9.126985088,0.0,0.0,93.341347,50.0,1.0,1024.4667025055824,282.9368755200012,0.0
2013-09-01,51,139454.31431569278,100.0,24196.176874688,7.223388224000001,0.0,0.0,99.222931,60.59568,1.0,3091.0193750000035,223.9250000000029,0.0
2013-09-01,52,121802.63202189759,100.0,24008.960624895997,6.254671488,0.0,0.0,92.933937,55.81702,1.0,3097.545125000004,193.89500000000044,0.0
2013-09-01,53,182779.5621625904,100.0,30558.404499584005,7.077997056,0.0,0.0,134.900665,119.964561,1.0,3091.998237590393,219.42049958400457,0.0
2013-09-01,54,80343.32291921119,93.976768,27716.893750208,32.173422527999996,0.0,0.0,78.082848,50.0,1.0,2733.8337187951984,997.3762497919997,0.0
2013-09-01,55,181251.91444999998,100.0,29682.185,8.130909696,0.0,0.0,144.536224,126.890129,1.0,3084.905368795211,252.06024979200083,0.0
2013-09-01,56,40005.1356716896,15.998122,15678.836874688,6.08945376,0.0,0.0,56.297318,50.0,1.0,461.267630996801,188.77299999999923,0.0
2013-09-01,6,190913.4673874096,100.0,22961.737500416,8.037075072,0.0,0.0,162.902573,144.487228,1.0,3085.5378155119834,249.14987552000093,0.0
2013-09-01,7,10323.4740913328,0.0,2367.8959690879997,0.0,131.456451,249833.640625,274.250244,300.0,1.0,0.0,0.0,4075.15625
2013-09-01,9,74831.4490255968,57.62339,29214.984499584003,17.035136768,0.0,0.0,76.088219,50.0,1.0,1694.4352698080038,528.0892497920031,0.0
2013-10-01,1,57984.2718056576,35.66692,14.618849024,0.010661248,0.0,0.0,103.89566,50.0,1.0,1083.6304517760072,0.3198424320000015,0.0
2013-10-01,12,186946.8071,100.0,18427.838,4.264708032,0.0,0.0,105.420471,73.47953,1.0,3010.5970562048024,127.94275020799614,0.0
2013-10-01,13,16361.5769856208,0.0,4763.04034336,0.0,250.0,482490.5625,245.293091,270.074066,1.0,0.0,0.0,7500.0
2013-10-01,14,185045.4797562048,100.0,38406.689750208,11.807593408,0.0,0.0,122.71402,98.909508,1.0,2961.4236936143716,354.22725062399695,0.0
2013-10-01,15,2650.377862456,0.0,1080.0747343360001,0.0,100.0,242100.0,164.327057,173.395706,1.0,0.0,0.0,3000.0
2013-10-01,16,190113.63555310242,100.0,19057.790375104003,2.312702912,0.0,0.0,140.828644,123.661148,1.0,3023.3229750000173,69.38100000000122,0.0
2013-10-01,17,121779.72507500001,98.994186,39495.248,17.003391808,0.0,0.0,110.411331,50.0,1.0,2896.9931625904137,510.10049958400487,0.0
2013-10-01,19,0.0,0.0,0.0,0.0,200.0,328850.0,252.861816,279.65976,1.0,0.0,0.0,6000.0
2013-10-01,2,19695.628620048003,0.0,5306.085687551999,0.0,100.0,242050.0,180.645416,206.105438,1.0,0.0,0.0,3000.0
2013-10-01,20,190630.62361879522,100.0,16678.730249792003,4.270266624,0.0,0.0,93.407822,62.876793,1.0,3010.561037590436,128.1084995840065,0.0
2013-10-01,21,3693.2081635967997,0.0,950.0383751040001,0.0,100.0,270950.0,130.798401,143.660812,1.0,0.0,0.0,3000.0
2013-10-01,22,105092.9432369936,72.172012,44015.699,19.095733696,0.0,0.0,94.543381,50.0,1.0,2068.3888869936054,572.8709999999992,0.0
2013-10-01,23,118803.50430578878,91.832924,17788.917249792,12.211462015999999,0.0,0.0,74.763901,50.0,1.0,2710.63896778239,366.3432497920003,0.0
2013-10-01,24,17359.134568899204,0.0,3296.853624896,0.0,200.0,324150.0,174.699982,189.898819,1.0,0.0,0.0,6000.0
2013-10-01,25,183761.0468062048,100.0,51323.07375020801,14.414456576000001,0.0,0.0,186.019791,149.006485,1.0,2944.429199999984,432.4320000000007,0.0
2013-10-01,26,11469.072694115199,0.0,2419.039796992,0.0,150.0,292100.0,178.102768,188.666855,1.0,0.0,0.0,4500.0
2013-10-01,27,185138.1151,100.0,46971.496,16.074828223999997,0.0,0.0,139.545105,120.955177,1.0,2933.604506204807,482.2447502080031,0.0
2013-10-01,28,16197.7439393632,0.0,8189.129812864,0.0,240.0,361210.0,244.75769,285.44397,1.0,0.0,0.0,7200.0
2013-10-01,29,182690.469675,80.144211,50698.908,10.296160576,0.0,0.0,90.747337,50.0,1.0,2367.9808187951858,308.88324979200115,0.0
2013-10-01,3,202314.829075,100.0,52634.842,8.441557696,0.0,0.0,125.012054,98.739464,1.0,2983.3675875903864,253.24649958399823,0.0
2013-10-01,30,191471.17216259037,100.0,77480.68249958399,17.712950528,0.0,0.0,186.361053,135.256653,1.0,2922.9253000000026,531.3879999999917,0.0
2013-10-01,31,215119.5523562048,100.0,38400.475750208,9.604032256,0.0,0.0,141.770142,125.813538,1.0,2975.788818795205,288.1222497920098,0.0
2013-10-01,32,17089.8692130064,0.0,4182.295,0.0,250.0,500900.0,178.095078,204.858902,1.0,0.0,0.0,7500.0
2013-10-01,33,183682.5651062048,100.0,48444.769750208005,14.863865536,0.0,0.0,140.820114,121.055061,1.0,2941.498968795233,445.9162497920115,0.0
2013-10-01,34,10489.494538022398,0.0,4413.073843776001,0.0,200.0,342550.0,183.09848,205.836121,1.0,0.0,0.0,6000.0
2013-10-01,35,120275.13721879521,61.014252,17007.695249792003,4.234445696,0.0,0.0,106.36982,50.0,1.0,1826.2457281024108,127.03437510400181,0.0
2013-10-01,36,8973.8223096576,0.0,4027.040062656,0.0,100.0,278450.0,153.134628,186.400894,1.0,0.0,0.0,3000.0
2013-10-01,37,14834.4426593072,0.0,2577.531125312,0.0,300.0,408000.0,224.758575,243.443085,1.0,0.0,0.0,9000.0
2013-10-01,38,83322.3173125904,47.899895,15877.868499584001,3.402552192,0.0,0.0,107.662689,50.0,1.0,1433.2037869935884,102.07600000000093,0.0
2013-10-01,4,9849.573744824,0.0,4149.151093568,0.0,200.0,477614.625,156.745331,194.617691,1.0,0.0,0.0,6000.0
2013-10-01,40,195089.626325,100.0,38571.182,15.484542528000002,0.0,0.0,142.991394,128.768463,1.0,2937.4528624095838,464.53550041599374,0.0
2013-10-01,41,14138.352450470398,0.0,6562.228156224,0.0,300.0,471700.0,239.307648,282.575012,1.0,0.0,0.0,9000.0
2013-10-01,42,23355.4977690032,0.0,8677.292,0.0,250.0,331900.0,153.461411,179.015015,1.0,0.0,0.0,7500.0
2013-10-01,43,207965.5463,110.0,18562.388,4.7792318080000005,0.0,0.0,204.186188,188.181747,1.0,3311.0830750000023,143.3770000000004,0.0
2013-10-01,44,182198.54157499998,100.0,55693.001,13.634226112,0.0,0.0,130.452194,98.767136,1.0,2949.5156125903886,409.0254995839932,0.0
2013-10-01,45,198012.42175620477,100.0,45265.814750208,16.821968383999998,0.0,0.0,187.434052,124.551888,1.0,2928.733499999973,504.6599999999962,0.0
2013-10-01,47,198736.91306240959,90.0,36716.725500415996,11.85640768,0.0,0.0,181.454987,165.649368,1.0,2657.2651748191856,355.6930008319905,0.0
2013-10-01,48,190843.7541624096,100.0,41927.489500416,14.765187840000001,0.0,0.0,127.826721,90.806053,1.0,2942.1423624096205,442.95550041599927,0.0
2013-10-01,49,124152.3913406928,64.417542,25731.151874688,6.435345280000001,0.0,0.0,96.896675,50.0,1.0,1915.313928102405,193.06137510400004,0.0
2013-10-01,50,65308.7221687952,34.120567,27331.970249791997,8.911745856,0.0,0.0,92.577736,50.0,1.0,978.6219505968111,267.3514995839978,0.0
2013-10-01,51,142446.58206569278,100.0,24408.466874687998,7.076355520000001,0.0,0.0,100.663574,62.163841,1.0,2992.267749999999,212.28999999999724,0.0
2013-10-01,52,124801.44105930718,100.0,24191.149125312,6.072953536,0.0,0.0,93.991287,57.539253,1.0,2998.809037409592,182.18850041600308,0.0
2013-10-01,53,185773.01217499998,100.0,30765.254,6.895076864000001,0.0,0.0,136.424789,121.466431,1.0,2993.450012409594,206.84950041599586,0.0
2013-10-01,54,83051.1179307888,96.170288,28702.794249791998,32.863377664,0.0,0.0,78.811333,50.0,1.0,2707.795011577604,985.9004995839969,0.0
2013-10-01,55,184238.7348937952,100.0,29919.542249791997,7.911940608,0.0,0.0,145.990326,128.29361,1.0,2986.820443795208,237.35724979199586,0.0
2013-10-01,56,40461.35869731359,16.339729,15864.025125311999,6.172935807999999,0.0,0.0,56.414146,50.0,1.0,456.2230256239927,185.1882506239981,0.0
2013-10-01,6,193898.9890374096,100.0,23205.071500416,8.111110592000001,0.0,0.0,161.579987,142.97908,1.0,2985.5216500000097,243.33400000000256,0.0
2013-10-01,7,10323.4740913328,0.0,2367.8959690879997,0.0,125.863602,253609.546875,275.59726,300.0,1.0,0.0,0.0,3775.90625
2013-10-01,9,76544.35621199361,60.12751,29739.632,17.488277248,0.0,0.0,76.511696,50.0,1.0,1712.907186396813,524.6475004159984,0.0
2013-11-01,1,59087.1576668624,35.129368,14.918915648,0.009679488000000002,0.0,0.0,103.172356,50.0,1.0,1102.8858612047989,0.30006662400000117,0.0
2013-11-01,12,190058.0923187952,100.0,18558.504249792,4.2150459520000005,0.0,0.0,104.470093,72.571411,1.0,3111.2852187952085,130.6662497920006,0.0
2013-11-01,13,16361.5769856208,0.0,4763.04034336,0.0,250.0,490240.5625,243.46492,268.222076,1.0,0.0,0.0,7750.0
2013-11-01,14,188106.83875,100.0,38767.105,11.626260672,0.0,0.0,125.746849,102.034477,1.0,3061.3589937952056,360.4152497920004,0.0
2013-11-01,15,2650.377862456,0.0,1080.0747343360001,0.0,100.0,245200.0,164.94899,174.001663,1.0,0.0,0.0,3100.0
2013-11-01,16,193238.25088759037,100.0,19127.114499584,2.236244608,0.0,0.0,139.583618,122.493713,1.0,3124.6153344879567,69.32412447999741,0.0
2013-11-01,17,124730.50944379519,97.533798,40008.179249791996,16.546119616,0.0,0.0,110.245522,50.0,1.0,2950.7843687951827,512.9312497919964,0.0
2013-11-01,19,0.0,0.0,0.0,0.0,200.0,335050.0,256.062714,282.766693,1.0,0.0,0.0,6200.0
2013-11-01,2,19695.628620048003,0.0,5306.085687551999,0.0,100.0,245150.0,180.750702,206.193634,1.0,0.0,0.0,3100.0
2013-11-01,20,193741.58678759038,100.0,16810.878499584,4.262856832,0.0,0.0,92.724503,62.218182,1.0,3110.9631687951623,132.14824979199693,0.0
2013-11-01,21,3693.2081635967997,0.0,950.0383751040001,0.0,100.0,274050.0,130.027451,142.881699,1.0,0.0,0.0,3100.0
2013-11-01,22,107255.50924379518,72.943375,44602.97724979199,18.944476928,0.0,0.0,94.826279,50.0,1.0,2162.566006801586,587.2782497919907,0.0
2013-11-01,23,121711.20098490399,95.296852,18176.939624895997,12.516829312,0.0,0.0,75.1745,50.0,1.0,2907.696679115208,388.0223751039957,0.0
2013-11-01,24,17359.134568899204,0.0,3296.853624896,0.0,200.0,330350.0,176.184265,191.313126,1.0,0.0,0.0,6200.0
2013-11-01,25,186805.62247499998,100.0,51760.722,14.117669696,0.0,0.0,188.679153,151.782303,1.0,3044.57566879518,437.6482497919933,0.0
2013-11-01,26,11469.072694115199,0.0,2419.039796992,0.0,150.0,296750.0,178.235794,188.78418,1.0,0.0,0.0,4650.0
2013-11-01,27,188170.7883375904,100.0,47463.916499584004,15.884519039999999,0.0,0.0,140.899887,122.313042,1.0,3032.6732375904103,492.4204995840046,0.0
2013-11-01,28,16197.7439393632,0.0,8189.129812864,0.0,240.0,368650.0,247.998993,288.517548,1.0,0.0,0.0,7440.0
2013-11-01,29,185110.1249437952,79.22229,51010.313249791994,10.045306752,0.0,0.0,90.246819,50.0,1.0,2419.655268795206,311.4052497919911,0.0
2013-11-01,3,205399.7372687952,100.0,52886.889249791995,8.13048704,0.0,0.0,126.596718,100.500893,1.0,3084.908193795214,252.04724979199818,0.0
2013-11-01,30,194493.35193740958,100.0,78021.39150041601,17.442278463999997,0.0,0.0,189.030914,138.04155,1.0,3022.179774819204,540.7090008320229,0.0
2013-11-01,31,218194.6090687952,100.0,38697.857249791996,9.592913408000001,0.0,0.0,142.781891,126.842056,1.0,3075.056712590391,297.381499583993,0.0
2013-11-01,32,17089.8692130064,0.0,4182.295,0.0,250.0,508650.0,176.713181,203.455948,1.0,0.0,0.0,7750.0
2013-11-01,33,186723.94993740958,100.0,48897.10150041599,14.591333952000001,0.0,0.0,140.981369,121.260918,1.0,3041.3848312047776,452.3317502079881,0.0
2013-11-01,34,10489.494538022398,0.0,4413.073843776001,0.0,200.0,348750.0,184.734802,207.397156,1.0,0.0,0.0,6200.0
2013-11-01,35,122128.82239421121,59.929684,17136.154750208,4.143879168,0.0,0.0,105.335693,50.0,1.0,1853.6851754160016,128.45950041599644,0.0
2013-11-01,36,8973.8223096576,0.0,4027.040062656,0.0,100.0,281550.0,151.683167,184.925964,1.0,0.0,0.0,3100.0
2013-11-01,37,14834.4426593072,0.0,2577.531125312,0.0,300.0,417300.0,226.060486,244.694321,1.0,0.0,0.0,9300.0
2013-11-01,38,84788.32032810239,47.414085,15982.120375104001,3.3629747839999995,0.0,0.0,107.89991,50.0,1.0,1466.0030155119894,104.25187551999989,0.0
2013-11-01,4,9849.573744824,0.0,4149.151093568,0.0,200.0,483814.625,155.718536,193.558319,1.0,0.0,0.0,6200.0
2013-11-01,40,198126.674075,100.0,39043.472,15.235106432,0.0,0.0,143.928879,129.754684,1.0,3037.047749999998,472.2900000000009,0.0
2013-11-01,41,14138.352450470398,0.0,6562.228156224,0.0,300.0,481000.0,241.013931,284.169861,1.0,0.0,0.0,9300.0
2013-11-01,42,23355.4977690032,0.0,8677.292,0.0,250.0,339650.0,155.766968,181.195084,1.0,0.0,0.0,7750.0
2013-11-01,43,211387.6383437952,110.0,18707.601249792002,4.684276479999999,0.0,0.0,202.493607,186.545883,1.0,3422.0920437952154,145.2132497920029,0.0
2013-11-01,44,185248.37668759038,100.0,56106.446499583995,13.336973312,0.0,0.0,133.708435,102.112885,1.0,3049.835112590401,413.44549958399875,0.0
2013-11-01,45,201038.8023062048,100.0,45787.19275020801,16.818643712,0.0,0.0,189.888153,126.820747,1.0,3026.380550000031,521.3780000000042,0.0
2013-11-01,47,201484.6600062048,90.0,37075.502750208005,11.573520192,0.0,0.0,179.96608,164.198517,1.0,2747.7469437952095,358.77724979200866,0.0
2013-11-01,48,193884.26465620482,100.0,42383.84475020801,14.721204992,0.0,0.0,129.251694,92.250092,1.0,3040.510493795213,456.35524979201,0.0
2013-11-01,49,126108.17282499999,63.635277,25925.146,6.257908799999999,0.0,0.0,96.472366,50.0,1.0,1955.7814843071828,193.99412531200142,0.0
2013-11-01,50,66311.2755869936,33.807568,27603.017,8.743443904,0.0,0.0,92.085632,50.0,1.0,1002.5534181983967,271.0467502080028,0.0
2013-11-01,51,145539.59942189758,100.0,24623.197624895998,6.926799360000001,0.0,0.0,102.387527,64.021492,1.0,3093.0173562048003,214.73075020800025,0.0
2013-11-01,52,127901.33093430719,100.0,24374.254125312,5.906622592000001,0.0,0.0,95.343269,59.569321,1.0,3099.889875000008,183.10499999999956,0.0
2013-11-01,53,188867.43638120478,100.0,30973.510750208003,6.717942400000001,0.0,0.0,137.873337,122.892456,1.0,3094.4242062047997,208.2567502080019,0.0
2013-11-01,54,85909.769100416,98.23951,29741.653500415996,33.511527296,0.0,0.0,79.516273,50.0,1.0,2858.6511696272064,1038.8592506239984,0.0
2013-11-01,55,187326.5634312048,100.0,30158.150750208002,7.697014208000001,0.0,0.0,147.369934,129.630875,1.0,3087.8285374096013,238.60850041600497,0.0
2013-11-01,56,40944.8853562048,16.746254,16058.454750207999,6.271913856,0.0,0.0,56.553154,50.0,1.0,483.5266588912127,194.42962489599995,0.0
2013-11-01,6,196983.5804781024,100.0,23458.576375104003,8.177584064000001,0.0,0.0,160.403152,141.633301,1.0,3084.591440692806,253.50487468800202,0.0
2013-11-01,7,10323.4740913328,0.0,2367.8959690879997,0.0,122.069092,257393.6875,276.499176,300.0,1.0,0.0,0.0,3784.140625
2013-11-01,9,78393.319025,62.739864,30295.811,17.9412064,0.0,0.0,76.949432,50.0,1.0,1848.9628130063938,556.1790000000001,0.0
2013-12-01,1,60141.479585740795,34.701759,15.187056768,0.008938176,0.0,0.0,102.599022,50.0,1.0,1054.3219188783987,0.26814111999999923,0.0
2013-12-01,12,193069.30063430718,100.0,18683.634125312,4.171004032000001,0.0,0.0,103.734955,71.874451,1.0,3011.2083155119617,125.1298755200005,0.0
2013-12-01,13,16361.5769856208,0.0,4763.04034336,0.0,250.0,497740.5625,241.871109,266.605011,1.0,0.0,0.0,7500.0
2013-12-01,14,191070.45676259042,100.0,39111.234499584,11.471016127999999,0.0,0.0,128.260468,104.622719,1.0,2963.618012590421,344.12949958399986,0.0
2013-12-01,15,2650.377862456,0.0,1080.0747343360001,0.0,100.0,248200.0,165.681168,174.717255,1.0,0.0,0.0,3000.0
2013-12-01,16,196262.5152937952,100.0,19192.163249792004,2.1682876799999997,0.0,0.0,138.583572,121.56234,1.0,3024.264406204835,65.04875020800318,0.0
2013-12-01,17,127557.24565,96.502373,40493.128,16.164984576000002,0.0,0.0,110.16201,50.0,1.0,2826.736206204805,484.948750208001,0.0
2013-12-01,19,0.0,0.0,0.0,0.0,200.0,341050.0,258.774994,285.390625,1.0,0.0,0.0,6000.0
2013-12-01,2,19695.628620048003,0.0,5306.085687551999,0.0,100.0,248150.0,180.885605,206.302231,1.0,0.0,0.0,3000.0
2013-12-01,20,196752.2594124096,100.0,16938.473500416,4.2531598719999995,0.0,0.0,92.193832,61.710587,1.0,3010.6726248192135,127.59500083199964,0.0
2013-12-01,21,3693.2081635967997,0.0,950.0383751040001,0.0,100.0,277050.0,129.422989,142.267456,1.0,0.0,0.0,3000.0
2013-12-01,22,109370.428175,73.632271,45165.887,18.763629248,0.0,0.0,95.100777,50.0,1.0,2114.918931204811,562.9097502080112,0.0
2013-12-01,23,124618.5012406928,98.42881,18560.559874688,12.787354112,0.0,0.0,75.575958,50.0,1.0,2907.3002557888103,383.62024979200214,0.0
2013-12-01,24,17359.134568899204,0.0,3296.853624896,0.0,200.0,336350.0,177.390152,192.470367,1.0,0.0,0.0,6000.0
2013-12-01,25,189753.7361812048,100.0,52176.19875020801,13.849224064,0.0,0.0,191.156906,154.375214,1.0,2948.1137062048074,415.4767502080067,0.0
2013-12-01,26,11469.072694115199,0.0,2419.039796992,0.0,150.0,301250.0,178.685318,189.217194,1.0,0.0,0.0,4500.0
2013-12-01,27,191106.9070937952,100.0,47934.59124979199,15.689089727999999,0.0,0.0,142.068924,123.494202,1.0,2936.1187562047853,470.67475020798884,0.0
2013-12-01,28,16197.7439393632,0.0,8189.129812864,0.0,240.0,375850.0,250.700516,291.06311,1.0,0.0,0.0,7200.0
2013-12-01,29,187431.58708120478,78.513962,51305.328750208006,9.833833152,0.0,0.0,89.845848,50.0,1.0,2321.462137409573,295.0155004160115,0.0
2013-12-01,3,208386.864225,100.0,53122.836,7.864965055999999,0.0,0.0,127.825653,101.887787,1.0,2987.1269562047964,235.94675020800787,0.0
2013-12-01,30,197419.69972499998,100.0,78537.03,17.187862848,0.0,0.0,191.508743,140.642792,1.0,2926.3477875904064,515.6384995839908,0.0
2013-12-01,31,221170.58928120483,100.0,38985.098750208,9.57475584,0.0,0.0,143.754684,127.82296,1.0,2975.9802124096313,287.2415004160066,0.0
2013-12-01,32,17089.8692130064,0.0,4182.295,0.0,250.0,516150.0,175.576126,202.29657,1.0,0.0,0.0,7500.0
2013-12-01,33,189668.88834379517,100.0,49327.190249791995,14.336285184000001,0.0,0.0,141.469223,121.789551,1.0,2944.938406385598,430.08874937600194,0.0
2013-12-01,34,10489.494538022398,0.0,4413.073843776001,0.0,200.0,354750.0,185.955978,208.552109,1.0,0.0,0.0,6000.0
2013-12-01,35,123903.47942130078,59.281792,17258.379125312,4.074155072,0.0,0.0,104.691849,50.0,1.0,1774.6570270895754,122.2243751040005,0.0
2013-12-01,36,8973.8223096576,0.0,4027.040062656,0.0,100.0,284550.0,150.808975,184.024261,1.0,0.0,0.0,3000.0
2013-12-01,37,14834.4426593072,0.0,2577.531125312,0.0,300.0,426300.0,227.207321,245.796677,1.0,0.0,0.0,9000.0
2013-12-01,38,86199.8935437952,47.174675,16082.329249792003,3.3402453760000004,0.0,0.0,108.188637,50.0,1.0,1411.5732156928134,100.20887468800174,0.0
2013-12-01,4,9849.573744824,0.0,4149.151093568,0.0,200.0,489814.625,154.894257,192.699997,1.0,0.0,0.0,6000.0
2013-12-01,40,201067.0486937952,100.0,39494.562249792,15.036374080000002,0.0,0.0,144.859268,130.709305,1.0,2940.3746187952056,451.09024979199603,0.0
2013-12-01,41,14138.352450470398,0.0,6562.228156224,0.0,300.0,490000.0,242.746704,285.795685,1.0,0.0,0.0,9000.0
2013-12-01,42,23355.4977690032,0.0,8677.292,0.0,250.0,347150.0,157.645172,182.958939,1.0,0.0,0.0,7500.0
2013-12-01,43,214699.9245156928,110.0,18845.441874688,4.594700864,0.0,0.0,201.030975,185.138306,1.0,3312.2861718976055,137.8406248959982,0.0
2013-12-01,44,188201.56056240958,100.0,56498.591500416005,13.071568639999999,0.0,0.0,136.414154,104.89888,1.0,2953.183874819195,392.1450008320098,0.0
2013-12-01,45,203967.48071879518,100.0,46292.10624979199,16.830468096,0.0,0.0,191.926697,128.720337,1.0,2928.6784125903796,504.91349958398496,0.0
2013-12-01,47,204145.47479379518,90.0,37414.861249792,11.311940224,0.0,0.0,178.695206,162.961945,1.0,2660.8147875903815,339.35849958399194,0.0
2013-12-01,48,196827.0377,100.0,42823.898,14.668427904,0.0,0.0,130.386581,93.406273,1.0,2942.7730437951686,440.05324979199213,0.0
2013-12-01,49,127983.75374069279,63.039463,26108.359874687998,6.107102144,0.0,0.0,96.159607,50.0,1.0,1875.5809156928008,183.2138746879973,0.0
2013-12-01,50,67276.7414057888,33.623951,27861.473249791998,8.615226048,0.0,0.0,91.79705,50.0,1.0,965.4658187952009,258.45624979199783,0.0
2013-12-01,51,148533.7765187952,100.0,24826.701249792,6.783452416,0.0,0.0,104.216019,65.98896,1.0,2994.17709689762,203.5036248960023,0.0
2013-12-01,52,130902.2696687952,100.0,24546.642249792003,5.746263744,0.0,0.0,96.801872,61.682205,1.0,3000.938734488009,172.38812448000317,0.0
2013-12-01,53,191863.08565620478,100.0,31170.239750208002,6.557611008,0.0,0.0,139.167816,124.16626,1.0,2995.6492750000034,196.72899999999936,0.0
2013-12-01,54,88726.191900416,100.0,30763.141500415997,34.049580032,0.0,0.0,80.181122,50.047939,1.0,2816.4228000000003,1021.4880000000012,0.0
2013-12-01,55,190316.0549125904,100.0,30383.216499584003,7.502222208,0.0,0.0,148.598923,130.830215,1.0,2989.491481385601,225.0657493760009,0.0
2013-12-01,56,41425.183999584006,17.176186,16249.824499584001,6.3789947520000005,0.0,0.0,56.70116,50.0,1.0,480.298643379203,191.3697493760028,0.0
2013-12-01,6,199968.3047718976,100.0,23705.579624895996,8.233476992,0.0,0.0,159.427948,140.513336,1.0,2984.7242937951814,247.00324979199286,0.0
2013-12-01,7,10323.4740913328,0.0,2367.8959690879997,0.0,119.41909,260976.265625,277.122955,300.0,1.0,0.0,0.0,3582.578125
2013-12-01,9,80253.25675620479,65.147896,30845.798750208003,18.332938623999997,0.0,0.0,77.353172,50.0,1.0,1859.9377312047873,549.9877502080017,0.0
2014-01-01,1,61218.2516103232,34.29739,15.444412671999999,0.008301695999999999,0.0,0.0,102.058678,50.0,1.0,1076.772024582402,0.25735590399999886,0.0
2014-01-01,12,196181.18510620476,100.0,18811.542750208,4.126081024,0.0,0.0,103.103249,71.279076,1.0,3111.884471897589,127.90862489599749,0.0
2014-01-01,13,16361.5769856208,0.0,4763.04034336,0.0,250.0,505490.5625,240.856339,265.56897,1.0,0.0,0.0,7750.0
2014-01-01,14,194133.24520620477,100.0,39465.07175020801,11.414102336,0.0,0.0,129.272232,105.629608,1.0,3062.7884436143504,353.8372506240048,0.0
2014-01-01,15,2650.377862456,0.0,1080.0747343360001,0.0,100.0,251300.0,166.500259,175.518234,1.0,0.0,0.0,3100.0
2014-01-01,16,199388.0017875904,100.0,19257.478499584002,2.106937664,0.0,0.0,137.59024,120.622353,1.0,3125.486493795179,65.31524979199821,0.0
2014-01-01,17,130452.16125,95.595505,40983.15,15.807128896,0.0,0.0,110.099823,50.0,1.0,2894.9156000000075,490.0220000000045,0.0
2014-01-01,19,0.0,0.0,0.0,0.0,200.0,347250.0,261.299927,287.827026,1.0,0.0,0.0,6200.0
2014-01-01,2,19695.628620048003,0.0,5306.085687551999,0.0,100.0,251250.0,181.04718,206.430618,1.0,0.0,0.0,3100.0
2014-01-01,20,199863.37230620478,100.0,17069.932750207998,4.240647424,0.0,0.0,91.744514,61.286324,1.0,3111.112893795187,131.45924979199845,0.0
2014-01-01,21,3693.2081635967997,0.0,950.0383751040001,0.0,100.0,280150.0,128.906082,141.738953,1.0,0.0,0.0,3100.0
2014-01-01,22,111578.552799584,74.308784,45740.79249958401,18.545272512,0.0,0.0,95.365166,50.0,1.0,2208.124624584001,574.9054995840052,0.0
2014-01-01,23,127671.29200930719,100.0,18960.404125312,12.898193983999999,0.0,0.0,76.046104,50.228188,1.0,3052.790768614388,399.8442506240026,0.0
2014-01-01,24,17359.134568899204,0.0,3296.853624896,0.0,200.0,342550.0,178.486801,193.529892,1.0,0.0,0.0,6200.0
2014-01-01,25,192801.8727625904,100.0,52597.460499584005,13.589124224,0.0,0.0,193.624939,156.966034,1.0,3048.1365813856246,421.26174937599717,0.0
2014-01-01,26,11469.072694115199,0.0,2419.039796992,0.0,150.0,305900.0,179.316849,189.830063,1.0,0.0,0.0,4650.0
2014-01-01,27,194142.27326240958,100.0,48414.619500415996,15.484815424,0.0,0.0,143.179825,124.624619,1.0,3035.3661686143896,480.0282506240037,0.0
2014-01-01,28,16197.7439393632,0.0,8189.129812864,0.0,210.0,382360.0,245.434967,280.612061,1.0,0.0,0.0,6510.0
2014-01-01,29,189813.01266879516,77.917831,51604.192249791995,9.640753408,0.0,0.0,89.494637,50.0,1.0,2381.4255875903764,298.8634995839893,0.0
2014-01-01,3,211475.22033120476,100.0,53359.01675020801,7.618657280000001,0.0,0.0,128.902908,103.117081,1.0,3088.3561062047665,236.1807502080046,0.0
2014-01-01,30,200445.32741259038,100.0,79061.87249958399,16.930387967999998,0.0,0.0,193.972626,143.242691,1.0,3025.6276875904005,524.8424995839887,0.0
2014-01-01,31,224245.94826879518,100.0,39281.08924979199,9.548090239999999,0.0,0.0,144.743256,128.816101,1.0,3075.3589875903563,295.99049958398973,0.0
2014-01-01,32,17089.8692130064,0.0,4182.295,0.0,250.0,523900.0,174.389313,201.08136,1.0,0.0,0.0,7750.0
2014-01-01,33,192713.6469312048,100.0,49763.996750208,14.090530688000001,0.0,0.0,142.159073,122.517197,1.0,3044.7585874096258,436.80650041600893,0.0
2014-01-01,34,10489.494538022398,0.0,4413.073843776001,0.0,200.0,360950.0,187.005478,209.538574,1.0,0.0,0.0,6200.0
2014-01-01,35,125725.0040375904,58.87764,17382.852499584,4.015266112,0.0,0.0,104.258682,50.0,1.0,1821.524616289622,124.47337427200182,0.0
2014-01-01,36,8973.8223096576,0.0,4027.040062656,0.0,100.0,287650.0,150.231705,183.414871,1.0,0.0,0.0,3100.0
2014-01-01,37,14834.4426593072,0.0,2577.531125312,0.0,300.0,435600.0,228.285233,246.831604,1.0,0.0,0.0,9300.0
2014-01-01,38,87655.2064088912,47.065723,16185.417624896,3.3254790400000003,0.0,0.0,108.362122,50.0,1.0,1455.3128650959989,103.08837510399644,0.0
2014-01-01,4,9849.573744824,0.0,4149.151093568,0.0,200.0,496014.625,154.160507,191.928833,1.0,0.0,0.0,6200.0
2014-01-01,40,204106.634,100.0,39955.175,14.858529088000001,0.0,0.0,145.822876,131.68338,1.0,3039.5853062047972,460.6127502080053,0.0
2014-01-01,41,14138.352450470398,0.0,6562.228156224,0.0,300.0,499300.0,244.600174,287.540344,1.0,0.0,0.0,9300.0
2014-01-01,42,23355.4977690032,0.0,8677.292,0.0,250.0,354900.0,158.909317,184.110123,1.0,0.0,0.0,7750.0
2014-01-01,43,217811.54414379518,100.0,18974.569249792003,4.165404672,0.0,0.0,200.653137,185.974716,1.0,3111.619628102373,129.12737510400257,0.0
2014-01-01,44,191254.0201,100.0,56899.96,12.947379328,0.0,0.0,137.314453,105.854469,1.0,3052.4595375904173,401.368499583994,0.0
2014-01-01,45,206994.15648120482,100.0,46812.125750208004,16.774841408,0.0,0.0,192.979385,129.794586,1.0,3026.6757624096354,520.0195004160123,0.0
2014-01-01,47,207204.3979312048,100.0,37786.485750208005,11.987856191999999,0.0,0.0,176.828491,159.682968,1.0,3058.9231374096125,371.62450041600823,0.0
2014-01-01,48,199868.3702687952,100.0,43276.47024979199,14.599059071999998,0.0,0.0,131.389816,94.434868,1.0,3041.3325687952165,452.57224979199236,0.0
2014-01-01,49,129907.4733718976,62.552063,26293.398624896,5.96902176,0.0,0.0,95.910011,50.0,1.0,1923.7196312048181,185.03875020800115,0.0
2014-01-01,50,68271.92029379519,33.521851,28125.165249791997,8.506157503999999,0.0,0.0,91.625206,50.0,1.0,995.1788880063978,263.6919999999991,0.0
2014-01-01,51,151628.7452437952,100.0,25032.452249792,6.637122752,0.0,0.0,106.288864,68.209572,1.0,3094.9687249999843,205.7510000000002,0.0
2014-01-01,52,134004.3287906928,100.0,24719.764874688,5.584586176,0.0,0.0,98.478691,64.052559,1.0,3102.0591218975896,173.12262489599743,0.0
2014-01-01,53,194959.5855312048,100.0,31368.944750208,6.409814528,0.0,0.0,140.444717,125.414528,1.0,3096.4998750000086,198.7049999999981,0.0
2014-01-01,54,91637.470650416,100.0,31814.191500415996,33.904895231999994,0.0,0.0,81.27121,51.138756,1.0,2911.2787499999977,1051.0499999999993,0.0
2014-01-01,55,193406.372275,100.0,30610.372,7.3276453120000005,0.0,0.0,149.766403,131.966614,1.0,3090.317362409609,227.15550041599636,0.0
2014-01-01,56,41935.9316314128,17.662518,16451.363500416,6.5012479999999995,0.0,0.0,56.86887,50.0,1.0,510.7476318287954,201.53900083199733,0.0
2014-01-01,6,203052.0307031024,100.0,23963.067375104,8.30602656,0.0,0.0,158.305786,139.212143,1.0,3083.7259312048263,257.4877502080053,0.0
2014-01-01,7,10323.4740913328,0.0,2367.8959690879997,0.0,117.593048,264621.65625,277.551971,300.0,1.0,0.0,0.0,3645.390625
2014-01-01,9,82242.9190874096,67.378349,31424.737500415995,18.675488832000003,0.0,0.0,77.781235,50.0,1.0,1989.6623312048032,578.9387502079917,0.0
2014-02-01,1,61218.2516103232,0.0,15.444412671999999,0.0,0.0,0.0,108.90802,0.0,0.0,0.0,0.0,0.0
2014-02-01,12,201496.52815930717,170.707428,19015.472125312,6.578383551999999,0.0,0.0,103.433372,50.0,1.0,5315.343053102406,203.92937510400225,0.0
2014-02-01,13,16361.5769856208,0.0,4763.04034336,0.0,400.0,517890.5625,232.367447,271.754791,1.0,0.0,0.0,12400.0
2014-02-01,14,201893.1933624096,252.499634,40236.917500416,24.898296384000002,0.0,0.0,103.906914,50.0,1.0,7759.948156204831,771.8457502079909,0.0
2014-02-01,15,2650.377862456,0.0,1080.0747343360001,0.0,300.0,260600.0,172.766174,199.482452,1.0,0.0,0.0,9300.0
2014-02-01,16,208762.64196879521,300.0,19461.796249792,6.590891008000001,0.0,0.0,117.798073,66.264893,1.0,9374.640181204828,204.31775020799978,0.0
2014-02-01,17,133292.70890620482,93.847351,41470.737750208005,15.7286688,0.0,0.0,109.604897,50.0,1.0,2840.5476562048134,487.58775020800385,0.0
2014-02-01,19,0.0,0.0,0.0,0.0,264.372864,355445.5625,265.252228,300.0,1.0,0.0,0.0,8195.5625
2014-02-01,2,19695.628620048003,0.0,5306.085687551999,0.0,281.020813,259961.640625,230.617523,300.0,1.0,0.0,0.0,8711.640625
2014-02-01,20,204521.2352374096,149.675797,17260.821500416,6.157671104,0.0,0.0,95.083466,50.0,1.0,4657.862931204814,190.88875020800333,0.0
2014-02-01,21,3693.2081635967997,0.0,950.0383751040001,0.0,200.0,286350.0,153.981506,180.183258,1.0,0.0,0.0,6200.0
2014-02-01,22,113774.4380062048,73.970451,46323.15675020801,18.785940992,0.0,0.0,96.785141,50.0,1.0,2195.8852066208055,582.3642506239994,0.0
2014-02-01,23,130972.8638906928,108.147636,19392.598874688,13.9417824,0.0,0.0,76.02684,50.0,1.0,3301.5718813856074,432.1947493759981,0.0
2014-02-01,24,17359.134568899204,0.0,3296.853624896,0.0,300.0,351850.0,177.767929,199.09729,1.0,0.0,0.0,9300.0
2014-02-01,25,201965.3357187952,300.0,53773.567249791995,37.938888000000006,0.0,0.0,152.117142,53.196499,1.0,9163.462956204778,1176.1067502079895,0.0
2014-02-01,26,11469.072694115199,0.0,2419.039796992,0.0,300.0,315200.0,186.711823,207.411758,1.0,0.0,0.0,9300.0
2014-02-01,27,203249.37393759043,299.999969,49850.092499584,46.305613120000004,0.0,0.0,108.642685,53.551144,1.0,9107.100675180845,1435.472999168007,0.0
2014-02-01,28,16197.7439393632,0.0,8189.129812864,0.0,282.935455,391131.0,252.832138,300.0,1.0,0.0,0.0,8771.0
2014-02-01,29,192468.8505062048,86.882515,51935.50375020801,10.687494272,0.0,0.0,95.179718,50.0,1.0,2655.8378374096355,331.3115004160136,0.0
2014-02-01,3,218676.19321879518,233.190857,53913.43424979199,17.884419903999998,0.0,0.0,108.893478,50.0,1.0,7200.972887590411,554.4174995839858,0.0
2014-02-01,30,207117.72616259038,220.607208,80230.49449958399,37.6974832,0.0,0.0,158.152054,50.0,1.0,6672.398749999993,1168.622000000003,0.0
2014-02-01,31,233463.0007687952,300.0,40210.58924979199,29.98389056,0.0,0.0,112.02198,64.591736,1.0,9217.05250000002,929.5,0.0
2014-02-01,32,17089.8692130064,0.0,4182.295,0.0,600.0,542500.0,184.446442,247.762726,1.0,0.0,0.0,18600.0
2014-02-01,33,200971.707975,271.934937,51051.624,41.53643104,0.0,0.0,104.796967,50.0,1.0,8258.061043795198,1287.627249792,0.0
2014-02-01,34,10489.494538022398,0.0,4413.073843776001,0.0,400.0,373350.0,209.518295,253.765503,1.0,0.0,0.0,12400.0
2014-02-01,35,127956.04,72.032738,17523.493,4.5367712000000004,0.0,0.0,115.836388,50.0,1.0,2231.0359624095872,140.64050041599694,0.0
2014-02-01,36,8973.8223096576,0.0,4027.040062656,0.0,200.0,293850.0,186.193771,251.715714,1.0,0.0,0.0,6200.0
2014-02-01,37,14834.4426593072,0.0,2577.531125312,0.0,600.0,454200.0,257.641571,294.555084,1.0,0.0,0.0,18600.0
2014-02-01,38,89360.7326786992,55.122578,16301.120874688002,3.7323619839999997,0.0,0.0,110.636299,50.0,1.0,1705.5262698080041,115.70324979200268,0.0
2014-02-01,4,9849.573744824,0.0,4149.151093568,0.0,400.0,508414.625,191.905594,266.551117,1.0,0.0,0.0,12400.0
2014-02-01,40,213220.22864379518,300.0,41360.764249791995,45.341492352,0.0,0.0,113.310806,71.668129,1.0,9113.594643795193,1405.5892497919922,0.0
2014-02-01,41,14138.352450470398,0.0,6562.228156224,0.0,371.187622,510806.8125,247.103394,300.0,1.0,0.0,0.0,11506.8125
2014-02-01,42,23355.4977690032,0.0,8677.292,0.0,500.0,370400.0,190.450867,240.349152,1.0,0.0,0.0,15500.0
2014-02-01,43,227149.0765375904,300.0,19349.648499584,12.099307584,0.0,0.0,159.641739,118.831055,1.0,9337.532393795205,375.0792497919974,0.0
2014-02-01,44,197666.7060375904,210.229843,57764.440499583994,27.886453504000002,0.0,0.0,116.586899,50.0,1.0,6412.685937590402,864.480499583995,0.0
2014-02-01,45,213210.08756240958,204.794327,47796.703500416,31.760498432,0.0,0.0,166.325455,50.0,1.0,6215.931081204762,984.5777502079945,0.0
2014-02-01,47,216362.0562187952,300.0,38989.304249791996,38.800588735999995,0.0,0.0,132.45845,82.155258,1.0,9157.658287590399,1202.818499583991,0.0
2014-02-01,48,205459.17124379522,183.73674,44095.353249791995,26.415593984,0.0,0.0,117.05761,50.0,1.0,5590.80097500002,818.8830000000016,0.0
2014-02-01,49,132056.7580531024,69.852325,26495.207375104004,6.509915776,0.0,0.0,101.018028,50.0,1.0,2149.2846812048083,201.80875020800522,0.0
2014-02-01,50,69383.26039958399,37.413574,28416.576499584004,9.400391103999999,0.0,0.0,97.44825,50.0,1.0,1111.3401057887968,291.41124979200686,0.0
2014-02-01,51,155655.5283281024,129.963226,25279.317375104,7.963373184,0.0,0.0,95.738464,50.0,1.0,4026.783084307215,246.8651253120006,0.0
2014-02-01,52,137654.24267189758,117.631393,24919.207624895997,6.433661312,0.0,0.0,92.030418,50.0,1.0,3649.9138812047895,199.44275020799614,0.0
2014-02-01,53,204136.99480620478,300.0,32480.873750208,35.868678976000005,0.0,0.0,108.232231,52.153873,1.0,9177.409274999984,1111.929,0.0
2014-02-01,54,94301.38092499999,91.638283,32795.477,31.654356032,0.0,0.0,78.319031,50.0,1.0,2663.910274583992,981.2854995840025,0.0
2014-02-01,55,202589.6589625904,300.0,31695.254499584003,34.996178048000004,0.0,0.0,113.106133,53.014111,1.0,9183.286687590386,1084.882499584004,0.0
2014-02-01,56,42465.546190692796,18.298534,16657.983874688,6.665186112000001,0.0,0.0,57.094685,50.0,1.0,529.6145592799949,206.62037427200266,0.0
2014-02-01,6,212309.51389689758,300.0,24706.514624895997,23.982159552000002,0.0,0.0,121.617912,62.746014,1.0,9257.483193795168,743.447249791996,0.0
2014-02-01,7,10323.4740913328,0.0,2367.8959690879997,0.0,124.132088,268469.75,276.464569,300.0,1.0,0.0,0.0,3848.09375
2014-02-01,9,84436.35858078879,74.187393,32049.670249791998,20.159140351999998,0.0,0.0,77.000351,50.0,1.0,2193.439493379192,624.9327493760029,0.0
2014-03-01,1,61218.2516103232,0.0,15.444412671999999,0.0,0.0,0.0,106.167229,0.0,0.0,0.0,0.0,0.0
2014-03-01,12,206500.987875,177.867706,19197.633,6.50575744,0.0,0.0,105.717827,50.0,1.0,5004.459715692821,182.16087468800106,0.0
2014-03-01,13,16361.5769856208,0.0,4763.04034336,0.0,400.0,529090.5625,215.994705,255.216232,1.0,0.0,0.0,11200.0
2014-03-01,14,208441.15915,235.993317,40901.536,23.736335168,0.0,0.0,101.861763,50.0,1.0,6547.965787590394,664.6184995840013,0.0
2014-03-01,15,2650.377862456,0.0,1080.0747343360001,0.0,300.0,269000.0,167.311005,193.911926,1.0,0.0,0.0,8400.0
2014-03-01,16,217228.1220843072,299.999939,19655.254125312,6.909245824000001,0.0,0.0,111.11322,57.900921,1.0,8465.480115511979,193.4578755199982,0.0
2014-03-01,17,135788.451425,91.348839,41906.813,15.57413312,0.0,0.0,108.705101,50.0,1.0,2495.7425187951885,436.0752497919966,0.0
2014-03-01,19,0.0,0.0,0.0,0.0,277.282562,363209.46875,263.682159,300.0,1.0,0.0,0.0,7763.90625
2014-03-01,2,19695.628620048003,0.0,5306.085687551999,0.0,250.299393,266970.03125,239.007339,300.0,1.0,0.0,0.0,7008.390625
2014-03-01,20,209036.6245374096,160.63829,17445.161500416,6.583586048,0.0,0.0,98.814102,50.0,1.0,4515.38930000001,184.34000000000015,0.0
2014-03-01,21,3693.2081635967997,0.0,950.0383751040001,0.0,200.0,291950.0,161.225128,187.128784,1.0,0.0,0.0,5600.0
2014-03-01,22,115804.44247499999,75.701843,46860.567,19.193227456,0.0,0.0,98.913193,50.0,1.0,2030.0044687951886,537.4102497919957,0.0
2014-03-01,23,134137.5413624096,114.80925,19811.941500416,14.976520832,0.0,0.0,76.400146,50.0,1.0,3164.677471716801,419.3426257280007,0.0
2014-03-01,24,17359.134568899204,0.0,3296.853624896,0.0,300.0,360250.0,173.101334,193.652359,1.0,0.0,0.0,8400.0
2014-03-01,25,209788.488625,283.513916,54771.457,35.638934656,0.0,0.0,144.229904,50.0,1.0,7823.152906204807,997.8897502080072,0.0
2014-03-01,26,11469.072694115199,0.0,2419.039796992,0.0,300.0,323600.0,183.044205,203.615494,1.0,0.0,0.0,8400.0
2014-03-01,27,210862.2056624096,277.799225,51070.051500416,43.569950528,0.0,0.0,102.926254,50.0,1.0,7612.831724819174,1219.9590008319938,0.0
2014-03-01,28,16197.7439393632,0.0,8189.129812864,0.0,286.12384,399142.46875,252.44455,300.0,1.0,0.0,0.0,8011.46875
2014-03-01,29,195063.89121879518,93.951027,52254.205249791994,11.382123583999999,0.0,0.0,99.223076,50.0,1.0,2595.0407125903876,318.7014995839854,0.0
2014-03-01,3,224965.22954379517,225.542511,54405.757249792,17.58297632,0.0,0.0,108.445709,50.0,1.0,6289.036324999994,492.32300000000396,0.0
2014-03-01,30,212798.42161259038,207.8535,81213.91849958399,35.122213568,0.0,0.0,152.202301,50.0,1.0,5680.695449999999,983.4239999999991,0.0
2014-03-01,31,241788.55263120477,299.999939,41047.964750208004,29.906217535999996,0.0,0.0,103.783134,55.303745,1.0,8325.551862409571,837.3755004160121,0.0
2014-03-01,32,17089.8692130064,0.0,4182.295,0.0,600.0,559300.0,175.817429,238.937454,1.0,0.0,0.0,16800.0
2014-03-01,33,207854.05154999997,250.596741,52083.291,36.845243968,0.0,0.0,101.158096,50.0,1.0,6882.343574999977,1031.666999999994,0.0
2014-03-01,34,10489.494538022398,0.0,4413.073843776001,0.0,400.0,384550.0,209.613708,253.653717,1.0,0.0,0.0,11200.0
2014-03-01,35,130198.00789379519,80.085075,17657.448249792003,4.784098176,0.0,0.0,122.454048,50.0,1.0,2241.9678937951976,133.9552497920049,0.0
2014-03-01,36,8973.8223096576,0.0,4027.040062656,0.0,200.0,299450.0,196.950302,262.301605,1.0,0.0,0.0,5600.0
2014-03-01,37,14834.4426593072,0.0,2577.531125312,0.0,600.0,471000.0,262.369171,298.800049,1.0,0.0,0.0,16800.0
2014-03-01,38,91053.4615218976,60.535835,16411.448624896,3.9402380160000003,0.0,0.0,112.469574,50.0,1.0,1692.7288431983907,110.32775020799636,0.0
2014-03-01,4,9849.573744824,0.0,4149.151093568,0.0,400.0,519614.625,200.299866,274.64801,1.0,0.0,0.0,11200.0
2014-03-01,40,221452.68475,300.0,42626.545,45.20656691199999,0.0,0.0,104.489265,62.091892,1.0,8232.456106204801,1265.7807502080032,0.0
2014-03-01,41,14138.352450470398,0.0,6562.228156224,0.0,385.082916,521589.125,245.217911,300.0,1.0,0.0,0.0,10782.3125
2014-03-01,42,23355.4977690032,0.0,8677.292,0.0,500.0,384400.0,197.255173,246.727982,1.0,0.0,0.0,14000.0
2014-03-01,43,235579.2985343072,300.0,19705.356125312,12.703842112,0.0,0.0,140.112976,98.559731,1.0,8430.221996716806,355.7076257279987,0.0
2014-03-01,44,203307.827125,204.788406,58529.887,27.337263615999998,0.0,0.0,115.915009,50.0,1.0,5641.121087409614,765.4465004160083,0.0
2014-03-01,45,218475.8068624096,192.27475,48656.679500415994,30.713487168000004,0.0,0.0,162.045212,50.0,1.0,5265.719300000026,859.9759999999951,0.0
2014-03-01,47,224622.35835,300.0,40126.944,40.630021119999995,0.0,0.0,113.07663,62.096909,1.0,8260.302131204808,1137.6397502080072,0.0
2014-03-01,48,210306.22148120482,176.466934,44819.017750208004,25.845187264,0.0,0.0,117.427246,50.0,1.0,4847.050237409596,723.6645004160091,0.0
2014-03-01,49,134155.3489187952,75.479538,26688.015249792003,6.88604384,0.0,0.0,104.466026,50.0,1.0,2098.590865692793,192.80787468799826,0.0
2014-03-01,50,70490.309899584,41.217674,28701.042499584004,10.159440512,0.0,0.0,102.588341,50.0,1.0,1107.0495000000083,284.46600000000035,0.0
2014-03-01,51,159088.0419125904,122.673813,25492.434499584,7.6113448319999994,0.0,0.0,94.184952,50.0,1.0,3432.513584487984,213.1171244799989,0.0
2014-03-01,52,140801.31655000002,112.283325,25089.961,6.09833536,0.0,0.0,92.083649,50.0,1.0,3147.073878102441,170.75337510400277,0.0
2014-03-01,53,212094.8109,287.702698,33405.684,33.028896576,0.0,0.0,103.595596,50.0,1.0,7957.816093795234,924.8102497920008,0.0
2014-03-01,54,96506.6987375904,83.921928,33598.818499584006,28.6907712,0.0,0.0,76.248405,50.0,1.0,2205.3178125904087,803.3414995840067,0.0
2014-03-01,55,210514.0055937952,286.284393,32589.040249791997,31.920941312,0.0,0.0,107.599075,50.0,1.0,7924.346631204826,893.7857502079933,0.0
2014-03-01,56,42965.6910406928,19.114347,16850.838874688,6.887655424,0.0,0.0,57.39806,50.0,1.0,500.1448500000042,192.85499999999956,0.0
2014-03-01,6,220449.8481562048,291.856506,25333.512750208,22.392828224,0.0,0.0,108.822243,50.0,1.0,8140.334259307216,626.9981253120022,0.0
2014-03-01,7,10323.4740913328,0.0,2367.8959690879997,0.0,129.711639,272101.65625,275.53302,300.0,1.0,0.0,0.0,3631.90625
2014-03-01,9,86621.32558800641,81.722572,32659.666,21.785540607999998,0.0,0.0,77.420876,50.0,1.0,2184.967007217623,609.9957502080033,0.0
2014-04-01,1,61218.2516103232,0.0,15.444412671999999,0.0,0.0,0.0,103.474663,0.0,0.0,0.0,0.0,0.0
2014-04-01,12,212183.7342812048,182.371353,19396.126750207997,6.40300544,0.0,0.0,106.772491,50.0,1.0,5682.746406204795,198.49375020799562,0.0
2014-04-01,13,16361.5769856208,0.0,4763.04034336,0.0,400.0,541490.5625,201.009628,240.227295,1.0,0.0,0.0,12400.0
2014-04-01,14,215601.5033437952,233.108963,41631.047249792,23.532630784000002,0.0,0.0,101.622253,50.0,1.0,7160.344193795201,729.5112497919981,0.0
2014-04-01,15,2650.377862456,0.0,1080.0747343360001,0.0,300.0,278300.0,162.779663,189.299805,1.0,0.0,0.0,9300.0
2014-04-01,16,226598.8323375904,300.0,19877.656499584,7.174233664,0.0,0.0,106.535774,51.9828,1.0,9370.710253283207,222.4023742720019,0.0
2014-04-01,17,138474.978425,88.853027,42381.638,15.316971903999999,0.0,0.0,107.701645,50.0,1.0,2686.527000000002,474.8249999999971,0.0
2014-04-01,19,0.0,0.0,0.0,0.0,289.027802,372169.34375,262.281982,300.0,1.0,0.0,0.0,8959.875
2014-04-01,2,19695.628620048003,0.0,5306.085687551999,0.0,235.513184,274270.9375,243.174423,300.0,1.0,0.0,0.0,7300.90625
2014-04-01,20,214279.4020656928,168.454224,17657.501874687998,6.8496712959999995,0.0,0.0,101.244568,50.0,1.0,5242.777528283186,212.34037427199655,0.0
2014-04-01,21,3693.2081635967997,0.0,950.0383751040001,0.0,200.0,298150.0,165.255844,190.945908,1.0,0.0,0.0,6200.0
2014-04-01,22,118114.5973807888,77.74437,47462.314249792,19.411264703999997,0.0,0.0,100.769173,50.0,1.0,2310.154905788804,601.7472497919953,0.0
2014-04-01,23,137825.2607437952,120.90033,20309.669249792,16.055755456,0.0,0.0,76.86866,50.0,1.0,3687.7193813855993,497.72774937600116,0.0
2014-04-01,24,17359.134568899204,0.0,3296.853624896,0.0,300.0,369550.0,169.706146,190.022934,1.0,0.0,0.0,9300.0
2014-04-01,25,218134.582875,273.058746,55816.371,33.706949951999995,0.0,0.0,140.86412,50.0,1.0,8346.094249999995,1044.913999999997,0.0
2014-04-01,26,11469.072694115199,0.0,2419.039796992,0.0,300.0,332900.0,178.99353,199.534393,1.0,0.0,0.0,9300.0
2014-04-01,27,218739.75439379519,259.59671,52326.147249792,40.519247808,0.0,0.0,100.413193,50.0,1.0,7877.548731385585,1256.0957493759997,0.0
2014-04-01,28,16197.7439393632,0.0,8189.129812864,0.0,289.399872,408113.875,252.053024,300.0,1.0,0.0,0.0,8971.40625
2014-04-01,29,198092.6318125904,98.992935,52619.22249958401,11.7747552,0.0,0.0,101.879272,50.0,1.0,3028.740593795228,365.0172497920139,0.0
2014-04-01,3,231869.95628759038,223.639328,54943.362499584,17.3421456,0.0,0.0,108.427788,50.0,1.0,6904.7267437952105,537.6052497920027,0.0
2014-04-01,30,218938.1800124096,202.763947,82255.621500416,33.603473279999996,0.0,0.0,149.358765,50.0,1.0,6139.758399819228,1041.7030008320144,0.0
2014-04-01,31,250936.77308120477,297.628296,41951.581750208,29.148986880000002,0.0,0.0,98.999062,50.0,1.0,9148.220449999993,903.6169999999984,0.0
2014-04-01,32,17089.8692130064,0.0,4182.295,0.0,600.0,577900.0,169.685867,232.707642,1.0,0.0,0.0,18600.0
2014-04-01,33,215149.880375,239.690842,53140.256,34.095626239999994,0.0,0.0,99.250275,50.0,1.0,7295.828825000033,1056.9650000000038,0.0
2014-04-01,34,10489.494538022398,0.0,4413.073843776001,0.0,400.0,396950.0,208.005035,251.858688,1.0,0.0,0.0,12400.0
2014-04-01,35,132867.3385875904,86.079956,17810.734499584,4.944749056000001,0.0,0.0,127.218391,50.0,1.0,2669.3306937952148,153.28624979199594,0.0
2014-04-01,36,8973.8223096576,0.0,4027.040062656,0.0,200.0,305650.0,203.694,268.777618,1.0,0.0,0.0,6200.0
2014-04-01,37,14834.4426593072,0.0,2577.531125312,0.0,599.417297,489581.9375,263.8685,300.0,1.0,0.0,0.0,18581.9375
2014-04-01,38,93055.47817130078,64.633408,16536.905125311998,4.047015232000001,0.0,0.0,113.930344,50.0,1.0,2002.0166494031873,125.45650041599947,0.0
2014-04-01,4,9849.573744824,0.0,4149.151093568,0.0,400.0,532014.625,203.944412,277.982727,1.0,0.0,0.0,12400.0
2014-04-01,40,230575.277725,300.0,43990.726,44.005806207999996,0.0,0.0,99.133896,56.639782,1.0,9122.592975000007,1364.1810000000041,0.0
2014-04-01,41,14138.352450470398,0.0,6562.228156224,0.0,395.747833,533857.3125,243.819,300.0,1.0,0.0,0.0,12268.1875
2014-04-01,42,23355.4977690032,0.0,8677.292,0.0,500.0,399900.0,200.55452,249.634247,1.0,0.0,0.0,15500.0
2014-04-01,43,244913.25129999997,300.0,20096.908,12.630746752,0.0,0.0,125.398201,83.966141,1.0,9333.952765692782,391.5518746880007,0.0
2014-04-01,44,209590.20613759037,205.973495,59379.092499583996,27.393885376,0.0,0.0,116.53167,50.0,1.0,6282.3790125903615,849.2054995839935,0.0
2014-04-01,45,224133.6199062048,186.680267,49592.474750208006,30.186961792,0.0,0.0,160.113724,50.0,1.0,5657.813043795206,935.7952497920123,0.0
2014-04-01,47,233656.1414812048,296.308228,41366.451750208005,39.984092927999995,0.0,0.0,100.96151,50.0,1.0,9033.783131204807,1239.507750208002,0.0
2014-04-01,48,215607.60708120477,174.304779,45606.98675020801,25.41835296,0.0,0.0,118.152107,50.0,1.0,5301.3855999999505,787.9690000000046,0.0
2014-04-01,49,136603.380375,79.4981,26908.674,7.118022912,0.0,0.0,106.729393,50.0,1.0,2448.0314562048006,220.6587502079965,0.0
2014-04-01,50,71816.77864379519,44.541531,29032.344249791997,10.687188096,0.0,0.0,106.648369,50.0,1.0,1326.46874421119,331.3017502079929,0.0
2014-04-01,51,162783.1080468976,119.275352,25721.645624896,7.393904127999999,0.0,0.0,93.407501,50.0,1.0,3695.0661343072134,229.21112531199833,0.0
2014-04-01,52,144213.9885187952,109.960373,25272.770249792004,5.897083712,0.0,0.0,92.348572,50.0,1.0,3412.6719687951845,182.80924979200427,0.0
2014-04-01,53,220707.71341259038,280.8909,34354.404499584,30.603986816000003,0.0,0.0,101.977135,50.0,1.0,8612.902512590372,948.7204995840002,0.0
2014-04-01,54,98805.497175,78.900627,34419.918,26.487106048,0.0,0.0,74.849915,50.0,1.0,2298.7984374095977,821.0995004159922,0.0
2014-04-01,55,219046.42969999998,278.02002,33493.304,29.169797695999996,0.0,0.0,105.811584,50.0,1.0,8532.424106204766,904.2637502079997,0.0
2014-04-01,56,43555.07140990399,20.324295,17075.124624895998,7.235031232000001,0.0,0.0,57.855705,50.0,1.0,589.3803692111906,224.2857502079969,0.0
2014-04-01,6,228532.66598120477,261.498047,25919.695750207997,18.909125248,0.0,0.0,103.627457,50.0,1.0,8082.817824999976,586.1829999999973,0.0
2014-04-01,7,10323.4740913328,0.0,2367.8959690879997,0.0,133.906235,276252.75,274.847748,300.0,1.0,0.0,0.0,4151.09375
2014-04-01,9,89235.44326879519,88.236198,33378.530249792,23.189147904000002,0.0,0.0,77.884209,50.0,1.0,2614.1176807887823,718.8642497919973,0.0
2014-05-01,1,61218.2516103232,0.0,15.444412671999999,0.0,0.0,0.0,102.045616,0.0,0.0,0.0,0.0,0.0
2014-05-01,12,217752.23973120478,184.617371,19584.353750207996,6.274256768,0.0,0.0,107.092491,50.0,1.0,5568.505449999997,188.22699999999895,0.0
2014-05-01,13,16361.5769856208,0.0,4763.04034336,0.0,400.0,553490.5625,190.877121,230.168076,1.0,0.0,0.0,12000.0
2014-05-01,14,222522.3133812048,232.815308,42335.39375020801,23.478242944,0.0,0.0,101.733299,50.0,1.0,6920.810037409596,704.3465004160098,0.0
2014-05-01,15,2650.377862456,0.0,1080.0747343360001,0.0,300.0,287300.0,159.985519,186.437393,1.0,0.0,0.0,9000.0
2014-05-01,16,235538.78453430717,295.793213,20095.915125312,7.275287552000001,0.0,0.0,104.516731,50.0,1.0,8939.952196716768,218.25862572799815,0.0
2014-05-01,17,141028.23417500002,87.264679,42833.492,15.061810816000001,0.0,0.0,106.985565,50.0,1.0,2553.255750000011,451.85399999999936,0.0
2014-05-01,19,0.0,0.0,0.0,0.0,296.792664,381073.125,261.3909,300.0,1.0,0.0,0.0,8903.78125
2014-05-01,2,19695.628620048003,0.0,5306.085687551999,0.0,227.559036,281097.71875,245.388809,300.0,1.0,0.0,0.0,6826.78125
2014-05-01,20,219497.05571569278,173.221146,17866.827874688,6.977576319999999,0.0,0.0,102.610649,50.0,1.0,5217.653649999993,209.32600000000093,0.0
2014-05-01,21,3693.2081635967997,0.0,950.0383751040001,0.0,200.0,304150.0,167.424713,192.980652,1.0,0.0,0.0,6000.0
2014-05-01,22,120397.2218880064,79.283829,48043.684,19.379024704,0.0,0.0,101.983009,50.0,1.0,2282.62450721761,581.3697502080031,0.0
2014-05-01,23,141512.9314906928,124.976852,20814.174874688,16.816834944,0.0,0.0,77.217064,50.0,1.0,3687.670746897609,504.50562489599906,0.0
2014-05-01,24,17359.134568899204,0.0,3296.853624896,0.0,300.0,378550.0,167.640335,187.91066,1.0,0.0,0.0,9000.0
2014-05-01,25,226075.45683740958,268.297211,56787.685500416,32.377210944000005,0.0,0.0,139.136353,50.0,1.0,7940.873962409591,971.3145004160033,0.0
2014-05-01,26,11469.072694115199,0.0,2419.039796992,0.0,300.0,341900.0,176.061661,196.600174,1.0,0.0,0.0,9000.0
2014-05-01,27,226096.70205,250.368362,53477.697,38.384953152,0.0,0.0,99.044167,50.0,1.0,7356.947656204808,1151.5497502080034,0.0
2014-05-01,28,16197.7439393632,0.0,8189.129812864,0.0,291.378204,416855.21875,251.864594,300.0,1.0,0.0,0.0,8741.34375
2014-05-01,29,201114.9201187952,102.029335,52977.083249792,11.928773375999999,0.0,0.0,103.355247,50.0,1.0,3022.288306204806,357.86075020799035,0.0
2014-05-01,3,238529.47665,222.833542,55454.451,17.036314048,0.0,0.0,108.330566,50.0,1.0,6659.5203624096175,511.0885004160009,0.0
2014-05-01,30,224820.61936259037,200.579254,83231.07649958399,32.515050048000006,0.0,0.0,147.8573,50.0,1.0,5882.439350180764,975.4549991679814,0.0
2014-05-01,31,259357.29527499998,282.991974,42770.221,27.287936000000002,0.0,0.0,97.130051,50.0,1.0,8420.522193795216,818.6392497919951,0.0
2014-05-01,32,17089.8692130064,0.0,4182.295,0.0,600.0,595900.0,166.478943,229.420593,1.0,0.0,0.0,18000.0
2014-05-01,33,222022.94406879522,233.106735,54105.028249792,32.15905472,0.0,0.0,98.053947,50.0,1.0,6873.063693795208,964.7722497919967,0.0
2014-05-01,34,10489.494538022398,0.0,4413.073843776001,0.0,400.0,408950.0,206.529205,250.231201,1.0,0.0,0.0,12000.0
2014-05-01,35,135571.95769069277,90.096375,17961.987874688,5.041795199999999,0.0,0.0,130.31366,50.0,1.0,2704.6191031023627,151.25337510399913,0.0
2014-05-01,36,8973.8223096576,0.0,4027.040062656,0.0,200.0,311650.0,207.842117,272.701569,1.0,0.0,0.0,6000.0
2014-05-01,37,14834.4426593072,0.0,2577.531125312,0.0,598.064087,507523.84375,264.094299,300.0,1.0,0.0,0.0,17941.90625
2014-05-01,38,95077.57160310239,67.427849,16659.472375104,4.085580096,0.0,0.0,114.911713,50.0,1.0,2022.093431801608,122.56724979200226,0.0
2014-05-01,4,9849.573744824,0.0,4149.151093568,0.0,400.0,544014.625,205.37706,279.191895,1.0,0.0,0.0,12000.0
2014-05-01,40,239412.49136879522,300.0,45269.955249791994,42.640920191999996,0.0,0.0,96.133804,53.599072,1.0,8837.213643795229,1279.2292497919916,0.0
2014-05-01,41,14138.352450470398,0.0,6562.228156224,0.0,402.707336,545938.5625,242.940872,300.0,1.0,0.0,0.0,12081.25
2014-05-01,42,23355.4977690032,0.0,8677.292,0.0,500.0,414900.0,202.22345,250.983093,1.0,0.0,0.0,15000.0
2014-05-01,43,253949.0500843072,300.0,20462.294125312,12.179499904,0.0,0.0,116.756042,75.827774,1.0,9035.798784307233,365.38612531200124,0.0
2014-05-01,44,215729.82328759038,207.933182,60199.262499583994,27.338860223999998,0.0,0.0,117.154053,50.0,1.0,6139.6171500000055,820.1699999999983,0.0
2014-05-01,45,229528.62108120476,183.957153,50486.86175020801,29.812872128000002,0.0,0.0,159.166489,50.0,1.0,5395.001174999954,894.3870000000024,0.0
2014-05-01,47,241468.8344937952,264.829071,42442.624249791996,35.872423808,0.0,0.0,96.311005,50.0,1.0,7812.693012590404,1076.1724995839904,0.0
2014-05-01,48,220716.66104379517,173.495239,46354.44124979199,24.915099456,0.0,0.0,118.530167,50.0,1.0,5109.053962590406,747.4544995839824,0.0
2014-05-01,49,139046.2104937952,81.947495,27125.231249792003,7.218536832,0.0,0.0,107.997223,50.0,1.0,2442.8301187951874,216.55724979200386,0.0
2014-05-01,50,73170.4409181984,46.902935,29361.068750208,10.957454144,0.0,0.0,109.265404,50.0,1.0,1353.6622744032065,328.72450041600314,0.0
2014-05-01,51,166305.4714437952,117.480331,25938.643249792003,7.23327072,0.0,0.0,92.966667,50.0,1.0,3522.363396897592,216.9976248960047,0.0
2014-05-01,52,147482.89679069282,108.820526,25445.281874688,5.750361344,0.0,0.0,92.526222,50.0,1.0,3268.9082718976133,172.51162489599665,0.0
2014-05-01,53,228965.6975,277.999573,35223.071,28.955535232000003,0.0,0.0,101.260338,50.0,1.0,8257.984087409626,868.6665004160022,0.0
2014-05-01,54,100951.8366869936,76.039322,35174.789,25.162384,0.0,0.0,74.078865,50.0,1.0,2146.339511993603,754.8709999999992,0.0
2014-05-01,55,227218.9696437952,274.831848,34312.255249792,27.298352639999997,0.0,0.0,105.035339,50.0,1.0,8172.539943795215,818.9512497920005,0.0
2014-05-01,56,44163.4266442112,21.661465,17304.322750207997,7.639951488,0.0,0.0,58.362991,50.0,1.0,608.3552343072079,229.19812531199932,0.0
2014-05-01,6,235971.8423093072,248.432068,26422.092125312,16.746532608,0.0,0.0,101.047401,50.0,1.0,7439.176328102418,502.3963751040028,0.0
2014-05-01,7,10323.4740913328,0.0,2367.8959690879997,0.0,136.541824,280349.0,274.430023,300.0,1.0,0.0,0.0,4096.25
2014-05-01,9,91891.7367,92.580704,34099.533,24.03338496,0.0,0.0,78.29171,50.0,1.0,2656.293431204802,721.0027502080047,0.0
2014-06-01,1,61218.2516103232,0.0,15.444412671999999,0.0,0.0,0.0,101.362595,0.0,0.0,0.0,0.0,0.0
2014-06-01,12,223548.28563120478,185.921219,19774.361750207998,6.129251647999999,0.0,0.0,107.11335,50.0,1.0,5796.045899999997,190.00800000000163,0.0
2014-06-01,13,16361.5769856208,0.0,4763.04034336,0.0,400.0,565890.5625,183.685577,223.049011,1.0,0.0,0.0,12400.0
2014-06-01,14,229679.67992499997,232.985306,43060.693,23.39672608,0.0,0.0,101.892288,50.0,1.0,7157.366543795186,725.2992497919913,0.0
2014-06-01,15,2650.377862456,0.0,1080.0747343360001,0.0,300.0,296600.0,158.013031,184.387222,1.0,0.0,0.0,9300.0
2014-06-01,16,244599.8366437952,290.160431,20321.642249792003,7.281550848,0.0,0.0,103.828957,50.0,1.0,9061.052109488024,225.7271244800031,0.0
2014-06-01,17,143640.1394437952,86.369774,43292.83724979199,14.817588032,0.0,0.0,106.499947,50.0,1.0,2611.905268795177,459.3452497919934,0.0
2014-06-01,19,0.0,0.0,0.0,0.0,302.277893,390443.71875,260.80011,300.0,1.0,0.0,0.0,9370.59375
2014-06-01,2,19695.628620048003,0.0,5306.085687551999,0.0,222.722046,288002.09375,246.709686,300.0,1.0,0.0,0.0,6904.375
2014-06-01,20,224986.2469437952,176.338928,18084.472249792,7.0207895680000005,0.0,0.0,103.401085,50.0,1.0,5489.191228102427,217.6443751040024,0.0
2014-06-01,21,3693.2081635967997,0.0,950.0383751040001,0.0,200.0,310350.0,168.656143,194.115753,1.0,0.0,0.0,6200.0
2014-06-01,22,122794.1934187952,80.463646,48638.80124979199,19.19723936,0.0,0.0,102.750923,50.0,1.0,2396.9715307887964,595.1172497919906,0.0
2014-06-01,23,145407.58323430718,127.761803,21350.987125312,17.3165408,0.0,0.0,77.458984,50.0,1.0,3894.6517436143768,536.8122506239997,0.0
2014-06-01,24,17359.134568899204,0.0,3296.853624896,0.0,300.0,387850.0,166.202362,186.468796,1.0,0.0,0.0,9300.0
2014-06-01,25,234217.9384,266.05661,57757.921,31.297868159999997,0.0,0.0,138.099686,50.0,1.0,8142.48156259043,970.2354995839996,0.0
2014-06-01,26,11469.072694115199,0.0,2419.039796992,0.0,300.0,351200.0,173.865738,194.398178,1.0,0.0,0.0,9300.0
2014-06-01,27,233527.211575,244.527206,54613.702,36.645282752,0.0,0.0,98.144951,50.0,1.0,7430.509525000001,1136.0049999999974,0.0
2014-06-01,28,16197.7439393632,0.0,8189.129812864,0.0,292.767303,425931.0,251.777283,300.0,1.0,0.0,0.0,9075.78125
2014-06-01,29,204298.5421937952,103.963356,53347.47924979199,11.948166464,0.0,0.0,104.198563,50.0,1.0,3183.622074999992,370.39599999999336,0.0
2014-06-01,3,245400.333775,222.416092,55971.175,16.668472704,0.0,0.0,108.164612,50.0,1.0,6870.85712500001,516.724000000002,0.0
2014-06-01,30,230877.4911624096,199.691345,84210.27550041601,31.58700064,0.0,0.0,146.936096,50.0,1.0,6056.87179981923,979.1990008320281,0.0
2014-06-01,31,267782.0737937952,273.881439,43571.895249791996,25.8604944,0.0,0.0,95.921967,50.0,1.0,8424.77851879521,801.6742497919986,0.0
2014-06-01,32,17089.8692130064,0.0,4182.295,0.0,600.0,614500.0,164.687622,227.521652,1.0,0.0,0.0,18600.0
2014-06-01,33,228993.3693624096,228.572266,55053.095500416006,30.582852352,0.0,0.0,97.2174,50.0,1.0,6970.425293614389,948.067250624008,0.0
2014-06-01,34,10489.494538022398,0.0,4413.073843776001,0.0,400.0,421350.0,205.241913,248.799332,1.0,0.0,0.0,12400.0
2014-06-01,35,138455.9378843072,92.949883,18120.084125312,5.099879616,0.0,0.0,132.442169,50.0,1.0,2883.980193614436,158.096250624003,0.0
2014-06-01,36,8973.8223096576,0.0,4027.040062656,0.0,200.0,317850.0,210.595078,275.254211,1.0,0.0,0.0,6200.0
2014-06-01,37,14834.4426593072,0.0,2577.531125312,0.0,599.031189,526093.8125,264.120605,300.0,1.0,0.0,0.0,18569.96875
2014-06-01,38,97231.3804593072,69.4758,16786.063125312,4.083555008,0.0,0.0,115.586243,50.0,1.0,2153.808856204807,126.59075020800083,0.0
2014-06-01,4,9849.573744824,0.0,4149.151093568,0.0,400.0,556414.625,205.866333,279.500397,1.0,0.0,0.0,12400.0
2014-06-01,40,248552.90091259038,300.0,46552.14849958401,41.361144448,0.0,0.0,94.089722,51.535805,1.0,9140.409543795162,1282.1932497920134,0.0
2014-06-01,41,14138.352450470398,0.0,6562.228156224,0.0,407.829193,558581.25,242.327927,300.0,1.0,0.0,0.0,12642.6875
2014-06-01,42,23355.4977690032,0.0,8677.292,0.0,500.0,430400.0,203.103653,251.573303,1.0,0.0,0.0,15500.0
2014-06-01,43,263289.44632189756,300.0,20824.194624895998,11.674236288,0.0,0.0,111.001869,70.5672,1.0,9340.39623759035,361.90049958399686,0.0
2014-06-01,44,222137.66165,209.901093,61038.497,27.07211936,0.0,0.0,117.630989,50.0,1.0,6407.838362409617,839.2345004160088,0.0
2014-06-01,45,235060.0887562048,182.501389,51400.293750208,29.465553728,0.0,0.0,158.611877,50.0,1.0,5531.467675000022,913.4319999999934,0.0
2014-06-01,47,248967.3724312048,245.937744,43469.409750208004,33.122095552,0.0,0.0,93.400589,50.0,1.0,7498.537937409594,1026.7855004160083,0.0
2014-06-01,48,225986.8580562048,173.078171,47108.68175020801,24.330423936,0.0,0.0,118.669861,50.0,1.0,5270.197012409626,754.2405004160173,0.0
2014-06-01,49,141620.7739562048,83.553299,27349.552750208,7.236221823999999,0.0,0.0,108.729462,50.0,1.0,2574.5634624095983,224.32150041599743,0.0
2014-06-01,50,74623.0925380064,48.643616,29704.376,11.074484096,0.0,0.0,111.014946,50.0,1.0,1452.6516198080062,343.3072497920002,0.0
2014-06-01,51,169913.54860310242,116.440125,26158.455375104004,7.090692544,0.0,0.0,92.671829,50.0,1.0,3608.0771593072277,219.81212531200072,0.0
2014-06-01,52,150843.1144437952,108.229958,25619.545249792,5.621423807999999,0.0,0.0,92.622002,50.0,1.0,3360.217653102387,174.26337510400117,0.0
2014-06-01,53,237465.5433624096,276.661011,36080.92150041599,27.672578752,0.0,0.0,100.874893,50.0,1.0,8499.845862409595,857.8505004159888,0.0
2014-06-01,54,103119.188049584,74.248016,35928.548499584,24.314730752,0.0,0.0,73.643776,50.0,1.0,2167.3513625904015,753.7594995840045,0.0
2014-06-01,55,235631.15526259042,273.4646,35111.654499584,25.787078719999997,0.0,0.0,104.61319,50.0,1.0,8412.185618795222,799.3992497920044,0.0
2014-06-01,56,44829.5791588912,22.946159,17554.109624896,8.057647104,0.0,0.0,58.834873,50.0,1.0,666.152514680005,249.78687468800126,0.0
2014-06-01,6,243454.17600930718,241.576782,26893.381125312,15.202893887999998,0.0,0.0,99.533234,50.0,1.0,7482.333699999988,471.28900000000067,0.0
2014-06-01,7,10323.4740913328,0.0,2367.8959690879997,0.0,138.314789,284636.78125,274.158875,300.0,1.0,0.0,0.0,4287.78125
2014-06-01,9,94728.450749584,95.590355,34856.620499584,24.422216831999997,0.0,0.0,78.636292,50.0,1.0,2836.7140495839994,757.0874995839986,0.0
2014-07-01,1,61218.2516103232,0.0,15.444412671999999,0.0,0.0,0.0,100.987854,0.0,0.0,0.0,0.0,0.0
2014-07-01,12,229182.20595620477,186.708908,19954.021750207998,5.9886852479999995,0.0,0.0,107.002762,50.0,1.0,5633.920324999985,179.65999999999985,0.0
2014-07-01,13,16361.5769856208,0.0,4763.04034336,0.0,400.0,577890.5625,178.780014,218.185379,1.0,0.0,0.0,12000.0
2014-07-01,14,236024.46773120482,213.562714,43723.858750208004,22.105533632000004,0.0,0.0,99.196564,50.0,1.0,6344.78780620484,663.1657502080052,0.0
2014-07-01,15,2650.377862456,0.0,1080.0747343360001,0.0,300.0,305600.0,156.618134,182.910553,1.0,0.0,0.0,9000.0
2014-07-01,16,253277.2156781024,287.15564,20540.505375104003,7.295445248,0.0,0.0,103.465668,50.0,1.0,8677.379034307203,218.8631253120002,0.0
2014-07-01,17,146155.7242312048,85.924217,43730.670750208,14.594429823999999,0.0,0.0,106.178169,50.0,1.0,2515.584787409607,437.8335004160108,0.0
2014-07-01,19,0.0,0.0,0.0,0.0,306.136017,399627.8125,260.417542,300.0,1.0,0.0,0.0,9184.09375
2014-07-01,2,19695.628620048003,0.0,5306.085687551999,0.0,219.160309,294576.90625,247.686142,300.0,1.0,0.0,0.0,6574.8125
2014-07-01,20,230358.7034218976,178.322632,18294.732624895998,7.008678144,0.0,0.0,103.813499,50.0,1.0,5372.456478102395,210.26037510399692,0.0
2014-07-01,21,3693.2081635967997,0.0,950.0383751040001,0.0,200.0,316350.0,169.285812,194.675507,1.0,0.0,0.0,6000.0
2014-07-01,22,125164.8875,82.129631,49212.8,19.133381696,0.0,0.0,103.794312,50.0,1.0,2370.694081204798,573.9987502080112,0.0
2014-07-01,23,148845.1129031024,116.681801,21846.732375104002,16.524852032,0.0,0.0,76.12043,50.0,1.0,3437.529668795207,495.74524979200214,0.0
2014-07-01,24,17359.134568899204,0.0,3296.853624896,0.0,300.0,396850.0,165.204102,185.474426,1.0,0.0,0.0,9000.0
2014-07-01,25,242077.42091259037,265.197998,58670.410499583995,30.416229376000004,0.0,0.0,137.469696,50.0,1.0,7859.482512590359,912.4894995839932,0.0
2014-07-01,26,11469.072694115199,0.0,2419.039796992,0.0,300.0,360200.0,172.283768,192.801117,1.0,0.0,0.0,9000.0
2014-07-01,27,240613.33207499998,240.784164,55671.447,35.258237248,0.0,0.0,97.554787,50.0,1.0,7086.12049999999,1057.7450000000026,0.0
2014-07-01,28,16197.7439393632,0.0,8189.129812864,0.0,280.0,434331.0,247.211838,293.196442,1.0,0.0,0.0,8400.0
2014-07-01,29,207417.0861312048,105.189415,53704.28375020801,11.893512384,0.0,0.0,104.627113,50.0,1.0,3118.5439374095877,356.8045004160158,0.0
2014-07-01,3,252052.86761259037,222.449493,56460.670499584,16.31661824,0.0,0.0,108.046524,50.0,1.0,6652.533837590367,489.4954995839944,0.0
2014-07-01,30,236738.8882124096,199.519653,85134.36750041602,30.803179263999997,0.0,0.0,146.364594,50.0,1.0,5861.39705,924.0920000000042,0.0
2014-07-01,31,275759.9959062048,267.881714,44314.682750208005,24.759499648000002,0.0,0.0,95.117455,50.0,1.0,7977.9221124096075,742.7875004160087,0.0
2014-07-01,32,17089.8692130064,0.0,4182.295,0.0,600.0,632500.0,163.554504,226.266388,1.0,0.0,0.0,18000.0
2014-07-01,33,235653.892225,225.50206,55932.643,29.318167424000002,0.0,0.0,96.647888,50.0,1.0,6660.522862590384,879.5474995839904,0.0
2014-07-01,34,10489.494538022398,0.0,4413.073843776001,0.0,400.0,433350.0,204.215836,247.638046,1.0,0.0,0.0,12000.0
2014-07-01,35,141444.56977189757,99.491013,18277.884624895996,5.260010496,0.0,0.0,137.576691,50.0,1.0,2988.631887590367,157.80049958399468,0.0
2014-07-01,36,8973.8223096576,0.0,4027.040062656,0.0,235.782532,324923.46875,224.323776,300.0,1.0,0.0,0.0,7073.46875
2014-07-01,37,14834.4426593072,0.0,2577.531125312,0.0,600.0,544093.8125,264.007904,299.889221,1.0,0.0,0.0,18000.0
2014-07-01,38,99444.57399379519,73.733749,16910.936249792,4.162455232,0.0,0.0,117.378235,50.0,1.0,2213.1935344879894,124.87312448000011,0.0
2014-07-01,4,9849.573744824,0.0,4149.151093568,0.0,400.0,568414.625,205.875977,279.364044,1.0,0.0,0.0,12000.0
2014-07-01,40,257405.69754379516,300.0,47759.741249791994,40.253061888000005,0.0,0.0,92.723839,50.15276,1.0,8852.79663120478,1207.5927502079867,0.0
2014-07-01,41,14138.352450470398,0.0,6562.228156224,0.0,411.643372,570930.5625,241.898117,300.0,1.0,0.0,0.0,12349.3125
2014-07-01,42,23355.4977690032,0.0,8677.292,0.0,260.0,438200.0,167.080032,192.069244,1.0,0.0,0.0,7800.0
2014-07-01,43,272331.5166062048,300.0,21160.720750208,11.217531519999998,0.0,0.0,107.212936,67.111786,1.0,9042.070284307236,336.52612531200066,0.0
2014-07-01,44,227767.2292,190.591751,61781.083,24.752963456,0.0,0.0,112.507713,50.0,1.0,5629.567550000007,742.5859999999957,0.0
2014-07-01,45,240380.1428062048,181.32225,52271.085750208,29.026369216,0.0,0.0,157.95108,50.0,1.0,5320.054050000006,870.7920000000013,0.0
2014-07-01,47,255868.9444124096,233.850739,44407.057500416,31.254887871999998,0.0,0.0,91.529144,50.0,1.0,6901.57198120479,937.6477502079942,0.0
2014-07-01,48,231087.095825,172.957962,47821.553,23.762349311999998,0.0,0.0,118.732384,50.0,1.0,5100.237768795196,712.8712497919914,0.0
2014-07-01,49,144143.8137562048,84.583412,27565.560750208002,7.200201215999999,0.0,0.0,109.115204,50.0,1.0,2523.0397999999986,216.00800000000163,0.0
2014-07-01,50,76083.11644379521,50.459179,30040.884249791998,11.216862592000002,0.0,0.0,113.102135,50.0,1.0,1460.0239057888102,336.5082497919975,0.0
2014-07-01,51,173389.15210620477,115.883614,26367.428750207997,6.96580768,0.0,0.0,92.464119,50.0,1.0,3475.6035031023494,208.97337510399302,0.0
2014-07-01,52,154088.40136240958,107.991806,25784.895500415998,5.5116863359999995,0.0,0.0,92.646973,50.0,1.0,3245.28691861438,165.35025062399654,0.0
2014-07-01,53,245680.9016062048,276.103424,36880.593750208005,26.655668416,0.0,0.0,100.648598,50.0,1.0,8215.358243795199,799.6722497920127,0.0
2014-07-01,54,105186.29585578878,73.134361,36641.855249791995,23.776931776,0.0,0.0,73.418831,50.0,1.0,2067.1078062047745,713.3067502079939,0.0
2014-07-01,55,243763.51369999998,272.921448,35848.397,24.558045824,0.0,0.0,104.366737,50.0,1.0,8132.358437409566,736.7425004159959,0.0
2014-07-01,56,45481.8178909008,23.237551,17801.746624895997,8.254560704000001,0.0,0.0,58.918903,50.0,1.0,652.238732009595,247.6369999999988,0.0
2014-07-01,6,250585.8757187952,237.740555,27315.876249792,14.083178304,0.0,0.0,98.603897,50.0,1.0,7131.699709488021,422.4951244799995,0.0
2014-07-01,7,10323.4740913328,0.0,2367.8959690879997,0.0,139.597961,288824.71875,273.959991,300.0,1.0,0.0,0.0,4187.9375
2014-07-01,9,97257.3245,88.119225,35540.141,22.784029632000003,0.0,0.0,76.77626,50.0,1.0,2528.873750416009,683.5205004160016,0.0
2014-08-01,1,61218.2516103232,0.0,15.444412671999999,0.0,0.0,0.0,101.334846,0.0,0.0,0.0,0.0,0.0
2014-08-01,12,235306.30504689759,196.343658,20140.238624895996,6.006990912,0.0,0.0,109.375366,50.0,1.0,6124.09909069282,186.21687468799792,0.0
2014-08-01,13,16361.5769856208,0.0,4763.04034336,0.0,400.0,590290.5625,175.152695,214.57016,1.0,0.0,0.0,12400.0
2014-08-01,14,242161.0360687952,199.880066,44363.62124979199,20.637443007999998,0.0,0.0,96.557709,50.0,1.0,6136.568337590375,639.7624995839869,0.0
2014-08-01,15,2650.377862456,0.0,1080.0747343360001,0.0,300.0,314900.0,158.191711,184.392624,1.0,0.0,0.0,9300.0
2014-08-01,16,262211.22938759037,286.132233,20768.832499584,7.365383168,0.0,0.0,103.455238,50.0,1.0,8934.013709487976,228.32712447999802,0.0
2014-08-01,17,148791.5061,87.079674,44182.749,14.583110464,0.0,0.0,106.439476,50.0,1.0,2635.781868795195,452.07824979200086,0.0
2014-08-01,19,0.0,0.0,0.0,0.0,300.0,408927.8125,258.327179,297.022552,1.0,0.0,0.0,9300.0
2014-08-01,2,19695.628620048003,0.0,5306.085687551999,0.0,200.0,300776.90625,243.612503,291.285583,1.0,0.0,0.0,6200.0
2014-08-01,20,235982.0201156928,180.615356,18512.992874688,7.040644416,0.0,0.0,104.45282,50.0,1.0,5623.316693795205,218.26024979200156,0.0
2014-08-01,21,3693.2081635967997,0.0,950.0383751040001,0.0,200.0,322550.0,169.874664,195.190277,1.0,0.0,0.0,6200.0
2014-08-01,22,127617.80217499999,82.1241,49790.468,18.634358912,0.0,0.0,103.467857,50.0,1.0,2452.9146749999927,577.6679999999978,0.0
2014-08-01,23,152114.497725,107.443123,22325.238,15.435640064,0.0,0.0,75.32325,50.0,1.0,3269.3848218976054,478.50562489599906,0.0
2014-08-01,24,17359.134568899204,0.0,3296.853624896,0.0,300.0,406150.0,162.1884,182.658813,1.0,0.0,0.0,9300.0
2014-08-01,25,250182.19179999997,264.486694,59587.411,29.580652608,0.0,0.0,136.862183,50.0,1.0,8104.770887409599,917.0005004160048,0.0
2014-08-01,26,11469.072694115199,0.0,2419.039796992,0.0,400.0,372600.0,185.946808,213.400986,1.0,0.0,0.0,12400.0
2014-08-01,27,247693.0588875904,232.688202,56711.206499584,33.540631488,0.0,0.0,96.189903,50.0,1.0,7079.726812590408,1039.7594995839972,0.0
2014-08-01,28,16197.7439393632,0.0,8189.129812864,0.0,280.0,443011.0,244.050507,289.919464,1.0,0.0,0.0,8680.0
2014-08-01,29,210747.19863120478,108.63839,54076.070750208004,11.993156864000001,0.0,0.0,106.239616,50.0,1.0,3330.1124999999884,371.7869999999966,0.0
2014-08-01,3,258510.54395,208.977798,56937.296,15.375008895999999,0.0,0.0,104.819077,50.0,1.0,6457.676337409619,476.6255004160048,0.0
2014-08-01,30,242795.2576374096,199.340164,86065.193500416,30.026549695999996,0.0,0.0,145.769485,50.0,1.0,6056.369425000012,930.8259999999864,0.0
2014-08-01,31,284004.498725,267.727448,45056.921,23.943241920000002,0.0,0.0,95.122559,50.0,1.0,8244.502818795212,742.2382497919971,0.0
2014-08-01,32,17089.8692130064,0.0,4182.295,0.0,600.0,651100.0,162.829224,225.397675,1.0,0.0,0.0,18600.0
2014-08-01,33,243019.446125,240.898834,56843.306,29.376381632,0.0,0.0,98.83181,50.0,1.0,7365.553899999999,910.6630000000005,0.0
2014-08-01,34,10489.494538022398,0.0,4413.073843776001,0.0,300.0,442650.0,186.180344,218.828705,1.0,0.0,0.0,9300.0
2014-08-01,35,144627.15725930722,102.503426,18442.146125312,5.298727616,0.0,0.0,139.719086,50.0,1.0,3182.587487409648,164.2615004160034,0.0
2014-08-01,36,8973.8223096576,0.0,4027.040062656,0.0,229.577682,332040.375,226.451981,300.0,1.0,0.0,0.0,7116.90625
2014-08-01,37,14834.4426593072,0.0,2577.531125312,0.0,600.0,562693.8125,263.657257,299.490356,1.0,0.0,0.0,18600.0
2014-08-01,38,101796.7405625904,75.803604,17038.950499584,4.129493056,0.0,0.0,117.937492,50.0,1.0,2352.166568795219,128.01424979199874,0.0
2014-08-01,4,9849.573744824,0.0,4149.151093568,0.0,455.178162,582525.1875,216.783676,300.0,1.0,0.0,0.0,14110.5625
2014-08-01,40,266560.67278759036,300.0,48974.906499584,39.198840512,0.0,0.0,93.208054,50.490353,1.0,9154.975243795197,1215.1652497920077,0.0
2014-08-01,41,14138.352450470398,0.0,6562.228156224,0.0,415.054779,583797.25,241.530457,300.0,1.0,0.0,0.0,12866.6875
2014-08-01,42,23355.4977690032,0.0,8677.292,0.0,260.0,446260.0,155.926346,180.981201,1.0,0.0,0.0,8060.0
2014-08-01,43,281677.7514124096,300.0,21495.753500415998,10.807521920000001,0.0,0.0,104.47197,64.606705,1.0,9346.234806204797,335.0327502079999,0.0
2014-08-01,44,233193.14932499998,177.670105,62482.212,22.616874176,0.0,0.0,108.856674,50.0,1.0,5425.920124999975,701.1290000000008,0.0
2014-08-01,45,245853.9608062048,180.461121,53155.02075020801,28.51400864,0.0,0.0,157.336014,50.0,1.0,5473.817999999999,883.935000000005,0.0
2014-08-01,47,262738.3505875904,225.203812,45333.242499584005,29.876938623999997,0.0,0.0,90.202789,50.0,1.0,6869.406175180833,926.1849991680065,0.0
2014-08-01,48,236238.1417312048,168.93927,48526.149750208,22.728876352,0.0,0.0,117.128029,50.0,1.0,5151.045906204818,704.596750208002,0.0
2014-08-01,49,146850.372025,87.761307,27790.399,7.252910912000001,0.0,0.0,110.786552,50.0,1.0,2706.5582687951974,224.83824979199926,0.0
2014-08-01,50,77627.9147880064,51.608089,30388.462,11.21218592,0.0,0.0,114.222488,50.0,1.0,1544.7983442111872,347.5777502080018,0.0
2014-08-01,51,176972.2086437952,115.590958,26579.673249792002,6.846575424,0.0,0.0,92.285027,50.0,1.0,3583.056537590426,212.2444995840051,0.0
2014-08-01,52,157440.8070843072,107.935387,25952.506125312,5.4067544960000005,0.0,0.0,92.701195,50.0,1.0,3352.4057218976086,167.61062489600226,0.0
2014-08-01,53,254164.17608740955,275.713776,37677.867500415996,25.718585984,0.0,0.0,100.49456,50.0,1.0,8483.274481204746,797.2737502079908,0.0
2014-08-01,54,107299.28480041599,72.316193,37366.647500415995,23.380448832,0.0,0.0,73.297272,50.0,1.0,2112.9889446272136,724.7922506239993,0.0
2014-08-01,55,252165.0429937952,272.624084,36575.438249791994,23.452963456000003,0.0,0.0,104.160812,50.0,1.0,8401.529293795233,727.041249791997,0.0
2014-08-01,56,46148.095474792,23.009356,18060.097249792,8.333892736,0.0,0.0,58.839359,50.0,1.0,666.2775838911984,258.35062489600386,0.0
2014-08-01,6,257889.9387437952,235.464722,27724.401249791998,13.17818528,0.0,0.0,97.992088,50.0,1.0,7304.06302500001,408.5249999999978,0.0
2014-08-01,7,10323.4740913328,0.0,2367.8959690879997,0.0,140.617828,293183.875,273.802216,300.0,1.0,0.0,0.0,4359.15625
2014-08-01,9,99655.4854562048,80.843643,36184.729750208004,20.79315264,0.0,0.0,75.069778,50.0,1.0,2398.160956204796,644.5887502080004,0.0
2014-09-01,1,61218.2516103232,0.0,15.444412671999999,0.0,0.0,0.0,101.629189,0.0,0.0,0.0,0.0,0.0
2014-09-01,12,241559.7124437952,200.444885,20323.969249792,5.926801088,0.0,0.0,110.098656,50.0,1.0,6253.407396897615,183.73062489600488,0.0
2014-09-01,13,16361.5769856208,0.0,4763.04034336,0.0,400.0,602690.5625,172.509796,211.913544,1.0,0.0,0.0,12400.0
2014-09-01,14,248043.58035,191.516235,44963.919,19.364477184,0.0,0.0,94.827789,50.0,1.0,5882.544281204813,600.2977502080103,0.0
2014-09-01,15,2650.377862456,0.0,1080.0747343360001,0.0,300.0,324200.0,159.061935,185.148895,1.0,0.0,0.0,9300.0
2014-09-01,16,271125.7184656928,285.526978,20999.619874688,7.444736000000001,0.0,0.0,103.504303,50.0,1.0,8914.4890781024,230.78737510399878,0.0
2014-09-01,17,151456.54793120478,87.993355,44632.20775020801,14.498684928,0.0,0.0,106.520966,50.0,1.0,2665.041831204784,449.45875020800304,0.0
2014-09-01,19,0.0,0.0,0.0,0.0,300.0,418227.8125,256.899384,295.488861,1.0,0.0,0.0,9300.0
2014-09-01,2,19695.628620048003,0.0,5306.085687551999,0.0,200.0,306976.90625,242.503571,290.22171,1.0,0.0,0.0,6200.0
2014-09-01,20,241663.0966718976,182.457565,18731.623624895998,7.0525936,0.0,0.0,104.915222,50.0,1.0,5681.076556204789,218.63075020799806,0.0
2014-09-01,21,3693.2081635967997,0.0,950.0383751040001,0.0,200.0,328750.0,170.303055,195.554672,1.0,0.0,0.0,6200.0
2014-09-01,22,130064.16794379518,81.798164,50351.083249792,18.08436032,0.0,0.0,102.933693,50.0,1.0,2446.3657687951927,560.6152497919975,0.0
2014-09-01,23,155187.90499379518,100.989571,22773.234249792004,14.451487232,0.0,0.0,74.744682,50.0,1.0,3073.407268795185,447.99624979200235,0.0
2014-09-01,24,17359.134568899204,0.0,3296.853624896,0.0,300.0,415450.0,160.236954,180.88652,1.0,0.0,0.0,9300.0
2014-09-01,25,258278.4353375904,264.050995,60480.660499583995,28.81454784,0.0,0.0,136.33992,50.0,1.0,8096.2435375904315,893.2494995839952,0.0
2014-09-01,26,11469.072694115199,0.0,2419.039796992,0.0,400.0,385000.0,189.266235,216.600006,1.0,0.0,0.0,12400.0
2014-09-01,27,254639.24228759037,228.158951,57711.114499584,32.255018432,0.0,0.0,95.420166,50.0,1.0,6946.18339999998,999.9080000000031,0.0
2014-09-01,28,16197.7439393632,0.0,8189.129812864,0.0,280.0,451691.0,241.462646,287.234528,1.0,0.0,0.0,8680.0
2014-09-01,29,214149.7141187952,110.938713,54446.967249792,11.964356352000001,0.0,0.0,107.13829,50.0,1.0,3402.5154875904263,370.8964995839924,0.0
2014-09-01,3,264760.5452624096,202.23378,57395.149500416,14.769325376000001,0.0,0.0,103.148621,50.0,1.0,6250.001312409615,457.8535004160003,0.0
2014-09-01,30,248854.83628759038,199.285416,86973.38649958398,29.296601152,0.0,0.0,145.241226,50.0,1.0,6059.578650180774,908.192999167979,0.0
2014-09-01,31,292259.0735124096,267.884705,45775.38550041599,23.176250239999998,0.0,0.0,95.142815,50.0,1.0,8254.574787409569,718.4645004159902,0.0
2014-09-01,32,17089.8692130064,0.0,4182.295,0.0,600.0,669700.0,162.299042,224.718979,1.0,0.0,0.0,18600.0
2014-09-01,33,250646.985875,249.201202,57747.911,29.180820032,0.0,0.0,100.006157,50.0,1.0,7627.539750000025,904.6050000000032,0.0
2014-09-01,34,10489.494538022398,0.0,4413.073843776001,0.0,300.0,451950.0,181.649384,214.260849,1.0,0.0,0.0,9300.0
2014-09-01,35,147859.63362189758,104.092369,18606.368624895997,5.297517888000001,0.0,0.0,140.709946,50.0,1.0,3232.476362590358,164.22249958399698,0.0
2014-09-01,36,8973.8223096576,0.0,4027.040062656,0.0,227.73793,339100.25,227.212952,300.0,1.0,0.0,0.0,7059.875
2014-09-01,37,14834.4426593072,0.0,2577.531125312,0.0,600.0,581293.8125,263.199982,298.993896,1.0,0.0,0.0,18600.0
2014-09-01,38,104181.89000930719,76.83709,17164.545125312,4.05141568,0.0,0.0,117.976273,50.0,1.0,2385.1494467167795,125.59462572800112,0.0
2014-09-01,4,9849.573744824,0.0,4149.151093568,0.0,449.000214,596444.1875,218.067429,300.0,1.0,0.0,0.0,13919.0
2014-09-01,40,275722.054425,300.0,50160.591,38.247907776,0.0,0.0,93.581009,50.765495,1.0,9161.38163740962,1185.6845004159986,0.0
2014-09-01,41,14138.352450470398,0.0,6562.228156224,0.0,418.131287,596759.3125,241.211105,300.0,1.0,0.0,0.0,12962.0625
2014-09-01,42,23355.4977690032,0.0,8677.292,0.0,260.0,454320.0,150.386887,175.504456,1.0,0.0,0.0,8060.0
2014-09-01,43,291026.3676937951,300.0,21819.827249792,10.453965184000001,0.0,0.0,102.526527,62.788033,1.0,9348.616281385534,324.0737493760025,0.0
2014-09-01,44,238396.27534999998,170.21817,63131.9,20.957857024,0.0,0.0,106.586449,50.0,1.0,5203.126025000005,649.6880000000019,0.0
2014-09-01,45,251310.6506937952,179.79213,54021.139249791995,27.939355392000003,0.0,0.0,156.695541,50.0,1.0,5456.689887590415,866.1184995839867,0.0
2014-09-01,47,269418.22902499995,218.948441,46227.857,28.858555648,0.0,0.0,89.271431,50.0,1.0,6679.878437409527,894.6145004159989,0.0
2014-09-01,48,241305.34504999997,166.065445,49201.334,21.78012928,0.0,0.0,115.835327,50.0,1.0,5067.20331879516,675.1842497920006,0.0
2014-09-01,49,149621.3368437952,89.805168,28014.223249791998,7.2200610560000005,0.0,0.0,111.6716,50.0,1.0,2770.9648187952116,223.8242497919964,0.0
2014-09-01,50,79194.7800557888,52.291809,30733.277249791998,11.123072896,0.0,0.0,114.72261,50.0,1.0,1566.8652677823993,344.8152497919982,0.0
2014-09-01,51,180552.22286879522,115.469887,26788.440249792002,6.734436799999999,0.0,0.0,92.124672,50.0,1.0,3580.014225000021,208.76699999999983,0.0
2014-09-01,52,160795.69373120478,107.993469,26117.074750207998,5.308668352,0.0,0.0,92.725082,50.0,1.0,3354.8866468975903,164.56862489599735,0.0
2014-09-01,53,262643.1247812048,275.386047,38447.63975020801,24.831304575999997,0.0,0.0,100.368713,50.0,1.0,8478.948693795246,769.7722497920113,0.0
2014-09-01,54,109394.529725,71.684242,38081.81,23.069660224,0.0,0.0,73.236015,50.0,1.0,2095.2449245840107,715.162499584003,0.0
2014-09-01,55,260570.82279379517,272.553925,37272.797249792,22.495463744000002,0.0,0.0,103.952644,50.0,1.0,8405.77979999996,697.359000000004,0.0
2014-09-01,56,46802.6450130064,22.640242,18319.093,8.354692736,0.0,0.0,58.726856,50.0,1.0,654.5495382144,258.99575020799966,0.0
2014-09-01,6,265156.1605,234.100586,28110.004,12.438848447999998,0.0,0.0,97.572983,50.0,1.0,7266.221756204788,385.6027502080033,0.0
2014-09-01,7,10323.4740913328,0.0,2367.8959690879997,0.0,141.488434,297570.0,273.662415,300.0,1.0,0.0,0.0,4386.125
2014-09-01,9,101899.219650416,75.563805,36777.097500416,19.108625535999998,0.0,0.0,73.862572,50.0,1.0,2243.734194211196,592.3677502079954,0.0
2014-10-01,1,61218.2516103232,0.0,15.444412671999999,0.0,0.0,0.0,101.786896,0.0,0.0,0.0,0.0,0.0
2014-10-01,12,247676.19248759036,202.555466,20498.640499584002,5.822379264,0.0,0.0,110.304955,50.0,1.0,6116.4800437951635,174.67124979200162,0.0
2014-10-01,13,16361.5769856208,0.0,4763.04034336,0.0,400.0,614690.5625,170.621475,209.993698,1.0,0.0,0.0,12000.0
2014-10-01,14,253586.23671879517,186.363235,45515.200249792,18.376088640000003,0.0,0.0,93.699875,50.0,1.0,5542.656368795171,551.2812497919949,0.0
2014-10-01,15,2650.377862456,0.0,1080.0747343360001,0.0,300.0,333200.0,159.318451,185.298523,1.0,0.0,0.0,9000.0
2014-10-01,16,279734.8335562048,284.955292,21224.940750208,7.510695296000001,0.0,0.0,103.529938,50.0,1.0,8609.11509051203,225.3208755199994,0.0
2014-10-01,17,154055.27355,88.612259,45063.213,14.366843712,0.0,0.0,106.484535,50.0,1.0,2598.72561879523,431.0052497919969,0.0
2014-10-01,19,0.0,0.0,0.0,0.0,300.0,427227.8125,255.703491,294.194458,1.0,0.0,0.0,9000.0
2014-10-01,2,19695.628620048003,0.0,5306.085687551999,0.0,200.0,312976.90625,241.831238,289.591461,1.0,0.0,0.0,6000.0
2014-10-01,20,247200.4873531024,183.755997,18942.584375104,7.032011583999999,0.0,0.0,105.16571,50.0,1.0,5537.3906812047935,210.96075020800345,0.0
2014-10-01,21,3693.2081635967997,0.0,950.0383751040001,0.0,200.0,334750.0,170.531937,195.731873,1.0,0.0,0.0,6000.0
2014-10-01,22,132428.3029562048,81.586929,50879.383750208006,17.61004544,0.0,0.0,102.524513,50.0,1.0,2364.1350124096207,528.3005004160077,0.0
2014-10-01,23,158027.4394437952,96.385109,23182.903249792,13.655659264,0.0,0.0,74.278931,50.0,1.0,2839.5344500000356,409.66899999999805,0.0
2014-10-01,24,17359.134568899204,0.0,3296.853624896,0.0,300.0,424450.0,159.098389,179.85437,1.0,0.0,0.0,9000.0
2014-10-01,25,266111.8471,263.848755,61324.51,28.128359999999997,0.0,0.0,135.907944,50.0,1.0,7833.411762409611,843.8495004160068,0.0
2014-10-01,26,11469.072694115199,0.0,2419.039796992,0.0,400.0,397000.0,190.270462,217.48349,1.0,0.0,0.0,12000.0
2014-10-01,27,261292.815825,225.697586,58649.877,31.292082432,0.0,0.0,94.995224,50.0,1.0,6653.573537409626,938.762500416,0.0
2014-10-01,28,16197.7439393632,0.0,8189.129812864,0.0,280.0,460091.0,239.398651,285.081238,1.0,0.0,0.0,8400.0
2014-10-01,29,217484.91509999998,112.313461,54802.839,11.862448832,0.0,0.0,107.552872,50.0,1.0,3335.2009812047763,355.8717502080035,0.0
2014-10-01,3,270716.324025,199.095032,57825.495,14.34489888,0.0,0.0,102.291451,50.0,1.0,5955.778762590373,430.3454995840002,0.0
2014-10-01,30,254727.61865000002,199.432205,87832.706,28.644052736000003,0.0,0.0,144.772064,50.0,1.0,5872.7823624096345,859.3195004160225,0.0
2014-10-01,31,300246.82021240954,267.71402,46449.513500416,22.470898112,0.0,0.0,95.103867,50.0,1.0,7987.74669999996,674.1280000000042,0.0
2014-10-01,32,17089.8692130064,0.0,4182.295,0.0,600.0,687700.0,161.868896,224.14566,1.0,0.0,0.0,18000.0
2014-10-01,33,258146.8575875904,252.997711,58609.440499583994,28.717472576,0.0,0.0,100.499031,50.0,1.0,7499.871712590393,861.529499583994,0.0
2014-10-01,34,10489.494538022398,0.0,4413.073843776001,0.0,300.0,460950.0,179.62468,212.191116,1.0,0.0,0.0,9000.0
2014-10-01,35,151016.60921569282,105.035385,18764.763874688,5.279862016,0.0,0.0,141.194,50.0,1.0,3156.975593795243,158.3952497920036,0.0
2014-10-01,36,8973.8223096576,0.0,4027.040062656,0.0,227.249069,345917.71875,227.517258,300.0,1.0,0.0,0.0,6817.46875
2014-10-01,37,14834.4426593072,0.0,2577.531125312,0.0,600.0,599293.8125,262.699158,298.461334,1.0,0.0,0.0,18000.0
2014-10-01,38,106509.81784731359,77.467522,17283.469125312,3.9641596800000003,0.0,0.0,117.86039,50.0,1.0,2327.927838006406,118.92399999999907,0.0
2014-10-01,4,9849.573744824,0.0,4149.151093568,0.0,448.07135,609886.3125,218.389252,300.0,1.0,0.0,0.0,13442.125
2014-10-01,40,284593.79875,300.0,51280.918,37.344204352,0.0,0.0,93.726547,50.866959,1.0,8871.744325000036,1120.3269999999975,0.0
2014-10-01,41,14138.352450470398,0.0,6562.228156224,0.0,420.879883,609385.6875,240.934662,300.0,1.0,0.0,0.0,12626.375
2014-10-01,42,23355.4977690032,0.0,8677.292,0.0,260.0,462120.0,147.222595,172.361481,1.0,0.0,0.0,7800.0
2014-10-01,43,300075.4326781024,300.0,22124.165375104003,10.144595967999999,0.0,0.0,101.187935,61.466824,1.0,9049.064984307275,304.3381253120024,0.0
2014-10-01,44,243305.8828875904,165.813721,63723.094499584,19.706395904,0.0,0.0,105.146469,50.0,1.0,4909.607537590404,591.1944995839949,0.0
2014-10-01,45,256580.2216624096,179.301376,54841.689500416,27.351618944,0.0,0.0,156.082001,50.0,1.0,5269.570968614396,820.5502506240082,0.0
2014-10-01,47,275751.3463812048,214.466309,47070.92975020801,28.102464,0.0,0.0,88.629883,50.0,1.0,6333.117356204835,843.0727502080044,0.0
2014-10-01,48,246163.11229999998,164.388382,49831.769,21.014537856,0.0,0.0,114.986076,50.0,1.0,4857.767250000004,630.4349999999977,0.0
2014-10-01,49,152340.895475,91.038956,28228.538,7.143857343999999,0.0,0.0,112.067932,50.0,1.0,2719.5586312047963,214.3147502080028,0.0
2014-10-01,50,80725.0627068016,52.725616,31063.360249792,11.002798976,0.0,0.0,114.930885,50.0,1.0,1530.282651012807,330.08300000000236,0.0
2014-10-01,51,184016.926,115.452736,26987.35,6.630329472000001,0.0,0.0,91.985069,50.0,1.0,3464.703131204791,198.9097502079967,0.0
2014-10-01,52,164046.6799406928,108.11602,26273.602874688,5.217595136,0.0,0.0,92.711189,50.0,1.0,3250.986209488008,156.5281244800026,0.0
2014-10-01,53,270846.43077499996,275.137085,39167.687,24.001611712000003,0.0,0.0,100.261909,50.0,1.0,8203.305993795162,720.0472497919909,0.0
2014-10-01,54,111408.31038120479,71.172356,38766.191750208,22.812792704,0.0,0.0,73.210052,50.0,1.0,2013.7806562047917,684.3817502080055,0.0
2014-10-01,55,268711.611,272.580627,37922.976,21.672637376,0.0,0.0,103.75016,50.0,1.0,8140.788206204801,650.1787502080042,0.0
2014-10-01,56,47425.128627894395,22.278475,18569.552624895998,8.348659072,0.0,0.0,58.606438,50.0,1.0,622.4836148879986,250.45962489599697,0.0
2014-10-01,6,272166.64899379516,233.268036,28464.881249791997,11.82924704,0.0,0.0,97.275772,50.0,1.0,7010.488493795157,354.8772497919963,0.0
2014-10-01,7,10323.4740913328,0.0,2367.8959690879997,0.0,142.264893,301837.9375,273.531219,300.0,1.0,0.0,0.0,4267.9375
2014-10-01,9,103962.40914379519,71.717911,37310.393249791996,17.776606848,0.0,0.0,72.984161,50.0,1.0,2063.189493379192,533.2957493759968,0.0
2014-11-01,1,61218.2516103232,0.0,15.444412671999999,0.0,0.0,0.0,101.859283,0.0,0.0,0.0,0.0,0.0
2014-11-01,12,254041.6972874096,203.968384,20675.557500416,5.706990848,0.0,0.0,110.333908,50.0,1.0,6365.504799819231,176.91700083199612,0.0
2014-11-01,13,16361.5769856208,0.0,4763.04034336,0.0,400.0,627090.5625,169.148346,208.473083,1.0,0.0,0.0,12400.0
2014-11-01,14,259206.63406240958,182.780182,46059.669500416,17.56350752,0.0,0.0,92.894829,50.0,1.0,5620.397343614401,544.4692506240026,0.0
2014-11-01,15,2650.377862456,0.0,1080.0747343360001,0.0,300.0,342500.0,159.250259,185.127609,1.0,0.0,0.0,9300.0
2014-11-01,16,288611.78775,284.357361,21459.36,7.561909055999999,0.0,0.0,103.530228,50.0,1.0,8876.954193795216,234.4192497920012,0.0
2014-11-01,17,156756.52800620478,89.083427,45503.545750208,14.204318336,0.0,0.0,106.39299,50.0,1.0,2701.2544562047697,440.3327502079992,0.0
2014-11-01,19,0.0,0.0,0.0,0.0,300.0,436527.8125,254.597977,292.988708,1.0,0.0,0.0,9300.0
2014-11-01,2,19695.628620048003,0.0,5306.085687551999,0.0,200.0,319176.90625,241.308105,289.098511,1.0,0.0,0.0,6200.0
2014-11-01,20,252953.18064689758,184.723465,19159.063624895996,6.983213952,0.0,0.0,105.276947,50.0,1.0,5752.693293795193,216.47924979199524,0.0
2014-11-01,21,3693.2081635967997,0.0,950.0383751040001,0.0,200.0,340950.0,170.604736,195.759338,1.0,0.0,0.0,6200.0
2014-11-01,22,134871.91693759043,81.517807,51412.172499584005,17.186793728,0.0,0.0,102.224129,50.0,1.0,2443.613981385628,532.788749375999,0.0
2014-11-01,23,160856.06873759037,92.881958,23585.880499584,12.999272832,0.0,0.0,73.887062,50.0,1.0,2828.629293795151,402.9772497919985,0.0
2014-11-01,24,17359.134568899204,0.0,3296.853624896,0.0,300.0,433750.0,158.363892,179.176071,1.0,0.0,0.0,9300.0
2014-11-01,25,274211.4268624096,263.870331,62176.263500416004,27.475944704,0.0,0.0,135.501587,50.0,1.0,8099.579762409558,851.7535004160018,0.0
2014-11-01,26,11469.072694115199,0.0,2419.039796992,0.0,400.0,409400.0,190.434082,217.539841,1.0,0.0,0.0,12400.0
2014-11-01,27,268125.428425,224.157166,59594.197,30.461913664,0.0,0.0,94.727097,50.0,1.0,6832.612599999993,944.3199999999997,0.0
2014-11-01,28,16197.7439393632,0.0,8189.129812864,0.0,280.0,468771.0,237.646286,283.237488,1.0,0.0,0.0,8680.0
2014-11-01,29,220961.6091875904,113.248543,55166.130499584,11.719056128,0.0,0.0,107.73999,50.0,1.0,3476.694087590411,363.2914995839965,0.0
2014-11-01,3,276823.1752375904,197.506393,58259.012499583994,13.984549696,0.0,0.0,101.774506,50.0,1.0,6106.851212590409,433.5174995839916,0.0
2014-11-01,30,260810.6040124096,199.758636,88701.56750041601,28.02771712,0.0,0.0,144.322891,50.0,1.0,6082.985362409585,868.8615004160092,0.0
2014-11-01,31,308491.9226062048,267.283936,47124.76275020801,21.782296640000002,0.0,0.0,95.025642,50.0,1.0,8245.10239379527,675.2492497920102,0.0
2014-11-01,32,17089.8692130064,0.0,4182.295,0.0,600.0,706300.0,161.469894,223.602295,1.0,0.0,0.0,18600.0
2014-11-01,33,265958.96818759036,254.843719,59479.946499583995,28.080914368000002,0.0,0.0,100.675995,50.0,1.0,7812.110599999956,870.5060000000012,0.0
2014-11-01,34,10489.494538022398,0.0,4413.073843776001,0.0,300.0,470250.0,178.44191,210.947281,1.0,0.0,0.0,9300.0
2014-11-01,35,154300.0092687952,105.703804,18927.535249792003,5.250688768,0.0,0.0,141.453415,50.0,1.0,3283.4000531023776,162.7713751040028,0.0
2014-11-01,36,8973.8223096576,0.0,4027.040062656,0.0,227.309525,352964.3125,227.636795,300.0,1.0,0.0,0.0,7046.59375
2014-11-01,37,14834.4426593072,0.0,2577.531125312,0.0,600.0,617893.8125,262.146912,297.880981,1.0,0.0,0.0,18600.0
2014-11-01,38,108931.6573911088,77.967773,17403.566375104,3.874094848,0.0,0.0,117.694702,50.0,1.0,2421.839543795213,120.0972497920011,0.0
2014-11-01,4,9849.573744824,0.0,4149.151093568,0.0,448.603577,623793.0,218.430511,300.0,1.0,0.0,0.0,13906.6875
2014-11-01,40,293767.382975,300.0,52410.449,36.436543104,0.0,0.0,93.736275,50.868736,1.0,9173.584224999999,1129.5310000000027,0.0
2014-11-01,41,14138.352450470398,0.0,6562.228156224,0.0,423.540588,622515.5,240.674088,300.0,1.0,0.0,0.0,13129.8125
2014-11-01,42,23355.4977690032,0.0,8677.292,0.0,260.0,470180.0,145.130585,170.261749,1.0,0.0,0.0,8060.0
2014-11-01,43,309427.9368656927,300.0,22430.347874688,9.876889984,0.0,0.0,100.166046,60.439217,1.0,9352.504187590326,306.1824995839961,0.0
2014-11-01,44,248295.11788759037,162.917175,64302.218499584,18.681493376,0.0,0.0,104.130753,50.0,1.0,4989.234999999986,579.1240000000034,0.0
2014-11-01,45,262018.8433375904,178.958359,55670.504499584,26.736064575999997,0.0,0.0,155.483536,50.0,1.0,5438.621675180795,828.8149991679966,0.0
2014-11-01,47,282189.3621937952,210.949142,47922.83924979199,27.480898432,0.0,0.0,88.147736,50.0,1.0,6438.015812590427,851.9094995839841,0.0
2014-11-01,48,251155.4450687952,163.3741,50462.688249791994,20.35220928,0.0,0.0,114.410164,50.0,1.0,4992.332768795226,630.9192497919939,0.0
2014-11-01,49,155178.7637812048,91.899117,28446.921750208003,7.044632191999999,0.0,0.0,112.239494,50.0,1.0,2837.868306204793,218.3837502080023,0.0
2014-11-01,50,82317.22128120481,53.041653,31400.105750208,10.86272928,0.0,0.0,115.020462,50.0,1.0,1592.1585744032054,336.74550041600014,0.0
2014-11-01,51,187599.5230031024,115.507599,27189.693375104,6.527188927999999,0.0,0.0,91.855034,50.0,1.0,3582.59700310239,202.34337510400292,0.0
2014-11-01,52,167412.17227189758,108.292366,26432.550624895997,5.127371392,0.0,0.0,92.667183,50.0,1.0,3365.4923312047904,158.94775020799716,0.0
2014-11-01,53,279321.9454249999,274.91803,39885.755,23.163507328,0.0,0.0,100.178848,50.0,1.0,8475.514649999968,718.0679999999993,0.0
2014-11-01,54,113476.217549584,70.706909,39465.952499584004,22.572963712,0.0,0.0,73.204117,50.0,1.0,2067.9071683792135,699.7607493760006,0.0
2014-11-01,55,277132.25771879515,272.689392,38571.510249791994,20.92044032,0.0,0.0,103.538574,50.0,1.0,8420.646718795178,648.5342497919919,0.0
2014-11-01,56,48057.4911190032,21.929268,18827.913,8.334168128000002,0.0,0.0,58.49239,50.0,1.0,632.3624911088045,258.36037510400274,0.0
2014-11-01,6,279398.3438,232.754242,28814.786,11.287163264,0.0,0.0,97.026993,50.0,1.0,7231.694806204818,349.90475020800295,0.0
2014-11-01,7,10323.4740913328,0.0,2367.8959690879997,0.0,143.022675,306271.65625,273.397949,300.0,1.0,0.0,0.0,4433.71875
2014-11-01,9,106008.8859874096,68.754471,37826.691500416,16.654710592,0.0,0.0,72.29731,50.0,1.0,2046.4768436144077,516.2982506240005,0.0
2014-12-01,1,61218.2516103232,0.0,15.444412671999999,0.0,0.0,0.0,101.88015,0.0,0.0,0.0,0.0,0.0
2014-12-01,12,260234.4156374096,205.015503,20843.413500415998,5.595206656,0.0,0.0,110.293282,50.0,1.0,6192.71835000001,167.85599999999977,0.0
2014-12-01,13,16361.5769856208,0.0,4763.04034336,0.0,400.0,639090.5625,168.036499,207.305222,1.0,0.0,0.0,12000.0
2014-12-01,14,264686.4920562048,184.033752,46574.34275020801,17.155762624,0.0,0.0,92.941444,50.0,1.0,5479.857993795245,514.6732497920093,0.0
2014-12-01,15,2650.377862456,0.0,1080.0747343360001,0.0,300.0,351500.0,159.031158,184.814865,1.0,0.0,0.0,9000.0
2014-12-01,16,297185.215875,283.797974,21687.237,7.595884608,0.0,0.0,103.513191,50.0,1.0,8573.428124999977,227.8770000000004,0.0
2014-12-01,17,159382.98724379519,89.453896,45924.609249791996,14.035456448,0.0,0.0,106.28595,50.0,1.0,2626.459237590403,421.0634995839937,0.0
2014-12-01,19,0.0,0.0,0.0,0.0,300.0,445527.8125,253.615585,291.91037,1.0,0.0,0.0,9000.0
2014-12-01,2,19695.628620048003,0.0,5306.085687551999,0.0,200.0,325176.90625,240.894775,288.703156,1.0,0.0,0.0,6000.0
2014-12-01,20,258542.03307499998,185.425125,19366.607,6.918089152,0.0,0.0,105.295174,50.0,1.0,5588.8524281024,207.54337510400364,0.0
2014-12-01,21,3693.2081635967997,0.0,950.0383751040001,0.0,200.0,346950.0,170.564682,195.680847,1.0,0.0,0.0,6000.0
2014-12-01,22,137239.70419999998,81.53746,51916.748,16.819187839999998,0.0,0.0,102.011467,50.0,1.0,2367.787262409547,504.5755004159946,0.0
2014-12-01,23,163580.3581093072,92.384995,23966.600125312,12.690604160000001,0.0,0.0,73.817726,50.0,1.0,2724.289371716848,380.7196257280011,0.0
2014-12-01,24,17359.134568899204,0.0,3296.853624896,0.0,300.0,442750.0,157.881714,178.718307,1.0,0.0,0.0,9000.0
2014-12-01,25,282058.7516124096,264.040802,62982.887500416,26.887462784,0.0,0.0,135.133301,50.0,1.0,7847.324750000029,806.6239999999962,0.0
2014-12-01,26,11469.072694115199,0.0,2419.039796992,0.0,400.0,421400.0,190.239716,217.253662,1.0,0.0,0.0,12000.0
2014-12-01,27,274711.9618124096,223.157974,60486.523500416006,29.744381056,0.0,0.0,94.556625,50.0,1.0,6586.533387409581,892.3265004160057,0.0
2014-12-01,28,16197.7439393632,0.0,8189.129812864,0.0,280.0,477171.0,236.508545,282.01413,1.0,0.0,0.0,8400.0
2014-12-01,29,224347.672375,113.923332,55513.042,11.563812416000001,0.0,0.0,107.801231,50.0,1.0,3386.0631874096,346.91150041600486,0.0
2014-12-01,3,282712.005525,196.748001,58669.299,13.676139775999998,0.0,0.0,101.445854,50.0,1.0,5888.830287409597,410.28650041600486,0.0
2014-12-01,30,266714.9249,200.220215,89526.008,27.481393472,0.0,0.0,143.898941,50.0,1.0,5904.32088759038,824.4404995839868,0.0
2014-12-01,31,316459.1213875904,266.757629,47759.744499584005,21.165991807999998,0.0,0.0,94.935699,50.0,1.0,7967.19878138561,634.9817493759983,0.0
2014-12-01,32,17089.8692130064,0.0,4182.295,0.0,600.0,724300.0,161.109375,223.106369,1.0,0.0,0.0,18000.0
2014-12-01,33,273550.1460375904,255.722473,60302.170499584,27.407380416,0.0,0.0,100.70208,50.0,1.0,7591.177850000036,822.224000000002,0.0
2014-12-01,34,10489.494538022398,0.0,4413.073843776001,0.0,300.0,479250.0,177.684219,210.124039,1.0,0.0,0.0,9000.0
2014-12-01,35,157492.7697187952,106.199661,19084.016249792003,5.216008512,0.0,0.0,141.585022,50.0,1.0,3192.7604500000016,156.48099999999977,0.0
2014-12-01,36,8973.8223096576,0.0,4027.040062656,0.0,227.618439,359792.875,227.662949,300.0,1.0,0.0,0.0,6828.5625
2014-12-01,37,14834.4426593072,0.0,2577.531125312,0.0,600.0,635893.8125,261.593018,297.303406,1.0,0.0,0.0,18000.0
2014-12-01,38,111289.14816240959,78.403336,17517.311500416,3.7914680959999996,0.0,0.0,117.523407,50.0,1.0,2357.490771300785,113.74512531199798,0.0
2014-12-01,4,9849.573744824,0.0,4149.151093568,0.0,449.643311,637282.3125,218.364365,300.0,1.0,0.0,0.0,13489.3125
2014-12-01,40,302650.5833812048,300.0,53478.057750208005,35.58695712,0.0,0.0,93.68042,50.821323,1.0,8883.200406204793,1067.6087502080045,0.0
2014-12-01,41,14138.352450470398,0.0,6562.228156224,0.0,425.997498,635295.375,240.438004,300.0,1.0,0.0,0.0,12779.875
2014-12-01,42,23355.4977690032,0.0,8677.292,0.0,320.0,479780.0,152.515671,183.453018,1.0,0.0,0.0,9600.0
2014-12-01,43,318480.2050468976,300.0,22719.945624895998,9.653239232,0.0,0.0,99.416481,59.677094,1.0,9052.268181204854,289.5977502079986,0.0
2014-12-01,44,253203.143275,165.444885,64849.135,18.230468672,0.0,0.0,104.614227,50.0,1.0,4908.025387409638,546.9165004160022,0.0
2014-12-01,45,267280.92025,178.7966,56455.048,26.151459776,0.0,0.0,154.949768,50.0,1.0,5262.076912409626,784.5435004160026,0.0
2014-12-01,47,288343.1803937952,208.321732,48731.98524979199,26.971578816,0.0,0.0,87.781876,50.0,1.0,6153.81819999998,809.1460000000006,0.0
2014-12-01,48,255973.0807312048,162.807251,51056.78175020801,19.803111744000002,0.0,0.0,114.028519,50.0,1.0,4817.635662409593,594.0935004160128,0.0
2014-12-01,49,157944.8804187952,92.527702,28655.188249791998,6.942292863999999,0.0,0.0,112.285583,50.0,1.0,2766.1166375903995,208.26649958399503,0.0
2014-12-01,50,83866.36378800639,53.286053,31721.794,10.72300736,0.0,0.0,115.047897,50.0,1.0,1549.1425068015815,321.68824979200144,0.0
2014-12-01,51,191070.16129999998,115.606041,27382.628,6.431146176,0.0,0.0,91.73912,50.0,1.0,3470.6382968975813,192.93462489599915,0.0
2014-12-01,52,170675.8256124096,108.496155,26583.875500416,5.0441622399999995,0.0,0.0,92.606262,50.0,1.0,3263.6533405120135,151.32487552000384,0.0
2014-12-01,53,287526.04245620477,274.81781,40557.44875020801,22.389724864,0.0,0.0,100.062683,50.0,1.0,8204.097031204845,671.6937502080109,0.0
2014-12-01,54,115466.23601879519,70.291275,40136.50224979199,22.351629248000002,0.0,0.0,73.209404,50.0,1.0,1990.0184692111798,670.5497502079888,0.0
2014-12-01,55,285289.25771240954,272.81134,39179.419500416,20.263642048,0.0,0.0,103.336479,50.0,1.0,8156.999993614387,607.9092506240049,0.0
2014-12-01,56,48661.586961993606,21.669079,19077.786,8.329132864000002,0.0,0.0,58.41832,50.0,1.0,604.0958429904058,249.8729999999996,0.0
2014-12-01,6,286391.34558120475,232.477341,29139.587750208,10.826741120000001,0.0,0.0,96.813637,50.0,1.0,6993.001781204774,324.80175020800016,0.0
2014-12-01,7,10323.4740913328,0.0,2367.8959690879997,0.0,143.71608,310583.125,273.273285,300.0,1.0,0.0,0.0,4311.46875
2014-12-01,9,107969.9390568016,67.984604,38308.00024979199,16.043683968,0.0,0.0,72.135277,50.0,1.0,1961.053069392001,481.30874937599583,0.0
2015-01-01,1,61218.2516103232,0.0,15.444412671999999,0.0,0.0,0.0,101.874863,0.0,0.0,0.0,0.0,0.0
2015-01-01,12,266662.92634999997,205.926666,21013.382,5.482847552,0.0,0.0,110.219429,50.0,1.0,6428.51071259036,169.96849958400344,0.0
2015-01-01,13,16361.5769856208,0.0,4763.04034336,0.0,400.0,651490.5625,167.130753,206.333908,1.0,0.0,0.0,12400.0
2015-01-01,14,270390.4751062048,185.289429,47096.682750208005,16.849675648,0.0,0.0,93.052834,50.0,1.0,5703.983049999981,522.3399999999965,0.0
2015-01-01,15,2650.377862456,0.0,1080.0747343360001,0.0,300.0,360800.0,158.7332,184.424911,1.0,0.0,0.0,9300.0
2015-01-01,16,306027.56034379516,283.26709,21923.333249792002,7.616031488,0.0,0.0,103.484734,50.0,1.0,8842.34446879517,236.0962497920009,0.0
2015-01-01,17,162108.4872562048,89.780556,46354.083750208,13.854038848000002,0.0,0.0,106.168732,50.0,1.0,2725.5000124096114,429.4745004160068,0.0
2015-01-01,19,0.0,0.0,0.0,0.0,300.0,454827.8125,252.673294,290.870239,1.0,0.0,0.0,9300.0
2015-01-01,2,19695.628620048003,0.0,5306.085687551999,0.0,200.0,331376.90625,240.528122,288.34494,1.0,0.0,0.0,6200.0
2015-01-01,20,264335.3278531024,185.985489,19578.596375104004,6.83837024,0.0,0.0,105.25383,50.0,1.0,5793.294778102427,211.98937510400356,0.0
2015-01-01,21,3693.2081635967997,0.0,950.0383751040001,0.0,200.0,353150.0,170.443573,195.524124,1.0,0.0,0.0,6200.0
2015-01-01,22,139691.06285,81.610054,52427.297,16.469243648,0.0,0.0,101.845245,50.0,1.0,2451.358650000009,510.54899999999907,0.0
2015-01-01,23,166406.4628874096,92.70887,24356.143500416,12.565942272000001,0.0,0.0,73.865028,50.0,1.0,2826.1047781023954,389.543375104,0.0
2015-01-01,24,17359.134568899204,0.0,3296.853624896,0.0,300.0,452050.0,157.520828,178.364792,1.0,0.0,0.0,9300.0
2015-01-01,25,290179.3702124095,264.289703,63798.559500416006,26.311922623999997,0.0,0.0,134.781357,50.0,1.0,8120.618599999929,815.6720000000059,0.0
2015-01-01,26,11469.072694115199,0.0,2419.039796992,0.0,400.0,433800.0,189.876801,216.804077,1.0,0.0,0.0,12400.0
2015-01-01,27,281499.638875,222.424225,61387.261,29.055885248,0.0,0.0,94.43811,50.0,1.0,6787.677062590432,900.7374995839928,0.0
2015-01-01,28,16197.7439393632,0.0,8189.129812864,0.0,280.0,485851.0,235.674911,281.088318,1.0,0.0,0.0,8680.0
2015-01-01,29,227865.4048,114.485756,55866.265,11.394194240000001,0.0,0.0,107.792938,50.0,1.0,3517.7324249999947,353.22299999999814,0.0
2015-01-01,3,288788.61247500003,196.414536,59084.259,13.385853312,0.0,0.0,101.20253,50.0,1.0,6076.606950000045,414.9599999999991,0.0
2015-01-01,30,272837.72481240967,200.796646,90361.667500416,26.956744255999997,0.0,0.0,143.471222,50.0,1.0,6122.799912409682,835.6595004160044,0.0
2015-01-01,31,324677.9511562048,266.188538,48397.722750208006,20.579995072000003,0.0,0.0,94.843071,50.0,1.0,8218.829768614378,637.9782506240008,0.0
2015-01-01,32,17089.8692130064,0.0,4182.295,0.0,600.0,742900.0,160.761612,222.62236,1.0,0.0,0.0,18600.0
2015-01-01,33,281412.86967499997,256.158478,61129.835,26.699035584,0.0,0.0,100.660362,50.0,1.0,7862.723637409566,827.6645004160018,0.0
2015-01-01,34,10489.494538022398,0.0,4413.073843776001,0.0,300.0,488550.0,177.110382,209.479752,1.0,0.0,0.0,9300.0
2015-01-01,35,160805.44565,106.620338,19244.459,5.17557664,0.0,0.0,141.650223,50.0,1.0,3312.675931204809,160.44275020799614,0.0
2015-01-01,36,8973.8223096576,0.0,4027.040062656,0.0,228.071579,366863.09375,227.639755,300.0,1.0,0.0,0.0,7070.21875
2015-01-01,37,14834.4426593072,0.0,2577.531125312,0.0,600.0,654493.8125,261.016449,296.704956,1.0,0.0,0.0,18600.0
2015-01-01,38,113738.67580930718,78.814568,17632.337125312002,3.71054528,0.0,0.0,117.362885,50.0,1.0,2449.5276468975935,115.02562489600314,0.0
2015-01-01,4,9849.573744824,0.0,4149.151093568,0.0,450.946381,651261.625,218.246185,300.0,1.0,0.0,0.0,13979.3125
2015-01-01,40,311835.560125,300.0,54555.163,34.745290112,0.0,0.0,93.597389,50.751717,1.0,9184.97674379521,1077.1052497919954,0.0
2015-01-01,41,14138.352450470398,0.0,6562.228156224,0.0,428.434875,648576.875,240.207565,300.0,1.0,0.0,0.0,13281.5
2015-01-01,42,23355.4977690032,0.0,8677.292,0.0,320.0,489700.0,154.160126,184.987686,1.0,0.0,0.0,9920.0
2015-01-01,43,327835.5925,300.0,23012.86,9.448852608000001,0.0,0.0,98.830475,59.079269,1.0,9355.387453102448,292.91437510400283,0.0
2015-01-01,44,258339.725375,167.435913,65402.987,17.866141696000003,0.0,0.0,104.958443,50.0,1.0,5136.5821,553.851999999999,0.0
2015-01-01,45,272721.27735000005,178.762833,57247.476,25.562110080000004,0.0,0.0,154.475464,50.0,1.0,5440.357100000023,792.4279999999999,0.0
2015-01-01,47,294639.5249624096,206.233429,49554.35550041599,26.528026304,0.0,0.0,87.491341,50.0,1.0,6296.344568614382,822.3702506240006,0.0
2015-01-01,48,260944.5033375904,162.484436,51655.246499584006,19.305306176000002,0.0,0.0,113.746529,50.0,1.0,4971.422606385604,598.4647493759985,0.0
2015-01-01,49,160820.0007437952,93.039459,28866.945249792,6.830825664,0.0,0.0,112.26651,50.0,1.0,2875.1203249999962,211.75700000000143,0.0
2015-01-01,50,85474.7340437952,53.496841,32049.696249792,10.57749472,0.0,0.0,115.045235,50.0,1.0,1608.3702557888028,327.90224979199775,0.0
2015-01-01,51,194661.40689379518,115.741615,27579.035249792,6.3356908160000005,0.0,0.0,91.628151,50.0,1.0,3591.2455937952036,196.40724979199877,0.0
2015-01-01,52,174056.1523281024,108.729111,26737.696375104002,4.961978944,0.0,0.0,92.531082,50.0,1.0,3380.3267156928196,153.8208746880009,0.0
2015-01-01,53,296006.06003120483,274.735474,41228.28775020801,21.639980544,0.0,0.0,99.941826,50.0,1.0,8480.017575000064,670.8389999999999,0.0
2015-01-01,54,117511.30464421121,69.883774,40822.44075020801,22.127063296,0.0,0.0,73.221443,50.0,1.0,2045.0686254160246,685.938500416014,0.0
2015-01-01,55,293726.5188187952,272.945587,39788.492249792,19.647505279999997,0.0,0.0,103.136421,50.0,1.0,8437.261106385675,609.0727493759987,0.0
2015-01-01,56,49280.474130996794,21.501907,19336.421,8.343068864000001,0.0,0.0,58.376595,50.0,1.0,618.8871690031883,258.6349999999984,0.0
2015-01-01,6,293615.38625,232.317886,29461.796,10.393811584,0.0,0.0,96.626305,50.0,1.0,7224.0406687952345,322.20824979199824,0.0
2015-01-01,7,10323.4740913328,0.0,2367.8959690879997,0.0,144.382431,315059.0,273.152527,300.0,1.0,0.0,0.0,4475.875
2015-01-01,9,110003.731700416,68.133102,38792.877500416,15.641186496000001,0.0,0.0,72.192619,50.0,1.0,2033.7926436144044,484.8772506240057,0.0
2015-02-01,1,61218.2516103232,0.0,15.444412671999999,0.0,0.0,0.0,101.235168,0.0,0.0,0.0,0.0,0.0
2015-02-01,12,272842.06782189757,197.932373,21175.844624896,5.240715583999999,0.0,0.0,107.760719,50.0,1.0,6179.141471897601,162.46262489599758,0.0
2015-02-01,13,16361.5769856208,0.0,4763.04034336,0.0,300.0,660790.5625,150.018646,179.2117,1.0,0.0,0.0,9300.0
2015-02-01,14,276249.72435000003,190.22641,47617.752,16.80861728,0.0,0.0,93.690948,50.0,1.0,5859.249243795231,521.0692497919954,0.0
2015-02-01,15,2650.377862456,0.0,1080.0747343360001,0.0,200.0,367000.0,142.347244,159.368378,1.0,0.0,0.0,6200.0
2015-02-01,16,314803.64532189764,281.140808,22157.318624895997,7.547890688000001,0.0,0.0,103.123344,50.0,1.0,8776.084978102474,233.98537510399547,0.0
2015-02-01,17,164799.83543740958,88.615074,46772.27750041599,13.490086272000001,0.0,0.0,104.396523,50.0,1.0,2691.348181204783,418.19375020798907,0.0
2015-02-01,19,0.0,0.0,0.0,0.0,200.0,461027.8125,232.21698,257.771729,1.0,0.0,0.0,6200.0
2015-02-01,2,19695.628620048003,0.0,5306.085687551999,0.0,200.0,337576.90625,239.648041,287.495941,1.0,0.0,0.0,6200.0
2015-02-01,20,270115.3779718976,185.530884,19785.702624895996,6.6808759680000005,0.0,0.0,104.760811,50.0,1.0,5780.050118795189,207.106249791992,0.0
2015-02-01,21,3693.2081635967997,0.0,950.0383751040001,0.0,200.0,359350.0,169.985443,195.049271,1.0,0.0,0.0,6200.0
2015-02-01,22,142118.2637062048,80.732903,52922.229750208004,15.96559328,0.0,0.0,101.001434,50.0,1.0,2427.200856204814,494.932750208005,0.0
2015-02-01,23,169250.40308759038,93.263123,24743.790499584,12.504742848,0.0,0.0,72.643806,50.0,1.0,2843.9402001807757,387.64699916799873,0.0
2015-02-01,24,17359.134568899204,0.0,3296.853624896,0.0,200.0,458250.0,143.620667,155.9478,1.0,0.0,0.0,6200.0
2015-02-01,25,298102.4976124096,257.800934,64585.371500416004,25.380944575999997,0.0,0.0,132.531158,50.0,1.0,7923.127400000056,786.8119999999981,0.0
2015-02-01,26,11469.072694115199,0.0,2419.039796992,0.0,300.0,443100.0,171.407303,191.473648,1.0,0.0,0.0,9300.0
2015-02-01,27,287777.4602624096,205.769272,62227.873500416004,27.116711232,0.0,0.0,91.890686,50.0,1.0,6277.821387409582,840.6125004160058,0.0
2015-02-01,28,16197.7439393632,0.0,8189.129812864,0.0,329.327118,496060.125,246.755905,300.0,1.0,0.0,0.0,10209.125
2015-02-01,29,231320.2355,112.40815,56208.698,11.046200256,0.0,0.0,106.428421,50.0,1.0,3454.8307000000204,342.43299999999726,0.0
2015-02-01,3,294695.92319999996,190.926987,59485.53,12.944069632000001,0.0,0.0,99.928406,50.0,1.0,5907.31072499993,401.27100000000064,0.0
2015-02-01,30,278842.97682499996,196.846481,91167.323,25.988925248,0.0,0.0,140.909058,50.0,1.0,6005.252012590296,805.6554995839979,0.0
2015-02-01,31,331988.0393875904,236.879089,48982.86249958401,18.87548416,0.0,0.0,90.88446,50.0,1.0,7310.088231385627,585.1397493760014,0.0
2015-02-01,32,17089.8692130064,0.0,4182.295,0.0,600.0,761500.0,160.001968,221.740997,1.0,0.0,0.0,18600.0
2015-02-01,33,288359.71554999996,226.42421,61875.892,24.066324672000004,0.0,0.0,96.019661,50.0,1.0,6946.845874999999,746.0570000000007,0.0
2015-02-01,34,10489.494538022398,0.0,4413.073843776001,0.0,300.0,497850.0,173.596588,205.864075,1.0,0.0,0.0,9300.0
2015-02-01,35,164011.10832810242,103.18277,19400.626375104002,5.037656,0.0,0.0,138.641418,50.0,1.0,3205.6626781024097,156.16737510400344,0.0
2015-02-01,36,8973.8223096576,0.0,4027.040062656,0.0,200.0,373063.09375,218.050095,281.616364,1.0,0.0,0.0,6200.0
2015-02-01,37,14834.4426593072,0.0,2577.531125312,0.0,600.0,673093.8125,260.333435,295.999634,1.0,0.0,0.0,18600.0
2015-02-01,38,116124.153,76.741753,17742.66,3.558790976,0.0,0.0,116.214622,50.0,1.0,2385.4771906928218,110.32287468799768,0.0
2015-02-01,4,9849.573744824,0.0,4149.151093568,0.0,400.0,663661.625,207.740417,280.360382,1.0,0.0,0.0,12400.0
2015-02-01,40,320250.673,274.987579,55561.09,32.449276288,0.0,0.0,89.995888,50.0,1.0,8415.112874999992,1005.926999999996,0.0
2015-02-01,41,14138.352450470398,0.0,6562.228156224,0.0,433.138062,662004.125,239.660599,300.0,1.0,0.0,0.0,13427.25
2015-02-01,42,23355.4977690032,0.0,8677.292,0.0,320.0,499620.0,154.998871,185.715973,1.0,0.0,0.0,9920.0
2015-02-01,43,337191.6586593072,300.0,23302.651125312,9.348079103999998,0.0,0.0,91.088089,50.107624,1.0,9356.0661593072,289.7911253120001,0.0
2015-02-01,44,263642.848375,172.712006,65952.913,17.73959616,0.0,0.0,106.209145,50.0,1.0,5303.122999999992,549.9259999999995,0.0
2015-02-01,45,278200.18821240956,179.914627,58029.107500416,25.213962176000003,0.0,0.0,154.780914,50.0,1.0,5478.91086240951,781.6315004159987,0.0
2015-02-01,47,300511.36957499996,192.443527,50337.885,25.275189888,0.0,0.0,85.323097,50.0,1.0,5871.8446125903865,783.5294995840086,0.0
2015-02-01,48,265715.2840375904,155.923798,52229.300499584,18.517963776000002,0.0,0.0,112.044876,50.0,1.0,4770.780699999974,574.0539999999964,0.0
2015-02-01,49,163634.8852812048,91.073723,29071.883750208002,6.610869824,0.0,0.0,110.811272,50.0,1.0,2814.8845374096127,204.93850041600308,0.0
2015-02-01,50,87073.6527312048,53.144096,32370.152750208003,10.337288832,0.0,0.0,114.193558,50.0,1.0,1598.918687409605,320.4565004160031,0.0
2015-02-01,51,198251.1912874096,115.674156,27772.335500415997,6.235579584,0.0,0.0,91.446632,50.0,1.0,3589.78439361442,193.30025062399727,0.0
2015-02-01,52,177438.5614781024,108.777939,26888.925375104,4.878359616000001,0.0,0.0,92.326805,50.0,1.0,3382.409149999992,151.22899999999936,0.0
2015-02-01,53,304470.6890312048,274.084259,41875.99975020801,20.89394528,0.0,0.0,99.710373,50.0,1.0,8464.628999999957,647.7119999999995,0.0
2015-02-01,54,119539.843,69.293831,41499.172,21.82999104,0.0,0.0,73.163902,50.0,1.0,2028.5383557887835,676.731249791992,0.0
2015-02-01,55,302135.2195,271.896179,40377.376,18.996256448,0.0,0.0,102.717888,50.0,1.0,8408.700681204791,588.8837502079987,0.0
2015-02-01,56,49896.8208940032,21.428223,19596.096,8.376618432,0.0,0.0,58.363907,50.0,1.0,616.3467630064042,259.6750000000029,0.0
2015-02-01,6,300761.2520437952,229.721176,29768.417249791997,9.890997376,0.0,0.0,96.031403,50.0,1.0,7145.865793795208,306.6212497919987,0.0
2015-02-01,7,10323.4740913328,0.0,2367.8959690879997,0.0,144.797714,319547.71875,273.088226,300.0,1.0,0.0,0.0,4488.71875
2015-02-01,9,112057.7943942112,68.713799,39268.36875020801,15.338397567999998,0.0,0.0,71.832024,50.0,1.0,2054.062693795204,475.4912497920086,0.0
2015-03-01,1,61218.2516103232,0.0,15.444412671999999,0.0,0.0,0.0,100.671799,0.0,0.0,0.0,0.0,0.0
2015-03-01,12,278317.50236879516,194.169891,21318.066249792002,5.079352512000001,0.0,0.0,106.547997,50.0,1.0,5475.434546897595,142.22162489600305,0.0
2015-03-01,13,16361.5769856208,0.0,4763.04034336,0.0,300.0,669190.5625,144.637726,173.897934,1.0,0.0,0.0,8400.0
2015-03-01,14,281622.8515,193.055862,48085.414,16.702227776,0.0,0.0,94.047813,50.0,1.0,5373.127149999957,467.6619999999966,0.0
2015-03-01,15,2650.377862456,0.0,1080.0747343360001,0.0,200.0,372600.0,137.184128,154.208923,1.0,0.0,0.0,5600.0
2015-03-01,16,322675.4435562048,279.181396,22366.028750208,7.453962048,0.0,0.0,102.757332,50.0,1.0,7871.798234307149,208.71012531200176,0.0
2015-03-01,17,167206.39681240957,87.692085,47141.607500415994,13.190297536,0.0,0.0,103.071762,50.0,1.0,2406.56137499999,369.33000000000175,0.0
2015-03-01,19,0.0,0.0,0.0,0.0,200.0,466627.8125,224.034485,249.527725,1.0,0.0,0.0,5600.0
2015-03-01,2,19695.628620048003,0.0,5306.085687551999,0.0,200.0,343176.90625,238.61026,286.496643,1.0,0.0,0.0,5600.0
2015-03-01,20,275321.531025,184.983978,19968.429,6.525935936,0.0,0.0,104.279922,50.0,1.0,5206.1530531023745,182.72637510400455,0.0
2015-03-01,21,3693.2081635967997,0.0,950.0383751040001,0.0,200.0,364950.0,169.460846,194.513184,1.0,0.0,0.0,5600.0
2015-03-01,22,144287.3607312048,79.817726,53356.63775020801,15.514622656000002,0.0,0.0,100.227684,50.0,1.0,2169.0970249999955,434.4080000000031,0.0
2015-03-01,23,171833.62020620477,93.764427,25092.505750207998,12.454125632000002,0.0,0.0,72.113693,50.0,1.0,2583.2171186143823,348.71525062399814,0.0
2015-03-01,24,17359.134568899204,0.0,3296.853624896,0.0,200.0,463850.0,139.855255,152.394897,1.0,0.0,0.0,5600.0
2015-03-01,25,305097.82697500003,251.942459,65272.753,24.549344767999997,0.0,0.0,130.515549,50.0,1.0,6995.329362590448,687.381499583993,0.0
2015-03-01,26,11469.072694115199,0.0,2419.039796992,0.0,300.0,451500.0,164.641052,184.738266,1.0,0.0,0.0,8400.0
2015-03-01,27,293166.7626,195.524734,62943.27,25.549819776,0.0,0.0,90.230003,50.0,1.0,5389.30233759043,715.3964995839924,0.0
2015-03-01,28,16197.7439393632,0.0,8189.129812864,0.0,320.739441,505040.84375,248.293121,300.0,1.0,0.0,0.0,8980.71875
2015-03-01,29,234401.1308124096,110.954079,56510.525500416006,10.77954176,0.0,0.0,105.48085,50.0,1.0,3080.895312409586,301.82750041600957,0.0
2015-03-01,3,299914.197575,186.705505,59837.063,12.554894144,0.0,0.0,98.907997,50.0,1.0,5218.274375000037,351.5330000000031,0.0
2015-03-01,30,284172.70228759036,193.329697,91870.53849958398,25.114836864,0.0,0.0,138.659912,50.0,1.0,5329.7254625904025,703.215499583981,0.0
2015-03-01,31,338168.6916312048,221.760651,49480.349750208006,17.767377472,0.0,0.0,88.754112,50.0,1.0,6180.652243614371,497.487250623999,0.0
2015-03-01,32,17089.8692130064,0.0,4182.295,0.0,600.0,778300.0,159.301193,220.938309,1.0,0.0,0.0,16800.0
2015-03-01,33,294203.40514999995,210.831375,62497.838,22.21237408,0.0,0.0,93.205986,50.0,1.0,5843.689599999983,621.9460000000036,0.0
2015-03-01,34,10489.494538022398,0.0,4413.073843776001,0.0,300.0,506250.0,171.059174,203.265915,1.0,0.0,0.0,8400.0
2015-03-01,35,166858.62229069282,101.474045,19539.303874688,4.952786176,0.0,0.0,137.077423,50.0,1.0,2847.5139625903976,138.67749958399872,0.0
2015-03-01,36,8973.8223096576,0.0,4027.040062656,0.0,200.0,378663.09375,215.292053,278.782349,1.0,0.0,0.0,5600.0
2015-03-01,37,14834.4426593072,0.0,2577.531125312,0.0,600.0,689893.8125,259.672913,295.321777,1.0,0.0,0.0,16800.0
2015-03-01,38,118246.3344593072,75.575439,17839.362125312,3.453654464,0.0,0.0,115.586624,50.0,1.0,2122.1814593071904,96.70212531200013,0.0
2015-03-01,4,9849.573744824,0.0,4149.151093568,0.0,400.0,674861.625,204.796661,277.370117,1.0,0.0,0.0,11200.0
2015-03-01,40,327392.50409999996,258.349609,56410.458,30.334547776,0.0,0.0,87.82,50.0,1.0,7141.831099999952,849.3680000000022,0.0
2015-03-01,41,14138.352450470398,0.0,6562.228156224,0.0,438.05127,674269.5625,239.073029,300.0,1.0,0.0,0.0,12265.4375
2015-03-01,42,23355.4977690032,0.0,8677.292,0.0,320.0,508580.0,155.458984,186.081528,1.0,0.0,0.0,8960.0
2015-03-01,43,345036.86505,278.522186,23547.654,8.750099904,0.0,0.0,88.678322,50.0,1.0,7845.206390692794,245.00287468799797,0.0
2015-03-01,44,268525.11361240956,175.926117,66444.033500416,17.540115008,0.0,0.0,106.912643,50.0,1.0,4882.265237409563,491.12050041600014,0.0
2015-03-01,45,283181.10688759043,180.993958,58727.480499583995,24.9419456,0.0,0.0,155.1474,50.0,1.0,4980.918675180874,698.3729991679938,0.0
2015-03-01,47,305576.868875,183.844894,51019.163,24.331304192,0.0,0.0,83.927818,50.0,1.0,5065.499300000025,681.2779999999984,0.0
2015-03-01,48,269918.14258120477,152.029602,52728.32175020801,17.822149696,0.0,0.0,110.772316,50.0,1.0,4202.858543614391,499.0212506240059,0.0
2015-03-01,49,166140.97151879518,89.754311,29252.304249792,6.443666112,0.0,0.0,109.825333,50.0,1.0,2506.0862375903816,180.4204995839973,0.0
2015-03-01,50,88508.67783078879,52.775379,32653.624249792,10.123969856,0.0,0.0,113.43766,50.0,1.0,1435.0250995839888,283.4714995839968,0.0
2015-03-01,51,201488.7904,115.485092,27944.371,6.144111168,0.0,0.0,91.248764,50.0,1.0,3237.5991125903965,172.03549958400254,0.0
2015-03-01,52,180492.54725,108.723167,27023.438,4.803993792,0.0,0.0,92.099831,50.0,1.0,3053.985771897598,134.51262489599685,0.0
2015-03-01,53,312100.5331375904,273.394989,42442.952499584004,20.248333248,0.0,0.0,99.475197,50.0,1.0,7629.844106385601,566.9527493759961,0.0
2015-03-01,54,121357.18093078879,68.70546,42102.206249792,21.536994752,0.0,0.0,73.079025,50.0,1.0,1817.3379307887953,603.0342497919992,0.0
2015-03-01,55,309703.7695937952,270.84314,40893.297249792,18.425754048,0.0,0.0,102.322563,50.0,1.0,7568.550093795173,515.9212497920016,0.0
2015-03-01,56,50453.02013180159,21.419504,19831.815249792002,8.418496320000001,0.0,0.0,58.370361,50.0,1.0,556.1992377983916,235.71924979200048,0.0
2015-03-01,6,307155.83734379517,227.518906,30032.967249792,9.448248576,0.0,0.0,95.50563,50.0,1.0,6394.585299999977,264.5500000000029,0.0
2015-03-01,7,10323.4740913328,0.0,2367.8959690879997,0.0,145.003448,323607.8125,273.069855,300.0,1.0,0.0,0.0,4060.09375
2015-03-01,9,113931.005325,69.289719,39690.534,15.077355904000003,0.0,0.0,71.78141,50.0,1.0,1873.2109307888022,422.1652497919931,0.0
2015-04-01,1,61218.2516103232,0.0,15.444412671999999,0.0,0.0,0.0,100.192581,0.0,0.0,0.0,0.0,0.0
2015-04-01,12,284313.4525062048,192.033081,21471.212750207997,4.940214656,0.0,0.0,105.759415,50.0,1.0,5995.950137409614,153.14650041599452,0.0
2015-04-01,13,16361.5769856208,0.0,4763.04034336,0.0,300.0,678490.5625,141.581818,170.91127,1.0,0.0,0.0,9300.0
2015-04-01,14,287625.43742499995,194.724625,48596.899,16.499521792,0.0,0.0,94.218422,50.0,1.0,6002.585924999963,511.4850000000006,0.0
2015-04-01,15,2650.377862456,0.0,1080.0747343360001,0.0,200.0,378800.0,134.183212,151.220459,1.0,0.0,0.0,6200.0
2015-04-01,16,331337.5471218976,277.467316,22593.650624895996,7.342617984,0.0,0.0,102.415268,50.0,1.0,8662.103565692785,227.62187468799675,0.0
2015-04-01,17,169850.5507687952,86.986191,47541.614249791994,12.903453056,0.0,0.0,102.018013,50.0,1.0,2644.1539563856204,400.0067493759998,0.0
2015-04-01,19,0.0,0.0,0.0,0.0,200.0,472827.8125,218.154709,243.631897,1.0,0.0,0.0,6200.0
2015-04-01,2,19695.628620048003,0.0,5306.085687551999,0.0,200.0,349376.90625,237.408783,285.335175,1.0,0.0,0.0,6200.0
2015-04-01,20,281072.08684069273,184.523666,20165.760874688,6.365529664,0.0,0.0,103.831406,50.0,1.0,5750.555815692758,197.33187468799952,0.0
2015-04-01,21,3693.2081635967997,0.0,950.0383751040001,0.0,200.0,371150.0,168.88942,193.927444,1.0,0.0,0.0,6200.0
2015-04-01,22,146664.41405620478,78.941864,53823.597750208006,15.063194431999998,0.0,0.0,99.521133,50.0,1.0,2377.053324999986,466.9599999999991,0.0
2015-04-01,23,174708.3402656928,94.217545,25476.364874688,12.382517056000001,0.0,0.0,71.832863,50.0,1.0,2874.720059488027,383.8591244800009,0.0
2015-04-01,24,17359.134568899204,0.0,3296.853624896,0.0,200.0,470050.0,137.688797,150.385864,1.0,0.0,0.0,6200.0
2015-04-01,25,312689.6875375904,246.894257,66008.234499584,23.725331968000003,0.0,0.0,128.712311,50.0,1.0,7591.860562590358,735.4814995839988,0.0
2015-04-01,26,11469.072694115199,0.0,2419.039796992,0.0,300.0,460800.0,160.718491,180.853424,1.0,0.0,0.0,9300.0
2015-04-01,27,298927.14345,188.656616,63692.538,24.169796352000002,0.0,0.0,89.024902,50.0,1.0,5760.380849999958,749.2680000000037,0.0
2015-04-01,28,16197.7439393632,0.0,8189.129812864,0.0,318.218353,514905.625,248.866425,300.0,1.0,0.0,0.0,9864.78125
2015-04-01,29,237783.82244999998,110.001122,56837.196,10.537891519999999,0.0,0.0,104.790405,50.0,1.0,3382.691637590382,326.6704995839973,0.0
2015-04-01,3,305593.0954,183.487549,60214.57,12.177506432,0.0,0.0,98.067863,50.0,1.0,5678.897824999993,377.5069999999978,0.0
2015-04-01,30,289989.35081240966,190.468262,92622.60150041601,24.260089983999997,0.0,0.0,136.658768,50.0,1.0,5816.648524819291,752.0630008320295,0.0
2015-04-01,31,344718.610725,212.240067,50003.733,16.883292608,0.0,0.0,87.38044,50.0,1.0,6549.919093795179,523.3832497919939,0.0
2015-04-01,32,17089.8692130064,0.0,4182.295,0.0,600.0,796900.0,158.62944,220.157288,1.0,0.0,0.0,18600.0
2015-04-01,33,300398.120375,201.778854,63144.419,20.857376384,0.0,0.0,91.48024,50.0,1.0,6194.715225000051,646.5809999999983,0.0
2015-04-01,34,10489.494538022398,0.0,4413.073843776001,0.0,300.0,515550.0,169.091797,201.243744,1.0,0.0,0.0,9300.0
2015-04-01,35,169976.376325,100.347977,19690.45,4.875663936,0.0,0.0,135.962357,50.0,1.0,3117.754034307174,151.14612531199964,0.0
2015-04-01,36,8973.8223096576,0.0,4027.040062656,0.0,200.0,384863.09375,213.498169,276.931702,1.0,0.0,0.0,6200.0
2015-04-01,37,14834.4426593072,0.0,2577.531125312,0.0,600.0,708493.8125,258.928406,294.562042,1.0,0.0,0.0,18600.0
2015-04-01,38,120572.6190156928,74.813919,17943.527874688,3.360154304,0.0,0.0,115.13324,50.0,1.0,2326.28455638561,104.16574937599944,0.0
2015-04-01,4,9849.573744824,0.0,4149.151093568,0.0,400.0,687261.625,203.038666,275.567535,1.0,0.0,0.0,12400.0
2015-04-01,40,334978.55957499996,247.749252,57296.161,28.571131263999998,0.0,0.0,86.335419,50.0,1.0,7586.055475000001,885.7030000000013,0.0
2015-04-01,41,14138.352450470398,0.0,6562.228156224,0.0,443.262634,688010.75,238.452744,300.0,1.0,0.0,0.0,13741.1875
2015-04-01,42,23355.4977690032,0.0,8677.292,0.0,320.0,518500.0,155.713699,186.237091,1.0,0.0,0.0,9920.0
2015-04-01,43,353353.0579781024,266.661774,23805.897375104003,8.330438271999999,0.0,0.0,87.310471,50.0,1.0,8316.192928102391,258.2433751040044,0.0
2015-04-01,44,273998.3769124096,178.025894,66978.567500416,17.24304192,0.0,0.0,107.306923,50.0,1.0,5473.26330000005,534.5339999999997,0.0
2015-04-01,45,288728.1020875904,181.951355,59490.00849958399,24.597518400000002,0.0,0.0,155.40152,50.0,1.0,5546.995199999947,762.5279999999984,0.0
2015-04-01,47,311001.57514379517,177.830856,51749.181249792,23.548976256000003,0.0,0.0,82.919266,50.0,1.0,5424.706268795184,730.0182497919959,0.0
2015-04-01,48,274491.0849687952,149.328339,53259.82024979199,17.145062272,0.0,0.0,109.726326,50.0,1.0,4572.942387590418,531.4984995839841,0.0
2015-04-01,49,168889.42315620478,88.889244,29447.336750208,6.291297792,0.0,0.0,109.101685,50.0,1.0,2748.4516374095983,195.0325004160004,0.0
2015-04-01,50,90087.94745578879,52.426418,32960.801249792,9.908979392,0.0,0.0,112.762108,50.0,1.0,1579.2696250000008,307.1769999999997,0.0
2015-04-01,51,205066.3336124096,115.24353,28131.811500415995,6.046480128,0.0,0.0,91.030785,50.0,1.0,3577.543212409597,187.4405004159962,0.0
2015-04-01,52,183871.73625,108.642311,27169.896,4.724480384,0.0,0.0,91.857643,50.0,1.0,3379.188999999984,146.45800000000236,0.0
2015-04-01,53,320529.8301687952,272.677979,43049.93224979199,19.579936064,0.0,0.0,99.219727,50.0,1.0,8429.297031204798,606.9797502079891,0.0
2015-04-01,54,123351.07323078878,68.057419,42759.772249792,21.211786752,0.0,0.0,72.976418,50.0,1.0,1993.8922999999922,657.5659999999989,0.0
2015-04-01,55,318059.6272875904,269.963776,41446.294499584,17.83859168,0.0,0.0,101.904343,50.0,1.0,8355.857693795231,552.9972497920025,0.0
2015-04-01,56,51069.7970624096,21.462898,20094.535500416,8.47486848,0.0,0.0,58.39323,50.0,1.0,616.7769306080081,262.72025062399916,0.0
2015-04-01,6,314184.3977312048,225.794647,30312.109750208,9.004562944,0.0,0.0,95.033798,50.0,1.0,7028.560387409641,279.142500416001,0.0
2015-04-01,7,10323.4740913328,0.0,2367.8959690879997,0.0,145.162933,328107.875,273.065491,300.0,1.0,0.0,0.0,4500.0625
2015-04-01,9,116024.33105,69.843948,40148.615,14.776769279999998,0.0,0.0,71.802437,50.0,1.0,2093.325724999988,458.0809999999983,0.0
2015-05-01,1,61218.2516103232,0.0,15.444412671999999,0.0,0.0,0.0,99.851768,0.0,0.0,0.0,0.0,0.0
2015-05-01,12,290081.757325,190.882919,21615.997,4.826172416,0.0,0.0,105.243584,50.0,1.0,5768.304818795237,144.7842497920028,0.0
2015-05-01,13,16361.5769856208,0.0,4763.04034336,0.0,300.0,687490.5625,139.819809,169.184067,1.0,0.0,0.0,9000.0
2015-05-01,14,293464.2240812048,195.655701,49084.837750208004,16.264653184,0.0,0.0,94.283943,50.0,1.0,5838.786656204844,487.93875020800624,0.0
2015-05-01,15,2650.377862456,0.0,1080.0747343360001,0.0,200.0,384800.0,132.448135,149.48349,1.0,0.0,0.0,6000.0
2015-05-01,16,339683.78466240957,276.24469,22810.781500416,7.237696128,0.0,0.0,102.152718,50.0,1.0,8346.237540511996,217.13087552000434,0.0
2015-05-01,17,172397.0085374096,86.524673,47921.269500416,12.655228352,0.0,0.0,101.270081,50.0,1.0,2546.457768614404,379.6552506240041,0.0
2015-05-01,19,0.0,0.0,0.0,0.0,200.0,478827.8125,214.089462,239.551086,1.0,0.0,0.0,6000.0
2015-05-01,2,19695.628620048003,0.0,5306.085687551999,0.0,200.0,355376.90625,236.306274,284.261932,1.0,0.0,0.0,6000.0
2015-05-01,20,286629.28543759044,184.233566,20352.494499584,6.224450752,0.0,0.0,103.474663,50.0,1.0,5557.19859689771,186.73362489600186,0.0
2015-05-01,21,3693.2081635967997,0.0,950.0383751040001,0.0,200.0,377150.0,168.385117,193.407288,1.0,0.0,0.0,6000.0
2015-05-01,22,148946.45986879518,78.254593,54263.732249791996,14.671165184,0.0,0.0,98.974976,50.0,1.0,2282.045812590397,440.13449958398996,0.0
2015-05-01,23,177501.0616312048,94.552254,25845.192750207996,12.294278464,0.0,0.0,71.690857,50.0,1.0,2792.7213655119995,368.8278755199972,0.0
2015-05-01,24,17359.134568899204,0.0,3296.853624896,0.0,200.0,476050.0,136.385742,149.182892,1.0,0.0,0.0,6000.0
2015-05-01,25,319931.505625,243.282852,66698.827,23.019818432,0.0,0.0,127.352463,50.0,1.0,7241.8180874096,690.592500416009,0.0
2015-05-01,26,11469.072694115199,0.0,2419.039796992,0.0,300.0,469800.0,158.473572,178.620361,1.0,0.0,0.0,9000.0
2015-05-01,27,304380.89754999994,184.456055,64386.322,23.126167168,0.0,0.0,88.248268,50.0,1.0,5453.754099999962,693.7839999999997,0.0
2015-05-01,28,16197.7439393632,0.0,8189.129812864,0.0,317.741394,524437.875,249.086395,300.0,1.0,0.0,0.0,9532.25
2015-05-01,29,241042.687125,109.473343,57147.246,10.334963391999999,0.0,0.0,104.315346,50.0,1.0,3258.864675000019,310.04999999999563,0.0
2015-05-01,3,311026.5824375904,181.371796,60570.360499584,11.859806400000002,0.0,0.0,97.4673,50.0,1.0,5433.487037590414,355.7904995839999,0.0
2015-05-01,30,295565.080625,188.559311,93328.781,23.539337535999998,0.0,0.0,135.149796,50.0,1.0,5575.729812590347,706.1794995839882,0.0
2015-05-01,31,350887.6686124096,206.520386,50490.92750041599,16.239854592,0.0,0.0,86.555969,50.0,1.0,6169.057887409639,487.1945004159934,0.0
2015-05-01,32,17089.8692130064,0.0,4182.295,0.0,600.0,814900.0,158.087234,219.510727,1.0,0.0,0.0,18000.0
2015-05-01,33,306245.6659624096,196.731796,63742.503500416,19.936214272,0.0,0.0,90.489868,50.0,1.0,5847.545587409579,598.0845004160001,0.0
2015-05-01,34,10489.494538022398,0.0,4413.073843776001,0.0,300.0,524550.0,167.725922,199.825226,1.0,0.0,0.0,9000.0
2015-05-01,35,172972.06848120477,99.625854,19834.694750207997,4.8081845759999995,0.0,0.0,135.178543,50.0,1.0,2995.692156204779,144.24475020799582,0.0
2015-05-01,36,8973.8223096576,0.0,4027.040062656,0.0,200.0,390863.09375,212.250504,275.626312,1.0,0.0,0.0,6000.0
2015-05-01,37,14834.4426593072,0.0,2577.531125312,0.0,600.0,726493.8125,258.218872,293.840179,1.0,0.0,0.0,18000.0
2015-05-01,38,122810.06572810239,74.343246,18041.996375104,3.282312384,0.0,0.0,114.795525,50.0,1.0,2237.4467124095827,98.46850041600192,0.0
2015-05-01,4,9849.573744824,0.0,4149.151093568,0.0,400.0,699261.625,201.909744,274.385162,1.0,0.0,0.0,12000.0
2015-05-01,40,342135.69305,241.412598,58115.018,27.295134464,0.0,0.0,85.43174,50.0,1.0,7157.133475000039,818.8569999999963,0.0
2015-05-01,41,14138.352450470398,0.0,6562.228156224,0.0,447.796631,701444.625,237.922272,300.0,1.0,0.0,0.0,13433.875
2015-05-01,42,23355.4977690032,0.0,8677.292,0.0,320.0,528100.0,155.805649,186.238342,1.0,0.0,0.0,9600.0
2015-05-01,43,361201.12321240955,260.022034,24047.211500416,8.043828416,0.0,0.0,86.524628,50.0,1.0,7848.0652343071415,241.3141253119975,0.0
2015-05-01,44,279337.8459124096,179.364456,67486.34750041601,16.925926783999998,0.0,0.0,107.505417,50.0,1.0,5339.468999999983,507.7800000000134,0.0
2015-05-01,45,294121.80567499995,182.71492,60216.611,24.220248832000003,0.0,0.0,155.505569,50.0,1.0,5393.7035874095745,726.6025004160037,0.0
2015-05-01,47,316140.55967499997,174.067444,52438.789,22.987016832000002,0.0,0.0,82.283287,50.0,1.0,5138.984531204798,689.6077502080007,0.0
2015-05-01,48,278867.04304379516,147.578995,53757.213249791996,16.579855551999998,0.0,0.0,108.967659,50.0,1.0,4375.958074999973,497.39300000000367,0.0
2015-05-01,49,171534.7182687952,88.384094,29632.216249792,6.162659776,0.0,0.0,108.599564,50.0,1.0,2645.295112590422,184.87949958399986,0.0
2015-05-01,50,91609.1521062048,52.151272,33252.371750208,9.718928128,0.0,0.0,112.23642,50.0,1.0,1521.2046504160098,291.5705004160045,0.0
2015-05-01,51,208523.0228187952,115.044815,28310.506249791997,5.956397824,0.0,0.0,90.839485,50.0,1.0,3456.6892063856067,178.6947493760017,0.0
2015-05-01,52,187141.0064437952,108.596085,27309.428249792,4.650998144,0.0,0.0,91.648659,50.0,1.0,3269.270193795208,139.53224979199877,0.0
2015-05-01,53,328673.6333062048,272.103729,43619.676750208004,18.991574784,0.0,0.0,98.974472,50.0,1.0,8143.803137409617,569.7445004160109,0.0
2015-05-01,54,125264.726325,67.469048,43387.11,20.911230080000003,0.0,0.0,72.879112,50.0,1.0,1913.653094211215,627.3377502080039,0.0
2015-05-01,55,326129.8025875904,269.323242,41965.982499584,17.322997951999998,0.0,0.0,101.552406,50.0,1.0,8070.175300000003,519.6880000000019,0.0
2015-05-01,56,51668.447903102395,21.533842,20350.549375104,8.533804032,0.0,0.0,58.423973,50.0,1.0,598.6508406927969,256.0138746880002,0.0
2015-05-01,6,320956.4700624096,224.733124,30570.845500415995,8.624586048000001,0.0,0.0,94.6772,50.0,1.0,6772.072331204778,258.735750207994,0.0
2015-05-01,7,10323.4740913328,0.0,2367.8959690879997,0.0,145.329727,332467.75,273.057739,300.0,1.0,0.0,0.0,4359.875
2015-05-01,9,118065.38501879519,70.280685,40582.81824979199,14.473456192,0.0,0.0,71.844933,50.0,1.0,2041.0539687951969,434.2032497919936,0.0
2015-06-01,1,61218.2516103232,0.0,15.444412671999999,0.0,0.0,0.0,99.59124,0.0,0.0,0.0,0.0,0.0
2015-06-01,12,296021.6061718976,190.198776,21762.378624896,4.721959424,0.0,0.0,104.847855,50.0,1.0,5939.848846897599,146.38162489599927,0.0
2015-06-01,13,16361.5769856208,0.0,4763.04034336,0.0,300.0,696790.5625,138.670944,168.045227,1.0,0.0,0.0,9300.0
2015-06-01,14,299310.50774379517,189.560852,49569.44524979199,15.632466304,0.0,0.0,93.231834,50.0,1.0,5846.283662590373,484.6074995839881,0.0
2015-06-01,15,2650.377862456,0.0,1080.0747343360001,0.0,200.0,391000.0,131.317001,148.338684,1.0,0.0,0.0,6200.0
2015-06-01,16,348279.569375,275.309753,23031.905,7.133010560000001,0.0,0.0,101.935608,50.0,1.0,8595.784712590452,221.12349958399864,0.0
2015-06-01,17,175019.9113187952,86.205315,48306.33924979199,12.421612736,0.0,0.0,100.690659,50.0,1.0,2622.9027813856083,385.06974937599443,0.0
2015-06-01,19,0.0,0.0,0.0,0.0,200.0,485027.8125,210.98999,236.432098,1.0,0.0,0.0,6200.0
2015-06-01,2,19695.628620048003,0.0,5306.085687551999,0.0,200.0,361576.90625,235.269775,283.243774,1.0,0.0,0.0,6200.0
2015-06-01,20,292366.97119999997,184.054459,20541.326,6.091376512,0.0,0.0,103.165024,50.0,1.0,5737.685762409528,188.83150041599947,0.0
2015-06-01,21,3693.2081635967997,0.0,950.0383751040001,0.0,200.0,383350.0,167.916138,192.920349,1.0,0.0,0.0,6200.0
2015-06-01,22,151289.2949624096,77.689667,54707.191500416004,14.305078528,0.0,0.0,98.527367,50.0,1.0,2342.8350936144125,443.45925062400784,0.0
2015-06-01,23,180280.6301874096,91.078224,26213.375500416,11.876886528000002,0.0,0.0,71.190018,50.0,1.0,2779.5685562048166,368.182750208005,0.0
2015-06-01,24,17359.134568899204,0.0,3296.853624896,0.0,200.0,482250.0,135.484039,148.349594,1.0,0.0,0.0,6200.0
2015-06-01,25,327334.9898624096,240.604309,67392.48750041601,22.376121664,0.0,0.0,126.256676,50.0,1.0,7403.484237409604,693.6605004160083,0.0
2015-06-01,26,11469.072694115199,0.0,2419.039796992,0.0,300.0,479100.0,157.015503,177.154465,1.0,0.0,0.0,9300.0
2015-06-01,27,309931.920325,181.578613,65076.427,22.261509504000003,0.0,0.0,87.711395,50.0,1.0,5551.022775000078,690.1050000000032,0.0
2015-06-01,28,16197.7439393632,0.0,8189.129812864,0.0,319.413177,534339.6875,248.962646,300.0,1.0,0.0,0.0,9901.8125
2015-06-01,29,244401.7404624096,109.163757,57461.735500416005,10.144699968000001,0.0,0.0,103.937729,50.0,1.0,3359.0533374095976,314.4895004160062,0.0
2015-06-01,3,316597.16617499996,179.908737,60929.115,11.57265824,0.0,0.0,97.004494,50.0,1.0,5570.583737409557,358.75450041599834,0.0
2015-06-01,30,301291.74953759037,187.30899,94038.60049958399,22.89734304,0.0,0.0,133.936737,50.0,1.0,5726.668912590365,709.8194995839876,0.0
2015-06-01,31,357144.4635687951,202.65509,50978.39824979199,15.724821632000001,0.0,0.0,86.012634,50.0,1.0,6256.794956385507,487.47074937599973,0.0
2015-06-01,32,17089.8692130064,0.0,4182.295,0.0,600.0,833500.0,157.613113,218.929901,1.0,0.0,0.0,18600.0
2015-06-01,33,312196.0996375904,193.650635,64338.72249958399,19.232724159999997,0.0,0.0,89.863266,50.0,1.0,5950.43367518083,596.2189991679916,0.0
2015-06-01,34,10489.494538022398,0.0,4413.073843776001,0.0,300.0,533850.0,166.688049,198.730789,1.0,0.0,0.0,9300.0
2015-06-01,35,176051.7526531024,99.106667,19981.739375104004,4.7433543039999995,0.0,0.0,134.55101,50.0,1.0,3079.684171897621,147.044624896007,0.0
2015-06-01,36,8973.8223096576,0.0,4027.040062656,0.0,200.0,397063.09375,211.242462,274.556671,1.0,0.0,0.0,6200.0
2015-06-01,37,14834.4426593072,0.0,2577.531125312,0.0,600.0,745093.8125,257.514252,293.124176,1.0,0.0,0.0,18600.0
2015-06-01,38,125112.5079093072,74.022736,18141.547125312,3.211301184,0.0,0.0,114.502411,50.0,1.0,2302.4421812048095,99.55075020799995,0.0
2015-06-01,4,9849.573744824,0.0,4149.151093568,0.0,400.0,711661.625,201.040009,273.454315,1.0,0.0,0.0,12400.0
2015-06-01,40,349408.28997499996,237.275513,58929.923,26.28729792,0.0,0.0,84.824821,50.0,1.0,7272.596924999962,814.9050000000061,0.0
2015-06-01,41,14138.352450470398,0.0,6562.228156224,0.0,451.933136,715454.5625,237.449661,300.0,1.0,0.0,0.0,14009.9375
2015-06-01,42,23355.4977690032,0.0,8677.292,0.0,220.0,534920.0,141.168335,161.939148,1.0,0.0,0.0,6820.0
2015-06-01,43,369179.8299906927,255.803513,24289.880874688,7.82802592,0.0,0.0,86.02269,50.0,1.0,7978.706778283173,242.6693742719981,0.0
2015-06-01,44,284646.7657875904,172.539307,67984.54649958399,16.070826304,0.0,0.0,105.569618,50.0,1.0,5308.919875180814,498.19899916797294,0.0
2015-06-01,45,299718.36673759035,183.357574,60954.224499583994,23.793973632,0.0,0.0,155.502426,50.0,1.0,5596.561062590394,737.6134995839966,0.0
2015-06-01,47,321372.8354562048,171.48439,53137.34075020801,22.53392128,0.0,0.0,81.848763,50.0,1.0,5232.275781204808,698.5517502080111,0.0
2015-06-01,48,283352.97631240956,146.327927,54255.519500416,16.074380608,0.0,0.0,108.374603,50.0,1.0,4485.933268614404,498.30625062400213,0.0
2015-06-01,49,174258.82953759038,88.060852,29819.536499584003,6.04262464,0.0,0.0,108.200127,50.0,1.0,2724.1112687951827,187.32024979200287,0.0
2015-06-01,50,93175.1457437952,51.923805,33548.037249791996,9.537606208,0.0,0.0,111.792397,50.0,1.0,1565.9936375904072,295.66549958399264,0.0
2015-06-01,51,212091.02713120478,114.901146,28492.395750208,5.86743872,0.0,0.0,90.666214,50.0,1.0,3568.004312409583,181.889500416004,0.0
2015-06-01,52,190519.80035620477,108.598427,27451.368750208003,4.578773056,0.0,0.0,91.459259,50.0,1.0,3378.793912409572,141.9405004160035,0.0
2015-06-01,53,337077.7437187952,271.633453,44191.670249792,18.451381312,0.0,0.0,98.723763,50.0,1.0,8404.11041259038,571.993499583994,0.0
2015-06-01,54,127226.46251879519,66.90641,44026.323249791996,20.619756352,0.0,0.0,72.783394,50.0,1.0,1961.7361937951937,639.2132497919956,0.0
2015-06-01,55,334456.7559,268.828339,42487.848,16.834281152,0.0,0.0,101.238029,50.0,1.0,8326.953312409576,521.8655004159955,0.0
2015-06-01,56,52286.0912966896,21.509228,20615.963874688,8.561749248,0.0,0.0,58.419346,50.0,1.0,617.6433935872046,265.4144995839997,0.0
2015-06-01,6,327937.7288375904,224.132706,30827.634499584005,8.283546752,0.0,0.0,94.380936,50.0,1.0,6981.258775180788,256.78899916800947,0.0
2015-06-01,7,10323.4740913328,0.0,2367.8959690879997,0.0,145.547318,336979.71875,273.038483,300.0,1.0,0.0,0.0,4511.96875
2015-06-01,9,120113.06463740958,68.173958,41009.689500415996,13.770046783999998,0.0,0.0,71.275276,50.0,1.0,2047.679618614391,426.87125062400446,0.0
2015-07-01,1,61218.2516103232,0.0,15.444412671999999,0.0,0.0,0.0,99.399277,0.0,0.0,0.0,0.0,0.0
2015-07-01,12,301758.1139937952,189.794144,21901.285249792003,4.630236416,0.0,0.0,104.538033,50.0,1.0,5736.507821897569,138.90662489600436,0.0
2015-07-01,13,16361.5769856208,0.0,4763.04034336,0.0,300.0,705790.5625,137.925171,167.292114,1.0,0.0,0.0,9000.0
2015-07-01,14,304847.2161687952,185.445358,50019.85624979199,15.013690431999999,0.0,0.0,92.409393,50.0,1.0,5536.708425000019,450.41100000000006,0.0
2015-07-01,15,2650.377862456,0.0,1080.0747343360001,0.0,200.0,397000.0,130.567505,147.5681,1.0,0.0,0.0,6000.0
2015-07-01,16,356577.66324379516,274.615845,23242.937249792,7.034442688000001,0.0,0.0,101.760185,50.0,1.0,8298.093868795142,211.0322497920024,0.0
2015-07-01,17,177553.0490312048,85.990768,48672.646750208005,12.210219008,0.0,0.0,100.253464,50.0,1.0,2533.1377124096034,366.3075004160128,0.0
2015-07-01,19,0.0,0.0,0.0,0.0,200.0,491027.8125,208.691757,234.111588,1.0,0.0,0.0,6000.0
2015-07-01,2,19695.628620048003,0.0,5306.085687551999,0.0,200.0,367576.90625,234.364563,282.3461,1.0,0.0,0.0,6000.0
2015-07-01,20,297917.36516240955,183.956558,20720.485500415998,5.971959552,0.0,0.0,102.903275,50.0,1.0,5550.39396240958,179.15950041599717,0.0
2015-07-01,21,3693.2081635967997,0.0,950.0383751040001,0.0,200.0,389350.0,167.502228,192.488159,1.0,0.0,0.0,6000.0
2015-07-01,22,153545.338875,77.25074,55126.578,13.979627584000001,0.0,0.0,98.176834,50.0,1.0,2256.043912590394,419.38649958399765,0.0
2015-07-01,23,182868.79497189756,87.6194,26554.178624895998,11.36011552,0.0,0.0,70.678879,50.0,1.0,2588.164784487948,340.80312447999677,0.0
2015-07-01,24,17359.134568899204,0.0,3296.853624896,0.0,200.0,488250.0,134.85965,147.770416,1.0,0.0,0.0,6000.0
2015-07-01,25,334447.69976240955,238.776581,68047.14150041601,21.82165856,0.0,0.0,125.407898,50.0,1.0,7112.709899999958,654.653999999995,0.0
2015-07-01,26,11469.072694115199,0.0,2419.039796992,0.0,300.0,488100.0,156.051865,176.171173,1.0,0.0,0.0,9000.0
2015-07-01,27,315250.3846875904,179.667984,65723.24849958399,21.560761664,0.0,0.0,87.33725,50.0,1.0,5318.464362590399,646.821499583988,0.0
2015-07-01,28,16197.7439393632,0.0,8189.129812864,0.0,321.479126,543984.0625,248.761444,300.0,1.0,0.0,0.0,9644.375
2015-07-01,29,247648.3128874096,108.990967,57760.917500416006,9.972812096000002,0.0,0.0,103.633797,50.0,1.0,3246.572424999991,299.1820000000007,0.0
2015-07-01,3,321960.5727875904,178.949722,61268.772499583996,11.321979967999999,0.0,0.0,96.653809,50.0,1.0,5363.406612590421,339.6574995839983,0.0
2015-07-01,30,306814.9899,186.57695,94709.16,22.352105152,0.0,0.0,132.997849,50.0,1.0,5523.240362409619,670.5595004160132,0.0
2015-07-01,31,363125.9602437952,200.149948,51437.935249792,15.317927872,0.0,0.0,85.643105,50.0,1.0,5981.49667500006,459.5370000000039,0.0
2015-07-01,32,17089.8692130064,0.0,4182.295,0.0,600.0,851500.0,157.212112,218.426971,1.0,0.0,0.0,18000.0
2015-07-01,33,317901.15521240956,191.776108,64899.529500416,18.693569856000003,0.0,0.0,89.466682,50.0,1.0,5705.055574819155,560.8070008320065,0.0
2015-07-01,34,10489.494538022398,0.0,4413.073843776001,0.0,300.0,542850.0,165.908798,197.894852,1.0,0.0,0.0,9000.0
2015-07-01,35,179021.1958937952,98.735802,20122.248249792003,4.683605056,0.0,0.0,134.050644,50.0,1.0,2969.44324069281,140.5088746879992,0.0
2015-07-01,36,8973.8223096576,0.0,4027.040062656,0.0,200.0,403063.09375,210.427185,273.680695,1.0,0.0,0.0,6000.0
2015-07-01,37,14834.4426593072,0.0,2577.531125312,0.0,600.0,763093.8125,256.860535,292.460083,1.0,0.0,0.0,18000.0
2015-07-01,38,127334.60727499999,73.809464,18235.997,3.1483479040000004,0.0,0.0,114.253967,50.0,1.0,2222.0993656927894,94.44987468799809,0.0
2015-07-01,4,9849.573744824,0.0,4149.151093568,0.0,400.0,723661.625,200.345749,272.697937,1.0,0.0,0.0,12000.0
2015-07-01,40,356372.30363759043,234.674332,59695.434499584,25.51705312,0.0,0.0,84.420311,50.0,1.0,6964.013662590471,765.5114995839976,0.0
2015-07-01,41,14138.352450470398,0.0,6562.228156224,0.0,455.495239,729119.4375,237.053162,300.0,1.0,0.0,0.0,13664.875
2015-07-01,42,23355.4977690032,0.0,8677.292,0.0,220.0,541520.0,136.899734,157.685883,1.0,0.0,0.0,6600.0
2015-07-01,43,376821.0438875904,253.132553,24519.774499584,7.6631176960000005,0.0,0.0,85.710373,50.0,1.0,7641.21389689768,229.8936248960017,0.0
2015-07-01,44,289664.5307375904,168.435547,68444.616499584,15.335762624000001,0.0,0.0,104.288567,50.0,1.0,5017.7649499999825,460.070000000007,0.0
2015-07-01,45,305153.7722375904,183.902679,61655.106499584,23.362619904,0.0,0.0,155.434143,50.0,1.0,5435.405500000052,700.8820000000051,0.0
2015-07-01,47,326385.9735187952,169.749603,53802.36224979199,22.167391167999998,0.0,0.0,81.559662,50.0,1.0,5013.138062590442,665.0214995839851,0.0
2015-07-01,48,287670.53086240956,145.45668,54724.845500416006,15.644136768000001,0.0,0.0,107.925758,50.0,1.0,4317.554550000001,469.3260000000082,0.0
2015-07-01,49,176889.56122499998,87.856224,29997.591,5.935125248,0.0,0.0,107.881195,50.0,1.0,2630.7316874095995,178.0545004159976,0.0
2015-07-01,50,94686.2993937952,51.746479,33829.240249792,9.373446784,0.0,0.0,111.43042,50.0,1.0,1511.153649999993,281.20300000000134,0.0
2015-07-01,51,215542.07635,114.822769,28665.949,5.78512064,0.0,0.0,90.51786,50.0,1.0,3451.049218795204,173.5532497919994,0.0
2015-07-01,52,193791.572875,108.648697,27586.741,4.512393599999999,0.0,0.0,91.296371,50.0,1.0,3271.7725187952456,135.3722497919989,0.0
2015-07-01,53,345202.039175,271.24295,44730.881,17.973714304,0.0,0.0,98.502647,50.0,1.0,8124.295456204796,539.2107502080034,0.0
2015-07-01,54,129111.4515812048,66.406548,44637.043750208,20.357377664,0.0,0.0,72.699471,50.0,1.0,1884.9890624096151,610.720500416006,0.0
2015-07-01,55,342507.3738375904,268.481812,42979.852499584005,16.400171008,0.0,0.0,100.972092,50.0,1.0,8050.617937590403,492.00449958400714,0.0
2015-07-01,56,52879.67293800639,21.369932,20872.384,8.547353984,0.0,0.0,58.372597,50.0,1.0,593.5816413167922,256.42012531199725,0.0
2015-07-01,6,334686.7595062048,223.838486,31067.292750208002,7.988586944000001,0.0,0.0,94.145966,50.0,1.0,6749.030668614432,239.65825062399745,0.0
2015-07-01,7,10323.4740913328,0.0,2367.8959690879997,0.0,145.802017,341353.78125,273.008881,300.0,1.0,0.0,0.0,4374.0625
2015-07-01,9,122021.84332500001,65.613991,41400.099,13.013608192,0.0,0.0,70.615372,50.0,1.0,1908.7786875904276,390.40949958400597,0.0
2015-08-01,1,61218.2516103232,0.0,15.444412671999999,0.0,0.0,0.0,99.244209,0.0,0.0,0.0,0.0,0.0
2015-08-01,12,307678.3121187952,189.535233,22042.114249792,4.542850624,0.0,0.0,104.265686,50.0,1.0,5920.198124999995,140.8289999999979,0.0
2015-08-01,13,16361.5769856208,0.0,4763.04034336,0.0,300.0,715090.5625,137.392441,166.739716,1.0,0.0,0.0,9300.0
2015-08-01,14,310490.0829124096,182.82901,50467.917500416,14.453589696,0.0,0.0,92.239738,50.0,1.0,5642.8667436144315,448.0612506240068,0.0
2015-08-01,15,2650.377862456,0.0,1080.0747343360001,0.0,300.0,406300.0,139.810699,165.270645,1.0,0.0,0.0,9300.0
2015-08-01,16,365135.5047656927,274.058624,23457.919874688,6.9348988799999995,0.0,0.0,101.604576,50.0,1.0,8557.841521897528,214.98262489599801,0.0
2015-08-01,17,180167.151375,85.835785,49044.762,12.003754048,0.0,0.0,100.941483,50.0,1.0,2614.102343795181,372.1152497919975,0.0
2015-08-01,19,0.0,0.0,0.0,0.0,300.0,500327.8125,226.323578,264.21637,1.0,0.0,0.0,9300.0
2015-08-01,2,19695.628620048003,0.0,5306.085687551999,0.0,200.0,373776.90625,233.80484,281.765472,1.0,0.0,0.0,6200.0
2015-08-01,20,303652.01343759045,183.906921,20902.030499584,5.856314048,0.0,0.0,102.660461,50.0,1.0,5734.648275180894,181.54499916800341,0.0
2015-08-01,21,3693.2081635967997,0.0,950.0383751040001,0.0,200.0,395550.0,167.106506,192.073074,1.0,0.0,0.0,6200.0
2015-08-01,22,155902.2973375904,78.051857,55557.404499583994,13.897573248,0.0,0.0,98.73658,50.0,1.0,2356.95846259041,430.8264995839927,0.0
2015-08-01,23,185452.5185687952,84.621605,26890.659249792003,10.85421376,0.0,0.0,70.655663,50.0,1.0,2583.7235968976456,336.4806248960049,0.0
2015-08-01,24,17359.134568899204,0.0,3296.853624896,0.0,200.0,494450.0,137.139862,149.894135,1.0,0.0,0.0,6200.0
2015-08-01,25,341974.86703759036,244.393799,68719.124499584,21.677030336,0.0,0.0,126.579926,50.0,1.0,7527.167275180807,671.9829991679871,0.0
2015-08-01,26,11469.072694115199,0.0,2419.039796992,0.0,200.0,494300.0,143.942596,157.184982,1.0,0.0,0.0,6200.0
2015-08-01,27,321061.35468759044,189.812698,66406.91849958399,22.053752448,0.0,0.0,89.230942,50.0,1.0,5810.97000000003,683.6699999999983,0.0
2015-08-01,28,16197.7439393632,0.0,8189.129812864,0.0,323.535553,554013.625,248.559296,300.0,1.0,0.0,0.0,10029.5625
2015-08-01,29,251001.2774,108.897209,58064.903,9.805911232,0.0,0.0,103.358711,50.0,1.0,3352.9645125904062,303.98549958399235,0.0
2015-08-01,3,327906.516475,191.862976,61627.423,11.569295296,0.0,0.0,99.427368,50.0,1.0,5945.943687409628,358.65050041600625,0.0
2015-08-01,30,312652.9457124096,190.724655,95400.311500416,22.295010815999998,0.0,0.0,134.333893,50.0,1.0,5837.955812409637,691.1515004160028,0.0
2015-08-01,31,369578.54866240954,208.840652,51918.093500416,15.489041152,0.0,0.0,86.992195,50.0,1.0,6452.588418614352,480.1582506240011,0.0
2015-08-01,32,17089.8692130064,0.0,4182.295,0.0,600.0,870100.0,156.844711,217.955994,1.0,0.0,0.0,18600.0
2015-08-01,33,323564.0033375904,184.253891,65461.584499583994,18.13093568,0.0,0.0,88.435692,50.0,1.0,5662.848125180812,562.0549991679945,0.0
2015-08-01,34,10489.494538022398,0.0,4413.073843776001,0.0,400.0,555250.0,182.338745,224.682617,1.0,0.0,0.0,12400.0
2015-08-01,35,182082.6807125904,98.501717,20265.654499584,4.626021504000001,0.0,0.0,133.657135,50.0,1.0,3061.484818795201,143.40624979199856,0.0
2015-08-01,36,8973.8223096576,0.0,4027.040062656,0.0,200.0,409263.09375,209.804092,272.993286,1.0,0.0,0.0,6200.0
2015-08-01,37,14834.4426593072,0.0,2577.531125312,0.0,600.0,781693.8125,256.282715,291.873718,1.0,0.0,0.0,18600.0
2015-08-01,38,129633.4905031024,73.885437,18332.117375104004,3.100651008,0.0,0.0,114.171837,50.0,1.0,2298.883228102408,96.12037510400478,0.0
2015-08-01,4,9849.573744824,0.0,4149.151093568,0.0,400.0,736061.625,199.719467,272.00592,1.0,0.0,0.0,12400.0
2015-08-01,40,363586.9815,235.161301,60471.45,25.032847424,0.0,0.0,84.353653,50.0,1.0,7214.6778624095605,776.0155004159969,0.0
2015-08-01,41,14138.352450470398,0.0,6562.228156224,0.0,456.402863,743267.875,237.026581,300.0,1.0,0.0,0.0,14148.4375
2015-08-01,42,23355.4977690032,0.0,8677.292,0.0,220.0,548340.0,134.599884,155.396561,1.0,0.0,0.0,6820.0
2015-08-01,43,384660.17245620483,251.293854,24752.984750207997,7.522934847999999,0.0,0.0,85.502014,50.0,1.0,7839.128568614426,233.21025062399713,0.0
2015-08-01,44,294785.08328759036,166.245911,68900.370499584,14.701714560000001,0.0,0.0,103.425659,50.0,1.0,5120.552549999964,455.7540000000008,0.0
2015-08-01,45,310789.55819999997,184.417496,62365.29,22.909275584,0.0,0.0,155.325241,50.0,1.0,5635.785962409573,710.1835004160021,0.0
2015-08-01,47,331529.38365,168.503525,54479.178,21.832738304,0.0,0.0,81.353683,50.0,1.0,5143.410131204757,676.8157502080066,0.0
2015-08-01,48,292225.9445875904,148.434525,55207.964499584,15.584558079999999,0.0,0.0,108.905617,50.0,1.0,4555.413725180842,483.118999167993,0.0
2015-08-01,49,179604.19428120478,87.712868,30178.352750208003,5.831045376,0.0,0.0,107.612732,50.0,1.0,2714.633056204795,180.76175020800292,0.0
2015-08-01,50,96245.31691921121,51.633232,34115.025750208006,9.218901952,0.0,0.0,111.153587,50.0,1.0,1559.017525416013,285.7855004160083,0.0
2015-08-01,51,219115.23376879518,115.03167,28842.986249791997,5.710823872,0.0,0.0,90.460785,50.0,1.0,3573.157418795192,177.03724979199615,0.0
2015-08-01,52,197182.43915620478,108.955551,27724.758750208002,4.452243328,0.0,0.0,91.192192,50.0,1.0,3390.8662812047696,138.0177502080005,0.0
2015-08-01,53,353605.100675,271.406219,45274.931,17.549926784,0.0,0.0,98.392258,50.0,1.0,8403.06150000001,544.0499999999956,0.0
2015-08-01,54,131051.74635620479,66.12793,45262.48675020801,20.175544895999998,0.0,0.0,72.684143,50.0,1.0,1940.2947749999876,625.4430000000066,0.0
2015-08-01,55,350847.84596240957,269.090912,43477.375500416,16.049107776,0.0,0.0,100.905952,50.0,1.0,8340.472124819178,497.52300083199225,0.0
2015-08-01,56,53485.8166437952,21.128738,21135.754249792,8.495804096,0.0,0.0,58.289978,50.0,1.0,606.1437057888106,263.37024979200214,0.0
2015-08-01,6,341659.248175,223.731018,31306.327,7.710796288,0.0,0.0,93.965889,50.0,1.0,6972.488668795209,239.03424979199917,0.0
2015-08-01,7,10323.4740913328,0.0,2367.8959690879997,0.0,146.101166,345882.9375,272.969238,300.0,1.0,0.0,0.0,4529.15625
2015-08-01,9,123925.42008740958,63.272625,41781.967500415994,12.318339071999999,0.0,0.0,70.018471,50.0,1.0,1903.5767624095752,381.86850041599246,0.0
2015-09-01,1,61218.2516103232,0.0,15.444412671999999,0.0,0.0,0.0,99.117538,0.0,0.0,0.0,0.0,0.0
2015-09-01,12,313593.84028120484,189.36911,22180.401750208,4.460899456,0.0,0.0,104.023849,50.0,1.0,5915.528162409668,138.28750041599778,0.0
2015-09-01,13,16361.5769856208,0.0,4763.04034336,0.0,300.0,724390.5625,137.00946,166.328949,1.0,0.0,0.0,9300.0
2015-09-01,14,316086.3334124096,181.24118,50901.10350041599,13.973758656000001,0.0,0.0,92.024757,50.0,1.0,5596.2504999999655,433.18599999999424,0.0
2015-09-01,15,2650.377862456,0.0,1080.0747343360001,0.0,300.0,415600.0,140.458633,165.837738,1.0,0.0,0.0,9300.0
2015-09-01,16,373680.0763937952,273.615112,23669.883249792,6.837524927999999,0.0,0.0,101.466278,50.0,1.0,8544.571628102509,211.9633751040019,0.0
2015-09-01,17,182779.0985562048,85.72451,49410.773750208005,11.806793856,0.0,0.0,101.485886,50.0,1.0,2611.9471812047996,366.0117502080029,0.0
2015-09-01,19,0.0,0.0,0.0,0.0,300.0,509627.8125,232.702026,270.507935,1.0,0.0,0.0,9300.0
2015-09-01,2,19695.628620048003,0.0,5306.085687551999,0.0,200.0,379976.90625,233.498367,281.419312,1.0,0.0,0.0,6200.0
2015-09-01,20,309386.86134069273,183.890167,21080.180874687998,5.746777088,0.0,0.0,102.437462,50.0,1.0,5734.847903102287,178.15037510399634,0.0
2015-09-01,21,3693.2081635967997,0.0,950.0383751040001,0.0,200.0,401750.0,166.736069,191.683044,1.0,0.0,0.0,6200.0
2015-09-01,22,158285.169625,78.859108,55985.644,13.814305855999999,0.0,0.0,99.216545,50.0,1.0,2382.872287409613,428.2395004160062,0.0
2015-09-01,23,187965.7881437952,82.285606,27213.891249792003,10.426818688000001,0.0,0.0,70.367203,50.0,1.0,2513.269574999984,323.23199999999997,0.0
2015-09-01,24,17359.134568899204,0.0,3296.853624896,0.0,200.0,500650.0,138.684433,151.284531,1.0,0.0,0.0,6200.0
2015-09-01,25,349691.0592124096,250.394531,69388.14350041602,21.581058304,0.0,0.0,127.83017,50.0,1.0,7716.19217481924,669.0190008320205,0.0
2015-09-01,26,11469.072694115199,0.0,2419.039796992,0.0,200.0,500500.0,141.349915,154.576813,1.0,0.0,0.0,6200.0
2015-09-01,27,327041.75303759036,195.235733,67094.202499584,22.170554431999996,0.0,0.0,90.283615,50.0,1.0,5980.398349999916,687.2840000000142,0.0
2015-09-01,28,16197.7439393632,0.0,8189.129812864,0.0,325.379944,564100.4375,248.3862,300.0,1.0,0.0,0.0,10086.8125
2015-09-01,29,254353.994875,108.855934,58363.981,9.64769312,0.0,0.0,103.109261,50.0,1.0,3352.717475000012,299.07800000000134,0.0
2015-09-01,3,334073.2132124096,198.889099,61985.371500416004,11.546803008,0.0,0.0,100.733498,50.0,1.0,6166.696737409569,357.9485004160015,0.0
2015-09-01,30,318624.48147500004,194.979263,96091.385,22.292820992,0.0,0.0,135.711136,50.0,1.0,5971.535762590414,691.0734995839885,0.0
2015-09-01,31,376124.17349379516,211.786316,52395.69724979199,15.406485120000001,0.0,0.0,87.458817,50.0,1.0,6545.6248313856195,477.6037493759941,0.0
2015-09-01,32,17089.8692130064,0.0,4182.295,0.0,600.0,888700.0,156.511627,217.521362,1.0,0.0,0.0,18600.0
2015-09-01,33,329107.5180875904,180.352097,66008.988499584,17.6580768,0.0,0.0,87.826347,50.0,1.0,5543.514750000031,547.4040000000023,0.0
2015-09-01,34,10489.494538022398,0.0,4413.073843776001,0.0,400.0,567650.0,185.85553,228.05452,1.0,0.0,0.0,12400.0
2015-09-01,35,185140.7477812048,98.381561,20407.383750208,4.5719232000000005,0.0,0.0,133.358871,50.0,1.0,3058.067068614386,141.72925062399736,0.0
2015-09-01,36,8973.8223096576,0.0,4027.040062656,0.0,200.0,415463.09375,209.329697,272.453461,1.0,0.0,0.0,6200.0
2015-09-01,37,14834.4426593072,0.0,2577.531125312,0.0,600.0,800293.8125,255.771545,291.35257,1.0,0.0,0.0,18600.0
2015-09-01,38,131937.8724125904,74.052299,18427.038499584,3.061979648,0.0,0.0,114.141502,50.0,1.0,2304.381909488002,94.92112447999534,0.0
2015-09-01,4,9849.573744824,0.0,4149.151093568,0.0,400.0,748461.625,199.149658,271.370087,1.0,0.0,0.0,12400.0
2015-09-01,40,370828.66348759044,235.954468,61237.676499584,24.716832192,0.0,0.0,84.339958,50.0,1.0,7241.6819875904475,766.2264995840014,0.0
2015-09-01,41,14138.352450470398,0.0,6562.228156224,0.0,456.2099,757410.4375,237.151688,300.0,1.0,0.0,0.0,14142.5625
2015-09-01,42,23355.4977690032,0.0,8677.292,0.0,220.0,555160.0,133.184967,153.975555,1.0,0.0,0.0,6820.0
2015-09-01,43,392460.9526281024,250.045975,24982.501375104002,7.403729216,0.0,0.0,85.365761,50.0,1.0,7800.780171897553,229.51662489600494,0.0
2015-09-01,44,299876.40739999997,165.206268,69340.466,14.196727167999999,0.0,0.0,102.865082,50.0,1.0,5091.324112409609,440.09550041600596,0.0
2015-09-01,45,316443.6159875904,184.902954,63061.446499583995,22.456568576,0.0,0.0,155.197067,50.0,1.0,5654.057787590427,696.1564995839944,0.0
2015-09-01,47,336647.1533624096,167.619675,55146.253500416,21.51863584,0.0,0.0,81.207893,50.0,1.0,5117.769712409645,667.0755004160019,0.0
2015-09-01,48,296856.29468759045,150.814209,55689.822499584,15.543666111999999,0.0,0.0,109.69455,50.0,1.0,4630.35010000004,481.8580000000002,0.0
2015-09-01,49,182316.3687437952,87.614319,30356.082249791998,5.733190528,0.0,0.0,107.379585,50.0,1.0,2712.174462590425,177.72949958399477,0.0
2015-09-01,50,97803.82053800639,51.586864,34396.44,9.077896256,0.0,0.0,110.965942,50.0,1.0,1558.5036187951773,281.41424979199655,0.0
2015-09-01,51,222702.06129999997,115.452621,29017.924,5.6432097279999995,0.0,0.0,90.460747,50.0,1.0,3586.8275312047917,174.9377502080024,0.0
2015-09-01,52,200588.51794999998,109.428741,27861.08,4.3974602879999996,0.0,0.0,91.126053,50.0,1.0,3406.0787937951973,136.32124979199943,0.0
2015-09-01,53,362021.34755,271.744934,45807.242,17.17136512,0.0,0.0,98.330826,50.0,1.0,8416.246875000012,532.3110000000015,0.0
2015-09-01,54,132988.1631562048,65.975784,45883.782750208,20.041821696,0.0,0.0,72.706551,50.0,1.0,1936.4168000000063,621.2959999999948,0.0
2015-09-01,55,359215.4068812048,269.888702,43965.593750208005,15.749028671999998,0.0,0.0,100.894455,50.0,1.0,8367.560918795236,488.21824979200755,0.0
2015-09-01,56,54083.3896872016,20.840372,21396.891750207997,8.423811968,0.0,0.0,58.190044,50.0,1.0,597.5730434063953,261.1375004159963,0.0
2015-09-01,6,348634.51430000004,223.765503,31537.532,7.458226048,0.0,0.0,93.817574,50.0,1.0,6975.266125000024,231.2049999999981,0.0
2015-09-01,7,10323.4740913328,0.0,2367.8959690879997,0.0,146.423477,350422.0625,272.923584,300.0,1.0,0.0,0.0,4539.125
2015-09-01,9,125774.0948812048,61.400307,42145.94475020801,11.74121728,0.0,0.0,69.542206,50.0,1.0,1848.6747937952168,363.977249792013,0.0
2015-10-01,1,61218.2516103232,0.0,15.444412671999999,0.0,0.0,0.0,99.014679,0.0,0.0,0.0,0.0,0.0
2015-10-01,12,319315.8635562048,189.264359,22311.974750208,4.385744895999999,0.0,0.0,103.810478,50.0,1.0,5722.023274999927,131.57300000000032,0.0
2015-10-01,13,16361.5769856208,0.0,4763.04034336,0.0,300.0,733390.5625,136.730637,166.01799,1.0,0.0,0.0,9000.0
2015-10-01,14,321475.35601240955,180.276169,51308.289500415995,13.572863616000001,0.0,0.0,91.832977,50.0,1.0,5389.0225999999675,407.1860000000015,0.0
2015-10-01,15,2650.377862456,0.0,1080.0747343360001,0.0,300.0,424600.0,140.405487,165.706818,1.0,0.0,0.0,9000.0
2015-10-01,16,381938.8234156928,273.259827,23872.203874688,6.744058880000001,0.0,0.0,101.34391,50.0,1.0,8258.74702189758,202.32062489599775,0.0
2015-10-01,17,185305.496575,85.642776,49759.45,11.62252416,0.0,0.0,101.821205,50.0,1.0,2526.398018795211,348.6762497919917,0.0
2015-10-01,19,0.0,0.0,0.0,0.0,300.0,518627.8125,236.287552,273.975494,1.0,0.0,0.0,9000.0
2015-10-01,2,19695.628620048003,0.0,5306.085687551999,0.0,200.0,385976.90625,233.291946,281.16864,1.0,0.0,0.0,6000.0
2015-10-01,20,314937.5137656927,183.895218,21249.557874688,5.645874624,0.0,0.0,102.235954,50.0,1.0,5550.652424999978,169.3770000000004,0.0
2015-10-01,21,3693.2081635967997,0.0,950.0383751040001,0.0,200.0,407750.0,166.396423,191.32431,1.0,0.0,0.0,6000.0
2015-10-01,22,160608.1707625904,79.3909,56396.138499584,13.683041216,0.0,0.0,99.471809,50.0,1.0,2323.001137590385,410.4944995839978,0.0
2015-10-01,23,190346.3150687952,80.512253,27516.453249791997,10.085365888,0.0,0.0,70.11898,50.0,1.0,2380.526925000013,302.56199999999444,0.0
2015-10-01,24,17359.134568899204,0.0,3296.853624896,0.0,200.0,506650.0,139.509964,152.008911,1.0,0.0,0.0,6000.0
2015-10-01,25,357303.985575,255.158829,70031.637,21.449828608,0.0,0.0,128.744385,50.0,1.0,7612.926362590399,643.4934995839867,0.0
2015-10-01,26,11469.072694115199,0.0,2419.039796992,0.0,200.0,506500.0,140.416901,153.641357,1.0,0.0,0.0,6000.0
2015-10-01,27,332910.10168759036,197.85437,67753.56249958399,21.978556288,0.0,0.0,90.810364,50.0,1.0,5868.34865,659.359999999986,0.0
2015-10-01,28,16197.7439393632,0.0,8189.129812864,0.0,327.009491,573910.6875,248.24115,300.0,1.0,0.0,0.0,9810.25
2015-10-01,29,257599.168075,108.84301,58648.993,9.500466560000001,0.0,0.0,102.885284,50.0,1.0,3245.17319999999,285.01200000000244,0.0
2015-10-01,3,340151.3111875904,202.48938,62327.492499584,11.404027648,0.0,0.0,101.286171,50.0,1.0,6078.097975180834,342.12099916799343,0.0
2015-10-01,30,324505.98943759035,198.345032,96758.64249958399,22.241914240000003,0.0,0.0,136.70015,50.0,1.0,5881.507962590316,667.2574995839968,0.0
2015-10-01,31,382490.93108120485,212.816681,52853.407750208,15.257050432,0.0,0.0,87.641029,50.0,1.0,6366.757587409695,457.7105004160112,0.0
2015-10-01,32,17089.8692130064,0.0,4182.295,0.0,600.0,906700.0,156.213272,217.12674,1.0,0.0,0.0,18000.0
2015-10-01,33,334422.94654999994,178.651169,66527.63,17.288168768,0.0,0.0,87.51783,50.0,1.0,5315.428462409531,518.6415004160081,0.0
2015-10-01,34,10489.494538022398,0.0,4413.073843776001,0.0,400.0,579650.0,187.056503,229.1297,1.0,0.0,0.0,12000.0
2015-10-01,35,188098.98037189757,98.331841,20543.043624895996,4.521964096,0.0,0.0,133.126328,50.0,1.0,2958.232590692787,135.65987468799722,0.0
2015-10-01,36,8973.8223096576,0.0,4027.040062656,0.0,200.0,421463.09375,208.945358,272.00589,1.0,0.0,0.0,6000.0
2015-10-01,37,14834.4426593072,0.0,2577.531125312,0.0,600.0,818293.8125,255.313782,290.883301,1.0,0.0,0.0,18000.0
2015-10-01,38,134172.8502531024,74.207314,18517.861375104003,3.027393408,0.0,0.0,114.106438,50.0,1.0,2234.9778405120014,90.82287552000344,0.0
2015-10-01,4,9849.573744824,0.0,4149.151093568,0.0,400.0,760461.625,198.635895,270.792694,1.0,0.0,0.0,12000.0
2015-10-01,40,377856.37321240955,236.551773,61972.52750041601,24.495172416000003,0.0,0.0,84.347748,50.0,1.0,7027.709724819113,734.8510008320081,0.0
2015-10-01,41,14138.352450470398,0.0,6562.228156224,0.0,455.981049,771089.8125,237.278488,300.0,1.0,0.0,0.0,13679.375
2015-10-01,42,23355.4977690032,0.0,8677.292,0.0,220.0,561760.0,132.254974,153.029312,1.0,0.0,0.0,6600.0
2015-10-01,43,399984.92393430724,249.196182,25201.522125312,7.300710976,0.0,0.0,85.278633,50.0,1.0,7523.971306204854,219.02075020799748,0.0
2015-10-01,44,304791.48525,164.723236,69753.996,13.784274816,0.0,0.0,102.486725,50.0,1.0,4915.07785000006,413.52999999999884,0.0
2015-10-01,45,321932.29275,185.369202,63722.256,22.027026944000003,0.0,0.0,155.074463,50.0,1.0,5488.676762409625,660.8095004160059,0.0
2015-10-01,47,341582.7512124096,166.994659,55782.863500416,21.220260672000002,0.0,0.0,81.104309,50.0,1.0,4935.597849999962,636.6100000000006,0.0
2015-10-01,48,301383.1129875904,152.301331,56153.350499584,15.450979648,0.0,0.0,110.162468,50.0,1.0,4526.818299999926,463.5279999999984,0.0
2015-10-01,49,184939.5879,87.545898,30525.378,5.643183936000001,0.0,0.0,107.173752,50.0,1.0,2623.21915620481,169.29575020800257,0.0
2015-10-01,50,99312.8226687952,51.584621,34664.93224979199,8.94969504,0.0,0.0,110.83976,50.0,1.0,1509.0021307888092,268.4922497919906,0.0
2015-10-01,51,226188.2345312048,115.934372,29185.321750208,5.579915328,0.0,0.0,90.471947,50.0,1.0,3486.173231204826,167.39775020800153,0.0
2015-10-01,52,203900.4566624096,109.9356,27991.489500415995,4.34690048,0.0,0.0,91.072861,50.0,1.0,3311.93871240961,130.40950041599353,0.0
2015-10-01,53,370178.19168759044,272.070374,46312.168499584004,16.830929855999997,0.0,0.0,98.282089,50.0,1.0,8156.844137590437,504.9264995840058,0.0
2015-10-01,54,134859.8282375904,65.876129,46481.61049958401,19.927655488,0.0,0.0,72.737106,50.0,1.0,1871.6650813856104,597.8277493760033,0.0
2015-10-01,55,367336.1360124096,270.591339,44430.041500415995,15.481613055999999,0.0,0.0,100.883469,50.0,1.0,8120.729131204775,464.4477502079899,0.0
2015-10-01,56,54653.13118120479,20.541464,21647.193750207996,8.34335424,0.0,0.0,58.086021,50.0,1.0,569.7414940031958,250.30199999999968,0.0
2015-10-01,6,355389.67941240955,223.877563,31754.495500415997,7.232065984,0.0,0.0,93.692345,50.0,1.0,6755.165112409508,216.96350041599726,0.0
2015-10-01,7,10323.4740913328,0.0,2367.8959690879997,0.0,146.745331,354824.40625,272.876617,300.0,1.0,0.0,0.0,4402.34375
2015-10-01,9,127522.9904374096,59.978855,42484.227500416,11.276124288,0.0,0.0,69.174782,50.0,1.0,1748.8955562047922,338.282750207989,0.0
2015-11-01,1,61218.2516103232,0.0,15.444412671999999,0.0,0.0,0.0,98.922981,0.0,0.0,0.0,0.0,0.0
2015-11-01,12,325226.88996569277,189.19368,22445.635874688,4.311654464,0.0,0.0,103.606285,50.0,1.0,5911.026409487997,133.66112448000058,0.0
2015-11-01,13,16361.5769856208,0.0,4763.04034336,0.0,300.0,742690.5625,136.506653,165.756927,1.0,0.0,0.0,9300.0
2015-11-01,14,327026.75809379516,179.647202,51717.59124979199,13.203310848,0.0,0.0,91.668549,50.0,1.0,5551.402081385604,409.30174937599804,0.0
2015-11-01,15,2650.377862456,0.0,1080.0747343360001,0.0,300.0,433900.0,140.229767,165.454773,1.0,0.0,0.0,9300.0
2015-11-01,16,390463.78400310234,272.949097,24078.286375104002,6.647807296,0.0,0.0,101.226128,50.0,1.0,8524.960587409558,206.0825004160033,0.0
2015-11-01,17,187915.4312187952,85.58197,50114.041249792,11.43841504,0.0,0.0,102.023544,50.0,1.0,2609.93464379519,354.59124979199987,0.0
2015-11-01,19,0.0,0.0,0.0,0.0,300.0,527927.8125,238.564972,276.136444,1.0,0.0,0.0,9300.0
2015-11-01,2,19695.628620048003,0.0,5306.085687551999,0.0,200.0,392176.90625,233.08342,280.91507,1.0,0.0,0.0,6200.0
2015-11-01,20,320674.47126569273,183.914398,21421.495874688,5.54639904,0.0,0.0,102.039688,50.0,1.0,5736.957500000019,171.93800000000192,0.0
2015-11-01,21,3693.2081635967997,0.0,950.0383751040001,0.0,200.0,413950.0,166.061172,190.969421,1.0,0.0,0.0,6200.0
2015-11-01,22,163020.453725,79.730026,56814.875,13.507725504000001,0.0,0.0,99.582054,50.0,1.0,2412.282962409605,418.73650041600195,0.0
2015-11-01,23,192763.43046240957,79.08812,27820.175500415997,9.797542144000001,0.0,0.0,69.917442,50.0,1.0,2417.1153936143673,303.72225062399957,0.0
2015-11-01,24,17359.134568899204,0.0,3296.853624896,0.0,200.0,512850.0,139.936722,152.375641,1.0,0.0,0.0,6200.0
2015-11-01,25,365292.0141375904,258.985596,70691.06849958398,21.272026048,0.0,0.0,129.380508,50.0,1.0,7988.028562590422,659.4314995839813,0.0
2015-11-01,26,11469.072694115199,0.0,2419.039796992,0.0,200.0,512700.0,139.952133,153.167984,1.0,0.0,0.0,6200.0
2015-11-01,27,339023.24458759034,199.341782,68423.34849958398,21.606098176,0.0,0.0,91.078232,50.0,1.0,6113.142899999977,669.7859999999928,0.0
2015-11-01,28,16197.7439393632,0.0,8189.129812864,0.0,328.566467,584096.25,248.109482,300.0,1.0,0.0,0.0,10185.5625
2015-11-01,29,260953.625675,108.848137,58938.971,9.354050368,0.0,0.0,102.667282,50.0,1.0,3354.4575999999943,289.9779999999955,0.0
2015-11-01,3,346499.6643624096,204.603012,62675.021500416005,11.21053024,0.0,0.0,101.51516,50.0,1.0,6348.353174819204,347.529000832008,0.0
2015-11-01,30,330669.72117499996,201.06514,97444.685,22.130479488000002,0.0,0.0,137.381897,50.0,1.0,6163.731737409602,686.0425004160061,0.0
2015-11-01,31,389086.5558562048,213.308411,53320.848750208,15.078712896,0.0,0.0,87.709839,50.0,1.0,6595.624774999975,467.4409999999989,0.0
2015-11-01,32,17089.8692130064,0.0,4182.295,0.0,600.0,925300.0,155.924057,216.740463,1.0,0.0,0.0,18600.0
2015-11-01,33,339892.8148,177.857162,67053.61,16.967030912000002,0.0,0.0,87.335831,50.0,1.0,5469.868250000058,525.9799999999959,0.0
2015-11-01,34,10489.494538022398,0.0,4413.073843776001,0.0,400.0,592050.0,187.44342,229.404877,1.0,0.0,0.0,12400.0
2015-11-01,35,191155.6474218976,98.315819,20681.675624895997,4.47204576,0.0,0.0,132.916687,50.0,1.0,3056.667050000018,138.63200000000143,0.0
2015-11-01,36,8973.8223096576,0.0,4027.040062656,0.0,200.0,427663.09375,208.582932,271.578827,1.0,0.0,0.0,6200.0
2015-11-01,37,14834.4426593072,0.0,2577.531125312,0.0,600.0,836893.8125,254.863953,290.420349,1.0,0.0,0.0,18600.0
2015-11-01,38,136486.7846625904,74.341805,18610.624499584,2.992357056,0.0,0.0,114.051979,50.0,1.0,2313.9344094879925,92.7631244799959,0.0
2015-11-01,4,9849.573744824,0.0,4149.151093568,0.0,400.0,772861.625,198.134232,270.225616,1.0,0.0,0.0,12400.0
2015-11-01,40,385133.08096240956,236.978851,62725.695500416005,24.29558144,0.0,0.0,84.347206,50.0,1.0,7276.707750000001,753.1679999999978,0.0
2015-11-01,41,14138.352450470398,0.0,6562.228156224,0.0,456.04657,785227.3125,237.367004,300.0,1.0,0.0,0.0,14137.5
2015-11-01,42,23355.4977690032,0.0,8677.292,0.0,220.0,568580.0,131.567383,152.318161,1.0,0.0,0.0,6820.0
2015-11-01,43,407740.68579379516,248.56897,25424.831249792,7.203501759999999,0.0,0.0,85.219849,50.0,1.0,7755.761859487917,223.30912448000163,0.0
2015-11-01,44,309868.41967499995,164.58107,70170.009,13.41965664,0.0,0.0,102.201897,50.0,1.0,5076.934424999927,416.0130000000063,0.0
2015-11-01,45,327622.6501375904,185.875061,64391.918499584,21.602033024,0.0,0.0,154.939728,50.0,1.0,5690.357387590397,669.6624995839957,0.0
2015-11-01,47,346670.26138759044,166.525604,56431.160499583995,20.912736000000002,0.0,0.0,81.023056,50.0,1.0,5087.510175180854,648.2969991679929,0.0
2015-11-01,48,306091.86895,153.259171,56627.74,15.302909439999999,0.0,0.0,110.422943,50.0,1.0,4708.755962409603,474.3895004160004,0.0
2015-11-01,49,187649.26205620478,87.496201,30697.572750208,5.554658303999999,0.0,0.0,106.975288,50.0,1.0,2709.674156204768,172.1947502080002,0.0
2015-11-01,50,100873.67688759041,51.606869,34938.442499584,8.822899072,0.0,0.0,110.739243,50.0,1.0,1560.8542187952116,273.51024979200884,0.0
2015-11-01,51,229806.6565437952,116.43158,29356.291249791997,5.515161600000001,0.0,0.0,90.475273,50.0,1.0,3618.4220125903958,170.96949958399637,0.0
2015-11-01,52,207339.1993125904,110.446953,28124.674499584005,4.296363136,0.0,0.0,91.017052,50.0,1.0,3438.7426501808222,133.1849991680101,0.0
2015-11-01,53,378618.26435620483,272.359894,46823.682750208005,16.500368768,0.0,0.0,98.230278,50.0,1.0,8440.07266861439,511.51425062400085,0.0
2015-11-01,54,136791.65868759042,65.780273,47095.75649958401,19.811127232000004,0.0,0.0,72.768387,50.0,1.0,1931.8304500000086,614.1460000000006,0.0
2015-11-01,55,375748.04776240955,271.1875,44901.759500415996,15.216652671999999,0.0,0.0,100.859741,50.0,1.0,8411.91174999997,471.71800000000076,0.0
2015-11-01,56,55232.77753779841,20.233795,21903.183249792,8.257735616,0.0,0.0,57.977257,50.0,1.0,579.6463565936137,255.98949958400408,0.0
2015-11-01,6,362376.61284379516,224.041428,31971.917249791997,7.013571136,0.0,0.0,93.575302,50.0,1.0,6986.933431385609,217.42174937600066,0.0
2015-11-01,7,10323.4740913328,0.0,2367.8959690879997,0.0,147.084213,359384.03125,272.826019,300.0,1.0,0.0,0.0,4559.625
2015-11-01,9,129297.6549562048,58.858105,42821.46375020801,10.878542271999999,0.0,0.0,68.879707,50.0,1.0,1774.664518795209,337.2362497920112,0.0
2015-12-01,1,61218.2516103232,0.0,15.444412671999999,0.0,0.0,0.0,98.84301,0.0,0.0,0.0,0.0,0.0
2015-12-01,12,330946.27186569275,189.146973,22572.905874688,4.24233472,0.0,0.0,103.41951,50.0,1.0,5719.3818999999785,127.27000000000044,0.0
2015-12-01,13,16361.5769856208,0.0,4763.04034336,0.0,300.0,751690.5625,136.330399,165.542282,1.0,0.0,0.0,9000.0
2015-12-01,14,332389.60655,179.265472,52103.948,12.878520512000001,0.0,0.0,91.538651,50.0,1.0,5362.848456204869,386.3567502080041,0.0
2015-12-01,15,2650.377862456,0.0,1080.0747343360001,0.0,300.0,442900.0,140.036209,165.189926,1.0,0.0,0.0,9000.0
2015-12-01,16,398706.35628430726,272.686951,24274.934125312,6.554926976,0.0,0.0,101.118286,50.0,1.0,8242.57228120492,196.6477502079979,0.0
2015-12-01,17,190440.94738759042,85.536766,50451.992499584005,11.265029568,0.0,0.0,102.12825,50.0,1.0,2525.516168795235,337.95124979200773,0.0
2015-12-01,19,0.0,0.0,0.0,0.0,300.0,536927.8125,239.941925,277.407166,1.0,0.0,0.0,9000.0
2015-12-01,2,19695.628620048003,0.0,5306.085687551999,0.0,200.0,398176.90625,232.852646,280.643646,1.0,0.0,0.0,6000.0
2015-12-01,20,326227.7684718976,183.940887,21585.110624896,5.45382656,0.0,0.0,101.858856,50.0,1.0,5553.29720620485,163.61475020799844,0.0
2015-12-01,21,3693.2081635967997,0.0,950.0383751040001,0.0,200.0,419950.0,165.749008,190.638474,1.0,0.0,0.0,6000.0
2015-12-01,22,165362.6413625904,79.944542,57214.488499584,13.320337471999999,0.0,0.0,99.59874,50.0,1.0,2342.1876375903958,399.6134995839966,0.0
2015-12-01,23,195071.1724812048,78.005341,28107.179750208,9.566747008,0.0,0.0,69.763489,50.0,1.0,2307.742018795223,287.004249792004,0.0
2015-12-01,24,17359.134568899204,0.0,3296.853624896,0.0,200.0,518850.0,140.125839,152.5336,1.0,0.0,0.0,6000.0
2015-12-01,25,373111.6020624096,261.879913,71323.11550041601,21.068209344,0.0,0.0,129.774719,50.0,1.0,7819.587924819207,632.0470008320262,0.0
2015-12-01,26,11469.072694115199,0.0,2419.039796992,0.0,200.0,518700.0,139.675964,152.879822,1.0,0.0,0.0,6000.0
2015-12-01,27,344969.30363759043,200.241272,69058.63249958398,21.176009920000002,0.0,0.0,91.201591,50.0,1.0,5946.059050000098,635.2839999999997,0.0
2015-12-01,28,16197.7439393632,0.0,8189.129812864,0.0,329.986145,593995.875,247.994324,300.0,1.0,0.0,0.0,9899.625
2015-12-01,29,264201.5199124096,108.872513,59215.539500416,9.219046719999998,0.0,0.0,102.464439,50.0,1.0,3247.8942374096077,276.5685004160041,0.0
2015-12-01,3,352683.804,205.895081,63005.28,11.008692031999999,0.0,0.0,101.581711,50.0,1.0,6184.139637590386,330.2584995839934,0.0
2015-12-01,30,336699.0389,203.152939,98104.058,21.978954816,0.0,0.0,137.801804,50.0,1.0,6029.31772500003,659.3730000000069,0.0
2015-12-01,31,395477.19771879516,213.526581,53767.834249791995,14.899537536,0.0,0.0,87.734268,50.0,1.0,6390.641862590332,446.98549958399235,0.0
2015-12-01,32,17089.8692130064,0.0,4182.295,0.0,600.0,943300.0,155.657593,216.382324,1.0,0.0,0.0,18000.0
2015-12-01,33,345177.16908759036,177.501801,67554.45449958398,16.694889535999998,0.0,0.0,87.226372,50.0,1.0,5284.354287590366,500.8444995839818,0.0
2015-12-01,34,10489.494538022398,0.0,4413.073843776001,0.0,400.0,604050.0,187.457123,229.320999,1.0,0.0,0.0,12000.0
2015-12-01,35,194114.00570620477,98.314789,20814.426750207997,4.425018624000001,0.0,0.0,132.726959,50.0,1.0,2958.358284307178,132.7511253119992,0.0
2015-12-01,36,8973.8223096576,0.0,4027.040062656,0.0,200.0,433663.09375,208.244431,271.178833,1.0,0.0,0.0,6000.0
2015-12-01,37,14834.4426593072,0.0,2577.531125312,0.0,600.0,854893.8125,254.441895,289.984924,1.0,0.0,0.0,18000.0
2015-12-01,38,138729.57242189758,74.449326,18699.370624895997,2.958236736,0.0,0.0,113.982979,50.0,1.0,2242.78775930719,88.74612531199818,0.0
2015-12-01,4,9849.573744824,0.0,4149.151093568,0.0,400.0,784861.625,197.67041,269.699127,1.0,0.0,0.0,12000.0
2015-12-01,40,392185.40877499996,237.277802,63448.775,24.102785408,0.0,0.0,84.334869,50.0,1.0,7052.3278125904035,723.079499583997,0.0
2015-12-01,41,14138.352450470398,0.0,6562.228156224,0.0,456.428619,798920.125,237.407166,300.0,1.0,0.0,0.0,13692.8125
2015-12-01,42,23355.4977690032,0.0,8677.292,0.0,220.0,575180.0,131.067093,151.791351,1.0,0.0,0.0,6600.0
2015-12-01,43,415233.1379812048,248.119507,25638.297750208,7.115566016,0.0,0.0,85.182426,50.0,1.0,7492.4521874096245,213.46650041599787,0.0
2015-12-01,44,314785.841625,164.656052,70563.285,13.109238272,0.0,0.0,101.991943,50.0,1.0,4917.421950000047,393.275999999998,0.0
2015-12-01,45,333147.44747500005,186.383698,65028.223,21.210002944,0.0,0.0,154.800659,50.0,1.0,5524.797337409633,636.3045004160012,0.0
2015-12-01,47,351585.69892500003,166.201492,57049.707,20.618321983999998,0.0,0.0,80.958984,50.0,1.0,4915.437537409598,618.5465004160069,0.0
2015-12-01,48,310667.90685,153.852158,57081.492,15.125041152,0.0,0.0,110.540878,50.0,1.0,4576.037900000054,453.7520000000004,0.0
2015-12-01,49,190271.01619999998,87.461372,30861.74,5.472247872,0.0,0.0,106.79261,50.0,1.0,2621.7541437952023,164.1672497920008,0.0
2015-12-01,50,102385.8819442112,51.63707,35199.55075020801,8.703629376,0.0,0.0,110.652245,50.0,1.0,1512.2050566207909,261.10825062400545,0.0
2015-12-01,51,233322.52229999998,116.884216,29519.88,5.452944640000001,0.0,0.0,90.466896,50.0,1.0,3515.8657562047883,163.58875020800406,0.0
2015-12-01,52,210681.3453437952,110.908333,28252.110249792,4.247863359999999,0.0,0.0,90.958397,50.0,1.0,3342.1460312047857,127.43575020799472,0.0
2015-12-01,53,386795.36672499997,272.601135,47309.665,16.199474304,0.0,0.0,98.17662,50.0,1.0,8177.102368795138,485.98224979199586,0.0
2015-12-01,54,138658.9007687952,65.68084,47686.62924979199,19.695741312,0.0,0.0,72.795296,50.0,1.0,1867.2420812047785,590.8727502079855,0.0
2015-12-01,55,383904.2936312048,271.650665,45350.74375020801,14.96620736,0.0,0.0,100.825333,50.0,1.0,8156.24586879526,448.9842497920108,0.0
2015-12-01,56,55785.6543973136,19.95088,22148.511125312,8.177587392,0.0,0.0,57.875843,50.0,1.0,552.8768595151923,245.32787552000082,0.0
2015-12-01,6,369144.979525,224.22316,32176.339,6.814078336,0.0,0.0,93.468636,50.0,1.0,6768.366681204818,204.42175020800278,0.0
2015-12-01,7,10323.4740913328,0.0,2367.8959690879997,0.0,147.416626,363806.53125,272.77533,300.0,1.0,0.0,0.0,4422.5
2015-12-01,9,130991.7929687952,58.02174,43138.05924979199,10.55325024,0.0,0.0,68.655502,50.0,1.0,1694.138012590396,316.59549958398566,0.0
