tree
version=v4
num_class=1
num_tree_per_iteration=1
label_index=0
max_feature_idx=10
objective=regression_l1
feature_names=oil_tpd liquid_tpd pressure_bar control_value target_orat target_lrat target_wrat status oil_fraction watercut injection_minus_liquid
feature_infos=[0:43.42959140103163] [0:66.54612115517422] [0:284.48947099999998] [0:415.8689] none [0:1] [0:1] [0:1] [0:1] [0:1] [-66.54612115517422:415.8689]
tree_sizes=1527 1532 1539 1540 1550 1533 1528 1537 1554 1530 1557 1533 1542 1548 1529 1539 1546 1556 1554 1561 1535 1544 1527 1534 1514 1525 1547 1532 1536 1530 1553 1522 1528 1568 1519 1538 1551 1511 1544 1544 1526 1522 1514 1547 1522 1530 1511 1505 1488 1518 1541 1499 1506 1485 1507 1490 1534 1497 1490 1502 1499 1505 1492 1503 1494 1490 1538 1543 1492 1538 1490 1517 1483 1526 1521 1525 1509 1491 1543 1502 1532 1493 1507 1479 1490 1495 1508 1482 1549 1471 1504 1522 1519 1493 1524 1472 1536 1502 1538 1485 1535 1487 1493 1532 1500 1564 1493 1501 1476 1532 1524 1488 1484 1468 1533 1514 1536 1527 1472 1468 1513 1527 1517 1498 1520 1486 1517 1479 1541 1468 1527 1504 1520 1518 1530 1524 1519 1467 1545 1528 1525 1526 1528 1520 1516 1512 1524 1535 1541 1518 1532 1505 1522 1529 1506 1536 1537 1524 1490 1542

Tree=0
num_leaves=15
num_cat=0
split_feature=1 2 0 9 0 8 2 3 3 1 0 2 3 1
split_gain=8374.46 3011.31 1545.54 1326.7 1091.25 1062.57 799.397 651.571 600.5 1050.79 872.643 551.664 457.477 431.793
threshold=14.890621908456758 109.18034000000002 3.9394746920659354 0.09007544160657617 15.852550846558197 0.9999850405617442 53.208694500000007 40.092110000000005 14.571346000000002 12.773119379718556 9.5060016965075409 97.638309500000005 18.769620500000006 18.520876513981936
decision_type=2 2 2 2 2 2 2 2 2 2 2 2 2 2
left_child=5 4 -3 12 11 -1 -7 13 9 -8 -10 -2 -4 -5
right_child=1 2 3 7 -6 6 8 -9 10 -11 -12 -13 -14 -15
leaf_value=0 0.0042856410145759583 -0.00029472853988409041 -0.062174167633056644 -0.002251933291554451 0.0051034927368164068 -4.8274281434714792e-05 0.00044418331235647203 -0.0017552948743104935 0.00059308899566531178 -0.05016119956970215 0.0067821562290191649 -0.0013328826427459718 0.00053505282849073408 -0.0021141798049211505
leaf_weight=192714 2572 20505 954 8756 7689 12357 18528 23472 13316 972 6247 5320 6445 23560
leaf_count=192714 2572 20505 954 8756 7689 12357 18528 23472 13316 972 6247 5320 6445 23560
internal_value=-0.0031799 -0.0129755 -0.0159815 -0.019078 0.00317053 0.000803329 0.0059121 -0.0211888 0.0087172 0.00374974 0.0136687 -0.00727826 -0.00316259 -0.0175046
internal_weight=343407 99273 83692 63187 15581 244134 51420 55788 39063 19500 19563 7892 7399 32316
internal_count=343407 99273 83692 63187 15581 244134 51420 55788 39063 19500 19563 7892 7399 32316
is_linear=0
shrinkage=0.04


Tree=1
num_leaves=15
num_cat=0
split_feature=1 9 0 3 8 10 3 1 0 3 9 0 3 1
split_gain=7776.63 2716.76 1575.79 1289.84 1018.09 805.932 730.695 1020.96 597.249 504.205 871.053 583.786 461.977 1110.87
threshold=14.890621908456758 0.14802957264231301 5.3221173263651806 18.769620500000006 0.9999850405617442 -1.9378334003157185 14.369974000000001 12.652024169152497 9.5060016965075409 44.517084000000004 0.0024141399299112969 17.785545397494101 4.9032800000000014 4.3038322203067008
decision_type=2 2 2 2 2 2 2 2 2 2 2 2 2 2
left_child=4 3 -3 -2 -1 6 7 12 -8 10 11 -5 13 -6
right_child=1 2 -4 9 5 -7 8 -9 -10 -11 -12 -13 -14 -15
leaf_value=0 -0.059427567863464356 -0.00043283338248729708 -0.0021298987597227095 0.022590270185470582 0.00098839572817087168 -7.3736665304750209e-06 0.00096644940003752706 -0.048155876922607421 0.0065644444227218627 0.0056350379027426244 -0.0042196567662060262 0.0022815084233880041 0.0014824886545538902 -0.020272047899663449
leaf_weight=192484 2105 33171 48659 1461 1620 20247 10514 973 6499 4306 5244 4232 10288 1190
leaf_count=192484 2105 33171 48659 1461 1620 20247 10514 973 6499 4306 5244 4232 10288 1190
internal_value=-0.003081 -0.0125246 -0.0155728 0.00185382 0.000760413 0.00576572 0.00981084 0.0030673 0.0153882 0.00590697 0.00134223 0.0121764 0.00600397 -0.00837011
internal_weight=342993 99178 81830 17348 243815 51331 31084 14071 17013 15243 10937 5693 13098 2810
internal_count=342993 99178 81830 17348 243815 51331 31084 14071 17013 15243 10937 5693 13098 2810
is_linear=0
shrinkage=0.04


Tree=2
num_leaves=15
num_cat=0
split_feature=1 2 0 9 9 3 10 3 10 2 0 0 3 3
split_gain=7186.57 2801.71 1367.02 1262.52 969.677 942.696 757.521 725.417 1078.53 715.382 613.203 497.77 453.161 432.96
threshold=15.00773406491353 109.18034000000002 4.7772139708731052 0.09007544160657617 1.498013651723973e-05 51.704191000000009 -1.9378334003157185 15.076408000000002 -13.221022286051065 97.638309500000005 9.5060016965075409 8.5531217900671219 14.270604500000003 4.667513500000001
decision_type=2 2 2 2 2 2 2 2 2 2 2 2 2 2
left_child=4 5 12 -4 6 9 7 8 -1 -2 -9 -5 -3 -10
right_child=1 2 3 11 -6 -7 -8 10 13 -11 -12 -13 -14 -15
leaf_value=-0.052178799623489383 0.003579587785586715 -0.0068817497169375418 -0.0022502885254919529 -0.0011941312752962114 0 0.0096375730083882814 -6.8679438172839576e-06 0.00094085270160436634 -0.006389191467761993 -0.0010101396908760072 0.0063327889394760133 -0.0035548540984839208 -0.00030593970918655396 0.0012624127361178399
leaf_weight=974 5218 965 7399 24782 193011 2260 20272 9619 1737 7702 5853 23796 26344 13062
leaf_count=974 5218 965 7399 24782 193011 2260 20272 9619 1737 7702 5853 23796 26344 13062
internal_value=-0.00293836 -0.0120626 -0.0149432 -0.0185226 0.000735785 0.00374177 0.00561135 0.00951832 0.0034819 -0.000427245 0.0156722 -0.0208671 -0.00760628 0.00616528
internal_weight=342994 98466 83286 55977 244528 15180 51517 31245 15773 12920 15472 48578 27309 14799
internal_count=342994 98466 83286 55977 244528 15180 51517 31245 15773 12920 15472 48578 27309 14799
is_linear=0
shrinkage=0.04


Tree=3
num_leaves=15
num_cat=0
split_feature=1 2 0 9 3 9 10 3 1 3 0 9 3 0
split_gain=6754.52 2649.64 1192.87 1357.46 948.242 932.154 705.725 705.799 931.346 562.597 518.036 504.307 498.203 465.168
threshold=14.890621908456758 107.61035550000001 4.9055551030511158 0.15404064712722135 15.956332500000002 1.498013651723973e-05 -2.2348458010396457 14.369974000000001 12.652024169152497 51.704191000000009 8.7052323321989729 4.8418328173482914e-06 18.769620500000006 9.0383989907434259
decision_type=2 2 2 2 2 2 2 2 2 2 2 2 2 2
left_child=5 4 -3 12 -2 6 7 8 -1 11 -5 -6 -4 -9
right_child=1 2 3 10 9 -7 -8 13 -10 -11 -12 -13 -14 -15
leaf_value=0.00089674992017745969 -0.058333842364945411 -0.0003673478615665436 -0.059781570055354838 -0.0011766714781808853 0.0054064467108672857 0 1.0754788649361581e-06 0.00091853281492233275 -0.045517574693740612 0.011433609027528765 -0.0033744155869570376 -0.00018735358008086682 -0.0009848528195214271 0.0058937063934326175
leaf_weight=12212 915 29025 1206 24778 3158 192562 21989 9300 958 1735 21802 7120 9393 6927
leaf_count=12212 915 29025 1206 24778 3158 192562 21989 9300 958 1735 21802 7120 9393 6927
internal_value=-0.00288423 -0.0116887 -0.0142211 -0.0175736 0.00519802 0.00069359 0.00548009 0.00953431 0.00265452 0.0081878 -0.0205135 0.00463125 -0.00465327 0.015118
internal_weight=343080 99132 86204 57179 12928 243948 51386 29397 13170 12013 46580 10278 10599 16227
internal_count=343080 99132 86204 57179 12928 243948 51386 29397 13170 12013 46580 10278 10599 16227
is_linear=0
shrinkage=0.04


Tree=4
num_leaves=15
num_cat=0
split_feature=1 2 3 3 8 2 8 3 10 8 10 3 1 3
split_gain=6233.02 2544.46 979.314 855.408 829.791 778.376 896.983 681.378 707.499 766.825 655.627 692.938 956.9 622.895
threshold=15.00773406491353 109.18034000000002 29.578951500000006 51.704191000000009 0.9999850405617442 115.90046700000001 0.18405438542437821 14.670410500000001 -29.844048162932214 0.17072257528856935 -2.2348458010396457 14.270604500000003 12.652024169152497 25.223747500000005
decision_type=2 2 2 2 2 2 2 2 2 2 2 2 2 2
left_child=4 3 7 -2 -1 -4 -7 -3 -9 13 11 12 -6 -10
right_child=1 2 5 -5 10 6 -8 8 9 -11 -12 -13 -14 -15
leaf_value=0 -4.4420061899328177e-05 -0.014782006747800971 -0.00071329011503055691 0.0089061672996126658 0.00082931720366764068 -0.00050652292184915541 -0.0025633058857085821 -0.010050610650707151 -0.00026974129714455608 -0.0015639120812690735 -1.967102273986116e-06 0.0019591201246665956 -0.047146964065701909 0.0041118099223783969
leaf_weight=193112 12929 1886 12642 2278 12033 11988 17844 2643 8824 23917 21972 16569 979 3222
leaf_count=193112 12929 1886 12642 2278 12033 11988 17844 2643 8824 23917 21972 16569 979 3222
internal_value=-0.00278931 -0.0113037 -0.0140607 0.00373775 0.000627143 -0.0183039 -0.0218289 -0.0096098 -0.00846293 -0.00699497 0.00513569 0.00902336 0.00211497 0.00123526
internal_weight=342838 98173 82966 15207 244665 42474 29832 40492 38606 35963 51553 29581 13012 12046
internal_count=342838 98173 82966 15207 244665 42474 29832 40492 38606 35963 51553 29581 13012 12046
is_linear=0
shrinkage=0.04


Tree=5
num_leaves=15
num_cat=0
split_feature=1 2 0 8 8 2 3 2 3 0 3 0 0 3
split_gain=5806.36 2440.38 1145.96 1332.62 802.176 764.276 744.687 614.032 540.373 523.777 492.29 943.329 648.718 429.788
threshold=15.00773406491353 107.61035550000001 5.2686801276580217 0.91049954646447795 0.9999850405617442 113.64054500000002 15.860369000000002 53.208694500000007 51.704191000000009 7.0188171225220897 14.369974000000001 12.746536051502558 9.0383989907434259 18.606776000000004
decision_type=2 2 2 2 2 2 2 2 2 2 2 2 2 2
left_child=4 6 -3 5 -1 -4 -2 -6 -8 -7 11 -9 -12 -5
right_child=1 2 3 13 7 9 8 10 -10 -11 12 -13 -14 -15
leaf_value=0 -0.058066686981621124 -0.0003643151104381695 -0.0007487647830986678 -0.059742201415336656 -4.736158341105825e-05 -0.0010442088124894796 0.00097316351958479498 0.00036549523420695415 0.010504225269890696 -0.0031531258669369421 0.0004409028573387838 -0.046145214029593366 0.0054836528024085089 0.00092835679885096777
leaf_weight=192969 788 31642 10185 980 12359 11420 10165 17869 1724 24306 13178 958 7068 7143
leaf_count=192969 788 31642 10185 980 12359 11420 10165 17869 1724 24306 13178 958 7068 7143
internal_value=-0.00269873 -0.0109056 -0.0133293 -0.0168694 0.000603926 -0.0195117 0.00547448 0.00504277 0.00797039 -0.0222673 0.00750083 0.00284485 0.0118305 -0.00193525
internal_weight=342754 98353 85676 54034 244401 45911 12677 51432 11889 35726 39073 18827 20246 8123
internal_count=342754 98353 85676 54034 244401 45911 12677 51432 11889 35726 39073 18827 20246 8123
is_linear=0
shrinkage=0.04


Tree=6
num_leaves=15
num_cat=0
split_feature=1 2 0 9 8 0 3 10 3 0 3 3 1 0
split_gain=5520.33 2244.69 975.784 1260.2 753.038 658.546 644.845 586.009 621.066 886.863 478.332 433.322 968.034 376.489
threshold=15.00773406491353 105.79027950000001 3.9750437738129789 0.14802957264231301 0.9999850405617442 8.7052323321989729 16.162280500000005 -2.2348458010396457 14.175967000000002 12.625530292009097 18.606776000000004 4.9032800000000014 4.3038322203067008 9.5060016965075409
decision_type=2 2 2 2 2 2 2 2 2 2 2 2 2 2
left_child=4 6 -3 10 -1 -5 -2 8 9 11 -4 12 -6 -10
right_child=1 2 3 5 7 -7 -8 -9 13 -11 -12 -13 -14 -15
leaf_value=0 -0.050288399213507404 -0.0002332383801380648 -0.054843472526203661 -0.00090987972377938348 0.0011797536942040714 -0.0030230613706553524 0.0031220778578935006 -1.1178533927957631e-06 0.00085080725506041439 -0.043985564646357882 5.5113182811748452e-05 0.0014907500294124873 -0.019426944250139019 0.0055189553161628458
leaf_weight=192891 719 21608 1213 32563 1333 22784 9720 22000 9949 924 9918 9281 1180 6832
leaf_count=192891 719 21608 1213 32563 1333 22784 9720 22000 9949 924 9918 9281 1180 6832
internal_value=-0.00264415 -0.0106373 -0.0127158 -0.015116 0.000578256 -0.0175858 0.00690104 0.00487543 0.00856029 0.00189338 -0.00283532 0.00484992 -0.0098846 0.013613
internal_weight=342915 98525 88086 66478 244390 55347 10439 51499 29499 12718 11131 11794 2513 16781
internal_count=342915 98525 88086 66478 244390 55347 10439 51499 29499 12718 11131 11794 2513 16781
is_linear=0
shrinkage=0.04


Tree=7
num_leaves=15
num_cat=0
split_feature=1 2 9 9 1 3 8 3 10 3 1 3 1 2
split_gain=5051.34 2155.42 942.796 1278.38 943.021 901.724 696.308 576.534 546.821 577.045 857.279 439.782 669.921 430.722
threshold=15.00773406491353 102.34424550000001 0.14802957264231301 0.72231128922697263 28.371616803997181 26.141298500000005 0.9999850405617442 18.440446500000004 -2.2348458010396457 14.369974000000001 13.008944721902667 4.667513500000001 4.1408051303961351 113.91981500000001
decision_type=2 2 2 2 2 2 2 2 2 2 2 2 2 2
left_child=6 -2 7 13 -5 -6 -1 -3 9 10 11 12 -8 -4
right_child=1 2 3 4 5 -7 8 -9 -10 -11 -12 -13 -14 -15
leaf_value=0 0.0035897459534920463 -0.055721430857831752 -0.0013276375667577662 -0.0002106629512902359 -0.016082311137739887 -0.00067235005278763781 0.0011581283138562004 0.00072458202965203992 -1.5203539545715852e-06 0.0017110909453079126 -0.049716405045733048 0.0012708119950080674 -0.020361069062313959 -0.0027834208756604573
leaf_weight=193076 7972 1324 8762 25200 2568 20104 692 10998 21957 16357 797 10816 900 21482
leaf_count=193076 7972 1324 8762 25200 2568 20104 692 10998 21957 16357 797 10816 900 21482
internal_value=-0.00252183 -0.0101746 -0.0119322 -0.0135542 -0.00948697 -0.0154058 0.000557166 -0.00164908 0.00468876 0.00824031 0.00202045 0.00460348 -0.0150251 -0.0199921
internal_weight=343005 98410 90438 78116 47872 22672 244595 12322 51519 29562 13205 12408 1592 30244
internal_count=343005 98410 90438 78116 47872 22672 244595 12322 51519 29562 13205 12408 1592 30244
is_linear=0
shrinkage=0.04


Tree=8
num_leaves=15
num_cat=0
split_feature=1 2 9 0 2 0 1 9 0 10 1 9 1 2
split_gain=4574.23 1914.89 887.032 1630.16 845.577 669.851 546.999 483.9 463.443 410.463 369.889 363.57 354.697 618.476
threshold=14.890621908456758 102.34424550000001 0.14802957264231301 6.4975203931958534 114.22906150000001 10.510107381652917 9.4933364597536105 0.2214523869553173 6.4347153512787623 -13.408458487491774 29.680529971172849 0.43536971392058232 4.751179874648563 67.467560000000006
decision_type=2 2 2 2 2 2 2 2 2 2 2 2 2 2
left_child=5 -2 -3 10 11 6 8 -8 12 -7 -4 -5 -1 -14
right_child=1 2 3 4 -6 9 7 -9 -10 -11 -12 -13 13 -15
leaf_value=0 0.0031273581460139884 -0.0010219761203802036 -0.00026781092300377893 -0.0032489538741623178 -0.0025719143344560547 -0.00016932984814047814 0.0008754436671733856 -0.00066768608987331389 0.0014090897142887116 0.003599991710237554 -0.00068840426283686034 -0.0002978339703354421 0.0022848988343302022 -0.00063357800245285041
leaf_weight=191418 8157 12505 29170 3944 25258 4559 4548 11033 9871 8294 12584 7588 2064 11694
leaf_count=191418 8157 12505 29170 3944 25258 4559 4548 11033 9871 8294 12584 7588 2064 11694
internal_value=-0.0024853 -0.00972522 -0.0113886 -0.0129639 -0.019103 0.000464595 -3.06988e-05 -0.00726783 0.00049366 0.0093519 -0.00755473 -0.0101283 8.63649e-05 -0.00611717
internal_weight=342687 99206 91049 78544 36790 243481 230628 15581 215047 12853 41754 11532 205176 13758
internal_count=342687 99206 91049 78544 36790 243481 230628 15581 215047 12853 41754 11532 205176 13758
is_linear=0
shrinkage=0.04


Tree=9
num_leaves=15
num_cat=0
split_feature=1 2 0 9 0 8 3 2 3 9 3 1 3 0
split_gain=4399.54 1853.63 856.958 1231.72 615.911 614.999 586.064 489.914 469.238 424.908 551.727 606.302 359.039 774.637
threshold=14.890621908456758 102.34424550000001 3.9394746920659354 0.14802957264231301 8.9490257494695644 0.9999850405617442 43.993362000000012 53.208694500000007 15.668368500000001 0.0024141399299112969 18.440446500000004 17.702992586253664 14.175967000000002 12.625530292009097
decision_type=2 2 2 2 2 2 2 2 2 2 2 2 2 2
left_child=5 8 -3 6 -5 -1 9 -7 -2 10 -4 -12 13 -9
right_child=1 2 3 4 -6 7 -8 12 -10 -11 11 -13 -14 -15
leaf_value=0 -0.056908350868114833 -0.00018435073966045767 -0.059551555194177493 -0.00079311810405447824 -0.0028311696185803459 -4.2223188372491879e-05 0.0045700264334493333 0.00031241067573970649 0.0037562931171566706 -0.0059750921214470655 0.058126766141030017 -0.00026589183565693051 0.00087569608506310914 -0.038860224837706715
leaf_weight=192443 424 21594 988 34260 22712 12392 2740 17409 7771 4598 896 3221 20611 868
leaf_count=192443 424 21594 988 34260 22712 12392 2740 17409 7771 4598 896 3221 20611 868
internal_value=-0.00240704 -0.00950849 -0.0111492 -0.0133141 -0.0158043 0.0004835 -0.00191272 0.00437598 0.00871263 -0.00652582 0.00141822 0.00786009 0.00658301 0.0025015
internal_weight=342927 99204 91009 69415 56972 243723 12443 51280 8195 9703 5105 4117 38888 18277
internal_count=342927 99204 91009 69415 56972 243723 12443 51280 8195 9703 5105 4117 38888 18277
is_linear=0
shrinkage=0.04


Tree=10
num_leaves=15
num_cat=0
split_feature=1 2 0 9 0 0 2 1 0 0 8 10 10 2
split_gain=4042.6 1687.14 1176.27 1029.1 702.477 610.317 541.785 490.033 490.44 462.775 423.904 355.661 344.682 323.98
threshold=14.890621908456758 110.28731500000002 5.2686801276580217 0.0024141399299112969 15.852550846558197 10.510107381652917 116.81532650000001 9.3544614216504929 6.8160646864612859 7.0947580315937007 0.77322486464719298 -13.408458487491774 -25.150613661564499 96.401027500000012
decision_type=2 2 2 2 2 2 2 2 2 2 2 2 2 2
left_child=5 4 -3 -4 13 7 -5 8 -1 -8 -9 -7 -11 -2
right_child=1 2 3 6 -6 11 9 10 -10 12 -12 -13 -14 -15
leaf_value=0 0.0039423443013340675 -0.00028043492937449683 0.0033257308042032134 -0.00087182529038484975 0.0035438788222274535 -2.7544352598488329e-05 -0.00087734288393304365 -0.00060845395624637604 0.0014128414442728077 -0.0038688084039603266 0.00069900906014700316 0.0034640783241541347 -0.0024263116641256364 -0.00074312520411924264
leaf_weight=205900 2396 30929 3551 14821 8603 4552 10215 11237 8392 10114 5254 8328 11200 7474
leaf_count=205900 2396 30929 3551 14821 8603 4552 10215 11237 8392 10114 5254 8328 11200 7474
internal_value=-0.00230845 -0.0091111 -0.0116036 -0.0154025 0.00179505 0.000463919 -0.0169924 -9.0128e-06 0.000502305 -0.0199575 -0.00665333 0.00893789 -0.0233124 -0.00548734
internal_weight=342966 99303 80830 49901 18473 243663 46350 230783 214292 31529 16491 12880 21314 9870
internal_count=342966 99303 80830 49901 18473 243663 46350 230783 214292 31529 16491 12880 21314 9870
is_linear=0
shrinkage=0.04


Tree=11
num_leaves=15
num_cat=0
split_feature=1 2 0 8 3 0 3 1 1 9 2 2 3 3
split_gain=3742.23 1612.74 1097.73 972.349 715.342 561.205 879.666 914.095 569.095 557.786 533.937 490.09 401.045 393.09
threshold=14.890621908456758 110.28731500000002 5.2686801276580217 0.99616426479917164 51.159682000000011 7.7080847520810547 14.081276500000001 12.887862828090606 9.4933364597536105 0.2214523869553173 113.91981500000001 97.638309500000005 9.6007285000000007 14.270604500000003
decision_type=2 2 2 2 2 2 2 2 2 2 2 2 2 2
left_child=5 4 13 10 11 8 7 12 -1 -8 -4 -2 -7 -3
right_child=1 2 3 -5 -6 6 9 -9 -10 -11 -12 -13 -14 -15
leaf_value=0 0.0025926898717860769 -0.0060178402361598087 -0.0005558238588569504 0.0029609711211041477 0.0055539675672899858 -0.030971153136692804 0.0024230189129019887 -0.040817415711902082 -0.00049384452623128891 -0.0014802789337635043 -0.0019497156199085549 -0.0007484676495150773 0.003165364869899232 -0.0002231644615616862
leaf_weight=209416 5223 1022 8701 3667 3159 735 18278 1333 8945 2002 37402 9912 3028 29780
leaf_count=209416 5223 1022 8701 3667 3159 735 18278 1333 8945 2002 37402 9912 3028 29780
internal_value=-0.00221154 -0.00877551 -0.0112098 -0.0148829 0.00194599 0.000450978 0.00608134 -0.00877551 -0.000203333 0.0098146 -0.0164597 -0.00166766 0.00130747 -0.00527498
internal_weight=342603 98866 80572 49770 18294 243737 25376 5096 218361 20280 46103 15135 3763 30802
internal_count=342603 98866 80572 49770 18294 243737 25376 5096 218361 20280 46103 15135 3763 30802
is_linear=0
shrinkage=0.04


Tree=12
num_leaves=15
num_cat=0
split_feature=1 2 9 9 10 3 3 9 10 3 10 3 3 9
split_gain=3471.2 1485.72 663.743 1034.31 674.389 968.194 613.491 522.462 453.276 487.281 674.934 438.229 403.621 472.337
threshold=14.78101522046266 101.42388950000002 0.14802957264231301 0.76079940870547913 -29.148042734983029 26.141298500000005 16.271464000000005 1.3476125809930297e-05 -2.2348458010396457 4.667513500000001 -4.1536918905370195 15.668368500000001 44.517084000000004 0.0024141399299112969
decision_type=2 2 2 2 2 2 2 2 2 2 2 2 2 2
left_child=7 11 6 -4 5 -5 -3 8 9 10 -1 -2 13 -8
right_child=1 2 3 4 -6 -7 12 -9 -10 -11 -12 -13 -14 -15
leaf_value=-0.020340063457758559 -0.054768919700970933 -0.066309158615006192 -0.0016993335603695968 -0.016198955621965848 -0.00012144751725425378 -0.00046897604776489758 0.0029607377801508699 0 -6.5693514572903652e-06 0.0012287406924493299 0.0011246702070049272 0.0034292971376946348 0.0042888868962702208 -0.0049190010434180973
leaf_weight=876 433 666 36489 2013 23308 17262 4864 192442 21667 27309 714 7361 2854 4473
leaf_count=876 433 666 36489 2013 23308 17262 4864 192442 21667 27309 714 7361 2854 4473
internal_value=-0.00213894 -0.00842293 -0.00984455 -0.0112151 -0.00698025 -0.0125157 -0.00141557 0.000439821 0.00405806 0.00733728 -0.0141887 0.00834488 0.000626692 -0.00339724
internal_weight=342731 99723 91929 79072 42583 19275 12857 243008 50566 28899 1590 7794 12191 9337
internal_count=342731 99723 91929 79072 42583 19275 12857 243008 50566 28899 1590 7794 12191 9337
is_linear=0
shrinkage=0.04


Tree=13
num_leaves=15
num_cat=0
split_feature=1 2 0 8 0 0 0 1 0 8 2 2 1 2
split_gain=3128.55 1475.23 1055.92 762.928 740.574 482.334 457.658 416.035 425.378 410.908 377.107 335.843 292.325 677.421
threshold=14.009119171161297 110.28731500000002 4.7772139708731052 0.99616426479917164 10.510107381652917 15.852550846558197 9.7981417793182874 9.3544614216504929 6.8160646864612859 0.77322486464719298 96.401027500000012 129.43003050000002 4.751179874648563 68.541938500000015
decision_type=2 2 2 2 2 2 2 2 2 2 2 2 2 2
left_child=4 5 -3 6 7 10 -4 8 12 -9 -2 -11 -1 -14
right_child=1 2 3 -5 -6 -7 -8 9 -10 11 -12 -13 13 -15
leaf_value=0 0.0037335390461829226 -0.00019317538263562657 -0.0007864040688142221 0.002119145104886901 0.0030059795635745236 0.0031239549302929941 -0.0033037187068312192 -0.00064933402601003657 0.0012895852976842913 0.0015318602424196309 -0.00061445565476071968 -0.0023232329074427726 0.0020672258644357463 -0.00064753870666027068
leaf_weight=191344 3322 28109 29701 3910 10168 8591 21817 8597 8285 4549 9017 703 2554 11922
leaf_count=191344 3322 28109 29701 3910 10168 8591 21817 8597 8285 4549 9017 703 2554 11922
internal_value=-0.00203965 -0.0078107 -0.01019 -0.0133925 0.000492185 0.00168562 -0.0146854 2.10569e-05 0.000455664 -0.00669796 -0.00338115 0.00211729 9.79497e-05 -0.0053827
internal_weight=342589 104467 83537 55428 238122 20930 51518 227954 214105 13849 12339 5252 205820 14476
internal_count=342589 104467 83537 55428 238122 20930 51518 227954 214105 13849 12339 5252 205820 14476
is_linear=0
shrinkage=0.04


Tree=14
num_leaves=15
num_cat=0
split_feature=1 2 3 0 8 0 8 10 3 0 3 8 0 3
split_gain=2895.49 1226.3 702.816 730.438 904.839 748.532 476.999 441.21 470.449 959.484 402.725 403.73 411.141 561.961
threshold=14.890621908456758 101.42388950000002 15.076408000000002 3.1094115580963861 0.85297831194936091 10.093952985713479 0.9999850405617442 -2.2348458010396457 4.9032800000000014 4.3740559602184037 44.517084000000004 0.99769928580022693 17.785545397494101 20.894929500000003
decision_type=2 2 2 2 2 2 2 2 2 2 2 2 2 2
left_child=6 -2 -3 -4 5 -5 -1 8 9 -8 11 -6 -13 -14
right_child=1 2 3 4 10 -7 7 -9 -10 -11 -12 12 13 -15
leaf_value=0 0.00262829671019826 -0.016172557864374472 3.070928183118186e-05 -0.00052812633506916032 -0.0047624905431421288 -0.002812267009074144 0.00097019872862584653 -8.9601013748143681e-06 0.0012319383888498086 -0.019855730607241818 0.0041846640757395286 0.017656755220270399 -0.06833061464784565 0.0024036274128619501
leaf_weight=192452 7595 2819 12316 46073 4476 18229 1438 21969 26841 1115 2855 1395 725 2827
leaf_count=192452 7595 2819 12316 46073 4476 18229 1438 21969 26841 1115 2855 1395 725 2827
internal_value=-0.00192035 -0.00767778 -0.00895688 -0.00833333 -0.00978741 -0.0116874 0.000424748 0.00384946 0.0070545 -0.0093537 0.000162893 -0.00382468 0.00405094 -0.00317568
internal_weight=343125 99310 91715 88896 76580 64302 243815 51363 29394 2553 12278 9423 4947 3552
internal_count=343125 99310 91715 88896 76580 64302 243815 51363 29394 2553 12278 9423 4947 3552
is_linear=0
shrinkage=0.04


Tree=15
num_leaves=15
num_cat=0
split_feature=1 2 0 2 8 0 3 0 3 1 9 1 3 3
split_gain=2700.18 1168.92 709.547 723.495 624.899 746.289 501.885 449.99 781.467 843.758 503.666 498.556 389.554 352.753
threshold=14.890621908456758 105.06044800000002 3.9750437738129789 113.64054500000002 0.99616426479917164 7.0188171225220897 15.668368500000001 7.7080847520810547 14.081276500000001 12.652024169152497 0.2214523869553173 9.4933364597536105 9.6007285000000007 18.606776000000004
decision_type=2 2 2 2 2 2 2 2 2 2 2 2 2 2
left_child=7 6 -3 13 5 -5 -2 11 9 12 -10 -1 -9 -4
right_child=1 2 3 4 -6 -7 -8 8 10 -11 -12 -13 -14 -15
leaf_value=0 -0.051386724195744166 -0.00011560531806239608 -0.030699885740926493 -0.00054251493637939711 0.0020372655811490858 -0.0023843783600700419 0.0024091952414627554 -0.030444393333746475 0.0022323333437177938 -0.033575633041146399 -0.0014689902423083306 -0.00045633444321746829 0.003877785120036789 -0.00018723697314030932
leaf_weight=209572 631 21896 1184 20745 2706 26930 9434 711 18167 1559 2048 8957 2818 15705
leaf_count=209572 631 21896 1184 20745 2706 26930 9434 711 18167 1559 2048 8957 2818 15705
internal_value=-0.00191836 -0.00748113 -0.00893973 -0.0109755 -0.0133773 -0.0144386 0.00544064 0.000345484 0.00539541 -0.00861635 0.00892209 -0.000239236 0.00221026 -0.00381076
internal_weight=343063 99231 89166 67270 50381 47675 10065 243832 25303 5088 20215 218529 3529 16889
internal_count=343063 99231 89166 67270 50381 47675 10065 243832 25303 5088 20215 218529 3529 16889
is_linear=0
shrinkage=0.04


Tree=16
num_leaves=15
num_cat=0
split_feature=1 2 0 3 9 0 0 3 1 1 8 3 9 1
split_gain=2425.88 1108.79 624.324 778.605 888.377 561.918 439.876 739.433 775.748 467.609 391.232 376.121 375.652 437.087
threshold=14.78101522046266 101.42388950000002 3.9750437738129789 15.374875500000002 0.14802957264231301 10.093952985713479 7.7080847520810547 14.081276500000001 13.008944721902667 9.4933364597536105 0.99999995294695732 44.517084000000004 0.0024141399299112969 17.577169465529888
decision_type=2 2 2 2 2 2 2 2 2 2 2 2 2 2
left_child=6 -2 -3 -4 11 -6 9 8 -8 -1 -9 12 13 -5
right_child=1 2 3 4 5 -7 7 10 -10 -11 -12 -13 -14 -15
leaf_value=0 0.0024151833637739706 -0.00010693433857093975 -0.039684214414846174 0.020503210830135964 -0.00054622350108977859 -0.0026219648112764228 0.00022725266045764804 0.00075140529955070674 -0.038331043473835744 -0.00044371102523268048 0.0041399026002820393 0.0039878536856668544 -0.0043821416296267448 -0.0034684842260469528
leaf_weight=209685 7812 22015 1787 1302 37694 18173 3873 11854 1193 8678 7947 2854 4531 3623
leaf_count=209685 7812 22015 1787 1302 37694 18173 3873 11854 1193 8678 7947 2854 4531 3623
internal_value=-0.00180187 -0.00705354 -0.00828233 -0.0101309 -0.00944776 -0.0115911 0.000352753 0.00539349 -0.00824319 -0.000221283 0.00888238 0.000279448 -0.00356176 0.00408528
internal_weight=343021 99791 91979 69964 68177 55867 243230 24867 5066 218363 19801 12310 9456 4925
internal_count=343021 99791 91979 69964 68177 55867 243230 24867 5066 218363 19801 12310 9456 4925
is_linear=0
shrinkage=0.04


Tree=17
num_leaves=15
num_cat=0
split_feature=1 2 3 1 3 8 0 2 0 8 2 9 9 3
split_gain=2281.69 1026.22 585.325 611.222 1041.48 475.222 432.612 496.306 673.107 382.608 374.757 336.764 318.414 394.933
threshold=15.00773406491353 101.42388950000002 14.369974000000001 28.371616803997181 25.855071000000006 0.17072257528856935 3.7130898617742791 116.22529250000001 7.1713202843632509 0.9999850405617442 53.461387500000008 0.00013022879270097046 0.0024141399299112969 19.412503500000003
decision_type=2 2 2 2 2 2 2 2 2 2 2 2 2 2
left_child=9 -2 -3 5 -5 -4 -6 -8 -9 11 -11 -1 13 -7
right_child=1 2 3 4 6 12 7 8 -10 10 -12 -13 -14 -15
leaf_value=-0.00037907663732767105 0.0025395601701908577 -0.017867378456812019 6.4712043058769779e-05 -0.016113448949995519 0.00017146642843336783 -0.033072678977266429 -0.00035097607905625896 -0.00039180070564420315 -0.0027411253105966227 -3.9507442848627804e-05 0.00045969784092953278 0 -0.00072739391553145762 0.0043355528262933353
leaf_weight=5105 7384 1882 13472 2459 3463 1169 9576 8958 7434 13302 38118 187960 38879 3542
leaf_count=5105 7384 1882 13472 2459 3463 1169 9576 8958 7434 13302 38118 187960 38879 3542
internal_value=-0.00174787 -0.00689731 -0.00806306 -0.00759601 -0.0120314 -0.00511724 -0.0099419 -0.0117129 -0.0159395 0.000320838 0.00338701 -0.000495792 -0.00714659 0.00267459
internal_weight=342703 98218 90834 88952 31890 57062 29431 25968 16392 244485 51420 193065 43590 4711
internal_count=342703 98218 90834 88952 31890 57062 29431 25968 16392 244485 51420 193065 43590 4711
is_linear=0
shrinkage=0.04


Tree=18
num_leaves=15
num_cat=0
split_feature=1 2 0 8 0 0 8 1 2 10 2 1 2 1
split_gain=2060.48 933.759 600.694 555.548 635.951 384.204 459.393 440.206 767.642 380.791 306.338 287.775 268.585 236.077
threshold=14.890621908456758 102.34424550000001 3.1541034613267089 0.85297831194936091 10.093952985713479 7.7080847520810547 0.77949040835922234 4.751179874648563 68.541938500000015 -5.6335317931054414 149.72863750000002 16.452959481661207 76.843952000000016 25.577449766949275
decision_type=2 2 2 2 2 2 2 2 2 2 2 2 2 2
left_child=5 -2 11 4 -4 7 -7 -1 -9 -10 -5 -3 -8 -6
right_child=1 2 3 10 13 6 12 8 9 -11 -12 -13 -14 -15
leaf_value=0 0.0022306737095474797 0.0010770395091334217 -0.00047953857645083558 -7.280035970193166e-05 -0.0018533722679858389 -0.0017983619821940284 0.0020840147517432002 0.0018988285748006485 -0.00026586712667143022 -0.0019099914807081224 -0.0051403828605271753 -8.7880828299799577e-05 0.0012820595167791966 -0.0032413337306439016
leaf_weight=191689 8118 1396 46452 12011 8975 2417 4306 3270 19081 4670 399 12524 18535 9370
leaf_count=191689 8118 1396 46452 12011 8975 2417 4306 3270 19081 4670 399 12524 18535 9370
internal_value=-0.00166555 -0.00652486 -0.0076829 -0.00906187 -0.0105468 0.000311188 0.00498218 -0.000228247 -0.00500796 -0.00750958 -0.00130862 -3.44828e-05 0.00673701 -0.0168525
internal_weight=343213 99245 91127 77207 64797 243968 25258 218710 27021 23751 12410 13920 22841 18345
internal_count=343213 99245 91127 77207 64797 243968 25258 218710 27021 23751 12410 13920 22841 18345
is_linear=0
shrinkage=0.04


Tree=19
num_leaves=15
num_cat=0
split_feature=1 3 0 2 0 8 9 2 8 10 3 1 8 10
split_gain=2038.26 1569.22 689.057 867.182 922.468 597.655 716.369 857.719 456.811 428.051 398.23 877.806 383.868 360.985
threshold=25.577449766949275 24.342867000000002 3.7130898617742791 116.22529250000001 7.0947580315937007 0.9999850405617442 0.83192148247557651 110.28731500000002 0.9998701749499167 -30.822130364396056 14.175967000000002 13.008944721902667 0.99616426479917164 -3.9158616734360359
decision_type=2 2 2 2 2 2 2 2 2 2 2 2 2 2
left_child=5 -2 9 -4 -5 6 7 8 -1 -3 11 -7 -9 -12
right_child=1 2 3 4 -6 10 -8 12 -10 -11 13 -13 -14 -15
leaf_value=0.0001018174085766077 -0.015686826204809101 -0.00022160972800952593 -0.0001532874128687274 -0.00032316244547844373 -0.0027376969742374238 3.6019755531077353e-05 0 -0.00072938017296114959 -0.00043480376005172733 0.0020525609610379508 0.0021232146257165736 -0.058596058155049098 0.0019409992728249758 3.1546508431409562e-05
leaf_weight=34847 3633 2929 14353 10900 10272 25857 159368 40024 5278 2396 18546 945 1667 11923
leaf_count=34847 3633 2929 14353 10900 10272 25857 159368 40024 5278 2396 18546 945 1667 11923
internal_value=-0.00157906 -0.0095668 -0.00732632 -0.00933765 -0.0144833 -0.000388534 -0.00126078 -0.00430331 -0.000128598 0.00609202 0.00328473 -0.000271622 -0.00832122 0.00641308
internal_weight=342938 44483 40850 35525 21172 298455 241184 81816 40125 5325 57271 26802 41691 30469
internal_count=342938 44483 40850 35525 21172 298455 241184 81816 40125 5325 57271 26802 41691 30469
is_linear=0
shrinkage=0.04


Tree=20
num_leaves=15
num_cat=0
split_feature=1 3 0 2 0 2 9 9 0 1 3 0 3 2
split_gain=1887.35 1401.26 615.606 772.824 832.688 549.475 852.057 752.461 443.574 381.145 380.476 378.876 832.957 466.792
threshold=25.746340576249995 23.980261500000001 3.7130898617742791 116.52036650000001 6.8872590024825753 107.07347100000001 0.78094231845449791 0.0024141399299112969 5.8252592437625301 30.998389769160148 33.09128900000001 4.3740559602184037 4.9784045000000008 70.256523500000014
decision_type=2 2 2 2 2 2 2 2 2 2 2 2 2 2
left_child=5 -2 9 -4 -5 8 7 -7 11 -3 -11 -1 -13 -14
right_child=1 2 3 4 -6 6 -8 -9 -10 10 -12 12 13 -15
leaf_value=0 -0.01621334709414804 0.0018877120501782745 -0.00019555779404178755 -0.00033053659043611627 -0.0026320696796680401 0.0014022183689474021 0 -0.00077048729200517529 0.00095920620835678093 -0.0035133103851696114 0.00024414646847099549 -0.019777488707215768 0.0018097583737937382 -0.00046645644879922751
leaf_weight=106592 3048 2421 14698 10512 10210 7464 100095 40968 34333 1091 1868 1423 2446 5827
leaf_count=106592 3048 2421 14698 10512 10210 7464 100095 40968 34333 1091 1868 1423 2446 5827
internal_value=-0.00154742 -0.00929757 -0.00734314 -0.00925805 -0.0142341 -0.000411435 -0.00213779 -0.00649323 0.00129092 0.00526394 -0.00436634 0.000111447 -0.00745875 -0.0025964
internal_weight=342996 43848 40800 35420 20722 299148 148527 48432 150621 5380 2959 116288 9696 8273
internal_count=342996 43848 40800 35420 20722 299148 148527 48432 150621 5380 2959 116288 9696 8273
is_linear=0
shrinkage=0.04


Tree=21
num_leaves=15
num_cat=0
split_feature=1 3 0 8 8 8 3 1 0 9 1 3 3 3
split_gain=1695.64 1309.66 564.88 506.568 639.307 362.165 358.27 1239.11 336.821 512.117 463.171 509.598 343.137 387.072
threshold=25.746340576249995 23.794443500000003 1.9746052772189333 0.99998654492179417 0.20261422639694684 0.766150349248235 15.175925500000002 13.361561922214017 6.8872590024825753 0.20517901725635643 29.680529971172849 27.076476500000002 30.239890500000005 25.402818500000006
decision_type=2 2 2 2 2 2 2 2 2 2 2 2 2 2
left_child=3 -2 -3 4 -1 -6 7 -5 10 -10 12 -12 13 -4
right_child=1 2 8 6 5 -7 -8 -9 9 -11 11 -13 -14 -15
leaf_value=0 -0.01606197577226821 0.0025570409955402041 -0.0011032862024959404 6.2843895315950888e-05 -0.00047323856611545363 -0.00011585926115512848 0.00049452966964643385 -0.051407836359609042 0.00057150075647590813 -0.0013175012933737908 -0.011480117607410401 -0.00023382308435009391 -0.00019526059836939025 0.010481686351434464
leaf_weight=163390 2857 1106 729 28750 40410 38755 26612 1280 4618 17906 909 11410 2404 1832
leaf_count=163390 2857 1106 729 28750 40410 38755 26612 1280 4618 17906 909 11410 2404 1832
internal_value=-0.00147897 -0.00883233 -0.00700396 -0.000403213 -0.00119857 -0.0041488 0.00300272 7.99201e-06 -0.00778738 -0.0110105 -0.00358713 -0.00774414 0.00672709 0.0169153
internal_weight=342968 43771 40914 299197 242555 79165 56642 30030 39808 22524 17284 12319 4965 2561
internal_count=342968 43771 40914 299197 242555 79165 56642 30030 39808 22524 17284 12319 4965 2561
is_linear=0
shrinkage=0.04


Tree=22
num_leaves=15
num_cat=0
split_feature=1 3 0 2 8 8 2 0 1 3 0 3 3 10
split_gain=1639.1 1184.74 559.008 500.691 746.963 676.053 461.054 1035.3 440.748 466.354 434.649 409.164 376.75 614.015
threshold=25.746340576249995 24.342867000000002 1.9746052772189333 107.07347100000001 0.21949929227005041 0.99769928580022693 113.91981500000001 6.9482673354728623 29.410478756683379 26.916156500000003 6.4347153512787623 28.770002000000002 13.684718000000002 -12.354463039782035
decision_type=2 2 2 2 2 2 2 2 2 2 2 2 2 2
left_child=3 -2 -3 10 -5 -6 -4 8 11 -10 -1 -8 13 -12
right_child=1 2 6 4 5 -7 7 -9 9 -11 12 -13 -14 -15
leaf_value=0 -0.014010239822912487 0.002713365822275222 -6.8294299688331572e-05 0 -0.00072927399603348888 0.0013547587698451592 0.0083875192450114482 -0.0020385588765104842 -0.0097231454254568476 -0.0001999144749534973 -0.037049812843866388 -0.00031167835567261963 0.0012749474858882014 0.00093167670561368737
leaf_weight=118769 3405 1049 11611 99969 40938 7450 2029 12723 837 11046 907 1248 28411 2568
leaf_count=118769 3405 1049 11611 99969 40938 7450 2029 12723 837 11046 907 1248 28411 2568
internal_value=-0.00143177 -0.00864476 -0.00674148 -0.000371624 -0.00202107 -0.00610069 -0.00750696 -0.0102959 -0.00323483 -0.00681646 0.00125266 0.00975282 0.00539923 -0.00703309
internal_weight=342960 43948 40543 299012 148357 48388 39494 27883 15160 11883 150655 3277 31886 3475
internal_count=342960 43948 40543 299012 148357 48388 39494 27883 15160 11883 150655 3277 31886 3475
is_linear=0
shrinkage=0.04


Tree=23
num_leaves=15
num_cat=0
split_feature=10 3 2 9 9 0 0 2 9 3 10 0 3 2
split_gain=1498.93 1168.94 503.718 884.944 681.488 405.527 376.749 567.815 472.622 365.039 570.897 363.107 803.251 409.778
threshold=-27.065419573911232 25.223747500000005 107.07347100000001 0.78094231845449791 0.0024141399299112969 5.8252592437625301 3.7130898617742791 112.75055300000001 0.76310867707397234 13.684718000000002 -12.354463039782035 4.3740559602184037 5.0643965000000009 70.256523500000014
decision_type=2 2 2 2 2 2 2 2 2 2 2 2 2 2
left_child=1 -1 5 4 -4 11 -3 -8 -9 10 -7 -2 -13 -14
right_child=2 6 3 -5 -6 9 7 8 -10 -11 -12 12 13 -15
leaf_value=-0.013634935965335051 0 0.00026739233777855163 0.0013003866783523309 0 -0.00074893420093927578 -0.035391109247653235 8.3640531788843693e-05 -0.0025130587952111073 -0.0003402850788657997 0.0011060156415314104 0.00081146574576110905 -0.01784741526259264 0.0016950685519717002 -0.00041378872652090171
leaf_weight=3033 106885 3986 7581 101948 43944 926 8278 8894 14384 30742 2790 1588 2408 5691
leaf_count=3033 106885 3986 7581 101948 43944 926 8278 8894 14384 30742 2790 1588 2408 5691
internal_value=-0.00137625 -0.00880467 -0.000435201 -0.00204909 -0.00632159 0.00120479 -0.00677058 -0.00823425 -0.011434 0.00501712 -0.00682454 7.78918e-05 -0.00733767 -0.00223731
internal_weight=343078 38575 304503 153473 51525 151030 35542 31556 23278 34458 3716 116572 9687 8099
internal_count=343078 38575 304503 153473 51525 151030 35542 31556 23278 34458 3716 116572 9687 8099
is_linear=0
shrinkage=0.04


Tree=24
num_leaves=15
num_cat=0
split_feature=1 3 2 0 9 1 3 1 2 3 1 3 0 1
split_gain=1444.22 856.381 487.345 736.462 583.388 554.644 535.253 588.193 413.284 328.768 570.159 568.792 566.632 394.916
threshold=28.371616803997181 26.141298500000005 101.42388950000002 3.3452460012495346 0.0024141399299112969 18.886667291271703 23.794443500000003 24.864517644579234 171.68569950000003 14.867712000000003 17.444480912858786 20.574674500000004 13.350549336156176 21.340205235633995
decision_type=2 2 2 2 2 2 2 2 2 2 2 2 2 2
left_child=2 -2 5 -4 9 -1 7 -6 -8 12 -11 -12 -5 -13
right_child=1 -3 3 4 6 -7 8 -9 -10 10 11 13 -14 -15
leaf_value=0 -0.012881959699498059 -0.00049086300545455306 0 0.00089788881628068693 -0.0012437361672942963 0.0044078822210318119 -0.00031603549018740048 -0.015772624896678963 0.00058841577105795686 0.015684501567808946 -0.060355606797739485 0.011249845300716156 -0.054972543535639941 -0.0086582025415918636
leaf_weight=142530 2637 31073 100507 1924 22623 2051 29339 1687 1225 3403 758 1250 704 1466
leaf_count=142530 2637 31073 100507 1924 22623 2051 29339 1687 1225 3403 758 1250 704 1466
internal_value=-0.001303 -0.00916523 -0.000446574 -0.00193297 -0.00527315 0.00124857 -0.00685789 -0.0112875 -0.00333464 0.00387585 0.00847463 -0.00292458 -0.0081583 0.00562592
internal_weight=343177 33710 309467 164886 64379 144581 54874 24310 30564 9505 6877 3474 2628 2716
internal_count=343177 33710 309467 164886 64379 144581 54874 24310 30564 9505 6877 3474 2628 2716
is_linear=0
shrinkage=0.04


Tree=25
num_leaves=15
num_cat=0
split_feature=1 3 2 9 8 10 0 2 2 0 1 3 9 2
split_gain=1246.28 781.26 465.997 738.99 807.491 514.763 416.234 352.167 338.685 688.859 473.177 281.517 398.707 377.025
threshold=28.371616803997181 25.697482000000004 101.42388950000002 0.64599406142720062 0.85847009517480422 -18.751133734058488 1.2854388083444717 170.89540100000002 121.83767300000001 6.9482673354728623 30.998389769160148 40.502760500000001 0.0024141399299112969 111.92917250000001
decision_type=2 2 2 2 2 2 2 2 2 2 2 2 2 2
left_child=2 6 5 4 7 -1 -2 -4 -3 10 -10 12 -6 -14
right_child=1 8 3 -5 11 -7 -8 -9 9 -11 -12 -13 13 -15
leaf_value=0.0042307755000238556 0.00047950335935521339 -0.00023706288617929589 -0.0013732426447426035 0 0.0012363842715776327 0 -0.016426105031128704 0.00023483201474532687 0.0016495997574861728 -0.0025848740014675054 -0.00046419882133983043 0.0040277859012174304 0.0010863074063746949 -0.0039508545901712966
leaf_weight=2118 400 19649 25886 119206 9714 142154 1978 2034 1330 4959 5535 1425 2491 3962
leaf_count=2118 400 19649 25886 119206 9714 142154 1978 2034 1330 4959 5535 1425 2491 3962
internal_value=-0.00122039 -0.00850669 -0.00042215 -0.00187593 -0.00621199 0.00123766 -0.030614 -0.0104413 -0.00683634 -0.0121854 -0.00397961 0.000500227 -0.00100204 -0.00870913
internal_weight=342841 33851 308990 164718 45512 144272 2378 27920 31473 11824 6865 17592 16167 6453
internal_count=342841 33851 308990 164718 45512 144272 2378 27920 31473 11824 6865 17592 16167 6453
is_linear=0
shrinkage=0.04


Tree=26
num_leaves=15
num_cat=0
split_feature=1 3 8 9 0 3 10 10 0 10 3 9 8 8
split_gain=1242.43 801.013 431.749 603.369 406.869 304.497 1219.92 355.992 284.728 280.115 331.682 259.616 460.132 249.206
threshold=28.18060428473661 25.697482000000004 0.9999850405617442 0.80889307745971584 1.2854388083444717 15.571966000000002 -13.61286604217281 -2.0905461208731286 3.7130898617742791 -31.917324916511493 33.09128900000001 0.20517901725635643 0.30639990182582449 0.85847009517480422
decision_type=2 2 2 2 2 2 2 2 2 2 2 2 2 2
left_child=2 4 3 13 -2 6 -4 -7 9 10 -3 -10 -13 -1
right_child=1 8 5 -5 -6 7 -8 -9 11 -11 -12 12 -14 -15
leaf_value=-0.00040559080348835153 0.00043313860426890782 -0.0042236665555691602 -0.04723298201574571 0 -0.015457352748341525 0.0013011549035582724 6.8399593264294414e-05 -4.8059616664961406e-05 0.0013647516297781224 0.0022248571180126264 0.00025039811534758948 -0.00031580793703104708 -0.0034244741947573897 -8.1126998631826208e-05
leaf_weight=54483 411 774 1336 165264 2104 19265 30431 6494 3597 952 1833 18587 6295 31417
leaf_count=54483 411 774 1336 165264 2104 19265 30431 6494 3597 952 1833 18587 6295 31417
internal_value=-0.00114543 -0.00833849 -0.000340277 -0.0010562 -0.0300755 0.00278552 0.000164951 0.00601731 -0.00663212 0.00403484 -0.00274645 -0.00796517 -0.00941725 -0.00377555
internal_weight=343243 34553 308690 251164 2515 57526 31767 25759 32038 3559 2607 28479 24882 85900
internal_count=343243 34553 308690 251164 2515 57526 31767 25759 32038 3559 2607 28479 24882 85900
is_linear=0
shrinkage=0.04


Tree=27
num_leaves=15
num_cat=0
split_feature=10 3 2 8 8 0 3 10 2 0 0 3 2 2
split_gain=1148.89 698.711 425.777 896.36 682.194 389.364 429.06 540.073 377.66 555.674 370.892 793.583 404.478 297.437
threshold=-29.148042734983029 26.598211000000003 108.44549950000001 0.35487414532841582 0.99616426479917164 5.8252592437625301 13.591346500000002 -12.172386070020524 121.83767300000001 7.249598886885928 4.3740559602184037 5.0643965000000009 70.256523500000014 171.68569950000003
decision_type=2 2 2 2 2 2 2 2 2 2 2 2 2 2
left_child=1 -1 5 -4 13 10 7 -7 -3 -10 -2 -12 -13 -5
right_child=2 8 3 4 -6 6 -8 -9 9 -11 11 12 -14 -15
leaf_value=-0.010719847133755582 0 -0.00020612503524164005 0 -0.0014098018214908454 0.00098903820760906321 -0.031456662842984179 0.0010519115326337192 0.00045631419728704671 -0.00027489791776937305 -0.0025956113076932232 -0.016985334775301845 0.0016085296023228665 -0.00039277273078444159 0.00022770281298791314
leaf_weight=2281 107744 17858 119706 28797 7339 989 33103 2608 6413 4441 1640 2432 5740 1978
leaf_count=2281 107744 17858 119706 28797 7339 989 33103 2608 6413 4441 1640 2432 5740 1978
internal_value=-0.00114053 -0.00848579 -0.000411054 -0.00187175 -0.00721415 0.00108339 0.00468011 -0.00844037 -0.00679298 -0.0126774 -3.94706e-05 -0.00748471 -0.00238864 -0.00982746
internal_weight=343069 30993 312076 157820 38114 154256 36700 3597 28712 10854 117556 9812 8172 30775
internal_count=343069 30993 312076 157820 38114 154256 36700 3597 28712 10854 117556 9812 8172 30775
is_linear=0
shrinkage=0.04


Tree=28
num_leaves=15
num_cat=0
split_feature=1 3 0 2 0 8 2 2 0 3 0 3 8 3
split_gain=1048.66 1268.48 795.961 762.028 609.066 525.924 488.744 621.841 431.585 737.304 391.186 346.053 345.736 311.229
threshold=14.009119171161297 14.369974000000001 0.98736860839297302 111.63357150000002 6.5614514536544037 0.99769928580022693 118.01324850000002 171.68569950000003 10.510107381652917 13.501155000000002 13.933802116553297 51.159682000000011 0.65117397235456742 17.250080500000003
decision_type=2 2 2 2 2 2 2 2 2 2 2 2 2 2
left_child=8 -2 -3 11 -5 6 10 -8 -1 -10 -6 -4 -13 -11
right_child=1 2 3 4 5 -7 7 -9 9 13 -12 12 -14 -15
leaf_value=0 -0.025418441014810819 0.00217954177008903 -1.1909115640437937e-05 -0.00012382567734410923 -1.2050285333790461e-05 0.0026311273479987241 -0.0020893064269158026 0.00036932510617787117 -0.015887929762224105 0.01183308519902178 -0.0040217806530623334 -0.00015272167329436981 0.006079783623693772 0.00076847652359628648
leaf_weight=228461 3264 1282 19513 38159 8961 3099 20453 1242 970 4797 4014 1556 2979 4468
leaf_count=228461 3264 1282 19513 38159 8961 3099 20453 1242 970 4797 4014 1556 2979 4468
internal_value=-0.00106125 -0.00440252 -0.00361137 -0.00401296 -0.0059783 -0.00957928 -0.0109905 -0.0146633 0.00040185 0.00843771 -0.00484933 0.00219228 0.0121455 0.0119115
internal_weight=343218 104522 101258 99976 75928 37769 34670 21695 238696 10235 12975 24048 4535 9265
internal_count=343218 104522 101258 99976 75928 37769 34670 21695 238696 10235 12975 24048 4535 9265
is_linear=0
shrinkage=0.04


Tree=29
num_leaves=15
num_cat=0
split_feature=10 3 2 0 0 10 2 10 0 3 2 3 8 3
split_gain=974.133 593.594 372.88 707.884 370.701 354.171 433.855 596.42 543.668 405.859 440.09 374.805 340.171 447.532
threshold=-29.148042734983029 26.445131000000003 106.42204250000002 3.4244421556759734 0.8732737536842633 -7.0078621993681187 69.51754750000002 -2.5609622306391375 4.4894221817340396 8.581018000000002 79.729381500000017 5.0643965000000009 0.99616426479917164 24.342867000000002
decision_type=2 2 2 2 2 2 2 2 2 2 2 2 2 2
left_child=1 4 5 -4 -1 -2 7 -7 9 -8 -11 -10 13 -5
right_child=2 -3 3 12 -6 6 8 -9 11 10 -12 -13 -14 -15
leaf_value=0.0013934812916860317 0.00073782632792592992 -0.00040315983059330832 0 -0.0013795598338032411 -0.012215831881824077 0.0011527583491842137 0.00086697176453920746 0 -0.019990625688031224 -0.00096544985562985457 7.6380303974895382e-05 -0.00094442722675606744 0.001113954045335448 -0.00020240718687743721
leaf_weight=161 33328 28727 101291 23772 2027 9816 3594 91063 1021 2975 2473 6110 7819 29112
leaf_count=161 33328 28727 101291 23772 2027 9816 3594 91063 1021 2975 2473 6110 7819 29112
internal_value=-0.00100429 -0.00777745 -0.000333959 -0.00166549 -0.0278611 0.00110041 6.45867e-05 0.00103966 -0.00601744 0.000495466 -0.00638767 -0.0142757 -0.00508113 -0.00623251
internal_weight=343289 30915 312374 161994 2188 150380 117052 100879 16173 9042 5448 7131 60703 52884
internal_count=343289 30915 312374 161994 2188 150380 117052 100879 16173 9042 5448 7131 60703 52884
is_linear=0
shrinkage=0.04


Tree=30
num_leaves=15
num_cat=0
split_feature=1 3 0 0 0 2 1 3 8 8 2 9 3 0
split_gain=933.899 1006.64 707.275 548.321 359.386 820.551 346.68 402.569 303.587 376.25 472.548 421.147 612.911 393.145
threshold=25.746340576249995 23.794443500000003 1.9746052772189333 1.1931231129587225 8.8624423489053026 118.56686000000001 28.18060428473661 25.697482000000004 0.9999850405617442 0.20261422639694684 110.51144050000001 0.034872826811999054 58.484257500000005 16.66999941409502
decision_type=2 2 2 2 2 2 2 2 2 2 2 2 2 2
left_child=8 3 -3 -2 6 -6 -4 -8 9 -1 11 12 -11 -13
right_child=1 2 4 -5 5 -7 7 -9 -10 10 -12 13 -14 -15
leaf_value=0 0.0009220884956018477 0.0025765679800295242 0.00054810295863394769 -0.015251498926532894 -0.00052458560210042024 -0.0032788101949421558 -0.0081507377028031645 -0.00016900253842503071 0.00012536297912817739 -0.00016051943317478218 -0.00056369934892611486 0.00011048477459021888 -0.0080784823540332781 0.0045767639858120606
leaf_weight=163407 362 1128 4111 2534 10312 6228 885 18273 57372 13547 38177 24032 1218 1489
leaf_count=163407 362 1128 4111 2534 10312 6228 885 18273 57372 13547 38177 24032 1218 1489
internal_value=-0.00101074 -0.00646362 -0.00485136 -0.0292541 -0.00573639 -0.0102443 -0.00253212 -0.00479382 -0.000212002 -0.000832513 -0.00310924 -8.73753e-05 -0.00546427 0.00302339
internal_weight=343075 43833 40937 2896 39809 16540 23269 19158 299242 241870 78463 40286 14765 25521
internal_count=343075 43833 40937 2896 39809 16540 23269 19158 299242 241870 78463 40286 14765 25521
is_linear=0
shrinkage=0.04


Tree=31
num_leaves=15
num_cat=0
split_feature=10 3 0 8 2 2 0 3 10 8 10 10 3 2
split_gain=853.75 538.821 376.893 323.973 581.352 313.684 538.805 567.645 904.503 516.425 458.668 455.804 533.279 375.998
threshold=-29.148042734983029 26.445131000000003 2.0692401871390218 0.21698325751745504 117.40713100000001 99.672367000000023 3.4244421556759734 14.670410500000001 -13.408458487491774 0.99769928580022693 -18.751133734058488 -17.367170309356457 20.412757500000005 159.87638850000002
decision_type=2 2 2 2 2 2 2 2 2 2 2 2 2 2
left_child=1 2 -1 -3 -5 10 -7 8 -8 13 -2 12 -11 -9
right_child=5 3 -4 4 -6 6 7 9 -10 11 -12 -13 -14 -15
leaf_value=0.00030879283208843701 0.0042226008440824289 -9.5986155489611284e-05 -0.014091442755921857 -0.00053952072297911314 -0.0028077986355905505 0 -0.030739149608970551 -0.000491860181742592 -0.0006297065335003543 -0.061761301239220856 0 0.012995443306168992 0.002015798836432668 0.00033092448901971184
leaf_weight=491 1911 16111 1702 8048 4581 101972 2956 47900 5586 741 140565 3731 2857 4038
leaf_count=491 1911 16111 1702 8048 4581 101972 2956 47900 5586 741 140565 3731 2857 4038
internal_value=-0.000942801 -0.00728154 -0.0263931 -0.00582324 -0.01062 -0.000314869 -0.00147625 -0.00423956 -0.0138797 -0.00285015 0.00106909 0.00708964 -0.00306837 -0.00425276
internal_weight=343190 30933 2193 28740 12629 312257 169781 67809 8542 59267 142476 7329 3598 51938
internal_count=343190 30933 2193 28740 12629 312257 169781 67809 8542 59267 142476 7329 3598 51938
is_linear=0
shrinkage=0.04


Tree=32
num_leaves=15
num_cat=0
split_feature=10 3 0 2 9 1 2 8 8 10 3 10 3 1
split_gain=805.137 539.757 372.297 313.902 477.458 335.979 294.076 523.788 576.508 444.588 298.748 424.207 405.791 977.136
threshold=-29.148042734983029 26.301026000000004 2.0692401871390218 121.83767300000001 0.78354200136004393 30.998389769160148 99.672367000000023 0.3652361689940205 0.85847009517480422 -18.751133734058488 26.301026000000004 -18.928881088043557 15.571966000000002 13.642364517789634
decision_type=2 2 2 2 2 2 2 2 2 2 2 2 2 2
left_child=1 2 -1 -3 -5 -6 9 -8 -9 -2 11 -10 13 -13
right_child=6 3 -4 4 5 -7 7 8 10 -11 -12 12 -14 -15
leaf_value=0.00025136510619351072 0.0040948861295233693 -0.00015325137943699615 -0.013966851244570564 -0.0027259021213431652 0.0015915344656534619 -0.00041939789378057305 0 -0.0010197286311834498 -0.021533722778349872 0 0.0022467392239183931 0.00062182415512133926 0.0029931378593494886 -0.044876240022134806
leaf_weight=495 1912 17937 1642 3597 797 6492 122413 28272 2587 140583 5208 3663 6059 1318
leaf_count=495 1912 17937 1642 3597 797 6492 122413 28272 2587 140583 5208 3663 6059 1318
internal_value=-0.000899191 -0.00705168 -0.0264483 -0.00561357 -0.0109719 -0.00508712 -0.000288704 -0.00141458 -0.00499883 0.0010507 0.000422617 -0.00269171 0.000724638 -0.00773339
internal_weight=342975 30960 2137 28823 10886 7289 312015 169520 47107 142495 18835 13627 11040 4981
internal_count=342975 30960 2137 28823 10886 7289 312015 169520 47107 142495 18835 13627 11040 4981
is_linear=0
shrinkage=0.04


Tree=33
num_leaves=15
num_cat=0
split_feature=10 3 8 8 9 2 9 3 8 10 8 2 2 9
split_gain=785.02 524.827 324.744 300.658 431.685 425.946 425.223 600.624 393.566 975.626 327.212 306.923 294.664 406.06
threshold=-29.148042734983029 26.141298500000005 0.061502134415637087 0.9999850405617442 0.83192148247557651 110.51144050000001 0.034872826811999054 58.484257500000005 0.86381020016048604 -7.0078621993681187 0.36014487279088947 53.208694500000007 121.83767300000001 0.79276446369996212
decision_type=2 2 2 2 2 2 2 2 2 2 2 2 2 2
left_child=1 2 -1 4 5 6 7 -2 -8 -10 -7 -5 -3 -14
right_child=3 12 -4 11 -6 10 8 -9 9 -11 -12 -13 13 -15
leaf_value=0.00038839266950506211 -0.00016184843192804159 -0.00015066884370493563 -0.013053562277777883 -5.5979959138688144e-05 0 -9.0251929502550843e-05 -4.2767195734820657e-05 -0.0078155455752803443 0.0024944485582825394 -0.00096249515248876039 -0.0010964926893053081 0.00034929087239236238 -0.0025108479840742584 -0.00026347298994914442
leaf_weight=394 13643 17928 1673 12365 162970 20404 17329 1241 7135 2700 29018 45121 3869 7118
leaf_count=394 13643 17928 1673 12365 162970 20404 17329 1241 7135 2700 29018 45121 3869 7118
internal_value=-0.000831943 -0.00690465 -0.0263764 -0.000228772 -0.000819054 -0.00301826 -5.89802e-05 -0.00549315 0.00291857 0.00930961 -0.005536 0.00238388 -0.00551271 -0.0106708
internal_weight=342908 30982 2067 311926 254440 91470 42048 14884 27164 9835 49422 57486 28915 10987
internal_count=342908 30982 2067 311926 254440 91470 42048 14884 27164 9835 49422 57486 28915 10987
is_linear=0
shrinkage=0.04


Tree=34
num_leaves=15
num_cat=0
split_feature=1 3 0 2 9 1 2 8 8 1 2 3 10 2
split_gain=679.28 496.802 339.423 289.052 391.838 278.625 258.529 466.794 515.273 429.516 317.772 291.843 834.39 395.549
threshold=29.188881226995836 26.141298500000005 2.0692401871390218 121.83767300000001 0.79276446369996212 30.998389769160148 99.672367000000023 0.38228767031155025 0.85847009517480422 18.886667291271703 166.55858600000002 14.867712000000003 -13.408458487491774 113.91981500000001
decision_type=2 2 2 2 2 2 2 2 2 2 2 2 2 2
left_child=6 2 -2 -3 -5 -6 9 -8 10 -1 -9 12 -10 -13
right_child=1 3 -4 4 5 -7 7 8 11 -11 -12 13 -14 -15
leaf_value=0 0.00024949412043326124 -0.00012371126406435478 -0.013183464466444082 -0.0024417088171587442 0.0014140927959037345 -0.00037526978954427638 0 -0.0012410136548294743 -0.049947950490928365 0.0039640646899408343 0.00024216389571708575 0.003008347539777727 0.0002996786929762764 -0.0012380749907695526
leaf_weight=140517 467 17853 1545 3895 784 6293 123217 24620 1076 1864 2550 7712 3135 6930
leaf_count=140517 467 17853 1545 3895 784 6293 123217 24620 1076 1864 2550 7712 3135 6930
internal_value=-0.000805705 -0.00646885 -0.0256859 -0.00512749 -0.010237 -0.00462908 -0.000245298 -0.00130206 -0.00473937 0.00101081 -0.008265 0.00034159 -0.00893849 0.00301052
internal_weight=342458 30837 2012 28825 10972 7077 311621 169240 46023 142381 27170 18853 4211 14642
internal_count=342458 30837 2012 28825 10972 7077 311621 169240 46023 142381 27170 18853 4211 14642
is_linear=0
shrinkage=0.04


Tree=35
num_leaves=15
num_cat=0
split_feature=1 3 2 9 0 1 8 0 3 2 9 2 2 1
split_gain=650.681 481.983 282.71 358.08 279.045 261.32 250.921 455.987 580.973 515.188 564.375 629.951 510.089 485.866
threshold=29.188881226995836 25.044603000000006 121.83767300000001 0.79276446369996212 1.9746052772189333 30.641412972438179 0.9999850405617442 4.3322411613178842 14.369974000000001 113.64054500000002 0.013183976028238344 73.982925500000007 159.87638850000002 13.76513244106418
decision_type=2 2 2 2 2 2 2 2 2 2 2 2 2 2
left_child=6 4 -3 -4 -2 -5 7 -1 13 10 11 -10 -11 -9
right_child=1 2 3 5 -6 -7 -8 8 9 12 -12 -13 -14 -15
leaf_value=0 0.0002157950303482381 -0.00012867218003781593 -0.0023579392096479347 0.0017990994597070951 -0.016355843818188991 -0.00038317587666888725 0.00011687374907014924 -0.0016063876604727474 0.0010740051657200211 -0.00091644971274644103 0.00037348357557221687 -0.0051770281372189621 0.00035430936749637472 -0.034465856962767057
leaf_weight=184408 339 17958 3913 790 1173 6677 57545 4344 1694 28062 27142 3932 3771 1561
leaf_count=184408 339 17958 3913 790 1173 6677 57545 4344 1694 28062 27142 3932 3771 1561
internal_value=-0.000741256 -0.00628331 -0.00514827 -0.0100808 -0.0283069 -0.00494442 -0.000194073 -0.000732639 -0.00346864 -0.00237086 0.0011499 -0.0103804 -0.00599504 -0.0154784
internal_weight=343309 30850 29338 11380 1512 7467 312459 254914 70506 64601 32768 5626 31833 5905
internal_count=343309 30850 29338 11380 1512 7467 312459 254914 70506 64601 32768 5626 31833 5905
is_linear=0
shrinkage=0.04


Tree=36
num_leaves=15
num_cat=0
split_feature=10 3 2 9 0 10 8 0 3 2 9 2 3 9
split_gain=608.14 438.394 279.032 345.575 276.265 257.333 212.947 433.211 545.888 469.844 553.116 581.783 519.475 484.521
threshold=-29.148042734983029 25.044603000000006 121.83767300000001 0.76310867707397234 2.0692401871390218 -30.321813941715899 0.99998654492179417 4.3322411613178842 14.081276500000001 113.36869400000002 0.013183976028238344 73.982925500000007 28.453385000000001 0.14203843600852098
decision_type=2 2 2 2 2 2 2 2 2 2 2 2 2 2
left_child=1 4 -3 -4 -1 -5 7 -2 -9 10 11 -10 -13 -12
right_child=6 2 3 5 -6 -7 -8 8 9 -11 13 12 -14 -15
leaf_value=0.00014838291659616143 0 -0.00011550081912033105 -0.0027693498835035918 -0.00042045113256047482 -0.016151988976255416 0.0017841749896372794 0.00010731569170343262 -0.0052972774292802272 0.0010156991988266827 -0.00061419433948073268 0.0016066740202133499 -0.0017497564403145616 -0.0095098342308849639 -5.5604803892713056e-05
leaf_weight=376 184768 17997 3179 7516 1150 757 56961 5307 1751 32654 10336 2495 1566 16409
leaf_count=376 184768 17997 3179 7516 1150 757 56961 5307 1751 32654 10336 2495 1566 16409
internal_value=-0.000748087 -0.00609395 -0.0050107 -0.00989172 -0.0269987 -0.00558443 -0.000217776 -0.000711202 -0.00337843 -0.00237445 0.00102589 -0.0101583 -0.0184684 0.00345635
internal_weight=343222 30975 29449 11452 1526 8273 312247 255286 70518 65211 32557 5812 4061 26745
internal_count=343222 30975 29449 11452 1526 8273 312247 255286 70518 65211 32557 5812 4061 26745
is_linear=0
shrinkage=0.04


Tree=37
num_leaves=15
num_cat=0
split_feature=1 3 0 0 8 2 2 1 3 1 3 3 10 3
split_gain=583.581 953.108 600.918 407.993 310.309 681.918 334.096 263.128 250.876 295.164 421.951 326.458 236.676 217.817
threshold=26.137764387964385 23.591254500000002 2.0692401871390218 1.1388370574766016 0.31086470854647902 110.51144050000001 75.863865000000018 31.745661444074376 24.855747500000003 30.296426463157974 35.975768000000009 33.09128900000001 -38.535031805586719 27.366651500000007
decision_type=2 2 2 2 2 2 2 2 2 2 2 2 2 2
left_child=-1 3 7 -2 8 6 -6 -3 -4 11 12 -10 -11 -14
right_child=1 2 4 -5 5 -7 -8 -9 9 10 -12 -13 13 -15
leaf_value=0 0.00071424206193740347 0.0026585102665320549 -0.0044275412865496071 -0.014518337671191142 -0.031453679847949848 -0.0031134689096211331 0.0034936021890712879 0.00027467980841580918 0.0022986652897980563 -0.014022198333794644 -5.0967683471026609e-05 -0.00013976793225963332 -0.0067815304367589138 -0.0003294553591008763
leaf_weight=301070 289 751 866 2044 632 8771 3329 495 3164 821 15935 3073 552 1527
leaf_count=301070 289 751 866 2044 632 8771 3329 495 3164 821 15935 3073 552 1527
internal_value=-0.000699757 -0.00510213 -0.00364966 -0.0299529 -0.00453064 -0.00964499 0.00413027 0.0236918 -0.0020202 -0.00128909 -0.00378657 0.00625301 -0.0178207 -0.0106397
internal_weight=343319 42249 39916 2333 38670 12732 3961 1246 25938 25072 18835 6237 2900 2079
internal_count=343319 42249 39916 2333 38670 12732 3961 1246 25938 25072 18835 6237 2900 2079
is_linear=0
shrinkage=0.04


Tree=38
num_leaves=15
num_cat=0
split_feature=1 3 0 0 2 8 10 3 10 3 8 8 2 9
split_gain=535.599 586.237 423.303 298.487 364.983 400.305 262.487 231.383 330.649 198.342 195.83 375.132 484.051 393.03
threshold=28.371616803997181 25.044603000000006 2.2619943072402364 4.8605500145509977 117.10308450000001 0.43442540711011379 -30.321813941715899 34.882573500000007 -38.535031805586719 27.366651500000007 0.9999850405617442 0.38228767031155025 110.51144050000001 0.034872826811999054
decision_type=2 2 2 2 2 2 2 2 2 2 2 2 2 2
left_child=10 2 -2 6 -5 -6 7 8 -3 -10 11 -1 13 -13
right_child=1 3 -4 4 5 -7 -8 -9 9 -11 -12 12 -14 -15
leaf_value=0 0.00020035650842008978 -0.01380733902603248 -0.015306758286596856 -0.00010776622812130709 -0.00053256670530370677 -0.011936728140285313 0.0025481358273767214 0.00013159315006404092 -0.0018931182803692281 0.00081011940467610327 0.00010359828130397264 -0.00031552841261919313 -0.00097670705546092584 0.00024837438879537181
leaf_weight=186364 536 513 1457 12173 10694 1562 996 4472 485 892 57535 14895 27178 23281
leaf_count=186364 536 513 1457 12173 10694 1562 996 4472 485 892 57535 14895 27178 23281
internal_value=-0.000685998 -0.00546832 -0.0265128 -0.00414887 -0.00627615 -0.0111488 0.00291384 -7.5448e-05 -0.0118095 -0.00159768 -0.00016362 -0.000644849 -0.00325244 -0.000347863
internal_weight=343033 33780 1993 31787 24429 12256 7358 6362 1890 1377 309253 251718 65354 38176
internal_count=343033 33780 1993 31787 24429 12256 7358 6362 1890 1377 309253 251718 65354 38176
is_linear=0
shrinkage=0.04


Tree=39
num_leaves=15
num_cat=0
split_feature=1 3 0 0 10 3 2 9 8 2 0 3 1 2
split_gain=504.56 538.151 406.992 259.108 269.974 335.182 249.348 503.538 172.32 355.334 340.998 483.096 472.593 380.802
threshold=28.371616803997181 25.044603000000006 2.7575498869428974 4.194111164364676 -31.34348592886359 33.382295500000005 112.75055300000001 0.57167091881947074 0.99998654492179417 53.208694500000007 4.3322411613178842 14.270604500000003 13.76513244106418 113.91981500000001
decision_type=2 2 2 2 2 2 2 2 2 2 2 2 2 2
left_child=8 2 -2 4 5 -3 -5 -8 10 -10 -1 12 -12 -13
right_child=1 3 -4 6 -6 -7 7 -9 9 -11 11 13 -14 -15
leaf_value=0 7.1432509572526566e-05 -0.0029185857230687295 -0.015417587663690112 0.00010287713529556028 0.002047156943642583 0.00021602529023061312 -0.0084914894192445762 -0.00027777512577835688 -6.8884383686413492e-05 0.00032384734095566479 -0.0013831172954736875 0.00012217812662941043 -0.032891254957180441 -0.00055274139004530209
leaf_weight=183929 629 1108 1369 6962 1123 2883 2927 16703 12272 44693 4257 32287 1481 30135
leaf_count=183929 629 1108 1369 6962 1123 2883 2927 16703 12272 44693 4257 32287 1481 30135
internal_value=-0.000643486 -0.00529077 -0.0254254 -0.00402195 0.0042237 -0.000651466 -0.0056077 -0.00791442 -0.000136675 0.00185026 -0.000585666 -0.00300235 -0.0141094 -0.00198135
internal_weight=342758 33704 1998 31706 5114 3991 26592 19630 309054 56965 252089 68160 5738 62422
internal_count=342758 33704 1998 31706 5114 3991 26592 19630 309054 56965 252089 68160 5738 62422
is_linear=0
shrinkage=0.04


Tree=40
num_leaves=15
num_cat=0
split_feature=10 3 0 9 2 9 9 10 2 2 10 8 9 2
split_gain=488.578 406.082 385.816 244.924 387.555 276.671 230.656 222.126 217.114 171.146 360.577 336.02 389.122 285.633
threshold=-29.148042734983029 26.916156500000003 3.0687481487737416 0.78354200136004393 110.75448600000001 0.57167091881947074 0.16744789356510406 -31.34348592886359 75.863865000000018 99.672367000000023 -18.751133734058488 0.38228767031155025 0.0024141399299112969 172.45245350000002
decision_type=2 2 2 2 2 2 2 2 2 2 2 2 2 2
left_child=1 2 7 4 8 6 -6 -1 -3 10 -2 -11 -13 -14
right_child=9 3 -4 -5 5 -7 -8 -9 -10 11 -12 12 13 -15
leaf_value=-0.0012449051592464987 0.0036727052373961345 -0.010566578041842531 -0.01154245823081264 -3.4574377440938636e-05 -0.0074294555588978939 -0.00056731464110703624 -0.0088485677272146495 0.0012044588697072084 0.0013298433332272072 0 0 0.00087258268623318118 -0.00097835276788688585 0.00045827206459171481
leaf_weight=384 1916 846 1590 15844 1198 5546 1939 483 3130 123637 140448 10514 33854 1818
leaf_count=384 1916 846 1590 15844 1198 5546 1939 483 3130 123637 140448 10514 33854 1818
internal_value=-0.00065418 -0.00544703 -0.0210501 -0.00410202 -0.00825026 -0.0129863 -0.0224801 0.000415225 0.00209256 -0.000178867 0.000844034 -0.00103637 -0.00394752 -0.00594079
internal_weight=343147 30960 2457 28503 12659 8683 3137 867 3976 312187 142364 169823 46186 35672
internal_count=343147 30960 2457 28503 12659 8683 3137 867 3976 312187 142364 169823 46186 35672
is_linear=0
shrinkage=0.04


Tree=41
num_leaves=15
num_cat=0
split_feature=1 3 2 8 1 0 0 2 1 1 3 2 8 8
split_gain=469.13 409.161 246.62 316.488 248.417 188.871 185.024 166.597 351.69 405.829 700.056 351.072 319.662 377.404
threshold=29.188881226995836 24.510447500000001 121.83767300000001 0.17494197198450659 30.641412972438179 0.82824127288649596 17.437847972660673 99.672367000000023 5.7150827182082082 4.751179874648563 5.2986695000000008 70.256523500000014 0.39384590033630679 0.85847009517480422
decision_type=2 2 2 2 2 2 2 2 2 2 2 2 2 2
left_child=7 5 -3 4 -4 -2 -5 8 9 -1 -11 -12 -9 -14
right_child=1 2 3 6 -6 -7 -8 12 -10 10 11 -13 13 -15
leaf_value=0 0.0010947337006761298 -9.2255090609905663e-05 0.0022232581347398366 -0.0012116629489753361 -0.00025549191521396483 -0.012149749720931609 -0.016335861609465176 0 0.00063670420847530221 -0.02052340576979848 0.0014460949849997651 -0.00065560193475147925 -0.00084475960394552591 0.00015424888745047826
leaf_weight=106326 95 17979 637 4718 5659 1160 523 124185 30340 1130 1421 3063 26496 18777
leaf_count=106326 95 17979 637 4718 5659 1160 523 124185 30340 1130 1421 3063 26496 18777
internal_value=-0.000616509 -0.00532839 -0.00437729 -0.00894167 -0.00289708 -0.0276972 -0.016203 -0.000151409 0.000857745 -0.000177595 -0.0106591 -0.00356824 -0.000998714 -0.00387604
internal_weight=342509 30771 29516 11537 6296 1255 5241 311738 142280 111940 5614 4484 169458 45273
internal_count=342509 30771 29516 11537 6296 1255 5241 311738 142280 111940 5614 4484 169458 45273
is_linear=0
shrinkage=0.04


Tree=42
num_leaves=15
num_cat=0
split_feature=1 3 0 0 8 2 9 1 1 3 1 3 2 1
split_gain=410.357 856.963 569.839 467.809 275.049 608.277 239.539 219.883 196.149 475.152 207.564 231.009 170.003 169.157
threshold=26.137764387964385 23.591254500000002 2.0692401871390218 1.2854388083444717 0.31086470854647902 118.56686000000001 0.20517901725635643 31.745661444074376 30.296426463157974 35.975768000000009 39.381819309677617 27.366651500000007 110.05258600000001 32.199598540922111
decision_type=2 2 2 2 2 2 2 2 2 2 2 2 2 2
left_child=-1 3 7 -2 8 6 12 -3 -4 10 11 -10 -6 -8
right_child=1 2 4 -5 5 -7 13 -9 9 -11 -12 -13 -14 -15
leaf_value=0 0.00062319297895029209 0.0024646879797651298 0.00027231578392161618 -0.01358337901435645 0.0060705785407864201 -0.0045395372764052725 -9.8064539359170595e-05 0.00029703250695947025 -0.0066131359656077119 -2.7517938463355838e-05 -0.013106055214856646 -0.00038276542761862722 -0.0038099772323413185 -0.0034163448688734133
leaf_weight=300814 345 728 6880 1961 2146 4262 2379 508 780 15852 685 1668 1606 2349
leaf_count=300814 345 728 6880 1961 2146 4262 2379 508 780 15852 685 1668 1606 2349
internal_value=-0.00059225 -0.0042886 -0.00291645 -0.0279965 -0.00377237 -0.00858264 -0.00238679 0.0238188 -0.00140267 -0.0034996 -0.0177338 -0.0122876 0.00515991 -0.00837563
internal_weight=342963 42149 39843 2306 38607 12742 8480 1236 25865 18985 3133 2448 3752 4728
internal_count=342963 42149 39843 2306 38607 12742 8480 1236 25865 18985 3133 2448 3752 4728
is_linear=0
shrinkage=0.04


Tree=43
num_leaves=15
num_cat=0
split_feature=10 3 0 10 2 8 2 8 0 3 10 2 2 2
split_gain=371.968 434.759 283.659 271.798 231.445 346.247 176.447 161.148 374.531 451.265 420.908 328.079 322.775 469.783
threshold=-29.844048162932214 32.799260000000011 2.7575498869428974 -31.917324916511493 121.83767300000001 0.43442540711011379 142.90267200000002 0.99998654492179417 4.3322411613178842 14.081276500000001 -13.786220045122048 53.208694500000007 171.68569950000003 118.01324850000002
decision_type=2 2 2 2 2 2 2 2 2 2 2 2 2 2
left_child=1 2 3 -1 -3 6 -6 8 -2 10 -10 -9 13 -11
right_child=7 4 -4 -5 5 -7 -8 11 9 12 -12 -13 -14 -15
leaf_value=-0.0013666265724840215 0 -6.3744059613693447e-06 -0.0084288425549335685 0.0011283606298773136 -0.00040739272172653316 -0.011985654575844322 0.0014476997750582034 -6.6478343548732156e-05 -0.034961403964451236 7.5098466170528401e-06 -0.0017468514990499544 0.00030622752973560793 0.00061522333310334973 -0.00073483002638626894
leaf_weight=541 185092 16034 2871 497 7563 636 551 12267 1295 40120 4021 44785 1901 24788
leaf_count=541 185092 16034 2871 497 7563 636 551 12267 1295 40120 4021 44785 1901 24788
internal_value=-0.000546066 -0.00490573 -0.0173037 0.00061657 -0.00295029 -0.00818286 -0.00595514 -0.000148026 -0.000574612 -0.00301976 -0.0142363 0.00177522 -0.00212726 -0.00260307
internal_weight=342962 28693 3909 1038 24784 8750 8114 314269 257217 72125 5316 57052 66809 64908
internal_count=342962 28693 3909 1038 24784 8750 8114 314269 257217 72125 5316 57052 66809 64908
is_linear=0
shrinkage=0.04


Tree=44
num_leaves=15
num_cat=0
split_feature=1 3 0 0 3 1 8 0 0 3 1 1 3 3
split_gain=352.156 1526.42 597.684 414.144 409.082 869.285 450.018 427.936 239.684 200.361 495.937 192.475 184.838 180.753
threshold=18.300981655456898 18.938612500000001 4.8605500145509977 0.98736860839297302 23.794443500000003 21.046704686449065 0.85297831194936091 14.109612274405011 7.9675778722652204 29.578951500000006 30.641412972438179 20.725836307060771 27.366651500000007 18.098117000000006
decision_type=2 2 2 2 2 2 2 2 2 2 2 2 2 2
left_child=-1 11 3 -3 5 8 7 -6 -4 10 -5 13 -12 -2
right_child=1 2 4 9 6 -7 -8 -9 -10 -11 12 -13 -14 -15
leaf_value=0 -0.0062352372043231741 0.0018957337805909935 0.0011776870376672525 0.00069483623273111552 -0.00016428451075661807 -0.016214802258082084 0.0016502357866454843 -0.0030215942279038818 -0.0014220148791820959 -4.9394238690411012e-05 -0.0038827444715035858 -0.020162631455018717 0.00080525562317685111 -0.00040896666877388867
leaf_weight=263654 1574 817 1053 11231 30109 3535 8893 7302 2233 9297 864 1474 286 646
leaf_count=263654 1574 817 1053 11231 30109 3535 8893 7302 2233 9297 864 1474 286 646
internal_value=-0.000536726 -0.00287364 -0.00164718 0.00381774 -0.00396122 -0.0131066 -0.00261403 -0.00453663 0.0017042 0.00276409 0.00609644 -0.0279805 -0.0189217 -0.0205405
internal_weight=342968 79314 75620 22495 53125 6821 46304 37411 3286 21678 12381 3694 1150 2220
internal_count=342968 79314 75620 22495 53125 6821 46304 37411 3286 21678 12381 3694 1150 2220
is_linear=0
shrinkage=0.04


Tree=45
num_leaves=15
num_cat=0
split_feature=1 3 0 8 2 9 8 3 10 8 10 3 1 0
split_gain=332.429 325.726 409.88 225.488 319.711 276.067 153.071 226.833 146.511 138.824 313.583 360.072 557.424 281.211
threshold=29.410478756683379 26.916156500000003 2.943059504084808 0.21444514731458683 117.71670500000002 0.57167091881947074 0.80142740120474965 34.502603500000006 -31.34348592886359 0.99998654492179417 -2.2348458010396457 4.667513500000001 4.1408051303961351 4.3322411613178842
decision_type=2 2 2 2 2 2 2 2 2 2 2 2 2 2
left_child=9 2 8 -3 6 -6 -5 -8 -2 13 11 12 -11 -1
right_child=1 3 -4 4 5 -7 7 -9 -10 10 -12 -13 -14 -15
leaf_value=0 -0.00068809402980971935 -6.2990403065452813e-06 -0.010396909201962746 -0.00062320468888883793 -0.011385364623694395 -0.00090136777817909021 -0.093168939908265455 0.0039488118513730181 0.0010951617367894874 0.00082435742347443375 -4.7524543240828177e-05 0.00077861161929165151 -0.01599598272226152 -0.00027730650980524755
leaf_weight=184725 370 15619 1416 5138 1130 3123 250 2614 401 700 21701 33718 890 71000
leaf_count=184725 370 15619 1416 5138 1130 3123 250 2614 401 700 21701 33718 890 71000
internal_value=-0.000486472 -0.00450417 -0.019369 -0.00333788 -0.00739943 -0.0162615 -0.00268933 0.00472067 0.00409857 -0.000100277 0.00168465 0.00401042 -0.0145912 -0.000498191
internal_weight=342795 30061 2187 27874 12255 4253 8002 2864 771 312734 57009 35308 1590 255725
internal_count=342795 30061 2187 27874 12255 4253 8002 2864 771 312734 57009 35308 1590 255725
is_linear=0
shrinkage=0.04


Tree=46
num_leaves=15
num_cat=0
split_feature=1 9 2 8 9 9 2 10 8 2 2 10 1 2
split_gain=302.637 404.039 271.094 577.332 356.039 522.593 164.379 161.235 155.787 179.006 153.483 206.43 144.004 248.85
threshold=18.193559882918528 0.95853135188789462 108.808834 0.3652361689940205 0.26581651947795459 0.057702406098275712 139.21716300000003 -31.34348592886359 0.9999951609566764 78.07985650000002 115.23448200000001 -24.674226059175226 28.008000447984085 121.83767300000001
decision_type=2 2 2 2 2 2 2 2 2 2 2 2 2 2
left_child=-1 2 4 12 5 8 -3 -8 -2 -10 -5 -12 -4 -14
right_child=1 6 3 10 -6 -7 7 -9 9 -11 11 -13 13 -15
leaf_value=0 -0.034874919102691353 -0.00058219780097637345 3.8721056626908021e-05 -0.0010118155856010916 -0.00044370512981220549 0.0058917994644012263 -8.9714453935800802e-05 0.0020803171710047121 -0.0014588066528824506 0.0028794077192590001 -0.0043629265006918105 -0.0013181189354933781 6.318084969782825e-06 -0.00055834125449846165
leaf_weight=263232 620 191 22975 6205 4624 2397 252 863 407 1713 6064 8323 13320 12087
leaf_count=263232 620 191 22975 6205 4624 2397 252 863 407 1713 6064 8323 13320 12087
internal_value=-0.0004943 -0.00264814 -0.00301416 -0.00389712 0.00322508 0.010473 0.0194181 0.0252915 -0.00145985 0.00369811 -0.0095066 -0.0117745 -0.00150965 -0.00358484
internal_weight=343273 80041 78735 68974 9761 5137 1306 1115 2740 2120 20592 14387 48382 25407
internal_count=343273 80041 78735 68974 9761 5137 1306 1115 2740 2120 20592 14387 48382 25407
is_linear=0
shrinkage=0.04


Tree=47
num_leaves=15
num_cat=0
split_feature=1 3 0 1 9 2 9 8 3 1 1 2 1 3
split_gain=289.92 485.761 233.799 236.025 200.375 275.434 258.026 183.501 169.272 120.957 117.703 117.686 624.609 314.735
threshold=30.296426463157974 33.382295500000005 3.8282420591722666 37.504916227002234 0.79276446369996212 117.40713100000001 0.57167091881947074 0.81222141101563061 27.228291500000005 35.331269588120584 32.199598540922111 72.05452750000002 3.056269354274824 4.5906385000000007
decision_type=2 2 2 2 2 2 2 2 2 2 2 2 2 2
left_child=11 2 3 8 5 7 -7 10 -2 -8 -3 12 -1 -13
right_child=1 4 -4 -5 -6 6 9 -9 -10 -11 -12 13 -14 -15
leaf_value=0 -0.00082964365526303602 0.00045554188550630869 -0.012674713429331139 -0.01342538111132336 4.4416764462477529e-05 -0.01095708321666544 -0.001527404965397734 0.0032686881368859688 0.00091522954398538976 -0.00040832036744585797 -0.00082798972634091081 -0.0073896567979631544 0.0011504514082624939 0
leaf_weight=93231 881 702 1811 319 12911 1000 827 2427 587 2182 4051 1403 12535 208206
leaf_count=93231 881 702 1811 319 12911 1000 827 2427 587 2182 4051 1403 12535 208206
internal_value=-0.000443404 -0.0043671 -0.0180767 -0.00781198 -0.00232033 -0.00623827 -0.0146371 -0.00154875 -0.00103542 -0.00878697 -0.00611824 -9.8803e-05 0.000988976 -0.000647682
internal_weight=343073 27698 3598 1787 24100 11189 4009 7180 1468 3009 4753 315375 105766 209609
internal_count=343073 27698 3598 1787 24100 11189 4009 7180 1468 3009 4753 315375 105766 209609
is_linear=0
shrinkage=0.04


Tree=48
num_leaves=15
num_cat=0
split_feature=1 3 1 3 0 0 0 2 0 2 2 10 3 1
split_gain=280.653 451.537 218.736 266.928 286.063 266.682 190.587 206.104 387.407 139.162 121.906 596.54 304.941 325.436
threshold=30.296426463157974 33.382295500000005 36.308112060889677 27.366651500000007 6.076334434788115 2.4137668108277768 5.0016061947596926 117.10308450000001 17.437847972660673 143.53063200000005 72.05452750000002 -2.9142575725909148 4.504458500000001 4.0550562719577892
decision_type=2 2 2 2 2 2 2 2 2 2 2 2 2 2
left_child=10 2 3 5 -5 -2 -3 -8 9 -9 11 -1 13 -12
right_child=1 6 -4 4 -6 -7 7 8 -10 -11 12 -13 -14 -15
leaf_value=0.0011260823556526528 -2.6296511322753663e-05 0.00012983056361343267 -0.015664151632282665 0.0010365784570424699 -0.015690409214239209 -0.0097925345611418607 5.9180254921592512e-06 -0.00042596004483324732 -0.01500040514621662 0.0016249421645191454 0.00066811399706595488 0 0 -0.01688661982321361
leaf_weight=13022 537 5222 720 820 449 1092 9364 8403 799 381 356 92660 208684 711
leaf_count=13022 537 5222 720 820 449 1092 9364 8403 799 381 356 92660 208684 711
internal_value=-0.000457549 -0.00431137 -0.0174903 -0.012588 0.00116627 -0.0233026 -0.00233853 -0.0042033 -0.00832725 -0.00590164 -0.00011806 0.000989762 -0.00067623 -0.0220056
internal_weight=343220 27787 3618 2898 1269 1629 24169 18947 9583 8784 315433 105682 209751 1067
internal_count=343220 27787 3618 2898 1269 1629 24169 18947 9583 8784 315433 105682 209751 1067
is_linear=0
shrinkage=0.04


Tree=49
num_leaves=15
num_cat=0
split_feature=1 3 0 0 3 1 3 1 2 8 8 0 3 0
split_gain=253.035 288.295 233.359 191.629 232.46 209.035 226.544 186.979 170.191 464.01 117.171 281.888 350.44 540.931
threshold=29.680529971172849 24.684089500000002 3.2012652367284438 4.2325245320231257 32.799260000000011 31.370736846242366 33.09128900000001 37.504916227002234 117.10308450000001 0.42915747924927045 0.9999850405617442 2.2619943072402364 4.667513500000001 4.194111164364676
decision_type=2 2 2 2 2 2 2 2 2 2 2 2 2 2
left_child=10 2 -2 5 -5 -3 7 -7 -6 -10 -1 -12 13 -13
right_child=1 3 -4 4 8 6 -8 -9 9 -11 11 12 -14 -15
leaf_value=0 -0.00016642138124230987 0.0014525371163503923 -0.016029804512440321 -0.0071849799080574159 2.4057548988354468e-05 -0.000144893269548331 0.00020211618503062397 -0.013053047377002523 -0.00021494360953948355 -0.0098617139504983461 -4.4266689712560522e-05 0.00089301209192280909 0.00070210810604139171 -0.015965313089840942
leaf_weight=256153 475 644 655 1395 10082 747 2997 342 10621 1240 22037 734 33860 854
leaf_count=256153 475 644 655 1395 10082 747 2997 342 10621 1240 22037 734 33860 854
internal_value=-0.000416759 -0.00397835 -0.0237876 -0.00318085 -0.00466878 0.00416068 0.00082232 -0.0148026 -0.00366222 -0.00691004 -8.51938e-05 0.00154684 0.00375536 -0.0146096
internal_weight=342836 29198 1130 28068 23338 4730 4086 1089 21943 11861 313638 57485 35448 1588
internal_count=342836 29198 1130 28068 23338 4730 4086 1089 21943 11861 313638 57485 35448 1588
is_linear=0
shrinkage=0.04


Tree=50
num_leaves=15
num_cat=0
split_feature=0 3 2 2 10 3 10 9 8 3 2 8 3 8
split_gain=241.978 978.672 802.554 449.057 558.01 384.893 724.349 356.24 608.044 624.191 343.734 335.168 372.421 324.116
threshold=4.3740559602184037 4.9784045000000008 113.64054500000002 68.541938500000015 -7.0078621993681187 14.081276500000001 -13.221022286051065 0.14203843600852098 0.96556027479056594 51.704191000000009 172.45245350000002 0.99999995294695732 28.770002000000002 0.99616426479917164
decision_type=2 2 2 2 2 2 2 2 2 2 2 2 2 2
left_child=-1 -2 3 -3 5 6 -5 8 -7 11 13 12 -10 -4
right_child=1 2 10 4 -6 7 -8 -9 9 -11 -12 -13 -14 -15
leaf_value=0 -0.016063650154025631 0.0014433057483082274 -0.00058660478708635617 -0.044182393253424088 -0.00074042635704652557 0.0024812125687554867 4.5724896988229364e-05 -6.4890803802645507e-05 5.5549878451380545e-05 -0.014230496511460449 0.00055004134508500324 0.0023313413592795009 -0.011379492595725944 0.0020720711719788556
leaf_weight=222486 1590 5174 48087 1235 7243 8663 3854 20895 4164 712 2358 11346 957 4135
leaf_count=222486 1590 5174 48087 1235 7243 8663 3854 20895 4164 712 2358 11346 957 4135
internal_value=-0.000438147 -0.00188252 -0.00146537 0.00156468 0.000574921 0.00202833 -0.00841816 0.0031658 0.00630601 0.00194889 -0.00503188 0.00353434 -0.00495997 -0.00570641
internal_weight=342899 120413 118823 64243 59069 51826 5089 46737 25842 17179 54580 16467 5121 52222
internal_count=342899 120413 118823 64243 59069 51826 5089 46737 25842 17179 54580 16467 5121 52222
is_linear=0
shrinkage=0.04


Tree=51
num_leaves=15
num_cat=0
split_feature=0 9 2 9 0 8 8 2 9 2 0 2 2 2
split_gain=240.944 533.144 282.873 494.859 205.458 185.038 243.076 183.431 196.153 152.413 191.467 166.826 106.168 103.169
threshold=13.640689465938094 0.21077846323849794 108.808834 0.057702406098275712 16.141133267680438 0.9999951609566764 0.98317876819490224 150.77731350000002 0.17362451462827314 103.16533700000001 17.140230728334348 81.332329000000016 135.26139100000003 111.34319300000001
decision_type=2 2 2 2 2 2 2 2 2 2 2 2 2 2
left_child=-1 2 3 5 -5 6 -2 8 -4 11 13 -3 -12 -11
right_child=1 9 7 4 -6 -7 -8 -9 -10 10 12 -13 -14 -15
leaf_value=0 -0.00062088796117127948 -0.012224729559992525 -0.0013075579220268869 0.00025767479163124845 0.0051891272453408015 0.00077674743136434078 -0.043903677535812861 -0.005387185106139546 -0.01079108707894632 -0.0031129364942741673 -0.0087866384893254684 0.0044706414879157694 -0.00042337442707660543 -0.0012681447937507491
leaf_weight=314600 1121 354 10097 937 2187 5247 652 480 530 379 1969 676 399 3259
leaf_count=314600 1121 354 10097 937 2187 5247 652 480 530 379 1969 676 399 3259
internal_value=-0.000359652 -0.00389578 -0.000735965 0.00409306 0.0173367 -0.00180057 -0.0129724 -0.0051463 -0.00405383 -0.0134395 -0.0158775 0.000776699 -0.0247297 -0.0101154
internal_weight=342887 28287 21251 10144 3124 7020 1773 11107 10627 7036 6006 1030 2368 3638
internal_count=342887 28287 21251 10144 3124 7020 1773 11107 10627 7036 6006 1030 2368 3638
is_linear=0
shrinkage=0.04


Tree=52
num_leaves=15
num_cat=0
split_feature=1 3 1 9 3 9 8 1 3 2 9 3 3 2
split_gain=199.124 965.079 738.928 756.067 680.23 439.367 313.249 445.498 278.613 250.879 370.623 362.475 235.905 223.489
threshold=14.890621908456758 18.938612500000001 17.833680642306067 0.71034757157555017 15.272187000000001 0.95853135188789462 0.99998654492179417 18.193559882918528 21.863421500000005 148.84659600000003 0.16100220515860617 29.578951500000006 13.684718000000002 78.07985650000002
decision_type=2 2 2 2 2 2 2 2 2 2 2 2 2 2
left_child=-1 2 3 4 -2 6 9 -8 -9 -3 -11 -12 -5 -10
right_child=1 5 -4 12 -6 -7 7 8 13 10 11 -13 -14 -15
leaf_value=0 -0.043672887901658387 -0.00015069884397526489 -0.01020077240424401 -0.0027262754147912389 -0.00031753519213970337 0.0013932805353375271 0.015927269538019925 -0.037620958697910788 -0.001839775447062346 -0.0031430525344019813 0.00013564585404486997 0.00056602941497989985 0.0026318680994767214 0.0053719205116899036
leaf_weight=243563 1720 75345 4177 446 2336 1151 1404 538 412 336 4922 1786 1806 2815
leaf_count=243563 1720 75345 4177 446 2336 1151 1404 538 412 336 4922 1786 1806 2815
internal_value=-0.000384529 -0.00189528 -0.0133715 -0.0047305 -0.0150493 -0.00053884 -0.0008616 0.00869027 0.00151926 -0.00146087 0.00575809 0.00781157 0.0138544 0.00596219
internal_weight=342757 99194 10485 6308 4056 88709 87558 5169 3765 82389 7044 6708 2252 3227
internal_count=342757 99194 10485 6308 4056 88709 87558 5169 3765 82389 7044 6708 2252 3227
is_linear=0
shrinkage=0.04


Tree=53
num_leaves=15
num_cat=0
split_feature=0 3 9 2 1 2 3 2 1 8 8 3 8 2
split_gain=222.343 1214.34 751.061 371.959 324.109 264.505 217.201 221.811 218.514 216.404 340.235 270.026 215.002 207.468
threshold=13.640689465938094 15.860369000000002 0.18402941859047947 108.808834 15.867511896211697 103.16533700000001 18.769620500000006 150.77731350000002 17.010643537354259 0.94281462521098469 0.9999951609566764 33.969299000000014 0.98317876819490224 81.332329000000016
decision_type=2 2 2 2 2 2 2 2 2 2 2 2 2 2
left_child=-1 -2 3 9 -5 13 8 -8 -6 11 12 -3 -11 -4
right_child=1 2 5 4 6 -7 7 -9 -10 10 -12 -13 -14 -15
leaf_value=0 -0.039034830632650341 -0.00072989565970185135 -0.0087230227396751254 0.024863338344042332 0.0064841385900123935 -0.0029749316136179118 -0.00057557112008126479 -0.003779492532051698 -0.065539400905354095 -0.00019289252440109428 0.0035617648604381658 0.005588311908049399 -0.041073506439072774 0.0051503192541136065
leaf_weight=314528 1786 498 371 558 182 6565 8660 257 508 1064 4183 2131 568 931
leaf_count=314528 1786 498 371 558 182 6565 8660 257 508 1064 4183 2131 568 931
internal_value=-0.000377607 -0.0037761 -0.0016226 0.00275781 -0.00239646 -0.0119842 -0.00411783 -0.00244477 -0.0257391 0.00896258 0.00465692 0.0184861 -0.0108333 0.00448541
internal_weight=342790 28262 26476 18609 10165 7867 9607 8917 690 8444 5815 2629 1632 1302
internal_count=342790 28262 26476 18609 10165 7867 9607 8917 690 8444 5815 2629 1632 1302
is_linear=0
shrinkage=0.04


Tree=54
num_leaves=15
num_cat=0
split_feature=1 3 10 8 9 2 9 3 3 10 8 8 3 10
split_gain=194.463 423.771 277.871 282.192 206.007 250.141 231.782 196.681 155.055 166.485 145.334 138.597 136.303 129.036
threshold=30.296426463157974 35.265982500000007 -38.535031805586719 0.11590083897487431 0.80889307745971584 117.71670500000002 0.55650785899935951 27.228291500000005 31.394741000000003 -31.917324916511493 0.81222141101563061 0.41198562304263137 23.229146500000002 -35.339159603021379
decision_type=2 2 2 2 2 2 2 2 2 2 2 2 2 2
left_child=-1 2 -2 8 5 10 -7 -5 9 -4 11 -3 -11 -8
right_child=1 4 3 7 -6 6 13 -9 -10 12 -12 -13 -14 -15
leaf_value=0 -0.012594534057062621 -1.4462720820049291e-07 -0.0012288358508760232 -0.011623846697521248 8.7449233509585971e-05 -0.010434989948000593 -0.00036098889708853998 -0.0019435587521072289 0.0045654711633396688 -0.0017916719862385022 0.0033306916177643585 -0.0038281445475687849 0.0012065559010056538 -0.0014799238243956893
leaf_weight=315104 776 3687 647 788 11299 838 2534 1292 326 136 2354 1730 411 909
leaf_count=315104 776 3687 647 788 11299 838 2534 1292 326 136 2354 1730 411 909
internal_value=-0.000356094 -0.00356764 -0.0149909 -0.0103111 -0.00142692 -0.00506472 -0.0128288 -0.0198846 0.00278947 -0.0038861 -0.000787543 -0.00439358 0.0123583 -0.008237
internal_weight=342831 27727 4376 3600 23351 12052 4281 2080 1520 1194 7771 5417 547 3443
internal_count=342831 27727 4376 3600 23351 12052 4281 2080 1520 1194 7771 5417 547 3443
is_linear=0
shrinkage=0.04


Tree=55
num_leaves=15
num_cat=0
split_feature=0 3 2 1 9 3 8 3 8 0 10 2 1 3
split_gain=226.134 1194.98 689.978 419.31 296.571 260.24 355.365 242.616 319.922 269.586 232.75 154.865 187.804 333.328
threshold=13.773709202554668 15.860369000000002 108.808834 16.452959481661207 0.084354176715870546 51.704191000000009 0.9998701749499167 18.938612500000001 0.82744814221986307 17.140230728334348 -16.56001993352238 150.77731350000002 20.41244404576819 23.410586000000006
decision_type=2 2 2 2 2 2 2 2 2 2 2 2 2 2
left_child=-1 -2 5 4 -4 10 -7 -5 9 -9 -3 12 -10 -14
right_child=1 2 3 7 -6 6 -8 8 11 -11 -12 -13 13 -15
leaf_value=0 -0.040370568612203325 -0.00021366059530517046 0.032122892685279451 -0.05709330968888273 -0.0029237233140979035 0.006272527879656431 -0.055904082991094839 -0.0011215085218228738 0.0014399782280120027 -0.0076489757321039848 0.0047679935973042086 -0.0050604348228808363 -0.061096703646150968 -0.001376753855586243
leaf_weight=315843 1644 6019 783 714 172 1918 151 3202 2946 2586 2037 184 584 4533
leaf_count=315843 1644 6019 783 714 172 1918 151 3202 2946 2586 2037 184 584 4533
internal_value=-0.000338231 -0.00381902 -0.00171435 -0.00696383 0.0187225 0.00642765 0.0190817 -0.00862703 -0.0074699 -0.0146786 0.00317776 -0.00241057 -0.00158254 -0.00621458
internal_weight=343316 27473 25829 15704 955 10125 2069 14749 14035 5788 8056 8247 8063 5117
internal_count=343316 27473 25829 15704 955 10125 2069 14749 14035 5788 8056 8247 8063 5117
is_linear=0
shrinkage=0.04


Tree=56
num_leaves=15
num_cat=0
split_feature=0 3 2 2 10 3 1 2 3 8 8 8 3 8
split_gain=193.582 907.339 636.123 404.363 546.013 412.304 656.998 308.723 348.646 349.478 300.943 491.949 534.327 277.673
threshold=4.3322411613178842 4.7482865000000007 114.55212000000002 68.541938500000015 -7.0078621993681187 13.885851000000001 13.125890585094838 163.24290500000004 25.044603000000006 0.8402299463326971 0.85847009517480422 0.96556027479056594 51.704191000000009 0.99999995294695732
decision_type=2 2 2 2 2 2 2 2 2 2 2 2 2 2
left_child=-1 -2 3 -3 5 6 -5 -4 -9 -10 -7 -12 13 -13
right_child=1 2 7 4 -6 10 -8 8 9 -11 11 12 -14 -15
leaf_value=0 -0.017680098214234326 0.0013706935267963787 -0.00052842222111201462 -0.00032884006081311464 -0.00074381209812531793 -3.3245667289849012e-05 -0.039416098010116841 -0.0004873704953511692 0.00067420467788232186 -0.0023744174067581508 0.0022430218970572518 -0.001038078228057183 -0.014387945040636297 0.0020234674594382918
leaf_weight=221597 1113 5361 47395 3630 7946 23519 1148 2780 1681 151 8925 5245 700 11776
leaf_count=221597 1113 5361 47395 3630 7946 23519 1148 2780 1681 151 8925 5245 700 11776
internal_value=-0.000322247 -0.00160633 -0.00127361 0.00126593 0.000366996 0.00178439 -0.00944328 -0.0046063 0.0052732 0.018821 0.00285378 0.00576447 0.00190734 0.0033159
internal_weight=342967 121370 120257 68250 62889 54943 4778 52007 4612 1832 50165 26646 17721 17021
internal_count=342967 121370 120257 68250 62889 54943 4778 52007 4612 1832 50165 26646 17721 17021
is_linear=0
shrinkage=0.04


Tree=57
num_leaves=15
num_cat=0
split_feature=0 3 2 9 1 3 3 8 8 8 0 1 2 2
split_gain=216.81 1155.85 567.488 342.715 322.452 410.263 245.135 348.961 212.183 171.88 154.264 141.104 136.632 131.859
threshold=13.640689465938094 15.272187000000001 108.44549950000001 0.09007544160657617 16.878340123463158 19.737917500000005 51.704191000000009 0.9998701749499167 0.9999951609566764 0.98317876819490224 18.149297761826571 19.837974986103458 111.34319300000001 81.332329000000016
decision_type=2 2 2 2 2 2 2 2 2 2 2 2 2 2
left_child=-1 -2 6 4 -4 -6 8 -8 9 13 11 -5 -12 -3
right_child=1 2 3 10 5 -7 7 -9 -10 -11 12 -13 -14 -15
leaf_value=0 -0.042588967269371544 -0.011366169156866213 0.019391437727726488 -0.0056733081189776846 -0.050499960998377544 -0.00013017105255699353 0.0064748510640005906 -0.053407555468610993 0.0028604977873356425 -0.028993331958046244 -0.0011955604879276976 -0.0007443068687727828 -0.0097865295426826492 0.00026969238458928515
leaf_weight=314957 1416 434 1277 979 737 5930 1801 154 4305 404 673 4160 2770 3247
leaf_count=314957 1416 434 1277 979 737 5930 1801 154 4305 404 673 4160 2770 3247
internal_value=-0.000292387 -0.0036469 -0.00179078 -0.00638993 -0.00040282 -0.0039298 0.00555631 0.018312 0.00258403 -0.00394614 -0.011932 -0.00754232 -0.0184839 -0.00122793
internal_weight=343244 28287 26871 16526 7944 6667 10345 1955 8390 4085 8582 5139 3443 3681
internal_count=343244 28287 26871 16526 7944 6667 10345 1955 8390 4085 8582 5139 3443 3681
is_linear=0
shrinkage=0.04


Tree=58
num_leaves=15
num_cat=0
split_feature=0 3 9 1 3 8 3 1 3 2 2 8 2 8
split_gain=215.228 1162.55 539.464 264.966 558.845 276.97 235.753 246.837 349.676 221.951 218.613 203.802 177.047 173.361
threshold=13.640689465938094 15.571966000000002 0.18402941859047947 16.60618864941571 19.259264000000005 0.96219742137303854 51.704191000000009 21.340205235633995 23.980261500000001 124.88185500000002 103.16533700000001 0.9999005005767353 149.72863750000002 0.9999005005767353
decision_type=2 2 2 2 2 2 2 2 2 2 2 2 2 2
left_child=-1 -2 3 5 -5 -3 7 12 -9 13 -4 -10 -6 -8
right_child=1 2 10 4 6 -7 9 8 11 -11 -12 -13 -14 -15
leaf_value=0 -0.037328142266141943 -0.0015289677291253801 0.0013965924579319611 -0.05061808468427742 0.0010739998656508964 0.0074282430827432413 0.0035364948412396182 -0.083516819194564648 -0.014852584006073562 -0.011606365287460525 -0.002671465866428462 0.004418302545242162 -0.0048791955882285893 -0.070671124097773957
leaf_weight=314917 1629 831 1315 899 6135 3054 3040 557 2196 137 6539 1669 178 98
leaf_count=314917 1629 831 1315 899 6135 3054 3040 557 2196 137 6539 1669 178 98
internal_value=-0.000268536 -0.00361142 -0.00160612 0.002073 -0.000351466 0.0113771 0.00161028 -0.00125571 -0.00850294 0.0110046 -0.01041 -0.00423286 0.00382069 0.0131804
internal_weight=343194 28277 26648 18794 14909 3885 14010 10735 4422 3275 7854 3865 6313 3138
internal_count=343194 28277 26648 18794 14909 3885 14010 10735 4422 3275 7854 3865 6313 3138
is_linear=0
shrinkage=0.04


Tree=59
num_leaves=15
num_cat=0
split_feature=0 3 9 1 3 3 10 3 9 8 10 3 8 8
split_gain=181.052 1118.8 456.03 220.37 265.257 231.029 306.974 416.309 343.186 229.376 197.782 364.166 218.982 349.851
threshold=13.640689465938094 15.272187000000001 0.15404064712722135 14.532939006020543 16.370458000000003 51.704191000000009 -16.56001993352238 19.259264000000005 0.034872826811999054 0.94784729272584134 -22.074267719264068 25.044603000000006 0.99616426479917164 0.88136001536647879
decision_type=2 2 2 2 2 2 2 2 2 2 2 2 2 2
left_child=-1 -2 3 -3 -5 6 7 -6 -8 -7 11 -9 13 -12
right_child=1 2 -4 4 5 9 8 10 -10 -11 12 -13 -14 -15
leaf_value=0 -0.039966057754569302 0.0090864765809198188 -0.0019229876458854323 -0.017498767436863877 -0.047606689106731076 0.0036689574574107846 0.0083072106422756847 -0.08557721117297401 -0.0016491621832759051 -0.025788615623158654 0.0025164950822863241 -0.0030107469667145859 0.0023885319146924478 -0.0029771755155091916
leaf_weight=314478 1442 998 8669 341 898 2898 1725 555 702 238 859 3202 3614 2205
leaf_count=314478 1442 998 8669 341 898 2898 1725 555 702 238 859 3202 3614 2205
internal_value=-0.000282594 -0.00334439 -0.00150461 0.0020861 0.00102802 0.00173295 -0.0005 -0.0032648 0.0124104 0.0115306 -0.00101581 -0.00835773 0.00311471 -0.00475196
internal_weight=342824 28346 26904 18235 17237 16896 13760 11333 2427 3136 10435 3757 6678 3064
internal_count=342824 28346 26904 18235 17237 16896 13760 11333 2427 3136 10435 3757 6678 3064
is_linear=0
shrinkage=0.04


Tree=60
num_leaves=15
num_cat=0
split_feature=0 2 8 8 8 2 1 0 1 1 2 2 9 9
split_gain=200.624 307.091 257.446 146.026 322.317 137.66 136.459 119.898 118.611 122.156 113.018 182.189 117.168 168.837
threshold=13.773709202554668 113.64054500000002 0.99616426479917164 0.94281462521098469 0.84690346188549948 75.863865000000018 23.020764661086407 17.437847972660673 19.837974986103458 24.044793340063183 103.16533700000001 81.80974550000002 0.38572993904612163 0.19942935905051021
decision_type=2 2 2 2 2 2 2 2 2 2 2 2 2 2
left_child=-1 3 7 4 10 -5 -4 8 -3 -10 11 -2 13 -12
right_child=1 2 6 5 -6 -7 -8 -9 9 -11 12 -13 -14 -15
leaf_value=0 -0.0079828387055071032 -0.0041867608958849559 0.0018803748593677306 0.0074939131541342519 0.0031604940562602059 -0.0015365666041723411 -0.026323939719705505 -0.0061322387040806036 0.0018602043242339594 -0.0011074906788073396 7.0234906678277588e-05 0.0049644508465874317 0.00078266685254908656 -0.0062260491497126338
leaf_weight=315508 388 1417 2370 267 3465 8511 605 4551 703 2315 568 955 535 858
leaf_count=315508 388 1417 2370 267 3465 8511 605 4551 703 2315 568 955 535 858
internal_value=-0.000289316 -0.00356551 -0.00838391 0.000141506 0.00455606 -0.0032627 0.00181513 -0.0117605 -0.00708005 -0.00259775 -0.00438257 0.00455696 -0.0105048 -0.0164937
internal_weight=343016 27508 11961 15547 6769 8778 2975 8986 4435 3018 3304 1343 1961 1426
internal_count=343016 27508 11961 15547 6769 8778 2975 8986 4435 3018 3304 1343 1961 1426
is_linear=0
shrinkage=0.04


Tree=61
num_leaves=15
num_cat=0
split_feature=1 3 10 3 8 8 9 2 9 1 10 8 9 2
split_gain=145.703 414.974 219.833 280.538 233.35 194.264 172.381 216.808 204.394 124.262 120.8 84.9033 112.886 116.881
threshold=30.296426463157974 33.382295500000005 -36.037709381028542 27.228291500000005 0.27823164299441522 0.085536362565564225 0.80889307745971584 117.71670500000002 0.52726002222593082 32.199598540922111 -35.339159603021379 0.81222141101563061 0.5891140601720315 107.61035550000001
decision_type=2 2 2 2 2 2 2 2 2 2 2 2 2 2
left_child=-1 2 -2 5 9 -4 7 11 -9 -5 -10 12 13 -3
right_child=1 6 3 4 -6 -7 -8 8 10 -11 -12 -13 -14 -15
leaf_value=0 -0.014224351011592251 -0.00017361713022081491 -0.0001373502309761021 0.0024776723180711434 -0.07673095987915389 -0.008882559857080705 8.0700866310440549e-05 -0.010917844661434728 -0.00030543111168769013 -6.9388654421972322e-05 -0.0014024998047955583 0.0025824392518694339 2.8971232076115684e-05 -0.0054639916274340696
leaf_weight=315307 746 829 563 462 231 1021 11919 733 2603 580 1017 2471 3679 922
leaf_count=315307 746 829 563 462 231 1021 11919 733 2603 580 1017 2471 3679 922
internal_value=-0.000290076 -0.0030674 -0.0157313 -0.0106825 0.00329929 -0.0219192 -0.00117983 -0.00451118 -0.0116793 0.0113628 -0.00777901 -0.000561954 -0.00335912 -0.011719
internal_weight=343083 27776 3603 2857 1273 1584 24173 12254 4353 1042 3620 7901 5430 1751
internal_count=343083 27776 3603 2857 1273 1584 24173 12254 4353 1042 3620 7901 5430 1751
is_linear=0
shrinkage=0.04


Tree=62
num_leaves=15
num_cat=0
split_feature=0 3 2 9 10 3 10 3 3 8 8 8 0 2
split_gain=194.865 1078.3 487.684 326.767 392.339 439.669 347.679 199.94 162.868 328.575 172.243 171.151 145.974 205.44
threshold=13.773709202554668 15.860369000000002 108.44549950000001 0.0024141399299112969 -17.932538417000142 21.502308500000002 -21.274315947241657 25.551740500000005 53.00491000000001 0.9998701749499167 0.9999951609566764 0.98317876819490224 18.149297761826571 78.07985650000002
decision_type=2 2 2 2 2 2 2 2 2 2 2 2 2 2
left_child=-1 -2 8 4 5 -4 7 -7 10 -10 11 -3 -12 -14
right_child=1 2 3 -5 -6 6 -8 -9 9 -11 12 -13 13 -15
leaf_value=0 -0.034071058379571431 -2.913170385098196e-05 -0.045903240170494047 -0.0022975780785818144 0.026012980057450587 -0.048043681189545176 0.018440405966356866 0.0045683534303908634 0.0057737488209019172 -0.047351400996862358 0.0047805709397843402 -0.032179847740030063 -0.0019094225004383115 0.0022361136533464144
leaf_weight=315293 1651 3508 765 11914 1244 481 829 820 1758 154 1928 384 406 1680
leaf_count=315293 1651 3508 765 11914 1244 481 829 820 1758 154 1928 384 406 1680
internal_value=-0.00024573 -0.00347358 -0.00147346 -0.00576839 0.00391399 -0.00415889 0.0051831 -0.00771714 0.00554899 0.0160251 0.00301543 -0.00298047 0.0088291 0.00149569
internal_weight=342815 27522 25871 16053 4139 2895 2130 1301 9818 1912 7906 3892 4014 2086
internal_count=342815 27522 25871 16053 4139 2895 2130 1301 9818 1912 7906 3892 4014 2086
is_linear=0
shrinkage=0.04


Tree=63
num_leaves=15
num_cat=0
split_feature=0 3 2 1 3 9 9 0 2 3 8 1 1 3
split_gain=184.355 1039.08 443.816 276.058 415.198 363.017 178.386 251.971 171.478 147.767 311.433 153.748 104.279 321.755
threshold=13.773709202554668 15.571966000000002 108.44549950000001 17.314314890267429 19.570866000000006 0.046959798846665297 0.16744789356510406 17.785545397494101 134.53521750000002 51.704191000000009 0.9998701749499167 14.78101522046266 20.561484134264809 23.410586000000006
decision_type=2 2 2 2 2 2 2 2 2 2 2 2 2 2
left_child=-1 -2 9 5 -5 -4 12 -8 -9 11 -11 -3 -6 -14
right_child=1 2 3 4 6 -7 7 8 -10 10 -12 -13 13 -15
leaf_value=0 -0.035388979227565398 0.0072540678482267834 0.024546824642693858 -0.055649940050055115 0.0010869978169556983 -0.0026310954388689806 -0.00076032007141119302 -0.0083413486519881789 0.00097244058098121093 0.0055288648822279579 -0.04519498199998713 0.00020242196812144371 -0.059724020193346467 -0.00073386011034488798
leaf_weight=315326 1511 769 1276 737 2511 541 3648 2032 298 1781 157 7210 502 4561
leaf_count=315326 1511 769 1276 737 2511 541 3648 2032 298 1781 157 7210 502 4561
internal_value=-0.000272181 -0.00341106 -0.00153864 -0.00563765 -0.00750507 0.00904788 -0.00591499 -0.0110806 -0.0213562 0.00511848 0.0150258 0.00271212 -0.00183787 -0.0051432
internal_weight=342860 27534 26023 16106 14289 1817 13552 5978 2330 9917 1938 7979 7574 5063
internal_count=342860 27534 26023 16106 14289 1817 13552 5978 2330 9917 1938 7979 7574 5063
is_linear=0
shrinkage=0.04


Tree=64
num_leaves=15
num_cat=0
split_feature=0 3 8 1 3 3 3 10 9 0 8 1 3 10
split_gain=184.29 963.842 346.964 375.141 479.018 270.81 191.982 241.041 183.598 392.471 218.397 136.249 160.568 105.667
threshold=13.773709202554668 15.374875500000002 0.99998654492179417 18.193559882918528 21.592163000000003 51.704191000000009 16.271464000000005 -14.332970699894407 0.20517901725635643 19.899726828421613 0.9998701749499167 21.340205235633995 23.980261500000001 -23.060421245650172
decision_type=2 2 2 2 2 2 2 2 2 2 2 2 2 2
left_child=-1 -2 5 6 -5 11 7 -4 10 -10 -7 -3 -13 -6
right_child=1 2 3 4 13 8 -8 -9 9 -11 -12 12 -14 -15
leaf_value=0 -0.036694674609089144 -0.00073059637866393996 -0.014482133532545838 -0.05334288736450539 -0.0025036182091552239 0.0027924148462724441 0.0076094210619353196 0.01296344979384708 0.00014765163220101574 -0.01682066522497451 -0.043387182719987642 -0.06334268676229024 -0.0035082482861390008 0.0039210013635924534
leaf_weight=315510 1356 6162 243 729 1354 3647 2720 128 2105 520 147 422 6038 1951
leaf_count=315510 1356 6162 243 729 1354 3647 2720 128 2105 520 147 422 6038 1951
internal_value=-0.000261783 -0.00340092 -0.00169686 0.00583298 -0.00220129 -0.00451447 0.0163183 -0.0106739 0.00217479 -0.0059581 0.00780179 -0.00791634 -0.0119752 0.00427231
internal_weight=343032 27522 26166 7125 4034 19041 3091 371 6419 2625 3794 12622 6460 3305
internal_count=343032 27522 26166 7125 4034 19041 3091 371 6419 2625 3794 12622 6460 3305
is_linear=0
shrinkage=0.04


Tree=65
num_leaves=15
num_cat=0
split_feature=0 3 2 1 3 8 1 3 8 2 1 3 10 3
split_gain=171.933 1017.77 436.308 260.553 404.612 396.241 161.674 285.969 178.973 165.377 181.436 160.221 216.222 150.307
threshold=13.933802116553297 15.956332500000002 108.44549950000001 17.577169465529888 19.737917500000005 0.99900680145588983 21.897640201160986 24.342867000000002 0.99826036913579197 122.60666250000001 19.48517055550958 22.401631500000004 -19.449054709648681 17.776307000000003
decision_type=2 2 2 2 2 2 2 2 2 2 2 2 2 2
left_child=-1 -2 -3 5 -5 -4 8 -8 9 -6 -11 12 -10 -7
right_child=1 2 3 4 6 13 7 -9 11 10 -12 -13 -14 -15
leaf_value=0 -0.031137859906303005 0.0014629207887696604 -0.0018155370110180902 -0.052780015405230855 -0.0032487032267287407 0.00026154469639175785 -0.073258964714032301 -0.0018684551160470619 -0.030476985978577786 -0.0024497930746649509 0.0020605064783083158 0.045208600833632262 0.012871269855502149 0.069891025386454725
leaf_weight=316443 1519 9536 1021 725 1397 228 544 8745 235 353 815 713 322 630
leaf_count=316443 1519 9536 1021 725 1397 228 544 8745 235 353 815 713 322 630
internal_value=-0.000224808 -0.00330209 -0.00139012 -0.00548321 -0.00737959 0.00849388 -0.00577263 -0.00862526 0.0011369 -0.00494347 0.00616438 0.0134173 -0.00265709 0.0285315
internal_weight=343226 26783 25264 15728 13849 1879 13124 9289 3835 2565 1168 1270 557 858
internal_count=343226 26783 25264 15728 13849 1879 13124 9289 3835 2565 1168 1270 557 858
is_linear=0
shrinkage=0.04


Tree=66
num_leaves=15
num_cat=0
split_feature=0 2 8 8 2 2 9 0 2 9 0 8 10 8
split_gain=193.911 254.01 175.395 262.904 140.466 119.042 127.474 124.2 164.662 159.199 115.165 86.7415 403.819 209.506
threshold=13.933802116553297 113.36869400000002 0.94281462521098469 0.84690346188549948 75.863865000000018 155.81920600000004 0.001015830201542667 19.145454732382152 125.74750500000002 0.084354176715870546 22.683131168082333 0.9999850405617442 -7.7087001137110631 0.12891934765048699
decision_type=2 2 2 2 2 2 2 2 2 2 2 2 2 2
left_child=11 2 3 -2 -4 6 10 8 -8 -9 -3 13 -13 -1
right_child=1 5 4 -5 -6 -7 7 9 -10 -11 -12 12 -14 -15
leaf_value=0 -0.00077713714414074655 0.016522046328973646 0.0067064993974473696 0.0030891921513959081 -0.0017522676597479031 -0.0047743194025569573 -0.0023166492437062727 -0.0014569179842087113 0.0001254330829736916 -0.011081436650719151 -0.021816196454611924 0.0025630385000230227 -8.877415938831483e-06 -0.00010743031291431527
leaf_weight=165809 3080 1559 248 3335 8204 362 2812 1704 3048 1779 623 10393 39637 100336
leaf_count=165809 3080 1559 248 3335 8204 362 2812 1704 3048 1779 623 10393 39637 100336
internal_value=-0.000282507 -0.00355237 -6.72631e-05 0.00491972 -0.00385234 -0.00791116 -0.00720174 -0.00923472 -0.00567918 -0.0152168 0.00150321 -5.81956e-06 0.00152229 -0.000293073
internal_weight=342929 26754 14867 6415 8452 11887 11525 9343 5860 3483 2182 316175 50030 266145
internal_count=342929 26754 14867 6415 8452 11887 11525 9343 5860 3483 2182 316175 50030 266145
is_linear=0
shrinkage=0.04


Tree=67
num_leaves=15
num_cat=0
split_feature=8 2 1 3 8 2 3 2 8 5 10 9 8 3
split_gain=138.137 348.161 346.749 832.457 262.958 283.04 265.919 255.133 245.462 227.197 213.105 196.199 198.683 186.667
threshold=0.12891934765048699 117.40713100000001 26.137764387964385 24.684089500000002 0.3652361689940205 166.55858600000002 15.374875500000002 128.56581900000003 0.99949182122444447 1.0000000180025095e-35 -29.45386121872254 0.52726002222593082 0.93478359790070265 4.504458500000001
decision_type=2 2 2 2 2 2 2 2 2 2 2 2 2 2
left_child=-1 9 4 -4 -3 8 -7 11 -6 -2 -9 12 -5 -11
right_child=1 2 3 7 5 6 -8 10 -10 13 -12 -13 -14 -15
leaf_value=0 -0.15031229091870738 8.7805622500534427e-05 -0.0149486108439877 -0.0088680374505149245 -0.0011556791123832877 -0.0009144519473461174 0.0005499173208561506 -0.00044533502308533187 0.00088423070434208223 -0.00032784798107755164 0.0012988759407197665 -0.0004063885830559072 0.0016773199802322617 2.6081757993767172e-05
leaf_weight=165987 225 17963 1654 1471 14321 1200 1872 3088 2809 3153 2036 7370 401 119608
leaf_count=165987 225 17963 1654 1471 14321 1200 1872 3088 2809 3153 2036 7370 401 119608
internal_value=-0.000242104 -0.0010189 -0.00369032 -0.00862921 -0.00161719 -0.00474804 0.00643229 -0.00553529 -0.00675306 0.000158067 0.00162373 -0.00950444 -0.0210684 0.00023167
internal_weight=343158 177171 54185 16020 38165 20202 3072 14366 17130 122986 5124 9242 1872 122761
internal_count=343158 177171 54185 16020 38165 20202 3072 14366 17130 122986 5124 9242 1872 122761
is_linear=0
shrinkage=0.04


Tree=68
num_leaves=15
num_cat=0
split_feature=0 3 1 3 2 3 2 9 1 3 3 1 8 3
split_gain=162.094 960.233 380.063 414.371 273.109 187.837 165.656 132.957 180.391 204.914 141.957 228.677 120.276 100.109
threshold=14.109612274405011 15.956332500000002 16.60618864941571 18.938612500000001 111.92917250000001 81.895191000000011 81.332329000000016 0.001015830201542667 22.336802531036341 25.697482000000004 22.227123500000005 18.886667291271703 0.99998654492179417 51.159682000000011
decision_type=2 2 2 2 2 2 2 2 2 2 2 2 2 2
left_child=-1 -2 12 -4 6 7 -5 8 10 -10 11 -6 -3 -8
right_child=1 2 3 4 5 -7 13 -9 9 -11 -12 -13 -14 -15
leaf_value=0 -0.031890956175047239 0.00062945410795864256 -0.046996525076072652 -0.001668889987784687 0.038961577671011348 -0.011053205080657847 0.00052831195313001291 -0.0015751665378894836 -0.076653757969367894 0.0073563514591254969 0.074369408553883659 -0.032334685433245552 0.0073721731937415203 0.0028847526119090252
leaf_weight=316891 1310 1048 824 1191 222 652 5721 8913 287 466 497 232 1653 2887
leaf_count=316891 1310 1048 824 1191 222 652 5721 8913 287 466 497 232 1653 2887
internal_value=-0.000229876 -0.00327221 -0.00149473 -0.00324137 -0.00215303 -0.00639986 0.00273089 -0.00512009 0.00511737 -0.00950863 0.0166982 0.000528634 0.012662 0.00466543
internal_weight=342794 25903 24593 21892 21068 11269 9799 10617 1704 753 951 454 2701 8608
internal_count=342794 25903 24593 21892 21068 11269 9799 10617 1704 753 951 454 2701 8608
is_linear=0
shrinkage=0.04


Tree=69
num_leaves=15
num_cat=0
split_feature=0 3 2 3 1 3 1 10 2 2 8 3 3 10
split_gain=151.017 923.691 571.762 319.7 964.363 492.648 1049 460.016 431.539 416.148 374.333 371.693 329.971 308.394
threshold=4.3740559602184037 4.9032800000000014 68.541938500000015 13.684718000000002 13.008944721902667 17.250080500000003 14.532939006020543 -6.7996325224528418 117.10308450000001 152.71772800000002 0.8402299463326971 25.044603000000006 15.668368500000001 -16.952047136709087
decision_type=2 2 2 2 2 2 2 2 2 2 2 2 2 2
left_child=-1 -2 -3 4 -4 6 -5 8 -7 -10 11 -11 -8 -14
right_child=1 2 3 5 -6 7 12 -9 9 10 -12 -13 13 -15
leaf_value=0 -0.015655180916184806 0.0013426034262756068 -0.00039083343423281999 0.0042216383708463517 -0.031082712877535033 0.00012116292337843726 -0.01905997925037764 -0.00084385847400773254 -0.00050873155670145697 -0.00083003643864874605 -0.0028426292092446461 0.00060178547541745624 -0.021716392255807043 0.0022403001089214979
leaf_weight=222438 1413 5209 7219 10409 1884 48085 1733 3622 35310 1223 268 2209 412 1413
leaf_count=222438 1413 5209 7219 10409 1884 48085 1733 3622 35310 1223 268 2209 412 1413
internal_value=-0.000197406 -0.00133844 -0.000956671 -0.00154991 -0.00873998 -0.000924688 0.00606859 -0.00200139 -0.00142052 -0.00454653 0.00821622 0.0117716 -0.0126813 -0.000810959
internal_weight=342847 120409 118996 113787 9103 104684 13967 90717 87095 39010 3700 3432 3558 1825
internal_count=342847 120409 118996 113787 9103 104684 13967 90717 87095 39010 3700 3432 3558 1825
is_linear=0
shrinkage=0.04


Tree=70
num_leaves=15
num_cat=0
split_feature=0 3 10 3 2 3 10 2 9 0 3 3 10 3
split_gain=171.724 950.276 327.172 345.559 288.981 187.787 176.144 144.395 115.663 200.248 201.572 135.25 208.74 96.7889
threshold=14.29807286355129 16.063468500000003 -16.56001993352238 19.100779000000003 111.92917250000001 81.895191000000011 -17.178482354228745 81.332329000000016 0.001015830201542667 21.988922690287158 25.697482000000004 22.227123500000005 -18.928881088043557 51.704191000000009
decision_type=2 2 2 2 2 2 2 2 2 2 2 2 2 2
left_child=-1 -2 3 6 7 8 -3 -5 9 11 -11 12 -6 -10
right_child=1 2 -4 4 5 -7 -8 -9 13 10 -12 -13 -14 -15
leaf_value=0 -0.032435708062022645 -0.052295528611478341 0.004993455378212509 -0.0015274209922035442 -0.028412259731581742 -0.010313705618786284 0.0037468660519557211 0.0016196515897526072 -0.0027706215291605453 -0.066113813902356877 0.0070698487734269372 0.080957470971594211 0.039087991123183861 -0.00012340252748060222
leaf_weight=318221 1155 732 2400 1175 222 650 150 8431 6181 334 468 464 213 2572
leaf_count=318221 1155 732 2400 1175 222 650 150 8431 6181 334 468 464 213 2572
internal_value=-0.000201184 -0.00338331 -0.00167723 -0.00323453 -0.00219025 -0.00658501 -0.0277551 0.00288986 -0.00528793 0.00425632 -0.0102743 0.0172191 0.0011954 -0.00714269
internal_weight=343368 25147 23992 21592 20710 11104 882 9606 10454 1701 802 899 435 8753
internal_count=343368 25147 23992 21592 20710 11104 882 9606 10454 1701 802 899 435 8753
is_linear=0
shrinkage=0.04


Tree=71
num_leaves=15
num_cat=0
split_feature=0 3 2 9 2 2 10 3 8 9 10 3 0 3
split_gain=156.626 502.858 235.661 328.637 228.771 138.789 98.5211 280.406 129.384 90.087 271.339 541.661 319.868 497.886
threshold=18.149297761826571 20.732962000000004 110.75448600000001 0.12249758379366606 78.07985650000002 134.53521750000002 -20.388688372890929 23.410586000000006 0.99865104816809669 1.3476125809930297e-05 -3.7845467311255638 4.504458500000001 4.3740559602184037 13.791527000000002
decision_type=2 2 2 2 2 2 2 2 2 2 2 2 2 2
left_child=9 -2 4 6 -3 -5 7 -4 -8 10 11 -1 -13 -14
right_child=1 2 3 5 -6 -7 8 -9 -10 -11 -12 12 13 -15
leaf_value=-0.009626321861088678 -0.056309647480042815 -0.0020959003048057648 -0.046757865070741041 -0.008037746430795167 0.0017116205168604375 0.0010306841304233228 -7.8492488280341161e-05 -3.0118972826571749e-05 0.042778124930729203 0 -3.1355931119045209e-05 0.0049408607508306295 -0.0017321275676659554 0.0015830047848216255
leaf_weight=704 721 472 463 2155 5606 257 643 3158 343 275855 28104 2775 6689 15162
leaf_count=704 721 472 463 2155 5606 257 643 3158 343 275855 28104 2775 6689 15162
internal_value=-0.000199122 -0.00437111 -0.00258074 -0.00757373 0.00318526 -0.0195357 -0.00131105 -0.00436344 0.00989858 -2.40518e-05 0.00147921 0.00448164 0.00547064 0.00384605
internal_weight=343107 13818 13097 7019 6078 2412 4607 3621 986 329289 53434 25330 24626 21851
internal_count=343107 13818 13097 7019 6078 2412 4607 3621 986 329289 53434 25330 24626 21851
is_linear=0
shrinkage=0.04


Tree=72
num_leaves=15
num_cat=0
split_feature=0 3 8 1 3 3 2 8 3 1 2 1 3 3
split_gain=145.225 934.303 278.22 300.087 437.336 221.867 231.03 253.731 198.48 225.397 187.06 199.539 335.967 194.525
threshold=13.773709202554668 15.272187000000001 0.99998654492179417 18.193559882918528 20.894929500000003 51.159682000000011 111.63357150000002 0.95389658193860538 18.267473500000005 14.532939006020543 78.07985650000002 22.795413940654338 26.445131000000003 23.591254500000002
decision_type=2 2 2 2 2 2 2 2 2 2 2 2 2 2
left_child=-1 -2 5 8 -5 -3 7 -7 9 -4 -6 13 -13 -12
right_child=1 2 3 4 10 6 -8 -9 -10 -11 11 12 -14 -15
leaf_value=0 -0.0317802822087783 -0.0018513604805152908 0.013006546116641884 -0.051545740864101568 -0.0016973296399750988 0.0035638284748861515 -0.00077135547968846749 -0.03987241040996984 0.008176629617324141 -0.0055324544877465879 -0.00067296062864229068 -0.073001147888654624 0.0052764897699753852 0.013678416447640432
leaf_weight=315672 1315 12444 426 543 411 2743 3675 154 1925 804 633 423 1065 999
leaf_count=315672 1315 12444 426 543 411 2743 3675 154 1925 804 633 423 1065 999
internal_value=-0.000237157 -0.00302177 -0.00137321 0.0053064 -0.00186549 -0.00391249 0.00203287 0.0104798 0.0145674 0.00201626 0.00327386 0.00661538 -0.00397849 0.0162745
internal_weight=343232 27560 26245 7229 4074 19016 6572 2897 3155 1230 3531 3120 1488 1632
internal_count=343232 27560 26245 7229 4074 19016 6572 2897 3155 1230 3531 3120 1488 1632
is_linear=0
shrinkage=0.04


Tree=73
num_leaves=15
num_cat=0
split_feature=0 3 2 9 2 2 1 3 8 8 5 8 0 3
split_gain=176.345 449.894 190.487 302.996 205.06 121.448 98.9832 281.23 84.1496 79.8163 232.223 211.911 251.626 462.03
threshold=18.149297761826571 20.245031000000004 110.75448600000001 0.12249758379366606 78.994770000000017 134.53521750000002 20.561484134264809 23.980261500000001 0.99865104816809669 0.12891934765048699 1.0000000180025095e-35 0.9999850405617442 7.7763245074852607 13.791527000000002
decision_type=2 2 2 2 2 2 2 2 2 2 2 2 2 2
left_child=9 -2 4 6 -3 -5 8 -8 -4 -1 -11 -12 -13 -14
right_child=1 2 3 5 -6 -7 7 -9 -10 10 11 12 13 -15
leaf_value=0 -0.057749467648462595 -0.0016888869409512036 2.5432059478875391e-05 -0.0076530016939579532 0.0014992681127115324 0.0010233216150015334 -0.045206677885111422 -5.3712846618390461e-05 0.032855594411786149 -0.13923742379150475 -0.00010833774810422384 -6.1095927173793027e-06 -0.0064891363716543032 0.0028699134687325597
leaf_weight=165758 617 532 727 2170 5568 243 552 2969 417 240 109247 39590 3201 11093
leaf_count=165758 617 532 727 2170 5568 243 552 2969 417 240 109247 39590 3201 11093
internal_value=-0.000240636 -0.00467126 -0.00310821 -0.00757276 0.00207213 -0.01908 -0.00162058 -0.00494178 0.0086014 -5.49329e-05 -0.000682373 -0.000624529 0.00142825 0.00597733
internal_weight=342924 13795 13178 7078 6100 2413 4665 3521 1144 329129 163371 163131 53884 14294
internal_count=342924 13795 13178 7078 6100 2413 4665 3521 1144 329129 163371 163131 53884 14294
is_linear=0
shrinkage=0.04


Tree=74
num_leaves=15
num_cat=0
split_feature=0 3 2 9 2 2 10 3 8 9 10 3 10 3
split_gain=163.034 474.118 173.352 257.664 185.936 120.532 86.6415 173.212 137.827 70.3779 250.709 393.289 715.928 339.137
threshold=18.149297761826571 21.771361500000005 111.92917250000001 0.12249758379366606 78.994770000000017 134.53521750000002 -20.846200451486435 24.342867000000002 0.99865104816809669 1.3476125809930297e-05 -7.7087001137110631 13.791527000000002 -12.354463039782035 9.6007285000000007
decision_type=2 2 2 2 2 2 2 2 2 2 2 2 2 2
left_child=9 -2 4 6 -3 -5 7 -4 -8 10 11 12 -1 -14
right_child=1 2 3 5 -6 -7 8 -9 -10 -11 -12 -13 13 -15
leaf_value=-0.025441584560967644 -0.042407389716057349 -0.0015792813606873262 -0.037431431515671999 -0.0077637075461507599 0.0014308545545337293 0.0009823887504014717 -1.7512603183205966e-05 -0.00029141099859686202 0.064604197203526365 0 -9.9078350249687129e-06 0.0027748911113892002 -0.025316315876588776 0.0067437547254051893
leaf_weight=915 1112 531 401 1900 6011 251 760 2541 293 275837 39244 11106 576 1684
leaf_count=915 1112 531 401 1900 6011 251 760 2541 293 275837 39244 11106 576 1684
internal_value=-0.000192795 -0.00445217 -0.00225725 -0.00708103 0.00227453 -0.0182427 -0.00107134 -0.00459551 0.00877493 -1.43307e-05 0.00131303 0.00585113 -0.00656378 0.00552212
internal_weight=343162 13800 12688 6146 6542 2151 3995 2942 1053 329362 53525 14281 3175 2260
internal_count=343162 13800 12688 6146 6542 2151 3995 2942 1053 329362 53525 14281 3175 2260
is_linear=0
shrinkage=0.04


Tree=75
num_leaves=15
num_cat=0
split_feature=0 3 2 2 10 3 1 0 3 2 3 1 3 10
split_gain=156.118 1108.03 482.406 301.631 323.066 438.107 624.299 335.394 328.618 292.342 258.272 227.797 226.205 350.332
threshold=4.4894221817340396 5.2194035000000012 68.541938500000015 118.01324850000002 -7.0078621993681187 13.684718000000002 12.394554495876255 5.0861029955880968 9.9282010000000032 148.84659600000003 15.374875500000002 14.267758019127912 8.581018000000002 -5.6335317931054414
decision_type=2 2 2 2 2 2 2 2 2 2 2 2 2 2
left_child=-1 -2 -3 4 5 6 8 12 -4 -5 11 -11 -6 -14
right_child=1 2 3 9 7 -7 -8 -9 -10 10 -12 -13 13 -15
leaf_value=0 -0.014594953649880874 0.0012135844097702522 -0.012797698247094685 -0.00053065294729787269 0.0087683277044752414 0.00024035155914559146 -0.023599805831499693 -0.0021656404272030198 0.0018084907907511922 -1.7303797171742964e-05 0.0004011232696423535 -0.022179376240424212 0.00093397124680515077 -0.00093345551465837053
leaf_weight=224805 1760 4939 961 33888 598 59618 1582 3383 2026 1529 5226 657 531 1606
leaf_count=224805 1760 4939 961 33888 598 59618 1582 3383 2026 1529 5226 657 531 1606
internal_value=-0.000186413 -0.00136259 -0.000886875 -0.00142825 0.000165564 0.0010027 -0.0109346 -0.0086172 -0.000174088 -0.0041414 0.00305451 -0.00849039 0.0017989 -0.00428638
internal_weight=343109 118304 116544 111605 70305 64187 4569 6118 2987 41300 7412 2186 2735 2137
internal_count=343109 118304 116544 111605 70305 64187 4569 6118 2987 41300 7412 2186 2735 2137
is_linear=0
shrinkage=0.04


Tree=76
num_leaves=15
num_cat=0
split_feature=0 3 1 3 2 3 2 2 10 3 2 9 9 8
split_gain=136.745 943.393 267.826 326.527 202.549 195.507 133.112 114.902 156.141 280.197 139.6 122.163 151.955 106.735
threshold=14.29807286355129 16.162280500000005 16.175765144222318 18.267473500000005 113.36869400000002 84.522488500000023 83.311077000000026 155.81920600000004 -21.274315947241657 23.980261500000001 134.53521750000002 0.084354176715870546 0.55650785899935951 0.99900680145588983
decision_type=2 2 2 2 2 2 2 2 2 2 2 2 2 2
left_child=-1 -2 -3 -4 6 7 -5 8 9 -6 11 -11 -13 -10
right_child=1 2 3 4 5 -7 -8 -9 13 10 -12 12 -14 -15
leaf_value=0 -0.029474256557644459 0.0053816907299279772 -0.044084120681838437 -0.0011492482478261657 -0.058453614383698171 -0.011980003341046019 0.0011670664045857482 -0.0033529216763832181 -0.00015611265914663235 0.00065015324614181537 0.00097267257657812243 -0.0038114226123626806 0.00085205878055066636 0.029334634188286891
leaf_weight=317950 1185 1784 603 1329 530 490 9929 148 2528 1689 885 2715 544 817
leaf_count=317950 1185 1784 603 1329 530 490 9929 148 2528 1689 885 2715 544 817
internal_value=-0.000161923 -0.00299968 -0.00127881 -0.0024767 -0.00166636 -0.00570655 0.00204654 -0.00448052 -0.00394726 -0.00762533 -0.00509515 -0.00771221 -0.0122369 0.00304933
internal_weight=343126 25176 23991 22207 21604 10346 11258 9856 9708 6363 5833 4948 3259 3345
internal_count=343126 25176 23991 22207 21604 10346 11258 9856 9708 6363 5833 4948 3259 3345
is_linear=0
shrinkage=0.04


Tree=77
num_leaves=15
num_cat=0
split_feature=0 3 1 3 2 3 1 2 3 1 3 2 2 9
split_gain=154.275 893.691 238.523 370.14 184.298 177.108 161.983 136.533 105.04 98.5606 256.991 135.302 134.806 129.141
threshold=14.29807286355129 16.063468500000003 16.60618864941571 19.100779000000003 113.36869400000002 81.895191000000011 17.314314890267429 83.827297000000016 17.776307000000003 22.336802531036341 25.223747500000005 133.08221400000002 151.74391950000003 0.084354176715870546
decision_type=2 2 2 2 2 2 2 2 2 2 2 2 2 2
left_child=-1 -2 -3 6 7 9 8 -5 -4 12 -11 13 -6 -12
right_child=1 2 3 4 5 -7 -8 -9 -10 10 11 -13 -14 -15
leaf_value=0 -0.028737277789760082 0.0041623146738465388 -0.023567672334277971 -0.0011981291158023352 0.00054306571586840104 -0.011223197636873589 -0.048371766553012813 0.001129612886432456 0.008506566765384983 -0.055152990085351662 0.0015839150518590017 0.00092347647009491613 -0.0041898417013712368 -0.0025479730117921495
leaf_weight=317894 1161 2467 61 1300 3403 529 720 9399 115 566 1405 921 150 3026
leaf_count=317894 1161 2467 61 1300 3403 529 720 9399 115 566 1405 921 150 3026
internal_value=-0.00016216 -0.00317329 -0.00151941 -0.00286548 -0.00177593 -0.00568 -0.0280357 0.00187307 0.00636364 -0.00442192 -0.00758364 -0.00487294 0.000844357 -0.00777251
internal_weight=343117 25223 24062 21595 20699 10000 896 10699 176 9471 5918 5352 3553 4431
internal_count=343117 25223 24062 21595 20699 10000 896 10699 176 9471 5918 5352 3553 4431
is_linear=0
shrinkage=0.04


Tree=78
num_leaves=15
num_cat=0
split_feature=9 2 1 3 8 8 2 8 1 2 5 3 3 3
split_gain=110.074 209.734 283.895 805.238 251.322 245.754 254.209 213.541 203.167 349.286 195.384 174.518 157.085 150.862
threshold=0.86964989842148577 118.01324850000002 26.137764387964385 24.855747500000003 0.24491812563986989 0.39384590033630679 167.28410300000004 0.99949182122444447 30.641412972438179 121.13692850000001 1.0000000180025095e-35 15.374875500000002 84.522488500000023 27.664471000000002
decision_type=2 2 2 2 2 2 2 2 2 2 2 2 2 2
left_child=1 10 5 -4 8 -3 7 12 9 -5 -1 -8 -7 -10
right_child=-2 2 3 4 -6 6 11 -9 13 -11 -12 -13 -14 -15
leaf_value=-0.13734157132749125 0 0.00010059023431324122 -0.014134246710483142 -0.00071832132626862427 -0.0013833584227243856 -0.0010564153203073815 -0.00060751730023343633 0.00073187769140869736 -0.0058697467918051374 0.002669587346474378 3.6640516342251107e-06 0.00046492643585469923 -0.0034282169340927589 -9.809595629345816e-05
leaf_weight=222 166148 18416 1723 342 5933 12344 1126 2661 256 1686 124430 1784 289 5230
leaf_count=222 166148 18416 1723 342 5933 12344 1126 2661 256 1686 124430 1784 289 5230
internal_value=-0.000178406 -0.000874168 -0.00301371 -0.00761503 -0.0043162 -0.00110759 -0.00440343 -0.00646528 0.000542986 0.0113609 1.47611e-05 0.00643299 -0.00863453 -0.00345607
internal_weight=342590 176442 51790 15170 13447 36620 18204 15294 7514 2028 124652 2910 12633 5486
internal_count=342590 176442 51790 15170 13447 36620 18204 15294 7514 2028 124652 2910 12633 5486
is_linear=0
shrinkage=0.04


Tree=79
num_leaves=15
num_cat=0
split_feature=0 3 1 3 8 3 8 0 3 10 3 8 8 8
split_gain=130.043 901.515 259.864 356.494 119.414 112.756 137.505 132.27 310.029 191.213 233.45 167.366 167.079 254.603
threshold=14.29807286355129 16.370458000000003 16.60618864941571 18.267473500000005 0.8402299463326971 51.704191000000009 0.9999005005767353 18.477390080300207 23.043582000000004 -19.970261337118021 21.073396000000006 0.99991679793369304 0.99991022233610716 0.87792612037503537
decision_type=2 2 2 2 2 2 2 2 2 2 2 2 2 2
left_child=-1 -2 -3 -4 -5 7 -7 12 9 -9 -11 -10 13 -6
right_child=1 2 3 4 5 6 -8 8 11 10 -12 -13 -14 -15
leaf_value=0 -0.025880798242753158 0.0046971542445386127 -0.044701210765936791 -0.0012801185289587824 0.0025850541675399895 0.0022607562152505028 -0.060206042320913221 -0.046165160429294361 -0.0028215967954716781 -0.023083218218153574 0.0086997494883750155 0.0024262188929166624 0.0061098328503033338 -0.0019040169462008101
leaf_weight=317871 1268 2343 550 7222 788 2945 105 772 2904 297 331 2811 1017 1809
leaf_count=317871 1268 2343 550 7222 788 2945 105 772 2904 297 331 2811 1017 1809
internal_value=-0.000137829 -0.00290597 -0.0011618 -0.00253724 -0.00170468 0.00047899 0.00726557 -0.00145027 -0.0046156 -0.0214857 -0.00509554 -0.00048294 0.00478141 -0.000600693
internal_weight=343033 25162 23894 21551 21001 13779 3050 10729 7115 1400 628 5715 3614 2597
internal_count=343033 25162 23894 21551 21001 13779 3050 10729 7115 1400 628 5715 3614 2597
is_linear=0
shrinkage=0.04


Tree=80
num_leaves=15
num_cat=0
split_feature=0 3 2 9 2 0 10 3 8 8 5 2 0 8
split_gain=161.051 436.794 154.488 268.105 193.671 125.547 116.244 253.118 77.3113 66.5574 165.251 156.116 264.021 272.606
threshold=18.149297761826571 20.245031000000004 110.75448600000001 0.12249758379366606 78.994770000000017 21.349156860608996 -20.388688372890929 23.410586000000006 0.99865104816809669 0.12891934765048699 1.0000000180025095e-35 118.29978950000002 7.0947580315937007 0.99949182122444447
decision_type=2 2 2 2 2 2 2 2 2 2 2 2 2 2
left_child=9 -2 4 6 -3 -5 7 -4 -8 -1 -11 -12 -13 -14
right_child=1 2 3 5 -6 -7 8 -9 -10 10 11 12 13 -15
leaf_value=0 -0.049356041219451294 -0.0016175619220730254 -0.038075947434858488 -0.0022139325023477307 0.0013869674328985998 -0.010695860602060479 0.00012599782812367817 -0.0003093500130879738 0.033657397575724085 -0.12640362872270011 1.4215058453035867e-05 7.0464683081912507e-06 -0.00078575587694313612 0.010001901277560983
leaf_weight=165802 637 532 486 1246 5556 1186 652 3141 376 244 115002 27368 19219 1379
leaf_count=165802 637 532 486 1246 5556 1186 652 3141 376 244 115002 27368 19219 1379
internal_value=-0.000153197 -0.00438459 -0.00282049 -0.00683505 0.00185283 -0.0175987 -0.0012116 -0.00457679 0.0106615 2.44367e-05 -0.000548979 -0.00049973 -0.00241671 -0.00583746
internal_weight=342826 13812 13175 7087 6088 2432 4655 3627 1028 329014 163212 162968 47966 20598
internal_count=342826 13812 13175 7087 6088 2432 4655 3627 1028 329014 163212 162968 47966 20598
is_linear=0
shrinkage=0.04


Tree=81
num_leaves=15
num_cat=0
split_feature=0 3 2 9 2 1 1 3 8 1 3 8 2 9
split_gain=133.992 453.493 162.545 281.807 142.547 119.309 97.3016 163.009 132.659 81.3387 211.785 66.6215 71.8192 63.6457
threshold=18.477390080300207 22.049499000000001 111.92917250000001 0.084354176715870546 78.07985650000002 29.680529971172849 21.340205235633995 25.223747500000005 0.99865104816809669 19.601088345017846 20.072496000000005 0.79011903320370402 116.81532650000001 0.86964989842148577
decision_type=2 2 2 2 2 2 2 2 2 2 2 2 2 2
left_child=13 9 4 6 -3 11 8 -8 -4 10 -2 -5 -13 -1
right_child=1 2 3 5 -6 -7 7 -9 -10 -11 -12 12 -14 -15
leaf_value=-2.8965131800115894e-05 -0.032601325363252727 -0.0022085661477534123 8.7611936052849895e-05 0.00045379889925442954 0.0013102568544290706 -0.0091092219166522114 -0.030153675387270453 0.00077625175590554849 0.061619224603670066 -0.061203179805941962 0.0053998824079151513 0.0024084727249014887 -0.012266713789450927 0
leaf_weight=163438 272 315 654 557 5813 1280 387 1888 353 643 199 196 448 166260
leaf_count=163438 272 315 654 557 5813 1280 387 1888 353 643 199 196 448 166260
internal_value=-0.000123722 -0.00410611 -0.00181986 -0.00664237 0.0027154 -0.0168158 0.00104814 -0.00353407 0.0114002 -0.0285099 -0.0158811 -0.0077602 -0.0165217 3.33639e-05
internal_weight=342703 13005 11891 5763 6128 2481 3282 2275 1007 1114 471 1201 644 329698
internal_count=342703 13005 11891 5763 6128 2481 3282 2275 1007 1114 471 1201 644 329698
is_linear=0
shrinkage=0.04


Tree=82
num_leaves=15
num_cat=0
split_feature=0 3 10 3 2 3 2 10 3 8 3 10 2 2
split_gain=131.587 893.938 222.925 324.495 130.215 159.509 144.977 95.9859 247.256 120.552 196.202 229.566 113.865 128.975
threshold=14.109612274405011 15.956332500000002 -16.56001993352238 18.267473500000005 113.36869400000002 84.522488500000023 81.332329000000016 -23.060421245650172 25.223747500000005 0.99931007894736756 23.229146500000002 -18.928881088043557 129.00939150000002 118.29978950000002
decision_type=2 2 2 2 2 2 2 2 2 2 2 2 2 2
left_child=-1 -2 3 -3 6 7 -5 8 -6 -9 11 -11 13 -10
right_child=1 2 -4 4 5 -7 -8 9 12 10 -12 -13 -14 -15
leaf_value=0 -0.024509003155318655 -0.041359675090820489 0.0041432173886811596 -0.0014482300222522664 -0.06265073385414828 -0.0099471721356028334 0.0009082226379873076 -0.00057634158228045157 -0.00028879381121610592 -0.020863535460382342 0.063346856589020006 0.036646821620982532 0.00070327828281392278 -0.0048504056374171645
leaf_weight=316937 1311 545 2625 1205 430 505 9875 3042 2037 345 405 237 1468 1875
leaf_count=316937 1311 545 2625 1205 430 505 9875 3042 2037 345 405 237 1468 1875
internal_value=-0.000132539 -0.00287358 -0.00115801 -0.0024744 -0.00169903 -0.00492653 0.00131408 -0.0038012 -0.00709122 0.000943162 0.0130902 -0.00178694 -0.00475836 -0.00832311
internal_weight=342842 25905 24594 21969 21424 10344 11080 9839 5810 4029 987 582 5380 3912
internal_count=342842 25905 24594 21969 21424 10344 11080 9839 5810 4029 987 582 5380 3912
is_linear=0
shrinkage=0.04


Tree=83
num_leaves=15
num_cat=0
split_feature=0 3 9 2 2 2 10 3 10 2 8 3 3 10
split_gain=112.669 461.065 142.239 257.477 106.096 91.6314 133.158 206.463 103.005 91.3808 77.6819 70.8013 67.9989 205.655
threshold=18.477390080300207 22.049499000000001 0.12249758379366606 109.49690650000001 133.77053850000001 78.994770000000017 -20.388688372890929 23.794443500000003 -21.501589928613459 122.60666250000001 0.99999995294695732 58.484257500000005 20.072496000000005 -19.449054709648681
decision_type=2 2 2 2 2 2 2 2 2 2 2 2 2 2
left_child=-1 12 5 -4 9 -3 7 8 -7 -5 -8 -6 -2 -14
right_child=1 2 3 4 11 6 10 -9 -10 -11 -12 -13 13 -15
leaf_value=0 -0.053813912006094276 -0.00121418755050966 0.0013959706074709755 -0.0051881651035653262 -0.043847214778287777 -0.052119088229009423 0.00055114327915115264 0.0011555682250106454 -0.00052186688698002215 -0.0090163261249071314 0.013098310651961818 0.0019917513628377576 -0.034213444730665933 0.0074379644255378142
leaf_weight=329808 509 325 1689 1675 51 314 650 5777 208 575 499 189 422 154
leaf_count=329808 509 325 1689 1675 51 314 650 5777 208 575 499 189 422 154
internal_value=-0.000105237 -0.0037524 -0.00148594 -0.00743719 -0.0156145 0.00171362 0.00262084 0.000336561 -0.0237548 -0.0183111 0.0151436 0.00966667 -0.0287189 -0.0193056
internal_weight=342845 13037 11952 4179 2490 7773 7448 6299 522 2250 1149 240 1085 576
internal_count=342845 13037 11952 4179 2490 7773 7448 6299 522 2250 1149 240 1085 576
is_linear=0
shrinkage=0.04


Tree=84
num_leaves=15
num_cat=0
split_feature=0 3 2 9 2 10 1 3 9 3 1 3 9 9
split_gain=128.847 454.819 126.322 237.039 135.462 112.445 84.4288 209.865 112.956 100.163 76.579 71.5765 69.894 64.28
threshold=18.477390080300207 21.592163000000003 111.63357150000002 0.084354176715870546 81.332329000000016 -29.45386121872254 21.690581406350898 25.044603000000006 0.0013948250514228546 22.657182500000001 20.133682546775319 54.486009500000002 0.21077846323849794 0.86964989842148577
decision_type=2 2 2 2 2 2 2 2 2 2 2 2 2 2
left_child=13 -2 4 6 -3 11 8 -8 9 10 -4 -5 -7 -1
right_child=1 2 3 5 -6 12 7 -9 -10 -11 -12 -13 -14 -15
leaf_value=-2.9499682559331961e-05 -0.040399355146109504 -0.0010642000631949312 0.013843237327729994 -0.0047552949780953081 0.0014055918661827471 -0.0083163207084522659 -0.041161566660554136 0.00075436569292602201 -2.0093323060103031e-05 0.07104056528369028 -0.015936718753308175 -0.010701224044019107 0.00059331739779932451 0
leaf_weight=163544 886 499 64 680 5555 685 362 1928 788 335 57 680 547 166256
leaf_count=163544 886 499 64 680 5555 685 362 1928 788 335 57 680 547 166256
internal_value=-0.00012693 -0.00402265 -0.00200985 -0.00605942 0.00208788 -0.0152469 0.000679117 -0.00387773 0.00906752 0.0249123 -0.00628099 -0.0231765 -0.00649351 2.74106e-05
internal_weight=342866 13066 12180 6126 6054 2592 3534 2290 1244 456 121 1360 1232 329800
internal_count=342866 13066 12180 6126 6054 2592 3534 2290 1244 456 121 1360 1232 329800
is_linear=0
shrinkage=0.04


Tree=85
num_leaves=15
num_cat=0
split_feature=0 3 1 3 1 3 1 3 3 9 3 1 9 8
split_gain=120.743 819.874 168.43 322.739 185.309 143.247 134.316 424.205 93.8695 189.757 204.301 388.293 140.494 119.727
threshold=14.488680585430004 16.162280500000005 16.60618864941571 19.100779000000003 17.702992586253664 17.939227500000005 21.897640201160986 24.342867000000002 29.578951500000006 0.001015830201542667 23.229146500000002 19.245955118874448 0.057702406098275712 0.85297831194936091
decision_type=2 2 2 2 2 2 2 2 2 2 2 2 2 2
left_child=-1 -2 -3 4 5 -4 8 -8 9 10 11 -5 -10 -14
right_child=1 2 3 6 -6 -7 7 -9 12 -11 -12 -13 13 -15
leaf_value=0 -0.027590652219958774 0.0040740562018842874 -0.020863488121170341 0.022090260352493628 -0.044326476485061488 0.0070905434294263794 -0.059833696534017752 -0.00059457727125105558 -0.0011774113571355377 -0.00012999247441866562 0.02936038908825167 -0.012876122957605927 -0.0065667765033781298 0.0017919038113851863
leaf_weight=318786 1025 2167 110 803 609 151 655 11805 1285 2784 806 550 256 1318
leaf_count=318786 1025 2167 110 803 609 151 655 11805 1285 2784 806 550 256 1318
internal_value=-8.56868e-05 -0.00280217 -0.00126186 -0.00235094 -0.0262069 0.00199234 -0.00132662 -0.00390369 0.00278903 0.00612583 0.0150255 0.00552846 -0.00298006 0.00503177
internal_weight=343110 24324 23299 21132 870 261 20262 12460 7802 4943 2159 1353 2859 1574
internal_count=343110 24324 23299 21132 870 261 20262 12460 7802 4943 2159 1353 2859 1574
is_linear=0
shrinkage=0.04


Tree=86
num_leaves=15
num_cat=0
split_feature=0 3 9 2 0 3 0 2 0 3 8 0 3 8
split_gain=121.084 397.227 152.472 192.741 147.427 259.85 113.32 82.5084 155.122 241.481 178.15 67.2272 1100.27 398.498
threshold=18.477390080300207 22.752136500000002 0.12249758379366606 110.28731500000002 19.899726828421613 20.072496000000005 21.349156860608996 90.705951500000012 22.683131168082333 25.855071000000006 0.9999850405617442 4.4894221817340396 5.2194035000000012 0.99998654492179417
decision_type=2 2 2 2 2 2 2 2 2 2 2 2 2 2
left_child=11 4 7 -4 5 -2 -5 -3 10 -10 -9 -1 -13 -14
right_child=1 2 3 6 -6 -7 -8 8 9 -11 -12 12 13 -15
leaf_value=0 -0.035375351525614329 -0.00082728497527739591 0.00084563791474893491 -0.0014890163482154106 -0.052512162878279485 0.0031498663969611765 -0.0089242080172033198 0.00059332997327997709 -0.045641107512392136 0.0011744074078187238 0.034829788251674355 -0.014023456742818611 -0.00012482080969651168 0.0010343579462786317
leaf_weight=224843 342 867 1783 1097 697 441 1245 1642 337 3773 779 1738 83100 20382
leaf_count=224843 342 867 1783 1097 697 441 1245 1642 337 3773 779 1738 83100 20382
internal_value=-0.000111465 -0.00389756 -0.001392 -0.00755394 -0.0234054 -0.0114943 -0.0150982 0.0020438 0.00358291 -0.00114842 0.011615 3.76898e-05 -0.000796807 -0.000266713
internal_weight=343066 13003 11523 4125 1480 783 2342 7398 6531 4110 2421 330063 105220 103482
internal_count=343066 13003 11523 4125 1480 783 2342 7398 6531 4110 2421 330063 105220 103482
is_linear=0
shrinkage=0.04


Tree=87
num_leaves=15
num_cat=0
split_feature=0 3 9 2 0 3 10 10 0 3 8 2 2 3
split_gain=108.452 409.378 109.145 205.208 97.6724 77.0463 273.127 86.9562 109.061 159.136 132.779 124.85 66.1471 63.77
threshold=18.477390080300207 21.863421500000005 0.12249758379366606 109.49690650000001 21.349156860608996 23.591254500000002 -21.067906923261663 -19.270300949584165 22.683131168082333 26.445131000000003 0.9999850405617442 89.750652500000015 118.86427300000001 20.072496000000005
decision_type=2 2 2 2 2 2 2 2 2 2 2 2 2 2
left_child=-1 13 5 -4 -5 6 -3 8 10 -10 -7 -12 -6 -2
right_child=1 2 3 4 12 7 -8 -9 9 -11 11 -13 -14 -15
leaf_value=0 -0.048601295561752113 -0.038918725749524201 0.0011609254706078632 -0.0014038309665079397 -0.0056409935155223015 0.00053048151378795377 0.0031328213100812875 -0.00092773445447965621 -0.028669158965695978 0.0013232667596650202 1.6971328466796054e-05 0.050687419224939342 -0.012393710939957928 -0.017173328749193934
leaf_weight=329933 508 373 1657 1116 915 1561 445 536 341 3735 274 617 448 502
leaf_count=329933 508 373 1657 1116 915 1561 445 536 341 3735 274 617 448 502
internal_value=-8.02424e-05 -0.00365981 -0.00160426 -0.00686654 -0.0141509 0.00115707 -0.0104645 0.00250283 0.00377451 -0.000235525 0.0104405 0.0227609 -0.0213353 -0.0281188
internal_weight=342961 13028 12018 4136 2479 7882 818 7064 6528 4076 2452 891 1363 1010
internal_count=342961 13028 12018 4136 2479 7882 818 7064 6528 4076 2452 891 1363 1010
is_linear=0
shrinkage=0.04


Tree=88
num_leaves=15
num_cat=0
split_feature=0 2 10 2 2 0 8 0 10 0 8 2 2 8
split_gain=104.968 309.066 493.004 265.697 263.279 259.468 279.592 232.641 184.192 507.093 294.707 350.761 251.272 242.724
threshold=4.3740559602184037 67.467560000000006 -6.7996325224528418 118.29978950000002 172.45245350000002 7.249598886885928 0.99949182122444447 4.8605500145509977 -2.9142575725909148 0.98736860839297302 0.99931007894736756 136.47655500000002 114.55212000000002 0.9998701749499167
decision_type=2 2 2 2 2 2 2 2 2 2 2 2 2 2
left_child=8 -2 3 -3 5 -5 -7 -4 9 -1 12 13 -11 -12
right_child=1 2 7 4 -6 6 -8 -9 -10 10 11 -13 -14 -15
leaf_value=0.0016125578305338168 0.0010320149705948015 0.00010511410020413504 -0.00016207052394875631 -1.5560184258575916e-05 0.00049436096092231069 -0.0010698234468490097 0.0074989704230589262 -0.0025526485623084687 0 -0.00024294394142089704 0.0017733153636028585 -0.0014398654217752354 0.00010331919671787416 0.00075156993151878919
leaf_weight=1582 4750 66307 3665 16915 2325 19946 1916 4663 178750 9102 960 271 25300 6717
leaf_count=1582 4750 66307 3665 16915 2325 19946 1916 4663 178750 9102 960 271 25300 6717
internal_value=-8.90523e-05 -0.00104011 -0.00145053 -0.000723589 -0.00325045 -0.00403435 -0.00691245 -0.0108261 0.00042554 0.00274606 0.00191547 0.00885757 0.00031161 0.0104364
internal_weight=343169 120487 115737 107409 41102 38777 21862 8328 222682 43932 42350 7948 34402 7677
internal_count=343169 120487 115737 107409 41102 38777 21862 8328 222682 43932 42350 7948 34402 7677
is_linear=0
shrinkage=0.04


Tree=89
num_leaves=15
num_cat=0
split_feature=0 3 1 3 2 8 3 2 3 2 0 2 3 0
split_gain=114.633 387.028 115.733 373.519 138.969 179.752 131.587 87.2152 131.13 116.535 76.9327 73.5651 61.1793 56.2693
threshold=18.477390080300207 20.732962000000004 20.561484134264809 23.794443500000003 110.75448600000001 0.91049954646447795 37.46381250000001 133.77053850000001 54.486009500000002 115.90046700000001 29.349243556944177 90.705951500000012 58.484257500000005 23.662805812849271
decision_type=2 2 2 2 2 2 2 2 2 2 2 2 2 2
left_child=-1 -2 6 -4 11 7 -3 8 9 10 -6 -5 -9 -7
right_child=1 2 3 4 5 13 -8 12 -10 -11 -12 -13 -14 -15
leaf_value=0 -0.039897771014400389 0.002750364085307576 -0.034734136355864656 -0.0021077955023123783 0.0037866626989311192 0.0031593540844880321 -0.00064061350612525439 -0.043050759207780079 -0.0079597728689490815 -0.0068305313370559282 -0.0213090412518409 0.0017481000510871708 0.0020423549854706614 -0.0018468731144745047
leaf_weight=329843 601 1331 740 351 494 960 551 46 954 904 103 4202 186 1643
leaf_count=329843 601 1331 740 351 494 960 551 46 954 904 103 4202 186 1643
internal_value=-4.80594e-05 -0.00372264 -0.00221099 -0.00383634 -0.00177588 -0.00618526 0.0069288 -0.0134425 -0.0156578 -0.00828781 0.00542714 0.00334724 0.01 0.00130619
internal_weight=342909 13066 12465 10583 9843 5290 1882 2687 2455 1501 597 4553 232 2603
internal_count=342909 13066 12465 10583 9843 5290 1882 2687 2455 1501 597 4553 232 2603
is_linear=0
shrinkage=0.04


Tree=90
num_leaves=15
num_cat=0
split_feature=0 3 1 3 1 3 9 3 3 1 3 8 3 8
split_gain=100.405 799.812 141.317 311.768 118.696 520.583 78.6772 154.386 102.157 101.765 164.785 78.34 73.4918 70.5088
threshold=14.488680585430004 16.162280500000005 16.60618864941571 18.267473500000005 20.725836307060771 23.410586000000006 3.2131377061650486e-05 49.590755000000009 81.895191000000011 23.020764661086407 27.517397000000006 0.91049954646447795 29.947171500000003 0.91620594438789993
decision_type=2 2 2 2 2 2 2 2 2 2 2 2 2 2
left_child=-1 -2 12 -4 -5 -6 9 -8 13 -7 -11 -10 -3 -9
right_child=1 2 3 4 5 6 7 8 11 10 -12 -13 -14 -15
leaf_value=0 -0.026798821789152587 0.0055152377299021891 -0.034631881384682907 0.00062509385731289501 -0.047748586260321101 0.013833810589106234 -0.0027530631682961453 0.00022155584614933388 -0.0067520141908640752 -0.028144456643727968 0.0049442516534192009 0.00011255219971616604 -0.0011374299388501453 0.0030713269394386832
leaf_weight=318383 1032 1707 540 6780 791 555 5341 3730 498 326 979 557 493 1128
leaf_count=318383 1032 1707 540 6780 791 555 5341 3730 498 326 979 557 493 1128
internal_value=-4.39855e-05 -0.0025138 -0.000995518 -0.00199576 -0.00121247 -0.0033283 -0.00142748 -0.00268704 0.0017656 0.00619355 9.1954e-05 -0.00951659 0.00865455 0.00421573
internal_weight=342840 24457 23425 21225 20685 13905 13114 11254 5913 1860 1305 1055 2200 4858
internal_count=342840 24457 23425 21225 20685 13905 13114 11254 5913 1860 1305 1055 2200 4858
is_linear=0
shrinkage=0.04


Tree=91
num_leaves=15
num_cat=0
split_feature=0 3 1 3 3 9 3 3 8 8 10 3 0 3
split_gain=103.372 353.965 91.7336 336.555 106.271 88.8548 65.8905 63.6159 53.5267 245.815 215.729 296.071 346.438 137.148
threshold=18.477390080300207 20.072496000000005 20.561484134264809 23.043582000000004 37.46381250000001 0.12249758379366606 81.895191000000011 33.969299000000014 0.9999850405617442 0.9998701749499167 -2.2348458010396457 4.504458500000001 4.0107421310141733 40.502760500000001
decision_type=2 2 2 2 2 2 2 2 2 2 2 2 2 2
left_child=8 -2 4 -4 -3 -5 7 -7 9 -1 11 12 -10 -12
right_child=1 2 3 5 -6 6 -8 -9 10 -11 13 -13 -14 -15
leaf_value=0 -0.043887690521250459 0.0023759651155842547 -0.036484562855270089 0.00044889191449241336 -0.00062441734546374696 -0.028239616697141354 -0.0099381209294635113 -0.0010060479334947059 0.0010081572163100191 -0.00030614110059358891 -2.7394260664075789e-05 0.00050375943051194142 -0.011273890441135456 -0.00098207163859797999
leaf_weight=270678 520 1400 537 5904 549 256 284 3605 339 5251 21259 31253 612 608
leaf_count=270678 520 1400 537 5904 549 256 284 3605 339 5251 21259 31253 612 608
internal_value=-1.72567e-05 -0.00350823 -0.00216673 -0.00363499 0.00580811 -0.00198627 -0.00647527 -0.00510749 0.000120848 -0.000104665 0.00127166 0.00335362 -0.018633 -0.00179448
internal_weight=343055 13055 12535 10586 1949 10049 4145 3861 330000 275929 54071 32204 951 21867
internal_count=343055 13055 12535 10586 1949 10049 4145 3861 330000 275929 54071 32204 951 21867
is_linear=0
shrinkage=0.04


Tree=92
num_leaves=15
num_cat=0
split_feature=0 3 2 3 1 3 1 10 8 0 1 3 0 1
split_gain=83.5672 1022.58 379.369 239.592 1046.49 452.068 804.71 335.421 336.516 298.022 276.83 449.065 256.611 267.659
threshold=4.4894221817340396 5.2194035000000012 68.541938500000015 13.885851000000001 13.233002327977713 17.192004000000004 14.662915068466754 -6.5783692416582982 0.83377557449537543 11.65559248218104 4.9529661754467549 9.9282010000000032 9.3112007008447168 16.60618864941571
decision_type=2 2 2 2 2 2 2 2 2 2 2 2 2 2
left_child=-1 -2 -3 4 10 6 9 -7 -9 -5 -4 -12 13 -8
right_child=1 2 3 5 -6 7 12 8 -10 -11 11 -13 -14 -15
leaf_value=0 -0.013395792725312137 0.001075580681442362 0.0085142978840885737 0.0010411719236186304 -0.028134011038218738 -8.1924479654113679e-05 0.0037429663048716313 0.0010656769951193617 -0.0012083221853241789 0.01621650565030603 -0.0083966415708099078 0.00092963501829501443 -0.014164584406639084 -0.0098765738377404651
leaf_weight=224780 1755 4946 683 5981 2021 87175 838 439 2486 3826 1941 4164 1686 456
leaf_count=224780 1755 4946 683 5981 2021 87175 838 439 2486 3826 1941 4164 1686 456
internal_value=-3.62495e-05 -0.000896306 -0.000440322 -0.000920355 -0.00725167 -0.000378279 0.00665989 -0.00137714 -0.0147009 0.0121913 0.000271067 -0.00243079 -0.0115436 0.00185471
internal_weight=343177 118397 116642 111696 8809 102887 12787 90100 2925 9807 6788 6105 2980 1294
internal_count=343177 118397 116642 111696 8809 102887 12787 90100 2925 9807 6788 6105 2980 1294
is_linear=0
shrinkage=0.04


Tree=93
num_leaves=15
num_cat=0
split_feature=0 3 1 3 2 8 3 0 8 1 3 3 2 3
split_gain=95.6687 964.778 359.135 556.803 368.888 208.779 121.984 209.911 119.605 216.733 298.535 187.257 146.421 162.905
threshold=12.187796007370503 13.885851000000001 14.532939006020543 15.956332500000002 89.750652500000015 0.99998654492179417 14.971307000000001 13.487666047424554 0.99998329609811498 18.193559882918528 19.910172500000005 51.704191000000009 108.44549950000001 17.939227500000005
decision_type=2 2 2 2 2 2 2 2 2 2 2 2 2 2
left_child=-1 -2 4 -4 -3 -6 7 -7 11 12 -11 -5 -10 -14
right_child=1 2 3 8 5 6 -8 -9 9 10 -12 -13 13 -15
leaf_value=0 -0.026046261965813666 -0.00049483403744728896 -0.01981126481481835 -0.0011295116846395824 0.002550315221184363 0.010832376880328561 0.041322712524953724 -0.0042738319328515578 0.0017614547670955006 -0.034952366992875995 0.00034405636680872985 0.00047300671922997749 -0.0019520911291549105 0.055554403748232319
leaf_weight=305144 1503 2336 848 16449 1167 273 1255 201 1451 432 3688 7142 207 666
leaf_count=305144 1503 2336 848 16449 1167 273 1255 201 1451 432 3688 7142 207 666
internal_value=-4.25952e-05 -0.00194588 -0.00063907 -0.00228087 0.00905199 0.0185912 0.0274147 0.0101266 -0.00137839 0.00345127 -0.00205825 -0.00269764 0.0132186 0.0261627
internal_weight=342762 37618 36115 30883 5232 2896 1729 474 30035 6444 4120 23591 2324 873
internal_count=342762 37618 36115 30883 5232 2896 1729 474 30035 6444 4120 23591 2324 873
is_linear=0
shrinkage=0.04


Tree=94
num_leaves=15
num_cat=0
split_feature=0 3 3 1 3 1 3 3 1 0 1 3 1 0
split_gain=85.457 1072.91 252.318 877.874 320.759 894.999 364.066 266.59 229.297 220.781 213.684 200.664 1195.74 289.796
threshold=4.7772139708731052 5.3745950000000002 13.501155000000002 9.8518272941707163 17.250080500000003 14.662915068466754 15.076408000000002 9.6007285000000007 17.010643537354259 12.066035017857381 8.4594711537454774 24.510447500000001 24.044793340063183 20.396613118289363
decision_type=2 2 2 2 2 2 2 2 2 2 2 2 2 2
left_child=-1 -2 3 7 5 -4 -7 10 -8 -5 -3 12 13 -6
right_child=1 2 4 9 11 6 8 -9 -10 -11 -12 -13 -14 -15
leaf_value=0 -0.016786734342130624 0.00090745277661931009 0.002881440579797492 -0.0088486566932203525 -6.2379151298965625e-06 -0.022686339406602585 0.00064377573979089876 0.0061803035684866291 -0.024260146991717493 -0.029156465681522407 -0.022756228344059177 1.4308718212419636e-05 -0.016315638003609072 -0.02105606948389049
leaf_weight=230377 1232 958 11851 2223 20076 1222 1736 2362 391 1047 467 66011 2440 853
leaf_count=230377 1232 958 11851 2223 20076 1222 1736 2362 391 1047 467 66011 2440 853
internal_value=-2.64533e-05 -0.000928156 -0.000518466 -0.00783903 -2.44789e-05 0.00534737 -0.0129113 0.00527066 -0.0029149 -0.0230214 -0.00839298 -0.000938017 -0.00412341 -0.00103397
internal_weight=343246 112869 111637 7057 104580 15200 3349 3787 2127 3270 1425 89380 23369 20929
internal_count=343246 112869 111637 7057 104580 15200 3349 3787 2127 3270 1425 89380 23369 20929
is_linear=0
shrinkage=0.04


Tree=95
num_leaves=15
num_cat=0
split_feature=0 3 1 3 9 2 0 2 0 3 8 3 0 2
split_gain=91.4963 341.758 96.9705 117.811 84.5462 155.614 103.209 75.7672 109.243 287.965 112.705 87.8541 125.205 59.938
threshold=18.477390080300207 21.592163000000003 19.245955118874448 19.910172500000005 0.12249758379366606 109.49690650000001 21.349156860608996 90.705951500000012 22.683131168082333 26.141298500000005 0.9999951609566764 23.410586000000006 20.396613118289363 121.83767300000001
decision_type=2 2 2 2 2 2 2 2 2 2 2 2 2 2
left_child=-1 2 3 -2 7 -6 -7 -3 10 -10 -9 12 -12 -8
right_child=1 4 -4 -5 5 6 13 8 9 -11 11 -13 -14 -15
leaf_value=0 -0.013784538860550288 -0.0010065698584776105 -0.045303088537726702 0.0076910321781020032 0.0010252199618267066 -0.00085025250338410015 -0.0055617277855425319 0.00041147481878333491 -0.047572146006796469 0.00099909777043563305 0.0136069822981151 0.043463162464794217 -0.010020337328673395 -0.011323115757653702
leaf_weight=329973 192 886 597 95 1671 1100 1050 1896 481 3772 171 652 156 331
leaf_count=329973 192 886 597 95 1671 1100 1050 1896 481 3772 171 652 156 331
internal_value=-3.14848e-05 -0.00331648 -0.0273303 -0.008223 -0.00157159 -0.00620424 -0.0125595 0.00082855 0.00219978 -0.00187162 0.00822261 0.0192441 0.00232416 -0.0198407
internal_weight=343023 13050 884 287 12166 4152 2481 8014 7128 4253 2875 979 327 1381
internal_count=343023 13050 884 287 12166 4152 2481 8014 7128 4253 2875 979 327 1381
is_linear=0
shrinkage=0.04


Tree=96
num_leaves=15
num_cat=0
split_feature=0 3 2 3 1 3 1 3 2 2 1 3 1 0
split_gain=102.598 986.171 349.254 275.168 759.183 288.534 774.749 331.383 271.94 272.282 281.618 266.049 407.193 300.484
threshold=4.7772139708731052 5.3745950000000002 65.408768000000009 13.591346500000002 13.125890585094838 17.250080500000003 14.662915068466754 15.076408000000002 173.26792900000001 118.29978950000002 6.6011356237354413 10.258939500000002 9.0739302183316628 11.953561248905549
decision_type=2 2 2 2 2 2 2 2 2 2 2 2 2 2
left_child=-1 -2 -3 4 11 6 -5 -8 9 10 -7 12 -4 -13
right_child=1 2 3 5 -6 8 7 -9 -10 -11 -12 13 -14 -15
leaf_value=0 -0.016193713731823246 0.0014843972877340917 0.00019321054204151465 0.0031148770934952179 -0.029044490005931616 -0.0010045382933014668 -0.021086351806873297 -0.00081499070933738042 0.00056614611880691386 -0.00040206934784692424 8.1914038152126331e-05 0.0023108842144826352 -0.031190010135939958 -0.010204221310435293
leaf_weight=230366 1187 2326 1490 11206 1543 2423 1145 2103 1117 32469 51769 2785 849 423
leaf_count=230366 1187 2326 1490 11206 1543 2423 1145 2103 1117 32469 51769 2785 849 423
internal_value=-4.87178e-05 -0.00103691 -0.000651333 -0.000977662 -0.00859803 -0.000449174 0.0047876 -0.0124138 -0.00131149 -0.00156426 0.000171243 -0.00169461 -0.0119538 0.00578554
internal_weight=343201 112835 111648 109322 7090 102232 14454 3248 87778 86661 54192 5547 2339 3208
internal_count=343201 112835 111648 109322 7090 102232 14454 3248 87778 86661 54192 5547 2339 3208
is_linear=0
shrinkage=0.04


Tree=97
num_leaves=15
num_cat=0
split_feature=0 3 1 3 1 3 10 3 2 8 1 3 3 2
split_gain=87.9507 845.81 457.77 433.444 346.26 413.006 308.818 277.751 161.723 98.8989 201.888 263.369 181.822 144.045
threshold=12.187796007370503 14.670410500000001 13.233002327977713 13.408700000000001 14.662915068466754 17.250080500000003 -13.067911500162204 16.271464000000005 83.827297000000016 0.99998064362604899 18.193559882918528 20.245031000000004 51.704191000000009 107.07347100000001
decision_type=2 2 2 2 2 2 2 2 2 2 2 2 2 2
left_child=-1 2 3 -2 5 8 -7 -6 -3 12 -11 -12 -9 -14
right_child=1 4 -4 -5 7 6 -8 9 -10 10 11 -13 13 -15
leaf_value=0 -0.014345333642741452 -0.00033567164072335507 -0.028217383660055547 0.0041839972492187637 -0.011212559361748888 0.0021625144626119296 -0.0018811724244081852 -0.0010867389395734018 0.029726660901491536 0.0050897532063594398 -0.030224735626896208 0.00032441049849272319 0.0047513052716252327 -3.2145483373823347e-05
leaf_weight=305020 298 380 1583 518 613 1573 999 16262 1884 2200 479 3653 1587 5554
leaf_count=305020 298 380 1583 518 613 1573 999 16262 1884 2200 479 3653 1587 5554
internal_value=-2.07821e-05 -0.00184658 -0.024827 -0.000490196 -0.000279673 0.00966088 -0.00130638 -0.00186371 0.0221201 -0.00131428 0.00312066 -0.002091 -0.00251421 0.00280633
internal_weight=342603 37583 2399 816 35184 4836 2572 30348 2264 29735 6332 4132 23403 7141
internal_count=342603 37583 2399 816 35184 4836 2572 30348 2264 29735 6332 4132 23403 7141
is_linear=0
shrinkage=0.04


Tree=98
num_leaves=15
num_cat=0
split_feature=0 3 2 3 10 3 10 3 1 10 2 2 0 3
split_gain=95.8687 988.15 310.658 265.563 901.796 288.549 367.225 281.626 653.526 253.904 231.507 272.284 217.268 215.962
threshold=4.7772139708731052 5.2986695000000008 65.408768000000009 13.885851000000001 -13.408458487491774 9.9282010000000032 -8.767680918176044 17.250080500000003 15.34954670684882 -6.2541673130549187 173.26792900000001 118.29978950000002 12.187796007370503 13.408700000000001
decision_type=2 2 2 2 2 2 2 2 2 2 2 2 2 2
left_child=-1 -2 -3 4 -4 6 -6 8 -5 10 11 -9 -7 -14
right_child=1 2 3 7 5 12 -8 9 -10 -11 -12 -13 13 -15
leaf_value=0 -0.016312092292077904 0.0014329034235646724 -0.026737547234901984 0.002948561910522013 -0.030184575948688269 0.0017678180973625089 0.00012484699873013344 7.3094295717245005e-05 -0.0096498691511058988 -0.0012964923104950186 0.00054183755892213317 -0.00036474291390896238 -0.014223014581530751 0.0017651643072366552
leaf_weight=230113 1125 2275 1842 11415 821 3853 1243 52292 1840 1969 1100 32386 329 219
leaf_count=230113 1125 2275 1842 11415 821 3853 1243 52292 1840 1969 1100 32386 329 219
internal_value=-3.68704e-05 -0.000992645 -0.000616576 -0.000921059 -0.00779583 -0.000761021 -0.0131008 -0.000355637 0.00507884 -0.00117656 -0.000850568 -0.00108741 0.00502613 -0.0185401
internal_weight=342822 112709 111584 109309 8307 6465 2064 101002 13255 87747 85778 84678 4401 548
internal_count=342822 112709 111584 109309 8307 6465 2064 101002 13255 87747 85778 84678 4401 548
is_linear=0
shrinkage=0.04


Tree=99
num_leaves=15
num_cat=0
split_feature=0 3 1 3 8 2 0 2 2 0 3 10 3 8
split_gain=98.3351 280.564 149.838 199.536 97.0119 173.938 103.316 99.7638 83.9547 137.718 249.285 75.8744 70.28 67.4655
threshold=18.477390080300207 22.227123500000005 19.837974986103458 20.732962000000004 0.91620594438789993 109.78876100000001 21.349156860608996 118.86427300000001 90.705951500000012 22.683131168082333 25.855071000000006 -23.961485195730187 38.25922700000001 0.9999951609566764
decision_type=2 2 2 2 2 2 2 2 2 2 2 2 2 2
left_child=-1 2 3 -2 5 11 -7 -8 -6 13 -11 12 -3 -10
right_child=1 4 -4 -5 8 6 7 -9 9 10 -12 -13 -14 -15
leaf_value=0 -0.016296477914805551 -0.043403165759560693 -0.044645354307920153 0.0082828113633612623 -0.00084921376278249887 -0.00087552534972564985 -0.0052025805165194653 -0.012433397265578244 0.00090561957941139417 -0.043907499155789606 0.00096432838063041486 -0.0013106986767241189 0.0032863730719136985 0.020549752032135923
leaf_weight=330174 385 107 608 209 876 1300 1194 540 1421 386 3211 368 1539 847
leaf_count=330174 385 107 608 209 876 1300 1194 540 1421 386 3211 368 1539 847
internal_value=-7.22684e-06 -0.00342083 -0.0218303 -0.00754209 -0.00154381 -0.00573693 -0.0117864 -0.0181776 0.0015962 0.0033214 -0.00154573 0.00337637 0.00704739 0.0110406
internal_weight=343165 12991 1202 594 11789 5048 3034 1734 6741 5865 3597 2014 1646 2268
internal_count=343165 12991 1202 594 11789 5048 3034 1734 6741 5865 3597 2014 1646 2268
is_linear=0
shrinkage=0.04


Tree=100
num_leaves=15
num_cat=0
split_feature=8 5 3 1 3 10 10 1 3 3 1 3 3 10
split_gain=66.9799 176.804 149.404 597.433 185.908 759.399 824.683 368.575 580.011 248.443 746.535 228.269 157.202 311.059
threshold=0.12891934765048699 1.0000000180025095e-35 4.504458500000001 4.0550562719577892 5.6909915000000009 -4.9330455564340303 -2.5609622306391375 4.642439829169116 5.1420485000000005 13.501155000000002 13.125890585094838 5.4553660000000006 9.6007285000000007 -8.767680918176044
decision_type=2 2 2 2 2 2 2 2 2 2 2 2 2 2
left_child=-1 -2 3 -3 5 11 7 -7 -9 10 12 -4 13 -6
right_child=1 2 4 -5 9 6 -8 8 -10 -11 -12 -13 -14 -15
leaf_value=0 -0.12678942473290922 4.7488333303671003e-05 -0.013474409574738213 -0.012793819766707189 -0.018022265903952422 0.0095820284820430663 -5.0462166847434256e-06 -0.0060721882277080964 0.0068604508173769497 -1.5706339725368031e-05 -0.02134632403867848 0.0019607113307387155 1.4369861338219478e-05 -0.00010216849573537217
leaf_weight=166053 249 2411 912 943 983 3772 10290 538 479 142493 1742 220 9098 3125
leaf_count=166053 249 2411 912 943 983 3772 10290 538 479 142493 1742 220 9098 3125
internal_value=6.17521e-06 -0.000534597 -0.000487215 -0.00884914 -0.000325709 0.00375301 0.00612507 0.0198371 -0.00153392 -0.000745676 -0.00565159 -0.0278445 -0.00240497 -0.00889971
internal_weight=343308 177255 177006 3354 173652 16211 15079 4789 1017 157441 14948 1132 13206 4108
internal_count=343308 177255 177006 3354 173652 16211 15079 4789 1017 157441 14948 1132 13206 4108
is_linear=0
shrinkage=0.04


Tree=101
num_leaves=15
num_cat=0
split_feature=0 3 1 3 8 0 3 1 3 3 8 2 8 1
split_gain=84.8355 277.884 137.915 108.473 76.5476 187.625 70.9741 130.913 220.75 175.426 171.212 100.376 92.964 91.2803
threshold=18.477390080300207 21.771361500000005 19.245955118874448 19.412503500000003 0.79572954490400316 22.683131168082333 54.486009500000002 21.897640201160986 24.510447500000001 36.71510700000001 0.9998701749499167 124.88185500000002 0.99991022233610716 23.711323411092419
decision_type=2 2 2 2 2 2 2 2 2 2 2 2 2 2
left_child=-1 2 3 -2 5 -3 7 9 -9 -6 -10 12 -8 -12
right_child=1 4 -4 -5 6 -7 11 8 10 -11 13 -13 -14 -15
leaf_value=0 -0.015819661472706345 -0.00048169125465340564 -0.039322006580699162 0.0073067239287882765 0.0026286790005867391 -0.010352652425477858 0.0020457346676419031 -0.041570122224155889 -0.011695547071143729 -0.00090146936657278744 0.018258805651989795 -0.0072770464211852496 -0.038589096928011164 0.00040072903846706309
leaf_weight=330125 151 1712 676 144 1944 527 2938 435 2145 633 344 165 67 1148
leaf_count=330125 151 1712 676 144 1944 527 2938 435 2145 633 344 165 67 1148
internal_value=-1.78346e-05 -0.00318367 -0.0237693 -0.000949153 -0.00152596 -0.00820009 -4.07373e-06 -0.00235223 -0.00681729 0.00470314 -0.00359637 0.00492114 0.00658902 0.00680965
internal_weight=343154 13029 971 295 12058 2239 9819 6649 4072 2577 3637 3170 3005 1492
internal_count=343154 13029 971 295 12058 2239 9819 6649 4072 2577 3637 3170 3005 1492
is_linear=0
shrinkage=0.04


Tree=102
num_leaves=15
num_cat=0
split_feature=0 3 1 3 2 8 1 3 8 3 0 8 1 3
split_gain=79.9919 796.741 272.174 576.804 333.11 207.305 126.631 131.386 126.175 160.464 117.935 100.647 170.667 218.742
threshold=12.187796007370503 13.885851000000001 14.398839365070861 15.764950500000001 89.750652500000015 0.99998654492179417 14.009119171161297 15.374875500000002 0.99616426479917164 22.136458000000001 13.207079894524544 0.99998329609811498 18.193559882918528 19.570866000000006
decision_type=2 2 2 2 2 2 2 2 2 2 2 2 2 2
left_child=-1 -2 4 -4 8 -6 -7 -8 -3 -10 -11 -5 -13 -14
right_child=1 2 3 11 5 6 7 -9 9 10 -12 12 13 -15
leaf_value=0 -0.020973597872831373 0.001697065977395188 -0.017710492766880054 -0.00045612717361969259 0.0017830266480306637 0.032277767596597152 -0.0047256046675369888 0.0075428974835405225 0.00055538680281971397 -0.0020969878412496752 0.0087253387775886124 0.0044628251138125116 -0.031804841243920183 0.00025714786488250762
leaf_weight=305402 1467 186 828 23703 1071 1366 121 165 1365 588 136 2485 365 3741
leaf_count=305402 1467 186 828 23703 1071 1366 121 165 1365 588 136 2485 365 3741
internal_value=1.83096e-05 -0.00172294 -0.00054928 -0.00194075 0.00811525 0.0175542 0.0264407 0.00223776 -0.00318242 -0.0059933 -0.0212155 -0.00104047 0.00333182 -0.0016756
internal_weight=342989 37587 36120 31122 4998 2723 1652 286 2275 2089 724 30294 6591 4106
internal_count=342989 37587 36120 31122 4998 2723 1652 286 2275 2089 724 30294 6591 4106
is_linear=0
shrinkage=0.04


Tree=103
num_leaves=15
num_cat=0
split_feature=0 3 2 3 1 3 0 10 0 3 1 2 1 0
split_gain=77.8027 1076.52 312.247 264.815 1142.7 415.353 327.777 297.119 293.389 281.811 1118.32 290.799 269.793 264.024
threshold=4.572259739650046 5.2194035000000012 73.982925500000007 14.764700500000002 13.642364517789634 16.987231500000004 15.1229076925234 -5.6335317931054414 9.1288531265875559 23.794443500000003 21.690581406350898 163.92913800000002 15.13156316619563 10.765753105453243
decision_type=2 2 2 2 2 2 2 2 2 2 2 2 2 2
left_child=-1 -2 13 4 -4 6 -5 9 12 10 -7 -11 -6 -3
right_child=1 2 3 5 8 7 -8 -9 -10 11 -12 -13 -14 -15
leaf_value=0 -0.012318326348547992 0.0012058375915723581 0.00018457498024006358 0.0037463659000647833 0.0037105215055618437 -0.00010646648218702926 -0.012539270546022357 -0.0012181392203728526 -0.028191144506966546 1.5191004527669027e-06 -0.015793607148325037 0.00050552209076413807 -0.016299600935740063 -0.0011110661149744006
leaf_weight=226237 1529 7298 8177 7496 490 17600 305 1288 1916 62812 3640 1859 524 1577
leaf_count=226237 1529 7298 8177 7496 490 17600 305 1288 1916 62812 3640 1859 524 1577
internal_value=-9.91982e-06 -0.000849705 -0.000406324 -0.00100917 -0.00685334 -0.000325895 0.00851686 -0.00111699 -0.0282867 -0.000831093 -0.00482863 0.000481823 -0.0108876 0.00680113
internal_weight=342748 116511 114982 106107 11107 95000 7801 87199 2930 85911 21240 64671 1014 8875
internal_count=342748 116511 114982 106107 11107 95000 7801 87199 2930 85911 21240 64671 1014 8875
is_linear=0
shrinkage=0.04


Tree=104
num_leaves=15
num_cat=0
split_feature=0 3 10 3 2 10 3 2 2 2 3 3 10 8
split_gain=79.0512 883.234 108.387 308.886 102.025 89.3373 462.304 102.073 107.14 92.3307 89.4094 88.1408 255.67 146.158
threshold=14.109612274405011 15.472558000000001 -16.56001993352238 17.939227500000005 155.81920600000004 -20.846200451486435 23.410586000000006 83.311077000000026 76.843952000000016 133.08221400000002 30.551339500000001 19.570866000000006 -17.74407195919105 0.99998654492179417
decision_type=2 2 2 2 2 2 2 2 2 2 2 2 2 2
left_child=-1 -2 3 -3 5 6 -5 8 -7 -8 -10 12 -9 -13
right_child=1 2 -4 4 -6 7 9 11 10 -11 -12 13 -14 -15
leaf_value=0 -0.020336946349761933 -0.035040926238653416 0.0024288973343335098 -0.04291324068407483 -0.0034077800291392314 0.0015569368566715704 -0.00051020713063036345 -0.016660268911798799 0.011233310667150021 0.0012589993813755162 -0.0018899561986156887 0.00051655221469656671 0.0074420365552926443 0.013364656775002799
leaf_weight=316975 1108 391 2857 733 106 233 12342 439 50 1076 698 4294 231 1403
leaf_count=316975 1108 391 2857 733 106 233 12342 439 50 1076 698 4294 231 1403
internal_value=2.50776e-05 -0.00209699 -0.00053917 -0.00149118 -0.000853506 -0.000660496 -0.00251855 0.0029178 -0.00909276 -0.000828738 -0.0164706 0.00476834 -0.00895522 0.00638231
internal_weight=342936 25961 24853 21996 21605 21499 14151 7348 981 13418 748 6367 670 5697
internal_count=342936 25961 24853 21996 21605 21499 14151 7348 981 13418 748 6367 670 5697
is_linear=0
shrinkage=0.04


Tree=105
num_leaves=15
num_cat=0
split_feature=0 10 2 2 2 2 9 0 10 0 9 2 0 8
split_gain=78.86 375.744 240.426 236.066 199.223 210.945 178.904 226.587 175.52 443.738 307.454 282.114 139.333 120.86
threshold=4.7772139708731052 -5.6335317931054414 65.408768000000009 63.186279000000006 118.29978950000002 172.45245350000002 0.00043567986938730657 7.249598886885928 -3.7845467311255638 0.98736860839297302 0.00070148250472884543 77.367245000000011 4.3322411613178842 0.96556027479056594
decision_type=2 2 2 2 2 2 2 2 2 2 2 2 2 2
left_child=8 2 -2 -3 13 6 -6 -8 9 -1 12 -12 -11 -4
right_child=1 3 4 -5 5 -7 7 -9 -10 10 11 -13 -14 -15
leaf_value=0.0015175180471965776 0.0017941219642354229 0.00065722531634455569 0.00018921719131066828 -0.0030027018677152495 0.0082820717090235953 0.00043757826507445418 -2.7637379585431612e-05 -0.00092242325451108637 0 0.0019135031700184845 -0.0013058456710498751 3.9793537059996495e-05 0.00047596899904991941 -0.00029688323336689694
leaf_weight=1557 1383 679 43164 3529 1863 2370 14234 20074 183225 3741 1083 37628 3056 25619
leaf_count=1557 1383 679 43164 3529 1863 2370 14234 20074 183225 3741 1083 37628 3056 25619
internal_value=8.27494e-06 -0.000857636 -0.000403654 -0.0125856 -0.000617197 -0.00291949 -0.00367698 -0.00433252 0.000432846 0.00261171 0.00189329 0.000515616 0.00973959 0.000672841
internal_weight=343205 112915 108707 4208 107324 38541 36171 34308 230290 47065 45508 38711 6797 68783
internal_count=343205 112915 108707 4208 107324 38541 36171 34308 230290 47065 45508 38711 6797 68783
is_linear=0
shrinkage=0.04


Tree=106
num_leaves=15
num_cat=0
split_feature=0 3 10 3 9 2 0 3 1 3 9 3 9 3
split_gain=71.3205 270.574 142.23 148.662 75.6234 150.939 116.419 82.5234 103.422 214.58 159.967 123.341 97.8971 79.8064
threshold=18.477390080300207 21.957176000000004 -19.60860273643387 19.910172500000005 0.084354176715870546 115.90046700000001 19.899726828421613 51.704191000000009 21.897640201160986 24.510447500000001 0.00013022879270097046 37.46381250000001 0.046959798846665297 51.159682000000011
decision_type=2 2 2 2 2 2 2 2 2 2 2 2 2 2
left_child=-1 2 -2 -4 7 -6 13 8 11 -10 -11 -3 -9 -7
right_child=1 4 3 -5 5 6 -8 12 9 10 -12 -13 -14 -15
leaf_value=0 -0.042464494756641873 0.0023431578522213649 -0.015246313326047662 0.0061978523302281402 1.0544506077000692e-05 -0.0040451835000303738 -0.0087423931370869123 -0.037599325470585157 -0.037594078609902833 0.0039296390727766939 -0.017974742101950342 -0.00070143128535338011 0.0029122453986528663 0.0020492716208340813
leaf_weight=329922 596 1883 265 198 3370 279 1187 64 369 1489 1070 548 1488 241
leaf_count=329922 596 1883 265 198 3370 279 1187 64 369 1489 1070 548 1488 241
internal_value=3.40556e-05 -0.00286656 -0.0222474 -0.00561555 -0.00115449 -0.00486114 -0.0145518 0.00156851 -0.000783728 -0.00584699 -0.00173505 0.00531469 0.00969072 0.00123077
internal_weight=342969 13047 1059 463 11988 5077 1707 6911 5359 2928 2559 2431 1552 520
internal_count=342969 13047 1059 463 11988 5077 1707 6911 5359 2928 2559 2431 1552 520
is_linear=0
shrinkage=0.04


Tree=107
num_leaves=15
num_cat=0
split_feature=0 2 0 2 2 8 8 8 10 8 8 9 10 1
split_gain=73.209 67.5765 94.0448 52.3906 41.7556 103.247 185.449 66.2338 52.2136 101.95 51.4154 50.8783 79.2929 61.3586
threshold=18.477390080300207 124.43504700000001 19.899726828421613 77.367245000000011 108.44549950000001 0.96556027479056594 0.99996899235561998 0.91049954646447795 -23.961485195730187 0.93478359790070265 0.89849849538125148 0.052670058995552778 -23.060421245650172 21.046704686449065
decision_type=2 2 2 2 2 2 2 2 2 2 2 2 2 2
left_child=-1 3 -3 -2 5 8 -7 10 -5 -10 -6 12 -9 -13
right_child=1 2 -4 4 7 6 -8 11 9 -11 -12 13 -14 -15
leaf_value=0 -0.0024126476718790992 -0.00011294076940408016 -0.0074887442840138778 0.0043496212803617726 -0.0031701692687286392 -0.038075129103541001 3.366537447907825e-05 -0.011310742507362975 -0.0015011220984125317 0.0058568637036817738 -0.02555060025462157 -0.0021983137268046051 0.00076958437464100357 0.002153049446934327
leaf_weight=329935 181 794 798 1683 2348 297 1798 1245 414 122 91 117 1919 1188
leaf_count=329935 181 794 798 1683 2348 297 1798 1245 414 122 91 117 1919 1188
internal_value=1.14309e-05 -0.00293344 -0.0106533 -0.00185565 -0.00151132 0.00157626 -0.00479236 -0.00343949 0.007589 -0.00328358 -0.00874129 -0.000545983 -0.00328698 0.00609962
internal_weight=342930 12995 1592 11403 11222 4314 2095 6908 2219 536 2439 4469 3164 1305
internal_count=342930 12995 1592 11403 11222 4314 2095 6908 2219 536 2439 4469 3164 1305
is_linear=0
shrinkage=0.04


Tree=108
num_leaves=15
num_cat=0
split_feature=0 3 8 3 3 8 2 10 3 9 2 8 10 2
split_gain=76.142 290.107 212.624 98.6234 72.8197 128.168 123.774 97.4144 109.393 69.1119 109.966 67.8824 82.6235 95.4119
threshold=21.988922690287158 24.684089500000002 0.79572954490400316 57.056034500000003 51.704191000000009 0.9998701749499167 124.88185500000002 -23.718329027297269 28.133823500000002 0.029347816246787121 118.86427300000001 0.99992579518263736 -28.270407585587531 111.34319300000001
decision_type=2 2 2 2 2 2 2 2 2 2 2 2 2 2
left_child=-1 -2 3 -3 5 9 11 8 -7 -4 -11 12 13 -6
right_child=1 2 4 -5 6 7 -8 -9 -10 10 -12 -13 -14 -15
leaf_value=0 -0.049231780695937692 -0.0021698702471693305 -0.021865455922464302 -0.012309939935749217 0.003787413693504924 -0.030122512962618204 -0.0086831163746523398 0.021359514105924956 0.0042730678337500796 -0.0010459953207983008 -0.018307134986493345 -0.01910522139371925 0.0049649826528404932 -0.0032059957877306499
leaf_weight=336102 450 500 463 348 1222 206 118 308 917 1109 208 46 448 589
leaf_count=336102 450 500 463 348 1222 206 118 308 917 1109 208 46 448 589
internal_value=6.52996e-06 -0.0041431 -0.00198704 -0.0206604 0.000823571 -0.00312675 0.00605861 0.00578616 0.00032057 -0.0102921 -0.00561883 0.00810412 0.00908367 0.00527885
internal_weight=343034 6932 6482 848 5634 3211 2423 1431 1123 1780 1317 2305 2259 1811
internal_count=343034 6932 6482 848 5634 3211 2423 1431 1123 1780 1317 2305 2259 1811
is_linear=0
shrinkage=0.04


Tree=109
num_leaves=15
num_cat=0
split_feature=8 2 3 10 10 2 9 3 3 3 10 5 2 3
split_gain=73.6773 212.237 238.244 211.001 197.579 182.997 170.548 161.549 141.509 123.157 505.047 114.823 111.602 103.154
threshold=0.39384590033630679 118.29978950000002 81.895191000000011 -3.5995524577346294 -4.6370659520543125 170.89540100000002 0.00043567986938730657 9.9282010000000032 15.076408000000002 4.504458500000001 -4.0344397994219259 1.0000000180025095e-35 134.53521750000002 57.056034500000003
decision_type=2 2 2 2 2 2 2 2 2 2 2 2 2 2
left_child=-1 9 3 4 5 6 7 -3 -7 10 -2 -11 -5 -8
right_child=1 2 -4 12 -6 8 13 -9 -10 11 -12 -13 -14 -15
leaf_value=0 -0.011234848125404451 -0.014708330340067896 -0.0039572760834373864 7.0209110332147827e-06 0.01286435017511996 -0.0013175928347493383 -0.0011320746606936804 0.013183412406740716 0.00045839203273714965 -0.12604615489380958 3.8244215322751066e-05 1.2490470222169329e-05 -0.0013186650736771585 0.0005262592634708704
leaf_weight=213503 796 347 529 199 376 724 13757 1657 1562 207 2368 104928 509 1458
leaf_count=213503 796 347 529 199 376 724 13757 1657 1562 207 2368 104928 509 1458
internal_value=4.66581e-07 -0.000752606 -0.00442087 -0.00373986 -0.00297571 -0.00352935 -0.00494105 0.00602794 0.00710411 -3.73041e-05 -0.0078129 0.000196699 -0.0251977 -0.0063858
internal_weight=342920 129417 21118 20589 19881 19505 17219 2004 2286 108299 3164 105135 708 15215
internal_count=342920 129417 21118 20589 19881 19505 17219 2004 2286 108299 3164 105135 708 15215
is_linear=0
shrinkage=0.04


Tree=110
num_leaves=15
num_cat=0
split_feature=8 2 3 1 8 2 5 10 1 1 3 3 3 2
split_gain=63.1296 185.629 210.538 209.379 185.252 142.77 131.929 114.925 119.132 184.155 262.342 153.766 104.907 104.438
threshold=0.45448986398052788 118.29978950000002 81.895191000000011 3.7969241737860417 0.99949182122444447 172.45245350000002 1.0000000180025095e-35 -4.4995444998545429 19.366872803110887 23.711323411092419 21.771361500000005 58.484257500000005 16.271464000000005 134.53521750000002
decision_type=2 2 2 2 2 2 2 2 2 2 2 2 2 2
left_child=-1 6 3 13 5 7 -2 8 -5 10 -10 -11 -7 -3
right_child=1 2 -4 4 -6 12 -8 -9 9 11 -12 -13 -14 -15
leaf_value=0 -0.118720082548606 -4.5484925783906284e-06 -0.0059628187641939867 -0.0012872627626631771 0.0054475783805466513 -0.0008921650315798879 2.7347232011238827e-07 0.015642722817489428 -0.038069211033546733 -0.0048153370668767397 0.0016093829738572769 0.00051983776012562682 0.00035368495166103605 -0.0012718781273000274
leaf_weight=219594 211 197 428 6802 2437 639 104746 153 323 2245 2456 1112 1016 517
leaf_count=219594 211 197 428 6802 2437 639 104746 153 323 2245 2456 1112 1016 517
internal_value=1.44659e-05 -0.000709917 -0.00442456 -0.00376152 -0.00287959 -0.00456802 -6.13585e-05 -0.00596746 -0.00637502 -0.00233377 0.00528248 -0.00863867 0.00650151 -0.024986
internal_weight=342876 123282 18325 17897 17183 14746 104957 13091 12938 6136 2779 3357 1655 714
internal_count=342876 123282 18325 17897 17183 14746 104957 13091 12938 6136 2779 3357 1655 714
is_linear=0
shrinkage=0.04


Tree=111
num_leaves=15
num_cat=0
split_feature=0 3 10 3 2 1 3 2 9 3 1 2 2 9
split_gain=58.1483 279.715 113.887 65.4012 112.834 65.3896 264.338 106.929 83.9168 68.6469 96.4959 67.9974 61.4283 60.5091
threshold=18.477390080300207 21.502308500000002 -19.097865776120276 81.895191000000011 113.36869400000002 21.504592471841331 23.794443500000003 101.42388950000002 1.0000000180025095e-35 22.657182500000001 20.133682546775319 108.44549950000001 90.705951500000012 0.084354176715870546
decision_type=2 2 2 2 2 2 2 2 2 2 2 2 2 2
left_child=-1 2 -2 5 -5 7 -7 -3 9 10 -9 12 -8 -13
right_child=1 3 -4 4 -6 6 11 8 -10 -11 -12 13 -14 -15
leaf_value=0 -0.034403402495310764 -0.00041635340641055896 -8.3381006407519108e-05 -0.00022729585746243452 -0.011094522383255132 -0.038012626974642326 -0.0040157128033531039 0.016986563162500787 0.00056076841093186027 0.059743851423587763 -0.0072594088642994195 0.00077091678530853875 0.0025634142997272005 -0.0023527629756269442
leaf_weight=330017 616 983 219 605 326 424 193 74 1063 372 70 2417 2755 2886
leaf_count=330017 616 983 219 605 326 424 193 74 1063 372 70 2417 2755 2886
internal_value=6.12209e-05 -0.00256249 -0.0249581 -0.00102564 -0.0112137 -0.000181543 -0.00183977 0.00543326 0.0118809 0.0251163 0.00166667 -0.000256939 0.0046133 -0.00296436
internal_weight=343020 13003 835 12168 931 11237 8675 2562 1579 516 144 8251 2948 5303
internal_count=343020 13003 835 12168 931 11237 8675 2562 1579 516 144 8251 2948 5303
is_linear=0
shrinkage=0.04


Tree=112
num_leaves=15
num_cat=0
split_feature=0 3 10 3 2 1 2 10 2 3 3 8 1 3
split_gain=69.8098 253.753 73.2694 319.564 70.7958 69.9948 56.6816 136.136 77.8264 75.7175 104.079 63.863 119.276 103.459
threshold=18.477390080300207 20.245031000000004 -20.388688372890929 23.043582000000004 78.07985650000002 18.763488521492999 110.75448600000001 -28.542512736831885 90.705951500000012 63.860795500000009 31.953422000000003 0.9998701749499167 23.020764661086407 44.517084000000004
decision_type=2 2 2 2 2 2 2 2 2 2 2 2 2 2
left_child=-1 5 3 -3 -4 -2 8 9 -5 10 -8 13 -13 -9
right_child=1 2 4 6 -6 -7 7 11 -10 -11 -12 12 -14 -15
leaf_value=0 0.0029335137474913297 -0.023291514702947057 -0.0012415290679673842 -0.0019597716612534521 0.0012737047789765951 -0.039177300626435388 -0.10687553333111197 -0.0056408799739048887 0.00122228327356709 -0.0061800941985915084 -0.0012511716193006261 0.032736650793196612 -0.00073344385140512974 0.0015335653779725157
leaf_weight=330061 87 585 276 373 1498 454 169 1209 4300 821 1467 299 435 995
leaf_count=330061 87 585 276 373 1498 454 169 1209 4300 821 1467 299 435 995
internal_value=4.72263e-05 -0.00283159 -0.00166412 -0.00291749 0.00586246 -0.0296488 -0.00124752 -0.00404078 0.00197732 -0.010989 -0.00601467 0.00176991 0.0119891 -0.00163339
internal_weight=343029 12968 12427 10653 1774 541 10068 5395 4673 2457 1636 2938 734 2204
internal_count=343029 12968 12427 10653 1774 541 10068 5395 4673 2457 1636 2938 734 2204
is_linear=0
shrinkage=0.04


Tree=113
num_leaves=15
num_cat=0
split_feature=0 3 9 3 3 8 2 1 3 9 10 2 3 1
split_gain=74.7427 273.574 217.885 77.1251 75.0243 121.214 114.776 76.2986 99.4743 53.7436 66.1614 71.2932 47.9665 2043.11
threshold=21.988922690287158 24.510447500000001 0.20517901725635643 51.704191000000009 49.590755000000009 0.9998701749499167 124.88185500000002 23.51535125458869 27.366651500000007 0.046959798846665297 -28.270407585587531 117.10308450000001 22.227123500000005 22.795413940654338
decision_type=2 2 2 2 2 2 2 2 2 2 2 2 2 2
left_child=12 -2 4 -4 5 -3 9 -7 -9 -6 11 -11 13 -1
right_child=1 2 3 -5 6 7 -8 8 -10 10 -12 -13 -14 -15
leaf_value=0 -0.045739949994999841 -0.011691980922214467 -0.0022451286856939355 -0.010753870387138533 -0.012971201748637053 0.01916432028084606 -0.0089862031033580338 -0.02844525239561823 0.0039402669871333304 0.00285556427029106 0.0048278376739751003 -0.020817832109484301 0 -0.011079092301674502
leaf_weight=178167 445 1703 480 346 144 277 119 198 912 1730 461 152 154144 3669
leaf_count=178167 445 1703 480 346 144 277 119 198 912 1730 461 152 154144 3669
internal_value=1.86618e-05 -0.0040821 -0.00201165 -0.0212107 0.000772472 -0.00344337 0.0057713 0.00533526 0.000648649 0.00760756 0.0090653 0.00573858 0.000103697 -0.000336347
internal_weight=342947 6967 6522 826 5696 3090 2606 1387 1110 2487 2343 1882 335980 181836
internal_count=342947 6967 6522 826 5696 3090 2606 1387 1110 2487 2343 1882 335980 181836
is_linear=0
shrinkage=0.04


Tree=114
num_leaves=15
num_cat=0
split_feature=9 2 3 1 1 3 10 3 9 2 5 3 1 2
split_gain=67.6873 168.447 194.241 188.547 170.166 150.358 197.574 226.703 179.945 138.186 121.064 121.965 503.238 109.772
threshold=0.54651628205009295 118.29978950000002 81.895191000000011 3.7969241737860417 4.5433765009231442 4.9032800000000014 -8.9996302830822561 10.258939500000002 0.00043567986938730657 176.63816800000004 1.0000000180025095e-35 4.504458500000001 4.0550562719577892 133.77053850000001
decision_type=2 2 2 2 2 2 2 2 2 2 2 2 2 2
left_child=1 10 3 13 -5 -6 7 -7 -9 -10 -1 12 -12 -3
right_child=-2 2 -4 4 5 6 -8 8 9 -11 11 -13 -14 -15
leaf_value=-0.1135984004102614 0 5.0529921009327408e-05 -0.0053590305881574211 0.015177668317517146 -0.016204541376719103 -0.036885323219936941 0.0078494498792415525 0.0075089864000125496 -0.00086115986244002848 0.00026412623676580124 3.8374819728232046e-05 1.1256541321102384e-05 -0.011039487291197855 -0.0011601508245357125
leaf_weight=216 219557 185 418 310 218 331 781 1763 12575 1231 2394 101418 796 511
leaf_count=216 219557 185 418 310 218 331 781 1763 12575 1231 2394 101418 796 511
internal_value=4.73878e-05 -0.000703225 -0.00424166 -0.0036124 -0.00278691 -0.00332564 -0.00289431 -0.00385912 -0.0031627 -0.00469941 -8.47134e-05 -2.29428e-05 -0.00772414 -0.024023
internal_weight=342704 123147 18323 17905 17209 16899 16681 15900 15569 13806 104824 104608 3190 696
internal_count=342704 123147 18323 17905 17209 16899 16681 15900 15569 13806 104824 104608 3190 696
is_linear=0
shrinkage=0.04


Tree=115
num_leaves=15
num_cat=0
split_feature=0 3 2 3 1 3 0 3 1 0 2 9 3 1
split_gain=65.0403 1029.51 280.338 245.639 1125.06 344.344 357.759 244.425 363.258 224.768 202.115 269.827 234.179 328.734
threshold=4.73720112861964 5.2986695000000008 65.408768000000009 14.571346000000002 14.009119171161297 16.987231500000004 14.68823241328567 9.9282010000000032 8.8919065637126824 13.084909371525514 152.71772800000002 0.16100220515860617 25.697482000000004 26.716522642575807
decision_type=2 2 2 2 2 2 2 2 2 2 2 2 2 2
left_child=-1 -2 -3 4 7 6 -5 8 -4 -9 -7 -12 13 -13
right_child=1 2 3 5 -6 10 -8 9 -10 -11 11 12 -14 -15
leaf_value=0 -0.013997196831388678 0.0013058802839355072 0.00015606926443296616 0.0033877697344599791 -0.024033212063886759 -0.00010990601600207858 -0.0074316803423968075 0.0012869771425967551 -0.030965288997776747 -0.0050872199018932428 -0.0021724220593433365 0.00096877976457391797 0.00052550796790728962 -0.01112910897789523
leaf_weight=229682 1226 2349 1365 8465 2203 86306 581 6186 753 503 299 962 2071 330
leaf_count=229682 1226 2349 1365 8465 2203 86306 581 6186 753 503 299 962 2071 330
internal_value=4.52108e-05 -0.000737683 -0.000339939 -0.000631862 -0.00629973 -1.61593e-06 0.00743754 9.53787e-05 -0.0117469 0.00384512 -0.0007496 0.0084544 0.0116919 -0.00167183
internal_weight=343281 113599 112373 110024 11010 99014 9046 8807 2118 6689 89968 3662 3363 1292
internal_count=343281 113599 112373 110024 11010 99014 9046 8807 2118 6689 89968 3662 3363 1292
is_linear=0
shrinkage=0.04


Tree=116
num_leaves=15
num_cat=0
split_feature=8 2 1 3 1 3 10 3 9 5 3 1 3 2
split_gain=75.8091 154.748 175.52 181.356 154.765 140.501 177.783 209.007 167.76 116.439 117.706 367.236 113.331 156.014
threshold=0.45448986398052788 118.56686000000001 3.7969241737860417 81.895191000000011 4.5433765009231442 4.9784045000000008 -8.9996302830822561 10.258939500000002 0.00043567986938730657 1.0000000180025095e-35 4.419525000000001 3.9667622572834245 23.229146500000002 125.33120300000002
decision_type=2 2 2 2 2 2 2 2 2 2 2 2 2 2
left_child=-1 9 -3 4 -4 -6 7 -7 -9 -2 11 -11 -10 -14
right_child=1 2 3 -5 5 6 -8 8 12 10 -12 -13 13 -15
leaf_value=0 -0.10924090381205112 -0.00071639346641223377 0.01408856081682806 -0.0050212644345462645 -0.015276415785022566 -0.033095658001036456 0.0092107036415621148 0.0076221106026320984 -0.0013539843243198877 1.0072996898501208e-05 4.9729195217117214e-06 -0.010663979592294447 -0.0012486590606840433 0.00021418610648545113
leaf_weight=219968 218 704 307 410 236 327 719 1690 5499 1530 103050 569 3116 4936
leaf_count=219968 218 704 307 410 236 327 719 1690 5499 1530 103050 569 3116 4936
internal_value=5.46494e-05 -0.000739269 -0.00417298 -0.00337355 -0.00273321 -0.00325607 -0.00281206 -0.00371017 -0.0030313 -0.000154508 -9.39619e-05 -0.00947118 -0.00451332 -0.00149031
internal_weight=343279 123311 17944 17240 16830 16523 16287 15568 15241 105367 105149 2099 13551 8052
internal_count=343279 123311 17944 17240 16830 16523 16287 15568 15241 105367 105149 2099 13551 8052
is_linear=0
shrinkage=0.04


Tree=117
num_leaves=15
num_cat=0
split_feature=8 2 1 3 10 3 2 5 3 10 3 9 3 3
split_gain=67.6113 172.635 189.996 201.74 164.82 146.523 130.08 126.462 116.559 140.817 189.092 161.566 115.733 115.62
threshold=0.38228767031155025 118.56686000000001 3.7969241737860417 81.895191000000011 -4.7853097644434639 4.7482865000000007 171.68569950000003 1.0000000180025095e-35 5.0643965000000009 -9.2320903574311419 10.595514000000001 0.00043567986938730657 15.374875500000002 22.227123500000005
decision_type=2 2 2 2 2 2 2 2 2 2 2 2 2 2
left_child=-1 7 -3 4 6 -6 8 -2 -4 10 -10 -12 -8 -13
right_child=1 2 3 -5 5 -7 12 -9 9 -11 11 13 -14 -15
leaf_value=0 -0.10547628699974977 -0.00073141690819404344 -0.01502693217030001 -0.0030305966443190126 -0.0026463452737754754 0.015691677015427841 -0.0010500038846323787 1.6124343365017083e-06 -0.037705973930214964 0.0042972502310369611 0.0076196767590640674 -0.001677453995334821 0.00041113632543535671 -0.0003997783558096968
leaf_weight=212904 218 697 199 562 150 318 763 109138 279 769 1395 4665 1453 9955
leaf_count=212904 218 697 199 562 150 318 763 109138 279 769 1395 4665 1453 9955
internal_value=5.27565e-05 -0.000663904 -0.00396699 -0.00326897 -0.00260303 0.0208547 -0.00316665 -2.34098e-05 -0.00433785 -0.00398289 -0.00477231 -0.00420356 0.00595668 -0.0054446
internal_weight=343465 130561 21205 20508 19946 468 19478 109356 17262 17063 16294 16015 2216 14620
internal_count=343465 130561 21205 20508 19946 468 19478 109356 17262 17063 16294 16015 2216 14620
is_linear=0
shrinkage=0.04


Tree=118
num_leaves=15
num_cat=0
split_feature=0 3 3 1 9 2 1 3 2 1 1 1 3 2
split_gain=76.0162 253.823 72.4988 321.892 69.6165 73.8197 113.869 115.15 79.0291 58.1349 56.066 55.947 76.0403 53.6325
threshold=18.477390080300207 19.910172500000005 23.229146500000002 20.133682546775319 3.2131377061650486e-05 88.747097000000011 23.278040444286287 28.133823500000002 110.51144050000001 19.006320063181274 29.188881226995836 24.380346124233728 24.855747500000003 111.92917250000001
decision_type=2 2 2 2 2 2 2 2 2 2 2 2 2 2
left_child=-1 9 3 -3 5 -4 8 11 -7 -2 -9 12 -8 -6
right_child=1 2 4 -5 13 6 7 10 -10 -11 -12 -13 -14 -15
leaf_value=0 -0.0050951235103213382 0.004227716670773967 -0.00053326604211866632 -0.019616670336377231 0.00021926237227772982 0.0028717612183807042 -0.034070550059187805 0.019583191138959136 0.042892025349655985 -0.045209674644896593 -2.7121259507651431e-05 -0.059813953149774717 0.0026493939492952942 -0.0015719274210941898
leaf_weight=329817 130 510 617 713 3970 434 65 360 405 367 512 150 128 4632
leaf_count=329817 130 510 617 713 3970 434 65 360 405 367 512 150 128 4632
internal_value=4.86567e-05 -0.00295236 -0.00183739 -0.0110875 -0.000833851 0.00480719 0.0084518 0.000625514 0.0197855 -0.0309859 0.00834862 -0.0190087 -0.00476684 -0.00258545
internal_weight=342810 12993 12496 1223 11273 2671 2054 1215 839 497 872 343 193 8602
internal_count=342810 12993 12496 1223 11273 2671 2054 1215 839 497 872 343 193 8602
is_linear=0
shrinkage=0.04


Tree=119
num_leaves=15
num_cat=0
split_feature=0 3 8 3 8 2 3 10 3 8 1 2 3 1
split_gain=70.4256 275.161 183.773 68.237 132.767 110.344 67.6656 66.8059 81.2569 61.731 60.7887 72.1022 51.2075 1721.3
threshold=21.988922690287158 24.684089500000002 0.79572954490400316 49.590755000000009 0.9998701749499167 124.88185500000002 50.097383000000008 -23.718329027297269 26.445131000000003 0.95728767943439597 28.776218230386945 117.10308450000001 22.401631500000004 23.882561551830033
decision_type=2 2 2 2 2 2 2 2 2 2 2 2 2 2
left_child=12 -2 6 4 -4 9 -3 8 -6 10 -5 -12 13 -1
right_child=1 2 3 5 7 -7 -8 -9 -10 -11 11 -13 -14 -15
leaf_value=0 -0.042337275959783566 -0.0018181935472131828 -0.011239082815200733 0.0046006320783204989 -0.040205490278150027 -0.0082717173636199983 -0.0093860425278791803 0.016672811940064071 0.003012950899555826 -0.012447586263478354 0.0027980189263178412 -0.026643109605815507 0 -0.01108754892575691
leaf_weight=180874 454 424 1718 504 98 108 401 315 941 148 1715 137 152250 3018
leaf_count=180874 454 424 1718 504 98 108 401 315 941 148 1715 137 152250 3018
internal_value=8.11413e-05 -0.00390062 -0.00180058 0.000760028 -0.00328125 0.00551302 -0.0194424 0.00608567 0.00119346 0.00722045 0.00879457 0.00544276 0.000163621 -0.000285602
internal_weight=343105 6963 6509 5684 3072 2612 825 1354 1039 2504 2356 1852 336142 183892
internal_count=343105 6963 6509 5684 3072 2612 825 1354 1039 2504 2356 1852 336142 183892
is_linear=0
shrinkage=0.04


Tree=120
num_leaves=15
num_cat=0
split_feature=8 2 1 10 2 9 5 2 0 0 9 1 10 0
split_gain=66.8281 159.937 169.901 149.463 154.469 137.199 122.518 111.135 97.7455 79.6284 73.3359 108.558 112.288 72.6641
threshold=0.39384590033630679 118.56686000000001 3.7969241737860417 -4.6370659520543125 167.93077850000003 0.00043567986938730657 1.0000000180025095e-35 134.53521750000002 1.6116431806736549 13.084909371525514 0.20517901725635643 13.361561922214017 -9.9194906172432269 15.852550846558197
decision_type=2 2 2 2 2 2 2 2 2 2 2 2 2 2
left_child=-1 6 7 4 5 -4 8 -3 -2 10 -6 12 -12 -7
right_child=1 2 3 -5 9 13 -8 -9 -10 -11 11 -13 -14 -15
leaf_value=0 0.036871405117744421 5.1524665268622983e-05 0.0038223570330237623 0.010523218491407624 0.015716186626068149 -0.0010332944880562045 2.9956117453630302e-06 -0.0011107248976723915 -0.12645844040118862 -0.0019724403960301971 -0.000783573633300881 0.00034170254369450981 0.026885504998541136 -0.00053717546148795818
leaf_weight=213819 28 197 1882 375 261 10223 108369 521 192 289 595 1531 123 4695
leaf_count=213819 28 197 1882 375 261 10223 108369 521 192 289 595 1531 123 4695
internal_value=0.000105625 -0.00061231 -0.0038353 -0.00314809 -0.00362672 -0.00507619 1.84181e-06 -0.0229526 -0.0298182 0.00507324 0.00736255 0.00503335 -0.00779944 -0.0063601
internal_weight=343100 129281 20692 19974 19599 16800 108589 718 220 2799 2510 2249 718 14918
internal_count=343100 129281 20692 19974 19599 16800 108589 718 220 2799 2510 2249 718 14918
is_linear=0
shrinkage=0.04


Tree=121
num_leaves=15
num_cat=0
split_feature=8 3 1 1 3 0 3 3 10 10 10 3 0 3
split_gain=57.0789 126.601 400.643 128.123 1300.4 230.543 549.551 413.88 334.915 293.435 248.091 444.093 214.825 188.787
threshold=0.45448986398052788 4.419525000000001 3.9667622572834245 14.128294149703853 15.076408000000002 8.485308548617132 13.304020500000002 17.250080500000003 -9.4185626523262336 -7.7087001137110631 -11.97711094593374 10.258939500000002 7.7763245074852607 8.581018000000002
decision_type=2 2 2 2 2 2 2 2 2 2 2 2 2 2
left_child=-1 2 -2 5 12 8 10 -8 -3 -10 -7 -12 -5 -11
right_child=1 3 -4 4 -6 6 7 -9 9 13 11 -13 -14 -15
leaf_value=0 2.5318981594143543e-05 -0.00069680735856970401 -0.010733883102395305 0.0003495137216783329 -8.9042684814665823e-05 -0.014981693827983903 0.0062785600255748641 0.00022144223471668584 0.0011820003409065923 8.8498012581545349e-05 -0.026999801618738523 0.0055240128992464299 -0.027514570440083687 -8.6323462713181091e-05
leaf_weight=219761 1535 4380 646 275 36054 663 6958 9226 4498 18231 746 863 1868 37330
leaf_count=219761 1535 4380 646 275 36054 663 6958 9226 4498 18231 746 863 1868 37330
internal_value=0.00013503 -0.000553893 -0.0101055 -0.000381858 -0.00229861 0.000501357 0.004443 0.00702916 -0.00062757 0.000151185 -0.0139789 -0.0054941 -0.0325712 -0.000644337
internal_weight=343034 123273 2181 121092 38197 82895 18456 16184 64439 60059 2272 1609 2143 55561
internal_count=343034 123273 2181 121092 38197 82895 18456 16184 64439 60059 2272 1609 2143 55561
is_linear=0
shrinkage=0.04


Tree=122
num_leaves=15
num_cat=0
split_feature=0 3 3 1 3 10 0 3 3 1 0 1 2 2
split_gain=66.0188 960.281 239.384 997.217 237.396 269.782 221.404 229.003 211.653 436.555 273.54 210.492 208.643 207.884
threshold=4.7772139708731052 5.2986695000000008 14.270604500000003 14.009119171161297 9.6007285000000007 -8.767680918176044 12.41245854526945 13.408700000000001 17.250080500000003 15.34954670684882 8.9490257494695644 13.361561922214017 107.61035550000001 65.408768000000009
decision_type=2 2 2 2 2 2 2 2 2 2 2 2 2 2
left_child=-1 -2 3 4 5 -3 -6 -8 9 10 11 12 -4 -10
right_child=1 2 8 -5 6 -7 7 -9 13 -11 -12 -13 -14 -15
leaf_value=0 -0.01380205436742489 -0.029684518617034649 0.00020303128686581989 -0.024706628975247075 0.0014078556296188683 -0.00058963238822202591 -0.015969744287713444 0.00050580749092486222 0.0013026882995311225 -0.0076002146771364434 0.0073221370978182702 0.014953019886678437 -0.0011830834406622993 -6.3321199639230087e-05
leaf_weight=230248 1134 618 2301 1901 5546 1167 399 500 1642 1662 6381 906 851 87772
leaf_count=230248 1134 618 2301 1901 5546 1167 399 500 1642 1662 6381 906 851 87772
internal_value=9.70183e-05 -0.000695868 -0.000323881 -0.00618695 -0.000155529 -0.0130644 0.00341971 -0.0149944 0.000261242 0.00522601 0.0082575 0.000137999 -0.00474619 -0.000410674
internal_weight=343028 112780 111646 10131 8230 1785 6445 899 101515 12101 10439 4058 3152 89414
internal_count=343028 112780 111646 10131 8230 1785 6445 899 101515 12101 10439 4058 3152 89414
is_linear=0
shrinkage=0.04


Tree=123
num_leaves=15
num_cat=0
split_feature=9 2 1 3 9 5 3 10 3 0 1 2 0 2
split_gain=64.2703 133.867 145.267 146.766 125.006 123.582 107.814 146.508 139.685 129.18 105.579 99.8221 97.8739 97.7322
threshold=0.54651628205009295 118.29978950000002 3.7969241737860417 81.895191000000011 0.00043567986938730657 1.0000000180025095e-35 14.971307000000001 -17.367170309356457 23.229146500000002 13.207079894524544 24.044793340063183 172.45245350000002 1.6116431806736549 134.53521750000002
decision_type=2 2 2 2 2 2 2 2 2 2 2 2 2 2
left_child=1 5 13 4 6 12 9 8 -8 -4 -10 -6 -1 -3
right_child=-2 2 3 -5 11 -7 7 -9 10 -11 -12 -13 -14 -15
leaf_value=0.03540000185154317 0 4.592375815461625e-05 0.0018594807916437286 -0.0042332896195950379 -0.0007784561426117892 -1.8090496995690555e-06 -0.0070425069172300823 0.052962593844495809 0.057608484718809035 -0.015480424602734777 -0.010879452180822926 0.00019136082452912622 -0.12139664984663254 -0.00096716586424594746
leaf_weight=28 219539 197 834 410 13207 104769 383 545 252 166 176 1667 194 525
leaf_count=28 219539 197 834 410 13207 104769 383 545 252 166 176 1667 194 525
internal_value=8.23583e-05 -0.000648221 -0.00379915 -0.00307937 -0.00251654 -9.71512e-05 0.00604414 0.0133923 0.00261406 -0.00392 0.0183178 -0.00387253 -0.0299099 -0.021385
internal_weight=342892 123353 18362 17640 17230 104991 2356 1356 811 1000 428 14874 222 722
internal_count=342892 123353 18362 17640 17230 104991 2356 1356 811 1000 428 14874 222 722
is_linear=0
shrinkage=0.04


Tree=124
num_leaves=15
num_cat=0
split_feature=8 3 1 3 1 1 3 1 3 3 1 0 3 1
split_gain=58.5608 123.436 505.752 132.164 697.345 807.74 430.307 556.955 191.439 182.788 1118.55 245.549 145.146 269.678
threshold=0.45448986398052788 4.504458500000001 4.0550562719577892 5.6909915000000009 4.9529661754467549 3.5278596749266415 4.9032800000000014 4.5433765009231442 5.4553660000000006 14.764700500000002 13.642364517789634 9.1288531265875559 9.6007285000000007 8.8919065637126824
decision_type=2 2 2 2 2 2 2 2 2 2 2 2 2 2
left_child=-1 2 -2 4 5 -3 7 -7 -6 10 12 -12 13 -5
right_child=1 3 -4 9 8 6 -8 -9 -10 -11 11 -13 -14 -15
leaf_value=0 3.9469211855064576e-05 -5.8666701616558845e-06 -0.010706067835270972 -0.00011479832952978664 -0.012142147340065921 0.0035988949829445361 0.013556484007099997 -0.0063157299389839166 0.001196853681453409 -3.1682753803094489e-06 -0.0021359220942347447 -0.024743230926571345 5.6102268024024184e-05 -0.026884289588450121
leaf_weight=219669 2429 11127 920 3146 853 843 2652 487 203 83440 548 1928 14133 634
leaf_count=219669 2429 11127 920 3146 853 843 2652 487 203 83440 548 1928 14133 634
internal_value=0.000138071 -0.000559416 -0.00813377 -0.000348017 0.00301639 0.00521279 0.020673 0.00210526 -0.0284091 -0.000871818 -0.00426701 -0.0294669 -0.000783788 -0.00774603
internal_weight=343012 123343 3349 119994 16165 15109 3982 1330 1056 103829 20389 2476 17913 3780
internal_count=343012 123343 3349 119994 16165 15109 3982 1330 1056 103829 20389 2476 17913 3780
is_linear=0
shrinkage=0.04


Tree=125
num_leaves=15
num_cat=0
split_feature=0 3 9 3 8 2 3 0 3 9 3 10 0 10
split_gain=71.5683 235.843 169.004 72.4495 113.542 102.314 65.9679 60.0962 83.351 52.0048 51.4386 1537.56 276.1 272.256
threshold=21.988922690287158 24.510447500000001 0.20517901725635643 49.590755000000009 0.9998701749499167 125.33120300000002 54.486009500000002 23.662805812849271 28.770002000000002 0.046959798846665297 22.227123500000005 -22.728044523347275 19.505852710585295 -19.970261337118021
decision_type=2 2 2 2 2 2 2 2 2 2 2 2 2 2
left_child=10 -2 3 4 -3 9 -4 -6 -9 -5 11 -1 -13 -12
right_child=1 2 6 5 7 -7 -8 8 -10 -11 13 12 -14 -15
leaf_value=-0.010047941879868683 -0.040942665456441124 -0.010783345678681167 -0.0019033231215408453 -0.010962641553914821 0.016025010366767862 -0.0084986177262352958 -0.0095702740841207452 -0.022351932137803194 0.0045268390655335 0.0026605982941039748 0.00018316816885917254 0 -0.022148097193040169 0
leaf_weight=3700 448 1741 480 145 308 90 343 266 811 2340 54042 177429 558 100235
leaf_count=3700 448 1741 480 145 308 90 343 266 811 2340 54042 177429 558 100235
internal_value=0.000121422 -0.00388985 -0.00196199 0.000484126 -0.00360845 0.00545243 -0.0189064 0.00493863 0.000482823 0.00696982 0.000204665 -0.000251421 0.000279122 0.000741783
internal_weight=342936 6972 6524 5701 3126 2575 823 1385 1077 2485 335964 181687 177987 154277
internal_count=342936 6972 6524 5701 3126 2575 823 1385 1077 2485 335964 181687 177987 154277
is_linear=0
shrinkage=0.04


Tree=126
num_leaves=15
num_cat=0
split_feature=0 3 2 3 1 0 3 1 10 0 3 3 1 1
split_gain=70.4315 896 218.595 226.548 654.575 214.598 210.873 239.895 184.209 505.207 437.482 974.149 404.466 237.867
threshold=4.7772139708731052 5.3745950000000002 65.408768000000009 13.408700000000001 9.8518272941707163 12.066035017857381 9.6007285000000007 7.8690876103992871 -3.7845467311255638 0.98736860839297302 8.581018000000002 4.7482865000000007 4.2224785432588767 5.1332498987436788
decision_type=2 2 2 2 2 2 2 2 2 2 2 2 2 2
left_child=8 -2 -3 4 6 -6 -4 -8 9 -1 11 12 -11 -13
right_child=1 2 3 -5 5 -7 7 -9 -10 10 -12 13 -14 -15
leaf_value=0.0015830157233761282 -0.011753316867684459 0.0011846585578052322 -0.0029166744391640599 -1.8632240196177693e-05 -0.0068984037430386393 -0.02232825275761079 -0.0023312350669589484 0.015547925711581173 0 0.002812695857916458 2.3032182880589188e-05 0.012942298221767169 -0.0056217869625085617 -0.0042543015364776716
leaf_weight=1554 1193 2276 1332 102706 2039 927 776 1332 182888 543 40742 2947 1047 234
leaf_count=1554 1193 2276 1332 102706 2039 927 776 1332 182888 543 40742 2947 1047 234
internal_value=6.18913e-05 -0.000757854 -0.000388552 -0.000644475 -0.00794255 -0.0217127 0.00393023 0.0118027 0.000463221 0.00269488 0.00192912 0.0133892 -0.0121761 0.0261679
internal_weight=342536 112581 111388 109112 6406 2966 3440 2108 229955 47067 45513 4771 1590 3181
internal_count=342536 112581 111388 109112 6406 2966 3440 2108 229955 47067 45513 4771 1590 3181
is_linear=0
shrinkage=0.04


Tree=127
num_leaves=15
num_cat=0
split_feature=0 3 9 3 3 2 8 9 2 3 10 9 10 2
split_gain=64.8995 212.216 153.849 71.513 59.5195 100.795 96.8008 54.1734 89.1198 66.3082 61.3409 48.6932 64.6124 64.2409
threshold=21.988922690287158 24.510447500000001 0.20517901725635643 51.704191000000009 50.097383000000008 124.88185500000002 0.9999005005767353 0.029347816246787121 118.86427300000001 32.799260000000011 -30.321813941715899 0.046959798846665297 -28.843705814010843 111.34319300000001
decision_type=2 2 2 2 2 2 2 2 2 2 2 2 2 2
left_child=-1 -2 4 -4 6 11 7 -3 9 10 -9 -6 13 -13
right_child=1 2 3 -5 5 -7 -8 8 -10 -11 -12 12 -14 -15
leaf_value=0 -0.039770021208158368 -0.018725278405167217 -0.0017798715636767105 -0.0092672255925815624 -0.012602498480383771 -0.0081579277275780366 0.0032737983435662098 -0.099668215076377437 -0.015750168504665756 0.0053339097471232179 0.0029954061698972668 0.003399207054838357 0.0044004458909103258 -0.002844206298590011
leaf_weight=335991 448 461 479 342 132 112 1357 124 205 829 130 1202 496 620
leaf_count=335991 448 461 479 342 132 112 1357 124 205 829 130 1202 496 620
internal_value=9.89129e-05 -0.00373072 -0.00189243 -0.0180755 0.000451658 0.00496487 -0.00327109 -0.00949114 -0.0052795 -0.000701754 -0.0185827 0.00666122 0.0080069 0.0045225
internal_weight=342928 6937 6489 821 5668 2562 3106 1749 1288 1083 254 2450 2318 1822
internal_count=342928 6937 6489 821 5668 2562 3106 1749 1288 1083 254 2450 2318 1822
is_linear=0
shrinkage=0.04


Tree=128
num_leaves=15
num_cat=0
split_feature=9 5 3 1 10 3 0 0 3 1 1 9 3 2
split_gain=61.4539 130.584 119.836 383.616 113.725 1140.65 202.926 189.16 287.508 232.209 206.445 282.533 304.952 279.661
threshold=0.54651628205009295 1.0000000180025095e-35 4.419525000000001 3.9667622572834245 -14.332970699894407 15.374875500000002 7.9069664990752928 7.7080847520810547 9.6007285000000007 8.2048463243597336 9.4933364597536105 0.17362451462827314 51.704191000000009 102.34424550000001
decision_type=2 2 2 2 2 2 2 2 2 2 2 2 2 2
left_child=1 -1 3 -3 5 6 -4 10 9 -9 11 12 -6 -13
right_child=-2 2 4 -5 7 -7 -8 8 -10 -11 -12 13 -14 -15
leaf_value=-0.088737120258406146 0 3.3911637357780981e-05 0.00015915483859683556 -0.010052953643359791 -1.4494707426551453e-05 -9.2077218616586361e-05 -0.024957435035646264 0.0094932293372321005 0.00083355006488559978 -0.029792305160677577 -0.00060275644816205995 0.00058453457654832736 -0.0010642955711173603 -0.00011963366388314439
leaf_weight=231 219537 1524 288 661 50421 35301 1805 141 22546 580 3288 2525 1955 2051
leaf_count=231 219537 1524 288 661 50421 35301 1805 141 22546 580 3288 2525 1955 2051
internal_value=0.000111534 -0.000602999 -0.00054661 -0.00983066 -0.000378822 -0.00221212 -0.030903 0.000442119 0.00350539 -0.0213592 -0.000741036 -0.000178396 -0.00101115 0.00935315
internal_weight=342854 123317 123086 2185 120901 37394 2093 83507 23267 721 60240 56952 52376 4576
internal_count=342854 123317 123086 2185 120901 37394 2093 83507 23267 721 60240 56952 52376 4576
is_linear=0
shrinkage=0.04


Tree=129
num_leaves=15
num_cat=0
split_feature=0 3 9 3 3 2 9 1 3 9 2 3 1 3
split_gain=61.5111 192.277 140.108 75.8858 62.1846 96.0824 80.8858 51.487 88.6832 46.7473 87.0035 70.4055 56.9597 45.2389
threshold=21.988922690287158 23.794443500000003 0.20517901725635643 58.484257500000005 49.590755000000009 125.33120300000002 0.00013022879270097046 23.278040444286287 26.598211000000003 0.029347816246787121 118.86427300000001 32.799260000000011 29.957167685267525 22.227123500000005
decision_type=2 2 2 2 2 2 2 2 2 2 2 2 2 2
left_child=13 -2 4 -4 6 -6 7 -3 -9 -8 11 12 -11 -1
right_child=1 2 3 -5 5 -7 9 8 -10 10 -12 -13 -14 -15
leaf_value=0 -0.045757246583808336 0.013413484016687318 -0.0016653915273683107 -0.0087023925610153798 0.002133494997032419 -0.007615905550642287 -0.017049426008077493 -0.023577600456955609 0.0031587600629675362 -0.00048562439806517309 -0.015349785608096576 0.0050142042019942516 -0.097593604884418997 0
leaf_weight=181871 340 245 500 328 2499 88 469 205 1000 127 204 824 128 154023
leaf_count=181871 340 245 500 328 2499 88 469 205 1000 127 204 824 128 154023
internal_value=0.000117835 -0.003605 -0.00209763 -0.0174879 0.000103645 0.00471589 -0.00362274 0.00336552 -3.3195e-05 -0.00940639 -0.00545596 -0.000926784 -0.0192941 0.000194942
internal_weight=342851 6957 6617 828 5789 2587 3202 1450 1205 1752 1283 1079 255 335894
internal_count=342851 6957 6617 828 5789 2587 3202 1450 1205 1752 1283 1079 255 335894
is_linear=0
shrinkage=0.04


Tree=130
num_leaves=15
num_cat=0
split_feature=9 5 3 1 3 1 10 3 1 3 3 10 9 3
split_gain=60.7715 121.242 114.175 483.793 115.217 690.725 892.99 332.701 333.287 291.804 158.538 1006.32 122.76 120.36
threshold=0.54651628205009295 1.0000000180025095e-35 4.504458500000001 4.2224785432588767 5.6909915000000009 4.8477154839276393 -3.5995524577346294 4.8215800000000009 4.5433765009231442 5.2986695000000008 14.764700500000002 -14.132560070930724 0.43536971392058232 9.6007285000000007
decision_type=2 2 2 2 2 2 2 2 2 2 2 2 2 2
left_child=1 -1 3 -3 5 6 7 8 -4 -7 11 12 -6 -13
right_child=-2 2 4 -5 10 9 -8 -9 -10 -11 -12 13 -14 -15
leaf_value=-0.08390328478635467 0 1.6497182303402085e-05 0.0025498865174641027 -0.011989588911471987 -0.027122858661520581 -0.010886682388385907 -2.7218986564878697e-06 0.0132732602294851 -0.0056039576019989564 0.00032971774935359576 -4.1671884131178061e-06 -0.00047123675204701818 -0.0061925033885434954 2.2740029244057611e-05
leaf_weight=224 219608 2591 683 792 1501 973 11229 2616 293 464 83184 3754 359 14691
leaf_count=224 219608 2591 683 792 1501 973 11229 2616 293 464 83184 3754 359 14691
internal_value=0.000111849 -0.000598602 -0.000545115 -0.0077919 -0.000340384 0.00279001 0.00535726 0.0227171 0.00278689 -0.0236882 -0.000832166 -0.00400098 -0.032043 -0.00117322
internal_weight=342962 123354 123130 3383 119747 16258 14821 3592 976 1437 103489 20305 1860 18445
internal_count=342962 123354 123130 3383 119747 16258 14821 3592 976 1437 103489 20305 1860 18445
is_linear=0
shrinkage=0.04


Tree=131
num_leaves=15
num_cat=0
split_feature=0 3 8 3 3 8 1 3 9 3 9 9 8 10
split_gain=62.2824 183.068 138.103 69.9194 50.4858 81.3715 52.9398 112.115 47.1027 62.1107 47.8269 48.7028 41.7153 173.819
threshold=21.988922690287158 23.794443500000003 0.79011903320370402 51.704191000000009 49.590755000000009 0.9998701749499167 23.882561551830033 26.598211000000003 0.029347816246787121 32.799260000000011 0.038563702245216554 0.077852992205070373 0.12891934765048699 -13.968679114976176
decision_type=2 2 2 2 2 2 2 2 2 2 2 2 2 2
left_child=12 -2 3 -3 5 8 -7 -8 -4 -10 -11 -12 13 -1
right_child=1 2 4 -5 -6 6 7 -9 9 10 11 -13 -14 -15
leaf_value=0.0001987014351228253 -0.043926790032919473 -0.0016492591796748908 -0.017229143715783404 -0.0097902302131103631 0.0011663896967674314 0.0082901733346494189 -0.041082701020021928 0.0028004062228995574 -0.032076623960080423 0.016358043241786864 -0.027742782439565766 -0.00012346703725154228 -1.4188588622297472e-05 0
leaf_weight=18018 344 490 455 319 2641 407 128 913 310 197 118 653 170288 147968
leaf_count=18018 344 490 455 319 2641 407 128 913 310 197 118 653 170288 147968
internal_value=9.96361e-05 -0.00364158 -0.00216559 -0.0176514 -1.3741e-05 -0.00340773 0.00359116 -0.00119116 -0.00925563 -0.00532081 -0.000330579 -0.0048249 0.000177236 0.000628487
internal_weight=343249 6975 6631 809 5822 3181 1448 1041 1733 1278 968 771 336274 165986
internal_count=343249 6975 6631 809 5822 3181 1448 1041 1733 1278 968 771 336274 165986
is_linear=0
shrinkage=0.04


Tree=132
num_leaves=15
num_cat=0
split_feature=8 3 10 10 3 0 0 3 2 8 10 8 9 3
split_gain=56.6828 119.461 451.861 116.453 1108.32 183.283 178.637 489.301 365.672 335.754 226.807 175.969 164.441 144.198
threshold=0.45448986398052788 4.504458500000001 -4.1536918905370195 -14.332970699894407 15.374875500000002 8.2123167162944899 10.510107381652917 13.304020500000002 88.747097000000011 0.99998654492179417 -11.97711094593374 0.98317876819490224 4.8418328173482914e-06 14.175967000000002
decision_type=2 2 2 2 2 2 2 2 2 2 2 2 2 2
left_child=-1 2 -2 4 5 -3 -5 10 11 13 -8 -9 -13 -10
right_child=1 3 -4 6 -6 -7 7 8 9 -11 -12 12 -14 -15
leaf_value=0 -0.010556412401900327 -0.00082395413340639043 2.1621900793217058e-05 -1.2527196847351733e-05 -8.9809532456389533e-05 -0.023195616502144273 -0.015071613369244995 0.0037471871095071051 -0.010012696310562183 0.019190369116046088 0.0019732768407423394 -9.3849064841143863e-05 -0.007347942685170074 0.0022857532596913749
leaf_weight=219812 860 343 2488 71276 35190 1768 606 503 303 2596 207 3673 447 2953
leaf_count=219812 860 343 2488 71276 35190 1768 606 503 303 2596 207 3673 447 2953
internal_value=0.000110546 -0.000576238 -0.00802867 -0.000368081 -0.002223 -0.0303742 0.000469938 0.00514529 0.00746539 0.014108 -0.0247478 -0.000943111 -0.0036699 0.00555283
internal_weight=343025 123213 3348 119865 37301 2111 82564 11288 10475 5852 813 4623 4120 3256
internal_count=343025 123213 3348 119865 37301 2111 82564 11288 10475 5852 813 4623 4120 3256
is_linear=0
shrinkage=0.04


Tree=133
num_leaves=15
num_cat=0
split_feature=9 5 2 1 3 1 3 10 3 9 10 3 1 3
split_gain=56.4484 110.996 106.891 142.79 128.798 118.876 145.861 155.562 221.899 161.791 118.389 187.987 117.628 115.552
threshold=0.54651628205009295 1.0000000180025095e-35 118.29978950000002 3.7969241737860417 81.895191000000011 4.642439829169116 4.9784045000000008 -9.4185626523262336 14.270604500000003 0.00043567986938730657 -13.61286604217281 10.258939500000002 13.498640182322227 19.412503500000003
decision_type=2 2 2 2 2 2 2 2 2 2 2 2 2 2
left_child=1 -1 -3 -4 5 -5 -7 8 10 12 -8 -12 -10 -14
right_child=-2 2 3 4 -6 6 7 -9 9 -11 11 -13 13 -15
leaf_value=-0.081830435425196926 0 -3.0267160654670614e-07 -0.0005960316496269473 0.0094869950749365013 -0.0034473516827608266 -0.013061975423667835 -0.025637222471301728 0.0072983915236710488 0.066401046650217899 -0.00033613697505170264 -0.036757124280664563 0.00012402613120726338 -0.0053211762232260318 0.025904477779072385
leaf_weight=225 219429 104698 683 365 416 224 478 874 241 12986 270 688 362 830
leaf_count=225 219429 104698 683 365 416 224 478 874 241 12986 270 688 362 830
internal_value=0.0001314 -0.000553267 -0.00050197 -0.00331216 -0.00262095 -0.00209262 -0.00257889 -0.00214956 -0.00305519 -0.00156183 -0.0180501 -0.00993737 0.0111933 0.00604027
internal_weight=342769 123340 123115 18417 17734 17318 16953 16729 15855 14419 1436 958 1433 1192
internal_count=342769 123340 123115 18417 17734 17318 16953 16729 15855 14419 1436 958 1433 1192
is_linear=0
shrinkage=0.04


Tree=134
num_leaves=15
num_cat=0
split_feature=0 3 2 10 0 3 3 10 2 1 3 10 3 0
split_gain=66.8452 1052.16 219.94 182.42 463.855 478.157 785.107 355.611 214.988 197.608 182.336 955.349 296.518 301.713
threshold=4.6953296192532123 5.2194035000000012 65.408768000000009 -3.7845467311255638 0.98736860839297302 8.581018000000002 4.7482865000000007 -4.2740800403935468 114.55212000000002 5.1332498987436788 14.764700500000002 -13.968679114976176 16.987231500000004 15.1229076925234
decision_type=2 2 2 2 2 2 2 2 2 2 2 2 2 2
left_child=3 -2 -3 4 -1 6 7 -6 -7 -8 11 -4 13 -12
right_child=1 2 10 -5 5 8 9 -9 -10 -11 12 -13 -14 -15
leaf_value=0.0015026425390153608 -0.011379496032364442 0.0011666270228886564 -0.016395396446764833 0 -0.0048279137975189351 -0.00015671511306215489 0.012971704763862403 0.0022107228507161625 0.00011388901739564841 -0.0035356115717630754 0.002938493902300793 0.00014144457881643202 -6.1807661415894669e-05 -0.010600752223301263
leaf_weight=1552 1244 2363 2478 183250 869 12796 2751 631 26824 225 8013 9382 90477 296
leaf_count=1552 1244 2363 2478 183250 869 12796 2751 631 26824 225 8013 9382 90477 296
internal_value=7.70506e-05 -0.000713154 -0.000310418 0.000471476 0.00273396 0.0019775 0.01437 -0.00922667 0.000577486 0.0262634 -0.000568299 -0.00525464 -5.66882e-06 0.0072259
internal_weight=343151 114253 113009 228898 45648 44096 4476 1500 39620 2976 110646 11860 98786 8309
internal_count=343151 114253 113009 228898 45648 44096 4476 1500 39620 2976 110646 11860 98786 8309
is_linear=0
shrinkage=0.04


Tree=135
num_leaves=15
num_cat=0
split_feature=8 3 10 1 3 9 10 3 3 8 9 8 2 1
split_gain=55.9928 113.441 343.109 101.963 983.517 133.871 133.619 421.847 367.358 171.108 149.337 402.375 212.165 148.341
threshold=0.45448986398052788 4.419525000000001 -4.0344397994219259 14.398839365070861 15.076408000000002 0.35913771433082148 -11.542679026795081 13.207107500000001 17.250080500000003 0.99999995294695732 0.12249758379366606 0.99900680145588983 96.401027500000012 13.498640182322227
decision_type=2 2 2 2 2 2 2 2 2 2 2 2 2 2
left_child=-1 2 -2 6 5 -5 7 -3 9 -9 11 12 -10 -13
right_child=1 3 -4 4 -6 -7 -8 8 10 -11 -12 13 -14 -15
leaf_value=0 -0.0096523931617260653 -0.010229240974346718 3.7389791206706228e-06 -0.025126632338836094 -0.00011750859376932821 -0.0084503521196988059 -1.6020682014492386e-05 0.0015318004253415929 0.0067218731472293474 0.0079647221628737098 -0.0013575858231144986 -0.0015584106231679756 0.00056121625118558483 0.0031863063979387118
leaf_weight=219415 623 876 1593 1281 35304 509 70122 3895 698 3574 1667 1746 901 424
leaf_count=219415 623 876 1593 1281 35304 509 70122 3895 698 3574 1667 1746 901 424
internal_value=8.40562e-05 -0.000598313 -0.00956679 -0.00043406 -0.00218041 -0.0311061 0.000338009 0.00393876 0.00576211 0.0115196 -0.00214864 0.00226055 0.0174859 -0.00895853
internal_weight=342628 123213 2216 120997 37094 1790 83903 13781 12905 7469 5436 3769 1599 2170
internal_count=342628 123213 2216 120997 37094 1790 83903 13781 12905 7469 5436 3769 1599 2170
is_linear=0
shrinkage=0.04


Tree=136
num_leaves=15
num_cat=0
split_feature=8 3 1 2 1 10 3 3 1 3 1 9 3 1
split_gain=53.6645 108.3 328.757 95.8418 144.091 150.788 113.147 118.322 197.474 165.515 157.019 138.673 111.787 106.781
threshold=0.46755205911116932 4.419525000000001 4.0550562719577892 118.29978950000002 3.7969241737860417 -4.7853097644434639 81.895191000000011 9.2477415000000018 9.4933364597536105 14.270604500000003 13.233002327977713 0.00035902397752624054 10.941779500000001 13.125890585094838
decision_type=2 2 2 2 2 2 2 2 2 2 2 2 2 2
left_child=-1 2 -2 -3 -5 6 7 -6 -9 10 12 13 -10 -11
right_child=1 3 -4 4 5 -7 -8 8 9 11 -12 -13 -14 -15
leaf_value=0 2.566151068165235e-06 3.2010452327404289e-06 -0.0088502852391627324 -0.00065303217644018961 -0.0093462483268585243 0.0096011897152357296 -0.0041833746645058107 0.025127612662881469 -0.018703615979084029 0.073423306236817629 -0.020696452153235317 -0.00030903724127662874 0.00080358802325528088 0.0076246906728028524
leaf_weight=221078 1583 102312 602 663 565 385 385 487 218 177 546 12552 486 1238
leaf_count=221078 1583 102312 602 663 565 385 385 487 218 177 546 12552 486 1238
internal_value=0.000106736 -0.000565962 -0.0093913 -0.000405286 -0.00312281 -0.00241094 -0.00298307 -0.00247587 -0.00182883 -0.00263127 -0.016576 -0.00138326 -0.00409091 0.0104876
internal_weight=343277 122199 2185 120014 17702 17039 16654 16269 15704 15217 1250 13967 704 1415
internal_count=343277 122199 2185 120014 17702 17039 16654 16269 15704 15217 1250 13967 704 1415
is_linear=0
shrinkage=0.04


Tree=137
num_leaves=15
num_cat=0
split_feature=0 3 9 3 3 2 9 3 1 3 1 3 1 0
split_gain=62.0954 168.258 114.002 68.7965 52.8481 96.3667 68.9662 55.4742 73.7514 86.4365 62.3801 47.5179 1499.16 295.291
threshold=21.988922690287158 23.229146500000002 0.21077846323849794 51.704191000000009 49.590755000000009 125.33120300000002 0.00013022879270097046 25.402818500000006 24.380346124233728 28.133823500000002 23.51535125458869 22.136458000000001 22.795413940654338 19.505852710585295
decision_type=2 2 2 2 2 2 2 2 2 2 2 2 2 2
left_child=11 -2 4 -4 6 -6 7 10 -9 -10 -3 12 13 -1
right_child=1 2 3 -5 5 -7 -8 8 9 -11 -12 -13 -14 -15
leaf_value=0 -0.05405763050301033 0.00074901597084426014 -0.0015092876718211946 -0.0095102650383964305 0.0019653886937380451 -0.0075332082078799333 -0.00887834206148253 0.01645318238345745 -0.040322224907345446 0.0033354708482381465 -0.0340916379737361 0 -0.0103333318046022 -0.024612303491569305
leaf_weight=176933 258 136 473 309 2539 92 1759 362 123 772 108 155615 3491 536
leaf_count=176933 258 136 473 309 2539 92 1759 362 123 772 108 155615 3491 536
internal_value=9.45544e-05 -0.00365315 -0.00242769 -0.0167775 -0.000522831 0.00369441 -0.00392638 0.00237175 0.00575975 -0.000402235 -0.015082 0.00017173 -0.00026901 0.00024162
internal_weight=343506 6931 6673 782 5891 2631 3260 1501 1257 895 244 336575 180960 177469
internal_count=343506 6931 6673 782 5891 2631 3260 1501 1257 895 244 336575 180960 177469
is_linear=0
shrinkage=0.04


Tree=138
num_leaves=15
num_cat=0
split_feature=9 1 3 0 1 9 2 2 3 0 0 3 3 8
split_gain=60.4792 106.673 1124.53 186.371 276.128 257.313 292.918 266.938 437.925 273.061 256.212 536.157 391.11 269.246
threshold=0.46468368431874291 14.128294149703853 15.374875500000002 7.7080847520810547 9.4933364597536105 0.17362451462827314 102.34424550000001 71.036819500000021 29.578951500000006 3.0687481487737416 4.6531373629008543 5.1420485000000005 8.581018000000002 0.9999850405617442
decision_type=2 2 2 2 2 2 2 2 2 2 2 2 2 2
left_child=1 3 -3 4 5 7 -7 9 10 -1 12 -12 -9 -14
right_child=-2 2 -4 -5 -6 6 -8 8 -10 -11 11 -13 13 -15
leaf_value=-3.1684915005882386e-05 0 -0.017778946921600963 -0.00013032156867740757 0.00061373094540573606 -0.0008228867933855415 0.00056738149307975871 -0.00036879374506430031 0.00078685856944168823 -0.0012605002923899117 0.00068836520935922963 -0.01050688561054079 -0.00055170321159915808 -1.7310648620712447e-05 -0.0011375552898682854
leaf_weight=29048 226726 2027 31052 22634 1794 2490 1637 4500 2736 9328 904 4497 2588 1156
leaf_count=29048 226726 2027 31052 22634 1794 2490 1637 4500 2736 9328 904 4497 2588 1156
internal_value=9.33792e-05 -0.000647816 -0.00256961 0.000115229 -0.00104025 -0.000569255 0.00906227 -0.00129518 -0.00556987 0.000529498 -0.00264126 -0.00941307 0.00179525 -0.00775641
internal_weight=343117 116391 33079 83312 60678 58884 4127 54757 16381 38376 13645 5401 8244 3744
internal_count=343117 116391 33079 83312 60678 58884 4127 54757 16381 38376 13645 5401 8244 3744
is_linear=0
shrinkage=0.04


Tree=139
num_leaves=15
num_cat=0
split_feature=9 9 3 1 2 1 1 3 3 2 10 2 8 8
split_gain=65.7561 164.265 95.1169 315.572 89.1463 188.769 176.349 146.568 104.158 101.424 83.7808 295.061 193.781 195.185
threshold=0.39395090037715608 0.28161557191524555 4.419525000000001 4.2224785432588767 128.56581900000003 3.7969241737860417 9.3544614216504929 13.885851000000001 9.2477415000000018 173.26792900000001 -2.9142575725909148 67.467560000000006 0.88496616367365133 0.99377681450143862
decision_type=2 2 2 2 2 2 2 2 2 2 2 2 2 2
left_child=1 2 3 -1 10 -6 8 -8 -7 -9 11 -4 -12 -14
right_child=-2 -3 4 -5 5 6 7 9 -10 -11 12 -13 13 -15
leaf_value=-3.2689721301467322e-06 0 -0.00063060963353191114 0.00075941402187153261 -0.012411048792847578 -0.00092610889850154978 -0.0028763377563985589 -0.01893568817425861 -0.00054383275040409634 0.032850587075948193 0.0012295517993786908 0.00014707342578455476 -1.5114014136599353e-05 -0.0012109675607660483 -3.8882750190386752e-05
leaf_weight=1675 232406 7056 8854 492 501 134 592 2941 311 349 342 58353 292 28770
leaf_count=1675 232406 7056 8854 492 501 134 592 2941 311 349 342 58353 292 28770
internal_value=0.000109249 -0.000693282 -0.000291103 -0.00858329 -0.00011396 -0.00541839 -0.00272706 -0.0054611 0.0211236 -0.00216413 0.000151122 0.00093026 -0.00162971 -0.00198197
internal_weight=343068 110662 103606 2167 101439 4828 4327 3882 445 3290 96611 67207 29404 29062
internal_count=343068 110662 103606 2167 101439 4828 4327 3882 445 3290 96611 67207 29404 29062
is_linear=0
shrinkage=0.04


Tree=140
num_leaves=15
num_cat=0
split_feature=9 8 8 2 2 2 8 3 1 10 2 2 8 1
split_gain=62.5424 92.8648 152.462 247.935 193.276 236.974 448.632 583.853 322.359 209.648 175.16 172.34 257.712 256.81
threshold=0.46468368431874291 0.9999850405617442 0.9998701749499167 69.51754750000002 78.07985650000002 98.845322000000024 0.96556027479056594 28.453385000000001 4.1408051303961351 -6.2541673130549187 77.367245000000011 84.66976200000002 0.88496616367365133 6.4014527327980115
decision_type=2 2 2 2 2 2 2 2 2 2 2 2 2 2
left_child=1 2 3 -1 9 6 11 8 -8 -5 -4 12 13 -6
right_child=-2 -3 10 4 5 -7 7 -9 -10 -11 -12 -13 -14 -15
leaf_value=0.00021013497932292194 0 1.8234479797300819e-05 -6.95409446524841e-05 9.6998727549541807e-05 0.00044704100447052813 -0.00053679752118367357 0.001037469734350161 -0.0046303001182872354 -0.00094742337238259012 -0.0010831764496878691 -0.0069895315163639232 0.00095848940187681468 0.0010479905458690725 -0.00089989861842244942
leaf_weight=3243 227008 57986 3832 1201 859 31115 682 1332 1793 2107 1775 7151 1561 1506
leaf_count=3243 227008 57986 3832 1201 859 31115 682 1332 1793 2107 1775 7151 1561 1506
internal_value=8.57931e-05 -0.000669175 -0.00179858 -0.00112959 -0.00183422 -0.00116263 0.00298844 -0.00885737 0.00263434 -0.0111729 -0.00806849 0.00705967 0.000326032 -0.008
internal_weight=343151 116143 58157 52550 49307 45999 14884 3807 2475 3308 5607 11077 3926 2365
internal_count=343151 116143 58157 52550 49307 45999 14884 3807 2475 3308 5607 11077 3926 2365
is_linear=0
shrinkage=0.04


Tree=141
num_leaves=15
num_cat=0
split_feature=9 9 3 1 3 1 1 3 1 3 3 10 10 2
split_gain=60.1836 162.575 94.582 575.076 106.69 562.091 842.599 234.37 225.409 431.593 189.265 676.173 147.228 315.818
threshold=0.39395090037715608 0.28161557191524555 4.5906385000000007 4.4557539444968457 5.6909915000000009 4.8477154839276393 3.5278596749266415 5.4553660000000006 4.5433765009231442 5.0643965000000009 13.501155000000002 -12.354463039782035 -5.6335317931054414 93.943447500000019
decision_type=2 2 2 2 2 2 2 2 2 2 2 2 2 2
left_child=1 2 3 -1 5 6 -4 -7 -8 -10 11 -6 -12 -14
right_child=-2 -3 4 -5 10 7 8 -9 9 -11 12 -13 13 -15
leaf_value=4.699464513893397e-06 0 -0.0006024686297546422 -3.1535167963673077e-06 -0.013658730622402089 -0.01917818698363721 -0.0079081210918809392 0.012815263946254008 0.0027691881618560686 -0.0028291658414117383 0.006247593264188848 0.0002158616251232276 -8.5817254898479652e-05 -5.1430221422332781e-05 -0.001583747186722747
leaf_weight=3664 232329 7096 10391 720 1206 925 2350 235 392 540 49506 10358 22975 469
leaf_count=3664 232329 7096 10391 720 1206 925 2350 235 392 540 49506 10358 22975 469
internal_value=0.000130669 -0.000636307 -0.000235609 -0.0059854 1.81183e-05 0.00314704 0.00541505 -0.0235862 0.0230835 0.00643777 -0.000531036 -0.00528537 0.000222618 -0.00238867
internal_weight=343156 110827 103731 4384 99347 14833 13673 1160 3282 932 84514 11564 72950 23444
internal_count=343156 110827 103731 4384 99347 14833 13673 1160 3282 932 84514 11564 72950 23444
is_linear=0
shrinkage=0.04


Tree=142
num_leaves=15
num_cat=0
split_feature=8 8 8 2 2 2 8 3 1 10 2 3 2 3
split_gain=60.5823 91.8534 147.403 208.973 174.33 204.067 442.186 608.82 295.273 195.663 171.06 157.866 467.194 417.905
threshold=0.53069440775400023 0.9999850405617442 0.9998701749499167 69.51754750000002 78.07985650000002 98.845322000000024 0.96556027479056594 28.453385000000001 4.1408051303961351 -6.2541673130549187 76.843952000000016 28.770002000000002 88.747097000000011 51.704191000000009
decision_type=2 2 2 2 2 2 2 2 2 2 2 2 2 2
left_child=-1 2 3 -2 9 6 11 8 -8 -5 -4 -6 13 -13
right_child=1 -3 10 4 5 -7 7 -9 -10 -11 -12 12 -14 -15
leaf_value=0 0.00019626592166954016 2.0321875516937077e-05 -6.3884059760148233e-05 0.00010489528089693571 0.0010788859999931763 -0.00048390769491466927 0.0010067866466008588 -0.0046260747137177134 -0.00084617655001837657 -0.0010199821555630581 -0.006407684596586344 -0.0007383800343756118 0.0070109386538960506 0.00080039399035115898
leaf_weight=226419 3236 57968 3742 1187 4532 31528 702 1371 1817 2111 1828 2783 1902 1939
leaf_count=226419 3236 57968 3742 1187 4532 31528 702 1371 1817 2111 1828 2783 1902 1939
internal_value=0.000132919 -0.00060765 -0.0017233 -0.00107404 -0.00171319 -0.00108387 0.0027489 -0.00886375 0.00281064 -0.0106004 -0.00791382 0.00679814 0.00286232 -0.00387971
internal_weight=343065 116646 58678 53108 49872 46574 15046 3890 2519 3298 5570 11156 6624 4722
internal_count=343065 116646 58678 53108 49872 46574 15046 3890 2519 3298 5570 11156 6624 4722
is_linear=0
shrinkage=0.04


Tree=143
num_leaves=15
num_cat=0
split_feature=9 9 2 3 2 0 10 3 3 3 1 10 3 1
split_gain=67.8633 140.961 107.557 101.819 94.657 128.576 147.473 131.544 107.996 91.5423 547.365 104.411 282.111 1045.26
threshold=0.39395090037715608 0.25866942202221782 135.26139100000003 25.402818500000006 128.56581900000003 3.8704761631610611 -9.2320903574311419 10.258939500000002 9.2477415000000018 4.5906385000000007 4.2224785432588767 -2.9142575725909148 8.581018000000002 4.8477154839276393
decision_type=2 2 2 2 2 2 2 2 2 2 2 2 2 2
left_child=1 4 -3 -4 9 -6 7 -7 -8 10 -1 12 13 -11
right_child=-2 2 3 -5 5 6 8 -9 -10 11 -12 -13 -14 -15
leaf_value=5.2997887600554939e-05 0 -0.00064306882989499659 -0.0010946296559009661 0.00091606918748205347 -0.00079808656641058753 -0.033300150011774554 -0.0027577924690532865 -0.00052007948684909208 0.033188145351201966 0.0084194317518967773 -0.0085441114358096922 -3.7497568380239532e-05 4.067562713482992e-05 -0.0057924885269563511
leaf_weight=3367 232331 7093 894 721 495 209 139 3495 284 3726 957 27888 60162 1284
leaf_count=3367 232331 7093 894 721 495 209 139 3495 284 3726 957 27888 60162 1284
internal_value=0.000123482 -0.000691511 -0.00557648 0.00373994 -0.000274494 -0.00586759 -0.00355706 -0.00611231 0.018818 -9.03639e-06 -0.00569843 0.000255319 0.00113177 0.0102515
internal_weight=343045 110714 8708 1615 102006 4622 4127 3704 423 97384 4324 93060 65172 5010
internal_count=343045 110714 8708 1615 102006 4622 4127 3704 423 97384 4324 93060 65172 5010
is_linear=0
shrinkage=0.04


Tree=144
num_leaves=15
num_cat=0
split_feature=9 9 2 3 1 10 1 3 1 2 3 1 3 1
split_gain=67.1904 118.926 106.357 98.1095 97.0031 212.972 139.651 146.072 174.38 96.1085 88.0397 794.755 92.4548 415.906
threshold=0.39395090037715608 0.25866942202221782 135.26139100000003 25.402818500000006 9.2210596383388221 -11.542679026795081 18.085436275169751 40.092110000000005 16.019533240520179 88.747097000000011 4.7482865000000007 4.5433765009231442 5.6909915000000009 4.9529661754467549
decision_type=2 2 2 2 2 2 2 2 2 2 2 2 2 2
left_child=1 10 4 -4 9 6 7 8 -6 -3 11 -1 13 -12
right_child=-2 2 3 -5 5 -7 -8 -9 -10 -11 12 -13 -14 -15
leaf_value=3.1592747426889815e-05 0 0.00094752829163194168 -0.0011553543008850117 0.00090949942196355278 -0.0021834965703601697 -0.0014870486661502037 -0.002113051553882167 0.0029064980282551595 0.00077550636418840136 -0.00012698318395383892 0.0001429279597634668 -0.012702910786386298 -3.0533263765315511e-05 -0.0061549502326336851
leaf_weight=5569 232520 314 868 733 1321 689 2630 364 813 962 11956 926 82735 715
leaf_count=5569 232520 314 868 733 1321 689 2630 364 813 962 11956 926 82735 715
internal_value=0.000112499 -0.000699127 -0.00518979 0.00412242 -0.0072917 -0.00948255 -0.00667707 9.60769e-05 -0.00389878 0.00269592 -0.000315993 -0.00482217 -9.22374e-06 0.0031726
internal_weight=343115 110595 8694 1601 7093 5817 5128 2498 2134 1276 101901 6495 95406 12671
internal_count=343115 110595 8694 1601 7093 5817 5128 2498 2134 1276 101901 6495 95406 12671
is_linear=0
shrinkage=0.04


Tree=145
num_leaves=15
num_cat=0
split_feature=9 9 3 10 1 10 1 1 3 3 3 3 1 3
split_gain=64.2694 128.289 85.0466 254.049 79.7527 221.798 99.3406 131.12 140.464 93.1674 82.2343 78.4684 76.111 969.853
threshold=0.39395090037715608 0.25866942202221782 4.419525000000001 -4.1536918905370195 9.4933364597536105 -12.172386070020524 17.967094539758552 16.019533240520179 40.092110000000005 17.250080500000003 22.570372000000003 40.092110000000005 14.398839365070861 15.764950500000001
decision_type=2 2 2 2 2 2 2 2 2 2 2 2 2 2
left_child=1 2 3 -1 11 6 7 8 9 -6 -9 -3 -4 -14
right_child=-2 4 12 -5 5 -7 -8 10 -10 -11 -12 -13 13 -15
leaf_value=-0.0083312661095744749 0 2.3842258999416945e-05 2.09476399014338e-05 -1.6817182001324085e-06 -5.6816352914036e-05 -0.0011423926847661462 -0.0015372588492402884 -0.0017662080429624233 0.0019315065021910849 -0.0032656490926534043 0.00074413548886486302 0.00081671578494188219 -0.018881394041051474 1.6836524605381708e-05
leaf_weight=527 232137 1302 77019 1624 777 963 3505 227 300 716 808 96 1502 21432
leaf_count=527 232137 1302 77019 1624 777 963 3505 227 300 716 808 96 1502 21432
internal_value=0.000138452 -0.000654163 -0.000256993 -0.00812645 -0.00531861 -0.00699561 -0.00427601 0.00130127 -0.00524261 -0.0102612 0.0126377 0.00343348 -8.76412e-05 -0.0021104
internal_weight=342935 110798 102104 2151 8694 7296 6333 2828 1793 1493 1035 1398 99953 22934
internal_count=342935 110798 102104 2151 8694 7296 6333 2828 1793 1493 1035 1398 99953 22934
is_linear=0
shrinkage=0.04


Tree=146
num_leaves=15
num_cat=0
split_feature=9 9 10 1 3 3 2 3 1 3 1 3 8 3
split_gain=56.6278 114.887 96.8089 262.336 986.074 287.689 245.419 329.821 617.194 629.453 362.857 261.277 249.43 290.627
threshold=0.39395090037715608 0.25866942202221782 -7.7087001137110631 13.889665327540682 15.076408000000002 9.6007285000000007 71.036819500000021 8.581018000000002 4.642439829169116 5.2194035000000012 3.8895026501742875 4.7482865000000007 0.83377557449537543 29.578951500000006
decision_type=2 2 2 2 2 2 2 2 2 2 2 2 2 2
left_child=1 2 3 5 -5 -1 -4 8 10 -10 -8 -12 -9 -14
right_child=-2 -3 6 4 -6 -7 7 12 9 -11 11 -13 13 -15
leaf_value=-0.01662593953612625 0 -0.00037882471620716648 1.0263849799793295e-05 -0.018445072830294465 8.6456179885615044e-05 0.00091095736583666207 -7.8368957601935714e-05 0.00013320457305828287 -0.008860476339675516 0.00310530154471724 0.00023859464969758993 0.014573375134930457 -0.00055901883816779341 -0.0014991759639263814
leaf_weight=794 232333 8703 38419 1640 22921 20947 1907 1589 1220 712 803 1654 7180 2272
leaf_count=794 232333 8703 38419 1640 22921 20947 1907 1589 1220 712 803 1654 7180 2272
internal_value=0.000104694 -0.000639575 -0.00026338 0.00108851 -0.00174423 0.00428867 -0.00138604 -0.00533656 0.0019695 -0.016853 0.0103025 0.020464 -0.00950276 -0.0119678
internal_weight=343094 110761 102058 46302 24561 21741 55756 17337 6296 1932 4364 2457 11041 9452
internal_count=343094 110761 102058 46302 24561 21741 55756 17337 6296 1932 4364 2457 11041 9452
is_linear=0
shrinkage=0.04


Tree=147
num_leaves=15
num_cat=0
split_feature=0 3 8 10 8 1 3 1 3 3 1 1 10 3
split_gain=48.8411 184.449 121.342 48.8566 536.702 250.681 873.366 218.585 459.519 551.007 277.675 189.939 172.56 548.493
threshold=22.683131168082333 24.855747500000003 0.79011903320370402 -7.7087001137110631 0.047999665581840906 4.751179874648563 5.1420485000000005 3.8895026501742875 8.581018000000002 4.8215800000000009 4.2224785432588767 32.199598540922111 -9.2320903574311419 13.408700000000001
decision_type=2 2 2 2 2 2 2 2 2 2 2 2 2 2
left_child=3 -2 -3 4 11 7 -7 -5 9 10 -9 -1 13 -6
right_child=1 2 -4 5 12 6 -8 8 -10 -11 -12 -13 -14 -15
leaf_value=0.0015418122704466757 -0.04091453231042344 -0.0065695138944876202 4.1491653468399285e-05 0 -0.0046097645639863538 -0.01090976140660934 -0.00011772319524839571 0.0030344382000723371 -0.00023672174849519132 0.013057957715999801 -0.0018761259284053478 -0.00019158775593712264 0.00053276459275115884 4.5203539276257677e-05
leaf_weight=1758 361 476 5296 184180 4692 1325 13298 566 3753 2468 929 404 7608 116058
leaf_count=1758 361 476 5296 184180 4692 1325 13298 566 3753 2468 929 404 7608 116058
internal_value=0.000139522 -0.00339801 -0.0016632 0.000203893 0.000809684 -0.000178967 -0.00522738 0.000205736 0.00680145 0.0163008 -0.00286288 0.0205735 0.000476791 0.000108654
internal_weight=343172 6133 5772 337039 130520 206519 14623 191896 7716 3963 1495 2162 128358 120750
internal_count=343172 6133 5772 337039 130520 206519 14623 191896 7716 3963 1495 2162 128358 120750
is_linear=0
shrinkage=0.04


Tree=148
num_leaves=15
num_cat=0
split_feature=9 9 2 10 2 0 9 10 2 10 2 1 0 2
split_gain=57.3852 98.6393 97.7936 80.1895 231.258 283.186 282.942 287.204 264.851 245.12 238.518 230.126 222.024 216.002
threshold=0.39395090037715608 0.25866942202221782 146.5847095 -7.7087001137110631 71.036819500000021 4.6953296192532123 0.043181778825601765 -5.6335317931054414 98.845322000000024 -2.9142575725909148 137.12946350000001 14.267758019127912 15.603502168118466 79.729381500000017
decision_type=2 2 2 2 2 2 2 2 2 2 2 2 2 2
left_child=1 3 -3 11 9 10 -7 8 -8 -5 13 -1 -13 -6
right_child=-2 2 -4 4 5 6 7 -9 -10 -11 -12 12 -14 -15
leaf_value=0.00069152331164174549 0 -0.00052965817500815414 0.00034405359933666551 0.00062822610767632886 -0.00049927697342975965 -0.0027256108644826034 0.00079894459255608992 -0.0010504605432937991 -0.0036335474368049832 -2.8456306853737471e-05 -0.0013187866378621665 -0.0016712874182773453 0.00014069932805029829 0.00025981111814549272
leaf_weight=23014 232356 7733 890 9881 4212 4963 1634 461 178 28534 355 6380 16847 5525
leaf_count=23014 232356 7733 890 9881 4212 4963 1634 461 178 28534 355 6380 16847 5525
internal_value=0.000121762 -0.00062817 -0.00473617 -0.000280828 -0.00130241 -0.0051385 -0.0111774 0.000510339 0.00768212 0.000427958 -0.000808561 0.000950671 -0.00185818 0.000365616
internal_weight=342963 110607 8623 101984 55743 17328 7236 2273 1812 38415 10092 46241 23227 9737
internal_count=342963 110607 8623 101984 55743 17328 7236 2273 1812 38415 10092 46241 23227 9737
is_linear=0
shrinkage=0.04


Tree=149
num_leaves=15
num_cat=0
split_feature=9 9 2 1 10 2 9 10 2 3 1 3 1 1
split_gain=48.6419 93.7144 90.8447 84.2487 170.022 126.599 102.896 83.481 222.385 213.857 729.67 290.804 219.053 207.651
threshold=0.39395090037715608 0.25866942202221782 176.63816800000004 9.4933364597536105 -12.354463039782035 93.943447500000019 0.35064397254593554 -7.7087001137110631 137.84468100000001 14.081276500000001 12.887862828090606 9.6007285000000007 8.6060650842631947 14.78101522046266
decision_type=2 2 2 2 2 2 2 2 2 2 2 2 2 2
left_child=1 7 3 -3 5 -5 -6 9 -9 10 11 12 -1 -11
right_child=-2 2 -4 4 6 -7 -8 8 -10 13 -12 -13 -14 -15
leaf_value=0.0056823861255228059 0 0.00011792636184135515 0.0004016742841374785 0.0028896647577996717 -0.0015193060705450221 -0.0010696107459934429 -7.0528552692512335e-05 -3.0425439589679694e-05 -0.0013780242201925791 0.00082671788720947953 -0.016382761500680534 0.0034128634206839295 -0.029743323478102261 -0.00016529107805903347
leaf_weight=268 232215 1371 361 226 689 5871 279 55441 323 19544 1630 3064 492 21310
leaf_count=268 232215 1371 361 226 689 5871 279 55441 323 19544 1630 3064 492 21310
internal_value=0.000180947 -0.000508348 -0.00446971 -0.00531057 -0.00707148 -0.00459898 -0.0226446 -0.000166941 -0.00120938 0.00108836 -0.0063513 0.00320084 -0.0189474 0.00208156
internal_weight=343084 110869 8797 8436 7065 6097 968 102072 55764 46308 5454 3824 760 40854
internal_count=343084 110869 8797 8436 7065 6097 968 102072 55764 46308 5454 3824 760 40854
is_linear=0
shrinkage=0.04


Tree=150
num_leaves=15
num_cat=0
split_feature=9 9 2 10 3 10 3 1 3 3 2 2 0 3
split_gain=47.9826 91.7192 88.798 74.9124 224.168 659.269 274.27 255.333 517.157 320.889 265.837 205.816 294.508 305.98
threshold=0.39395090037715608 0.25866942202221782 145.91540550000002 -7.7087001137110631 13.501155000000002 -9.6620862458072114 9.2477415000000018 14.532939006020543 15.956332500000002 17.250080500000003 86.819420000000008 71.036819500000021 4.9055551030511158 8.581018000000002
decision_type=2 2 2 2 2 2 2 2 2 2 2 2 2 2
left_child=1 3 -3 4 5 -1 -7 9 -9 10 -6 -5 13 -13
right_child=-2 2 -4 11 7 6 -8 8 -10 -11 -12 12 -14 -15
leaf_value=-0.013420349137773293 0 -0.00049172873531808461 0.00031531112463635297 1.2208565665538249e-05 0.00044950814638454294 -0.011642581174736067 0.015606291597805608 -0.01117463300746727 5.6483098896316085e-05 0.00013582997761948172 0.010584191745987681 0.00054704786015657449 -0.0012671782588006325 -0.00029780295029160502
leaf_weight=2261 232364 7812 922 38339 2561 400 1363 1102 21053 12498 5021 5422 6082 5830
leaf_count=2261 232364 7812 922 38339 2561 400 1363 1102 21053 12498 5021 5422 6082 5830
internal_value=0.000167915 -0.000517593 -0.00445157 -0.000180512 0.0010091 -0.00801193 0.0103233 0.00186859 -0.0010923 0.00513546 0.0116275 -0.00116897 -0.00478597 -0.00095272
internal_weight=343030 110666 8734 101932 46259 4024 1763 42235 22155 20080 7582 55673 17334 11252
internal_count=343030 110666 8734 101932 46259 4024 1763 42235 22155 20080 7582 55673 17334 11252
is_linear=0
shrinkage=0.04


Tree=151
num_leaves=15
num_cat=0
split_feature=8 3 1 8 2 3 1 0 1 3 1 0 3 3
split_gain=48.6964 87.0293 246.544 81.1389 160.772 230.956 360.518 307.758 306.863 158.323 265.908 225.128 189.829 179.767
threshold=0.56627823204050609 4.419525000000001 4.4557539444968457 0.9999850405617442 90.705951500000012 14.867712000000003 14.128294149703853 4.2995001323573101 14.532939006020543 19.412503500000003 19.006320063181274 17.140230728334348 16.567069000000004 23.591254500000002
decision_type=2 2 2 2 2 2 2 2 2 2 2 2 2 2
left_child=-1 2 -2 -3 -5 8 7 -7 -6 11 -11 12 -8 -12
right_child=1 3 -4 4 5 6 9 -9 -10 10 13 -13 -14 -15
leaf_value=0 -4.2639748689126398e-05 -0.00011384216553369797 -0.012803803432021373 -1.2741111154980432e-05 0.00014079976510308109 -0.0013850428254800562 -0.0027869276426036155 0.040918538250613513 -0.018333355973578502 0.037968964112609832 -0.0066150309949692711 -0.019645348180284846 0.0089449733142456973 0.0048027246843719666
leaf_weight=229220 1791 55334 381 45828 3290 110 477 1688 459 983 750 503 537 1912
leaf_count=229220 1791 55334 381 45828 3290 110 477 1688 459 983 750 503 537 1912
internal_value=0.000134241 -0.000541199 -0.00847145 -0.000387232 0.000678494 0.00509104 0.0094023 0.0248276 -0.00291278 0.00402945 0.0085487 -0.00682927 0.00402367 0.00198347
internal_weight=343263 114043 2172 111871 56537 10709 6960 1798 3749 5162 3645 1517 1014 2662
internal_count=343263 114043 2172 111871 56537 10709 6960 1798 3749 5162 3645 1517 1014 2662
is_linear=0
shrinkage=0.04


Tree=152
num_leaves=15
num_cat=0
split_feature=0 3 8 10 8 1 3 1 3 3 1 1 3 3
split_gain=52.0103 178.287 118.745 57.2283 507.567 258.619 833.374 205.968 416.453 528.31 297.412 176.034 154.867 148.805
threshold=22.683131168082333 24.855747500000003 0.79011903320370402 -7.7087001137110631 0.047999665581840906 4.751179874648563 5.1420485000000005 3.8895026501742875 8.581018000000002 4.9784045000000008 4.2224785432588767 32.199598540922111 4.3367565000000008 8.9323475000000006
decision_type=2 2 2 2 2 2 2 2 2 2 2 2 2 2
left_child=3 -2 -3 4 11 7 -7 -5 9 10 12 -1 -9 -6
right_child=1 2 -4 5 13 6 -8 8 -10 -11 -12 -13 -14 -15
leaf_value=0.0015024170240798074 -0.038274611862074287 -0.0065653590990826108 -1.3995953622838662e-05 0 -0.011927997484752102 -0.010492165370022075 -0.00013671272511856568 -0.0020866697250461579 -0.00022386041872701171 0.014983961862898361 -0.0013246341428709402 -0.00015616360284813503 0.005079249303208553 4.9200555241156882e-05
leaf_weight=1760 365 474 5292 183954 536 1333 13312 76 3737 2066 1220 410 625 127987
leaf_count=1760 365 474 5292 183954 536 1333 13312 76 3737 2066 1220 410 625 127987
internal_value=0.000186742 -0.00346436 -0.00174818 0.000253163 0.000908082 -0.000161688 -0.00528508 0.00022976 0.00662869 0.0156208 0.000520562 0.0200922 0.0212839 0.000584176
internal_weight=343147 6131 5766 337016 130693 206323 14645 191678 7724 3987 1921 2170 701 128523
internal_count=343147 6131 5766 337016 130693 206323 14645 191678 7724 3987 1921 2170 701 128523
is_linear=0
shrinkage=0.04


Tree=153
num_leaves=15
num_cat=0
split_feature=0 3 8 10 0 1 3 1 3 3 1 3 1 3
split_gain=50.4102 165.637 102.299 52.7146 498.863 254.19 804.092 182.62 370.469 502.144 264.688 164.573 136.869 506.866
threshold=22.683131168082333 24.855747500000003 0.79011903320370402 -7.7087001137110631 0.98736860839297302 4.751179874648563 5.0643965000000009 3.8895026501742875 8.581018000000002 4.9784045000000008 4.2224785432588767 4.3367565000000008 9.3544614216504929 13.304020500000002
decision_type=2 2 2 2 2 2 2 2 2 2 2 2 2 2
left_child=3 -2 -3 4 -1 7 -7 -5 9 10 11 -9 -6 -14
right_child=1 2 -4 5 12 6 -8 8 -10 -11 -12 -13 13 -15
leaf_value=0.0014357603120508039 -0.036718102088153806 -0.006516119656460915 -7.0378113001612241e-05 0 0.00046138227384840406 -0.010599423322619619 -0.0001440503023607926 -0.0020074229227035785 -0.00020546821155555255 0.014311943013069112 -0.0012904800104426074 0.004764069268639759 -0.0059194176680444138 5.2092244551539272e-05
leaf_weight=1570 366 479 5280 183946 8328 1220 13372 83 3745 2061 1199 611 3926 116793
leaf_count=1570 366 479 5280 183946 8328 1220 13372 83 3745 2061 1199 611 3926 116793
internal_value=0.000180769 -0.00341551 -0.00175725 0.00024616 0.000874924 -0.000152058 -0.00524123 0.000235435 0.00627094 0.0148103 -6.33914e-05 0.0195965 0.000602261 0.000260108
internal_weight=342979 6125 5759 336854 130617 206237 14592 191645 7699 3954 1893 694 129047 120719
internal_count=342979 6125 5759 336854 130617 206237 14592 191645 7699 3954 1893 694 129047 120719
is_linear=0
shrinkage=0.04


Tree=154
num_leaves=15
num_cat=0
split_feature=1 3 1 3 0 0 1 3 8 10 2 2 1 3
split_gain=49.4786 494.931 268.782 269.177 223.444 176.822 109.991 103.259 90.6228 80.4308 79.1151 79.987 77.8858 1809.7
threshold=30.296426463157974 34.882573500000007 37.504916227002234 27.366651500000007 7.9069664990752928 2.6686685758365685 32.199598540922111 31.394741000000003 0.18654561279811616 -31.917324916511493 138.52977750000005 70.256523500000014 22.795413940654338 21.957176000000004
decision_type=2 2 2 2 2 2 2 2 2 2 2 2 2 2
left_child=12 2 3 5 6 9 -5 -8 -3 -2 11 -10 -1 -14
right_child=1 8 -4 4 -6 -7 7 -9 10 -11 -12 -13 13 -15
leaf_value=0 -0.00065916078516381016 0.00011356807677488674 -0.011958187024379327 0.0024363627561070876 -0.028617656940474374 -0.0078730132452768629 -0.0014399408483424293 0.0013603734004462753 -0.0081827956952644828 0.00034917938537565974 -0.0015257949081606942 -4.6256748271394925e-05 -0.010825426108357294 0.0005109619844759066
leaf_weight=286814 269 11111 849 457 427 1057 394 507 428 307 207 11669 2961 25530
leaf_count=286814 269 11111 849 457 427 1057 394 507 428 307 207 11669 2961 25530
internal_value=0.000135982 -0.00148544 -0.0140145 -0.00901112 0.00172549 -0.0207471 0.00966127 0.00155383 0.000797779 -0.00291667 -0.00156697 -0.00114739 0.000278334 0.002273
internal_weight=342987 27682 4267 3418 1785 1633 1358 901 23415 576 12304 12097 315305 28491
internal_count=342987 27682 4267 3418 1785 1633 1358 901 23415 576 12304 12097 315305 28491
is_linear=0
shrinkage=0.04


Tree=155
num_leaves=15
num_cat=0
split_feature=9 2 8 2 0 10 0 2 10 1 2 9 10 2
split_gain=53.4041 86.8933 97.5632 85.601 91.7962 165.784 70.7678 93.8007 63.1755 214.741 307.979 370.927 272.775 327.472
threshold=0.39395090037715608 176.63816800000004 0.7195042033126321 128.56581900000003 3.8704761631610611 -8.9996302830822561 4.0794663882293927 84.66976200000002 -7.7087001137110631 4.642439829169116 70.256523500000014 0.043181778825601765 -5.6335317931054414 98.845322000000024
decision_type=2 2 2 2 2 2 2 2 2 2 2 2 2 2
left_child=1 2 6 8 -5 -6 -1 -8 -4 -10 -11 -12 13 -13
right_child=-2 -3 3 4 5 -7 7 -9 9 10 11 12 -14 -15
leaf_value=0.00063832329618313281 0 0.00045894422867146607 0.00021016248603904718 -0.00068331691225075812 -0.000962941879183286 0.021189723552771846 -0.010592526999050819 -0.00050422991257858261 9.4449374881473266e-06 0.00042104639291060608 -0.0023048292637997975 0.00078890770076629443 -0.00053273511511356451 -0.0031950154564371119
leaf_weight=468 232471 652 43120 526 3618 365 130 6276 42165 3950 5417 1974 1641 242
leaf_count=468 232471 652 43120 526 3618 365 130 6276 42165 3950 5417 1974 1641 242
internal_value=0.000152063 -0.000571718 -0.000658101 -0.00035023 -0.00573963 -0.00366558 -0.00527204 -0.00636903 -0.000103544 -0.00099731 -0.00544465 -0.00942851 5.18538e-05 0.00920578
internal_weight=343015 110544 109892 103018 4509 3983 6874 6406 98509 55389 13224 9274 3857 2216
internal_count=343015 110544 109892 103018 4509 3983 6874 6406 98509 55389 13224 9274 3857 2216
is_linear=0
shrinkage=0.04


Tree=156
num_leaves=15
num_cat=0
split_feature=0 3 10 2 0 10 3 3 9 3 3 10 10 10
split_gain=47.5866 697.161 256.495 206.206 256.627 215.29 228.504 218.531 350.722 326.514 251.963 219.817 214.668 193.041
threshold=4.2995001323573101 5.0643965000000009 -4.6370659520543125 73.982925500000007 10.765753105453243 -7.7087001137110631 9.2477415000000018 8.581018000000002 0.043181778825601765 62.313341000000008 17.126172000000004 -5.0727371436814765 -5.6335317931054414 -3.7845467311255638
decision_type=2 2 2 2 2 2 2 2 2 2 2 2 2 2
left_child=13 2 -2 4 -3 6 -5 11 10 -10 -9 -7 -11 -1
right_child=1 3 -4 5 -6 7 -8 8 9 12 -12 -13 -14 -15
leaf_value=0.00014149583353426792 -0.0087900746801244899 0.00094801109622448955 -0.00056438109085530156 -0.017408263998115597 -0.0012714671673640255 -0.0051203749932588472 4.4571835751092136e-06 -0.00028708268187920216 -0.00018276205780314283 0.0014303418514083769 -0.00229405916725484 0.0046193068699050535 -8.3398577070734205e-05 0
leaf_weight=37872 1197 8193 711 644 1592 232 101466 1671 2521 635 2195 937 319 183063
leaf_count=37872 1197 8193 711 644 1592 232 101466 1671 2521 635 2195 937 319 183063
internal_value=0.000136228 -0.000496758 -0.0244864 -0.000116606 0.00544916 -0.000608931 -9.95005e-05 -0.0067215 -0.00927939 -5.7554e-05 -0.0175685 0.00934132 0.0198742 0.000486659
internal_weight=343248 122313 1908 120405 9785 110620 102110 8510 7341 3475 3866 1169 954 220935
internal_count=343248 122313 1908 120405 9785 110620 102110 8510 7341 3475 3866 1169 954 220935
is_linear=0
shrinkage=0.04


Tree=157
num_leaves=15
num_cat=0
split_feature=9 2 9 1 10 2 2 0 1 2 1 10 0 2
split_gain=52.0266 77.3846 85.4355 83.9646 145.159 91.582 81.9153 81.1591 147.833 73.2582 89.6011 68.5155 248.502 345.189
threshold=0.39395090037715608 173.26792900000001 0.25866942202221782 9.4933364597536105 -11.542679026795081 98.845322000000024 128.56581900000003 3.8704761631610611 9.0739302183316628 150.77731350000002 14.009119171161297 -7.7087001137110631 4.9055551030511158 69.51754750000002
decision_type=2 2 2 2 2 2 2 2 2 2 2 2 2 2
left_child=1 2 6 -4 5 -5 11 -8 -9 -10 -11 -1 -13 -14
right_child=-2 -3 3 4 -6 -7 7 8 9 10 -12 12 13 -15
leaf_value=0.00022225877921718679 0 0.00050491813701484091 0.00015083671017487329 0.0017079425077589497 -0.0007965639559995275 -0.001011535715240692 -0.00070284704863634391 0.018111914176442482 -0.00036819919483581045 -0.0033263042941332789 -0.0023618312095916366 3.5430103084782267e-06 0.00040995768512096578 -0.0011821276412149002
leaf_weight=42238 232176 867 1352 463 728 5682 503 371 2427 424 490 45656 3113 6472
leaf_count=42238 232176 867 1352 463 728 5682 503 371 2427 424 490 45656 3113 6472
internal_value=0.000113132 -0.000600076 -0.000693966 -0.0046152 -0.00640768 -0.00440683 -0.000376817 -0.0058363 -0.0037931 -0.00645316 -0.016105 -0.000140748 -0.00106805 -0.00692332
internal_weight=342962 110786 109919 8225 6873 6145 101694 4215 3712 3341 914 97479 55241 9585
internal_count=342962 110786 109919 8225 6873 6145 101694 4215 3712 3341 914 97479 55241 9585
is_linear=0
shrinkage=0.04


Tree=158
num_leaves=15
num_cat=0
split_feature=0 3 8 3 2 8 0 2 8 1 3 3 10 0
split_gain=47.0619 154.353 104.379 43.6142 83.5581 55.7808 50.5994 57.5296 64.5206 46.5926 88.8934 41.0105 39.9332 454.671
threshold=22.683131168082333 23.980261500000001 0.79011903320370402 49.590755000000009 125.33120300000002 0.99988347866977445 29.349243556944177 118.86427300000001 0.97157985774679345 23.882561551830033 26.598211000000003 33.673913500000005 -7.7087001137110631 1.0415478339142601
decision_type=2 2 2 2 2 2 2 2 2 2 2 2 2 2
left_child=12 -2 -3 5 -5 6 7 8 -4 -7 -11 -8 13 -1
right_child=1 2 3 4 -6 9 11 -9 -10 10 -12 -13 -14 -15
leaf_value=0.0012807914807099943 -0.050106488805603963 -0.0058250365388167417 0.013907583110412704 0.001968654637713937 -0.0091818226811688948 0.0069116147652445179 -0.10608185759949032 -0.013885895181122465 -0.012896595593887146 -0.038946964734196655 0.0022801332557874582 -0.011958533129929441 0 3.6475191746113967e-05
leaf_weight=1782 277 477 678 2394 72 281 127 255 191 119 910 381 206232 128908
leaf_count=1782 277 477 678 2394 72 281 127 255 191 119 910 381 206232 128908
internal_value=0.000153548 -0.00331061 -0.00193713 -0.00035503 0.00356853 -0.00364378 -0.00857843 -0.00384342 0.00105869 0.00250382 -0.00143829 -0.0190551 0.000216905 0.000763945
internal_weight=343084 6162 5885 5408 2466 2942 1632 1124 869 1310 1029 508 336922 130690
internal_count=343084 6162 5885 5408 2466 2942 1632 1124 869 1310 1029 508 336922 130690
is_linear=0
shrinkage=0.04


Tree=159
num_leaves=15
num_cat=0
split_feature=9 2 3 10 10 3 10 3 2 8 2 9 3 3
split_gain=46.0458 74.9461 70.476 235.243 82.9726 791.981 152.359 474.715 334.809 277.649 135.444 142.671 310.328 208.497
threshold=0.39395090037715608 176.63816800000004 4.419525000000001 -4.4995444998545429 -14.332970699894407 15.472558000000001 -11.542679026795081 13.207107500000001 87.612797000000015 0.99998654492179417 87.612797000000015 0.16100220515860617 53.00491000000001 65.955523000000014
decision_type=2 2 2 2 2 2 2 2 2 2 2 2 2 2
left_child=1 2 3 -1 5 -4 7 -6 -9 -10 11 12 -8 -13
right_child=-2 -3 4 -5 6 -7 10 8 9 -11 -12 13 -14 -15
leaf_value=-0.012293541445886434 0 0.00042832877855547569 -0.016600797984242043 -3.4742700471772342e-05 -0.010139389322913459 -0.00017334588438363858 1.3990786689383195e-05 -0.00050543310196983558 0.0014123904210917785 0.01594758531184649 -0.00029078039757831546 1.5485407450495369e-05 -0.0011466030151660372 0.0011485214704028651
leaf_weight=363 232381 649 1560 1853 729 26514 52125 3523 4771 2564 11203 1900 2259 780
leaf_count=363 232381 649 1560 1853 729 26514 52125 3523 4771 2564 11203 1900 2259 780
internal_value=0.00012262 -0.00054841 -0.000628268 -0.00768953 -0.000483285 -0.00235378 0.000174318 0.00441529 0.00651317 0.011381 -0.000545505 0.000243937 -0.000200059 0.00925373
internal_weight=343174 110793 110144 2216 107928 28074 79854 11587 10858 7335 68267 57064 54384 2680
internal_count=343174 110793 110144 2216 107928 28074 79854 11587 10858 7335 68267 57064 54384 2680
is_linear=0
shrinkage=0.04


end of trees

feature_importances:
control_value=613
pressure_bar=369
liquid_tpd=329
oil_tpd=289
oil_fraction=235
injection_minus_liquid=199
watercut=191
target_lrat=15

parameters:
[boosting: gbdt]
[objective: regression_l1]
[metric: l1]
[tree_learner: serial]
[device_type: cpu]
[data_sample_strategy: bagging]
[data: ]
[valid: ]
[num_iterations: 160]
[learning_rate: 0.04]
[num_leaves: 15]
[num_threads: 1]
[seed: 20260831]
[deterministic: 1]
[force_col_wise: 1]
[force_row_wise: 0]
[histogram_pool_size: -1]
[max_depth: -1]
[min_data_in_leaf: 12]
[min_sum_hessian_in_leaf: 0.001]
[bagging_fraction: 0.9]
[pos_bagging_fraction: 1]
[neg_bagging_fraction: 1]
[bagging_freq: 1]
[bagging_seed: 14268]
[bagging_by_query: 0]
[feature_fraction: 0.9]
[feature_fraction_bynode: 1]
[feature_fraction_seed: 16877]
[extra_trees: 0]
[extra_seed: 18694]
[early_stopping_round: 0]
[early_stopping_min_delta: 0]
[first_metric_only: 0]
[max_delta_step: 0]
[lambda_l1: 0]
[lambda_l2: 0]
[linear_lambda: 0]
[min_gain_to_split: 0]
[drop_rate: 0.1]
[max_drop: 50]
[skip_drop: 0.5]
[xgboost_dart_mode: 0]
[uniform_drop: 0]
[drop_seed: 5741]
[top_rate: 0.2]
[other_rate: 0.1]
[min_data_per_group: 100]
[max_cat_threshold: 32]
[cat_l2: 10]
[cat_smooth: 10]
[max_cat_to_onehot: 4]
[top_k: 20]
[monotone_constraints: ]
[monotone_constraints_method: basic]
[monotone_penalty: 0]
[feature_contri: ]
[forcedsplits_filename: ]
[refit_decay_rate: 0.9]
[cegb_tradeoff: 1]
[cegb_penalty_split: 0]
[cegb_penalty_feature_lazy: ]
[cegb_penalty_feature_coupled: ]
[path_smooth: 0]
[interaction_constraints: ]
[verbosity: -1]
[saved_feature_importance_type: 0]
[use_quantized_grad: 0]
[num_grad_quant_bins: 4]
[quant_train_renew_leaf: 0]
[stochastic_rounding: 1]
[linear_tree: 0]
[max_bin: 255]
[max_bin_by_feature: ]
[min_data_in_bin: 3]
[bin_construct_sample_cnt: 200000]
[data_random_seed: 4795]
[is_enable_sparse: 1]
[enable_bundle: 1]
[use_missing: 1]
[zero_as_missing: 0]
[feature_pre_filter: 1]
[pre_partition: 0]
[two_round: 0]
[header: 0]
[label_column: ]
[weight_column: ]
[group_column: ]
[ignore_column: ]
[categorical_feature: ]
[forcedbins_filename: ]
[precise_float_parser: 0]
[parser_config_file: ]
[objective_seed: 5797]
[num_class: 1]
[is_unbalance: 0]
[scale_pos_weight: 1]
[sigmoid: 1]
[boost_from_average: 1]
[reg_sqrt: 0]
[alpha: 0.9]
[fair_c: 1]
[poisson_max_delta_step: 0.7]
[tweedie_variance_power: 1.5]
[lambdarank_truncation_level: 30]
[lambdarank_norm: 1]
[label_gain: ]
[lambdarank_position_bias_regularization: 0]
[eval_at: ]
[multi_error_top_k: 1]
[auc_mu_weights: ]
[num_machines: 1]
[local_listen_port: 12400]
[time_out: 120]
[machine_list_filename: ]
[machines: ]
[gpu_platform_id: -1]
[gpu_device_id: -1]
[gpu_use_dp: 0]
[num_gpu: 1]

end of parameters

pandas_categorical:null
