tree
version=v4
num_class=1
num_tree_per_iteration=1
label_index=0
max_feature_idx=10
objective=regression_l1
feature_names=oil_tpd liquid_tpd pressure_bar control_value target_orat target_lrat target_wrat status oil_fraction watercut injection_minus_liquid
feature_infos=[0:43.120984107203206] [0:65.870736625282802] [0:284.32791099999997] [0:413.63752299999999] none [0:1] [0:1] [0:1] [0:1] [0:1] [-65.870736625282802:413.63752299999999]
tree_sizes=1541 1551 1551 1559 1557 1557 1548 1556 1557 1552 1568 1558 1556 1565 1559 1562 1563 1563 1545 1571 1566 1575 1569 1570 1576 1570 1577 1583 1560 1571 1580 1572 1563 1570 1572 1573 1580 1574 1579 1579 1568 1570 1581 1566 1556 1565 1569 1573 1564 1550 1568 1550 1559 1549 1580 1565 1571 1572 1581 1568 1559 1568 1571 1557 1575 1574 1560 1561 1561 1550 1553 1552 1557 1546 1551 1559 1564 1550 1563 1543 1575 1553 1553 1551 1575 1570 1558 1561 1560 1587 1562 1567 1582 1555 1577 1564 1578 1561 1558 1574 1581 1553 1567 1575 1564 1562 1560 1555 1553 1561 1560 1553 1538 1541 1553 1563 1557 1548 1555 1555 1577 1554 1569 1579 1550 1543 1554 1557 1561 1559 1533 1565 1557 1560 1577 1524 1538 1529 1533 1573 1535 1542 1555 1568 1574 1558 1556 1558 1561 1559 1561 1546 1536 1534 1558 1528 1541 1517 1533 1545

Tree=0
num_leaves=15
num_cat=0
split_feature=2 10 2 2 3 3 1 2 3 3 3 10 3 1
split_gain=137291 6985.41 5790.61 5321.59 3882.78 2491.11 1428.86 1245.58 836.196 682.028 636.704 1138.77 587.354 584.212
threshold=88.738430000000008 -13.429776983016501 56.927828000000005 198.36637150000004 90.028530500000002 28.733925000000003 9.7471853141701299 96.149952000000013 16.754667000000001 32.994084500000007 1.0000000180025095e-35 -1.0000000180025095e-35 14.739712000000003 4.472353123303578
decision_type=2 2 2 2 2 2 2 2 2 2 2 2 2 2
left_child=2 5 10 4 7 12 8 -3 13 -8 -1 -12 -2 -4
right_child=1 3 6 -5 -6 -7 9 -9 -10 -11 11 -13 -14 -15
leaf_value=-0.20310680389404295 -0.046956615447998049 -0.12716199219226837 -0.14466952085494994 -0.067952585220336911 -0.15357901334762575 -0.094568603038787835 -0.12143908798694611 -0.097054729461669917 -0.13917025804519653 -0.12970897316932678 -0.16297286987304688 -0.20310680389404295 -0.094842739105224616 -0.12945282697677613
leaf_weight=61203 4702 4815 10687 25673 14641 51519 5892 61153 16585 5660 24027 2878 47605 6309
leaf_count=61203 4702 4815 10687 25673 14641 51519 5892 61153 16585 5660 24027 2878 47605 6309
internal_value=-0.122367 -0.102224 -0.154129 -0.109433 -0.114484 -0.0948452 -0.142478 -0.110349 -0.146653 -0.130344 -0.160097 -0.154969 -0.100994 -0.140417
internal_weight=343349 210108 133241 106282 80609 103826 45133 65968 33581 11552 88108 26905 52307 16996
internal_count=343349 210108 133241 106282 80609 103826 45133 65968 33581 11552 88108 26905 52307 16996
is_linear=0
shrinkage=1


Tree=1
num_leaves=15
num_cat=0
split_feature=2 1 2 2 10 3 0 2 3 3 10 3 10 5
split_gain=133869 6823.01 5970.92 5064.21 3612.08 2567.14 1560.5 1163.3 819.697 677.625 1146.66 609.575 567.657 540.95
threshold=88.738430000000008 13.393682645989527 56.927828000000005 198.36637150000004 91.842445500000011 28.733925000000003 8.958248279549915 96.149952000000013 5.2881285000000009 1.0000000180025095e-35 -1.0000000180025095e-35 14.933703000000001 -2.7123762602605939 1.0000000180025095e-35
decision_type=2 2 2 2 2 2 2 2 2 2 2 2 2 2
left_child=2 3 9 4 7 11 8 -2 12 -1 -11 -3 -4 -10
right_child=1 5 6 -5 -6 -7 -8 -9 13 10 -12 -13 -14 -15
leaf_value=-0.077524665069580084 -0.004569674825668335 0.068597567749023439 0.0010966512143611906 0.052352717399597168 -0.032311889457702636 0.026748909664154052 -0.0031706213712692261 0.024211600208282471 0.80714336347579962 -0.039000244045257572 -0.077524665069580084 0.0261674168586731 -0.022463245868682861 -0.017353810119628905
leaf_weight=61089 4882 5207 3154 25599 14317 51575 10976 61329 232 23926 2862 47336 2309 28471
leaf_count=61089 4882 5207 3154 25599 14317 51575 10976 61329 232 23926 2862 47336 2309 28471
internal_value=-0.000195535 0.0196736 -0.0316 0.0125363 0.00760978 0.0269487 -0.0197758 0.0115491 -0.0239911 -0.037674 -0.0323697 0.0207259 -0.00978949 -0.0266941
internal_weight=343264 210245 133019 106127 80528 104118 45142 66211 34166 87877 26788 52543 5463 28703
internal_count=343264 210245 133019 106127 80528 104118 45142 66211 34166 87877 26788 52543 5463 28703
is_linear=0
shrinkage=0.04


Tree=2
num_leaves=15
num_cat=0
split_feature=2 1 2 2 3 3 0 2 3 3 9 3 1 3
split_gain=130469 6694.57 6207.14 4932.59 3304.7 2567.14 1527.18 1076.24 848.122 655.104 1118.42 542.274 740.261 540.15
threshold=88.738430000000008 13.393682645989527 56.337551000000012 198.36637150000004 90.028530500000002 28.733925000000003 8.958248279549915 96.149952000000013 5.0522920000000004 1.0000000180025095e-35 0.0021254199665843858 26.573038000000004 22.373590904943853 45.988734500000007
decision_type=2 2 2 2 2 2 2 2 2 2 2 2 2 2
left_child=2 3 9 4 7 11 8 -2 -4 -1 -11 -3 -13 -7
right_child=1 5 6 -5 -6 13 -8 -9 -10 10 -12 12 -14 -15
leaf_value=-0.074423678466796872 -0.0043774869880676267 0.032442274257659914 -0.0067792468411922461 0.050271781330108636 -0.028750060012817383 0.022547942149162292 -0.0031141007909774782 0.023215224536895753 -0.016893427131652834 -0.037494462589263915 -0.074423678466796872 0.018621829069137574 0.00029593489217758173 0.027522112476348878
leaf_weight=60978 4790 44169 4223 25638 14535 26296 10962 61031 30877 22879 2918 3644 4591 25025
leaf_count=60978 4790 44169 4223 25638 14535 26296 10962 61031 30877 22879 2918 3644 4591 25025
internal_value=-0.000422238 0.0192244 -0.0314397 0.0121547 0.0072806 0.0264488 -0.0195719 0.0110925 -0.0236422 -0.0377394 -0.032396 0.0202214 0.0107978 0.0328076
internal_weight=342556 209719 132837 105994 80356 103725 46062 65821 35100 86775 25797 52404 8235 51321
internal_count=342556 209719 132837 105994 80356 103725 46062 65821 35100 86775 25797 52404 8235 51321
is_linear=0
shrinkage=0.04


Tree=3
num_leaves=15
num_cat=0
split_feature=2 10 2 2 10 3 1 2 3 3 10 1 3 3
split_gain=127283 6415.77 6401.23 4760 3137.05 2707.19 1471.8 1019.62 856.011 684.379 1152.53 681.973 587.305 586.97
threshold=88.738430000000008 -13.429776983016501 56.337551000000012 198.36637150000004 85.750415500000017 29.360008000000004 9.7471853141701299 96.149952000000013 18.228215000000002 1.0000000180025095e-35 -1.0000000180025095e-35 4.4022770573445946 33.878895000000007 46.634174500000007
decision_type=2 2 2 2 2 2 2 2 2 2 2 2 2 2
left_child=2 5 9 4 7 -2 8 -3 11 -1 -11 -4 -8 -7
right_child=1 3 6 -5 -6 13 12 -9 -10 10 -12 -13 -14 -15
leaf_value=-0.071446731328124999 0.027140583211059572 -0.0041371323434448246 -0.022733423866577153 0.04836404518585205 -0.024584031592254637 0.021616282341499326 0.001035203817405701 0.022892239277496337 -0.014631008442001341 -0.035991112575378417 -0.071446731328124999 -0.007460239322738647 -0.0061703393430328369 0.026477931067962649
leaf_weight=60997 52391 4927 12227 25654 15067 26690 5968 60659 14724 23019 2888 7623 5580 24562
leaf_count=60997 52391 4927 12227 25654 15067 26690 5968 60659 14724 23019 2888 7623 5580 24562
internal_value=-0.000681564 0.0187149 -0.0312943 0.0118107 0.00703706 0.0257966 -0.0192498 0.0108182 -0.0233794 -0.0376866 -0.0322399 -0.0179587 -0.00688604 0.0323328
internal_weight=342976 209950 133026 106307 80653 103643 46122 65586 34574 86904 25907 19850 11548 51252
internal_count=342976 209950 133026 106307 80653 103643 46122 65586 34574 86904 25907 19850 11548 51252
is_linear=0
shrinkage=0.04


Tree=4
num_leaves=15
num_cat=0
split_feature=2 2 1 2 10 3 1 2 3 3 10 1 1 3
split_gain=123912 6690.33 6262.27 4314.42 3176.69 2658.09 1444.28 1010.49 888.253 724.145 1095.42 640.922 638.759 626.214
threshold=88.738430000000008 56.927828000000005 14.018205921379025 199.99832950000004 91.842445500000011 29.850266500000004 9.947732218363905 102.15045550000001 18.228215000000002 1.0000000180025095e-35 -1.0000000180025095e-35 6.4179230580685545 4.472353123303578 45.988734500000007
decision_type=2 2 2 2 2 2 2 2 2 2 2 2 2 2
left_child=1 9 3 4 7 -4 8 11 12 -1 -11 -2 -3 -7
right_child=2 6 5 -5 -6 13 -8 -9 -10 10 -12 -13 -14 -15
leaf_value=-0.068588862075000007 -0.0077538222330032361 -0.020257545329577638 0.026440406525426102 0.0470927424078064 -0.027905761232800294 0.02126281001817627 -0.0027440137453857419 0.023197088322576904 -0.013298606000668334 -0.034522359548040775 -0.068588862075000007 0.0023215418373912808 -0.0069420499305694588 0.025400382876986694
leaf_weight=61064 2733 11771 50240 24512 14527 25286 11049 61984 14815 23994 2912 5641 7406 24872
leaf_count=61064 2733 11771 50240 24512 14527 25286 11049 61984 14815 23994 2912 5641 7406 24872
internal_value=-0.000969178 -0.0311719 0.0181795 0.011559 0.00729033 0.0253933 -0.0186346 0.0108064 -0.0227183 -0.037591 -0.0321237 -0.00223549 -0.017035 0.0319072
internal_weight=342806 133011 209795 109397 84885 100398 45041 70358 33992 87970 26906 8374 19177 50158
internal_count=342806 133011 209795 109397 84885 100398 45041 70358 33992 87970 26906 8374 19177 50158
is_linear=0
shrinkage=0.04


Tree=5
num_leaves=15
num_cat=0
split_feature=2 2 1 2 3 10 1 2 3 3 10 3 1 3
split_gain=120392 6809.1 5991.8 4240.09 2821.26 2764.95 1423.16 972.99 873.807 781.544 1091.02 697.735 667.842 592.131
threshold=88.738430000000008 56.927828000000005 13.517645196902578 198.36637150000004 29.360008000000004 85.750415500000017 9.947732218363905 99.600261500000002 18.228215000000002 1.0000000180025095e-35 -1.0000000180025095e-35 47.146857000000004 4.472353123303578 14.739712000000003
decision_type=2 2 2 2 2 2 2 2 2 2 2 2 2 2
left_child=1 9 3 5 13 7 8 -2 12 -1 -11 -6 -3 -4
right_child=2 6 4 -5 11 -7 -8 -9 -10 10 -12 -13 -14 -15
leaf_value=-0.065845307591999996 -0.0022808497545366065 -0.019393086476751815 0.067563379258502004 0.044363595661628417 0.020022384024233279 -0.022796973257853511 -0.0026660403526290277 0.021957756215607666 -0.01269496966477063 -0.033126308897045653 -0.065845307591999996 0.024338754511446414 -0.0066554804933900138 0.022033956941884033
leaf_weight=60899 6569 11723 4492 25735 27221 15005 11043 59456 14791 24054 2910 23946 7408 47516
leaf_count=60899 6569 11723 4492 25735 27221 15005 11043 59456 14791 24054 2910 23946 7408 47516
internal_value=-0.00120781 -0.0310109 0.0176485 0.0110055 0.0245226 0.00651314 -0.0183512 0.0100356 -0.0224114 -0.0374897 -0.0318202 0.0311912 -0.0167665 0.0179619
internal_weight=342768 132828 209940 106765 103175 81030 44965 66025 33922 87863 26964 51167 19131 52008
internal_count=342768 132828 209940 106765 103175 81030 44965 66025 33922 87863 26964 51167 19131 52008
is_linear=0
shrinkage=0.04


Tree=6
num_leaves=15
num_cat=0
split_feature=2 2 1 2 3 3 0 3 2 3 3 9 3 1
split_gain=117354 7004.86 5743.32 3792.13 2786.7 2441.88 1484.97 899.352 897.014 810.758 753.889 1028.09 736.172 576.616
threshold=88.738430000000008 56.337551000000012 14.018205921379025 193.00085450000003 29.850266500000004 81.70484900000001 8.8760850986815303 5.0522920000000004 102.15045550000001 161.86623750000004 1.0000000180025095e-35 0.0056480147223136332 47.146857000000004 6.4179230580685545
decision_type=2 2 2 2 2 2 2 2 2 2 2 2 2 2
left_child=1 10 3 5 -4 8 7 -3 13 -5 -1 -12 -6 -2
right_child=2 6 4 9 12 -7 -8 -9 -10 -11 11 -13 -14 -15
leaf_value=-0.063211495288320013 -0.0072922537357648252 -0.0043370647584143182 0.024094216760016704 0.043437178246601267 0.01953910420655313 -0.019199672622293402 -0.0026026448885406515 -0.014356955202821407 0.020827829727435628 -0.041952185315698554 -0.031839756373317145 -0.063211495288320013 0.023496756550379427 0.0017004792907481601
leaf_weight=60851 2729 4241 50375 28434 26419 14998 11237 30564 57382 471 22948 2846 23943 5469
leaf_count=60851 2729 4241 50375 28434 26419 14998 11237 30564 57382 471 22948 2846 23943 5469
internal_value=-0.00141718 -0.0308711 0.0171736 0.0108316 0.0240662 0.00637296 -0.0182633 -0.0223451 0.00970296 0.023261 -0.0375708 -0.03184 0.03072 -0.00267382
internal_weight=342907 132687 210220 109483 100737 80578 46042 34805 65580 28905 86645 25794 50362 8198
internal_count=342907 132687 210220 109483 100737 80578 46042 34805 65580 28905 86645 25794 50362 8198
is_linear=0
shrinkage=0.04


Tree=7
num_leaves=15
num_cat=0
split_feature=2 2 1 2 10 10 10 2 0 7 10 1 10 2
split_gain=114338 7306.53 5599.3 3460.38 2714.84 1509.62 1355.1 831.762 812.527 797.788 1071.23 644.898 460.398 638.608
threshold=88.738430000000008 56.337551000000012 14.997953650638433 208.67728400000001 91.842445500000011 -12.726766595408309 -28.537986432755556 102.15045550000001 6.0253399044357812 1.0000000180025095e-35 -1.0000000180025095e-35 6.4179230580685545 -9.7225306069897481 121.74413300000002
decision_type=2 2 2 2 2 2 2 2 2 2 2 2 2 2
left_child=1 9 3 4 7 -3 -4 11 -8 -1 -11 -2 13 -9
right_child=2 5 6 -5 -6 -7 8 12 -10 10 -12 -13 -14 -15
leaf_value=-0.060683035476787203 -0.0069171450978317292 0.00059463500692315426 0.025369190785129385 0.045978460609840247 -0.018492495568094416 -0.011776395768431574 0.017039209033893707 0.0065886305703206265 0.021010812571707751 -0.030573099330664735 -0.060683035476787203 0.0033810418741708 0.022719057692436716 0.030941547049431348
leaf_weight=61021 2760 5268 32009 19503 15444 40924 25536 7773 37587 22944 2903 6866 55609 7026
leaf_count=61021 2760 5268 32009 19503 15444 40924 25536 7773 37587 22944 2903 6866 55609 7026
internal_value=-0.00165642 -0.0306701 0.0167173 0.0107778 0.00764155 -0.0178161 0.0238961 0.0106045 0.0204965 -0.0375052 -0.0316153 -0.000423852 0.0121123 0.0183823
internal_weight=343173 133060 210113 114981 95478 46192 95132 80034 63123 86868 25847 9626 70408 14799
internal_count=343173 133060 210113 114981 95478 46192 95132 80034 63123 86868 25847 9626 70408 14799
is_linear=0
shrinkage=0.04


Tree=8
num_leaves=15
num_cat=0
split_feature=2 2 10 3 10 10 1 2 3 2 3 10 3 8
split_gain=111390 8118.75 5222.34 3710.15 1974.29 1826.29 1715.62 1206.1 846.096 838.936 820.074 1046.23 794.141 674.989
threshold=90.544632000000021 56.337551000000012 17.250566500000001 29.360008000000004 14.608397500000001 127.07524650000001 9.947732218363905 189.76892050000001 5.0522920000000004 112.66346350000002 1.0000000180025095e-35 -1.0000000180025095e-35 52.624740500000009 0.99798924150232549
decision_type=2 2 2 2 2 2 2 2 2 2 2 2 2 2
left_child=1 10 3 4 9 7 8 -4 -3 -2 -1 -12 -5 -14
right_child=2 6 5 12 -6 -7 -8 -9 -10 -11 11 -13 13 -15
leaf_value=-0.058255714057715714 0.0061557949674125659 -0.0037409408061057415 0.015497801106785145 0.017814335934861231 0.076635388278891464 -0.021642576422496475 -0.0017187871245015385 0.026436756992270369 -0.01359365297798072 0.025291617837122877 -0.029345082736588538 -0.058255714057715714 0.021875390762882412 -0.074308796498235227
leaf_weight=61102 22248 4388 37805 32844 9830 10690 12202 17862 31690 57704 22964 2897 18826 186
leaf_count=61102 22248 4388 37805 32844 9830 10690 12202 17862 31690 57704 22964 2897 18826 186
internal_value=-0.00191168 -0.0301706 0.0164629 0.0208012 0.0158811 0.00720286 -0.0170174 0.0101108 -0.0214025 0.0138013 -0.0374729 -0.0315023 0.0293197 0.0358258
internal_weight=343238 135243 207995 141638 89782 66357 48280 55667 36078 79952 86963 25861 51856 19012
internal_count=343238 135243 207995 141638 89782 66357 48280 55667 36078 79952 86963 25861 51856 19012
is_linear=0
shrinkage=0.04


Tree=9
num_leaves=15
num_cat=0
split_feature=2 2 1 2 3 10 0 3 10 3 2 3 0 10
split_gain=107937 7883.3 5275.68 3292.39 2665.01 2244.14 1422.86 848.479 1047.78 811.545 742.878 716.972 637.058 598.8
threshold=88.738430000000008 56.337551000000012 14.997953650638433 191.29725650000003 45.45882300000001 78.999242000000024 8.8760850986815303 1.0000000180025095e-35 -1.0000000180025095e-35 5.0522920000000004 102.15045550000001 161.86623750000004 6.1303084763651627 -6.2395237612420322
decision_type=2 2 2 2 2 2 2 2 2 2 2 2 2 2
left_child=1 7 3 5 12 10 9 -1 -9 -3 13 -5 -4 -2
right_child=2 6 4 11 -6 -7 -8 8 -10 -11 -12 -13 -14 -15
leaf_value=-0.055925485495407087 0.0026143261257357752 -0.0036207866537469949 0.018630933734157092 0.03878492922204 0.020677883353808643 -0.018112549879938069 -0.0022360413367718437 -0.028186440464570063 -0.055925485495407087 -0.012757473646312141 0.017501670397433298 -0.028946211841645933 0.021059682466460235 -0.0063891651525290298
leaf_weight=60921 6972 4227 31992 29256 25466 14825 11169 22940 2901 30597 60591 632 37834 2596
leaf_count=60921 6972 4227 31992 29256 25466 14825 11169 22940 2901 30597 60591 632 37834 2596
internal_value=-0.00209087 -0.0303268 0.015745 0.00997284 0.0227033 0.00595689 -0.0169391 -0.0374238 -0.0313502 -0.0209235 0.00894483 0.0213919 0.0186635 -0.00141304
internal_weight=342919 132755 210164 114872 95292 84984 45993 86762 25841 34824 70159 29888 69826 9568
internal_count=342919 132755 210164 114872 95292 84984 45993 86762 25841 34824 70159 29888 69826 9568
is_linear=0
shrinkage=0.04


Tree=10
num_leaves=15
num_cat=0
split_feature=2 2 10 3 10 10 1 3 2 2 3 10 3 1
split_gain=105062 8688.12 4849.04 3492.25 1605.97 1596.27 1526.64 1236.86 1026.87 954.382 932.819 1007.31 755.432 885.871
threshold=90.544632000000021 56.927828000000005 17.250566500000001 45.988734500000007 14.886566000000002 127.07524650000001 9.947732218363905 28.733925000000003 189.76892050000001 123.24269100000002 1.0000000180025095e-35 -1.0000000180025095e-35 18.228215000000002 4.472353123303578
decision_type=2 2 2 2 2 2 2 2 2 2 2 2 2 2
left_child=1 10 3 4 7 8 12 9 -4 -2 -1 -12 13 -3
right_child=2 6 5 -5 -6 -7 -8 -9 -10 -11 11 -13 -14 -15
leaf_value=-0.053688466075590802 0.0080805794498939459 -0.015789222023448915 0.013939484729831739 0.01994528048938005 0.075791587740109079 -0.019848019789495183 -0.0015605939860506024 0.015372384907174769 0.024044874324458131 0.029080939763254949 -0.027075088021005573 -0.053688466075590802 -0.0097869166934100946 -0.0041881891955035866
leaf_weight=61022 37184 12212 37851 24978 8753 10717 12153 27082 17696 43494 24037 2912 15203 7712
leaf_count=61022 37184 12212 37851 24978 8753 10717 12153 27082 17696 43494 24037 2912 15203 7712
internal_value=-0.00239343 -0.0298305 0.0154684 0.0196504 0.0167408 0.00653869 -0.0160017 0.0154024 0.00926567 0.0129195 -0.0372627 -0.0310646 -0.0202295 -0.0151054
internal_weight=343006 135251 207755 141491 116513 66264 47280 107760 55547 80678 87971 26949 35127 19924
internal_count=343006 135251 207755 141491 116513 66264 47280 107760 55547 80678 87971 26949 35127 19924
is_linear=0
shrinkage=0.04


Tree=11
num_leaves=15
num_cat=0
split_feature=2 2 1 2 3 10 2 0 3 10 3 10 10 0
split_gain=101931 7188.3 5402.52 3388.92 2518.17 1679.75 1374.44 925.71 913.322 1014.46 823.764 686.597 620.321 592.795
threshold=86.136829500000019 56.337551000000012 14.997953650638433 189.76892050000001 45.988734500000007 78.999242000000024 102.15045550000001 8.8760850986815303 1.0000000180025095e-35 -1.0000000180025095e-35 5.0522920000000004 17.250566500000001 -6.2395237612420322 6.1303084763651627
decision_type=2 2 2 2 2 2 2 2 2 2 2 2 2 2
left_child=1 8 3 5 13 6 12 10 -1 -10 -3 -5 -2 -4
right_child=2 7 4 11 -6 -7 -8 -9 9 -11 -12 -13 -14 -15
leaf_value=-0.05154092743256717 0.0003080059949577872 -0.0037988617895462584 0.01718642410478317 0.058405063635711886 0.018966304107162636 -0.017474586395948587 0.015696836416412934 -0.003261090006718047 -0.025957056042523751 -0.05154092743256717 -0.013197549630700656 0.019792046392149126 -0.0046479678235251901 0.019307574578636799
leaf_weight=60842 9634 4013 32108 11232 25002 14677 59828 9352 22877 2863 28420 19592 3658 38540
leaf_count=60842 9634 4013 32108 11232 25002 14677 59828 9352 22877 2863 28420 19592 3658 38540
internal_value=-0.00256504 -0.0307521 0.0143215 0.00861804 0.0213947 0.004612 0.00709081 -0.0171267 -0.0373279 -0.0310117 -0.0203237 0.0200285 -0.00454409 0.0175337
internal_weight=342638 128367 214271 118621 95650 87797 73120 41785 86582 25740 32433 30824 13292 70648
internal_count=342638 128367 214271 118621 95650 87797 73120 41785 86582 25740 32433 30824 13292 70648
is_linear=0
shrinkage=0.04


Tree=12
num_leaves=15
num_cat=0
split_feature=2 2 1 2 3 3 2 0 3 3 10 10 3 0
split_gain=99536.3 7309.99 5209.27 3299.12 2449.75 1517.43 1525.54 870.067 840.81 832.865 990.029 714.364 619.161 615.334
threshold=85.614677500000013 55.714037000000005 15.119258631612281 189.76892050000001 45.988734500000007 73.319647500000016 102.15045550000001 8.8760850986815303 5.0522920000000004 1.0000000180025095e-35 -1.0000000180025095e-35 17.250566500000001 14.543502500000001 8.2206111399843582
decision_type=2 2 2 2 2 2 2 2 2 2 2 2 2 2
left_child=1 9 3 5 -4 6 13 8 -3 -1 -11 12 -5 -2
right_child=2 7 4 11 -6 -7 -8 -9 -10 10 -12 -13 -14 -15
leaf_value=-0.049479290335264478 -0.002843543787021625 -0.0031487881951267481 0.017769017534101643 0.032949924262580435 0.018228441811662995 -0.015091146817105494 0.015380211583763424 -0.003374523224774305 -0.013417451446817736 -0.02497901740739018 -0.049479290335264478 0.018973359477118625 0.073617239919824246 0.0027269813895788742
leaf_weight=60984 8299 3973 70029 4823 25012 15517 59544 8949 28947 21903 2881 19561 6402 5829
leaf_count=60984 8299 3973 70029 4823 25012 15517 59544 8949 28947 21903 2881 19561 6402 5829
internal_value=-0.00281743 -0.0307989 0.0137928 0.00825139 0.0207881 0.00435435 0.00674883 -0.0170981 -0.0201045 -0.0374872 -0.0313041 0.0195413 0.0275849 -0.00506795
internal_weight=342653 127637 215016 119975 95041 89189 73672 41869 32920 85768 24784 30786 11225 14128
internal_count=342653 127637 215016 119975 95041 89189 73672 41869 32920 85768 24784 30786 11225 14128
is_linear=0
shrinkage=0.04


Tree=13
num_leaves=15
num_cat=0
split_feature=2 2 10 10 2 1 2 10 3 3 10 3 3 3
split_gain=97284.7 9342.02 4282.75 2610.34 1484.56 1373.94 1167.43 1065.23 1050.65 1022.33 992.671 851.071 690.769 654.706
threshold=90.544632000000021 56.927828000000005 -25.911593676158684 91.842445500000011 208.67728400000001 9.947732218363905 210.18473800000001 -13.429776983016501 1.0000000180025095e-35 40.973107000000006 -1.0000000180025095e-35 24.842154000000004 5.0522920000000004 30.156969000000004
decision_type=2 2 2 2 2 2 2 2 2 2 2 2 2 2
left_child=1 8 9 4 7 12 -5 13 -1 11 -10 -2 -3 -4
right_child=2 5 3 6 -6 -7 -8 -9 10 -11 -12 -13 -14 -15
leaf_value=-0.047500118721853904 0.10009178798725014 -0.0030228366673216781 0.015552875412050273 -0.016397462952444701 0.055114962484270634 -0.0013784507977403361 0.0073344697195616496 0.014399645417030904 -0.023969962340061858 0.018379725462232242 -0.047500118721853904 0.014819664860907291 -0.010625281092421699 0.01189755316392465
leaf_weight=61132 3723 4285 44227 15637 14674 12173 4902 69453 24003 24081 2874 14257 30785 16808
leaf_count=61132 3723 4285 44227 15637 14674 12173 4902 69453 24003 24081 2874 14257 30785 16808
internal_value=-0.0029979 -0.0293999 0.0141897 0.0112963 0.0131847 -0.0150515 -0.00205073 0.0118282 -0.0371021 0.0255885 -0.0305108 0.0183715 -0.0190704 0.0156835
internal_weight=343014 135252 207762 165701 145162 47243 20539 130488 88009 42061 26877 17980 35070 61035
internal_count=343014 135252 207762 165701 145162 47243 20539 130488 88009 42061 26877 17980 35070 61035
is_linear=0
shrinkage=0.04


Tree=14
num_leaves=15
num_cat=0
split_feature=2 2 1 2 3 3 2 3 9 1 3 1 1 3
split_gain=94715 7835.8 4672.6 2695.86 2039.16 1839.29 1479.53 1069.47 886.296 825.214 790.53 1024.3 649.697 630.605
threshold=86.136829500000019 56.927828000000005 17.477574310335054 208.67728400000001 45.988734500000007 92.601887500000018 100.35424450000001 1.0000000180025095e-35 0.0056480147223136332 12.661890107443556 21.479873500000004 4.5639124453350854 6.4179230580685545 19.362631500000003
decision_type=2 2 2 2 2 2 2 2 2 2 2 2 2 2
left_child=1 7 3 5 13 6 12 -1 -9 10 11 -3 -2 -4
right_child=2 9 4 -5 -6 -7 -8 8 -10 -11 -12 -13 -14 -15
leaf_value=-0.045600113972979743 -0.0043751185949992763 -0.016367019612213599 0.074812441594728343 0.034080930439129728 0.016816271987743728 -0.015810248929935027 0.014721118597219378 -0.022996689454522126 -0.045600113972979743 0.00013471733532366859 -0.0088989866404807234 -0.0035790577931353674 0.00042764869395083937 0.015182610060866724
leaf_weight=60927 3658 13533 5245 19439 24757 15545 83430 24096 2844 4424 12476 10178 9903 52334
leaf_count=60927 3658 13533 5245 19439 24757 15545 83430 24096 2844 4424 12476 10178 9903 52334
internal_value=-0.00319392 -0.0303498 0.0130858 0.00842069 0.0205635 0.00604464 0.00809188 -0.0370656 -0.0304291 -0.0158194 -0.017813 -0.0135245 -0.00416193 0.0164359
internal_weight=342789 128478 214311 131975 82336 112536 96991 87867 26940 40611 36187 23711 13561 57579
internal_count=342789 128478 214311 131975 82336 112536 96991 87867 26940 40611 36187 23711 13561 57579
is_linear=0
shrinkage=0.04


Tree=15
num_leaves=15
num_cat=0
split_feature=2 2 1 2 3 10 2 3 10 0 3 3 3 10
split_gain=91648.5 7893.19 4615.32 2571.55 2030.07 1548.37 1375.54 1090.95 953.385 767.909 761.505 743.79 665.856 638.994
threshold=85.614677500000013 56.337551000000012 17.477574310335054 189.76892050000001 52.624740500000009 63.415359500000008 100.35424450000001 1.0000000180025095e-35 -1.0000000180025095e-35 8.8760850986815303 5.0522920000000004 17.375586500000004 14.543502500000001 -6.2395237612420322
decision_type=2 2 2 2 2 2 2 2 2 2 2 2 2 2
left_child=1 7 3 5 -4 6 13 -1 -9 10 -3 12 -5 -2
right_child=2 9 4 11 -6 -7 -8 8 -10 -11 -12 -13 -14 -15
leaf_value=-0.04377610941406055 0.00026898242707327217 -0.0020913035562010718 0.016823873413192074 0.029436989200110682 0.016151081459338676 -0.012474729257719613 0.012946602276683039 -0.022055290294462578 -0.04377610941406055 -0.0029995653295324543 -0.011647609923433862 0.016774133421062442 0.06672539391163046 -0.0041344736409822946
leaf_weight=61156 10784 3886 63586 4902 18824 15666 71874 22869 2892 8881 27929 19576 6411 3880
leaf_count=61156 10784 3886 63586 4902 18824 15666 71874 22869 2892 8881 27929 19576 6411 3880
internal_value=-0.00341972 -0.0302844 0.0124886 0.00788231 0.0199277 0.00482564 0.00692043 -0.0370915 -0.0301867 -0.015746 -0.0186491 0.0179961 0.0261611 -0.00424441
internal_weight=343116 127613 215503 133093 82410 102204 86538 86917 25761 40696 31815 30889 11313 14664
internal_count=343116 127613 215503 133093 82410 102204 86538 86917 25761 40696 31815 30889 11313 14664
is_linear=0
shrinkage=0.04


Tree=16
num_leaves=15
num_cat=0
split_feature=2 2 1 10 2 2 1 10 10 3 3 3 10 2
split_gain=89370.6 8324.09 4360.39 2103.65 2169.99 1013.5 999.108 972.746 1312.89 896.278 887.961 841.869 1043.19 808.461
threshold=86.136829500000019 54.349966000000009 26.125607156583239 63.415359500000008 114.75273500000002 67.429142000000013 13.517645196902578 17.250566500000001 14.886566000000002 30.156969000000004 49.836888000000009 1.0000000180025095e-35 -1.0000000180025095e-35 201.36885050000004
decision_type=2 2 2 2 2 2 2 2 2 2 2 2 2 2
left_child=1 11 3 4 6 -3 -2 8 9 -6 -4 -1 -13 -5
right_child=2 5 10 13 7 -7 -8 -9 -10 -11 -12 12 -14 -15
leaf_value=-0.04202506503749813 -0.0011812953563020835 -0.018773843042301772 0.020456248873693263 -0.010466203826920343 0.018552705510836986 -0.0041985552827373505 0.0054764893111871431 0.027250121288372748 0.063768473415785357 0.017868652771179189 0.01604351609860917 -0.021348664429449209 -0.04202506503749813 0.0055144692035784936
leaf_weight=60975 18508 18774 23365 17313 48348 27485 21808 42245 8681 9742 17687 18511 2879 6585
leaf_count=60975 18508 18774 23365 17313 48348 27485 21808 42245 8681 9742 17687 18511 2879 6585
internal_value=-0.00362152 -0.0299789 0.0121996 0.00942192 0.0111853 -0.0164007 0.00325628 0.0141176 0.017123 0.0149547 0.0239209 -0.0376048 -0.030777 -0.00159679
internal_weight=342906 128624 214282 173230 149332 46259 40316 109016 66771 58090 41052 82365 21390 23898
internal_count=342906 128624 214282 173230 149332 46259 40316 109016 66771 58090 41052 82365 21390 23898
is_linear=0
shrinkage=0.04


Tree=17
num_leaves=15
num_cat=0
split_feature=2 2 1 10 2 2 3 2 1 2 3 3 10 0
split_gain=87450.5 8334.08 4171.03 1962.72 2301.21 1279.17 1027.5 970.011 953.739 943.513 846.698 837.611 1010.34 770.781
threshold=85.614677500000013 54.349966000000009 25.57748488386002 78.999242000000024 102.99919500000001 189.76892050000001 49.836888000000009 67.429142000000013 9.5683776383964823 139.57262400000002 23.762452500000002 1.0000000180025095e-35 -1.0000000180025095e-35 8.2206111399843582
decision_type=2 2 2 2 2 2 2 2 2 2 2 2 2 2
left_child=1 11 3 4 13 8 10 -3 -6 -10 -4 -1 -13 -2
right_child=2 7 6 -5 5 -7 -8 -9 9 -11 -12 12 -14 -15
leaf_value=-0.04034406243599821 -0.0022004764219088848 -0.017974507380445984 0.10872841985143245 -0.0022282170047437468 0.012993259671090765 0.043755135185631226 0.015502509688521005 -0.0041831646630845635 0.0083124682735679269 0.033761196822199926 0.014532337028720255 -0.020488423601782962 -0.04034406243599821 0.00283262353721284
leaf_weight=60984 8874 18836 3029 22855 44699 23823 18322 26446 47364 14011 22259 18457 2868 10416
leaf_count=60984 8874 18836 3029 22855 44699 23823 18322 26446 47364 14011 22259 18457 2868 10416
internal_value=-0.00378263 -0.0300313 0.0117474 0.00894665 0.0106189 0.0125333 0.0227966 -0.0162484 0.0106522 0.013889 0.0175704 -0.0376139 -0.0307902 -0.00227268
internal_weight=343243 127591 215652 172042 149187 129897 43610 45282 106074 61375 25288 82309 21325 19290
internal_count=343243 127591 215652 172042 149187 129897 43610 45282 106074 61375 25288 82309 21325 19290
is_linear=0
shrinkage=0.04


Tree=18
num_leaves=15
num_cat=0
split_feature=3 9 0 0 1 3 3 10 10 1 3 10 1 3
split_gain=60249 17490.8 7129.4 6665.49 4763 2130.1 1511.86 1540.53 1666.64 1432.98 1060.68 964.279 953.189 1020.83
threshold=5.7414975000000004 0.00027899127737224255 1.2332126536456063 8.421192085424396 15.613506050964608 52.624740500000009 40.365965500000009 14.0765665 17.250566500000001 9.947732218363905 22.845089500000004 -3.2044660267088072 13.393682645989527 14.445695000000002
decision_type=2 2 2 2 2 2 2 2 2 2 2 2 2 2
left_child=2 3 -1 -2 6 -6 7 9 -9 10 -3 -8 13 -5
right_child=1 4 -4 12 5 -7 11 8 -10 -11 -12 -13 -14 -15
leaf_value=-0.038730299938558276 -0.017736864278776469 -0.00035962187265514256 -0.0024636631534253883 0.01718496475471086 0.013305237607140729 0.014499528136429383 -0.0032821293212242477 0.050371927036206243 0.026170291944771933 0.0071635960877787543 -0.0031088669197036701 0.001481493521121311 0.012238828090977457 -0.011300592456723215
leaf_weight=71488 30137 16243 10533 2706 69348 18875 5815 12035 36088 18984 4309 30529 9827 6203
leaf_count=71488 30137 16243 10533 2706 69348 18875 5815 12035 36088 18984 4309 30529 9827 6203
internal_value=-0.00398088 0.00541358 -0.0338864 -0.0161603 0.0103818 0.0174861 0.00532729 0.00817121 0.0129776 0.00232092 -0.00499805 -0.00153203 0.00257472 -0.00690089
internal_weight=343120 261099 82021 48873 212226 88223 124003 87659 48123 39536 20552 36344 18736 8909
internal_count=343120 261099 82021 48873 212226 88223 124003 87659 48123 39536 20552 36344 18736 8909
is_linear=0
shrinkage=0.04


Tree=19
num_leaves=15
num_cat=0
split_feature=2 2 1 3 10 2 3 0 1 2 2 10 2 3
split_gain=83899.4 8805.08 3358.91 2790.53 2278.91 1271.72 1245.76 1080.31 919.648 810.844 720.882 664.153 803.711 688.087
threshold=68.558834000000019 93.80570950000002 29.436158407730264 1.0000000180025095e-35 63.415359500000008 189.76892050000001 32.994084500000007 9.0496149312088523 9.5683776383964823 132.25669850000003 201.36885050000004 -1.0000000180025095e-35 54.349966000000009 11.455642000000003
decision_type=2 2 2 2 2 2 2 2 2 2 2 2 2 2
left_child=3 7 4 -1 5 6 8 -2 -3 -10 -6 12 -5 -14
right_child=1 2 -4 11 10 -7 -8 -9 9 -11 -12 -13 13 -15
leaf_value=-0.03718108794101594 -0.0035987786384843699 0.005127061572940325 0.017368755747391884 -0.018489900566541383 -0.010012255365071575 0.040978625634148926 0.011935529845852754 -5.2675687656858484e-05 0.0067717382112238989 0.025051726111735454 0.0049783318783159893 -0.038605945261770129 -0.016435361887584477 -0.016106797803058157
leaf_weight=60966 23415 34988 28798 18526 17343 23700 31684 12750 40671 20990 6565 2928 6768 13061
leaf_count=60966 23415 34988 28798 18526 17343 23700 31684 12750 40671 20990 6565 2928 6768 13061
internal_value=-0.00420326 0.0086823 0.0118963 -0.0345623 0.00982352 0.0116288 0.0100566 -0.00951307 0.00780018 0.0107394 -0.00165635 -0.026532 -0.0279338 -0.022337
internal_weight=343153 240904 204739 102249 175941 152033 128333 36165 96649 61661 23908 41283 38355 19829
internal_count=343153 240904 204739 102249 175941 152033 128333 36165 96649 61661 23908 41283 38355 19829
is_linear=0
shrinkage=0.04


Tree=20
num_leaves=15
num_cat=0
split_feature=2 2 1 3 3 2 0 2 0 9 2 3 1 1
split_gain=82646.8 8331.59 3197.62 2911.52 2063.34 1094.68 1163.63 1493.75 991.194 640.418 839.714 717.052 697.565 567.507
threshold=68.558834000000019 93.80570950000002 29.436158407730264 1.0000000180025095e-35 126.08888450000002 208.67728400000001 5.9628938341105799 121.40053950000002 8.7196800850913299 0.21376998404676381 54.349966000000009 11.455642000000003 2.421852862174585 14.128794857286669
decision_type=2 2 2 2 2 2 2 2 2 2 2 2 2 2
left_child=3 8 4 -1 5 6 -3 13 -2 10 -5 12 -12 -8
right_child=1 2 -4 9 -6 -7 7 -9 -10 -11 11 -13 -14 -15
leaf_value=-0.035693844423375302 -0.0034582503172911594 0.0099066875441794471 0.016694807566655864 -0.017745782708186036 -0.015761854643928791 0.029427555040866454 2.6805252816083682e-05 0.026029807019497059 -0.00041177479806566944 -0.037061707451299324 -0.021472915707071712 -0.015466150712958718 0.0085777848643589557 0.0071230679327528405
leaf_weight=61096 22376 92262 28692 18454 10963 18914 8316 19170 13791 2916 4661 13063 2164 26071
leaf_count=61096 22376 92262 28692 18454 10963 18914 8316 19170 13791 2916 4661 13063 2164 26071
internal_value=-0.00435113 0.00845827 0.0115897 -0.0344561 0.00956789 0.0106861 0.00951179 0.0142017 -0.00923826 -0.0262465 -0.0276209 -0.0219187 -0.011411 0.00921395
internal_weight=342909 240555 204388 102354 175696 164733 145819 53557 36167 41258 38342 19888 6825 34387
internal_count=342909 240555 204388 102354 175696 164733 145819 53557 36167 41258 38342 19888 6825 34387
is_linear=0
shrinkage=0.04


Tree=21
num_leaves=15
num_cat=0
split_feature=2 2 1 3 10 2 3 0 1 3 3 3 10 2
split_gain=81088.1 7822.38 3035.92 2915.39 2145.95 1260.35 1059.33 1007.04 807.846 816.316 780.872 784.013 667.423 846.201
threshold=68.558834000000019 93.80570950000002 29.436158407730264 1.0000000180025095e-35 63.415359500000008 189.76892050000001 32.994084500000007 8.6469453171421531 9.5683776383964823 14.241769500000002 17.032884500000005 23.946061000000004 -1.0000000180025095e-35 54.349966000000009
decision_type=2 2 2 2 2 2 2 2 2 2 2 2 2 2
left_child=3 7 4 -1 5 6 8 -2 -3 -10 -11 -12 13 -5
right_child=1 2 -4 12 -6 -7 -8 -9 9 10 11 -13 -14 -15
leaf_value=-0.034266090646440296 -0.0033433044052282959 0.0046954149726277875 0.016124247100785784 -0.017036142844438839 -0.0020532975839985057 0.038539319228782752 0.010940760233939908 -0.00031349928598073395 0.043796077196163477 -0.001571920576348126 0.019542868353911124 0.0038328168614734626 -0.035579239153247351 -0.014911960591537552
leaf_weight=60946 22225 34937 28784 18468 23832 23561 31643 14001 6259 10070 24209 21233 2936 19819
leaf_count=60946 22225 34937 28784 18468 23832 23561 31643 14001 6259 10070 24209 21233 2936 19819
internal_value=-0.00458447 0.00808659 0.011121 -0.0344429 0.00914876 0.0108995 0.00933845 -0.00904544 0.00725979 0.0100092 0.0084652 0.0106985 -0.0262271 -0.0276365
internal_weight=342923 240754 204528 102169 175744 151912 128351 36226 96708 61771 55512 45442 41223 38287
internal_count=342923 240754 204528 102169 175744 151912 128351 36226 96708 61771 55512 45442 41223 38287
is_linear=0
shrinkage=0.04


Tree=22
num_leaves=15
num_cat=0
split_feature=2 2 3 10 3 0 2 1 0 2 10 2 3 1
split_gain=79831.8 7450.92 3029.91 2854.6 2304.99 1163.66 1006.46 925.483 791.642 965.241 674.226 870.802 720.777 670.393
threshold=68.558834000000019 100.35424450000001 1.0000000180025095e-35 63.415359500000008 54.134553000000004 9.0496149312088523 208.67728400000001 29.436158407730264 6.1303084763651627 122.11296450000002 -1.0000000180025095e-35 54.349966000000009 11.455642000000003 2.421852862174585
decision_type=2 2 2 2 2 2 2 2 2 2 2 2 2 2
left_child=2 5 -1 4 6 -2 7 8 -3 -10 11 -4 13 -13
right_child=1 3 10 -5 -6 -7 -8 -9 9 -11 -12 12 -14 -15
leaf_value=-0.03289544702058269 -0.0030803534885425034 0.010493968028538747 -0.016350358622238596 -0.0019714966973801862 0.012979720675311482 0.00056914648973027334 0.041483654014257902 0.020510417348509679 0.0057636680805665088 0.028239508428180723 -0.034156069587117449 -0.019946980640485942 -0.01425116823956347 0.008346563406181522
leaf_weight=61102 26444 81711 18471 23778 19669 16242 14067 15705 27172 15804 2962 4624 13108 2161
leaf_count=61102 26444 81711 18471 23778 19669 16242 14067 15705 27172 15804 2962 4624 13108 2161
internal_value=-0.00476754 0.00782337 -0.0343422 0.0110925 0.0128678 -0.00733355 0.0112255 0.0102034 0.00905082 0.0134456 -0.0259769 -0.0273965 -0.0215895 -0.0110066
internal_weight=343020 240592 102428 197906 174128 42686 154459 140392 124687 42976 41326 38364 19893 6785
internal_count=343020 240592 102428 197906 174128 42686 154459 140392 124687 42976 41326 38364 19893 6785
is_linear=0
shrinkage=0.04


Tree=23
num_leaves=15
num_cat=0
split_feature=2 2 3 10 3 0 2 0 2 10 2 3 1 2
split_gain=78667.5 7008.78 3048.19 2811.07 2286.82 1262.68 962.165 840.633 956.78 645.011 909.655 728.679 637.464 615.723
threshold=68.558834000000019 102.15045550000001 1.0000000180025095e-35 63.415359500000008 54.134553000000004 9.4042246032704693 208.67728400000001 6.1303084763651627 120.32559200000001 -1.0000000180025095e-35 54.349966000000009 11.455642000000003 2.421852862174585 217.35298900000004
decision_type=2 2 2 2 2 2 2 2 2 2 2 2 2 2
left_child=2 5 -1 4 6 -2 7 -3 -9 10 -4 12 -12 -5
right_child=1 3 9 13 -6 -7 -8 8 -10 -11 11 -13 -14 -15
leaf_value=-0.031579629139759383 -0.0029348324753834306 0.011820099166340525 -0.015724062111638439 -0.0065727533372975065 0.012759630339967723 0.0011098418468663608 0.040040875428589945 0.0060054444342888614 0.024411816671352327 -0.032789826803632752 -0.019194040794493529 -0.013683950639494655 0.0088047272808124809 0.0064414753378734188
leaf_weight=60983 28372 89070 18414 19824 19373 16633 14106 27991 21522 2961 4609 13059 2148 3990
leaf_count=60983 28372 89070 18414 19824 19373 16633 14106 27991 21522 2961 4609 13059 2148 3990
internal_value=-0.00491105 0.00756407 -0.0343218 0.0108346 0.0126173 -0.00667037 0.0109747 0.00996168 0.0141401 -0.0259154 -0.0273084 -0.0213605 -0.0106971 -0.00204586
internal_weight=343055 240881 102174 195876 172062 45005 152689 138583 49513 41191 38230 19816 6757 23814
internal_count=343055 240881 102174 195876 172062 45005 152689 138583 49513 41191 38230 19816 6757 23814
is_linear=0
shrinkage=0.04


Tree=24
num_leaves=15
num_cat=0
split_feature=2 2 3 10 10 2 1 0 2 10 2 3 2 10
split_gain=77449.7 6729.79 2900.17 2660.46 1828.37 1282.51 886.542 869.312 1349.32 666.485 835.12 673.018 577.967 573.375
threshold=67.429142000000013 93.80570950000002 1.0000000180025095e-35 -29.837716275911578 96.527842500000006 189.76892050000001 7.9541950693314272 6.1303084763651627 121.40053950000002 -1.0000000180025095e-35 54.349966000000009 11.455642000000003 116.42986300000003 -2.4011271931334925
decision_type=2 2 2 2 2 2 2 2 2 2 2 2 2 2
left_child=2 6 -1 -3 5 7 -2 12 -9 10 -4 13 -5 -12
right_child=1 3 9 4 -6 -7 -8 8 -10 -11 11 -13 -14 -15
leaf_value=-0.030316443974169004 -0.0033544441214786659 0.014354692654941893 -0.015088744097571017 -0.0017697662631285583 -0.0042119260274824455 0.031672124640350935 -0.00095450995900878935 0.0044577725165126569 0.022799782537233648 -0.031478233731487434 0.0078385656479695639 -0.013583891681550379 0.01069088940241214 -0.018339774634920404
leaf_weight=61014 17916 27544 18393 11315 19540 25315 19326 34483 18656 2915 1947 12193 67785 4558
leaf_count=61014 17916 27544 18393 11315 19540 25315 19326 34483 18656 2915 1947 12193 67785 4558
internal_value=-0.00509606 0.00718935 -0.034512 0.0100357 0.00823698 0.0096683 -0.00845067 0.00808929 0.0120461 -0.0261421 -0.0275894 -0.0216365 0.0054311 -0.0112467
internal_weight=342900 241880 101020 204638 177094 157554 37242 132239 53139 40006 37091 18698 79100 6505
internal_count=342900 241880 101020 204638 177094 157554 37242 132239 53139 40006 37091 18698 79100 6505
is_linear=0
shrinkage=0.04


Tree=25
num_leaves=15
num_cat=0
split_feature=2 2 3 10 3 0 2 0 2 10 2 3 2 2
split_gain=76456 6461.12 2962.24 2475.75 2017.28 1112.09 974.717 754.06 890.242 640.512 878.787 646.814 608.93 561.603
threshold=67.429142000000013 102.15045550000001 1.0000000180025095e-35 63.415359500000008 54.134553000000004 8.7196800850913299 208.67728400000001 6.1303084763651627 120.32559200000001 -1.0000000180025095e-35 54.349966000000009 11.455642000000003 217.35298900000004 116.42986300000003
decision_type=2 2 2 2 2 2 2 2 2 2 2 2 2 2
left_child=2 5 -1 4 6 -2 7 13 -9 10 -4 -12 -5 -3
right_child=1 3 9 12 -6 -7 -8 8 -10 -11 11 -13 -14 -15
leaf_value=-0.029103786215202244 -0.002857708768753527 -0.0013723080372638453 -0.014468540795917932 -0.0064796562316150295 0.011693341741002637 0.00037719192333490525 0.037021345073882182 0.0055022899422823854 0.022691492730986158 -0.030219104382227944 -0.013579111765116045 -0.013074277667514282 0.006259220508661483 0.014127062618596435
leaf_weight=60985 26966 10235 18546 19903 19481 19043 14052 28001 21522 2939 6572 12232 3963 78862
leaf_count=60985 26966 10235 18546 19903 19481 19043 14052 28001 21522 2939 6572 12232 3963 78862
internal_value=-0.00525788 0.00695291 -0.0344396 0.0101192 0.011793 -0.00653698 0.0102463 0.00922868 0.0131858 -0.026023 -0.0274378 -0.0213444 -0.00195424 0.00702919
internal_weight=343302 242028 101274 196019 172153 46009 152672 138620 49523 40289 37350 18804 23866 89097
internal_count=343302 242028 101274 196019 172153 46009 152672 138620 49523 40289 37350 18804 23866 89097
is_linear=0
shrinkage=0.04


Tree=26
num_leaves=15
num_cat=0
split_feature=2 2 3 10 10 2 0 0 2 10 2 3 2 10
split_gain=75244.4 6068.34 2995.92 2246.8 1661.37 1127.31 1009.68 916.121 965.529 610.855 911.732 652.427 560.309 538.317
threshold=67.429142000000013 101.26715050000001 1.0000000180025095e-35 78.999242000000024 -29.837716275911578 189.76892050000001 8.7196800850913299 6.1303084763651627 124.28546150000001 -1.0000000180025095e-35 54.349966000000009 11.455642000000003 201.36885050000004 -2.4011271931334925
decision_type=2 2 2 2 2 2 2 2 2 2 2 2 2 2
left_child=2 6 -1 4 -3 7 -2 -6 -9 10 -4 13 -5 -12
right_child=1 3 9 12 5 -7 -8 8 -10 -11 11 -13 -14 -15
leaf_value=-0.027939634766594158 -0.0027322281544915807 0.013484253391487365 -0.013887826022998118 -0.012167529232055918 0.0074780266218277651 0.031654331212720779 0.00031174585117893727 0.0050036854512619557 0.024893004812032174 -0.029010340206938823 0.0076618941499265424 -0.012549077453470271 0.0041301051443239679 -0.017169172704275371
leaf_weight=60938 26715 27162 18407 16283 75777 23829 18200 32006 15582 2930 1937 12160 6436 4554
leaf_count=60938 26715 27162 18407 16283 75777 23829 18200 32006 15582 2930 1937 12160 6436 4554
internal_value=-0.00540377 0.00669681 -0.0344173 0.00972077 0.0112625 0.00958517 -0.00657152 0.00804669 0.0123964 -0.0259098 -0.0272999 -0.021067 -0.00211101 -0.0108273
internal_weight=342916 241990 100926 197075 174356 147194 44915 123365 47588 39988 37058 18651 22719 6491
internal_count=342916 241990 100926 197075 174356 147194 44915 123365 47588 39988 37058 18651 22719 6491
is_linear=0
shrinkage=0.04


Tree=27
num_leaves=15
num_cat=0
split_feature=2 2 7 1 10 2 0 2 8 1 2 10 2 2
split_gain=74387.7 5797.22 3092.86 2048.25 1509.56 1205.72 851.167 852.353 835.716 779.325 643.074 612.531 926.557 528.479
threshold=67.429142000000013 93.80570950000002 1.0000000180025095e-35 29.963288890676072 91.842445500000011 188.35116600000001 13.936864392106736 114.75273500000002 0.20362935398606385 6.9263393503587691 142.02230800000004 -1.0000000180025095e-35 54.349966000000009 221.00375400000004
decision_type=2 2 2 2 2 2 2 2 2 2 2 2 2 2
left_child=2 9 -1 4 5 6 7 -3 -9 -2 -10 12 -4 -6
right_child=1 3 11 -5 13 -7 -8 8 10 -11 -12 -13 -14 -15
leaf_value=-0.026822049375930392 -0.0034901947117050168 -8.3758499860493444e-05 -0.013332463185783029 0.012676191453616856 -0.0090047596616094523 0.029258467162960607 0.014606599199327955 0.0085797304013743303 0.0074273843628608121 -0.00096627838251060142 0.028199571113689519 -0.02784992659866127 -0.012101900686494027 0.0060143028720250746
leaf_weight=61154 15414 26717 18504 27167 17747 25511 17075 56013 22393 21944 8969 2925 18679 2868
leaf_count=61154 15414 26717 18504 27167 17747 25511 17075 56013 22393 21944 8969 2925 18679 2868
internal_value=-0.00555579 0.00649712 -0.0343386 0.00914448 0.00757729 0.00891612 0.00736862 0.00612208 0.00803388 -0.00799186 0.0132619 -0.0257066 -0.027093 -0.00259811
internal_weight=343080 241818 101262 204460 177293 156678 131167 114092 87375 37358 31362 40108 37183 20615
internal_count=343080 241818 101262 204460 177293 156678 131167 114092 87375 37358 31362 40108 37183 20615
is_linear=0
shrinkage=0.04


Tree=28
num_leaves=15
num_cat=0
split_feature=2 2 3 1 10 2 3 0 2 1 3 2 3 3
split_gain=73148.8 5403.44 3203.27 1946.5 1343.62 1181.62 729.514 701.077 638.48 625.544 913.457 711.386 631.673 656.186
threshold=67.429142000000013 91.561954500000013 1.0000000180025095e-35 29.963288890676072 63.415359500000008 189.76892050000001 32.420398000000013 6.4366924878316434 112.40120350000002 9.5683776383964823 14.445695000000002 131.62009450000002 17.246677500000001 19.362631500000003
decision_type=2 2 2 2 2 2 2 2 2 2 2 2 2 2
left_child=2 7 -1 4 5 6 9 -2 -8 -3 -11 12 -12 -14
right_child=1 3 -4 -5 -6 -7 8 -9 -10 10 11 -13 13 -15
leaf_value=-0.02574916740089318 -0.0032771361759812612 0.0018590162028849853 -0.012691837480902794 0.012235693573456802 -0.001640585282536713 0.029843736396904279 0.0010395958209226429 -0.0010883916129251325 0.013445987499409645 0.0368324344132284 -0.0066540994513931175 0.0162259392312901 0.039864504106124084 0.002377561009014735
leaf_weight=61068 15791 34766 40078 27219 23891 23722 9160 19367 25091 7097 7562 19895 2872 25449
leaf_count=61068 15791 34766 40078 27219 23891 23722 9160 19367 25091 7097 7562 19895 2872 25449
internal_value=-0.00566881 0.00627579 -0.0342333 0.00874132 0.00722988 0.00858586 0.00710763 -0.00822117 0.0121304 0.00534571 0.00772644 0.00600667 0.00264303 0.0053854
internal_weight=343028 241882 101146 206724 179505 155614 131892 35158 34251 97641 62875 55778 35883 28321
internal_count=343028 241882 101146 206724 179505 155614 131892 35158 34251 97641 62875 55778 35883 28321
is_linear=0
shrinkage=0.04


Tree=29
num_leaves=15
num_cat=0
split_feature=2 2 3 10 3 2 1 2 10 3 0 2 10 2
split_gain=71932.5 4919.23 3335.19 1920.76 1414.96 910.349 864.033 644.982 931.652 642.383 614.695 808.668 602.469 579.423
threshold=67.429142000000013 102.15045550000001 1.0000000180025095e-35 63.415359500000008 54.134553000000004 208.67728400000001 8.7048268786272267 54.349966000000009 -1.0000000180025095e-35 11.455642000000003 6.1303084763651627 136.79139750000004 14.608397500000001 211.79447950000002
decision_type=2 2 2 2 2 2 2 2 2 2 2 2 2 2
left_child=2 6 -1 4 5 10 -2 8 -4 -9 -3 -12 -7 -5
right_child=1 3 7 13 -6 12 -8 9 -10 -11 11 -13 -14 -15
leaf_value=-0.02471920070485745 -0.0027056868329328972 0.0091839633496041267 -0.012299316766598671 -0.0070007820833366523 0.0097206210513132076 0.012844690776883253 -0.00021274824451453011 -0.011418718952330686 -0.026228256035478702 -0.010935391837349057 0.0064179056788095665 0.031469875392982662 0.043990489995462373 0.0052165953681349289
leaf_weight=60920 22055 89141 18526 18806 19344 4993 23889 6594 2883 12220 40212 9269 9079 5014
leaf_count=60920 22055 89141 18526 18806 19344 4993 23889 6594 2883 12220 40212 9269 9079 5014
internal_value=-0.0057727 0.00607538 -0.0340979 0.00883865 0.0103126 0.00902144 -0.00570434 -0.0251587 -0.029907 -0.0197555 0.0080374 0.0116125 0.0187152 -0.00180688
internal_weight=342945 241802 101143 195858 172038 152694 45944 40223 21409 18814 138622 49481 14072 23820
internal_count=342945 241802 101143 195858 172038 152694 45944 40223 21409 18814 138622 49481 14072 23820
is_linear=0
shrinkage=0.04


Tree=30
num_leaves=15
num_cat=0
split_feature=2 2 3 1 10 2 0 2 8 2 0 2 10 3
split_gain=70771.8 4697.39 3406.62 1757.6 1239.79 1186.93 759.845 807.372 721.274 703.685 671.216 662.719 898.305 631.566
threshold=67.429142000000013 91.561954500000013 1.0000000180025095e-35 29.69422373301984 96.527842500000006 186.83972200000002 13.936864392106736 114.75273500000002 0.20104444424518167 145.73042250000003 6.4366924878316434 54.349966000000009 -1.0000000180025095e-35 11.455642000000003
decision_type=2 2 2 2 2 2 2 2 2 2 2 2 2 2
left_child=2 10 -1 4 5 6 7 -3 -9 -10 -2 12 -4 -13
right_child=1 3 11 -5 -6 -7 -8 8 9 -11 -12 13 -14 -15
leaf_value=-0.023730432676663148 -0.0030350878879659548 -0.00044364102900190053 -0.011798716437274002 0.011316432097885685 -0.003708589784886349 0.024999988406387154 0.012782481266448065 0.0070370145576296459 0.006596922297518442 0.026379871509225508 -0.0009974164506326821 -0.010808405114923921 -0.025179125794059551 -0.010620178262485069
leaf_weight=61067 15775 28190 18479 28020 19553 27085 17537 55030 23451 7866 19359 6557 2877 12204
leaf_count=61067 15775 28190 18479 28020 19553 27085 17537 55030 23451 7866 19359 6557 2877 12204
internal_value=-0.00596181 0.00578932 -0.0340512 0.00808738 0.00662698 0.00779472 0.00623045 0.00504326 0.00696214 0.0118083 -0.00773268 -0.0249959 -0.0298146 -0.0195107
internal_weight=343050 241866 101184 206732 178712 159159 132074 114537 86347 31317 35134 40117 21356 18761
internal_count=343050 241866 101184 206732 178712 159159 132074 114537 86347 31317 35134 40117 21356 18761
is_linear=0
shrinkage=0.04


Tree=31
num_leaves=15
num_cat=0
split_feature=2 2 3 10 3 2 1 2 10 3 1 3 10 3
split_gain=70271.5 4594.38 3260.53 1746.6 1208.86 813.142 722.353 634.916 893.31 571.662 562.926 747.233 553.191 539.826
threshold=66.326775000000012 102.15045550000001 1.0000000180025095e-35 63.415359500000008 54.134553000000004 208.67728400000001 6.9263393503587691 54.349966000000009 -1.0000000180025095e-35 11.455642000000003 29.436158407730264 26.573038000000004 14.346233500000002 5.3598355000000009
decision_type=2 2 2 2 2 2 2 2 2 2 2 2 2 2
left_child=2 6 -1 4 5 10 13 8 -4 -9 -3 -12 -7 -2
right_child=1 3 7 -5 -6 12 -8 9 -10 -11 11 -13 -14 -15
leaf_value=-0.022781215369596621 -4.0232356433188564e-05 0.0077758801809079282 -0.0113337670395485 -0.0018087440353412487 0.0089176075234845484 0.010729158957758002 -0.00064857621654239805 -0.010929631011242665 -0.024171960762297173 -0.010626991481083625 0.10829623430695383 0.010682288306888743 0.039058610574964563 -0.0034340868571709217
leaf_weight=61032 4424 122776 18526 23874 19388 4363 30027 6339 2887 11292 2077 13592 9655 12737
leaf_count=61032 4424 122776 18526 23874 19388 4363 30027 6339 2887 11292 2077 13592 9655 12737
internal_value=-0.00601734 0.00560382 -0.0342252 0.00830492 0.0097133 0.00851695 -0.00559973 -0.0251982 -0.0298267 -0.0195769 0.00758742 0.0147272 0.0176972 -0.0121461
internal_weight=342989 242913 100076 195725 171851 152463 47188 39044 21413 17631 138445 15669 14018 17161
internal_count=342989 242913 100076 195725 171851 152463 47188 39044 21413 17631 138445 15669 14018 17161
is_linear=0
shrinkage=0.04


Tree=32
num_leaves=15
num_cat=0
split_feature=2 2 3 1 3 2 0 0 2 9 3 1 2 3
split_gain=68888.7 4180.13 3347.39 1502.87 1109.34 1066.86 892.79 677.283 620.953 902.458 556.17 542.147 513.537 488.323
threshold=66.326775000000012 93.80570950000002 1.0000000180025095e-35 29.963288890676072 126.08888450000002 157.65995050000001 13.936864392106736 5.9014686786109101 54.349966000000009 0.0056480147223136332 11.455642000000003 6.9263393503587691 208.67728400000001 26.573038000000004
decision_type=2 2 2 2 2 2 2 2 2 2 2 2 2 2
left_child=2 11 -1 4 5 6 -3 12 9 -4 -10 -2 -7 -5
right_child=1 3 8 13 -6 7 -8 -9 10 -11 -12 -13 -14 -15
leaf_value=-0.021869966754812759 -0.0028479814505338184 0.0023709265803515322 -0.010873727042353934 0.1062368342000173 -0.013864100124414294 0.013392551569546676 0.011663014527929932 0.03440351853142197 -0.010656878296427722 -0.023205082331805287 -0.010203246726126936 -0.00090694613801745711 0.018335045630151762 0.0091471532904825303
leaf_weight=60940 15896 84852 18478 1636 10964 41447 16770 4546 6295 2897 11353 22515 18879 25629
leaf_count=60940 15896 84852 18478 1636 10964 41447 16770 4546 6295 2897 11353 22515 18879 25629
internal_value=-0.00618962 0.00530308 -0.0341426 0.00757492 0.00623156 0.00704314 0.00448486 0.0110507 -0.0249955 -0.0295804 -0.0194424 -0.00680534 0.00992872 0.0163184
internal_weight=343097 243134 99963 204723 177458 166494 101622 64872 39023 21375 17648 38411 60326 27265
internal_count=343097 243134 99963 204723 177458 166494 101622 64872 39023 21375 17648 38411 60326 27265
is_linear=0
shrinkage=0.04


Tree=33
num_leaves=15
num_cat=0
split_feature=2 2 3 1 3 2 0 2 9 1 3 9 3 2
split_gain=68158.8 3921.27 3405.3 1374.29 1049.08 899.728 778.386 651.916 832.741 608.383 587.225 575.388 569.615 480.563
threshold=66.326775000000012 102.15045550000001 1.0000000180025095e-35 29.963288890676072 126.08888450000002 174.78343200000003 17.504378250722493 54.349966000000009 0.0056480147223136332 4.5639124453350854 38.677177000000007 0.023956676736123065 11.455642000000003 116.42986300000003
decision_type=2 2 2 2 2 2 2 2 2 2 2 2 2 2
left_child=2 9 -1 4 5 6 13 8 -4 -2 -11 -12 -9 -3
right_child=1 3 7 -5 -6 -7 -8 12 -10 10 11 -13 -14 -15
leaf_value=-0.02099516808462025 -0.0055374784407324421 -0.00014290651192888193 -0.010425307310940539 0.010267094128009958 -0.01273875120258842 0.017250076502737591 0.01632884165606615 -0.01006617063893585 -0.022276879038533072 2.7834113370950321e-05 -0.0096430605883575504 -0.00078105089440784318 -0.0098636269713112904 0.007727647263394608
leaf_weight=60925 8627 26937 18441 26673 10882 44592 7945 6329 2844 27382 3489 7562 11330 78729
leaf_count=60925 8627 26937 18441 26673 10882 44592 7945 6329 2844 27382 3489 7562 11330 78729
internal_value=-0.0062785 0.00516206 -0.0340947 0.00765435 0.00632321 0.00714955 0.0052597 -0.0248562 -0.0295701 -0.00520527 -0.0030505 -0.0108334 -0.0191744 0.00435183
internal_weight=342687 242818 99869 195758 169085 158203 113611 38944 21285 47060 38433 11051 17659 105666
internal_count=342687 242818 99869 195758 169085 158203 113611 38944 21285 47060 38433 11051 17659 105666
is_linear=0
shrinkage=0.04


Tree=34
num_leaves=15
num_cat=0
split_feature=2 2 3 10 1 2 2 10 0 2 0 3 3 10
split_gain=67209.5 3647.38 3484.62 1559.42 961.29 1012.65 683.437 905.95 628.544 969.068 600.503 567.654 554.885 512.866
threshold=66.326775000000012 102.15045550000001 1.0000000180025095e-35 63.415359500000008 29.963288890676072 186.83972200000002 54.349966000000009 -1.0000000180025095e-35 6.1303084763651627 124.67428600000001 12.769720019856369 11.455642000000003 15.040453500000002 33.408871500000011
decision_type=2 2 2 2 2 2 2 2 2 2 2 2 2 2
left_child=2 10 -1 4 5 8 7 -4 13 -10 -2 -8 -12 -3
right_child=1 3 6 -5 -6 -7 11 -9 9 -11 12 -13 -14 -15
leaf_value=-0.020155361361235438 -0.0019433835376262798 0.0029675819733906406 -0.010024593312570303 -0.0022698656588062607 0.010031702854802401 0.024358006101281495 -0.009608736862054568 -0.021385803876991752 0.0032158271830391928 0.020408570244608772 0.05233517915557731 -0.0093979019696561004 0.00041668564806506605 0.027239670782927865
leaf_weight=61038 37920 63243 18466 23904 26673 25371 6305 2884 31719 15223 895 11329 8322 10010
leaf_count=61038 37920 63243 18466 23904 26673 25371 6305 2884 31719 15223 895 11329 8322 10010
internal_value=-0.00643119 0.00491713 -0.0340333 0.00731813 0.00864682 0.00736765 -0.0246912 -0.0295044 0.00583485 0.00944826 -0.00507372 -0.0188636 0.00408376 0.00351931
internal_weight=343302 243280 100022 196143 172239 145566 38984 21350 120195 46942 47137 17634 9217 73253
internal_count=343302 243280 100022 196143 172239 145566 38984 21350 120195 46942 47137 17634 9217 73253
is_linear=0
shrinkage=0.04


Tree=35
num_leaves=15
num_cat=0
split_feature=2 3 2 10 0 3 3 2 10 2 10 0 2 3
split_gain=66653.5 3505.56 3426.26 1696.65 1253.69 882.536 728.203 679.243 881.016 570.651 609.927 564.847 675.59 552.066
threshold=66.326775000000012 1.0000000180025095e-35 111.29674150000001 63.415359500000008 12.769720019856369 55.627887500000007 14.833208000000003 54.349966000000009 -1.0000000180025095e-35 208.67728400000001 14.608397500000001 6.1907696770001772 147.09811400000004 11.455642000000003
decision_type=2 2 2 2 2 2 2 2 2 2 2 2 2 2
left_child=1 -1 4 5 -2 9 -6 8 -3 11 -11 -4 -13 -9
right_child=2 7 3 -5 6 -7 -8 13 -10 10 -12 12 -14 -15
leaf_value=-0.019349146906786015 -0.001798913059794678 -0.0096245012655533299 0.0088816139588503203 -0.0022816250085761747 0.054194291515005821 0.0087175681482030767 0.0021421996079637141 -0.0092243873875723862 -0.020530371721912077 0.0082479982516360101 0.036728338972446421 0.0072948255346468429 0.034497850028784097 -0.0090482527670846524
leaf_weight=61079 51010 18484 84245 23758 1487 15638 15389 6247 2868 4978 9094 31753 5520 11367
leaf_count=61079 51010 18484 84245 23758 1487 15638 15389 6247 2868 4978 9094 31753 5520 11367
internal_value=-0.00654257 -0.0340195 0.00477585 0.00773502 -0.00285184 0.00929616 0.00659872 -0.0246451 -0.0294417 0.00825843 0.015884 0.00737537 0.0114753 -0.0188305
internal_weight=342917 100045 242872 174986 67886 151228 16876 38966 21352 135590 14072 121518 37273 17614
internal_count=342917 100045 242872 174986 67886 151228 16876 38966 21352 135590 14072 121518 37273 17614
is_linear=0
shrinkage=0.04


Tree=36
num_leaves=15
num_cat=0
split_feature=2 7 2 10 0 2 10 1 2 0 2 9 2 10
split_gain=65881.4 3608.8 3105.73 1548.76 1164.06 721.775 873.41 623.102 573.154 690.493 671.727 540.296 471.063 401.016
threshold=66.326775000000012 1.0000000180025095e-35 111.57405100000001 63.415359500000008 12.769720019856369 54.349966000000009 -1.0000000180025095e-35 39.500921421152654 189.76892050000001 5.9014686786109101 134.95728300000005 0.028544279782912633 217.35298900000004 14.608397500000001
decision_type=2 2 2 2 2 2 2 2 2 2 2 2 2 2
left_child=1 -1 4 7 11 6 -3 8 9 -4 -11 -2 -5 -10
right_child=2 5 3 12 -6 -7 -8 -9 13 10 -12 -13 -14 -15
leaf_value=-0.01857518103051458 -0.0049830224077983655 -0.0092497574892838903 0.0071189608155665107 -0.0059319694394294213 0.00351992817279842 -0.0087538250814949599 -0.019709156853035596 0.010748008660342581 0.0097045105878059267 0.0054229996642928425 0.023779418635752309 -0.00039340371413484345 0.0054287238061524381 0.027421849814201513
leaf_weight=61058 23271 18450 73098 19784 17229 17684 2848 11634 6212 30986 10822 28471 3989 17475
leaf_count=61058 23271 18450 73098 19784 17229 17684 2848 11634 6212 30986 10822 28471 3989 17475
internal_value=-0.00660982 -0.0339296 0.00463874 0.00748598 -0.00254426 -0.0244215 -0.0293812 0.0089872 0.00824082 0.00707291 0.011173 -0.00554289 -0.00200059 0.0139064
internal_weight=343011 100040 242971 174000 68971 38982 21298 150227 138593 114906 41808 51742 23773 23687
internal_count=343011 100040 242971 174000 68971 38982 21298 150227 138593 114906 41808 51742 23773 23687
is_linear=0
shrinkage=0.04


Tree=37
num_leaves=15
num_cat=0
split_feature=2 2 3 1 2 10 2 8 2 3 2 10 0 3
split_gain=64878.3 3608.06 3157.93 1156.36 929.51 879.34 722.919 979.812 647.207 590.032 581.842 858.114 476.761 530.525
threshold=63.188686000000011 86.136829500000019 1.0000000180025095e-35 29.963288890676072 189.76892050000001 91.842445500000011 116.42986300000003 0.20362935398606385 138.84440600000002 26.573038000000004 54.349966000000009 -1.0000000180025095e-35 7.6469041741956056 14.445695000000002
decision_type=2 2 2 2 2 2 2 2 2 2 2 2 2 2
left_child=2 -2 -1 4 5 6 12 -8 -9 -5 11 -4 -3 -14
right_child=1 3 10 9 -6 -7 7 8 -10 -11 -12 -13 13 -15
leaf_value=-0.017832173789293995 -0.0027070530842477304 -0.0014935020723864734 -0.0088710424891513418 0.10035632933987185 0.013230165137978525 -0.016584042318474674 0.0055304610723620239 0.0067645071039099756 0.022158973171921163 0.0073243309676282739 -0.0094792947623661746 -0.01892079057891417 0.032317796644257969 0.00078572691806590763
leaf_weight=61025 31881 19001 18571 1632 31948 13219 56530 25303 11420 25653 14401 2886 3117 26440
leaf_count=61025 31881 19001 18571 1632 31948 13219 56530 25303 11420 25653 14401 2886 3117 26440
internal_value=-0.00673638 0.00417739 -0.0344643 0.00604547 0.00492293 0.00364265 0.00456241 0.00662327 0.0117104 0.013738 -0.0250432 -0.0292175 0.000604638 0.00378252
internal_weight=343027 246144 96883 214263 186978 155030 141811 93253 36723 27285 35858 21457 48558 29557
internal_count=343027 246144 96883 214263 186978 155030 141811 93253 36723 27285 35858 21457 48558 29557
is_linear=0
shrinkage=0.04


Tree=38
num_leaves=15
num_cat=0
split_feature=2 2 3 10 2 10 2 8 2 2 10 3 3 10
split_gain=64306.9 3374.93 3265.09 1117.41 910.011 895.703 734.107 761.339 705.307 618.689 856.446 615.576 477.674 425.213
threshold=63.188686000000011 84.706050500000018 1.0000000180025095e-35 -29.837716275911578 189.76892050000001 63.415359500000008 114.75273500000002 0.33219745156669123 134.95728300000005 54.349966000000009 -1.0000000180025095e-35 26.273441000000002 4.9717675000000012 33.408871500000011
decision_type=2 2 2 2 2 2 2 2 2 2 2 2 2 2
left_child=2 12 -1 11 5 6 -5 13 -9 10 -4 -3 -2 -8
right_child=1 3 9 4 -6 -7 7 8 -10 -11 -12 -13 -14 -15
leaf_value=-0.017118886837722239 0.010837014734164898 0.098074716399471157 -0.0085137975303079434 0.00012035250910159778 0.012696447822034971 -0.0092466245725740664 0.0041706108175433481 0.0059788463062765557 0.022795513078403249 -0.0091261146505248365 -0.018163958955757602 0.0070363795111511186 -0.0034730765670578307 0.025537665072147636
leaf_weight=61131 1980 1605 18523 48388 32029 15595 55209 18966 9460 14470 2891 26150 26602 10366
leaf_count=61131 1980 1605 18523 48388 32029 15595 55209 18966 9460 14470 2891 26150 26602 10366
internal_value=-0.00679312 0.00406998 -0.0343778 0.00576614 0.00467105 0.00342465 0.00442141 0.00648206 0.0119496 -0.0247999 -0.0291174 0.0132632 -0.00885312 0.00411193
internal_weight=343365 246350 97015 217768 190013 157984 142389 94001 28426 35884 21414 27755 28582 65575
internal_count=343365 246350 97015 217768 190013 157984 142389 94001 28426 35884 21414 27755 28582 65575
is_linear=0
shrinkage=0.04


Tree=39
num_leaves=15
num_cat=0
split_feature=2 3 2 10 2 0 3 2 10 10 3 0 2 10
split_gain=63475.7 3324.72 3212.21 1084.59 1174.93 764.347 701.943 646.91 841.905 499.754 433.028 469.91 418.374 600.693
threshold=63.188686000000011 1.0000000180025095e-35 84.706050500000018 63.415359500000008 116.42986300000003 20.516159828312226 55.627887500000007 54.349966000000009 -1.0000000180025095e-35 -42.643881627988328 5.3598355000000009 6.4366924878316434 208.67728400000001 14.886566000000002
decision_type=2 2 2 2 2 2 2 2 2 2 2 2 2 2
left_child=1 -1 10 4 5 9 12 8 -3 -4 -2 -12 -6 -14
right_child=2 7 3 -5 6 -7 -8 -9 -10 -11 11 -13 13 -15
leaf_value=-0.016434131364213345 0.0050179094126141912 -0.0081816045844789274 0.0074152092149986481 -0.0024382676198457273 0.00967499341488442 0.0084560510322719828 0.0098995737110835827 -0.0087332783255783183 -0.017437400597527297 -9.737564908833707e-05 -0.0050390083551768994 -0.0021757194871189303 0.0067288486994820131 0.035570097105535388
leaf_weight=60893 3066 18398 2164 23790 107964 6591 10987 14363 2903 52099 10940 14636 5571 8481
leaf_count=60893 3066 18398 2164 23790 107964 6591 10987 14363 2903 52099 10940 14636 5571 8481
internal_value=-0.00683152 -0.0343196 0.00394512 0.00560228 0.00659146 0.00198771 0.00869785 -0.0246209 -0.0290446 0.000425336 -0.00864744 -0.0103503 0.00782586 0.0143182
internal_weight=342846 96557 246289 217647 193857 60854 133003 35664 21301 54263 28642 25576 122016 14052
internal_count=342846 96557 246289 217647 193857 60854 133003 35664 21301 54263 28642 25576 122016 14052
is_linear=0
shrinkage=0.04


Tree=40
num_leaves=15
num_cat=0
split_feature=3 8 1 1 3 1 3 0 3 10 10 1 3 1
split_gain=50555.9 11439.1 4994.04 1687.9 1324.83 1070.19 794.212 793.948 563.361 1020.74 1403.75 1051.6 752.963 1526.62
threshold=1.0000000180025095e-35 0.99972340765701306 2.3132242953812425 12.782712316377548 9.7908195000000013 39.500921421152654 14.833208000000003 10.931200379257193 63.75714150000001 14.608397500000001 17.250566500000001 4.9662760657894385 24.842154000000004 24.878537443487282
decision_type=2 2 2 2 2 2 2 2 2 2 2 2 2 2
left_child=-1 5 -3 4 -4 7 -5 8 9 11 -11 -2 13 -13
right_child=1 2 3 6 -6 -7 -8 -9 -10 10 -12 12 -14 -15
leaf_value=-0.015776766109644812 -0.0066479471592174469 -0.0079893711475597321 0.0025884864950819564 0.05737487084972815 -0.0064031073999835696 0.0093050104154552751 0.0022350668059545322 0.0064115900097560475 -0.0011068164893999776 0.035798849970614485 0.011943949851030934 0.0036049027207807581 -0.00029992758365951836 0.068252820468278325
leaf_weight=61011 15395 25293 7788 1589 21932 12136 9485 29192 30408 9884 42557 35800 35546 4917
leaf_count=61011 15395 25293 7788 1589 21932 12136 9485 29192 30408 9884 42557 35800 35546 4917
internal_value=-0.00698574 0.000158909 -0.0144022 -0.00574398 -0.0107106 0.00461742 0.00758534 0.00392992 0.00290854 0.00395256 0.00840335 0.0014061 0.0033311 0.00704472
internal_weight=342933 281922 66087 40794 29720 215835 11074 203699 174507 144099 52441 91658 76263 40717
internal_count=342933 281922 66087 40794 29720 215835 11074 203699 174507 144099 52441 91658 76263 40717
is_linear=0
shrinkage=0.04


Tree=41
num_leaves=15
num_cat=0
split_feature=2 3 2 1 2 0 3 3 2 9 9 3 2 3
split_gain=62144.7 3284.66 2992.44 961.921 779.909 732.304 735.705 611.816 611.538 838.692 571.895 544.515 512.709 510.496
threshold=62.218259500000009 1.0000000180025095e-35 84.706050500000018 29.963288890676072 188.35116600000001 12.666224455891294 14.639928500000002 26.423867500000004 54.349966000000009 0.0056480147223136332 0.00022682490821868131 15.231485000000001 121.05313500000001 126.08888450000002
decision_type=2 2 2 2 2 2 2 2 2 2 2 2 2 2
left_child=1 -1 -2 4 5 10 -7 -5 9 -3 11 -4 -8 -12
right_child=2 8 3 7 -6 6 12 -9 -10 -11 13 -13 -14 -15
leaf_value=-0.015145695465259018 -0.0029247478676193571 -0.0075182591272492183 -0.00075927800341983652 0.091844040996422752 0.011446281216718469 0.062847161874565197 0.0024337610728059587 0.0062324661482675708 -0.0082024640829314408 -0.016473986687257511 0.0022816483401543386 -0.017014382624548029 0.01912186209029354 -0.023545031985188966
leaf_weight=61061 29642 18496 5175 1550 33015 1713 17397 25766 13236 2870 116291 2228 5748 8894
leaf_count=61061 29642 18496 5175 1550 33015 1713 17397 25766 13236 2870 116291 2228 5748 8894
internal_value=-0.00704205 -0.0344204 0.00354362 0.00516657 0.0041598 0.00298769 0.00928796 0.0121863 -0.0245743 -0.0287597 0.0018065 -0.00899635 0.00741586 0.00244534
internal_weight=343082 95663 247419 217777 190461 157446 24858 27316 34602 21366 132588 7403 23145 125185
internal_count=343082 95663 247419 217777 190461 157446 24858 27316 34602 21366 132588 7403 23145 125185
is_linear=0
shrinkage=0.04


Tree=42
num_leaves=15
num_cat=0
split_feature=2 2 3 10 2 10 2 0 3 9 0 2 10 1
split_gain=61215.6 3557.74 2802.38 933.796 1097.51 597.768 765.459 550.96 546.374 522.173 488.457 478.378 543.062 518.453
threshold=59.745748500000005 84.706050500000018 1.0000000180025095e-35 91.842445500000011 112.40120350000002 -1.0000000180025095e-35 54.349966000000009 13.795074281644824 15.435385000000002 0.00018222964174596792 17.504378250722493 208.67728400000001 15.151885000000002 29.436158407730264
decision_type=2 2 2 2 2 2 2 2 2 2 2 2 2 2
left_child=2 -2 -1 4 7 6 -4 9 -9 -3 11 13 -13 -6
right_child=1 3 5 -5 10 -7 -8 8 -10 -11 -12 12 -14 -15
leaf_value=-0.014539867646648653 -0.0033604740528574806 -0.0052557330692994597 -0.0072231585345288001 -0.0037680174658814747 0.0060656451149894751 -0.015815027219767214 -0.0078815664482396949 0.056943794079778939 0.0029183096761448923 6.0061117822483025e-05 0.014852558359123127 0.0073262492813535654 0.032809564094270265 0.0077365592483378803
leaf_weight=61002 33019 6864 18361 20580 105827 2929 9992 1031 11568 27230 7224 6237 8427 22492
leaf_count=61002 33019 6864 18361 20580 105827 2929 9992 1031 11568 27230 7224 6237 8427 22492
internal_value=-0.0071587 0.00310117 -0.0350085 0.00495862 0.00580599 -0.0252746 -0.0270518 0.000449746 0.00759743 -0.00219159 0.00747102 0.00695831 0.0138025 0.00617617
internal_weight=342783 250499 92284 217480 196900 31282 28353 46693 12599 34094 150207 142983 14664 128319
internal_count=342783 250499 92284 217480 196900 31282 28353 46693 12599 34094 150207 142983 14664 128319
is_linear=0
shrinkage=0.04


Tree=43
num_leaves=15
num_cat=0
split_feature=2 2 3 10 2 0 10 2 3 3 0 1 3 3
split_gain=61001.1 3309.36 2821.95 877.801 1118.31 719.746 595.187 763.703 566.128 442.196 534.055 427.621 411.314 532.204
threshold=59.745748500000005 84.706050500000018 1.0000000180025095e-35 63.415359500000008 117.02300250000002 20.516159828312226 -1.0000000180025095e-35 54.349966000000009 55.627887500000007 4.7316145000000001 6.3196874911366896 41.979986407112854 11.455642000000003 30.156969000000004
decision_type=2 2 2 2 2 2 2 2 2 2 2 2 2 2
left_child=2 9 -1 4 5 11 7 -4 -6 -2 -11 -3 -8 -14
right_child=1 3 6 -5 8 -7 12 -9 -10 10 -12 -13 13 -15
leaf_value=-0.013958272940782708 0.013774488530542132 -0.00025338456556027954 -0.0069364590226764561 -0.0023560889817820364 0.0099290868490161267 0.0077517982137511382 0.56820497849202378 -0.0076248458259326095 0.0091450313166728803 -0.0051323745690205714 -0.0016966052196270055 0.0061733104573122735 -0.015182426130976525 4.0088620326289082
leaf_weight=61068 1708 53982 18473 23920 120285 6793 762 9984 10497 16076 15088 2487 1926 234
leaf_count=61068 1708 53982 18473 23920 120285 6793 762 9984 10497 16076 15088 2487 1926 234
internal_value=-0.00721562 0.00302094 -0.0349904 0.0048052 0.00569644 0.00133034 -0.0252411 -0.0270064 0.00780841 -0.00880993 -0.00989603 -0.000149463 -0.00804928 -0.016963
internal_weight=343283 250836 92447 217964 194044 63262 31379 28457 130782 32872 31164 56469 2922 2160
internal_count=343283 250836 92447 217964 194044 63262 31379 28457 130782 32872 31164 56469 2922 2160
is_linear=0
shrinkage=0.04


Tree=44
num_leaves=15
num_cat=0
split_feature=2 3 2 10 2 2 10 0 0 2 2 3 3 1
split_gain=60275.2 3471.22 2549.34 817.016 1033.48 700.643 789.505 672.961 562.799 584.327 422.526 417.839 444.333 396.838
threshold=62.218259500000009 1.0000000180025095e-35 84.706050500000018 91.842445500000011 117.31903450000001 54.349966000000009 -1.0000000180025095e-35 20.516159828312226 5.6343200363908901 191.29725650000003 147.09811400000004 11.455642000000003 30.156969000000004 29.69422373301984
decision_type=2 2 2 2 2 2 2 2 2 2 2 2 2 2
left_child=1 -1 -2 4 7 6 -3 -4 9 13 -10 -8 -13 -6
right_child=2 5 3 -5 8 -7 11 -9 10 -11 -12 12 -14 -15
leaf_value=-0.013399942023151397 -0.0025881673983706509 -0.0066627390650897088 -4.80975371017256e-05 -0.0035713741252195166 0.004479657794543338 -0.0074184014338918441 0.51007083834282141 0.0074920216120108289 0.0077107863978466366 0.016734383500018178 0.026880559012575068 -0.014575129085737465 3.9591081028715758 0.0098062152108792031
leaf_weight=61017 29745 18410 57309 20624 65692 13284 753 6929 28528 23617 6501 1951 191 8396
leaf_count=61017 29745 18410 57309 20624 65692 13284 753 6929 28528 23617 6501 1951 191 8396
internal_value=-0.00728894 -0.0342614 0.00313688 0.00463832 0.00543143 -0.0241383 -0.0286337 0.00126654 0.00744707 0.00588752 0.0117971 -0.00921589 -0.018226 0.00414102
internal_weight=342947 95606 247341 217596 196972 34589 21305 64238 132734 97705 35029 2895 2142 74088
internal_count=342947 95606 247341 217596 196972 34589 21305 64238 132734 97705 35029 2895 2142 74088
is_linear=0
shrinkage=0.04


Tree=45
num_leaves=15
num_cat=0
split_feature=2 3 2 10 2 0 10 2 3 8 0 2 1 3
split_gain=59677.3 2980.01 2979.99 765.83 1131.68 596.331 579.768 833.618 573.062 491.983 457.452 464.659 594.369 766.744
threshold=59.745748500000005 1.0000000180025095e-35 81.77719900000001 63.415359500000008 113.82654550000002 12.666224455891294 -1.0000000180025095e-35 54.349966000000009 14.345272500000002 0.99982253520351194 12.44033067755521 151.512978 27.600926392723071 25.838914000000006
decision_type=2 2 2 2 2 2 2 2 2 2 2 2 2 2
left_child=1 -1 -2 4 5 9 7 -3 -7 -4 11 12 -6 -14
right_child=2 6 3 -5 10 8 -8 -9 -10 -11 -12 -13 13 -15
leaf_value=-0.012863944342225341 -0.004272777764370757 -0.0063908398231644981 -4.6868006435949463e-05 -0.0024409928463682107 0.001531979685652003 0.052558859935548721 -0.013992123922307967 -0.0069904311325305994 0.002424690530421898 -0.0037874453002549537 0.011634393096944386 0.015935286293050081 0.069444839047178672 0.0043629232883644108
leaf_weight=61012 27255 18471 32522 23835 46272 1173 2916 10009 16803 7270 14676 59978 2248 18543
leaf_count=61012 27255 18471 32522 23835 46272 1173 2916 10009 16803 7270 14676 59978 2248 18543
internal_value=-0.00737191 -0.0348472 0.00276053 0.00428443 0.00509412 0.000375294 -0.0248337 -0.026573 0.0064219 -0.00235625 0.00701765 0.00624523 0.00395747 0.0095753
internal_weight=342983 92408 250575 223320 199485 57768 31396 28480 17976 39792 141717 127041 67063 20791
internal_count=342983 92408 250575 223320 199485 57768 31396 28480 17976 39792 141717 127041 67063 20791
is_linear=0
shrinkage=0.04


Tree=46
num_leaves=15
num_cat=0
split_feature=2 2 3 10 2 10 3 0 0 3 9 0 2 8
split_gain=59238.1 4820.66 1310.62 800.718 717.71 1022.05 664.865 784.238 553.78 527.811 446.968 446.016 458.782 617.071
threshold=54.349966000000009 81.77719900000001 1.0000000180025095e-35 -1.0000000180025095e-35 112.40120350000002 63.415359500000008 5.2089450000000008 6.1907696770001772 12.666224455891294 14.345272500000002 0.00018222964174596792 17.504378250722493 151.512978 0.24072663875280256
decision_type=2 2 2 2 2 2 2 2 2 2 2 2 2 2
left_child=2 6 -1 -4 8 11 -2 -8 10 -10 -3 12 -6 -14
right_child=1 4 3 -5 5 -7 7 -9 9 -11 -12 -13 13 -15
leaf_value=-0.012349386568536324 0.0035644530588817679 -0.0036440065032707636 -0.0061457442249892268 -0.013432438965415648 0.0034764438391276099 -0.0022489436022574251 -0.0060167821718363082 -0.0021890457038790936 0.052093691793307341 0.0021511919867724404 -7.6967387353549244e-05 0.013156888283770681 0.01461988190726991 0.021414629123732678
leaf_weight=60928 4668 7294 18485 2881 79201 23727 21038 11582 1116 15337 28700 7132 54344 6408
leaf_count=60928 4668 7294 18485 2881 79201 23727 21038 11582 1116 15337 28700 7132 54344 6408
internal_value=-0.0074256 0.00191889 -0.0370107 -0.0284864 0.00414245 0.00539915 -0.0113946 -0.0134151 4.95739e-05 0.00612897 -0.00272934 0.00664187 0.00614463 0.00875955
internal_weight=342841 260547 82294 21366 223259 170812 37288 32620 52447 16453 35994 147085 139953 60752
internal_count=342841 260547 82294 21366 223259 170812 37288 32620 52447 16453 35994 147085 139953 60752
is_linear=0
shrinkage=0.04


Tree=47
num_leaves=15
num_cat=0
split_feature=2 2 3 10 1 2 10 10 0 0 3 3 0 3
split_gain=58999.4 4551.36 1339.73 765.929 716.159 763.667 1065.63 1185.94 829.902 797.626 622.886 587.573 713.724 495.297
threshold=54.349966000000009 81.77719900000001 1.0000000180025095e-35 -1.0000000180025095e-35 39.500921421152654 123.24269100000002 17.250566500000001 15.441569000000001 12.666224455891294 0.98162900895877836 14.345272500000002 5.2089450000000008 6.1907696770001772 18.562370000000005
decision_type=2 2 2 2 2 2 2 2 2 2 2 2 2 2
left_child=2 11 -1 -4 5 8 7 9 -3 -7 -10 -2 -13 -8
right_child=1 4 3 -5 -6 6 13 -9 10 -11 -12 12 -14 -15
leaf_value=-0.011855411105794876 0.0031384372966806982 -0.0005380576413871374 -0.0059073641782797018 -0.01289514140679902 0.0076335543044506425 -0.0032738028382548823 -0.054376250761101752 0.042222758718463108 0.052734481439399426 0.010296106323059249 0.002895096687896107 -0.0057460931262334246 -0.0021363683190630954 0.0035264619486542804
leaf_weight=61096 4675 57059 18461 2852 12016 12126 1572 6539 1368 45643 23205 21097 11669 63780
leaf_count=61096 4675 57059 18461 2852 12016 12126 1572 6539 1368 45643 23205 21097 11669 63780
internal_value=-0.00748507 0.00183916 -0.0369877 -0.0283526 0.00400308 0.00346289 0.00537097 0.00902656 0.000432183 0.00719902 0.00657795 -0.011067 -0.0129598 0.00177378
internal_weight=343158 260749 82409 21313 223308 211292 129660 64308 81632 57769 24573 37441 32766 65352
internal_count=343158 260749 82409 21313 223308 211292 129660 64308 81632 57769 24573 37441 32766 65352
is_linear=0
shrinkage=0.04


Tree=48
num_leaves=15
num_cat=0
split_feature=2 2 3 10 0 2 10 3 0 3 9 3 3 3
split_gain=58508.7 4286.24 1394.84 750.868 669.731 871.881 893.608 601.288 581.765 648.545 462.821 400.668 443.003 383.241
threshold=54.349966000000009 81.77719900000001 1.0000000180025095e-35 -1.0000000180025095e-35 13.795074281644824 117.31903450000001 63.415359500000008 15.435385000000002 4.4553785564641641 5.3598355000000009 0.00018222964174596792 11.455642000000003 30.156969000000004 5.4407085000000004
decision_type=2 2 2 2 2 2 2 2 2 2 2 2 2 2
left_child=2 8 -1 -4 5 10 -7 -6 13 -10 -3 -5 -13 -2
right_child=1 4 3 11 7 6 -8 -9 9 -11 -12 12 -14 -15
leaf_value=-0.011381194661563079 -0.0059053757030117287 -0.003196280231282194 -0.0056584715734287897 0.47675328138420969 0.057028759418597023 0.0076221926958564626 -0.0023766458413928371 0.0058414906431975624 0.021321700660627503 -0.0029231851259452026 9.3030192204450742e-05 -0.012379335750527059 3.802356566928494 -0.0057136171567263808
leaf_weight=61062 4533 9112 18429 747 1414 120743 23640 24583 1176 16215 43760 1930 192 15247
leaf_count=61062 4533 9112 18429 747 1414 120743 23640 24583 1176 16215 43760 1930 192 15247
internal_value=-0.00753958 0.00175392 -0.0369257 -0.0281116 0.00384785 0.0030525 0.00466177 0.00988268 -0.0108224 -0.0054856 -0.00134211 -0.00907633 -0.0179453 -0.0155147
internal_weight=342783 260423 82360 21298 223252 197255 144383 25997 37171 17391 52872 2869 2122 19780
internal_count=342783 260423 82360 21298 223252 197255 144383 25997 37171 17391 52872 2869 2122 19780
is_linear=0
shrinkage=0.04


Tree=49
num_leaves=15
num_cat=0
split_feature=2 2 3 10 2 10 3 0 3 3 3 0 2 9
split_gain=58098.6 4062.29 1441.53 754.072 748.473 846.513 618.938 537.221 533.112 421.716 438.025 409.525 466.544 574.998
threshold=54.349966000000009 78.15543000000001 1.0000000180025095e-35 -1.0000000180025095e-35 112.40120350000002 63.415359500000008 5.2089450000000008 13.795074281644824 15.435385000000002 11.455642000000003 30.156969000000004 17.504378250722493 151.512978 0.75742952104272776
decision_type=2 2 2 2 2 2 2 2 2 2 2 2 2 2
left_child=2 6 -1 -4 7 11 -2 -3 -9 -5 -11 12 -6 -14
right_child=1 4 3 9 5 -7 -8 8 -10 10 -12 -13 13 -15
leaf_value=-0.010925946875100552 0.0031190414199905384 -0.00050733492008899427 -0.0054261834572260879 0.46440052683782568 0.002892852973776794 -0.0020864833630919355 -0.0051343302967178216 0.04976025645809351 0.0021090968295549317 -0.011884162320505976 3.6395695552279164 0.012289932346207311 0.019636803281579081 0.013466998163877242
leaf_weight=61070 4348 44432 18476 749 79281 23793 27733 1042 12343 1941 190 7181 6373 54301
leaf_count=61070 4348 44432 18476 749 79281 23793 27733 1042 12343 1941 190 7181 6373 54301
internal_value=-0.00759801 0.00165305 -0.0368719 -0.0279266 0.00352251 0.00485324 -0.0116767 -0.000411644 0.00661337 -0.00888889 -0.0179634 0.00598521 0.0055072 0.00814715
internal_weight=343253 260827 82426 21356 228746 170929 32081 57817 13385 2880 2131 147136 139955 60674
internal_count=343253 260827 82426 21356 228746 170929 32081 57817 13385 2880 2131 147136 139955 60674
is_linear=0
shrinkage=0.04


Tree=50
num_leaves=15
num_cat=0
split_feature=2 2 3 10 2 1 3 0 3 3 2 9 1 0
split_gain=57572.7 3853.45 1474.8 749.601 703.709 756.824 1526.84 573.06 592.645 562.14 870.979 733.172 480.868 515.686
threshold=54.349966000000009 81.77719900000001 1.0000000180025095e-35 -1.0000000180025095e-35 225.59345250000004 25.412246633831192 23.762452500000002 4.4553785564641641 5.3598355000000009 97.038312000000019 147.09811400000004 0.75164666318574513 39.500921421152654 13.111857419819872
decision_type=2 2 2 2 2 2 2 2 2 2 2 2 2 2
left_child=2 7 -1 -4 5 9 -7 -2 -9 10 -3 -12 13 -8
right_child=1 4 3 -5 -6 6 12 8 -10 -11 11 -13 -14 -15
leaf_value=-0.010488909000096526 -0.0052971105323262168 0.00010703548100404193 -0.0052150853722026016 -0.011408795827685739 0.017372620980228938 0.084684933046257349 -0.00046243528974654335 0.020474398783982325 -0.0027421891351622476 -0.0046131108237139045 0.01908383040621334 0.0074311340851795646 0.0069949315131758814 0.0059726837346336442
leaf_weight=60983 19953 92164 18443 2855 9907 3275 19741 1171 16300 18635 7099 51115 12097 9142
leaf_count=60983 19953 92164 18443 2855 9907 3275 19741 1171 16300 18635 7099 51115 12097 9142
internal_value=-0.00766542 0.0015446 -0.0368352 -0.0277735 0.00353642 0.00305231 0.00770896 -0.0103335 -0.00504379 0.001833 0.00264507 0.00647542 0.00560859 0.00280442
internal_weight=342880 260599 82281 21298 223175 213268 44255 37424 17471 169013 150378 58214 40980 28883
internal_count=342880 260599 82281 21298 223175 213268 44255 37424 17471 169013 150378 58214 40980 28883
is_linear=0
shrinkage=0.04


Tree=51
num_leaves=15
num_cat=0
split_feature=2 2 3 10 2 1 3 2 1 3 1 1 3 3
split_gain=57196 3659.22 1541.76 715.63 640.563 759.753 976.28 639.887 908.098 858.856 642.518 545.104 639.851 530.563
threshold=54.349966000000009 78.15543000000001 1.0000000180025095e-35 -1.0000000180025095e-35 225.59345250000004 14.997953650638433 19.362631500000003 139.57262400000002 25.412246633831192 23.762452500000002 19.498595836519961 20.404013111417346 15.040453500000002 5.2089450000000008
decision_type=2 2 2 2 2 2 2 2 2 2 2 2 2 2
left_child=2 13 -1 -4 5 -3 11 8 -8 -10 -9 12 -7 -2
right_child=1 4 3 -5 -6 6 7 10 9 -11 -12 -13 -14 -15
leaf_value=-0.010069352640092663 0.0025905653855048259 0.00039009051333000589 -0.0050222318886499464 -0.010952443994578304 0.016681199436460452 0.056198159931433338 -0.0013192525947294488 0.021140721179549724 0.065253195590740068 0.0028970752382902676 0.011036817292650851 0.097466038042695102 0.0062996125365924541 -0.0047302001530910307
leaf_weight=60961 4282 121991 18430 2886 9895 2879 33600 3348 2109 36758 9888 2015 6039 27774
leaf_count=60961 4282 121991 18430 2886 9895 2879 33600 3348 2109 36758 9888 2015 6039 27774
internal_value=-0.00768733 0.00149299 -0.0367622 -0.0275023 0.00326831 0.00281777 0.00546711 0.00403113 0.00255399 0.00671727 0.0121185 0.0167237 0.0124781 -0.011163
internal_weight=342855 260578 82277 21316 228522 218627 96636 85703 72467 38867 13236 10933 8918 32056
internal_count=342855 260578 82277 21316 228522 218627 96636 85703 72467 38867 13236 10933 8918 32056
is_linear=0
shrinkage=0.04


Tree=52
num_leaves=15
num_cat=0
split_feature=2 2 3 10 2 10 3 1 0 3 3 3 0 2
split_gain=56833.9 3495.09 1589.19 681.246 632.915 853.397 485.942 468.14 467.231 491.544 396.324 443.967 375.151 413.302
threshold=54.349966000000009 78.15543000000001 1.0000000180025095e-35 -1.0000000180025095e-35 112.40120350000002 63.415359500000008 5.0522920000000004 2.9031956469159428 13.795074281644824 15.435385000000002 11.455642000000003 30.156969000000004 17.504378250722493 160.58164200000002
decision_type=2 2 2 2 2 2 2 2 2 2 2 2 2 2
left_child=2 6 -1 -4 8 12 -2 -8 -3 -10 -5 -12 13 -6
right_child=1 4 3 10 5 -7 7 -9 9 -11 11 -13 -14 -15
leaf_value=-0.0096665785344889604 0.0036285349961050583 -0.00050708359412259484 -0.0048070725514277515 0.45671554120315044 0.0028914208273385779 -0.0025723954113330816 -0.0075275259993412271 -0.003495023362463474 0.046820921848561653 0.0019229783966926539 -0.010514346234795174 3.505573971635128 0.011531738156799358 0.013714792402726985
leaf_weight=61006 3566 44350 18494 748 87977 23800 8978 19439 1019 12329 1937 192 7206 51875
leaf_count=61006 3566 44350 18494 748 87977 23800 8978 19439 1019 12329 1937 192 7206 51875
internal_value=-0.0077514 0.00140524 -0.0367117 -0.0273249 0.00313831 0.00436152 -0.0109796 -0.0127262 -0.000483899 0.00607731 -0.00921794 -0.0180178 0.00549878 0.00504019
internal_weight=342916 260539 82377 21371 228556 170858 31983 28417 57698 13348 2877 2129 147058 139852
internal_count=342916 260539 82377 21371 228556 170858 31983 28417 57698 13348 2877 2129 147058 139852
is_linear=0
shrinkage=0.04


Tree=53
num_leaves=15
num_cat=0
split_feature=2 2 3 10 2 1 3 2 1 3 10 1 3 3
split_gain=56410.8 3291.55 1671.57 663.914 594.468 709.682 914.328 635.661 848.913 837.982 620.89 550.156 635.677 485.14
threshold=54.349966000000009 78.15543000000001 1.0000000180025095e-35 -1.0000000180025095e-35 225.59345250000004 14.997953650638433 19.362631500000003 139.57262400000002 25.412246633831192 23.762452500000002 -19.452310719074301 20.404013111417346 14.739712000000003 5.2089450000000008
decision_type=2 2 2 2 2 2 2 2 2 2 2 2 2 2
left_child=2 13 -1 -4 5 -3 11 8 -8 -10 -9 12 -7 -2
right_child=1 4 3 -5 -6 6 7 10 9 -11 -12 -13 -14 -15
leaf_value=-0.0092799153931094041 0.0023790345411828675 0.00030606195378002354 -0.0046147896493706408 -0.010093772385403366 0.015861550850338312 0.057114518833259069 -0.001395919616590301 0.010729456927569362 0.063586182036324906 0.0026810951687176554 0.019685890608144695 0.092845032677111 0.0064417473042108547 -0.0043946312876328225
leaf_weight=60989 4303 122068 18514 2908 9895 2490 33405 9951 2134 36782 3332 2022 6497 27727
leaf_count=60989 4303 122068 18514 2908 9895 2490 33405 9951 2134 36782 3332 2022 6497 27727
internal_value=-0.00777792 0.00134394 -0.0366238 -0.0270115 0.00302674 0.00259282 0.00515417 0.0037587 0.0022815 0.00629664 0.0118016 0.0160051 0.0117637 -0.010665
internal_weight=343017 260606 82411 21422 228576 218681 96613 85604 72321 38916 13283 11009 8987 32030
internal_count=343017 260606 82411 21422 228576 218681 96613 85604 72321 38916 13283 11009 8987 32030
is_linear=0
shrinkage=0.04


Tree=54
num_leaves=15
num_cat=0
split_feature=2 2 3 10 0 10 2 3 9 0 2 1 3 2
split_gain=55983.1 3117.67 1732.79 653.766 558.47 534.686 747.621 516.542 494.993 457.945 381.971 424.824 791.62 423.572
threshold=54.349966000000009 81.77719900000001 1.0000000180025095e-35 -1.0000000180025095e-35 4.4553785564641641 85.750415500000017 117.64188750000001 5.3598355000000009 0.52863889959086519 20.516159828312226 231.92047900000003 29.436158407730264 26.123843500000003 147.09811400000004
decision_type=2 2 2 2 2 2 2 2 2 2 2 2 2 2
left_child=2 4 -1 -4 -2 6 9 -6 -8 -3 11 13 -13 -10
right_child=1 5 3 -5 7 -7 8 -9 10 -11 -12 12 -14 -15
leaf_value=-0.0089087187773850291 -0.0046477018451495499 -0.00016453553309918046 -0.0044345546805529693 -0.0096900214899872331 0.01915518902936925 -0.0032999920016001695 0.011455301034032306 -0.0022424607602894021 -0.00073147719490367807 0.0058926134904156678 0.030814822036789539 0.083972585901662705 0.0048109513618539261 0.0076221790241234079
leaf_weight=60957 19924 63937 18527 2882 1175 21733 18685 16312 33696 7024 6290 1754 14821 55351
leaf_count=60957 19924 63937 18527 2882 1175 21733 18685 16312 33696 7024 6290 1754 14821 55351
internal_value=-0.00781443 0.00126796 -0.0365617 -0.0267719 -0.00941862 0.00305843 0.00370117 -0.00420198 0.00549691 0.000396274 0.00449067 0.0039204 0.0098003 0.00282592
internal_weight=343068 260702 82366 21409 37411 223291 201558 17487 130597 70961 111912 105622 16575 89047
internal_count=343068 260702 82366 21409 37411 223291 201558 17487 130597 70961 111912 105622 16575 89047
is_linear=0
shrinkage=0.04


Tree=55
num_leaves=15
num_cat=0
split_feature=2 2 3 9 0 2 3 3 1 3 2 1 3 2
split_gain=55485.2 3172.45 1632.81 636.294 541.834 735.057 574.682 549.919 483.97 487.682 415.536 385.14 888.167 356.564
threshold=54.019476000000004 78.15543000000001 1.0000000180025095e-35 0.0021254199665843858 13.795074281644824 117.31903450000001 15.742390000000002 126.08888450000002 2.9031956469159428 5.2881285000000009 225.59345250000004 29.012107464686295 25.838914000000006 151.512978
decision_type=2 2 2 2 2 2 2 2 2 2 2 2 2 2
left_child=2 8 -1 -4 5 -3 -6 10 -2 -10 11 13 -13 -7
right_child=1 4 3 -5 6 7 -8 -9 9 -11 -12 12 -14 -15
leaf_value=-0.0085523700262896268 -0.0063124898898912866 -0.00040110814884955829 -0.0043258775752705514 -0.0093024206303877408 0.046871612914625341 0.00024786073445160818 0.0044250936904971288 -0.010106592914665188 0.011719212313742603 -0.0031150875781480237 0.017956743294411621 0.080951729326413119 0.0042992202830412739 0.0067381984801022513
leaf_weight=60938 12047 57907 17292 2923 1537 46758 24791 10856 2193 18965 9268 1911 14938 60683
leaf_count=60938 12047 57907 17292 2923 1537 46758 24791 10856 2193 18965 9268 1911 14938 60683
internal_value=-0.00783366 0.00112246 -0.0367321 -0.026881 0.00280027 0.00209785 0.00819812 0.00362458 -0.010431 -0.00678703 0.00432831 0.00371904 0.0093418 0.00283728
internal_weight=343007 261854 81153 20215 228649 202321 26328 144414 33205 21158 133558 124290 16849 107441
internal_count=343007 261854 81153 20215 228649 202321 26328 144414 33205 21158 133558 124290 16849 107441
is_linear=0
shrinkage=0.04


Tree=56
num_leaves=15
num_cat=0
split_feature=2 2 3 10 1 2 8 0 3 2 10 3 1 3
split_gain=55357.9 2892.02 1672.74 655.98 513.644 651.48 991.272 655.861 618.193 521.719 498.36 423.676 399.649 369.403
threshold=54.019476000000004 78.15543000000001 1.0000000180025095e-35 -1.0000000180025095e-35 39.500921421152654 125.57123200000002 0.33219745156669123 12.666224455891294 14.345272500000002 225.59345250000004 63.415359500000008 5.1290055000000008 2.9031956469159428 11.455642000000003
decision_type=2 2 2 2 2 2 2 2 2 2 2 2 2 2
left_child=2 11 -1 -4 5 7 9 -3 -9 10 -7 -2 -13 -5
right_child=1 4 3 13 -6 6 -8 8 -10 -11 -12 12 -14 -15
leaf_value=-0.0082102752252380378 0.0022972221117409735 -0.00064443281951786396 -0.0041647085649416131 0.42601640832690602 0.0061372065309146301 0.0052866050739951119 0.013187103323821515 0.043067559401206934 0.0020753853381277765 0.01392732544784122 -0.0040222643485138708 -0.0061695394995607417 -0.0029205392164710765 -0.0089303238051722297
leaf_weight=61023 4092 66201 17240 769 12093 77899 15406 1423 24576 9985 21224 9710 19341 2151
leaf_count=61023 4092 66201 17240 769 12093 77899 15406 1423 24576 9985 21224 9710 19341 2151
internal_value=-0.00783988 0.00110433 -0.0366998 -0.0267103 0.00270394 0.00225625 0.00414347 -0.000292408 0.00509097 0.00280236 0.00192448 -0.00993875 -0.0116361 -0.00917808
internal_weight=343133 261950 81183 20160 228807 216714 124514 92200 25999 109108 99123 33143 29051 2920
internal_count=343133 261950 81183 20160 228807 216714 124514 92200 25999 109108 99123 33143 29051 2920
is_linear=0
shrinkage=0.04


Tree=57
num_leaves=15
num_cat=0
split_feature=2 2 3 10 0 3 10 2 8 0 2 10 1 3
split_gain=54947.4 2670.1 1780.8 581.076 480.024 472.746 450.935 642.974 439.179 394.081 370.084 410.194 399.888 768.039
threshold=54.019476000000004 81.77719900000001 1.0000000180025095e-35 -1.0000000180025095e-35 4.6229186366720301 5.3598355000000009 96.527842500000006 117.64188750000001 0.54242272849842277 20.516159828312226 225.59345250000004 15.151885000000002 29.436158407730264 25.838914000000006
decision_type=2 2 2 2 2 2 2 2 2 2 2 2 2 2
left_child=2 4 -1 -4 -2 -6 7 9 10 -3 12 -12 -9 -14
right_child=1 6 3 -5 5 -7 -8 8 -10 -11 11 -13 13 -15
leaf_value=-0.0078818642162285183 -0.0040076891888832832 -0.00018064943386066014 -0.0039878062346120121 -0.0085731108529653356 0.01904619300868958 -0.0018088949063610488 -0.0038249369896623375 0.003085616386332903 0.011915578829268502 0.0052770872152421286 0.0036385473873409603 0.038374699304132155 0.080811732378258477 0.0046997577313750939
leaf_weight=60979 22133 63733 17323 2895 863 15588 19551 92311 15782 7024 3435 4416 1628 15255
leaf_count=60979 22133 63733 17323 2895 863 15588 19551 92311 15782 7024 3435 4416 1628 15255
internal_value=-0.00784239 0.00107612 -0.036589 -0.0263013 -0.00863985 -0.00346483 0.00275618 0.00331342 0.00495411 0.000233475 0.00410953 0.0124978 0.00350642 0.00916662
internal_weight=342916 261719 81197 20218 38584 16451 223135 203584 132827 70757 117045 7851 109194 16883
internal_count=342916 261719 81197 20218 38584 16451 223135 203584 132827 70757 117045 7851 109194 16883
is_linear=0
shrinkage=0.04


Tree=58
num_leaves=15
num_cat=0
split_feature=2 2 3 10 1 2 8 10 3 2 10 3 9 1
split_gain=54419 2499.85 1889.77 531.378 448.789 608.977 847.352 485.203 435.968 709.434 522.632 354.019 337.058 447.874
threshold=54.019476000000004 78.15543000000001 1.0000000180025095e-35 -1.0000000180025095e-35 39.500921421152654 125.57123200000002 0.33219745156669123 63.415359500000008 14.543502500000001 215.58836400000004 12.751191500000003 5.2089450000000008 0.31393818273798119 13.641111477442992
decision_type=2 2 2 2 2 2 2 2 2 2 2 2 2 2
left_child=2 11 -1 -4 5 12 7 8 10 -10 -7 -2 13 -3
right_child=1 4 3 -5 -6 6 -8 -9 9 -11 -12 -13 -14 -15
leaf_value=-0.0075665896475793741 0.0012536966534278538 -0.00024560015642741129 -0.0038192054689921841 -0.0082301864188467182 0.0058158951490941257 0.025243213176200943 0.012133152965450551 -0.0023828001757328376 0.0058641657013355263 0.031092363552523008 -0.018079043649443557 -0.0035186086781403298 -0.0014090742027697677 0.0038787883385291134
leaf_weight=60953 4441 26874 17315 2880 12101 2309 15404 23402 69876 7223 6262 28810 42930 22135
leaf_count=60953 4441 26874 17315 2880 12101 2309 15404 23402 69876 7223 6262 28810 42930 22135
internal_value=-0.00786702 0.00100502 -0.0364864 -0.0258817 0.00249611 0.00207694 0.00390051 0.00266026 0.00405463 0.00500603 -0.00450356 -0.00924243 -0.000391999 0.00187476
internal_weight=342915 261767 81148 20195 228516 216415 124476 109072 85670 77099 8571 33251 91939 49009
internal_count=342915 261767 81148 20195 228516 216415 124476 109072 85670 77099 8571 33251 91939 49009
is_linear=0
shrinkage=0.04


Tree=59
num_leaves=15
num_cat=0
split_feature=2 2 3 9 2 0 3 1 2 0 3 3 3 3
split_gain=54219.6 2496.66 1775.95 549.401 435.451 496.015 545.567 477.034 600.462 568.834 508.38 490.842 473.712 368.245
threshold=53.714268000000011 78.15543000000001 1.0000000180025095e-35 0.0021254199665843858 231.92047900000003 13.936864392106736 15.535034000000001 41.979986407112854 125.57123200000002 1.1293689097939923 14.241769500000002 17.375586500000004 15.333692500000002 18.562370000000005
decision_type=2 2 2 2 2 2 2 2 2 2 2 2 2 2
left_child=2 -2 -1 -4 5 7 -7 8 -3 10 -10 12 -12 -13
right_child=1 4 3 -5 -6 6 -8 -9 9 -11 11 13 -14 -15
leaf_value=-0.0072639260616761984 -0.0028833169734019883 -0.00050504220499000992 -0.0037773767640260927 -0.0079009789620928493 0.014391997627330563 0.046339811256518967 0.0039644230399030981 0.0059272369080208918 -0.023846849084903709 0.0072120848008820548 -0.0019051065471163487 -0.052357513878599778 0.027883167119877206 0.0012546821890559114
leaf_weight=61018 34343 73808 16083 2889 7784 1322 24327 7943 4281 36968 3360 1226 5542 61792
leaf_count=61018 34343 73808 16083 2889 7784 1322 24327 7943 4281 36968 3360 1226 5542 61792
internal_value=-0.00784298 0.000936748 -0.0366766 -0.0259878 0.00244902 0.00212088 0.00734999 0.00143279 0.00102494 0.00285555 0.000880303 0.00167742 0.0104696 0.000435431
internal_weight=342686 262696 79990 18972 228353 220569 25649 194920 186977 113169 76201 71920 8902 63018
internal_count=342686 262696 79990 18972 228353 220569 25649 194920 186977 113169 76201 71920 8902 63018
is_linear=0
shrinkage=0.04


Tree=60
num_leaves=15
num_cat=0
split_feature=2 2 3 10 2 0 3 1 2 10 3 3 3 10
split_gain=53903.9 2321.08 1884.32 544.238 424.948 443.674 526.87 438.624 515.168 545.31 341.503 332.314 438.93 328.717
threshold=53.714268000000011 78.15543000000001 1.0000000180025095e-35 -1.0000000180025095e-35 225.59345250000004 13.795074281644824 15.435385000000002 41.979986407112854 122.49425100000001 63.415359500000008 5.2089450000000008 11.455642000000003 30.156969000000004 -6.2395237612420322
decision_type=2 2 2 2 2 2 2 2 2 2 2 2 2 2
left_child=2 10 -1 -4 5 7 -7 8 -3 -10 -2 -5 -13 -12
right_child=1 4 3 11 -6 6 -8 -9 9 -11 13 12 -14 -15
leaf_value=-0.0069733690192091483 0.0011029429178698448 -0.0004982339073669517 -0.0036140467617025254 0.4135612970055883 0.012240539696297877 0.044249920890322335 0.0036965185211181506 0.0058060617764876541 0.0052584362526480353 -0.0036815595365666011 -0.0015200682906908259 -0.007584939803609139 3.3678598453515169 -0.0036246445848578004
leaf_weight=61088 4598 66814 16138 759 9909 1385 24940 7933 96205 21405 8892 1942 192 20898
leaf_count=61088 4598 66814 16138 759 9909 1385 24940 7933 96205 21405 8892 1942 192 20898
internal_value=-0.00785152 0.000899692 -0.0365761 -0.0255856 0.00235722 0.0019901 0.0068604 0.00132358 0.000927428 0.00252087 -0.00878911 -0.0096094 -0.0176945 -0.0103552
internal_weight=343098 262979 80119 19031 228591 218682 26325 192357 184424 117610 34388 2893 2134 29790
internal_count=343098 262979 80119 19031 228591 218682 26325 192357 184424 117610 34388 2893 2134 29790
is_linear=0
shrinkage=0.04


Tree=61
num_leaves=15
num_cat=0
split_feature=2 2 3 10 0 3 10 2 1 3 0 3 2 10
split_gain=53665.8 2238.53 1750.6 573.976 513.26 446.831 427.383 567.583 501.389 1028.39 484.553 346.629 501.148 438.049
threshold=53.414215000000006 81.77719900000001 1.0000000180025095e-35 -1.0000000180025095e-35 4.6229186366720301 33.878895000000007 96.527842500000006 147.09811400000004 25.412246633831192 23.575320500000004 6.2653434552912097 13.960087000000003 217.35298900000004 12.751191500000003
decision_type=2 2 2 2 2 2 2 2 2 2 2 2 2 2
left_child=2 4 -1 -4 -2 -6 7 8 -3 -10 11 13 -13 -9
right_child=1 6 3 -5 5 -7 -8 10 9 -11 -12 12 -14 -15
leaf_value=-0.0066944342584407844 -0.003075880826863431 -6.6095766294698157e-05 -0.0035291045508415307 -0.0072815422114647713 0.00098224455942055974 -0.0033029309548720056 -0.0041796833373523665 0.027963864431159956 0.064274898080276463 0.0020508479384791834 0.020604245095658228 0.0064803265964474034 0.024135536502059969 -0.023839469697826389
leaf_weight=60891 24295 93565 15163 2876 10773 5737 19579 1443 2308 38913 5455 50103 8398 3522
leaf_count=60891 24295 93565 15163 2876 10773 5737 19579 1443 2308 38913 5455 50103 8398 3522
internal_value=-0.00781725 0.000832289 -0.0367576 -0.025813 -0.00778238 -0.0023404 0.0024066 0.00294914 0.00143932 0.00511487 0.00590183 0.00491854 0.00577973 -0.0052286
internal_weight=343021 264091 78930 18039 40805 16510 223286 203707 134786 41221 68921 63466 58501 4965
internal_count=343021 264091 78930 18039 40805 16510 223286 203707 134786 41221 68921 63466 58501 4965
is_linear=0
shrinkage=0.04


Tree=62
num_leaves=15
num_cat=0
split_feature=2 2 3 10 0 10 2 8 0 3 1 3 10 2
split_gain=53141.2 2105.61 1848.8 539.137 446.673 417.883 589.003 621.201 447.599 412.183 393.02 357.718 567.895 556.628
threshold=53.414215000000006 81.77719900000001 1.0000000180025095e-35 -1.0000000180025095e-35 4.6229186366720301 63.415359500000008 130.35334050000003 0.54242272849842277 20.516159828312226 5.3598355000000009 41.979986407112854 14.543502500000001 12.751191500000003 215.58836400000004
decision_type=2 2 2 2 2 2 2 2 2 2 2 2 2 2
left_child=2 4 -1 -4 -2 6 8 11 10 -6 -3 12 -8 -13
right_child=1 5 3 -5 9 -7 7 -9 -10 -11 -12 13 -14 -15
leaf_value=-0.0064266568881031555 -0.0029940113089810174 -0.00020206681830613914 -0.0033745793916350221 -0.0069902805230061824 0.018646118315421178 -0.0028315830915346574 0.024844418846905702 0.019140511978992209 0.0059280580311205887 -0.0013786433285005294 0.0045034728807427224 0.0062879433065921343 -0.016774510334450286 0.028433819438450393
leaf_weight=61018 24249 91968 15089 2890 850 23848 2284 7071 8851 15660 7113 68320 6279 7217
leaf_count=61018 24249 91968 15089 2890 850 23848 2284 7071 8851 15660 7113 68320 6279 7217
internal_value=-0.00789958 0.000721399 -0.0366784 -0.0254052 -0.00763807 0.00224964 0.00284898 0.00521613 0.000849424 -0.00256329 7.95309e-05 0.00425874 -0.00348943 0.00513709
internal_weight=342707 263710 78997 17979 40759 222951 199103 91171 107932 16510 99081 84100 8563 75537
internal_count=342707 263710 78997 17979 40759 222951 199103 91171 107932 16510 99081 84100 8563 75537
is_linear=0
shrinkage=0.04


Tree=63
num_leaves=15
num_cat=0
split_feature=2 2 3 9 0 3 2 10 2 9 3 3 10 3
split_gain=52944.2 1962.45 1908.18 535.458 392.145 389.603 375.033 372.825 384.864 455.417 331.152 437.624 306.207 1131.41
threshold=53.414215000000006 81.77719900000001 1.0000000180025095e-35 0.0021254199665843858 4.6229186366720301 33.878895000000007 231.92047900000003 91.842445500000011 117.64188750000001 0.45196848008262064 11.455642000000003 30.156969000000004 -28.003723347047131 25.3749365
decision_type=2 2 2 2 2 2 2 2 2 2 2 2 2 2
left_child=2 4 -1 -4 -2 -6 7 8 -3 -10 -5 -12 13 -11
right_child=1 6 3 10 5 -7 -8 -9 9 12 11 -13 -14 -15
leaf_value=-0.0061695906125790326 -0.0027855785974586688 6.1694236647436009e-06 -0.0032529571931424694 0.37582513444709714 0.00076360697300750899 -0.0031346923644972459 0.012849401228610016 -0.00497529172418683 0.010331299696692732 0.073630014432549143 -0.0067106693020859342 3.2517540003685954 0.0022242857851899568 0.0028161641538118464
leaf_weight=61012 24269 71002 15075 778 10741 5731 7754 19171 15556 2301 1949 192 90741 16895
leaf_count=61012 24269 71002 15075 778 10741 5731 7754 19171 15556 2301 1949 192 90741 16895
internal_value=-0.00789505 0.000697302 -0.0366241 -0.0251773 -0.00737635 -0.00261292 0.00216955 0.0018588 0.00237828 0.00370985 -0.0094964 -0.0176179 0.00280342 0.00739321
internal_weight=343167 264161 79006 17994 40741 16472 223420 215666 196495 125493 2919 2141 109937 19196
internal_count=343167 264161 79006 17994 40741 16472 223420 215666 196495 125493 2919 2141 109937 19196
is_linear=0
shrinkage=0.04


Tree=64
num_leaves=15
num_cat=0
split_feature=2 3 2 10 2 1 3 3 10 9 2 3 1 3
split_gain=52762.2 1993.23 1807.24 473.604 366.592 373.649 394.33 349.797 548.379 516.371 407.658 473.793 421.574 409.876
threshold=53.414215000000006 1.0000000180025095e-35 78.15543000000001 -1.0000000180025095e-35 231.92047900000003 35.42493756915146 33.281328000000009 40.365965500000009 36.210634000000006 0.023956676736123065 159.64463850000001 25.985451500000003 24.722130414064058 24.137324000000003
decision_type=2 2 2 2 2 2 2 2 2 2 2 2 2 2
left_child=1 -1 -2 -3 5 7 -7 8 10 -9 13 12 -12 -4
right_child=2 3 4 -5 -6 6 -8 9 -10 -11 11 -13 -14 -15
leaf_value=-0.0059228069880758747 -0.0023063183033959203 -0.003139713462728606 0.0020762652367679823 -0.0064422425300024958 0.012832357579588774 0.091991469969054149 0.0034658174246198926 -0.016939102347605903 0.037899600862093125 -0.00040819215452099212 0.002621983331927371 0.020447398973381884 0.097677850724703502 -0.0010436219551268916
leaf_weight=60936 35357 15202 64586 2861 7774 849 16293 1582 3359 49386 26867 12363 1043 44576
leaf_count=60936 35357 15202 64586 2861 7774 849 16293 1582 3359 49386 26867 12363 1043 44576
internal_value=-0.00786114 -0.0365407 0.000719753 -0.0248707 0.00202101 0.00172057 0.00739237 0.00124341 0.00220061 -0.00162612 0.00184134 0.00528096 0.00239341 0.00057236
internal_weight=343034 78999 264035 18063 228678 220904 17142 203762 152794 50968 149435 40273 27910 109162
internal_count=343034 78999 264035 18063 228678 220904 17142 203762 152794 50968 149435 40273 27910 109162
is_linear=0
shrinkage=0.04


Tree=65
num_leaves=15
num_cat=0
split_feature=2 2 3 10 0 3 2 1 10 10 0 3 3 3
split_gain=52383.9 2029.83 1612.97 495.23 367.028 519.349 465.945 477.338 459.298 792.824 622.158 433.309 370.782 335.263
threshold=52.789633000000009 78.15543000000001 1.0000000180025095e-35 -1.0000000180025095e-35 13.795074281644824 15.333692500000002 147.09811400000004 39.500921421152654 17.250566500000001 15.441569000000001 0.98162900895877836 18.562370000000005 35.883170500000013 5.1290055000000008
decision_type=2 2 2 2 2 2 2 2 2 2 2 2 2 2
left_child=2 13 -1 -4 6 -6 7 -3 9 10 -8 -10 -9 -2
right_child=1 4 3 -5 5 -7 8 12 11 -11 -12 -13 -14 -15
leaf_value=-0.0056858947085528392 0.0018185005153971035 -0.00042034274891084467 -0.003087115097742581 -0.0061845528288023924 0.044813057017525304 0.0033810006505213108 -0.0053312155392276159 0.092919644102264137 -0.053815957407253839 0.035231371169315864 0.012246239015907512 0.002740613657971549 0.0032920718023002294 -0.0023767126372656214
leaf_weight=60842 4414 106180 12889 2865 1324 25055 10086 707 1469 5999 13749 54238 10086 33178
leaf_count=60842 4414 106180 12889 2865 1324 25055 10086 707 1469 5999 13749 54238 10086 33178
internal_value=-0.0078926 0.000487082 -0.0370463 -0.0256392 0.00190185 0.00633989 0.00132376 -0.000316996 0.00356741 0.00757257 0.00430124 0.00142244 0.00769758 -0.00812726
internal_weight=343081 266485 76596 15754 228893 26379 202514 116973 85541 29834 23835 55707 10793 37592
internal_count=343081 266485 76596 15754 228893 26379 202514 116973 85541 29834 23835 55707 10793 37592
is_linear=0
shrinkage=0.04


Tree=66
num_leaves=15
num_cat=0
split_feature=2 2 3 10 2 1 3 1 3 2 1 3 1 9
split_gain=52114.2 1785.85 1717.73 516.281 367.091 329.93 1011.96 537.443 595.467 460.857 573.147 810.771 457.791 380.036
threshold=52.789633000000009 78.15543000000001 1.0000000180025095e-35 -1.0000000180025095e-35 231.92047900000003 14.997953650638433 19.362631500000003 20.558630211405056 14.739712000000003 139.57262400000002 25.412246633831192 23.575320500000004 19.498595836519961 0.0056480147223136332
decision_type=2 2 2 2 2 2 2 2 2 2 2 2 2 2
left_child=2 -2 -1 -4 5 -3 7 8 -7 10 -8 -12 -11 -10
right_child=1 4 3 -5 -6 6 9 -9 13 12 11 -13 -14 -15
leaf_value=-0.0054584589202107204 -0.0020923156050373848 5.6886803532433805e-05 -0.0029573743903172555 -0.0059371707156502928 0.012209438730086362 0.050435803107980445 -0.0019060912938325047 0.090342179398111677 0.034604648956196547 0.014532466510064901 0.057045216386152404 0.0013390958671030129 0.0072352590518428486 -0.0010168553836816996
leaf_weight=60987 37584 123915 12825 2896 7805 2501 33588 1922 1461 3360 1950 36871 9958 5106
leaf_count=60987 37584 123915 12825 2896 7805 2501 33588 1922 1461 3360 1950 36871 9958 5106
internal_value=-0.00791401 0.000461768 -0.0369609 -0.0251714 0.00179113 0.00148954 0.00324038 0.0146679 0.0105955 0.0017754 0.000517615 0.00382783 0.00861391 0.00426983
internal_weight=342729 266021 76708 15721 228437 220632 96717 10990 9068 85727 72409 38821 13318 6567
internal_count=342729 266021 76708 15721 228437 220632 96717 10990 9068 85727 72409 38821 13318 6567
is_linear=0
shrinkage=0.04


Tree=67
num_leaves=15
num_cat=0
split_feature=2 3 2 10 3 2 10 3 8 9 1 8 3 3
split_gain=52058.5 1770.09 1685.82 513.913 357.314 330.2 448.21 1227.29 393.789 367.389 335.263 409.005 350.447 316.897
threshold=52.789633000000009 1.0000000180025095e-35 78.15543000000001 -1.0000000180025095e-35 201.74619950000002 151.512978 -22.101432053955183 22.215964500000002 0.42156805007073356 0.31393818273798119 35.42493756915146 0.87308400937220465 33.281328000000009 11.455642000000003
decision_type=2 2 2 2 2 2 2 2 2 2 2 2 2 2
left_child=1 -1 -2 -3 5 6 7 -4 -7 -8 11 -9 -12 -5
right_child=2 3 4 13 -6 8 9 10 -10 -11 12 -13 -14 -15
leaf_value=-0.0052401205634022927 -0.0020111524410420588 -0.0028341822970898178 0.059538351264200033 0.38124774343257289 -0.046333516582683865 0.0047777252424169659 0.00043956035555654636 -0.001117158286159894 0.019235567881861631 -0.0020773476477372881 0.087227686632701987 0.0090676609313615764 0.0031150133604915145 -0.0056996838870242783
leaf_weight=61027 37668 12903 3412 763 3253 73703 45916 29431 3993 47608 822 4024 16292 2109
leaf_count=61027 37668 12903 3412 763 3253 73703 45916 29431 3993 47608 822 4024 16292 2109
internal_value=-0.00790169 -0.0369126 0.000470762 -0.0249686 0.00176351 0.00195363 0.000842005 0.00374428 0.00406404 -0.000833155 0.00217762 -0.000151846 0.00673133 -0.00966574
internal_weight=342924 76802 266122 15775 228454 225201 147505 53981 77696 93524 50569 33455 17114 2872
internal_count=342924 76802 266122 15775 228454 225201 147505 53981 77696 93524 50569 33455 17114 2872
is_linear=0
shrinkage=0.04


Tree=68
num_leaves=15
num_cat=0
split_feature=2 3 2 10 0 2 10 3 3 3 3 0 3 10
split_gain=52040.8 1828.87 1535.51 500.636 352.171 361.196 330.87 946.445 322.433 317.709 468.038 285.894 699.908 539.31
threshold=52.789633000000009 1.0000000180025095e-35 78.15543000000001 -1.0000000180025095e-35 18.208163352937422 186.83972200000002 -29.464022871728393 26.123843500000003 20.523822500000005 30.156969000000004 21.295840500000004 6.4954720828439321 14.058212000000003 -13.429776983016501
decision_type=2 2 2 2 2 2 2 2 2 2 2 2 2 2
left_child=1 -1 -2 -3 5 6 7 -4 -6 10 -5 -8 13 -13
right_child=2 3 4 9 8 -7 11 -9 -10 -11 -12 12 -14 -15
leaf_value=-0.0050305157408661932 -0.0019485250863566206 -0.0027355254315367893 0.067529737282122596 0.078798358297154147 0.077609934858987817 0.0057085653603140864 -0.00063580160298383872 0.0016267352514118217 0.0039367653628326242 3.0832312123836756 -0.0054716965315433084 0.049235843589799225 0.00032617637719634329 0.010132547955697837
leaf_weight=61026 37606 12890 1809 1586 658 34132 101621 22274 12545 192 1126 1833 49639 4067
leaf_count=61026 37606 12890 1809 1586 658 34132 101621 22274 12545 192 1126 1833 49639 4067
internal_value=-0.00785763 -0.0368602 0.000512427 -0.0247284 0.0017447 0.00135596 0.000645101 0.005011 0.00808604 -0.00972452 -0.0132448 -2.39247e-05 0.0022838 0.0153085
internal_weight=343004 76820 266184 15794 228578 215375 181243 24083 13203 2904 2712 157160 55539 5900
internal_count=343004 76820 266184 15794 228578 215375 181243 24083 13203 2904 2712 157160 55539 5900
is_linear=0
shrinkage=0.04


Tree=69
num_leaves=15
num_cat=0
split_feature=2 3 2 10 10 2 8 3 3 3 2 1 1 3
split_gain=51778.3 1921.22 1350.83 460.469 357.887 456.856 639.501 321.557 461.263 319.962 523.342 459.188 297.42 497.967
threshold=52.789633000000009 1.0000000180025095e-35 80.423568500000002 -1.0000000180025095e-35 63.415359500000008 128.06096650000003 0.54242272849842277 30.156969000000004 21.184137500000002 14.639928500000002 217.35298900000004 15.366589807749422 29.223605459107528 25.538602000000004
decision_type=2 2 2 2 2 2 2 2 2 2 2 2 2 2
left_child=1 -1 -2 -3 5 -4 9 8 -5 11 12 -7 -11 -14
right_child=2 3 4 7 -6 6 -8 -9 -10 10 -12 -13 13 -15
leaf_value=-0.0048292951112315482 -0.0017584656070890193 -0.0026221761876210883 0.00013169920595666797 0.042405419021420324 -0.0029658922184075845 -0.01014412858238483 0.016709527641987458 2.9599019638883282 -0.0052528286702815839 0.0035947742099083847 0.026351946372047186 0.058179523000277955 0.087906955383265567 0.0060957569348741728
leaf_weight=61126 40796 12848 104913 1572 23848 8469 7778 193 1116 66579 6733 821 1045 5221
leaf_count=61126 40796 12848 104913 1572 23848 8469 7778 193 1116 66579 6733 821 1045 5221
internal_value=-0.00787039 -0.0367919 0.000479484 -0.0243245 0.0016917 0.00223994 0.00422408 -0.00987157 -0.0134524 0.00326147 0.00408153 -0.00376319 0.00309534 0.0114267
internal_weight=343058 76855 266203 15729 225407 201559 96646 2881 2688 88868 79578 9290 72845 6266
internal_count=343058 76855 266203 15729 225407 201559 96646 2881 2688 88868 79578 9290 72845 6266
is_linear=0
shrinkage=0.04


Tree=70
num_leaves=15
num_cat=0
split_feature=2 3 2 9 3 3 0 3 3 2 2 0 0 3
split_gain=51591 1977.45 1246.56 439.308 332.235 458.358 330.737 380.556 317.892 310.993 304.917 430.8 412.663 552.838
threshold=52.789633000000009 1.0000000180025095e-35 81.77719900000001 0.0056480147223136332 30.156969000000004 21.295840500000004 4.6229186366720301 32.994084500000007 201.74619950000002 56.927828000000005 151.512978 8.958248279549915 12.666224455891294 14.058212000000003
decision_type=2 2 2 2 2 2 2 2 2 2 2 2 2 2
left_child=1 -1 6 -3 5 -5 9 -8 10 -2 12 -12 -4 -14
right_child=2 3 8 4 -6 -7 7 -9 -10 -11 11 -13 13 -15
leaf_value=-0.0046361233067822921 -0.00057793199310777869 -0.0025405006614482063 -0.00014702423959540801 0.028250114888737344 2.8809290593014305 -0.0050427155234703137 0.0011887184473896718 -0.0025363744204845461 -0.043661374050920278 -0.0036964548946188283 0.0047199840730331698 0.025189579370894988 0.044126692888192452 0.0023588373437788512
leaf_weight=60987 11097 12917 110946 1561 198 1124 10765 5751 3245 15449 75342 2022 1149 30178
leaf_count=60987 11097 12917 110946 1561 198 1124 10765 5751 3245 15449 75342 2022 1149 30178
internal_value=-0.00785117 -0.0367328 0.000487922 -0.0241215 -0.0100035 -0.0136909 -0.00574242 -0.00129814 0.00169166 -0.0085075 0.00187528 0.00389639 0.000776254 0.00483034
internal_weight=342731 76787 265944 15800 2883 2685 43062 16516 222882 26546 219637 77364 142273 31327
internal_count=342731 76787 265944 15800 2883 2685 43062 16516 222882 26546 219637 77364 142273 31327
is_linear=0
shrinkage=0.04


Tree=71
num_leaves=15
num_cat=0
split_feature=2 3 2 10 10 2 8 0 3 3 3 3 2 10
split_gain=51459.4 2071.53 1181.63 413.722 340.768 443.847 590.778 389.11 332.624 457.403 330.229 312.603 482.849 445.287
threshold=52.789633000000009 1.0000000180025095e-35 78.15543000000001 -1.0000000180025095e-35 63.415359500000008 130.35334050000003 0.54242272849842277 20.516159828312226 30.156969000000004 21.295840500000004 24.493050000000004 14.833208000000003 217.35298900000004 -15.540393857392088
decision_type=2 2 2 2 2 2 2 2 2 2 2 2 2 2
left_child=1 -1 -2 -3 5 7 11 -4 9 -5 -9 13 -13 -7
right_child=2 3 4 8 -6 6 -8 10 -10 -11 -12 12 -14 -15
leaf_value=-0.0044506783745110034 -0.001692721040281664 -0.0024087764857589722 -7.7300826123589684e-05 0.012551962633886084 -0.0028998464080470642 0.073130266610094752 0.016472793822732409 0.068591075227170575 2.7262687229607376 -0.0048410069025315037 0.0032079914947499822 0.0051466332262981741 0.0265398698399693 -0.0085421606286300994
leaf_weight=60944 37652 12849 104290 1570 23864 652 7036 889 198 1118 7991 68066 6365 9313
leaf_count=60944 37652 12849 104290 1570 23864 652 7036 889 198 1118 7991 68066 6365 9313
internal_value=-0.00778758 -0.0366593 0.000531494 -0.0237204 0.00161354 0.00214113 0.00421384 0.000466555 -0.0100347 -0.0137202 0.0085045 0.00328546 0.00417622 -0.00336779
internal_weight=342797 76679 266118 15735 228466 204602 91432 113170 2886 2688 8880 84396 74431 9965
internal_count=342797 76679 266118 15735 228466 204602 91432 113170 2886 2688 8880 84396 74431 9965
is_linear=0
shrinkage=0.04


Tree=72
num_leaves=15
num_cat=0
split_feature=2 3 2 10 3 3 10 2 8 0 3 10 3 2
split_gain=51232.9 2119.43 1076.37 416.691 333.9 445.71 307.468 419.854 534.934 367.855 308.863 287.501 279.812 467.477
threshold=52.789633000000009 1.0000000180025095e-35 78.15543000000001 -1.0000000180025095e-35 11.455642000000003 30.156969000000004 63.415359500000008 128.48470300000002 0.54242272849842277 20.516159828312226 23.575320500000004 -42.643881627988328 14.833208000000003 215.58836400000004
decision_type=2 2 2 2 2 2 2 2 2 2 2 2 2 2
left_child=1 -1 -2 -3 -5 -6 7 9 12 11 -11 -4 -9 -14
right_child=2 3 6 4 5 -7 -8 8 -10 10 -12 -13 13 -15
leaf_value=-0.0042726512395305609 -0.001651835592637364 -0.0023203933752421867 0.0037912338463674412 0.39555045061107458 -0.0046473666264302514 2.6766186737862188 -0.0028185625860614573 -0.0051260866868712094 0.015709711972663049 0.072464522565246159 0.0032806599736366062 -0.00030446344386948488 0.0044047791539750004 0.024637274241626646
leaf_weight=61009 37574 12895 6555 757 1964 196 23957 10164 7488 684 8224 93507 71175 6727
leaf_count=61009 37574 12895 6555 757 1964 196 23957 10164 7488 684 8224 93507 71175 6727
internal_value=-0.00784284 -0.0366176 0.000465618 -0.0235669 -0.0099143 -0.0179259 0.00149737 0.00199957 0.00393495 0.000302469 0.0080916 -0.000390958 0.00306225 0.00387667
internal_weight=342876 76821 266055 15812 2917 2160 228481 204524 95554 108970 8908 100062 88066 77902
internal_count=342876 76821 266055 15812 2917 2160 228481 204524 95554 108970 8908 100062 88066 77902
is_linear=0
shrinkage=0.04


Tree=73
num_leaves=15
num_cat=0
split_feature=2 3 2 8 3 3 3 2 0 3 1 3 0 3
split_gain=51025.7 1986.19 1148.95 414.273 329.857 422.062 293.347 307.217 379.534 566.139 412.6 380.944 371.888 272.293
threshold=52.436906500000006 1.0000000180025095e-35 78.15543000000001 0.99933583185599162 30.156969000000004 21.579585500000004 201.74619950000002 151.512978 12.666224455891294 14.058212000000003 39.500921421152654 36.252967500000004 7.5842330084380833 4.6544990000000013
decision_type=2 2 2 2 2 2 2 2 2 2 2 2 2 2
left_child=1 -1 -2 4 5 -3 7 8 10 -10 13 -12 -9 -4
right_child=2 3 6 -5 -6 -7 -8 12 9 -11 11 -13 -14 -15
leaf_value=-0.004101745189949337 -0.0016504396373160902 -0.0010376065636337195 0.012020106227316911 -0.0022184533612102796 2.5671486839148487 -0.0044614719613730357 -0.041371303311699685 0.0042835989593362055 0.041634739823819107 0.0020367797345268992 0.08119369337345915 0.0028758484398844165 0.020066761632176845 -0.00054648720950988276
leaf_weight=61023 38736 1896 1313 11468 193 1032 3273 74690 1188 30836 769 9689 3066 103887
leaf_count=61023 38736 1896 1313 11468 193 1032 3273 74690 1188 30836 769 9689 3066 103887
internal_value=-0.00781708 -0.0368301 0.000385422 -0.0235712 -0.0106504 -0.0139891 0.00146438 0.00163699 0.000565539 0.00441919 -0.000501478 0.00707592 0.003672 -0.00125475
internal_weight=343059 75612 267447 14589 3121 2928 228711 225438 147682 32024 115658 10458 77756 105200
internal_count=343059 75612 267447 14589 3121 2928 228711 225438 147682 32024 115658 10458 77756 105200
is_linear=0
shrinkage=0.04


Tree=74
num_leaves=15
num_cat=0
split_feature=2 3 2 8 3 3 2 0 3 2 3 0 1 3
split_gain=50809.8 2064.1 1044.94 374.541 323.765 412.582 308.249 335.582 726.124 416.87 311.212 338.209 297.862 1308.96
threshold=52.436906500000006 1.0000000180025095e-35 78.15543000000001 0.99933583185599162 30.156969000000004 21.579585500000004 243.19696800000003 10.69153608870282 14.058212000000003 120.32559200000001 17.246677500000001 14.492034315738911 27.600926392723071 25.019422500000001
decision_type=2 2 2 2 2 2 2 2 2 2 2 2 2 2
left_child=1 -1 -2 4 5 -3 7 12 -9 10 11 -10 -4 -14
right_child=2 3 6 -5 -6 -7 -8 8 9 -11 -12 -13 13 -15
leaf_value=-0.0039376753823513692 -0.001562168190108233 -0.0012804927506122965 -0.00012567347899558267 -0.0021200759636087964 2.4293181708475471 -0.0042830130829181103 0.026941723951039311 0.031395035050862469 -0.012314748049542237 0.0085680973968640835 0.0011157746143954973 0.016408066506976401 0.065400640651086916 0.00082181956476574231
leaf_weight=61035 38811 1901 153573 11500 187 1056 4463 2357 4216 11279 26456 927 2425 22693
leaf_count=61035 38811 1901 153573 11500 187 1056 4463 2357 4216 11279 26456 927 2425 22693
internal_value=-0.00783122 -0.0367642 0.000363473 -0.0232778 -0.0110433 -0.0142712 0.00139464 0.00118718 0.00426484 0.00307664 0.000720276 -0.0082831 0.000408079 0.00444621
internal_weight=342879 75679 267200 14644 3144 2957 228389 223926 45235 42878 31599 5143 178691 25118
internal_count=342879 75679 267200 14644 3144 2957 228389 223926 45235 42878 31599 5143 178691 25118
is_linear=0
shrinkage=0.04


Tree=75
num_leaves=15
num_cat=0
split_feature=2 3 2 8 3 3 2 0 3 8 3 2 8 10
split_gain=50470.2 2171.19 1005.31 377.736 321.163 415.918 288.939 291.56 596.205 342.495 547.269 320.762 274.677 272.777
threshold=52.436906500000006 1.0000000180025095e-35 78.15543000000001 0.99933583185599162 30.156969000000004 21.184137500000002 243.19696800000003 12.666224455891294 14.152561000000002 0.9967562819849356 32.994084500000007 120.32559200000001 0.90096526432647839 -41.688497691338782
decision_type=2 2 2 2 2 2 2 2 2 2 2 2 2 2
left_child=1 -1 -2 4 5 -3 7 9 -9 12 -11 -10 13 -4
right_child=2 3 6 -5 -6 -7 -8 8 11 10 -12 -13 -14 -15
leaf_value=-0.0037801683670573107 -0.0015301455985550704 -0.00067113037853946619 0.004255161333383382 -0.0020452593145911546 2.3316800509472388 -0.004111692559601394 0.025603172618986619 0.041376697981896325 0.00063463076378912793 -0.0011053052781854044 -0.016182031508147642 0.009317457110508633 0.0015848502014815535 0.00019592530737356674
leaf_weight=61024 38762 1838 7990 11474 189 1116 4442 1406 23784 12719 938 7654 5567 164140
leaf_count=61024 38762 1838 7990 11474 189 1116 4442 1406 23784 12719 938 7654 5567 164140
internal_value=-0.00783587 -0.0366833 0.000324306 -0.0228364 -0.0105504 -0.0137847 0.00133415 0.001134 0.00461576 0.000536388 -0.00556784 0.00347605 0.00100553 0.00072271
internal_weight=343043 75641 267402 14617 3143 2954 228640 224198 32844 191354 13657 31438 177697 172130
internal_count=343043 75641 267402 14617 3143 2954 228640 224198 32844 191354 13657 31438 177697 172130
is_linear=0
shrinkage=0.04


Tree=76
num_leaves=15
num_cat=0
split_feature=2 7 2 9 0 2 10 1 0 8 9 2 5 8
split_gain=50255.3 2264.46 914.62 345.126 284.157 297.578 399.505 325.87 318.778 207.615 284.247 206.515 195.139 192.829
threshold=52.436906500000006 1.0000000180025095e-35 78.15543000000001 0.00022682490821868131 18.533773768945903 151.512978 132.47007150000005 39.500921421152654 8.958248279549915 0.99998656833563571 1.9337992252621564e-05 266.41374200000001 1.0000000180025095e-35 0.33671309299608082
decision_type=2 2 2 2 2 2 2 2 2 2 2 2 2 2
left_child=1 -1 9 -3 5 7 8 -4 11 10 -2 -7 -5 -12
right_child=2 3 4 12 -6 6 -8 -9 -10 -11 13 -13 -14 -15
leaf_value=-0.0036289616323750096 -0.0038910047869456666 -0.0019619421365875845 -0.00032477555796681215 5.0905158496076188 0.0041798327399921176 0.0040478783819854411 -0.010392629221419446 0.0036864430162087424 0.021234537693920207 -0.0011922226249508673 0.0043951825832757741 0.039962723196832133 -0.0039472248572173466 -0.0020840446810496704
leaf_weight=61150 1053 11212 124326 115 12554 69305 7965 11260 2006 28704 575 1112 3244 8536
leaf_count=61150 1053 11212 124326 115 12554 69305 7965 11260 2006 28704 575 1112 3244 8536
internal_value=-0.0078561 -0.0366234 0.000290206 -0.0224528 0.00125499 0.000914925 0.00284321 -0.000228342 0.00377836 -0.00538232 -0.0102952 0.00333045 -0.0112057 -0.00802107
internal_weight=343117 75721 267396 14571 228528 215974 80388 135586 72423 38868 10164 70417 3359 9111
internal_count=343117 75721 267396 14571 228528 215974 80388 135586 72423 38868 10164 70417 3359 9111
is_linear=0
shrinkage=0.04


Tree=77
num_leaves=15
num_cat=0
split_feature=2 3 2 9 3 3 10 2 8 0 3 3 10 2
split_gain=50068.3 2330.06 845.405 342.843 321.568 389.75 271.766 362.108 437.935 305.585 309.154 272.393 454.292 395.365
threshold=52.436906500000006 1.0000000180025095e-35 78.15543000000001 0.00022682490821868131 30.156969000000004 22.398113000000006 63.415359500000008 130.35334050000003 0.54242272849842277 20.516159828312226 23.575320500000004 14.833208000000003 -15.540393857392088 215.58836400000004
decision_type=2 2 2 2 2 2 2 2 2 2 2 2 2 2
left_child=1 -1 -2 -3 5 -5 7 9 11 -4 -11 12 -9 -13
right_child=2 3 6 4 -6 -7 -8 8 -10 10 -12 13 -14 -15
leaf_value=-0.0034838031670800084 -0.0013892463504041697 -0.0018779283717173456 -0.0001336994126813293 -0.0021353634351919571 2.2171852398567631 -0.0037893358629286491 -0.0027022787390521153 0.073067203046603912 0.01408547610459193 0.069273886750409283 0.002697822440675499 0.0042711680930795628 -0.0088767597127705766 0.022577199540076621
leaf_weight=60972 38843 11239 104286 2262 187 899 23920 680 7068 708 8260 67530 9247 6698
leaf_count=60972 38843 11239 104286 2262 187 899 23920 680 7068 708 8260 67530 9247 6698
internal_value=-0.00781484 -0.0365643 0.000313725 -0.0222033 -0.0109677 -0.0139829 0.00124152 0.00171344 0.00358901 0.00020273 0.00728814 0.00278581 -0.00343709 0.00361804
internal_weight=342799 75559 267240 14587 3348 3161 228397 204477 91223 113254 8968 84155 9927 74228
internal_count=342799 75559 267240 14587 3348 3161 228397 204477 91223 113254 8968 84155 9927 74228
is_linear=0
shrinkage=0.04


Tree=78
num_leaves=15
num_cat=0
split_feature=2 3 2 9 3 3 2 0 3 2 1 3 2 3
split_gain=49763.8 2501.59 788.976 317.752 326.782 428.572 262.089 268.852 664.346 347.101 275.974 1291.55 386.532 270.647
threshold=52.436906500000006 1.0000000180025095e-35 78.15543000000001 0.00051179489464886496 30.156969000000004 21.184137500000002 243.19696800000003 10.69153608870282 14.058212000000003 120.32559200000001 27.600926392723071 24.333761000000006 147.88470500000003 201.74619950000002
decision_type=2 2 2 2 2 2 2 2 2 2 2 2 2 2
left_child=1 -1 -2 -3 5 -5 7 10 -9 -10 12 -12 -4 -14
right_child=2 3 6 4 -6 -7 -8 8 9 -11 11 -13 13 -15
leaf_value=-0.0033444510403968053 -0.0013399232622989742 -0.0018179269747636885 -0.00079937689221483031 -0.00055160495323471894 2.1255372186059067 -0.0036377624284114952 0.023639767838991136 0.02852665061714954 0.00022682600094902085 0.0074138561285950286 0.072278350964884996 0.000911102105285484 0.0027738450679075121 -0.036929215277270708
leaf_weight=61037 38703 11397 76782 1887 193 1132 4421 2362 31636 11267 1959 23274 73926 2834
leaf_count=61037 38703 11397 76782 1887 193 1132 4421 2362 31636 11267 1959 23274 73926 2834
internal_value=-0.00780047 -0.0364413 0.000309024 -0.021573 -0.0104608 -0.0136867 0.00120371 0.00101339 0.00376715 0.00263012 0.000316152 0.00419292 -0.000320955 0.00168629
internal_weight=342810 75646 267164 14609 3212 3019 228461 224040 45265 42903 178775 25233 153542 76760
internal_count=342810 75646 267164 14609 3212 3019 228461 224040 45265 42903 178775 25233 153542 76760
is_linear=0
shrinkage=0.04


Tree=79
num_leaves=15
num_cat=0
split_feature=2 3 2 6 10 2 8 0 3 10 1 3 1 3
split_gain=49479.8 2664.25 721.005 295.662 251.748 331.374 431.64 275.57 311.495 252.868 240.667 234.81 233.607 496.977
threshold=52.436906500000006 1.0000000180025095e-35 78.15543000000001 1.0000000180025095e-35 63.415359500000008 128.06096650000003 0.54242272849842277 20.516159828312226 23.037687500000004 56.667567000000012 41.979986407112854 36.657734000000012 29.223605459107528 25.538602000000004
decision_type=2 2 2 2 2 2 2 2 2 2 2 2 2 2
left_child=1 -1 -2 -3 5 7 9 10 -9 12 -4 -12 -7 -14
right_child=2 3 4 -5 -6 6 -8 8 -10 -11 11 -13 13 -15
leaf_value=-0.0032106729987809324 -0.0012707335124764029 -0.0018877739596157373 -0.00032210066297171048 4.3904907927516863 -0.0026156884802415979 0.0026902140343562485 0.013031363637681209 0.071856151146480418 0.00273894644965218 0.069048699291036686 0.093543372821150647 0.0024095759292391116 0.0777699135664007 0.0047664607633019877
leaf_weight=61020 38900 14534 91918 126 23923 81629 7826 527 8399 1162 353 6688 1032 5152
leaf_count=61020 38900 14534 91918 126 23923 81629 7826 527 8399 1162 353 6688 1032 5152
internal_value=-0.0077661 -0.0363214 0.000312363 -0.0210095 0.00116898 0.00162278 0.00332187 9.82528e-05 0.00682949 0.0025297 -0.000508898 0.00661838 0.0022844 0.00978008
internal_weight=343189 75680 267509 14660 228609 204686 96801 107885 8926 88975 98959 7041 87813 6184
internal_count=343189 75680 267509 14660 228609 204686 96801 107885 8926 88975 98959 7041 87813 6184
is_linear=0
shrinkage=0.04


Tree=80
num_leaves=15
num_cat=0
split_feature=2 7 2 9 10 2 0 1 0 0 2 2 2 5
split_gain=49310.3 2758.08 668.439 291.061 265.126 275.278 322.475 275.712 270.709 253.233 373.445 266.544 247.768 197.008
threshold=52.436906500000006 1.0000000180025095e-35 81.77719900000001 0.00022682490821868131 63.415359500000008 147.09811400000004 7.4593536767452422 41.979986407112854 20.516159828312226 4.7041222305764743 56.337551000000012 53.414215000000006 143.26065800000001 1.0000000180025095e-35
decision_type=2 2 2 2 2 2 2 2 2 2 2 2 2 2
left_child=1 -1 9 -3 5 7 -7 8 -4 10 11 -2 -6 -5
right_child=2 3 4 13 12 6 -8 -9 -10 -11 -12 -13 -14 -15
leaf_value=-0.0030822460788296978 -0.0013402847452218048 -0.0016616260843001296 -0.0001393503763715165 4.5235109025507478 -0.015981244461189918 0.0055509530664566917 0.01691269025004374 0.0040601154366700773 0.004172069780169165 -3.537239373776702e-05 -0.0032702414505919909 0.00049828299282292929 -0.001255626636559548 -0.0034167409728904021
leaf_weight=61038 3437 11242 117041 120 2299 61500 3772 8352 8699 16025 16884 7832 21639 3245
leaf_count=61038 3437 11242 117041 120 2299 61500 3772 8352 8699 16025 16884 7832 21639 3245
internal_value=-0.0077496 -0.0362636 0.000314341 -0.0206504 0.00120375 0.00168135 0.00381174 0.000644334 0.000176873 -0.00418127 -0.0064661 -0.000827048 -0.00277383 -0.0103299
internal_weight=343125 75645 267480 14607 223302 199364 65272 134092 125740 44178 28153 11269 23938 3365
internal_count=343125 75645 267480 14607 223302 199364 65272 134092 125740 44178 28153 11269 23938 3365
is_linear=0
shrinkage=0.04


Tree=81
num_leaves=15
num_cat=0
split_feature=2 3 2 5 2 3 10 2 10 3 3 9 3 3
split_gain=49150.7 2858.21 635.405 270.863 247.672 227.273 277.325 303.509 227.682 226.25 210.683 192.168 263.74 285.76
threshold=52.436906500000006 1.0000000180025095e-35 78.15543000000001 1.0000000180025095e-35 266.41374200000001 17.893059500000003 -4.5126027744939412 56.337551000000012 -2.7123762602605939 201.74619950000002 4.7316145000000001 0.00022682490821868131 11.455642000000003 30.156969000000004
decision_type=2 2 2 2 2 2 2 2 2 2 2 2 2 2
left_child=1 -1 5 -3 9 6 10 -8 -9 -4 -2 -5 -13 -14
right_child=2 3 4 11 -6 -7 7 8 -10 -11 -12 12 13 -15
leaf_value=-0.0029589562356765065 0.028575689362447424 3.7389463789382731 0.00064995265736082612 -0.0015952549889258272 0.03745081835113738 -0.0017662346125778417 0.00047251615668177929 -0.0004096141503331552 -0.0059981770709524483 -0.037565522728194849 0.002184662549289609 0.00032777667538583802 -0.0032800713339747921 1.9469541205411074
leaf_weight=61080 416 126 224127 11228 1102 16717 6520 5324 5039 3290 4749 1237 1887 120
leaf_count=61080 416 126 224127 11228 1102 16717 6520 5324 5039 3290 4749 1237 1887 120
internal_value=-0.00774173 -0.0361997 0.000315769 -0.0202987 0.00111903 -0.00441945 -0.00175254 -0.00423384 -0.00848789 0.00102736 0.00635818 -0.0208071 -0.0122318 -0.0211858
internal_weight=342962 75678 267284 14598 228519 38765 22048 16883 10363 227417 5165 14472 3244 2007
internal_count=342962 75678 267284 14598 228519 38765 22048 16883 10363 227417 5165 14472 3244 2007
is_linear=0
shrinkage=0.04


Tree=82
num_leaves=15
num_cat=0
split_feature=2 3 2 5 10 2 8 3 10 2 2 10 3 3
split_gain=48715.2 3004.53 615.966 267.141 223.106 311.269 392.039 259.298 398.981 360.36 235.179 227.285 359.289 229.247
threshold=52.436906500000006 1.0000000180025095e-35 78.15543000000001 1.0000000180025095e-35 63.415359500000008 130.35334050000003 0.54242272849842277 14.833208000000003 12.751191500000003 235.79741650000003 143.26065800000001 -29.464022871728393 25.195417000000003 17.893059500000003
decision_type=2 2 2 2 2 2 2 2 2 2 2 2 2 2
left_child=1 -1 -2 -3 5 -4 7 8 -7 11 -6 12 -9 -13
right_child=2 3 4 -5 10 6 -8 9 -10 -11 -12 13 -14 -15
leaf_value=-0.0028405979862494491 -0.0011427836788563007 3.5826093489760549 2.6129175268968518e-05 -0.0016946947588512185 -0.015224312734697581 0.01654131414256944 0.012763832815433904 0.086954241690674047 -0.013669187977988885 0.030739711022738234 -0.0011692449491133821 0.00979149112034821 0.0073160994236750867 0.0016236615495372276
leaf_weight=61030 38696 129 113428 14448 2331 2518 7058 742 7392 3258 21597 10738 4091 55440
leaf_count=61030 38696 129 113428 14448 2331 2518 7058 742 7392 3258 21597 10738 4091 55440
internal_value=-0.00775512 -0.036103 0.000263535 -0.0197873 0.00105358 0.00148086 0.00322018 0.00246095 -0.00361655 0.00327189 -0.00260114 0.00267508 0.011049 0.00206353
internal_weight=342896 75607 267289 14577 228593 204665 91237 84179 9910 74269 23928 71011 4833 66178
internal_count=342896 75607 267289 14577 228593 204665 91237 84179 9910 74269 23928 71011 4833 66178
is_linear=0
shrinkage=0.04


Tree=83
num_leaves=15
num_cat=0
split_feature=3 2 2 5 3 8 3 2 0 3 3 10 2 3
split_gain=48320.4 3345.53 463.171 266.43 255.93 258.227 252.494 221.142 214.051 664.162 317.815 436.637 434.886 309.236
threshold=1.0000000180025095e-35 52.789633000000009 78.15543000000001 1.0000000180025095e-35 23.037687500000004 0.99998656833563571 11.123720500000003 266.41374200000001 10.69153608870282 13.960087000000003 17.246677500000001 -13.961124257453173 156.57775850000004 15.938670500000002
decision_type=2 2 2 2 2 2 2 2 2 2 2 2 2 2
left_child=-1 3 -3 -2 5 -5 -7 8 -4 -10 11 13 -12 -11
right_child=1 2 7 4 -6 6 -8 -9 9 10 12 -13 -14 -15
leaf_value=-0.0027269740667994749 3.4366932806810753 -0.0010371148276543396 0.00014957712200398989 -0.0014912563337315455 -0.0026309853567112818 -0.0014130850694496645 -0.00129999218120469 0.035195650099094207 0.029827778987863925 0.021680542623765078 0.0016966818261061124 -0.016311243801859068 0.024154118147488371 -0.010901160879734818
leaf_weight=61033 136 37587 182276 3197 2758 6919 2697 1083 2191 1375 36449 3587 643 1084
leaf_count=61033 136 37587 182276 3197 2758 6919 2697 1083 2191 1375 36449 3587 643 1084
internal_value=-0.00773016 -0.00074558 0.000312609 -0.0186847 -0.0191715 -0.0167923 -0.0200666 0.000988946 0.000903144 0.00336297 0.00227178 -0.00623222 0.00365793 0.00675071
internal_weight=343015 281982 266275 15707 15571 12813 9616 228688 227605 45329 43138 6046 37092 2459
internal_count=343015 281982 266275 15707 15571 12813 9616 228688 227605 45329 43138 6046 37092 2459
is_linear=0
shrinkage=0.04


Tree=84
num_leaves=15
num_cat=0
split_feature=3 9 1 0 3 8 3 3 0 10 3 3 1 10
split_gain=48353.2 1457.73 1392.89 495.342 398.191 315.103 212.759 204.548 290.148 195.187 380.722 259.966 1745.99 277.022
threshold=1.0000000180025095e-35 0.00022682490821868131 0.83879068033061921 13.523572784260333 15.040453500000002 0.99998656833563571 201.74619950000002 4.6544990000000013 2.5715067264582978 -34.845199639060105 34.774229000000012 22.305571000000004 22.849829795685704 15.151885000000002
decision_type=2 2 2 2 2 2 2 2 2 2 2 2 2 2
left_child=-1 2 -2 5 -5 -4 9 8 -7 10 -3 12 13 -11
right_child=1 6 3 4 -6 7 -8 -9 -10 11 -12 -13 -14 -15
leaf_value=-0.0026178951041274877 -0.0014336328565520517 0.058863270256065921 -0.0023743512891225204 0.033582896417900542 0.001502271613268218 -0.00088260195067116018 -0.036001294011469738 -0.0012290975754919908 0.018478866272665182 -0.00020312729633079174 0.001768357536064742 -0.00020961802567530331 0.064114337200047361 0.010904459625907475
leaf_weight=61052 11111 1295 6191 1217 8323 1095 3230 36454 1382 49651 17131 124824 3798 16145
leaf_count=61052 11111 1295 6191 1217 8323 1095 3230 36454 1382 49651 17131 124824 3798 16145
internal_value=-0.00772647 -0.000735576 -0.00594955 -0.00332516 0.00495597 -0.00507602 0.00085156 -0.00374303 0.0073799 0.00100618 0.00494084 0.000633275 0.00259218 0.00106997
internal_weight=342899 281847 65773 54662 9540 45122 216074 38931 2477 212844 18426 194418 69594 65796
internal_count=342899 281847 65773 54662 9540 45122 216074 38931 2477 212844 18426 194418 69594 65796
is_linear=0
shrinkage=0.04


Tree=85
num_leaves=15
num_cat=0
split_feature=3 2 2 5 10 3 2 10 2 3 9 3 9 2
split_gain=48535.9 2980.65 411.721 353.345 349.685 483.17 469.936 293.846 313.867 284.977 407.438 368.743 318.734 280.402
threshold=1.0000000180025095e-35 52.789633000000009 112.96004100000002 1.0000000180025095e-35 -4.6455314349201275 5.1290055000000008 56.337551000000012 63.415359500000008 134.95728300000005 38.421823500000009 0.023956676736123065 54.134553000000004 0.30481160921981099 74.784225500000005
decision_type=2 2 2 2 2 2 2 2 2 2 2 2 2 2
left_child=-1 -2 3 -3 5 -5 -6 -4 -9 -7 11 -11 13 -12
right_child=1 2 7 4 6 9 -8 8 -10 10 12 -13 -14 -15
leaf_value=-0.0025131792999623847 -0.0014884233353206699 0.2735733039610827 0.0023069757353004405 0.019983594904001326 0.0002266864575862293 0.00025109458639519064 -0.0028248623302243227 -0.025167348780558148 -0.0015900646253091777 -0.0021236342965769016 -0.0045200486976985626 -0.015389227735651489 -0.0014726201313943422 0.00066587404063423122
leaf_weight=61142 15700 675 145141 1241 9991 46067 18869 836 22853 3826 389 1155 8031 7343
leaf_count=61142 15700 675 145141 1241 9991 46067 18869 836 22853 3826 389 1155 8031 7343
internal_value=-0.00769087 -0.00068865 0.00030944 -0.00175884 -0.00195972 -0.000394992 -0.00564934 0.00150495 -0.00262569 -0.00085435 -0.0047474 -0.0147199 -0.00159614 0.00420072
internal_weight=343259 282117 266417 97587 96912 68052 28860 168830 23689 66811 20744 4981 15763 7732
internal_count=343259 282117 266417 97587 96912 68052 28860 168830 23689 66811 20744 4981 15763 7732
is_linear=0
shrinkage=0.04


Tree=86
num_leaves=15
num_cat=0
split_feature=3 2 2 3 8 3 1 8 2 0 8 3 2 8
split_gain=48396.4 2829.64 378.441 267.29 267.152 281.845 352.943 311.955 255.746 411.802 247.73 221.893 212.652 208.531
threshold=1.0000000180025095e-35 52.789633000000009 74.784225500000005 23.037687500000004 0.99998656833563571 17.246677500000001 2.6461721845356556 0.33671309299608082 56.337551000000012 2.8489381997456507 0.99998656833563571 11.123720500000003 266.41374200000001 0.99999990486857915
decision_type=2 2 2 2 2 2 2 2 2 2 2 2 2 2
left_child=-1 3 4 10 5 6 -3 -7 -6 -10 -2 -12 -4 -11
right_child=1 2 12 -5 8 7 -8 -9 9 13 11 -13 -14 -15
leaf_value=-0.0024126521279638881 -0.0013411992511647508 -0.0057622905517399747 0.00038839400824557834 -0.0023715623494929752 0.00066098143043645584 0.0043829322757566146 0.013536755858556973 -0.0031773286411722703 -0.0050909197260223934 0.0054221263073477525 -0.0012446623672999913 -0.0011306858612107895 0.033799153109866559 -0.00051871011087597065
leaf_weight=60979 3281 1340 232070 2820 8144 574 635 5873 4806 325 6959 2676 1089 11470
leaf_count=60979 3281 1340 232070 2820 8144 574 635 5873 4806 325 6959 2676 1089 11470
internal_value=-0.00768713 -0.000701406 0.000272448 -0.0171835 -0.00372539 -0.00987889 0.00334177 -0.013929 -0.00163104 -0.00447925 -0.0147476 -0.0179803 0.000841143 -0.000457821
internal_weight=343041 282062 266326 15736 33167 8422 1975 6447 24745 16601 12916 9635 233159 11795
internal_count=343041 282062 266326 15736 33167 8422 1975 6447 24745 16601 12916 9635 233159 11795
is_linear=0
shrinkage=0.04


Tree=87
num_leaves=15
num_cat=0
split_feature=3 8 1 3 3 3 10 3 3 8 1 3 3 0
split_gain=48463.7 1241.83 1199.46 422.558 397.689 440.359 362.667 373.944 355.956 258.08 266.848 314.289 298.887 256.538
threshold=1.0000000180025095e-35 0.99972340765701306 1.7880482079226627 52.624740500000009 23.037687500000004 9.7908195000000013 -13.429776983016501 15.040453500000002 5.2089450000000008 0.8795435766256946 6.6128015113667749 17.375586500000004 11.455642000000003 4.7041222305764743
decision_type=2 2 2 2 2 2 2 2 2 2 2 2 2 2
left_child=-1 9 4 6 5 -3 7 -4 13 -2 11 12 -11 -8
right_child=1 2 3 -5 -6 -7 8 -9 -10 10 -12 -13 -14 -15
leaf_value=-0.0023161460428453395 0.00018565824713729696 -0.0013739234571416858 0.030480141774788409 -0.023767588659952887 -0.0018491684180428436 -0.0006271479277095704 0.00091020094970313721 0.0019441815631724574 -0.0014279128407073205 -0.00089790993164756694 0.0026644808252172859 -0.0025951506730390707 0.0057970960695681306 0.022410027813032744
leaf_weight=61019 193452 11026 1309 604 2197 8259 3709 8314 29646 2167 16801 2113 1097 1013
leaf_count=61019 193452 11026 1309 604 2197 8259 3709 8314 29646 2167 16801 2113 1097 1013
internal_value=-0.00768077 -0.000680281 -0.00547785 -0.00173741 -0.0132427 -0.0114058 -0.00128117 0.00558246 -0.00320298 0.000789872 0.00487691 -0.00287893 0.00490196 0.00699704
internal_weight=342726 281707 66077 44595 21482 19285 43991 9623 34368 215630 22178 5377 3264 4722
internal_count=342726 281707 66077 44595 21482 19285 43991 9623 34368 215630 22178 5377 3264 4722
is_linear=0
shrinkage=0.04


Tree=88
num_leaves=15
num_cat=0
split_feature=3 2 2 10 0 3 2 1 3 10 2 1 3 3
split_gain=48539.1 2539.24 380.236 302.533 335.104 459.849 387.121 293.558 292.896 289.213 326.678 274.053 278.786 269.481
threshold=1.0000000180025095e-35 52.789633000000009 113.26869550000002 -0.22910287439956287 4.7041222305764743 13.960087000000003 56.337551000000012 13.15560952632176 22.845089500000004 63.415359500000008 134.95728300000005 2.9031956469159428 4.5765505000000006 4.9717675000000012
decision_type=2 2 2 2 2 2 2 2 2 2 2 2 2 2
left_child=-1 8 3 4 6 7 -3 13 -2 -4 -11 -8 -13 -6
right_child=1 2 9 -5 5 -7 11 -9 -10 10 -12 12 -14 -15
leaf_value=-0.0022235002011315253 -0.001134504138492578 0.00030143105785388261 0.0022423827941700216 0.2203988362014071 0.024366965023448116 -0.00031098132405270372 -0.0041861293019069112 0.030607769110876648 -0.002178319814866052 -0.024158306403193715 -0.0016076697893866365 0.014799485484950784 -0.0010959884714458468 0.0019858021488208073
leaf_weight=61003 12782 10005 143817 690 834 52871 8002 1153 2879 831 22960 823 18602 5816
leaf_count=61003 12782 10005 143817 690 834 52871 8002 1153 2879 831 22960 823 18602 5816
internal_value=-0.007647 -0.000649921 0.000270266 -0.00169804 -0.00188368 -4.74668e-05 -0.00486001 0.00901704 -0.0163029 0.00143048 -0.00265479 -0.00731688 -0.00475058 0.00578647
internal_weight=343068 282065 266404 98796 98106 60674 37432 7803 15661 167608 23791 27427 19425 6650
internal_count=343068 282065 266404 98796 98106 60674 37432 7803 15661 167608 23791 27427 19425 6650
is_linear=0
shrinkage=0.04


Tree=89
num_leaves=15
num_cat=0
split_feature=7 2 2 10 8 10 2 8 8 8 1 2 10 8
split_gain=48473.6 2378.16 374.253 296.631 291.143 285.522 482.795 240.007 232.504 331.212 238.888 255.664 232.206 231.245
threshold=1.0000000180025095e-35 52.789633000000009 114.75273500000002 -0.22910287439956287 0.54242272849842277 -4.6455314349201275 56.337551000000012 0.69757265653845846 0.97257301582226285 0.89635418343468509 11.034403060343573 74.784225500000005 -13.429776983016501 0.99999990486857915
decision_type=2 2 2 2 2 2 2 2 2 2 2 2 2 2
left_child=-1 -2 3 5 -4 7 -7 -3 9 10 11 -9 13 -10
right_child=1 2 4 -5 -6 6 -8 8 12 -11 -12 -13 -14 -15
leaf_value=-0.0021345601930862659 -0.0012700477716655455 -0.0013052317244027431 0.00084101856960695721 0.17703160831737907 0.0055404976934018135 0.0003017385544181561 -0.0024909202184992107 -0.0042336618440027432 -0.0066527542631686235 0.0026961991541391049 -0.0014402147017238687 0.00050403219497274331 -0.0012063057709154057 0.0059601307935794002
leaf_weight=60969 15747 25510 142648 757 19527 10069 18802 205 2556 7468 7316 4362 20569 6524
leaf_count=60969 15747 25510 142648 757 19527 10069 18802 205 2556 7468 7316 4362 20569 6524
internal_value=-0.00765824 -0.000667376 0.000225749 -0.00164551 0.00142735 -0.00182819 -0.00520522 -0.000519662 0.00111837 0.00452896 0.000380375 0.00755857 -0.00110763 0.00422026
internal_weight=343029 282060 266313 104138 162175 103381 28871 74510 49000 19351 11883 4567 29649 9080
internal_count=343029 282060 266313 104138 162175 103381 28871 74510 49000 19351 11883 4567 29649 9080
is_linear=0
shrinkage=0.04


Tree=90
num_leaves=15
num_cat=0
split_feature=3 2 2 3 10 2 10 0 3 2 1 0 8 3
split_gain=48530 2236.96 338.618 314.537 266.188 316.236 257.881 261.992 396.268 315.238 275.579 265.509 248.384 237.158
threshold=1.0000000180025095e-35 52.789633000000009 113.26869550000002 21.295840500000004 63.415359500000008 134.95728300000005 -0.22910287439956287 4.7041222305764743 13.767400500000003 56.337551000000012 2.9031956469159428 12.328193459051866 0.99998656833563571 4.5765505000000006
decision_type=2 2 2 2 2 2 2 2 2 2 2 2 2 2
left_child=-1 3 6 12 -4 -6 7 9 11 -3 -11 -9 -2 -12
right_child=1 2 4 -5 5 -7 -8 8 -10 10 13 -13 -14 -15
leaf_value=-0.0020491777853628079 -0.00034511053913124814 0.00026262129396412707 0.00211217248161085 -0.0021455269462140646 -0.023146563661467615 -0.0015616230957556244 0.19532518163750559 0.0049651841598800399 -0.00031865660382170537 -0.0038940768317829956 0.014656152646952365 0.033136611679196584 -0.001019246276502237 -0.00094859244814205824
leaf_weight=60972 2859 10048 143748 3490 829 22920 701 6309 53447 7983 822 909 9420 18533
leaf_count=60972 2859 10048 143748 3490 829 22920 701 6309 53447 7983 822 909 9420 18533
internal_value=-0.00764081 -0.000644782 0.000222198 -0.0152832 0.00131752 -0.00260558 -0.00163561 -0.00180845 -0.00018528 -0.0044423 -0.00666911 0.0086118 -0.0122714 -0.0040899
internal_weight=342990 282018 266249 15769 167497 23749 98752 98051 60665 37386 27338 7218 12279 19355
internal_count=342990 282018 266249 15769 167497 23749 98752 98051 60665 37386 27338 7218 12279 19355
is_linear=0
shrinkage=0.04


Tree=91
num_leaves=15
num_cat=0
split_feature=3 2 2 10 3 10 3 0 10 3 3 3 3 10
split_gain=48464.6 2144.91 355.816 385.253 500.399 387.82 376.748 339.897 322.984 1274.9 570.881 314.09 298.598 286.711
threshold=1.0000000180025095e-35 52.789633000000009 147.09811400000004 -4.6455314349201275 13.960087000000003 -13.60288251495923 4.8136495000000012 8.958248279549915 -22.101432053955183 23.762452500000002 28.733925000000003 33.587307000000003 22.398113000000006 -36.864526787935979
decision_type=2 2 2 2 2 2 2 2 2 2 2 2 2 2
left_child=-1 12 3 4 5 -3 -7 -4 9 -6 -11 13 -2 -12
right_child=1 2 7 -5 8 6 -8 -9 -10 10 11 -13 -14 -15
leaf_value=-0.0019672106739482944 -0.00099521840303511415 0.031811147212028719 0.0026029023054065649 -0.0012723605942185601 0.035483279409446081 0.033037290147886714 0.0017637377951033196 0.016791854258693811 -0.00067528289058940488 -0.012938204886447048 0.091008774504224288 0.0001934689631079256 -0.0020171144175769396 0.0052856824916048843
leaf_weight=60918 12701 2101 83605 42706 5828 1036 9393 2506 70910 8412 650 35740 3051 3252
leaf_count=60918 12701 2101 83605 42706 5828 1036 9393 2506 70910 8412 650 35740 3051 3252
internal_value=-0.00764706 -0.000655431 0.000193433 -0.000818095 0.000213804 0.007834 0.00467542 0.00230818 -0.000551317 0.00178316 -0.000359595 0.00164876 -0.0149975 0.0124244
internal_weight=342809 281891 266139 180028 137322 12530 10429 86111 124792 53882 48054 39642 15752 3902
internal_count=342809 281891 266139 180028 137322 12530 10429 86111 124792 53882 48054 39642 15752 3902
is_linear=0
shrinkage=0.04


Tree=92
num_leaves=15
num_cat=0
split_feature=3 2 3 2 9 0 3 10 3 3 2 9 10 9
split_gain=48672.1 1975.72 295.168 294.844 278.801 232.792 357.483 263.146 224.121 216.083 240.13 341.593 233.575 224.49
threshold=1.0000000180025095e-35 52.789633000000009 22.398113000000006 117.31903450000001 0.34895679354753339 6.1907696770001772 13.670727500000002 -13.429776983016501 201.74619950000002 4.6544990000000013 56.337551000000012 0.00014454752091430659 -4.2853963670353901 1.3472157433080946e-05
decision_type=2 2 2 2 2 2 2 2 2 2 2 2 2 2
left_child=-1 2 -2 5 -5 9 7 -7 -6 12 13 -12 -3 -11
right_child=1 3 -4 4 8 6 -8 -9 -10 10 11 -13 -14 -15
leaf_value=-0.0018885222469903695 -0.00094095054484305335 0.020127855182431049 -0.0018959808591358573 0.0071592630350406326 0.0011322263218912787 0.031206172961165912 -0.00018643036756089249 0.0059185670105303487 -0.036948274610288823 0.0006971154230251209 -0.0025688209537563234 -0.00028819133181348769 -0.00019205110079651533 -0.00080123929505985462
leaf_weight=61047 12658 964 3077 12727 137460 969 56903 3371 3086 7778 17661 21665 2043 1710
leaf_count=61047 12658 964 3077 12727 137460 969 56903 3371 3086 7778 17661 21665 2043 1710
internal_value=-0.00761637 -0.000607788 -0.0143807 0.000205905 0.00134897 -0.00134366 0.000325915 0.0113917 0.000835598 -0.0033168 -0.00395788 -0.00533591 0.00709012 0.00175379
internal_weight=343119 282072 15735 266337 153273 113064 61243 4340 140546 51821 48814 39326 3007 9488
internal_count=343119 282072 15735 266337 153273 113064 61243 4340 140546 51821 48814 39326 3007 9488
is_linear=0
shrinkage=0.04


Tree=93
num_leaves=15
num_cat=0
split_feature=3 2 2 0 3 0 10 3 0 3 3 8 10 3
split_gain=48618.1 1904.17 323.261 377.545 402.827 323.825 322.776 284.912 258.064 314.173 256.993 228.892 210.571 257.542
threshold=1.0000000180025095e-35 52.789633000000009 147.09811400000004 4.7041222305764743 13.767400500000003 8.958248279549915 -12.726766595408309 21.184137500000002 20.516159828312226 24.493050000000004 9.7908195000000013 0.99998656833563571 -40.418832570331027 35.527101500000008
decision_type=2 2 2 2 2 2 2 2 2 2 2 2 2 2
left_child=-1 7 3 12 6 -4 -5 11 -6 -10 -8 -2 13 -3
right_child=1 2 5 4 8 -7 10 -9 9 -11 -12 -13 -14 -15
leaf_value=-0.0018129813571107611 -0.00022602637472656008 0.093185046247266076 0.0024442982656955169 0.027303960421624619 -0.00020997378979618398 0.01584413887429003 0.014920151627656239 -0.0019377830587419976 0.05551864780627324 0.0020593088963413962 -0.0017938104353108874 -0.00091386634879430772 -0.0012408280979360952 0.0019282214297567956
leaf_weight=61149 2836 399 83354 1756 88926 2505 3217 3546 904 8251 3546 9330 71446 1838
leaf_count=61149 2836 399 83354 1756 88926 2505 3217 3546 904 8251 3546 9330 71446 1838
internal_value=-0.00766839 -0.000653956 0.000144885 -0.00081716 0.00070469 0.00216494 0.00904801 -0.0141853 -1.99835e-05 0.00637466 0.00508059 -0.0112773 -0.00301888 0.00906571
internal_weight=343003 281854 266142 180283 106600 85859 8519 15712 98081 9155 6763 12166 73683 2237
internal_count=343003 281854 266142 180283 106600 85859 8519 15712 98081 9155 6763 12166 73683 2237
is_linear=0
shrinkage=0.04


Tree=94
num_leaves=15
num_cat=0
split_feature=7 2 2 8 0 10 2 1 5 10 2 1 2 10
split_gain=48605.8 1806.99 270.854 388.386 253.483 220.702 243.468 196.804 181.658 167.95 148.355 333.501 527.373 208.967
threshold=1.0000000180025095e-35 53.120985000000005 125.57123200000002 0.54242272849842277 20.914800277044865 -28.003723347047131 193.00085450000003 48.186467165172623 1.0000000180025095e-35 178.13684800000001 56.337551000000012 2.9031956469159428 77.455845000000011 262.64325050000008
decision_type=2 2 2 2 2 2 2 2 2 2 2 2 2 2
left_child=-1 8 4 5 7 -4 -7 10 -2 -8 -3 12 -12 -14
right_child=1 2 3 -5 -6 6 9 -9 -10 -11 11 -13 13 -15
leaf_value=-0.0017404621028263279 3.2998386981870942 0.00049721430283975463 0.0065945341227748025 0.009645875485568221 0.0033081371730825327 -0.0012483204368012224 0.0038936789278939043 0.0040938721627451404 -0.0011030020934845819 -0.042140923114440981 -0.0041506505392998961 -0.00041144579873833744 0.0029737743859574685 -0.11404339578319955
leaf_weight=61052 135 8905 9741 9357 7991 78017 29524 2913 16744 370 6757 108664 2635 273
leaf_count=61052 135 8905 9741 9357 7991 78017 29524 2913 16744 370 6757 108664 2635 273
internal_value=-0.00764048 -0.000635402 0.000172433 0.00150572 -0.00105344 0.000881923 0.000361409 -0.00147802 -0.0133254 0.00343079 -0.00171338 -0.00208808 -0.00920848 0.00503439
internal_weight=343078 282026 265147 127009 138138 117652 107911 130147 16879 29894 127234 118329 9665 2908
internal_count=343078 282026 265147 127009 138138 117652 107911 130147 16879 29894 127234 118329 9665 2908
is_linear=0
shrinkage=0.04


Tree=95
num_leaves=15
num_cat=0
split_feature=3 2 3 2 1 3 2 1 9 3 3 1 3 3
split_gain=48760.2 1611.98 361.665 251.374 333.768 411.829 366.113 346.665 310.521 300.351 297.817 287.353 1110.2 443.942
threshold=1.0000000180025095e-35 53.120985000000005 21.184137500000002 147.09811400000004 4.7675744952684775 13.960087000000003 56.337551000000012 14.527012615512954 0.39374764675317142 29.360008000000004 4.9717675000000012 21.72768530454961 23.575320500000004 28.733925000000003
decision_type=2 2 2 2 2 2 2 2 2 2 2 2 2 2
left_child=-1 2 -2 4 6 7 -3 10 9 -5 -6 -7 -13 -14
right_child=1 3 -4 8 5 11 -8 -9 -10 -11 -12 12 13 -15
leaf_value=-0.001670843618713267 -0.0007620188968697583 0.00051964595606526667 -0.0018343662946650597 0.016910344657906855 0.026482663538550649 -0.00059243580685077184 -0.002472396257388152 0.036962974642694602 0.0020418185188178619 0.020713119575835642 0.0025666090073685056 0.034098874409036591 -0.011083467515895538 0.00074046054217661976
leaf_weight=61078 12962 8939 3866 1954 1070 69628 33379 1408 83412 725 9485 5899 9008 40213
leaf_count=61078 12962 8939 3866 1954 1070 69628 33379 1408 83412 725 9485 5899 9008 40213
internal_value=-0.00759802 -0.00057883 -0.0125838 0.000183162 -0.000670953 0.000289955 -0.00377523 0.00737942 0.00195932 0.0153639 0.00489247 -0.000389906 0.00176778 -0.000197477
internal_weight=343026 281948 16828 265120 179029 136711 42318 11963 86091 2679 10555 124748 55120 49221
internal_count=343026 281948 16828 265120 179029 136711 42318 11963 86091 2679 10555 124748 55120 49221
is_linear=0
shrinkage=0.04


Tree=96
num_leaves=15
num_cat=0
split_feature=3 2 3 2 0 0 3 2 0 3 10 1 2 1
split_gain=48779.4 1507.54 325.948 258.24 337.516 316.681 279.384 237.145 255.116 310.856 227.82 206.881 200.339 285.301
threshold=1.0000000180025095e-35 53.120985000000005 22.398113000000006 150.51124550000003 2.0187849444832082 10.821715244053129 4.6544990000000013 136.79139750000004 20.516159828312226 24.667597500000003 100.35087150000001 13.393682645989527 56.337551000000012 5.3991175213500853
decision_type=2 2 2 2 2 2 2 2 2 2 2 2 2 2
left_child=-1 2 -2 4 -3 10 -6 8 12 -10 -5 -7 -8 -14
right_child=1 3 -4 5 6 11 7 -9 9 -11 -12 -13 13 -15
leaf_value=-0.0016040098739647313 -0.00077806791089242823 -0.0024754150562730118 -0.0017414456865236616 0.0040501512303429089 0.013164801522193488 -0.06239557269860864 0.0016674008207167113 0.0054459390886545745 0.054955791212537769 0.0018204638632793512 -0.0030608103238256136 0.022327335664286109 -0.0013157999564414246 -0.00015519769776856985
leaf_weight=61193 13536 30692 3315 64907 2227 209 2353 10109 935 8154 15320 1116 18614 110519
leaf_count=61193 13536 30692 3315 64907 2227 209 2353 10109 935 8154 15320 1116 18614 110519
internal_value=-0.00762695 -0.000602257 -0.0122034 0.000135015 -0.000696939 0.00200804 7.14141e-05 -0.000136444 -0.000561978 0.00591924 0.00168771 0.0214038 -0.00100999 -0.00122076
internal_weight=343199 282006 16851 265155 183603 81552 152911 150684 140575 9089 80227 1325 131486 129133
internal_count=343199 282006 16851 265155 183603 81552 152911 150684 140575 9089 80227 1325 131486 129133
is_linear=0
shrinkage=0.04


Tree=97
num_leaves=15
num_cat=0
split_feature=3 2 3 2 0 0 3 0 2 2 1 3 3 3
split_gain=48734.1 1390.86 318.122 243.262 301.578 299.213 319.659 325.913 237.617 257.857 371.101 235.657 233.231 228.744
threshold=1.0000000180025095e-35 53.120985000000005 21.184137500000002 147.09811400000004 11.581047050053684 4.7041222305764743 13.767400500000003 9.3191545841565855 56.337551000000012 74.784225500000005 2.9031956469159428 5.3598355000000009 28.574545000000004 17.032884500000005
decision_type=2 2 2 2 2 2 2 2 2 2 2 2 2 2
left_child=-1 2 -2 5 -5 8 7 11 -3 10 -10 -7 -6 -8
right_child=1 3 -4 4 12 6 13 -9 9 -11 -12 -13 -14 -15
leaf_value=-0.0015398494790061434 -0.00071868521530737083 0.00049401421353962856 -0.0017299227309984745 0.0022088947204756695 0.014501730753894285 0.017063589622169424 -0.0028402139969812257 0.024112958070860765 -0.0037932772662800664 -0.0010024409917149567 -0.00068396377416496629 -0.0013354825415342441 0.021458337341877742 0.00021408109665781218
leaf_weight=60858 13026 8897 3833 84631 725 1374 10829 2661 6575 50094 6824 4417 650 87392
leaf_count=60858 13026 8897 3833 84631 725 1374 10829 2661 6575 50094 6824 4417 650 87392
internal_value=-0.007538 -0.000530632 -0.0116709 0.000177916 0.00192638 -0.00066189 0.000685084 0.00814955 -0.00264677 -0.00350464 -0.00843347 0.00282507 0.0205091 4.27607e-05
internal_weight=342786 281928 16859 265069 86006 179063 106673 8452 72390 63493 13399 5791 1375 98221
internal_count=342786 281928 16859 265069 86006 179063 106673 8452 72390 63493 13399 5791 1375 98221
is_linear=0
shrinkage=0.04


Tree=98
num_leaves=15
num_cat=0
split_feature=3 2 3 2 3 1 3 1 3 0 2 1 3 0
split_gain=48802.1 1329.2 288.259 233.298 239.32 206.416 1110.19 587.052 502.271 456.223 281.71 353.022 776.482 283.931
threshold=1.0000000180025095e-35 53.120985000000005 21.184137500000002 243.19696800000003 15.535034000000001 14.997953650638433 19.528314500000004 21.358786147300499 14.543502500000001 16.722309255377414 139.57262400000002 25.234290375028113 23.227091500000004 6.3196874911366896
decision_type=2 2 2 2 2 2 2 2 2 2 2 2 2 2
left_child=-1 2 -2 5 -5 -3 7 8 -7 -10 11 13 -13 -8
right_child=1 3 -4 4 -6 6 10 -9 9 -11 -12 12 -14 -15
leaf_value=-0.0014782554998459042 -0.0006931709875961456 -0.0003321932165666297 -0.0016424573751907001 -0.00078952796470749048 0.03152524678022197 0.044459292504857528 -0.0060721371241025815 0.09031165863211775 0.0011934380895712326 0.065514494738009188 0.0057503237042848369 0.04667159140606314 0.00010665891783955273 -0.00086332664021035791
leaf_weight=61081 13054 162134 3888 2181 2263 2249 10528 1571 6655 891 13264 1797 38787 22858
leaf_count=61081 13054 162134 3888 2181 2263 2249 10528 1571 6655 891 13264 1797 38787 22858
internal_value=-0.00758331 -0.000564866 -0.0114272 0.000129121 0.00921692 -2.57734e-05 0.00141744 0.0131761 0.00953548 0.00459051 -0.000114634 -0.00107719 0.00142913 -0.00412388
internal_weight=343201 282120 16942 265178 4444 260734 98600 11366 9795 7546 87234 73970 40584 33386
internal_count=343201 282120 16942 265178 4444 260734 98600 11366 9795 7546 87234 73970 40584 33386
is_linear=0
shrinkage=0.04


Tree=99
num_leaves=15
num_cat=0
split_feature=3 2 3 2 0 0 3 10 10 3 3 10 3 10
split_gain=48812.3 1184.49 245.204 207.778 337.125 305.21 217.826 212.917 207.535 339.991 209.231 953.201 302.395 385.649
threshold=1.0000000180025095e-35 53.120985000000005 21.184137500000002 150.51124550000003 2.0187849444832082 10.931200379257193 4.6544990000000013 132.47007150000005 -35.400422231314586 34.774229000000012 24.137324000000003 -22.101432053955183 20.360076500000002 -26.465521426547138
decision_type=2 2 2 2 2 2 2 2 2 2 2 2 2 2
left_child=-1 2 -2 4 -3 7 -6 -5 9 -8 11 12 -10 -14
right_child=1 3 -4 5 6 -7 8 -9 10 -11 -12 -13 13 -15
leaf_value=-0.0014191252798520715 -0.00066257597258570836 -0.0024162441021117354 -0.0015564386111699413 0.0029365065955170035 0.012037237384741996 0.017798532083502919 0.062354523518051083 -0.0089476092833272389 0.075174810953946986 0.0014570923312180728 -0.0006648490447107669 -0.00016468641502057264 0.047858755650335358 0.0063662053729695561
leaf_weight=60952 12984 30694 3865 72334 2235 1305 1057 8020 995 16199 64457 63041 1618 3197
leaf_count=60952 12984 30694 3865 72334 2235 1305 1057 8020 995 16199 64457 63041 1618 3197
internal_value=-0.00754074 -0.000524963 -0.010809 0.00012853 -0.000618443 0.00180703 0.000150001 0.00149538 -3.40055e-05 0.00409365 -0.000568308 0.000964982 0.0164682 0.0123198
internal_weight=342953 282001 16849 265152 183493 81659 152799 80354 150564 17256 133308 68851 5810 4815
internal_count=342953 282001 16849 265152 183493 81659 152799 80354 150564 17256 133308 68851 5810 4815
is_linear=0
shrinkage=0.04


Tree=100
num_leaves=15
num_cat=0
split_feature=3 2 3 2 3 0 3 9 3 2 2 2 1 3
split_gain=48988.3 1110.49 226.184 208.971 230.544 193.021 486.263 276.961 513.552 372.238 295.509 289.767 262.973 240.383
threshold=1.0000000180025095e-35 53.120985000000005 21.184137500000002 243.19696800000003 15.535034000000001 13.243899707948648 15.333692500000002 0.016581850169555771 52.624740500000009 97.418068000000019 74.784225500000005 56.337551000000012 1.7067846638813766 5.2881285000000009
decision_type=2 2 2 2 2 2 2 2 2 2 2 2 2 2
left_child=-1 2 -2 5 -5 7 -7 8 11 10 -9 -3 -13 -14
right_child=1 3 -4 4 -6 6 -8 9 -10 -11 -12 12 13 -15
leaf_value=-0.0013623602686579873 -0.00063194643523097223 0.00056333789220358815 -0.0014829845290084886 -0.0013318757024039308 0.030146776645192403 0.025850022943753184 0.00098150004306367454 -0.0022866964109285281 -0.0092077535493915747 -0.00017469027636606295 0.00067917590441923966 -0.006311814490975576 0.0027519509470590141 -0.0011915222513853752
leaf_weight=61003 12987 8953 3878 2213 2267 1917 28505 2357 1183 167882 12104 2762 5570 29368
leaf_count=61003 12987 8953 3878 2213 2267 1917 28505 2357 1183 167882 12104 2762 5570 29368
internal_value=-0.00749884 -0.000466756 -0.0104192 0.00016644 0.00873214 1.91864e-05 0.00301361 -0.000376576 -0.00308554 0.000334096 0.00649194 -0.00242557 -0.0039618 -0.0030225
internal_weight=342949 281946 16865 265081 4480 260601 30422 230179 47836 182343 14461 46653 37700 34938
internal_count=342949 281946 16865 265081 4480 260601 30422 230179 47836 182343 14461 46653 37700 34938
is_linear=0
shrinkage=0.04


Tree=101
num_leaves=15
num_cat=0
split_feature=3 2 3 2 3 0 3 1 3 1 2 2 3 0
split_gain=49151.4 1013.63 224.608 223.771 191.423 187.047 412.219 360.106 289.887 382.488 310.679 284.169 269.966 238.91
threshold=1.0000000180025095e-35 53.120985000000005 21.184137500000002 243.19696800000003 15.535034000000001 6.2653434552912097 13.767400500000003 13.517645196902578 17.246677500000001 15.248435491180372 88.187568500000012 147.88470500000003 15.838829500000001 14.102628608119227
decision_type=2 2 2 2 2 2 2 2 2 2 2 2 2 2
left_child=-1 2 -2 5 -5 -3 7 -7 9 10 -8 -10 13 -12
right_child=1 3 -4 4 -6 6 8 -9 11 -11 12 -13 -14 -15
leaf_value=-0.0013078658579116721 -0.00060322767057235721 -0.00032242374325305081 -0.001471224127432822 0.0012317344929534003 0.029052511676390225 0.0069308751662746065 0.0010619949816214414 0.039088854709979727 0.00047201390182336937 0.018250010133003151 -0.0056845416842431383 0.0089263289560442254 -0.032789732478424607 0.016370584745806039
leaf_weight=61084 12974 169045 3870 2205 2242 4754 3299 1445 70625 1609 3679 2872 2998 565
leaf_count=61084 12974 169045 3870 2205 2242 4754 3299 1445 70625 1609 3679 2872 2998 565
internal_value=-0.00746779 -0.000425541 -0.00994063 0.000178489 0.00907578 2.68311e-05 0.00147987 0.0114406 0.000758929 -0.00496461 -0.00773741 0.0017051 -0.0123723 -0.00588124
internal_weight=343266 282182 16844 265338 4447 260891 91846 6199 85647 12150 10541 73497 7242 4244
internal_count=343266 282182 16844 265338 4447 260891 91846 6199 85647 12150 10541 73497 7242 4244
is_linear=0
shrinkage=0.04


Tree=102
num_leaves=15
num_cat=0
split_feature=3 2 3 2 3 1 0 3 3 9 10 3 10 9
split_gain=49238.9 904.016 201.118 192.394 188.046 301.924 187.578 269.685 185.485 175.392 167.08 241.685 453.891 338.74
threshold=1.0000000180025095e-35 53.120985000000005 21.184137500000002 243.19696800000003 29.850266500000004 0.49944233867441507 20.914800277044865 23.575320500000004 15.535034000000001 1.6519247270585517e-05 -42.643881627988328 40.365965500000009 32.17470500000001 0.034188264220862248
decision_type=2 2 2 2 2 2 2 2 2 2 2 2 2 2
left_child=-1 2 -2 6 9 -6 10 -8 -5 -4 -3 12 -12 -13
right_child=1 3 4 8 5 -7 7 -9 -10 -11 11 13 -14 -15
leaf_value=-0.0012555512235952015 -0.00058582673605171113 0.0030246843320351369 -0.00062820613428748117 0.0003882749897341986 1.6235803813171346 -0.00080681581327544992 0.062695494290226916 0.0021751283614393491 0.027605462860335592 -0.001860218884792264 -2.7724815441561023e-05 -0.0025264631536904727 0.017888149157105872 -0.00070083335198875161
leaf_weight=61083 12987 7386 570 2190 248 1610 542 7864 2253 1449 176245 4761 8884 55104
leaf_count=61083 12987 7386 570 2190 248 1610 542 7864 2253 1449 176245 4761 8884 55104
internal_value=-0.00743945 -0.00038895 -0.00936907 0.000182031 -0.0173639 -0.00818084 4.14133e-05 0.00591958 0.00843574 -0.0258148 -0.00015437 -0.000333069 0.000381356 -0.00254239
internal_weight=343176 282093 16864 265229 3877 1858 260786 8406 4443 2019 252380 244994 185129 59865
internal_count=343176 282093 16864 265229 3877 1858 260786 8406 4443 2019 252380 244994 185129 59865
is_linear=0
shrinkage=0.04


Tree=103
num_leaves=15
num_cat=0
split_feature=3 2 3 2 3 0 3 10 2 2 2 1 3 3
split_gain=49112.5 920.844 233.798 191.018 181.775 177.117 331.362 321.116 224.849 200.166 231.407 274.908 457.432 197.132
threshold=1.0000000180025095e-35 53.120985000000005 21.184137500000002 243.19696800000003 15.535034000000001 5.6343200363908901 13.670727500000002 -9.4665977265394421 119.98876200000002 150.51124550000003 56.337551000000012 30.615157194500004 32.721285000000002 4.6544990000000013
decision_type=2 2 2 2 2 2 2 2 2 2 2 2 2 2
left_child=-1 2 -2 5 -5 9 7 -7 -8 10 -3 13 -13 -12
right_child=1 3 -4 4 -6 6 8 -9 -10 -11 11 12 -14 -15
leaf_value=-0.0012053291746513927 -0.00056352808910926206 0.00056658382636904042 -0.0014977884667932084 0.00071858740282833018 0.026237973014135055 0.021776016721780797 -0.00018832791368567192 -0.00041107497575226581 0.0030056469342036162 0.00095479926756822928 0.0072833066897081021 0.038187563050465827 -0.00047990993949838413 -0.0016866879194863138
leaf_weight=61025 13065 8999 3861 2216 2253 3704 65448 2597 27918 71159 2815 1835 6782 69574
leaf_count=61025 13065 8999 3861 2216 2253 3704 65448 2597 27918 71159 2815 1835 6782 69574
internal_value=-0.00746171 -0.000426042 -0.00947182 0.000151074 0.00835086 1.05816e-05 0.00133605 0.0102143 0.000736885 -0.000809114 -0.00206255 -0.00273856 0.00401532 -0.00354253
internal_weight=343251 282226 16926 265300 4469 260831 99667 6301 93366 161164 90005 81006 8617 72389
internal_count=343251 282226 16926 265300 4469 260831 99667 6301 93366 161164 90005 81006 8617 72389
is_linear=0
shrinkage=0.04


Tree=104
num_leaves=15
num_cat=0
split_feature=3 2 3 2 0 0 2 2 3 1 3 10 10 10
split_gain=49249.8 843.18 224.122 179.556 313.232 283.683 262.613 464.753 229.408 210.007 182.926 201.769 268.035 512.085
threshold=1.0000000180025095e-35 53.120985000000005 21.184137500000002 151.512978 2.8489381997456507 10.931200379257193 56.337551000000012 73.030933500000017 4.5765505000000006 13.393682645989527 42.704625500000006 25.781714500000003 17.250566500000001 15.738304500000002
decision_type=2 2 2 2 2 2 2 2 2 2 2 2 2 2
left_child=-1 2 -2 4 6 10 -3 -8 -6 -7 11 12 13 -5
right_child=1 3 -4 5 8 9 7 -9 -10 -11 -12 -13 -14 -15
leaf_value=-0.0011571160076653442 -0.00053999321000694597 0.00036558262564200916 -0.0014383435744820395 0.0013018160055478711 0.018187367775264786 -0.05935593536157166 -0.0033695745339622296 -0.0032349761365951537 8.0681402662626802e-05 0.019902371626601054 -0.0011548794146365759 0.015867070425641082 -0.0092427090776992359 0.028785431678085917
leaf_weight=60950 13004 8493 3876 21216 1444 190 6384 28526 139832 1066 25046 15010 13334 4788
leaf_count=60950 13004 8493 3876 21216 1444 190 6384 28526 139832 1066 25046 15010 13334 4788
internal_value=-0.00739284 -0.00035052 -0.00901896 0.000200958 -0.000486682 0.00177557 -0.00345875 -0.00499341 0.000426399 0.0206369 0.00147719 0.0027806 0.0012751 0.00363944
internal_weight=343159 282209 16880 265329 184679 80650 43403 34910 141276 1256 79394 54348 39338 26004
internal_count=343159 282209 16880 265329 184679 80650 43403 34910 141276 1256 79394 54348 39338 26004
is_linear=0
shrinkage=0.04


Tree=105
num_leaves=15
num_cat=0
split_feature=3 2 3 3 0 8 2 0 3 2 0 3 3 3
split_gain=49267.9 764.535 211.953 187.681 249.102 183.201 181.082 185.413 265.709 171.662 354.667 491.376 310.588 468.015
threshold=1.0000000180025095e-35 53.120985000000005 21.184137500000002 29.850266500000004 0.44878536084976134 0.99998350154581128 266.41374200000001 20.516159828312226 23.575320500000004 134.18696600000001 1.1293689097939923 13.867571500000002 17.375586500000004 15.643798500000001
decision_type=2 2 2 2 2 2 2 2 2 2 2 2 2 2
left_child=-1 2 -2 5 -5 -4 7 9 -9 -3 11 -11 13 -13
right_child=1 6 3 4 -6 -7 -8 8 -10 10 -12 12 -14 -15
leaf_value=-0.0011108313673587312 -0.00051839348160666711 -0.00029748143734389834 -0.0016683648477495616 1.8076482103442526 -0.00072330121156383598 -0.0005693691067063211 0.027771637612111384 0.057037552764190078 0.0018158253690908443 -0.024741313400010116 0.0055495084709593721 -0.0012944707196205442 -0.00079910128936642175 0.026606685273118293
leaf_weight=61105 13026 147927 1431 189 1664 554 1094 713 8431 3974 26096 6730 64663 5733
leaf_count=61105 13026 147927 1431 189 1664 554 1094 713 8431 3974 26096 6730 64663 5733
internal_value=-0.00743541 -0.000384799 -0.00864326 -0.0169046 -0.0077496 -0.0254509 0.000140036 7.28052e-05 0.00566929 -0.000127782 0.00109109 -0.000214057 0.0004927 0.00627457
internal_weight=343330 282225 16864 3838 1853 1985 265361 264267 9144 255123 107196 81100 77126 12463
internal_count=343330 282225 16864 3838 1853 1985 265361 264267 9144 255123 107196 81100 77126 12463
is_linear=0
shrinkage=0.04


Tree=106
num_leaves=15
num_cat=0
split_feature=3 2 3 3 0 8 2 0 3 2 0 0 2 2
split_gain=49083.4 718.92 187.495 204.185 250.41 204.897 169.851 161.647 240.15 159.679 291.954 227.909 257.558 450.116
threshold=1.0000000180025095e-35 53.120985000000005 21.184137500000002 29.850266500000004 0.44878536084976134 0.99998350154581128 266.41374200000001 20.914800277044865 23.575320500000004 150.51124550000003 10.931200379257193 2.8489381997456507 56.337551000000012 73.030933500000017
decision_type=2 2 2 2 2 2 2 2 2 2 2 2 2 2
left_child=-1 2 -2 5 -5 -4 7 9 -9 11 -11 12 -3 -14
right_child=1 6 3 4 -6 -7 -8 8 -10 10 -12 -13 13 -15
leaf_value=-0.001066398112664384 -0.00050031610949938352 0.00038264262870825406 -0.0016016302538395877 1.738697384469545 -0.00069436916310127827 -0.00050735628660023122 0.025979162000205048 0.057401163950953703 0.0019085357714470597 0.0013148125403278589 0.015838048080889705 1.0123464019360373e-05 -0.0032057931838295863 -0.0028831701128246711
leaf_weight=60791 13035 8388 1434 195 1683 571 1084 542 7839 79211 1294 132491 6428 27667
leaf_count=60791 13035 8388 1434 195 1683 571 1084 542 7839 79211 1294 132491 6428 27667
internal_value=-0.00740142 -0.000370678 -0.00836505 -0.0160804 -0.00660277 -0.0249576 0.000139803 7.48882e-05 0.0055411 -0.000104431 0.00136985 -0.000782745 -0.00333216 -0.00487696
internal_weight=342653 281862 16918 3883 1878 2005 264944 263860 8381 255479 80505 174974 42483 34095
internal_count=342653 281862 16918 3883 1878 2005 264944 263860 8381 255479 80505 174974 42483 34095
is_linear=0
shrinkage=0.04


Tree=107
num_leaves=15
num_cat=0
split_feature=3 2 3 3 1 8 2 10 3 3 10 9 3 2
split_gain=49234.6 687.814 186.405 198.634 222.921 190.541 173.098 171.2 230.524 197.532 404.248 357.869 337.695 306.494
threshold=1.0000000180025095e-35 53.120985000000005 21.184137500000002 29.850266500000004 0.44920943642590921 0.99998350154581128 266.41374200000001 -42.643881627988328 37.034547000000011 40.365965500000009 37.422058000000007 0.023956676736123065 52.624740500000009 188.35116600000001
decision_type=2 2 2 2 2 2 2 2 2 2 2 2 2 2
left_child=-1 2 -2 5 -5 -4 7 8 -3 10 -9 12 -11 -12
right_child=1 6 3 4 -6 -7 -8 9 -10 11 13 -13 -14 -15
leaf_value=-0.0010237421881578079 -0.00048393696426491495 0.087627065891468195 -0.0015375650436859978 1.6667571073584566 -0.0006665943965772314 -0.00048706203513622094 0.026670334232820496 0.00013014551934897978 0.0020882943870132874 -0.0012009881542088064 0.072044856799198143 -0.00047976110742493195 -0.010065456721730835 -0.005179196682024054
leaf_weight=61020 12973 332 1428 184 1686 556 1096 189870 7312 3912 1890 59109 1399 472
leaf_count=61020 12973 332 1428 184 1686 556 1096 189870 7312 3912 1890 59109 1399 472
internal_value=-0.00741979 -0.000375453 -0.00821775 -0.0159419 -0.00658824 -0.0247581 0.000121782 5.59978e-05 0.005955 -0.000119695 0.000522702 -0.00203663 -0.0119827 0.0169687
internal_weight=343239 282219 16827 3854 1870 1984 265392 264296 7644 256652 192232 64420 5311 2362
internal_count=343239 282219 16827 3854 1870 1984 265392 264296 7644 256652 192232 64420 5311 2362
is_linear=0
shrinkage=0.04


Tree=108
num_leaves=15
num_cat=0
split_feature=3 2 3 3 1 8 10 2 9 1 2 2 3 1
split_gain=49228 598.188 191.547 190.591 242.075 186.79 152.644 151.178 237.108 218.808 295.991 407.318 230.067 215
threshold=1.0000000180025095e-35 53.120985000000005 21.184137500000002 29.850266500000004 0.44920943642590921 0.99998350154581128 262.64325050000008 151.512978 0.39374764675317142 2.9031956469159428 56.337551000000012 74.054352000000009 4.5765505000000006 14.395529416070579
decision_type=2 2 2 2 2 2 2 2 2 2 2 2 2 2
left_child=-1 2 -2 5 -5 -4 7 9 13 10 -3 -12 -11 -9
right_child=1 6 3 4 -6 -7 -8 8 -10 12 11 -13 -14 -15
leaf_value=-0.00098279250063150426 -0.00045221986655369584 0.00037699268961168821 -0.0014760624419385593 1.5986454340444718 -0.00064597366465759089 -0.00050599463129142209 -0.052584396436882022 0.010539073765176444 0.0015531960229765174 0.017735290363225801 -0.0031004446635959672 -0.0037124641223626621 8.5198822095344792e-07 0.018108996528214103
leaf_weight=61006 13013 8486 1427 186 1683 569 1044 1355 77469 1448 6478 16962 150914 1017
leaf_count=61006 13013 8486 1427 186 1683 569 1044 1355 77469 1448 6478 16962 150914 1017
internal_value=-0.00741929 -0.000372273 -0.0076739 -0.0154929 -0.00631354 -0.0240882 9.24679e-05 0.000152804 0.00160669 -0.000477079 -0.00348807 -0.00580546 0.000153844 0.0140641
internal_weight=343057 282051 16878 3865 1869 1996 265173 264129 79841 184288 31926 23440 152362 2372
internal_count=343057 282051 16878 3865 1869 1996 265173 264129 79841 184288 31926 23440 152362 2372
is_linear=0
shrinkage=0.04


Tree=109
num_leaves=15
num_cat=0
split_feature=3 2 2 3 3 0 9 9 3 2 2 3 0 3
split_gain=49334.7 527.392 233.29 193.862 214.7 259.138 173.452 444.607 734.684 318.763 253.771 248.303 215.971 299.841
threshold=1.0000000180025095e-35 51.357307500000012 74.784225500000005 21.184137500000002 29.850266500000004 0.44878536084976134 0.31393818273798119 0.0021254199665843858 51.510792500000001 88.738430000000008 145.73042250000003 11.455642000000003 13.666357418450721 20.360076500000002
decision_type=2 2 2 2 2 2 2 2 2 2 2 2 2 2
left_child=-1 3 -3 -2 -5 -6 7 8 12 11 -11 -9 -4 -14
right_child=1 2 6 4 5 -7 -8 9 -10 10 -12 -13 13 -15
leaf_value=-0.00094348080060624895 -0.00067004148754095999 -0.00043568556102728805 -0.00073104285919046053 -0.0014170199442610177 1.5385333874346461 -0.00068755472386962781 -0.00017669287262438439 -0.0034739841003050696 -0.018309702186218239 0.00082897299326754274 0.018487218911249485 0.00076496916236684306 0.015104567894469139 -0.00059476452005085775
leaf_weight=61044 6117 40875 17492 1168 191 557 172423 454 1032 22046 1593 8212 4028 5884
leaf_count=61044 6117 40875 17492 1168 191 557 172423 454 1032 22046 1593 8212 4028 5884
internal_value=-0.00739575 -0.000339771 -4.36434e-05 -0.0104419 -0.0215449 -0.00481283 0.000445009 0.00228314 -0.00136447 0.00549389 0.00308812 0.0120563 -0.000116771 0.00460048
internal_weight=343116 282072 274039 8033 1916 748 233164 60741 28436 32305 23639 8666 27404 9912
internal_count=343116 282072 274039 8033 1916 748 233164 60741 28436 32305 23639 8666 27404 9912
is_linear=0
shrinkage=0.04


Tree=110
num_leaves=15
num_cat=0
split_feature=3 2 2 3 3 0 9 9 3 2 2 3 0 3
split_gain=49220.9 562.805 225.022 202.525 220.411 258.964 165.597 398.439 714.724 291.267 278.675 232.443 215.342 270.039
threshold=1.0000000180025095e-35 51.357307500000012 74.784225500000005 21.184137500000002 30.156969000000004 0.44878536084976134 0.31393818273798119 0.0021254199665843858 51.510792500000001 88.738430000000008 145.73042250000003 5.7414975000000004 13.666357418450721 20.360076500000002
decision_type=2 2 2 2 2 2 2 2 2 2 2 2 2 2
left_child=-1 3 -3 -2 -5 -6 7 8 12 11 -11 -9 -4 -14
right_child=1 2 6 4 5 -7 -8 9 -10 10 -12 -13 13 -15
leaf_value=-0.00090574156858199469 -0.00068287930100074945 -0.0004292110881101241 -0.00073120275384459311 -0.0013603391464905813 1.4755623910117093 -0.0006673529118069332 -0.00018871490761123376 -0.0041534820049783094 -0.017577314098769514 0.00074880799463772991 0.017939703306309864 0.00072982575844872995 0.015161835849579103 -0.0004741333624750599
leaf_weight=60970 6172 40969 17519 1193 185 544 172486 366 1006 22078 1566 8304 4030 5844
leaf_count=60970 6172 40969 17519 1193 185 544 172486 366 1006 22078 1566 8304 4030 5844
internal_value=-0.00740817 -0.000368169 -6.12763e-05 -0.0107635 -0.022102 -0.00477366 0.000419041 0.00221567 -0.00124089 0.00525345 0.00295381 0.0115248 -2.48239e-05 0.00469921
internal_weight=343232 282262 274168 8094 1922 729 233199 60713 28399 32314 23644 8670 27393 9874
internal_count=343232 282262 274168 8094 1922 729 233199 60713 28399 32314 23644 8670 27393 9874
is_linear=0
shrinkage=0.04


Tree=111
num_leaves=15
num_cat=0
split_feature=3 2 3 3 0 8 2 0 0 1 10 2 10 5
split_gain=49490.5 492.013 180.827 202.703 221.105 203.013 145.702 252.465 240.038 182.092 163.204 197.982 366.473 161.115
threshold=1.0000000180025095e-35 53.120985000000005 21.184137500000002 29.850266500000004 0.44878536084976134 0.99998077206466573 150.51124550000003 11.156542255144133 2.0187849444832082 14.395529416070579 132.47007150000005 169.96469900000002 154.01296000000002 1.0000000180025095e-35
decision_type=2 2 2 2 2 2 2 2 2 2 2 2 2 2
left_child=-1 2 -2 5 -5 -4 8 10 -3 -9 -8 12 -12 -10
right_child=1 6 3 4 -6 -7 7 9 13 -11 11 -13 -14 -15
leaf_value=-0.0008695119058387135 -0.00038727170189773119 -0.0018275308817850445 -0.0013059255806309622 1.4155771745644854 -0.00057268393318053777 -0.00036099846518231619 0.0023722890168059374 -0.01856538928762503 1.3918880534787585 0.016439103798501675 -0.037493507339236648 -0.014856043365456406 0.046901533696196734 2.3407082866311325e-05
leaf_weight=61197 13009 30690 1204 190 1686 779 72188 330 162 913 1073 5361 1517 152703
leaf_count=61197 13009 30690 1204 190 1686 779 72188 330 162 913 1073 5361 1517 152703
internal_value=-0.00739518 -0.000314686 -0.00693858 -0.0145426 -0.00511727 -0.0234594 0.000107044 0.00151581 -0.000517556 0.0194047 0.00123835 -0.00420073 0.00488031 0.000130573
internal_weight=343002 281805 16868 3859 1876 1983 264937 81382 183555 1243 80139 7951 2590 152865
internal_count=343002 281805 16868 3859 1876 1983 264937 81382 183555 1243 80139 7951 2590 152865
is_linear=0
shrinkage=0.04


Tree=112
num_leaves=15
num_cat=0
split_feature=3 2 3 3 0 8 3 8 2 3 10 3 0 10
split_gain=49305 501.341 210.89 210.221 230.001 189.84 362.244 354.359 250.887 283.302 226.979 246.078 221.057 203.845
threshold=1.0000000180025095e-35 51.357307500000012 21.184137500000002 30.156969000000004 0.44878536084976134 0.99972340765701306 52.624740500000009 0.8795435766256946 74.784225500000005 17.246677500000001 -13.77712568007164 15.435385000000002 2.6648076314828471 -4.9405369688104761
decision_type=2 2 2 2 2 2 2 2 2 2 2 2 2 2
left_child=-1 2 -2 -4 -5 7 10 -3 9 12 11 -7 -9 -8
right_child=1 5 3 4 -6 6 13 8 -10 -11 -12 -13 -14 -15
leaf_value=-0.00083473142960516005 -0.00061134859047465187 -3.1785339616166029e-05 -0.0012536885574057166 1.3613464693142123 -0.00059591229616173357 0.022502321151965925 -0.023462657662318389 -0.0012371962379883117 0.0016617672278888185 -0.0029786534773403942 -0.00045946534232316872 0.001365013312411146 0.011724078840738703 1.0715548156262951
leaf_weight=61045 6154 190815 1189 176 546 1256 575 1094 18845 1627 51651 7748 410 57
leaf_count=61045 6154 190815 1189 176 546 1256 575 1094 18845 1627 51651 7748 410 57
internal_value=-0.00740515 -0.000352871 -0.0101823 -0.0217896 -0.00476454 -6.36315e-05 -0.00202523 0.000501337 0.00531125 -0.00517407 -0.00171132 0.00414927 0.00734043 -0.0321519
internal_weight=343188 282143 8065 1911 722 274078 61287 212791 21976 3131 60655 9004 1504 632
internal_count=343188 282143 8065 1911 722 274078 61287 212791 21976 3131 60655 9004 1504 632
is_linear=0
shrinkage=0.04


Tree=113
num_leaves=15
num_cat=0
split_feature=3 2 3 3 0 9 3 8 8 10 3 0 2 10
split_gain=49429.7 474.612 202.553 238.189 239.346 163.223 377.602 332.538 212.059 171.304 266.764 220.775 214.832 283.337
threshold=1.0000000180025095e-35 51.357307500000012 21.184137500000002 30.156969000000004 0.44878536084976134 0.00068806426192530312 58.308206500000004 0.8795435766256946 0.99999990486857915 -13.77712568007164 19.209048500000005 15.130092235658616 109.43373500000001 -22.769803593347834
decision_type=2 2 2 2 2 2 2 2 2 2 2 2 2 2
left_child=-1 2 -2 -4 -5 6 9 -7 -8 10 11 -3 -12 -14
right_child=1 5 3 4 -6 7 8 -9 -10 -11 12 -13 13 -15
leaf_value=-0.00080134217242095579 -0.00058653656905010903 0.0037101445755449805 -0.0012035410151094795 1.3068926105416439 -0.0005761909089905615 -2.4696672910451412e-06 -0.021461395670196479 0.0011912854040713006 0.38349070124726242 -0.00040151670890768541 0.0026213173666729808 0.035853415881373432 0.015449118588017995 -0.040904832668285478
leaf_weight=61095 6145 1625 1175 189 560 190983 647 19343 78 54035 3610 1481 847 1603
leaf_count=61095 6145 1625 1175 189 560 190983 647 19343 78 54035 3610 1481 847 1603
internal_value=-0.00737787 -0.000318361 -0.00987979 -0.0212058 -0.0035781 -3.70462e-05 -0.00180709 0.000500937 -0.0305103 -0.00147782 0.00357844 0.0131101 -0.00130693 -0.010449
internal_weight=343416 282321 8069 1924 749 274252 63926 210326 725 63201 9166 3106 6060 2450
internal_count=343416 282321 8069 1924 749 274252 63926 210326 725 63201 9166 3106 6060 2450
is_linear=0
shrinkage=0.04


Tree=114
num_leaves=15
num_cat=0
split_feature=3 2 3 3 0 9 3 8 6 10 3 2 1 2
split_gain=49364.1 469.608 215.81 233.732 241.983 159.806 470.037 300.951 180.381 164.525 252 157.729 157.186 152.76
threshold=1.0000000180025095e-35 51.357307500000012 21.184137500000002 30.156969000000004 0.44878536084976134 0.00068806426192530312 58.308206500000004 0.8795435766256946 1.0000000180025095e-35 -13.77712568007164 15.435385000000002 266.41374200000001 52.244087310888794 74.784225500000005
decision_type=2 2 2 2 2 2 2 2 2 2 2 2 2 2
left_child=-1 2 -2 -4 -5 6 9 11 -8 10 -3 12 -7 -9
right_child=1 5 3 4 -6 7 8 13 -10 -11 -12 -13 -14 -15
leaf_value=-0.00076928848552411117 -0.00057554007954044198 0.021349775353883205 -0.0011553993745051017 1.2512618035809158 -0.00052660728477693652 -0.00011794284146729339 -0.0196879814198304 -0.0015318563664339091 1.1139141369191261 -0.00039827240153006427 0.00081739516177998129 0.023771634037143705 0.0062173878345909974 0.0015462490280512095
leaf_weight=61119 6173 1254 1202 181 547 188153 666 2012 49 53962 7912 1106 1566 17302
leaf_count=61119 6173 1254 1202 181 547 188153 666 2012 49 53962 7912 1106 1566 17302
internal_value=-0.00740947 -0.000348122 -0.00983833 -0.021513 -0.00362637 -6.74497e-05 -0.00182009 0.000465026 -0.0340699 -0.00145482 0.00349989 -1.65597e-05 -0.000104365 0.00522315
internal_weight=343204 282085 8103 1930 728 273982 63843 210139 715 63128 9166 190825 189719 19314
internal_count=343204 282085 8103 1930 728 273982 63843 210139 715 63128 9166 190825 189719 19314
is_linear=0
shrinkage=0.04


Tree=115
num_leaves=15
num_cat=0
split_feature=3 8 3 8 0 8 3 3 9 10 9 3 0 10
split_gain=49430.8 224.929 338.892 266.283 231.867 191.52 205.301 161.387 157.718 195.802 150.844 369.844 188.205 150.339
threshold=1.0000000180025095e-35 0.99972340765701306 58.308206500000004 0.8795435766256946 0.66494848198409218 0.99998656833563571 16.652822500000003 131.55236700000003 8.1665127303176557e-05 -3.9232528657631387 0.037522920887647644 39.729521500000011 3.3880250090273218 -42.643881627988328
decision_type=2 2 2 2 2 2 2 2 2 2 2 2 2 2
left_child=-1 3 4 13 -3 6 -6 -4 9 -8 11 -5 -12 -2
right_child=1 2 7 10 5 -7 8 -9 -10 -11 12 -13 -14 -15
leaf_value=-0.00073851694610315376 0.0028022270027640108 -0.0005069733751930539 -0.027636250579040622 0.0011757795273759798 0.0011204716428555718 -9.2097193310305422e-05 -0.014163914842056567 1.0230259878179806 -0.00063620225902437432 -0.0016410706398292695 -0.0028142339576236598 -0.0033611631950270482 0.0019168401165535075 -0.00022831480107712409
leaf_weight=61091 7401 8088 510 9020 1347 50471 1226 44 3287 1282 428 1263 11458 185922
leaf_count=61091 7401 8088 510 9020 1347 50471 1226 44 3287 1282 428 1263 11458 185922
internal_value=-0.00738215 -0.000309639 -0.0023479 0.000317042 -0.0020852 -0.00119487 -0.00732568 -0.0335018 -0.0105953 -0.0181499 0.0044693 0.00092191 0.00753828 -0.000159112
internal_weight=342838 281747 66255 215492 65701 57613 7142 554 5795 2508 22169 10283 11886 193323
internal_count=342838 281747 66255 215492 65701 57613 7142 554 5795 2508 22169 10283 11886 193323
is_linear=0
shrinkage=0.04


Tree=116
num_leaves=15
num_cat=0
split_feature=3 2 3 3 0 2 9 3 0 1 3 3 1 0
split_gain=49303.1 436.895 238.501 234.398 244.717 154.811 256.968 204.132 202.509 158.492 287.586 258.66 955.386 424.121
threshold=1.0000000180025095e-35 51.357307500000012 21.184137500000002 30.156969000000004 0.44878536084976134 147.09811400000004 0.39374764675317142 29.360008000000004 2.0187849444832082 35.42493756915146 34.774229000000012 22.215964500000002 22.849829795685704 18.208163352937422
decision_type=2 2 2 2 2 2 2 2 2 2 2 2 2 2
left_child=-1 2 -2 -4 -5 8 7 -7 -3 11 -11 12 13 -10
right_child=1 5 3 4 -6 6 -8 -9 9 10 -12 -13 -14 -15
leaf_value=-0.00070897626825903613 -0.00051244603091409329 -0.00060221893074961395 -0.0011000508074818071 1.2012204640297222 -0.00052222370651046292 0.013390139575186373 0.0012273823701532507 0.012833805594939381 -1.9408004429988248e-05 0.056511154749510066 0.0012210275745189114 -0.00057550240931426356 0.051452248066131155 0.042694711209574819
leaf_weight=60885 6165 36662 1208 189 552 1972 83236 738 56796 985 16192 73782 2256 1188
leaf_count=60885 6165 36662 1208 189 552 1972 83236 738 56796 985 16192 73782 2256 1188
internal_value=-0.00735763 -0.00030803 -0.00945526 -0.0216521 -0.00394062 -3.69603e-05 0.00136923 0.0134908 -0.00068029 -3.35981e-05 0.00358386 -0.000497232 0.00144754 0.000453918
internal_weight=342806 281921 8114 1949 741 273807 85946 2710 187861 151199 17177 134022 60240 57984
internal_count=342806 281921 8114 1949 741 273807 85946 2710 187861 151199 17177 134022 60240 57984
is_linear=0
shrinkage=0.04


Tree=117
num_leaves=15
num_cat=0
split_feature=3 2 3 3 0 1 3 3 9 3 2 0 3 5
split_gain=49426.8 405.136 223.101 248.412 238.955 147.211 280.714 181.327 308.628 300.72 237.961 238.921 306.562 194.642
threshold=1.0000000180025095e-35 51.357307500000012 21.184137500000002 29.850266500000004 0.44878536084976134 41.979986407112854 37.034547000000011 40.365965500000009 0.023956676736123065 59.850401500000011 150.51124550000003 17.847985644810944 20.523822500000005 1.0000000180025095e-35
decision_type=2 2 2 2 2 2 2 2 2 2 2 2 2 2
left_child=-1 2 -2 -4 -5 7 -7 10 9 -9 11 -3 -13 -11
right_child=1 5 3 4 -6 6 -8 8 -10 13 -12 12 -14 -15
leaf_value=-0.00068061721752867401 -0.00049396293243137985 -0.0002169286398150616 -0.0010560487751825321 1.1558119175448207 -0.00049502620264701318 0.07478703657131934 0.0016198679847266551 -0.00083854391565077793 -0.00044588321650767095 1.4209360376889604 0.0044767783400626125 0.059049420394412779 0.0033713407942325357 -0.011878188555687863
leaf_weight=60941 6070 137632 1210 186 561 451 7880 4757 58517 63 55864 788 6285 1150
leaf_count=60941 6070 137632 1210 186 561 451 7880 4757 58517 63 55864 788 6285 1150
internal_value=-0.00733963 -0.000266938 -0.00912421 -0.0208687 -0.00273092 -6.8767e-06 0.00522866 -0.000171435 -0.00201653 -0.0106801 0.0004218 -0.000434263 0.00673547 -0.0284584
internal_weight=342355 281414 8027 1957 747 273387 8331 265056 64487 5970 200569 144705 7073 1213
internal_count=342355 281414 8027 1957 747 273387 8331 265056 64487 5970 200569 144705 7073 1213
is_linear=0
shrinkage=0.04


Tree=118
num_leaves=15
num_cat=0
split_feature=3 2 3 3 1 3 2 9 3 1 3 3 1 10
split_gain=49289.7 396.383 212.673 247.158 236.375 145.234 182.809 200.52 199.416 174.576 406.579 191.701 1153.99 152.083
threshold=1.0000000180025095e-35 51.357307500000012 21.184137500000002 29.850266500000004 0.44920943642590921 201.74619950000002 150.51124550000003 0.39374764675317142 29.850266500000004 39.500921421152654 35.883170500000013 22.305571000000004 22.849829795685704 -15.014897212157328
decision_type=2 2 2 2 2 2 2 2 2 2 2 2 2 2
left_child=-1 2 -2 -4 -5 6 9 8 -8 11 -11 12 13 -3
right_child=1 5 3 4 -6 -7 7 -9 -10 10 -12 -13 -14 -15
leaf_value=-0.0006533925288275277 -0.00047987628737050869 0.003784080833924848 -0.001013806824175223 1.110294271305803 -0.0004888340870362473 -0.033480769634096727 0.012151762607870209 0.0016384219461746418 0.013369826689912566 0.070300994848556259 0.0011256579843434223 -0.00067927967107149771 0.047372393125852466 -0.00027861706910178088
leaf_weight=60901 6189 14086 1160 187 564 3272 1801 76217 666 729 11442 93883 2954 68672
leaf_count=60901 6189 14086 1160 187 564 3272 1801 76217 666 729 11442 93883 2954 68672
internal_value=-0.00736817 -0.000316512 -0.00903704 -0.0207012 -0.0028229 -5.84535e-05 4.28915e-05 0.00166641 0.0128901 -0.00062326 0.00401282 -0.000937443 0.000430278 -0.000446603
internal_weight=342723 281822 8100 1911 751 273722 270450 78684 2467 191766 12171 179595 85712 82758
internal_count=342723 281822 8100 1911 751 273722 270450 78684 2467 191766 12171 179595 85712 82758
is_linear=0
shrinkage=0.04


Tree=119
num_leaves=15
num_cat=0
split_feature=3 2 3 3 2 3 0 3 1 3 0 10 2 2
split_gain=49366.2 390.513 219.065 245.914 138.082 159.12 149.978 338.773 366.87 264.755 241.166 234.782 211.652 184.798
threshold=1.0000000180025095e-35 51.047540500000004 21.184137500000002 37.403712500000005 243.19696800000003 15.535034000000001 4.7041222305764743 13.670727500000002 13.517645196902578 9.7908195000000013 10.12927859137759 -8.6484139334654788 120.32559200000001 88.187568500000012
decision_type=2 2 2 2 2 2 2 2 2 2 2 2 2 2
left_child=-1 2 -2 -4 6 -6 -3 8 9 11 -11 -8 13 -9
right_child=1 4 3 -5 5 -7 7 12 -10 10 -12 -13 -14 -15
leaf_value=-0.00062725682767442951 -0.00062319687613447531 -0.00034689166877094893 -0.0009732545512082069 0.0024687360074291667 -0.001715269893607747 0.023738342003836187 0.072611607438034978 0.00024107078038111186 0.036718125938331785 -0.0060371319656226151 0.011067857415107461 0.00724295403909895 0.0023024119913888819 -0.00099934149874332696
leaf_weight=60991 4235 157458 1360 277 2202 2258 802 21855 1465 3239 1196 2678 33066 49774
leaf_count=60991 4235 157458 1360 277 2202 2258 802 21855 1465 3239 1196 2678 33066 49774
internal_value=-0.00737079 -0.000310361 -0.0105177 -0.0229444 -9.31908e-05 0.00688789 -0.000207857 0.000896603 0.0081791 0.00477574 -0.00170462 0.0130345 0.000244138 -0.000977816
internal_weight=342856 281865 5872 1637 275993 4460 271533 114075 9380 7915 4435 3480 104695 71629
internal_count=342856 281865 5872 1637 275993 4460 271533 114075 9380 7915 4435 3480 104695 71629
is_linear=0
shrinkage=0.04


Tree=120
num_leaves=15
num_cat=0
split_feature=7 2 2 0 2 10 2 10 2 2 2 1 8 8
split_gain=49589.5 376.432 137.598 148.624 204.894 138.87 138.005 143.452 153.527 177.243 170.741 300.314 160.676 249.493
threshold=1.0000000180025095e-35 51.047540500000004 243.19696800000003 4.7041222305764743 125.57123200000002 15.738304500000002 155.49099700000002 -41.688497691338782 56.337551000000012 53.120985000000005 74.784225500000005 2.9031956469159428 0.99998501986348287 0.9999713348002589
decision_type=2 2 2 2 2 2 2 2 2 2 2 2 2 2
left_child=-1 -2 3 6 -5 -4 7 -3 9 -9 11 -10 13 -11
right_child=1 2 5 4 -6 -7 -8 8 10 12 -12 -13 -14 -15
leaf_value=-0.00060216655456745371 -0.00093432436915987795 0.0058826443414816063 0.00052315868096570746 2.1170513959387628e-05 0.0037096304118608317 0.0240154835291575 0.00053738080379291955 -0.00016643808473112642 -0.0027957976332638255 0.00014420856223565259 -0.0011195632811270163 -0.0004173797328869311 0.00098024495999577961 -0.0067860865857583977
leaf_weight=61024 5832 1973 2332 89471 24765 2129 65644 10997 6524 1347 56511 6855 7333 296
leaf_count=61024 5832 1973 2332 89471 24765 2129 65644 10997 6524 1347 56511 6855 7333 296
internal_value=-0.007306 -0.00023134 -1.89733e-05 -0.000133375 0.00096502 0.00694911 -0.00093015 -0.00193127 -0.00216552 0.000927252 -0.00304936 -0.00711264 0.00509804 -0.00620816
internal_weight=343033 282009 276177 271716 114236 4461 157480 91836 89863 19973 69890 13379 8976 1643
internal_count=343033 282009 276177 271716 114236 4461 157480 91836 89863 19973 69890 13379 8976 1643
is_linear=0
shrinkage=0.04


Tree=121
num_leaves=15
num_cat=0
split_feature=3 2 3 3 2 1 3 3 10 2 8 3 8 2
split_gain=49490.2 362.214 224.533 248.102 138.564 136.109 277.523 157.369 387.062 325.565 316.121 408.276 225.954 294.791
threshold=1.0000000180025095e-35 51.047540500000004 21.184137500000002 39.207095500000008 266.41374200000001 41.979986407112854 37.034547000000011 40.365965500000009 37.422058000000007 188.35116600000001 0.99475665541485714 59.850401500000011 0.71438264416085284 74.784225500000005
decision_type=2 2 2 2 2 2 2 2 2 2 2 2 2 2
left_child=-1 2 -2 -4 5 7 -7 8 -3 -10 12 -12 -9 -14
right_child=1 4 3 -5 -6 6 -8 10 9 -11 11 -13 13 -15
leaf_value=-0.00057807989238476407 -0.00057067118806585881 3.1194412199204714e-05 -0.00089695139439347924 0.3104510889600573 0.022278589950484325 0.071676129200318711 0.0014013086457015512 -0.0011167045974448647 0.069600721283677933 -0.0069714470924134809 -0.00075729778204180142 -0.01260970107436242 -0.003349509906498507 0.00095179618781401356
leaf_weight=60998 4251 199546 1418 235 1105 452 7907 50088 1892 479 4689 1132 550 8278
leaf_count=60998 4251 199546 1418 235 1105 452 7907 50088 1892 479 4689 1132 550 8278
internal_value=-0.00733042 -0.000264377 -0.0100678 -0.0225771 -5.47592e-05 -0.000111558 0.00491446 -0.000269113 0.000281106 0.0163475 -0.00198526 -0.0108779 -0.00110666 0.00479384
internal_weight=343020 282022 5904 1653 276118 275013 8359 266654 201917 2371 64737 5821 58916 8828
internal_count=343020 282022 5904 1653 276118 275013 8359 266654 201917 2371 64737 5821 58916 8828
is_linear=0
shrinkage=0.04


Tree=122
num_leaves=15
num_cat=0
split_feature=3 2 3 3 1 1 3 10 2 9 3 1 3 2
split_gain=49583.5 402.863 270.957 201.415 264.021 139.169 153.652 371.781 320.451 274.778 361.764 214.132 1142.52 222.641
threshold=1.0000000180025095e-35 51.357307500000012 21.184137500000002 29.850266500000004 0.44920943642590921 52.244087310888794 40.365965500000009 37.422058000000007 185.60354600000002 0.0086729933361755513 59.850401500000011 27.600926392723071 25.019422500000001 174.78343200000003
decision_type=2 2 2 2 2 2 2 2 2 2 2 2 2 2
left_child=-1 2 -2 -4 -5 6 7 11 -9 10 -8 13 -13 -3
right_child=1 5 3 4 -6 -7 9 8 -10 -11 -12 12 -14 -15
leaf_value=-0.00055495669668937709 -0.00043195300283966899 -0.00018637147297435598 -0.00086107333861773939 1.0500479778905754 -0.00081561438301184456 0.0052013371834865162 -0.00072121677322832143 0.068432772156714214 -0.0051216763871068591 -0.00036015105095822398 -0.011169458174061153 0.053182043819131108 -0.00025645754978627757 0.0046638899577116002
leaf_weight=60990 6154 153326 1169 189 552 1574 4644 1848 530 64762 1130 2479 10927 32823
leaf_count=60990 6154 153326 1169 189 552 1574 4644 1848 530 64762 1130 2479 10927 32823
internal_value=-0.00729625 -0.000225872 -0.0090377 -0.022199 -0.00588394 3.34254e-05 -3.50866e-05 0.000526313 0.0162489 -0.00164228 -0.0100035 0.000338954 0.00522154 -1.2678e-05
internal_weight=343097 282107 8064 1910 741 274043 272469 201933 2378 70536 5774 199555 13406 186149
internal_count=343097 282107 8064 1910 741 274043 272469 201933 2378 70536 5774 199555 13406 186149
is_linear=0
shrinkage=0.04


Tree=123
num_leaves=15
num_cat=0
split_feature=3 0 3 1 3 10 10 10 3 0 3 1 1 3
split_gain=49443.5 194.036 306.419 458.8 327.298 260.557 234.075 579.542 503.367 428.855 288.447 990.037 281.442 462.134
threshold=1.0000000180025095e-35 4.7041222305764743 14.345272500000002 14.527012615512954 17.032884500000005 -11.036023493668628 14.886566000000002 17.250566500000001 18.562370000000005 0.66494848198409218 21.759080000000004 22.373590904943853 30.615157194500004 32.164232500000004
decision_type=2 2 2 2 2 2 2 2 2 2 2 2 2 2
left_child=-1 6 3 -3 5 -4 9 -8 -9 -2 11 -11 -12 -14
right_child=1 2 4 -5 -6 -7 7 8 -10 10 12 -13 13 -15
leaf_value=-0.00053275842882179343 -0.00082663040507302554 0.0042491387825055217 -0.0071658481124042914 0.038881464857553776 0.00028251747990301282 0.002265895047437847 0.01617370350152518 -0.06102410698337838 -0.00026364893519943423 -7.9904613327630436e-05 -0.0016927917406977632 0.056881990365615101 0.038309967242596471 -0.0020149665275100139
leaf_weight=61026 20572 10524 8086 1456 91933 2323 8802 1692 64831 41897 21881 2112 1657 4361
leaf_count=61026 20572 10524 8086 1456 91933 2323 8802 1692 64831 41897 21881 2112 1657 4361
internal_value=-0.00735357 -0.000291925 0.000978989 0.00703172 0.000270466 -0.00645211 -0.00115777 0.000497577 -0.000778678 -0.00250606 -0.00104912 0.000967984 -0.00423098 0.00342971
internal_weight=343153 282127 114322 11980 102342 10409 167805 75325 66523 92480 71908 44009 27899 6018
internal_count=343153 282127 114322 11980 102342 10409 167805 75325 66523 92480 71908 44009 27899 6018
is_linear=0
shrinkage=0.04


Tree=124
num_leaves=15
num_cat=0
split_feature=3 2 3 3 1 10 2 2 2 3 1 3 10 9
split_gain=49569.1 385.423 281.537 177.679 268.603 118.206 125.751 170.185 116.727 114.473 114.166 110.922 180.347 120.562
threshold=1.0000000180025095e-35 51.047540500000004 21.184137500000002 29.850266500000004 0.44920943642590921 262.64325050000008 177.33158900000004 123.57870850000002 266.41374200000001 17.246677500000001 52.244087310888794 4.6544990000000013 -4.7932667826694102 0.00068806426192530312
decision_type=2 2 2 2 2 2 2 2 2 2 2 2 2 2
left_child=-1 2 9 -4 -5 8 7 -7 10 -2 11 12 -3 -13
right_child=1 5 3 4 -6 6 -8 -9 -10 -11 -12 13 -14 -15
leaf_value=-0.00051144809166892458 -0.00069572936344913577 0.032543724599257855 -0.00079356518887010454 1.0114342265302179 -0.00049355052754640916 -0.10287386965495614 -0.057282217668381624 0.029885104967269011 0.020592251539995238 3.2257181830617045 0.0050455049984857508 -0.00031244248686537637 0.00035225372927661259 0.00011461773239353379
leaf_weight=61013 4036 592 1164 189 299 285 411 371 1091 227 1560 61625 4190 205990
leaf_count=61013 4036 592 1164 189 299 285 411 371 1091 227 1560 61625 4190 205990
internal_value=-0.00730905 -0.000236854 -0.0103398 -0.0243584 -0.00409836 -2.04263e-05 -0.0133083 -0.00243902 3.11218e-05 -0.00490734 -2.08792e-05 -8.26735e-05 0.00595567 -0.000190572
internal_weight=343043 282030 5915 1652 488 276115 1067 656 275048 4263 273957 272397 4782 267615
internal_count=343043 282030 5915 1652 488 276115 1067 656 275048 4263 273957 272397 4782 267615
is_linear=0
shrinkage=0.04


Tree=125
num_leaves=15
num_cat=0
split_feature=3 2 3 3 0 0 3 2 10 2 1 3 9 3
split_gain=49404.6 377.449 260.173 182.715 258.658 126.86 250.412 128.204 120.355 115.126 214.88 252.526 275.523 271.44
threshold=1.0000000180025095e-35 51.047540500000004 21.184137500000002 29.850266500000004 0.44878536084976134 21.428166235843811 25.195417000000003 266.41374200000001 262.64325050000008 147.88470500000003 15.901238974048924 15.131776000000002 0.30481160921981099 25.019422500000001
decision_type=2 2 2 2 2 2 2 2 2 2 2 2 2 2
left_child=-1 2 -2 -4 -5 7 -7 8 9 -3 -11 -12 -13 -14
right_child=1 5 3 4 -6 6 -8 -9 -10 10 11 12 13 -15
leaf_value=-0.00049099016800216336 -0.00060822163437626033 -0.00019364118745384741 -0.00076182258131529679 0.96448729448072812 -0.00048052957166113688 0.050606243503727111 0.0013484832798626712 0.020070821337036165 -0.046146174766433033 0.00032376015323183795 0.078921874784992893 0.01418141343131385 0.017693965603618009 -0.0038385630769414546
leaf_weight=60935 4241 183154 1157 183 305 672 6981 1082 1057 73062 621 455 4889 3970
leaf_count=60935 4241 183154 1157 183 305 672 6981 1082 1057 73062 621 455 4889 3970
internal_value=-0.00734079 -0.00027946 -0.0103024 -0.0238055 -0.00327869 -6.56657e-05 0.00501241 -0.000210518 -0.00026616 -0.000212661 0.00102317 0.00654253 0.00489586 0.00333672
internal_weight=342764 281829 5886 1645 488 275943 7653 268290 267208 266151 82997 9935 9314 8859
internal_count=342764 281829 5886 1645 488 275943 7653 268290 267208 266151 82997 9935 9314 8859
is_linear=0
shrinkage=0.04


Tree=126
num_leaves=15
num_cat=0
split_feature=3 2 3 3 0 0 3 2 10 2 2 10 2 10
split_gain=49646.3 363.918 222.741 213.921 232.696 132.908 267.926 118.492 115.028 111.304 190.629 102.897 104.525 219.464
threshold=1.0000000180025095e-35 51.047540500000004 21.184137500000002 29.360008000000004 0.44878536084976134 22.759981628753373 25.838914000000006 266.41374200000001 262.64325050000008 175.60167700000002 123.57870850000002 -54.423380170828601 147.09811400000004 -15.735901099825051
decision_type=2 2 2 2 2 2 2 2 2 2 2 2 2 2
left_child=-1 2 -2 -4 -5 7 -7 8 11 10 -10 -3 -13 -14
right_child=1 5 3 4 -6 6 -8 -9 9 -11 -12 12 13 -15
leaf_value=-0.00047135056128206899 -0.00059523672499485871 0.0050811426609306508 -0.00073134967806268495 0.92904226315071758 -0.00045445380917380262 0.062595700162742698 0.0017178201620689304 0.019223070177954018 -0.095818893563991078 -0.052860171768962669 0.049233129646480751 -0.00017975578353567555 0.0068545514863464522 0.00027292218744377148
leaf_weight=61000 4225 1166 1168 196 299 481 5580 1113 286 456 317 182447 10548 73619
leaf_count=61000 4225 1166 1168 196 299 481 5580 1113 286 456 317 182447 10548 73619
internal_value=-0.00728082 -0.00020078 -0.0100408 -0.0224414 -0.00040404 9.13e-06 0.00586702 -0.000122392 -0.000176314 -0.0133333 -0.00205638 -0.000124281 -0.000176135 0.000989937
internal_weight=342901 281901 5888 1663 495 276013 6061 269952 268839 1059 603 267780 266614 84167
internal_count=342901 281901 5888 1663 495 276013 6061 269952 268839 1059 603 267780 266614 84167
is_linear=0
shrinkage=0.04


Tree=127
num_leaves=15
num_cat=0
split_feature=3 2 3 3 1 3 2 9 1 1 2 2 2 3
split_gain=49588.9 375.92 265.241 189.089 208.404 123.171 110.329 172.966 162.125 159.546 278.89 369.051 223.247 213.61
threshold=1.0000000180025095e-35 51.047540500000004 21.184137500000002 29.360008000000004 0.44920943642590921 201.74619950000002 155.49099700000002 0.39374764675317142 14.395529416070579 2.9031956469159428 56.337551000000012 73.030933500000017 125.11652750000002 32.420398000000013
decision_type=2 2 2 2 2 2 2 2 2 2 2 2 2 2
left_child=-1 2 -2 -4 -5 6 9 8 -8 10 -3 -12 -13 -14
right_child=1 5 3 4 -6 -7 7 -9 -10 -11 11 12 13 -15
leaf_value=-0.00045249653883079334 -0.00057079669173356164 9.3773508605430326e-05 -0.00070209569094018323 0.88743536840192694 -0.00043610876380148158 -0.0308407668755581 0.0058246590122484499 0.0013443241424466335 0.013920544542081706 5.2256965133516965e-05 -0.0026868589909534446 0.0034689360867029007 -0.021274587412992943 -2.3436011716135851e-05
leaf_weight=61122 4228 19533 1177 179 304 3286 1188 71074 922 154373 6483 2799 7622 8793
leaf_count=61122 4228 19533 1177 179 304 3286 1188 71074 922 154373 6483 2799 7622 8793
internal_value=-0.00733758 -0.000257199 -0.0102582 -0.0238072 -0.00273292 -4.39014e-05 4.88293e-05 0.00137735 0.0126635 -0.00043827 -0.00252753 -0.00526598 -0.00248152 -0.00426196
internal_weight=343083 281961 5888 1660 483 276073 272787 73184 2110 199603 45230 25697 19214 16415
internal_count=343083 281961 5888 1660 483 276073 272787 73184 2110 199603 45230 25697 19214 16415
is_linear=0
shrinkage=0.04


Tree=128
num_leaves=15
num_cat=0
split_feature=7 2 0 10 2 2 1 2 0 0 2 10 10 10
split_gain=49534.5 342.317 128.516 114.602 108.847 181.436 103.28 113.912 190.588 145.393 174.787 263.565 299.49 229.005
threshold=1.0000000180025095e-35 51.047540500000004 22.759981628753373 262.64325050000008 175.60167700000002 123.57870850000002 52.244087310888794 150.51124550000003 11.581047050053684 2.0187849444832082 56.337551000000012 30.899194500000004 63.415359500000008 154.01296000000002
decision_type=2 2 2 2 2 2 2 2 2 2 2 2 2 2
left_child=-1 -2 3 6 5 -5 7 9 -9 10 -3 -12 -13 -14
right_child=1 2 -4 4 -6 -7 -8 8 -10 -11 11 12 13 -15
leaf_value=-0.0004343966772775687 -0.00067401186330258162 1.7566106037714136e-05 0.0034162120629414971 -0.091846681460518609 -0.049487844138342965 0.03795037898520745 0.0046189019495989836 0.0011195544245526047 0.011976958885103528 -3.7175177946082717e-05 -0.0068876750002075269 0.024089125197345511 -0.012142777214584009 0.071816213878370838
leaf_weight=60965 5874 17474 6051 277 462 314 1569 79695 1137 145228 15814 4446 3094 541
leaf_count=60965 5874 17474 6051 277 462 314 1569 79695 1137 145228 15814 4446 3094 541
internal_value=-0.00730586 -0.000237183 -3.39005e-05 -0.00016308 -0.0133333 -0.00196277 -0.000111525 -0.00017156 0.00108274 -0.00071491 -0.00280693 -0.00503034 0.00084643 -0.00766988
internal_weight=342941 281976 276102 270051 1053 591 268998 267429 80832 186597 41369 23895 8081 3635
internal_count=342941 281976 276102 270051 1053 591 268998 267429 80832 186597 41369 23895 8081 3635
is_linear=0
shrinkage=0.04


Tree=129
num_leaves=15
num_cat=0
split_feature=3 2 3 5 8 10 2 2 0 3 3 10 0 9
split_gain=49715.2 310.821 248.229 140.998 120.953 119.264 105.397 185.437 103.06 233.01 110.609 1457.85 326.555 194.865
threshold=1.0000000180025095e-35 51.047540500000004 11.455642000000003 1.0000000180025095e-35 0.99977886977880004 262.64325050000008 175.60167700000002 123.57870850000002 21.428166235843811 24.667597500000003 22.215964500000002 -23.43874821507919 17.504378250722493 0.034188264220862248
decision_type=2 2 2 2 2 2 2 2 2 2 2 2 2 2
left_child=-1 2 4 -4 -2 8 7 -7 10 -10 11 -3 -13 -12
right_child=1 5 3 -5 -6 6 -8 -9 9 -11 13 12 -14 -15
leaf_value=-0.00041702081018646809 0.16693349821196557 0.057557492957485794 2.7696247794692543 -0.00064705138877048536 -0.00046442875992398492 -0.090257289733154805 -0.047532620457648112 0.047769154399396108 0.054815593226876562 0.0013184868516417448 -0.00086490535934586894 -4.0632786365240034e-05 0.029630334188990616 -0.0001368320129567263
leaf_weight=61099 890 3058 105 2544 2333 285 450 319 571 7037 15169 111482 1525 136054
leaf_count=61099 890 3058 105 2544 2333 285 450 319 571 7037 15169 111482 1525 136054
internal_value=-0.00729019 -0.000198707 -0.00930518 -0.0183767 -0.00184921 -4.92843e-06 -0.0134345 -0.00251656 4.65631e-05 0.00463722 -8.4104e-05 0.000844699 0.00010725 -0.000796969
internal_weight=342921 281822 5872 2649 3223 275950 1054 604 274896 7608 267288 116065 113007 151223
internal_count=342921 281822 5872 2649 3223 275950 1054 604 274896 7608 267288 116065 113007 151223
is_linear=0
shrinkage=0.04


Tree=130
num_leaves=15
num_cat=0
split_feature=3 2 3 3 0 10 10 3 3 1 0 3 10 0
split_gain=49615.2 392.151 236.251 192.438 169.355 126.14 101.067 235.264 117.863 1478.65 300.375 194.3 354.753 158.809
threshold=1.0000000180025095e-35 51.047540500000004 21.184137500000002 29.360008000000004 0.44878536084976134 262.64325050000008 -42.643881627988328 37.034547000000011 22.398113000000006 22.373590904943853 18.831768640078867 20.1861785 -24.906708087052809 10.333792224859808
decision_type=2 2 2 2 2 2 2 2 2 2 2 2 2 2
left_child=-1 2 -2 -4 -5 6 7 -3 9 10 -8 -11 -13 -14
right_child=1 5 3 4 -6 -7 8 -9 -10 11 -12 12 13 -15
leaf_value=-0.0004003399777790051 -0.0006791465733636937 0.073000261588103424 -0.00062116933321966885 0.85127434486423736 -0.0004503555745727539 -0.040112469127501368 -5.7973734396332689e-05 0.00143009253566869 -0.0003255156801389325 0.082295080627259903 0.039305191915852355 0.05172689300829976 -0.0054751768319546267 0.071064058904140276
leaf_weight=60999 4230 335 1157 183 301 1049 113148 7287 148929 1439 941 1746 1094 212
leaf_count=60999 4230 335 1157 183 301 1049 113148 7287 148929 1439 941 1746 1094 212
internal_value=-0.0072892 -0.000214855 -0.0104446 -0.0233272 -0.00214876 2.607e-06 5.53918e-05 0.00459722 -7.40162e-05 0.000866925 -1.92832e-05 0.0233801 0.0176671 0.00189893
internal_weight=343050 282051 5871 1641 484 276180 275131 7622 267509 118580 114089 4491 3052 1306
internal_count=343050 282051 5871 1641 484 276180 275131 7622 267509 118580 114089 4491 3052 1306
is_linear=0
shrinkage=0.04


Tree=131
num_leaves=15
num_cat=0
split_feature=3 2 3 3 0 0 3 10 2 1 3 2 2 8
split_gain=49608.9 358.978 224.909 219.436 165.396 113.827 297.839 228.293 194.591 233.079 280.735 146.661 143.058 442.101
threshold=1.0000000180025095e-35 51.047540500000004 21.184137500000002 29.360008000000004 0.44878536084976134 4.7041222305764743 9.7908195000000013 -8.6484139334654788 125.57123200000002 9.5683776383964823 14.739712000000003 193.00085450000003 88.187568500000012 0.98394874492541906
decision_type=2 2 2 2 2 2 2 2 2 2 2 2 2 2
left_child=-1 2 -2 -4 -5 11 7 -7 12 -10 -11 -3 13 -8
right_child=1 5 3 4 -6 6 8 -9 9 10 -12 -13 -14 -15
leaf_value=-0.00038432637866783639 -0.00063488848249335203 -0.00039084927512226478 -0.00059632255989088283 0.82334774743088079 -0.00036730553158252025 0.070464321024703902 0.00069838912950045073 0.0064170230991099 -0.076909362945967036 0.027615941871716981 0.0025811232159901423 0.0017649338131149773 -0.00060723124063990271 -0.00045528652607954359
leaf_weight=61124 4247 131832 1147 192 296 819 7942 2665 325 1545 22323 29842 62707 15769
leaf_count=61124 4247 131832 1147 192 296 819 7942 2665 325 1545 22323 29842 62707 15769
internal_value=-0.00733484 -0.000245836 -0.0100238 -0.02263 -0.000163934 -3.72776e-05 0.000930102 0.0124455 0.000567394 0.00373827 0.00419641 -0.000719967 -0.000320304 0.00232635
internal_weight=342775 281651 5882 1635 488 275769 114095 3484 110611 24193 23868 161674 86418 23711
internal_count=342775 281651 5882 1635 488 275769 114095 3484 110611 24193 23868 161674 86418 23711
is_linear=0
shrinkage=0.04


Tree=132
num_leaves=15
num_cat=0
split_feature=3 2 3 3 0 10 3 10 0 3 1 3 10 2
split_gain=49508.3 331.559 223.628 236.844 128.998 121.851 106.985 170.7 102.885 266.417 306.226 184.628 287.671 304.362
threshold=1.0000000180025095e-35 51.047540500000004 21.184137500000002 29.360008000000004 0.44878536084976134 262.64325050000008 4.6544990000000013 -4.7932667826694102 5.6343200363908901 13.670727500000002 13.517645196902578 17.246677500000001 -15.198193387300767 98.636383000000009
decision_type=2 2 2 2 2 2 2 2 2 2 2 2 2 2
left_child=-1 2 -2 -4 -5 6 7 -3 -8 10 -10 12 -11 -14
right_child=1 5 3 4 -6 -7 8 -9 9 11 -12 -13 13 -15
leaf_value=-0.00036895332352111511 -0.0006170603488943005 0.030852613756796234 -0.00057246965749524037 0.78945111672688939 -0.00033334908912781459 -0.038495942472405328 -0.00022198860502965713 0.00032127885016153713 0.0046038686454153233 0.01424385678564505 0.034441294075524369 0.00035743829760128689 0.00040548966804543899 -0.011580622277639179
leaf_weight=61017 4260 597 1159 188 296 1058 170811 4187 4939 1881 1371 79928 4932 6429
leaf_count=61017 4260 597 1159 188 296 1058 170811 4187 4939 1881 1371 79928 4932 6429
internal_value=-0.0073303 -0.000262378 -0.00964255 -0.0221789 0.00132231 -6.18543e-05 -9.7428e-06 0.00591973 -0.000114691 0.000907921 0.00886212 0.000369218 -0.00400544 -0.00640437
internal_weight=343053 282036 5903 1643 484 276133 275075 4784 270291 99480 6310 93170 13242 11361
internal_count=343053 282036 5903 1643 484 276133 275075 4784 270291 99480 6310 93170 13242 11361
is_linear=0
shrinkage=0.04


Tree=133
num_leaves=15
num_cat=0
split_feature=3 2 3 3 0 3 10 2 1 3 3 10 2 9
split_gain=49686.7 315.022 221.077 241.875 119.799 109.941 147.939 104.737 102.405 390.329 105.732 321.728 276.686 238.425
threshold=1.0000000180025095e-35 51.047540500000004 21.184137500000002 29.360008000000004 0.44878536084976134 4.6544990000000013 -4.7932667826694102 266.41374200000001 39.500921421152654 35.883170500000013 40.365965500000009 37.422058000000007 185.60354600000002 0.0034541412122011121
decision_type=2 2 2 2 2 2 2 2 2 2 2 2 2 2
left_child=-1 2 -2 -4 -5 6 -3 8 10 -10 11 -7 -13 -12
right_child=1 5 3 4 -6 7 -8 -9 9 -11 13 12 -14 -15
leaf_value=-0.0003541951905802776 -0.00057231864066604305 0.029860230781785489 -0.000549570871195435 0.76051334413410077 -0.00027033823042110327 -1.567422138053498e-05 0.00037910577536020006 0.01830963408960758 0.066322725667535318 0.00085752639326845291 -0.0016565163341949291 0.064437322059978749 -0.0048721124776679049 -0.00040484247951208643
leaf_weight=61043 4238 586 1142 188 291 193957 4173 1088 744 11390 5694 1834 533 55987
leaf_count=61043 4238 586 1142 188 291 193957 4173 1088 744 11390 5694 1834 533 55987
internal_value=-0.00728168 -0.000195427 -0.00937361 -0.0219371 0.00192067 -5.7974e-07 0.00602648 -0.000106332 -0.000156216 0.00343498 -0.00032511 0.000128767 0.0147866 -0.00176975
internal_weight=342888 281845 5859 1621 479 275986 4759 271227 270139 12134 258005 196324 2367 61681
internal_count=342888 281845 5859 1621 479 275986 4759 271227 270139 12134 258005 196324 2367 61681
is_linear=0
shrinkage=0.04


Tree=134
num_leaves=15
num_cat=0
split_feature=7 2 10 10 2 2 1 2 10 0 1 0 10 10
split_gain=49642.1 320.676 104.444 237.9 144.344 272.363 96.5695 94.6589 190.907 212.078 159.188 148.613 203.842 403.1
threshold=1.0000000180025095e-35 51.047540500000004 63.415359500000008 56.667567000000012 99.600261500000002 135.60021950000001 52.244087310888794 160.58164200000002 36.210634000000006 0.66494848198409218 29.223605459107528 7.5842330084380833 25.316286000000002 28.638389000000004
decision_type=2 2 2 2 2 2 2 2 2 2 2 2 2 2
left_child=-1 -2 3 6 -4 -6 7 8 9 -3 11 12 -9 -14
right_child=1 2 4 -5 5 -7 -8 10 -10 -11 -12 -13 13 -15
leaf_value=-0.00034002738295706435 -0.0005275880363476127 -0.0011253637467375022 0.72643017894408224 0.065080845169504326 -0.01982341751024249 -0.0016315419973754342 0.0044364350487474313 -0.0014782212181381116 0.032019074241837746 -1.0034491817947356e-05 0.042210115258826272 0.0072269975558452472 0.045445918486754937 0.00012038923426827664
leaf_weight=61009 5901 18893 138 1156 959 22839 1593 31509 3239 175896 472 2498 5503 11114
leaf_count=61009 5901 18893 138 1156 959 22839 1593 31509 3239 175896 472 2498 5503 11114
internal_value=-0.00728702 -0.000202478 -5.07598e-06 0.00023488 -0.00253008 -0.00276662 0.000151406 8.86306e-05 -0.000307431 -0.000467583 0.00162361 0.00140803 0.000914267 0.00449901
internal_weight=342719 281710 275809 251873 23936 23798 250717 249124 198028 194789 51096 50624 48126 16617
internal_count=342719 281710 275809 251873 23936 23798 250717 249124 198028 194789 51096 50624 48126 16617
is_linear=0
shrinkage=0.04


Tree=135
num_leaves=15
num_cat=0
split_feature=3 2 3 3 3 0 3 0 2 2 2 2 2 0
split_gain=49631 330.878 245.111 137.906 172.455 117.247 112.421 104.21 99.7947 124.698 134.695 114.719 91.9681 93.6147
threshold=1.0000000180025095e-35 51.047540500000004 11.455642000000003 29.360008000000004 23.037687500000004 0.44878536084976134 201.74619950000002 1.0000000180025095e-35 174.78343200000003 125.11652750000002 97.418068000000019 167.14869700000003 256.45751950000005 22.759981628753373
decision_type=2 2 2 2 2 2 2 2 2 2 2 2 2 2
left_child=-1 2 7 4 -4 -5 12 -2 9 10 -8 -11 13 -3
right_child=1 6 3 5 -6 -7 8 -9 -10 11 -12 -13 -14 -15
leaf_value=-0.00032642628763877466 0.33824259703383308 -3.5579773252457649e-05 -0.0011860967483465679 0.7223119862594467 -0.00050648451489371032 -0.00028786442468444308 0.066765766573769134 -0.00048809162254789931 -0.036348801858471468 0.14200542756791251 -0.078708403016718623 0.0013765227722658403 0.015502067903018873 0.0030180637437310009
leaf_weight=61063 718 264540 1388 187 782 307 72 2488 2047 248 294 612 2166 6103
leaf_count=61063 718 264540 1388 187 782 307 72 2488 2047 248 294 612 2166 6103
internal_value=-0.00730522 -0.000224435 -0.00962181 -0.0185886 -0.0229309 0.00048583 -2.46304e-05 -0.00217093 -0.00739383 0.00163132 -0.0179235 0.00995349 6.37809e-05 -1.92135e-06
internal_weight=343015 281952 5870 2664 2170 494 276082 3206 3273 1226 366 860 272809 270643
internal_count=343015 281952 5870 2664 2170 494 276082 3206 3273 1226 366 860 272809 270643
is_linear=0
shrinkage=0.04


Tree=136
num_leaves=15
num_cat=0
split_feature=3 2 3 3 10 0 2 2 2 3 10 0 3 0
split_gain=49622.3 291.213 241.095 247.273 132.526 116.436 100.098 91.2677 156.004 89.185 144.321 103.079 260.74 297.522
threshold=1.0000000180025095e-35 51.047540500000004 21.184137500000002 29.360008000000004 262.64325050000008 0.44878536084976134 256.45751950000005 177.33158900000004 123.57870850000002 4.6544990000000013 -4.7932667826694102 5.6343200363908901 13.670727500000002 9.1420620696865651
decision_type=2 2 2 2 2 2 2 2 2 2 2 2 2 2
left_child=-1 2 -2 -4 6 -5 9 8 -6 10 -3 -11 13 -13
right_child=1 4 3 5 7 -7 -8 -9 -10 11 -12 12 -14 -15
leaf_value=-0.00031336923613322297 -0.00049450437565377035 0.02840927816066291 -0.00048622513429796399 0.696471787363526 -0.079529561188568534 -0.00029584771909599186 0.015674293281488706 -0.041480914939037022 0.029939735891279528 -0.00023853885166009282 0.00031947981767713077 0.00071058088366117379 0.0001492480124959128 0.021382537155546836
leaf_weight=60980 4218 597 1142 195 280 297 2197 411 360 168599 4165 3347 93191 2999
leaf_count=60980 4218 597 1142 195 280 297 2197 411 360 168599 4165 3347 93191 2999
internal_value=-0.0072814 -0.000206243 -0.00903623 -0.0220808 -1.91203e-05 0.00162602 3.50424e-05 -0.014196 -0.00475 -3.34191e-05 0.00539269 -0.000129785 0.000890925 0.00873621
internal_weight=342978 281998 5852 1634 276146 492 275095 1051 640 272898 4762 268136 99537 6346
internal_count=342978 281998 5852 1634 276146 492 275095 1051 640 272898 4762 268136 99537 6346
is_linear=0
shrinkage=0.04


Tree=137
num_leaves=15
num_cat=0
split_feature=3 2 3 3 3 10 2 2 0 3 10 2 3 2
split_gain=49402.9 290.819 214.718 270.994 174.612 125.665 93.0042 125.422 91.9502 207.85 105.173 110.154 102.268 93.9021
threshold=1.0000000180025095e-35 1.0000000180025095e-35 11.455642000000003 30.156969000000004 23.037687500000004 262.64325050000008 177.33158900000004 123.57870850000002 20.914800277044865 23.575320500000004 -22.769803593347834 110.01298150000001 38.107700000000008 147.09811400000004
decision_type=2 2 2 2 2 2 2 2 2 2 2 2 2 2
left_child=-1 2 -2 4 -4 8 7 -7 13 -10 11 12 -11 -3
right_child=1 5 3 -5 -6 6 -8 -9 9 10 -12 -13 -14 -15
leaf_value=-0.00030083446668790261 1.8785043898673397 -0.00016616506832485943 -0.00086214844383899699 0.66627708664622332 -0.0004667761289260497 -0.073024965006503448 -0.039769742209672165 0.026596006466776796 0.05030872293382635 0.016613629391822631 -0.012220835385523128 0.0053041616005566764 -0.0020458009414906588 0.0011721819087807783
leaf_weight=60847 560 184728 1160 196 781 269 406 363 528 538 683 3958 2693 85342
leaf_count=60847 560 184728 1160 196 781 269 406 363 528 538 683 3958 2693 85342
internal_value=-0.00730968 -0.000261229 -0.0133333 -0.0191109 -0.0236373 -0.000135095 -0.014027 -0.00443038 -8.33124e-05 0.0040381 0.00240854 0.00383363 -0.00164655 -0.000211501
internal_weight=343052 282205 2697 2137 1941 279508 1038 632 278470 8400 7872 7189 3231 270070
internal_count=343052 282205 2697 2137 1941 279508 1038 632 278470 8400 7872 7189 3231 270070
is_linear=0
shrinkage=0.04


Tree=138
num_leaves=15
num_cat=0
split_feature=3 2 3 3 3 10 1 3 3 1 0 3 10 0
split_gain=49755.5 271.552 226.036 280.5 179.753 134.701 90.8756 236.691 109.029 1385.09 302.967 178.272 318.657 153.459
threshold=1.0000000180025095e-35 1.0000000180025095e-35 11.455642000000003 30.156969000000004 22.398113000000006 262.64325050000008 41.979986407112854 37.034547000000011 22.305571000000004 22.373590904943853 18.533773768945903 20.1861785 -25.150682565462514 10.333792224859808
decision_type=2 2 2 2 2 2 2 2 2 2 2 2 2 2
left_child=-1 2 -2 4 -4 6 8 -8 9 10 -3 -11 -13 -14
right_child=1 5 3 -5 -6 -7 7 -9 -10 11 -12 12 13 -15
leaf_value=-0.00028880108802038508 1.8080723136378805 -7.3344425604320309e-05 -0.0038198433589753788 0.6440712074031365 -0.0004481050837690148 -0.034142410564709749 0.06189320894165453 0.0011972639077497173 -0.00033167990939390711 0.079542701075486333 0.036808847096409025 0.05674836977497931 -0.0037443229321996972 0.066547436771132396
leaf_weight=61133 559 114887 1050 187 896 1054 456 7934 149681 1443 1052 1492 1154 207
leaf_count=61133 559 114887 1050 187 896 1054 456 7934 149681 1443 1052 1492 1154 207
internal_value=-0.00728528 -0.000194574 -0.012838 -0.0187717 -0.0232682 -7.27377e-05 -1.86845e-05 0.00408105 -0.00014612 0.000750863 -7.5557e-05 0.023054 0.017259 0.00326231
internal_weight=343185 282052 2692 2133 1946 279360 278306 8390 269916 120235 115939 4296 2853 1361
internal_count=343185 282052 2692 2133 1946 279360 278306 8390 269916 120235 115939 4296 2853 1361
is_linear=0
shrinkage=0.04


Tree=139
num_leaves=15
num_cat=0
split_feature=3 2 3 3 3 10 2 0 2 10 10 3 2 2
split_gain=49752.1 281.213 234.136 264.634 177.734 115.198 87.9929 94.5476 221.208 173.171 528.381 478.158 315.673 239.206
threshold=1.0000000180025095e-35 1.0000000180025095e-35 11.455642000000003 30.156969000000004 23.037687500000004 262.64325050000008 256.45751950000005 3.108917583662103 136.79139750000004 15.151885000000002 17.250566500000001 19.209048500000005 56.337551000000012 73.030933500000017
decision_type=2 2 2 2 2 2 2 2 2 2 2 2 2 2
left_child=-1 2 -2 4 -4 6 7 9 -9 12 -11 -12 -3 -14
right_child=1 5 3 -5 -6 -7 -8 8 -10 10 11 -13 13 -15
leaf_value=-0.00027724904449957679 1.7357008981431463 8.936983740941429e-05 -0.00067486877172640903 0.61517389865779248 -0.00043018088041826277 -0.031921040369937127 0.014976541192381596 2.4235631062373697e-05 0.004592195492697666 0.018537998966014366 -0.046371066808761761 1.3058308048877754e-05 -0.002447800522821484 -0.0028171588086717938
leaf_weight=61041 563 22806 1138 189 794 1048 2165 128707 17161 7137 2443 62324 7105 28322
leaf_count=61041 563 22806 1138 189 794 1048 2165 128707 17161 7137 2443 62324 7105 28322
internal_value=-0.00725893 -0.000169421 -0.0130551 -0.0191419 -0.0235611 -4.55558e-05 4.31391e-06 -5.86946e-05 0.000640579 -0.000842497 0.000470628 -0.000667624 -0.0024639 -0.00482683
internal_weight=342943 281902 2684 2121 1932 279218 278170 276005 145868 130137 71904 64767 58233 35427
internal_count=342943 281902 2684 2121 1932 279218 278170 276005 145868 130137 71904 64767 58233 35427
is_linear=0
shrinkage=0.04


Tree=140
num_leaves=15
num_cat=0
split_feature=3 2 3 3 3 10 2 2 2 1 3 1 0 3
split_gain=49758.2 300.674 215.794 237.231 175.487 105.754 85.1364 153.446 91.9731 84.2781 85.9217 1353.08 303.355 181.424
threshold=1.0000000180025095e-35 1.0000000180025095e-35 11.455642000000003 30.156969000000004 23.037687500000004 262.64325050000008 177.33158900000004 123.57870850000002 101.26715050000001 52.244087310888794 22.123444500000002 22.13972096571257 18.208163352937422 19.528314500000004
decision_type=2 2 2 2 2 2 2 2 2 2 2 2 2 2
left_child=-1 2 -2 4 -4 9 7 8 -7 10 11 12 -3 -13
right_child=1 5 3 -5 -6 6 -8 -9 -10 -11 -12 13 -14 -15
leaf_value=-0.00026615908271958587 1.6617065170025769 -6.6952208404975628e-05 -0.00064787402085734417 0.59274406673491853 -0.00041297364520152867 0.026441564546826588 -0.03617105039139859 0.029938545159264179 -0.074356964109063062 0.0041939922749155388 -0.00023886864495496153 0.083720871790758725 0.037387234508206385 0.031162976456970092
leaf_weight=61034 555 112844 1155 189 784 40 404 360 236 1569 158598 1230 1097 2889
leaf_count=61034 555 112844 1155 189 784 40 404 360 236 1569 158598 1230 1097 2889
internal_value=-0.00725422 -0.000165703 -0.0134924 -0.0192857 -0.0234554 -3.767e-05 -0.0127692 -0.0036478 -0.026087 9.91996e-06 -4.25074e-05 0.000774521 -3.96697e-05 0.0232969
internal_weight=342984 281950 2683 2128 1939 279267 1040 636 276 278227 276658 118060 113941 4119
internal_count=342984 281950 2683 2128 1939 279267 1040 636 276 278227 276658 118060 113941 4119
is_linear=0
shrinkage=0.04


Tree=141
num_leaves=15
num_cat=0
split_feature=3 2 3 3 3 3 0 3 1 3 2 2 0 5
split_gain=49708.2 297.978 240.87 249.88 173.041 114.34 86.6245 244.198 110.724 124.494 112.752 100.231 159.32 187.99
threshold=1.0000000180025095e-35 1.0000000180025095e-35 11.455642000000003 30.156969000000004 23.037687500000004 201.74619950000002 22.759981628753373 25.838914000000006 24.045961766556598 32.420398000000013 112.96004100000002 155.49099700000002 0.7383717096808623 1.0000000180025095e-35
decision_type=2 2 2 2 2 2 2 2 2 2 2 2 2 2
left_child=-1 2 -2 4 -4 6 11 -8 -9 -10 -11 12 -3 -14
right_child=1 5 3 -5 -6 -7 7 8 9 10 -12 -13 13 -15
leaf_value=-0.00025551271941079537 1.5998531244865362 -0.0006897144213955464 -0.00087901448922485421 0.56903430406552158 -0.00039645469939346255 -0.024856637954365723 0.054214637980993283 -0.021614512702111913 0.025896826908527168 -0.0013607767896237145 0.0059249025509112395 0.001566014828452527 1.4626804698739033 -3.4186399346328725e-05
leaf_weight=61058 555 28401 1137 195 798 3291 458 249 702 2930 1715 73188 187 168032
leaf_count=61058 555 28401 1137 195 798 3291 458 249 702 2930 1715 73188 187 168032
internal_value=-0.00727941 -0.000190748 -0.0134525 -0.0195681 -0.0239173 -6.31912e-05 2.523e-05 0.00475719 0.0024589 0.00367309 0.00130032 -8.09465e-05 -0.000551317 -8.34626e-05
internal_weight=342896 281838 2685 2130 1935 279153 275862 6054 5596 5347 4645 269808 196620 168219
internal_count=342896 281838 2685 2130 1935 279153 275862 6054 5596 5347 4645 269808 196620 168219
is_linear=0
shrinkage=0.04


Tree=142
num_leaves=15
num_cat=0
split_feature=3 2 3 3 3 10 10 3 9 10 2 2 3 10
split_gain=49627.5 293.764 223.386 250.937 185.066 107.88 214.104 147.322 308.212 260.268 137.856 283.971 118.989 278.775
threshold=1.0000000180025095e-35 1.0000000180025095e-35 11.455642000000003 30.156969000000004 22.398113000000006 63.415359500000008 56.667567000000012 87.080787000000015 0.0034541412122011121 -17.217073741353445 135.60021950000001 107.48187250000002 40.365965500000009 37.422058000000007
decision_type=2 2 2 2 2 2 2 2 2 2 2 2 2 2
left_child=-1 2 -2 4 -4 6 7 12 -9 -10 11 -7 13 -3
right_child=1 5 3 -5 -6 10 -8 8 9 -11 -12 -13 -14 -15
leaf_value=-0.00024529221063437136 1.5357320463820747 4.9461800688410661e-05 -0.0063141047570321705 0.5462729319029006 -0.00038059651141772124 0.52176900555127415 0.062432305741238266 -0.014063844888215509 0.0017848080367868712 0.00060040527447729369 -0.0016649001482419298 -0.019899794384715005 -0.00061704906055364049 0.034777459757602214
leaf_weight=60973 560 204402 1035 189 911 201 1155 335 5037 869 22892 895 40972 2384
leaf_count=60973 560 204402 1035 189 911 201 1155 335 5037 869 22892 895 40972 2384
internal_value=-0.00727913 -0.000200258 -0.0133432 -0.0192412 -0.0235149 -7.33677e-05 0.000167742 8.96067e-05 0.00615927 0.00827633 -0.00263799 -0.0164964 -6.32876e-05 0.000326908
internal_weight=342810 281837 2695 2135 1946 279142 255154 253999 6241 5906 23988 1096 247758 206786
internal_count=342810 281837 2695 2135 1946 279142 255154 253999 6241 5906 23988 1096 247758 206786
is_linear=0
shrinkage=0.04


Tree=143
num_leaves=15
num_cat=0
split_feature=3 2 3 3 3 10 3 1 0 3 10 10 3 0
split_gain=49633.3 311.476 219.989 215.487 174.352 117.993 97.4436 121.092 99.52 243.554 123.402 516.292 438.746 218.623
threshold=1.0000000180025095e-35 1.0000000180025095e-35 11.455642000000003 30.156969000000004 22.398113000000006 262.64325050000008 4.6544990000000013 4.6597432780583858 5.4435676777266258 9.7908195000000013 15.151885000000002 17.250566500000001 18.562370000000005 0.49613523002869087
decision_type=2 2 2 2 2 2 2 2 2 2 2 2 2 2
left_child=-1 2 -2 4 -4 6 7 -3 10 -10 13 -12 -13 -8
right_child=1 5 3 -5 -6 -7 8 -9 9 -11 11 12 -14 -15
leaf_value=-0.00023548052220899508 1.47092340051312 0.00027450960659204605 -0.0033264151430627332 0.52093414682980377 -0.00036537265096100671 -0.03024701365309098 -0.0023775994653234189 0.026952365717265784 0.029238149856903622 0.00024070613980091695 0.017568729126495021 -0.055987924730818935 -0.00010701264974680603 -0.00016283431306705066
leaf_weight=61009 556 4740 1036 186 906 1030 14044 731 1348 100471 7668 1661 63732 83847
leaf_count=61009 556 4740 1036 186 906 1030 14044 731 1348 100471 7668 1661 63732 83847
internal_value=-0.00728739 -0.000209111 -0.0137705 -0.0196241 -0.0235633 -7.87762e-05 -2.87519e-05 0.00525681 -0.000134765 0.000855243 -0.000724414 0.000519566 -0.000631872 -0.00165286
internal_weight=342965 281956 2684 2128 1942 279272 278242 5471 272771 101819 170952 73061 65393 97891
internal_count=342965 281956 2684 2128 1942 279272 278242 5471 272771 101819 170952 73061 65393 97891
is_linear=0
shrinkage=0.04


Tree=144
num_leaves=15
num_cat=0
split_feature=3 10 0 10 10 3 0 3 3 3 3 1 3 0
split_gain=49664.6 124.629 94.9989 224.48 361.396 403.304 348.908 287.493 272.204 207.484 159.439 254.837 151.717 224.64
threshold=1.0000000180025095e-35 262.64325050000008 2.8489381997456507 14.608397500000001 17.250566500000001 19.209048500000005 0.24846594467600108 21.295840500000004 30.156969000000004 16.342430500000003 19.038223000000006 18.563136569392743 11.455642000000003 1.0000000180025095e-35
decision_type=2 2 2 2 2 2 2 2 2 2 2 2 2 2
left_child=-1 2 3 6 9 -6 7 12 -9 -5 11 -8 13 -2
right_child=1 -3 -4 4 5 -7 10 8 -10 -11 -12 -13 -14 -15
leaf_value=-0.00022606130132063029 0.06124878277334924 -0.029700117954989801 0.00015385598882328822 0.0045340650597018237 -0.042161566096853419 1.5969334979972772e-05 -2.7608072050195888e-05 -0.00035075774492256075 0.50192006745476425 0.034716718680026515 -0.00089163392688023984 0.037715554889005569 -0.0089803365490408286 -0.0016610905336481396
leaf_weight=61139 1600 1049 150676 6608 2608 62917 26651 1117 112 3256 15264 1158 7550 1488
leaf_count=61139 1600 1049 150676 6608 2608 62917 26651 1117 112 3256 15264 1158 7550 1488
internal_value=-0.00731705 -0.00023258 -0.000181207 -0.000972002 0.000445158 -0.000629378 -0.00291664 -0.00898964 -0.0273068 0.00758313 -0.00124347 0.000559531 -0.00687347 0.000595855
internal_weight=343193 282054 281005 130329 75389 65525 54940 11867 1229 9864 43073 27809 10638 3088
internal_count=343193 282054 281005 130329 75389 65525 54940 11867 1229 9864 43073 27809 10638 3088
is_linear=0
shrinkage=0.04


Tree=145
num_leaves=15
num_cat=0
split_feature=7 2 10 0 2 8 5 2 2 2 2 2 0 0
split_gain=49704.8 297.243 106.998 81.8059 89.7175 169.986 77.8606 73.0851 189.679 72.6271 70.3531 202.596 147.203 94.6282
threshold=1.0000000180025095e-35 1.0000000180025095e-35 262.64325050000008 20.516159828312226 102.15045550000001 0.99994575697040078 1.0000000180025095e-35 177.33158900000004 123.57870850000002 266.41374200000001 56.337551000000012 58.972835500000009 2.3643396924104136 0.34764021485493424
decision_type=2 2 2 2 2 2 2 2 2 2 2 2 2 2
left_child=-1 6 3 9 5 -5 -2 8 -4 10 12 -12 13 -3
right_child=1 2 7 4 -6 -7 -8 -9 -10 -11 11 -13 -14 -15
leaf_value=-0.00021701884926780935 2.3130111117272603 -0.00071599695422206009 -0.063622420981130787 -0.0089326242566435815 0.0029364901949868517 0.010211157591539699 -0.0003367274351256633 -0.030430472039585616 0.033359684610544185 0.015692381965833235 -0.0015440180341612653 -9.8827293277534698e-05 0.0026137406269995632 0.00015415689688533796
leaf_weight=61069 118 3009 285 944 7573 570 2559 404 371 1100 4396 240550 1264 18885
leaf_count=61069 118 3009 285 944 7573 570 2559 404 371 1100 4396 240550 1264 18885
internal_value=-0.00728202 -0.000197427 -7.03058e-05 -2.19914e-05 0.0037108 -0.00517834 -0.0134628 -0.0127547 -0.0045122 -0.000147992 -0.000190075 -0.00038931 0.00191726 0.001151
internal_weight=343097 282028 279351 278291 9087 1514 2677 1060 656 269204 268104 244946 23158 21894
internal_count=343097 282028 279351 278291 9087 1514 2677 1060 656 269204 268104 244946 23158 21894
is_linear=0
shrinkage=0.04


Tree=146
num_leaves=15
num_cat=0
split_feature=3 2 3 3 3 10 3 10 0 3 10 3 3 10
split_gain=49703.8 319.232 228.688 187.38 166.775 110.341 85.1359 111.304 79.2999 215.475 305.884 198.418 191.84 257.858
threshold=1.0000000180025095e-35 1.0000000180025095e-35 11.455642000000003 30.156969000000004 23.037687500000004 262.64325050000008 4.5765505000000006 -4.2853963670353901 5.4435676777266258 13.670727500000002 -13.429776983016501 9.7908195000000013 17.246677500000001 -15.198193387300767
decision_type=2 2 2 2 2 2 2 2 2 2 2 2 2 2
left_child=-1 2 -2 4 -4 6 7 -3 -8 10 -10 -12 13 -11
right_child=1 5 3 -5 -6 -7 8 -9 9 12 11 -13 -14 -15
leaf_value=-0.00020833809529710479 1.4093661688025036 0.018897300019079223 -0.00048029914730335577 0.48003344735582631 -0.00032325833772063107 -0.02704464067783862 -0.0001974066733593216 0.00016335578026076991 0.03179804435449006 0.013111451816630836 0.027131888721236345 -0.00096231776256315625 0.00034775963189152657 -0.0037355906877440605
leaf_weight=61011 577 970 1145 187 772 1068 171989 3416 1435 1902 1344 3859 81816 11622
leaf_count=61011 577 970 1145 187 772 1068 171989 3416 1435 1902 1344 3859 81816 11622
internal_value=-0.00726326 -0.000183196 -0.0139202 -0.020038 -0.0237663 -5.1392e-05 -2.15554e-06 0.00552668 -9.06679e-05 0.000793112 0.00776137 0.00325197 0.00030795 -0.00410529
internal_weight=343113 282102 2681 2104 1917 279421 278353 4386 273967 101978 6638 5203 95340 13524
internal_count=343113 282102 2681 2104 1917 279421 278353 4386 273967 101978 6638 5203 95340 13524
is_linear=0
shrinkage=0.04


Tree=147
num_leaves=15
num_cat=0
split_feature=3 2 3 3 3 10 3 3 10 3 10 0 10 10
split_gain=49646.8 312.743 232.794 194.733 174.046 108.505 95.5304 182.615 87.036 81.6503 1325.54 280.163 108.81 376.269
threshold=1.0000000180025095e-35 1.0000000180025095e-35 11.455642000000003 30.156969000000004 22.398113000000006 262.64325050000008 17.177073000000004 21.184137500000002 -54.423380170828601 22.398113000000006 -23.43874821507919 18.831768640078867 15.151885000000002 17.250566500000001
decision_type=2 2 2 2 2 2 2 2 2 2 2 2 2 2
left_child=-1 2 -2 4 6 8 -4 -8 -3 10 -10 12 -12 -14
right_child=1 5 3 -5 -6 -7 7 -9 9 -11 11 -13 13 -15
leaf_value=-0.00020000457148521279 1.3566546995406379 0.0041114991644704028 -0.0085884420237820353 0.46431997725857399 -0.00031032800421179732 -0.026032368371647924 3.9948566608725224 -0.00015446631135620947 0.047370348428887862 -0.00025259529126792302 -0.00015627427444395048 0.038101796019787387 0.015954597052627948 -0.0067259981272184488
leaf_weight=60951 560 1168 648 193 900 1048 155 221 3506 155368 100490 1007 7667 8756
leaf_count=60951 560 1168 648 193 900 1048 155 221 3506 155368 100490 1007 7667 8756
internal_value=-0.00726738 -0.000184744 -0.0137916 -0.0198583 -0.0237006 -5.41916e-05 -0.0124219 0.00361702 -5.75618e-06 -5.17352e-05 0.00072538 4.74898e-06 -0.000176199 0.00284236
internal_weight=342638 281687 2677 2117 1924 279010 1024 376 277962 276794 121426 117920 116913 16423
internal_count=342638 281687 2677 2117 1924 279010 1024 376 277962 276794 121426 117920 116913 16423
is_linear=0
shrinkage=0.04


Tree=148
num_leaves=15
num_cat=0
split_feature=3 2 3 3 3 3 3 3 2 2 0 5 2 1
split_gain=49662.8 293.814 227.285 285.732 154.15 158.244 94.4519 83.6959 102.129 83.4431 150.374 187.928 178.685 262.82
threshold=1.0000000180025095e-35 1.0000000180025095e-35 21.295840500000004 30.156969000000004 17.246677500000001 11.455642000000003 201.74619950000002 4.6544990000000013 102.15045550000001 155.49099700000002 0.7383717096808623 1.0000000180025095e-35 56.337551000000012 2.9031956469159428
decision_type=2 2 2 2 2 2 2 2 2 2 2 2 2 2
left_child=-1 2 4 -4 5 -2 7 8 -3 10 -9 -12 -13 -14
right_child=1 6 3 -5 -6 -7 -8 9 -10 -11 11 12 13 -15
leaf_value=-0.00019200438862579717 1.2987253340687781 0.00033070855667919122 -0.0002979148840433332 0.44622584638112189 3.8364716961954337 -0.0082449043428307525 -0.021819369618132509 -0.00086139735424161539 0.023941949527945022 0.0013861972637526888 1.4039841908116659 0.0004083734143536244 -0.0015097848414765292 -4.4402929361664346e-05
leaf_weight=60997 561 5028 1116 200 147 668 3296 26442 442 73278 187 12827 6799 150784
leaf_count=60997 561 5028 1116 200 147 668 3296 26442 442 73278 187 12827 6799 150784
internal_value=-0.00727574 -0.000191784 -0.0133432 -0.025228 -0.00197674 -0.006607 -6.49269e-05 1.55192e-05 0.00491408 -8.36055e-05 -0.000512183 -7.71409e-05 -0.00012112 -0.000490662
internal_weight=342772 281775 2692 1316 1376 1229 279083 275787 5470 270317 197039 170597 170410 157583
internal_count=342772 281775 2692 1316 1376 1229 279083 275787 5470 270317 197039 170597 170410 157583
is_linear=0
shrinkage=0.04


Tree=149
num_leaves=15
num_cat=0
split_feature=7 2 10 10 2 2 10 10 2 2 10 10 10 10
split_gain=49726.6 319.335 87.6576 169.572 156.246 217.001 80.6982 178.317 176.007 228.575 407.215 288.359 151.7 103.276
threshold=1.0000000180025095e-35 1.0000000180025095e-35 63.415359500000008 56.667567000000012 135.60021950000001 92.84890750000001 24.635954500000004 22.820406500000004 135.60021950000001 166.45293400000003 32.17470500000001 28.638389000000004 26.678895000000001 44.240494500000004
decision_type=2 2 2 2 2 2 2 2 2 2 2 2 2 2
left_child=-1 -2 3 6 5 -4 7 -3 -8 10 -10 12 -11 -13
right_child=1 2 4 -5 -6 -7 8 -9 9 11 -12 13 -14 -15
leaf_value=-0.00018432421308077097 -0.00028599828868159705 -7.6446565163923449e-06 0.839564770807953 0.054955514534974943 -0.0013712638523568266 -0.017866285791333449 0.062312167889233376 -0.030036214578221362 -0.035545566719852879 0.013066817144525898 0.010444356441807861 0.0040096201701821602 0.066044435898411552 -0.0063905149482826442
leaf_weight=61066 2689 222781 121 1144 22849 974 1240 3301 5298 2985 6774 6590 2730 2716
leaf_count=61066 2689 222781 121 1144 22849 974 1240 3301 5298 2985 6774 6590 2730 2716
internal_value=-0.0072722 -0.000189942 -5.796e-05 0.000158867 -0.0023722 -0.0171324 8.97746e-05 -0.000162419 0.00210214 0.00142768 -0.00267064 0.00472139 0.0117935 0.000378251
internal_weight=343258 282192 279503 255559 23944 1095 254415 226082 28333 27093 12072 15021 5715 9306
internal_count=343258 282192 279503 255559 23944 1095 254415 226082 28333 27093 12072 15021 5715 9306
is_linear=0
shrinkage=0.04


Tree=150
num_leaves=15
num_cat=0
split_feature=3 2 3 3 3 3 10 1 3 3 1 0 10 0
split_gain=49822.3 328.197 229.602 269.747 178.45 167.898 93.9 85.3655 349.604 105.404 1219.38 258.814 129.074 210.684
threshold=1.0000000180025095e-35 1.0000000180025095e-35 21.184137500000002 30.156969000000004 17.246677500000001 11.455642000000003 262.64325050000008 39.500921421152654 35.136070000000011 22.398113000000006 23.527151498891147 18.831768640078867 -18.286278523393722 5.9014686786109101
decision_type=2 2 2 2 2 2 2 2 2 2 2 2 2 2
left_child=-1 2 4 -4 5 -2 7 9 -9 10 11 -3 13 -11
right_child=1 6 3 -5 -6 -7 -8 8 -10 12 -12 -13 -14 -15
leaf_value=-0.0001769512445575394 1.2467877606375743 -2.9766809676245246e-05 -0.00027455835713432466 0.42886692067031446 3.7591259528494767 -0.0079036682375702577 -0.023961090433582549 0.06722462812052718 0.0009429381065231057 -0.0047085531568137684 0.045687263140971698 0.036244245578287482 3.2994518600193425e-05 -0.00024775015964118133
leaf_weight=61057 551 117066 1125 181 141 664 1045 611 11522 18747 3422 987 89462 36418
leaf_count=61057 551 117066 1125 181 141 664 1045 611 11522 18747 3422 987 89462 36418
internal_value=-0.00724049 -0.000146129 -0.0141247 -0.0260949 -0.00259587 -0.00753909 -1.28903e-05 3.20592e-05 0.00331328 -0.000117549 0.000751101 6.87827e-05 -0.000847145 -0.00236889
internal_weight=342999 281942 2662 1306 1356 1215 279280 278235 12133 266102 121475 118053 144627 55165
internal_count=342999 281942 2662 1306 1356 1215 279280 278235 12133 266102 121475 118053 144627 55165
is_linear=0
shrinkage=0.04


Tree=151
num_leaves=15
num_cat=0
split_feature=3 2 3 3 3 10 10 2 2 3 8 10 3 10
split_gain=49633 312.804 235.139 187.955 177.085 92.3113 171.32 164.828 184.194 127.739 295.45 264.878 114.505 220.41
threshold=1.0000000180025095e-35 1.0000000180025095e-35 11.455642000000003 30.156969000000004 22.398113000000006 63.415359500000008 56.667567000000012 135.60021950000001 107.48187250000002 87.080787000000015 0.99798924150232549 -17.217073741353445 40.365965500000009 37.422058000000007
decision_type=2 2 2 2 2 2 2 2 2 2 2 2 2 2
left_child=-1 2 -2 4 -4 6 9 8 -7 12 11 -11 13 -3
right_child=1 5 3 -5 -6 7 -8 -9 -10 10 -12 -13 -14 -15
leaf_value=-0.00016987319477523855 1.2006186427901964 5.8105809014188384e-05 -0.0075875215080674517 0.41171224384350186 -0.00026357602284894811 0.41490448530218571 0.054277053013537094 -0.0014536110274708293 -0.018154163215536291 0.0017268217175400835 -0.013629420914665196 0.00066143694850206774 -0.00058366554119467114 0.033371254775778451
leaf_weight=60983 550 204487 1021 186 907 200 1154 22991 904 5033 325 861 40979 2353
leaf_count=60983 550 204487 1021 186 907 200 1154 22991 904 5033 325 861 40979 2353
internal_value=-0.0072793 -0.000202163 -0.0138438 -0.0199054 -0.02361 -7.20406e-05 0.000151415 -0.00243868 -0.0175362 8.15626e-05 0.00574369 0.00779097 -6.0528e-05 0.000322181
internal_weight=342934 281951 2664 2114 1928 279287 255192 24095 1104 254038 6219 5894 247819 206840
internal_count=342934 281951 2664 2114 1928 279287 255192 24095 1104 254038 6219 5894 247819 206840
is_linear=0
shrinkage=0.04


Tree=152
num_leaves=15
num_cat=0
split_feature=3 2 3 3 3 3 10 2 0 10 3 8 10 3
split_gain=49858.3 193.078 288.274 301.553 205.745 160.842 107.938 180.012 201.675 155.24 115.862 294.971 227.249 114.469
threshold=1.0000000180025095e-35 1.0000000180025095e-35 22.398113000000006 30.156969000000004 17.246677500000001 11.455642000000003 63.415359500000008 134.95728300000005 1.6143983892789178 56.667567000000012 87.080787000000015 0.99798924150232549 -17.217073741353445 40.365965500000009
decision_type=2 2 2 2 2 2 2 2 2 2 2 2 2 2
left_child=-1 2 4 -4 5 -2 9 8 -8 10 13 12 -12 -3
right_child=1 6 3 -5 -6 -7 7 -9 -10 -11 11 -13 -14 -15
leaf_value=-0.00016307826698422901 1.142960260603979 0.00011827878188833019 -0.00025303298193499305 0.39788402616604912 2.4663530813673042 -0.0072840206477447558 -0.017690038237778167 -0.0015751163907065102 1.2392432417541188 0.052792226499123254 0.001700953992121157 -0.01321838184456601 0.00057300601153517541 -0.00056443088889836842
leaf_weight=61078 553 207007 893 192 362 672 974 22890 86 1142 5091 316 867 40862
leaf_count=61078 553 207007 893 192 362 672 974 22890 86 1142 5091 316 867 40862
internal_value=-0.00723565 -0.000136925 -0.0108383 -0.0267281 2.52048e-05 -0.00780408 -3.45229e-05 -0.00260209 -0.018717 0.000206358 0.000140236 0.00550845 0.00750587 4.35714e-06
internal_weight=342985 281907 2672 1085 1587 1225 279235 23950 1060 255285 254143 6274 5958 247869
internal_count=342985 281907 2672 1085 1587 1225 279235 23950 1060 255285 254143 6274 5958 247869
is_linear=0
shrinkage=0.04


Tree=153
num_leaves=15
num_cat=0
split_feature=3 2 3 3 3 3 3 10 3 10 2 0 10 3
split_gain=49755.7 325.526 233.309 241.53 155.873 162.147 100.205 78.5131 74.0864 102.902 78.6282 151.939 136.261 156.345
threshold=1.0000000180025095e-35 1.0000000180025095e-35 21.295840500000004 30.156969000000004 17.246677500000001 11.455642000000003 201.74619950000002 -54.423380170828601 4.5765505000000006 -4.5126027744939412 155.49099700000002 11.462212904616829 -14.6996063721387 14.739712000000003
decision_type=2 2 2 2 2 2 2 2 2 2 2 2 2 2
left_child=-1 2 4 -4 5 -2 7 -3 9 -9 -10 -12 -13 -14
right_child=1 6 3 -5 -6 -7 -8 8 10 -11 11 12 13 -15
leaf_value=-0.0001565551363048634 1.1034569075528669 0.0037759373307352817 -0.00024291166265760111 0.37488318882035798 3.5105573870676903 -0.0069926598218349682 -0.021269208005059211 0.023874856551169041 -0.00012806758811233942 0.00022871619666796407 0.0010044677812697934 0.012930228127265906 0.056553576320685625 -0.068690542958276687
leaf_weight=61007 566 1177 1118 190 145 671 3245 701 197128 3641 72352 684 131 179
leaf_count=61007 566 1177 1118 190 145 671 3245 701 197128 3641 72352 684 131 179
internal_value=-0.00724674 -0.00015919 -0.0140074 -0.0261162 -0.00254703 -0.00714632 -2.57845e-05 5.63782e-05 1.22264e-05 0.00519576 -7.09865e-05 0.00104709 0.0165795 -0.00541935
internal_weight=342935 281928 2690 1308 1382 1237 279238 275993 274816 4342 270474 73346 994 310
internal_count=342935 281928 2690 1308 1382 1237 279238 275993 274816 4342 270474 73346 994 310
is_linear=0
shrinkage=0.04


Tree=154
num_leaves=15
num_cat=0
split_feature=7 2 10 2 2 10 9 9 2 2 10 8 9 1
split_gain=49736.1 329.447 96.3298 91.3544 229.584 80.8334 80.3796 321.576 182.733 355.384 156.713 238.019 208.461 200.92
threshold=1.0000000180025095e-35 1.0000000180025095e-35 262.64325050000008 123.57870850000002 175.60167700000002 -54.423380170828601 0.31393818273798119 0.034188264220862248 74.784225500000005 88.738430000000008 -11.036023493668628 0.87675023452061362 0.2638642567107381 3.9011174707960214
decision_type=2 2 2 2 2 2 2 2 2 2 2 2 2 2
left_child=-1 -2 5 -4 -5 -3 7 -7 -9 10 11 12 -10 -12
right_child=1 2 3 4 -6 6 -8 8 9 -11 13 -13 -14 -15
leaf_value=-0.00015029293085266459 -0.00023319519615130346 0.0036882718043441012 -0.054988640042282509 0.054544011379216356 -0.025530242071734106 -8.9280633645225644e-05 -0.00044811019764619877 -0.0018936582433352611 -0.0042273384233543574 0.0011247077615030409 -0.00023207770585243371 0.0093498092306390761 0.0054295059543668801 0.00084133542691363532
leaf_weight=60948 2672 1165 283 316 458 75877 171676 1240 735 20874 533 606 178 5460
leaf_count=60948 2672 1165 283 316 458 75877 171676 1240 735 20874 533 606 178 5460
internal_value=-0.00723303 -0.00015301 -1.93271e-05 -0.0120719 -0.00496124 2.64421e-05 -1.77503e-05 0.000851161 0.00438534 0.00504192 0.0125027 0.00102699 -0.0118729 0.0154113
internal_weight=343021 282073 279401 1057 774 278344 277179 105503 29626 28386 7512 1519 913 5993
internal_count=343021 282073 279401 1057 774 278344 277179 105503 29626 28386 7512 1519 913 5993
is_linear=0
shrinkage=0.04


Tree=155
num_leaves=15
num_cat=0
split_feature=3 2 3 3 3 10 2 2 3 1 0 3 10 0
split_gain=49618.7 314.326 242.995 189.062 167.727 100.994 87.5392 185.203 78.7698 1123.11 248.4 162.736 218.321 136.581
threshold=1.0000000180025095e-35 1.0000000180025095e-35 11.455642000000003 30.156969000000004 23.037687500000004 262.64325050000008 123.57870850000002 175.60167700000002 21.941495500000006 22.13972096571257 18.831768640078867 19.362631500000003 -25.150682565462514 2.8489381997456507
decision_type=2 2 2 2 2 2 2 2 2 2 2 2 2 2
left_child=-1 2 -2 4 -4 8 -7 -8 9 10 -3 -11 -13 -14
right_child=1 5 3 -5 -6 6 7 -9 -10 11 -12 12 13 -15
leaf_value=-0.00014428121361856228 1.06283427619727 -3.259490962403522e-05 -0.0067036256211155101 0.36626783491166293 -0.00022386738830524778 -0.051992911021114557 0.047353967436250928 -0.023218753954111326 -0.00022225470236031497 0.079501990226239841 0.038440275464545301 0.053431574729429755 -0.014095583659948056 0.022635989335949552
leaf_weight=61002 556 111295 1138 195 776 275 316 458 162406 1143 760 1096 383 1031
leaf_count=61002 556 111295 1138 195 776 275 316 458 162406 1143 760 1096 383 1031
internal_value=-0.00729131 -0.000211477 -0.0138837 -0.0200853 -0.023908 -8.09563e-05 -0.012469 -0.0055814 -3.42306e-05 0.000763301 5.17603e-05 0.0225897 0.0168924 0.00650636
internal_weight=342830 281828 2665 2109 1914 279163 1049 774 278114 115708 112055 3653 2510 1414
internal_count=342830 281828 2665 2109 1914 279163 1049 774 278114 115708 112055 3653 2510 1414
is_linear=0
shrinkage=0.04


Tree=156
num_leaves=15
num_cat=0
split_feature=3 2 3 3 3 3 3 3 2 2 2 3 0 0
split_gain=49623.1 292.296 222.511 167.475 191.41 110.841 79.9617 185.232 70.9641 73.2124 198.259 154.293 210.804 136.246
threshold=1.0000000180025095e-35 1.0000000180025095e-35 11.455642000000003 30.156969000000004 23.037687500000004 201.74619950000002 17.177073000000004 21.184137500000002 266.41374200000001 56.337551000000012 58.972835500000009 13.069821000000001 1.6143983892789178 2.3643396924104136
decision_type=2 2 2 2 2 2 2 2 2 2 2 2 2 2
left_child=-1 2 -2 4 6 8 -4 -8 9 13 11 12 -11 -3
right_child=1 5 3 -5 -6 -7 7 -9 -10 10 -12 -13 -14 -15
leaf_value=-0.00013850996507381197 1.0157060369853168 0.00010223551877083458 -0.0064354805962708907 0.34969167990168443 -0.00021491269277303714 -0.020445531338856588 3.3346520663707988 -0.00010648154066004168 0.015267107735943348 -0.0039592517369834114 -1.933188145379461e-05 -0.0016233918805217851 0.024752259734739279 0.002494652969628022
leaf_weight=60859 560 21912 654 191 779 3301 158 348 1100 1096 247118 2611 717 1286
leaf_count=60859 560 21912 654 191 779 3301 158 348 1100 1096 247118 2611 717 1286
internal_value=-0.00724457 -0.000171308 -0.0132937 -0.0191925 -0.0227127 -4.48519e-05 -0.0124138 -0.000474308 4.23434e-05 1.74711e-06 -0.000196548 -0.00858951 0.000375069 0.00215191
internal_weight=342690 281831 2690 2130 1939 279141 1160 506 275840 274740 251542 4424 1813 23198
internal_count=342690 281831 2690 2130 1939 279141 1160 506 275840 274740 251542 4424 1813 23198
is_linear=0
shrinkage=0.04


Tree=157
num_leaves=15
num_cat=0
split_feature=3 2 3 3 3 10 2 2 3 3 0 3 10 2
split_gain=49672.9 318.002 231.213 151.386 187.793 104.174 82.761 178.846 81.2451 188.164 73.3312 243.842 100.61 110.189
threshold=1.0000000180025095e-35 1.0000000180025095e-35 11.455642000000003 30.156969000000004 23.037687500000004 262.64325050000008 123.57870850000002 175.60167700000002 17.177073000000004 21.184137500000002 22.759981628753373 25.838914000000006 -24.413325709578398 112.96004100000002
decision_type=2 2 2 2 2 2 2 2 2 2 2 2 2 2
left_child=-1 2 -2 4 8 10 -7 -8 -4 -10 -3 -12 13 -13
right_child=1 5 3 -5 -6 6 7 -9 9 -11 11 12 -14 -15
leaf_value=-0.00013296956647085523 0.97964414072074779 -4.2756236582892629e-05 -0.0061780613724200517 0.33522534449272656 -0.00020631618506211424 -0.051431883818335924 0.047951015791286279 -0.02138463524014652 3.1593684007081539 -0.00010222227903364356 0.051930319241564188 -0.00039493912349513048 -0.014630452778420757 0.0079761094085160876
leaf_weight=61064 562 272504 665 186 791 289 313 453 155 344 456 3123 372 2063
leaf_count=61064 562 272504 665 186 791 289 313 453 155 344 456 3123 372 2063
internal_value=-0.0072884 -0.000211991 -0.0138661 -0.0198599 -0.0231407 -7.99791e-05 -0.0126256 -0.00574413 -0.012921 -0.000721443 -3.24575e-05 0.00433655 0.00202951 0.00347088
internal_weight=343340 282276 2703 2141 1955 279573 1055 766 1164 499 278518 6014 5558 5186
internal_count=343340 282276 2703 2141 1955 279573 1055 766 1164 499 278518 6014 5558 5186
is_linear=0
shrinkage=0.04


Tree=158
num_leaves=15
num_cat=0
split_feature=3 2 3 3 3 10 3 3 2 2 2 2 2 3
split_gain=49636 322.617 217.324 154.678 194.779 97.1967 78.8109 178.787 77.6078 170.884 75.372 196.63 130.527 122.21
threshold=1.0000000180025095e-35 1.0000000180025095e-35 11.455642000000003 30.156969000000004 23.037687500000004 262.64325050000008 17.177073000000004 21.184137500000002 129.78931450000002 175.60167700000002 56.337551000000012 58.972835500000009 53.120985000000005 13.069821000000001
decision_type=2 2 2 2 2 2 2 2 2 2 2 2 2 2
left_child=-1 2 -2 4 6 10 -4 -8 -7 -10 12 13 -3 -12
right_child=1 5 3 -5 -6 8 7 -9 9 -11 11 -13 -14 -15
leaf_value=-0.00012765078381201888 0.93700058090246474 -1.4426070443578354e-05 -0.0059309389175232494 0.31967308120129873 -0.0001980635376596318 -0.049374608465602494 3.0748912476876407 -9.8133387872305635e-05 0.049085817166556578 -0.020601242704686166 -0.00045425925291354253 -3.0300316430764696e-05 0.00079501510243965348 -0.0016163482185668078
leaf_weight=60958 550 14193 663 188 792 283 156 339 318 452 1820 250874 8902 2609
leaf_count=60958 550 14193 663 188 792 283 156 339 318 452 1820 250874 8902 2609
internal_value=-0.0072685 -0.000196641 -0.0139881 -0.0197568 -0.0230974 -6.39826e-05 -0.0126425 -0.000565657 -0.0121937 -0.00561039 -1.81036e-05 -0.000216057 0.00217017 -0.00857078
internal_weight=343097 282139 2688 2138 1950 279451 1158 495 1053 770 278398 255303 23095 4429
internal_count=343097 282139 2688 2138 1950 279451 1158 495 1053 770 278398 255303 23095 4429
is_linear=0
shrinkage=0.04


Tree=159
num_leaves=15
num_cat=0
split_feature=7 2 10 2 2 5 0 1 9 2 0 2 2 0
split_gain=49660.8 306.279 95.3037 78.3706 148.691 75.3769 70.6771 72.2883 136.447 98.536 77.31 71.68 186.676 140.031
threshold=1.0000000180025095e-35 1.0000000180025095e-35 262.64325050000008 123.57870850000002 175.60167700000002 1.0000000180025095e-35 20.914800277044865 27.824658301140467 0.037522920887647644 112.40120350000002 27.477907599175115 56.337551000000012 58.972835500000009 2.621928185280344
decision_type=2 2 2 2 2 2 2 2 2 2 2 2 2 2
left_child=-1 5 6 -4 -5 -2 11 8 -8 -9 -11 13 -13 -3
right_child=1 2 3 4 -6 -7 7 9 -10 10 -12 12 -14 -15
leaf_value=-0.00012254475245953244 2.0617087979731448 0.00010162564492251836 -0.045962322491236204 0.04406954247297256 -0.019627551959511411 -0.00019014099615324298 0.0030287198589871744 -0.001427058533306167 0.0072049786190304752 -0.0014742019604223212 0.010983818794752805 -0.0013626981138488458 -8.1799290690529598e-05 0.002752642298282355
leaf_weight=60949 116 22356 279 315 455 2576 2337 3028 1129 787 1118 4433 242314 804
leaf_count=60949 116 22356 279 315 455 2576 2337 3028 1129 787 1118 4433 242314 804
internal_value=-0.00725839 -0.00018309 -5.36951e-05 -0.0120877 -0.00550649 -0.0136107 -8.33615e-06 0.00360519 0.00803231 0.000494628 0.00762205 -0.000120782 -0.00032049 0.00200691
internal_weight=342996 282047 279355 1049 770 2692 278306 8399 3466 4933 1905 269907 246747 23160
internal_count=342996 282047 279355 1049 770 2692 278306 8399 3466 4933 1905 269907 246747 23160
is_linear=0
shrinkage=0.04


end of trees

feature_importances:
control_value=734
pressure_bar=619
injection_minus_liquid=317
oil_tpd=221
liquid_tpd=186
oil_fraction=66
watercut=66
target_lrat=15
status=14
target_wrat=2

parameters:
[boosting: gbdt]
[objective: regression_l1]
[metric: l1]
[tree_learner: serial]
[device_type: cpu]
[data_sample_strategy: bagging]
[data: ]
[valid: ]
[num_iterations: 160]
[learning_rate: 0.04]
[num_leaves: 15]
[num_threads: 1]
[seed: 20260850]
[deterministic: 1]
[force_col_wise: 1]
[force_row_wise: 0]
[histogram_pool_size: -1]
[max_depth: -1]
[min_data_in_leaf: 12]
[min_sum_hessian_in_leaf: 0.001]
[bagging_fraction: 0.9]
[pos_bagging_fraction: 1]
[neg_bagging_fraction: 1]
[bagging_freq: 1]
[bagging_seed: 21880]
[bagging_by_query: 0]
[feature_fraction: 0.9]
[feature_fraction_bynode: 1]
[feature_fraction_seed: 15328]
[extra_trees: 0]
[extra_seed: 27766]
[early_stopping_round: 0]
[early_stopping_min_delta: 0]
[first_metric_only: 0]
[max_delta_step: 0]
[lambda_l1: 0]
[lambda_l2: 0]
[linear_lambda: 0]
[min_gain_to_split: 0]
[drop_rate: 0.1]
[max_drop: 50]
[skip_drop: 0.5]
[xgboost_dart_mode: 0]
[uniform_drop: 0]
[drop_seed: 17480]
[top_rate: 0.2]
[other_rate: 0.1]
[min_data_per_group: 100]
[max_cat_threshold: 32]
[cat_l2: 10]
[cat_smooth: 10]
[max_cat_to_onehot: 4]
[top_k: 20]
[monotone_constraints: ]
[monotone_constraints_method: basic]
[monotone_penalty: 0]
[feature_contri: ]
[forcedsplits_filename: ]
[refit_decay_rate: 0.9]
[cegb_tradeoff: 1]
[cegb_penalty_split: 0]
[cegb_penalty_feature_lazy: ]
[cegb_penalty_feature_coupled: ]
[path_smooth: 0]
[interaction_constraints: ]
[verbosity: -1]
[saved_feature_importance_type: 0]
[use_quantized_grad: 0]
[num_grad_quant_bins: 4]
[quant_train_renew_leaf: 0]
[stochastic_rounding: 1]
[linear_tree: 0]
[max_bin: 255]
[max_bin_by_feature: ]
[min_data_in_bin: 3]
[bin_construct_sample_cnt: 200000]
[data_random_seed: 4857]
[is_enable_sparse: 1]
[enable_bundle: 1]
[use_missing: 1]
[zero_as_missing: 0]
[feature_pre_filter: 1]
[pre_partition: 0]
[two_round: 0]
[header: 0]
[label_column: ]
[weight_column: ]
[group_column: ]
[ignore_column: ]
[categorical_feature: ]
[forcedbins_filename: ]
[precise_float_parser: 0]
[parser_config_file: ]
[objective_seed: 5166]
[num_class: 1]
[is_unbalance: 0]
[scale_pos_weight: 1]
[sigmoid: 1]
[boost_from_average: 1]
[reg_sqrt: 0]
[alpha: 0.9]
[fair_c: 1]
[poisson_max_delta_step: 0.7]
[tweedie_variance_power: 1.5]
[lambdarank_truncation_level: 30]
[lambdarank_norm: 1]
[label_gain: ]
[lambdarank_position_bias_regularization: 0]
[eval_at: ]
[multi_error_top_k: 1]
[auc_mu_weights: ]
[num_machines: 1]
[local_listen_port: 12400]
[time_out: 120]
[machine_list_filename: ]
[machines: ]
[gpu_platform_id: -1]
[gpu_device_id: -1]
[gpu_use_dp: 0]
[num_gpu: 1]

end of parameters

pandas_categorical:null
