tree
version=v4
num_class=1
num_tree_per_iteration=1
label_index=0
max_feature_idx=10
objective=regression_l1
feature_names=oil_tpd liquid_tpd pressure_bar control_value target_orat target_lrat target_wrat status oil_fraction watercut injection_minus_liquid
feature_infos=[0:43.288179497573005] [0:66.54612115517422] [0:285.00482199999999] [0:415.8689] none [0:1] [0:1] [0:1] [0:1] [0:1] [-66.54612115517422:415.8689]
tree_sizes=1526 1531 1508 1529 1529 1525 1523 1526 1520 1543 1528 1542 1530 1538 1529 1524 1531 1521 1513 1499 1527 1514 1515 1501 1493 1495 1507 1527 1541 1511 1507 1497 1509 1499 1519 1512 1528 1500 1517 1534 1500 1494 1557 1497 1509 1547 1542 1497 1533 1497 1560 1521 1532 1544 1551 1516 1535 1534 1529 1518 1543 1521 1513 1529 1529 1530 1526 1514 1526 1524 1521 1521 1516 1522 1516 1539 1502 1503 1501 1524 1506 1495 1496 1511 1493 1517 1498 1490 1499 1507 1513 1504 1509 1507 1487 1519 1503 1498 1504 1498 1492 1490 1453 1525 1486 1504 1509 1535 1496 1491 1530 1534 1527 1530 1531 1512 1535 1522 1527 1523 1534 1508 1510 1520 1519 1530 1514 1518 1517 1519 1533 1523 1506 1518 1522 1502 1513 1531 1516 1502 1523 1500 1496 1500 1490 1506 1516 1515 1526 1517 1505 1525 1485 1534 1496 1498 1522 1520 1522 1503

Tree=0
num_leaves=15
num_cat=0
split_feature=10 3 1 1 3 10 3 0 3 1 1 3 9 3
split_gain=2498.22 1228.49 2266.53 1155.28 2191.34 2220.81 1660.21 885.918 746.68 1255.86 703.32 1146.58 673.413 689.868
threshold=-2.2531059896899075 14.283980000000001 13.154423615676045 17.359757931514622 23.961016500000003 -24.897287095248512 19.408190000000001 20.411498736815734 4.8952910000000012 4.3145869130525591 27.837646437746084 25.995377500000004 0.17628405124882748 51.718492000000005
decision_type=2 2 2 2 2 2 2 2 2 2 2 2 2 2
left_child=1 2 8 12 5 -5 -7 -8 9 -1 -6 -12 13 -3
right_child=-2 3 -4 4 10 6 7 -9 -10 -11 11 -13 -14 -15
leaf_value=0.0013137414306402207 0 0.001525852382183075 -0.057436156272888186 -0.1063718032836914 0.0030490608513355257 -0.037801367044448857 0.005327308773994446 -0.059345166683197025 0.0012663858383893966 -0.021361645460128784 -0.072312502861022948 0.0028395333886146548 0.0020360584557056428 -0.00085906326770782474
leaf_weight=1570 174135 34705 4163 4151 30820 4896 9669 748 16524 1844 1373 32963 21961 2847
leaf_count=1570 174135 34705 4163 4151 30820 4896 9669 748 16524 1844 1373 32963 21961 2847
internal_value=0.00316162 0.0066379 -0.00172109 0.00803563 0.00503238 -0.00674476 0.00028995 0.00931938 0.00388404 -0.0131459 0.00855056 0.00461323 0.0123059 0.00905198
internal_weight=342369 168234 24101 144133 84620 19464 15313 10417 19938 3414 65156 34336 59513 37552
internal_count=342369 168234 24101 144133 84620 19464 15313 10417 19938 3414 65156 34336 59513 37552
is_linear=0
shrinkage=0.04


Tree=1
num_leaves=15
num_cat=0
split_feature=10 3 10 1 3 1 3 0 3 1 1 3 10 9
split_gain=2361.01 1114.28 2055.48 1115.96 2012.94 2160.57 1488.89 808.818 719.826 766.862 644.951 1072.73 612.891 792.912
threshold=-2.2531059896899075 14.283980000000001 -13.448758505188787 17.359757931514622 23.961016500000003 24.867849298412771 18.944166000000006 18.702359208292517 4.6571765000000012 4.1601700520953484 27.837646437746084 26.148244500000004 -7.7782428813973237 0.17022521406788135
decision_type=2 2 2 2 2 2 2 2 2 2 2 2 2 2
left_child=1 2 -1 12 5 6 -5 -8 9 -4 -6 -12 -3 -14
right_child=-2 3 8 4 10 -7 7 -9 -10 -11 11 -13 13 -15
leaf_value=-0.062354662895202639 0 0.0024352914273738859 0.0011405095040798187 -0.041778672456741335 0.002932036513090134 -0.10309684104919434 0.0051672174692153931 -0.027972458386421206 0.0010301634877920151 -0.022570407533645632 -0.065698260116577145 0.0027683512210845947 0.00022349281162023548 0.0011613555207848549
leaf_weight=3755 174620 40870 783 4122 30856 4199 9754 1521 18179 1349 1502 32804 15685 3088
leaf_count=3755 174620 40870 783 4122 30856 4199 9754 1521 18179 1349 1502 32804 15685 3088
internal_value=0.00309111 0.0064694 -0.00149921 0.00779745 0.00484768 -0.00639314 0.000542963 0.00806386 0.00352715 -0.0184615 0.00822811 0.00445403 0.0119893 0.0060065
internal_weight=343087 168467 24066 144401 84758 19596 15397 11275 20311 2132 65162 34306 59643 18773
internal_count=343087 168467 24066 144401 84758 19596 15397 11275 20311 2132 65162 34306 59643 18773
is_linear=0
shrinkage=0.04


Tree=2
num_leaves=15
num_cat=0
split_feature=1 3 1 1 3 1 3 1 0 0 1 3 3 0
split_gain=2179.99 1312.53 1517.64 1479.86 1242.81 2501.73 1042.86 922.576 740.058 730.341 512.033 1052 506.846 486.377
threshold=5.5651944923327301 14.183271000000001 13.267555954595473 15.383087948775342 25.198389000000002 26.709319515869911 18.944166000000006 20.15361293930231 10.192781241942237 20.411498736815734 23.894216281813097 22.152266000000001 9.5436185000000027 7.0159622612512402
decision_type=2 2 2 2 2 2 2 2 2 2 2 2 2 2
left_child=-1 2 12 -3 5 6 7 8 -5 10 -8 -12 -2 -13
right_child=1 3 -4 4 -6 -7 9 -9 -10 -11 11 13 -14 -15
leaf_value=0 -0.008192106375932694 0.0019158557884693145 -0.059132174377441407 0.0037051153255403049 0.0025044903757572173 -0.11416216685485839 0.0042511111843585971 -0.10312786218643188 -0.032674126971721645 -0.046585305556297307 -0.056832824042320262 0.029059655377388003 0.0020388875505924224 -0.013307422241210938
leaf_weight=197502 1738 38967 3763 3764 65056 3272 14070 1789 1712 1121 1386 1674 6815 673
leaf_count=197502 1738 38967 3763 3764 65056 3272 14070 1789 1712 1121 1386 1674 6815 673
internal_value=0.0029645 0.00667435 -0.00582007 0.00782716 0.00512289 -0.00169309 0.00242697 -0.0104556 -0.00230825 0.00737265 0.00934449 -0.00382534 0.00349351 0.0124925
internal_weight=343302 145800 12316 133484 94517 29461 26189 7265 5476 18924 17803 3733 8553 2347
internal_count=343302 145800 12316 133484 94517 29461 26189 7265 5476 18924 17803 3733 8553 2347
is_linear=0
shrinkage=0.04


Tree=3
num_leaves=15
num_cat=0
split_feature=10 3 1 1 3 1 3 0 3 1 10 9 0 10
split_gain=2041.19 991.26 1770.13 976.718 1732.59 2113.72 1342.92 739.766 675.012 724.867 564.815 684.213 534.593 525.545
threshold=-2.2531059896899075 14.283980000000001 13.536266175695545 17.359757931514622 24.328270500000006 25.231157742176972 19.264580000000006 9.9965076681313327 4.6571765000000012 4.1601700520953484 -7.7782428813973237 0.17022521406788135 12.508173181144155 -29.181524396280938
decision_type=2 2 2 2 2 2 2 2 2 2 2 2 2 2
left_child=1 2 8 10 5 6 -5 -8 9 -1 -3 -12 -10 -6
right_child=-2 3 -4 4 13 -7 7 -9 12 -11 11 -13 -14 -15
leaf_value=0.0010777098731994629 0 0.0022490771014976501 -0.060637610649871825 -0.036283733864120246 0.001985456186761856 -0.098368349019165038 0.006607494095373154 -0.00253214655919075 0.0011371003559827806 -0.021754079956054686 0.00020620112869143485 0.0010241542904067041 -0.025106425107545852 0.0026829718627834321
leaf_weight=781 174293 40877 3670 4687 29489 4117 7844 4013 17704 1350 15801 3111 576 34491
leaf_count=781 174293 40877 3670 4687 29489 4117 7844 4013 17704 1350 15801 3111 576 34491
internal_value=0.00285434 0.00599344 -0.00151987 0.00724614 0.00448152 -0.00558927 0.000793037 0.00795817 0.00307873 -0.0182262 0.0111599 0.00544416 0.00556236 0.00773367
internal_weight=342804 168511 24081 144430 84641 20661 16544 11857 20411 2131 59789 18912 18280 63980
internal_count=342804 168511 24081 144430 84641 20661 16544 11857 20411 2131 59789 18912 18280 63980
is_linear=0
shrinkage=0.04


Tree=4
num_leaves=15
num_cat=0
split_feature=10 3 10 2 0 9 9 2 3 3 10 0 3 0
split_gain=1889.27 880.477 1726.69 1023.26 822.45 794.962 1311.39 660.367 614.407 598.812 563.499 514.139 419.396 384.388
threshold=-2.2531059896899075 14.384421000000001 -13.645410481620175 108.81542600000002 17.417531248185636 0.037087535392592803 1.5080565580916085e-05 74.70964450000001 4.5782935000000009 57.137010000000011 -4.052425874065448 12.734890098024609 20.074843500000004 4.3356638251295792
decision_type=2 2 2 2 2 2 2 2 2 2 2 2 2 2
left_child=1 2 -1 5 -5 6 -3 -7 10 -8 -4 13 -6 -10
right_child=-2 3 8 4 12 7 9 -9 11 -11 -12 -13 -14 -15
leaf_value=-0.057814011569793697 0 0.0018581487082946779 -0.019718715093841554 0.0015550840500907898 -0.07521373167481217 -0.00050889445600032807 -0.00025065202690899372 0.0026399598860252383 0.0014801111343240739 -0.0075808599663984783 0.00099965046941518786 -0.02926960300505848 -0.0016721763297744751 0.00037479071793317792
leaf_weight=3717 174453 18989 1173 83063 656 1786 7346 21617 8019 1265 542 485 9074 10703
leaf_count=3717 174453 18989 1173 83063 656 1786 7346 21617 8019 1265 542 485 9074 10703
internal_value=0.00273267 0.00575439 -0.00123219 0.00695151 0.0044499 0.0115029 0.00690435 0.016926 0.00323105 -0.00604343 -0.0197085 0.00527933 -0.00655293 0.00633266
internal_weight=342888 168435 24639 143796 92793 51003 27600 23403 20922 8611 1715 19207 9730 18722
internal_count=342888 168435 24639 143796 92793 51003 27600 23403 20922 8611 1715 19207 9730 18722
is_linear=0
shrinkage=0.04


Tree=5
num_leaves=15
num_cat=0
split_feature=10 2 9 3 8 2 3 3 1 1 3 1 1 3
split_gain=1770.46 1083.17 972.594 1055.39 676.533 666.22 473.002 455.521 635.439 533.496 396.656 2944.62 522.947 1752.86
threshold=-5.6645166897986465 108.43596650000002 0.037087535392592803 51.718492000000005 0.72399270804525517 83.333576500000007 51.718492000000005 14.777745500000002 11.038261003509874 12.690291425847228 25.198389000000002 26.709319515869911 22.382711619704871 21.779964000000003
decision_type=2 2 2 2 2 2 2 2 2 2 2 2 2 2
left_child=1 2 3 5 10 -1 -4 9 -9 -7 11 12 -3 -14
right_child=-2 4 6 -5 -6 7 -8 8 -10 -11 -12 -13 13 -15
leaf_value=0.0021212112029130917 0 0.0018293617367100526 0.0022669559593597871 -0.0096327797808825263 -0.0011210171458305054 0.00012482866964117289 0.0077348929307293401 -0.004163128092866444 0.0039381752154747469 -0.057965397449470213 0.0020119454982891844 -0.10755441142744421 -0.07045427221026819 0.011864001176594238
leaf_weight=11314 197637 23413 18698 990 18718 1522 3245 1670 6180 1048 48998 3272 2603 3431
leaf_count=11314 197637 23413 18698 990 18718 1522 3245 1670 6180 1048 48998 3272 2603 3431
internal_value=0.00258214 0.00593734 0.0111196 0.00531949 0.0036326 0.00715929 0.0171262 -0.000138196 0.00464713 -0.0147549 0.00520381 0.00179345 0.00579346 -0.00470666
internal_weight=342739 145102 44667 22724 100435 21734 21943 10420 7850 2570 81717 32719 29447 6034
internal_count=342739 145102 44667 22724 100435 21734 21943 10420 7850 2570 81717 32719 29447 6034
is_linear=0
shrinkage=0.04


Tree=6
num_leaves=15
num_cat=0
split_feature=10 3 2 1 0 9 3 8 3 0 1 3 3 10
split_gain=1638.18 1030.71 1272.04 1228.74 736.346 611.591 1124.49 546.958 515.671 492.989 745.811 464.116 380.124 377.01
threshold=-5.6645166897986465 14.088448500000002 108.43596650000002 12.690291425847228 17.114697527672856 0.037087535392592803 55.934268500000009 0.99998650464534189 9.9078580000000027 8.2666494942893305 15.263083468257991 19.743542000000001 51.718492000000005 -28.022431550627719
decision_type=2 2 2 2 2 2 2 2 2 2 2 2 2 2
left_child=1 3 5 8 13 6 7 -3 -1 10 -5 -6 -7 -4
right_child=-2 2 4 9 11 12 -8 -9 -10 -11 -12 -13 -14 -15
leaf_value=-0.00501184781891222 0 -0.00046437066225414657 0.00081716997642661748 0.0038690148462641721 -0.073105310556569825 0.0022876359974090404 -0.011837946652276924 0.0030288254736239428 0.0026169411090750066 -0.057049120510552387 -0.066740153873894675 -0.0013646792259846812 0.0073650158942634115 0.001656599441264104
leaf_weight=2273 197415 4657 28514 1069 688 17107 946 13232 5257 2107 1019 9792 3234 55446
leaf_count=2273 197415 4657 28514 1069 688 17107 946 13232 5257 2107 1019 9792 3234 55446
internal_value=0.00248865 0.00571153 0.00670938 -0.0056597 0.00419568 0.012769 0.00757526 0.0098228 0.00400531 -0.0230083 -0.00923372 -0.00580153 0.0175783 0.00544354
internal_weight=342756 145341 133616 11725 94440 39176 18835 17889 7530 4195 2088 10480 20341 83960
internal_count=342756 145341 133616 11725 94440 39176 18835 17889 7530 4195 2088 10480 20341 83960
is_linear=0
shrinkage=0.04


Tree=7
num_leaves=15
num_cat=0
split_feature=10 3 1 2 0 9 9 3 2 3 3 0 10 0
split_gain=1503.66 958.548 1226.89 1181.41 674.307 552.685 1040.53 688.755 549.026 449.177 445.982 424.02 684.248 366.007
threshold=-5.6645166897986465 14.088448500000002 12.921209840745087 108.43596650000002 17.114697527672856 0.037087535392592803 1.3536710569583834e-05 29.772667000000002 69.458267000000021 9.9078580000000027 19.914018500000005 8.2666494942893305 -15.056344747872782 4.7353604216389238
decision_type=2 2 2 2 2 2 2 2 2 2 2 2 2 2
left_child=1 2 9 5 -5 6 -3 -8 -9 -1 -6 12 -4 -2
right_child=13 3 11 4 10 -7 7 8 -10 -11 -12 -13 -14 -15
leaf_value=-0.0048221095635603596 0 0.0028738971734289056 -0.058632625241216714 0.0014125256807065952 -0.067878392712199268 0.0026992098391908875 0.00067744540131722559 0.0015124968500080541 -0.0085147719594298229 0.0022128156801508175 -0.0012929315605710275 -0.059792667498770984 0.005871940844773149 -0.0024574367185616016
leaf_weight=2272 193160 13303 1127 83712 722 20496 3391 368 1810 5582 9758 1908 834 4625
leaf_count=2272 193160 13303 1127 83712 722 20496 3391 368 1810 5582 9758 1908 834 4625
internal_value=0.00238005 0.00546988 -0.00549689 0.00643246 0.00400034 0.0122516 0.00731242 -0.00720417 -0.0247567 0.00358543 -0.00556489 -0.0239338 -0.010872 0.000110423
internal_weight=343068 145283 11723 133560 94192 39368 18872 5569 2178 7854 10480 3869 1961 197785
internal_count=343068 145283 11723 133560 94192 39368 18872 5569 2178 7854 10480 3869 1961 197785
is_linear=0
shrinkage=0.04


Tree=8
num_leaves=15
num_cat=0
split_feature=10 3 10 2 0 0 3 1 2 8 3 3 0 10
split_gain=1360 646.986 1414.07 737.558 629.717 624.422 1276.11 577.319 445.748 692.647 408.786 391.958 385.085 632.181
threshold=-2.2531059896899075 14.183271000000001 -13.448758505188787 109.18787000000002 17.740284763297065 4.3030293502061019 5.0560145000000007 8.8160175345648764 68.451057500000019 0.8255231953258596 29.772667000000002 21.601567000000006 7.6254918900114097 -15.575083868131747
decision_type=2 2 2 2 2 2 2 2 2 2 2 2 2 2
left_child=1 2 12 7 -5 -4 -7 8 -3 -10 -11 -6 13 -1
right_child=-2 3 5 4 11 6 -8 -9 9 10 -12 -13 -14 -15
leaf_value=-0.067686164950501157 0 0.0010856689937956791 0.0012229052863346101 0.0013177343495648947 -0.057380056262897085 -0.018110926241147185 0.00069132793170744334 0.0029015595416744594 0.00075033066367706102 4.461190685662265e-05 -0.00088537259828632114 -0.0014181506698803345 -0.064959306549062804 0.010698569679610186
leaf_weight=917 174667 8376 8421 83329 920 1906 9548 31169 2860 7113 3217 8014 1761 821
leaf_count=917 174667 8376 8421 83329 920 1906 9548 31169 2860 7113 3217 8014 1761 821
internal_value=0.00228592 0.00485116 -0.00132455 0.0058467 0.00368989 0.00280352 -0.00327571 0.00962018 0.0045887 6.0652e-06 -0.00481704 -0.00640251 -0.0247728 -0.0114154
internal_weight=343039 168372 23374 144998 92263 19875 11454 52735 21566 13190 10330 8934 3499 1738
internal_count=343039 168372 23374 144998 92263 19875 11454 52735 21566 13190 10330 8934 3499 1738
is_linear=0
shrinkage=0.04


Tree=9
num_leaves=15
num_cat=0
split_feature=10 3 10 2 3 10 1 8 2 9 3 9 10 3
split_gain=1223.73 661.733 1370.08 707.096 583.19 701.843 567.165 477.386 401.668 565.611 452.493 408.605 385.255 2648.11
threshold=-2.2531059896899075 14.183271000000001 -13.448758505188787 109.18787000000002 4.6571765000000012 -4.1766288387068924 9.5694279639391695 0.72399270804525517 68.451057500000019 0.213656460435349 29.772667000000002 0.00015560512167150933 -28.022431550627719 25.995377500000004
decision_type=2 2 2 2 2 2 2 2 2 2 2 2 2 2
left_child=1 2 -1 6 5 -4 8 12 -3 10 11 -10 13 -5
right_child=-2 3 4 7 -6 -7 -8 -9 9 -11 -12 -13 -14 -15
leaf_value=-0.0483950894385346 0 0.0010917228436396276 -0.019602364458323113 -0.11642777356146042 0.00082025209406721229 0.00095169975938973997 0.0030637512282787938 -0.00074258950856102607 -0.0011045782572000869 0.00095449067061520508 -0.00052124925501471865 0.00074211223320199912 0.0015329730103699878 0.0023658726936510821
leaf_weight=3526 174567 8467 1350 2889 17824 812 29170 15836 3634 2242 4288 4942 46922 26734
leaf_count=3526 174567 8467 1350 2889 17824 812 29170 15836 3634 2242 4288 4942 46922 26734
internal_value=0.00218903 0.00461918 -0.00160599 0.00562774 0.00244971 -0.0171693 0.00932294 0.00351804 0.00470878 0.000799682 -0.00243159 0.00287313 0.00482592 0.00125443
internal_weight=343203 168636 23512 145124 19986 2162 52743 92381 23573 15106 12864 8576 76545 29623
internal_count=343203 168636 23512 145124 19986 2162 52743 92381 23573 15106 12864 8576 76545 29623
is_linear=0
shrinkage=0.04


Tree=10
num_leaves=15
num_cat=0
split_feature=10 2 8 8 3 1 8 3 2 3 1 1 3 3
split_gain=1147.34 888.152 604.639 750.995 515.536 762.488 498.267 396.617 429.72 348.783 2628.84 491.083 1587.47 452.542
threshold=-7.0461833773530769 108.43596650000002 0.96352370992868397 0.99999995294695732 14.183271000000001 12.690291425847228 0.72399270804525517 29.772667000000002 69.458267000000021 25.198389000000002 27.135751162259613 22.382711619704871 21.779964000000003 14.973331500000002
decision_type=2 2 2 2 2 2 2 2 2 2 2 2 2 2
left_child=1 2 -1 7 5 -5 9 -4 -9 10 11 13 -13 -3
right_child=-2 6 3 4 -6 -7 -8 8 -10 -11 -12 12 -14 -15
leaf_value=0.0027241462153395246 0 -0.00082746896939074762 -2.0141182782362524e-05 0.002384598530366891 0.0031906981231573034 -0.046948997363001295 -0.0010945387120966017 0.0012367087734280213 -0.012482819776142086 0.0017099199406811253 -0.10939443926847708 -0.070126511236113562 0.0093162191715986959 0.0023213103367074163
leaf_weight=19826 203239 5609 3452 2218 11569 808 18721 293 1483 49055 2947 2660 3720 17333
leaf_count=19826 203239 5609 3452 2218 11569 808 18721 293 1483 49055 2947 2660 3720 17333
internal_value=0.00207306 0.00486377 0.00993014 0.00499016 0.00964988 -0.00504957 0.00285591 -0.00801836 -0.0233784 0.00421032 0.000980508 0.00459996 -0.0052163 0.00732979
internal_weight=342933 139694 39649 19823 14595 3026 100045 5228 1776 81324 32269 29322 6380 22942
internal_count=342933 139694 39649 19823 14595 3026 100045 5228 1776 81324 32269 29322 6380 22942
is_linear=0
shrinkage=0.04


Tree=11
num_leaves=15
num_cat=0
split_feature=10 3 1 2 3 0 1 0 1 2 9 0 8 9
split_gain=1066.66 613.368 506.932 489.287 433.187 1290.83 880.296 568.093 543.2 864.732 546.765 545.609 437.683 810.253
threshold=-2.2531059896899075 4.5782935000000009 4.2384750437715848 68.451057500000019 14.088448500000002 12.508173181144155 15.383087948775342 4.3030293502061019 6.9303300295738035 108.43596650000002 0.18180069971713211 17.740284763297065 0.96352370992868397 4.9361367137623633e-06
decision_type=2 2 2 2 2 2 2 2 2 2 2 2 2 2
left_child=1 2 -1 -3 5 6 7 -5 10 12 -6 -11 -10 -14
right_child=-2 3 -4 4 8 -7 -8 -9 9 11 -12 -13 13 -15
leaf_value=0.00045851439432495147 0 0.0012830962038923031 -0.021447597613703531 0.0015555737730475201 -0.00053557911558415401 -0.051501049704336353 -0.067786675299611354 -0.00043057873740525983 0.002597391589807996 0.0011916539573677688 0.00050173637744661912 -0.0025316452963377329 0.0031854557914184223 -0.0019202612445710133
leaf_weight=725 174557 12383 1011 5716 6440 1509 1121 9749 18835 84456 1949 9503 10544 4364
leaf_count=725 174557 12383 1011 5716 6440 1509 1121 9749 18835 84456 1949 9503 10544 4364
internal_value=0.00198039 0.00425252 -0.0194009 0.00449904 0.00388466 -0.00192981 0.00129266 0.00377368 0.00465777 0.00530548 -0.00520205 0.00333294 0.0107981 0.00567749
internal_weight=342862 168305 1736 166569 154186 18095 16586 15465 136091 127702 8389 93959 33743 14908
internal_count=342862 168305 1736 166569 154186 18095 16586 15465 136091 127702 8389 93959 33743 14908
is_linear=0
shrinkage=0.04


Tree=12
num_leaves=15
num_cat=0
split_feature=10 2 3 0 8 3 1 3 10 1 1 3 3 1
split_gain=973.241 753.532 520.157 752.089 437.602 318.24 2632.58 441.097 1485.15 379.486 774.578 700.634 362.15 1074.44
threshold=-7.0461833773530769 108.02563450000001 14.088448500000002 12.508173181144155 0.72399270804525517 24.328270500000006 25.231157742176972 19.914018500000005 -21.126427882303151 19.866860301085719 28.197995928401017 26.764066000000003 14.973331500000002 15.90594240884448
decision_type=2 2 2 2 2 2 2 2 2 2 2 2 2 2
left_child=1 2 3 -1 5 6 7 8 -3 -7 -11 -12 13 -10
right_child=-2 4 -4 -5 -6 9 -8 -9 12 10 11 -13 -14 -15
leaf_value=0.0015641106056038757 0 -0.082732457340133958 0.0020130619890883221 -0.044810490700492117 -0.001002735978845715 -0.00018685280559613119 -0.085713966715611392 0.002943137319195298 0.0013940923953418205 0.0040974732005503601 -0.044807619323608175 0.0022537894522085002 0.0026469932710631834 -0.064930740695626654
leaf_weight=3548 203025 1715 34274 924 19261 9323 3982 10610 4270 15159 1537 25721 8188 1325
leaf_count=3548 203025 1715 34274 924 19261 9323 3982 10610 4270 15159 1537 25721 8188 1325
internal_value=0.00190619 0.00447407 0.00921695 -0.0036136 0.00265622 0.00393303 0.000662014 0.00528267 0.000980772 0.00583533 0.00744136 0.00341037 0.00534862 -0.00249508
internal_weight=342862 139837 38746 4472 101091 81830 30090 26108 15498 51740 42417 27258 13783 5595
internal_count=342862 139837 38746 4472 101091 81830 30090 26108 15498 51740 42417 27258 13783 5595
is_linear=0
shrinkage=0.04


Tree=13
num_leaves=15
num_cat=0
split_feature=10 3 10 2 3 10 3 0 10 2 3 10 0 10
split_gain=869.328 575.709 1015.88 493.265 337.048 1493.06 521.097 725.835 511.504 638.327 459.998 922.701 557.834 458.134
threshold=-2.2531059896899075 4.8141140000000009 -4.2910052139391412 68.451057500000019 14.384421000000001 -13.816749689361789 16.982136500000003 14.074488957282014 -7.7782428813973237 108.02563450000001 18.612306500000006 -19.990492700481735 16.394653374748163 -17.789036755735975
decision_type=2 2 2 2 2 2 2 2 2 2 2 2 2 2
left_child=1 2 -1 -3 5 -5 7 13 9 -8 11 -11 -13 -6
right_child=-2 3 -4 4 6 -7 8 -9 -10 10 -12 12 -14 -15
leaf_value=-0.017930476485248301 0 0.0012055413242047352 0.0010333857302012772 -0.048072995349917047 -0.028879792195930464 0.00065414114427652813 0.0019188477858835525 -0.023678674946007786 -0.000235401782524641 -0.089784685318229307 0.00090817022105028433 0.0016636397835890432 -0.060328274929373205 0.0043190465562372472
leaf_weight=1655 174548 12089 1350 3542 597 15158 25035 1018 8824 1546 81928 2975 472 12260
leaf_count=1655 174548 12089 1350 3542 597 15158 25035 1018 8824 1546 81928 2975 472 12260
internal_value=0.00181716 0.00386705 -0.0134842 0.0041822 0.00356897 -0.0014631 0.0042678 0.0116094 0.00342441 0.0041552 0.00253426 -0.00925295 0.00226284 0.0141837
internal_weight=342997 168449 3005 165444 153355 18700 134655 13875 120780 111956 86921 4993 3447 12857
internal_count=342997 168449 3005 165444 153355 18700 134655 13875 120780 111956 86921 4993 3447 12857
is_linear=0
shrinkage=0.04


Tree=14
num_leaves=15
num_cat=0
split_feature=10 3 0 2 1 0 3 3 1 9 9 10 3 9
split_gain=811.826 685.015 976.973 750.113 686.028 480.503 413.898 398.044 366.091 322.673 319.047 295.96 2408.72 271.907
threshold=-7.0461833773530769 13.892143000000003 12.300322719515504 108.43596650000002 15.152233335067542 17.417531248185636 9.9078580000000027 19.914018500000005 9.4189745322546532 0.0017913378410300276 0.18180069971713211 -28.022431550627719 25.691872500000006 0.037087535392592803
decision_type=2 2 2 2 2 2 2 2 2 2 2 2 2 2
left_child=1 2 4 13 6 9 8 -7 -1 -5 -11 12 -12 -3
right_child=-2 3 -4 5 -6 7 -8 -9 -10 10 11 -13 -14 -15
leaf_value=1.5032821918375544e-05 0 0.0013012166086068461 -0.045385063881713567 0.019712631959220552 -0.055518041589692084 -0.066981127131605631 0.0023605323742479289 -0.0013218289719492769 -0.045563248012060437 -0.0017486427483299988 -0.11065424717920801 0.0012877190095356922 0.0021257728897437688 0.0023778918812839569
leaf_weight=1261 203175 16837 1413 2244 1060 659 5333 9347 650 3914 2639 49735 25870 18850
leaf_count=1261 203175 16837 1413 2244 1060 659 5333 9347 650 3914 2639 49735 25870 18850
internal_value=0.0017035 0.00404944 -0.00619533 0.00481464 -0.000963391 0.00294721 0.00343457 -0.0053408 -0.0125379 0.00392976 0.00352102 0.00407852 0.000829212 0.00975481
internal_weight=342987 139812 9717 130095 8304 94408 7244 10006 1911 84402 82158 78244 28509 35687
internal_count=342987 139812 9717 130095 8304 94408 7244 10006 1911 84402 82158 78244 28509 35687
is_linear=0
shrinkage=0.04


Tree=15
num_leaves=15
num_cat=0
split_feature=10 3 2 1 3 1 0 1 1 2 0 8 3 0
split_gain=733.527 609.409 610.919 408.877 368.003 1080.62 397.934 482.986 385.526 589.271 422.191 404.452 386.958 353.508
threshold=-2.7414797188544782 4.5782935000000009 68.451057500000019 4.0714331902212981 13.799413500000002 12.429756337585848 10.300783948390187 15.263083468257991 7.9225787552610791 108.02563450000001 17.417531248185636 0.95517203183773303 19.743542000000001 4.3030293502061019
decision_type=2 2 2 2 2 2 2 2 2 2 2 2 2 2
left_child=1 3 -3 -1 5 13 7 -7 11 -10 -11 -6 -12 -4
right_child=-2 2 4 -5 8 6 -8 -9 9 10 12 -13 -14 -15
leaf_value=0.0020356577376760706 0 0.0014529418858572349 0.0017341809043704575 -0.016055390371347445 0.00017965098127705137 0.0018687040013449197 -0.044142243346327242 -0.058070264764004585 0.0019626431692434678 0.0010608808023616621 -0.066440255737516857 -0.0011082029692157536 -0.001160842007490418 -0.00039560419515985521
leaf_weight=378 177915 10255 4544 1159 5799 1059 1553 869 31146 84735 611 5310 9560 7995
leaf_count=378 177915 10255 4544 1159 5799 1059 1553 869 31146 84735 611 5310 9560 7995
internal_value=0.00162572 0.003547 0.00378277 -0.0215224 0.00315 -0.00258677 -0.0223039 -0.010166 0.00382004 0.00444959 0.00288285 -0.00332343 -0.00481762 0.00288699
internal_weight=342888 164973 163436 1537 153181 16020 3481 1928 137161 126052 94906 11109 10171 12539
internal_count=342888 164973 163436 1537 153181 16020 3481 1928 137161 126052 94906 11109 10171 12539
is_linear=0
shrinkage=0.04


Tree=16
num_leaves=15
num_cat=0
split_feature=10 3 2 1 3 10 1 2 8 8 8 3 3 2
split_gain=690.2 510.401 486.905 346.867 307.401 1040.74 453.261 534.842 481.719 346.925 749.142 614.098 346.154 357.312
threshold=-2.2531059896899075 4.4930785000000002 68.451057500000019 3.9813020007493405 13.892143000000003 -13.091733053418588 6.9303300295738035 108.43596650000002 0.78233039371580249 0.96352370992868397 0.99999995294695732 29.772667000000002 46.816434000000008 84.695880500000015
decision_type=2 2 2 2 2 2 2 2 2 2 2 2 2 2
left_child=1 3 -3 -1 5 -4 8 9 -6 12 11 -11 -8 -14
right_child=-2 2 4 -5 6 -7 7 -9 -10 10 -12 -13 13 -15
leaf_value=0.00086254538939168279 0 0.0011248380415020945 -0.037339811771770155 -0.015340927090029283 0.00058956559091340752 0.0003553706834574312 0.0014489047094554 0.00075571938817319169 -0.00039633776372436437 0.00018038423513893413 0.0027804970164874545 -0.011141248148462232 0.00059942628800652761 0.0094856636033656527
leaf_weight=324 174463 12473 3055 943 1393 14344 14546 94688 7079 3013 10665 1558 1424 3053
leaf_count=324 174463 12473 3055 943 1393 14344 14546 94688 7079 3013 10665 1558 1424 3053
internal_value=0.00158847 0.0034139 0.00360545 -0.0218785 0.00299293 -0.00201621 0.00362715 0.004216 -0.00533522 0.00849879 0.00400105 -0.00954715 0.0121011 0.0218271
internal_weight=343021 168558 167291 1267 154818 17399 137419 128947 8472 34259 15236 4571 19023 4477
internal_count=343021 168558 167291 1267 154818 17399 137419 128947 8472 34259 15236 4571 19023 4477
is_linear=0
shrinkage=0.04


Tree=17
num_leaves=15
num_cat=0
split_feature=10 3 10 1 3 0 3 3 8 1 3 9 3 1
split_gain=633.332 623.272 531.938 244.96 2230.51 341.877 1701.24 390.056 589.414 423.026 661.737 295.601 285.827 347.061
threshold=-2.9601942993412655 4.6571765000000012 -4.2910052139391412 27.837646437746084 25.691872500000006 13.059829859278967 15.179029000000002 46.216663000000004 0.99744136941068751 18.007999860765931 21.779964000000003 0.05611677249314146 18.776385000000001 14.553834026493222
decision_type=2 2 2 2 2 2 2 2 2 2 2 2 2 2
left_child=1 2 -1 5 -5 -3 -7 8 -8 12 -11 -9 13 -10
right_child=-2 3 -4 4 -6 6 7 11 9 10 -12 -13 -14 -15
leaf_value=-0.019302680821291933 0 0.00085408547952986447 0.001019539696480859 -0.10248158941479905 0.0017191220312928318 -0.047013701609719884 -0.0017393271472152644 -0.0029375533899145424 0.01871130901454484 -0.052048945686710743 0.0027991128055223648 0.0040630622150614098 0.0095299233580696512 -0.0090505518563151841
leaf_weight=1188 178905 103274 681 2749 33142 1959 9057 656 1039 1033 3088 2826 2297 1034
leaf_count=1188 178905 103274 681 2749 33142 1959 9057 656 1039 1033 3088 2826 2297 1034
internal_value=0.00150352 0.00329881 -0.0196683 0.00356353 0.000647516 0.00439242 -1.91396e-05 0.00330195 0.000875313 0.00844659 -0.000747391 0.0155313 0.0171167 0.00634829
internal_weight=342928 164023 1869 162154 35891 126263 22989 21030 17548 8491 4121 3482 4370 2073
internal_count=342928 164023 1869 162154 35891 126263 22989 21030 17548 8491 4121 3482 4370 2073
is_linear=0
shrinkage=0.04


Tree=18
num_leaves=15
num_cat=0
split_feature=10 3 0 1 3 1 0 3 1 1 3 1 3 3
split_gain=622.691 622.242 804.689 538.578 893.187 755.193 907.614 633.845 503.774 478.757 636.138 414.85 2173.01 399.786
threshold=-7.7782428813973237 13.598392000000002 12.067334143359874 14.794204729579361 18.612306500000006 20.769909469897325 10.192781241942237 17.250080500000003 15.152233335067542 16.507437970434626 15.563922500000002 27.837646437746084 25.691872500000006 9.9078580000000027
decision_type=2 2 2 2 2 2 2 2 2 2 2 2 2 2
left_child=1 2 8 7 5 6 9 -3 13 -5 -11 -6 -13 -1
right_child=-2 3 -4 4 11 -7 -8 -9 -10 10 -12 12 -14 -15
leaf_value=-0.0095363745655951664 0 0.0045917205068480866 -0.039684962379407017 0.01272955291498574 0.0015892362081060092 -0.10560550314938581 -0.037973999104906835 0.0004358550613370843 -0.057503237196127828 -0.051698248379998257 0.0039237608013116647 -0.099272311853233902 0.001652494572602764 0.0026932456302752252
leaf_weight=1717 206254 12124 1174 2202 53736 1226 2534 18175 780 924 2009 2774 33165 4014
leaf_count=1717 206254 12124 1174 2202 53736 1226 2534 18175 780 924 2009 2774 33165 4014
internal_value=0.00141992 0.00351509 -0.00754196 0.00417447 0.00274079 -0.00934907 -0.00468901 0.00883858 -0.00204577 0.0049776 -0.00560518 0.00394001 0.000613261 0.00205898
internal_weight=342808 136554 7685 128869 98570 8895 7669 30299 6511 5135 2933 89675 35939 5731
internal_count=342808 136554 7685 128869 98570 8895 7669 30299 6511 5135 2933 89675 35939 5731
is_linear=0
shrinkage=0.04


Tree=19
num_leaves=15
num_cat=0
split_feature=1 3 1 2 0 0 3 1 3 9 8 3 0 1
split_gain=503.569 558.156 823.672 618.861 453.176 407.44 397.731 294.605 415.414 287.055 422.384 241.017 492.658 207.3
threshold=7.76485342078408 13.598392000000002 9.2802794970072675 108.43596650000002 12.067334143359874 18.457907948280255 21.601567000000006 15.90594240884448 10.248684000000003 0.0017913378410300276 0.8193763691616941 18.776385000000001 13.753318528741984 21.402474837558369
decision_type=2 2 2 2 2 2 2 2 2 2 2 2 2 2
left_child=-1 2 -2 -3 7 9 -7 8 -4 11 -11 12 -5 -8
right_child=1 3 4 5 -6 6 13 -9 -10 10 -12 -13 -14 -15
leaf_value=0 0.0051527748830035034 0.0016937960460444519 -0.027065235573419361 0.050690779909353785 -0.03687356453071286 -0.061657336265808292 0.0023187381985281899 -0.073326051865474723 0.00053489780092815897 0.00092382512639445499 -0.0021029583431780617 0.025764958125136239 -0.016171011975679436 -0.002883755379173267
leaf_weight=206286 2240 34191 971 735 1185 751 1458 517 2825 79053 4381 1237 838 6345
leaf_count=206286 2240 34191 971 735 1185 751 1458 517 2825 79053 4381 1237 838 6345
internal_value=0.00135633 0.00323886 -0.00719566 0.00386483 -0.0155256 0.00220089 -0.00612579 -0.00950614 -0.00564805 0.00302676 0.00260326 0.0156014 0.00521297 -0.00344996
internal_weight=343013 136727 7738 128989 5498 94798 8554 4313 3796 86244 83434 2810 1573 7803
internal_count=343013 136727 7738 128989 5498 94798 8554 4313 3796 86244 83434 2810 1573 7803
is_linear=0
shrinkage=0.04


Tree=20
num_leaves=15
num_cat=0
split_feature=10 2 3 3 0 1 0 3 10 3 3 0 1 1
split_gain=462.565 607.605 508.377 256.426 1043.34 604.77 604.565 383.701 404.237 368.396 341.408 844.173 636.633 377.116
threshold=-2.9601942993412655 68.451057500000019 4.5782935000000009 13.892143000000003 12.508173181144155 16.212007077778832 4.3356638251295792 5.0560145000000007 -13.978759310903472 8.5371195000000011 16.982136500000003 14.074488957282014 16.770369771829305 7.9225787552610791
decision_type=2 2 2 2 2 2 2 2 2 2 2 2 2 2
left_child=1 -1 -3 4 5 6 9 -8 -9 -4 11 12 -5 -12
right_child=-2 2 3 10 -6 -7 7 8 -10 -11 13 -13 -14 -15
leaf_value=0.0013579894541934305 0 -0.010305178122204129 0.014210506406653903 0.0037197869897689561 -0.040117068907396358 -0.07467146122530631 -0.012685853786916555 -0.032935416414994111 0.00028246983683954968 0.00047250209595508548 -0.00026099150789384137 -0.029765105229331387 -0.021705878207644188 0.00073010204100403756
leaf_weight=9767 178982 1198 2089 13784 1288 595 918 625 7720 3222 8526 1233 1361 111605
leaf_count=9767 178982 1198 2089 13784 1288 595 918 625 7720 3222 8526 1233 1361 111605
internal_value=0.00126049 0.00279557 0.00218261 0.00238589 -0.00233092 0.000603863 0.00221765 -0.0039512 -0.00125105 0.0129768 0.00295453 0.00837221 0.0109634 0.00221591
internal_weight=342913 163931 154164 152966 16457 15169 14574 9263 8345 5311 136509 16378 15145 120131
internal_count=342913 163931 154164 152966 16457 15169 14574 9263 8345 5311 136509 16378 15145 120131
is_linear=0
shrinkage=0.04


Tree=21
num_leaves=15
num_cat=0
split_feature=10 3 10 2 0 0 3 3 10 9 3 0 9 1
split_gain=477.508 522.161 749.09 539.942 410.261 368.425 395.537 258.599 401.244 219.351 230.875 371.438 201.876 220.979
threshold=-7.7782428813973237 13.598392000000002 -9.2982080050155229 108.43596650000002 12.406388052287658 17.114697527672856 19.264580000000006 10.248684000000003 -15.227959958983815 0.00044898131095449939 15.372680000000001 13.327897732153074 0.18180069971713211 28.026026630652691
decision_type=2 2 2 2 2 2 2 2 2 2 2 2 2 2
left_child=1 2 4 -3 7 9 -7 -1 -9 10 11 -5 -11 -14
right_child=-2 3 -4 5 -6 6 -8 8 -10 12 -12 -13 13 -15
leaf_value=-0.029139176218065055 0 0.0016041800013075502 0.0046571155910694597 0.027134277257289788 -0.03870070867602414 -0.061153109353048553 -0.0011920866867734207 -0.052395197444261042 0.00061645390625882925 -0.0013615326937293454 0.055160436726892213 -0.035491547854351567 0.0010871421645124669 0.00017655410257699374
leaf_weight=971 206535 34003 2251 233 1002 571 9928 742 2712 4239 1280 292 49884 28404
leaf_count=971 206535 34003 2251 233 1002 571 9928 742 2712 4239 1280 292 49884 28404
internal_value=0.0012129 0.00304852 -0.00708518 0.00365245 -0.0151317 0.00210184 -0.00496428 -0.00989831 -0.00477128 0.00298155 0.0167756 -0.0055619 0.00267985 0.0031402
internal_weight=343047 136512 7678 128834 5427 94831 10499 4425 3454 84332 1805 525 82527 78288
internal_count=343047 136512 7678 128834 5427 94831 10499 4425 3454 84332 1805 525 82527 78288
is_linear=0
shrinkage=0.04


Tree=22
num_leaves=15
num_cat=0
split_feature=10 3 0 2 1 3 0 3 10 9 3 0 8 10
split_gain=414.982 488.698 737.328 522.948 423.434 366.125 329.116 364.551 238.165 227.814 225.434 355.668 204.681 199.733
threshold=-7.7782428813973237 13.598392000000002 12.067334143359874 108.43596650000002 15.152233335067542 9.5436185000000027 17.417531248185636 19.264580000000006 -9.0930687114834523 0.00044898131095449939 15.372680000000001 13.327897732153074 0.8193763691616941 -28.022431550627719
decision_type=2 2 2 2 2 2 2 2 2 2 2 2 2 2
left_child=1 2 4 -3 5 -1 9 -8 -7 10 11 -5 13 -11
right_child=-2 3 -4 6 -6 8 7 -9 -10 12 -12 -13 -14 -15
leaf_value=-0.012696847002606385 0 0.0015534217516013124 -0.033849555311354237 0.025162342381936497 -0.048680701453837461 0.0004555494331084242 -0.063033868557480111 -0.0012044906626740225 0.015758618570621056 0.00010401430361482902 0.051503231599594516 -0.033755136618493407 -0.0014815841004874181 0.00099353187268993179
leaf_weight=1259 206616 34085 1176 234 783 3215 517 9488 1217 28522 1365 289 4382 49941
leaf_count=1259 206616 34085 1176 234 783 3215 517 9488 1217 28522 1365 289 4382 49941
internal_value=0.00112519 0.0028369 -0.00698562 0.0034202 -0.00169293 0.00210156 0.00189153 -0.00496952 0.00750903 0.00270166 0.0164407 -0.0058891 0.00238856 0.00285842
internal_weight=343089 136473 7650 128823 6474 5691 94738 10005 4432 84733 1888 523 82845 78463
internal_count=343089 136473 7650 128823 6474 5691 94738 10005 4432 84733 1888 523 82845 78463
is_linear=0
shrinkage=0.04


Tree=23
num_leaves=15
num_cat=0
split_feature=10 3 0 2 10 0 3 3 10 3 8 3 0 8
split_gain=373.241 470.533 673.464 475.743 440.559 331.121 326.633 286.194 270.272 214.286 204.004 238.454 457.383 205.183
threshold=-7.7782428813973237 13.598392000000002 9.7966866956112995 108.43596650000002 -15.971967880509544 17.740284763297065 20.074843500000004 9.5436185000000027 -12.929339704102331 13.203879000000002 0.9995579400129655 18.776385000000001 13.753318528741984 0.8193763691616941
decision_type=2 2 2 2 2 2 2 2 2 2 2 2 2 2
left_child=1 2 4 -3 -1 10 -7 -6 -4 -10 13 12 -12 -5
right_child=-2 3 8 5 7 6 -8 -9 9 -11 11 -13 -14 -15
leaf_value=-0.061585620470272461 0 0.0014898449819112111 -0.045478739776072336 0.00078091623682248316 -0.0077375609743019751 -0.056172246633784423 -0.0012348223738131994 0.0030338788188786284 -0.013609269801966728 0.0027688014831898067 0.051000191155400394 0.077970333552041401 -0.013642528265685263 -0.001428613089884768
leaf_weight=480 206438 34107 1105 78713 1134 611 8904 3808 824 361 654 635 693 4626
leaf_count=480 206438 34107 1105 78713 1134 611 8904 3808 824 361 654 635 693 4626
internal_value=0.00104648 0.00266803 -0.00692946 0.00324205 0.00075249 0.00178498 -0.0052927 0.00430595 -0.0251179 -0.0118481 0.00257428 0.0152573 0.00573125 0.00227265
internal_weight=343093 136655 7712 128943 5422 94836 9515 4942 2290 1185 85321 1982 1347 83339
internal_count=343093 136655 7712 128943 5422 94836 9515 4942 2290 1185 85321 1982 1347 83339
is_linear=0
shrinkage=0.04


Tree=24
num_leaves=15
num_cat=0
split_feature=10 3 2 3 8 0 1 3 3 0 2 0 1 9
split_gain=338.041 865.763 512.108 433.492 629.132 322.514 313.292 728.4 307.41 294.92 274.486 250.846 229.363 179.598
threshold=-11.06957047957124 13.414423500000002 109.814564 51.718492000000005 0.99744136941068751 18.702359208292517 14.553834026493222 15.958916500000003 21.779964000000003 11.949644688605629 88.219894500000009 7.386750433816859 13.906008776066388 0.0027731337557925233
decision_type=2 2 2 2 2 2 2 2 2 2 2 2 2 2
left_child=1 9 3 6 -5 13 10 11 -7 12 -3 -8 -1 -4
right_child=-2 2 5 4 -6 8 7 -9 -10 -11 -12 -13 -14 -15
leaf_value=0.00088592287848809849 0 0.00064207569668625131 0.009253023269907559 0.0083500881975373739 -0.041702889105222588 -0.059837851271564636 0.0039886691787009354 0.0014841382968007848 -0.0016391049827712174 -0.033350479177339992 0.0044285320505021769 -0.048553309721711652 -0.033219702638924153 0.00061784210477398957
leaf_weight=831 221893 4858 2712 2659 236 612 130 14019 6609 947 5666 906 964 79869
leaf_count=831 221893 4858 2712 2659 236 612 130 14019 6609 947 5666 906 964 79869
internal_value=0.00103024 0.00273083 0.00324597 0.00792021 0.0225907 0.00176388 0.00625982 0.00255862 -0.00634261 -0.0194894 0.0115545 -0.0298069 -0.009961 0.00247272
internal_weight=342911 121018 118276 28474 2895 89802 25579 15055 7221 2742 10524 1036 1795 82581
internal_count=342911 121018 118276 28474 2895 89802 25579 15055 7221 2742 10524 1036 1795 82581
is_linear=0
shrinkage=0.04


Tree=25
num_leaves=15
num_cat=0
split_feature=1 3 0 2 1 3 0 3 0 9 3 0 8 3
split_gain=307.763 414.382 665.65 400.433 378.603 310.499 245.418 392.227 241.899 211.005 322.875 516.218 229.997 232.692
threshold=7.76485342078408 13.598392000000002 12.067334143359874 107.55344750000002 15.152233335067542 9.5436185000000027 18.457907948280255 20.748739000000004 8.199655408801652 0.000371167125219174 18.944166000000006 13.902617355294028 0.8193763691616941 24.328270500000006
decision_type=2 2 2 2 2 2 2 2 2 2 2 2 2 2
left_child=-1 2 4 -3 5 8 9 -8 -2 10 11 -5 13 -11
right_child=1 3 -4 6 -6 -7 7 -9 -10 12 -12 -13 -14 -15
leaf_value=0 -0.00036582822116801832 0.0014032277892542012 -0.029490558358560827 0.052179911536603986 -0.042600301294763832 0.0021904960781097384 -0.062656308615510831 -0.0010191815038912123 -0.037688561772431829 -9.3496021632711871e-05 0.072699659090564805 -0.017530251381261353 -0.0014416103295754306 0.0011549003761819443
leaf_weight=206258 765 32252 1175 730 786 4506 535 8456 529 28145 717 784 5500 51922
leaf_count=206258 765 32252 1175 730 786 4506 535 8456 529 28145 717 784 5500 51922
internal_value=0.00102711 0.00249821 -0.00647855 0.0030381 -0.00153052 0.002 0.00175185 -0.00454232 -0.0152705 0.00239641 0.0145406 0.00406869 0.00207977 0.0026233
internal_weight=343060 136802 7761 129041 6586 5800 96789 8991 1294 87798 2231 1514 85567 80067
internal_count=343060 136802 7761 129041 6586 5800 96789 8991 1294 87798 2231 1514 85567 80067
is_linear=0
shrinkage=0.04


Tree=26
num_leaves=15
num_cat=0
split_feature=1 3 1 3 0 1 3 2 0 3 3 1 0 1
split_gain=302.245 847.538 514.799 820.437 452.724 905.901 434.248 350.378 321.359 606.034 261.075 2029.72 601.475 544.476
threshold=11.446293959252824 13.414423500000002 14.553834026493222 15.372680000000001 5.7842539012848961 16.643899980404424 17.250080500000003 102.19323350000002 13.620187700762196 15.563922500000002 25.020630500000003 25.231157742176972 18.702359208292517 19.517224047937223
decision_type=2 2 2 2 2 2 2 2 2 2 2 2 2 2
left_child=-1 -2 6 4 5 -4 8 -5 -3 -10 11 12 -9 -12
right_child=1 2 3 7 -6 -7 -8 10 9 -11 13 -13 -14 -15
leaf_value=0 -0.015818115766333848 0.006766103190554147 0.021209736602225897 0.0034464030708679255 -0.047972418062820696 -0.050044994863119953 0.00034435276766426882 0.0020656391999463028 -0.01827576172326538 0.026299861419274692 -0.00065143540781575058 -0.064706412308656022 -0.026032174346463783 0.0018804689581674956
leaf_weight=223340 2657 8070 749 8240 1536 747 7702 21244 547 440 9728 4915 1919 51013
leaf_count=223340 2657 8070 749 8240 1536 747 7702 21244 547 440 9728 4915 1919 51013
internal_value=0.000948645 0.00257223 0.00308019 0.00199379 -0.018496 -0.00283422 0.00956859 0.00263386 0.0155062 -0.0060385 0.00190185 -0.00128784 0.00366619 0.0033763
internal_weight=342847 119507 116850 100091 3032 1496 16759 97059 9057 987 88819 28078 23163 60741
internal_count=342847 119507 116850 100091 3032 1496 16759 97059 9057 987 88819 28078 23163 60741
is_linear=0
shrinkage=0.04


Tree=27
num_leaves=15
num_cat=0
split_feature=10 2 8 8 10 0 9 9 9 1 1 0 10 10
split_gain=284.39 358.633 318.904 342.208 301.5 259.52 447.206 256.357 235.372 206.597 197.579 227.832 246.944 189.189
threshold=-11.368890120614912 102.19323350000002 0.96352370992868397 0.99999995294695732 -34.319537069729229 13.059829859278967 0.000371167125219174 0.015536878825969548 0.47014253431843583 17.215689976035105 28.389045614766683 6.7574597787163997 -33.757168910043013 -38.637158446070323
decision_type=2 2 2 2 2 2 2 2 2 2 2 2 2 2
left_child=1 2 4 7 -1 6 -3 -4 -7 -6 -8 12 13 -12
right_child=-2 5 3 -5 9 8 10 -9 -10 -11 11 -13 -14 -15
leaf_value=-0.0084043477337879275 0 0.046301685808989718 -0.01679839616294514 0.0015715275705272343 0.0021224078405485472 -0.0014452057389782041 0.00086958542685343007 0.00062720915789511527 0.0031310323487632854 0.0075764205234254405 -0.0018135253160241102 0.0017122904856708789 -0.0065506446365779384 0.0056290294130352282
leaf_weight=767 223187 1044 835 7304 4558 20386 54074 727 2428 2658 6558 9659 6242 2657
leaf_count=767 223187 1044 835 7304 4558 20386 54074 727 2428 2658 6558 9659 6242 2657
internal_value=0.000893192 0.00246445 0.00787465 0.00265283 0.0136741 0.00157985 0.00265025 -0.0143406 -0.00218462 0.0162084 0.00230736 -0.000624303 -0.00363589 0.000525231
internal_weight=343084 119897 16849 8866 7983 103048 80234 1562 22814 7216 79190 25116 15457 9215
internal_count=343084 119897 16849 8866 7983 103048 80234 1562 22814 7216 79190 25116 15457 9215
is_linear=0
shrinkage=0.04


Tree=28
num_leaves=15
num_cat=0
split_feature=10 2 3 10 0 9 3 9 3 10 3 0 10 3
split_gain=261.437 401.317 311.853 247.685 236.021 218.26 596.981 330.75 313.776 423.058 1605.64 391.541 324.869 421.621
threshold=-1.9503482804007037 68.451057500000019 4.4930785000000002 -4.1766288387068924 3.0710198833254876 0.05611677249314146 61.287892000000006 4.9361367137623633e-06 46.216663000000004 -29.181524396280938 26.921210000000006 12.944400999674718 -40.359219451849782 36.80804100000001
decision_type=2 2 2 2 2 2 2 2 2 2 2 2 2 2
left_child=1 4 3 -3 -1 6 7 -4 9 10 -7 -11 13 -12
right_child=-2 2 5 -5 -6 8 -8 -9 -10 11 12 -13 -14 -15
leaf_value=8.0311670899391174e-05 0 -0.01871779613543215 0.00044532599102342066 0.00021692371294741177 0.001281571901010053 -0.098221121065153738 -0.0057218337619612744 -0.00077514687531897051 0.0015242018482268637 0.00063520086904678564 -0.14831869729931466 -0.0015889736701410252 0.0044108365360880026 -0.00066550661946645779
leaf_weight=5156 172270 664 24122 356 9431 2400 1396 13687 27729 68552 685 7315 7266 1922
leaf_count=5156 172270 664 24122 356 9431 2400 1396 13687 27729 68552 685 7315 7266 1922
internal_value=0.000901003 0.00201053 0.00141761 -0.0206275 0.00835538 0.00156261 -0.00101722 -6.87667e-05 0.00243551 0.00126798 -0.0056221 0.00238259 0.00151119 -0.0106022
internal_weight=342951 170681 156094 1020 14587 155074 39205 37809 115869 88140 12273 75867 9873 2607
internal_count=342951 170681 156094 1020 14587 155074 39205 37809 115869 88140 12273 75867 9873 2607
is_linear=0
shrinkage=0.04


Tree=29
num_leaves=15
num_cat=0
split_feature=10 3 2 3 8 0 0 3 10 0 10 3 2 0
split_gain=245.146 763.826 452.725 327.953 607.086 321.115 239.375 284.719 235.419 261.966 222.328 648.906 281.722 217.295
threshold=-11.368890120614912 13.509122000000003 108.02563450000001 51.718492000000005 0.99744136941068751 12.186033965047459 19.861060246948075 23.235861500000002 -15.750773851564245 5.3958539475272493 -14.351293489892521 16.067137500000005 88.219894500000009 7.9556837236119637
decision_type=2 2 2 2 2 2 2 2 2 2 2 2 2 2
left_child=1 5 3 10 -5 8 -4 -8 -1 -10 11 13 -12 -3
right_child=-2 2 6 4 -6 -7 7 -9 9 -11 12 -13 -14 -15
leaf_value=-0.056057351397691378 0 0.00061931270589862808 0.00061469344894090206 0.010304793230678955 -0.041432591438386401 -0.030056596908402559 -0.061300208595007864 -0.0014517676266293563 0.0083222018761201881 -0.0042318290656756519 0.00054785560148268276 0.0017172403462054388 0.0050491789368088949 -0.044208325110021381
leaf_weight=512 223094 261 87065 1882 220 1007 622 6054 436 1106 4057 11617 4268 817
leaf_count=512 223094 261 87065 1882 220 1007 622 6054 436 1106 4057 11617 4268 817
internal_value=0.000820948 0.00227944 0.00279609 0.00780901 0.0228735 -0.0174453 0.00155962 -0.00573996 -0.0083739 -0.000570687 0.00630257 0.00297125 0.0113826 -0.0267161
internal_weight=343018 119924 116863 23122 2102 3061 93741 6676 2054 1542 21020 12695 8325 1078
internal_count=343018 119924 116863 23122 2102 3061 93741 6676 2054 1542 21020 12695 8325 1078
is_linear=0
shrinkage=0.04


Tree=30
num_leaves=15
num_cat=0
split_feature=10 3 2 3 8 0 0 10 3 0 2 10 3 0
split_gain=205.467 728.235 371.631 379.201 564.328 286.609 282.025 225.811 717.056 226.788 216.974 212.42 207.127 194.487
threshold=-11.368890120614912 13.414423500000002 109.18787000000002 51.718492000000005 0.99744136941068751 11.854125920548045 22.639350971825454 -14.351293489892521 15.958916500000003 7.9556837236119637 88.219894500000009 -15.971967880509544 25.849820500000003 5.3362782617718443
decision_type=2 2 2 2 2 2 2 2 2 2 2 2 2 2
left_child=1 5 3 7 -5 11 -4 8 9 -3 -9 -1 -8 -13
right_child=-2 2 6 4 -6 -7 12 10 -10 -11 -12 13 -14 -15
leaf_value=-0.061850866019398813 0 0.00059454019766268294 0.00054267476017445338 0.0084671314078362467 -0.040037584677694318 -0.027359402990590375 -0.089511186588899547 0.00052706749495554149 0.0014522317377760798 -0.044139329978477672 0.0044101509986010238 0.0070610451874449547 -0.0034607524543951184 -0.0050333191849560267
leaf_weight=369 223191 277 87623 2305 218 993 360 4097 13162 889 4892 411 3406 877
leaf_count=369 223191 277 87623 2305 218 993 360 4097 13162 889 4892 411 3406 877
internal_value=0.000743405 0.0020791 0.00254783 0.00678328 0.0215141 -0.0186566 0.00135027 0.00518935 0.00207147 -0.0279931 0.0101591 -0.00847314 -0.00936803 -0.000807453
internal_weight=343070 119879 117229 25840 2523 2650 91389 23317 14328 1166 8989 1657 3766 1288
internal_count=343070 119879 117229 25840 2523 2650 91389 23317 14328 1166 8989 1657 3766 1288
is_linear=0
shrinkage=0.04


Tree=31
num_leaves=15
num_cat=0
split_feature=10 3 2 3 8 0 0 3 1 10 3 2 0 0
split_gain=201.381 649.674 351.914 308.427 535.762 252.247 216.974 226.213 201.643 194.088 691.221 207.547 206.519 167.435
threshold=-11.368890120614912 13.414423500000002 108.02563450000001 51.718492000000005 0.99744136941068751 12.300322719515504 22.639350971825454 25.691872500000006 13.906008776066388 -14.351293489892521 15.958916500000003 87.637847500000007 7.7593937882886648 4.2722945836086863
decision_type=2 2 2 2 2 2 2 2 2 2 2 2 2 2
left_child=1 5 3 9 -5 8 -4 -8 -1 10 12 -11 -3 -10
right_child=-2 2 6 4 -6 -7 7 -9 13 11 -12 -13 -14 -15
leaf_value=0.00076458693298067876 0 0.00064197658182059696 0.00053725792913646446 0.009579171951949168 -0.038173784393743172 -0.029650477742229366 -0.086502339565673977 -0.00268737195682051 -0.0053382097950029437 0.00050330502711237377 0.0016040766902243725 0.0045160799140862382 -0.041107146191004564 -0.039000922347750835
leaf_weight=856 223256 242 89714 1906 212 816 348 3812 492 3910 11641 4564 874 507
leaf_count=856 223256 242 89714 1906 212 816 348 3812 492 3910 11641 4564 874 507
internal_value=0.00073752 0.00205982 0.00250429 0.0068988 0.0214542 -0.0174466 0.00141125 -0.00751923 -0.0092938 0.00544675 0.0023297 0.0101392 -0.0277419 -0.0215015
internal_weight=343150 119894 117223 23349 2118 2671 93874 4160 1855 21231 12757 8474 1116 999
internal_count=343150 119894 117223 23349 2118 2671 93874 4160 1855 21231 12757 8474 1116 999
is_linear=0
shrinkage=0.04


Tree=32
num_leaves=15
num_cat=0
split_feature=10 3 1 2 3 10 3 0 3 3 10 2 3 9
split_gain=177.593 550.91 787.219 645.619 325.32 968.435 394.026 501.919 308.417 258.216 231.147 295.101 273.129 710.861
threshold=-3.8132425180774661 4.8141140000000009 4.4001249594617784 68.451057500000019 8.5371195000000011 -4.798736332985075 13.301914500000001 9.7966866956112995 5.3639100000000006 4.4134305000000014 -9.9998207872086375 109.814564 51.718492000000005 0.050772490137605771
decision_type=2 2 2 2 2 2 2 2 2 2 2 2 2 2
left_child=1 2 9 -3 5 8 7 -6 -5 -1 11 12 -8 -14
right_child=-2 3 -4 4 6 -7 10 -9 -10 -11 -12 -13 13 -15
leaf_value=-0.0039705464124439802 0 0.0014165342425350076 -0.017974206108176755 -0.014311663091087669 -0.00031960930477030892 0.017604396475164777 0.0011579567721303732 -0.022102163388929962 0.0019394018831762234 0.0037886236967765718 -0.00020347467697040349 0.00031816995796166646 -0.027820570236492644 0.0069414875094670906
leaf_weight=256 183299 6792 1474 696 6949 2153 27592 1631 532 641 16857 91060 341 2711
leaf_count=256 183299 6792 1474 696 6949 2153 27592 1631 532 641 16857 91060 341 2711
internal_value=0.000701374 0.00167655 -0.017461 0.00196499 0.00142066 0.0136883 0.00113877 -0.00717949 -0.014658 0.0120847 0.00165386 0.00226188 0.00565722 0.0170118
internal_weight=342984 159685 2371 157314 150522 3381 147141 8580 1228 897 138561 121704 30644 3052
internal_count=342984 159685 2371 157314 150522 3381 147141 8580 1228 897 138561 121704 30644 3052
is_linear=0
shrinkage=0.04


Tree=33
num_leaves=15
num_cat=0
split_feature=10 3 0 10 3 0 8 1 3 3 1 0 1 3
split_gain=165.404 287.889 1346.3 968.834 409.721 458.261 349.518 393.016 370.82 271.366 1039.74 598.578 268.804 261.024
threshold=-7.7782428813973237 14.777745500000002 12.944400999674718 -16.397815533869217 16.982136500000003 14.074488957282014 0.17493874539877088 14.794204729579361 9.5436185000000027 18.776385000000001 20.15361293930231 16.394653374748163 17.74464941391679 15.958916500000003
decision_type=2 2 2 2 2 2 2 2 2 2 2 2 2 2
left_child=1 2 3 -1 5 12 -5 8 -8 10 11 -6 -3 -7
right_child=-2 4 -4 6 9 13 7 -9 -10 -11 -12 -13 -14 -15
leaf_value=-0.059150518614631928 0 0.0060338544817016195 -0.035024268215421941 0.017826683591620086 0.0016354261592846273 -0.028452997026100317 -0.01032349032162648 -0.021451912000349141 0.0024183536299524711 0.00055484589930261143 -0.085549081159198889 -0.044843675449518609 -0.017932651324669441 0.004712568230680044
leaf_weight=1027 206446 8796 1733 589 5062 501 1269 882 7655 105791 1626 610 527 388
leaf_count=1027 206446 8796 1733 589 5062 501 1269 882 7655 105791 1626 610 527 388
internal_value=0.000673545 0.00175412 -0.00387077 0.00111364 0.00235424 0.0100274 0.00477537 0.00297777 0.00549529 0.00166135 -0.00579885 0.00228491 0.012644 -0.0174128
internal_weight=342902 136456 13155 11422 123301 10212 10395 9806 8924 113089 7298 5672 9323 889
internal_count=342902 136456 13155 11422 123301 10212 10395 9806 8924 113089 7298 5672 9323 889
is_linear=0
shrinkage=0.04


Tree=34
num_leaves=15
num_cat=0
split_feature=10 3 1 3 0 10 3 0 3 10 3 0 3 1
split_gain=150.624 674.962 306.686 772.503 632.057 760.981 449.799 271.994 241.321 441.207 1530.27 347.034 267.674 541.942
threshold=-11.624717897140131 13.301914500000001 14.285667822093833 15.372680000000001 8.3370854722822347 -16.605477592340989 17.250080500000003 4.8143465130287071 46.216663000000004 -29.181524396280938 26.451349000000004 0.98238001445267364 34.982875500000006 37.592899134100513
decision_type=2 2 2 2 2 2 2 2 2 2 2 2 2 2
left_child=1 -1 6 4 5 -4 -3 -7 9 10 -5 -11 13 -12
right_child=-2 2 3 8 -6 7 -8 -9 -10 11 12 -13 -14 -15
leaf_value=-0.014266987706719849 0 0.0058548407285851046 -0.046130685305278175 -0.10484232249984514 -0.044237137121746727 0.021843647478900118 -1.9296212044933037e-05 -0.0027361755281983527 0.0015949150156582355 0.08164727747584774 -0.00010400814616166155 0.00058314007654873936 0.003343153722773337 -0.14341473006885216
leaf_weight=2149 224522 8166 863 2167 1408 856 6686 500 25796 846 2889 58464 7063 840
leaf_count=2149 224522 8166 863 2167 1408 856 6686 500 25796 846 2889 58464 7063 840
internal_value=0.000642047 0.00179455 0.00220415 0.00141997 -0.016708 -0.00340694 0.00757339 0.0152802 0.00209045 0.000904952 -0.00578131 0.00236587 0.000378058 -0.00829177
internal_weight=343215 118693 116544 101692 3627 2219 14852 1356 98065 72269 12959 59310 10792 3729
internal_count=343215 118693 116544 101692 3627 2219 14852 1356 98065 72269 12959 59310 10792 3729
is_linear=0
shrinkage=0.04


Tree=35
num_leaves=15
num_cat=0
split_feature=10 3 2 10 3 3 0 1 0 0 10 10 3 3
split_gain=131.542 563.47 285.765 209.735 415.667 380.286 583.856 789.671 312.637 271.745 327.571 208.457 205.513 465.392
threshold=-11.624717897140131 13.203879000000002 99.62970700000001 -12.762370446941917 17.250080500000003 14.973331500000002 11.117989075855055 16.507437970434626 8.8624423489053026 4.2010165332739513 -15.056344747872782 -13.448758505188787 16.982136500000003 18.447960000000005
decision_type=2 2 2 2 2 2 2 2 2 2 2 2 2 2
left_child=1 -1 -3 5 8 6 7 9 -5 -4 -11 -8 -7 -14
right_child=-2 2 3 4 -6 12 11 -9 -10 10 -12 -13 13 -15
leaf_value=-0.014847569668974612 0 0.0019023540035762996 0.01758223234359579 -0.00030189904163248837 -0.00095002874305859632 0.0063832482987141552 -0.035005815036508493 -0.05069941203318936 0.051495438311017612 -0.020732207933526071 0.0041824804700521115 0.00011625963944621676 -0.0065542388588763715 0.00051028680004702872
leaf_weight=1768 224306 13150 864 522 1030 5404 1164 855 1438 372 1167 264 4310 86431
leaf_count=1768 224306 13150 864 522 1030 5404 1164 855 1438 372 1167 264 4310 86431
internal_value=0.000567039 0.0016436 0.00198237 0.00127874 0.0117191 0.000969146 -0.0101579 -0.000810313 0.0225306 0.0109363 0.0008577 -0.0314846 0.00151147 0.00106016
internal_weight=343045 118739 116971 103821 2990 100831 4686 3258 1960 2403 1539 1428 96145 90741
internal_count=343045 118739 116971 103821 2990 100831 4686 3258 1960 2403 1539 1428 96145 90741
is_linear=0
shrinkage=0.04


Tree=36
num_leaves=15
num_cat=0
split_feature=10 3 2 1 3 3 1 9 0 9 1 3 9 10
split_gain=120.082 561.374 591.651 183.884 880.579 550.551 355.018 233.162 170.23 162.471 150.137 146.567 644.183 349.984
threshold=-3.8132425180774661 4.4930785000000002 67.370460500000021 4.3145869130525591 8.5371195000000011 5.0560145000000007 4.4719231900456657 0.1094535840670275 4.0871892100056204 0.0010800852264850616 4.0714331902212981 46.216663000000004 0.050772490137605771 -29.181524396280938
decision_type=2 2 2 2 2 2 2 2 2 2 2 2 2 2
left_child=1 8 -3 4 -4 6 -5 9 -1 -6 -2 13 -13 -7
right_child=10 2 3 5 7 11 -8 -9 -10 -11 -12 12 -14 -15
leaf_value=-0.0004898624979101765 0 0.0014870913511505946 0.020150209792462112 0.0021516322391859685 -0.00015344523334777919 -0.0049593899636478523 -0.014345591935364615 0.0015083670366850153 -0.015836241355910465 -0.001257885247718592 -0.30791769452036466 -0.0024192495249588529 0.0012801124520103436 0.0002584921713270247
leaf_weight=284 182834 6084 1273 262 740 12944 1173 282 747 611 151 2525 27616 105157
leaf_count=284 182834 6084 1273 262 740 12944 1173 282 747 611 151 2525 27616 105157
internal_value=0.000568572 0.00137009 0.00156126 0.00107351 0.0110392 0.000880028 -0.023777 -0.00840171 -0.0280504 -0.0153072 -0.00013094 0.00111871 0.00360837 0.000483315
internal_weight=342683 159698 158667 152583 2906 149677 1435 1633 1031 1351 182985 148242 30141 118101
internal_count=342683 159698 158667 152583 2906 149677 1435 1633 1031 1351 182985 148242 30141 118101
is_linear=0
shrinkage=0.04


Tree=37
num_leaves=15
num_cat=0
split_feature=10 3 0 2 3 8 0 10 0 10 8 8 3 1
split_gain=124.185 457.229 338.182 261.041 349.325 455.565 244.168 233.135 273.318 262.548 187.377 381.322 314.105 326.303
threshold=-11.368890120614912 13.509122000000003 12.831098253210957 109.814564 51.141937500000004 0.95031116117270609 22.639350971825454 -15.750773851564245 6.1959058069024673 -13.645410481620175 0.99744136941068751 0.8193763691616941 20.074843500000004 17.868886952580542
decision_type=2 2 2 2 2 2 2 2 2 2 2 2 2 2
left_child=1 2 7 4 -3 -6 10 -1 -9 -10 11 -5 13 -12
right_child=-2 3 -4 6 5 -7 -8 8 9 -11 12 -13 -14 -15
leaf_value=-0.04766784432931704 0 0.00094822163409375381 -0.035881677719168108 0.00046922069360534781 0.0064014223027857951 -0.028931419337662547 -0.0062684858261962371 0.0062301805583154547 -0.027333815286746978 0.00064273130066651307 0.0055222680143672933 -0.0027625942738479644 0.022596558169931138 -0.053851926775687016
leaf_weight=507 223081 24327 734 77059 2807 296 3523 528 410 877 1632 4776 2016 378
leaf_count=507 223081 24327 734 77059 2807 296 3523 528 410 877 1632 4776 2016 378
internal_value=0.000517975 0.00155635 -0.0137173 0.00195593 0.0053693 0.0180084 0.00090844 -0.006236 0.00046281 -0.00947941 0.00133192 0.000917456 0.00975658 -0.00143284
internal_weight=342951 119870 3056 116814 27430 3103 89384 2322 1815 1287 85861 81835 4026 2010
internal_count=342951 119870 3056 116814 27430 3103 89384 2322 1815 1287 85861 81835 4026 2010
is_linear=0
shrinkage=0.04


Tree=38
num_leaves=15
num_cat=0
split_feature=10 3 0 10 8 9 3 3 0 9 10 0 10 3
split_gain=95.9557 234.693 1288.22 845.121 391.089 306.342 305.279 294.455 237.894 237.823 568.19 279.6 234.966 358.115
threshold=-7.7782428813973237 14.878621000000001 13.185717098125862 -16.397815533869217 0.99999995294695732 0.015536878825969548 9.5436185000000027 34.053775000000009 8.199655408801652 0.79813164000580183 -14.351293489892521 4.953292329775036 -18.139927970174401 20.915732500000004
decision_type=2 2 2 2 2 2 2 2 2 2 2 2 2 2
left_child=1 2 3 -1 5 7 8 -3 -5 10 11 -8 13 -6
right_child=-2 4 -4 6 12 -7 9 -9 -10 -11 -12 -13 -14 -15
leaf_value=-0.052597822323029564 0 -0.00080628099034577515 -0.033345068978872044 -0.00010925030075505216 -0.059360586197254248 0.00041115210807144906 0.0083786772873007155 -0.010349226700134774 -0.035559055037999221 0.013488175981325772 0.0023068223463170918 -0.025177754031440697 0.0034787165239458756 0.0017653731083393377
leaf_weight=1077 206625 4393 1556 763 405 104186 275 1506 522 795 7688 961 8983 3339
leaf_count=1077 206625 4393 1556 763 405 104186 275 1506 522 795 7688 961 8983 3339
internal_value=0.000468121 0.00129132 -0.00368703 0.000725106 0.00184412 0.00107662 0.0040349 -0.00779115 -0.0142879 0.00645745 0.00458987 -0.0205825 0.00848275 6.41026e-05
internal_weight=343074 136449 13637 12081 122812 110085 11004 5899 1285 9719 8924 1236 12727 3744
internal_count=343074 136449 13637 12081 122812 110085 11004 5899 1285 9719 8924 1236 12727 3744
is_linear=0
shrinkage=0.04


Tree=39
num_leaves=15
num_cat=0
split_feature=10 3 2 3 8 9 10 3 3 3 1 1 10 3
split_gain=96.3177 550.218 255.924 301.332 410.431 154.772 300.128 528.467 419.745 231.92 2135.26 750.28 641.412 608.89
threshold=-11.624717897140131 13.301914500000001 108.02563450000001 51.141937500000004 0.95031116117270609 0.47014253431843583 -13.816749689361789 17.250080500000003 15.372680000000001 23.780075000000004 24.398826103833454 20.289582109032136 -28.282618226104194 26.148244500000004
decision_type=2 2 2 2 2 2 2 2 2 2 2 2 2 2
left_child=1 -1 3 -3 -5 6 8 -8 -4 10 -7 -11 13 -13
right_child=-2 2 5 4 -6 9 7 -9 -10 11 -12 12 -14 -15
leaf_value=-0.012384508081855854 0 0.0010783913213170998 -0.026564937697298865 0.0082016383602093092 -0.027277909284038226 0.0016378906001837852 0.016588250614349917 -0.0029541430661720637 -0.00058654336797005267 -0.00089757226454517452 -0.065605045867735245 -0.044447236177076896 0.0039922956138805608 0.001608338029177634
leaf_weight=2179 223661 20323 1002 2086 287 17115 2441 815 20844 7548 4416 1346 13425 24815
leaf_count=2179 223661 20323 1002 2086 287 17115 2441 815 20844 7548 4416 1346 13425 24815
internal_value=0.000471162 0.00139242 0.00176502 0.00557631 0.0190645 0.000842514 -0.00184527 0.00948403 -0.00353383 0.00182509 -0.00161442 0.00339627 0.00559996 0.00195252
internal_weight=342303 118642 116463 22696 2373 93767 25102 3256 21846 68665 21531 47134 39586 26161
internal_count=342303 118642 116463 22696 2373 93767 25102 3256 21846 68665 21531 47134 39586 26161
is_linear=0
shrinkage=0.04


Tree=40
num_leaves=15
num_cat=0
split_feature=10 3 10 3 0 10 3 3 10 3 0 0 1 0
split_gain=82.8957 1381.99 1314.1 1034.96 735.88 482.861 556.122 474.723 334.558 349.256 327.64 318.226 443.22 415.198
threshold=-19.313497402946577 23.592591000000002 -25.160167995253406 19.408190000000001 9.9024220835164503 -28.282618226104194 26.148244500000004 29.036055500000003 -21.556590571195382 18.108922500000002 5.3362782617718443 22.639350971825454 22.834817375665128 6.8863346041602851
decision_type=2 2 2 2 2 2 2 2 2 2 2 2 2 2
left_child=1 2 -1 8 -5 6 -3 11 -4 -10 -11 12 -7 -14
right_child=-2 5 3 4 -6 7 -8 -9 9 10 -12 -13 13 -15
leaf_value=-0.081089101585754442 0 -0.043939646690313403 -0.090242083748610966 0.0085670119684956355 -0.01670139161172508 0.0016332116113735198 0.0010490095291566582 0.00080898178845404203 -0.040300114575989233 0.019610933544712487 -0.033001025570828089 -0.012865549869710714 0.088297170899715949 0.0043091402791595552
leaf_weight=3421 270369 1449 1204 5246 1870 4200 31300 15036 897 528 327 617 4057 2133
leaf_count=3421 270369 1449 1204 5246 1870 4200 31300 15036 897 528 327 617 4057 2133
internal_value=0.000389898 0.00159314 -0.00995183 -0.00267673 0.00558741 0.00424275 0.00101011 0.0083078 -0.022571 -0.0114155 0.00687719 0.0146198 0.0162772 0.0230824
internal_weight=342654 72285 13493 10072 7116 58792 32749 26043 2956 1752 855 11007 10390 6190
internal_count=342654 72285 13493 10072 7116 58792 32749 26043 2956 1752 855 11007 10390 6190
is_linear=0
shrinkage=0.04


Tree=41
num_leaves=15
num_cat=0
split_feature=3 0 1 9 8 0 1 3 2 2 1 3 2 8
split_gain=68.6924 1337.53 732.546 231.975 543.806 239.426 344.974 457.763 332.44 302.817 346.597 341.522 235.898 240.18
threshold=14.878621000000001 13.185717098125862 16.643899980404424 1.3536710569583834e-05 0.99986989236253787 9.5064854858614591 18.22930929231622 20.915732500000004 74.005997000000022 78.158977500000006 21.94505518182314 25.198389000000002 69.458267000000021 0.96352370992868397
decision_type=2 2 2 2 2 2 2 2 2 2 2 2 2 2
left_child=1 2 -1 5 12 8 -7 -8 -2 -9 -11 -12 -5 -14
right_child=3 -3 -4 4 -6 6 7 9 -10 10 11 -13 13 -15
leaf_value=0 0.00017094173468649388 -0.032373688632758281 -0.055155410534466744 0 -0.00070923735047240678 0.0040293629375289675 -0.052845444680358331 -0.002576601614002012 -0.0015110233442684608 0.010517969855581084 -0.079299911629574102 0.0042118250325850265 0 -0.0009805442191251621
leaf_weight=112918 14364 1573 937 3587 4327 8160 544 424 1877 1395 406 1278 182958 8328
leaf_count=112918 14364 1573 937 3587 4327 8160 544 424 1877 1395 406 1278 182958 8328
internal_value=0.000377292 -0.000417576 8.85337e-05 0.000780328 0.000297791 0.00415917 0.00839191 -0.00115641 0.000977772 0.00414502 0.00850926 -0.00370546 0.000609217 0.00041864
internal_weight=343076 115428 113855 227648 199200 28448 12207 4047 16241 3503 3079 1684 194873 191286
internal_count=343076 115428 113855 227648 199200 28448 12207 4047 16241 3503 3079 1684 194873 191286
is_linear=0
shrinkage=0.04


Tree=42
num_leaves=15
num_cat=0
split_feature=10 2 1 1 0 2 2 0 1 9 8 2 8 9
split_gain=72.1268 392.035 188.471 186.07 677.313 325.972 306.872 341.474 175.612 174.176 234.241 290.178 154.352 253.876
threshold=-1.9503482804007037 68.451057500000019 2.4314298828294221 6.9303300295738035 4.7736095133496415 134.32711800000001 79.758800500000021 4.3766294665825898 2.5529274244210565 0.00018743924262981662 0.99998495409660992 52.279281500000003 0.79971290229484782 0.00073824291614027493
decision_type=2 2 2 2 2 2 2 2 2 2 2 2 2 2
left_child=1 8 9 4 5 6 12 -8 -1 10 11 -2 -3 -14
right_child=2 3 -4 -5 -6 -7 7 -9 -10 -11 -12 -13 13 -15
leaf_value=-0.00012667774012889083 -3.8253583479672674e-05 0.0037082962395842468 -0.21258706438449415 0.00023305021081948486 -0.001294925041303742 -0.00059637979131655933 0.00083788644883062981 -0.00020922332954524905 0.00094941966562668209 0 -4.2942552522846137e-05 -0.00083161178976297377 0.00015270661195005306 -0.00061032715450371952
leaf_weight=3269 1151 253 190 138535 5461 511 4776 1917 11316 149425 20274 1154 2954 1805
leaf_count=3269 1151 253 190 138535 5461 511 4776 1917 11316 149425 20274 1154 2954 1805
internal_value=0.000394413 0.000976832 -0.000183282 0.000391263 -0.00347344 0.00176162 0.00312687 0.00873151 0.00724854 -0.000139299 -0.00341379 -0.0154967 -0.00435754 -0.00597605
internal_weight=342991 170797 172194 156212 17677 12216 11705 6693 14585 172004 22579 2305 5012 4759
internal_count=342991 170797 172194 156212 17677 12216 11705 6693 14585 172004 22579 2305 5012 4759
is_linear=0
shrinkage=0.04


Tree=43
num_leaves=15
num_cat=0
split_feature=3 0 1 8 8 10 2 8 3 8 2 1 2 8
split_gain=65.9572 1400.36 758.895 244.066 474.341 239.264 219.285 211.869 591.433 214.819 197.71 238.764 227.33 202.767
threshold=15.179029000000002 13.327897732153074 16.770369771829305 0.99998650464534189 0.99986989236253787 -2.1018883882624801 69.458267000000021 0.96352370992868397 29.772667000000002 0.9982376401105969 74.005997000000022 3.3010762921723882 105.64114000000002 0.99996797299829698
decision_type=2 2 2 2 2 2 2 2 2 2 2 2 2 2
left_child=1 2 -1 4 6 -5 -2 -8 9 -9 11 13 -12 -6
right_child=3 -3 -4 5 10 -7 7 8 -10 -11 12 -13 -14 -15
leaf_value=0 0 -0.032726522749629103 -0.052958516121520853 0.00095060169220990455 -0.00010347368828139209 -5.673266762222735e-05 0 -0.00081802654852316441 -0.0032701526829290472 0.0010441760440998505 -0.011722109579499552 0.00057596015247322863 -6.6357617570789174e-05 -0.00038301326256177329
leaf_weight=115943 3519 1651 991 20682 836 6752 180359 3014 2543 2649 962 1159 396 943
leaf_count=115943 3519 1651 991 20682 836 6752 180359 3014 2543 2649 962 1159 396 943
internal_value=0.000348482 -0.000414218 0.00010228 0.000752589 0.000258886 0.00428665 0.000552883 0.000368255 -0.00591762 0.00127847 -0.0128864 -0.00705242 -0.0255081 -0.0162563
internal_weight=342399 118585 116934 223814 196380 27434 192084 188565 8206 5663 4296 2938 1358 1779
internal_count=342399 118585 116934 223814 196380 27434 192084 188565 8206 5663 4296 2938 1358 1779
is_linear=0
shrinkage=0.04


Tree=44
num_leaves=15
num_cat=0
split_feature=0 3 2 3 0 3 1 3 9 8 2 3 2 0
split_gain=61.2058 356.961 138.413 95.2099 93.1645 425.243 1670.5 406.143 324.116 262.224 287.87 281.938 267.216 245.965
threshold=22.639350971825454 25.849820500000003 110.321308 51.141937500000004 7.6925816863612644 14.878621000000001 13.536266175695545 9.5436185000000027 4.9361367137623633e-06 0.99971625139744225 110.78538900000001 40.159692000000007 69.458267000000021 13.620187700762196
decision_type=2 2 2 2 2 2 2 2 2 2 2 2 2 2
left_child=4 -2 3 -3 -1 6 7 -6 -7 11 12 13 -11 -10
right_child=1 2 -4 -5 5 8 -8 -9 9 10 -12 -13 -14 -15
leaf_value=0 -0.080666876392394615 -0.0011564688670108807 -0.0039134799475145305 0.0053497029379285643 -0.026813730033841399 0.0027521984365237455 -0.032816274227108352 0.0029024395002689562 0.00031450896479510938 0.00098055768196589278 0.034164860492900628 0.0015353149607378702 -0.017584535157644281 -0.0016690151771410911
leaf_weight=267678 500 1338 3022 1339 691 11763 2380 4869 21912 158 349 18002 1140 7826
leaf_count=267678 500 1338 3022 1339 691 11763 2380 4869 21912 158 349 18002 1140 7826
internal_value=0.000344406 -0.00359413 -0.000751009 0.00587225 0.000416904 0.00172644 -0.00698237 0.00502158 0.00285724 0.00143601 -0.0142562 0.00197738 -0.0229276 -0.000414285
internal_weight=342967 6199 5699 2677 336768 69090 7940 5560 61150 49387 1647 47740 1298 29738
internal_count=342967 6199 5699 2677 336768 69090 7940 5560 61150 49387 1647 47740 1298 29738
is_linear=0
shrinkage=0.04


Tree=45
num_leaves=15
num_cat=0
split_feature=9 6 9 8 2 2 3 0 8 1 0 2 3 0
split_gain=71.0866 212.748 193.494 384.692 374.191 288.829 221.472 570.56 172.425 322.793 296.989 210.004 289.705 165.705
threshold=0.47014253431843583 1.0000000180025095e-35 1.5080565580916085e-05 0.99986989236253787 53.181612000000008 110.54998800000001 4.6571765000000012 4.2010165332739513 0.96352370992868397 4.1601700520953484 16.107330259304153 75.925789000000023 29.772667000000002 1.3767282056449466
decision_type=2 2 2 2 2 2 2 2 2 2 2 2 2 2
left_child=1 2 4 5 -1 8 7 -6 10 -10 13 -11 -13 -4
right_child=-2 -3 3 -5 6 -7 -8 -9 9 11 -12 12 -14 -15
leaf_value=-8.9274888311583674e-05 0 -0.15409913048792331 0.00034117989242076873 -0.00049516834327494139 0.00032604607363923959 -0.00096050327425552457 0.00030427199463122238 -0.015194422768492238 0.00018829815275184868 0.00031023354980976069 0.0035991563094285271 -0.0012284356141414635 -0.0047595028754323998 5.3136754014446455e-05
leaf_weight=12251 226281 218 367 5504 1473 21239 43431 807 3516 1490 3922 3278 1517 17602
leaf_count=12251 226281 218 367 5504 1473 21239 43431 807 3516 1490 3922 3278 1517 17602
internal_value=0.000280552 -0.000521717 -0.000447778 -0.00207205 0.00118975 -0.00102549 0.00285358 -0.00929825 0.00139341 -0.00301602 0.00336759 -0.00844551 -0.0125214 0.00119094
internal_weight=342896 116615 116397 58435 57962 52931 45711 2280 31692 9801 21891 6285 4795 17969
internal_count=342896 116615 116397 58435 57962 52931 45711 2280 31692 9801 21891 6285 4795 17969
is_linear=0
shrinkage=0.04


Tree=46
num_leaves=15
num_cat=0
split_feature=9 5 9 9 2 2 3 1 9 1 0 2 3 2
split_gain=61.9596 216.834 176.815 367.657 328.34 242.464 202.329 348.284 167.801 317.398 261.18 232.176 297.637 166.288
threshold=0.48819308244923837 1.0000000180025095e-35 1.5080565580916085e-05 0.00013061139357356535 53.181612000000008 110.54998800000001 4.4930785000000002 3.9813020007493405 0.033909063617977304 4.1601700520953484 16.107330259304153 76.867042500000011 28.650543000000003 74.005997000000022
decision_type=2 2 2 2 2 2 2 2 2 2 2 2 2 2
left_child=1 -1 4 13 -3 8 7 -6 9 -5 -10 -11 -13 -4
right_child=-2 2 3 5 6 -7 -8 -9 10 11 -12 12 -14 -15
leaf_value=-0.15023047542116466 0 -7.9113621410497548e-05 -0.00016176227850703859 0.00018444853507211317 0.0003717970602072199 -0.0008396646434973774 0.0002842194511517575 -0.0098929994267833096 0.00010002560627627546 0.00037762200710977169 0.0033372089787009375 -0.0013106491511792379 -0.0046921906508243369 -0.00655724355904429
leaf_weight=221 224401 12246 3560 3425 747 22663 44475 622 18388 1534 4067 3108 1441 2027
leaf_count=221 224401 12246 3560 3425 747 22663 44475 622 18388 1534 4067 3108 1441 2027
internal_value=0.000324036 -0.000415781 -0.000341834 -0.00186073 0.00123257 -0.000861128 0.00278684 -0.0123594 0.00138285 -0.0030711 0.00326876 -0.00855499 -0.013093 -0.0116342
internal_weight=342925 118524 118303 60213 58090 54626 45844 1369 31963 9508 22455 6083 4549 5587
internal_count=342925 118524 118303 60213 58090 54626 45844 1369 31963 9508 22455 6083 4549 5587
is_linear=0
shrinkage=0.04


Tree=47
num_leaves=15
num_cat=0
split_feature=10 3 1 2 3 10 3 1 8 0 3 0 3 0
split_gain=64.8272 505.333 582.224 507.057 291.439 917.792 331.122 265.139 511.217 226.516 219.792 182.448 210.529 153.325
threshold=-3.8132425180774661 4.7374135000000006 4.4001249594617784 68.451057500000019 8.5371195000000011 -4.798736332985075 5.3639100000000006 6.9303300295738035 0.78233039371580249 5.0000085564245689 4.4134305000000014 4.3766294665825898 5.1392540000000011 5.1369720816699607
decision_type=2 2 2 2 2 2 2 2 2 2 2 2 2 2
left_child=1 2 10 -3 5 6 -5 8 9 -6 -1 -7 -13 -8
right_child=-2 3 -4 4 7 11 13 -9 -10 -11 -12 12 -14 -15
leaf_value=-0.0029218841937568587 0 0.0011953351039025858 -0.017690260012800125 -0.014259212915410546 0.0010330329366699815 0.022348143116376337 0.0045771304974687836 0.00022520546326869855 -0.00050756230409626502 -0.00029032647484187674 0.0031172635396752796 -0.0013672301968389083 0.012914349101957538 -0.0061123086269026204
leaf_weight=267 183374 6848 1245 778 1419 1349 415 138350 7129 235 552 373 595 119
leaf_count=267 183374 6848 1245 778 1419 1349 415 138350 7129 235 552 373 595 119
internal_value=0.000353653 0.000942921 -0.0187209 0.00120043 0.000716892 0.0119151 -0.0148171 0.00044069 -0.00629853 0.0137364 0.00747253 0.0270522 0.0138017 0.0094382
internal_weight=343048 159674 2064 157610 150762 3629 1312 147133 8783 1654 819 2317 968 534
internal_count=343048 159674 2064 157610 150762 3629 1312 147133 8783 1654 819 2317 968 534
is_linear=0
shrinkage=0.04


Tree=48
num_leaves=15
num_cat=0
split_feature=10 3 1 3 1 3 3 0 1 8 1 8 8 10
split_gain=62.1995 416.296 797.681 412.885 944.694 252.743 202.707 1066.06 658.572 276.349 504.003 271.049 393.143 253.719
threshold=-2.9601942993412655 4.8141140000000009 4.4719231900456657 8.5371195000000011 4.862122788974383 5.4458620000000009 14.777745500000002 13.327897732153074 16.643899980404424 0.20511562336631498 14.905344062839918 0.99996797299829698 0.99986989236253787 -4.5186099208400154
decision_type=2 2 2 2 2 2 2 2 2 2 2 2 2 2
left_child=1 2 -1 4 -3 -6 7 8 9 -5 13 12 -8 -11
right_child=-2 3 -4 6 5 -7 11 -9 -10 10 -12 -13 -14 -15
leaf_value=0.00090935894412934326 0 0.013006456749212579 -0.017511999237145418 0.011759618413404924 -0.012966548017853631 0.0019264293979421451 0.00017231604159527347 -0.032034538156200609 -0.051646166190261342 0.0010108104965169278 -0.026251875536402763 0.00093562280657046915 -0.0088027901388423486 -0.00045999300105459262
leaf_weight=1281 178799 3223 1314 829 763 414 116703 1393 882 11922 798 20573 1749 2364
leaf_count=1281 178799 3223 1314 829 763 414 116703 1393 882 11922 798 20573 1749 2364
internal_value=0.000333871 0.000895937 -0.0149981 0.00115115 0.0132364 -0.0174342 0.00081291 -0.00315813 -0.000369157 0.00149563 0.000259878 0.00133242 0.00059636 0.00198796
internal_weight=343007 164208 2595 161613 4400 1177 157213 18188 16795 15913 15084 139025 118452 14286
internal_count=343007 164208 2595 161613 4400 1177 157213 18188 16795 15913 15084 139025 118452 14286
is_linear=0
shrinkage=0.04


Tree=49
num_leaves=15
num_cat=0
split_feature=0 3 2 0 3 1 3 1 8 2 1 3 8 2
split_gain=62.1746 337.331 127.143 100.568 394.946 1542.11 371.381 353.621 257.058 212.731 306.318 589.911 210.213 337.001
threshold=22.639350971825454 25.849820500000003 110.54998800000001 7.6925816863612644 14.878621000000001 13.670626021298228 9.9078580000000027 8.6683720289020219 0.99999995294695732 89.831764500000006 14.0228059562011 19.112205000000007 0.99971625139744225 110.78538900000001
decision_type=2 2 2 2 2 2 2 2 2 2 2 2 2 2
left_child=3 -2 -3 -1 5 6 7 -5 12 -10 -11 -12 -6 -14
right_child=1 2 -4 4 8 -7 -8 -9 9 10 11 -13 13 -15
leaf_value=0 -0.077445446648657906 0.0026409325747947837 -0.0039773131904125335 0.0072019356188931698 0.00047878872646533706 -0.032722430779442292 0.0025809199264943405 -0.038265508287778867 0.00068792904931096915 0.055081942944915988 -0.010690531491162064 0.022411280428753646 -0.01466418592465314 0.028573953873470739
leaf_weight=267785 499 2726 2952 345 47681 2237 4707 598 6728 1413 1302 1950 1436 500
leaf_count=267785 499 2726 2952 345 47681 2237 4707 598 6728 1413 1302 1950 1436 500
internal_value=0.000318032 -0.00365873 -0.000887636 0.000390992 0.00175392 -0.0066692 0.00446018 -0.0184517 0.00284281 0.00826121 0.0148253 0.00806888 0.00159865 -0.0113223
internal_weight=342859 6177 5678 336682 68897 7887 5650 943 61010 11393 4665 3252 49617 1936
internal_count=342859 6177 5678 336682 68897 7887 5650 943 61010 11393 4665 3252 49617 1936
is_linear=0
shrinkage=0.04


Tree=50
num_leaves=15
num_cat=0
split_feature=9 5 0 10 10 0 1 0 9 8 2 2 2 0
split_gain=63.5738 181.577 167.362 153.672 216.334 215.719 164.648 237.359 141.371 286.233 266.481 211.68 155.095 225.2
threshold=0.48819308244923837 1.0000000180025095e-35 9.2089802479537184 -29.492038423976393 -33.193919202203439 6.7574597787163997 19.999035645555075 1.8199862573672985 1.5080565580916085e-05 0.99986989236253787 53.181612000000008 110.54998800000001 76.867042500000011 3.7259377624485635
decision_type=2 2 2 2 2 2 2 2 2 2 2 2 2 2
left_child=1 -1 3 4 -2 -6 -5 -8 10 11 -3 -10 13 -11
right_child=2 8 -4 6 5 -7 7 -9 9 12 -12 -13 -14 -15
leaf_value=-0.14310804294894605 -0.00026650128893571491 -7.2695482513206983e-05 0.0020535004281692034 0 -0.01149729724630578 0.0020055636711544993 0.057498319613527332 0.0011069326872598711 9.0328780958975338e-05 -0.0002367290866787785 0.00021229741845784879 -0.00077358441691708854 -0.0068116609932865483 0.00073896470178433805
leaf_weight=224 13839 12273 10031 172787 4098 924 1654 21278 32081 2586 45808 22565 1786 1155
leaf_count=224 13839 12273 10031 172787 4098 924 1654 21278 32081 2586 45808 22565 1786 1155
internal_value=0.00030068 -0.000449029 0.000696137 0.000460062 -0.00298818 -0.0100996 0.00079236 0.00397698 -0.000380875 -0.00173965 0.00102684 -0.000862277 -0.0104143 -0.00578455
internal_weight=343089 118478 224611 214580 18861 5022 195719 22932 118254 60173 58081 54646 5527 3741
internal_count=343089 118478 224611 214580 18861 5022 195719 22932 118254 60173 58081 54646 5527 3741
is_linear=0
shrinkage=0.04


Tree=51
num_leaves=15
num_cat=0
split_feature=9 5 0 3 1 3 0 2 9 3 10 0 0 0
split_gain=71.0262 161.154 160.462 249.334 172.689 142.927 415.761 148.815 166.588 239.273 385.264 256.423 230.6 225.945
threshold=0.47014253431843583 1.0000000180025095e-35 9.2089802479537184 23.406865000000003 23.061877961753513 4.4930785000000002 4.1617414569038518 110.54998800000001 0.0027731337557925233 18.944166000000006 -21.328442538489032 13.902617355294028 12.508173181144155 3.8750230557801983
decision_type=2 2 2 2 2 2 2 2 2 2 2 2 2 2
left_child=1 -1 -2 4 -4 6 -3 -7 9 11 -11 13 -12 -9
right_child=2 5 3 -5 -6 7 -8 8 -10 10 12 -13 -14 -15
leaf_value=-0.13800164496756048 0 -3.0709251566491393e-05 0.001878808943822397 0.0021286074878611671 -0.059800568474840214 3.0272972587033141e-05 -0.014933232241302656 -0.00047820916201636354 -0.0009450939474490033 -0.0088212203692156835 -0.0030075724676286541 -0.022380400868029299 0.027011523736304239 0.0088968947653177005
leaf_weight=229 215119 2480 298 10422 377 87191 687 522 19873 1093 180 989 1732 1604
leaf_count=229 215119 2480 298 10422 377 87191 687 522 19873 1093 180 989 1732 1604
internal_value=0.000263364 -0.000538686 0.000676698 0.00536722 -0.0181926 -0.000472708 -0.0088538 -0.000238196 -0.00289463 0.00287582 0.0109285 -0.00489246 0.0217573 0.00293509
internal_weight=342796 116580 226216 11097 675 116351 3167 113184 25993 6120 3005 3115 1912 2126
internal_count=342796 116580 226216 11097 675 116351 3167 113184 25993 6120 3005 3115 1912 2126
is_linear=0
shrinkage=0.04


Tree=52
num_leaves=15
num_cat=0
split_feature=9 2 0 2 0 9 0 2 1 10 2 0 10 9
split_gain=80.7092 148.321 202.2 208.737 461.325 312.36 312.019 372.327 176.996 169.667 188.708 165.627 160.337 159.073
threshold=0.47014253431843583 110.54998800000001 8.2666494942893305 70.215816500000003 3.0710198833254876 0.1139647299479475 4.3356638251295792 79.758800500000021 6.9303300295738035 -9.2982080050155229 88.854370500000016 7.0939153278962062 -3.9302274746911299 0.033909063617977304
decision_type=2 2 2 2 2 2 2 2 2 2 2 2 2 2
left_child=1 2 3 4 5 -1 7 12 -8 10 -10 -11 -5 -4
right_child=-2 -3 13 6 -6 -7 8 -9 9 11 -12 -13 -14 -15
leaf_value=-5.5489381204818102e-05 0 -0.00060435774722823797 8.4244676562663656e-05 0.00059365808090971074 0.000926019431126455 0.00039351780177057226 -0.00065108221383399 0.00041691860845919249 -0.0012349283627377222 0.0010717559417971079 0.00026716828690198256 -0.00034024470114544082 -0.00052052481373224778 0.0013058764698476578
leaf_weight=28696 226461 26191 17857 1414 9410 343 7930 3601 906 1326 745 3307 2292 12644
leaf_count=28696 226461 26191 17857 1414 9410 343 7930 3601 906 1326 745 3307 2292 12644
internal_value=0.00025402 -0.00060071 0.000166683 -0.00118192 0.00058363 -0.00191053 -0.00433623 0.00238128 -0.0077895 -0.0027753 -0.0137856 0.00114828 -0.00651916 0.00281827
internal_weight=343123 116662 90471 59970 38449 29039 21521 7307 14214 6284 1651 4633 3706 30501
internal_count=343123 116662 90471 59970 38449 29039 21521 7307 14214 6284 1651 4633 3706 30501
is_linear=0
shrinkage=0.04


Tree=53
num_leaves=15
num_cat=0
split_feature=9 0 3 5 1 9 8 2 2 3 1 1 3 9
split_gain=76.4867 145.03 260.3 141.034 138.445 137.8 251.897 250.128 196.902 177.532 1162.24 256.836 320.768 169.439
threshold=0.48819308244923837 9.2089802479537184 23.235861500000002 1.0000000180025095e-35 23.061877961753513 1.5080565580916085e-05 0.99986989236253787 53.181612000000008 110.54998800000001 16.067137500000005 13.670626021298228 11.622463337722937 13.203879000000002 0.1969198806278987
decision_type=2 2 2 2 2 2 2 2 2 2 2 2 2 2
left_child=3 -2 4 -1 -3 7 8 -5 -7 10 11 -9 -13 -10
right_child=1 2 -4 5 -6 6 -8 9 13 -11 -12 12 -14 -15
leaf_value=-0.13246075817630876 0 0.0033636213238888409 0.0021889704464844229 -7.3976019664965319e-05 -0.057615234750252625 7.0981534437615829e-05 -0.00039277277710193808 4.6520777252867389e-05 -0.0020547395317693619 0.00044575908404199569 -0.026186571136599123 -0.0061044468529042814 0.0072707581023861512 -0.00012470427699755386
leaf_weight=232 214265 197 9540 12291 353 32094 5558 20546 9514 21380 1494 348 1982 12993
leaf_count=232 214265 197 9540 12291 353 32094 5558 20546 9514 21380 1494 348 1982 12993
internal_value=0.000254969 0.000689086 0.00537562 -0.000567414 -0.0213818 -0.000506261 -0.00184777 0.000884203 -0.00102196 0.00224525 -8.86336e-05 0.00214373 0.0147296 -0.00389035
internal_weight=342787 224355 10090 118432 550 118200 60159 58041 54601 45750 24370 22876 2330 22507
internal_count=342787 224355 10090 118432 550 118200 60159 58041 54601 45750 24370 22876 2330 22507
is_linear=0
shrinkage=0.04


Tree=54
num_leaves=15
num_cat=0
split_feature=8 3 1 9 2 8 2 8 3 2 3 2 9 9
split_gain=73.8624 129.186 386.579 143.831 239.191 228.166 201.127 183.94 514.585 241.157 261.081 520.773 216.834 165.365
threshold=0.5133082309487963 4.4930785000000002 4.4719231900456657 1.3536710569583834e-05 53.181612000000008 0.99986989236253787 69.458267000000021 0.96352370992868397 29.772667000000002 110.54998800000001 53.098044500000007 79.758800500000021 0.000371167125219174 0.1139647299479475
decision_type=2 2 2 2 2 2 2 2 2 2 2 2 2 2
left_child=-1 2 -2 4 -3 6 13 9 12 10 -8 -12 -9 -5
right_child=1 3 -4 5 -6 -7 7 8 -10 -11 11 -13 -14 -15
leaf_value=0 -5.3949583846990707e-05 -7.2434872868753884e-05 -0.020152378245112144 0.00015646653517432433 0.00021642249312876124 -0.00030636166760591906 2.7202289171798755e-05 0.00092240117315154941 -0.0029417084465568773 -0.00067195114933542831 -0.00061668182924595662 0.0023536572704891214 -0.00070300927160095157 0.00034142344041664704
leaf_weight=224761 2668 11141 559 2587 43972 5826 17224 1714 2580 19468 482 4172 5672 344
leaf_count=224761 2668 11141 559 2587 43972 5826 17224 1714 2580 19468 482 4172 5672 344
internal_value=0.000235918 -0.000572592 -0.00846607 -0.000351444 0.00112424 -0.00170537 -0.000897443 -0.00147958 -0.00635762 -0.000303778 0.00257793 0.0109841 -0.000985649 0.00929376
internal_weight=343170 118409 3227 115182 55113 60069 54243 51312 9966 41346 21878 4654 7386 2931
internal_count=343170 118409 3227 115182 55113 60069 54243 51312 9966 41346 21878 4654 7386 2931
is_linear=0
shrinkage=0.04


Tree=55
num_leaves=15
num_cat=0
split_feature=9 0 3 1 5 10 3 1 3 1 0 3 0 2
split_gain=79.6975 147.694 232.35 140.138 137.515 132.076 1561.18 160.529 1451.76 445.805 328.906 273.347 242.597 235.283
threshold=0.48819308244923837 9.2089802479537184 23.235861500000002 23.061877961753513 1.0000000180025095e-35 -29.181524396280938 26.451349000000004 19.999035645555075 19.914018500000005 21.754619840909161 2.0754125848760814 18.108922500000002 4.4890892536521774 149.40878300000003
decision_type=2 2 2 2 2 2 2 2 2 2 2 2 2 2
left_child=4 5 3 -3 -1 6 -2 -7 9 11 -10 -9 -13 -12
right_child=1 2 -4 -5 -6 7 -8 8 10 -11 13 12 -14 -15
leaf_value=-0.1276469015330397 -0.094296975666782676 0.0035180774358273604 0.002109688066778732 -0.055516240450377577 -3.0734872066864597e-05 0 0.00069048602965010532 -0.033045936620849536 0.078392825393885215 -0.092203707315281686 0.001505042154282907 0.025522824496150651 -0.006149117377157072 0.031153313148869665
leaf_weight=215 2150 204 9508 352 118170 172837 17420 403 1589 1539 16034 411 272 2050
leaf_count=215 2150 204 9508 352 118170 172837 17420 403 1589 1539 16034 411 272 2050
internal_value=0.000242923 0.000685326 0.0054213 -0.0197122 -0.000597035 0.000463333 -0.00266939 0.000777513 0.00397166 -0.0239695 0.00769989 -0.00434622 0.0110688 0.00616678
internal_weight=343154 224769 10064 556 118385 214705 19570 195135 22298 2625 19673 1086 683 18084
internal_count=343154 224769 10064 556 118385 214705 19570 195135 22298 2625 19673 1086 683 18084
is_linear=0
shrinkage=0.04


Tree=56
num_leaves=15
num_cat=0
split_feature=9 9 2 1 8 2 0 2 2 0 0 10 9 8
split_gain=67.6188 328.373 216.126 189.506 172.795 168.498 179.659 125.343 123.062 165.911 150.796 117.45 298.791 162.73
threshold=0.05611677249314146 1.5080565580916085e-05 53.181612000000008 17.057530504872449 0.99986989236253787 76.867042500000011 5.1369720816699607 51.630542500000011 69.458267000000021 2.5281004350643328 0.73761933457208473 -7.5332423518703928 0.000371167125219174 0.99971625139744225
decision_type=2 2 2 2 2 2 2 2 2 2 2 2 2 2
left_child=1 2 7 4 8 6 -6 -1 9 10 -3 13 -13 -10
right_child=-2 3 -4 -5 5 -7 -8 -9 11 -11 -12 12 -14 -15
leaf_value=-3.1468471499344136e-06 0 0.00015305533455915702 0.00017551823864297135 -0.0044806977278926095 -0.00019537093483070747 -0.0060205821832533804 0.0010140943441157466 -0.00014216587285648615 0.00044076982312501404 0.0014374062595421044 -0.00034107802574349862 0.00042719744641007978 -0.0011178807930753356 -0.011629743845085319
leaf_weight=6588 264461 1038 45761 3525 2980 1428 750 5693 4988 795 936 1508 2328 343
leaf_count=6588 264461 1038 45761 3525 2980 1428 750 5693 4988 795 936 1508 2328 343
internal_value=0.000250057 -0.000779548 0.000760828 -0.00511567 -0.00337428 -0.00949205 -0.00501877 -0.00395082 -0.000730563 0.00665944 0.000445795 -0.0029628 -0.00830031 0.000877884
internal_weight=343122 78661 58042 20619 17094 5158 3730 12281 11936 2769 1974 9167 3836 5331
internal_count=343122 78661 58042 20619 17094 5158 3730 12281 11936 2769 1974 9167 3836 5331
is_linear=0
shrinkage=0.04


Tree=57
num_leaves=15
num_cat=0
split_feature=9 3 0 9 10 0 3 3 2 0 2 9 3 10
split_gain=62.71 128.665 396.797 140.05 219.998 294.269 699.271 415.75 245.045 223.811 196.706 196.111 181.714 887.672
threshold=0.48819308244923837 4.4930785000000002 4.1617414569038518 1.3536710569583834e-05 -3.8132425180774661 4.3766294665825898 5.219103500000001 8.5371195000000011 74.005997000000022 4.5680276679501466 125.08247400000002 0.00013061139357356535 14.878621000000001 -13.645410481620175
decision_type=2 2 2 2 2 2 2 2 2 2 2 2 2 2
left_child=1 2 -1 4 5 7 9 -3 -8 -7 -6 -5 13 -10
right_child=-2 3 -4 11 10 6 8 -9 12 -11 -12 -13 -14 -15
leaf_value=-2.3780029077080163e-05 0 0.0138401415960896 -0.013649359281929523 -0.0002741996322589515 -2.5823868779180059e-05 0.00022075011487720001 0.0014147655616915473 -3.2337181342404416e-05 -0.029241934971123013 -0.013626789259883386 -0.00055849207546840795 -9.1334172241902195e-05 0.0012662510053432672 0.00071160466270917195
leaf_weight=2525 224494 1432 684 5902 26048 337 6216 1308 985 906 392 54185 12635 4817
leaf_count=2525 224494 1432 684 5902 26048 337 6216 1308 985 906 392 54185 12635 4817
internal_value=0.000231344 -0.000513635 -0.00841384 -0.000293497 0.00116348 0.00359268 0.00227371 0.0160584 0.00374965 -0.0269992 -0.00146747 -0.00162897 0.00143407 -0.00442606
internal_weight=342866 118372 3209 115163 55076 28636 25896 2740 24653 1243 26440 60087 18437 5802
internal_count=342866 118372 3209 115163 55076 28636 25896 2740 24653 1243 26440 60087 18437 5802
is_linear=0
shrinkage=0.04


Tree=58
num_leaves=15
num_cat=0
split_feature=8 3 0 9 2 8 2 2 2 0 3 2 3 1
split_gain=62.2053 125.014 329.829 129.25 190.213 185.966 198.691 162.11 158.337 166.945 135.888 169.859 120.609 1138.6
threshold=0.60200103669192806 4.4134305000000014 3.9789887212128257 1.5080565580916085e-05 53.181612000000008 0.99986989236253787 111.61338450000001 172.26857000000004 76.867042500000011 5.1369720816699607 16.982136500000003 108.81542600000002 16.067137500000005 13.786870873560396
decision_type=2 2 2 2 2 2 2 2 2 2 2 2 2 2
left_child=-1 2 -2 4 -3 6 -5 -8 9 -7 -10 -12 13 -6
right_child=1 3 -4 5 12 8 7 -9 10 -11 11 -13 -14 -15
leaf_value=0 -1.432366302034957e-05 -6.1635253175710108e-05 -0.0097806430776333341 6.4476137352753165e-05 0.0001776800121432475 -0.0001809846366602614 -0.0011989998693965381 0.0010236839555930566 -0.00019920840720366741 0.0010046298008969451 -0.01034842468952594 0.0022998373203092968 0.0003908001160958486 -0.026121448639770631
leaf_weight=232236 1551 11559 561 31175 22116 2890 15155 766 528 766 944 263 21411 1419
leaf_count=232236 1551 11559 561 31175 22116 2890 15155 766 528 766 944 263 21411 1419
internal_value=0.000265742 -0.000512673 -0.0101515 -0.000325895 0.00100168 -0.0017551 -0.00094955 -0.00458514 -0.00879243 -0.00407002 -0.0187435 -0.0261475 0.00217861 0.000202252
internal_weight=343340 111104 2112 108992 56505 52487 47096 15921 5391 3656 1735 1207 44946 23535
internal_count=343340 111104 2112 108992 56505 52487 47096 15921 5391 3656 1735 1207 44946 23535
is_linear=0
shrinkage=0.04


Tree=59
num_leaves=15
num_cat=0
split_feature=9 3 8 10 3 0 2 0 8 1 1 2 9 3
split_gain=63.6341 470.143 202.258 171.039 324.384 887.861 310.935 203.554 165.437 150.814 209.474 165.064 270.96 119.393
threshold=0.05611677249314146 62.532317000000006 0.99744136941068751 -2.2531059896899075 4.8952910000000012 4.4502771928768476 74.005997000000022 3.8354444656544611 0.99857439169984874 16.770369771829305 7.4535382492189699 96.278057000000004 0.015536878825969548 17.120919500000003
decision_type=2 2 2 2 2 2 2 2 2 2 2 2 2 2
left_child=1 2 9 4 5 -4 7 -6 -3 10 -1 12 -12 -14
right_child=-2 8 3 -5 6 -7 -8 -9 -10 -11 11 -13 13 -15
leaf_value=-0.00079963440788413643 0 -0.0010882397048715246 0.00057338473671000758 -4.7748382390369868e-05 9.8396278613105756e-05 -0.015008165540097491 8.2277750080638411e-06 0.0012044572308896435 -0.011907045405982745 -0.0043685223720507562 -0.00085833716762244243 -0.0020685335654334349 -0.0016417710060892133 0.0032701062771475697
leaf_weight=1462 263989 686 1722 26124 5896 1162 25621 9704 679 2308 624 1256 157 1152
leaf_count=1462 263989 686 1722 26124 5896 1162 25621 9704 679 2308 624 1256 157 1152
internal_value=0.000269748 -0.000729698 -0.000318184 0.000326361 0.0018456 -0.0111234 0.00275297 0.00720513 -0.024 -0.00682282 -0.00267469 0.00307306 0.0104087 0.0207487
internal_weight=342542 78553 77188 70229 44105 2884 41221 15600 1365 6959 4651 3189 1933 1309
internal_count=342542 78553 77188 70229 44105 2884 41221 15600 1365 6959 4651 3189 1933 1309
is_linear=0
shrinkage=0.04


Tree=60
num_leaves=15
num_cat=0
split_feature=8 5 3 10 9 1 1 3 3 1 2 2 8 3
split_gain=76.2843 118.682 111.268 358.747 105.192 204.031 220.701 634.725 433.513 244.34 217.018 198.066 185.223 178.818
threshold=0.5133082309487963 1.0000000180025095e-35 4.4930785000000002 -4.5186099208400154 1.3536710569583834e-05 3.8228721600541671 4.4001249594617784 5.219103500000001 8.5371195000000011 4.5612905323432082 74.005997000000022 124.64765550000001 0.99986989236253787 14.878621000000001
decision_type=2 2 2 2 2 2 2 2 2 2 2 2 2 2
left_child=-1 -2 3 -3 5 11 8 9 -7 -8 -9 -4 -6 -12
right_child=1 2 4 -5 12 6 7 10 -10 -11 13 -13 -14 -15
leaf_value=0 -0.12155055732764204 -0.020043405537852443 -2.8793769406307526e-05 -4.9151591245197987e-05 -7.9388176987404271e-05 0.012780479949468793 0.00067745101779620454 0.001317298045420508 -0.00020281238276301922 -0.012698528505476632 -0.00097253243525564654 -0.00054222731522260263 -0.00026964697779173805 0.0012045222512310572
leaf_weight=224766 218 508 25923 2686 54039 1440 289 6141 1361 907 5766 396 5824 12658
leaf_count=224766 218 508 25923 2686 54039 1440 289 6141 1361 907 5766 396 5824 12658
internal_value=0.000217542 -0.000605301 -0.000550798 -0.00791484 -0.000345813 0.000919079 0.00326028 0.00210085 0.0139236 -0.0263545 0.00348626 -0.00162164 -0.00150544 0.00131568
internal_weight=342922 118156 117938 3194 114744 54881 28562 25761 2801 1196 24565 26319 59863 18424
internal_count=342922 118156 117938 3194 114744 54881 28562 25761 2801 1196 24565 26319 59863 18424
is_linear=0
shrinkage=0.04


Tree=61
num_leaves=15
num_cat=0
split_feature=9 3 8 8 10 3 0 2 2 3 0 0 3 3
split_gain=58.9029 445.431 196.149 167.724 142.251 499.992 502.381 368.807 169.389 161.769 545.002 326.417 195.998 156.916
threshold=0.05611677249314146 61.287892000000006 0.99744136941068751 0.99857439169984874 -3.6217205478317416 4.7374135000000006 4.2010165332739513 74.005997000000022 125.08247400000002 8.5371195000000011 4.7736095133496415 7.6925816863612644 5.294385000000001 14.878621000000001
decision_type=2 2 2 2 2 2 2 2 2 2 2 2 2 2
left_child=1 2 -1 -3 5 6 -4 -7 -6 10 -9 -11 -12 -13
right_child=-2 3 4 -5 8 7 -8 9 -10 11 12 13 -14 -15
leaf_value=-0.00081839616523214783 0 -0.00098105529384068853 0.0023536658810103801 -0.010957698421855835 -2.7351483603045528e-05 0.0010145607715574812 -0.0092760809357295606 0.01217597869703742 -0.00052257035915828382 -0.00098428357193073267 -0.013421381485054095 -0.0023739903498972014 0.0010012516791848441 0.0012147991293718092
leaf_weight=6930 264216 732 463 745 32891 10534 1180 1451 431 3642 358 4554 308 14427
leaf_count=6930 264216 732 463 745 32891 10534 1180 1451 431 3642 358 4554 308 14427
internal_value=0.000269263 -0.000691707 -0.00027524 -0.0224509 0.000358206 0.00206842 -0.0195009 0.00307308 -0.00153652 0.000404204 0.0109778 -0.000585245 -0.018979 0.00151941
internal_weight=342862 78646 77169 1477 70239 36917 1643 35274 33322 24740 2117 22623 666 18981
internal_count=342862 78646 77169 1477 70239 36917 1643 35274 33322 24740 2117 22623 666 18981
is_linear=0
shrinkage=0.04


Tree=62
num_leaves=15
num_cat=0
split_feature=8 3 0 2 9 2 3 1 10 3 0 3 3 8
split_gain=62.9644 98.0203 303.513 98.8308 161.63 178.85 158.144 240.661 191.493 183.542 139.847 243.87 219.615 557.074
threshold=0.60988823733273845 4.4134305000000014 4.0153223213536453 111.61338450000001 0.0027731337557925233 172.26857000000004 14.973331500000002 12.690291425847228 -23.094252577172963 26.606695500000004 8.2666494942893305 9.5436185000000027 51.141937500000004 0.95031116117270609
decision_type=2 2 2 2 2 2 2 2 2 2 2 2 2 2
left_child=-1 2 -2 10 6 -6 7 -5 9 -8 -3 -12 -13 -14
right_child=1 3 -4 4 5 -7 8 -9 -10 -11 11 12 13 -15
leaf_value=0 -7.0953609916847223e-06 -3.2878555765133851e-05 -0.0084210101559029291 5.6932605301337478e-05 -0.0013781399022379632 0.0010757378351448508 -0.071714582636203283 -0.019247236292846932 0.0052064142340666744 0.01139710152402228 -0.027949070836119732 0.00032990570426571223 0.005470867541334668 -0.0092447448543408871
leaf_weight=232725 1593 57367 533 1357 13652 707 304 370 3273 353 309 26876 3003 737
leaf_count=232725 1593 57367 533 1357 13652 707 304 370 3273 353 309 26876 3003 737
internal_value=0.000223686 -0.00056287 -0.00906867 -0.000395908 -0.00293365 -0.00518978 0.002793 -0.00729589 0.00722646 -0.012481 0.000179405 0.00234762 0.00270447 0.0117861
internal_weight=343159 110434 2126 108308 20016 14359 5657 1727 3930 657 88292 30925 30616 3740
internal_count=343159 110434 2126 108308 20016 14359 5657 1727 3930 657 88292 30925 30616 3740
is_linear=0
shrinkage=0.04


Tree=63
num_leaves=15
num_cat=0
split_feature=9 5 0 3 3 0 1 3 10 3 1 3 1 0
split_gain=59.8775 121.64 121.455 248.298 107.142 314.206 105.116 1544.63 188.842 689.804 132.795 1364.89 364.117 336.146
threshold=0.47014253431843583 1.0000000180025095e-35 9.3056262493550133 22.764218500000002 4.4134305000000014 3.9789887212128257 29.450701857393131 27.3707095 -38.637158446070323 35.689709500000006 20.15361293930231 19.914018500000005 21.754619840909161 2.0754125848760814
decision_type=2 2 2 2 2 2 2 2 2 2 2 2 2 2
left_child=1 -1 6 -4 5 -3 10 -8 9 -9 -2 12 -12 -13
right_child=2 4 3 -5 -6 -7 7 8 -10 -11 11 13 -14 -15
leaf_value=-0.11736121940747837 0 -1.6159330671876695e-06 -0.037041624255048249 0.0018946365213035202 -1.3098535240393066e-05 -0.0085597206434731982 -0.083324101020318633 -0.13860845591559418 0.0027444680857597321 0.0008686374642822831 -0.0040130155455948904 0.074664290568184397 -0.087279327436333473 0.0020379400670305632
leaf_weight=220 173934 1563 485 10288 114388 557 2299 838 7323 8740 947 1590 1507 18452
leaf_count=220 173934 1563 485 10288 114388 557 2299 838 7323 8740 947 1590 1507 18452
internal_value=0.000269168 -0.000466726 0.000648578 0.00479347 -0.000410616 -0.00932075 0.000441497 -0.00238333 0.00180108 -0.00189601 0.000717609 0.00360953 -0.0245477 0.00705718
internal_weight=343131 116728 226403 10773 116508 2120 215630 19200 16901 9578 196430 22496 2454 20042
internal_count=343131 116728 226403 10773 116508 2120 215630 19200 16901 9578 196430 22496 2454 20042
is_linear=0
shrinkage=0.04


Tree=64
num_leaves=15
num_cat=0
split_feature=8 5 9 8 3 3 1 0 3 1 3 0 0 3
split_gain=59.4742 102.893 97.8988 159.777 172.175 158.975 1010.57 217.689 288.838 218.511 769.099 214.664 204.682 240.742
threshold=0.60988823733273845 1.0000000180025095e-35 1.5080565580916085e-05 0.99986989236253787 57.137010000000011 15.563922500000002 13.786870873560396 7.5069760446960316 9.5436185000000027 4.659220200866022 5.294385000000001 8.199655408801652 3.8750230557801983 8.5371195000000011
decision_type=2 2 2 2 2 2 2 2 2 2 2 2 2 2
left_child=-1 -2 5 -4 -5 6 7 9 11 12 -11 -9 -3 -14
right_child=1 2 3 4 -6 -7 -8 8 -10 10 -12 -13 13 -15
leaf_value=0 -0.10415170211258395 -3.5470750809986229e-05 -8.7445697351235324e-05 -0.00023144049462037354 -0.021485854871925544 0.00021168164069066252 -0.027310693603759057 0.0083545142725832654 0.0040890021761184657 -0.014344258057317698 0.0003920747092791774 -0.02937578772747897 0.0051561077797992591 -0.00030434934771542929
leaf_weight=232566 203 18930 46746 5296 268 26294 1221 126 4154 1091 2140 423 2598 931
leaf_count=232566 203 18930 46746 5296 268 26294 1221 126 4154 1091 2140 423 2598 931
internal_value=0.000250388 -0.000514033 -0.000461631 -0.00171592 -0.00812365 0.00067141 -0.00123996 0.000193466 0.00810546 -0.00125496 -0.0109811 -0.0191621 0.000144263 0.00898838
internal_weight=342987 110421 110218 52310 5564 57908 31614 30393 4703 25690 3231 549 22459 3529
internal_count=342987 110421 110218 52310 5564 57908 31614 30393 4703 25690 3231 549 22459 3529
is_linear=0
shrinkage=0.04


Tree=65
num_leaves=15
num_cat=0
split_feature=9 5 0 3 1 1 3 10 3 1 3 0 10 3
split_gain=56.1166 122.819 98.736 205.117 130.37 115.504 1466.97 170.855 645.691 121.752 1287.26 321.575 260.038 232.604
threshold=0.47014253431843583 1.0000000180025095e-35 9.3056262493550133 23.235861500000002 23.061877961753513 29.450701857393131 26.764066000000003 -38.637158446070323 35.689709500000006 20.15361293930231 19.408190000000001 2.0754125848760814 -21.126427882303151 22.416339000000004
decision_type=2 2 2 2 2 2 2 2 2 2 2 2 2 2
left_child=1 -1 5 4 -4 9 -7 8 -8 -2 12 -12 -11 -13
right_child=2 -3 3 -5 -6 6 7 -9 -10 10 11 13 -14 -15
leaf_value=-0.10856851832731552 0 -2.2799823880895062e-05 0.0014016216566068525 0.0017653708029061166 -0.052959072188673524 -0.088287893149232105 -0.13265676608508856 0.0024946639903202315 0.00054592342167568723 -0.078278580184860641 0.065769179521210253 -0.0037082925427112867 -0.0020418925048837177 0.0024535365085935814
leaf_weight=218 173788 116319 246 10146 351 2068 837 7541 8646 1517 1694 3503 492 15227
leaf_count=218 173788 116319 246 10146 351 2068 837 7541 8646 1517 1694 3503 492 15227
internal_value=0.000249976 -0.000463029 0.000617546 0.00436005 -0.0184255 0.000430815 -0.00253928 0.00132519 -0.00224823 0.000719801 0.00349307 0.00649824 -0.0270582 0.00498879
internal_weight=342593 116537 226056 10743 597 215313 19092 17024 9483 196221 22433 20424 2009 18730
internal_count=342593 116537 226056 10743 597 215313 19092 17024 9483 196221 22433 20424 2009 18730
is_linear=0
shrinkage=0.04


Tree=66
num_leaves=15
num_cat=0
split_feature=8 3 8 8 1 1 2 2 3 10 3 0 2 0
split_gain=58.2621 416.135 173.08 167.908 129.173 181.543 160.779 215.158 144.237 121.306 291.218 845.556 223.532 243.707
threshold=0.94471764683936976 61.287892000000006 0.99857439169984874 0.99744136941068751 17.057530504872449 7.4535382492189699 71.071590500000028 96.278057000000004 16.982136500000003 -1.9503482804007037 4.8952910000000012 4.4502771928768476 74.005997000000022 3.3850477114655502
decision_type=2 2 2 2 2 2 2 2 2 2 2 2 2 2
left_child=-1 3 -3 4 5 -2 -7 8 -8 10 11 -5 13 -12
right_child=1 2 -4 9 -6 6 7 -9 -10 -11 12 -13 -14 -15
leaf_value=0 -0.00072764258169481322 -0.00089691621466802456 -0.010548560709015423 0.00027943625402743476 -0.0045901025600933914 -0.00095405547967639809 -0.0014943355609764821 -0.0018238206927112099 0.0020187938345119527 -4.023823602630686e-05 -2.4112598120196033e-05 -0.012852404391719951 -6.8880926936962761e-06 0.00093480315476542509
leaf_weight=264145 1434 728 728 2010 2104 252 337 1289 1451 23936 6123 1164 25983 11166
leaf_count=264145 1434 728 728 2010 2104 252 337 1289 1451 23936 6123 1164 25983 11166
internal_value=0.000217821 -0.000737437 -0.0219231 -0.000338127 -0.00630843 -0.00266219 0.0024632 0.00497888 0.0139597 0.000244381 0.00143651 -0.0102583 0.00229432 0.00581873
internal_weight=342850 78705 1456 77249 6867 4763 3329 3077 1788 70382 46446 3174 43272 17289
internal_count=342850 78705 1456 77249 6867 4763 3329 3077 1788 70382 46446 3174 43272 17289
is_linear=0
shrinkage=0.04


Tree=67
num_leaves=15
num_cat=0
split_feature=9 3 8 9 10 1 2 2 3 3 0 10 3 0
split_gain=59.2821 419.503 189.864 167.634 150.33 144.084 163.852 199.529 171.514 123.018 120.037 118.148 317.268 809.902
threshold=0.05611677249314146 63.988835500000008 0.99857439169984874 0.0017913378410300276 -16.987108586190349 7.4535382492189699 71.071590500000028 96.278057000000004 16.982136500000003 8.5371195000000011 4.4502771928768476 -2.2531059896899075 4.8952910000000012 4.4890892536521774
decision_type=2 2 2 2 2 2 2 2 2 2 2 2 2 2
left_child=1 3 -3 11 -5 9 -7 8 -8 10 -6 12 13 -1
right_child=-2 2 -4 4 5 6 7 -9 -10 -11 -12 -13 -14 -15
leaf_value=0.00035273632925224226 0 -0.0009127335863545194 -0.010338012658807398 -0.0040468305408394769 0.0045915343149395462 -0.00082222074319425996 -0.0014986360565301439 -0.0016899663182747715 0.0019926044313368424 -0.00073374167152165609 -0.0067299628156735304 -3.9705170995671351e-05 0.00032822723456114129 -0.01304357567359145
leaf_weight=1789 264260 649 642 2371 163 273 388 1396 1452 1291 135 26233 40774 1094
leaf_count=1789 264260 649 642 2371 163 273 388 1396 1452 1291 135 26233 40774 1094
internal_value=0.000246945 -0.000717101 -0.0233308 -0.000339715 -0.00603561 -0.00216556 0.00235965 0.00487021 0.0135217 -0.0121586 0.0110067 0.000268994 0.00154385 -0.0112799
internal_weight=342910 78650 1291 77359 7469 5098 3509 3236 1840 1589 298 69890 43657 2883
internal_count=342910 78650 1291 77359 7469 5098 3509 3236 1840 1589 298 69890 43657 2883
is_linear=0
shrinkage=0.04


Tree=68
num_leaves=15
num_cat=0
split_feature=9 3 8 9 10 1 3 3 9 10 3 0 3 0
split_gain=63.4966 415.214 197.803 145.875 124.985 137.089 116.391 118.693 111.537 110.051 262.497 782.322 206.729 511.794
threshold=0.05611677249314146 63.988835500000008 0.99857439169984874 0.0017913378410300276 -16.791358834370445 8.5226785913717702 21.079717500000005 33.763361500000009 0.064095962560559674 -1.9503482804007037 4.8952910000000012 4.5273991426885445 8.5371195000000011 4.9078253823885527
decision_type=2 2 2 2 2 2 2 2 2 2 2 2 2 2
left_child=1 3 -3 9 -5 -6 -7 -8 -2 10 11 -1 13 -12
right_child=8 2 -4 4 5 6 7 -9 -10 -11 12 -13 -14 -15
leaf_value=0.00020206451665970898 0.002671413484346958 -0.00087978256870534374 -0.010249751548811737 -0.0034642229500454385 -0.00055063464502637936 -0.0013792936677848747 0.0018336979830505646 -0.00093280035843495133 0 -4.0740610930835455e-05 0.0051586930061796989 -0.013744152770658442 0.00014385491298892058 -0.0086999242112333307
leaf_weight=2142 1652 658 641 2505 2237 1234 1240 243 262570 23964 3844 1000 38317 619
leaf_count=2142 1652 658 641 2505 2237 1234 1240 243 262570 23964 3844 1000 38317 619
internal_value=0.000237877 -0.00075988 -0.0231871 -0.000383218 -0.0057005 -0.00201857 0.00401914 0.0115711 0.000534853 0.0001843 0.00133095 -0.00982813 0.00215054 0.010298
internal_weight=342866 78644 1299 77345 7459 4954 2717 1483 264222 69886 45922 3142 42780 4463
internal_count=342866 78644 1299 77345 7459 4954 2717 1483 264222 69886 45922 3142 42780 4463
is_linear=0
shrinkage=0.04


Tree=69
num_leaves=15
num_cat=0
split_feature=9 3 8 9 2 9 10 1 10 3 10 2 3 1
split_gain=57.9609 382.492 193.391 140.295 127.951 204.685 172.999 111.396 109.736 451.275 628.342 324.494 213.001 386.766
threshold=0.05611677249314146 63.988835500000008 0.99857439169984874 0.0017913378410300276 97.555820500000024 0.015536878825969548 -7.0461833773530769 16.643899980404424 -3.6217205478317416 4.8952910000000012 -4.5186099208400154 74.005997000000022 8.5371195000000011 4.9710005670038981
decision_type=2 2 2 2 2 2 2 2 2 2 2 2 2 2
left_child=1 3 -3 8 5 -5 7 -7 9 10 -1 -11 13 -13
right_child=-2 2 -4 4 -6 6 -8 -9 -10 11 -12 12 -14 -15
leaf_value=-0.013307715233279711 0 -0.00082798688280843915 -0.0097553183945130757 -0.00070672102490714124 -0.0030012155728169044 0.0022899386979213818 -0.00044392039923275416 -0.00083599391352184665 -3.7065687337038697e-05 0.00095952885802665837 0.0004122443853863328 0.01098211845318027 -0.00019915763271219751 -0.0093350671859117572
leaf_weight=1026 264232 659 621 1387 3425 1382 778 453 33302 10349 1176 1440 22230 330
leaf_count=1026 264232 659 621 1387 3425 1382 778 453 33302 10349 1176 1440 22230 330
internal_value=0.00020339 -0.000750528 -0.0224375 -0.000391314 -0.00561886 -0.00076 0.00583238 0.0125341 0.000164345 0.00167766 -0.0158765 0.00280299 0.00025 0.0136045
internal_weight=342790 78558 1280 77278 7425 4000 2613 1835 69853 36551 2202 34349 24000 1770
internal_count=342790 78558 1280 77278 7425 4000 2613 1835 69853 36551 2202 34349 24000 1770
is_linear=0
shrinkage=0.04


Tree=70
num_leaves=15
num_cat=0
split_feature=9 5 0 3 0 2 2 9 0 10 10 3 10 3
split_gain=69.1458 106.698 93.7756 91.3749 290.216 85.5548 114.785 158.343 190.895 156.295 152.912 229.271 189.325 135.434
threshold=0.38487846755667493 1.0000000180025095e-35 1.5510112429026932 4.4134305000000014 4.0153223213536453 172.26857000000004 111.61338450000001 0.0027731337557925233 3.8750230557801983 -2.9601942993412655 -13.978759310903472 15.563922500000002 -12.027506736061294 13.598392000000002
decision_type=2 2 2 2 2 2 2 2 2 2 2 2 2 2
left_child=1 2 -1 4 -3 6 -5 8 9 -8 11 -9 13 -12
right_child=-2 3 -4 5 -6 -7 7 10 -10 -11 12 -13 -14 -15
leaf_value=0.04061781347609366 0 -3.8988561683121413e-06 -0.10479470665064795 3.9424090718705865e-06 -0.0073102634814630708 0.0010975025059687072 -0.00064580026714079308 -0.033736062045511245 0.0016919492888290764 0.00082344561540806805 -0.0063401887563471126 -0.001525136851952617 -0.00050586726939406274 0.018435647594908528
leaf_weight=27 232569 1557 178 87902 541 929 433 542 4850 104 170 9762 2151 856
leaf_count=27 232569 1557 178 87902 541 929 433 542 4850 104 170 9762 2151 856
internal_value=0.000193595 -0.000632716 -0.0294634 -0.000578886 -0.00884652 -0.000417831 -0.000522993 -0.00335383 0.00244292 -0.0201862 -0.0056702 -0.00803571 0.00200189 0.0161404
internal_weight=342571 110002 205 109797 2098 107699 106770 18868 5387 537 13481 10304 3177 1026
internal_count=342571 110002 205 109797 2098 107699 106770 18868 5387 537 13481 10304 3177 1026
is_linear=0
shrinkage=0.04


Tree=71
num_leaves=15
num_cat=0
split_feature=9 3 8 10 3 1 3 10 2 1 3 3 1 3
split_gain=64.2029 348.098 191.812 130.279 419.609 197.619 299.925 986.373 260.469 345.409 393.863 380.675 300.512 351.261
threshold=0.05611677249314146 62.532317000000006 0.99857439169984874 -18.139927970174401 20.251086000000004 7.76485342078408 14.878621000000001 -13.816749689361789 71.071590500000028 4.764016035576617 5.294385000000001 8.5371195000000011 3.8228721600541671 4.8952910000000012
decision_type=2 2 2 2 2 2 2 2 2 2 2 2 2 2
left_child=1 3 -3 4 -1 8 7 -7 -5 11 -11 12 -10 -14
right_child=-2 2 -4 5 -6 6 -8 -9 9 10 -12 -13 13 -15
leaf_value=-0.053341601705517404 0 -0.00073030753805470303 -0.0090792178545365219 8.7319076925259377e-06 -0.00081900401824216984 -0.031624102531947536 0.0013099844889277892 0.0012035634128545103 -0.00020121502177842144 -0.014737198086518752 -0.0010493335084255826 -0.00046085853328654413 -0.00020979317730871917 0.014070092000227439
leaf_weight=626 264142 696 678 38065 6051 1070 14882 4619 1831 873 3750 2994 1088 1492
leaf_count=626 264142 696 678 38065 6051 1070 14882 4619 1831 873 3750 2994 1088 1492
internal_value=0.000231817 -0.000770882 -0.0207278 -0.000416338 -0.00575708 8.83052e-05 0.00338924 -0.00442257 -0.00126724 -0.0063984 -0.0149773 -0.00104254 0.00642938 0.0152248
internal_weight=342857 78715 1374 77341 6677 70664 20571 5689 50093 12028 4623 7405 4411 2580
internal_count=342857 78715 1374 77341 6677 70664 20571 5689 50093 12028 4623 7405 4411 2580
is_linear=0
shrinkage=0.04


Tree=72
num_leaves=15
num_cat=0
split_feature=8 5 0 3 10 3 2 10 3 3 10 10 3 3
split_gain=62.1108 124.422 111.996 201.761 108.255 1556.77 156.031 272.26 525.38 143.883 326.255 199.279 278.947 158.209
threshold=0.5133082309487963 1.0000000180025095e-35 9.2089802479537184 22.675074000000006 -28.556396212954574 25.020630500000003 115.47705850000001 -30.307074194298515 27.3707095 33.187637500000008 -36.100555110903798 -40.359219451849782 46.816434000000008 36.80804100000001
decision_type=2 2 2 2 2 2 2 2 2 2 2 2 2 2
left_child=2 -2 4 -4 5 -1 -7 8 -8 10 -10 13 -13 -11
right_child=1 -3 3 -5 -6 6 7 -9 9 11 -12 12 -14 -15
leaf_value=-0.10196135156782914 -0.10058448404329057 -2.7827300552216161e-05 -0.048025188738752236 0.0017758179773933269 0 -0.0019351251254489657 -0.049116696473572294 0.010307912576651137 -0.11700092531672712 -0.067824528797397921 0.0033470678552019102 0.017038653520674085 0.00074448205097023322 0.00062760264413365245
leaf_weight=1805 217 118024 427 9745 193554 4653 640 1686 471 255 963 1981 2874 5723
leaf_count=1805 217 118024 427 9745 193554 4653 640 1686 471 255 963 1981 2874 5723
internal_value=0.000219464 -0.000522661 0.000609849 0.00471097 0.000415461 -0.00230868 0.00102255 0.00305626 0.00108158 0.00292492 -0.00898187 0.00450106 0.0105211 -0.00038809
internal_weight=343018 118241 224777 10172 214605 21051 19246 14593 12907 12267 1434 10833 4855 5978
internal_count=343018 118241 224777 10172 214605 21051 19246 14593 12907 12267 1434 10833 4855 5978
is_linear=0
shrinkage=0.04


Tree=73
num_leaves=15
num_cat=0
split_feature=9 3 8 8 10 3 0 2 2 0 3 10 0 3
split_gain=60.0783 344.521 152.78 137.775 108.721 430.407 619.718 292.534 203.652 188.565 170.399 393.508 279.162 141.816
threshold=0.05611677249314146 61.287892000000006 0.9995579400129655 0.99744136941068751 -3.6217205478317416 4.8952910000000012 4.5273991426885445 74.005997000000022 125.08247400000002 4.0871892100056204 8.5371195000000011 -4.798736332985075 7.6925816863612644 14.878621000000001
decision_type=2 2 2 2 2 2 2 2 2 2 2 2 2 2
left_child=1 3 -3 -1 5 6 9 -7 -6 -5 11 -9 -12 -14
right_child=-2 2 -4 4 8 7 -8 10 -10 -11 12 -13 13 -15
leaf_value=-0.00064193107368951574 0 -0.00091444326527672292 -0.010178538212246457 0.0054227489206081728 -2.5549965954729709e-05 0.00089969434296339058 -0.012354451032686228 -0.0044266405457608696 -0.00058987095362522169 -0.0004735874709280519 -0.00094120075669910225 0.012597897513574527 -0.0020877931426348008 0.001129459627218263
leaf_weight=6924 264255 860 604 398 32966 10386 1012 551 449 795 3620 1241 4589 14426
leaf_count=6924 264255 860 604 398 32966 10386 1012 551 449 795 3620 1241 4589 14426
internal_value=0.000247059 -0.000722143 -0.0199454 -0.000358339 0.000170943 0.00166406 -0.0154739 0.00274955 -0.00148317 0.004057 0.00035862 0.0122321 -0.0005814 0.00135682
internal_weight=343076 78821 1464 77357 70433 37018 2205 34813 33415 1193 24427 1792 22635 19015
internal_count=343076 78821 1464 77357 70433 37018 2205 34813 33415 1193 24427 1792 22635 19015
is_linear=0
shrinkage=0.04


Tree=74
num_leaves=15
num_cat=0
split_feature=9 3 8 10 3 2 8 10 3 0 3 10 3 2
split_gain=51.0906 325.799 159.261 126.157 371.622 187.841 259.385 209.943 344.625 165.801 261.82 867.379 250.434 211.572
threshold=0.05611677249314146 63.988835500000008 0.99857439169984874 -18.139927970174401 20.251086000000004 78.158977500000006 0.9999173736937349 -21.82421506669575 24.498544500000005 7.6925816863612644 14.679868500000001 -13.645410481620175 9.5436185000000027 71.071590500000028
decision_type=2 2 2 2 2 2 2 2 2 2 2 2 2 2
left_child=1 3 -3 4 -1 -6 -7 8 -8 13 11 -11 -13 -5
right_child=-2 2 -4 9 5 6 7 -9 -10 10 -12 12 -14 -15
leaf_value=-0.052428474275999337 0 -0.00072126320600569144 -0.0085704297001200393 1.0575858115270901e-05 -0.00292146874943778 -0.003505783808513943 -0.075418907085972348 0.0076354786794807419 0.0038288598976582654 -0.026977023866337661 0.0012213931551666663 -0.020047135339643286 0.0023536749203058004 -0.0003620333761966185
leaf_weight=615 264264 648 636 37974 457 2287 355 1520 1462 1069 15247 623 3689 12158
leaf_count=615 264264 648 636 37974 457 2287 355 1520 1462 1069 15247 623 3689 12158
internal_value=0.000255274 -0.000639065 -0.0206231 -0.000307788 -0.00555556 -0.00255879 -0.000554765 0.00655679 -0.0026197 0.000188807 0.00320729 -0.00437837 0.00361781 -0.00105322
internal_weight=343004 78740 1284 77456 6696 6081 5624 3337 1817 70760 20628 5381 4312 50132
internal_count=343004 78740 1284 77456 6696 6081 5624 3337 1817 70760 20628 5381 4312 50132
is_linear=0
shrinkage=0.04


Tree=75
num_leaves=15
num_cat=0
split_feature=9 9 1 2 2 2 9 10 0 0 2 10 2 1
split_gain=58.4325 153.707 182.133 238.226 200.955 182.145 184.166 131.97 127.661 178.674 172.54 125.543 169.308 155.236
threshold=0.05611677249314146 1.5080565580916085e-05 0.80610750592603064 54.949966500000009 59.707453000000008 69.458267000000021 0.00015560512167150933 -16.987108586190349 4.5680276679501466 2.5784570654486081 106.32781600000001 -7.7782428813973237 71.071590500000028 4.659220200866022
decision_type=2 2 2 2 2 2 2 2 2 2 2 2 2 2
left_child=1 11 4 -4 -3 -5 8 -8 9 -7 -10 -1 -13 -14
right_child=-2 2 3 5 -6 6 7 -9 10 -11 -12 12 13 -15
leaf_value=0.0010654665040634975 0 0.00011503391485281217 -0.00052908344272115234 0.00042336500597619663 -0.00075331516977779637 -0.0032740757510224192 -0.0028154711704870337 -0.00015265823604813212 -0.0086519385789309063 0.00028060438526063811 -4.361788379765891e-05 9.1235679421367189e-06 -7.1228447146506687e-05 -0.0031811636412268506
leaf_weight=18388 264255 2198 1004 2696 157 158 3136 8871 1282 612 438 31956 4592 3186
leaf_count=18388 264255 2198 1004 2696 157 158 3136 8871 1282 612 438 31956 4592 3186
internal_value=0.00024005 -0.000716882 -0.00369015 -0.00504479 0.00677707 -0.00393881 -0.00571429 -0.0036612 -0.0156145 -0.00207792 -0.0216744 0.000334469 -0.000930186 -0.00622268
internal_weight=342929 78674 20552 18197 2355 17193 14497 12007 2490 770 1720 58122 39734 7778
internal_count=342929 78674 20552 18197 2355 17193 14497 12007 2490 770 1720 58122 39734 7778
is_linear=0
shrinkage=0.04


Tree=76
num_leaves=15
num_cat=0
split_feature=9 3 8 10 3 2 8 1 3 3 1 0 3 1
split_gain=51.2818 313.173 137.937 126.334 361.234 182.63 194.902 165.557 264.517 213.932 226.459 137.708 226.478 825.848
threshold=0.05611677249314146 63.988835500000008 0.99857439169984874 -18.139927970174401 19.574102000000003 78.158977500000006 0.9999173736937349 22.834817375665128 26.451349000000004 22.329977500000002 19.626200226556957 7.6925816863612644 14.679868500000001 13.906008776066388
decision_type=2 2 2 2 2 2 2 2 2 2 2 2 2 2
left_child=1 3 -3 4 -1 -6 -7 9 -9 10 -8 -5 13 -13
right_child=-2 2 -4 11 5 6 7 8 -10 -11 -12 12 -14 -15
leaf_value=-0.059057344022061448 0 -0.00074216752633363885 -0.0078269623982840167 -3.0906065041078275e-05 -0.0030075724539075145 -0.003052028121303394 0.0071184988456873309 -0.060955666103110442 0.0036658757853947322 0.012326238855215782 -0.037641944525882515 0.0010510813952314053 0.0011291275902822117 -0.030365129226449687
leaf_weight=500 264034 649 628 50074 442 2333 313 427 1110 1341 282 4482 15307 931
leaf_count=500 264034 649 628 50074 442 2333 313 427 1110 1341 282 4482 15307 931
internal_value=0.000276737 -0.000618633 -0.0202662 -0.000295066 -0.0055246 -0.00290653 -0.00101963 0.00498704 -0.00481457 0.0127686 -0.00719328 0.000203407 0.00294595 -0.00408646
internal_weight=342853 78819 1277 77542 6748 6248 5806 3473 1537 1936 595 70794 20720 5413
internal_count=342853 78819 1277 77542 6748 6248 5806 3473 1537 1936 595 70794 20720 5413
is_linear=0
shrinkage=0.04


Tree=77
num_leaves=15
num_cat=0
split_feature=9 6 0 2 2 9 3 10 0 3 0 2 0 1
split_gain=53.8275 97.627 102.266 84.9561 94.8822 165.19 191.451 223.168 274.962 242.402 190.577 134.713 141.365 117.955
threshold=0.38487846755667493 1.0000000180025095e-35 1.5510112429026932 172.26857000000004 111.61338450000001 0.0027731337557925233 18.612306500000006 -21.328442538489032 12.508173181144155 24.328270500000006 14.263091777920524 121.65341950000001 3.8750230557801983 14.412830056219777
decision_type=2 2 2 2 2 2 2 2 2 2 2 2 2 2
left_child=1 3 -3 4 -1 6 10 9 -9 -8 11 -6 -13 -7
right_child=-2 2 -4 -5 5 13 7 8 -10 -11 -12 12 -14 -15
leaf_value=1.6054585807245012e-06 0 0.044381751326924797 -0.096538258775829319 0.0010751332935738092 0.0046277581907305859 0.00011349325931172439 -0.06454094589932291 -0.0035196431104684116 0.020779475834775782 0.010113852790913964 -0.029640683986343751 -0.00051986133253327104 0.00080533398391955616 -0.001813677189338579
leaf_weight=89876 232905 30 173 935 634 3529 300 197 1616 698 613 473 957 9990
leaf_count=89876 232905 30 173 935 634 3529 300 197 1616 698 613 473 957 9990
internal_value=0.000265597 -0.000463548 -0.0281773 -0.000412319 -0.000515416 -0.00308307 0.00276968 0.0100605 0.0184225 -0.00513026 -0.00488607 0.000930233 -0.00587413 -0.00545898
internal_weight=342926 110021 203 109818 108883 19007 5488 2811 1813 998 2677 2064 1430 13519
internal_count=342926 110021 203 109818 108883 19007 5488 2811 1813 998 2677 2064 1430 13519
is_linear=0
shrinkage=0.04


Tree=78
num_leaves=15
num_cat=0
split_feature=9 3 2 10 3 2 8 3 1 1 3 0 3 1
split_gain=64.8079 239.284 162.582 150.817 336.605 158.646 221.149 161.659 334.588 206.208 146.424 117.008 210.675 895.021
threshold=0.05611677249314146 68.170515000000009 83.333576500000007 -18.139927970174401 19.574102000000003 78.158977500000006 0.99992653030143386 23.780075000000004 20.15361293930231 23.528493746725847 27.525493000000001 7.6925816863612644 14.878621000000001 14.0228059562011
decision_type=2 2 2 2 2 2 2 2 2 2 2 2 2 2
left_child=1 3 -3 4 -1 -6 -7 8 -8 -9 -11 -5 13 -13
right_child=-2 2 -4 11 5 6 7 9 -10 10 -12 12 -14 -15
leaf_value=-0.055135722389844891 0 -0.00036164287834982849 -0.0061103196043181644 -3.2917178855303069e-05 -0.0027269899798097377 -0.0029329169458136794 0.007284160274864936 0.011164641924865404 -0.046037392495460953 -0.035790628777519214 0.0037816102367350464 0.0010022512482177849 0.0010701299148854018 -0.030625650025496862
leaf_weight=504 264447 497 603 50247 451 2414 532 1177 571 236 956 4733 14990 942
leaf_count=504 264447 497 603 50247 451 2414 532 1177 571 236 956 4733 14990 942
internal_value=0.000259248 -0.000747213 -0.0192727 -0.000485126 -0.00615699 -0.00365473 -0.00190282 0.00456221 -0.00808704 0.0104517 -0.00127517 6.20487e-05 0.00259569 -0.00396828
internal_weight=343300 78853 1100 77753 6841 6337 5886 3472 1103 2369 1192 70912 20665 5675
internal_count=343300 78853 1100 77753 6841 6337 5886 3472 1103 2369 1192 70912 20665 5675
is_linear=0
shrinkage=0.04


Tree=79
num_leaves=15
num_cat=0
split_feature=9 9 2 9 2 8 0 2 2 2 0 2 10 1
split_gain=62.1146 172.495 197.165 177.054 167.813 143.55 116.17 138.072 104.128 251.135 160.526 103.044 173.015 323.387
threshold=0.05611677249314146 1.5080565580916085e-05 86.944835500000011 0.00023086222197205022 96.278057000000004 0.99963873644300227 4.6918125479524271 106.32781600000001 52.001333500000008 54.949966500000009 0.63226170973703222 90.707088500000012 -13.978759310903472 11.622463337722937
decision_type=2 2 2 2 2 2 2 2 2 2 2 2 2 2
left_child=1 11 8 4 -4 -5 -6 -8 -3 10 -10 -1 -13 -14
right_child=-2 2 3 5 6 -7 7 -9 9 -11 -12 12 13 -15
leaf_value=-1.7265062070566814e-05 0 0.00014294316718847062 -0.0085547469367094203 -0.0014054240150948216 0.0076440117572716786 0.0022197838134837915 -0.014156477424376097 -0.001925645437312089 0.00034877912876265398 2.6234377664811902e-05 -0.00050020881319313862 -0.00068441648636745356 -2.9868429276106106e-05 0.018306732491605759
leaf_weight=47334 264524 1421 782 6406 183 701 376 537 118 9075 1070 5881 2562 2297
leaf_count=47334 264524 1421 782 6406 183 701 376 537 118 9075 1070 5881 2562 2297
internal_value=0.000205438 -0.000780768 -0.00391891 -0.00837396 -0.0192971 -0.00548755 -0.00919708 -0.0150274 -0.000492982 -0.00189808 -0.0191919 0.000336123 0.00387337 0.00945874
internal_weight=343267 78743 20669 8985 1878 7107 1096 913 11684 10263 1188 58074 10740 4859
internal_count=343267 78743 20669 8985 1878 7107 1096 913 11684 10263 1188 58074 10740 4859
is_linear=0
shrinkage=0.04


Tree=80
num_leaves=15
num_cat=0
split_feature=9 3 2 1 3 3 1 3 9 3 10 0 3 1
split_gain=61.3309 239.637 160.393 140.884 349.357 184.514 153.424 364.598 158.296 237.436 224.178 102.746 225.639 793.177
threshold=0.05611677249314146 62.532317000000006 83.333576500000007 18.007999860765931 19.574102000000003 38.271334500000002 21.94505518182314 24.672046000000005 0.0010800852264850616 22.416339000000004 -19.47691447332847 7.6925816863612644 14.679868500000001 12.921209840745087
decision_type=2 2 2 2 2 2 2 2 2 2 2 2 2 2
left_child=1 3 -3 11 -5 6 8 -8 9 10 -6 -1 13 -13
right_child=-2 2 -4 4 5 -7 7 -9 -10 -11 -12 12 -14 -15
leaf_value=-3.0947573300271588e-05 0 -0.00043153332314719352 -0.0061909500433626717 -0.050929626783023804 -0.026915330344407011 -0.0027708417121557346 -0.068509817612272775 0.0010577489090764548 -0.00044510183531962992 0.024401155797774809 0.0081484532781345639 0.0019778182109919176 0.0010308591831022507 -0.013262210495024065
leaf_weight=50022 264177 653 717 550 327 1591 468 1537 1052 1022 333 3889 15130 1512
leaf_count=50022 264177 653 717 550 327 1591 468 1537 1052 1022 333 3889 15130 1512
internal_value=0.000219488 -0.00075987 -0.0173431 -0.000466468 -0.00593023 -0.0032733 0.000683689 -0.0077207 0.00684711 0.014459 -0.00424242 6.63331e-05 0.00244898 -0.00456952
internal_weight=342980 78803 1370 77433 6880 6330 4739 2005 2734 1682 660 70553 20531 5401
internal_count=342980 78803 1370 77433 6880 6330 4739 2005 2734 1682 660 70553 20531 5401
is_linear=0
shrinkage=0.04


Tree=81
num_leaves=15
num_cat=0
split_feature=9 3 2 1 3 2 8 1 3 3 1 1 0 3
split_gain=57.6141 243.249 159.742 142.683 319.448 185.888 202.098 180.799 331.091 145.609 208.817 117.128 105.727 201.611
threshold=0.05611677249314146 62.532317000000006 83.333576500000007 18.22930929231622 20.251086000000004 81.363742500000015 0.99992653030143386 21.94505518182314 24.672046000000005 22.764218500000002 20.15361293930231 23.719009328595366 7.6925816863612644 14.973331500000002
decision_type=2 2 2 2 2 2 2 2 2 2 2 2 2 2
left_child=1 3 -3 12 -5 -6 -7 9 -9 10 -8 -10 -1 -14
right_child=-2 2 -4 4 5 6 7 8 11 -11 -12 -13 13 -15
leaf_value=-2.8800363238579056e-05 0 -0.00041427199022130601 -0.0051587450770188802 -0.044933005745589741 -0.0017505545104127612 -0.0026211681060322868 0.0093536756254979699 -0.065558088042608292 0.020404407002775744 0.028786622322554099 -0.027542413559531256 -0.00028232375860010598 -0.0014410302411683373 0.0010440810502467931
leaf_weight=50036 264175 653 715 596 591 2290 360 353 318 832 191 1097 5906 14767
leaf_count=50036 264175 653 715 596 591 2290 360 353 318 832 191 1097 5906 14767
internal_value=0.000243 -0.000706944 -0.0174269 -0.000411187 -0.00602293 -0.0032626 -0.000948355 0.00562361 -0.00285068 0.016457 0.000508167 0.00579505 0.000114837 0.00252116
internal_weight=342880 78705 1368 77337 6628 6032 5441 3151 1768 1383 551 1415 70709 20673
internal_count=342880 78705 1368 77337 6628 6032 5441 3151 1768 1383 551 1415 70709 20673
is_linear=0
shrinkage=0.04


Tree=82
num_leaves=15
num_cat=0
split_feature=9 3 2 1 3 2 8 10 3 1 2 3 9 3
split_gain=55.8357 229.73 147.825 128.184 306.627 160.83 159.049 130.539 357.982 122.758 127.905 127.299 88.4748 103.933
threshold=0.05611677249314146 63.988835500000008 83.333576500000007 18.22930929231622 20.251086000000004 79.073005500000008 0.99992653030143386 -20.200988219803808 23.406865000000003 23.317434501337175 88.854370500000016 26.148244500000004 0.064095962560559674 60.122991000000006
decision_type=2 2 2 2 2 2 2 2 2 2 2 2 2 2
left_child=1 3 -3 -1 -5 -6 -7 8 -8 10 -10 -11 13 -2
right_child=12 2 -4 4 5 6 7 -9 9 11 -12 -13 -14 -15
leaf_value=4.6477730217526092e-06 7.9045039833463215e-05 -0.00038753458934512184 -0.0048017215681900628 -0.044094156542420375 -0.0021448579590044124 -0.0025116709172970809 -0.043465485159314206 0.0093842327906236839 -0.0010207043942341394 -0.037973190768495702 0.029350196400486785 0.0029974478069294819 0 0.0045684962289099665
leaf_weight=70839 857 607 690 594 460 2264 460 767 153 179 672 1068 262701 790
leaf_count=70839 857 607 690 594 460 2264 460 767 153 179 672 1068 262701 790
internal_value=0.000266977 -0.000667911 -0.0173631 -0.00038835 -0.00571256 -0.00300847 -0.00112889 0.00447408 9.47867e-05 0.00718147 0.0191515 -0.000737771 0.000545493 0.00978749
internal_weight=343101 78753 1297 77456 6617 6023 5563 3299 2532 2072 825 1247 264348 1647
internal_count=343101 78753 1297 77456 6617 6023 5563 3299 2532 2072 825 1247 264348 1647
is_linear=0
shrinkage=0.04


Tree=83
num_leaves=15
num_cat=0
split_feature=9 3 2 10 3 3 10 3 9 9 3 0 3 10
split_gain=54.7766 223.562 127.881 122.806 281.039 150.375 219.284 356.183 121.219 87.3477 102.771 84.5501 178.149 207.7
threshold=0.05611677249314146 68.170515000000009 83.333576500000007 -18.139927970174401 20.915732500000004 37.907889000000004 -21.328442538489032 23.961016500000003 0.0017913378410300276 0.064095962560559674 60.122991000000006 7.6925816863612644 9.5436185000000027 -8.2496745195160521
decision_type=2 2 2 2 2 2 2 2 2 2 2 2 2 2
left_child=1 3 -3 4 -1 6 7 -6 -8 10 -2 -5 13 -13
right_child=9 2 -4 11 5 -7 8 -9 -10 -11 -12 12 -14 -15
leaf_value=-0.036198476630924729 7.5883238240124709e-05 -0.00037203320577131689 -0.0043664549431837131 -2.9256534223484761e-05 -0.05621289525976151 -0.0020893456986325345 0.0098326604764872698 0.0011037542137363138 -0.00020473394482820885 0 0.004379080508504607 -0.028243636035966739 0.00066200486376515001 0.0081580073518485348
leaf_weight=710 860 502 613 50254 522 1649 1264 1817 736 262741 794 472 20106 147
leaf_count=710 860 502 613 50254 522 1649 1264 1817 736 262741 794 472 20106 147
internal_value=0.000234275 -0.000691441 -0.0184753 -0.000436165 -0.00561362 -0.00279225 0.00111546 -0.00719966 0.01084 0.000510146 0.00967352 5.24099e-05 0.00220217 -0.0189338
internal_weight=343187 78792 1115 77677 6698 5988 4339 2339 2000 264395 1654 70979 20725 619
internal_count=343187 78792 1115 77677 6698 5988 4339 2339 2000 264395 1654 70979 20725 619
is_linear=0
shrinkage=0.04


Tree=84
num_leaves=15
num_cat=0
split_feature=9 3 10 3 8 3 1 3 3 1 8 0 9 3
split_gain=60.7439 227.743 138.764 264.793 136.295 131.341 155.38 319.899 120.095 205.33 136.197 119.513 90.1499 83.046
threshold=0.05611677249314146 62.532317000000006 -18.139927970174401 19.574102000000003 0.99857439169984874 38.271334500000002 21.94505518182314 24.672046000000005 22.242441500000002 19.999035645555075 0.9995579400129655 6.2591807615436794 0.064095962560559674 60.122991000000006
decision_type=2 2 2 2 2 2 2 2 2 2 2 2 2 2
left_child=1 2 3 -1 -3 6 8 -8 9 -5 -10 -6 13 -2
right_child=12 4 -4 5 11 -7 7 -9 10 -11 -12 -13 -14 -15
leaf_value=-0.045528255393384794 0.00015972371588018029 -0.00038977909864574807 3.1607457605196497e-06 0.0035097513983242522 -0.0005878200995976246 -0.00244882191248201 -0.062469498811069731 0.00025930674501912913 -1.8560721059782126e-06 -0.031661975794914109 0.017238778852669934 -0.010246704123771901 0 0.0042080407496732156
leaf_weight=493 855 697 70548 458 201 1592 476 1540 888 268 1007 491 262382 800
leaf_count=493 855 697 70548 458 201 1592 476 1540 888 268 1007 491 262382 800
internal_value=0.000239863 -0.000735834 -0.000447263 -0.00593871 -0.0167891 -0.00370525 -0.000301919 -0.00865079 0.0061198 -0.0077135 0.0114195 -0.0293642 0.000530532 0.00983686
internal_weight=342696 78659 77270 6722 1389 6229 4637 2016 2621 726 1895 692 264037 1655
internal_count=342696 78659 77270 6722 1389 6229 4637 2016 2621 726 1895 692 264037 1655
is_linear=0
shrinkage=0.04


Tree=85
num_leaves=15
num_cat=0
split_feature=9 3 9 8 0 0 1 9 10 3 10 3 0 9
split_gain=57.0019 190.062 146.855 126.937 118.459 97.9718 141.12 116.225 110.648 167.704 83.5491 81.822 304.601 81.2188
threshold=0.05611677249314146 62.532317000000006 0.0010800852264850616 0.99744136941068751 6.2591807615436794 3.4209064745963897 3.8228721600541671 0.015536878825969548 -16.791358834370445 16.982136500000003 -4.4044831889879861 4.4930785000000002 4.2386048325162582 0.064095962560559674
decision_type=2 2 2 2 2 2 2 2 2 2 2 2 2 2
left_child=1 3 4 5 -3 -1 -7 -8 -9 -10 -4 12 -5 -2
right_child=13 2 10 11 -6 6 7 8 9 -11 -12 -13 -14 -15
leaf_value=-0.00064482349785038905 0.0021747808808365195 -0.00090283827638314 0.00032982803628671512 -8.1109321760316523e-06 -0.010608724361476156 0.00074368917406314418 -0.0012484285090400551 -0.0027811738386157559 -0.0011686003195393595 0.00091862419151006794 -0.00066714084838766815 1.4018577102970497e-05 -0.0073758152362104878 0
leaf_weight=200 1659 190 569 2429 466 121 2168 1647 899 1925 148 67417 574 262759
leaf_count=200 1659 190 569 2429 466 121 2168 1647 899 1925 148 67417 574 262759
internal_value=0.000226942 -0.000717687 -0.0154698 -0.000455932 -0.0291463 -0.0056092 -0.0047929 -0.00557313 -0.00188772 0.00291785 -0.00295676 5.33939e-05 -0.00640693 0.000508286
internal_weight=343171 78753 1373 77380 656 6960 6760 6639 4471 2824 717 70420 3003 264418
internal_count=343171 78753 1373 77380 656 6960 6760 6639 4471 2824 717 70420 3003 264418
is_linear=0
shrinkage=0.04


Tree=86
num_leaves=15
num_cat=0
split_feature=9 3 9 0 10 3 2 10 3 8 3 10 3 8
split_gain=54.0915 171.189 137.163 132.172 110.475 253.341 116.085 124.887 291.177 116.777 88.8259 217.073 116.959 88.4793
threshold=0.05611677249314146 62.532317000000006 0.00055898240402996191 6.3794488103806861 -18.139927970174401 19.408190000000001 78.158977500000006 -21.82421506669575 24.328270500000006 0.99986989236253787 21.694604500000001 -19.313497402946577 29.772667000000002 0.99998055286947085
decision_type=2 2 2 2 2 2 2 2 2 2 2 2 2 2
left_child=1 4 3 -3 5 -1 -7 8 -8 -10 11 -9 13 -12
right_child=-2 2 -4 -5 -6 6 7 10 9 -11 12 -13 -14 -15
leaf_value=-0.046471893337338983 0 0.00015858058047188539 -0.00033408640881794151 -0.010187111240212298 1.0085014894778074e-06 -0.0023299474437958518 -0.060204663482233432 -0.027248639187933466 -0.01243764134380468 0.0031594576605182812 0.0002748818820300075 0.0057686938223389019 -0.00069427655597519618 0.015722461949367047
leaf_weight=458 264233 146 772 447 70585 454 449 290 1003 1528 835 223 475 1036
leaf_count=458 264233 146 772 447 70585 454 449 290 1003 1528 835 223 475 1036
internal_value=0.000222667 -0.000697831 -0.0147399 -0.0292074 -0.000449984 -0.00533847 -0.00324805 -0.00173317 -0.00746309 -0.00219676 0.00423924 -0.0108382 0.00753623 0.0120363
internal_weight=342934 78701 1365 593 77336 6751 6293 5839 2980 2531 2859 513 2346 1871
internal_count=342934 78701 1365 593 77336 6751 6293 5839 2980 2531 2859 513 2346 1871
is_linear=0
shrinkage=0.04


Tree=87
num_leaves=15
num_cat=0
split_feature=9 3 9 0 1 3 3 1 3 3 1 9 2 10
split_gain=51.901 154.227 131.026 136.498 119.756 229.39 105.807 149.452 332.69 91.7581 160.677 87.4527 87.61 87.0759
threshold=0.05611677249314146 62.532317000000006 0.00055898240402996191 6.7574597787163997 18.22930929231622 19.574102000000003 38.520350000000008 21.402474837558369 23.780075000000004 21.506128500000003 19.046102013204933 0.0015178661095593406 103.90211850000001 -15.750773851564245
decision_type=2 2 2 2 2 2 2 2 2 2 2 2 2 2
left_child=1 4 3 -3 13 -6 7 9 -9 10 -7 12 -11 -1
right_child=-2 2 -4 -5 5 6 -8 8 -10 11 -12 -13 -14 -15
leaf_value=0.0021619934595073797 0 0.00011822703184978024 -0.00029922162525813646 -0.010566078528691038 -0.045108536771104026 0.0092017845549798617 -0.0022300276857805212 -0.057139324241526034 5.074535316300297e-06 0.0011441270302185791 -0.021814912570113004 8.1450051124798975e-05 0.044150293145076638 -8.3233058773189228e-06
leaf_weight=2832 264249 170 768 429 473 130 1530 471 1866 423 256 853 627 68056
leaf_count=2832 264249 170 768 429 473 130 1530 471 1866 423 256 853 627 68056
internal_value=0.000261473 -0.000638913 -0.0139576 -0.02798 -0.00040404 -0.00554533 -0.00348278 -0.000466926 -0.00758237 0.00679773 -0.0109845 0.0104046 0.0181333 7.67408e-05
internal_weight=343133 78884 1367 599 77517 6629 6156 4626 2337 2289 386 1903 1050 70888
internal_count=343133 78884 1367 599 77517 6629 6156 4626 2337 2289 386 1903 1050 70888
is_linear=0
shrinkage=0.04


Tree=88
num_leaves=15
num_cat=0
split_feature=9 3 8 1 1 3 1 3 10 3 3 3 10 1
split_gain=51.4905 144.712 129.908 128.268 113.866 216.536 121.91 109.907 143.203 337.015 107.601 88.3099 246.189 110.83
threshold=0.05611677249314146 62.532317000000006 0.9995579400129655 6.7941248790269215 18.22930929231622 20.748739000000004 18.932515541212577 38.520350000000008 -21.126427882303151 23.406865000000003 18.447960000000005 4.4134305000000014 -4.052425874065448 3.5570651605149215
decision_type=2 2 2 2 2 2 2 2 2 2 2 2 2 2
left_child=1 4 -3 -4 11 6 10 8 9 -7 -6 12 -1 -13
right_child=-2 2 3 -5 5 7 -8 -9 -10 -11 -12 13 -14 -15
leaf_value=-0.0056669670453671009 0 -0.0003221699794013683 0.00014675819696614579 -0.010926570230909372 -0.028155272907643497 -0.052237044295802233 -0.046870480166932266 -0.0021701255090463105 0.001804516414087869 0.00052900411131805495 0.0054782078745016886 -3.5788748706651137e-05 -7.8006776575095626e-06 0.00026240611147893548
leaf_weight=498 264042 789 141 408 83 430 462 1529 1898 2093 119 31921 1522 36805
leaf_count=498 264042 789 141 408 83 430 462 1529 1898 2093 119 31921 1522 36805
internal_value=0.000248468 -0.000649572 -0.0136921 -0.0286339 -0.000423992 -0.005443 -0.0271084 -0.00302521 0.000171907 -0.00607214 -0.00118812 4.52322e-05 -0.00819802 0.000287519
internal_weight=342740 78698 1338 549 77360 6614 664 5950 4421 2523 202 70746 2020 68726
internal_count=342740 78698 1338 549 77360 6614 664 5950 4421 2523 202 70746 2020 68726
is_linear=0
shrinkage=0.04


Tree=89
num_leaves=15
num_cat=0
split_feature=8 0 3 10 10 3 3 10 10 10 3 3 3 0
split_gain=44.872 120.101 183.522 147.411 112.194 1364.71 170.757 512.243 167.268 154.558 262.269 260.146 151.787 135.378
threshold=0.5133082309487963 9.2089802479537184 23.780075000000004 -23.094252577172963 -29.492038423976393 26.304996500000005 33.187637500000008 -31.362127675208161 -36.896029689213442 -40.359219451849782 40.159692000000007 37.160380000000011 28.156882500000005 6.1959058069024673
decision_type=2 2 2 2 2 2 2 2 2 2 2 2 2 2
left_child=1 4 3 -3 5 -1 7 8 -7 11 13 -8 -10 -11
right_child=-2 2 -4 -5 -6 6 9 -9 12 10 -12 -13 -14 -15
leaf_value=-0.087080819041170127 -2.0470661043710065e-05 -0.038055884797961279 0.0019129247653051481 0.0039216166991622422 0 -0.15950902150418014 -0.072929705995314023 0.020586976455528056 -0.046813887481044855 0.10291860243303043 0.00066915820340135164 0.00031080604688080203 -0.00070214788462371507 0.0044665773771451148
leaf_weight=1844 118116 441 9472 242 195383 593 428 792 314 1107 5108 7380 651 717
leaf_count=1844 118116 441 9472 242 195383 593 428 792 314 1107 5108 7380 651 717
internal_value=0.000274149 0.000606223 0.00485672 -0.0151684 0.000404821 -0.00253512 0.000992393 -0.00902128 -0.0223363 0.00258887 0.00693595 -0.00127049 -0.0120622 0.0199561
internal_weight=342588 224472 10155 683 214317 18934 17090 2350 1558 14740 6932 7808 965 1824
internal_count=342588 224472 10155 683 214317 18934 17090 2350 1558 14740 6932 7808 965 1824
is_linear=0
shrinkage=0.04


Tree=90
num_leaves=15
num_cat=0
split_feature=9 9 2 9 2 1 8 2 2 1 10 1 2 1
split_gain=51.2949 127.361 177.409 164.985 156.061 174.143 113.752 91.6754 206.316 150.829 77.6225 76.8422 79.5137 113.954
threshold=0.05611677249314146 1.5080565580916085e-05 86.944835500000011 0.00023086222197205022 106.32781600000001 4.4719231900456657 0.99963873644300227 52.001333500000008 54.949966500000009 0.65742083247595173 -2.1018883882624801 8.255815178782802 97.555820500000024 19.046102013204933
decision_type=2 2 2 2 2 2 2 2 2 2 2 2 2 2
left_child=1 -1 7 4 5 10 11 -3 9 -9 -4 -5 13 -13
right_child=-2 2 3 6 -6 -7 -8 8 -10 -11 -12 12 -14 -15
leaf_value=1.3936543109856277e-05 0 0.00014449674333047121 0.0083472927356134704 -0.0013700650316790688 -0.0004532720727432782 -0.0093861160889657444 0.0020975713825476579 0.0003315166256970917 3.0642759482876629e-05 -0.00049829213136589874 -0.0057847881872418391 0.0016545328233009899 -0.0018123937952173287 -0.038002549952259747
leaf_weight=58093 264404 1403 169 700 551 1090 685 136 9090 1031 44 1050 4563 85
leaf_count=58093 264404 1403 169 700 551 1090 685 136 9090 1031 44 1050 4563 85
internal_value=0.000252992 -0.000643538 -0.00334612 -0.00758644 -0.0182093 -0.0257559 -0.00480587 -9.60549e-05 -0.00140782 -0.0172408 0.00732394 -0.00646452 -0.00492804 0.00454626
internal_weight=343094 78690 20597 8937 1854 1303 7083 11660 10257 1167 213 6398 5698 1135
internal_count=343094 78690 20597 8937 1854 1303 7083 11660 10257 1167 213 6398 5698 1135
is_linear=0
shrinkage=0.04


Tree=91
num_leaves=15
num_cat=0
split_feature=9 3 10 3 8 2 10 3 8 10 3 2 3 0
split_gain=43.1477 125.944 111.068 224.363 108.214 87.9813 93.1871 345.914 112.976 112.824 142.898 94.6678 75.2668 237.503
threshold=0.05611677249314146 68.170515000000009 -18.139927970174401 18.776385000000001 0.9995579400129655 78.158977500000006 -20.402585812481256 23.043217000000002 0.9999173736937349 -23.094252577172963 27.525493000000001 89.831764500000006 4.4134305000000014 4.0153223213536453
decision_type=2 2 2 2 2 2 2 2 2 2 2 2 2 2
left_child=1 2 3 -1 -3 -5 7 -7 -9 10 -10 -11 13 -4
right_child=-2 4 12 5 -6 6 -8 8 9 11 -12 -13 -14 -15
leaf_value=-0.049317719255234635 0 -0.0003536022408555728 1.1850888204500004e-05 -0.0020946768470020143 -0.007046481352603412 -0.042973864758503309 0.00066425299239423422 -0.0060780790185280091 -0.027758690197332663 -0.00099275600172385437 0.0038506262099199883 0.027369409590750213 1.3826644450304574e-05 -0.0051419896076028461
leaf_weight=352 264090 682 1508 447 441 586 1911 1373 355 144 985 572 68728 511
leaf_count=352 264090 682 1508 447 441 586 1911 1373 355 144 985 572 68728 511
internal_value=0.000266484 -0.000556269 -0.000363486 -0.00527584 -0.0138557 -0.00355876 -0.00226797 -0.00572852 -0.000874891 0.00505837 -0.00179104 0.0178771 0.000103467 -0.00750867
internal_weight=342685 78595 77472 6725 1123 6373 5926 4015 3429 2056 1340 716 70747 2019
internal_count=342685 78595 77472 6725 1123 6373 5926 4015 3429 2056 1340 716 70747 2019
is_linear=0
shrinkage=0.04


Tree=92
num_leaves=15
num_cat=0
split_feature=9 9 2 3 2 9 2 3 8 3 2 2 1 3
split_gain=39.1316 119.792 180.324 211.798 104.805 96.7814 100.987 184.815 100.188 92.4844 85.0755 208.582 139.148 80.7486
threshold=0.05611677249314146 1.5080565580916085e-05 86.944835500000011 37.907889000000004 114.81273650000001 0.00023086222197205022 109.52681750000001 17.120919500000003 0.99963873644300227 29.772667000000002 52.001333500000008 54.949966500000009 0.69984763078681833 15.563922500000002
decision_type=2 2 2 2 2 2 2 2 2 2 2 2 2 2
left_child=1 13 10 5 -5 6 7 -4 -7 -10 -3 12 -12 -1
right_child=-2 2 3 4 -6 8 -8 -9 9 -11 11 -13 -14 -15
leaf_value=-3.5710197772171946e-05 0 0.0001369505122319865 -0.0004352001988377907 -0.020983176292217475 -0.00054571407308983582 -0.00083956773878946628 0.0028121107458498897 -0.0064259516796098069 0.0032035001154770322 -0.0041381269786061646 0.00021069441547816558 4.6689196821137913e-05 -0.00049644576763723197 0.00015361769184749169
leaf_weight=31621 264406 1434 479 699 280 5788 417 617 612 57 203 9110 980 26386
leaf_count=31621 264406 1434 479 699 280 5788 417 617 612 57 203 9110 980 26386
internal_value=0.000267103 -0.000515995 -0.0031302 -0.00740641 -0.0249642 -0.00524969 -0.0143556 -0.0207299 -0.003116 0.0115396 0.000133026 -0.00113864 -0.01694 0.000415812
internal_weight=343089 78683 20676 8949 979 7970 1513 1096 6457 669 11727 10293 1183 58007
internal_count=343089 78683 20676 8949 979 7970 1513 1096 6457 669 11727 10293 1183 58007
is_linear=0
shrinkage=0.04


Tree=93
num_leaves=15
num_cat=0
split_feature=8 1 3 3 10 3 1 3 3 2 10 3 9 0
split_gain=41.9247 125.866 209.361 133.863 164.226 334.959 119.989 98.9325 89.7476 144.52 84.1424 305.407 369.738 127.352
threshold=0.94471764683936976 18.22930929231622 20.915732500000004 38.271334500000002 -21.556590571195382 24.498544500000005 19.046102013204933 18.447960000000005 58.659330500000003 84.695880500000015 -15.750773851564245 18.274918500000002 0.00073824291614027493 14.263091777920524
decision_type=2 2 2 2 2 2 2 2 2 2 2 2 2 2
left_child=-1 8 6 4 5 -4 7 -3 10 -10 11 -2 -13 -12
right_child=1 2 3 -5 -6 -7 -8 -9 9 -11 13 12 -14 -15
leaf_value=0 -0.021371702015848149 -0.02528040234644471 -0.047429056501388199 -0.0021706812798311026 0.0019783077650419034 0.001165354241137074 -0.044652227557440576 0.0049182929096137683 -0.00025814651432807688 -0.0089784219409160034 7.6936302393513726e-06 0.015079026482229257 -0.00067159374656338853 -0.0088535017440901417
leaf_weight=264444 334 104 555 1773 2125 1659 451 153 1024 338 65248 1347 1132 2453
leaf_count=264444 334 104 555 1773 2125 1659 451 153 1024 338 65248 1347 1132 2453
internal_value=0.000267646 -0.000542848 -0.00573607 -0.00335079 0.00043328 -0.00719061 -0.0263277 -0.00451362 -5.00863e-05 -0.0102203 0.000146354 0.00692499 0.0117628 -0.000135301
internal_weight=343140 78696 6820 6112 4339 2214 708 257 71876 1362 70514 2813 2479 67701
internal_count=343140 78696 6820 6112 4339 2214 708 257 71876 1362 70514 2813 2479 67701
is_linear=0
shrinkage=0.04


Tree=94
num_leaves=15
num_cat=0
split_feature=9 5 1 2 9 1 1 1 8 3 1 3 1 8
split_gain=38.9679 81.4383 108.433 74.4125 415.403 171.758 149.364 223.925 144.438 284.637 410.778 178.792 238.405 135.367
threshold=0.38487846755667493 1.0000000180025095e-35 1.6524030076768907 158.54186250000001 0.67634530603191201 29.713729934564331 16.507437970434626 13.403443337268241 0.10923558840391891 24.672046000000005 22.613948975665085 22.242441500000002 26.141300561804069 0.34247192802965737
decision_type=2 2 2 2 2 2 2 2 2 2 2 2 2 2
left_child=1 2 -1 13 6 8 7 -5 -6 10 -10 -12 -13 -2
right_child=3 -3 -4 4 5 -7 -8 -9 9 -11 11 12 -14 -15
leaf_value=0.042913361986451799 0 -1.6754640819478342e-05 -0.092407322816027634 -0.0019358953780231093 0 -0.033263212524197262 -0.0020186818896334572 0.012073694934771027 0.027941261574589985 0.079660611304865472 -0.065563085782678374 0.043473404060856299 -0.025273392899265723 0.00085407100393083404
leaf_weight=33 139919 109970 163 715 64832 371 1351 637 1112 798 651 205 246 22004
leaf_count=33 139919 109970 163 715 64832 371 1351 637 1112 798 651 205 246 22004
internal_value=0.000258187 -0.000361636 -0.0261224 0.000551449 -0.000529062 8.03342e-05 -0.0159083 -0.00650888 0.00022876 0.0087915 0.00140921 -0.0158984 0.00345898 0.00102468
internal_weight=343007 110166 196 232841 70918 68215 2703 1352 67844 3012 2214 1102 451 161923
internal_count=343007 110166 196 232841 70918 68215 2703 1352 67844 3012 2214 1102 451 161923
is_linear=0
shrinkage=0.04


Tree=95
num_leaves=15
num_cat=0
split_feature=9 0 3 1 3 2 1 3 3 1 3 0 10 3
split_gain=39.0808 106.439 163.513 125.091 1497.58 153.014 285.716 417.99 159.375 140.597 1308.42 289.411 219.182 191.543
threshold=0.48819308244923837 9.2089802479537184 22.675074000000006 28.389045614766683 25.020630500000003 115.47705850000001 29.962125111424175 27.3707095 36.413412500000007 20.15361293930231 19.264580000000006 2.0754125848760814 -21.556590571195382 22.152266000000001
decision_type=2 2 2 2 2 2 2 2 2 2 2 2 2 2
left_child=-1 3 -3 9 -5 8 -7 -8 -6 -2 12 -12 -11 -13
right_child=1 2 -4 4 5 6 7 -9 -10 10 11 13 -14 -15
leaf_value=-1.7544644417965933e-05 0 -0.04608086778316723 0.0016633049736549483 -0.094282977746584118 -0.0089905785218034971 0.011419744820354096 -0.037541659906853007 0.0014724549200949586 -0.00074049474572159164 -0.086908259970453372 0.0713091226578806 -0.002820667966633585 -0.0074443444155149795 0.0026272471954589282
leaf_weight=118529 173282 413 9659 1917 954 1503 756 12491 3825 1246 1480 2989 644 13559
leaf_count=118529 173282 413 9659 1917 954 1503 756 12491 3825 1246 1480 2989 644 13559
internal_value=0.000270126 0.000580105 0.00459889 0.000391528 -0.00250676 0.000804957 0.00282034 0.00094512 -0.00541536 0.000713251 0.00389597 0.00721544 -0.0277672 0.00569978
internal_weight=343247 224718 10072 214646 21446 19529 14750 13247 4779 193200 19918 18028 1890 16548
internal_count=343247 224718 10072 214646 21446 19529 14750 13247 4779 193200 19918 18028 1890 16548
is_linear=0
shrinkage=0.04


Tree=96
num_leaves=15
num_cat=0
split_feature=9 8 3 2 9 2 1 1 0 2 2 2 0 1
split_gain=38.8813 105.448 102.894 182.094 87.0607 136.758 184.513 97.1997 153.788 88.3997 79.2231 78.2876 82.1805 74.4869
threshold=0.05611677249314146 0.9982376401105969 58.659330500000003 84.695880500000015 0.015536878825969548 96.278057000000004 4.2384750437715848 16.770369771829305 9.4000613156474611 68.451057500000019 108.02563450000001 78.158977500000006 3.6339236160690955 3.5570651605149215
decision_type=2 2 2 2 2 2 2 2 2 2 2 2 2 2
left_child=1 4 13 -4 9 6 11 8 -8 -1 -11 -6 -13 -3
right_child=-2 2 3 -5 5 -7 7 -9 -10 10 -12 12 -14 -15
leaf_value=0.00077655689923793408 0 -2.8440734097056115e-05 2.9777456765038915e-05 -0.012255433288569213 -0.0009616900527553182 -0.0023284125280609931 0.00028367108901180968 -0.0012270730967529377 0.0059759192513530795 -0.0010138449452294113 -0.00076770207127156156 0.00070311519744347545 -0.00035332487537431261 0.00024050277327134994
leaf_weight=103 264333 33021 635 367 283 2322 1195 394 576 1585 1248 61 109 36803
leaf_count=103 264333 33021 635 367 283 2322 1195 394 576 1585 1248 61 109 36803
internal_value=0.000244756 -0.000535692 -4.74402e-05 -0.0127745 -0.00492636 -0.00168421 0.00458365 0.00944111 0.0134387 -0.0103815 -0.0117049 -0.0186313 0.00282353 0.000135197
internal_weight=343035 78702 70826 1002 7876 4940 2618 2165 1771 2936 2833 453 170 69824
internal_count=343035 78702 70826 1002 7876 4940 2618 2165 1771 2936 2833 453 170 69824
is_linear=0
shrinkage=0.04


Tree=97
num_leaves=15
num_cat=0
split_feature=1 3 2 1 3 3 0 1 0 1 3 3 1 0
split_gain=44.3557 1662.16 180.567 346.98 552.676 261.834 234.008 134.01 124.624 122.597 1345.32 423.681 1113.23 760.245
threshold=28.026026630652691 24.498544500000005 116.12982600000001 29.962125111424175 27.3707095 35.353282000000007 4.8612768235153023 31.401247492498598 22.639350971825454 19.517224047937223 18.447960000000005 22.329977500000002 22.834817375665128 10.893416387916536
decision_type=2 2 2 2 2 2 2 2 2 2 2 2 2 2
left_child=9 -2 5 6 -5 7 -4 -3 -6 -1 -11 12 13 -12
right_child=1 2 3 4 8 -7 -8 -9 -10 10 11 -13 -14 -15
leaf_value=0 -0.096924403750181048 -0.0024217286506207393 0.041315713949269223 -0.039763449883111472 0.0017877388560544427 -0.0002278086814940382 0.0026387168025117798 -0.12865167667123628 -0.0080195386988806648 -0.060647265610372973 0.013887838316900882 0.0018450627643796908 -0.038915953440540461 -0.024235464054651299
leaf_weight=271764 1879 1133 1012 934 16409 10986 1682 615 636 1803 2956 27693 2783 790
leaf_count=271764 1879 1133 1012 934 16409 10986 1682 615 636 1803 2956 27693 2783 790
internal_value=0.000248226 -0.00109505 0.00096387 0.0032719 0.00126592 -0.0027831 0.0166592 -0.0171625 0.0029076 0.000402224 0.00259486 0.00436912 -0.00479706 0.0094394
internal_weight=343075 35286 33407 20673 17979 12734 2694 1748 17045 307789 36025 34222 6529 3746
internal_count=343075 35286 33407 20673 17979 12734 2694 1748 17045 307789 36025 34222 6529 3746
is_linear=0
shrinkage=0.04


Tree=98
num_leaves=15
num_cat=0
split_feature=9 5 1 0 3 10 10 3 3 10 1 3 1 3
split_gain=37.1508 98.8117 115.792 73.9157 139.539 156.37 117.34 1223.45 144.499 502.889 177.455 175.384 133.174 248.299
threshold=0.48819308244923837 1.0000000180025095e-35 1.7120884534635328 9.2089802479537184 23.235861500000002 -23.094252577172963 -29.492038423976393 26.148244500000004 33.187637500000008 -31.362127675208161 36.361123937222018 27.999923500000005 40.559686609645276 36.80804100000001
decision_type=2 2 2 2 2 2 2 2 2 2 2 2 2 2
left_child=1 2 -1 6 5 -5 7 -2 9 10 11 -9 -10 -14
right_child=3 -3 -4 4 -6 -7 -8 8 12 -11 -12 -13 13 -15
leaf_value=0.041173501270900595 -0.081921364184855336 -1.6793045659606477e-05 -0.10956634175570126 -0.044252646449702296 0.0015422012483933423 0.0072172126573136633 0 -0.047609413288877189 0.0023828900180784206 0.018417234212832503 -0.14540280363075783 0.00076464356069653365 -0.07567729208760296 0.00016899429493636738
leaf_weight=37 1781 118154 188 354 9543 201 195570 300 7122 834 648 634 404 7228
leaf_count=37 1781 118154 188 354 9543 201 195570 300 7122 834 648 634 404 7228
internal_value=0.000211546 -0.000361889 -0.0268444 0.000513759 0.00385819 -0.0156396 0.000356329 -0.00264894 0.000624345 -0.00844371 -0.0216941 -0.0105353 0.00210926 -0.00156184
internal_weight=342998 118379 225 224619 10098 555 214521 18951 17170 2416 1582 934 14754 7632
internal_count=342998 118379 225 224619 10098 555 214521 18951 17170 2416 1582 934 14754 7632
is_linear=0
shrinkage=0.04


Tree=99
num_leaves=15
num_cat=0
split_feature=1 3 2 10 3 3 0 1 10 3 3 3 1 3
split_gain=43.8995 1590.32 165.012 349.224 568.494 229.569 210.478 165.073 143.485 348.491 121.913 120.968 174.335 138.877
threshold=28.026026630652691 24.498544500000005 120.56710400000001 -30.307074194298515 27.840278000000001 34.608472500000005 5.5800026387672137 38.779264500696023 -38.637158446070323 36.044930500000007 26.606695500000004 32.334587500000005 32.217992989379567 84.532048000000017
decision_type=2 2 2 2 2 2 2 2 2 2 2 2 2 2
left_child=-1 -2 5 4 -4 7 -5 -3 9 -6 -8 12 -10 -13
right_child=1 2 3 6 8 -7 10 -9 11 -11 -12 13 -14 -15
leaf_value=0 -0.091124534811712746 -0.0038232398995566991 -0.038741365256299301 0.035284739588098961 -0.083200618108910607 1.2492017289328777e-05 -0.013949154179510185 -0.17535090712945131 0.025461111127788826 0.0015246360576771933 0.0046466602962995929 0.0077568689962578445 -0.016155751707600967 -0.00058335157609739458
leaf_weight=307809 1854 1766 826 1173 433 17076 202 344 300 5831 1114 2902 533 825
leaf_count=307809 1854 1766 826 1173 433 17076 202 344 300 5831 1114 2902 533 825
internal_value=0.000243624 -0.00109497 0.000911028 0.00418983 0.00128412 -0.00150526 0.0177903 -0.0139526 0.00372506 -0.000204342 0.00680851 0.00912281 -0.00465786 0.0122028
internal_weight=342988 35179 33325 14139 11650 19186 2489 2110 10824 6264 1316 4560 833 3727
internal_count=342988 35179 33325 14139 11650 19186 2489 2110 10824 6264 1316 4560 833 3727
is_linear=0
shrinkage=0.04


Tree=100
num_leaves=15
num_cat=0
split_feature=1 3 3 10 0 10 3 0 3 2 1 3 1 1
split_gain=41.4027 1434.37 204.346 649.849 380.21 183.904 277.194 174.249 125.786 123.402 176.75 124.92 122.134 97.3338
threshold=28.389045614766683 24.498544500000005 34.32264150000001 -30.819765850201765 5.3362782617718443 -37.77633053789706 27.525493000000001 16.394653374748163 31.480382000000002 120.94099800000002 40.042257459098103 79.374893500000027 32.217992989379567 19.517224047937223
decision_type=2 2 2 2 2 2 2 2 2 2 2 2 2 2
left_child=13 -2 3 5 -5 -3 -7 8 12 -4 11 -11 -8 -1
right_child=1 2 9 4 -6 6 7 -9 -10 10 -12 -13 -14 -15
leaf_value=0 -0.093491695630416385 -0.13141065071182467 7.1680672510328612e-05 0.026954181865985093 -0.0030135216603378989 -0.04990672746036031 0.016630841417734372 -0.1106085742229562 0.01479698357907494 0.006603181005170356 0.00028839717201756347 -0.0002361047136951311 -0.024615106743328563 0.00077204775184437689
leaf_weight=271811 1659 679 16910 1284 1292 687 232 228 555 3787 4893 1021 458 37493
leaf_count=271811 1659 679 16910 1284 1292 687 232 228 555 3787 4893 1021 458 37493
internal_value=0.000249921 -0.00108179 0.000796853 -0.00628624 0.00826087 -0.0194857 -0.0137778 -0.00399185 0.00189558 0.00223817 0.00583445 0.0112812 -0.00950725 0.000394951
internal_weight=342989 33685 32026 5415 2576 2839 2160 1473 1245 26611 9701 4808 690 309304
internal_count=342989 33685 32026 5415 2576 2839 2160 1473 1245 26611 9701 4808 690 309304
is_linear=0
shrinkage=0.04


Tree=101
num_leaves=15
num_cat=0
split_feature=1 3 3 1 0 1 3 0 0 10 1 3 10 3
split_gain=47.8903 1342.35 179.359 687.567 355.832 110.915 179.437 132.168 109.684 133.976 103.228 1308 454.061 412.857
threshold=28.389045614766683 24.672046000000005 33.187637500000008 31.014107351622158 5.0902750622516821 37.592899134100513 27.840278000000001 11.006347547901216 3.3096373839198434 -30.307074194298515 19.517224047937223 19.914018500000005 -22.111720285415938 18.108922500000002
decision_type=2 2 2 2 2 2 2 2 2 2 2 2 2 2
left_child=10 -2 3 4 8 6 -5 -8 -3 -10 -1 12 -12 -14
right_child=1 2 -4 5 -6 -7 7 -9 9 -11 11 -13 13 -15
leaf_value=0 -0.085943014438500498 0.049631120550763436 0.00082537578878862008 -0.04794273431859894 -0.0034905105252767423 -0.14810212354809779 -0.001113470506537137 -0.12717025524988598 -0.011175716194895128 0.017599845974208272 -0.084848425585094672 0.0014496312883838336 -0.038708797468648179 0.0044891933508828096
leaf_weight=271478 1745 501 27353 630 1187 523 867 173 164 560 1425 34023 888 1250
leaf_count=271478 1745 501 27353 630 1187 523 867 173 164 560 1425 34023 888 1250
internal_value=0.000224759 -0.00120701 0.000658364 -0.00664495 0.00809287 -0.0228545 -0.0178204 -0.00761538 0.0232163 0.0132597 0.000380892 0.00234555 -0.0207129 -0.00905519
internal_weight=342767 33703 31958 4605 2412 2193 1670 1040 1225 724 309064 37586 3563 2138
internal_count=342767 33703 31958 4605 2412 2193 1670 1040 1225 724 309064 37586 3563 2138
is_linear=0
shrinkage=0.04


Tree=102
num_leaves=15
num_cat=0
split_feature=10 3 3 1 8 1 3 0 1 3 0 3 3 1
split_gain=45.7664 1220.03 189.627 447.685 218.061 116.954 126.816 109.165 100.585 178.983 207.164 95.2745 234.186 1273.86
threshold=-29.181524396280938 26.148244500000004 33.187637500000008 31.796539528196728 0.1116278914969893 36.361123937222018 30.648052000000003 15.331726938657855 30.287139260284089 23.961016500000003 4.4890892536521774 29.772667000000002 23.780075000000004 22.834817375665128
decision_type=2 2 2 2 2 2 2 2 2 2 2 2 2 2
left_child=1 8 3 4 -3 6 -5 -8 9 -1 -11 12 13 -2
right_child=11 2 -4 5 -6 -7 7 -9 -10 10 -12 -13 -14 -15
leaf_value=-0.074696439305548784 0 0.050030623384265907 0.00089525732542849296 -0.036062267194067354 -0.0016500743054127587 -0.12794291598958121 0.0081738892275457862 -0.10764067061828772 -0.083500398034060619 0.014077649783029483 -0.014195589848520304 0 0 -0.030772116907854644
leaf_weight=406 189758 355 25816 516 1039 667 349 80 1288 183 182 83175 33453 5796
leaf_count=406 189758 355 25816 516 1039 667 349 80 1288 183 182 83175 33453 5796
internal_value=0.000229346 -0.0012396 0.000885435 -0.00862275 0.00797704 -0.0229777 -0.0139259 0.00214452 -0.0309859 -0.019559 0.000767123 0.000374653 0.000795784 0.000266729
internal_weight=343063 30881 28822 3006 1394 1612 945 429 2059 771 365 312182 229007 195554
internal_count=343063 30881 28822 3006 1394 1612 945 429 2059 771 365 312182 229007 195554
is_linear=0
shrinkage=0.04


Tree=103
num_leaves=15
num_cat=0
split_feature=0 3 2 2 3 1 3 10 10 3 3 1 10 3
split_gain=51.2332 1057.35 295.306 191.856 172.933 493.149 197.109 353.802 172.145 308.974 691.742 541.006 229.482 716.322
threshold=4.7736095133496415 5.294385000000001 65.369899500000017 157.5327685 13.301914500000001 12.56430971764591 10.248684000000003 -9.0930687114834523 -3.8132425180774661 8.5371195000000011 4.9735495000000007 4.5612905323432082 -30.307074194298515 26.921210000000006
decision_type=2 2 2 2 2 2 2 2 2 2 2 2 2 2
left_child=8 -2 -3 4 5 6 7 -4 9 10 11 -1 13 -11
right_child=1 2 3 -5 -6 -7 -8 -9 -10 12 -12 -13 -14 -15
leaf_value=0.0010937710141805555 -0.014550059477233576 0.0013234472577912282 -0.030568385710822651 -0.0012868191019355607 8.2800516923900447e-05 -0.018990450991544668 0.00245705069532155 0.00031039458198092653 0 -0.072925960582970392 0.014148088771204948 -0.0062960125224355594 0.00044645752309479663 0.00025552009851154909
leaf_weight=1544 1136 2279 667 5617 98499 1038 2131 1490 183290 1088 2456 721 35480 5623
leaf_count=1544 1136 2279 667 5617 98499 1038 2131 1490 183290 1088 2456 721 35480 5623
internal_value=0.00022072 -0.000477418 -8.70024e-05 -0.000383765 5.77895e-06 -0.00701465 -0.00102612 -0.0095503 0.000562984 0.0027251 0.0124296 -0.00351435 0.00163921 -0.00514379
internal_weight=343059 112857 111721 109442 103825 5326 4288 2157 230202 46912 4721 2265 42191 6711
internal_count=343059 112857 111721 109442 103825 5326 4288 2157 230202 46912 4721 2265 42191 6711
is_linear=0
shrinkage=0.04


Tree=104
num_leaves=15
num_cat=0
split_feature=10 3 3 10 8 10 3 9 3 1 8 2 10 3
split_gain=38.8716 1122.64 192.178 421.659 203.476 129.918 118.283 116.437 112.41 171.013 206.083 98.3937 125.352 119.653
threshold=-29.181524396280938 26.148244500000004 33.187637500000008 -31.362127675208161 0.1116278914969893 -36.896029689213442 27.999923500000005 0.67228809822086288 24.328270500000006 30.654929541939413 0.15086310362180802 123.13933950000002 -38.637158446070323 84.532048000000017
decision_type=2 2 2 2 2 2 2 2 2 2 2 2 2 2
left_child=1 8 3 5 -5 -3 -7 -8 -1 10 -10 -4 -13 -14
right_child=-2 2 11 4 -6 6 7 -9 9 -11 -12 12 13 -15
leaf_value=-0.096266375626714557 0 -0.1274522595494392 0.00017093231428218003 0.057553224794715703 -0.00019545814035056399 -0.040844519512294293 -0.13102797156674856 0.0001240646027000808 0.013496685490784515 -0.044157082900645878 -0.014976094376030877 0.00067581488439764751 0.0070862510392958209 -0.00041095619995448751
leaf_weight=1202 311936 597 17911 300 925 298 146 700 211 434 203 4197 2741 901
leaf_count=1202 311936 597 17911 300 925 298 146 700 211 434 203 4197 2741 901
internal_value=0.000217565 -0.00113892 0.000902633 -0.00873904 0.00924082 -0.02139 -0.0134965 -0.00586288 -0.0297366 -0.0185849 -0.000193237 0.0020132 0.00575073 0.0111807
internal_weight=342702 30766 28716 2966 1225 1741 1144 846 2050 848 414 25750 7839 3642
internal_count=342702 30766 28716 2966 1225 1741 1144 846 2050 848 414 25750 7839 3642
is_linear=0
shrinkage=0.04


Tree=105
num_leaves=15
num_cat=0
split_feature=0 3 1 2 10 3 10 3 1 3 9 3 1 2
split_gain=46.4874 1060.78 314.662 255.186 176.623 520.139 311.507 233.198 227.505 622.418 224.922 278.679 299.655 164.971
threshold=4.3766294665825898 5.219103500000001 4.5612905323432082 64.271999000000008 -3.8132425180774661 8.5371195000000011 -4.950948523980113 4.7374135000000006 30.654929541939413 26.921210000000006 0.9519785508063513 23.406865000000003 17.868886952580542 157.5327685
decision_type=2 2 2 2 2 2 2 2 2 2 2 2 2 2
left_child=4 2 -2 -3 5 6 -1 -8 10 -10 -7 12 -12 -5
right_child=1 3 -4 13 -6 8 7 -9 9 -11 11 -13 -14 -15
leaf_value=-0.011413290188111895 -2.6363803126852049e-05 0.0015344406881283193 -0.010800335232931106 3.0990543526489834e-05 0 0.00032760272602814583 0.00086418440832450294 0.016881097056993762 -0.071984220532628707 3.4536275962912531e-05 0.041913122339611225 0.094801897476530506 -0.025669399849017564 -0.0011689350355926853
leaf_weight=343 495 2164 1624 110118 183261 29430 908 1754 880 4422 358 590 589 5931
leaf_count=343 495 2164 1624 110118 183261 29430 908 1754 880 4422 358 590 589 5931
internal_value=0.000199261 -0.000434132 -0.0284851 6.86896e-05 0.000541757 0.00297601 0.0189684 0.0235913 0.001651 -0.00600528 0.00296186 0.017879 0.00443506 -0.000185094
internal_weight=342867 120332 2119 118213 222535 39274 3005 2662 36269 5302 30967 1537 947 116049
internal_count=342867 120332 2119 118213 222535 39274 3005 2662 36269 5302 30967 1537 947 116049
is_linear=0
shrinkage=0.04


Tree=106
num_leaves=15
num_cat=0
split_feature=0 3 0 2 10 3 3 1 1 3 9 3 1 3
split_gain=43.8561 1016.24 303.669 251.979 165.925 494.083 288.201 290.253 212.572 601.771 226.872 286.392 303.465 163.558
threshold=4.3766294665825898 5.219103500000001 4.61127045057549 64.271999000000008 -3.8132425180774661 8.5371195000000011 4.9735495000000007 4.659220200866022 30.654929541939413 26.921210000000006 0.9519785508063513 23.235861500000002 17.74464941391679 8.5371195000000011
decision_type=2 2 2 2 2 2 2 2 2 2 2 2 2 2
left_child=4 2 -2 -3 5 6 7 -1 10 -10 -7 12 -12 -5
right_child=1 3 -4 13 -6 8 -8 -9 9 -11 11 -13 -14 -15
leaf_value=0.0018801714427163379 -0.00042713805064539085 0.001516233065179805 -0.010752959877206805 0.0044645560175171411 0 0.00032089184757478408 0.018851607842591975 -0.013002581943053333 -0.069652053404442055 4.1939109650234733e-05 0.041503546263917682 0.08638316657559976 -0.025937551775697454 -6.2911485562876902e-05
leaf_weight=1200 666 2180 1425 1199 183323 29510 1541 257 870 4394 327 637 563 114888
leaf_count=1200 666 2180 1425 1199 183323 29510 1541 257 870 4394 327 637 563 114888
internal_value=0.000194414 -0.000420745 -0.0280631 6.79818e-05 0.000526992 0.00288557 0.0184923 0.00573782 0.00159665 -0.00583587 0.00285723 0.0178913 0.00323596 -0.000185034
internal_weight=342980 120358 2091 118267 222622 39299 2998 1457 36301 5264 31037 1527 890 116087
internal_count=342980 120358 2091 118267 222622 39299 2998 1457 36301 5264 31037 1527 890 116087
is_linear=0
shrinkage=0.04


Tree=107
num_leaves=15
num_cat=0
split_feature=9 3 0 1 3 3 1 3 0 10 1 3 1 10
split_gain=46.9834 77.8264 248.801 78.6161 1419.92 205.759 365.385 543.117 186.057 179.817 147.396 459.798 135.225 129.054
threshold=0.48819308244923837 4.4134305000000014 3.9789887212128257 14.412830056219777 15.667166500000002 17.413823500000003 11.622463337722937 13.203879000000002 0.82277011796926802 -1.0580475844035397 16.063221830194568 18.447960000000005 13.536266175695545 -13.978759310903472
decision_type=2 2 2 2 2 2 2 2 2 2 2 2 2 2
left_child=1 2 -1 5 -5 6 -3 -8 -7 12 -6 -12 -10 -9
right_child=-2 3 -4 4 10 8 7 13 9 -11 11 -13 -14 -15
leaf_value=8.7004584224588574e-06 0 1.7035510272223003e-05 -0.0051735540039074658 -0.034557624898703308 0.0018211675315572035 0.00014146184664743381 -0.007408836104595069 -0.00010289036632403853 -0.0001553841344635385 -0.00027514912022197466 -0.028359294434664922 -3.2061771801105561e-06 0.0023683964884358218 0.0067659507368215809
leaf_weight=1537 224735 40506 555 1929 4207 1491 830 948 30393 973 967 26670 1185 6123
leaf_count=1537 224735 40506 555 1929 4207 1491 830 948 30393 973 967 26670 1185 6123
internal_value=0.000184697 -0.00046047 -0.00810707 -0.00032283 -0.0019483 0.000343 0.00201872 0.00988736 -0.00203983 -0.00267273 7.03429e-05 -0.000991425 -0.00215086 0.0134804
internal_weight=343049 118314 2092 116222 33773 82449 48407 7901 34042 32551 31844 27637 31578 7071
internal_count=343049 118314 2092 116222 33773 82449 48407 7901 34042 32551 31844 27637 31578 7071
is_linear=0
shrinkage=0.04


Tree=108
num_leaves=15
num_cat=0
split_feature=1 3 2 3 10 3 8 1 9 1 3 10 3 8
split_gain=43.6144 1323.85 131.2 275.545 240.607 436.15 210.858 121.501 106.043 100.305 1240.54 336.045 298.5 308.461
threshold=28.197995928401017 24.328270500000006 116.43424600000002 34.608472500000005 -30.307074194298515 27.3707095 0.1116278914969893 31.401247492498598 0.18610832364700255 19.517224047937223 19.408190000000001 -22.111720285415938 17.943532000000005 0.25703465860151514
decision_type=2 2 2 2 2 2 2 2 2 2 2 2 2 2
left_child=9 -2 3 7 5 -4 -6 -3 -5 -1 11 -11 -13 -14
right_child=1 2 4 8 6 -7 -8 -9 -10 10 -12 12 13 -15
leaf_value=0 -0.080336988051497957 -0.0026534086235064269 -0.031789052411752408 0.0031100614493159585 0.045683471373238735 0.0011679667710745806 0.003628028553106889 -0.1235349674678231 -0.0009151657593481305 -0.088230196001010189 0.0013670109422460697 -0.040168300018613032 0.012649609400923563 -0.028466032851803203
leaf_weight=271668 1673 886 834 2444 419 16174 2447 575 8937 1164 33886 765 609 398
leaf_count=271668 1673 886 834 2444 419 16174 2447 575 8937 1164 33886 765 609 398
internal_value=0.000217103 -0.00113408 0.000640665 -0.00251051 0.00267686 0.000870179 0.0133985 -0.0188638 -0.000411212 0.000367727 0.00232687 -0.0226158 -0.0116479 0.00266137
internal_weight=342879 34389 32716 12842 19874 17008 2866 1461 11381 308490 36822 2936 1772 1007
internal_count=342879 34389 32716 12842 19874 17008 2866 1461 11381 308490 36822 2936 1772 1007
is_linear=0
shrinkage=0.04


Tree=109
num_leaves=15
num_cat=0
split_feature=1 3 3 1 0 10 3 0 0 2 1 3 3 1
split_gain=48.4833 1129.29 169.882 513.597 264.23 129.209 151.777 152.172 101.636 96.3291 153.701 157.682 116.294 89.9755
threshold=29.017360926486049 25.381714000000002 33.187637500000008 31.014107351622158 5.5800026387672137 -36.896029689213442 27.999923500000005 16.652142971871189 1.9309957241577054 120.94099800000002 39.443599115447022 36.413412500000007 79.374893500000027 19.517224047937223
decision_type=2 2 2 2 2 2 2 2 2 2 2 2 2 2
left_child=13 -2 3 4 -3 -5 -7 -8 -4 -10 12 -12 -11 -1
right_child=1 2 8 5 -6 6 7 -9 9 10 11 -13 -14 -15
leaf_value=0 -0.061662721594255461 0.023823868616081576 0.16976665334824412 -0.11998591510055363 -0.0050626421126699454 -0.034784584209517647 0.0019341126140869744 -0.11937838516932406 -0.00022511265671196407 0.0063312254041378978 -0.043686833135300723 0.00085666539961605005 -0.00057883264698001843 0.00068071071875376869
leaf_weight=271526 1779 855 156 586 573 547 784 164 16082 3523 259 5151 961 39801
leaf_count=271526 1779 855 156 586 573 547 784 164 16082 3523 259 5151 961 39801
internal_value=0.00018626 -0.00131127 0.00054654 -0.0077173 0.0107563 -0.020394 -0.0141538 -0.00447257 0.00165621 0.00146289 0.00456843 2.95749e-05 0.0100446 0.000337394
internal_weight=342747 31420 29641 3509 1428 2081 1495 948 26132 25976 9894 5410 4484 311327
internal_count=342747 31420 29641 3509 1428 2081 1495 948 26132 25976 9894 5410 4484 311327
is_linear=0
shrinkage=0.04


Tree=110
num_leaves=15
num_cat=0
split_feature=0 3 2 2 1 0 3 10 2 1 3 3 2 9
split_gain=46.1054 1064.27 307.097 163.463 162.162 166.941 150.116 715.621 178.546 397.785 758.438 368.909 225.18 213.238
threshold=4.7353604216389238 5.294385000000001 65.369899500000017 157.5327685 15.030165368240867 5.972643403058445 13.692013500000002 -13.978759310903472 88.854370500000016 14.689616672251329 18.108922500000002 17.250080500000003 108.02563450000001 0.00023086222197205022
decision_type=2 2 2 2 2 2 2 2 2 2 2 2 2 2
left_child=-1 -2 -3 6 -5 -6 7 -4 -8 11 -11 -10 13 -13
right_child=1 2 3 4 5 -7 8 -9 9 10 -12 12 -14 -15
leaf_value=0 -0.012039492340325919 0.0012286623553334028 -0.031121053211953749 0.00048273631355240821 0.008553207923480249 -0.0020163319841710898 -0.00027460494653760715 -0.00012856500590987974 0.009532920537183279 -0.01649936615170745 0.00030815011240155983 -0.0014697647635152611 -0.00068373035249745138 0.0023820292598628742
leaf_weight=229416 1197 2321 965 2103 727 2833 20517 5797 5799 3605 60488 799 3232 3085
leaf_count=229416 1197 2321 965 2103 727 2833 20517 5797 5799 3605 60488 799 3232 3085
internal_value=0.000182219 -0.000477315 -7.73129e-05 -0.000381264 -0.00699982 -0.0122022 -2.18627e-05 -0.00578527 0.000377749 0.00126117 -2.93324e-05 0.00766551 0.00156268 0.00805355
internal_weight=342884 113468 112271 109950 5663 3560 104287 6762 97525 77008 64093 12915 7116 3884
internal_count=342884 113468 112271 109950 5663 3560 104287 6762 97525 77008 64093 12915 7116 3884
is_linear=0
shrinkage=0.04


Tree=111
num_leaves=15
num_cat=0
split_feature=0 3 2 3 10 3 10 0 3 3 10 10 2 3
split_gain=52.1612 1046.12 287.637 156.092 906.788 201.804 430.421 236.65 169.945 153.06 838.756 281.831 287.125 206.998
threshold=4.7353604216389238 5.219103500000001 65.369899500000017 13.799413500000002 -14.156060241522924 10.248684000000003 -9.0930687114834523 12.186033965047459 13.1005865 17.250080500000003 -15.056344747872782 -13.258862750539777 102.19323350000002 18.108922500000002
decision_type=2 2 2 2 2 2 2 2 2 2 2 2 2 2
left_child=-1 -2 -3 4 -4 6 -6 -7 -9 10 -5 12 -11 -14
right_child=1 2 3 9 5 7 -8 8 -10 11 -12 -13 13 -15
leaf_value=0 -0.012381920524963513 0.0011619969698367383 -0.032257958521936463 -0.019105386116999121 -0.031814066890953549 0.0026133409251322048 0.00044096129218439638 -0.010580689357150664 -0.00013903307122022036 0.0018542291365406538 0.0030287391577075457 -0.00039767790245770387 -0.017108453236002553 -4.641839976019746e-05
leaf_weight=229760 1144 2324 1205 2398 825 3597 1727 283 497 9017 11311 17488 1144 60556
leaf_count=229760 1144 2324 1205 2398 825 3597 1727 283 497 9017 11311 17488 1144 60556
internal_value=0.000157424 -0.000544064 -0.000156623 -0.000450712 -0.00578313 -0.000213595 -0.00915361 0.00499886 -0.0149744 -2.51192e-05 0.00390692 -0.000636245 0.000488143 -0.000486224
internal_weight=343276 113516 112372 110048 8134 6929 2552 4377 780 101914 13709 88205 70717 61700
internal_count=343276 113516 112372 110048 8134 6929 2552 4377 780 101914 13709 88205 70717 61700
is_linear=0
shrinkage=0.04


Tree=112
num_leaves=15
num_cat=0
split_feature=0 3 2 3 10 3 1 0 3 1 10 2 0 1
split_gain=54.4275 1045.83 282.645 151.665 1270.97 246.052 430.098 261.297 244.683 458.73 260.447 266.875 189.223 233.664
threshold=4.7353604216389238 5.219103500000001 65.369899500000017 14.777745500000002 -14.156060241522924 9.9078580000000027 8.8160175345648764 12.618175981727136 17.250080500000003 15.383087948775342 -13.258862750539777 102.19323350000002 8.6242689563237196 13.403443337268241
decision_type=2 2 2 2 2 2 2 2 2 2 2 2 2 2
left_child=-1 -2 -3 4 -4 6 -6 -7 9 12 11 -10 13 -5
right_child=1 2 3 8 5 7 -8 -9 10 -11 -12 -13 -14 -15
leaf_value=0 -0.011670511592181387 0.001143880407612151 -0.026778715251296829 -0.00063845679077021973 0.00054796062536468875 0.0021572401950869049 -0.030658482398540052 -0.0023620326527558923 0.0018504486965100287 -0.012663323757688028 -0.00037819407082509665 -0.0001174214247315844 0.010375040251308356 0.03386653609136929
leaf_weight=229179 1143 2326 2226 2212 1398 6412 786 1036 9038 1434 17595 61739 5600 688
leaf_count=229179 1143 2326 2226 2212 1398 6412 786 1036 9038 1434 17595 61739 5600 688
internal_value=0.000184591 -0.000531184 -0.000144368 -0.000435714 -0.00470906 0.00158638 -0.0102198 0.00504834 7.9751e-05 0.00603181 -0.000589327 0.000493381 0.00956235 0.00126897
internal_weight=342812 113633 112490 110164 11858 9632 2184 7448 98306 9934 88372 70777 8500 2900
internal_count=342812 113633 112490 110164 11858 9632 2184 7448 98306 9934 88372 70777 8500 2900
is_linear=0
shrinkage=0.04


Tree=113
num_leaves=15
num_cat=0
split_feature=8 5 2 2 9 0 3 10 3 10 10 10 8 3
split_gain=50.9811 85.7372 96.3993 70.07 262.73 205.375 152.536 975.821 288.578 316.225 547.823 198.347 170.123 138.457
threshold=0.5133082309487963 1.0000000180025095e-35 63.147055000000009 67.370460500000021 0.1139647299479475 3.0710198833254876 5.0560145000000007 -4.6539221676241658 8.5371195000000011 -3.8132425180774661 -4.950948523980113 -4.5186099208400154 0.80486470717531589 9.2076965000000026
decision_type=2 2 2 2 2 2 2 2 2 2 2 2 2 2
left_child=-1 2 -2 4 5 -3 7 -5 9 10 -8 13 -13 -10
right_child=1 3 -4 6 -6 -7 8 -9 11 -11 -12 12 -14 -15
leaf_value=0 0.01445497131105947 -2.0146942001653269e-05 -0.10906234576822919 -0.011197265550386311 0.00035369996413517991 0.00055810829849497448 -0.0039055458253231218 0.00029475095791675192 -0.0087373674294875577 -0.00024940695888408181 0.013235789489580143 0.0012653775870795072 -0.00032165188816002252 -8.5414804682259755e-05
leaf_weight=224466 51 28364 169 1263 336 8344 617 2598 830 1002 1899 317 4359 68047
leaf_count=224466 51 28364 169 1263 336 8344 617 2598 830 1002 1899 317 4359 68047
internal_value=0.000165411 -0.000506955 -0.0254545 -0.000460433 0.000980456 0.000658167 -0.00111995 -0.00887853 -0.000731274 0.0104605 0.0180286 -0.00126657 -0.00923867 -0.000725351
internal_weight=342662 118196 220 117976 37044 36708 80932 3861 77071 3518 2516 73553 4676 68877
internal_count=342662 118196 220 117976 37044 36708 80932 3861 77071 3518 2516 73553 4676 68877
is_linear=0
shrinkage=0.04


Tree=114
num_leaves=15
num_cat=0
split_feature=0 3 2 2 1 3 1 2 1 3 9 9 1 3
split_gain=53.1267 962.441 252.135 157.559 163.033 145.384 695.934 162.482 328.886 570.477 272.119 351.354 194.908 311.273
threshold=4.7736095133496415 5.3639100000000006 65.369899500000017 157.5327685 9.4189745322546532 13.799413500000002 14.0228059562011 88.854370500000016 14.689616672251329 18.108922500000002 1.3536710569583834e-05 0.00023086222197205022 18.932515541212577 16.067137500000005
decision_type=2 2 2 2 2 2 2 2 2 2 2 2 2 2
left_child=-1 -2 -3 5 -5 6 -4 -7 10 12 -9 -12 13 -10
right_child=1 2 3 4 -6 7 -8 8 9 -11 11 -13 -14 -15
leaf_value=0 -0.010724934305665861 0.0010775513901999116 -0.00011395424486434047 0.033865331423107048 -0.0013626568427931322 -0.00025089450760881901 -0.0276715950551687 0.012897893955609575 -0.024244623617285372 0.00027529863030270385 -0.0073641349382865175 0.00096943579925315828 -0.053818725751949729 0.00044656530354300009
leaf_weight=229949 1194 2285 5842 232 5350 20409 1010 2603 1335 60280 541 9611 616 1558
leaf_count=229949 1194 2285 5842 232 5350 20409 1010 2603 1335 60280 541 9611 616 1558
internal_value=0.000184823 -0.000525933 -0.000143993 -0.000418697 -0.00696525 -6.66635e-05 -0.00569761 0.000331295 0.00117684 4.38947e-06 0.00704038 0.00408195 -0.015674 -0.0113239
internal_weight=342815 112866 111672 109387 5582 103805 6852 96953 76544 63789 12755 10152 3509 2893
internal_count=342815 112866 111672 109387 5582 103805 6852 96953 76544 63789 12755 10152 3509 2893
is_linear=0
shrinkage=0.04


Tree=115
num_leaves=15
num_cat=0
split_feature=0 3 2 10 3 3 1 0 1 3 9 3 10 9
split_gain=62.9389 998.982 271.548 150.364 303.898 598.169 391.118 240.059 179.639 572.454 235.909 283.51 283.643 189.421
threshold=4.7353604216389238 5.3639100000000006 65.369899500000017 -3.8132425180774661 8.5371195000000011 4.9735495000000007 4.5612905323432082 4.0871892100056204 30.654929541939413 26.921210000000006 0.9519785508063513 23.406865000000003 -17.600062444337073 0.18180069971713211
decision_type=2 2 2 2 2 2 2 2 2 2 2 2 2 2
left_child=3 -2 -3 4 5 6 7 -1 10 -10 13 12 -12 -6
right_child=1 2 -4 -5 8 -7 -8 -9 9 -11 11 -13 -14 -15
leaf_value=0.0062085775847640773 -0.0096728551114457079 0.0010824748354082911 -0.00010192678669635067 0 -0.00025146201153326261 0.012956698405187615 -0.0045478926335093773 -0.00025183626230684873 -0.0623826409147814 0.00012824219642588037 -0.018561945997208142 0.085982488425802792 0.040726736453551363 0.00066261589608833718
leaf_weight=568 1302 2338 109936 183376 4683 2402 640 956 919 5346 628 602 315 29154
leaf_count=568 1302 2338 109936 183376 4683 2402 640 956 919 5346 628 602 315 29154
internal_value=0.000153162 -0.000617032 -0.00021305 0.000534172 0.0025733 0.0123697 -0.00288355 0.00813648 0.00149927 -0.00474381 0.00260471 0.01789 0.00419936 0.00190679
internal_weight=343165 113576 112274 229589 46213 4566 2164 1524 41647 6265 35382 1545 943 33837
internal_count=343165 113576 112274 229589 46213 4566 2164 1524 41647 6265 35382 1545 943 33837
is_linear=0
shrinkage=0.04


Tree=116
num_leaves=15
num_cat=0
split_feature=8 10 3 0 10 3 1 3 1 3 3 10 8 10
split_gain=57.3875 84.8537 71.6049 217.397 67.8413 1349.05 171.471 396.44 150.212 337.14 372.709 176.826 191.271 143.407
threshold=0.5133082309487963 12.750195000000001 4.4134305000000014 3.9437913608092052 -14.351293489892521 15.667166500000002 16.063221830194568 18.274918500000002 11.622463337722937 12.987567500000003 17.250080500000003 -13.258862750539777 0.99744136941068751 -12.591228453771135
decision_type=2 2 2 2 2 2 2 2 2 2 2 2 2 2
left_child=-1 2 3 -2 5 -4 -7 -8 -6 -10 13 -12 -13 -11
right_child=1 -3 4 -5 8 6 7 -9 9 10 11 12 -14 -15
leaf_value=0 4.2260806664660978e-07 -0.081335706206684469 -0.02868329909769957 -0.004174033047369176 -1.6993353964747173e-05 0.0019413085408659446 -0.028412398494384261 -5.0019683718850183e-05 -0.010345075359204578 0.0022911878962535892 0.001753555862593352 0.00013770376937067674 -0.0022693662635794318 0.0094004466802215057
leaf_weight=224980 1531 161 1992 570 69565 4323 868 26638 445 4655 1526 1705 1666 2611
leaf_count=224980 1531 161 1992 570 69565 4323 868 26638 445 4655 1526 1705 1666 2611
internal_value=0.000167465 -0.000545934 -0.000506372 -0.00782485 -0.000373812 -0.00188167 0.000116875 -0.00104704 0.000246796 0.00426396 0.00551509 -0.00301409 -0.00812815 0.0112634
internal_weight=343236 118256 118095 2101 115994 33821 31829 27506 82173 12608 12163 4897 3371 7266
internal_count=343236 118256 118095 2101 115994 33821 31829 27506 82173 12608 12163 4897 3371 7266
is_linear=0
shrinkage=0.04


Tree=117
num_leaves=15
num_cat=0
split_feature=8 2 9 10 1 3 10 3 1 3 1 1 1 9
split_gain=54.4359 87.5583 263.837 223.772 180.532 117.506 123.813 117.481 999.945 336.28 319.26 461.505 173.395 246.851
threshold=0.5133082309487963 67.370460500000021 0.1139647299479475 -1.4608536040334437 2.9288155093069776 22.942570500000006 -11.06957047957124 5.0560145000000007 4.659220200866022 8.5371195000000011 4.9710005670038981 3.8228721600541671 6.9303300295738035 0.18180069971713211
decision_type=2 2 2 2 2 2 2 2 2 2 2 2 2 2
left_child=-1 2 4 7 -2 -6 -7 8 -3 10 11 -9 13 -11
right_child=1 3 -4 -5 5 6 -8 9 -10 12 -12 -13 -14 -15
leaf_value=0 -1.6158316924686439e-05 0.00033691893925854574 0.00033599544861256367 -0.0032106801422264776 0.00027429996679645104 -0.00099746548535944958 0.0010158691822580853 -0.00018104668393469249 -0.01016813056006313 -0.00033209713554600362 -0.0037302853708886937 0.012314799321556028 -0.00011639735212034929 0.00019431567611129984
leaf_weight=224637 28063 2514 346 333 5959 247 2643 923 1248 9085 576 1921 62283 2122
leaf_count=224637 28063 2514 346 333 5959 247 2643 923 1248 9085 576 1921 62283 2122
internal_value=0.000161213 -0.000533387 0.00107145 -0.00127153 0.000745557 0.0057272 0.012346 -0.00113645 -0.00803828 -0.000798856 0.011462 0.016962 -0.00136944 -0.00594985
internal_weight=342900 118263 37258 81005 36912 8849 2890 80672 3762 76910 3420 2844 73490 11207
internal_count=342900 118263 37258 81005 36912 8849 2890 80672 3762 76910 3420 2844 73490 11207
is_linear=0
shrinkage=0.04


Tree=118
num_leaves=15
num_cat=0
split_feature=0 3 2 3 1 3 1 0 3 1 1 2 1 8
split_gain=58.4852 932.095 239.438 162.466 1137.82 201.768 376.227 243.824 190.544 409.958 242.467 235.699 180.5 305.864
threshold=4.7736095133496415 5.3639100000000006 65.369899500000017 14.679868500000001 14.147084624732022 9.9078580000000027 8.8160175345648764 12.831098253210957 17.250080500000003 15.383087948775342 13.267555954595473 102.19323350000002 34.279887573158966 0.91443415961342078
decision_type=2 2 2 2 2 2 2 2 2 2 2 2 2 2
left_child=-1 -2 -3 4 5 6 -4 -7 9 -5 -10 12 13 -12
right_child=1 2 3 8 -6 7 -8 -9 10 -11 11 -13 -14 -15
leaf_value=0 -0.0097999425486032608 0.00095433557392196448 0.00084818900148655508 0.0038705489449771427 -0.024690322208453023 0.001840940024696413 -0.028641524380194003 -0.0028342882636981748 -0.0003383456393405339 -0.011867719561714453 0.004978935085510886 -9.9253964542005138e-05 -0.0093942403406884721 0.00037822222238005274
leaf_weight=230059 1220 2297 1189 8848 2108 6316 755 792 17406 1485 3338 61273 815 4911
leaf_count=230059 1220 2297 1189 8848 2108 6316 755 792 17406 1485 3338 61273 815 4911
internal_value=0.00017549 -0.000570805 -0.000190437 -0.000459189 -0.00503226 0.00113124 -0.0102881 0.00425436 6.1177e-05 0.00519888 -0.000543861 0.000502154 0.00652251 0.00829676
internal_weight=342812 112753 111533 109236 11160 9052 1944 7108 98076 10333 87743 70337 9064 8249
internal_count=342812 112753 111533 109236 11160 9052 1944 7108 98076 10333 87743 70337 9064 8249
is_linear=0
shrinkage=0.04


Tree=119
num_leaves=15
num_cat=0
split_feature=8 2 9 10 10 3 1 3 1 1 1 9 2 8
split_gain=48.3696 84.3471 247.135 214.655 172.127 131.964 911.415 313.502 320.385 423.204 164.158 208.466 179 134.371
threshold=0.5133082309487963 67.370460500000021 0.1139647299479475 -1.3583937360925999 -2.9601942993412655 5.0560145000000007 4.659220200866022 8.5371195000000011 4.9710005670038981 3.8228721600541671 6.9303300295738035 0.18180069971713211 83.871868000000021 0.78233039371580249
decision_type=2 2 2 2 2 2 2 2 2 2 2 2 2 2
left_child=-1 2 4 5 -2 6 -3 8 9 -7 11 -9 -13 -14
right_child=1 3 -4 -5 -6 7 -8 10 -10 -11 -12 12 13 -15
leaf_value=0 0.00049740959311996664 0.00031307227077996438 0.00032667956428136146 -0.0131731391676907 -1.5385808665290078e-05 -0.00016550014255145942 -0.0094137956111699245 -0.00031677899455212434 -0.0039766083081482816 0.01165549523880488 -9.4510902849974105e-05 0.0029705343501721551 9.0891743012455552e-05 -0.00024873772076398893
leaf_weight=224855 8800 2514 340 304 28122 914 1250 9059 576 1946 62188 552 1207 319
leaf_count=224855 8800 2514 340 304 28122 914 1250 9059 576 1946 62188 552 1207 319
internal_value=0.00019315 -0.000462355 0.00111212 -0.00118819 0.000799523 -0.00106153 -0.00837407 -0.000702961 0.0111059 0.0165874 -0.00125632 -0.00572865 0.00569779 -0.00136304
internal_weight=342946 118091 37262 80829 36922 80525 3764 76761 3436 2860 73325 11137 2078 1526
internal_count=342946 118091 37262 80829 36922 80525 3764 76761 3436 2860 73325 11137 2078 1526
is_linear=0
shrinkage=0.04


Tree=120
num_leaves=15
num_cat=0
split_feature=0 3 2 3 10 3 10 0 3 0 10 2 10 10
split_gain=64.3318 882.459 189.343 169.824 1067.16 188.746 291.013 211.153 181.334 427.063 229.348 236.033 209.101 165.679
threshold=4.8143465130287071 5.4458620000000009 65.369899500000017 14.679868500000001 -14.156060241522924 9.5436185000000027 -8.8518270861775896 12.831098253210957 17.185387500000001 14.644639088636707 -13.258862750539777 102.19323350000002 -16.397815533869217 -34.319537069729229
decision_type=2 2 2 2 2 2 2 2 2 2 2 2 2 2
left_child=-1 -2 -3 4 -4 6 -6 -7 9 12 11 13 -5 -10
right_child=1 2 3 8 5 7 -8 -9 10 -11 -12 -13 -14 -15
leaf_value=0 -0.0093063745433676834 0.00083901966705960925 -0.024015193996643251 -0.015190254904125806 -0.034241451947808782 0.0015720466895688279 0.00034086998127794285 -0.0027015303953700264 -0.0092877460124309932 -0.021601855164083958 -0.00034015555930240048 -0.00011449536483892464 0.0039803215492611715 0.0020012759104628373
leaf_weight=231150 1166 2183 2086 443 544 6745 864 815 783 759 17476 61116 8640 8236
leaf_count=231150 1166 2183 2086 443 544 6745 864 815 783 759 17476 61116 8640 8236
internal_value=0.000138073 -0.000649406 -0.000284759 -0.000519413 -0.00521802 0.000776093 -0.0126705 0.00328042 1.3545e-05 0.00516155 -0.000564769 0.000456833 0.00757019 0.00649739
internal_weight=343006 111856 110690 108507 11054 8968 1408 7560 97453 9842 87611 70135 9083 9019
internal_count=343006 111856 110690 108507 11054 8968 1408 7560 97453 9842 87611 70135 9083 9019
is_linear=0
shrinkage=0.04


Tree=121
num_leaves=15
num_cat=0
split_feature=0 3 2 3 10 3 1 0 3 3 0 1 0 10
split_gain=68.859 800.48 189.203 161.782 1030.87 202.608 253.31 184.228 175.778 160.713 381.945 229.259 196.175 288.815
threshold=4.8612768235153023 5.4458620000000009 65.369899500000017 14.679868500000001 -14.156060241522924 9.5436185000000027 8.8160175345648764 12.300322719515504 13.1005865 17.250080500000003 14.644639088636707 15.755252989310959 8.6242689563237196 -13.448758505188787
decision_type=2 2 2 2 2 2 2 2 2 2 2 2 2 2
left_child=-1 -2 -3 4 -4 6 -6 -7 -9 10 11 12 13 -5
right_child=1 2 3 9 5 7 -8 8 -10 -11 -12 -13 -14 -15
leaf_value=0 -0.0097214759916686069 0.00082755254206474786 -0.02268579741833248 0.028395535108164456 0.00010786734224325398 0.0017458802120955215 -0.031374961955237472 -0.009902326627114549 -0.00046244003507665886 -0.00011843811844121144 -0.01988655166017092 -0.0076099050297963747 0.010054396369326278 -0.00089878134110719888
leaf_weight=231779 1022 2173 2091 815 808 6229 559 257 1049 86939 800 830 5549 2308
leaf_count=231779 1022 2173 2091 815 808 6229 559 257 1049 86939 800 830 5549 2308
internal_value=0.000125405 -0.000691741 -0.000365557 -0.000600181 -0.00519967 0.000736913 -0.0134309 0.00330723 -0.0103522 -8.02131e-05 0.00464376 0.00687855 0.00880074 0.0007813
internal_weight=343208 111429 110407 108234 10993 8902 1367 7535 1306 97241 10302 9502 8672 3123
internal_count=343208 111429 110407 108234 10993 8902 1367 7535 1306 97241 10302 9502 8672 3123
is_linear=0
shrinkage=0.04


Tree=122
num_leaves=15
num_cat=0
split_feature=0 3 2 3 1 3 1 0 0 1 3 3 1 10
split_gain=67.6919 729.306 164.47 166.099 1118.2 197.966 242.089 227.614 195.224 311.072 218.035 194.769 295.562 214.396
threshold=4.9078253823885527 5.4458620000000009 65.369899500000017 15.179029000000002 14.285667822093833 9.5436185000000027 8.8160175345648764 13.327897732153074 10.300783948390187 15.383087948775342 13.598392000000002 17.250080500000003 17.057530504872449 -13.258862750539777
decision_type=2 2 2 2 2 2 2 2 2 2 2 2 2 2
left_child=-1 -2 -3 4 5 6 -4 -7 9 10 -6 12 -5 -13
right_child=1 2 3 11 8 7 -8 -9 -10 -11 -12 13 -14 -15
leaf_value=0 -0.010480418717531343 0.00079963030090958974 0.00013217887220355663 0.0035708949404407672 -0.010791071790855247 0.00141252777063854 -0.03160261048285834 -0.0029623706050747301 -0.028200702051294622 -0.030323180271660807 0.0083484587263691866 9.9337139654071267e-05 -0.041347394897962991 -0.00033062371317017558
leaf_weight=232650 881 2144 775 7992 173 8292 565 678 1406 571 310 69315 361 16969
leaf_count=232650 881 2144 775 7992 173 8292 565 678 1406 571 310 69315 361 16969
internal_value=0.000151217 -0.0006643 -0.000372794 -0.000591768 -0.00487392 0.000907856 -0.0134328 0.00305017 -0.0291057 -0.0160911 0.00753623 -1.3948e-05 0.00581827 -0.000578555
internal_weight=343082 110432 109551 107407 12770 10310 1340 8970 2460 1054 483 94637 8353 86284
internal_count=343082 110432 109551 107407 12770 10310 1340 8970 2460 1054 483 94637 8353 86284
is_linear=0
shrinkage=0.04


Tree=123
num_leaves=15
num_cat=0
split_feature=8 5 1 3 0 1 3 1 3 9 0 3 8 3
split_gain=67.4717 68.4378 143.92 66.6429 141.381 132.071 1097.54 177.776 336.954 286.344 180.728 126.844 111.937 175.284
threshold=0.5133082309487963 1.0000000180025095e-35 2.4314298828294221 49.538879000000001 4.61127045057549 14.689616672251329 15.958916500000003 17.359757931514622 18.447960000000005 0.0017913378410300276 9.6087173537018753 16.570660000000004 0.999293362912543 60.122991000000006
decision_type=2 2 2 2 2 2 2 2 2 2 2 2 2 2
left_child=-1 2 -2 5 -5 -3 -7 9 -9 11 -11 -8 -6 -14
right_child=1 3 -4 4 12 6 7 8 -10 10 -12 -13 13 -15
leaf_value=0 0.013831273716246501 -2.5374190365532943e-06 -0.10149613441973732 -0.00026508912020412225 0.00060906195238104039 -0.030045575642783238 -0.010371544078712094 -0.038088718293979536 -0.00056882906486204203 0.0036499018986176912 -0.00055326482476916619 0.0082022240418398954 0.00038351620059018208 -0.0050449807715380983
leaf_weight=224796 48 80915 172 1183 8331 1677 120 605 16716 585 4511 1961 723 645
leaf_count=224796 48 80915 172 1183 8331 1677 120 605 16716 585 4511 1961 723 645
internal_value=0.000153708 -0.000620008 -0.0229091 -0.000578442 0.00240397 -0.000881502 -0.00335129 -0.00120826 -0.00340165 0.00408527 -0.00102041 0.0165882 0.00399629 -0.00660819
internal_weight=342988 118192 220 117972 10882 107090 26175 24498 17321 7177 5096 2081 9699 1368
internal_count=342988 118192 220 117972 10882 107090 26175 24498 17321 7177 5096 2081 9699 1368
is_linear=0
shrinkage=0.04


Tree=124
num_leaves=15
num_cat=0
split_feature=8 1 3 10 3 3 3 1 1 8 9 3 8 10
split_gain=59.7302 65.275 1123.39 124.614 402.542 240.564 243.817 329.903 186.397 150.192 129.902 120.143 199.249 371.033
threshold=0.60200103669192806 14.689616672251329 16.165440000000004 -11.624717897140131 13.1005865 17.250080500000003 15.179029000000002 13.403443337268241 12.800784834223238 0.99744136941068751 0.2314541496437332 49.538879000000001 0.99998055286947085 -18.299430488965694
decision_type=2 2 2 2 2 2 2 2 2 2 2 2 2 2
left_child=-1 3 -3 4 -2 6 7 -6 9 -7 -9 12 -4 -14
right_child=1 2 11 -5 5 8 -8 10 -10 -11 -12 -13 13 -15
leaf_value=0 -0.0089588757889449682 -0.028785716972500212 -0.00094200192013780854 -2.520087666950284e-05 0.0029444540227741775 0.00018583596676629733 0.028725556959858612 -0.0039282882106118503 0.0012891952405499059 -0.0022311227551712778 0.0064949658679542615 0.0011435754746543197 -0.000950067726285358 0.006324427661086561
leaf_weight=232029 618 1550 14388 70920 2221 1093 3501 1033 2684 1263 137 5540 3876 2204
leaf_count=232029 618 1550 14388 70920 2221 1093 3501 1033 2684 1263 137 5540 3876 2204
internal_value=0.00017793 -0.000585078 -0.00227302 -2.77944e-05 0.00364622 0.00527657 0.0101335 0.00248894 -0.00136508 -0.00957555 -0.0147009 -0.000301446 -0.00171585 0.00435526
internal_weight=343057 111028 27558 83470 12550 11932 6892 3391 5040 2356 1170 26008 20468 6080
internal_count=343057 111028 27558 83470 12550 11932 6892 3391 5040 2356 1170 26008 20468 6080
is_linear=0
shrinkage=0.04


Tree=125
num_leaves=15
num_cat=0
split_feature=8 2 9 10 0 10 3 0 8 3 2 3 1 3
split_gain=62.022 78.1319 248.247 222.34 143.047 118.762 233.589 159.818 141.045 139.478 131.041 111.676 817.616 291.644
threshold=0.5133082309487963 67.370460500000021 0.1139647299479475 -1.4608536040334437 3.0710198833254876 -0.83269511733333179 23.043217000000002 2.3234206216430389 0.999900944854481 22.675074000000006 51.249118500000009 4.9735495000000007 4.659220200866022 8.5371195000000011
decision_type=2 2 2 2 2 2 2 2 2 2 2 2 2 2
left_child=-1 2 4 11 5 6 8 -8 -2 -7 -11 12 -3 -13
right_child=1 3 -4 -5 -6 9 7 -9 -10 10 -12 13 -14 -15
leaf_value=0 -0.0014348580978510528 0.00029820971536253182 0.00031460959603585059 -0.0031792498961578605 0.00044157065984775924 1.4034693722142603e-05 -0.00088415808561896961 0.00094652129544551232 -7.5284930971832376e-06 9.7937047184770306e-06 0.00026734631555809274 0.0014664828480184483 -0.008703173683314934 -0.00015850813931179029
leaf_weight=224862 568 2232 331 321 8351 11195 1573 443 13743 478 517 3822 1109 73506
leaf_count=224862 568 2232 331 321 8351 11195 1573 443 13743 478 517 3822 1109 73506
internal_value=0.000145868 -0.000595995 0.00092153 -0.001293 0.000611913 -0.000736403 -0.00296686 -0.0157143 -0.00117113 0.00225103 0.016603 -0.00116079 -0.00832086 -0.000851438
internal_weight=343051 118189 37199 80990 36868 28517 16327 2016 14311 12190 995 80669 3341 77328
internal_count=343051 118189 37199 80990 36868 28517 16327 2016 14311 12190 995 80669 3341 77328
is_linear=0
shrinkage=0.04


Tree=126
num_leaves=15
num_cat=0
split_feature=0 3 2 10 3 1 2 1 2 10 1 3 8 3
split_gain=67.1752 725.87 156.961 143.912 133.32 194.023 128.752 216.453 138.756 127.645 196.856 553.203 205.474 252.902
threshold=4.9078253823885527 9.2076965000000026 65.369899500000017 -7.0461833773530769 5.294385000000001 8.3969042276814196 157.5327685 9.9321120286633064 184.56597900000003 -3.8132425180774661 30.654929541939413 26.606695500000004 0.048364516813858886 23.406865000000003
decision_type=2 2 2 2 2 2 2 2 2 2 2 2 2 2
left_child=9 4 -3 6 -2 -6 -4 -8 -9 10 12 -12 13 -1
right_child=1 2 3 -5 5 -7 7 8 -10 -11 11 -13 -14 -15
leaf_value=0.008508904990839887 -0.01081097280063281 0.00074585015462931689 4.6375689490351094e-05 -0.00028475565551030455 -0.00029162427060686324 -0.028180626514848525 0.037534777811411429 -0.0016271857703987814 0.0010983617529386066 0 -0.062436966172674344 0.00026013604389252222 0.00042477296602331767 0.080793164410739124
leaf_weight=921 788 2078 96251 4600 666 492 240 4662 498 183238 900 6028 40833 592
leaf_count=921 788 2078 96251 4600 666 492 240 4662 498 183238 900 6028 40833 592
internal_value=0.000154732 -0.000658354 -0.000223394 -0.000436325 -0.0248715 -0.0162349 -0.000123167 -0.00613333 -0.00786047 0.000540359 0.00234769 -0.003903 0.00337033 0.0178453
internal_weight=342787 110275 108329 106251 1946 1158 101651 5400 5160 232512 49274 6928 42346 1513
internal_count=342787 110275 108329 106251 1946 1158 101651 5400 5160 232512 49274 6928 42346 1513
is_linear=0
shrinkage=0.04


Tree=127
num_leaves=15
num_cat=0
split_feature=8 2 3 10 3 8 10 3 3 2 10 10 3 0
split_gain=66.7798 94.991 85.0512 200.604 950.638 179.122 292.162 226.323 182.027 165.895 148.619 140.566 215.212 138.085
threshold=0.60988823733273845 179.47943100000003 49.538879000000001 -14.726720454353128 15.958916500000003 0.9999439077417519 -18.299430488965694 21.079717500000005 18.274918500000002 81.363742500000015 -4.4044831889879861 -23.094252577172963 24.840977000000006 16.652142971871189
decision_type=2 2 2 2 2 2 2 2 2 2 2 2 2 2
left_child=-1 2 3 4 -2 -6 7 -7 13 -9 -4 12 -11 -8
right_child=1 -3 10 -5 5 6 8 9 -10 11 -12 -13 -14 -15
leaf_value=0 -0.029200295231045503 0.0011570940111823756 0.00039137315618211627 -6.2583488675865375e-06 -0.0010889900683019921 -0.025620430467356542 0.0023591972929163834 -0.0014908962832121191 0.010115175393092528 -0.065358919379776073 -0.0003800369743488877 0.0075204798158130526 0.0013501904753616765 -0.029562770828212452
leaf_weight=232503 1393 428 9322 78703 13600 602 423 469 1671 247 784 1534 1129 142
leaf_count=232503 1393 428 9322 78703 13600 602 423 469 1671 247 784 1534 1129 142
internal_value=0.000132964 -0.000676886 -0.000750052 -0.00110376 -0.00455634 -0.00231115 0.0033135 -0.00318513 0.0148837 0.000840485 0.00274688 0.00439863 -0.00488372 -0.00474336
internal_weight=342950 110447 110019 99913 21210 19817 6217 3981 2236 3379 10106 2910 1376 565
internal_count=342950 110447 110019 99913 21210 19817 6217 3981 2236 3379 10106 2910 1376 565
is_linear=0
shrinkage=0.04


Tree=128
num_leaves=15
num_cat=0
split_feature=0 10 2 2 2 1 0 0 0 1 2 8 10 10
split_gain=63.4716 246.632 189.706 134.122 122.597 149.845 123.798 163.555 114.024 108.07 136.071 159.83 107.596 189.316
threshold=4.953292329775036 -5.6645166897986465 65.369899500000017 64.271999000000008 157.5327685 9.2802794970072675 14.074488957282014 11.328201566825333 13.059829859278967 6.9303300295738035 83.333576500000007 0.95914359718715414 -3.8132425180774661 -30.307074194298515
decision_type=2 2 2 2 2 2 2 2 2 2 2 2 2 2
left_child=12 3 -3 -2 9 -6 7 -7 -9 10 11 -5 13 -1
right_child=1 2 -4 4 5 6 -8 8 -10 -11 -12 -13 -14 -15
leaf_value=-0.0021772925766912537 0.001786945508225274 0.00029479072375254435 -0.0034882859163600684 0.010579563213465697 0.033030295955832657 -0.0014540759107578112 -0.004079027318023282 0.0015014172203300358 -0.0020633387081811978 2.0112676178981883e-05 -0.00039007125015104151 -0.0002418364147220086 0 0.00050706509061262896
leaf_weight=7404 861 820 2135 152 219 4290 301 497 172 97123 1503 1577 183489 42801
leaf_count=7404 861 820 2135 152 219 4290 301 497 172 97123 1503 1577 183489 42801
internal_value=0.000132229 -0.000661742 -0.0120609 -0.000346033 -0.00047395 -0.00630042 -0.00765019 -0.00613833 0.0122571 -0.000155847 -0.00735149 0.000300752 0.000504763 0.0021456
internal_weight=343344 109650 2955 106695 105834 5479 5260 4959 669 100355 3232 1729 233694 50205
internal_count=343344 109650 2955 106695 105834 5479 5260 4959 669 100355 3232 1729 233694 50205
is_linear=0
shrinkage=0.04


Tree=129
num_leaves=15
num_cat=0
split_feature=8 2 9 10 0 3 1 3 1 1 0 3 1 8
split_gain=55.1817 84.0382 236.451 234.663 178.964 159.18 547.816 174.677 470.106 438.623 347.292 374.525 152.41 138.746
threshold=0.60200103669192806 63.147055000000009 0.1139647299479475 -1.1592123615450161 3.3439434974962929 4.7374135000000006 4.5612905323432082 8.5371195000000011 5.0631322081728589 3.8228721600541671 4.3356638251295792 5.1392540000000011 4.4719231900456657 0.80486470717531589
decision_type=2 2 2 2 2 2 2 2 2 2 2 2 2 2
left_child=-1 2 4 5 -2 6 -3 8 9 -7 -11 -12 13 -9
right_child=1 3 -4 -5 -6 7 -8 12 -10 10 11 -13 -14 -15
leaf_value=0 -6.0311126744905547e-06 0.00014488334838407945 0.00028601353298510625 -0.002754493562200905 0.00065641839808530959 -0.00025495607364383027 -0.0084427280616496177 0.0011541593881506608 -0.0079040480692207666 0.015617743591829858 -0.001557009006156626 0.0051929006254932053 -0.00010819947523776463 -0.00028995418521760534
leaf_weight=231667 28775 1631 332 316 3825 1561 910 296 595 1437 722 1145 64375 5249
leaf_count=231667 28775 1631 332 316 3825 1561 910 296 595 1437 722 1145 64375 5249
internal_value=0.000150043 -0.000582536 0.0011126 -0.00129606 0.000770552 -0.00115656 -0.0110035 -0.000824622 0.00606593 0.0101706 0.0184262 0.00704874 -0.0013627 -0.00772588
internal_weight=342836 111169 32932 78237 32600 77921 2541 75380 5460 4865 3304 1867 69920 5545
internal_count=342836 111169 32932 78237 32600 77921 2541 75380 5460 4865 3304 1867 69920 5545
is_linear=0
shrinkage=0.04


Tree=130
num_leaves=15
num_cat=0
split_feature=9 2 10 9 0 3 1 3 1 1 8 3 1 0
split_gain=64.3905 77.7767 251.466 238.711 162.413 160.524 989.933 367.599 276.196 428.579 146.905 139.758 969.463 180.972
threshold=0.47014253431843583 63.147055000000009 -1.3583937360925999 0.1139647299479475 3.0710198833254876 5.1392540000000011 4.5612905323432082 8.5371195000000011 5.0631322081728589 3.6945994097763246 0.99986989236253787 14.973331500000002 14.0228059562011 8.2666494942893305
decision_type=2 2 2 2 2 2 2 2 2 2 2 2 2 2
left_child=1 3 5 4 -1 6 -3 8 9 -7 -6 12 -9 -13
right_child=-2 2 -4 -5 10 7 -8 11 -10 -11 -12 13 -14 -15
leaf_value=-9.1879289599589364e-06 0 0.0003782857786170542 -0.00173348207804768 0.00026855255343849569 0.0011528669415749385 -0.00024475783069807707 -0.0061483126567979446 -7.4345712590286766e-05 -0.0043910757298739099 0.011053698543718632 0.00053457549191015662 -0.00017774293176574252 -0.018926789238824578 0.00016126899963712658
leaf_weight=28087 226344 2946 402 333 215 893 1668 11522 401 2046 4278 16197 1856 45770
leaf_count=28087 226344 2946 402 333 215 893 1668 11522 401 2046 4278 16197 1856 45770
internal_value=0.000135877 -0.000627712 -0.00127549 0.00101966 0.000675261 -0.00112318 -0.00837451 -0.000697973 0.0122874 0.0165362 0.00773648 -0.00127361 -0.00498131 -0.000473155
internal_weight=342958 116614 83701 32913 32580 83299 4614 78685 3340 2939 4493 75345 13378 61967
internal_count=342958 116614 83701 32913 32580 83299 4614 78685 3340 2939 4493 75345 13378 61967
is_linear=0
shrinkage=0.04


Tree=131
num_leaves=15
num_cat=0
split_feature=8 2 3 3 1 2 9 10 3 1 9 10 10 2
split_gain=56.3713 125.363 216.411 136.112 814.571 256.453 268.235 385.585 426.026 203.576 143.291 207.888 146.627 142.642
threshold=0.96655853609278808 74.005997000000022 36.413412500000007 15.667166500000002 14.0228059562011 89.831764500000006 1.6779091407737038e-05 -18.798067989594269 23.406865000000003 23.528493746725847 0.00015560512167150933 -9.496436061719157 -4.798736332985075 80.562938500000016
decision_type=2 2 2 2 2 2 2 2 2 2 2 2 2 2
left_child=-1 -2 3 4 -3 10 7 8 -7 -10 11 13 -12 -5
right_child=1 2 -4 5 -6 6 -8 -9 9 -11 12 -13 -14 -15
leaf_value=0 1.6037978149800346e-05 -0.00012176308060204821 -0.0015721323350004974 0.0037677749192220251 -0.015742796046421832 -0.02037281010142766 -0.00036394826742035995 0.017020017113467689 0.032999162538327076 -0.0049906875041883037 -0.0013873709999061728 -0.003326393815922216 0.00078705661015233323 -0.0014295297878323459
leaf_weight=267025 42832 12038 3276 733 1232 1008 4290 3262 860 586 721 1618 763 2521
leaf_count=267025 42832 12038 3276 733 1232 1008 4290 3262 860 586 721 1618 763 2521
internal_value=0.000145639 -0.000817534 -0.00267412 -0.00159557 -0.00460588 0.000845862 0.0048371 0.0105108 -0.00146699 0.0124481 -0.00543738 -0.00875205 0.00544474 -0.00292563
internal_weight=342765 75740 32908 29632 13270 16362 10006 5716 2454 1446 6356 4872 1484 3254
internal_count=342765 75740 32908 29632 13270 16362 10006 5716 2454 1446 6356 4872 1484 3254
is_linear=0
shrinkage=0.04


Tree=132
num_leaves=15
num_cat=0
split_feature=8 2 3 8 1 3 0 3 3 1 3 2 3 1
split_gain=66.5399 163.796 172.297 126.56 125.505 334.355 186.09 819.761 323.729 300.488 396.395 217.615 203.705 183.01
threshold=0.96655853609278808 74.005997000000022 36.413412500000007 0.99999507893941508 11.622463337722937 13.1005865 14.263091777920524 16.067137500000005 17.250080500000003 16.643899980404424 18.274918500000002 83.871868000000021 15.080087000000002 21.402474837558369
decision_type=2 2 2 2 2 2 2 2 2 2 2 2 2 2
left_child=-1 -2 4 -4 -3 -6 8 -8 11 -9 -11 -7 -13 -12
right_child=1 2 3 -5 5 6 7 9 -10 10 13 12 -14 -15
leaf_value=0 1.9609738883317186e-05 -0.00035872414834576025 -0.0030029944877492864 -0.00039574575781325754 -0.0095738253304792492 -0.00088332910408513989 -0.016373971639757637 0.0055283381314762351 -0.0014984345493231374 -0.035962025365214187 0.0014751376977036124 0.0014047143507672089 0.046955371692997974 -0.0068765645244546845
leaf_weight=266837 42879 14605 1816 1437 497 884 1015 1877 1770 442 3595 1421 1699 1835
leaf_count=266837 42879 14605 1816 1437 497 884 1015 1877 1770 442 3595 1421 1699 1835
internal_value=0.000115934 -0.000930159 -0.00305354 -0.0117922 -0.00209447 0.000470901 0.00157381 -0.0020995 0.00714929 0.00232804 -0.00212534 0.0134466 0.0184103 0.000839779
internal_weight=342609 75772 32893 3253 29640 15035 14538 8764 5774 7749 5872 4004 3120 5430
internal_count=342609 75772 32893 3253 29640 15035 14538 8764 5774 7749 5872 4004 3120 5430
is_linear=0
shrinkage=0.04


Tree=133
num_leaves=15
num_cat=0
split_feature=0 3 2 10 3 3 10 0 0 10 3 8 2 10
split_gain=74.9622 848.246 146.395 115.962 265.919 481.47 366.253 222.537 158.656 153.772 313.32 136.97 202.576 147.306
threshold=4.7353604216389238 5.3639100000000006 65.369899500000017 -3.8132425180774661 8.5371195000000011 5.0560145000000007 -4.5186099208400154 4.0871892100056204 0.98238001445267364 -17.217175089788601 24.145649500000005 0.89188051455453909 62.201662000000006 -4.950948523980113
decision_type=2 2 2 2 2 2 2 2 2 2 2 2 2 2
left_child=3 -2 -3 4 5 6 -1 -8 9 10 -6 13 -13 -10
right_child=1 2 -4 -5 8 -7 7 -9 11 -11 -12 12 -14 -15
leaf_value=-0.0028990795893102383 -0.0062317043568923067 0.0007278655240855425 -0.00010766362368840515 0 -0.01720674401196725 0.012316375127212092 0.0067290336186628542 -6.2499221486266365e-05 0.00024088769729238403 0.050928729448787957 0.076245354359258263 0.00071790665355980754 -0.00044831507834534867 0.0028328867757995138
leaf_weight=801 1322 2354 110011 183342 708 2114 624 997 35587 353 482 918 3091 496
leaf_count=801 1322 2354 110011 183342 708 2114 624 997 35587 353 482 918 3091 496
internal_value=7.68065e-05 -0.000763148 -0.000388377 0.00049287 0.00228455 0.0114815 -0.000693642 0.0102406 0.00128257 0.0138691 0.0069916 0.000798164 -0.00621601 0.00157747
internal_weight=343200 113687 112365 229513 46171 4536 2422 1621 41635 1543 1190 40092 4009 36083
internal_count=343200 113687 112365 229513 46171 4536 2422 1621 41635 1543 1190 40092 4009 36083
is_linear=0
shrinkage=0.04


Tree=134
num_leaves=15
num_cat=0
split_feature=8 1 3 9 8 3 8 0 0 3 10 0 8 10
split_gain=64.8803 109.785 196.319 164.249 63.5313 54.6277 76.4275 157.704 225.773 103.977 75.5862 64.2358 57.1744 84.9099
threshold=0.96655853609278808 22.834817375665128 25.020630500000003 3.2602127320369163e-05 0.99744136941068751 60.122991000000006 0.99986449074418249 4.2722945836086863 2.169877206012448 5.219103500000001 -0.78298814094164793 13.753318528741984 0.99998332897597531 -0.62304009273326988
decision_type=2 2 2 2 2 2 2 2 2 2 2 2 2 2
left_child=-1 4 -3 -4 -2 6 7 8 10 -9 -6 -7 13 -8
right_child=1 2 3 -5 5 11 12 9 -10 -11 -12 -13 -14 -15
leaf_value=0 -0.00046725451375561055 -0.0574064830530161 0.0021133225246553746 -0.019191777888272345 -0.0011929779354119549 -0.00062739713132202088 -0.00030589155351853692 -0.0046011060296226175 0.0011309073688681045 1.9449230052855925e-05 9.66296489431041e-05 -0.035450942898807493 -1.1122340917566046e-05 6.3720822929312239e-05
leaf_weight=267121 4268 350 1209 573 417 922 4197 210 1137 3261 1192 100 57062 951
leaf_count=267121 4268 350 1209 573 417 922 4197 210 1137 3261 1192 100 57062 951
internal_value=0.000112196 -0.000920249 -0.00986867 -0.00448934 -0.000661449 -0.000370344 -0.000233241 0.0039955 0.011158 -0.00167099 0.00151647 -0.0095499 -0.000655843 -0.00469308
internal_weight=342970 75849 2132 1782 73717 69449 68427 6217 2746 3471 1609 1022 62210 5148
internal_count=342970 75849 2132 1782 73717 69449 68427 6217 2746 3471 1609 1022 62210 5148
is_linear=0
shrinkage=0.04


Tree=135
num_leaves=15
num_cat=0
split_feature=8 2 3 1 3 10 3 1 1 2 3 1 3 2
split_gain=68.3939 139.133 167.275 117.843 317.442 156.798 285.558 544.377 174.395 377.87 350.589 174.206 161.789 191.713
threshold=0.96655853609278808 74.70964450000001 36.413412500000007 11.622463337722937 13.1005865 -12.208059515787989 15.563922500000002 14.0228059562011 16.770369771829305 89.831764500000006 18.447960000000005 13.536266175695545 17.250080500000003 81.829967500000009
decision_type=2 2 2 2 2 2 2 2 2 2 2 2 2 2
left_child=-1 -2 3 -3 -5 6 7 -6 9 11 -10 -8 13 -7
right_child=1 2 -4 4 5 12 8 -9 10 -11 -12 -13 -14 -15
leaf_value=0 1.4728279375715911e-05 -0.00032705414452141606 -0.0017768043679875737 -0.0091803100066148377 0.00053821247051511812 -0.00068412193584619588 -0.0023623869015292004 -0.013206163403445319 -0.032301698379985491 0.014200354129417754 0.00033774775740180729 0.0020063817823732892 -0.0012010182660126523 0.048013903562339789
leaf_weight=267210 43747 13910 3180 500 1513 325 1075 1037 477 2824 5347 827 430 763
leaf_count=267210 43747 13910 3180 500 1513 325 1075 1037 477 2824 5347 827 430 763
internal_value=0.000115979 -0.00094319 -0.0029384 -0.00198429 0.000460378 0.00153236 0.000122137 -0.0118902 0.00302559 0.00873466 -0.00160714 -0.00504732 0.0137022 0.0219118
internal_weight=343165 75955 32208 29028 15118 14618 13100 2550 10550 4726 5824 1902 1518 1088
internal_count=343165 75955 32208 29028 15118 14618 13100 2550 10550 4726 5824 1902 1518 1088
is_linear=0
shrinkage=0.04


Tree=136
num_leaves=15
num_cat=0
split_feature=8 2 3 3 0 2 1 3 10 8 8 9 1 0
split_gain=69.54 136.903 190.048 136.967 663.063 156.809 222.178 323.106 274.04 211.271 184.321 156.102 174.666 174.626
threshold=0.96655853609278808 76.867042500000011 34.982875500000006 15.667166500000002 14.263091777920524 91.722366000000008 16.770369771829305 18.274918500000002 -11.624717897140131 0.99977207793900102 0.99963873644300227 0.00015560512167150933 3.8228721600541671 9.0394173395594528
decision_type=2 2 2 2 2 2 2 2 2 2 2 2 2 2
left_child=-1 -2 3 4 -3 11 8 -8 10 -10 -7 13 -13 -5
right_child=1 2 -4 5 -6 6 7 -9 9 -11 -12 12 -14 -15
leaf_value=0 1.0955766445268937e-05 -0.00017841851751830397 -0.0018347028047647279 -0.0029130746096850879 -0.017980891519804303 0.00039964528170807534 -0.033506820469865702 0.0002626635316887771 0.0010132144202546257 -0.0014785591548946567 0.035283410827711498 0.0010801516462214187 -0.00031238359388878272 -0.00094950377770435055
leaf_weight=267004 45707 11050 3048 936 999 893 402 4873 617 469 2161 431 919 3342
leaf_count=267004 45707 11050 3048 936 999 893 402 4873 617 469 2161 431 919 3342
internal_value=8.52849e-05 -0.000983559 -0.00307631 -0.00201093 -0.00518881 0.000534468 0.00369198 -0.00175166 0.010628 -0.00662983 0.0167649 -0.00474769 0.00711111 -0.00848995
internal_weight=342851 75847 30140 27092 12049 15043 9415 5275 4140 1086 3054 5628 1350 4278
internal_count=342851 75847 30140 27092 12049 15043 9415 5275 4140 1086 3054 5628 1350 4278
is_linear=0
shrinkage=0.04


Tree=137
num_leaves=15
num_cat=0
split_feature=9 3 10 3 10 2 8 2 1 3 9 3 10 9
split_gain=70.985 97.7795 185.436 966.619 135.578 175.826 251.025 168.673 131.179 443.192 124.443 99.8012 313.71 209.591
threshold=0.39312028011954886 49.538879000000001 -14.547802682046198 15.759902500000001 -5.6645166897986465 111.33932500000002 0.95517203183773303 84.695880500000015 20.433427956961918 23.406865000000003 0.088263759293111102 18.447960000000005 -16.605477592340989 0.0010800852264850616
decision_type=2 2 2 2 2 2 2 2 2 2 2 2 2 2
left_child=1 2 3 -1 5 6 -3 -8 11 -10 -7 12 -5 -13
right_child=-2 4 -4 8 -6 10 7 -9 9 -11 -12 13 -14 -15
leaf_value=-0.02407851730245622 0 0.0023537189025747262 -7.4987631235673946e-06 -0.025981415729570027 -0.0001792257605223601 0.0019317381971511944 0.00032376879331544165 -0.0091986264876041113 -0.041110571717298566 -0.00091219003886574613 -0.0025456615260750549 0.0037075247078144787 0.0017105724606122689 -0.00026946003561368118
leaf_weight=1513 232480 4401 78291 641 1849 844 1090 524 986 6818 1419 3317 1102 7917
leaf_count=1513 232480 4401 78291 641 1849 844 1090 524 986 6818 1419 3317 1102 7917
internal_value=0.00010886 -0.000724763 -0.00110195 -0.00432044 0.00302163 0.00520899 0.0087847 -0.0047088 -0.00207305 -0.00617119 -0.00429518 0.000391462 -0.00851406 0.00177319
internal_weight=343192 110712 100585 22294 10127 8278 6015 1614 20781 7804 2263 12977 1743 11234
internal_count=343192 110712 100585 22294 10127 8278 6015 1614 20781 7804 2263 12977 1743 11234
is_linear=0
shrinkage=0.04


Tree=138
num_leaves=15
num_cat=0
split_feature=8 2 3 3 10 1 8 3 10 2 8 2 1 10
split_gain=62.5217 119.669 155.223 126.455 655.34 139.187 235.387 211.663 213.986 218.217 189.447 187.685 132.859 177.543
threshold=0.96655853609278808 76.867042500000011 34.608472500000005 15.759902500000001 -14.156060241522924 11.622463337722937 0.9998534469549275 16.982136500000003 -15.056344747872782 84.695880500000015 0.99963873644300227 83.333576500000007 23.317434501337175 -13.258862750539777
decision_type=2 2 2 2 2 2 2 2 2 2 2 2 2 2
left_child=-1 -2 3 4 -3 6 10 8 -7 -10 -5 -8 13 -9
right_child=1 2 -4 5 -6 7 11 12 9 -11 -12 -13 -14 -15
leaf_value=0 1.1816240023670771e-05 -0.014523026229344623 -0.0016428458377990022 -0.0012112187999540076 -0.0001390231894679328 -0.013878876984874862 -8.2883813455368331e-05 0.0015337834429297544 -0.0038036645416672367 0.042817083809528519 0.00091103011500210849 -0.003081084274943204 -0.017145734148966023 -0.0018671979472651673
leaf_weight=267133 45767 1126 3106 811 11066 166 883 6957 239 1107 1021 1258 985 1488
leaf_count=267133 45767 1126 3106 811 11066 166 883 6957 239 1107 1021 1258 985 1488
internal_value=0.000129054 -0.00088339 -0.00283719 -0.00186668 -0.00488845 0.000603419 -0.00580921 0.00293182 0.0168254 0.02211 0.00471616 -0.0148155 0.000704136 0.00232564
internal_weight=343113 75980 30213 27107 12192 14915 3973 10942 1512 1346 1832 2141 9430 8445
internal_count=343113 75980 30213 27107 12192 14915 3973 10942 1512 1346 1832 2141 9430 8445
is_linear=0
shrinkage=0.04


Tree=139
num_leaves=15
num_cat=0
split_feature=9 1 3 3 2 9 8 1 3 9 8 2 1 1
split_gain=70.4797 79.9441 990.758 139.853 198.209 207.637 155.633 109.618 418.564 107.417 99.8139 90.259 140.943 86.8638
threshold=0.40083655479865588 14.794204729579361 16.366978500000005 46.816434000000008 111.33932500000002 0.05611677249314146 0.99999042986446252 20.433427956961918 22.942570500000006 0.088263759293111102 0.9999173736937349 128.86450200000004 25.231157742176972 19.735235529322413
decision_type=2 2 2 2 2 2 2 2 2 2 2 2 2 2
left_child=1 -1 -3 7 5 6 -5 -4 -9 -6 11 -10 -13 -7
right_child=-2 2 3 4 9 13 -8 8 10 -11 -12 12 -14 -15
leaf_value=-2.4980747263008558e-06 0 -0.02443386692594212 -5.1674186282588135e-06 -0.030529171429365773 0.0018573802911494583 0.0069761187330882792 0.0003094450432936885 -0.044671377181216679 -0.0029012631457656125 -0.0023682607853816964 0.002712048698764995 0.021760578568690372 -0.030481952986410425 0.0028089724420140186
leaf_weight=83985 231640 1506 12030 220 881 531 514 846 4129 1654 1893 379 158 2553
leaf_count=83985 231640 1506 12030 220 881 531 514 846 4129 1654 1893 379 158 2553
internal_value=0.000140441 -0.000686922 -0.0025676 -0.000725919 0.00442626 0.0101833 -0.00893733 -0.00241008 -0.00623903 -0.00424458 -0.0028236 -0.00596657 0.00945996 0.0147341
internal_weight=342919 111279 27294 25788 6353 3818 734 19435 7405 2535 6559 4666 537 3084
internal_count=342919 111279 27294 25788 6353 3818 734 19435 7405 2535 6559 4666 537 3084
is_linear=0
shrinkage=0.04


Tree=140
num_leaves=15
num_cat=0
split_feature=8 1 3 8 8 3 0 1 3 10 3 0 1 0
split_gain=58.5121 96.1445 188.273 150.208 55.8859 57.0109 182.634 48.1909 110.507 46.3386 447.329 42.1872 105.619 48.2143
threshold=0.96655853609278808 22.834817375665128 24.840977000000006 0.99996797299829698 0.99744136941068751 4.4134305000000014 3.9437913608092052 24.232390085976562 28.156882500000005 -41.066086192804192 37.160380000000011 3.4209064745963897 3.9813020007493405 2.5784570654486081
decision_type=2 2 2 2 2 2 2 2 2 2 2 2 2 2
left_child=9 4 -3 -4 11 6 -6 -5 -9 10 -1 13 -13 -2
right_child=1 2 3 7 5 -7 -8 8 -10 -11 -12 12 -14 -15
leaf_value=-0.12074339767076055 0.00094238816085388919 -0.054337757537445228 -0.018042365795960386 0.0067171506739196916 9.5515798025937883e-06 -4.8407543881967942e-06 -0.0030497703070896088 -0.044483335126133949 0.0036207175098713382 0 -0.00011849682396561839 0.00073943150291048477 -0.00058412895308110671 -0.00049400211480284909
leaf_weight=545 15.999999999999998 337 558 242 1480 67504 526 133 834 257391 9239 143 3988 96
leaf_count=545 16 337 558 242 1480 67504 526 133 834 257391 9239 143 3988 96
internal_value=0.000134098 -0.000846329 -0.00927757 -0.00405207 -0.000605806 -0.000333765 -0.00697906 0.00387097 -0.000124095 0.000412464 -0.00228945 -0.00506246 -0.00440571 -0.0292857
internal_weight=343032 75857 2104 1767 73753 69510 2006 1209 967 267175 9784 4243 4131 112
internal_count=343032 75857 2104 1767 73753 69510 2006 1209 967 267175 9784 4243 4131 112
is_linear=0
shrinkage=0.04


Tree=141
num_leaves=15
num_cat=0
split_feature=0 3 1 3 10 2 3 10 1 8 3 10 2 2
split_gain=63.2036 841.945 191.463 203.266 244.981 197.564 143.057 115.564 80.9313 250.178 189.739 281.981 185.083 151.746
threshold=13.620187700762196 15.859513000000002 14.689616672251329 18.274918500000002 -16.605477592340989 155.42044850000002 16.468797500000004 -14.883055675014424 18.22930929231622 0.99998055286947085 22.059847500000004 -19.630191008152536 108.02563450000001 80.562938500000016
decision_type=2 2 2 2 2 2 2 2 2 2 2 2 2 2
left_child=-1 7 -3 4 -4 8 -6 -2 9 -5 11 -10 13 -11
right_child=1 2 3 5 6 -7 -8 -9 10 12 -12 -13 -14 -15
leaf_value=0 -0.026875213562436034 0.0051523298319925042 -0.033779017744946682 -0.00028640503748499091 -0.011651268627518648 -0.0028565639103643658 0.003762161548496771 -0.0039491845595419853 -0.035609004562825584 0.0039304855340820018 0.0001170489616835979 0.0016843713478017831 0.055701325369156972 -0.000577407044812957
leaf_weight=314712 760 1026 562 3026 148 213 463 1059 673 318 18341 573 643 716
leaf_count=314712 760 1026 562 3026 148 213 463 1059 673 318 18341 573 643 716
internal_value=0.000141129 -0.00166193 0.000131825 -0.000545256 -0.0168116 0.000233441 0.000720131 -0.0279934 0.000569782 0.00528174 -0.000561597 -0.0156661 0.0176744 0.00719536
internal_weight=343233 28521 26702 25676 1173 24503 611 1819 24290 4703 19587 1246 1677 1034
internal_count=343233 28521 26702 25676 1173 24503 611 1819 24290 4703 19587 1246 1677 1034
is_linear=0
shrinkage=0.04


Tree=142
num_leaves=15
num_cat=0
split_feature=0 3 1 3 1 2 3 10 1 3 2 0 2 2
split_gain=70.3536 818.87 205.858 204.47 231.978 186.035 134.545 116.65 74.9618 524.763 113.51 97.8309 73.4728 94.9274
threshold=13.620187700762196 15.859513000000002 14.689616672251329 18.447960000000005 16.643899980404424 154.32675200000003 16.570660000000004 -14.883055675014424 21.257280077355656 23.780075000000004 99.62970700000001 13.902617355294028 75.925789000000023 79.073005500000008
decision_type=2 2 2 2 2 2 2 2 2 2 2 2 2 2
left_child=-1 7 -3 4 6 8 -4 -2 11 -10 -11 -5 -13 -14
right_child=1 2 3 5 -6 -7 -8 -9 9 10 -12 12 13 -15
leaf_value=0 -0.02602807852838078 0.0050164102934513819 -0.011185217882417902 -0.002165061951039327 -0.029833729063117272 -0.0026827867091434609 0.004650208016293839 -0.0036676133058052398 -0.045527360644820193 0.0056796248805219673 -0.00025758544392500923 0.0048576960355780083 -0.0011508931053026781 0.00093504058533600573
leaf_weight=314655 765 1037 181 405 635 225 458 1042 748 1473 12017 203 601 8571
leaf_count=314655 765 1037 181 405 635 225 458 1042 748 1473 12017 203 601 8571
internal_value=0.000138069 -0.00177004 3.01273e-06 -0.00070698 -0.0163265 0.000113847 0.000688576 -0.0278251 0.000452994 -0.00139907 0.000409192 0.00314928 0.0039808 0.00345399
internal_weight=343016 28361 26554 25517 1274 24243 639 1807 24018 14238 13490 9780 9375 9172
internal_count=343016 28361 26554 25517 1274 24243 639 1807 24018 14238 13490 9780 9375 9172
is_linear=0
shrinkage=0.04


Tree=143
num_leaves=15
num_cat=0
split_feature=8 2 1 3 3 2 8 8 8 8 3 1 2 1
split_gain=66.2121 88.0294 88.7834 909.858 145.384 194.09 133.26 123.805 123.132 121.049 162.03 233.935 186.83 178.536
threshold=0.60988823733273845 179.47943100000003 14.794204729579361 16.165440000000004 49.538879000000001 110.78538900000001 0.95031116117270609 0.90873067970412913 0.99999042986446252 0.99991044412045993 18.776385000000001 18.22930929231622 108.02563450000001 16.908154359012666
decision_type=2 2 2 2 2 2 2 2 2 2 2 2 2 2
left_child=-1 2 -2 -4 9 6 -6 -7 -8 -5 13 12 -12 -11
right_child=1 -3 3 4 5 7 8 -9 -10 10 11 -13 -14 -15
leaf_value=0 -3.1746008384426085e-06 0.0010399433088503736 -0.022737162829918077 -0.00099406442354135153 0.0036223083969869441 -0.0023425189448138266 -0.030105822277932803 0.0018189593763543791 0.00095075397324277753 0.0010418732892309858 0.001335702842264792 -0.00014922040772744616 0.061796727493619842 -0.025870606646573188
leaf_weight=232529 83688 449 1394 13382 2726 1423 157 954 228 470 894 3813 620 451
leaf_count=232529 83688 449 1394 13382 2726 1423 157 954 228 470 894 3813 620 451
internal_value=0.000145697 -0.000659744 -0.00073176 -0.00274894 -0.00100326 0.00475219 0.0113275 -0.0038536 -0.0107013 -0.00261233 0.00198464 0.00466304 0.0179657 -0.0135071
internal_weight=343178 110649 110200 26512 25118 5488 3111 2377 385 19630 6248 5327 1514 921
internal_count=343178 110649 110200 26512 25118 5488 3111 2377 385 19630 6248 5327 1514 921
is_linear=0
shrinkage=0.04


Tree=144
num_leaves=15
num_cat=0
split_feature=0 3 1 3 2 2 1 3 10 8 3 2 2 3
split_gain=65.0035 768.631 179.524 365.846 145.759 86.3826 60.3866 166.405 269.664 118.214 101.375 95.4702 105.938 86.3621
threshold=14.444071656010445 16.366978500000005 16.212007077778832 18.108922500000002 154.32675200000003 106.32781600000001 18.22930929231622 21.779964000000003 -19.145441811860703 0.999293362912543 51.718492000000005 108.81542600000002 81.363742500000015 28.650543000000003
decision_type=2 2 2 2 2 2 2 2 2 2 2 2 2 2
left_child=-1 -2 5 -4 6 -3 9 8 -8 10 -5 12 -11 -14
right_child=1 2 3 4 -6 -7 7 -9 -10 11 -12 -13 13 -15
leaf_value=0 -0.014762834063730081 0.0016450271853835022 -0.028821720213896503 -0.00051667064952959807 -0.0030918941827194919 0.027470948528641879 -0.028267013654573507 5.0012923360537307e-06 0.005057714954017827 0.0028899495626773263 0.007026044496091538 0.035294106168764217 0.002925131393065359 -0.0047000612199252535
leaf_weight=318147 1136 1070 535 1716 167 522 735 17200 346 186 129 520 289 126
leaf_count=318147 1136 1070 535 1716 167 522 735 17200 346 186 129 520 289 126
internal_value=0.00017035 -0.00180735 -0.000256574 -0.00119732 -0.000381059 0.0127136 -8.84831e-05 -0.000947432 -0.0161702 0.00520566 -0.00101897 0.0154505 0.00459235 -0.0066506
internal_weight=342824 24677 23541 21949 21414 1592 21247 18281 1081 2966 1845 1121 601 415
internal_count=342824 24677 23541 21949 21414 1592 21247 18281 1081 2966 1845 1121 601 415
is_linear=0
shrinkage=0.04


Tree=145
num_leaves=15
num_cat=0
split_feature=0 3 1 3 10 10 3 0 8 1 3 8 9 0
split_gain=61.6823 729.391 182.405 162.43 214.843 124.393 79.7861 83.7409 77.5549 186.669 152.176 264.566 150.375 102.388
threshold=13.620187700762196 15.859513000000002 14.689616672251329 18.108922500000002 -16.791358834370445 -14.883055675014424 16.570660000000004 15.575943690660994 0.99998055286947085 18.22930929231622 44.576647500000007 0.95031116117270609 0.14423634117703735 29.288948423295459
decision_type=2 2 2 2 2 2 2 2 2 2 2 2 2 2
left_child=-1 5 -3 4 -4 -2 -6 -8 10 -10 13 12 -12 -5
right_child=1 2 3 8 6 -7 7 -9 9 -11 11 -13 -14 -15
leaf_value=0 -0.023210415745236333 0.004651967404512649 -0.032055932871363303 -0.00087198931047994534 -0.009387054996395857 -0.0033092301407412652 0.0067535273658304038 -0.0038763186662644062 0.0057788250279699159 -0.00013701250571793251 0.0025178316380919975 -0.021964950819343576 -5.5446096674659981e-05 -0.028175467436846621
leaf_weight=314643 765 1027 464 9967 166 1030 257 172 1696 3977 3203 310 5082 420
leaf_count=314643 765 1027 464 9967 166 1030 257 172 1696 3977 3203 310 5082 420
internal_value=0.000146279 -0.00163443 2.24375e-05 -0.000637785 -0.0159773 -0.0263175 -6.72269e-05 0.00904429 2.10911e-05 0.0041248 -0.00120535 0.00273182 0.00408932 -0.00446327
internal_weight=343179 28536 26741 25714 1059 1795 595 429 24655 5673 18982 8595 8285 10387
internal_count=343179 28536 26741 25714 1059 1795 595 429 24655 5673 18982 8595 8285 10387
is_linear=0
shrinkage=0.04


Tree=146
num_leaves=15
num_cat=0
split_feature=8 2 3 0 3 0 3 1 3 2 1 3 0 3
split_gain=60.25 105.691 137.063 103.706 212.717 403.482 142.059 122.384 131.923 114.363 96.0646 310.189 171.18 142.511
threshold=0.96655853609278808 74.005997000000022 36.413412500000007 3.112096916342642 4.9735495000000007 4.2386048325162582 11.257394500000002 4.764016035576617 5.5266065000000006 60.511665000000008 11.622463337722937 13.1005865 12.186033965047459 15.563922500000002
decision_type=2 2 2 2 2 2 2 2 2 2 2 2 2 2
left_child=-1 3 10 9 5 -5 7 -6 -9 -2 -3 -12 -13 -14
right_child=1 2 -4 4 6 -7 -8 8 -10 -11 11 12 13 -15
leaf_value=0 -2.3052011389905005e-06 -0.00030235511906283655 -0.0013956721669110123 0.0034062997905783508 0.0079713550175906141 -0.0036630513701586989 0.00023775084488884409 -0.0032920118630386007 0.0059247997264822369 -0.00032989165583349246 -0.0087135066889208156 0.0060451058390285865 -0.0020168737295553842 0.00077752431792768811
leaf_weight=267105 27004 14569 3242 431 1271 667 10621 211 481 2240 507 1471 2577 10504
leaf_count=267105 27004 14569 3242 431 1271 667 10621 211 481 2240 507 1471 2577 10504
internal_value=0.000146748 -0.000848594 -0.00255552 0.000458463 0.00333285 -0.0135519 0.0048061 0.0146918 0.00115607 -0.000886336 -0.00170109 0.000539212 0.00161078 0.000155951
internal_weight=342901 75796 32870 42926 13682 1098 12584 1963 692 29244 29628 15059 14552 13081
internal_count=342901 75796 32870 42926 13682 1098 12584 1963 692 29244 29628 15059 14552 13081
is_linear=0
shrinkage=0.04


Tree=147
num_leaves=15
num_cat=0
split_feature=8 2 1 3 3 2 9 8 9 10 3 2 2 3
split_gain=59.6282 83.9658 76.3206 830.391 125.474 158.218 125.793 119.329 105.147 102.833 374.107 264.424 199.779 197.331
threshold=0.60988823733273845 179.47943100000003 14.794204729579361 15.667166500000002 49.538879000000001 111.33932500000002 0.045417271102015717 0.99999042986446252 0.083115615952219016 -11.624717897140131 13.1005865 89.831764500000006 96.278057000000004 17.768704500000002
decision_type=2 2 2 2 2 2 2 2 2 2 2 2 2 2
left_child=-1 2 9 -4 -5 6 7 -6 -7 10 -2 -12 -13 -14
right_child=1 -3 3 4 5 8 -8 -9 -10 -11 11 12 13 -15
leaf_value=0 -0.0080389463232486552 0.001022324691709103 -0.02247786393250795 -0.0005778209272407442 -0.027535817354141755 0.0019878073341281564 0.003139302902979227 0.00068276970472692813 -0.002139618571554753 -2.3752810315148367e-05 -0.00052116210232054595 0.0068945743166483765 0.0056379370658605453 -0.0007234641536520215
leaf_weight=232808 634 424 1199 19802 155 740 2806 230 1520 70695 4404 1071 4918 1877
leaf_count=232808 634 424 1199 19802 155 740 2806 230 1520 70695 4404 1071 4918 1877
internal_value=0.000168957 -0.000596334 -0.000664783 -0.00253743 -0.000993149 0.00438085 0.010116 -0.0113247 -0.00371681 -7.22497e-05 0.00321141 0.00475958 0.00915332 0.00662252
internal_weight=343283 110475 110051 26452 25253 5451 3191 385 2260 83599 12904 12270 7866 6795
internal_count=343283 110475 110051 26452 25253 5451 3191 385 2260 83599 12904 12270 7866 6795
is_linear=0
shrinkage=0.04


Tree=148
num_leaves=15
num_cat=0
split_feature=8 2 3 0 3 0 3 10 2 10 3 0 3 2
split_gain=56.0847 99.6565 126.566 97.2617 204.965 334.915 132.895 274.96 112.335 86.0575 253.111 166.361 146.791 118.602
threshold=0.96655853609278808 74.70964450000001 36.413412500000007 3.0710198833254876 4.8952910000000012 4.2386048325162582 8.5371195000000011 -4.950948523980113 60.511665000000008 -0.83269511733333179 22.855387500000003 2.3234206216430389 22.675074000000006 51.249118500000009
decision_type=2 2 2 2 2 2 2 2 2 2 2 2 2 2
left_child=-1 3 -3 8 5 -5 7 -6 9 10 -2 -12 -11 -14
right_child=1 2 -4 4 6 -7 -8 -9 -10 12 11 -13 13 -15
leaf_value=0 -1.0935924496925306e-06 -0.00018332034755621368 -0.0014222479866433375 0.0027088228027961746 -0.0047567803153656238 -0.0035208835118385262 0.00024729502576742278 0.0088780278772725915 -0.00030508562637509304 1.4081624374428512e-05 -0.00076943737990382041 0.0010850604917730423 2.9998558586984277e-05 0.00026623997317767119
leaf_weight=267274 12737 29028 3181 413 207 620 12135 1250 2223 11076 1677 454 473 529
leaf_count=267274 12737 29028 3181 413 207 620 12135 1250 2223 11076 1677 454 473 529
internal_value=0.000175136 -0.000783653 -0.0024726 0.00045851 0.00312068 -0.0140561 0.00442613 0.0158408 -0.000876273 -0.00016329 -0.0022007 -0.0149601 0.00234476 0.017006
internal_weight=343277 76003 32209 43794 14625 1033 13592 1457 29169 26946 14868 2131 12078 1002
internal_count=343277 76003 32209 43794 14625 1033 13592 1457 29169 26946 14868 2131 12078 1002
is_linear=0
shrinkage=0.04


Tree=149
num_leaves=15
num_cat=0
split_feature=0 10 2 2 0 8 0 1 1 1 9 1 2 2
split_gain=58.6431 210.112 149.29 121.83 138.311 194.206 128.844 118.21 116.647 188.383 197.222 192.981 134.257 98.5115
threshold=4.6918125479524271 -5.6645166897986465 63.147055000000009 157.5327685 14.444071656010445 0.61933534409992286 6.0821583900783009 13.403443337268241 3.904298562863072 31.014107351622158 0.9519785508063513 33.879746623111252 115.14748750000001 64.271999000000008
decision_type=2 2 2 2 2 2 2 2 2 2 2 2 2 2
left_child=8 3 -3 13 5 6 7 -5 -1 10 -10 -11 -13 -2
right_child=1 2 -4 4 -6 -7 -8 -9 9 11 -12 12 -14 -15
leaf_value=0 0.0017367255586242382 0.00059852216809680057 -0.0010795855965881158 -0.0021131728844387188 -0.0036350438902852888 0.0011462965298658923 -0.0017484866226159679 0.012293718241566729 0.00043616898923775851 -0.0098207818404414393 0.024992171646720979 -0.055970396924498317 0.0018011191523941905 -5.2332317990264054e-06
leaf_weight=183827 850 747 4147 307 252 1533 2557 977 37207 1637 1598 565 3587 103002
leaf_count=183827 850 747 4147 307 252 1533 2557 977 37207 1637 1598 565 3587 103002
internal_value=0.000151812 -0.000587556 -0.00869636 -0.000225068 -0.00595805 -0.00459993 -0.0094038 0.000934579 0.000522019 0.00235727 0.00336142 -0.00437381 0.000211946 8.55063e-05
internal_weight=342793 114372 4894 109478 5626 5374 3841 1284 228421 44594 38805 5789 4152 103852
internal_count=342793 114372 4894 109478 5626 5374 3841 1284 228421 44594 38805 5789 4152 103852
is_linear=0
shrinkage=0.04


Tree=150
num_leaves=15
num_cat=0
split_feature=8 3 1 3 10 2 9 2 2 9 2 2 2 9
split_gain=45.3476 68.969 138.605 778.584 127.134 113.133 123.446 214.9 194.861 115.779 120.238 98.2134 178.419 100.687
threshold=0.60200103669192806 51.141937500000004 14.794204729579361 15.563922500000002 -3.8132425180774661 111.33932500000002 0.0045916731612982717 74.70964450000001 85.122371500000014 0.088263759293111102 120.56710400000001 83.333576500000007 84.695880500000015 0.24617341226127468
decision_type=2 2 2 2 2 2 2 2 2 2 2 2 2 2
left_child=-1 2 -2 -4 5 6 8 -8 -3 -7 -11 -9 -13 -14
right_child=1 4 3 -5 -6 9 7 11 -10 10 -12 12 13 -15
leaf_value=0 3.9489209759647345e-07 0.0003889875007555183 -0.022214966694826803 -0.00038332935079372438 -0.00043970286613411548 0.0017250037234497334 -0.00068616531754234298 0.0037163814864421825 -0.0080596688987696861 -0.0086725379547639148 -1.4799907044694694e-05 -0.00021342065898557048 0.003703834554413702 -0.00024051442202843083
leaf_weight=231951 79911 974 1146 20979 387 840 347 565 410 609 741 867 2936 301
leaf_count=231951 79911 974 1146 20979 387 840 347 565 410 609 741 867 2936 301
internal_value=0.000195356 -0.000469495 -0.00076522 -0.00356701 0.00289183 0.00390221 0.0065875 0.00950558 -0.00398844 -0.00394521 -0.0112 0.0117627 0.00961014 0.0139265
internal_weight=342964 111013 102036 22125 8977 8590 6400 5016 1384 2190 1350 4669 4104 3237
internal_count=342964 111013 102036 22125 8977 8590 6400 5016 1384 2190 1350 4669 4104 3237
is_linear=0
shrinkage=0.04


Tree=151
num_leaves=15
num_cat=0
split_feature=9 2 10 9 0 9 3 1 10 3 0 3 2 9
split_gain=52.3504 61.6526 265.838 231.929 152.628 154.126 124.255 124.171 102.046 184.742 154.096 136.989 130.822 100.076
threshold=0.48819308244923837 63.147055000000009 -1.262870539545023 0.1139647299479475 3.112096916342642 0.00013061139357356535 4.4134305000000014 4.659220200866022 -0.83269511733333179 23.043217000000002 2.3700687914638428 25.381714000000002 51.249118500000009 7.3914043314915481e-05
decision_type=2 2 2 2 2 2 2 2 2 2 2 2 2 2
left_child=1 3 6 4 8 13 7 -3 9 -1 -11 -10 -13 -6
right_child=-2 2 -4 -5 5 -7 -8 -9 11 10 -12 12 -14 -15
leaf_value=-2.6006731010945554e-05 0 -0.00015845909618333474 -0.001921365240645379 0.00028155407696841043 0.00057647774241024053 0.00099672470157158473 -7.6119393626126737e-05 -0.010590422092510017 1.6268951482675178e-05 -0.00081672620928751856 0.0010447858998894769 1.5723170186421584e-05 0.00025910933224706476 -0.010882149431256809
leaf_weight=13932 224558 537 368 325 4039 222 84353 289 11239 1607 421 468 478 184
leaf_count=13932 224558 537 368 325 4039 222 84353 289 11239 1607 421 468 478 184
internal_value=0.000170486 -0.000509868 -0.0010759 0.000961264 0.000625959 0.00751406 -0.000929337 -0.016368 -0.000461894 -0.00256642 -0.0138462 0.00229462 0.0169133 0.0058063
internal_weight=343020 118462 85547 32915 32590 4445 85179 826 28145 15960 2028 12185 946 4223
internal_count=343020 118462 85547 32915 32590 4445 85179 826 28145 15960 2028 12185 946 4223
is_linear=0
shrinkage=0.04


Tree=152
num_leaves=15
num_cat=0
split_feature=0 3 1 3 2 1 2 2 2 3 10 1 3 10
split_gain=49.0042 669.636 140.934 372.466 97.1549 65.7486 64.5502 90.063 70.4118 69.6477 56.8415 55.8402 436.812 77.9735
threshold=14.444071656010445 16.366978500000005 16.643899980404424 18.944166000000006 154.32675200000003 15.030165368240867 162.98899100000003 110.07969300000001 80.562938500000016 17.768704500000002 -15.227959958983815 20.433427956961918 23.406865000000003 -21.556590571195382
decision_type=2 2 2 2 2 2 2 2 2 2 2 2 2 2
left_child=-1 5 6 -4 11 -2 7 8 -3 10 -9 -5 13 -13
right_child=1 2 3 4 -6 -7 -8 9 -10 -11 -12 12 -14 -15
leaf_value=0 -0.0039906009678960346 0.0063885252343133794 -0.021536587424798467 0.00054634039447197676 -0.0035383062111040663 -0.021779795691546137 -0.0014901843899299333 -0.0057366243439762833 0.00032017039260364062 0.047676646538517331 0.0096689150163236943 -0.059089996286172036 0.00015155084758599862 -0.010396630046433507
leaf_weight=318293 473 177 796 5798 116 659 72 92 1279 571 37 509 13598 378
leaf_count=318293 473 177 796 5798 116 659 72 92 1279 571 37 509 13598 378
internal_value=0.000179088 -0.00154266 -9.05093e-05 -0.00109649 -4.9022e-05 -0.0315901 0.00947935 0.0107236 0.00505495 0.0225143 -0.00403101 0.00015974 -0.0011681 -0.0283653
internal_weight=342848 24555 23423 21195 20399 1132 2228 2156 1456 700 129 20283 14485 887
internal_count=342848 24555 23423 21195 20399 1132 2228 2156 1456 700 129 20283 14485 887
is_linear=0
shrinkage=0.04


Tree=153
num_leaves=15
num_cat=0
split_feature=0 2 8 10 0 1 2 10 1 2 0 2 10 0
split_gain=50.3624 177.186 71.917 52.8514 150.512 151.075 159.978 108.983 92.5951 81.2388 79.7236 161.566 137.168 120.789
threshold=13.620187700762196 154.32675200000003 0.46216377030752104 -11.624717897140131 0.98238001445267364 17.359757931514622 141.54763050000003 -28.556396212954574 31.401247492498598 160.44906600000004 4.3356638251295792 63.147055000000009 -6.8379259056924564 3.8354444656544611
decision_type=2 2 2 2 2 2 2 2 2 2 2 2 2 2
left_child=3 2 -2 4 5 -1 -7 9 -8 -6 13 -12 -13 -5
right_child=1 -3 -4 10 7 6 8 -9 -10 -11 11 12 -14 -15
leaf_value=0.044286869911912434 0.0035019222267556526 -0.0026258709277778283 -0.00033985981544430765 0 -0.00047397352313084093 -0.017535870434121741 0.046299484603626796 0.00043990086054054769 -0.04487057313629024 -0.0099810738810190008 0.0008925022253831994 -6.0900739836384223e-05 -0.00031336011479425705 0.00040501084432313688
leaf_weight=377 1216 438 26717 188457 24854 465 639 63412 66 594 1775 17934 10466 5406
leaf_count=377 1216 438 26717 188457 24854 465 639 63412 66 594 1775 17934 10466 5406
internal_value=0.000191473 -0.00142258 -0.00102674 0.000337102 0.00115345 0.0135229 0.00642735 0.000938105 0.0184397 -0.00127318 7.67727e-06 -0.00190489 -0.00263662 0.00030537
internal_weight=342816 28371 27933 314445 90407 1547 1170 88860 705 25448 224038 30175 28400 193863
internal_count=342816 28371 27933 314445 90407 1547 1170 88860 705 25448 224038 30175 28400 193863
is_linear=0
shrinkage=0.04


Tree=154
num_leaves=15
num_cat=0
split_feature=0 3 1 3 2 1 3 2 2 9 3 3 2 3
split_gain=49.6255 629.316 127.771 333.115 108.106 58.6242 461.927 80.2044 65.7306 120.96 102.672 203.446 95.9646 98.0564
threshold=14.444071656010445 16.165440000000004 16.507437970434626 18.944166000000006 154.32675200000003 21.402474837558369 23.592591000000002 99.62970700000001 89.831764500000006 5.7382675849870786e-05 38.271334500000002 79.374893500000027 109.814564 22.329977500000002
decision_type=2 2 2 2 2 2 2 2 2 2 2 2 2 2
left_child=-1 -2 -3 -4 5 8 -7 -8 -5 12 -11 -12 -10 -14
right_child=1 2 3 4 -6 6 7 -9 9 10 11 -13 13 -15
leaf_value=0 -0.012051019325251461 0.0034383164497114988 -0.019994617697570556 -0.00054428732239787073 -0.0028528997682362766 -0.047541539910255733 0.005021047725420804 -0.00026347000655613625 0.00065421361299162096 -0.00026906435091277606 0.0044090902732012429 -0.0013185544888163453 0.0066483074537308532 0.077280387494890301
leaf_weight=318436 1067 2089 831 1366 131 612 1384 11067 635 3433 605 376 609 419
leaf_count=318436 1067 2089 831 1366 131 612 1384 11067 635 3433 605 376 609 419
internal_value=0.000173847 -0.00155621 -0.000195271 -0.00111422 -0.000114358 0.000117039 -0.00149736 0.000170267 0.00295042 0.0047326 0.00126869 0.0126809 0.0139266 0.0214786
internal_weight=343060 24624 23557 21468 20637 20506 13063 12451 7443 6077 4414 981 1663 1028
internal_count=343060 24624 23557 21468 20637 20506 13063 12451 7443 6077 4414 981 1663 1028
is_linear=0
shrinkage=0.04


Tree=155
num_leaves=15
num_cat=0
split_feature=0 3 1 2 3 1 3 1 2 9 2 1 3 2
split_gain=48.6343 586.349 186.302 148.091 143.959 128.214 107.287 133.372 102.238 144.345 90.9035 71.1357 424.475 71.8107
threshold=14.444071656010445 17.768704500000002 15.030165368240867 154.32675200000003 16.266808500000003 16.770369771829305 19.574102000000003 19.046102013204933 110.07969300000001 0.0010800852264850616 80.562938500000016 21.402474837558369 23.406865000000003 99.62970700000001
decision_type=2 2 2 2 2 2 2 2 2 2 2 2 2 2
left_child=-1 2 4 5 -2 8 7 -7 10 -10 -3 -8 -13 -14
right_child=1 3 -4 -5 -6 6 11 -9 9 -11 -12 12 13 -15
leaf_value=0 -0.003335341763552364 0.0059315926166828769 -0.019264186261552477 -0.0024506894120716843 0.010489221106122085 -0.00063479837346619374 0.00054442523350759615 -0.037305661405502434 0.06882223265124203 0.0004480724837951651 -4.6216046275810162e-05 -0.050368120101551755 0.004401651333522244 -0.00034287953865331676
leaf_weight=318440 467 192 1237 172 155 435 6843 261 384 292 1131 552 1419 11125
leaf_count=318440 467 192 1237 172 155 435 6843 261 384 292 1131 552 1419 11125
internal_value=0.000181869 -0.00152929 -0.0231307 0.000231518 -0.00527331 0.000512503 -0.000424521 -0.0158621 0.0101851 0.0228402 0.00371882 0.000114349 -0.00161271 -0.000102041
internal_weight=343105 24665 1859 22806 622 22634 20635 696 1999 676 1323 19939 13096 12544
internal_count=343105 24665 1859 22806 622 22634 20635 696 1999 676 1323 19939 13096 12544
is_linear=0
shrinkage=0.04


Tree=156
num_leaves=15
num_cat=0
split_feature=8 2 1 3 3 2 8 8 0 10 3 8 3 0
split_gain=47.2172 70.6295 65.8426 806.625 95.6819 136.211 101.339 115.919 99.1637 93.2708 333.468 101.722 98.0901 237.544
threshold=0.60988823733273845 179.47943100000003 14.905344062839918 16.165440000000004 49.538879000000001 111.33932500000002 0.95031116117270609 0.99999042986446252 18.110939815859769 -21.328442538489032 23.406865000000003 0.99986989236253787 18.108922500000002 16.107330259304153
decision_type=2 2 2 2 2 2 2 2 2 2 2 2 2 2
left_child=-1 2 -2 -4 9 6 8 -8 -6 10 -5 -12 13 -11
right_child=1 -3 3 4 5 -7 7 -9 -10 12 11 -13 -14 -15
leaf_value=0 -8.7415083185937715e-07 0.00085245039171130352 -0.019832463389112983 -0.045231311866625566 0.0078096336704106166 -0.00079096447128083197 -0.025694465467891704 0.00098514738390213666 0.0020400430631392695 0.0010306658180536969 -0.0029686367512889102 0.0028667009070756757 0.00014412428086434483 -0.024022547512221631
leaf_weight=232793 84021 443 1247 608 494 2236 160 226 2306 682 4007 1691 11836 482
leaf_count=232793 84021 443 1247 608 494 2236 160 226 2306 682 4007 1691 11836 482
internal_value=0.000181685 -0.000499461 -0.000563657 -0.00232377 -0.000740861 0.00395426 0.00926554 -0.00994819 0.0119143 -0.00205946 -0.00605138 -0.00304668 -0.000123077 -0.0112027
internal_weight=343232 110439 109996 25975 24728 5422 3186 386 2800 19306 6306 5698 13000 1164
internal_count=343232 110439 109996 25975 24728 5422 3186 386 2800 19306 6306 5698 13000 1164
is_linear=0
shrinkage=0.04


Tree=157
num_leaves=15
num_cat=0
split_feature=8 3 1 5 1 1 3 2 2 1 1 3 3 1
split_gain=47.1115 62.4772 191.188 61.5557 144.61 54.9934 841.799 87.4708 149.709 141.811 203.463 194.388 136.19 272.841
threshold=0.5133082309487963 4.4134305000000014 4.659220200866022 1.0000000180025095e-35 2.4314298828294221 14.905344062839918 15.563922500000002 89.831764500000006 123.50291050000001 3.8228721600541671 8.9809830886640807 10.248684000000003 13.203879000000002 4.862122788974383
decision_type=2 2 2 2 2 2 2 2 2 2 2 2 2 2
left_child=-1 2 -2 4 -3 7 -7 -5 12 -10 -11 -12 13 -9
right_child=1 3 -4 5 -6 6 -8 8 9 10 11 -13 -14 -15
leaf_value=0 -5.4625668962133632e-05 0.010011369396695472 -0.010185071464809944 -1.6238426303151701e-05 -0.096837932042869085 -0.020993766284185693 -9.480141416540411e-05 0.0012683199015844481 -0.00054039210589913733 0.013622991947500955 -0.030653344783364782 -0.00036275759315812907 0.0011977166447415162 -0.001685228133689351
leaf_weight=224680 1834 49 297 63955 163 1221 30507 1655 615 600 314 2714 11495 2773
leaf_count=224680 1834 49 297 63955 163 1221 30507 1655 615 600 314 2714 11495 2773
internal_value=0.000169276 -0.00047719 -0.0072642 -0.000352573 -0.0218868 -0.000313166 -0.00173222 0.000222061 0.00251909 -0.00415744 -0.00114664 -0.00536328 0.00429819 -0.00166215
internal_weight=342872 118192 2131 116061 212 115849 31728 84121 20166 4243 3628 3028 15923 4428
internal_count=342872 118192 2131 116061 212 115849 31728 84121 20166 4243 3628 3028 15923 4428
is_linear=0
shrinkage=0.04


Tree=158
num_leaves=15
num_cat=0
split_feature=8 0 3 3 0 5 1 3 3 1 0 10 9 10
split_gain=49.9051 60.8256 124.994 104.77 137.464 86.5536 84.6173 76.1099 163.074 230.594 127.204 171.484 140.161 95.0969
threshold=0.60200103669192806 0.82277011796926802 27.0730465 4.4134305000000014 3.9437913608092052 1.0000000180025095e-35 2.4314298828294221 51.141937500000004 29.772667000000002 24.398826103833454 2.3700687914638428 -4.798736332985075 0.00013061139357356535 -4.1766288387068924
decision_type=2 2 2 2 2 2 2 2 2 2 2 2 2 2
left_child=-1 2 -2 4 -3 6 -5 8 9 -7 -10 -12 -13 -9
right_child=1 3 -4 5 -6 7 -8 13 10 -11 11 12 -14 -15
leaf_value=0 1.5464927195143508e-05 -1.3561432591882869e-05 0.00015447574751240427 0.0013999215026854462 -0.0032492425822586725 3.3284617316658604e-06 -0.092226117978527741 0.0003031304103527703 -0.0011733707197341297 -0.055786483499785683 -0.00038739909451079402 0.00041672656109048383 0.0018514020773236581 -0.00024513442472621252
leaf_weight=232123 11149 670 868 29 571 70780 154 8399 1034 581 15295 643 304 402
leaf_count=232123 11149 670 868 29 571 70780 154 8399 1034 581 15295 643 304 402
internal_value=0.000164547 -0.000533555 0.00215362 -0.000860189 -0.0124093 -0.000713371 -0.0281967 -0.000661754 -0.00101402 -0.000169841 -0.00450104 -0.00363502 0.0128828 0.00288604
internal_weight=343002 110879 12017 98862 1241 97621 183 97438 88637 71361 17276 16242 947 8801
internal_count=343002 110879 12017 98862 1241 97621 183 97438 88637 71361 17276 16242 947 8801
is_linear=0
shrinkage=0.04


Tree=159
num_leaves=15
num_cat=0
split_feature=0 3 3 1 2 1 2 1 2 10 0 9 0 3
split_gain=47.9166 653.729 126.373 227.028 109.982 188.778 105.643 109.543 88.7281 124.428 83.8636 99.1068 109.411 108.558
threshold=4.953292329775036 5.5266065000000006 9.2076965000000026 8.5226785913717702 157.5327685 9.4189745322546532 181.73567950000003 17.215689976035105 65.369899500000017 -7.0461833773530769 14.074488957282014 0.39312028011954886 5.972643403058445 13.986137500000002
decision_type=2 2 2 2 2 2 2 2 2 2 2 2 2 2
left_child=-1 -2 3 -3 8 -6 10 -8 -4 -10 11 13 -13 -7
right_child=1 2 4 -5 5 6 7 -9 9 -11 -12 12 -14 -15
leaf_value=0 -0.0088033689917408897 0.00053494492851038499 0.00055760234948747545 -0.029555822030999216 0.037352863760954182 -0.0071771707690363633 0.0028344819411449053 -0.00078253057712218937 6.0987149140684093e-05 -0.00023603318728419477 -0.0025006606218446283 0.00017639373473390409 -0.001747964295318791 0.0041026769101824585
leaf_weight=233424 813 530 2026 441 176 341 391 309 95891 4489 288 910 2333 573
leaf_count=233424 813 530 2026 441 176 341 391 309 95891 4489 288 910 2333 573
internal_value=0.000164696 -0.000525609 -0.00025833 -0.0146241 -0.000128844 -0.00573576 -0.00712925 0.00731429 0.00016249 -4.78183e-06 -0.00940382 -0.00795766 -0.0112365 0.00367615
internal_weight=342935 109511 108698 971 107727 5321 5145 700 102406 100380 4445 4157 3243 914
internal_count=342935 109511 108698 971 107727 5321 5145 700 102406 100380 4445 4157 3243 914
is_linear=0
shrinkage=0.04


end of trees

feature_importances:
control_value=649
liquid_tpd=354
oil_tpd=297
pressure_bar=290
injection_minus_liquid=283
watercut=177
oil_fraction=171
target_lrat=17
target_wrat=2

parameters:
[boosting: gbdt]
[objective: regression_l1]
[metric: l1]
[tree_learner: serial]
[device_type: cpu]
[data_sample_strategy: bagging]
[data: ]
[valid: ]
[num_iterations: 160]
[learning_rate: 0.04]
[num_leaves: 15]
[num_threads: 1]
[seed: 20260832]
[deterministic: 1]
[force_col_wise: 1]
[force_row_wise: 0]
[histogram_pool_size: -1]
[max_depth: -1]
[min_data_in_leaf: 12]
[min_sum_hessian_in_leaf: 0.001]
[bagging_fraction: 0.9]
[pos_bagging_fraction: 1]
[neg_bagging_fraction: 1]
[bagging_freq: 1]
[bagging_seed: 25016]
[bagging_by_query: 0]
[feature_fraction: 0.9]
[feature_fraction_bynode: 1]
[feature_fraction_seed: 8172]
[extra_trees: 0]
[extra_seed: 22620]
[early_stopping_round: 0]
[early_stopping_min_delta: 0]
[first_metric_only: 0]
[max_delta_step: 0]
[lambda_l1: 0]
[lambda_l2: 0]
[linear_lambda: 0]
[min_gain_to_split: 0]
[drop_rate: 0.1]
[max_drop: 50]
[skip_drop: 0.5]
[xgboost_dart_mode: 0]
[uniform_drop: 0]
[drop_seed: 23605]
[top_rate: 0.2]
[other_rate: 0.1]
[min_data_per_group: 100]
[max_cat_threshold: 32]
[cat_l2: 10]
[cat_smooth: 10]
[max_cat_to_onehot: 4]
[top_k: 20]
[monotone_constraints: ]
[monotone_constraints_method: basic]
[monotone_penalty: 0]
[feature_contri: ]
[forcedsplits_filename: ]
[refit_decay_rate: 0.9]
[cegb_tradeoff: 1]
[cegb_penalty_split: 0]
[cegb_penalty_feature_lazy: ]
[cegb_penalty_feature_coupled: ]
[path_smooth: 0]
[interaction_constraints: ]
[verbosity: -1]
[saved_feature_importance_type: 0]
[use_quantized_grad: 0]
[num_grad_quant_bins: 4]
[quant_train_renew_leaf: 0]
[stochastic_rounding: 1]
[linear_tree: 0]
[max_bin: 255]
[max_bin_by_feature: ]
[min_data_in_bin: 3]
[bin_construct_sample_cnt: 200000]
[data_random_seed: 4798]
[is_enable_sparse: 1]
[enable_bundle: 1]
[use_missing: 1]
[zero_as_missing: 0]
[feature_pre_filter: 1]
[pre_partition: 0]
[two_round: 0]
[header: 0]
[label_column: ]
[weight_column: ]
[group_column: ]
[ignore_column: ]
[categorical_feature: ]
[forcedbins_filename: ]
[precise_float_parser: 0]
[parser_config_file: ]
[objective_seed: 16111]
[num_class: 1]
[is_unbalance: 0]
[scale_pos_weight: 1]
[sigmoid: 1]
[boost_from_average: 1]
[reg_sqrt: 0]
[alpha: 0.9]
[fair_c: 1]
[poisson_max_delta_step: 0.7]
[tweedie_variance_power: 1.5]
[lambdarank_truncation_level: 30]
[lambdarank_norm: 1]
[label_gain: ]
[lambdarank_position_bias_regularization: 0]
[eval_at: ]
[multi_error_top_k: 1]
[auc_mu_weights: ]
[num_machines: 1]
[local_listen_port: 12400]
[time_out: 120]
[machine_list_filename: ]
[machines: ]
[gpu_platform_id: -1]
[gpu_device_id: -1]
[gpu_use_dp: 0]
[num_gpu: 1]

end of parameters

pandas_categorical:null
