tree
version=v4
num_class=1
num_tree_per_iteration=1
label_index=0
max_feature_idx=10
objective=regression_l1
feature_names=oil_tpd liquid_tpd pressure_bar control_value target_orat target_lrat target_wrat status oil_fraction watercut injection_minus_liquid
feature_infos=[0:43.288179497573005] [0:65.954845187478725] [0:285.438782] [0:413.92290000000003] none [0:1] [0:1] [0:1] [0:1] [0:1] [-65.954845187478725:413.92290000000003]
tree_sizes=1532 1531 1532 1537 1532 1529 1538 1546 1559 1533 1536 1528 1545 1548 1549 1549 1542 1559 1548 1535 1536 1572 1577 1550 1564 1560 1564 1542 1563 1560 1505 1535 1519 1529 1527 1519 1522 1535 1516 1542 1511 1555 1545 1512 1521 1508 1510 1512 1514 1539 1512 1503 1524 1504 1559 1507 1523 1498 1488 1499 1502 1529 1497 1506 1527 1501 1549 1541 1547 1507 1518 1550 1551 1465 1476 1527 1499 1509 1530 1508 1474 1483 1484 1541 1472 1564 1461 1475 1522 1544 1499 1473 1515 1528 1541 1466 1491 1460 1463 1491 1500 1510 1545 1493 1507 1450 1521 1562 1498 1541 1550 1494 1490 1529 1501 1536 1516 1527 1534 1537 1487 1466 1462 1450 1477 1481 1456 1466 1530 1476 1463 1517 1539 1521 1524 1533 1533 1524 1525 1490 1536 1516 1505 1520 1509 1522 1526 1501 1520 1506 1497 1510 1504 1506 1506 1500 1480 1504 1499 1499

Tree=0
num_leaves=15
num_cat=0
split_feature=1 8 9 3 2 0 2 10 9 3 0 0 2 3
split_gain=9527.97 3778.76 1435.4 1240.09 1189.52 1555.23 1006.81 991.439 799.466 666.675 993.699 800.893 633.644 509.718
threshold=14.944477487620842 0.85580150777101072 1.481246548873383e-05 18.804795500000004 102.62036900000001 5.2729177722138134 113.4184115 -1.9395509033431069 0.0026706569483077596 14.966644000000001 12.776642541862222 9.7071331530687228 113.67680000000001 4.933443500000001
decision_type=2 2 2 2 2 2 2 2 2 2 2 2 2 2
left_child=2 4 7 -3 -2 -6 -5 9 -8 10 13 -11 -7 -1
right_child=1 3 -4 6 5 12 8 -9 -10 11 -12 -13 -14 -15
leaf_value=-0.003169783502817154 0.0022391989827156068 -0.058355708122253422 0 0.0052304482460021973 -0.00048546655103564262 -0.0011817225068807603 0.003656739890575409 -1.0106349509442226e-06 -0.0061147943139076236 0.0010411138832569122 -0.04378458023071289 0.0056139457225799563 -0.0026108986139297486 0.0011693194508552551
leaf_weight=2668 3410 1863 192644 9230 32634 11474 2191 20215 3602 10170 1111 6122 34055 11095
leaf_count=2668 3410 1863 192644 9230 32634 11474 2191 20215 3602 10170 1111 6122 34055 11095
internal_value=-0.00335619 -0.0138596 0.000881713 0.00336373 -0.0174249 -0.0184338 0.00718099 0.00682198 -0.00588987 0.0112969 0.00517413 0.0168868 -0.0232107 0.0081116
internal_weight=342484 98459 244025 16886 81573 78163 15023 51381 5793 31166 14874 16292 45529 13763
internal_count=342484 98459 244025 16886 81573 78163 15023 51381 5793 31166 14874 16292 45529 13763
is_linear=0
shrinkage=0.04


Tree=1
num_leaves=15
num_cat=0
split_feature=1 8 9 3 0 2 10 2 9 3 10 3 10 1
split_gain=9010.18 3654.41 1382.3 1166.2 1156.42 1422.24 980.898 944.182 788.996 681.85 977.171 559.843 432.318 404.783
threshold=14.944477487620842 0.85580150777101072 1.481246548873383e-05 18.453964500000001 3.9382828538288241 102.62036900000001 -2.2386085896601222 113.4184115 0.0026706569483077596 4.933443500000001 -4.3010744972271278 38.906927500000002 -18.575295493154417 19.748686828463512
decision_type=2 2 2 2 2 2 2 2 2 2 2 2 2 2
left_child=2 4 6 -3 -2 -6 9 -5 13 10 -1 12 -7 -9
right_child=1 3 -4 7 5 11 -8 8 -10 -11 -12 -13 -14 -15
leaf_value=-0.020105285304784774 -0.00032284979745745657 -0.059580306243896486 0 0.0050082567691802984 0.0023188618719577787 -0.0018341298013925553 6.9663075875723734e-06 0.0065234782338142398 -0.0058522260785102845 0.001627244222164154 0.0014837068736553191 -0.0016361126661300659 -0.0021181466042995453 -0.0034510918915271762
leaf_weight=1120 21612 1675 192812 9374 3373 22694 21895 1034 3634 27035 1263 25305 8725 1216
leaf_count=1120 21612 1675 192812 9374 3373 22694 21895 1034 3634 27035 1263 25305 8725 1216
internal_value=-0.00323042 -0.0134328 0.000892002 0.0034796 -0.0169377 -0.0197913 0.00672656 0.00695766 -0.00560163 0.0114977 -0.00901385 -0.0212919 -0.0177256 0.0130133
internal_weight=342767 98642 244125 16933 81709 60097 51313 15258 5884 29418 2383 56724 31419 2250
internal_count=342767 98642 244125 16933 81709 60097 51313 15258 5884 29418 2383 56724 31419 2250
is_linear=0
shrinkage=0.04


Tree=2
num_leaves=15
num_cat=0
split_feature=1 8 9 0 2 3 10 2 8 3 10 0 2 2
split_gain=8598.42 3455.22 1308.45 1106.68 1404 1059.75 914.643 849.092 740.362 679.803 912.722 523.914 421.844 408.117
threshold=14.944477487620842 0.85580150777101072 1.481246548873383e-05 4.7787803545445797 110.56499450000001 18.804795500000004 -2.2386085896601222 113.67680000000001 0.99759381320658225 4.933443500000001 -4.3010744972271278 8.7330822232547245 99.90954600000002 82.030628000000021
decision_type=2 2 2 2 2 2 2 2 2 2 2 2 2 2
left_child=2 3 6 -2 12 -3 9 -7 -9 10 -1 -6 13 -5
right_child=1 5 -4 4 11 7 -8 8 -10 -11 -12 -13 -14 -15
leaf_value=-0.01961020742225647 -0.00039531331247091297 -0.052744064361572265 0 -0.0048475374495983124 -0.0012650911383926869 0.0047154624090194703 7.0459636002779006e-06 -0.0055337452030181887 0.0034536381819248196 0.0015628026537895204 0.001318199597120285 -0.0035596020788550378 -0.00098381133830547328 0.0071707285726070403
leaf_weight=1134 28757 1866 192948 1179 24261 9353 21877 3523 2128 27082 1263 20356 6058 1284
leaf_count=1134 28757 1866 192948 1179 24261 9353 21877 3523 2128 27082 1263 20356 6058 1284
internal_value=-0.00317662 -0.0131362 0.000849761 -0.0165319 -0.0199526 0.00334795 0.00652387 0.0068835 -0.00535834 0.0111225 -0.00929495 -0.022794 -0.00507452 0.00888348
internal_weight=343069 98765 244304 81895 53138 16870 51356 15004 5651 29479 2397 44617 8521 2463
internal_count=343069 98765 244304 81895 53138 16870 51356 15004 5651 29479 2397 44617 8521 2463
is_linear=0
shrinkage=0.04


Tree=3
num_leaves=15
num_cat=0
split_feature=1 8 0 3 0 2 3 2 10 1 8 0 0 8
split_gain=7883.92 3310.14 1075.46 1462.05 1063.84 1315.72 1005.29 795.141 745.314 656.548 620.036 595.764 573.953 532.255
threshold=14.944477487620842 0.85580150777101072 10.544332308571164 14.224378000000002 3.9382828538288241 102.62036900000001 18.453964500000001 108.85631950000001 -12.642282049688751 9.5977212460512078 0.99999995294695732 6.4444369190121984 8.7330822232547245 0.77556011447275519
decision_type=2 2 2 2 2 2 2 2 2 2 2 2 2 2
left_child=2 4 9 8 -2 -6 -3 -8 -4 11 -5 -1 -7 -11
right_child=1 6 3 10 5 12 7 -9 -10 13 -12 -13 -14 -15
leaf_value=0 -0.0002946035747385025 -0.054885386114807137 -0.046494204391212463 0.0016592049598693848 0.0022374693604135516 -0.0010203460028445721 0.0052817826343154904 -0.00086988749423980714 0.0034125652182388304 -0.00067662544548511509 0.0052584696162033089 0.0014469060301780701 -0.003288117823479176 0.00098509244620800015
leaf_weight=205387 21600 1684 1291 4931 3381 33410 6819 8412 857 10967 6032 10267 23660 4359
leaf_count=205387 21600 1684 1291 4931 3381 33410 6819 8412 857 10967 6032 10267 23660 4359
internal_value=-0.00315271 -0.0126759 0.000708424 0.0118526 -0.0159974 -0.01872 0.003436 0.00667848 -0.018324 7.58507e-05 0.0177652 0.000644366 -0.0201563 -0.00792379
internal_weight=343057 98966 244091 13111 82051 60451 16915 15231 2148 230980 10963 215654 57070 15326
internal_count=343057 98966 244091 13111 82051 60451 16915 15231 2148 230980 10963 215654 57070 15326
is_linear=0
shrinkage=0.04


Tree=4
num_leaves=15
num_cat=0
split_feature=10 2 3 0 0 8 9 3 2 3 1 8 0 3
split_gain=7365.78 3137.42 1676.7 1379.95 1036.39 1371.03 945.454 690.285 532.725 520.634 501.188 639.186 571.195 530.146
threshold=-13.696000865989527 109.20420850000001 15.630754000000001 10.544332308571164 4.9155650702516764 0.85580150777101072 0.20961980240686953 14.128299500000002 99.90954600000002 15.424520000000003 9.4427618371894315 0.77556011447275519 5.8382933166475555 10.712271500000002
decision_type=2 2 2 2 2 2 2 2 2 2 2 2 2 2
left_child=1 2 -1 10 -3 -6 -4 -5 -8 -7 12 -12 -2 -13
right_child=3 4 6 7 5 9 8 -9 -10 -11 11 13 -14 -15
leaf_value=-0.027625287305989361 0 -0.00036086154403982163 0.0047346945879531864 -0.0080397573096000676 -0.001819187698026395 -0.04722694748448486 0.0039854962021112442 0.0048683697794235231 -0.00082720742794570919 -0.0011581236661754608 -0.00076729915887117396 -0.047404487400920389 0.001181137728691101 0.0021382078915834425
leaf_weight=2213 203059 29991 10229 1344 47812 716 2461 7394 4295 9200 7570 458 11908 4362
leaf_count=2213 203059 29991 10229 1344 47812 716 2461 7394 4295 9200 7570 458 11908 4362
internal_value=-0.00317365 -0.011884 0.00276279 0.000770876 -0.0150895 -0.0182234 0.00702973 0.0163699 -0.00458259 -0.00468737 0.00017136 -0.00765133 0.000622235 0.00373444
internal_weight=343012 106917 19198 236095 87719 57728 16985 8738 6756 9916 227357 12390 214967 4820
internal_count=343012 106917 19198 236095 87719 57728 16985 8738 6756 9916 227357 12390 214967 4820
is_linear=0
shrinkage=0.04


Tree=5
num_leaves=15
num_cat=0
split_feature=1 8 0 9 0 3 3 0 3 8 10 3 0 3
split_gain=7113.24 2781.67 1025.83 1003.69 884.774 884.418 851.975 926.883 545.385 849.017 526.934 437.042 453.487 427.383
threshold=14.944477487620842 0.85580150777101072 6.4444369190121984 1.481246548873383e-05 7.779451583630606 18.274318000000005 14.860255500000003 13.005382645779006 44.528547500000009 0.99759381320658225 -17.793110963174275 15.000700000000002 3.0730483237094708 9.6082075000000025
decision_type=2 2 2 2 2 2 2 2 2 2 2 2 2 2
left_child=3 2 11 4 -1 -3 7 13 9 -7 -11 -2 -13 -6
right_child=1 5 -4 -5 6 8 -8 -9 -10 10 -12 12 -14 -15
leaf_value=0.00010784794946730137 -0.003702985800065495 -0.055419632727260811 -0.0020448218996207915 0 -0.027484015848621084 -0.0038969349721701203 0.0045326184752273561 -0.048202008757290457 0.0052248957183525999 0.00074865588809709162 0.015180137703716035 -9.2899126194811822e-05 -0.00060325990997767305 0.0058369932561090701
leaf_weight=39565 1884 1590 40379 192892 512 5065 7712 881 4327 4363 1504 11644 27912 2682
leaf_count=39565 1884 1590 40379 192892 512 5065 7712 881 4327 4363 1504 11644 27912 2682
internal_value=-0.00295598 -0.0120201 -0.0150679 0.000705688 0.00567534 0.00277999 0.0152948 0.000500613 0.00573825 0.000980607 0.011338 -0.0106467 -0.00975023 0.0105197
internal_weight=342912 98668 81819 244244 51352 16849 11787 4075 15259 10932 5867 41440 39556 3194
internal_count=342912 98668 81819 244244 51352 16849 11787 4075 15259 10932 5867 41440 39556 3194
is_linear=0
shrinkage=0.04


Tree=6
num_leaves=15
num_cat=0
split_feature=1 8 0 2 0 2 1 0 2 1 2 8 0 2
split_gain=6638.19 2654.84 996.381 1472.55 925.422 598.797 522.283 489.497 472.495 456.319 497.661 453.075 411.027 400.622
threshold=14.944477487620842 0.85580150777101072 5.2250114460208668 113.67680000000001 10.687105359954396 108.47869900000002 13.696152190840561 7.0234417281244843 99.90954600000002 9.4427618371894315 108.09561150000002 0.94167705042348226 6.4444369190121984 82.030628000000021
decision_type=2 2 2 2 2 2 2 2 2 2 2 2 2 2
left_child=4 2 -2 8 9 11 -6 -5 13 12 -11 -3 -1 -4
right_child=1 5 3 7 6 -7 -8 -9 -10 10 -12 -13 -14 -15
leaf_value=0 -0.00035671794611968704 0.007412925117165188 -0.0048731761467401815 -0.0010144903363200962 0.0031896700707500915 -0.0020962472515000797 -0.00017850143687506107 -0.0029406613187342645 -0.00078376637958345427 0.00013749804639816285 -0.00074437058573961258 0.0018280803193155327 0.0013086244277954102 0.0065770017731244723
leaf_weight=205208 32325 2153 1201 11637 8752 9577 4005 22961 12423 7380 9105 5158 9761 1299
leaf_count=205208 32325 2153 1201 11637 8752 9577 4005 22961 12423 7380 9105 5158 9761 1299
internal_value=-0.00291137 -0.0116637 -0.0146431 -0.0182088 0.000627163 0.00277594 0.0111155 -0.0227389 -0.00770623 4.9081e-05 -0.00636457 0.0113965 0.000540915 0.00816
internal_weight=342945 98734 81846 49521 244211 16888 12757 34598 14923 231454 16485 7311 214969 2500
internal_count=342945 98734 81846 49521 244211 16888 12757 34598 14923 231454 16485 7311 214969 2500
is_linear=0
shrinkage=0.04


Tree=7
num_leaves=15
num_cat=0
split_feature=1 2 9 0 8 3 3 0 1 0 3 8 2 0
split_gain=6238.31 2501.18 888.467 876.921 1172.7 845.966 751.981 1060.25 748.242 521.61 520.66 590.144 461.046 346.288
threshold=14.944477487620842 108.47869900000002 1.481246548873383e-05 4.2019985471446919 0.90884924744328932 51.299427500000007 14.334768500000001 9.0519235459756775 12.647912768856598 8.2238192453181576 16.036479000000003 0.99999526968763852 116.56260300000001 0.76793621653415389
decision_type=2 2 2 2 2 2 2 2 2 2 2 2 2 2
left_child=2 5 6 -3 9 10 8 -8 -1 -5 -2 -12 -11 -4
right_child=1 3 13 4 -6 -7 7 -9 -10 12 11 -13 -14 -15
leaf_value=7.0881955154848092e-05 -0.048394530330174261 -0.00025154842156477559 0 -0.00084017772497788816 -0.00097843060841702246 0.0094285682467940713 0.00029788568149478439 0.0046446134796716441 -0.044718110470505945 -0.0015612926834058533 -0.00036004432387668622 0.0050861858604672808 -0.003585304471178032 -0.00028333116311681368
leaf_weight=25510 909 22979 150092 28070 7698 2173 17585 7347 863 8956 7920 3218 16800 42905
leaf_count=25510 909 22979 150092 28070 7698 2173 17585 7347 863 8956 7920 3218 16800 42905
internal_value=-0.00278184 -0.0112675 0.000647232 -0.0138793 -0.0163695 0.00425316 0.0053258 0.0103064 0.000617298 -0.018458 0.000109571 0.00248519 -0.0225687 -0.000596486
internal_weight=343025 98723 244302 84503 61524 14220 51305 24932 26373 53826 12047 11138 25756 192997
internal_count=343025 98723 244302 84503 61524 14220 51305 24932 26373 53826 12047 11138 25756 192997
is_linear=0
shrinkage=0.04


Tree=8
num_leaves=15
num_cat=0
split_feature=1 2 0 9 0 2 0 1 1 2 0 10 2 0
split_gain=5876.74 2391.28 837.537 828.583 1053.52 1221.51 670.29 482.569 431.931 438.765 380.176 384.829 654.102 413.032
threshold=14.944477487620842 108.09561150000002 10.544332308571164 0.0026706569483077596 6.4444369190121984 114.26278700000002 15.876845466377192 13.696152190840561 9.4427618371894315 107.64043850000002 6.4444369190121984 -4.543379967837418 66.524181000000013 2.2722111777252709
decision_type=2 2 2 2 2 2 2 2 2 2 2 2 2 2
left_child=2 6 8 -3 -5 -6 -2 -4 10 -10 11 12 -1 -13
right_child=1 3 7 4 5 -7 -8 -9 9 -11 -12 13 -14 -15
leaf_value=0.0022731134504005547 -0.00050604254423155626 0.00057417007054011307 0.0029014038730374313 -0.0004212653106672417 -0.00057637521346808279 -0.0026829749663459285 0.0041513427910715569 -0.00031831971902211839 0.00010765605066512113 -0.00070189751878068979 0.0012595583215597678 0 -0.00052912501544203283 0.00058557296990605556
leaf_weight=2353 6624 4177 9104 40380 11603 28972 6808 4062 7105 8982 9795 174736 13139 15202
leaf_count=2353 6624 4177 9104 40380 11603 28972 6808 4062 7105 8982 9795 174736 13139 15202
internal_value=-0.00271675 -0.0109622 0.000607498 -0.013437 -0.0143334 -0.0188855 0.00472305 0.0104208 4.89382e-05 -0.00627339 0.000521501 0.000154408 -0.00590757 0.000648843
internal_weight=343042 98564 244478 85132 80955 40575 13432 13166 231312 16087 215225 205430 15492 189938
internal_count=343042 98564 244478 85132 80955 40575 13432 13166 231312 16087 215225 205430 15492 189938
is_linear=0
shrinkage=0.04


Tree=9
num_leaves=15
num_cat=0
split_feature=1 2 9 8 0 2 2 3 3 3 0 10 3 1
split_gain=5365.93 2263.2 820.266 787.711 1001.61 1052.81 764.241 713.659 512.537 481.708 853.843 682.993 454.567 487.958
threshold=14.944477487620842 107.64043850000002 1.481246548873383e-05 0.99759381320658225 5.2250114460208668 114.26278700000002 53.440355000000004 52.014283500000012 14.966644000000001 14.334768500000001 12.662711949396986 -9.1205129462138643 18.804795500000004 18.913085383172206
decision_type=2 2 2 2 2 2 2 2 2 2 2 2 2 2
left_child=2 7 6 4 -3 -6 -1 8 -2 10 -8 -11 -5 -14
right_child=1 3 -4 12 5 -7 9 -9 -10 11 -12 -13 13 -15
leaf_value=-5.3637631035423759e-05 -0.071971463055231027 -0.00031423971916820932 0 -0.056862554709984393 -0.00053548329999282508 -0.002034562008591422 0.00027125392390786363 0.010052003061182667 0.00068236977502603548 0.0043355702023090735 -0.043583481436007931 0.00049154246167120309 0.014411631302977755 -0.00061888567462663635
leaf_weight=13138 568 31646 192840 785 13223 36890 17242 1730 10619 7279 860 12842 1275 2250
leaf_count=13138 568 31646 192840 785 13223 36890 17242 1730 10619 7279 860 12842 1275 2250
internal_value=-0.0025325 -0.0103885 0.000651922 -0.0127316 -0.0136102 -0.0171285 0.00514398 0.00522412 0.00152677 0.0080046 0.00327036 0.0122638 0.00393503 0.0100652
internal_weight=343187 98986 244201 86069 81759 50113 51361 12917 11187 38223 18102 20121 4310 3525
internal_count=343187 98986 244201 86069 81759 50113 51361 12917 11187 38223 18102 20121 4310 3525
is_linear=0
shrinkage=0.04


Tree=10
num_leaves=15
num_cat=0
split_feature=1 2 0 8 0 3 0 3 10 3 1 3 8 8
split_gain=5010.16 2200.09 770.126 765.174 753.5 1232.75 713.841 690.305 679.085 441.131 426.446 437.363 537.155 426.362
threshold=14.944477487620842 107.64043850000002 3.3067137126840342 0.85580150777101072 10.544332308571164 14.334768500000001 9.130790060366536 52.014283500000012 -12.642282049688751 15.729828000000003 9.4427618371894315 10.350744000000001 0.78109437587841113 0.99999526968763852
decision_type=2 2 2 2 2 2 2 2 2 2 2 2 2 2
left_child=4 7 -3 6 10 8 -4 9 -6 -2 -1 -12 -13 -11
right_child=1 2 3 -5 5 -7 -8 -9 -10 13 11 12 -14 -15
leaf_value=0 -0.047685086199417095 -0.00014052078878842671 -0.00068709201148817569 -0.0014821946096002883 -0.038977459814096088 0.0027361628503575759 -0.0027982303479022032 0.0095653186412977161 0.0033344400484149311 -0.0001973494142062563 -0.025432293664260888 -0.0004994687605299322 0.0018312450331054362 0.0045903054358472752
leaf_weight=215220 776 15156 40428 10086 1356 10933 20283 1749 917 7143 858 10968 4283 3146
leaf_count=215220 776 15156 40428 10086 1356 10933 20283 1749 917 7143 858 10968 4283 3146
internal_value=-0.002508 -0.0101115 -0.0124166 -0.0141684 0.000563028 0.00985613 -0.0158634 0.0053504 -0.0169468 0.00165929 3.25078e-05 -0.00624496 -0.00468166 0.00385266
internal_weight=343302 98767 85953 70797 244535 13206 60711 12814 2273 11065 231329 16109 15251 10289
internal_count=343302 98767 85953 70797 244535 13206 60711 12814 2273 11065 231329 16109 15251 10289
is_linear=0
shrinkage=0.04


Tree=11
num_leaves=15
num_cat=0
split_feature=1 2 0 3 0 8 0 10 3 3 8 1 8 3
split_gain=4714.69 2004.12 716.95 1181.78 701.086 783.729 667.159 621.48 605.37 443.917 439.223 387.687 365.001 363.907
threshold=14.944477487620842 107.12474050000002 10.544332308571164 14.224378000000002 3.2346395556465111 0.85580150777101072 9.8003772064938453 -12.815260940897929 52.014283500000012 14.966644000000001 0.99999995294695732 9.5977212460512078 0.99987170057048247 48.67758400000001
decision_type=2 2 2 2 2 2 2 2 2 2 2 2 2 2
left_child=2 8 11 7 -3 6 -6 -4 9 -2 -5 -1 -10 -7
right_child=1 4 3 10 5 13 -8 -9 12 -11 -12 -13 -14 -15
leaf_value=0 -0.067458114117407209 -0.00012873376829046712 -0.043462090028066551 0.0013211394187625533 -0.00066793548444756988 -0.0031271470617840226 -0.0030498919734913109 0.0024690858181748059 0.011003096120102593 0.00077914930193777115 0.0040464810934996449 -0.00042164434459864459 -0.061592615474717428 0.0035627608321946625
leaf_weight=215864 518 14612 1159 4977 43821 8515 17869 958 1490 9969 6109 15333 116 1821
leaf_count=215864 518 14612 1159 4977 43821 8515 17869 958 1490 9969 6109 15333 116 1821
internal_value=-0.0024027 -0.0097797 0.000577414 0.00964326 -0.0119089 -0.0135296 -0.0152375 -0.0177421 0.00547424 0.00197197 0.0148728 5.96894e-05 0.0283437 -0.00333591
internal_weight=343131 98731 244400 13203 86638 72026 61690 2117 12093 10487 11086 231197 1606 10336
internal_count=343131 98731 244400 13203 86638 72026 61690 2117 12093 10487 11086 231197 1606 10336
is_linear=0
shrinkage=0.04


Tree=12
num_leaves=15
num_cat=0
split_feature=1 2 0 8 3 8 2 2 0 3 0 0 3 3
split_gain=4247.05 1827.16 728.471 766.832 650.621 557.428 557.9 503.074 816.935 417.275 802.363 491.335 400.254 370.982
threshold=14.944477487620842 107.64043850000002 4.0107239986479106 0.90884924744328932 52.014283500000012 0.99998521060536416 53.174305000000011 113.95971300000001 7.0234417281244843 15.316598000000001 13.408546134893237 9.7071331530687228 14.966644000000001 14.224378000000002
decision_type=2 2 2 2 2 2 2 2 2 2 2 2 2 2
left_child=5 4 13 7 12 -1 -7 -4 -9 10 -8 -11 -2 -3
right_child=1 2 3 -5 -6 6 9 8 -10 11 -12 -13 -14 -15
leaf_value=0 -0.063959309140203507 -0.0054901807018500528 -0.00051918684098843215 -0.00034915847588955776 0.0087374262490686316 -5.1714849259419658e-05 0.00035698425555883649 -0.00062204887928251794 -0.0024825387334402082 0.00047193463514895424 -0.017184766267114827 0.0050409361150043283 0.00056554206192363943 -0.00013920745988756038
leaf_weight=192792 537 757 12411 8098 1736 12189 21026 20215 23691 11751 1219 5128 10615 20786
leaf_count=192792 537 757 12411 8098 1736 12189 21026 20215 23691 11751 1219 5128 10615 20786
internal_value=-0.00236325 -0.0093584 -0.0114642 -0.0135937 0.00468653 0.000469306 0.00417438 -0.0152487 -0.0172587 0.0065024 0.00290402 0.0112447 0.0011406 -0.00509678
internal_weight=342951 98846 85958 64415 12888 244105 51313 56317 43906 39124 22245 16879 11152 21543
internal_count=342951 98846 85958 64415 12888 244105 51313 56317 43906 39124 22245 16879 11152 21543
is_linear=0
shrinkage=0.04


Tree=13
num_leaves=15
num_cat=0
split_feature=1 2 9 9 3 9 3 1 1 1 3 3 10 1
split_gain=3979.23 1732.9 722.484 824.215 676.703 593.095 583.374 752.506 642.145 550.188 798.496 678.209 549.795 539.49
threshold=14.944477487620842 110.33914550000001 0.82294871493266852 0.0026706569483077596 51.299427500000007 1.481246548873383e-05 14.224378000000002 8.8636425880806531 12.889601795149961 27.819256571935764 24.894435500000004 20.000043500000004 -21.592268739806187 19.748686828463512
decision_type=2 2 2 2 2 2 2 2 2 2 2 2 2 2
left_child=5 4 3 -3 -2 6 8 -8 -1 11 -11 12 -4 -13
right_child=1 2 9 -5 -6 -7 7 -9 -10 10 -12 13 -14 -15
leaf_value=4.3183730540960153e-05 -0.00017259083858953909 0.0014199991429372869 -0.0090781059935859526 -0.0014295569951487234 0.0046885436220833838 0 0.00024533729255446507 0.0038187345796818861 -0.044027146540393754 -0.015479253422204034 -0.00032743979992187853 -0.00019344788791454665 -0.00015058734083391061 0.00058116645866026194
leaf_weight=25471 15116 3470 1443 47512 3216 192629 17644 7563 709 1507 14627 2025 2965 6989
leaf_count=25471 15116 3470 1443 47512 3216 192629 17644 7563 709 1507 14627 2025 2965 6989
internal_value=-0.00223538 -0.00900496 -0.0115315 -0.0144161 0.0020947 0.000507508 0.00432561 0.00866902 0.000143621 -0.00655569 -0.0115334 -0.000572195 -0.0134301 0.00571555
internal_weight=342886 98870 80538 50982 18332 244016 51387 25207 26180 29556 16134 13422 4408 9014
internal_count=342886 98870 80538 50982 18332 244016 51387 25207 26180 29556 16134 13422 4408 9014
is_linear=0
shrinkage=0.04


Tree=14
num_leaves=15
num_cat=0
split_feature=1 2 3 1 3 8 9 2 8 3 1 10 2 9
split_gain=3622.45 1631.52 648.208 666.658 705.935 697.461 546.287 597.602 518.362 482.154 722.949 476.32 469.041 679.971
threshold=14.944477487620842 104.33064650000001 15.210864000000003 29.341839731686488 26.364453000000005 0.16701779601461866 1.481246548873383e-05 53.440355000000004 0.99759381320658225 14.334768500000001 12.889601795149961 -9.4911130820383587 109.54465500000002 0.78603666617410173
decision_type=2 2 2 2 2 2 2 2 2 2 2 2 2 2
left_child=6 -2 -3 5 -5 -4 7 -1 -7 10 -9 -11 -6 -14
right_child=1 2 3 4 12 8 -8 9 -10 11 -12 -13 13 -15
leaf_value=-5.409098882763828e-05 0.0023757578603870407 -0.0081388385391026555 1.8931722870941767e-05 -0.016572608735991208 0.0046434306530090232 -0.00087028064864386591 0 0.00025135725695858349 0.0011941313890957111 0.0037623651379548356 -0.041638223497686692 0.00047113821563740042 -0.0025994041832120263 -0.00036897777981104082
leaf_weight=13174 9387 3000 13719 1799 1160 40457 192734 17324 4400 6922 735 13295 9383 15491
leaf_count=13174 9387 3000 13719 1799 1160 40457 192734 17324 4400 6922 735 13295 9383 15491
internal_value=-0.00215301 -0.00861573 -0.0102813 -0.00964668 -0.0147436 -0.0072248 0.000461783 0.00412362 -0.00963863 0.00665273 0.00190265 0.0108958 -0.0130691 -0.0142285
internal_weight=342980 98796 89409 86409 27833 58576 244184 51450 44857 38276 18059 20217 26034 24874
internal_count=342980 98796 89409 86409 27833 58576 244184 51450 44857 38276 18059 20217 26034 24874
is_linear=0
shrinkage=0.04


Tree=15
num_leaves=15
num_cat=0
split_feature=10 2 0 8 0 3 9 10 3 10 3 10 3 9
split_gain=3313.54 1465.55 705.156 807.282 749.84 553.575 533.265 552.383 613.907 749.594 945.987 627.009 358.642 356.232
threshold=-14.911680516128646 102.62036900000001 3.0730483237094708 0.85580150777101072 10.100224950875463 43.972501500000007 1.481246548873383e-05 -1.9395509033431069 14.019552000000003 -4.4260083936212977 5.1680700000000011 -12.642282049688751 8.5060640000000021 0.0026706569483077596
decision_type=2 2 2 2 2 2 2 2 2 2 2 2 2 2
left_child=1 -1 -3 4 -4 13 7 8 9 10 -2 -12 -11 -5
right_child=6 2 3 5 -6 -7 -8 -9 -10 12 11 -13 -14 -15
leaf_value=0.0025803088444469099 -0.012999460690717396 -3.0970188792288914e-05 -0.00052159007487354123 0.00068865281312878337 -0.0029109471054752051 0.0040448296971387909 0 -2.2313761734889695e-05 0.0012694603199231028 0.0016280706040671508 -0.037702051338538684 0.0019543584481756821 -0.00018556253983467421 -0.0049851051654488301
leaf_weight=8235 1693 12960 47511 5029 18209 2689 192748 20222 18242 4184 699 4518 1819 4408
leaf_count=8235 1693 12960 47511 5029 18209 2689 192748 20222 18242 4184 699 4518 1819 4408
internal_value=-0.00206442 -0.00823538 -0.00970068 -0.0111389 -0.0128886 -0.00165595 0.000439119 0.00406018 0.0074017 0.000727949 -0.0082547 0.000176347 0.0110678 -0.00621808
internal_weight=343166 99041 90806 77846 65720 12126 244125 51377 31155 12913 6910 5217 6003 9437
internal_count=343166 99041 90806 77846 65720 12126 244125 51377 31155 12913 6910 5217 6003 9437
is_linear=0
shrinkage=0.04


Tree=16
num_leaves=15
num_cat=0
split_feature=1 2 8 9 9 10 10 3 3 3 1 3 1 1
split_gain=3103.25 1382.8 765.726 830.247 615.328 629.642 589.112 771.516 563.69 498.507 662.789 480.924 819.377 717.962
threshold=14.944477487620842 110.56499450000001 0.22709638969297935 0.0026706569483077596 1.481246548873383e-05 -1.9395509033431069 -29.747795098941957 27.010490000000001 49.237960000000008 4.6749780000000003 4.0939456000091701 25.000033000000006 22.605445952718458 25.218919560040604
decision_type=2 2 2 2 2 2 2 2 2 2 2 2 2 2
left_child=4 8 6 -4 5 9 7 -3 -2 10 -1 13 -13 -8
right_child=1 2 3 -5 -6 -7 11 -9 -10 -11 -12 12 -14 -15
leaf_value=0.00085842582981691745 -0.0002207368997585108 -0.01400053534617526 0.0015969923263225406 -0.0016429823208049361 0 -2.1849032505118955e-05 -5.1750202843718877e-05 -0.00035880107721269485 0.0029548914483661808 0.00095371225317044512 -0.0201481514868741 -0.0001616620491037351 0.0014953659404783337 -0.0032221159410620358
leaf_weight=775 14976 1694 3380 37867 192579 20185 9902 15467 4188 29491 893 3048 4929 3301
leaf_count=775 14976 1694 3380 37867 192579 20185 9902 15467 4188 29491 893 3048 4929 3301
internal_value=-0.00188937 -0.00787184 -0.0101945 -0.0139773 0.000532627 0.0044235 -0.00612504 -0.0116334 0.00177416 0.0079887 -0.0132854 -0.00166195 0.00609252 -0.00634704
internal_weight=342675 98752 79588 41247 243923 51344 38341 17161 19164 31159 1668 21180 7977 13203
internal_count=342675 98752 79588 41247 243923 51344 38341 17161 19164 31159 1668 21180 7977 13203
is_linear=0
shrinkage=0.04


Tree=17
num_leaves=15
num_cat=0
split_feature=1 2 0 9 10 2 9 0 0 2 10 2 0 2
split_gain=2915.48 1298.92 678.822 564.482 576.077 514.192 554.305 825.704 369.097 300.71 435.067 283.255 275.093 476.607
threshold=14.944477487620842 107.12474050000002 3.2346395556465111 1.481246548873383e-05 -2.2386085896601222 113.4184115 0.0026706569483077596 7.0978649732751018 15.876845466377192 116.85714750000001 -25.14029956958937 96.572578500000006 0.76793621653415389 108.85631950000001
decision_type=2 2 2 2 2 2 2 2 2 2 2 2 2 2
left_child=3 8 -3 4 -1 -4 -7 -8 11 -9 -11 -2 -5 -14
right_child=1 2 5 12 -6 6 7 9 -10 10 -12 -13 13 -15
leaf_value=0.00083621819017852962 0.004031039580617647 -5.7325393260521835e-05 -0.00029763659116801986 0 -1.2298872633840965e-05 0.0014506610602553793 -0.0004177509684407963 -0.00092830783239904538 0.0032745986822724734 -0.0033175967543069918 -0.001952756889723396 -0.0011241663823426012 -2.0307111128323659e-05 -0.00059410730087163573
leaf_weight=29436 2312 14579 14873 149700 21900 2626 27636 5947 6268 9963 11068 3532 28194 14732
leaf_count=29436 2312 14579 14873 149700 21900 2626 27636 5947 6268 9963 11068 3532 28194 14732
internal_value=-0.00185631 -0.00765313 -0.00936742 0.000491388 0.00421848 -0.0109589 -0.0126806 -0.0135438 0.00461691 -0.0185218 -0.0207674 -0.00261465 -0.000501905 -0.00332479
internal_weight=342766 98804 86692 243962 51336 72113 57240 54614 12112 26978 21031 5844 192626 42926
internal_count=342766 98804 86692 243962 51336 72113 57240 54614 12112 26978 21031 5844 192626 42926
is_linear=0
shrinkage=0.04


Tree=18
num_leaves=15
num_cat=0
split_feature=1 2 1 3 3 8 9 10 3 3 1 9 8 8
split_gain=2682.99 1216.93 564.565 686.63 676.028 677.738 541.662 538.995 538.329 516.316 623.436 437.049 633.059 431.884
threshold=14.944477487620842 107.12474050000002 29.341839731686488 26.030452000000004 14.334768500000001 0.049004647914463406 1.481246548873383e-05 -2.2386085896601222 52.014283500000012 4.6749780000000003 4.1845642421964522 0.78603666617410173 0.81382478261982472 0.27754848371262014
decision_type=2 2 2 2 2 2 2 2 2 2 2 2 2 2
left_child=6 8 4 -4 -3 -6 7 9 -2 10 -1 12 -5 -7
right_child=1 2 3 11 5 13 -8 -9 -10 -11 -12 -13 -14 -15
leaf_value=0.00098748545146911055 0.00022541174305446311 -0.01685206037389873 -0.016577679814642372 -0.0022628592336098883 0.0011768239759338492 -0.00011138724886243193 0 -1.12079383322977e-05 0.008611344783235898 0.00097329747595581895 -0.021247219400951849 -0.00031740144400692284 0.00091948741847134338 -0.0010988049491259585
leaf_weight=695 10533 1504 1670 8029 1200 24996 192725 21920 1625 27997 800 15749 2088 31440
leaf_count=695 10533 1504 1670 8029 1200 24996 192725 21920 1625 27997 800 15749 2088 31440
internal_value=-0.00175047 -0.00731084 -0.00897319 -0.0137042 -0.00677038 -0.00607953 0.000500539 0.00414845 0.00454022 0.00767937 -0.0152241 -0.0120993 -0.0185865 -0.00671203
internal_weight=342971 98834 86676 27536 59140 57636 244137 51412 12158 29492 1495 25866 10117 56436
internal_count=342971 98834 86676 27536 59140 57636 244137 51412 12158 29492 1495 25866 10117 56436
is_linear=0
shrinkage=0.04


Tree=19
num_leaves=15
num_cat=0
split_feature=1 2 0 3 8 0 9 10 3 1 3 1 3 8
split_gain=2433.98 1078.04 654.809 580.644 595.948 719.982 504.562 519.417 471.334 570.536 449.774 356.21 306.996 353.13
threshold=14.944477487620842 105.94244350000001 3.0730483237094708 18.453964500000001 0.85580150777101072 10.100224950875463 1.481246548873383e-05 -2.2386085896601222 4.6749780000000003 4.1845642421964522 16.141809500000004 25.77971469124633 52.014283500000012 0.99999526968763852
decision_type=2 2 2 2 2 2 2 2 2 2 2 2 2 2
left_child=6 10 -3 -4 5 -5 7 8 9 -1 -2 -7 13 -12
right_child=1 2 3 4 -6 11 -8 -9 -10 -11 12 -13 -14 -15
leaf_value=0.00086554025545767523 -0.03689206057527003 -3.3873704038712634e-06 -0.013705342625069819 -0.00037067959180283233 7.2492428908496173e-05 -0.0015131949056469609 0 -1.2077618745063093e-05 0.0009293327181882239 -0.020104794604634844 -0.00022013459099151471 -0.0032667969335400272 0.0083495137481348052 0.0043197634901884973
leaf_weight=674 764 12923 4789 43802 9840 7812 192731 21957 28009 789 5710 8925 1430 2856
leaf_count=674 764 12923 4789 43802 9840 7812 192731 21957 28009 789 5710 8925 1430 2856
internal_value=-0.00168263 -0.00697818 -0.00843809 -0.00986803 -0.00895097 -0.0104349 0.000461337 0.00398141 0.00745114 -0.0146822 0.00497398 -0.0174918 0.00723489 0.00437077
internal_weight=343011 98851 88091 75168 70379 60539 244160 51429 29472 1463 10760 16737 9996 8566
internal_count=343011 98851 88091 75168 70379 60539 244160 51429 29472 1463 10760 16737 9996 8566
is_linear=0
shrinkage=0.04


Tree=20
num_leaves=15
num_cat=0
split_feature=1 2 3 0 9 0 9 10 3 3 1 9 10 3
split_gain=2170.91 1003.25 607.894 629.259 590.35 701.808 489.682 507.212 430.371 425.264 570.804 364.026 364.455 665.863
threshold=14.944477487620842 102.62036900000001 14.544164000000002 3.0730483237094708 0.14573715314545613 13.130270142609067 1.481246548873383e-05 -2.2386085896601222 44.528547500000009 4.6749780000000003 4.1845642421964522 0.0026706569483077596 -17.793110963174275 21.040592500000006
decision_type=2 2 2 2 2 2 2 2 2 2 2 2 2 2
left_child=6 -2 -3 -4 8 -6 7 9 11 10 -1 12 13 -5
right_child=1 2 3 4 5 -7 -8 -9 -10 -11 -12 -13 -14 -15
leaf_value=0.00087110920039464555 0.002269095897303335 -0.017690822329200783 3.344842475995799e-05 -0.05096802557457554 -0.00045062323415087023 -0.0041462480248801292 0 -1.3943723736689956e-05 0.0037351172433940784 0.00089467798576576836 -0.019563268569045646 -0.0043186220023298657 0.014456079141108706 0.001037966386352313
leaf_weight=683 8156 1927 12182 822 55850 8773 192755 21841 2677 27886 775 4329 1331 2709
leaf_count=683 8156 1927 12182 822 55850 8773 192755 21841 2677 27886 775 4329 1331 2709
internal_value=-0.00159687 -0.00660051 -0.00781015 -0.00732715 -0.00867187 -0.0101778 0.000428794 0.00390661 -0.000471857 0.00734188 -0.0137174 -0.00458274 0.00292884 -0.00379496
internal_weight=342696 98756 90600 88673 76491 64623 243940 51185 11868 29344 1458 9191 4862 3531
internal_count=342696 98756 90600 88673 76491 64623 243940 51185 11868 29344 1458 9191 4862 3531
is_linear=0
shrinkage=0.04


Tree=21
num_leaves=15
num_cat=0
split_feature=10 3 9 9 2 0 2 0 10 9 3 0 8 9
split_gain=2068.97 1386.37 773.286 798.521 914.004 678.236 769.163 1189.82 499.047 465.878 428.796 1194.12 409.004 364.85
threshold=-25.667824399118071 24.357122000000004 1.481246548873383e-05 0.83357887854940238 110.56499450000001 2.0213868196749383 116.26397700000003 6.894235912417332 -2.2386085896601222 0.0026706569483077596 14.966644000000001 13.26195534094443 0.99987170057048247 0.64563236213726438
decision_type=2 2 2 2 2 2 2 2 2 2 2 2 2 2
left_child=1 -1 8 4 12 -3 -7 -8 10 -6 11 -2 -4 -11
right_child=2 5 3 -5 9 6 7 -9 -10 13 -12 -13 -14 -15
leaf_value=-0.015940587928018717 0.00043653782371199821 0.0019157142419223363 8.6306274346093555e-05 0 0.0022734019084100312 -0.00010886292534043205 -0.00019473532595323329 -0.0025122111136642441 -1.831561857428431e-05 -0.0013995548421540675 0.0012729793049217665 -0.054977062357549226 -0.00037963389924078491 -0.0002184036174425679
leaf_weight=3195 13134 1247 35754 159195 1517 15385 13988 10565 22010 24168 21082 1146 5183 15533
leaf_count=3195 13134 1247 35754 159195 1517 15385 13988 10565 22010 24168 21082 1146 5183 15533
internal_value=-0.00150055 -0.00955926 -0.000303292 -0.00129555 -0.00449833 -0.00759014 -0.00849717 -0.0128913 0.00387088 -0.00870299 0.00681409 0.00146218 -0.000264797 -0.00953427
internal_weight=343102 44380 298722 241350 82155 41185 39938 24553 57372 41218 35362 14280 40937 39701
internal_count=343102 44380 298722 241350 82155 41185 39938 24553 57372 41218 35362 14280 40937 39701
is_linear=0
shrinkage=0.04


Tree=22
num_leaves=15
num_cat=0
split_feature=1 3 9 9 2 2 9 10 2 9 8 3 10 10
split_gain=1963.56 1285.97 735.942 729.785 808.349 524.524 1184.34 671.526 460.077 431.686 408.712 312.499 1131.57 361.267
threshold=25.593186618667009 23.973488500000006 1.481246548873383e-05 0.83357887854940238 109.83274100000001 116.56260300000001 0.82507266382419309 -27.993592193224384 53.174305000000011 0.0026706569483077596 0.99987170057048247 14.966644000000001 -13.312332227181104 -8.4499318986820509
decision_type=2 2 2 2 2 2 2 2 2 2 2 2 2 2
left_child=2 -2 8 4 10 -3 -7 -8 -1 -6 -4 12 -10 -13
right_child=1 5 3 -5 9 6 7 -9 11 -11 -12 13 -14 -15
leaf_value=-4.8881877525885095e-05 -0.016167071851466677 -0.00012277392468796147 0.00010544935755394114 0 0.0024059096842832146 -0.0021649602676591844 -0.00022310472363943511 0.0052282724904092028 -0.053100359085810879 -0.0006167624076927348 -0.00037842303850325876 0.0028392397389994362 0.00029121124130286098 0.00024507220214719518
leaf_weight=12168 2916 16153 33807 159181 1632 11900 12225 1476 1096 41332 5173 12551 19258 12196
leaf_count=12168 2916 16153 33807 159181 1632 11900 12225 1476 1096 41332 5173 12551 19258 12196
internal_value=-0.00142154 -0.00924289 -0.000250675 -0.00121879 -0.00428585 -0.00744935 -0.0110105 -0.00299248 0.00382546 -0.00807001 -0.000114931 0.00568768 0.00201631 0.00870732
internal_weight=343064 44670 298394 241125 81944 41754 25601 13701 57269 42964 38980 45101 20354 24747
internal_count=343064 44670 298394 241125 81944 41754 25601 13701 57269 42964 38980 45101 20354 24747
is_linear=0
shrinkage=0.04


Tree=23
num_leaves=15
num_cat=0
split_feature=1 3 9 9 2 0 2 0 0 9 2 9 3 3
split_gain=1823.07 1230.02 592.366 680.666 802.643 560.081 708.492 1101.74 374.541 584.774 556.776 529.497 420.259 403.345
threshold=25.593186618667009 23.784053000000004 1.481246548873383e-05 0.83357887854940238 108.47869900000002 2.0213868196749383 116.56260300000001 7.0234417281244843 5.8382933166475555 0.01478122346195221 75.108047500000012 0.13570389232567495 15.113421500000001 27.186959500000004
decision_type=2 2 2 2 2 2 2 2 2 2 2 2 2 2
left_child=2 -2 -1 4 8 -3 -7 -8 -4 10 -10 12 -11 -12
right_child=1 5 3 -5 -6 6 7 -9 9 11 13 -13 -14 -15
leaf_value=0.00017405969310353765 -0.016039623942922611 0.0017193421292768251 -0.00018942253678138417 0 -0.00052627119312015033 -0.00011082896749163642 -0.00020730595139023764 -0.0025128091928264783 0.0013013191276642533 -0.0038953217956248548 -0.0027691174199317987 1.5890383463747719e-05 0.0023718507948361613 -0.012373275468033913
leaf_weight=57211 2793 1330 16084 159120 45948 15987 14530 9975 1412 512 1586 7736 7369 1194
leaf_count=57211 2793 1330 16084 159120 45948 15987 14530 9975 1412 512 1586 7736 7369 1194
internal_value=-0.00143063 -0.00897187 -0.000302242 -0.00117098 -0.00413534 -0.00725551 -0.00809444 -0.0123681 0.000346586 0.00402847 -0.00923664 0.00758917 0.0148864 -0.0196259
internal_weight=342787 44615 298172 240961 81841 41822 40492 24505 35893 19809 4192 15617 7881 2780
internal_count=342787 44615 298172 240961 81841 41822 40492 24505 35893 19809 4192 15617 7881 2780
is_linear=0
shrinkage=0.04


Tree=24
num_leaves=15
num_cat=0
split_feature=10 3 2 0 8 9 2 9 10 3 3 10 2 8
split_gain=1724.53 1114.29 547.659 1244.32 512.952 649.498 862.008 439.032 417.121 536.23 401.901 490.088 397.38 345.448
threshold=-25.667824399118071 23.784053000000004 116.56260300000001 7.0978649732751018 0.99998521060536416 0.78603666617410173 110.56499450000001 0.0026706569483077596 -27.40172501245242 30.000174500000004 25.719235000000001 -30.215656557518972 53.174305000000011 0.99987170057048247
decision_type=2 2 2 2 2 2 2 2 2 2 2 2 2 2
left_child=1 -1 -3 8 5 6 13 -8 10 -10 -4 -12 -6 -2
right_child=4 2 3 -5 12 -7 7 -9 9 -11 11 -13 -14 -15
leaf_value=-0.015349898940701384 9.6935055470904758e-05 -0.00010588481345461948 -0.00084551329598998057 -0.0024538431769721204 -5.3833606723785244e-05 0 0.0022479411091899373 -0.00077949348359931307 0.0097803126747727214 -0.00034910183321539625 -0.00025060513962669648 0.0017150140334862857 0.00037065716507683532 -0.00035220141190366847
leaf_weight=2693 35033 16121 1863 9824 12224 164380 1526 35210 1175 665 10183 1787 45088 5241
leaf_count=2693 35033 16121 1863 9824 12224 164380 1526 35210 1175 665 10183 1787 45088 5241
internal_value=-0.0014024 -0.00876622 -0.00715267 -0.0108013 -0.000310008 -0.00111769 -0.00414907 -0.00858014 -0.00380527 0.014087 -0.00618521 -0.00349541 0.00309185 -0.000107265
internal_weight=343013 44311 41618 25497 298702 241390 77010 36736 15673 1840 13833 11970 57312 40274
internal_count=343013 44311 41618 25497 298702 241390 77010 36736 15673 1840 13833 11970 57312 40274
is_linear=0
shrinkage=0.04


Tree=25
num_leaves=15
num_cat=0
split_feature=10 3 9 9 2 0 2 0 9 10 3 10 3 1
split_gain=1594.74 1028.47 492.101 549.833 800.611 474.761 590.721 1010.24 431.732 398.934 401.652 1198.25 343.92 535.696
threshold=-25.415417979538926 24.357122000000004 1.481246548873383e-05 0.78603666617410173 110.56499450000001 2.0213868196749383 116.56260300000001 7.0978649732751018 0.0026706569483077596 -2.2386085896601222 15.729828000000003 -13.696000865989527 4.6749780000000003 4.1845642421964522
decision_type=2 2 2 2 2 2 2 2 2 2 2 2 2 2
left_child=1 -1 9 4 -4 -3 -7 -8 -6 10 11 -2 13 -13
right_child=2 5 3 -5 8 6 7 -9 -10 -11 -12 12 -14 -15
leaf_value=-0.013301218245926871 -0.030534873591063202 0.001752496683992424 8.4199607600388922e-06 0 0.0023359778786665765 -9.1231522288179537e-05 -0.00016275658747497431 -0.002340421521654468 -0.00073296921201762349 -2.5215783876415345e-05 0.0014524527836442653 0.00082218689025524195 0.00074832490487119455 -0.019549480303035709
leaf_weight=3505 1650 1263 40089 163952 1515 16172 14474 9982 34839 21947 18127 695 14050 783
leaf_count=3505 1650 1263 40089 163952 1515 16172 14474 9982 34839 21947 18127 695 14050 783
internal_value=-0.00126923 -0.00825271 -0.000204134 -0.000997858 -0.00379943 -0.00651118 -0.00726199 -0.0111842 -0.00809815 0.00312862 0.00576122 0.00137851 0.00482226 -0.0135318
internal_weight=343043 45396 297647 240395 76443 41891 40628 24456 36354 57252 35305 17178 15528 1478
internal_count=343043 45396 297647 240395 76443 41891 40628 24456 36354 57252 35305 17178 15528 1478
is_linear=0
shrinkage=0.04


Tree=26
num_leaves=15
num_cat=0
split_feature=10 2 0 9 9 2 10 9 2 0 9 9 2 8
split_gain=1557.33 646.928 920.821 539.773 529.453 742.802 450.039 383.781 337.926 310.642 515.149 654.192 508.655 318.888
threshold=-25.415417979538926 116.85714750000001 7.2541961462209974 1.481246548873383e-05 0.78603666617410173 110.56499450000001 -2.2386085896601222 0.0026706569483077596 171.70274350000003 5.8382933166475555 0.01478122346195221 0.14081756286418715 75.108047500000012 0.51327675919421623
decision_type=2 2 2 2 2 2 2 2 2 2 2 2 2 2
left_child=1 -1 -3 6 5 9 -2 -7 -9 -5 12 -12 -11 -13
right_child=3 2 -4 4 -6 7 -8 8 -10 10 11 13 -14 -15
leaf_value=-0.00014565916342780565 0.0007823746914030667 -0.00026738523091664814 -0.0026120285189866806 -0.00017146650535891525 0 0.0021605498445596664 -2.6191840509073735e-05 -0.00079546881573311042 0.00031346575251983564 0.0013067193542890025 0.0019867521471384547 0.001232991842005354 -0.005655256847097943 -0.00055853174952734104
leaf_weight=17259 35248 18484 9717 17595 164042 1537 21951 32712 2034 1399 8809 2201 3282 6820
leaf_count=17259 35248 18484 9717 17595 164042 1537 21951 32712 2034 1399 8809 2201 3282 6820
internal_value=-0.00119945 -0.00809503 -0.0118279 -0.000146222 -0.000977079 -0.00372776 0.00334621 -0.00787476 -0.00874 2.39366e-05 0.00313624 0.00623668 -0.00867336 -0.00133466
internal_weight=343090 45460 28201 297630 240431 76389 57199 36283 34746 40106 22511 17830 4681 9021
internal_count=343090 45460 28201 297630 240431 76389 57199 36283 34746 40106 22511 17830 4681 9021
is_linear=0
shrinkage=0.04


Tree=27
num_leaves=15
num_cat=0
split_feature=10 3 9 9 2 3 2 1 9 10 3 1 9 2
split_gain=1476.25 968.869 515.64 487.145 566.222 428.798 739.908 620.856 469.166 425.916 628.096 535.312 382.518 336.887
threshold=-25.667824399118071 25.000033000000006 1.481246548873383e-05 0.83357887854940238 108.47869900000002 28.909754000000003 119.83708950000002 30.948583065739339 0.74056941059412951 -3.793447912008852 4.8461380000000007 4.3450507291278671 0.74056941059412951 73.191753500000019
decision_type=2 2 2 2 2 2 2 2 2 2 2 2 2 2
left_child=1 -1 9 4 -4 7 -7 8 -3 10 11 -2 -8 -12
right_child=2 5 3 -5 -6 6 12 -9 -10 -11 13 -13 -14 -15
leaf_value=-0.0059195546849364076 0.0023776686329616955 -0.0038622078732646514 2.2998973105276126e-05 0 -0.00043353500648273018 -0.00014296039394536578 -0.0037176986579600313 -0.0044747012901482633 0.004799207568683757 -3.9798541899165917e-06 0.0018800846968624048 -0.018331639837928453 -0.00039038307553001568 0.0011522598493643242
leaf_weight=4797 536 710 35973 159442 46237 20632 4810 758 2776 28508 7792 935 9930 19334
leaf_count=4797 536 710 35973 159442 46237 20632 4810 758 2776 28508 7792 935 9930 19334
internal_value=-0.00115814 -0.00796253 -0.000146607 -0.00095443 -0.00345554 -0.0059067 -0.00734819 0.00610745 0.0132415 0.00327187 0.00672098 -0.0187356 -0.0141927 0.00810145
internal_weight=343170 44413 298757 241652 82210 39616 35372 4244 3486 57105 28597 1471 14740 27126
internal_count=343170 44413 298757 241652 82210 39616 35372 4244 3486 57105 28597 1471 14740 27126
is_linear=0
shrinkage=0.04


Tree=28
num_leaves=15
num_cat=0
split_feature=1 3 9 9 2 2 9 9 9 2 0 9 9 2
split_gain=1265.19 678.289 516.193 657.723 703.091 473.508 437.596 480.951 430.175 409.929 382.072 589.663 562.057 469.256
threshold=29.341839731686488 26.844364000000002 1.481246548873383e-05 0.83357887854940238 110.56499450000001 121.56504850000002 0.64563236213726438 0.0026706569483077596 0.79054070214692551 171.70274350000003 5.8382933166475555 0.01478122346195221 0.13570389232567495 75.108047500000012
decision_type=2 2 2 2 2 2 2 2 2 2 2 2 2 2
left_child=2 -2 -1 4 10 -3 7 -6 -7 -9 -4 13 -13 -12
right_child=1 5 3 -5 6 8 -8 9 -10 -11 11 12 -14 -15
leaf_value=0.00015150399374482974 -0.012014184963412139 -0.00016840171803498603 -0.00018099586109330442 0 0.0021544285085878241 -0.0027180932711747818 -0.00012013299945083559 -0.0015430467983434204 -0.00035202621461480886 0.00026576446779175134 0.0012242397066577087 0.0019780603805174108 1.6651965234428742e-05 -0.0056873255807325411
leaf_weight=57481 2004 17275 18597 163070 1548 3806 20506 25946 7051 1982 1409 8897 10258 3366
leaf_count=57481 2004 17275 18597 163070 1548 3806 20506 25946 7051 1982 1409 8897 10258 3366
internal_value=-0.00102542 -0.0088532 -0.000271897 -0.00104218 -0.00373629 -0.00725153 -0.0069529 -0.0100746 -0.0137975 -0.0112776 4.42072e-05 0.00338654 0.00652153 -0.00918953
internal_weight=343196 30136 313060 255579 92509 28132 49982 29476 10857 27928 42527 23930 19155 4775
internal_count=343196 30136 313060 255579 92509 28132 49982 29476 10857 27928 42527 23930 19155 4775
is_linear=0
shrinkage=0.04


Tree=29
num_leaves=15
num_cat=0
split_feature=1 3 9 8 2 2 9 10 3 9 1 9 3 10
split_gain=1163.38 590.445 464.809 579.385 615.014 422.163 409.784 405.822 365.669 358.549 336.544 331.509 627.756 412.219
threshold=29.124353890358154 26.364453000000005 1.481246548873383e-05 0.16701779601461866 108.47869900000002 121.56504850000002 0.79054070214692551 -2.2386085896601222 4.4969055000000013 0.9714583790791359 30.948583065739339 0.036722035855222608 59.195152000000007 -5.6635555691961885
decision_type=2 2 2 2 2 2 2 2 2 2 2 2 2 2
left_child=2 9 7 -4 11 -3 -7 8 -1 -2 -8 12 -5 -13
right_child=1 5 3 4 -6 6 10 -9 -10 -11 -12 13 -14 -15
leaf_value=-0.0080356931514406291 -0.014683691830111853 -0.00016637815128029421 0 -7.4922591950692279e-05 -0.00044755539235091763 -0.0026199240843449577 0.0015680163418803112 -2.6867490131797157e-05 0.00083176038317744254 0.00065830387469154646 -0.00044130679296320338 0.00068146562295011241 -0.0073784163707846422 -0.0005270160242377926
leaf_weight=855 1742 17632 163149 13365 54953 3884 735 21953 34635 176 6546 18467 1252 3667
leaf_count=855 1742 17632 163149 13365 54953 3884 735 21953 34635 176 6546 18467 1252 3667
internal_value=-0.000947025 -0.00837506 -0.000216461 -0.000949096 -0.00349298 -0.00694378 -0.01303 0.00303396 0.00567822 -0.0298644 -0.00743304 0.000512639 -0.00416228 0.00359989
internal_weight=343011 30715 312296 254853 91704 28797 11165 57443 35490 1918 7281 36751 14617 22134
internal_count=343011 30715 312296 254853 91704 28797 11165 57443 35490 1918 7281 36751 14617 22134
is_linear=0
shrinkage=0.04


Tree=30
num_leaves=15
num_cat=0
split_feature=1 2 2 9 9 0 3 1 2 0 0 3 2 9
split_gain=1056 567.603 390.459 704.321 849.354 512.614 415.051 485.979 313.364 451.323 366.123 369.626 362.393 362.183
threshold=29.341839731686488 121.56504850000002 107.12474050000002 0.7201501962362008 0.0026706569483077596 6.4444369190121984 13.605081 12.232722867704243 71.317176500000016 3.0730483237094708 4.5654394475999762 8.5060640000000021 79.847118000000009 0.16549011012374373
decision_type=2 2 2 2 2 2 2 2 2 2 2 2 2 2
left_child=2 -2 5 4 -4 8 7 -7 9 -1 11 -10 -13 -12
right_child=1 -3 3 -5 -6 6 -8 -9 10 -11 13 12 -14 -15
leaf_value=0 -0.00018734124326903927 -0.00097230470529454608 0.0012627190121904431 0 -0.00078507665753800191 0.00055380165029677859 0.0011366866167942407 -0.036512441053255622 0.00032516700127424412 0.0011028152084793606 -0.0022762725118958545 -0.00095610494744889868 0 0.00014185009179229214
leaf_weight=93009 17568 12408 7741 113476 40373 2310 29422 787 3748 8215 4702 2957 4486 1914
leaf_count=93009 17568 12408 7741 113476 40373 2310 29422 787 3748 8215 4702 2957 4486 1914
internal_value=-0.000946269 -0.00811849 -0.000259692 -0.00162758 -0.00568317 0.00119881 0.00564962 -0.00827898 -1.71384e-05 0.000843673 -0.00491043 -0.000500402 -0.00565901 -0.01237
internal_weight=343116 29976 313140 161590 48114 151550 32519 3097 119031 101224 17807 11191 7443 6616
internal_count=343116 29976 313140 161590 48114 151550 32519 3097 119031 101224 17807 11191 7443 6616
is_linear=0
shrinkage=0.04


Tree=31
num_leaves=15
num_cat=0
split_feature=10 2 2 9 8 0 3 10 9 3 2 2 3 2
split_gain=995.39 535.514 376.51 663.738 895.171 485.154 407.042 591.654 311.678 310.323 309.003 317.301 293.846 277.75
threshold=-29.363540855990639 121.56504850000002 107.12474050000002 0.63498928361727003 0.99759381320658225 6.4444369190121984 14.019552000000003 -13.152040947760861 0.78847671518664542 35.000107500000006 171.70274350000003 118.07423000000001 15.630754000000001 71.317176500000016
decision_type=2 2 2 2 2 2 2 2 2 2 2 2 2 2
left_child=1 9 5 4 10 13 7 -7 -3 -1 11 -4 -12 -2
right_child=2 8 3 -5 -6 6 -8 -9 -10 -11 12 -13 -14 -15
leaf_value=-0.0056824273283732378 0 -0.002765465453600438 -0.00065384990611966397 0 0.0011539478401415499 -0.052257151549735453 0.0011304393939310271 0.00053164958428490738 -0.00051093191932338386 -8.0660462727094736e-05 -0.001290200636528332 -0.0018629723871096584 0.0005555630632179565 -0.00025379865182261147
leaf_weight=1689 101252 3888 14633 121823 7722 769 28709 3013 8506 15873 694 15538 1265 17813
leaf_count=1689 101252 3888 14633 121823 7722 769 28709 3013 8506 15873 694 15538 1265 17813
internal_value=-0.000906911 -0.00787288 -0.000240717 -0.00158342 -0.00606444 0.00119164 0.00552399 -0.00681121 -0.0142391 -0.00338003 -0.00900342 -0.010003 0.00639102 9.40663e-06
internal_weight=343187 29956 313231 161675 39852 151556 32491 3782 12394 17562 32130 30171 1959 119065
internal_count=343187 29956 313231 161675 39852 151556 32491 3782 12394 17562 32130 30171 1959 119065
is_linear=0
shrinkage=0.04


Tree=32
num_leaves=15
num_cat=0
split_feature=1 3 0 2 0 8 3 2 0 3 1 0 2 9
split_gain=882.993 529.718 490.184 374.301 606.26 519.08 488.758 595.21 430.42 464.038 622.68 419.494 343.819 424.346
threshold=29.124353890358154 26.364453000000005 1.1872538566489861 107.12474050000002 3.3857121860291013 0.99759381320658225 25.200117000000002 160.06053150000002 7.7097040869627538 14.224378000000002 13.002566904469171 13.130270142609067 121.56504850000002 0.76363697756875704
decision_type=2 2 2 2 2 2 2 2 2 2 2 2 2 2
left_child=3 2 -2 8 -5 6 -6 -8 -1 10 -10 -9 -3 -14
right_child=1 12 -4 4 5 -7 7 11 9 -11 -12 -13 13 -15
leaf_value=0 0.00055063772096869391 -0.00012100815897506962 -0.014849597995522027 0 -0.0010372094280345382 0.0012777214647507035 -0.00025986361597092627 0.00055745624470605827 0.00077465210869806403 0.0013150144764104677 -0.04882246755545934 -0.0030714068241927306 -0.0029376841777925518 -0.00030366328909483333
leaf_weight=124552 302 17610 1608 100569 26524 7395 24304 1867 2613 23595 855 179 3203 7999
leaf_count=124552 302 17610 1608 100569 26524 7395 24304 1867 2613 23595 855 179 3203 7999
internal_value=-0.000815327 -0.00728598 -0.0276859 -0.000179099 -0.00152327 -0.00469561 -0.0060839 -0.00222543 0.00124684 0.00581901 -0.00784314 0.0184946 -0.00593364 -0.0114122
internal_weight=343175 30722 1910 312453 160838 60269 52874 26350 151615 27063 3468 2046 28812 11202
internal_count=343175 30722 1910 312453 160838 60269 52874 26350 151615 27063 3468 2046 28812 11202
is_linear=0
shrinkage=0.04


Tree=33
num_leaves=15
num_cat=0
split_feature=1 3 0 2 9 8 0 3 1 2 9 2 2 9
split_gain=883.239 504.034 384.193 368.739 625.495 768.495 407.41 444.59 497.636 313.288 376.627 284.115 302.893 262.807
threshold=29.341839731686488 26.672667000000004 1.0771281458697139 107.12474050000002 0.63498928361727003 0.99759381320658225 7.7097040869627538 14.019552000000003 13.002566904469171 121.56504850000002 0.73757309819373196 171.70274350000003 118.36725600000001 0.14081756286418715
decision_type=2 2 2 2 2 2 2 2 2 2 2 2 2 2
left_child=3 2 -2 6 5 11 -1 8 -8 -3 -11 12 -5 -9
right_child=1 9 -4 4 -6 -7 7 13 -10 10 -12 -13 -14 -15
leaf_value=0 0.00062444871752070051 -0.00013010936946635605 -0.013327136595581188 -0.00063139434744941274 0 0.0011344204542297559 6.9678513572649759e-05 0.0016653400767886401 -0.050489814643927301 -0.0036515149778714013 -0.00033467922513024496 0.00027586767006259006 -0.001807274859989143 -0.00017077440322573744
leaf_weight=124373 264 17248 1685 14980 121726 7633 2369 19270 691 2560 8304 1951 15163 4698
leaf_count=124373 264 17248 1685 14980 121726 7633 2369 19270 691 2560 8304 1951 15163 4698
internal_value=-0.00076812 -0.00731712 -0.0269882 -0.000138851 -0.00146866 -0.00582677 0.00127925 0.00573035 -0.00862745 -0.00595333 -0.0112739 -0.00853991 -0.0094974 0.00756342
internal_weight=342915 30061 1949 312854 161453 39727 151401 27028 3060 28112 10864 32094 30143 23968
internal_count=342915 30061 1949 312854 161453 39727 151401 27028 3060 28112 10864 32094 30143 23968
is_linear=0
shrinkage=0.04


Tree=34
num_leaves=15
num_cat=0
split_feature=1 3 9 2 9 8 10 3 1 9 2 1 8 1
split_gain=792.846 495.705 449.897 332.082 541.23 702.559 373.081 388.59 431.915 319.099 302.712 545.796 489.489 486.024
threshold=29.124353890358154 26.030452000000004 0.93808950077956121 107.12474050000002 0.63498928361727003 0.99759381320658225 -7.0441532188186589 13.915394000000001 12.505913123939257 0.24258412546999983 71.317176500000016 4.6528296560905904 0.81798746273138756 3.1312989169950627
decision_type=2 2 2 2 2 2 2 2 2 2 2 2 2 2
left_child=3 2 -2 6 5 -5 7 8 -1 -9 13 -12 -13 -8
right_child=1 -3 -4 4 -6 -7 10 9 -10 -11 11 12 -14 -15
leaf_value=0.00033132316229638858 -0.015623789775971404 -0.00030095510928859401 0.00033555133432659588 -0.00098404489788615551 0 0.0010728882351737311 0 0.0012704202162768131 -0.029786005397904367 -0.0001397963815791184 1.0151946072904459e-05 0.00023779644652440743 -0.0022272137956261743 0.0010873796014327221
leaf_weight=2692 1428 28961 381 31823 121230 7666 93021 24419 969 6282 7921 1761 5559 8784
leaf_count=2692 1428 28961 381 31823 121230 7666 93021 24419 969 6282 7921 1761 5559 8784
internal_value=-0.000735265 -0.00686123 -0.0271752 -0.000131357 -0.00139772 -0.00546481 0.00121288 0.00487748 -0.00744059 0.00634637 0.00013704 -0.0051204 -0.0129945 0.00092412
internal_weight=342897 30770 1809 312127 160719 39489 151408 34362 3661 30701 117046 15241 7320 101805
internal_count=342897 30770 1809 312127 160719 39489 151408 34362 3661 30701 117046 15241 7320 101805
is_linear=0
shrinkage=0.04


Tree=35
num_leaves=15
num_cat=0
split_feature=1 3 0 2 9 8 0 3 1 2 0 2 2 3
split_gain=749.406 474.969 378.742 313.108 539.357 646.42 356.495 397.682 457 312.887 375.618 277.596 302.574 258.193
threshold=29.341839731686488 26.364453000000005 2.0213868196749383 107.12474050000002 0.64563236213726438 0.99759381320658225 7.7097040869627538 13.705427500000001 12.372863302693437 121.56504850000002 7.0978649732751018 171.70274350000003 118.07423000000001 15.630754000000001
decision_type=2 2 2 2 2 2 2 2 2 2 2 2 2 2
left_child=3 2 -2 6 5 11 -1 8 -8 -3 -11 12 -5 -13
right_child=1 9 -4 4 -6 -7 7 -9 -10 10 -12 13 -14 -15
leaf_value=0 0.00038309052744401109 -0.0001072371017391436 -0.014449879556599493 -0.00052510953380986876 0 0.0010471915935727205 0.00041127092489683673 0.001153859419030182 -0.036193978977068345 -0.00019662723239735738 -0.0018148407713401982 -0.0010820564099982037 -0.0016184300394481413 0.00052083940659284234
leaf_weight=124394 392 17237 1392 14859 120922 7669 1895 24447 701 6371 4606 697 16067 1290
leaf_count=124394 392 17237 1392 14859 120922 7669 1895 24447 701 6371 4606 697 16067 1290
internal_value=-0.000715696 -0.00675512 -0.0267713 -0.000136767 -0.00136195 -0.00535213 0.00116986 0.00533225 -0.00955316 -0.00548947 -0.010768 -0.00778902 -0.00872017 0.00670357
internal_weight=342939 29998 1784 312941 161504 40582 151437 27043 2596 28214 10977 32913 30926 1987
internal_count=342939 29998 1784 312941 161504 40582 151437 27043 2596 28214 10977 32913 30926 1987
is_linear=0
shrinkage=0.04


Tree=36
num_leaves=15
num_cat=0
split_feature=1 3 0 8 2 2 9 8 0 3 1 2 2 2
split_gain=694.785 476.438 427.534 282.34 602.984 273.794 461.826 566.678 316.698 387.082 431.224 265.155 275.016 261.213
threshold=29.124353890358154 26.030452000000004 1.2854269383488233 0.23713449645244022 110.56499450000001 107.12474050000002 0.63498928361727003 0.99759381320658225 7.7097040869627538 13.705427500000001 12.372863302693437 171.70274350000003 118.36725600000001 74.197670000000016
decision_type=2 2 2 2 2 2 2 2 2 2 2 2 2 2
left_child=5 2 -2 -3 13 8 7 11 -1 10 -10 12 -7 -5
right_child=1 3 -4 4 -6 6 -8 -9 9 -11 -12 -13 -14 -15
leaf_value=0 0.00041863604312259995 -8.2966769092560964e-05 -0.0141611337951046 -0.026494345243405801 -0.0018606151963063741 -0.00050542351741307166 0 0.00090347104231408906 0.00017332618097923107 0.0011046240991044191 -0.035285413351835555 0.00029526271446732018 -0.0016102479111804635 0.0020656327062967793
leaf_weight=124589 340 17435 1447 758 7822 14751 121386 7621 1939 24428 707 1956 15058 2919
leaf_count=124589 340 17435 1447 758 7822 14751 121386 7621 1939 24428 707 1956 15058 2919
internal_value=-0.000696127 -0.00643599 -0.0264801 -0.00519804 -0.0100635 -0.000131739 -0.00128182 -0.00504545 0.00108741 0.0050085 -0.00952381 -0.00739556 -0.00833171 0.00329617
internal_weight=343156 30721 1787 28934 11499 312435 160772 39386 151663 27074 2646 31765 29809 3677
internal_count=343156 30721 1787 28934 11499 312435 160772 39386 151663 27074 2646 31765 29809 3677
is_linear=0
shrinkage=0.04


Tree=37
num_leaves=15
num_cat=0
split_feature=1 3 0 9 0 3 1 2 2 10 9 3 3 2
split_gain=655.809 454.513 363.976 267.749 440.031 446.993 630.924 428.51 525.543 441.305 364.696 672.016 514.374 530.435
threshold=29.341839731686488 26.364453000000005 2.0728956892603705 1.481246548873383e-05 4.0459669978109227 14.646726000000003 13.809030697207691 113.4184115 155.96396600000006 -5.6635555691961885 0.01478122346195221 50.706936000000006 29.750128500000006 68.725891500000003
decision_type=2 2 2 2 2 2 2 2 2 2 2 2 2 2
left_child=3 2 -2 -1 -5 6 -6 9 -9 10 12 -12 -7 -14
right_child=1 -3 -4 4 5 7 -8 8 -10 -11 11 -13 13 -15
leaf_value=0.00010964116786197047 0.0002900602181308687 -0.00026686920385762591 -0.013572513306919021 0 -0.00090932434226362216 0.00045683406988871215 -0.032251438442361037 -0.00072667555859251499 0.00030780404472686784 -0.00092972703576577824 0.00012541894197295263 0.0017293296152266968 0.0019681794066457774 -0.010042810077217999
leaf_weight=57509 419 28308 1389 180835 5276 2953 1687 29297 4624 2591 22235 4106 306 1525
leaf_count=57509 419 28308 1389 180835 5276 2953 1687 29297 4624 2591 22235 4106 306 1525
internal_value=-0.00062613 -0.00626378 -0.025708 -8.35932e-05 -0.000638753 -0.00322359 -0.0128738 -0.00223014 -0.00540432 0.000963341 0.00228369 0.00412892 -0.00787625 -0.024533
internal_weight=343060 30116 1808 312944 255435 74600 6963 67637 33921 33716 31125 26341 4784 1831
internal_count=343060 30116 1808 312944 255435 74600 6963 67637 33921 33716 31125 26341 4784 1831
is_linear=0
shrinkage=0.04


Tree=38
num_leaves=15
num_cat=0
split_feature=1 3 0 8 9 2 0 3 1 2 9 8 0 3
split_gain=588.721 404.029 321.69 306.969 508.704 342.633 305.291 299.009 460.848 240.5 449.748 553.673 321.138 326.892
threshold=29.341839731686488 35.000107500000006 4.2019985471446919 0.81382478261982472 0.61311257312751866 107.64043850000002 1.8779894476404799 25.392528000000002 31.342364125902215 107.12474050000002 0.61889029832887943 0.99759381320658225 6.4444369190121984 13.605081
decision_type=2 2 2 2 2 2 2 2 2 2 2 2 2 2
left_child=9 6 -3 4 5 -4 -2 -8 -9 12 11 -11 -1 -14
right_child=1 2 3 -5 -6 -7 7 8 -10 10 -12 -13 13 -15
leaf_value=0 0.00049632152576294499 0.00023771893033279736 -0.00042433503560319278 0.0036504429262555951 -0.00017139885132894155 -0.007605557328329582 -0.016106093977688841 0.00055313354101881875 -0.0041145218032055267 -0.00090055287398705167 0 0.00094272524353386955 -0.0033185227625167815 0.0009130549819222944
leaf_weight=118997 630 2631 1004 2594 15858 2421 1066 1247 2541 30964 122730 7626 3067 29460
leaf_count=118997 630 2631 1004 2594 15858 2421 1066 1247 2541 30964 122730 7626 3067 29460
internal_value=-0.000616155 -0.00596959 -0.00377346 -0.00536271 -0.00710055 -0.0210803 -0.0157841 -0.0191842 -0.0139176 -0.000102927 -0.00117778 -0.00494429 0.00104142 0.00456359
internal_weight=342836 29992 24508 21877 19283 3425 5484 4854 3788 312844 161320 38590 151524 32527
internal_count=342836 29992 24508 21877 19283 3425 5484 4854 3788 312844 161320 38590 151524 32527
is_linear=0
shrinkage=0.04


Tree=39
num_leaves=15
num_cat=0
split_feature=10 3 0 0 9 2 2 10 3 8 10 9 2 9
split_gain=503.086 959.345 559.896 530.731 340.978 781.365 326.175 264.78 398.978 258.101 249.44 184.886 323.192 275.722
threshold=-26.213247640756389 24.720340000000004 2.0728956892603705 1.2854269383488233 0.69264835154681414 110.33914550000001 76.262569500000026 -30.215656557518972 35.707007000000011 0.91478576942224488 -31.881022614766717 1.481246548873383e-05 53.174305000000011 0.61889029832887943
decision_type=2 2 2 2 2 2 2 2 2 2 2 2 2 2
left_child=1 3 10 -1 5 6 -4 8 -6 -7 -3 12 -2 -13
right_child=11 2 4 -5 7 9 -8 -9 -10 -11 -12 13 -14 -15
leaf_value=0.00087485969722154945 -5.9935820339099528e-05 2.0891725726920193e-05 -0.03500336648120804 -0.014011189216617226 -0.0024190718625911492 -0.0029987359427228839 0.0039113125227812125 0.00026819118647004387 -4.0722551389586124e-05 0.00025219283842379549 0.0018948737616543358 -0.00023069066273367369 0.00028545859460121336 0
leaf_weight=390 12234 463 636 2521 2926 7541 3234 6523 15787 1321 714 62800 44947 180691
leaf_count=390 12234 463 636 2521 2926 7541 3234 6523 15787 1321 714 62800 44947 180691
internal_value=-0.00055706 -0.00465475 -0.00300728 -0.0268087 -0.00384956 -0.0091863 0.00580879 -0.00115708 -0.00357612 -0.0157346 0.0241631 1.60973e-05 0.00206292 -0.000464576
internal_weight=342728 42056 39145 2911 37968 12732 3870 25236 18713 8862 1177 300672 57181 243491
internal_count=342728 42056 39145 2911 37968 12732 3870 25236 18713 8862 1177 300672 57181 243491
is_linear=0
shrinkage=0.04


Tree=40
num_leaves=15
num_cat=0
split_feature=1 2 9 3 0 0 3 2 9 9 0 3 1 3
split_gain=471.327 422.438 345.477 233.473 321.129 209.369 208.437 207.97 374.398 394.922 290.415 341.042 411.471 284.952
threshold=29.341839731686488 121.56504850000002 0.57225284191503856 25.881160500000004 2.7708014906666261 5.3924102154045235 33.710190500000003 107.12474050000002 0.75300023507609504 0.0026706569483077596 7.7097040869627538 13.605081 12.087138312933638 10.000080000000002
decision_type=2 2 2 2 2 2 2 2 2 2 2 2 2 2
left_child=7 6 -3 4 -4 -5 -2 10 9 -9 -1 12 13 -12
right_child=1 2 3 5 -6 -7 -8 8 -10 -11 11 -13 -14 -15
leaf_value=0 -0.0053272020441140445 -0.012500761589308773 0.00029787862405219632 9.0981044962304416e-06 -0.016266419609175516 -0.00076215834828117113 -9.8828222191341826e-06 0.00085218184535076793 0 -0.00046213648214822118 -0.011257514127741307 0.001021450442995878 -0.028189895323165272 0.0047140212757773138
leaf_weight=124291 1250 758 342 3730 953 6648 16313 7734 109455 44311 681 24591 720 1072
leaf_count=124291 1250 758 342 3730 953 6648 16313 7734 109455 44311 681 24591 720 1072
internal_value=-0.000549863 -0.00533973 -0.0109822 -0.00928296 -0.0252973 -0.00728464 -0.00134601 -9.0649e-05 -0.00108904 -0.00388203 0.000974662 0.00472953 -0.00942984 0.00102681
internal_weight=342849 29994 12431 11673 1295 10378 17563 312855 161500 52045 151355 27064 2473 1753
internal_count=342849 29994 12431 11673 1295 10378 17563 312855 161500 52045 151355 27064 2473 1753
is_linear=0
shrinkage=0.04


Tree=41
num_leaves=15
num_cat=0
split_feature=1 0 2 0 10 1 8 8 0 0 10 2 8 2
split_gain=452.246 686.602 452.319 588.56 203.514 194.235 178.028 165.572 333.843 243.649 313.634 330.829 586.554 498.183
threshold=25.218919560040604 2.0728956892603705 116.56260300000001 7.0978649732751018 -31.881022614766717 39.356267587531327 0.93318650181826424 0.99998521060536416 5.3924102154045235 4.3406181723099255 -5.6635555691961885 100.78642650000002 0.96397499158831701 76.262569500000026
decision_type=2 2 2 2 2 2 2 2 2 2 2 2 2 2
left_child=7 4 -3 -4 -2 6 -5 9 -9 -1 11 12 -11 -14
right_child=1 2 3 5 -6 -7 -8 8 -10 10 -12 -13 13 -15
leaf_value=0 -4.0435934215513889e-05 -2.4179746248985044e-06 -0.00015965814493317895 -0.0028220772752232961 0.0017763018984051566 -0.00052907451940278991 0.0011463224937479351 -8.4495470924064033e-06 0.0011592416366661379 0.00092009176917682515 -0.0011577623369168608 -0.00040413704292246197 0.00085237624675552851 -0.0041294234508023851
leaf_weight=180108 560 16730 17065 6640 1494 3279 537 36131 20920 11162 3012 40325 1787 3175
leaf_count=180108 560 16730 17065 6640 1494 3279 537 36131 20920 11162 3012 40325 1787 3175
internal_value=-0.000508799 -0.00418529 -0.00523468 -0.00838778 0.0184226 -0.0158607 -0.0195458 6.51338e-05 0.00200172 -0.000396045 -0.00261617 -0.00194512 0.00289754 -0.00854494
internal_weight=342925 46305 44251 27521 2054 10456 7177 296620 57051 239569 59461 56449 16124 4962
internal_count=342925 46305 44251 27521 2054 10456 7177 296620 57051 239569 59461 56449 16124 4962
is_linear=0
shrinkage=0.04


Tree=42
num_leaves=15
num_cat=0
split_feature=1 3 0 0 10 2 8 8 0 3 0 3 1 2
split_gain=463.232 627.449 354.562 325.164 261.969 229.799 340.001 171.571 317.363 546.784 309.398 511.431 537.722 305.408
threshold=28.337831807425712 24.999894000000001 2.0728956892603705 3.3857121860291013 -42.394254514178236 121.56504850000002 0.42412408164729415 0.99998521060536416 3.8692912526872214 4.5887665000000011 4.3406181723099255 14.443685500000003 13.809030697207691 113.95971300000001
decision_type=2 2 2 2 2 2 2 2 2 2 2 2 2 2
left_child=7 2 -2 4 -3 -5 -7 10 -9 -10 -1 12 -12 -13
right_child=1 3 -4 5 -6 6 -8 8 9 -11 11 13 -14 -15
leaf_value=0 0.00014134469944201812 -0.0084188386480563322 -0.01578158623869623 -0.00011785278415671383 0.00028868819686791249 -0.00040340018032192503 -0.0098995074185012927 -2.5058115519899063e-05 -0.01152516367952436 0.00094329504566896571 -0.0011836736068292365 0.0001120073869532967 -0.033158885466464103 -0.00043324710509206373
leaf_weight=183870 382 241 1352 17324 3101 10525 911 28637 829 27838 4285 32239 1437 30133
leaf_count=183870 382 241 1352 17324 3101 10525 911 28637 829 27838 4285 32239 1437 30133
internal_value=-0.000493262 -0.00493675 -0.0283737 -0.0036708 0.00813884 -0.00504312 -0.00944386 -7.11357e-06 0.00196845 0.00494366 -0.000456414 -0.00275971 -0.0142048 -0.00170974
internal_weight=343104 33836 1734 32102 3342 28760 11436 309268 57304 28667 251964 68094 5722 62372
internal_count=343104 33836 1734 32102 3342 28760 11436 309268 57304 28667 251964 68094 5722 62372
is_linear=0
shrinkage=0.04


Tree=43
num_leaves=15
num_cat=0
split_feature=1 3 0 0 1 2 8 1 3 2 9 8 2 1
split_gain=395.249 602.356 339.133 295.925 246.508 220.55 581.252 159.827 214.276 157.369 359.185 415.642 281.594 246.214
threshold=28.337831807425712 24.894435500000004 2.0728956892603705 3.3857121860291013 42.444633173090125 112.83309550000001 0.42412408164729415 31.342364125902215 32.761255000000013 107.12474050000002 0.57225284191503856 0.99759381320658225 171.70274350000003 18.531674855505376
decision_type=2 2 2 2 2 2 2 2 2 2 2 2 2 2
left_child=9 2 -2 4 7 -5 -7 -3 -9 -1 11 12 -11 -13
right_child=1 3 -4 5 -6 6 -8 8 -10 10 -12 13 -14 -15
leaf_value=0 0.00017109108930202677 0.00097497737330395689 -0.01562801364201153 0.00012044646846771306 -0.0086983742349836142 -0.00018673467120535083 -0.0075800722542263025 -0.00092666342271870931 0.00030722833425232828 -0.0010717324600056589 0 0.0013651091604104432 0.00035283606467702831 -0.0020298023868312717
leaf_weight=151398 383 989 1315 7232 241 18531 2968 594 1511 25084 123024 5138 1848 2482
leaf_count=151398 383 989 1315 7232 241 18531 2968 594 1511 25084 123024 5138 1848 2482
internal_value=-0.000470914 -0.00458003 -0.0277974 -0.00335059 0.00792804 -0.00465978 -0.0066924 0.0109632 0.00473159 -2.18789e-05 -0.000906737 -0.0045103 -0.0068439 0.00373753
internal_weight=342738 33764 1698 32066 3335 28731 21499 3094 2105 308974 157576 34552 26932 7620
internal_count=342738 33764 1698 32066 3335 28731 21499 3094 2105 308974 157576 34552 26932 7620
is_linear=0
shrinkage=0.04


Tree=44
num_leaves=15
num_cat=0
split_feature=1 3 0 0 2 9 10 3 10 3 3 8 3 1
split_gain=394.173 599.865 336.116 285.126 326.707 403.729 184.714 217.959 305.227 158.305 146.941 143.078 293.564 723.219
threshold=28.337831807425712 25.719235000000001 3.4194529318040572 4.9583117198352022 117.50070950000001 0.56142913260821137 -30.215656557518972 35.383139000000007 -37.71362878705245 27.502435000000002 34.999587000000005 0.99998521060536416 14.224378000000002 13.118761719012614
decision_type=2 2 2 2 2 2 2 2 2 2 2 2 2 2
left_child=11 2 -2 6 -5 -6 7 8 -3 -10 -8 -1 13 -13
right_child=1 3 -4 4 5 -7 10 -9 9 -11 -12 12 -14 -15
leaf_value=0 -6.6440011207780303e-05 -0.0083348915598366151 -0.015922208115260773 -5.9310167557495297e-05 -0.011370857173410426 -0.00043217540886239747 0.0041674283399029946 0.00014759030824005004 -0.0011609920282064873 0.00088465828109899605 -0.00036510593034517 -2.2242471653361286e-06 0.00033742285724684852 -0.050111538575479272
leaf_weight=251561 1121 748 1280 12797 1327 9828 678 4619 385 823 160 25554 30937 851
leaf_count=251561 1121 748 1280 12797 1327 9828 678 4619 385 823 160 25554 30937 851
internal_value=-0.000433771 -0.00453711 -0.0238067 -0.00306201 -0.0051837 -0.0101874 0.00379334 0.00153916 -0.00965235 0.00278146 0.0214797 1.47619e-05 0.00181786 -0.00128006
internal_weight=342669 33766 2401 31365 23952 11155 7413 6575 1956 1208 838 308903 57342 26405
internal_count=342669 33766 2401 31365 23952 11155 7413 6575 1956 1208 838 308903 57342 26405
is_linear=0
shrinkage=0.04


Tree=45
num_leaves=15
num_cat=0
split_feature=10 3 0 0 10 2 0 0 10 3 10 3 3 8
split_gain=338.085 572.382 372.446 281.284 264.584 184.918 335.466 180.266 199.42 168.44 167.744 227.195 202.925 139.912
threshold=-28.482692730701402 25.881160500000004 2.4735856538968375 3.3857121860291013 -42.394254514178236 121.56504850000002 17.504205186465772 6.894235912417332 -30.215656557518972 35.707007000000011 -31.881022614766717 32.761255000000013 46.216068000000007 0.99998521060536416
decision_type=2 2 2 2 2 2 2 2 2 2 2 2 2 2
left_child=1 2 -1 4 -3 -5 7 8 9 -7 11 -6 -13 -2
right_child=13 3 -4 5 10 6 -8 -9 -10 -11 -12 12 -14 -15
leaf_value=-6.2377318487331044e-06 0 -0.0089937487217688367 -0.012647589607363318 -7.6733833878019355e-05 -0.00091339708921472776 -0.0016559646602912214 -0.016268519987304088 -0.00098499396882333946 0.0016880045649560998 -5.9994448792305424e-06 0.0021463613393168488 0.0072056774290816909 3.4099588117213268e-05 7.511765782535405e-05
leaf_weight=807 252671 235 1489 16951 473 1396 540 4517 609 3957 651 658 829 57335
leaf_count=807 252671 235 1489 16951 473 1396 540 4517 609 3957 651 658 829 57335
internal_value=-0.000410354 -0.00425223 -0.0235192 -0.00281672 0.00916374 -0.00403575 -0.0080697 -0.00648535 -0.00191882 -0.00438633 0.0128227 0.00697959 0.0146604 0
internal_weight=343118 33112 2296 30816 2846 27970 11019 10479 5962 5353 2611 1960 1487 310006
internal_count=343118 33112 2296 30816 2846 27970 11019 10479 5962 5353 2611 1960 1487 310006
is_linear=0
shrinkage=0.04


Tree=46
num_leaves=15
num_cat=0
split_feature=1 3 0 8 2 8 0 9 1 3 8 1 0 2
split_gain=336.526 535.746 263.049 243.317 437.523 216.44 185.788 204.862 175.69 408.037 201.752 188.354 185 166.118
threshold=28.726307319836149 25.392528000000002 2.2722111777252709 0.23713449645244022 110.56499450000001 0.80300177905484749 14.45321212535662 0.15909260248236243 30.948583065739339 35.707007000000011 0.10910486968200959 40.907872690494628 2.9480170534211045 123.76669700000001
decision_type=2 2 2 2 2 2 2 2 2 2 2 2 2 2
left_child=-1 2 -2 8 5 -5 13 -8 10 11 -3 12 -10 -6
right_child=1 3 -4 4 6 -7 7 -9 9 -11 -12 -13 -14 -15
leaf_value=0 -1.3588771624023811e-05 0.0029138159473385979 -0.013757289197909686 -0.00095754377836872607 -5.672756998418599e-05 0.0051296569498529834 -0.0060685776409190118 -0.0063278636261358987 0.00017990461235665577 4.6764072425376367e-05 0.00026439773513897702 -0.014388457085996294 -0.0017381441541296854 -0.0014748799922386557
leaf_weight=310750 628 377 1220 2028 2938 1783 1253 2416 620 13347 1735 427 1702 1779
leaf_count=310750 628 377 1220 2028 2938 1783 1253 2416 620 13347 1735 427 1702 1779
internal_value=-0.000438014 -0.00432704 -0.0252381 -0.00305608 -0.00742806 0.00381002 -0.0125352 -0.0192859 -0.000127417 -0.0015507 0.0107197 -0.0155838 -0.0110939 -0.00728429
internal_weight=343003 32253 1848 30405 12197 3811 8386 3669 18208 16096 2112 2749 2322 4717
internal_count=343003 32253 1848 30405 12197 3811 8386 3669 18208 16096 2112 2749 2322 4717
is_linear=0
shrinkage=0.04


Tree=47
num_leaves=15
num_cat=0
split_feature=1 3 8 8 2 8 9 8 1 3 10 3 2 2
split_gain=322.927 582.701 299.746 242.122 463.049 181.393 170 167.225 148.098 465.091 249.176 207.058 189.61 146.742
threshold=28.337831807425712 24.999894000000001 0.055607001498867846 0.23713449645244022 110.56499450000001 0.79228639921131061 0.57225284191503856 0.8654632856018788 31.342364125902215 34.999587000000005 -37.71362878705245 27.978739000000001 111.11191550000002 143.59659550000001
decision_type=2 2 2 2 2 2 2 2 2 2 2 2 2 2
left_child=-1 2 -2 8 5 -5 7 -6 12 10 -10 -12 -3 -11
right_child=1 3 -4 4 6 -7 -8 -9 9 13 11 -13 -14 -15
leaf_value=0 0.00029838494036447976 -0.0020848852420758909 -0.012498500260867927 -0.00078442640271814525 -0.0057421094598641828 0.0046251879051501434 -0.00051657067045020994 -0.0064748743457197465 -0.013202935441445914 1.4675389800758721e-05 -0.0044253614862812055 0.00010924161893180837 0.00043736171564591448 0.0016053679201814758
leaf_weight=309392 318 144 1435 1949 2624 1945 5232 1211 731 13377 435 935 3159 333
leaf_count=309392 318 144 1435 1949 2624 1945 5232 1211 731 13377 435 935 3159 333
internal_value=-0.000416176 -0.00412676 -0.026583 -0.00289945 -0.00711982 0.00441705 -0.0120746 -0.018472 -3.76687e-05 -0.00164695 -0.0191718 -0.00910949 0.00766576 0.00103866
internal_weight=343220 33828 1753 32075 12961 3894 9067 3835 19114 15811 2101 1370 3303 13710
internal_count=343220 33828 1753 32075 12961 3894 9067 3835 19114 15811 2101 1370 3303 13710
is_linear=0
shrinkage=0.04


Tree=48
num_leaves=15
num_cat=0
split_feature=1 3 9 9 10 2 9 3 10 8 3 8 1 3
split_gain=294.743 515.748 322.887 226.205 282.954 268.413 369.772 262.678 247.836 139.012 203.418 198.677 133.207 125.991
threshold=28.337831807425712 25.881160500000004 0.87947934678258721 0.87947934678258721 -31.881022614766717 117.50070950000001 0.55650183514909202 34.999587000000005 -38.53684900365699 0.80300177905484749 34.021052500000003 0.35624362858187264 31.342364125902215 28.141686500000002
decision_type=2 2 2 2 2 2 2 2 2 2 2 2 2 2
left_child=-1 2 -2 5 7 9 -7 8 -5 11 -11 -3 -4 -10
right_child=1 3 12 4 -6 6 -8 -9 13 10 -12 -13 -14 -15
leaf_value=0 -0.013683751838821603 4.7622624224438055e-05 8.8907543644021345e-06 -0.011693527447316956 0.0019813399865162753 -0.010059536832744933 -0.00035597004150529063 0.00011680873253559505 -0.0018975320266806917 -0.096232533763320791 0.0041543651265801866 -0.0021152810068173315 -0.0022795772288845017 0.00025500068617171723
leaf_weight=309273 1232 6606 894 481 744 1310 10078 5314 182 239 2748 3099 363 540
leaf_count=309273 1232 6606 894 481 744 1310 10078 5314 182 239 2748 3099 363 540
internal_value=-0.000416202 -0.00396098 -0.0214865 -0.00256916 0.00361934 -0.00443522 -0.00889357 0.000951358 -0.0159268 -0.00043492 0.00711081 -0.00275734 -0.00722355 -0.00110803
internal_weight=343103 33830 2489 31341 7261 24080 11388 6517 1203 12692 2987 9705 1257 722
internal_count=343103 33830 2489 31341 7261 24080 11388 6517 1203 12692 2987 9705 1257 722
is_linear=0
shrinkage=0.04


Tree=49
num_leaves=15
num_cat=0
split_feature=1 3 9 2 10 3 8 8 3 3 8 9 9 2
split_gain=295.273 1302.69 307.335 452.135 508.138 600.058 445.345 357.57 288.75 271.403 242.935 438.449 243.604 327.77
threshold=18.326425717646664 18.985372000000002 0.8682508928002749 115.95788950000001 -25.415417979538926 23.784053000000004 0.28964935381510054 0.43529254856729521 84.914842000000007 23.784053000000004 0.85580150777101072 0.055692215110078443 0.39494485015301262 101.66810250000002
decision_type=2 2 2 2 2 2 2 2 2 2 2 2 2 2
left_child=-1 -2 3 9 5 -5 -6 -7 -8 -3 12 -12 13 -11
right_child=1 2 -4 4 6 7 8 -9 -10 10 11 -13 -14 -15
leaf_value=0 -0.010706516039234712 -0.0043725960237715579 0.00010311921404125582 -0.017700764123654393 0.00029239350185675613 -0.00029010973519829204 -0.00054680458652564296 -0.0054023417855949335 -0.0026458220462495241 0.0043054745797728167 -0.00029551462666670971 0.0043737638844143969 0.00011411310360327054 -0.003601530947517122
leaf_weight=263995 3307 1878 16018 1355 7186 13694 9003 3990 491 639 3235 3074 12985 2108
leaf_count=263995 3307 1878 16018 1355 7186 13694 9003 3990 491 639 3235 3074 12985 2108
internal_value=-0.000386286 -0.00253233 -0.00145818 -0.00277944 -0.0056295 -0.0100951 -0.000532374 -0.00812938 -0.00621866 0.00147665 0.00272038 0.00935172 6.10221e-05 -0.0107608
internal_weight=342958 78963 75656 59638 35719 19039 16680 17684 9494 23919 22041 6309 15732 2747
internal_count=342958 78963 75656 59638 35719 19039 16680 17684 9494 23919 22041 6309 15732 2747
is_linear=0
shrinkage=0.04


Tree=50
num_leaves=15
num_cat=0
split_feature=1 3 0 0 2 0 1 3 10 0 10 2 9 9
split_gain=285.792 509.248 317.862 219.17 218.34 434.4 185.159 272.508 160.645 119.864 147.972 119.194 285.826 424.045
threshold=28.523104238752904 25.392528000000002 2.7708014906666261 4.2019985471446919 117.50070950000001 17.185712067108057 31.342364125902215 33.710190500000003 -37.71362878705245 6.5050445492572981 -38.53684900365699 107.12474050000002 0.57225284191503856 0.0026706569483077596
decision_type=2 2 2 2 2 2 2 2 2 2 2 2 2 2
left_child=11 2 -2 6 -5 9 -3 8 -8 -6 -11 -1 13 -13
right_child=1 3 -4 4 5 -7 7 -9 -10 10 -12 12 -14 -15
leaf_value=0 -2.0057229228583937e-05 0.0017189469009596312 -0.012512172315113429 -2.9813299464755e-05 -6.2703722513452739e-05 -0.014122433779077412 -0.012066831184503269 0.00017936389126201464 -0.00025235389919920997 -0.0002509954071244469 -0.0013809854154756749 0.00079452053046112343 0 -0.00081435106750685389
leaf_weight=151369 778 955 1273 12725 6272 965 353 2891 734 3417 2692 7656 123784 27179
leaf_count=151369 778 955 1273 12725 6272 965 353 2891 734 3417 2692 7656 123784 27179
internal_value=-0.000388756 -0.00392437 -0.0232277 -0.0026474 -0.00411031 -0.0076847 0.00508413 0.00128708 -0.0157866 -0.00566998 -0.00965788 -1.17424e-05 -0.000777965 -0.00397876
internal_weight=343043 33055 2051 31004 26071 13346 4933 3978 1087 12381 6109 309988 158619 34835
internal_count=343043 33055 2051 31004 26071 13346 4933 3978 1087 12381 6109 309988 158619 34835
is_linear=0
shrinkage=0.04


Tree=51
num_leaves=15
num_cat=0
split_feature=1 3 0 0 10 3 2 0 0 1 3 10 1 3
split_gain=277.333 479.236 278.429 222.966 241.614 204.921 177.158 337.814 131.977 161.619 201.812 156.336 131.034 190.309
threshold=28.523104238752904 25.200117000000002 3.200078693701919 3.2346395556465111 -31.881022614766717 33.39703500000001 120.15542250000001 17.504205186465772 6.5050445492572981 30.213483258504485 27.502435000000002 -38.53684900365699 42.444633173090125 46.216068000000007
decision_type=2 2 2 2 2 2 2 2 2 2 2 2 2 2
left_child=-1 2 -2 4 5 -3 -5 8 9 -8 -11 -10 13 -7
right_child=1 3 -4 6 -6 12 7 -9 11 10 -12 -13 -14 -15
leaf_value=0 -3.544262094463631e-05 -0.0015436696368068747 -0.013883014180200057 -4.0106578971412234e-05 0.0019277287439686979 0.0078909718678173753 0.0013008646661932088 -0.015067239116424727 -0.00026874956311203425 -0.006022059874147662 -7.4569909427949082e-05 -0.0015763406236645734 -0.0035140630691100579 2.8260738109690508e-05
leaf_weight=310048 845 583 1099 15709 595 564 722 581 3128 331 5491 2445 144 832
leaf_count=310048 845 583 1099 15709 595 564 722 581 3128 331 5491 2445 144 832
internal_value=-0.000336562 -0.00381868 -0.0230864 -0.00261526 0.00832965 0.00201602 -0.00366248 -0.00717593 -0.0057473 -0.00189487 -0.00410855 -0.0102709 0.00966234 0.0134097
internal_weight=343117 33069 1944 31125 2718 2123 28407 12698 12117 6544 5822 5573 1540 1396
internal_count=343117 33069 1944 31125 2718 2123 28407 12698 12117 6544 5822 5573 1540 1396
is_linear=0
shrinkage=0.04


Tree=52
num_leaves=15
num_cat=0
split_feature=1 3 0 9 8 3 0 10 3 1 3 0 8 0
split_gain=279.241 443.739 181.251 176.264 248.945 228.869 184.607 140.15 422.176 320.407 162.732 144.91 124.127 334.176
threshold=28.933081994893456 25.200117000000002 3.6716534007869899 0.78361053874233311 0.81382478261982472 34.021052500000003 17.504205186465772 -30.738806583826221 35.707007000000011 39.356267587531327 27.502435000000002 3.200078693701919 0.99998521060536416 5.3924102154045235
decision_type=2 2 2 2 2 2 2 2 2 2 2 2 2 2
left_child=12 2 -2 4 6 -6 -3 8 9 10 -5 -9 -1 -14
right_child=1 3 -4 7 5 -7 -8 11 -10 -11 -12 -13 13 -15
leaf_value=0 -8.715824489981681e-05 -0.00051909893979260741 -0.014443520005709561 -0.0033120113724299616 -0.092368615032583853 0.0029444773342095919 -0.0070443515287878736 0.0033640169654803416 5.5457737555904691e-05 -0.0090979738925090099 1.6158074644077452e-05 0.00025412265282056536 -1.7126922353934842e-05 0.0010710334554093789
leaf_weight=253964 813 8063 808 500 267 2775 2082 285 12376 832 1489 1238 36135 21190
leaf_count=253964 813 8063 808 500 267 2775 2082 285 12376 832 1489 1238 36135 21190
internal_value=-0.000335689 -0.00392286 -0.024306 -0.00281807 -0.00627588 0.00376068 -0.00928536 -9.09091e-05 -0.00125025 -0.0152145 -0.00649573 0.0114773 2.76271e-05 0.00170885
internal_weight=342817 31528 1621 29907 13187 3042 10145 16720 15197 2821 1989 1523 311289 57325
internal_count=342817 31528 1621 29907 13187 3042 10145 16720 15197 2821 1989 1523 311289 57325
is_linear=0
shrinkage=0.04


Tree=53
num_leaves=15
num_cat=0
split_feature=2 0 8 3 2 2 0 3 3 9 1 0 3 1
split_gain=234.438 485.313 378.054 423.057 436.971 531.431 355.702 493.574 453.421 334.662 276.086 258.969 310.088 417.941
threshold=108.09561150000002 6.5683964765907747 0.99759381320658225 25.557191500000005 164.06945050000004 118.07423000000001 18.451911105126147 14.646726000000003 25.200117000000002 0.16549011012374373 25.218919560040604 6.4444369190121984 13.605081 12.372863302693437
decision_type=2 2 2 2 2 2 2 2 2 2 2 2 2 2
left_child=11 -2 3 10 5 -5 7 -4 -8 -6 -3 -1 13 -13
right_child=1 2 6 4 9 -7 8 -9 -10 -11 -12 12 -14 -15
leaf_value=0 0 -0.0015170677844815884 -0.011928553248701181 4.8029897066255016e-05 -0.0021960436813417967 -0.0009585900216573859 -0.035326606584824997 0.0089928986353872593 0.0030685025104941243 0.00059038200461606044 -0.017649450706496112 8.5172054184801533e-05 0.00078939775047209078 -0.028134462840502229
leaf_weight=119664 135121 12615 1055 15936 150 14285 1383 2789 1141 1293 885 2365 33429 790
leaf_count=119664 135121 12615 1055 15936 150 14285 1383 2789 1141 1293 885 2365 33429 790
internal_value=-0.000329308 -0.00128624 -0.00458899 -0.00587548 -0.00334765 -0.00437444 0.00453518 0.0121956 -0.00713154 0.0181566 -0.0118044 0.000813834 0.00375902 -0.00822821
internal_weight=342901 186653 51532 45164 31664 30221 6368 3844 2524 1443 13500 156248 36584 3155
internal_count=342901 186653 51532 45164 31664 30221 6368 3844 2524 1443 13500 156248 36584 3155
is_linear=0
shrinkage=0.04


Tree=54
num_leaves=15
num_cat=0
split_feature=1 2 0 0 8 10 9 2 2 9 8 2 2 0
split_gain=218.875 252.188 289.915 151.826 118.393 320.659 256.151 288.724 280.135 281.889 258.316 323.879 231.932 192.441
threshold=28.933081994893456 121.56504850000002 17.504205186465772 3.3067137126840342 0.99998521060536416 -7.7888827627608279 0.60692520713967257 110.56499450000001 166.66658750000002 0.0045625554832575696 0.99987170057048247 76.984268500000013 136.00777450000001 3.530751049688281
decision_type=2 2 2 2 2 2 2 2 2 2 2 2 2 2
left_child=4 -2 3 -3 6 -6 7 10 9 -9 -1 13 -7 -12
right_child=1 2 -4 -5 5 12 -8 8 -10 -11 11 -13 -14 -15
leaf_value=8.7315031636387398e-05 -1.9538877175527826e-05 0.00024329447686464916 -0.013003479296606951 -0.00045787679344740085 0.0012947143114454562 -2.1794109076343274e-06 0 0.0015602357830047265 0.00027799630160252776 -0.0010546494523909129 -0.00013882270699557095 -0.0083134669883586382 -0.00087934795265561894 0.0010235720594219549
leaf_weight=33015 18352 1205 517 11362 17762 39333 188796 1692 2748 22457 2578 1502 284 1223
leaf_count=33015 18352 1205 517 11362 17762 39333 188796 1692 2748 22457 2578 1502 284 1223
internal_value=-0.000280025 -0.003461 -0.00770407 -0.00649638 4.1106e-05 0.00168215 -0.000329592 -0.00249084 -0.00566755 -0.0070446 -0.000260974 -0.00845559 -0.000320065 -0.00224152
internal_weight=342826 31436 13084 12567 311390 57379 254011 65215 26897 24149 38318 5303 39617 3801
internal_count=342826 31436 13084 12567 311390 57379 254011 65215 26897 24149 38318 5303 39617 3801
is_linear=0
shrinkage=0.04


Tree=55
num_leaves=15
num_cat=0
split_feature=1 3 9 2 0 8 0 2 0 1 0 3 8 0
split_gain=216.978 453.14 213.689 327.264 194.266 283.221 190.842 170.707 144.908 161.525 122.197 113.195 92.6179 308.896
threshold=28.933081994893456 25.881160500000004 0.76140308276944968 110.56499450000001 16.941080123247996 0.83014151457491037 4.0107239986479106 74.197670000000016 2.3237842767031145 41.821070064606808 10.687105359954396 34.021052500000003 0.99998521060536416 7.7097040869627538
decision_type=2 2 2 2 2 2 2 2 2 2 2 2 2 2
left_child=12 6 3 7 -5 -6 -2 10 9 -4 -3 -7 -1 -14
right_child=1 2 8 4 5 11 -8 -9 -10 -11 -12 -13 13 -15
leaf_value=0 -0.0002312865942988762 0.16546514718273891 0.0016232177780006651 -0.00048808546539240883 -0.0095711776191278308 -0.085307387230293769 -0.013634249901665202 0.0016069658657828173 -8.5995286956476118e-06 -0.0039128535504256495 -0.056727223444535665 -0.00038617873984046481 -1.4668820509433687e-05 0.001216420507701014
leaf_weight=253793 1135 97 701 5372 1415 218 798 3008 17010 124 670 1059 39454 17844
leaf_count=253793 1135 97 701 5372 1415 218 798 3008 17010 124 670 1059 39454 17844
internal_value=-0.00028083 -0.00343848 -0.00221608 -0.0063823 -0.0109325 -0.0197028 -0.0222038 0.00333775 0.000549481 0.0169212 -0.0135072 -0.00604542 3.99883e-05 0.00149255
internal_weight=342698 31607 29674 11839 8064 2692 1933 3775 17835 825 767 1277 311091 57298
internal_count=342698 31607 29674 11839 8064 2692 1933 3775 17835 825 767 1277 311091 57298
is_linear=0
shrinkage=0.04


Tree=56
num_leaves=15
num_cat=0
split_feature=2 9 8 9 2 3 2 1 8 10 1 3 3 1
split_gain=208.257 384.831 261.06 360.606 197.948 706.043 248.704 340.85 302.837 218.842 199.772 451.325 221.831 231.792
threshold=108.09561150000002 0.8682508928002749 0.99759381320658225 0.41600737238700924 155.96396600000006 25.200117000000002 117.50070950000001 13.118761719012614 0.28124826436139189 -27.710638265821697 27.167803980674837 24.720340000000004 18.274318000000005 17.123861815247349
decision_type=2 2 2 2 2 2 2 2 2 2 2 2 2 2
left_child=-1 2 3 -2 6 9 -5 -8 10 -6 12 -12 13 -9
right_child=1 -3 -4 4 5 -7 7 8 -10 -11 11 -13 -14 -15
leaf_value=0 -0.0016255124908066227 0 0.00064958335920165325 2.3226956468697207e-05 -0.011233342150271653 0.00070198756897164763 0.00044157015552396005 9.3989246311029611e-06 -0.00099828504511115853 -0.00014391455904993189 -0.015206597107283032 -0.00026397843781384784 0.00010416706772596978 -0.010154805244635298
leaf_weight=156221 19476 101975 7364 19320 340 1644 1917 1068 11410 3494 713 7789 9259 835
leaf_count=156221 19476 101975 7364 19320 340 1644 1917 1068 11410 3494 713 7789 9259 835
internal_value=-0.000258908 -0.00116096 -0.00315495 -0.00384081 -0.00225441 0.00497992 -0.00301199 -0.00512261 -0.00613246 -0.00442358 -0.00312449 -0.00774406 0.000394195 -0.0120441
internal_weight=342825 186604 84629 77265 57789 5478 52311 32991 31074 3834 19664 8502 11162 1903
internal_count=342825 186604 84629 77265 57789 5478 52311 32991 31074 3834 19664 8502 11162 1903
is_linear=0
shrinkage=0.04


Tree=57
num_leaves=15
num_cat=0
split_feature=2 0 9 3 8 10 3 3 10 0 3 10 8 3
split_gain=185.16 383.152 476.318 441.636 302.029 485.891 330.704 278.755 256.113 240.281 336.297 378.939 308.225 244.32
threshold=108.09561150000002 13.893532012863242 0.17151720864321165 18.804795500000004 0.99759381320658225 -18.426030785696955 48.67758400000001 23.590151000000002 -22.987401438452086 7.7097040869627538 13.705427500000001 -12.441408107929425 0.78109437587841113 10.000080000000002
decision_type=2 2 2 2 2 2 2 2 2 2 2 2 2 2
left_child=9 -2 3 -3 6 7 -5 -6 -9 -1 11 -11 -12 -13
right_child=1 2 -4 4 5 -7 -8 8 -10 10 12 13 -14 -15
leaf_value=0 0 -0.039178714255638618 -0.0033906498951845054 -0.0033292142697012653 -0.032967659824827467 0.029490876510718467 0.002867536449344388 -0.0055950353426288757 0.006449164274339789 -0.032082593188581102 -0.00073628493789172167 -0.0099999465845868971 0.0012464674348253242 0.0033347483877730656
leaf_weight=125361 170381 1445 5786 3920 782 1109 1882 733 849 747 4897 682 23533 1245
leaf_count=125361 170381 1445 5786 3920 782 1109 1882 733 849 747 4897 682 23533 1245
internal_value=-0.000203756 -0.00105368 -0.00687265 -0.0018806 0.00132399 0.0106536 -0.0042606 0.000406091 0.0100632 0.000811427 0.00395833 -0.00960359 0.00523391 -0.000228334
internal_weight=343352 186887 16506 10720 9275 3473 5802 2364 1582 156465 31104 2674 28430 1927
internal_count=343352 186887 16506 10720 9275 3473 5802 2364 1582 156465 31104 2674 28430 1927
is_linear=0
shrinkage=0.04


Tree=58
num_leaves=15
num_cat=0
split_feature=2 0 8 3 1 3 2 0 1 8 3 0 3 1
split_gain=181.609 477.053 351.513 363.273 346.023 550.68 239.865 239.285 224.35 358.278 326.965 214.735 278.731 373.385
threshold=108.09561150000002 13.893532012863242 0.83014151457491037 20.000043500000004 17.384980193577114 16.036479000000003 150.84204100000002 19.09896264284539 20.472063735759544 0.99759381320658225 24.999894000000001 6.4444369190121984 13.501694000000002 11.944900799190998
decision_type=2 2 2 2 2 2 2 2 2 2 2 2 2 2
left_child=11 -2 7 4 5 -4 8 -3 9 -5 -10 -1 13 -13
right_child=1 2 3 6 -6 -7 -8 -9 10 -11 -12 12 -14 -15
leaf_value=0 0 -0.0017175287612727452 -0.046478356748738667 -0.00047222667386938256 -0.045622741064071749 0.011047898948432739 -0.0033723595952056761 -0.010673714666408603 -0.038830377624749196 0.031231066828637761 0.00042562329516985733 6.2159803027254663e-05 0.00073514532473051872 -0.021287489988836332
leaf_weight=119662 170268 4219 511 1627 934 704 243 1690 807 1313 4501 2146 33720 777
leaf_count=119662 170268 4219 511 1627 934 704 243 1690 807 1313 4501 2146 33720 777
internal_value=-0.000252155 -0.0010939 -0.0075775 -0.00323308 -0.0179246 -0.00385185 0.00048522 -0.0154002 0.00163919 0.0105034 -0.00327054 0.000753911 0.00343313 -0.00841601
internal_weight=343122 186817 16549 10640 2149 1215 8491 5909 8248 2940 5308 156305 36643 2923
internal_count=343122 186817 16549 10640 2149 1215 8491 5909 8248 2940 5308 156305 36643 2923
is_linear=0
shrinkage=0.04


Tree=59
num_leaves=15
num_cat=0
split_feature=2 0 8 3 2 0 10 3 3 8 10 3 3 0
split_gain=164.805 337.995 399.735 394.946 261.86 231.528 200.174 432.552 274.956 510.957 328.525 421.185 379.827 505.31
threshold=107.12474050000002 13.893532012863242 0.81382478261982472 15.630754000000001 128.64294450000003 14.893116692572432 -11.607865166271841 13.501694000000002 52.014283500000012 0.99759381320658225 -13.995532555205793 17.358944500000003 15.729828000000003 7.7097040869627538
decision_type=2 2 2 2 2 2 2 2 2 2 2 2 2 2
left_child=6 -2 4 -4 5 -3 7 -1 10 -10 12 -12 13 -9
right_child=1 2 3 -5 -6 -7 -8 8 9 -11 11 -13 -14 -15
leaf_value=-0.014442254599030192 0 -0.00041012027124039341 -0.053230272112354947 -0.0002229290247926121 -0.00044538384828947896 -0.0064034609109040307 0 0.0045136968255605411 0.00963144472006725 -0.043058837496798667 0.0029121031899935392 0.000194308547704265 0.00042110490301204058 -0.030426336702928398
leaf_weight=909 171719 844 472 11090 1848 2885 132125 247 1641 201 3473 3489 11186 948
leaf_count=909 171719 844 472 11090 1848 2885 132125 247 1641 201 3473 3489 11186 948
internal_value=-0.000225256 -0.00101748 -0.00637377 -0.00213112 -0.0151694 -0.0212711 0.000744915 0.00426903 0.00542837 0.0201954 0.00402213 0.0109739 0.000113076 -0.0213222
internal_weight=343077 188858 17139 11562 5577 3729 154219 22094 21185 1842 19343 6962 12381 1195
internal_count=343077 188858 17139 11562 5577 3729 154219 22094 21185 1842 19343 6962 12381 1195
is_linear=0
shrinkage=0.04


Tree=60
num_leaves=15
num_cat=0
split_feature=1 3 0 0 2 0 2 1 1 3 1 3 3 10
split_gain=180.011 426.572 188.923 180.639 173.598 403.812 134.222 124.164 112.796 145.437 113.147 106.935 104.184 157.793
threshold=28.933081994893456 25.200117000000002 4.2019985471446919 2.9911473202078769 117.50070950000001 17.84854813862664 114.88983150000001 40.440527596224165 30.586912954863525 32.761255000000013 36.343642698829235 27.336343000000003 36.460222000000009 -30.738806583826221
decision_type=2 2 2 2 2 2 2 2 2 2 2 2 2 2
left_child=-1 3 6 -2 -4 12 7 -3 -8 10 11 -10 13 -6
right_child=1 2 4 -5 5 -7 8 -9 9 -11 -12 -13 -14 -15
leaf_value=0 -3.7075096738472884e-05 0.00025886540097493196 1.5108346649715664e-06 -0.012020548246739872 -0.0027957931158718451 -0.013667400402091698 0.0024878515966904454 -0.0049455712009423948 -0.0010210372262686484 0.00021409978126782876 -0.0093330282828033087 0.00028503447408015223 -0.00013144481186691884 0.00057510781009382551
leaf_weight=311492 683 156 11962 940 1420 830 574 367 328 2764 186 515 10227 529
leaf_count=311492 683 156 11962 940 1420 830 574 367 328 2764 186 515 10227 529
internal_value=-0.000239319 -0.00312188 -0.00203631 -0.023093 -0.00344441 -0.00664309 0.00515337 -0.0139962 0.00744676 0.00494595 -0.00789116 -0.00166074 -0.00480289 -0.0132786
internal_weight=342973 31481 29858 1623 24968 13006 4890 523 4367 3793 1029 843 12176 1949
internal_count=342973 31481 29858 1623 24968 13006 4890 523 4367 3793 1029 843 12176 1949
is_linear=0
shrinkage=0.04


Tree=61
num_leaves=15
num_cat=0
split_feature=2 0 9 0 2 8 0 8 8 8 10 1 1 8
split_gain=174.076 374.015 312.836 201.236 236.78 543.522 465.409 224.748 291.449 482.287 266.553 306.143 222.795 477.22
threshold=108.09561150000002 13.893532012863242 0.17151720864321165 7.7097040869627538 71.317176500000016 0.10390689027279355 3.0730483237094708 0.78109437587841113 0.96397499158831701 0.99999995294695732 -18.149103551125833 13.696152190840561 4.6528296560905904 0.95579314167794982
decision_type=2 2 2 2 2 2 2 2 2 2 2 2 2 2
left_child=3 -2 -3 4 6 -6 -1 -5 10 -10 -9 -12 -7 -14
right_child=1 2 -4 7 5 12 -8 8 9 -11 11 -13 13 -15
leaf_value=0 0 -0.00099959730055765089 -0.002990384214644687 -0.00083249721360938915 9.7458682299882799e-06 2.5362284723525744e-05 0.0010878768885457695 0.0050751486358756991 -0.0022213097589490246 0.0012911670687998744 0.0020741052025307666 -0.00091662514473853573 -0.000122637912781021 -0.0034269296268575325
leaf_weight=93147 170087 10648 5852 5038 593 7616 9534 2165 4459 13558 3920 1940 9552 4776
leaf_count=93147 170087 10648 5852 5038 593 7616 9534 2165 4459 13558 3920 1940 9552 4776
internal_value=-0.000213133 -0.00103801 -0.00678788 0.000771603 5.65414e-05 -0.00365621 0.000871437 0.00365251 0.00514861 0.00232447 0.0114891 0.00705802 -0.00467736 -0.00761586
internal_weight=342885 186587 16500 156298 125218 22537 102681 31080 26042 18017 8025 5860 21944 14328
internal_count=342885 186587 16500 156298 125218 22537 102681 31080 26042 18017 8025 5860 21944 14328
is_linear=0
shrinkage=0.04


Tree=62
num_leaves=15
num_cat=0
split_feature=1 3 0 0 1 3 10 2 2 0 1 0 3 0
split_gain=158.008 428.45 183.015 179.816 152.738 136.13 339.522 167.261 169.976 264.82 140.308 139.378 132.01 147.32
threshold=28.933081994893456 25.200117000000002 3.6716534007869899 2.4182067748170026 41.821070064606808 34.999587000000005 -31.296470080322585 142.95039350000005 121.92923750000001 17.84854813862664 37.562182202087783 5.970543366667477 27.978739000000001 6.1385353787049928
decision_type=2 2 2 2 2 2 2 2 2 2 2 2 2 2
left_child=-1 2 -2 4 -3 6 10 8 -7 11 12 -10 -5 -14
right_child=1 3 -4 5 -6 7 -8 -9 9 -11 -12 -13 13 -15
leaf_value=0 -7.2182620612035091e-05 0.0012523045799740157 -0.01255663184603756 -0.0078585696749958883 -0.0036124390361014368 2.2138773299930916e-05 0.00050300722503878012 0.0015299706111285458 5.4156725546634784e-05 -0.011056651163469268 -0.013969392591203951 -0.00060444914484252715 0.00023298430931839088 -0.0084967061802565282
leaf_weight=311502 847 872 820 296 140 16690 1564 385 2975 467 614 4711 645 493
leaf_count=311502 847 872 820 296 140 16690 1564 385 2975 467 614 4711 645 493
internal_value=-0.000193341 -0.00289222 -0.0226275 -0.00179016 0.0147826 -0.00237171 -0.00963455 -0.00133185 -0.00173731 -0.00647124 -0.0203516 -0.00469425 -0.0135007 -0.00731107
internal_weight=343021 31519 1667 29852 1012 28840 3612 25228 24843 8153 2048 7686 1434 1138
internal_count=343021 31519 1667 29852 1012 28840 3612 25228 24843 8153 2048 7686 1434 1138
is_linear=0
shrinkage=0.04


Tree=63
num_leaves=15
num_cat=0
split_feature=2 9 3 1 3 10 1 2 3 9 10 8 10 3
split_gain=160.428 311.105 241.225 768.562 392.223 352.728 301.275 290.149 476.381 523.477 312.428 258.884 443.367 399.24
threshold=107.12474050000002 0.87158227564059432 14.544164000000002 13.118761719012614 17.001305500000004 -7.2961565346537798 16.966851385924759 155.96396600000006 24.894435500000004 0.15909260248236243 -24.380869240025003 0.99861961057855353 -18.280653653655065 23.590151000000002
decision_type=2 2 2 2 2 2 2 2 2 2 2 2 2 2
left_child=-1 2 3 -2 5 6 -4 11 10 -10 -9 -6 13 -13
right_child=1 -3 4 -5 7 -7 -8 8 9 -11 -12 12 -14 -15
leaf_value=0 -6.5072341525291774e-05 0 0.00091023522294474016 -0.017315571084578721 -0.00026259035143993303 -0.0010898556867403385 -0.004762114451361296 -0.010462524894542344 -0.0026440916314726406 0.00059561155523451842 0.00050868284822948317 -0.053229990124864339 0.0074840947688684014 0.0023620664367144883
leaf_weight=153953 5706 101004 5834 2578 64116 410 409 759 228 2363 1392 1048 1796 1427
leaf_count=153953 5706 101004 5834 2578 64116 410 409 759 228 2363 1392 1048 1796 1427
internal_value=-0.000197888 -0.000978474 -0.00271614 -0.00921294 -0.00204156 0.00725688 0.00961717 -0.0028875 0.00668073 0.0182323 -0.00723384 -0.00355097 0.00598455 -0.00499394
internal_weight=343023 189070 88066 8284 79782 6653 6243 73129 4742 2591 2151 68387 4271 2475
internal_count=343023 189070 88066 8284 79782 6653 6243 73129 4742 2591 2151 68387 4271 2475
is_linear=0
shrinkage=0.04


Tree=64
num_leaves=15
num_cat=0
split_feature=8 0 3 10 10 10 3 0 3 3 3 1 3 1
split_gain=156.333 364.368 413.414 518.614 306.375 303.783 498.367 251.728 600.955 469.758 294.87 739.284 244.248 210.902
threshold=0.99998521060536416 4.3406181723099255 14.443685500000003 -13.821833336752151 -5.6635555691961885 -3.793447912008852 4.4969055000000013 4.3836623618788702 4.9999920000000015 8.5060640000000021 14.224378000000002 13.351617123179937 9.9502920000000028 9.3101807614576639
decision_type=2 2 2 2 2 2 2 2 2 2 2 2 2 2
left_child=1 -1 3 -3 13 6 -2 9 -9 -8 11 -10 -5 -4
right_child=5 2 4 12 -6 -7 7 8 10 -11 -12 -13 -14 -15
leaf_value=0 -0.012532537716272803 -0.03103909627995673 0.00047799416598969262 -0.0069087429017456858 -0.0010205992741114257 -2.6419636724881183e-05 0.01598392836715384 -0.012177349258736639 0.00015547859771668004 5.3695650029915304e-05 0.001193683120611525 -0.050066986421915212 0.00012202627065318689 -0.00017765168209222241
leaf_weight=190575 632 1412 6817 1555 2100 28442 1317 760 5810 1355 18826 763 2733 79912
leaf_count=190575 632 1412 6817 1555 2100 28442 1317 760 5810 1355 18826 763 2733 79912
internal_value=-0.000110551 -0.000495398 -0.00252579 -0.0129684 -0.0018557 0.0017843 0.00463089 0.00540113 0.00420658 0.0170958 0.00525533 -0.00203864 -0.00604478 -0.00149016
internal_weight=343009 285104 94529 5700 88829 57905 29463 28831 26159 2672 25399 6573 4288 86729
internal_count=343009 285104 94529 5700 88829 57905 29463 28831 26159 2672 25399 6573 4288 86729
is_linear=0
shrinkage=0.04


Tree=65
num_leaves=15
num_cat=0
split_feature=2 0 8 3 2 1 3 2 0 10 3 3 8 1
split_gain=138.843 288.787 314.454 385.839 249.096 193.784 322.224 191.921 191.645 190.925 392.726 231.087 461.79 263.529
threshold=107.12474050000002 13.893532012863242 0.81382478261982472 15.630754000000001 128.64294450000003 16.125639301925514 18.804795500000004 151.91541300000003 14.893116692572432 -11.607865166271841 13.392312500000001 52.014283500000012 0.99759381320658225 14.572576631707635
decision_type=2 2 2 2 2 2 2 2 2 2 2 2 2 2
left_child=9 -2 4 -4 8 -5 -7 -8 -3 10 -1 13 -13 -12
right_child=1 2 3 5 -6 6 7 -9 -10 -11 11 12 -14 -15
leaf_value=-0.014505418330257962 0 -0.00035944341178245685 -0.04945613049355238 0.015058327183794358 -0.00021276440869758716 -0.054947195942785819 0.00020968806381935546 -0.0038953023010536189 -0.0058769568535401023 0 0.0010350467802714414 0.0089974319727220298 -0.041922549308749509 -1.322535118473394e-06
leaf_weight=782 171695 865 480 704 1854 644 9587 197 2885 132348 8106 1632 191 11216
leaf_count=782 171695 865 480 704 1854 644 9587 197 2885 132348 8106 1632 191 11216
internal_value=-0.000142547 -0.000869616 -0.00580855 -0.00205305 -0.0135903 -0.000538987 -0.00191024 -0.000106296 -0.01952 0.000747756 0.00420486 0.00523433 0.0188481 0.0039499
internal_weight=343186 188911 17216 11612 5604 11132 10428 9784 3750 154275 21927 21145 1823 19322
internal_count=343186 188911 17216 11612 5604 11132 10428 9784 3750 154275 21927 21145 1823 19322
is_linear=0
shrinkage=0.04


Tree=66
num_leaves=15
num_cat=0
split_feature=0 3 9 2 2 3 9 9 2 3 8 1 9 2
split_gain=132.487 956.354 605.048 328.115 370.024 392.21 359.907 355.553 426.718 648.399 307.617 433.3 423.777 386.372
threshold=4.3406181723099255 4.933443500000001 1.3135846804734898e-05 117.50070950000001 162.66549700000004 24.894435500000004 0.15909260248236243 0.033254420164034022 73.191753500000019 28.467614000000005 0.85580150777101072 7.1235672940913615 0.39494485015301262 99.089348000000015
decision_type=2 2 2 2 2 2 2 2 2 2 2 2 2 2
left_child=-1 -2 -3 7 -5 -6 -7 8 -4 -10 12 -12 13 -9
right_child=1 2 3 4 5 6 -8 10 9 -11 11 -13 -14 -15
leaf_value=0 -0.018059232666193865 0.00064907960766465156 0.00080521794142352876 -0.00049429055388704635 -0.00043961784692042236 -0.0019414315539773663 0.00061463116950131959 0.00016967758028310355 -0.00099026865438742629 -0.008816224701944082 -0.0010082324973187398 0.0017301671718839874 0.00014426834719699912 -0.0022603372231942889
leaf_weight=221715 1396 25501 1986 36999 2520 159 1820 4556 4762 2046 1556 10455 21059 6554
leaf_count=221715 1396 25501 1986 36999 2520 159 1820 4556 4762 2046 1556 10455 21059 6554
internal_value=-0.000118455 -0.00118086 -0.000797846 -0.00227369 -0.00493711 0.00589464 0.0192218 -0.000187262 -0.00753241 -0.0122914 0.00127478 0.00673716 -0.000764711 -0.00708551
internal_weight=343084 121369 119973 94472 41498 4499 1979 52974 8794 6808 44180 12011 32169 11110
internal_count=343084 121369 119973 94472 41498 4499 1979 52974 8794 6808 44180 12011 32169 11110
is_linear=0
shrinkage=0.04


Tree=67
num_leaves=15
num_cat=0
split_feature=0 3 2 2 10 3 10 2 3 10 9 0 2 3
split_gain=144.044 930.063 575.034 286.365 388.223 388.061 523.517 338.83 310.733 339.718 270.409 372.189 261.557 246.686
threshold=4.3406181723099255 4.933443500000001 67.595577000000006 117.50070950000001 -7.0441532188186589 13.705427500000001 -13.152040947760861 171.70274350000003 8.5060640000000021 -4.94803326444032 0.00044915375200105251 7.0978649732751018 126.24532300000001 15.424520000000003
decision_type=2 2 2 2 2 2 2 2 2 2 2 2 2 2
left_child=-1 -2 -3 4 5 6 -4 10 9 -6 -5 12 -12 -9
right_child=1 2 3 7 8 -7 -8 13 -10 -11 11 -13 -14 -15
leaf_value=0 -0.017468686501821939 0.0014464204298516809 -0.035608218256395575 0.0053618406090473556 -0.0093203447797011712 0.00021115122526451258 -0.00024027603544555203 -0.00082021598361666621 -0.00078587091820653439 0.0010551109634263293 -0.00033285644354355174 -0.0010659894187084041 0.00012436900948992248 0.00070526321760310928
leaf_weight=221686 1394 4730 1069 2185 421 59397 3291 817 6319 1286 6992 21594 10144 1712
leaf_count=221686 1394 4730 1069 2185 421 59397 3291 817 6319 1286 6992 21594 10144 1712
internal_value=-0.000152287 -0.00126015 -0.00088265 -0.00144376 0.000107546 0.00115125 -0.010367 -0.004007 -0.0081834 0.00695958 -0.00488525 -0.00565763 -0.00125584 0.0102017
internal_weight=343037 121351 119957 115227 71783 63757 4360 43444 8026 1707 40915 38730 17136 2529
internal_count=343037 121351 119957 115227 71783 63757 4360 43444 8026 1707 40915 38730 17136 2529
is_linear=0
shrinkage=0.04


Tree=68
num_leaves=15
num_cat=0
split_feature=0 3 9 3 1 10 3 3 1 9 8 3 3 0
split_gain=142.483 1000.96 478.629 255.055 621.724 250.58 213.492 284.094 1107.26 379.415 403.01 398.233 281.95 287.511
threshold=4.3836623618788702 5.1680700000000011 1.3135846804734898e-05 14.544164000000002 14.173702941050495 -5.6635555691961885 17.001305500000004 23.784053000000004 21.142214143756906 0.033254420164034022 0.85580150777101072 28.909754000000003 43.972501500000007 13.555250150339001
decision_type=2 2 2 2 2 2 2 2 2 2 2 2 2 2
left_child=-1 -2 -3 4 -4 6 -5 8 -8 11 -11 -9 13 -12
right_child=1 2 3 5 -6 -7 7 9 -10 10 12 -13 -14 -15
leaf_value=0 -0.01026913852166654 0.00081003262306956873 -0.00045423299106238851 0.0008313002106747231 -0.033319059477589341 -0.00094562541818455921 -0.00010925816747567027 0.00026055353113096816 -0.013234110098637696 -7.5608066823444061e-05 0.0012883749823720903 -0.0057787291617457685 0.0033321540148313275 -0.0017631101588314708
leaf_weight=222638 2248 24667 4001 5491 1277 2074 12268 1867 3627 50621 2841 2564 4244 2884
leaf_count=222638 2248 24667 4001 5491 1277 2074 12268 1867 3627 50621 2841 2564 4244 2884
internal_value=-0.000173953 -0.00128081 -0.000778883 -0.00208321 -0.0106252 -0.00157367 -0.00124388 -0.00176183 -0.00655552 -0.000589963 0.000236343 -0.011889 0.00758752 0.00179563
internal_weight=343312 120674 118426 93759 5278 88481 86407 80916 15895 65021 60590 4431 9969 5725
internal_count=343312 120674 118426 93759 5278 88481 86407 80916 15895 65021 60590 4431 9969 5725
is_linear=0
shrinkage=0.04


Tree=69
num_leaves=15
num_cat=0
split_feature=0 3 1 3 9 9 2 3 8 8 1 2 3 1
split_gain=130.413 988.924 641.944 478.621 377.475 373.272 231.555 207.061 309.198 282.07 278.071 277.935 257.458 275.428
threshold=13.681874468304992 15.933619000000002 16.562221593876775 19.847512500000004 0.15909260248236243 0.036722035855222608 102.62036900000001 53.595886000000007 0.99992817287407787 0.90062300608394685 18.326425717646664 78.327019000000021 23.590151000000002 22.973784266236027
decision_type=2 2 2 2 2 2 2 2 2 2 2 2 2 2
left_child=-1 -2 5 -4 7 -3 -6 8 9 -5 -10 -12 -13 -14
right_child=1 2 3 4 6 -7 -8 -9 10 -11 11 12 13 -15
leaf_value=0 -0.025659319861952051 0.008438966484821387 -0.048255545906005379 0.0016748175471469808 0.0029386979508897373 -0.0012011824464557952 -0.0021148162445068326 0.0031806794561734411 0.005596039618451636 -0.0028311583827342435 -0.0026418349896956093 -0.017331410299738136 0.0095439934518392108 0.00057590785252642192
leaf_weight=314939 2056 2629 1133 1866 1283 729 7141 2987 833 4027 415 836 1119 1310
leaf_count=314939 2056 2629 1133 1866 1283 729 7141 2987 833 4027 415 836 1119 1310
internal_value=-0.000101368 -0.0026992 -0.000611221 -0.00300131 -0.00168492 0.0157236 -0.00831909 0.00248787 -0.000176821 -0.00621076 0.00770219 0.00297826 0.0068974 0.013487
internal_weight=343303 28364 26308 22950 21817 3358 8424 13393 10406 5893 4513 3680 3265 2429
internal_count=343303 28364 26308 22950 21817 3358 8424 13393 10406 5893 4513 3680 3265 2429
is_linear=0
shrinkage=0.04


Tree=70
num_leaves=15
num_cat=0
split_feature=8 0 3 2 3 8 10 3 2 2 0 0 3 3
split_gain=115.634 280.444 350.394 303.961 377.868 363.443 277.028 500.385 251.239 224.497 216.508 175.949 700.563 493.037
threshold=0.99998521060536416 12.106474723415886 14.966644000000001 111.99674250000001 50.706936000000006 0.95165382558121225 -3.793447912008852 4.5887665000000011 66.524181000000013 136.00777450000001 4.0459669978109227 4.5654394475999762 8.5060640000000021 10.000080000000002
decision_type=2 2 2 2 2 2 2 2 2 2 2 2 2 2
left_child=1 -1 -3 4 -4 -6 7 10 -9 -8 -2 12 -10 -13
right_child=6 2 3 -5 5 -7 9 8 11 -11 -12 13 -14 -15
leaf_value=0 0.0041294160811970225 -0.044754161165974742 -0.00073990523616303868 -0.0013870878161644168 0.0036453894796220822 -0.040745987178036118 -1.7475983344216324e-05 0.0014677681071024579 0.0097421745894615743 -0.00088172509064198988 -0.013372222282107809 -0.0060678013478763096 -0.00055089620080877786 0.00097015131145560853
leaf_weight=259111 124 644 7521 14445 3294 206 28210 4269 1583 287 710 2275 932 19557
leaf_count=259111 124 644 7521 14445 3294 206 28210 4269 1583 287 710 2275 932 19557
internal_value=4.89556e-06 -0.000326063 -0.00427729 -0.00354041 0.00146266 0.01232 0.00163391 0.0043545 0.00524462 -0.00117767 -0.0261871 0.0036752 0.0136938 0.00252107
internal_weight=343168 285221 26110 25466 11021 3500 57947 29450 28616 28497 834 24347 2515 21832
internal_count=343168 285221 26110 25466 11021 3500 57947 29450 28616 28497 834 24347 2515 21832
is_linear=0
shrinkage=0.04


Tree=71
num_leaves=15
num_cat=0
split_feature=9 5 2 1 3 0 8 3 0 3 1 1 3 2
split_gain=106.346 231.392 230.427 338.499 729.948 354.638 213.768 201.682 199.57 373.651 509.056 301.363 838.97 308.166
threshold=0.87158227564059432 1.0000000180025095e-35 117.50070950000001 25.218919560040604 23.590151000000002 4.864786032720704 0.31313326137609393 79.753734000000023 5.8382933166475555 13.705427500000001 13.485537010899522 4.7637158941249211 5.253384500000001 69.729496000000012
decision_type=2 2 2 2 2 2 2 2 2 2 2 2 2 2
left_child=1 -1 8 -4 -5 -6 7 -7 11 10 -10 -3 -13 -14
right_child=-2 2 3 4 5 6 -8 -9 9 -11 -12 12 13 -15
leaf_value=-0.14852514032785488 0 1.1520787024232455e-05 -3.5878028518296426e-05 -0.015174588870792984 0.00072814294557043736 -0.00040165913991263569 -0.0024455732832715572 0.00030908455862783957 -0.00023170439839616627 0.00032290537543248286 -0.043206827908189888 -0.02021859540241441 0.0013523297798829841 -0.00022141362404030731
leaf_weight=240 165618 42892 35872 1484 1789 7657 5438 1601 3373 59535 865 1089 1443 14049
leaf_count=240 165618 42892 35872 1484 1789 7657 5438 1601 3373 59535 865 1089 1443 14049
internal_value=-6.97488e-05 -0.000750478 -0.000697284 -0.00288033 -0.00736157 -0.00494268 -0.00698966 -0.00329229 0.000256398 0.0018108 -0.00966494 -0.00141039 -0.00598999 -0.00360444
internal_weight=342945 177327 177087 53841 17969 16485 14696 9258 123246 63773 4238 59473 16581 15492
internal_count=342945 177327 177087 53841 17969 16485 14696 9258 123246 63773 4238 59473 16581 15492
is_linear=0
shrinkage=0.04


Tree=72
num_leaves=15
num_cat=0
split_feature=8 5 2 1 3 0 2 0 3 1 1 3 2 3
split_gain=110.229 232.191 209.303 299.845 699.969 254.032 249.677 185.303 358.726 479.602 271.569 764.67 257.624 223.249
threshold=0.12881021108344101 1.0000000180025095e-35 117.50070950000001 26.34492552178185 24.720340000000004 6.5683964765907747 126.24532300000001 5.7029229737949594 13.705427500000001 13.485537010899522 4.7637158941249211 5.253384500000001 69.729496000000012 17.156777000000002
decision_type=2 2 2 2 2 2 2 2 2 2 2 2 2 2
left_child=-1 -2 7 -4 -5 6 -6 10 9 -9 -3 -12 -13 -10
right_child=1 2 3 4 5 -7 -8 8 13 -11 11 12 -14 -15
leaf_value=0 -0.14291220821632761 7.2955356749114433e-06 -5.6629112804231379e-05 -0.012486424520869673 -0.00040921842404712222 -0.00080460236411140711 0.00037119901058138533 -0.00025945071272348873 0.0010521565773544189 -0.041898502587712605 -0.019393258933595635 0.0013547808297329446 -0.00021200633029115385 0.00015091591896907467
leaf_weight=165782 241 42828 38254 1439 1965 8752 3399 3424 10303 865 1081 1298 13524 50052
leaf_count=165782 241 42828 38254 1439 1965 8752 3399 3424 10303 865 1081 1298 13524 50052
internal_value=-7.15603e-05 -0.000764492 -0.000711125 -0.00279284 -0.00747541 -0.00476622 0.00208799 0.000196798 0.0016744 -0.00950338 -0.00142957 -0.00589323 -0.00352449 0.00246873
internal_weight=343207 177425 177184 53809 15555 14116 5364 123375 64644 4289 58731 15903 14822 60355
internal_count=343207 177425 177184 53809 15555 14116 5364 123375 64644 4289 58731 15903 14822 60355
is_linear=0
shrinkage=0.04


Tree=73
num_leaves=15
num_cat=0
split_feature=0 3 2 9 2 2 0 3 9 10 3 3 3 0
split_gain=126.761 463.868 380.724 456.336 281.903 139.995 105.334 104.099 84.3505 266.684 181.525 133.43 83.9009 108.258
threshold=18.451911105126147 21.793201000000003 110.818302 0.1256221067482067 78.327019000000021 134.69612900000001 19.947110706043429 23.784053000000004 0.00038257730880780777 -22.987401438452086 28.141686500000002 34.021052500000003 23.590151000000002 20.480995360994566
decision_type=2 2 2 2 2 2 2 2 2 2 2 2 2 2
left_child=-1 -2 4 8 -3 -5 -6 -8 9 10 -4 -10 13 -11
right_child=1 2 3 5 6 -7 7 -9 11 12 -12 -13 -14 -15
leaf_value=0 -0.065230306876661537 -0.0030906709653379743 -0.05253084653489682 -0.009403799846035123 0.0030189421500857691 0.00091487759848885855 -0.046253669407758373 0.0024836756432862518 -0.0035563799867148189 0.035089767462851605 0.014517945850680433 0.0010215159031986693 0.058447300445727983 -0.035264095033111523
leaf_weight=330329 865 395 347 1966 841 208 184 4312 1224 81 241 1744 453 106
leaf_count=330329 865 395 347 1966 841 208 184 4312 1224 81 241 1744 453 106
internal_value=-5.35981e-05 -0.00393306 -0.00191043 -0.0086405 0.00556874 -0.0235143 0.00798201 0.0055516 -0.000934223 0.00788274 -0.0115646 -0.00458221 0.02575 0.00320856
internal_weight=343296 12967 12102 6370 5732 2174 5337 4496 4196 1228 588 2968 640 187
internal_count=343296 12967 12102 6370 5732 2174 5337 4496 4196 1228 588 2968 640 187
is_linear=0
shrinkage=0.04


Tree=74
num_leaves=15
num_cat=0
split_feature=0 3 2 9 2 2 3 1 8 0 3 8 10 3
split_gain=123.133 448.838 426.657 349.434 270.46 136.588 125.634 296.876 123.448 105.292 162.555 99.0938 119.645 87.1364
threshold=18.451911105126147 21.040592500000006 111.42323300000001 0.1256221067482067 78.327019000000021 134.69612900000001 25.200117000000002 21.426274530838629 0.99759381320658225 19.947110706043429 23.397099500000007 0.99947046005332429 -22.987401438452086 29.999976500000006
decision_type=2 2 2 2 2 2 2 2 2 2 2 2 2 2
left_child=-1 -2 4 6 -3 -5 7 8 -4 -6 -11 -8 13 -13
right_child=1 2 3 5 9 -7 11 -9 -10 10 -12 12 -14 -15
leaf_value=0 -0.072579361277247859 -0.0029598877896718718 -0.0018517601143215978 -0.0093442401026842242 0.0029641544337160432 0.00092618913174107639 -0.00059822338965078879 -0.040667830439620398 0.020571833745067263 -0.049101192486023619 0.0025230379316317285 -0.0089748116345109274 0.095517233318792902 0.057291376991016975
leaf_weight=330187 582 386 307 1863 903 203 2346 539 309 221 4587 259 243 156
leaf_count=330187 582 386 307 1863 903 203 2346 539 309 221 4587 259 243 156
internal_value=-5.39798e-05 -0.00388717 -0.00226587 -0.00963213 0.00525504 -0.0230784 -0.00295263 -0.0141645 0.00480519 0.00744528 0.00509151 0.00135819 0.015076 0.0020241
internal_weight=343091 12904 12322 6225 6097 2066 4159 1155 616 5711 4808 3004 658 415
internal_count=343091 12904 12322 6225 6097 2066 4159 1155 616 5711 4808 3004 658 415
is_linear=0
shrinkage=0.04


Tree=75
num_leaves=15
num_cat=0
split_feature=9 5 2 2 3 9 1 3 8 3 9 10 3 1
split_gain=104.725 212.911 168.574 172.488 412.142 485.982 244.078 210.404 180.462 318.828 235.401 227.607 318.337 316.49
threshold=0.8700718233548822 1.0000000180025095e-35 110.56499450000001 155.96396600000006 24.999894000000001 0.15909260248236243 24.511704783519168 15.210864000000003 0.35167658907214944 82.021747500000018 0.0017749528123950922 -22.454757371499689 19.999941500000002 17.267533594202714
decision_type=2 2 2 2 2 2 2 2 2 2 2 2 2 2
left_child=1 -1 -3 8 6 -6 7 -5 -4 10 11 -10 13 -13
right_child=-2 2 3 4 5 -7 -8 -9 9 -11 -12 12 -14 -15
leaf_value=-0.13701631932568795 0 2.1095221353899474e-05 -2.9784854001251861e-05 -0.00075839254856893419 -0.002253778386987627 0.0005479648122086833 -0.008719101630512446 0.001297727318931544 -0.0095469902394192032 -0.005610506465868431 -0.00072324340767390802 0.00052750147699792476 0.015512510922325617 -0.057992570294266792
leaf_weight=256 166421 99864 34903 2315 230 2297 668 2384 868 988 27270 2669 1686 359
leaf_count=256 166421 99864 34903 2315 230 2297 668 2384 868 988 27270 2669 1686 359
internal_value=-5.72298e-05 -0.000735247 -0.000682376 -0.00209351 0.00350646 0.0168263 -0.00276505 0.00045116 -0.00273657 -0.00481797 -0.00414465 0.0033393 0.00680526 -0.000951123
internal_weight=343178 176757 176501 76637 7894 2527 5367 4699 68743 33840 32852 5582 4714 3028
internal_count=343178 176757 176501 76637 7894 2527 5367 4699 68743 33840 32852 5582 4714 3028
is_linear=0
shrinkage=0.04


Tree=76
num_leaves=15
num_cat=0
split_feature=0 3 1 3 2 9 3 1 0 8 8 3 1 3
split_gain=134.991 1023.57 519.259 471.27 325.654 282.326 229.016 223.663 199.921 190.847 170.212 161.368 174.017 155.478
threshold=13.744310875640451 15.630754000000001 16.562221593876775 20.000043500000004 111.99674250000001 0.036722035855222608 53.595886000000007 17.123861815247349 13.681874468304992 0.99861961057855353 0.99990585286110301 16.365441500000006 14.572576631707635 82.021747500000018
decision_type=2 2 2 2 2 2 2 2 2 2 2 2 2 2
left_child=8 -2 5 7 6 11 -5 -4 -1 -10 -8 12 -3 -6
right_child=1 2 3 4 13 -7 10 -9 9 -11 -12 -13 -14 -15
leaf_value=0 -0.039454642491357904 0.011289627520474512 0.0045103523076861253 -5.9211077059416749e-05 -0.0010587427209799733 -0.0014296418536480266 0.0035043619013528679 -0.038158161814392487 -0.00054162528322635188 0.00087549897203175213 -0.074088783925135071 0.0081522691014855528 -0.013614334674806692 -0.010017778571101667
leaf_weight=314621 1420 152 233 6954 10681 659 2779 1261 258 508 93 2381 173 656
leaf_count=314621 1420 152 233 6954 10681 659 2779 1261 258 508 93 2381 173 656
internal_value=-6.98891e-05 -0.00276073 -0.000956114 -0.00313369 -0.00160091 0.0137058 0.00372888 -0.0248461 0.000164243 0.0205744 0.0132312 0.0194235 -0.00701538 -0.00622034
internal_weight=342829 27442 26022 22657 21163 3365 9826 1494 315387 766 2872 2706 325 11337
internal_count=342829 27442 26022 22657 21163 3365 9826 1494 315387 766 2872 2706 325 11337
is_linear=0
shrinkage=0.04


Tree=77
num_leaves=15
num_cat=0
split_feature=0 3 2 9 2 2 1 3 10 3 9 9 5 3
split_gain=107.751 438.056 335.723 336.639 248.653 135.982 96.0251 183.278 80.5812 144.348 116.345 64.893 163.406 151.834
threshold=18.451911105126147 21.793201000000003 110.818302 0.13243913306235475 78.327019000000021 134.69612900000001 21.801701731265744 25.000033000000006 -20.217357336454871 23.590151000000002 0.0014788045443047684 0.87158227564059432 1.0000000180025095e-35 4.4969055000000013
decision_type=2 2 2 2 2 2 2 2 2 2 2 2 2 2
left_child=11 -2 4 8 -3 -5 -6 -8 9 -4 -10 12 -1 -14
right_child=1 2 3 5 6 -7 7 -9 10 -11 -12 -13 13 -15
leaf_value=-0.1254993636007761 -0.057835097755481603 -0.0028399676438567762 -0.038325564393749692 -0.0084420201927622347 0.0024624105556170102 0.0012798211433200119 -0.046736154471982927 0.0026622483187601158 0.09103003031474477 -0.00028426756529875116 7.5541980957224142e-05 0 -0.00032799029874754543 -6.8352055598842632e-06
leaf_weight=234 854 380 342 1889 1201 201 225 3928 178 3298 443 165996 3030 161114
leaf_count=234 854 380 342 1889 1201 201 225 3928 178 3298 443 165996 3030 161114
internal_value=-2.07391e-05 -0.00360151 -0.00164501 -0.00797985 0.00537147 -0.0211292 0.00759059 0.00470985 -0.00153016 -0.0038022 0.0117874 0.000119501 -0.000443855 -0.000396237
internal_weight=343313 12939 12085 6351 5734 2090 5354 4153 4261 3640 621 330374 164378 164144
internal_count=343313 12939 12085 6351 5734 2090 5354 4153 4261 3640 621 330374 164378 164144
is_linear=0
shrinkage=0.04


Tree=78
num_leaves=15
num_cat=0
split_feature=0 3 2 3 1 3 1 10 2 2 3 0 9 1
split_gain=103.978 934.2 471.568 369.771 868.588 483.201 653.416 388.285 335.614 422.699 322.404 367.236 250.988 253.245
threshold=4.3836623618788702 4.9999920000000015 67.595577000000006 13.915394000000001 13.351617123179937 17.001305500000004 14.572576631707635 -6.8316167346154817 117.17020800000002 148.97148900000005 16.141809500000004 9.130790060366536 0.15909260248236243 28.178909150249343
decision_type=2 2 2 2 2 2 2 2 2 2 2 2 2 2
left_child=-1 -2 -3 4 -4 6 -5 8 -7 -10 11 -8 -11 -14
right_child=1 2 3 5 -6 7 10 -9 9 12 -12 -13 13 -15
leaf_value=0 -0.015293676263889592 0.0012397601342478124 -8.2317984659144726e-05 0.0019076091634368992 -0.034214364687417322 0.00012787044725537155 1.327963744513383e-05 -0.00069366605972531097 -0.0004130648364391014 -0.0017500920673575822 0.0039875981930212433 -0.029035608589796896 0.00049172508590473757 -0.0033593940939866764
leaf_weight=222324 1453 4658 7822 9536 1752 49783 949 3845 34791 351 650 1106 3313 677
leaf_count=222324 1453 4658 7822 9536 1752 49783 949 3845 34791 351 650 1106 3313 677
internal_value=-1.7259e-05 -0.000962498 -0.000574002 -0.00108121 -0.00860664 -0.000395044 0.00707459 -0.00138077 -0.000842602 -0.00361443 -0.0102773 -0.0180438 0.0081548 0.0110075
internal_weight=343010 120686 119233 114575 9574 105001 12241 92760 88915 39132 2705 2055 4341 3990
internal_count=343010 120686 119233 114575 9574 105001 12241 92760 88915 39132 2705 2055 4341 3990
is_linear=0
shrinkage=0.04


Tree=79
num_leaves=15
num_cat=0
split_feature=1 3 9 2 9 9 9 10 3 8 3 3 1 3
split_gain=82.4741 420.29 177.107 169.056 156.316 143.897 125.495 100.144 99.0098 96.3612 91.867 91.3363 90.0484 132.727
threshold=28.933081994893456 25.881160500000004 0.76140308276944968 110.56499450000001 0.86423562714089008 0.50700343555557292 0.16549011012374373 -31.296470080322585 34.021052500000003 0.80300177905484749 50.706936000000006 50.706936000000006 29.124353890358154 22.728307500000003
decision_type=2 2 2 2 2 2 2 2 2 2 2 2 2 2
left_child=-1 4 3 9 -2 6 8 -6 -5 -3 -7 -11 -9 -14
right_child=1 2 -4 5 7 10 -8 12 -10 11 -12 -13 13 -15
leaf_value=0 -0.011296341412959343 -0.00073588179062447363 5.7413418890951074e-05 -0.081536708435151359 -0.0025202031521406733 -0.00083007246506742495 -0.0064973556426709701 -4.6455002174138929e-05 -0.0001594981273170945 -0.00054310758691690042 5.5420663169553772e-05 0.0051995609724539774 -0.0029207346750081855 0.0014336896072905043
leaf_weight=311587 714 1989 17876 222 432 2430 1442 165 1029 728 2948 1054 216 394
leaf_count=311587 714 1989 17876 222 432 2430 1442 165 1029 728 2948 1054 216 394
internal_value=6.84097e-05 -0.00187743 -0.000705296 -0.00449924 -0.0200104 -0.00776608 -0.0153138 -0.0112345 -0.00604317 0.00249271 -0.00398661 0.00924804 -0.00263226 0.00445902
internal_weight=343226 31639 29718 11842 1921 8071 2693 1207 1251 3771 5378 1782 775 610
internal_count=343226 31639 29718 11842 1921 8071 2693 1207 1251 3771 5378 1782 775 610
is_linear=0
shrinkage=0.04


Tree=80
num_leaves=15
num_cat=0
split_feature=0 3 2 8 2 0 0 3 1 3 3 8 8 8
split_gain=108.109 397.566 321.1 307.885 217.411 122.343 96.7956 169.471 93.3543 197.847 91.2496 117.677 104.698 86.3238
threshold=18.451911105126147 20.350113000000004 111.42323300000001 0.87208570247902972 78.327019000000021 21.503926994636 22.157383038141173 24.999894000000001 20.31738898557311 23.590151000000002 52.014283500000012 0.79228639921131061 0.99999526968763852 0.99992817287407787
decision_type=2 2 2 2 2 2 2 2 2 2 2 2 2 2
left_child=-1 -2 4 5 -3 -4 -6 -8 -5 -10 12 -12 -9 -13
right_child=1 2 3 8 6 -7 7 10 9 -11 11 13 -14 -15
leaf_value=0 -0.073316893828515944 -0.002855268951492379 -0.0032256675476032958 0.0012152837433782066 0.0024917648239377948 -0.012137432331914588 -0.09969003355946672 -0.0059026372659966965 -0.047236210704924543 -0.00029800231345542704 -0.027416078624974687 0.0053442837432259903 0.003563979733109378 -0.034777069936539194
leaf_weight=330124 494 389 1131 757 2292 925 150 975 443 3082 71 1370 884 46
leaf_count=330124 494 389 1131 757 2292 925 150 975 443 3082 71 1370 884 46
internal_value=6.83117e-05 -0.00350834 -0.00211906 -0.0084443 0.00437105 -0.0211673 0.00631652 0.00212815 -0.00233536 -0.00507234 0.00399283 0.0113786 -0.00191501 0.0138983
internal_weight=343133 13009 12515 6338 6177 2056 5788 3496 4282 3525 3346 1487 1859 1416
internal_count=343133 13009 12515 6338 6177 2056 5788 3496 4282 3525 3346 1487 1859 1416
is_linear=0
shrinkage=0.04


Tree=81
num_leaves=15
num_cat=0
split_feature=0 3 2 9 2 2 0 3 3 8 8 10 3 9
split_gain=92.5931 379.2 302.847 269.879 219.18 141.419 89.3956 168.16 113.771 132.273 106.013 86.6242 203.338 94.0654
threshold=18.451911105126147 20.350113000000004 111.72357200000002 0.1256221067482067 78.327019000000021 134.69612900000001 21.503926994636 23.973488500000006 51.299427500000007 0.79228639921131061 0.99999526968763852 -20.425954590227352 24.357122000000004 0.0014788045443047684
decision_type=2 2 2 2 2 2 2 2 2 2 2 2 2 2
left_child=-1 -2 4 11 -3 -5 -6 -8 10 -10 -9 12 -4 -13
right_child=1 2 3 5 6 -7 7 8 9 -11 -12 13 -14 -15
leaf_value=0 -0.070384218075375315 -0.0027446053947383117 -0.041826274650169762 -0.0082435897153435994 0.0023388462129758985 0.0010547774612464844 -0.081049340573886186 -0.0039188903362109111 -0.024906047610992098 0.0047426036081412307 0.0034202272003048535 0.056378587862764347 -5.0320521970178003e-05 3.5453808265677459e-05
leaf_weight=329940 484 390 568 1795 1959 221 153 1173 91 1579 977 247 2819 547
leaf_count=329940 484 390 568 1795 1959 221 153 1173 91 1579 977 247 2819 547
internal_value=3.46413e-05 -0.00327617 -0.00193306 -0.00821688 0.00422651 -0.0202381 0.00613621 0.00268814 0.00433508 0.0121677 -0.00174884 -0.00242047 -0.00520815 0.00947103
internal_weight=342943 13003 12519 6197 6322 2016 5932 3973 3820 1670 2150 4181 3387 794
internal_count=342943 13003 12519 6197 6322 2016 5932 3973 3820 1670 2150 4181 3387 794
is_linear=0
shrinkage=0.04


Tree=82
num_leaves=15
num_cat=0
split_feature=0 3 2 9 2 2 10 9 3 0 3 3 8 8
split_gain=89.1935 404.864 264.363 301.41 187.97 134.877 79.4465 162.039 155.398 77.2355 139.497 84.5545 98.1473 82.9598
threshold=18.451911105126147 21.986692500000004 111.42323300000001 0.1256221067482067 77.566448000000022 134.69612900000001 -21.144771131628762 0.0014788045443047684 24.999894000000001 22.157383038141173 24.999894000000001 51.299427500000007 0.79228639921131061 0.99992817287407787
decision_type=2 2 2 2 2 2 2 2 2 2 2 2 2 2
left_child=-1 -2 4 6 -3 -5 8 -8 -4 -6 -11 -12 -13 -14
right_child=1 2 3 5 9 -7 7 -9 -10 10 11 12 13 -15
leaf_value=0 -0.04898928250733859 -0.0032648927732329093 -0.036992125331471046 -0.0079925912021474744 0.0021349996648449381 0.0013319864944990483 0.07808489222416809 -0.00010432334564398321 -3.3900851667985624e-05 -0.082150836260735979 -0.00070798243927772207 -0.023958688206639343 0.0051415868298884358 -0.033509143889604451
leaf_weight=330178 936 292 383 1857 2243 218 288 670 2637 133 1796 80 1380 61
leaf_count=330178 936 292 383 1857 2243 218 288 670 2637 133 1796 80 1380 61
internal_value=4.68597e-05 -0.00320641 -0.00123609 -0.00713035 0.00472515 -0.0194892 -0.000683761 0.00935282 -0.00386755 0.00633058 0.00257391 0.0041845 0.0111243 0.0135184
internal_weight=343152 12974 12038 6053 5985 2075 3978 958 3020 5693 3450 3317 1521 1441
internal_count=343152 12974 12038 6053 5985 2075 3978 958 3020 5693 3450 3317 1521 1441
is_linear=0
shrinkage=0.04


Tree=83
num_leaves=15
num_cat=0
split_feature=9 2 0 9 2 3 10 2 3 10 10 1 1 5
split_gain=86.3724 182.115 237.454 297.918 225.804 247.339 207.265 184.288 242.288 417.274 285.404 225.258 203.477 174.101
threshold=0.8700718233548822 118.07423000000001 7.0234417281244843 0.0045625554832575696 171.70274350000003 15.424520000000003 -3.793447912008852 126.64211650000001 25.000033000000006 -28.251771353083516 -17.793110963174275 29.864452475400672 22.973784266236027 1.0000000180025095e-35
decision_type=2 2 2 2 2 2 2 2 2 2 2 2 2 2
left_child=1 13 6 -4 -5 -6 7 -3 9 -9 11 12 -10 -1
right_child=-2 2 3 4 5 -7 -8 8 10 -11 -12 -13 -14 -15
leaf_value=-0.12677278891707464 0 -0.00016468836911182576 0.0012353575454698796 -0.00096377977004566959 -0.0011389905516987174 0.00045942418496009579 -0.00066754484838212264 -0.010765457016235831 0.00012638142013342299 7.033176264887652e-05 -0.00058652030131393234 3.746602610232047e-05 0.0054148276498892124 8.5203788512156099e-06
leaf_weight=231 166468 8425 3003 19834 432 1194 719 579 1339 11462 451 1969 2089 124834
leaf_count=231 166468 8425 3003 19834 432 1194 719 579 1339 11462 451 1969 2089 124834
internal_value=2.70531e-05 -0.000589258 -0.00259127 -0.00544659 -0.00709786 0.00723247 -7.39836e-06 0.000571559 0.0028688 -0.000375384 0.00954856 0.012103 0.0182964 0.000235078
internal_weight=343029 176561 51496 24463 21460 1626 27033 26314 17889 12041 5848 5397 3428 125065
internal_count=343029 176561 51496 24463 21460 1626 27033 26314 17889 12041 5848 5397 3428 125065
is_linear=0
shrinkage=0.04


Tree=84
num_leaves=15
num_cat=0
split_feature=0 3 8 3 8 8 0 3 3 3 1 1 3 3
split_gain=82.1992 395.386 153.783 124.41 162.985 119.956 107.725 258.094 183.624 175.061 171.732 90.0165 77.1383 63.3849
threshold=18.451911105126147 20.855003500000006 0.85580150777101072 53.595886000000007 0.99992050672120503 0.95165382558121225 22.806262218328637 24.999894000000001 29.750128500000006 23.590151000000002 20.023455713530677 18.780047942849738 82.021747500000018 22.260438500000003
decision_type=2 2 2 2 2 2 2 2 2 2 2 2 2 2
left_child=-1 -2 12 4 -4 -5 8 -8 9 10 -6 -10 -3 -12
right_child=1 2 3 5 6 -7 7 -9 11 -11 13 -13 -14 -15
leaf_value=0 -0.059879293580043964 -0.0019727663050639753 -0.0030947997524585751 0.0026778632051578698 0.015091791460125483 -0.032931603240320344 -0.094353623081319796 0.00057272742530803053 -0.0021771873614945046 0.02916411609230667 -0.031280544395148713 0.00030241042202501847 -0.014483235621278638 -0.0062381219027834488
leaf_weight=330165 547 3087 3241 2329 242 87 257 1344 262 788 136 271 249 156
leaf_count=330165 547 3087 3241 2329 242 87 257 1344 262 788 136 271 249 156
internal_value=6.09626e-05 -0.0030594 -0.00159692 0.00109294 -0.0017142 0.00887417 0.0043287 -0.00327295 0.0108895 0.0188805 0.0011985 -0.00893058 -0.00894484 -0.0194521
internal_weight=343161 12996 12449 9113 6697 2416 3456 1601 1855 1322 534 533 3336 292
internal_count=343161 12996 12449 9113 6697 2416 3456 1601 1855 1322 534 533 3336 292
is_linear=0
shrinkage=0.04


Tree=85
num_leaves=15
num_cat=0
split_feature=0 2 10 8 0 9 1 2 2 9 2 0 10 8
split_gain=80.8465 283.024 477.604 335.252 240.289 224.629 303.883 222.282 234.655 214.31 154.677 150.898 150.294 362.27
threshold=4.3836623618788702 66.524181000000013 -7.0441532188186589 0.85580150777101072 4.7787803545445797 0.39494485015301262 9.3101807614576639 117.80632000000001 150.84204100000002 0.69264835154681414 176.63236200000003 5.8382933166475555 -3.6133330487319952 0.99898949405676629
decision_type=2 2 2 2 2 2 2 2 2 2 2 2 2 2
left_child=12 -2 3 5 -4 6 -3 11 9 -9 -8 -7 13 -1
right_child=1 2 4 -5 -6 7 10 8 -10 -11 -12 -13 -14 -15
leaf_value=4.8029916630216388e-05 0.0011208881314658881 0.00078179523164479824 -4.3053015013278729e-05 0.00049812209481674824 -0.0018438007838623616 -0.00032406431053674226 -0.0013244109880617904 -0.00088850025569176059 0.00019685066209936043 -9.8786847900475403e-05 0.00037463289595990882 0.00024289284704425137 0 0.0013941215327248576
leaf_weight=35778 4038 974 3413 39579 5978 3647 14342 9754 4881 15513 438 17786 182151 4677
leaf_count=35778 4038 974 3413 39579 5978 3647 14342 9754 4881 15513 438 17786 182151 4677
internal_value=5.31858e-05 -0.000782098 -0.00114354 -0.00038386 -0.00979235 -0.00210114 -0.00628158 -0.000824335 -0.00303834 -0.00458939 -0.00770771 0.00228993 0.000504748 0.00271017
internal_weight=342949 120343 116305 106914 9391 67335 15754 51581 30148 25267 14780 21433 222606 40455
internal_count=342949 120343 116305 106914 9391 67335 15754 51581 30148 25267 14780 21433 222606 40455
is_linear=0
shrinkage=0.04


Tree=86
num_leaves=15
num_cat=0
split_feature=0 3 2 9 2 3 1 3 2 9 3 0 2 3
split_gain=96.5778 378.343 245.646 248.104 188.624 117.305 162.532 153.922 119.089 98.8819 156.134 103.666 93.1222 114.833
threshold=18.451911105126147 20.350113000000004 110.56499450000001 0.088397795999054576 78.327019000000021 48.67758400000001 21.277367706785949 24.999894000000001 124.974327 0.0010525250557332779 22.359078 19.497576783670862 134.69612900000001 55.000602500000007
decision_type=2 2 2 2 2 2 2 2 2 2 2 2 2 2
left_child=-1 -2 4 5 -3 6 9 -8 -7 10 11 -4 13 -5
right_child=1 2 3 12 -6 8 7 -9 -10 -11 -12 -13 -14 -15
leaf_value=0 -0.064702598450612631 -0.0024164115240944786 0.026598350156311151 -0.0057853875419697108 0.0016244099217648878 0.0040042273740716824 -0.052025419630623147 -0.0022678683030992945 -0.011259919400935566 -0.00020950753692904999 0.081201309127020255 -0.019999375613947816 0.00098233543706870846 -0.0087079872106940424
leaf_weight=330125 492 397 62 1532 5335 855 450 1399 66 767 292 117 216 1020
leaf_count=330125 492 397 62 1532 5335 855 450 1399 66 767 292 117 216 1020
internal_value=6.4816e-05 -0.00331692 -0.00196354 -0.00711924 0.00413119 -0.000758483 -0.00449627 -0.0120065 0.0117698 0.00672052 0.0211465 -0.00826816 -0.0163295 -0.0184639
internal_weight=343125 13000 12508 6776 5732 4008 3087 1849 921 1238 471 179 2768 2552
internal_count=343125 13000 12508 6776 5732 4008 3087 1849 921 1238 471 179 2768 2552
is_linear=0
shrinkage=0.04


Tree=87
num_leaves=15
num_cat=0
split_feature=0 3 2 9 2 2 3 2 0 10 3 3 1 9
split_gain=80.0788 361.615 197.909 263.957 174.157 100.419 122.307 165.668 83.0205 78.0442 186.76 70.4762 140.546 150.561
threshold=18.451911105126147 21.986692500000004 111.42323300000001 0.088397795999054576 77.566448000000022 134.69612900000001 55.000602500000007 115.95788950000001 29.309810423901549 -19.4721451137743 20.000043500000004 52.014283500000012 21.426274530838629 0.0014788045443047684
decision_type=2 2 2 2 2 2 2 2 2 2 2 2 2 2
left_child=-1 9 4 11 -3 6 7 8 -5 -2 -11 12 13 -4
right_child=1 2 3 5 -6 -7 -8 -9 -10 10 -12 -13 -14 -15
leaf_value=0 -0.065386903218513856 -0.0031673511136739406 0.067214687014946636 0.0036650284207895346 0.0014261099320678112 0.0011111436151701266 -0.0089396900210294648 -0.0086208969715764732 -0.022588298486652426 -0.039268391063966769 0.010940427174566388 0.0029943190339062876 -0.0090454782971551243 -5.9779019724715559e-05
leaf_weight=329898 577 288 314 431 5728 218 904 922 81 216 139 824 1655 730
leaf_count=329898 577 288 314 431 5728 218 904 922 81 216 139 824 1655 730
internal_value=4.53744e-05 -0.00303063 -0.00118065 -0.00627077 0.00396277 -0.0160563 -0.0184773 -0.0112134 0.00703125 -0.0270386 -0.0122817 0.000828839 -0.00229715 0.0091954
internal_weight=342925 13027 12095 6079 6016 2556 2338 1434 512 932 355 3523 2699 1044
internal_count=342925 13027 12095 6079 6016 2556 2338 1434 512 932 355 3523 2699 1044
is_linear=0
shrinkage=0.04


Tree=88
num_leaves=15
num_cat=0
split_feature=8 8 10 3 0 3 0 10 3 3 10 0 8 0
split_gain=77.6217 165.732 214.641 375.099 465.163 386.691 270.602 236.348 357.363 135.347 267.815 289.287 131.834 155.254
threshold=0.12881021108344101 0.99998521060536416 -7.7888827627608279 13.915394000000001 12.548084671896316 10.000080000000002 8.6608264000998165 -18.280653653655065 19.999941500000002 23.008239500000002 -13.152040947760861 11.67207688806343 0.99987170057048247 1.3738004255644909
decision_type=2 2 2 2 2 2 2 2 2 2 2 2 2 2
left_child=-1 12 3 4 5 6 -3 8 -5 -9 -11 -12 13 -2
right_child=1 2 -4 7 -6 -7 -8 9 -10 10 11 -13 -14 -15
leaf_value=0 0.00013520162339686163 0.006303947732960332 -1.3589271770601056e-05 -0.061819776244995295 -0.026732637696173338 0.0058571551600367045 -0.029573223950851723 0.0031237594622766413 0.00053855127702444208 0.0058449943799967884 0.00067385085245490032 -0.0019309940774493834 -0.00025937121989231388 -8.4800094806091744e-05
leaf_weight=165783 2127 287 39682 384 844 1434 576 8996 3528 655 970 633 5559 111542
leaf_count=165783 2127 287 39682 384 844 1434 576 8996 3528 655 970 633 5559 111542
internal_value=4.5481e-05 -0.000536517 0.00121747 0.00480035 -0.00778096 0.00154985 -0.019606 0.00740604 -0.00106339 0.0103501 0.00159433 -0.00721148 -0.00138961 -0.00109546
internal_weight=343000 177217 57989 18307 3141 2297 863 15166 3912 11254 2258 1603 119228 113669
internal_count=343000 177217 57989 18307 3141 2297 863 15166 3912 11254 2258 1603 119228 113669
is_linear=0
shrinkage=0.04


Tree=89
num_leaves=15
num_cat=0
split_feature=9 2 9 2 2 3 3 3 10 8 2 2 2 1
split_gain=70.0934 246.447 192.734 222.417 270.034 230.526 200.777 175.78 372.433 162.394 241.846 199.495 253.045 233.616
threshold=1.481246548873383e-05 53.174305000000011 0.6007145084907024 118.36725600000001 166.66658750000002 82.021747500000018 15.830623000000001 4.4969055000000013 -4.0507315160297361 0.99987170057048247 76.984268500000013 68.725891500000003 78.327019000000021 3.5731407372566069
decision_type=2 2 2 2 2 2 2 2 2 2 2 2 2 2
left_child=1 -1 3 9 5 -5 -6 8 -3 11 -11 -2 -13 -14
right_child=2 7 -4 4 6 -7 -8 -9 -10 10 -12 12 13 -15
leaf_value=-6.0587311766700117e-05 0.00019841220435253438 -0.012658711090964551 0 -0.00093890161657975927 -0.00054605493129149816 -0.0054090769008644079 0.00043549663674721464 0.00024235515319169406 0.00049906202678036112 -2.719968845481013e-05 -0.007130220948263627 -0.00077354161597784413 0.001476909318541577 7.0878968879381845e-06
leaf_weight=12160 3154 550 214175 14889 1158 517 1551 44432 743 3741 1682 3922 311 40077
leaf_count=12160 3154 550 214175 14889 1158 517 1551 44432 743 3741 1682 3922 311 40077
internal_value=7.49719e-05 0.00134404 -0.000182623 -0.00198868 -0.00581397 -0.00786187 0.00583241 0.00268999 -0.0118484 -0.000678428 -0.00723585 7.07905e-05 -0.000621079 0.000320887
internal_weight=343062 57885 285177 71002 18115 15406 2709 45725 1293 52887 5423 47464 44310 40388
internal_count=343062 57885 285177 71002 18115 15406 2709 45725 1293 52887 5423 47464 44310 40388
is_linear=0
shrinkage=0.04


Tree=90
num_leaves=15
num_cat=0
split_feature=1 3 0 8 1 8 3 2 0 10 1 3 8 10
split_gain=74.2119 415.187 270.675 147.183 132.154 150.929 201.516 120.964 184.241 102.702 117.091 98.7428 106.153 96.5523
threshold=28.933081994893456 27.336343000000003 2.7708014906666261 0.23713449645244022 30.213483258504485 0.17338437456351499 23.397099500000007 118.64749900000002 19.947110706043429 -31.881022614766717 29.124353890358154 34.021052500000003 0.81382478261982472 -38.53684900365699
decision_type=2 2 2 2 2 2 2 2 2 2 2 2 2 2
left_child=-1 2 9 -3 5 6 -4 11 13 -2 -11 -5 -13 -9
right_child=1 3 4 7 -6 -7 -8 8 -10 10 -12 12 -14 -15
leaf_value=0 -0.00083961408963715515 6.1047213306639618e-05 -0.0075642745499191833 -0.036755100384098759 -0.0084351019705695904 -0.010513752667865672 0.001825851690636821 0.00020193853539141409 -0.013132622243976363 -2.5079791275050868e-05 0.00089005457534975909 -0.00030103414735174533 0.0024072321425585913 -0.001058163372941253
leaf_weight=311556 248 16996 151 359 940 320 309 1246 478 147 514 5341 2676 1764
leaf_count=311556 248 16996 151 359 940 320 309 1246 478 147 514 5341 2676 1764
internal_value=7.34598e-05 -0.00177713 -0.0169951 -0.000390852 -0.0263256 -0.0141538 0.000521739 -0.00380984 -0.0100688 0.000660066 0.00889561 -0.00120344 -0.000284396 -0.00640532
internal_weight=343045 31489 2629 28860 1720 780 460 11864 3488 909 661 8376 8017 3010
internal_count=343045 31489 2629 28860 1720 780 460 11864 3488 909 661 8376 8017 3010
is_linear=0
shrinkage=0.04


Tree=91
num_leaves=15
num_cat=0
split_feature=0 3 2 1 3 2 9 9 2 0 3 9 3 9
split_gain=79.5487 425.448 235.653 132.722 202.304 96.0676 174.565 93.2206 95.4398 78.7459 78.6525 78.5766 75.3021 65.5229
threshold=19.947110706043429 23.008239500000002 124.53378300000001 21.801701731265744 24.999894000000001 110.56499450000001 0.1256221067482067 1.9165320265801537e-05 88.975906500000022 27.572094299908752 33.09091200000001 0.010940024379944459 48.67758400000001 0.00011475618323952831
decision_type=2 2 2 2 2 2 2 2 2 2 2 2 2 2
left_child=-1 -2 3 7 -5 -6 9 8 -3 12 -11 -4 13 -7
right_child=1 2 11 4 5 6 -8 -9 -10 10 -12 -13 -14 -15
leaf_value=0 -0.059708148714934656 0.00023813735411588045 0.024537316667353787 -0.037454242335457938 0.0016796733737747256 0.00068228564349063895 -0.0067707978785925514 -0.00019621502115249489 0.040737871009262537 -0.091699957341307189 -0.00058502544627056735 -0.0090567116158344549 0.0041731454627226402 -0.010765837291007156
leaf_weight=333154 672 179 116 299 3723 396 1239 350 368 185 818 600 441 513
leaf_count=333154 672 179 116 299 3723 396 1239 350 368 185 818 600 441 513
internal_value=9.49124e-05 -0.00343873 -0.00120082 0.000653272 -0.0010612 0.000257006 -0.0044098 0.0152062 0.025521 0.00198895 -0.0065005 -0.0232402 0.0082963 0.00171617
internal_weight=343053 9899 9227 8511 7614 7315 3592 897 547 2353 1003 716 1350 909
internal_count=343053 9899 9227 8511 7614 7315 3592 897 547 2353 1003 716 1350 909
is_linear=0
shrinkage=0.04


Tree=92
num_leaves=15
num_cat=0
split_feature=8 5 8 0 3 2 1 3 2 3 0 2 0 3
split_gain=70.1864 137.866 135.01 294.661 260.192 219.364 165.387 331.1 198.102 196.962 1226.51 507.878 221.6 547.026
threshold=0.12881021108344101 1.0000000180025095e-35 0.99998521060536416 7.7097040869627538 9.6082075000000025 137.28321850000003 18.326425717646664 20.350113000000004 78.327019000000021 14.860255500000003 13.408546134893237 90.941341500000007 14.067486572926169 16.254179500000003
decision_type=2 2 2 2 2 2 2 2 2 2 2 2 2 2
left_child=-1 -2 -3 5 -5 -4 9 -8 -9 10 -6 -11 -13 -14
right_child=1 2 3 4 6 -7 7 8 -10 11 -12 12 13 -15
leaf_value=0 -0.11956006576803731 -7.3802914384276665e-05 -9.0932913785896634e-06 -0.025491563466183309 0.0039958118811511626 -0.00088833696849735327 -0.051780268328758296 -0.0020272026801044542 0.0015356904062567712 0.00076831830218792533 -0.036669244239778055 0.037149599808620211 -0.016176046188191909 0.012124953214194356
leaf_weight=165604 231 119141 39056 514 2917 239 427 417 3065 6327 1020 1719 384 1664
leaf_count=165604 231 119141 39056 514 2917 239 427 417 3065 6327 1020 1719 384 1664
internal_value=9.30192e-05 -0.000460476 -0.000420148 0.00116712 0.00533651 -0.00079094 0.00614047 -0.00113584 0.00294084 0.00816763 0.000579121 0.0111274 0.0227555 0.0138672
internal_weight=342725 177121 176890 57749 18454 39295 17940 3909 3482 14031 3937 10094 3767 2048
internal_count=342725 177121 176890 57749 18454 39295 17940 3909 3482 14031 3937 10094 3767 2048
is_linear=0
shrinkage=0.04


Tree=93
num_leaves=15
num_cat=0
split_feature=0 3 10 9 3 1 8 3 3 3 10 3 3 0
split_gain=97.7303 816.251 313.347 294.711 232.379 572.396 211.192 235.62 188.25 175.184 157.752 427.593 433.045 341.197
threshold=4.3406181723099255 5.1680700000000011 -4.543379967837418 2.8199456515887181e-05 14.443685500000003 14.051896719924724 0.99971583874926095 59.195152000000007 4.7641320000000009 22.920743000000005 -3.793447912008852 8.5060640000000021 4.4969055000000013 1.0333150788556511
decision_type=2 2 2 2 2 2 2 2 2 2 2 2 2 2
left_child=10 2 -2 -3 5 -5 -6 9 -4 -8 11 12 -1 -13
right_child=1 3 8 4 6 -7 7 -9 -10 -11 -12 13 -14 -15
leaf_value=-0.0045734824507398051 -0.011744682356318408 0.00058924115756919251 -0.00241838777103581 -0.00031986081778284008 -4.902601900011565e-05 -0.028351327846897496 -0.0045532014448290952 -0.017928950126913371 0.0043640247104448481 0.00060168765267398176 0 0.00090861261084799962 0.012023872692051721 2.8639280295663095e-05
leaf_weight=457 1852 25347 256 3815 86030 1304 1025 435 260 1148 183168 1765 2229 34196
leaf_count=457 1852 25347 256 3815 86030 1304 1025 435 260 1148 183168 1765 2229 34196
internal_value=1.10695e-05 -0.000900948 -0.0241554 -0.000438608 -0.00147317 -0.00975972 -0.000994607 -0.0122086 0.00341085 -0.00682927 0.000510516 0.00283282 0.0182278 0.00168293
internal_weight=343287 121472 2368 119104 93757 5119 88638 2608 516 2173 221815 38647 2686 35961
internal_count=343287 121472 2368 119104 93757 5119 88638 2608 516 2173 221815 38647 2686 35961
is_linear=0
shrinkage=0.04


Tree=94
num_leaves=15
num_cat=0
split_feature=8 2 1 3 2 1 3 3 1 1 2 9 9 9
split_gain=70.4476 132.669 226.583 705.032 243.032 184.704 180.154 190.937 755.803 284.116 281.779 334.372 297.888 245.875
threshold=0.12881021108344101 118.07423000000001 25.218919560040604 23.220351000000004 126.64211650000001 38.73765116690732 84.914842000000007 20.350113000000004 20.807761180104947 19.887144575164676 160.06053150000002 0.15909260248236243 0.00044915375200105251 0.64065159450206288
decision_type=2 2 2 2 2 2 2 2 2 2 2 2 2 2
left_child=-1 -2 6 -4 5 -5 7 8 13 10 12 -12 -9 -3
right_child=1 2 3 4 -6 -7 -8 9 -10 -11 11 -13 -14 -15
leaf_value=0 1.2726923669097793e-05 -0.00046626257088768901 -0.014983130574798267 -0.0011203866384386027 4.8704949034685805e-05 -0.00011312974878112572 -0.0015118355967699687 0.097740330354085012 -0.013398354263187071 0.00064540642427813883 -0.0016188284632089889 0.00038658402178628429 -0.00022189533465608285 0.0003016173749827965
leaf_weight=165965 125212 7980 1245 4178 8703 3032 534 258 1365 8961 190 1587 8389 5461
leaf_count=165965 125212 7980 1245 4178 8703 3032 534 258 1365 8961 190 1587 8389 5461
internal_value=8.08022e-05 -0.000474096 -0.00217489 -0.00593542 -0.00366744 -0.00909847 -0.000316775 4.32862e-05 -0.00337701 0.00265566 -0.00183423 0.012673 -0.00481554 -0.000496987
internal_weight=343060 177095 51883 17158 15913 7210 34725 34191 14806 19385 10424 1777 8647 13441
internal_count=343060 177095 51883 17158 15913 7210 34725 34191 14806 19385 10424 1777 8647 13441
is_linear=0
shrinkage=0.04


Tree=95
num_leaves=15
num_cat=0
split_feature=2 10 3 1 8 3 1 3 1 1 3 3 3 2
split_gain=63.8634 370.847 244.975 337.691 238.327 200.237 678.889 388.757 639.579 315.643 288.138 262.715 182.701 180.044
threshold=72.272747000000024 -2.9491497249289176 4.5887665000000011 4.2664724826862681 0.99759381320658225 8.5060640000000021 4.8712346279409156 13.501694000000002 12.889601795149961 3.8231750234049411 5.3348065000000009 9.6082075000000025 4.5887665000000011 78.327019000000021
decision_type=2 2 2 2 2 2 2 2 2 2 2 2 2 2
left_child=1 4 3 -2 -1 6 9 8 11 -4 -8 -7 -6 -9
right_child=2 -3 5 -5 12 7 10 13 -10 -11 -12 -13 -14 -15
leaf_value=-0.0010158585406294341 0.00019241375718996505 0 0 -0.01573925976045756 -0.0059011189439655476 -0.0018636322589217736 -0.014051298514822444 -0.00057801179194155326 -0.015917113589897711 0.0073140788434031927 0.0020108479378663068 0 0.00096637226892276943 0
leaf_weight=1836 567 92883 1482 691 418 2120 660 5350 1965 2685 298 7835 11875 212308
leaf_count=1836 567 92883 1482 691 418 2120 660 5350 1965 2685 298 7835 11875 212308
internal_value=0.000102282 0.000912795 -0.000265298 -0.0178696 0.00695024 -0.000170939 0.00764878 -0.000345503 -0.00737919 0.0146292 -0.022714 -0.00326268 0.00895794 3.96953e-05
internal_weight=342973 107012 235961 1258 14129 234703 5125 229578 11920 4167 958 9955 12293 217658
internal_count=342973 107012 235961 1258 14129 234703 5125 229578 11920 4167 958 9955 12293 217658
is_linear=0
shrinkage=0.04


Tree=96
num_leaves=15
num_cat=0
split_feature=0 3 8 10 3 3 2 8 3 3 2 10 3 1
split_gain=98.3664 1125.74 394.876 442.921 338.417 230.619 217.089 257.783 207.131 181.21 179.301 165.288 297.497 150.604
threshold=13.681874468304992 15.424520000000003 0.99998692563307978 -18.280653653655065 19.999941500000002 50.706936000000006 111.99674250000001 0.95165382558121225 82.021747500000018 16.036479000000003 78.327019000000021 -22.987401438452086 26.364453000000005 14.303818358209645
decision_type=2 2 2 2 2 2 2 2 2 2 2 2 2 2
left_child=-1 -2 5 4 -4 -3 7 -7 -8 13 -6 12 -12 -5
right_child=1 2 3 9 10 6 8 -9 -10 -11 11 -13 -14 -15
leaf_value=0 -0.025416848653484009 -0.0014431405878738324 -0.056038691844971587 0.011187783230182742 -0.0019105578085490955 0.0030289147764804313 0.00012550293736606044 -0.0405485522208206 -0.0077956142460591637 0.0064816853517492314 -0.07603977146955615 0.0041991218689838104 0.0032915628673909104 -0.014539796277770096
leaf_weight=314142 1748 12601 378 89 423 2989 2860 162 669 2978 331 1751 1033 172
leaf_count=314142 1748 12601 378 89 423 2989 2860 162 669 2978 331 1751 1033 172
internal_value=0.000171766 -0.00209197 -3.63141e-05 0.00798882 -0.00106231 -0.00301437 0.00299401 0.0106252 -0.00381978 0.0189318 0.00278123 0.00609952 -0.00434018 -0.0130268
internal_weight=342326 28184 26436 7155 3916 19281 6680 3151 3529 3239 3538 3115 1364 261
internal_count=342326 28184 26436 7155 3916 19281 6680 3151 3529 3239 3538 3115 1364 261
is_linear=0
shrinkage=0.04


Tree=97
num_leaves=15
num_cat=0
split_feature=0 3 2 1 3 2 9 9 3 1 9 2 0 2
split_gain=81.8547 393.633 229.247 109.603 169.089 92.6604 177.022 82.4583 76.8058 97.5657 73.6491 93.8213 60.5425 54.9356
threshold=19.947110706043429 23.008239500000002 124.974327 21.801701731265744 24.999894000000001 110.56499450000001 0.1256221067482067 0.022403597603874507 48.67758400000001 40.440527596224165 5.4112943228490369e-05 88.975906500000022 21.503926994636 90.941341500000007
decision_type=2 2 2 2 2 2 2 2 2 2 2 2 2 2
left_child=-1 -2 3 10 -5 13 8 -4 -7 -10 11 -3 -8 -6
right_child=1 2 7 4 5 6 12 -9 9 -11 -12 -13 -14 -15
leaf_value=0 -0.055523142143938053 -0.0001526605759170241 0.023471630795044086 -0.035358763444603945 -0.0027217376183796128 -0.0023997818417172234 -0.0012933467707806989 -0.0097161801580136313 0.0040012830545271445 -0.003757070402608146 -0.00030305169072440295 0.042770063555624384 -0.0082449262264398335 0.0018147648963107493
leaf_weight=332938 695 190 118 298 169 1445 386 503 631 344 337 390 878 3596
leaf_count=332938 695 190 118 298 169 1445 386 503 631 344 337 390 878 3596
internal_value=0.000202731 -0.00336673 -0.00119332 0.000489381 -0.00105847 0.000123507 -0.00438654 -0.0246699 0.00195041 0.0106256 0.013566 0.0222069 -0.016519 0.00453652
internal_weight=342918 9980 9285 8664 7747 7449 3684 621 2420 975 917 580 1264 3765
internal_count=342918 9980 9285 8664 7747 7449 3684 621 2420 975 917 580 1264 3765
is_linear=0
shrinkage=0.04


Tree=98
num_leaves=15
num_cat=0
split_feature=0 3 2 1 3 8 2 8 3 2 1 2 2 2
split_gain=77.2335 327.825 209.875 105.081 151.436 144.595 102.327 138.616 120.835 106.925 104.173 70.3379 69.3274 65.5642
threshold=19.947110706043429 23.397099500000007 124.53378300000001 22.973784266236027 26.199438500000003 0.99998521060536416 108.47869900000002 0.91478576942224488 52.014283500000012 115.95788950000001 40.440527596224165 99.089348000000015 89.917945500000016 113.4184115
decision_type=2 2 2 2 2 2 2 2 2 2 2 2 2 2
left_child=-1 -2 3 5 -5 11 -6 9 -9 -8 -10 -3 -7 -13
right_child=1 2 -4 4 6 12 7 8 10 -11 -12 13 -14 -15
leaf_value=0 -0.0522668448899829 -0.0033255346251800733 -0.0076837333672144098 -0.032540523867972446 0.0020835366638297585 1.5655798531200028e-05 -0.0024197852276921831 -0.0035398855598022306 0.0046014867462254696 -0.01325394626195193 0.00021425710742935472 0.0037003998627905088 0.020713104405493558 -0.0029620710919310979
leaf_weight=333140 769 119 698 284 2638 196 1452 989 428 696 390 242 644 364
leaf_count=333140 769 119 698 284 2638 196 1452 989 428 696 390 242 644 364
internal_value=0.000214313 -0.00326572 -0.00115536 0.000587538 -0.00154137 0.00994249 -0.000309419 -0.00437927 0.00378528 -0.0112477 0.0151589 -0.00314483 0.0212381 0.00237624
internal_weight=343049 9909 9140 8442 6877 1565 6593 3955 1807 2148 818 725 840 606
internal_count=343049 9909 9140 8442 6877 1565 6593 3955 1807 2148 818 725 840 606
is_linear=0
shrinkage=0.04


Tree=99
num_leaves=15
num_cat=0
split_feature=0 3 8 3 8 1 3 3 8 8 8 0 3 1
split_gain=83.1945 317.768 239.575 105.875 134.687 90.7335 81.1123 79.3919 70.5371 72.2228 52.9844 272.673 404.991 220.016
threshold=22.157383038141173 25.557191500000005 0.79228639921131061 49.237960000000008 0.9998863420796702 23.827455338960782 55.000602500000007 30.000174500000004 0.96862133038576337 0.96043395231176754 0.99998521060536416 3.8692912526872214 4.4969055000000013 4.3450507291278671
decision_type=2 2 2 2 2 2 2 2 2 2 2 2 2 2
left_child=10 -2 6 4 8 -6 -3 -7 9 -4 -1 -12 -13 -14
right_child=1 2 3 -5 5 7 -8 -9 -10 -11 11 12 13 -15
leaf_value=0 -0.04121725418619248 -0.0018546054966354815 -0.012445154226035393 0.0021932370058307311 0.031434477527566305 -0.010755946536554957 -0.015610486322296828 0.0044061321332953107 -0.02682851985312322 0.0073827746768087036 -3.0063077686833803e-05 -0.008566335714943878 0.0050625663284358481 0.00041593813891083978
leaf_weight=279550 643 415 930 2600 224 258 301 731 408 315 28708 633 2303 24662
leaf_count=279550 643 415 930 2600 224 258 301 731 408 315 28708 633 2303 24662
internal_value=0.000216761 -0.00415531 -0.00137172 0.00147823 -0.00382415 0.00629843 -0.0231285 0.00109201 -0.0112523 -0.00652209 0.000305607 0.00142507 0.00426408 0.00500649
internal_weight=342681 6825 6182 5466 2866 1213 716 989 1653 1245 335856 56306 27598 26965
internal_count=342681 6825 6182 5466 2866 1213 716 989 1653 1245 335856 56306 27598 26965
is_linear=0
shrinkage=0.04


Tree=100
num_leaves=15
num_cat=0
split_feature=10 3 9 0 10 3 10 3 3 0 2 8 0 2
split_gain=60.1847 621.623 148.327 134.227 147.493 125.147 92.1052 287.851 174.885 160.177 103.108 82.2899 186.853 113.546
threshold=-30.738806583826221 33.09091200000001 0.80582128194969327 3.7892465440161893 -36.832793194053686 27.502435000000002 -41.551702833506916 37.257975500000008 43.972501500000007 3.9723698290240765 139.34568050000004 0.80300177905484749 22.806262218328637 116.56260300000001
decision_type=2 2 2 2 2 2 2 2 2 2 2 2 2 2
left_child=1 3 11 4 -1 -6 7 -4 9 -8 -11 12 -3 -13
right_child=-2 2 6 -5 5 -7 8 -9 -10 10 -12 13 -14 -15
leaf_value=-0.010306115975438419 0 -0.00022127485908646994 -0.0090294403859127719 -0.0092988888828943912 -0.00082524645494593929 0.00031770022265511318 0.0075072983688485194 6.0509730940477015e-05 3.989271376526778e-05 -6.876443329379978e-06 0.001373995704805654 0.0018993835786956159 -0.011469858369435286 -0.024839987378877378
leaf_weight=263 316432 8579 301 1340 667 446 741 6134 3539 861 543 2426 506 207
leaf_count=263 316432 8579 301 1340 667 446 741 6134 3539 861 543 2426 506 207
internal_value=0.000254938 -0.00157421 0.000491673 -0.0197054 -0.0109302 -0.00456424 0.00359436 0.000317016 0.00730471 0.016317 0.00837607 -0.00271719 -0.00452174 0.0035093
internal_weight=342985 26553 23837 2716 1376 1113 12119 6435 5684 2145 1404 11718 9085 2633
internal_count=342985 26553 23837 2716 1376 1113 12119 6435 5684 2145 1404 11718 9085 2633
is_linear=0
shrinkage=0.04


Tree=101
num_leaves=15
num_cat=0
split_feature=1 3 0 3 1 0 1 3 9 0 2 9 0 2
split_gain=60.6505 416.835 156.655 94.2528 510.543 195.124 150.996 169.695 122.555 93.5606 95.129 92.8667 168.078 122.683
threshold=28.933081994893456 25.392528000000002 2.9911473202078769 35.707007000000011 37.562182202087783 2.8208528769654415 30.948583065739339 27.657798500000002 0.79782714103868557 2.3237842767031145 143.59659550000001 0.19331963144668082 22.806262218328637 107.12474050000002
decision_type=2 2 2 2 2 2 2 2 2 2 2 2 2 2
left_child=-1 2 -2 4 5 -3 -7 -8 11 -10 -11 -5 -13 -14
right_child=1 3 -4 8 -6 6 7 -9 9 10 -12 12 13 -15
leaf_value=0 -5.4931264817060187e-05 0.0013789929868665925 -0.0085431798639273374 0.0014021136925726904 -0.0063871529801093323 0.00068164797295509178 -0.0061640058664387048 -0.00040057186457205285 0.0074852829878102843 6.6575021705383048e-05 0.001598896272835326 -0.0001713206292296056 0.0012258858176478571 -0.012563798744427507
leaf_weight=311696 706 627 1003 2674 1175 1463 314 1388 192 11569 269 9570 173 494
leaf_count=311696 706 627 1003 2674 1175 1463 314 1388 192 11569 269 9570 173 494
internal_value=0.000215663 -0.00145365 -0.0206671 -0.000355758 -0.00538756 0.00175105 -0.00228752 -0.0103878 0.000646325 0.00355112 0.00310188 -0.00206026 -0.00379408 -0.0232084
internal_weight=343313 31617 1709 29908 4967 3792 3165 1702 24941 12030 11838 12911 10237 667
internal_count=343313 31617 1709 29908 4967 3792 3165 1702 24941 12030 11838 12911 10237 667
is_linear=0
shrinkage=0.04


Tree=102
num_leaves=15
num_cat=0
split_feature=0 3 9 3 1 2 2 9 3 2 3 8 8 0
split_gain=57.3102 1030.53 396.22 214.621 533.941 201.429 226.447 315.358 420.452 226.337 234.74 318.87 171.182 168.326
threshold=4.5654394475999762 5.253384500000001 1.3135846804734898e-05 14.443685500000003 14.173702941050495 172.46087600000001 118.07423000000001 0.01478122346195221 59.195152000000007 69.729496000000012 27.502435000000002 0.99981838517043264 0.99955836586991387 7.1739984604923341
decision_type=2 2 2 2 2 2 2 2 2 2 2 2 2 2
left_child=-1 -2 -3 4 -4 6 7 8 9 -5 11 12 -11 -8
right_child=1 2 3 5 -6 -7 13 -9 -10 10 -12 -13 -14 -15
leaf_value=0 -0.014152881284001988 0.00071774577847995129 -0.00032735603680133536 0.0010660941159087035 -0.029273059813377016 0.00046881491335541508 -1.8636411175886049e-05 0.00014525464241844756 -0.0085747270646449446 -2.5158043615076674e-05 -0.0037991646053254753 -0.0055894885662961906 0.0043127319547824564 -0.00065424612224036392
leaf_weight=226385 1481 23758 3703 1162 1174 1747 15116 43299 1030 1553 1050 927 550 19860
leaf_count=226385 1481 23758 3703 1162 1174 1747 15116 43299 1030 1553 1050 927 550 19860
internal_value=0.000249128 -0.000472124 -4.48973e-05 -0.00124382 -0.00940742 -0.000782441 -0.00106024 0.000678623 -0.00770408 -0.00311332 -0.00754902 -0.00190099 0.00671422 -0.0035247
internal_weight=342795 116410 114929 91171 4877 86294 84547 49571 6272 5242 4080 3030 2103 34976
internal_count=342795 116410 114929 91171 4877 86294 84547 49571 6272 5242 4080 3030 2103 34976
is_linear=0
shrinkage=0.04


Tree=103
num_leaves=15
num_cat=0
split_feature=0 3 1 3 0 8 8 1 9 2 1 3 2 2
split_gain=69.611 1003.74 481.887 443.191 190.202 192.173 176.461 167.842 142.656 151.111 128.43 388.52 131.452 170.127
threshold=13.744310875640451 15.933619000000002 16.421309726335469 19.160251500000005 13.681874468304992 0.99861961057855353 0.96397499158831701 17.123861815247349 0.17151720864321165 151.91541300000003 21.426274530838629 24.536111500000004 81.41186500000002 76.262569500000026
decision_type=2 2 2 2 2 2 2 2 2 2 2 2 2 2
left_child=4 -2 6 7 -1 -6 -3 -4 9 10 12 -12 13 -5
right_child=1 2 3 8 5 -7 -8 -9 -10 -11 11 -13 -14 -15
leaf_value=0 -0.030900403010460917 -0.00090130919973624543 0.0027621632605685708 0.0044559411900358869 -0.000486534040106361 0.0005117972288713414 0.0068527097298334604 -0.05099805208348563 -0.00097845361362102184 -0.0036498310592511839 -0.052969622609657263 0.00035603928685622231 0.0013908830033353909 -0.0017109675323209996
leaf_weight=314856 1546 535 169 127 247 512 2430 698 7994 163 583 6159 6300 760
leaf_count=314856 1546 535 169 127 247 512 2430 698 7994 163 583 6159 6300 760
internal_value=0.000227469 -0.00170405 0.000163593 -0.00179672 0.000395545 0.0203953 0.015339 -0.0298501 -0.000695463 0.0017258 0.00217388 -0.00179175 0.00589398 -0.00852311
internal_weight=343079 27464 25918 22953 315615 759 2965 867 22086 14092 13929 6742 7187 887
internal_count=343079 27464 25918 22953 315615 759 2965 867 22086 14092 13929 6742 7187 887
is_linear=0
shrinkage=0.04


Tree=104
num_leaves=15
num_cat=0
split_feature=0 3 1 3 0 3 1 9 9 9 3 0 2 3
split_gain=59.1686 967.679 292.532 459.837 196.805 183.517 235.544 217.8 176.339 138.226 219.058 210.229 168.723 184.928
threshold=13.744310875640451 15.210864000000003 16.562221593876775 19.160251500000005 13.681874468304992 16.036479000000003 14.303818358209645 0.036722035855222608 0.0026706569483077596 2.8199456515887181e-05 50.706936000000006 18.205840942635025 111.99674250000001 82.021747500000018
decision_type=2 2 2 2 2 2 2 2 2 2 2 2 2 2
left_child=4 -2 5 -4 -1 6 -3 -7 -6 11 -11 -5 -12 -14
right_child=1 2 3 9 8 7 -8 -9 -10 10 12 -13 13 -15
leaf_value=0 -0.037874212944232356 0.010429662772356709 -0.042479844625861206 0.0087227209221080269 0.00049132533971648783 0.0069335698563121649 -0.014211027582794499 -0.00094064108921065599 -0.00036185040762918397 -0.0013335022088160709 0.0023007256290782734 0.00026517247619999089 0.00025150124483657165 -0.0064936790536040227
leaf_weight=314791 1200 121 820 691 504 2543 296 639 253 10715 3016 3898 2861 688
leaf_count=314791 1200 121 820 691 504 2543 296 639 253 10715 3016 3898 2861 688
internal_value=0.000240325 -0.00153958 6.39075e-05 -0.00161664 0.000395376 0.0106585 -0.0142926 0.0139283 0.0207662 -0.00051397 -0.00215278 0.00565701 0.00360091 -0.00231051
internal_weight=343036 27488 26288 22689 315548 3599 417 3182 757 21869 17280 4589 6565 3549
internal_count=343036 27488 26288 22689 315548 3599 417 3182 757 21869 17280 4589 6565 3549
is_linear=0
shrinkage=0.04


Tree=105
num_leaves=15
num_cat=0
split_feature=0 3 8 2 1 3 1 3 2 8 3 2 0 0
split_gain=57.357 318.593 202.796 106.304 66.9095 125.157 68.45 78.9145 61.3534 83.5515 82.2717 69.0136 63.7393 67.3097
threshold=22.157383038141173 24.999894000000001 0.79228639921131061 103.41856350000002 23.448687281635667 30.966135500000004 26.752743361741974 27.186959500000004 124.974327 0.97844748313320873 49.237960000000008 118.64749900000002 29.309810423901549 24.629032041342931
decision_type=2 2 2 2 2 2 2 2 2 2 2 2 2 2
left_child=-1 -2 3 -3 -4 6 7 -6 10 -10 11 12 13 -7
right_child=1 2 4 -5 5 8 -8 -9 9 -11 -12 -13 -14 -15
leaf_value=0 -0.06906505556017066 -4.0014610163935646e-05 0.0016378209728497909 -0.010614245189645937 -0.022834571826289514 -0.0068371085804926849 -0.087352557257482852 0.0066061740392931913 -0.009871235063389508 0.09279680240872995 0.0025191443560250082 -0.016429437858478738 -0.0041018327519642805 0.012232384939008236
leaf_weight=335843 424 250 384 474 165 253 220 194 113 31 2480 190 883 738
leaf_count=335843 424 250 384 474 165 253 220 194 113 31 2480 190 883 738
internal_value=0.000230912 -0.00340638 -0.00117333 -0.021105 0.00138029 0.00020505 -0.0173402 -0.00657382 0.00237201 -0.0233333 0.00318662 -0.00271318 -0.000384205 0.00657921
internal_weight=342642 6799 6375 724 5651 5267 579 359 4688 144 4544 2064 1874 991
internal_count=342642 6799 6375 724 5651 5267 579 359 4688 144 4544 2064 1874 991
is_linear=0
shrinkage=0.04


Tree=106
num_leaves=15
num_cat=0
split_feature=0 3 9 3 1 10 3 0 3 0 3 0 3 3
split_gain=53.5157 960.668 333.437 218.049 492.549 248.242 197.4 189.599 165.396 554.937 171.682 302.843 150.898 290.282
threshold=4.7787803545445797 5.3348065000000009 2.8199456515887181e-05 14.443685500000003 14.303818358209645 -6.0030879251123697 9.9502920000000028 10.803173397774064 13.605081 12.225180629141231 9.9502920000000028 8.6608264000998165 17.001305500000004 23.784053000000004
decision_type=2 2 2 2 2 2 2 2 2 2 2 2 2 2
left_child=-1 -2 8 4 6 12 -4 -8 9 10 11 -3 -5 -14
right_child=1 2 3 5 -6 -7 7 -9 -10 -11 -12 -13 13 -15
leaf_value=0 -0.016599694445209662 0.0021125768230770632 -0.0057416533682268659 0.00079786231378657473 -0.029709495619642735 -0.0014855698868513117 0.0007235407099980076 -0.011010688417725336 0.00080646256879888135 -0.021038726159681945 0.0024528325575332317 -0.041344213701672315 -0.00088319426517156788 1.3752942250143397e-05
leaf_weight=230621 1043 817 719 5461 1078 1333 2295 510 19645 724 1941 408 14618 62057
leaf_count=230621 1043 817 719 5461 1078 1333 2295 510 19645 724 1941 408 14618 62057
internal_value=0.000229207 -0.000485402 -0.000128309 -0.00125853 -0.0097349 -0.000791192 -0.00249716 0.0022959 0.00410113 -0.00343445 0.00379027 -0.00793469 -0.000513295 -0.000970851
internal_weight=343270 112649 111606 88071 4602 83469 3524 2805 23535 3890 3166 1225 82136 76675
internal_count=343270 112649 111606 88071 4602 83469 3524 2805 23535 3890 3166 1225 82136 76675
is_linear=0
shrinkage=0.04


Tree=107
num_leaves=15
num_cat=0
split_feature=0 3 2 10 3 10 3 1 8 10 8 2 2 3
split_gain=60.6623 943.631 352.649 221.691 326.33 221.677 422.542 379.89 306.734 207.461 334.924 195.241 292.945 201.043
threshold=4.7787803545445797 5.3348065000000009 65.513161000000011 -6.8316167346154817 9.6082075000000025 -9.2963432891489983 13.392312500000001 11.944900799190998 0.99999995294695732 -11.607865166271841 0.77556011447275519 118.07423000000001 148.97148900000005 15.424520000000003
decision_type=2 2 2 2 2 2 2 2 2 2 2 2 2 2
left_child=-1 -2 -3 4 -4 6 7 -6 9 11 -11 -8 -13 -14
right_child=1 2 3 -5 5 -7 8 -9 -10 10 -12 12 13 -15
leaf_value=0 -0.015991650067285656 0.001516939682308135 -0.02026379727731794 -0.00059005107159471721 0.00036633017037279367 0.00058775469609312792 0.00012746965172447263 -0.019187411180480771 0.0013438590270480589 -0.0012329007194625539 -0.00031351207886248832 -0.00035426811497419995 -0.00060606665007783102 0.00034713098828179745
leaf_weight=230552 1055 2385 963 4632 1124 8660 38889 1564 13555 1323 3499 29180 1032 4747
leaf_count=230552 1055 2385 963 4632 1124 8660 38889 1564 13555 1323 3499 29180 1032 4747
internal_value=0.000233127 -0.000527849 -0.000171757 -0.000504177 -0.000124742 9.07572e-05 -0.000468218 -0.0161012 -1.25779e-05 -0.000970128 -0.00900871 -0.000445239 -0.00261449 0.00561343
internal_weight=343160 112608 111553 109168 104536 103573 94913 2688 92225 78670 4822 73848 34959 5779
internal_count=343160 112608 111553 109168 104536 103573 94913 2688 92225 78670 4822 73848 34959 5779
is_linear=0
shrinkage=0.04


Tree=108
num_leaves=15
num_cat=0
split_feature=0 3 8 3 1 3 3 1 3 1 1 3 10 8
split_gain=57.4678 654.758 290.595 193.011 135.496 808.812 245.742 342.65 282.477 303.259 175.379 406.041 185.714 156.487
threshold=12.106474723415886 13.605081 0.85580150777101072 22.728307500000003 14.434608462560606 15.933619000000002 17.358944500000003 13.226747329532639 15.000700000000002 13.351617123179937 16.562221593876775 19.160251500000005 -17.258603651873553 0.96397499158831701
decision_type=2 2 2 2 2 2 2 2 2 2 2 2 2 2
left_child=-1 -2 3 -3 6 -6 8 -8 9 -4 13 12 -12 -7
right_child=1 2 4 -5 5 10 7 -9 -10 -11 11 -13 -14 -15
leaf_value=0 -0.027319361555839392 -0.012880382608087434 0.0060877559557512327 -0.00056458302971196196 -0.032543522113911989 -7.8433507413672304e-05 -0.00206124780796398 0.0029202036584475163 0.028282772638607411 -5.5336121458052573e-05 -0.046722406411723566 0.0004327346935720186 0.0028486044749179056 0.0059902348310115075
leaf_weight=304657 975 1115 696 12200 789 1253 1300 1200 1752 1009 586 13174 166 1938
leaf_count=304657 975 1115 696 12200 789 1253 1300 1200 1752 1009 586 13174 166 1938
internal_value=0.000221114 -0.00124237 -0.000393781 -0.00512805 0.00224783 0.000509326 0.00747356 -0.00208 0.0143824 0.00279179 0.00233452 0.000396381 -0.0281915 0.0107929
internal_weight=342810 38153 37178 13315 23863 17906 5957 2500 3457 1705 17117 13926 752 3191
internal_count=342810 38153 37178 13315 23863 17906 5957 2500 3457 1705 17117 13926 752 3191
is_linear=0
shrinkage=0.04


Tree=109
num_leaves=15
num_cat=0
split_feature=0 3 9 10 1 3 10 9 3 1 0 3 3 1
split_gain=62.0648 997.296 185.732 194.831 286.412 266.7 608.559 342.18 268.505 256.435 248.746 223.722 207.67 446.649
threshold=4.5654394475999762 4.9999920000000015 2.8199456515887181e-05 -7.0441532188186589 9.3101807614576639 25.392528000000002 -25.14029956958937 0.033254420164034022 23.784053000000004 10.71891700252513 8.0423175646477745 38.383456500000001 14.755712500000003 14.173702941050495
decision_type=2 2 2 2 2 2 2 2 2 2 2 2 2 2
left_child=-1 -2 -3 4 -4 6 8 11 -6 10 -9 -7 13 -8
right_child=1 2 3 -5 5 7 12 9 -10 -11 -12 -13 -14 -15
leaf_value=0 -0.015830011010655086 0.00054429609665604341 0.00067307430070168205 -0.00064223404437352069 -0.018464660636933944 -0.0007029763661578006 -0.00019985780442161066 -0.0012481471569140551 -0.00087040281392056348 8.8799242011327226e-05 0.0032325851023102883 -0.026313055851881827 -8.3079393079691432e-05 -0.025032227202398664
leaf_weight=226087 1087 24611 5161 4271 1263 1204 2780 858 1332 51274 499 807 20108 1354
leaf_count=226087 1087 24611 5161 4271 1263 1204 2780 858 1332 51274 499 807 20108 1354
internal_value=0.000209282 -0.000540267 -0.000181437 -0.00101594 -0.000604801 -0.00118362 -0.00444908 0.00042019 -0.0228593 0.00103893 -0.0161238 -0.0157732 -0.00247834 -0.0106434
internal_weight=342696 116609 115522 90911 86640 81479 26837 54642 2595 52631 1357 2011 24242 4134
internal_count=342696 116609 115522 90911 86640 81479 26837 54642 2595 52631 1357 2011 24242 4134
is_linear=0
shrinkage=0.04


Tree=110
num_leaves=15
num_cat=0
split_feature=0 3 2 10 3 1 3 1 8 10 10 8 2 2
split_gain=67.2861 926.295 328.21 251.978 294.021 265.237 340.615 363.62 253.073 211.646 205.846 327.81 215.873 265.597
threshold=4.7787803545445797 5.253384500000001 65.513161000000011 -7.0441532188186589 9.6082075000000025 9.3101807614576639 13.392312500000001 13.485537010899522 0.99999995294695732 -8.4499318986820509 -11.607865166271841 0.77556011447275519 118.07423000000001 148.97148900000005
decision_type=2 2 2 2 2 2 2 2 2 2 2 2 2 2
left_child=-1 -2 -3 4 9 -6 7 -7 10 -4 12 -12 -8 -14
right_child=1 2 3 -5 5 6 8 -9 -10 -11 11 -13 13 -15
leaf_value=0 -0.01592087505762186 0.0014493682390928028 -0.028066336921648023 -0.00066788164808855184 0.0006658702256190169 -0.00083221389328186986 0.00013397705789877125 -0.037092516649326897 0.0012071904729470484 0.001853904760098506 -0.0012761705997654128 -0.00034104655698671593 -0.00034927509750646955 0.00018488292376393572
leaf_weight=230362 979 2366 685 5554 7958 1788 38672 908 13513 267 1335 3444 29163 5804
leaf_count=230362 979 2366 685 5554 7958 1788 38672 908 13513 267 1335 3444 29163 5804
internal_value=0.000194517 -0.000607635 -0.000267368 -0.000587033 -0.000141785 6.35571e-05 -0.000526277 -0.0145401 -0.000115304 -0.0222689 -0.000986508 -0.00903118 -0.000464428 -0.00274201
internal_weight=342798 112436 111457 109091 103537 102585 94627 2696 91931 952 78418 4779 73639 34967
internal_count=342798 112436 111457 109091 103537 102585 94627 2696 91931 952 78418 4779 73639 34967
is_linear=0
shrinkage=0.04


Tree=111
num_leaves=15
num_cat=0
split_feature=0 3 8 3 2 3 10 0 3 8 2 2 0 3
split_gain=77.5456 575.631 195.782 179.061 129.39 130.37 705.848 202.462 419.408 164.334 253.256 261.567 157.437 329.137
threshold=12.106474723415886 13.605081 0.85580150777101072 22.728307500000003 68.725891500000003 15.210864000000003 -13.821833336752151 18.205840942635025 19.999941500000002 0.99998692563307978 90.941341500000007 80.744377000000014 14.067486572926169 16.365441500000006
decision_type=2 2 2 2 2 2 2 2 2 2 2 2 2 2
left_child=-1 -2 3 -3 -4 6 -6 9 -9 -7 11 -11 -12 -14
right_child=1 2 4 -5 5 7 -8 8 -10 10 12 -13 13 -15
leaf_value=0 -0.025477984054964882 -0.013245130893294106 -0.0020875927779413399 -0.00051336826911813657 -0.02700503215111754 0.00043463799614248933 0.0013320691208734371 -0.047543716208056939 8.518883058129146e-05 0.0060957986894058574 0.059538309354749734 -0.0011722738955060282 -0.0084602460794963481 0.015728914872471186
leaf_weight=305098 964 1108 176 12275 894 5942 1479 517 9850 721 821 1748 325 1421
leaf_count=305098 964 1108 176 12275 894 5942 1479 517 9850 721 821 1748 325 1421
internal_value=0.000182327 -0.00151565 -0.000726453 -0.00459987 0.00144304 0.0016966 -0.00719764 0.00268541 -0.00132343 0.00647112 0.0117871 0.00264075 0.0205843 0.0137915
internal_weight=343339 38241 37277 13383 23894 23718 2373 21345 10367 10978 5036 2469 2567 1746
internal_count=343339 38241 37277 13383 23894 23718 2373 21345 10367 10978 5036 2469 2567 1746
is_linear=0
shrinkage=0.04


Tree=112
num_leaves=15
num_cat=0
split_feature=0 3 8 3 1 3 3 0 8 2 2 1 3 2
split_gain=78.4878 860.309 173.971 201.816 195.469 350.805 337.062 198.901 185.459 204.264 174.719 186.533 259.939 172.159
threshold=13.681874468304992 14.966644000000001 0.99998692563307978 50.706936000000006 18.027603101992351 16.141809500000004 20.350113000000004 14.45321212535662 0.95165382558121225 111.99674250000001 78.327019000000021 23.213055300481862 26.199438500000003 109.83274100000001
decision_type=2 2 2 2 2 2 2 2 2 2 2 2 2 2
left_child=-1 -2 3 -3 5 7 -6 13 9 -5 -8 -12 -13 -4
right_child=1 2 4 8 6 -7 10 -9 -10 -11 11 12 -14 -15
leaf_value=0 -0.034947802990619885 -0.0012526451129023777 -0.0001764649042187917 0.0026308964188675953 -0.023411049535119074 0.0067298682455282912 -0.0018299249976602935 -0.01675405384398666 -0.036876156583793007 -0.00033186757782449286 0.0046007296228383196 -0.068765745404705522 0.002544649687333984 0.0004620256482283843
leaf_weight=314475 1107 12640 433 3002 641 2650 466 297 180 3529 1791 294 1017 177
leaf_count=314475 1107 12640 433 3002 641 2650 466 297 180 3529 1791 294 1017 177
internal_value=0.000198075 -0.00182256 -0.00041155 -0.00244122 0.00464589 0.0115491 -0.00118793 -0.00992282 0.00316495 0.00426887 0.00360987 0.00704062 -0.0044241 0.00314754
internal_weight=342699 28224 27117 19351 7766 3557 4209 907 6711 6531 3568 3102 1311 610
internal_count=342699 28224 27117 19351 7766 3557 4209 907 6711 6531 3568 3102 1311 610
is_linear=0
shrinkage=0.04


Tree=113
num_leaves=15
num_cat=0
split_feature=9 5 3 1 3 1 10 3 3 1 3 10 8 2
split_gain=55.1626 148.898 120.003 512.573 179.433 643.162 967.339 333.121 316.119 448.479 240.893 172.508 129.85 126.809
threshold=0.8682508928002749 1.0000000180025095e-35 4.4969055000000013 4.0939456000091701 8.5060640000000021 4.8712346279409156 -3.6133330487319952 5.5032950000000005 4.933443500000001 4.5133864467965692 9.6082075000000025 -9.4911130820383587 0.99898949405676629 157.08097850000004
decision_type=2 2 2 2 2 2 2 2 2 2 2 2 2 2
left_child=1 -1 3 -3 5 6 8 -7 9 -4 11 -6 -8 -12
right_child=-2 2 4 -5 10 7 12 -9 -10 -11 13 -13 -14 -15
leaf_value=-0.1168625296665079 0 4.7002986628573188e-05 0.00395676192469562 -0.013567720249655222 -0.041022014710424409 -0.011056529116144617 0.0003261992677525262 0.0038466918596186438 0.011603648516137091 -0.0050142275640429048 -3.2168357301362441e-05 -0.00041940173959822995 -5.2123462811056916e-06 0.00023472489358694712
leaf_weight=251 166777 2240 809 835 419 1036 145 243 2901 404 145583 2404 11824 7169
leaf_count=251 166777 2240 809 835 419 1036 145 243 2901 404 145583 2404 11824 7169
internal_value=0.000204058 -0.00028934 -0.000245438 -0.00807805 -0.000106166 0.00375072 0.00592178 -0.0235496 0.0226544 0.00550701 -0.00053659 -0.0121148 0.00017044 -0.000322614
internal_weight=343040 176263 176012 3075 172937 17362 16083 1279 4114 1213 155575 2823 11969 152752
internal_count=343040 176263 176012 3075 172937 17362 16083 1279 4114 1213 155575 2823 11969 152752
is_linear=0
shrinkage=0.04


Tree=114
num_leaves=15
num_cat=0
split_feature=8 2 3 2 9 1 2 5 3 1 1 3 1 3
split_gain=69.5374 129.031 213.559 189.925 127.986 148.923 144.495 113.855 103.12 113.942 97.1374 96.7579 152.517 99.8657
threshold=0.42974777795026547 118.64749900000002 82.021747500000018 171.70274350000003 0.0045625554832575696 3.8231750234049411 136.00777450000001 1.0000000180025095e-35 15.424520000000003 14.572576631707635 1.5620920116627821 10.350744000000001 9.0321866857601609 5.0884825000000005
decision_type=2 2 2 2 2 2 2 2 2 2 2 2 2 2
left_child=-1 7 3 4 5 6 -3 10 9 -5 -2 12 13 -7
right_child=1 2 -4 8 -6 11 -8 -9 -10 -11 -12 -13 -14 -15
leaf_value=0 0.023013406035364233 0.00014893970104177742 -0.0050775816971230722 0.00052299738225967116 -0.00088860428377262517 -0.0033861886577977911 -0.00085508725595851429 1.0903811104909694e-06 0.00041244065267320745 -0.035027968387297707 -0.13749345914633193 0.0016717979370839322 -0.032035867080179727 0.013201859132358973
leaf_weight=216840 28 217 445 579 12692 178 302 106887 1344 169 183 2314 184 248
leaf_count=216840 28 217 445 579 12692 178 302 106887 1344 169 183 2314 184 248
internal_value=0.000183416 -0.000564841 -0.00363325 -0.00296483 -0.00443508 0.00240488 -0.017341 -2.98792e-05 0.00837476 -0.00352941 -0.0293839 0.00590971 -0.0082623 0.00488263
internal_weight=342610 125770 18672 18227 16135 3443 519 107098 2092 748 211 2924 610 426
internal_count=342610 125770 18672 18227 16135 3443 519 107098 2092 748 211 2924 610 426
is_linear=0
shrinkage=0.04


Tree=115
num_leaves=15
num_cat=0
split_feature=8 8 1 3 10 3 3 10 2 0 3 3 8 10
split_gain=69.992 137.252 326.427 295.814 248.814 180.15 139.817 139.037 383.464 363.289 421.789 336.127 325.587 301.819
threshold=0.53729204529171681 0.77556011447275519 9.4427618371894315 30.000174500000004 -10.807320591638222 82.021747500000018 12.822085000000003 -7.7888827627608279 71.317176500000016 4.694276028587721 8.5060640000000021 5.1680700000000011 0.99998521060536416 -2.9491497249289176
decision_type=2 2 2 2 2 2 2 2 2 2 2 2 2 2
left_child=-1 2 3 -2 5 -4 -6 -3 13 10 -10 -11 -12 -9
right_child=1 7 4 -5 6 -7 -8 8 9 11 12 -13 -14 -15
leaf_value=0 2.738733628039291e-05 0.00036221446951195695 -0.00055937846090584953 0.00062321062840465212 0.00028051564055559241 -0.010251229852120233 -0.0014410213991836482 0.00070282148162387258 0.00051783438020506047 -0.014054953373871824 -0.00017927569798698091 -0.00080298497872532406 -0.0011265825010111461 -2.7141184460584505e-05
leaf_weight=227045 1897 44073 12707 749 207 245 674 9984 4824 748 3871 6100 1180 28656
leaf_count=227045 1897 44073 12707 749 207 245 674 9984 4824 748 3871 6100 1180 28656
internal_value=0.000197574 -0.000602165 -0.00398325 0.00888889 -0.00644546 -0.00504632 -0.0270148 -4.1836e-05 -0.00137637 -0.00643664 -0.00152709 -0.0135164 -0.00960602 0.000813665
internal_weight=342960 115915 16479 2646 13833 12952 881 99436 55363 16723 9875 6848 5051 38640
internal_count=342960 115915 16479 2646 13833 12952 881 99436 55363 16723 9875 6848 5051 38640
is_linear=0
shrinkage=0.04


Tree=116
num_leaves=15
num_cat=0
split_feature=9 9 2 2 0 1 2 2 2 0 5 0 10 2
split_gain=68.8328 161.297 113.162 110.014 233.538 189.415 96.5168 101.219 97.5052 91.8414 89.9964 95.0486 87.4378 85.4716
threshold=0.42956006842814798 0.28161557191524555 173.32018300000001 136.00777450000001 6.6319506102246111 9.1716567464115144 82.810337000000018 99.90954600000002 107.12474050000002 22.157383038141173 1.0000000180025095e-35 1.6170317021596397 -14.755308133235371 88.975906500000022
decision_type=2 2 2 2 2 2 2 2 2 2 2 2 2 2
left_child=1 2 3 10 -5 -6 -3 13 12 -10 11 -1 -9 -8
right_child=-2 6 -4 4 5 -7 7 8 9 -11 -12 -13 -14 -15
leaf_value=0.022130298181386981 0 -0.0074500256293014069 0.0015433619617531169 -0.00085556274097814606 0.025183338222125099 -0.00089927718241361338 -0.00017783721481301015 -0.0024870810664285713 -0.00043436085365962883 -0.010320812859079554 1.6291259430958972e-06 -0.13453063227330322 0.00067058755297552458 0.0012517982550060717
leaf_weight=28 229534 267 436 430 307 2092 412 1031 6954 179 100308 157 268 813
leaf_count=28 229534 267 436 430 307 2092 412 1031 6954 179 100308 157 268 813
internal_value=0.000187054 -0.000617864 -0.000151892 -0.000237703 -0.00801697 -0.00315131 -0.00548972 -0.0048338 -0.00639469 -0.00455909 -1.87078e-05 -0.0278919 -0.0164742 0.0059102
internal_weight=343216 113682 103758 103322 2829 2399 9924 9657 8432 7133 100493 185 1299 1225
internal_count=343216 113682 103758 103322 2829 2399 9924 9657 8432 7133 100493 185 1299 1225
is_linear=0
shrinkage=0.04


Tree=117
num_leaves=15
num_cat=0
split_feature=8 8 1 3 1 2 3 1 2 0 3 3 1 1
split_gain=65.7065 136.035 343.951 240.793 225.45 241.048 142.824 136.418 329.903 460.936 397.408 348.35 400.743 389.336
threshold=0.55907586045438873 0.77556011447275519 9.4427618371894315 30.000174500000004 12.232722867704243 99.90954600000002 82.021747500000018 7.1235672940913615 70.460224000000025 4.8204329709321376 8.5060640000000021 5.0000540000000013 4.5133864467965692 3.8231750234049411
decision_type=2 2 2 2 2 2 2 2 2 2 2 2 2 2
left_child=-1 2 3 -2 -4 -6 -7 8 -3 10 11 12 -10 -13
right_child=1 7 4 -5 5 6 -8 -9 9 -11 -12 13 -14 -15
leaf_value=0 7.5765416777767819e-05 1.7086516158045899e-05 -0.00091925812180061826 0.00058880137879146848 0.0022576259678084832 -0.00079296212827580483 -0.010019737473030364 0.00030563744577646711 0.00030959699276388069 -0.0017435782396565214 -0.00049057864519386988 -7.0767577177250474e-05 -0.0018160334138476503 0.016624107573425948
leaf_weight=228642 1749 37556 1589 761 937 9557 220 46345 1999 4751 5526 866 934 1488
leaf_count=228642 1749 37556 1589 761 937 9557 220 46345 1999 4751 5526 866 934 1488
internal_value=0.000203546 -0.000579639 -0.00415581 0.00933865 -0.00690888 -0.0048236 -0.00668099 -4.70517e-05 -0.00143072 -0.00632742 -0.00176454 0.00607528 -0.00312308 0.0175361
internal_weight=342920 114278 14813 2510 12303 10714 9777 99465 53120 15564 10813 5287 2933 2354
internal_count=342920 114278 14813 2510 12303 10714 9777 99465 53120 15564 10813 5287 2933 2354
is_linear=0
shrinkage=0.04


Tree=118
num_leaves=15
num_cat=0
split_feature=8 2 6 3 1 3 1 2 1 3 9 3 2 3
split_gain=61.8425 162.735 132.901 105.52 374.275 102.456 113.99 100.983 272.422 432.862 205.182 158.556 143.978 129.547
threshold=0.16701779601461866 171.70274350000003 1.0000000180025095e-35 4.4202285000000012 3.9889339514128337 14.860255500000003 14.303818358209645 118.36725600000001 26.157499740189301 24.720340000000004 0.59430860145968145 84.914842000000007 120.8764345 55.000602500000007
decision_type=2 2 2 2 2 2 2 2 2 2 2 2 2 2
left_child=-1 2 3 4 -2 6 -3 -5 10 -10 11 -9 -11 -14
right_child=1 5 -4 7 -6 -7 -8 8 9 12 -12 -13 13 -15
leaf_value=0 3.215220088983439e-05 0.00054543223593383279 -0.10089762127296698 1.0973946823647773e-05 -0.012670037160635271 0.00050660933436497092 -0.039521944966744806 -0.00032299088589743565 -0.015895240254584407 -0.0013260517909195139 0.00014217485135700062 -0.0023267034329185312 -0.00062585629099530917 0.00020461334512338281
leaf_weight=176572 1443 432 236 121285 605 2070 148 14714 847 1064 14358 277 5789 3027
leaf_count=176572 1443 432 236 121285 605 2070 148 14714 847 1064 14358 277 5789 3027
internal_value=0.000199728 -0.000353829 -0.000513062 -0.000469742 -0.00949219 0.00947925 -0.00537931 -0.000355228 -0.00209602 -0.00755104 -0.000102218 -0.00337536 -0.00519838 -0.00352087
internal_weight=342867 166295 163645 163409 2048 2650 580 161361 40076 10727 29349 14991 9880 8816
internal_count=342867 166295 163645 163409 2048 2650 580 161361 40076 10727 29349 14991 9880 8816
is_linear=0
shrinkage=0.04


Tree=119
num_leaves=15
num_cat=0
split_feature=8 5 8 10 10 3 3 3 3 10 2 10 3 2
split_gain=66.7599 120.482 105.124 261.471 216.392 169.705 167.294 120.329 110.091 108.848 312.535 263.366 931.754 389.625
threshold=0.53729204529171681 1.0000000180025095e-35 0.76004950755369993 -9.4911130820383587 -10.807320591638222 29.750128500000006 82.021747500000018 12.822085000000003 9.9502920000000028 -7.0441532188186589 137.28321850000003 -4.543379967837418 5.1680700000000011 70.460224000000025
decision_type=2 2 2 2 2 2 2 2 2 2 2 2 2 2
left_child=-1 -2 3 4 6 -5 -3 8 -6 -4 11 12 -11 -14
right_child=1 2 9 5 7 -7 -8 -9 -10 10 -12 -13 13 -15
leaf_value=0 -0.097189789923635209 -0.00046787448890304951 0.00025415692428127246 0.0001557562976734314 -0.019553712650585912 0.00043513258890538298 -0.0082531985656714383 -0.0013316826624896094 0.0012589551112477022 -0.0081390331731565329 -0.00089110545700905582 1.2539683982756883e-05 0.00096526682664238757 -0.0004644362938505964
leaf_weight=227170 223 11904 47452 1690 75 564 226 610 114 2022 360 41341 3379 5991
leaf_count=227170 223 11904 47452 1690 75 564 226 610 114 2022 360 41341 3379 5991
internal_value=0.000198997 -0.00058197 -0.00052537 -0.00362774 -0.00581948 0.0089441 -0.00449134 -0.0259825 0.00190476 -5.68899e-05 -0.00130111 -0.00104754 -0.00643258 -0.00111846
internal_weight=343121 115951 115728 15183 12929 2254 12130 799 189 100545 53093 52733 11392 9370
internal_count=343121 115951 115728 15183 12929 2254 12130 799 189 100545 53093 52733 11392 9370
is_linear=0
shrinkage=0.04


Tree=120
num_leaves=15
num_cat=0
split_feature=0 3 2 1 3 1 8 2 8 1 3 2 8 2
split_gain=61.0432 320.835 117.457 188.585 225.772 94.2331 94.2175 138.346 249.414 114.924 129.993 105.872 93.401 111.646
threshold=18.451911105126147 21.503760000000003 77.566448000000022 20.472063735759544 23.590151000000002 20.981818660279547 0.99994906489814328 115.27312100000002 0.96862133038576337 23.213055300481862 27.502435000000002 89.917945500000016 0.93318650181826424 133.89425650000001
decision_type=2 2 2 2 2 2 2 2 2 2 2 2 2 2
left_child=-1 -2 -3 -4 5 -5 7 8 -6 11 -11 -8 13 -9
right_child=1 2 3 4 6 -7 9 12 -10 10 -12 -13 -14 -15
leaf_value=0 -0.036841274923428792 -0.0030056511043942036 0.0015753415069335696 0.004330952845656085 0.0011660041950011873 -0.048616960899519238 -0.00097393719209650127 -0.0070209619309405313 -0.020672475092392738 -0.025588624833300787 0.0027210699562588204 0.014685384501545098 0.00059257852464596195 0.001653821702445382
leaf_weight=329900 730 288 1409 114 4680 445 138 1680 580 273 967 610 824 248
leaf_count=329900 730 288 1409 114 4680 445 138 1680 580 273 967 610 824 248
internal_value=0.000287442 -0.00240259 -0.000868146 -0.000260695 -0.0020949 -0.0268336 -0.000712 -0.00264603 0.00115589 0.00708249 -0.000387097 0.0194652 -0.00991279 -0.0147303
internal_weight=342886 12986 12256 11968 10559 559 10000 8012 5260 1988 1240 748 2752 1928
internal_count=342886 12986 12256 11968 10559 559 10000 8012 5260 1988 1240 748 2752 1928
is_linear=0
shrinkage=0.04


Tree=121
num_leaves=15
num_cat=0
split_feature=0 9 2 9 2 8 2 8 2 2 1 8 2 8
split_gain=66.6493 146.568 101.88 90.5285 139.456 124.006 83.1551 95.7925 77.7004 60.2349 49.557 59.9003 39.9236 38.6901
threshold=22.157383038141173 0.20381327521349765 103.41856350000002 0.033254420164034022 124.974327 0.99987170057048247 108.47869900000002 0.91478576942224488 116.56260300000001 101.66810250000002 33.506024678127922 0.85580150777101072 121.92923750000001 0.90062300608394685
decision_type=2 2 2 2 2 2 2 2 2 2 2 2 2 2
left_child=-1 3 -3 5 6 -2 -5 8 10 -7 11 -8 -11 -13
right_child=1 2 -4 4 -6 9 7 -9 -10 12 -12 13 -14 -15
leaf_value=0 -0.027182870568742509 -5.3425578551502819e-05 -0.0091260402065162904 0.0054139806910240562 -0.01003205355378067 0.0087494409739658999 -0.0070036131464841335 0.0027134111272199726 -0.018914291148840953 -0.0027111037885470786 -0.0035100051030878365 0.011437123856506574 0.037454262179655688 -0.030329328621824334
leaf_weight=336097 531 269 504 1029 127 292 65 1237 342 1420 503 320 130 19
leaf_count=336097 531 269 504 1029 127 292 65 1237 342 1420 503 320 130 19
internal_value=0.000294209 -0.00362994 -0.0200259 -0.00152286 0.00243822 -0.00760219 0.00392603 -3.21802e-05 -0.00784628 -0.00269273 -0.00171996 0.00871287 -0.00583226 0.0154572
internal_weight=342885 6788 773 6015 3642 2373 3515 2486 1249 1842 907 404 1550 339
internal_count=342885 6788 773 6015 3642 2373 3515 2486 1249 1842 907 404 1550 339
is_linear=0
shrinkage=0.04


Tree=122
num_leaves=15
num_cat=0
split_feature=0 3 8 2 3 2 8 3 8 2 8 2 0 3
split_gain=66.3428 295.654 167.049 89.5094 61.7862 119.906 99.0512 69.1343 75.5199 129.693 57.011 118.969 59.2849 56.2799
threshold=22.157383038141173 24.720340000000004 0.79228639921131061 104.33064650000001 52.014283500000012 124.974327 0.9998863420796702 79.753734000000023 0.91478576942224488 111.11191550000002 0.96862133038576337 118.64749900000002 29.309810423901549 34.999587000000005
decision_type=2 2 2 2 2 2 2 2 2 2 2 2 2 2
left_child=-1 -2 3 -3 6 7 10 8 9 -6 11 12 -4 -14
right_child=1 2 4 -5 5 -7 -8 -9 -10 -11 -12 -13 13 -15
leaf_value=0 -0.065519280942440736 -9.8966437886556578e-05 0.00723431083568816 -0.0095144827827471998 0.0032098767832823283 -0.0082634529442676147 0.0013779151341238997 -0.0028231832199210084 0.0053543771154912091 -0.0070156463731826865 -0.021052769049394526 -0.016467047575305 -0.090225542364033226 -0.00078118078475448278
leaf_weight=336467 377 259 720 456 841 99 1510 532 733 197 470 225 119 235
leaf_count=336467 377 259 720 456 841 99 1510 532 733 197 470 225 119 235
internal_value=0.000252069 -0.0036675 -0.00163852 -0.0198601 0.000654814 0.00552873 -0.00291552 0.00738168 0.0111801 0.00423892 -0.00933861 -0.00501925 0.000521415 -0.0128814
internal_weight=343240 6773 6396 715 5681 2402 3279 2303 1771 1038 1769 1299 1074 354
internal_count=343240 6773 6396 715 5681 2402 3279 2303 1771 1038 1769 1299 1074 354
is_linear=0
shrinkage=0.04


Tree=123
num_leaves=15
num_cat=0
split_feature=0 3 8 3 2 8 8 2 0 3 1 2 3 2
split_gain=65.2331 236.998 204.886 66.8609 100.169 63.0461 57.7854 95.5448 54.7791 48.6727 67.1571 74.0292 47.306 44.3077
threshold=22.806262218328637 24.720340000000004 0.79228639921131061 49.237960000000008 124.974327 0.99987170057048247 0.96862133038576337 118.64749900000002 29.309810423901549 79.753734000000023 29.124353890358154 117.50070950000001 33.710190500000003 101.66810250000002
decision_type=2 2 2 2 2 2 2 2 2 2 2 2 2 2
left_child=-1 -2 -3 5 9 6 7 8 -4 10 -5 -12 -10 -7
right_child=1 2 3 4 -6 13 -8 -9 12 -11 11 -13 -14 -15
leaf_value=0 -0.074866796380301776 -0.0092074177363302302 0.0069449384022606331 0.0075518995944813417 -0.0085793707176380404 0.010484242304683105 -0.023498029832064758 -0.015995742316660233 -0.11093456754877795 -0.0026203975156970749 0.002410968228369937 -0.060816981318089373 -0.0029352018825938549 -0.00014352683295382128
leaf_weight=336875 289 445 660 373 90 240 408 181 89 525 1404 61 243 1081
leaf_count=336875 289 445 660 373 90 240 408 181 89 525 1404 61 243 1081
internal_value=0.000286561 -0.00381672 -0.00205517 0.000112045 0.0049735 -0.00399724 -0.00938646 -0.00487639 0 0.00655099 0.00961915 0.00576109 -0.013253 0.00245269
internal_weight=342964 6089 5800 5355 2453 2902 1581 1173 992 2363 1838 1465 332 1321
internal_count=342964 6089 5800 5355 2453 2902 1581 1173 992 2363 1838 1465 332 1321
is_linear=0
shrinkage=0.04


Tree=124
num_leaves=15
num_cat=0
split_feature=0 3 9 2 3 2 9 9 10 2 9 2 0 2
split_gain=68.5423 283.353 139.317 95.8625 54.4337 107.366 87.0259 53.8044 80.5001 68.9816 47.1445 105.964 46.3657 45.4421
threshold=22.157383038141173 24.536111500000004 0.20381327521349765 104.33064650000001 49.747091000000005 124.974327 0.00012944266399778084 0.049806885628971016 -29.064888746040094 116.56260300000001 0.033254420164034022 118.64749900000002 29.309810423901549 116.56260300000001
decision_type=2 2 2 2 2 2 2 2 2 2 2 2 2 2
left_child=-1 -2 4 -4 6 7 -3 -6 9 -9 13 12 -12 -8
right_child=1 2 3 -5 5 -7 10 8 -10 -11 11 -13 -14 -15
leaf_value=0 -0.062886596266639061 0.00093613766559047626 6.8680853185878473e-05 -0.0084556861119672467 -0.010043046822035885 -0.007938251247444475 -0.023554369199740643 0.0021347031982297394 0.0056524807242122697 -0.023324574080422253 0.0039821276699818333 -0.015704688709702076 -0.01453677258379692 0.0011020047066240969
leaf_weight=335952 348 1471 275 472 167 103 348 1665 450 169 703 210 333 105
leaf_count=335952 348 1471 275 472 167 103 348 1665 450 169 703 210 333 105
internal_value=0.000280537 -0.00368969 -0.00179879 -0.0180455 0.000321454 0.00466719 -0.00317981 0.00634843 0.00795096 0.00423119 -0.00934667 -0.00532905 -7.72201e-05 -0.0203974
internal_weight=342771 6819 6471 747 5724 2554 3170 2451 2284 1834 1699 1246 1036 453
internal_count=342771 6819 6471 747 5724 2554 3170 2451 2284 1834 1699 1246 1036 453
is_linear=0
shrinkage=0.04


Tree=125
num_leaves=15
num_cat=0
split_feature=0 3 2 1 3 2 9 2 3 2 1 0 10 3
split_gain=58.2022 311.817 102.549 183.711 204.62 98.2483 150.089 80.5748 105.855 137.84 78.6872 77.0017 76.6009 141.051
threshold=18.451911105126147 21.503760000000003 78.327019000000021 20.472063735759544 23.397099500000007 111.42323300000001 0.088397795999054576 133.89425650000001 55.000602500000007 115.95788950000001 20.981818660279547 29.309810423901549 -19.29583161131514 19.503027500000005
decision_type=2 2 2 2 2 2 2 2 2 2 2 2 2 2
left_child=-1 12 -3 -4 10 -6 -7 8 9 11 -5 -8 -2 -14
right_child=1 2 3 4 5 6 7 -9 -10 -11 -12 -13 13 -15
leaf_value=0 -0.0538622251759713 -0.0020993075929342324 0.0017530205527841992 0.00094727262038903136 0.00091284302288618892 0.00043779063248351984 0.0038728306917835188 0.0015963205123938218 -0.0061175771795328772 -0.0055589639551085557 -0.046123811377270181 -0.018447567763436482 -0.025460636002739997 0.011183204227232546
leaf_weight=330146 472 383 1297 102 4932 2576 434 233 887 872 383 74 158 107
leaf_count=330146 472 383 1297 102 4932 2576 434 233 887 872 383 74 158 107
internal_value=0.000273775 -0.00236096 -0.000831348 -0.000169635 -0.00192509 -0.000695444 -0.00460205 -0.011584 -0.0138862 -0.00695652 -0.027299 0.0096063 -0.0276255 -0.0104151
internal_weight=343056 12910 12173 11790 10493 10008 5076 2500 2267 1380 485 508 737 265
internal_count=343056 12910 12173 11790 10493 10008 5076 2500 2267 1380 485 508 737 265
is_linear=0
shrinkage=0.04


Tree=126
num_leaves=15
num_cat=0
split_feature=0 3 9 2 3 2 8 3 8 2 2 1 0 3
split_gain=64.9101 273.937 112.326 99.1781 51.0378 111.149 96.7887 44.3803 53.0313 45.6012 43.1387 52.5321 42.783 46.264
threshold=22.157383038141173 24.357122000000004 0.20381327521349765 104.33064650000001 49.747091000000005 124.974327 0.99992050672120503 79.753734000000023 0.86848045873692326 111.11191550000002 112.54077150000002 34.230570194152783 22.806262218328637 28.141686500000002
decision_type=2 2 2 2 2 2 2 2 2 2 2 2 2 2
left_child=-1 -2 4 -4 6 7 -3 8 9 -6 11 -9 -8 -14
right_child=1 2 3 -5 5 -7 12 10 -10 -11 -12 -13 13 -15
leaf_value=0 -0.058713517873554368 -0.0097417849244716744 0.00027498313700217243 -0.0077688678603703657 0.0015755427372213288 -0.0072887024902299619 0.028594598624020265 -0.025947108048240918 0.0045298740190459286 -0.005537857366423907 -0.020401458261408614 0.0027994598504661999 -0.0019615146201267053 0.0036716680901286783
leaf_weight=336165 332 1753 288 485 640 107 104 41 1112 160 139 337 458 859
leaf_count=336165 332 1753 288 485 640 107 104 41 1112 160 139 337 458 859
internal_value=0.000266838 -0.00359795 -0.00178313 -0.0160931 0.000154116 0.00438486 -0.00322621 0.00614245 0.00895397 0.0011 -0.00425532 0.00275132 0.00453202 0.00258162
internal_weight=342980 6815 6483 773 5710 2536 3174 2429 1912 800 517 378 1421 1317
internal_count=342980 6815 6483 773 5710 2536 3174 2429 1912 800 517 378 1421 1317
is_linear=0
shrinkage=0.04


Tree=127
num_leaves=15
num_cat=0
split_feature=0 3 9 3 2 9 3 9 9 2 3 1 9 3
split_gain=58.4773 290.862 111.575 88.1743 46.6465 70.9847 66.4682 66.0936 55.9424 91.019 49.5923 67.1939 48.8802 46.0283
threshold=22.157383038141173 24.536111500000004 0.20381327521349765 55.000602500000007 124.974327 0.022403597603874507 49.237960000000008 0.00012944266399778084 0.033254420164034022 118.64749900000002 33.09091200000001 30.948583065739339 0.13243913306235475 79.753734000000023
decision_type=2 2 2 2 2 2 2 2 2 2 2 2 2 2
left_child=-1 -2 4 -4 6 -6 7 -3 -9 10 11 -10 -12 -8
right_child=1 2 3 -5 5 -7 13 8 9 -11 12 -13 -14 -15
leaf_value=0 -0.057883849134499697 0.000716701872822485 -0.00075314189363441671 -0.0097917742940543378 0.011638950460778459 -0.0083677478057049143 0.002722608611093854 -0.017341904609278536 0.0038184133154957377 -0.013161533475958071 0.006538868600830197 -0.1038144567975394 -0.0065014967068648443 -0.0024928547435534212
leaf_weight=335852 359 1389 429 325 113 133 1937 406 145 180 680 109 111 520
leaf_count=335852 359 1389 429 325 113 133 1937 406 145 180 680 109 111 520
internal_value=0.000268699 -0.0033938 -0.00145129 -0.0159151 0.000454307 -0.0165854 0.00121965 -0.00275497 -0.00821582 -0.00395102 0.000574163 -0.0148031 0.00551201 0.00610501
internal_weight=342688 6836 6477 754 5723 246 5477 3020 1631 1225 1045 254 791 2457
internal_count=342688 6836 6477 754 5723 246 5477 3020 1631 1225 1045 254 791 2457
is_linear=0
shrinkage=0.04


Tree=128
num_leaves=15
num_cat=0
split_feature=8 5 10 3 8 10 3 1 3 3 8 9 2 3
split_gain=55.2597 125.377 108.221 1190.54 209.333 291.895 265.296 173.197 441.991 493.289 193.396 405.139 194.592 181.27
threshold=0.53729204529171681 1.0000000180025095e-35 -14.358773500201409 15.729828000000003 0.99998692563307978 -18.280653653655065 19.999941500000002 11.642820076261634 13.281283500000002 17.358944500000003 0.99898949405676629 0.11852591064013475 95.322899000000021 15.000700000000002
decision_type=2 2 2 2 2 2 2 2 2 2 2 2 2 2
left_child=-1 -2 3 -3 -5 6 -6 -4 -9 13 11 12 -11 -10
right_child=1 2 7 4 5 -7 -8 8 9 10 -12 -13 -14 -15
leaf_value=0 -0.094180390548063569 -0.031306244771469011 -1.4712563039685888e-05 -0.00036819349582002669 -0.043841310305654406 0.0038506982253234635 0.00032779485389628496 -0.011319895308144026 0.00078509024849392792 0.006211738618808367 -0.0017024026920181646 -0.0028047437638916779 0.00060426678354475881 0.026298951343342179
leaf_weight=226922 224 1879 71361 23571 359 2569 3485 783 3408 642 2093 1125 880 3452
leaf_count=226922 224 1879 71361 23571 359 2569 3485 783 3408 642 2093 1125 880 3452
internal_value=0.000250559 -0.000460326 -0.000402398 -0.00238647 -0.000450907 0.00595665 -0.00101977 0.000352503 0.00471937 0.00668276 -0.00324051 0.00394409 0.0173982 0.0135394
internal_weight=342753 115831 115607 31863 29984 6413 3844 83744 12383 11600 4740 2647 1522 6860
internal_count=342753 115831 115607 31863 29984 6413 3844 83744 12383 11600 4740 2647 1522 6860
is_linear=0
shrinkage=0.04


Tree=129
num_leaves=15
num_cat=0
split_feature=0 3 8 3 2 8 1 2 8 2 8 2 3 1
split_gain=60.6187 223.004 137.788 43.7978 87.1286 47.5714 73.9814 62.4645 46.6255 45.1677 44.4888 96.0551 49.5447 52.1153
threshold=22.806262218328637 24.536111500000004 0.79228639921131061 49.237960000000008 125.42308050000001 0.95579314167794982 28.933081994893456 117.50070950000001 0.99987170057048247 101.66810250000002 0.96862133038576337 118.64749900000002 32.761255000000013 30.948583065739339
decision_type=2 2 2 2 2 2 2 2 2 2 2 2 2 2
left_child=-1 -2 -3 8 5 6 -5 -8 10 -10 11 12 13 -4
right_child=1 2 3 4 -6 -7 7 -9 9 -11 -12 -13 -14 -15
leaf_value=0 -0.069188716668924288 -0.0072677918205001002 0.0032349927055347481 0.0060618310579107423 -0.0077538395764039274 -0.014623321265058222 0.0015383492955040312 -0.025477781234251103 0.0095451014788613987 -0.00015623612467764511 -0.018938061418014223 -0.014272058212967911 0.0035401489977838407 -0.099142675995133059
leaf_weight=336784 276 436 118 356 71 149 1750 120 237 1118 394 191 781 96
leaf_count=336784 276 436 118 356 71 149 1750 120 237 1118 394 191 781 96
internal_value=0.000244986 -0.00370917 -0.00204229 -0.000289909 0.00366312 0.00496842 0.00643306 0.00325134 -0.00358433 0.00185978 -0.00825316 -0.00438449 0.000603015 -0.0164486
internal_weight=342877 6093 5817 5381 2446 2375 2226 1870 2935 1355 1580 1186 995 214
internal_count=342877 6093 5817 5381 2446 2375 2226 1870 2935 1355 1580 1186 995 214
is_linear=0
shrinkage=0.04


Tree=130
num_leaves=15
num_cat=0
split_feature=0 3 2 8 9 2 3 1 3 3 3 8 1 3
split_gain=63.1865 262.611 91.6685 86.3377 59.2723 75.3615 70.4343 71.04 80.088 51.734 44.0902 43.4494 40.3529 60.1524
threshold=22.157383038141173 24.357122000000004 124.974327 0.97844748313320873 0.19849781597509761 104.33064650000001 49.237960000000008 23.448687281635667 26.199438500000003 79.753734000000023 57.520792500000006 0.86848045873692326 33.067162276800907 36.078233000000004
decision_type=2 2 2 2 2 2 2 2 2 2 2 2 2 2
left_child=-1 -2 4 -4 6 -6 7 -3 -9 11 -7 -8 -10 -14
right_child=1 2 3 -5 5 10 9 8 12 -11 -12 -13 13 -15
leaf_value=0 -0.053178104197955253 0.0023809296638894429 -0.0073728340951701565 0.011702597630619585 0.00031658761906040722 -0.0024727045602352129 0.0001650190377933436 -0.026262020841756183 -0.00089191827035161708 -0.0025482928495154434 -0.013751436132426171 0.0044546420137073425 -0.10512094697572071 -0.0026049427263828552
leaf_weight=336310 343 415 259 118 353 163 690 141 1831 533 223 1126 106 552
leaf_count=336310 343 415 259 118 353 163 690 141 1831 533 223 1126 106 552
internal_value=0.000247696 -0.00355465 -0.0017573 -0.0209019 -0.000580466 -0.0112043 0.000875046 -0.00313957 -0.00556654 0.00607918 -0.0234197 0.00929515 -0.00390518 -0.0124012
internal_weight=343163 6853 6510 377 6133 739 5394 3045 2630 2349 386 1816 2489 658
internal_count=343163 6853 6510 377 6133 739 5394 3045 2630 2349 386 1816 2489 658
is_linear=0
shrinkage=0.04


Tree=131
num_leaves=15
num_cat=0
split_feature=0 3 9 1 3 9 5 3 1 3 1 1 3 1
split_gain=66.09 216.899 126.872 49.0567 41.0913 39.8119 142.811 113.232 345.415 131.844 623.714 815.862 395.486 428.679
threshold=22.806262218328637 26.030452000000004 0.20961980240686953 23.448687281635667 57.520792500000006 0.8682508928002749 1.0000000180025095e-35 4.4202285000000012 4.0939456000091701 8.5060640000000021 4.8712346279409156 3.4633446967980381 4.8461380000000007 4.5133864467965692
decision_type=2 2 2 2 2 2 2 2 2 2 2 2 2 2
left_child=5 3 -3 -2 -4 6 -1 8 -8 10 11 -9 13 -13
right_child=1 2 4 -5 -6 -7 7 9 -10 -11 -12 12 -14 -15
leaf_value=-0.092427939054376393 -0.00026786270521879374 3.580749757593038e-05 -0.0024413280829074457 -0.063725363241021238 -0.010455069925600215 0 9.8708531879626931e-06 1.0880648167856701e-06 -0.013675981041555763 -2.1651150981444601e-05 -0.0088896294850672238 0.0024898275001876973 0.0093410952540604261 -0.0070569008128021117
leaf_weight=243 250 5090 174 302 257 166724 1490 12630 562 149435 1377 834 3219 386
leaf_count=243 250 5090 174 302 257 166724 1490 12630 562 149435 1377 834 3219 386
internal_value=0.000216693 -0.00391899 -0.00152871 -0.0278261 -0.0223666 0.000291244 -0.00013915 -9.53317e-05 -0.0094347 1.88229e-05 0.00320937 0.00529849 0.0200496 0.000655738
internal_weight=342973 6073 5521 552 431 336900 170176 169933 2052 167881 18446 17069 4439 1220
internal_count=342973 6073 5521 552 431 336900 170176 169933 2052 167881 18446 17069 4439 1220
is_linear=0
shrinkage=0.04


Tree=132
num_leaves=15
num_cat=0
split_feature=9 5 0 3 1 10 3 0 3 10 3 9 2 9
split_gain=71.7501 114.853 97.5484 93.6778 469.19 110.04 1367.34 168.295 501.838 309.256 294.174 266.976 305.292 295.328
threshold=0.44362125312901635 1.0000000180025095e-35 1.5479300659553996 4.4969055000000013 4.0939456000091701 -13.995532555205793 14.966644000000001 8.6608264000998165 9.9502920000000028 -9.2963432891489983 17.731647000000002 0.00028841917699590219 108.09561150000002 1.0000000180025095e-35
decision_type=2 2 2 2 2 2 2 2 2 2 2 2 2 2
left_child=1 2 -1 4 -3 6 -5 9 -9 -7 -10 13 -13 -12
right_child=-2 3 -4 5 -6 7 -8 8 10 -11 11 12 -14 -15
leaf_value=0.036640096066232079 0 5.0488515122556693e-05 -0.11115997941173664 -0.033365830056661716 -0.011911579262074173 -0.00076494625832325587 -6.2319558203522831e-05 -0.039314534499584129 0.0029816903959831321 3.629688819745059e-06 -0.00056779458643334334 0.0017842531674106602 -0.00088393250268037544 -0.021802960289926704
leaf_weight=28 228541 2215 189 1660 792 3009 30568 491 8473 58765 3112 3487 1262 443
leaf_count=28 228541 2215 189 1660 792 3009 30568 491 8473 58765 3112 3487 1262 443
internal_value=0.000212923 -0.000604398 -0.0296774 -0.000549192 -0.0075158 -0.000360924 -0.00233089 0.000442297 0.00393329 -0.000533558 0.00509984 -0.000250482 0.00595494 -0.00854008
internal_weight=343035 114494 217 114277 3007 111270 32228 79042 17268 61774 16777 8304 4749 3555
internal_count=343035 114494 217 114277 3007 111270 32228 79042 17268 61774 16777 8304 4749 3555
is_linear=0
shrinkage=0.04


Tree=133
num_leaves=15
num_cat=0
split_feature=8 6 1 9 2 2 0 10 3 10 2 2 0 3
split_gain=63.4197 100.065 114.886 88.9515 100.544 134.176 209.883 139.146 119.888 109.41 129.196 99.5408 110.929 85.5455
threshold=0.55907586045438873 1.0000000180025095e-35 1.651455602615983 0.28161557191524555 173.32018300000001 136.00777450000001 6.6319506102246111 -9.1205129462138643 10.350744000000001 -13.995532555205793 151.91541300000003 82.810337000000018 4.0859506552409117 4.4202285000000012
decision_type=2 2 2 2 2 2 2 2 2 2 2 2 2 2
left_child=-1 3 -3 4 5 13 -7 8 -8 10 -10 -5 -13 -2
right_child=1 2 -4 11 -6 6 7 -9 9 -11 -12 12 -14 -15
leaf_value=0 -0.00026805448751754477 0.02637562420049867 -0.10991582137604622 -0.0058732816757341042 0.001510501545064612 -0.0007646701048554988 -0.025625233518597239 0.032312408719027082 -2.4101838775302254e-05 0.00071235199350788204 -0.0031478973442503016 0.00072523766230414197 -0.00041555103664160404 8.0714899027014624e-06
leaf_weight=228388 1997 34 185 281 435 430 284 265 711 609 473 625 9839 98148
leaf_count=228388 1997 34 185 281 435 430 284 265 711 609 473 625 9839 98148
internal_value=0.000201573 -0.00056755 -0.0275799 -0.000515702 -0.000155585 -0.000236696 -0.00891775 -0.00420154 -0.00768416 -0.00385945 -0.0109459 -0.00397953 -0.00334862 3.59479e-06
internal_weight=342704 114316 219 114097 103352 102917 2772 2342 2077 1793 1184 10745 10464 100145
internal_count=342704 114316 219 114097 103352 102917 2772 2342 2077 1793 1184 10745 10464 100145
is_linear=0
shrinkage=0.04


Tree=134
num_leaves=15
num_cat=0
split_feature=9 8 1 10 3 2 2 1 1 3 3 10 2 0
split_gain=72.4547 87.9675 265.008 189.077 171.31 159.487 99.0977 139.938 231.793 130.278 120.802 96.602 310.013 255.708
threshold=0.42956006842814798 0.76004950755369993 9.4427618371894315 -12.243189065478814 30.000174500000004 99.089348000000015 135.41307050000003 17.894335668294175 16.125639301925514 24.894435500000004 18.625807500000004 -7.0441532188186589 137.28321850000003 4.7787803545445797
decision_type=2 2 2 2 2 2 2 2 2 2 2 2 2 2
left_child=1 2 4 5 -1 -4 7 8 -7 -8 -10 -3 13 -13
right_child=-2 11 3 -5 -6 6 9 -9 10 -11 -12 12 -14 -15
leaf_value=0.00012717911246967598 0 0.0001991060379055032 0.00305563050680177 -0.00091148643465586879 0.00042340431156599718 -0.0017869306369252358 -0.0028658265449773967 -0.002013982669433566 -0.015011242439821477 0.00063438578051514428 0.00095971769946529256 5.6001407574737821e-07 -0.00085126467841673524 -0.00076852884719671663
leaf_weight=1467 229326 47491 641 1384 561 1887 867 3705 95 1108 1065 44934 367 8048
leaf_count=1467 229326 47491 641 1384 561 1887 867 3705 95 1108 1065 44934 367 8048
internal_value=0.000196532 -0.000629467 -0.00375587 -0.00625744 0.0095069 -0.00421862 -0.00563309 -0.00793839 -0.00158845 0.0022481 0.0124828 -0.000233241 -0.00140134 -0.00114756
internal_weight=342946 113620 12780 10752 2028 9368 8727 6752 3047 1975 1160 100840 53349 52982
internal_count=342946 113620 12780 10752 2028 9368 8727 6752 3047 1975 1160 100840 53349 52982
is_linear=0
shrinkage=0.04


Tree=135
num_leaves=15
num_cat=0
split_feature=9 1 3 0 3 3 8 8 2 1 8 3 3 8
split_gain=67.7291 85.2016 1351.77 176.133 466.513 288.335 265.21 261.089 244.724 216.311 212.231 353.861 269.001 211.411
threshold=0.44362125312901635 13.928314286932979 14.966644000000001 8.6608264000998165 9.9502920000000028 17.731647000000002 0.99971583874926095 0.99999995294695732 108.09561150000002 9.3101807614576639 0.83014151457491037 52.014283500000012 61.727346500000003 0.86848045873692326
decision_type=2 2 2 2 2 2 2 2 2 2 2 2 2 2
left_child=1 3 -3 9 -5 -6 8 -8 13 10 12 -12 -1 -7
right_child=-2 2 -4 4 5 6 7 -9 -10 -11 11 -13 -14 -15
leaf_value=7.7755597642090944e-05 0 -0.030843078775893373 -5.4205743168447287e-05 -0.036995519050698013 0.0028330413389425213 -0.00092119629654971143 -0.021445132388302625 -0.00061080555863248431 -0.00080881418509557432 -0.0006993373004751984 -1.1201108481657197e-05 -0.0011460336384382819 0.0013101775424342243 0.0024282271022626179
leaf_weight=3206 228633 1734 30921 489 8268 763 434 3080 1207 3028 55860 2082 774 2704
leaf_count=3206 228633 1734 30921 489 8268 763 434 3080 1207 3028 55860 2082 774 2704
internal_value=0.000210034 -0.00058385 -0.00231144 0.000105013 0.0037368 0.00488089 -0.000439668 -0.00874217 0.00580231 -0.000842494 -0.000332031 -0.000945773 0.00860302 0.0112028
internal_weight=343183 114550 32655 81895 16945 16456 8188 3514 4674 64950 61922 57942 3980 3467
internal_count=343183 114550 32655 81895 16945 16456 8188 3514 4674 64950 61922 57942 3980 3467
is_linear=0
shrinkage=0.04


Tree=136
num_leaves=15
num_cat=0
split_feature=8 1 3 8 10 3 0 3 3 3 1 2 10 8
split_gain=66.5085 81.7085 1094.89 195.454 337.995 243.811 158.446 393.764 210.356 254.741 348.651 224.546 207.586 194.209
threshold=0.57982921493281514 14.303818358209645 16.036479000000003 0.99998692563307978 -18.280653653655065 19.503027500000005 8.3674857928575612 9.6082075000000025 17.731647000000002 15.000700000000002 13.226747329532639 89.917945500000016 -9.2963432891489983 0.83014151457491037
decision_type=2 2 2 2 2 2 2 2 2 2 2 2 2 2
left_child=-1 6 -3 -4 5 -5 12 -8 9 10 -9 -11 -2 -14
right_child=1 2 3 4 -6 -7 7 8 -10 11 -12 -13 13 -15
leaf_value=0 -0.00077357242955285361 -0.025433684706454938 -0.00034524723897512433 -0.048474468687272607 0.004356502257376999 0.00020149244903360121 -0.032041689250244219 0.0021245126541805152 -1.8193332113617955e-05 0.0012024421811195425 -0.00047696159990571671 0.039805562162194205 0.00019794932069750498 -3.4447182600356281e-05
leaf_weight=230331 2095 2014 21434 296 2538 3637 451 3958 9724 1561 1735 2558 3754 57079
leaf_count=230331 2095 2014 21434 296 2538 3637 451 3958 9724 1561 1735 2558 3754 57079
internal_value=0.000206431 -0.000589184 -0.0023811 -0.00032539 0.00576727 -0.0015764 5.74082e-05 0.00316005 0.0040131 0.00814513 0.00266292 0.0157223 -0.000928045 -0.000501701
internal_weight=343165 112834 29919 27905 6471 3933 82915 19987 19536 9812 5693 4119 62928 60833
internal_count=343165 112834 29919 27905 6471 3933 82915 19987 19536 9812 5693 4119 62928 60833
is_linear=0
shrinkage=0.04


Tree=137
num_leaves=15
num_cat=0
split_feature=0 3 9 1 9 9 3 1 10 9 8 0 3 1
split_gain=67.1948 211.658 112.718 47.9362 42.7865 91.7465 88.9836 336.826 77.8869 152.975 248.357 199.31 144.475 981.972
threshold=22.806262218328637 26.030452000000004 0.20961980240686953 23.645433274642624 0.39494485015301262 0.28161557191524555 4.4202285000000012 4.0939456000091701 -2.9491497249289176 0.11496866231834564 0.99328914869785678 1.7184384445970211 5.0000540000000013 4.5133864467965692
decision_type=2 2 2 2 2 2 2 2 2 2 2 2 2 2
left_child=4 3 -3 -2 5 6 7 -1 12 10 -10 -11 13 -8
right_child=1 2 -4 -5 -6 -7 8 -9 9 11 -12 -13 -14 -15
leaf_value=2.3628285168684759e-05 -0.00030489630135398699 2.0841557664415672e-05 -0.0069009675284281563 -0.064330903071837808 0 -0.00039111334302241397 0.0030199306734736554 -0.01275888067067053 -0.0020314095901217458 0.00017114529517626778 -3.2595862484816865e-05 -0.00076982978610745949 0.00014384722781091191 -0.0044807978793947939
leaf_weight=1498 276 5102 428 280 232186 7053 1426 512 350 326 29048 98 63087 1539
leaf_count=1498 276 5102 428 280 232186 7053 1426 512 350 326 29048 98 63087 1539
internal_value=0.000208969 -0.00395662 -0.00159132 -0.027482 0.000284169 -0.000386136 -6.86527e-05 -0.00839801 0.000105972 -0.00159077 -0.00193483 0.0222642 0.00087204 -0.00775717
internal_weight=343209 6086 5530 556 337123 104937 97884 2010 95874 29822 29398 424 66052 2965
internal_count=343209 6086 5530 556 337123 104937 97884 2010 95874 29822 29398 424 66052 2965
is_linear=0
shrinkage=0.04


Tree=138
num_leaves=15
num_cat=0
split_feature=8 10 3 10 3 3 9 8 0 8 3 0 3 8
split_gain=56.3823 74.195 1280.35 177.154 357.659 484.3 283.169 248.711 177.214 133.217 145.009 202.454 288.339 203.801
threshold=0.57982921493281514 -13.696000865989527 14.966644000000001 -11.607865166271841 17.731647000000002 13.281283500000002 0.0026706569483077596 0.88646299857703748 8.9683309277764653 0.85580150777101072 15.630754000000001 18.451911105126147 21.503760000000003 0.99998692563307978
decision_type=2 2 2 2 2 2 2 2 2 2 2 2 2 2
left_child=-1 2 -2 4 5 -3 -6 -8 -7 -4 -11 13 -13 -12
right_child=1 3 9 -5 6 8 7 -9 -10 10 11 12 -14 -15
leaf_value=0 -0.026481423299941936 -0.0086902612128666179 -0.00053636523384109516 -1.6559813086055568e-05 -0.0018016553722774371 -0.00041431599233703097 -0.0014521862023542326 0.0028825643784912702 0.011037248888356097 -0.00046363702502192445 0.00040358397583407815 -0.031844695498328045 0.00011106888784330304 0.0039216090357701173
leaf_weight=229942 1900 607 11439 70970 1833 504 828 1070 4285 949 5428 726 8897 3289
leaf_count=229942 1900 607 11439 70970 1833 504 828 1070 4285 949 5428 726 8897 3289
internal_value=0.000227159 -0.000505655 -0.00211352 0.000149319 0.00539498 0.0119792 -0.00412758 0.00670179 0.0162456 -0.000143192 0.00188501 0.00267394 -0.00132599 0.0070896
internal_weight=342667 112725 32628 80097 9127 5396 3731 1898 4789 30728 19289 18340 9623 8717
internal_count=342667 112725 32628 80097 9127 5396 3731 1898 4789 30728 19289 18340 9623 8717
is_linear=0
shrinkage=0.04


Tree=139
num_leaves=15
num_cat=0
split_feature=0 3 1 3 1 3 2 1 3 8 8 8 1 3
split_gain=67.2977 559.036 142.2 244.093 131.181 558.318 226.006 208.056 333.113 166.942 152.034 150.397 251.458 225.796
threshold=12.106474723415886 13.915394000000001 13.809030697207691 13.281283500000002 14.723175787747619 16.254179500000003 88.975906500000022 13.631327378451365 15.424520000000003 0.99998095135798915 0.99898949405676629 0.99998095135798915 18.326425717646664 19.503027500000005
decision_type=2 2 2 2 2 2 2 2 2 2 2 2 2 2
left_child=-1 2 3 -2 6 -6 -3 9 -9 10 -8 -7 -13 -14
right_child=1 4 -4 -5 5 11 7 8 -10 -11 -12 12 13 -15
leaf_value=0 -0.013089750218911003 -0.0010622320172909397 -0.039884578297806172 0.0012545455425021057 -0.02351645991134026 -0.00035808672715116955 0.0056903715640088748 -0.0004450915440210475 0.0050959225207349492 0.035480463005934847 -0.0034083194408155394 0.0038549677690770424 -0.04705054722072198 0.00023141379499196701
leaf_weight=304482 304 2461 694 317 742 23577 372 911 1250 1064 228 2304 303 3657
leaf_count=304482 304 2461 694 317 742 23577 372 911 1250 1064 228 2304 303 3657
internal_value=0.000229495 -0.00135345 -0.026981 -0.0130757 -0.000439394 -0.00152111 0.00482342 0.0109072 0.00272096 0.0215385 0.00466667 -0.000668878 0.00484036 -0.00127273
internal_weight=342666 38184 1315 621 36869 30583 6286 3825 2161 1664 600 29841 6264 3960
internal_count=342666 38184 1315 621 36869 30583 6286 3825 2161 1664 600 29841 6264 3960
is_linear=0
shrinkage=0.04


Tree=140
num_leaves=15
num_cat=0
split_feature=9 2 0 9 10 3 10 3 10 10 9 3 2 3
split_gain=69.9123 97.8543 313.33 315.433 225.962 163.737 660.184 250.253 382.844 262.783 346.286 247.611 256.932 235.877
threshold=0.42956006842814798 67.595577000000006 3.0730483237094708 0.11496866231834564 -1.4457371645754717 4.7641320000000009 -4.4260083936212977 8.5060640000000021 -4.94803326444032 -7.0441532188186589 0.17875581058430431 28.141686500000002 96.572578500000006 9.2331575000000026
decision_type=2 2 2 2 2 2 2 2 2 2 2 2 2 2
left_child=1 2 3 -1 5 6 -3 8 -7 13 11 12 -11 -9
right_child=-2 4 -4 -5 -6 7 -8 9 -10 10 -12 -13 -14 -15
leaf_value=-2.9791909304713794e-05 0 -0.013013413018839855 0.00072606178564433546 0.0001769552105213009 -0.0034693754203230509 -0.0065110164271485037 0.00042796722445903379 -0.019648120461516632 0.0013434357613583598 -0.00030915634043113575 0.00017625930639106135 -0.0010522141784166444 -0.0020183155231814076 -2.8139882738579813e-05
leaf_weight=28558 229485 950 8597 332 316 692 1143 558 4173 6367 2162 2268 580 56803
leaf_count=28558 229485 950 8597 332 316 692 1143 558 4173 6367 2162 2268 580 56803
internal_value=0.000201292 -0.000610754 0.0010617 -0.000933195 -0.00143556 -0.00129465 -0.0123268 -0.000980938 0.00778623 -0.00160144 -0.00715479 -0.010535 -0.00678854 -0.000499991
internal_weight=342984 113499 37487 28890 76012 75696 2093 73603 4865 68738 11377 9215 6947 57361
internal_count=342984 113499 37487 28890 76012 75696 2093 73603 4865 68738 11377 9215 6947 57361
is_linear=0
shrinkage=0.04


Tree=141
num_leaves=15
num_cat=0
split_feature=9 2 2 0 1 3 8 8 1 1 3 0 1 3
split_gain=67.2516 114.928 122.947 139.651 191.203 128.425 99.6214 97.2991 146.331 154.919 97.0919 89.9031 108.168 133.21
threshold=0.39494485015301262 173.32018300000001 127.81531900000002 3.8692912526872214 9.1716567464115144 9.9502920000000028 0.99579339897387975 0.72912327315914893 17.635268466353633 16.125639301925514 9.6082075000000025 5.6387146236334083 10.511453941020351 39.775007500000008
decision_type=2 2 2 2 2 2 2 2 2 2 2 2 2 2
left_child=1 2 7 -4 10 -6 -7 8 9 11 -5 -1 -13 -14
right_child=-2 -3 3 4 5 6 -8 -9 -10 -11 -12 12 13 -15
leaf_value=0.00019165653292319292 0 0.00066731211166442931 -0.00050423589809836977 -0.00043298856601433808 -0.042561015725060936 -0.0011890931109533544 0.00056146367276150167 -5.5959392212430289e-06 -0.0019053801563961741 0.0010899220421836536 0.036851622710207012 -0.0013129673751936374 -0.0016648499419053939 0.0012264136570792959
leaf_weight=1059 231968 884 590 180 182 3599 1057 97907 2376 607 263 297 1377 420
leaf_count=1059 231968 884 590 180 182 3599 1057 97907 2376 607 263 297 1377 420
internal_value=0.000201304 -0.000609397 -0.00072493 -0.00635667 -0.00429464 -0.00659777 -0.00530928 -0.000407139 -0.00529335 -0.000382979 0.0208578 -0.00394545 -0.00874881 -0.00505287
internal_weight=342766 110798 109914 5871 5281 4838 4656 104043 6136 3760 443 3153 2094 1797
internal_count=342766 110798 109914 5871 5281 4838 4656 104043 6136 3760 443 3153 2094 1797
is_linear=0
shrinkage=0.04


Tree=142
num_leaves=15
num_cat=0
split_feature=0 3 10 3 2 10 3 3 10 8 10 3 0 3
split_gain=70.6536 563.275 489.709 353.62 126.192 305.871 222.672 200.089 183.872 164.318 189.793 412.656 202.996 231.153
threshold=12.106474723415886 14.646726000000003 -13.312332227181104 13.281283500000002 86.24295450000001 -13.696000865989527 17.731647000000002 15.630754000000001 -14.171482442045221 0.99998692563307978 -17.428431217499007 19.503027500000005 22.806262218328637 25.392528000000002
decision_type=2 2 2 2 2 2 2 2 2 2 2 2 2 2
left_child=-1 2 -2 -4 -3 7 -7 8 -6 -9 11 -11 -13 -14
right_child=1 4 3 -5 5 6 -8 9 -10 10 -12 12 13 -15
leaf_value=0 -0.028078420153786504 -0.0012768436162212981 -0.012017015811240223 0.002673175005227053 -0.016361031607248517 0.043366195499652392 -0.00014285521842417672 -0.00018535601889582546 -0.00011868245983481518 -0.040087325918276358 0.010197284448914908 0.0060321700822412415 -0.016170605835980768 0.0020959917782256265
leaf_weight=305006 1385 3995 232 560 447 1098 684 23634 677 415 1762 1794 399 1091
leaf_count=305006 1385 3995 232 560 447 1098 684 23634 677 415 1762 1794 399 1091
internal_value=0.000231832 -0.00139051 -0.0211484 0.00393939 -0.000195577 0.00064123 0.0167452 -0.000308415 -0.0168683 0.000331328 0.00658487 0.00143823 0.00618758 -0.00472483
internal_weight=343179 38173 2177 792 35996 32001 1782 30219 1124 29095 5461 3699 3284 1490
internal_count=343179 38173 2177 792 35996 32001 1782 30219 1124 29095 5461 3699 3284 1490
is_linear=0
shrinkage=0.04


Tree=143
num_leaves=15
num_cat=0
split_feature=9 2 2 0 10 3 9 10 10 8 2 3 3 0
split_gain=68.5447 110.052 134.018 133.262 161.012 150.063 86.9154 110.893 158.192 81.3396 86.1031 137.191 114.261 80.7748
threshold=0.39494485015301262 173.32018300000001 127.81531900000002 3.8692912526872214 -8.8716821366111045 9.9502920000000028 0.28161557191524555 -17.611672395864932 -16.015900439492331 0.99579339897387975 133.89425650000001 59.195152000000007 28.909754000000003 5.6387146236334083
decision_type=2 2 2 2 2 2 2 2 2 2 2 2 2 2
left_child=1 2 6 -4 5 -5 -1 -8 -9 10 -7 12 -12 -10
right_child=-2 -3 3 4 -6 9 7 8 13 -11 11 -13 -14 -15
leaf_value=-6.2442241814132409e-06 0 0.00066618372966269635 -0.00047664106090148181 -0.037286673504617812 0.0210249572445339 -0.0048857083757521515 -0.0017668359364619508 0.0010775663568425827 0.00019162164054137339 0.00045394915659348556 -0.00069171294415916516 0.0017921354308546289 -0.0020719618213157565 -0.00053066435828634398
leaf_weight=98766 232170 866 586 213 329 933 2219 570 889 1116 1955 375 375 1844
leaf_count=98766 232170 866 586 213 329 933 2219 570 889 1116 1955 375 375 1844
internal_value=0.00019347 -0.000623942 -0.00073559 -0.00661 -0.00460725 -0.00640225 -0.000404265 -0.00528794 -0.000641841 -0.00493058 -0.00782848 -0.00421442 -0.00782833 -0.00463959
internal_weight=343206 111036 110170 5882 5296 4967 104288 5522 3303 4754 3638 2705 2330 2733
internal_count=343206 111036 110170 5882 5296 4967 104288 5522 3303 4754 3638 2705 2330 2733
is_linear=0
shrinkage=0.04


Tree=144
num_leaves=15
num_cat=0
split_feature=0 2 1 2 10 10 8 8 0 1 2 2 2 1
split_gain=60.9587 108.869 83.3143 115.457 101.978 100.478 123.456 135.665 97.2346 111.538 176.046 179.466 137.974 97.4961
threshold=12.106474723415886 69.729496000000012 14.051896719924724 88.975906500000022 -13.50456291515337 -13.696000865989527 0.99998095135798915 0.99898949405676629 15.617721810735263 22.605445952718458 118.64749900000002 86.24295450000001 95.322899000000021 16.82840412786317
decision_type=2 2 2 2 2 2 2 2 2 2 2 2 2 2
left_child=-1 -2 3 4 -3 -5 7 -7 9 12 11 -11 -4 -10
right_child=1 2 8 5 -6 6 -8 -9 13 10 -12 -13 -14 -15
leaf_value=0 -0.0019146728571519894 0.0011168821792612138 0.00074659311144670282 -5.8955129297141306e-05 -0.0014755888584648824 0.0043965427759105301 0.017313631628091675 -0.004428839485105006 0.0052888742384885569 -0.13207683854126298 -0.0010783519890110139 0.0010886966965900835 -0.0016250891770257169 -0.0001889498888269442
leaf_weight=304611 269 448 1472 1109 1686 493 1438 262 1305 274 1629 1724 6694 19289
leaf_count=304611 269 448 1472 1109 1686 493 1438 262 1305 274 1629 1724 6694 19289
internal_value=0.000248495 -0.00126011 -0.00107977 0.00350258 -0.00374883 0.00818898 0.0131509 5.29801e-05 -0.00184889 -0.00474519 0.00109181 0.00904905 -0.00733774 -0.000190347
internal_weight=342703 38092 37823 5436 2134 3302 2193 755 32387 11793 3627 1998 8166 20594
internal_count=342703 38092 37823 5436 2134 3302 2193 755 32387 11793 3627 1998 8166 20594
is_linear=0
shrinkage=0.04


Tree=145
num_leaves=15
num_cat=0
split_feature=9 2 2 0 1 3 3 2 0 9 9 3 0 0
split_gain=56.919 106.768 117.55 106.318 118.681 152.545 73.3198 72.6417 206.748 310.455 223.704 150.593 460.7 168.869
threshold=0.39494485015301262 173.32018300000001 127.81531900000002 3.8692912526872214 8.8636425880806531 9.9502920000000028 9.6082075000000025 72.272747000000024 3.0730483237094708 0.11496866231834564 0.0045625554832575696 5.0000540000000013 4.4946313760127312 10.803173397774064
decision_type=2 2 2 2 2 2 2 2 2 2 2 2 2 2
left_child=1 2 7 -4 6 -6 -5 8 9 -1 11 12 -10 -13
right_child=-2 -3 3 4 5 -7 -8 -9 10 -11 -12 13 -14 -15
leaf_value=-2.8236688004281176e-05 0 0.00064302545416066934 -0.00042496585288628576 9.1772172455860534e-05 -0.035795206564433101 -0.00051803698983425431 0.044952423454889277 -0.00011910050317899383 0.0034036230878367107 0.0002244589181960792 -0.0015265575857281515 0.00093796664953098437 -0.0070350783505706699 -0.00070680029258050057
leaf_weight=28929 232322 878 587 157 214 4710 156 61934 581 368 638 10090 512 773
leaf_count=28929 232322 878 587 157 214 4710 156 61934 581 368 638 10090 512 773
internal_value=0.000248156 -0.000499064 -0.000610311 -0.00614011 -0.00433072 -0.0058489 0.0195527 -0.00030012 0.000986369 -0.00085606 0.00527235 0.00650385 -0.00764867 0.00792783
internal_weight=342849 110527 109649 5824 5237 4924 313 103825 41891 29297 12594 11956 1093 10863
internal_count=342849 110527 109649 5824 5237 4924 313 103825 41891 29297 12594 11956 1093 10863
is_linear=0
shrinkage=0.04


Tree=146
num_leaves=15
num_cat=0
split_feature=8 2 10 9 8 10 10 3 1 2 3 1 3 1
split_gain=46.9719 109.071 246.737 277.034 200.682 171.196 159.472 149.098 264.63 136.895 133.849 512.513 181.196 303.897
threshold=0.60775677043530807 72.272747000000024 -2.9491497249289176 0.11496866231834564 0.99759381320658225 -1.4457371645754717 -10.807320591638222 4.6749780000000003 4.2664724826862681 68.725891500000003 4.7641320000000009 4.2664724826862681 8.5060640000000021 6.9580128270633885
decision_type=2 2 2 2 2 2 2 2 2 2 2 2 2 2
left_child=-1 2 4 -4 -2 10 9 8 -8 -6 11 -3 -12 -14
right_child=1 5 3 -5 6 -7 7 -9 -10 -11 12 -13 13 -15
leaf_value=0 -0.0012287309473239575 0.0004667674324953511 -2.6905124245155712e-05 0.0001488124729203506 -0.0011209224779618562 -0.0071541646352456661 0.0034969928350575088 0.00088292627941873958 -0.011301198965372605 0.012962348578319145 0.00071872084341800346 -0.0096462737067423369 -0.00038203417174022692 -3.8593589734333688e-05
leaf_weight=232653 748 838 28670 340 550 241 235 10990 297 241 4230 965 9351 52998
leaf_count=232653 748 838 28670 340 550 241 235 10990 297 241 4230 965 9351 52998
internal_value=0.000294513 -0.000383761 0.00121984 -0.000835574 0.00578516 -0.00136689 0.00700723 0.00819997 -0.0124812 -0.0103666 -0.00124828 -0.0120022 -0.000957059 -0.00150059
internal_weight=343347 110694 42071 29010 13061 68623 12313 11522 532 791 68382 1803 66579 62349
internal_count=343347 110694 42071 29010 13061 68623 12313 11522 532 791 68382 1803 66579 62349
is_linear=0
shrinkage=0.04


Tree=147
num_leaves=15
num_cat=0
split_feature=0 3 1 3 1 3 2 1 3 3 8 3 10 3
split_gain=56.5089 588.823 391.618 292.792 104.132 343.494 212.97 176.298 140.845 142.421 104.579 176.272 172.821 267.929
threshold=12.225180629141231 14.646726000000003 13.226747329532639 13.281283500000002 14.723175787747619 16.036479000000003 86.24295450000001 13.485537010899522 15.113421500000001 17.226557500000002 0.99998095135798915 49.747091000000005 -17.982641276941226 19.503027500000005
decision_type=2 2 2 2 2 2 2 2 2 2 2 2 2 2
left_child=-1 2 3 -2 6 -6 7 -3 -8 -10 11 -7 13 -12
right_child=1 4 -4 -5 5 10 8 -9 9 -11 12 -13 -14 -15
leaf_value=0 -0.012222322911230493 -0.0018823873283230924 -0.02663765794283637 0.0026113030911678746 -0.018398822897896579 -0.00078081603439661938 -0.00033463909119494457 0.0010900748916461294 0.026381855004491896 0.0010457936672542253 -0.038469717353308445 0.00046300313290201456 0.005664351264438581 0.00041476454309441523
leaf_weight=305421 196 1207 1417 481 457 15374 802 590 1403 1313 356 7792 1976 3906
leaf_count=305421 196 1207 1417 481 457 15374 802 590 1403 1313 356 7792 1976 3906
internal_value=0.000300562 -0.00116984 -0.0217765 0.00324963 5.68569e-05 -0.000861324 0.00521543 -0.00598776 0.010938 0.0152872 -0.000326486 -0.00156436 0.0042706 -0.000262787
internal_weight=342691 37270 2094 677 35176 29861 5315 1797 3518 2716 29404 23166 6238 4262
internal_count=342691 37270 2094 677 35176 29861 5315 1797 3518 2716 29404 23166 6238 4262
is_linear=0
shrinkage=0.04


Tree=148
num_leaves=15
num_cat=0
split_feature=9 2 2 0 1 3 3 3 1 3 1 1 3 3
split_gain=47.1913 100.524 111.99 115.027 127.655 138.063 91.5774 72.6713 293.318 75.0976 631.836 689.661 469.219 351.779
threshold=0.39494485015301262 173.32018300000001 127.81531900000002 3.8692912526872214 9.0321866857601609 9.9502920000000028 9.6082075000000025 4.4202285000000012 4.2664724826862681 8.5060640000000021 4.7637158941249211 3.4633446967980381 5.3348065000000009 5.0000540000000013
decision_type=2 2 2 2 2 2 2 2 2 2 2 2 2 2
left_child=1 2 7 -4 6 -6 -5 8 -1 10 11 -9 -12 -13
right_child=-2 -3 3 4 5 -7 -8 9 -10 -11 12 13 -14 -15
leaf_value=1.5062822765713569e-05 0 0.00060482602806372467 -0.00043071424611357707 -0.00043219562280220523 -0.035841216123439323 -0.00052364787292011187 0.040745998913680061 1.7260899123318308e-06 -0.014995951653753576 -3.2830441327643317e-05 -0.0098109702645342231 0.00054874306789051805 0.0033168752225349895 0.017056339754319347
leaf_weight=1566 232047 887 607 167 206 4740 185 12431 437 84057 1164 2029 455 1859
leaf_count=1566 232047 887 607 167 206 4740 185 12431 437 84057 1164 2029 455 1859
internal_value=0.000300084 -0.000379096 -0.000487339 -0.00584589 -0.00395621 -0.00561262 0.0193182 -0.00018308 -0.00772841 -3.49037e-05 0.00231464 0.00467921 -0.0215195 0.0193827
internal_weight=342837 110790 109903 5905 5298 4946 352 103998 2003 101995 17938 16319 1619 3888
internal_count=342837 110790 109903 5905 5298 4946 352 103998 2003 101995 17938 16319 1619 3888
is_linear=0
shrinkage=0.04


Tree=149
num_leaves=15
num_cat=0
split_feature=0 3 3 10 10 3 10 10 2 10 3 3 8 2
split_gain=49.6921 536.331 179.375 740.046 166.295 136.216 284.819 196.354 188.439 161.948 515.355 157.219 108.703 248.349
threshold=12.106474723415886 13.281283500000002 15.210864000000003 -14.171482442045221 -13.312332227181104 17.001305500000004 -14.557333296132237 -12.815260940897929 84.825077000000007 -16.834670245253324 18.985372000000002 16.365441500000006 0.96043395231176754 110.10409150000002
decision_type=2 2 2 2 2 2 2 2 2 2 2 2 2 2
left_child=-1 -2 3 -3 -5 6 11 9 -8 10 -7 -4 -11 -14
right_child=1 2 5 4 -6 7 8 -9 -10 12 -12 -13 13 -15
leaf_value=0 -0.025021730793215832 -0.026693661578466463 -0.0093810820853065403 -0.0003975766318318412 0.0035602881226302892 -0.039458201310901726 -0.0022539128347405374 -0.0019482551088110562 0.029767784453798171 4.4949352515447625e-05 -2.2385923699539955e-05 0.0069371033259615867 0.001610574717231017 0.044072304087674756
leaf_weight=304602 617 934 441 1055 886 753 254 992 1183 2731 24936 229 2519 719
leaf_count=304602 617 934 441 1055 886 753 254 992 1183 2731 24936 229 2519 719
internal_value=0.000295405 -0.00106356 -0.000457058 -0.0100591 0.00401855 0.000337198 0.0101946 -0.000298928 0.0202366 0.000250174 -0.00112889 -0.0113433 0.00618529 0.0111427
internal_weight=342851 38249 37632 2875 1941 34757 2107 32650 1437 31658 25689 670 5969 3238
internal_count=342851 38249 37632 2875 1941 34757 2107 32650 1437 31658 25689 670 5969 3238
is_linear=0
shrinkage=0.04


Tree=150
num_leaves=15
num_cat=0
split_feature=0 3 1 3 1 3 2 2 2 2 2 9 2 1
split_gain=55.3539 942.864 189.701 371.895 90.3072 431.937 134.667 148.516 136.817 109.31 100.041 157.864 124.065 118.524
threshold=14.265089549594803 15.933619000000002 16.562221593876775 18.453964500000001 21.801701731265744 23.973488500000006 83.496441000000019 76.262569500000026 151.91541300000003 133.14855950000003 117.50070950000001 0.068376843203929463 127.0102155 27.392394228104973
decision_type=2 2 2 2 2 2 2 2 2 2 2 2 2 2
left_child=-1 -2 -3 -4 6 -6 7 -5 -8 10 -7 -12 -13 -14
right_child=1 2 3 4 5 9 8 -9 -10 -11 11 12 13 -15
leaf_value=0 -0.024590386971801142 0.0033619973509107447 -0.041706504811006864 0.0019643739473299343 -0.051660849642064813 0.00010335494384727723 0.0011341553986000327 -0.0018441237095586833 -0.0034810827819856021 0.0015162599771064579 0.0025796426413177182 -0.0049391102609058143 -0.0065488347966425201 0.00064612657739912429
leaf_weight=317776 1057 2392 576 128 551 8194 7160 859 158 1007 761 1389 207 745
leaf_count=317776 1057 2392 576 128 551 8194 7160 859 158 1007 761 1389 207 745
internal_value=0.000296244 -0.00150889 0.000111079 -0.00106556 -0.000202278 -0.00230279 0.00304877 -0.0108207 0.00491938 -0.000751036 -0.00187677 -0.00799484 -0.0131397 -0.00201681
internal_weight=342960 25184 24127 21735 21159 12854 8305 987 7318 12303 11296 3102 2341 952
internal_count=342960 25184 24127 21735 21159 12854 8305 987 7318 12303 11296 3102 2341 952
is_linear=0
shrinkage=0.04


Tree=151
num_leaves=15
num_cat=0
split_feature=0 3 3 10 1 3 10 10 2 0 3 9 3 9
split_gain=51.7394 523.275 173.613 729.892 163.163 128.903 401.388 212.717 150.551 125.749 232.632 111.65 160.796 182.141
threshold=12.106474723415886 13.281283500000002 15.210864000000003 -14.171482442045221 13.351617123179937 17.226557500000002 -15.418284483703074 -12.815260940897929 84.007015500000009 14.067486572926169 16.365441500000006 1.9165320265801537e-05 50.706936000000006 0.044828804066761326
decision_type=2 2 2 2 2 2 2 2 2 2 2 2 2 2
left_child=-1 -2 3 -3 -5 6 -4 11 -8 -10 -11 -7 -13 -14
right_child=1 2 5 4 -6 7 8 -9 9 10 -12 12 13 -15
leaf_value=0 -0.023370350422795231 -0.024509095713370038 -0.020192694116582557 0.0033107527189412123 -0.0003816735665585676 0.00090860134559906053 -0.0023039011950718026 -0.0018920336367698502 0.035219558557011504 -0.0034986368361743514 0.014081480274196194 -0.00061084172431408407 -0.033943670448068945 0.00060726477756652521
leaf_weight=304951 627 920 378 899 1065 6924 285 926 1256 344 262 16601 160 7440
leaf_count=304951 627 920 378 899 1065 6924 285 926 1256 344 262 16601 160 7440
internal_value=0.000309353 -0.00108068 -0.000474106 -0.00990291 0.00386965 0.000312355 0.00901386 -0.000373155 0.0157056 0.0198496 0.00488449 0.000188916 -0.00109252 0.00372632
internal_weight=343038 38087 37460 2884 1964 34576 2525 32051 2147 1862 606 31125 24201 7600
internal_count=343038 38087 37460 2884 1964 34576 2525 32051 2147 1862 606 31125 24201 7600
is_linear=0
shrinkage=0.04


Tree=152
num_leaves=15
num_cat=0
split_feature=0 2 1 10 2 2 2 2 2 8 8 8 0 1
split_gain=52.4731 81.2038 61.2736 97.7981 111.103 87.6622 101.641 78.0467 164.794 196.467 106.859 112.768 78.0544 71.2188
threshold=12.225180629141231 69.729496000000012 14.051896719924724 -15.599233480167511 84.411003000000008 86.24295450000001 80.744377000000014 83.496441000000019 99.90954600000002 0.94167705042348226 0.99999995294695732 0.98222697613966625 18.702782790105552 22.973784266236027
decision_type=2 2 2 2 2 2 2 2 2 2 2 2 2 2
left_child=-1 -2 5 7 -5 6 -3 -4 9 12 11 -11 -9 -14
right_child=1 2 3 4 -6 -7 -8 8 -10 10 -12 -13 13 -15
leaf_value=0 -0.0018006565190450425 0.0034951467156901289 -0.0013859456646301417 0.0041445260042407362 -0.0031303787297741349 0.0010888446363610665 -0.0015227246158882124 0.011910502831319709 -0.00022834175762013521 -0.00044996719973894208 0.0037296248561905364 -0.051865068639287734 -0.00072236931239096807 0.004975160998581263
leaf_weight=305863 216 384 1605 301 3607 3411 1255 706 23461 633 875 172 231 456
leaf_count=305863 216 384 1605 301 3607 3411 1255 706 23461 633 875 172 231 456
internal_value=0.000315174 -0.00110096 -0.000958568 -0.00160389 -0.00753327 0.00313663 -0.00446614 -0.000780412 -0.000262305 0.00844777 -0.000761905 -0.0112795 0.0195549 0.00995633
internal_weight=343176 37313 37097 32047 3908 5050 1639 28139 26534 3073 1680 805 1393 687
internal_count=343176 37313 37097 32047 3908 5050 1639 28139 26534 3073 1680 805 1393 687
is_linear=0
shrinkage=0.04


Tree=153
num_leaves=15
num_cat=0
split_feature=0 3 3 10 1 3 10 10 1 3 8 3 0 3
split_gain=57.4963 495.593 131.333 591.588 174.643 150.189 367.144 209.341 124.723 454.418 115.725 172.665 144.222 121.923
threshold=12.106474723415886 13.816659500000002 15.424520000000003 -14.171482442045221 13.485537010899522 17.226557500000002 -15.418284483703074 -12.815260940897929 17.384980193577114 19.331811500000004 0.97844748313320873 52.014283500000012 13.26195534094443 60.526437500000007
decision_type=2 2 2 2 2 2 2 2 2 2 2 2 2 2
left_child=-1 -2 3 -3 -5 6 -4 8 10 -10 11 12 -7 -12
right_child=1 2 5 4 -6 7 -8 -9 9 -11 13 -13 -14 -15
leaf_value=0 -0.015528803907514099 -0.019722601314992431 -0.017395060534414798 0.0054311648328358927 -0.00040996040935066758 0.00061757634205892242 0.01379678070110657 -0.0017975024877592521 -0.035604660672614356 -3.1346338053518664e-05 0.0035972914629427664 0.017005720764033269 -0.0011955931107338624 -0.02575979438784097
leaf_weight=304822 1207 758 371 839 928 1462 1906 923 660 23824 3158 168 1919 75
leaf_count=304822 1207 758 371 839 928 1462 1906 923 660 23824 3158 168 1919 75
internal_value=0.000273337 -0.00118959 -0.000366576 -0.00917228 0.00350877 0.000278535 0.0102064 -0.000423747 0.000130493 -0.00119915 0.0049307 -5.63539e-05 -0.00202307 0.0104052
internal_weight=343020 38198 36991 2525 1767 34466 2277 32189 31266 24484 6782 3549 3381 3233
internal_count=343020 38198 36991 2525 1767 34466 2277 32189 31266 24484 6782 3549 3381 3233
is_linear=0
shrinkage=0.04


Tree=154
num_leaves=15
num_cat=0
split_feature=0 3 1 3 10 2 1 3 2 3 9 10 9 0
split_gain=54.7403 881.168 176.731 340.546 93.2135 81.4871 129.173 398.33 118.506 123.996 176.917 152.872 128.236 148.272
threshold=14.265089549594803 16.141809500000004 16.562221593876775 18.625807500000004 -17.258603651873553 83.496441000000019 21.801701731265744 23.973488500000006 151.91541300000003 20.177228000000003 1.3135846804734898e-05 -17.793110963174275 0.11852591064013475 16.71065330096469
decision_type=2 2 2 2 2 2 2 2 2 2 2 2 2 2
left_child=-1 -2 -3 4 -4 -5 8 -8 9 11 -11 -7 -12 -14
right_child=1 2 3 5 -6 6 7 -9 -10 10 12 -13 13 -15
leaf_value=0 -0.020935338238859673 0.00334054796690886 -0.042550931114540946 -0.0013622756190600511 0.00042433671809884665 -0.0025492923998282403 -0.049597146060726079 -8.0271838716682305e-05 -0.0032668028716882425 0.014680684095812762 -0.00014505379014216751 0.0077412770189354465 0.00048620384498707634 0.003052692594757221
leaf_weight=317763 1110 2311 520 1283 126 649 547 12001 153 1464 3112 241 895 747
leaf_count=317763 1110 2311 520 1283 126 649 547 12001 153 1464 3112 241 895 747
internal_value=0.000315874 -0.00148019 0.000128072 -0.000989971 -0.0295975 -0.000113787 0.000518956 -0.00193816 0.00476518 0.00551491 0.00751367 -0.00844944 0.00376946 0.0128136
internal_weight=342922 25159 24049 21738 646 21092 19809 12548 7261 7108 6218 890 4754 1642
internal_count=342922 25159 24049 21738 646 21092 19809 12548 7261 7108 6218 890 4754 1642
is_linear=0
shrinkage=0.04


Tree=155
num_leaves=15
num_cat=0
split_feature=0 3 3 10 1 3 1 10 1 3 3 3 0 3
split_gain=48.6628 459.39 178.268 787.078 163.198 137.77 245.513 188.585 134.376 498.462 89.2986 79.5313 65.7731 63.5688
threshold=12.106474723415886 13.175423000000002 15.424520000000003 -14.171482442045221 13.351617123179937 17.001305500000004 15.190983114703734 -12.815260940897929 17.267533594202714 19.331811500000004 22.359078 19.999941500000002 12.444035029274035 16.365441500000006
decision_type=2 2 2 2 2 2 2 2 2 2 2 2 2 2
left_child=-1 -2 3 -3 -5 6 -4 8 11 -10 -9 -7 -11 -8
right_child=1 2 5 4 -6 7 13 10 9 12 -12 -13 -14 -15
leaf_value=0 -0.022634014004246816 -0.021652974396520364 0.013205765392660464 0.0032427339570482785 -0.00039356199297664081 0.0055454184276355102 -0.014294260112574125 -0.00058225133158672975 -0.035730774855846865 -0.0016136487543903083 -0.0019996884103497064 0.00047928037724942528 3.4216630511347823e-05 0.00080778097483244103
leaf_weight=304644 506 1068 1545 1029 1135 1471 190 405 762 602 583 5363 23287 108
leaf_count=304644 506 1068 1545 1029 1135 1471 190 405 762 602 583 5363 23287 108
internal_value=0.000314329 -0.00103432 -0.000524129 -0.00950495 0.00436229 0.000321716 0.0109604 -0.00028208 0.000257901 -0.00111801 -0.0174899 0.00522095 -0.000102139 -0.0222819
internal_weight=342698 38054 37548 3232 2164 34316 1843 32473 31485 24651 988 6834 23889 298
internal_count=342698 38054 37548 3232 2164 34316 1843 32473 31485 24651 988 6834 23889 298
is_linear=0
shrinkage=0.04


Tree=156
num_leaves=15
num_cat=0
split_feature=0 3 1 3 2 3 1 3 1 2 1 1 0 3
split_gain=51.5289 435.396 131.002 170.735 108.771 100.204 466.246 118.439 352.626 175.11 174.532 113.978 105.251 216.583
threshold=12.106474723415886 13.816659500000002 13.809030697207691 13.175423000000002 107.12474050000002 15.210864000000003 14.173702941050495 17.226557500000002 15.41691233221537 84.007015500000009 12.770537986288199 13.351617123179937 14.265089549594803 16.365441500000006
decision_type=2 2 2 2 2 2 2 2 2 2 2 2 2 2
left_child=-1 2 3 -2 -5 6 11 8 9 -7 -9 -3 -11 -14
right_child=1 5 -4 4 -6 7 -8 10 -10 12 -12 -13 13 -15
leaf_value=0 -0.0096547682770752249 0.0051676115960556717 -0.033456443133676537 0.0013973386219316287 -0.0077447395228687115 -0.0031322480892544626 -0.018375799299715414 -0.0015688923726921266 -0.01722153605509635 0.029614374975208514 1.7402913757482708e-05 -0.00037781951325757511 -0.0036264995682641346 0.010753600154029389
leaf_weight=305025 250 681 619 222 113 290 667 861 385 1371 31221 926 285 214
leaf_count=305025 250 681 619 222 113 290 667 861 385 1371 31221 926 285 214
internal_value=0.000340279 -0.00104658 -0.0247176 -0.0111453 0.00752239 -0.000274247 -0.00840809 0.000259913 0.00856582 0.0148519 -0.000398978 0.00326073 0.0193369 0.00360721
internal_weight=343130 38105 1204 585 335 36901 2274 34627 2545 2160 32082 1607 1870 499
internal_count=343130 38105 1204 585 335 36901 2274 34627 2545 2160 32082 1607 1870 499
is_linear=0
shrinkage=0.04


Tree=157
num_leaves=15
num_cat=0
split_feature=0 3 1 3 8 0 3 1 9 8 2 2 3 0
split_gain=54.6151 816.138 145.217 302.277 81.7516 137.682 119.318 149.616 119.838 115.555 134.62 106.862 159.372 180.204
threshold=14.265089549594803 16.365441500000006 16.562221593876775 18.274318000000005 0.99994906489814328 18.205840942635025 53.595886000000007 28.523104238752904 0.049806885628971016 0.80300177905484749 127.81531900000002 78.327019000000021 23.397099500000007 20.480995360994566
decision_type=2 2 2 2 2 2 2 2 2 2 2 2 2 2
left_child=-1 -2 -3 -4 6 -6 -5 8 -8 10 -9 -7 13 -13
right_child=1 2 3 4 5 11 7 9 -10 -11 -12 12 -14 -15
leaf_value=0 -0.016844327023603493 0.0034802250285475185 -0.036236694664900017 -0.00099982498020921053 0.0057539825010921967 -0.0018354850747617447 -0.021004723492351017 -0.0026442469108186139 0.001570566047109403 0.0013179068549468379 0.0010629907229251989 0.00069288433026954983 0.0020518373880595631 -0.037679090705735045
leaf_weight=317875 1195 2254 496 10394 782 439 127 1160 2587 1668 413 793 2444 403
leaf_count=317875 1195 2254 496 10394 782 439 127 1160 2587 1668 413 793 2444 403
internal_value=0.000281958 -0.00151222 9.6828e-05 -0.000906662 -0.000184818 0.00436947 -0.00153893 0.00297565 0.0099042 -0.00282629 -0.0106039 0.00142192 0.00367033 -0.00829431
internal_weight=343030 25155 23960 21706 21210 4861 16349 5955 2714 3241 1573 4079 3640 1196
internal_count=343030 25155 23960 21706 21210 4861 16349 5955 2714 3241 1573 4079 3640 1196
is_linear=0
shrinkage=0.04


Tree=158
num_leaves=15
num_cat=0
split_feature=0 10 2 2 2 2 8 10 8 8 8 2 1 0
split_gain=51.1357 152.585 88.1834 82.1753 63.5663 109.367 187.305 103.71 91.0308 79.248 78.4523 90.8862 119.963 67.1212
threshold=14.265089549594803 -15.599233480167511 82.810337000000018 154.92578150000003 83.496441000000019 99.90954600000002 0.92525993568742726 -21.870420884605831 0.82401155152341443 0.86848045873692326 0.99947046005332429 110.818302 17.384980193577114 16.71065330096469
decision_type=2 2 2 2 2 2 2 2 2 2 2 2 2 2
left_child=-1 3 -3 4 -2 6 -6 -7 -9 13 -11 -12 -13 -10
right_child=1 2 -4 -5 5 7 -8 8 9 10 11 12 -14 -15
leaf_value=0 -0.0011948020808945881 0.0065547789569179258 -0.0051299512667854295 -0.0016892576243903151 0.0057097255444024195 -0.00081723780172429932 7.4340392795214374e-05 -0.0055318905029285645 0.0004496814275899133 -0.00027258645535615064 -0.00049525532218124728 0.053040663520463126 0.0043380847682465886 0.0030965227421214576
leaf_weight=317799 1402 174 1957 191 967 11415 1949 460 346 3198 1050 524 1069 463
leaf_count=317799 1402 174 1957 191 967 11415 1949 460 346 3198 1050 524 1069 463
internal_value=0.00031945 -0.00141625 -0.0116565 -0.000468872 -0.000250405 0.000289166 0.00748971 -0.000844265 0.00294796 0.00413835 0.00251327 0.00761256 0.0136347 0.0158714
internal_weight=342964 25165 2131 23034 22843 21441 2916 18525 7110 6650 5841 2643 1593 809
internal_count=342964 25165 2131 23034 22843 21441 2916 18525 7110 6650 5841 2643 1593 809
is_linear=0
shrinkage=0.04


Tree=159
num_leaves=15
num_cat=0
split_feature=0 3 10 3 3 2 10 3 2 2 2 2 3 10
split_gain=54.6539 694.661 92.4687 314.341 87.0486 102.997 86.9698 363.774 112.757 108.616 107.116 101.082 94.9063 253.239
threshold=14.45321212535662 16.141809500000004 -16.644090069704493 18.625807500000004 28.634647500000003 79.243930500000019 -21.870420884605831 24.357122000000004 133.14855950000003 151.91541300000003 89.917945500000016 76.262569500000026 21.503760000000003 -19.29583161131514
decision_type=2 2 2 2 2 2 2 2 2 2 2 2 2 2
left_child=-1 -2 3 -3 -4 -6 7 -5 -9 10 11 -8 13 -12
right_child=1 2 4 6 5 -7 9 8 -10 -11 12 -13 -14 -15
leaf_value=0 -0.019769798108630113 -0.03196521527922825 0.0052420641889670905 -0.044786361625183846 0.0059430803660640782 -0.0019749640774053439 0.0017650166116862942 -0.00050693841817047391 0.0015468203891149113 -0.0033081004517062358 -0.027619762434061487 -0.0012756198147667334 0.0015584015022310372 0.0011311523147226766
leaf_weight=318735 940 617 1690 588 117 402 126 11068 947 142 315 1282 5127 1026
leaf_count=318735 940 617 1690 588 117 402 126 11068 947 142 315 1282 5127 1026
internal_value=0.000307879 -0.0015172 -0.00016548 -0.00097561 0.00762336 -0.0067052 -0.000133844 -0.00220582 -0.000702455 0.00312297 0.0037481 -0.00625 0.00592455 -0.00354959
internal_weight=343122 24387 23447 21238 2209 519 20621 12603 12015 8018 7876 1408 6468 1341
internal_count=343122 24387 23447 21238 2209 519 20621 12603 12015 8018 7876 1408 6468 1341
is_linear=0
shrinkage=0.04


end of trees

feature_importances:
control_value=580
pressure_bar=393
oil_tpd=312
liquid_tpd=292
oil_fraction=232
watercut=223
injection_minus_liquid=193
target_lrat=13
target_wrat=2

parameters:
[boosting: gbdt]
[objective: regression_l1]
[metric: l1]
[tree_learner: serial]
[device_type: cpu]
[data_sample_strategy: bagging]
[data: ]
[valid: ]
[num_iterations: 160]
[learning_rate: 0.04]
[num_leaves: 15]
[num_threads: 1]
[seed: 20260865]
[deterministic: 1]
[force_col_wise: 1]
[force_row_wise: 0]
[histogram_pool_size: -1]
[max_depth: -1]
[min_data_in_leaf: 12]
[min_sum_hessian_in_leaf: 0.001]
[bagging_fraction: 0.9]
[pos_bagging_fraction: 1]
[neg_bagging_fraction: 1]
[bagging_freq: 1]
[bagging_seed: 19266]
[bagging_by_query: 0]
[feature_fraction: 0.9]
[feature_fraction_bynode: 1]
[feature_fraction_seed: 15830]
[extra_trees: 0]
[extra_seed: 21130]
[early_stopping_round: 0]
[early_stopping_min_delta: 0]
[first_metric_only: 0]
[max_delta_step: 0]
[lambda_l1: 0]
[lambda_l2: 0]
[linear_lambda: 0]
[min_gain_to_split: 0]
[drop_rate: 0.1]
[max_drop: 50]
[skip_drop: 0.5]
[xgboost_dart_mode: 0]
[uniform_drop: 0]
[drop_seed: 23299]
[top_rate: 0.2]
[other_rate: 0.1]
[min_data_per_group: 100]
[max_cat_threshold: 32]
[cat_l2: 10]
[cat_smooth: 10]
[max_cat_to_onehot: 4]
[top_k: 20]
[monotone_constraints: ]
[monotone_constraints_method: basic]
[monotone_penalty: 0]
[feature_contri: ]
[forcedsplits_filename: ]
[refit_decay_rate: 0.9]
[cegb_tradeoff: 1]
[cegb_penalty_split: 0]
[cegb_penalty_feature_lazy: ]
[cegb_penalty_feature_coupled: ]
[path_smooth: 0]
[interaction_constraints: ]
[verbosity: -1]
[saved_feature_importance_type: 0]
[use_quantized_grad: 0]
[num_grad_quant_bins: 4]
[quant_train_renew_leaf: 0]
[stochastic_rounding: 1]
[linear_tree: 0]
[max_bin: 255]
[max_bin_by_feature: ]
[min_data_in_bin: 3]
[bin_construct_sample_cnt: 200000]
[data_random_seed: 4906]
[is_enable_sparse: 1]
[enable_bundle: 1]
[use_missing: 1]
[zero_as_missing: 0]
[feature_pre_filter: 1]
[pre_partition: 0]
[two_round: 0]
[header: 0]
[label_column: ]
[weight_column: ]
[group_column: ]
[ignore_column: ]
[categorical_feature: ]
[forcedbins_filename: ]
[precise_float_parser: 0]
[parser_config_file: ]
[objective_seed: 28812]
[num_class: 1]
[is_unbalance: 0]
[scale_pos_weight: 1]
[sigmoid: 1]
[boost_from_average: 1]
[reg_sqrt: 0]
[alpha: 0.9]
[fair_c: 1]
[poisson_max_delta_step: 0.7]
[tweedie_variance_power: 1.5]
[lambdarank_truncation_level: 30]
[lambdarank_norm: 1]
[label_gain: ]
[lambdarank_position_bias_regularization: 0]
[eval_at: ]
[multi_error_top_k: 1]
[auc_mu_weights: ]
[num_machines: 1]
[local_listen_port: 12400]
[time_out: 120]
[machine_list_filename: ]
[machines: ]
[gpu_platform_id: -1]
[gpu_device_id: -1]
[gpu_use_dp: 0]
[num_gpu: 1]

end of parameters

pandas_categorical:null
