tree
version=v4
num_class=1
num_tree_per_iteration=1
label_index=0
max_feature_idx=10
objective=regression_l1
feature_names=oil_tpd liquid_tpd pressure_bar control_value target_orat target_lrat target_wrat status oil_fraction watercut injection_minus_liquid
feature_infos=[0:43.42959140103163] [0:65.965654103293801] [0:285.00482199999999] [0:410.73022900000001] none [0:1] [0:1] [0:1] [0:1] [0:1] [-65.965654103293801:410.73022900000001]
tree_sizes=1515 1525 1526 1512 1542 1529 1535 1518 1520 1534 1523 1520 1531 1521 1512 1517 1520 1527 1517 1541 1498 1534 1485 1518 1535 1508 1492 1525 1505 1494 1540 1523 1550 1525 1512 1500 1491 1499 1503 1501 1526 1518 1509 1513 1503 1494 1514 1484 1514 1486 1522 1514 1501 1499 1548 1482 1549 1507 1539 1540 1497 1535 1536 1516 1532 1536 1531 1534 1524 1537 1515 1528 1522 1521 1524 1525 1526 1516 1517 1521 1518 1495 1511 1513 1475 1514 1531 1522 1511 1538 1526 1493 1513 1529 1510 1505 1531 1522 1530 1472 1464 1529 1525 1531 1514 1480 1484 1518 1504 1490 1454 1516 1469 1512 1486 1509 1498 1495 1496 1451 1464 1481 1480 1491 1483 1466 1495 1519 1493 1475 1494 1502 1492 1486 1554 1474 1503 1489 1497 1499 1481 1471 1466 1480 1484 1485 1535 1471 1482 1488 1518 1467 1500 1472 1462 1540 1470 1477 1509 1506

Tree=0
num_leaves=15
num_cat=0
split_feature=1 3 1 1 3 1 3 1 3 8 0 3 1 9
split_gain=2738.04 1532.25 1560.93 1361.48 2323.03 2296.75 1516.35 892.13 849.076 665.75 483.052 479.849 442.946 441.89
threshold=5.5420137999424579 14.208550500000001 13.187257837903983 16.93646228029662 25.197812000000003 27.877468929746261 19.296557000000004 22.435341259855999 23.718067000000005 0.7443214757680896 18.261479264544452 10.000159500000001 20.789054136348721 0.16270604827310223
decision_type=2 2 2 2 2 2 2 2 2 2 2 2 2 2
left_child=-1 2 11 13 5 6 12 9 -9 -8 -10 -2 -5 -3
right_child=1 3 -4 4 -6 -7 7 8 10 -11 -12 -13 -14 -15
leaf_value=0 -0.0017568124085664749 0.002013510912656784 -0.060046195983886719 -0.0095415216684341438 0.0026604390144348146 -0.11809844970703125 0.0044135785102844237 -0.016507248878479003 0.0043333449959754942 -0.00030431985855102541 -0.0082574135065078737 0.0023007968068122866 -0.11114896774291992 0.0017523789405822754
leaf_weight=197022 2720 26140 3515 3539 61244 2781 7085 4670 2273 3609 342 5529 1551 20979
leaf_count=197022 2720 26140 3515 3539 61244 2781 7085 4670 2273 3609 342 5529 1551 20979
internal_value=0.00334543 0.00749735 -0.00634478 0.00871063 0.00574735 -0.00430793 -0.000168191 0.00528839 -0.00550721 0.0126426 0.0127419 0.00316644 -0.019442 0.0141879
internal_weight=342999 145977 11764 134213 87094 25850 23069 17979 7285 10694 2615 8249 5090 47119
internal_count=342999 145977 11764 134213 87094 25850 23069 17979 7285 10694 2615 8249 5090 47119
is_linear=0
shrinkage=0.04


Tree=1
num_leaves=15
num_cat=0
split_feature=10 3 1 10 3 10 3 0 0 3 0 1 3 9
split_gain=2962.77 1478.58 1506.34 1120.35 2062.58 2190.02 1476.61 911.392 477.903 435.657 510.708 423.953 837.894 417.106
threshold=-5.6286734728834498 14.319600500000002 13.455302545891831 -17.392184447845157 24.851730500000006 -25.195282185311036 19.296557000000004 13.252372340818676 22.765995019075262 9.5106895000000033 12.462310257189307 29.17654475013633 27.328167000000004 0.16270604827310223
decision_type=2 2 2 2 2 2 2 2 2 2 2 2 2 2
left_child=1 2 9 4 5 -3 -7 -8 11 -1 -11 -6 -13 -5
right_child=-2 3 -4 13 8 6 7 -9 -10 10 -12 12 -14 -15
leaf_value=-0.0081336380928754802 0 -0.09241412353515624 -0.060795829552412035 0.0019342620342969895 0.0026785143971443178 -0.036431846213340759 0.0045807869791984557 -0.0021532164156436921 -8.5025793313980093e-05 0.0020545248165726661 -0.022846870338916778 -0.056630608558654788 0.0030291132390499118 0.0017244083970785141
leaf_weight=1480 197789 4357 3433 26484 32269 4351 9244 3257 5801 6676 533 1034 24560 22132
leaf_count=1480 197789 4357 3433 26484 32269 4351 9244 3257 5801 6676 533 1034 24560 22132
internal_value=0.00340955 0.0077398 -0.00563603 0.00895445 0.006181 -0.00462257 0.00191313 0.00889849 0.0097801 0.00322707 0.00728534 0.0108774 0.0070329 0.0137963
internal_weight=343400 145611 12122 133489 84873 21209 16852 12501 63664 8689 7209 57863 25594 48616
internal_count=343400 145611 12122 133489 84873 21209 16852 12501 63664 8689 7209 57863 25594 48616
is_linear=0
shrinkage=0.04


Tree=2
num_leaves=15
num_cat=0
split_feature=10 3 1 10 3 10 3 0 0 3 0 0 1 3
split_gain=2738.47 1318.15 1326.62 1100.39 1879.79 2035.03 1382.05 876.332 571.538 451.988 436.439 394.69 391.082 753.914
threshold=-5.6286734728834498 14.208550500000001 13.803643388412931 -17.392184447845157 24.999868000000003 -25.195282185311036 18.963624500000005 13.006805675641909 12.671970150643647 10.000159500000001 22.765995019075262 8.8423476962973151 29.17654475013633 35.000107500000006
decision_type=2 2 2 2 2 2 2 2 2 2 2 2 2 2
left_child=1 2 8 4 5 -3 -7 -8 9 11 12 -1 -6 -14
right_child=-2 3 -4 -5 10 6 7 -9 -10 -11 -12 -13 13 -15
leaf_value=-5.831178561598062e-05 0 -0.088573841400146486 -0.068547800149202351 0.0017549224206209182 0.0025872343192100524 -0.039574496452331548 0.0044659354386329658 -0.0024485609128475187 -0.035928218570709228 0.0026667349418997765 -8.1624761581420923e-05 -0.033055928422182801 -0.0061919271280765536 0.0032137469122409824
leaf_weight=2050 197505 4512 2861 49057 31872 3818 9797 3499 519 5586 5782 596 4062 21447
leaf_count=2050 197505 4512 2861 49057 31872 3818 9797 3499 519 5586 5782 596 4062 21447
internal_value=0.00328572 0.00745067 -0.00547709 0.00857224 0.00581349 -0.00436512 0.00193526 0.00802647 0.00225346 0.00482021 0.00929848 -0.00879819 0.0103539 0.00666275
internal_weight=342963 145458 11612 133846 84789 21626 17114 13296 8751 8232 63163 2646 57381 25509
internal_count=342963 145458 11612 133846 84789 21626 17114 13296 8751 8232 63163 2646 57381 25509
is_linear=0
shrinkage=0.04


Tree=3
num_leaves=15
num_cat=0
split_feature=1 3 1 2 0 9 3 8 3 0 1 3 0 3
split_gain=2484.34 1083.74 1378.05 1045.49 1155.13 894.557 1299.4 584.14 482.478 467.914 711.734 445.681 390.486 1352.78
threshold=5.5420137999424579 14.208550500000001 12.838454963253247 108.452263 17.211837463213008 0.035716777817488506 51.931405500000004 0.99998682461569344 9.5106895000000033 8.5260071601500673 15.046385841292512 20.000043500000004 4.5409741217147408 5.1682955000000002
decision_type=2 2 2 2 2 2 2 2 2 2 2 2 2 2
left_child=12 2 8 5 -5 6 7 -3 -2 10 -4 -6 -1 -14
right_child=1 3 9 4 11 -7 -8 -9 -10 -11 -12 -13 13 -15
leaf_value=0 -0.0078940891413149233 -0.0004382545138037205 0.004004163476772309 0.0015368034216976167 -0.053309563035430906 0.0029098277696037295 -0.011535714511785507 0.0030035156560802461 0.0017608464337530733 -0.062969393697433471 -0.061039571729354862 -0.0011964743094825744 -0.017847596406936644 0.00027824202552437786
leaf_weight=191104 1513 4735 959 83961 864 20927 1032 13306 6195 1895 1166 9500 1823 4151
leaf_count=191104 1513 4735 959 83961 864 20927 1032 13306 6195 1895 1166 9500 1823 4151
internal_value=0.00317115 0.00712481 -0.00453615 0.00814294 0.0058449 0.013562 0.00729618 0.00979325 0.00536585 -0.0235224 -0.0106353 -0.00675415 0.000241123 -0.00982926
internal_weight=343131 146053 11728 134325 94325 40000 19073 18041 7708 4020 2125 10364 197078 5974
internal_count=343131 146053 11728 134325 94325 40000 19073 18041 7708 4020 2125 10364 197078 5974
is_linear=0
shrinkage=0.04


Tree=4
num_leaves=15
num_cat=0
split_feature=10 3 1 2 8 3 9 3 10 2 3 10 2 3
split_gain=2460.45 826.588 887.693 567.07 991.553 1089.86 907.858 563.552 2651.15 555.839 523.097 1337.17 516.052 488.458
threshold=-2.2269431231677155 4.7723525000000011 4.254946172028081 108.85315700000002 0.94256592983472431 57.570230500000001 0.27420167031938175 24.999868000000003 -25.195282185311036 74.813641000000004 20.000043500000004 -21.339842825999494 83.443668500000015 14.940688500000002
decision_type=2 2 2 2 2 2 2 2 2 2 2 2 2 2
left_child=1 2 -1 4 9 12 -5 8 -8 -3 11 -10 -6 -13
right_child=-2 3 -4 6 5 -7 7 -9 10 -11 -12 13 -14 -15
leaf_value=0.0011141351610422135 0 -0.00037812385708093645 -0.02196503882408142 -0.0005387733554407596 0.0012243330106139184 -0.0062633470961700449 -0.084489325098598869 0.0020055054577079773 -0.063558421261909873 0.0024192573193849566 0.0036305910746208194 -0.00043090118230141401 0.00022630657573535445 0.0018881846335664749
leaf_weight=1065 174213 1778 1419 19026 25340 1441 4320 50269 1984 22656 10144 5630 14334 9228
leaf_count=1065 174213 1778 1419 19026 25340 1441 4320 50269 1984 22656 10144 5630 14334 9228
internal_value=0.00316328 0.00660745 -0.0162963 0.00694986 0.00984485 0.00605229 0.00506357 0.00689868 0.00268575 0.0162266 0.00734307 0.00302102 0.00729344 0.00713959
internal_weight=342847 168634 2484 166150 65549 41115 100601 81575 31306 24434 26986 16842 39674 14858
internal_count=342847 168634 2484 166150 65549 41115 100601 81575 31306 24434 26986 16842 39674 14858
is_linear=0
shrinkage=0.04


Tree=5
num_leaves=15
num_cat=0
split_feature=10 0 2 8 2 1 0 2 9 8 10 9 8 9
split_gain=2335.87 473.741 607.237 426.55 341.966 547.931 950.276 448.654 577.24 652.227 424.149 393.098 316.627 295.783
threshold=-2.3902665021358276 13.691278076197369 101.491112 0.94057606934110582 68.607055500000016 6.9242875595266584 4.7777204438456016 108.07067100000002 0.035716777817488506 0.99999990486857915 -14.336414532353144 0.18090693373906161 0.53130980135126771 0.00070827387553940035
decision_type=2 2 2 2 2 2 2 2 2 2 2 2 2 2
left_child=1 4 3 -3 -1 6 11 8 9 -7 -10 13 -4 -6
right_child=-2 2 12 -5 5 7 -8 -9 10 -11 -12 -13 -14 -15
leaf_value=0.0015007978096604347 0 0.0087139315599528734 0.004077202511252152 0.00166017421558196 0.00052236372381448749 -0.0015703726754477171 -0.0014247469864785672 0.0013686118318450319 0.0025368564808221283 0.002495544637667465 0.002486996293224472 0.0013490957793302954 -0.00062002566749593164 -0.00034305943548679349
leaf_weight=12127 175400 2276 1855 4915 6309 3606 5342 84033 5004 7895 9716 2525 19185 2881
leaf_count=12127 175400 2276 1855 4915 6309 3606 5342 84033 5004 7895 9716 2525 19185 2881
internal_value=0.0030795 0.00645534 0.00173001 0.0117647 0.00741204 0.00680067 0.000128979 0.00783282 0.0124007 0.00568646 0.0176467 0.00650448 -0.00169962 0.00266376
internal_weight=343069 167669 28231 7191 139438 127311 17057 110254 26221 11501 14720 11715 21040 9190
internal_count=343069 167669 28231 7191 139438 127311 17057 110254 26221 11501 14720 11715 21040 9190
is_linear=0
shrinkage=0.04


Tree=6
num_leaves=15
num_cat=0
split_feature=10 3 1 2 8 3 9 2 2 3 1 3 10 8
split_gain=2157.68 792.908 686.318 484.094 825.789 1093.75 737.248 559.678 520.721 451.723 2648.61 665.968 1270.74 395.145
threshold=-2.3902665021358276 4.6813965000000008 4.0736761578474843 108.452263 0.95665779578962618 59.230808000000003 0.28223787195032413 69.597168000000025 74.813641000000004 24.307094500000002 24.944432858953839 19.820414500000002 -21.130929434325608 0.99999990486857915
decision_type=2 2 2 2 2 2 2 2 2 2 2 2 2 2
left_child=1 2 -1 4 8 7 -5 -6 -3 10 11 12 -8 -9
right_child=-2 3 -4 6 5 -7 9 13 -10 -11 -12 -13 -14 -15
leaf_value=0.0015127299689650536 0 -0.00034612792541922649 -0.019629208155214788 -0.00048734132077242226 0.0014088672999317171 -0.0069349321564877563 -0.082669802543822113 -0.00043914488214766734 0.0022630580508577062 0.0018701179238616817 -0.089181889870846187 0.0026968962167716855 0.00096739358352114794 0.0010416178259550065
leaf_weight=594 175120 1886 1382 19993 12466 1271 1464 7889 22714 52095 3911 10657 13914 17479
leaf_count=594 175120 1886 1382 19993 12466 1271 1464 7889 22714 52095 3911 10657 13914 17479
internal_value=0.00295816 0.00620076 -0.0189879 0.00650106 0.00923695 0.00562486 0.00479291 0.00685098 0.0149789 0.0064714 0.0025566 0.00716727 0.00184159 0.00344056
internal_weight=342835 167715 1976 165739 63705 39105 102034 37834 24600 82041 29946 26035 15378 25368
internal_count=342835 167715 1976 165739 63705 39105 102034 37834 24600 82041 29946 26035 15378 25368
is_linear=0
shrinkage=0.04


Tree=7
num_leaves=15
num_cat=0
split_feature=10 3 1 3 10 0 1 2 0 1 8 2 3 0
split_gain=2004.28 718.027 2138.05 767.615 1061.92 566.577 847.336 533.581 772.551 688.943 553.358 901.001 433.677 836.626
threshold=-2.2269431231677155 15.000312500000001 13.595078966244612 4.8557120000000014 -4.3075978776330324 10.971359822651582 15.53687569956003 108.85315700000002 18.809547738835139 7.7848623963572328 0.78528140814349212 69.597168000000025 5.736390000000001 4.7777204438456016
decision_type=2 2 2 2 2 2 2 2 2 2 2 2 2 2
left_child=1 2 3 4 -1 6 -4 9 -9 10 -3 -12 13 -5
right_child=-2 7 5 12 -6 -7 -8 8 -10 -11 11 -13 -14 -15
leaf_value=-0.019911496796926262 0 0.0010705546756872325 0.0018359693221092178 0.0054193521036951754 0.001187731672748825 -0.052587973555752711 -0.046225596075157548 0.0014890928542575254 -0.0028533942523065519 0.0026693925229865374 0.00105202462499325 -0.00032666735675244279 0.00064454646450179658 -0.0073327159668479004
leaf_weight=1555 174313 1338 1697 4277 1333 2303 1899 82955 7676 31639 7599 7699 15816 879
leaf_count=1555 174313 1338 1697 4277 1333 2303 1899 82955 7676 31639 7599 7699 15816 879
internal_value=0.00284858 0.00595713 0.000318559 0.00564962 -0.0136842 -0.0212443 -0.0113237 0.00716513 0.00535578 0.010562 0.00397211 0.00181462 0.00831204 0.0183863
internal_weight=342978 168665 29759 23860 2888 5899 3596 138906 90631 48275 16636 15298 20972 5156
internal_count=342978 168665 29759 23860 2888 5899 3596 138906 90631 48275 16636 15298 20972 5156
is_linear=0
shrinkage=0.04


Tree=8
num_leaves=15
num_cat=0
split_feature=10 3 1 3 1 2 0 1 0 8 2 3 8 3
split_gain=2049.01 749.206 1574.19 645.589 661.452 559.196 782.35 634.79 468.952 449.178 696.63 769.63 500.891 357.283
threshold=-2.3902665021358276 14.319600500000002 13.595078966244612 4.6813965000000008 4.1682328316441355 108.85315700000002 18.809547738835139 9.7589772731986777 12.350074815892842 0.82035187076651017 68.607055500000016 29.808617000000002 0.9998602938203569 22.208853000000001
decision_type=2 2 2 2 2 2 2 2 2 2 2 2 2 2
left_child=1 2 3 4 -1 7 -7 9 -5 -3 -11 12 -12 -8
right_child=-2 5 -4 8 -6 6 13 -9 -10 10 11 -13 -14 -15
leaf_value=0.001039943698554639 0 0.00095429798707828012 -0.055532396893406125 0.00074512829759383918 -0.019803234653399969 0.0014355490751759015 -0.068423428955150925 0.0031148769879968704 -0.018967152506135759 0.0011212208300182295 0.00081429531866627331 -0.00087420307030958546 -0.00091502061754666051 -0.0015257553671611129
leaf_weight=703 175263 3056 3296 17093 1302 85610 716 27879 676 8080 4962 3673 3680 6978
leaf_count=703 175263 3056 3296 17093 1302 85610 716 27879 676 8080 4962 3673 3680 6978
internal_value=0.00288856 0.00604923 -0.000644993 0.00362092 -0.0178953 0.007117 0.00527223 0.0104703 0.00604874 0.00562023 0.00347732 -0.00251076 0.00400833 -0.00694567
internal_weight=342967 167704 23070 19774 2005 144634 93304 51330 17769 23451 20395 12315 8642 7694
internal_count=342967 167704 23070 19774 2005 144634 93304 51330 17769 23451 20395 12315 8642 7694
is_linear=0
shrinkage=0.04


Tree=9
num_leaves=15
num_cat=0
split_feature=10 3 10 3 10 0 3 0 10 10 2 10 9 2
split_gain=1934.25 688.884 1507.87 581.618 643.272 591.256 523.714 773.504 496.809 498.87 458.387 595.529 719.968 679.735
threshold=-2.3902665021358276 14.319600500000002 -13.806375164810428 4.6813965000000008 -4.1835333992990469 12.671970150643647 17.000007500000006 14.084872404612256 -17.747152817537529 -4.4240491861205244 68.607055500000016 -7.7905680447759442 0.16923152508579506 108.07067100000002
decision_type=2 2 2 2 2 2 2 2 2 2 2 2 2 2
left_child=1 2 -1 4 -4 -5 7 8 -3 -10 -8 13 -13 -12
right_child=-2 6 3 5 -6 -7 10 -9 9 -11 11 12 -14 -15
leaf_value=-0.057244001446441858 0 -0.029971336800890241 -0.019331473148278912 0.00071838997439958125 0.0011048987898916282 -0.027576352437548468 0.0015286691032027314 -0.024415165323333678 0.0031088538626000521 5.1215230046281512e-06 0.0022604059819109389 -0.00061697178050942241 0.00052247241336565861 0.001066537334622417
leaf_weight=3023 175366 609 1259 17421 718 549 6732 956 13435 2412 24855 6237 2548 86880
leaf_count=3023 175366 609 1259 17421 718 549 6732 956 13435 2412 24855 6237 2548 86880
internal_value=0.0027881 0.00586039 -0.000574663 0.00341505 -0.0171775 0.00568058 0.00688215 0.0133885 0.0154205 0.016783 0.00599189 0.00542449 -0.0046033 0.00621291
internal_weight=343000 167634 22970 19947 1977 17970 144664 17412 16456 15847 127252 120520 8785 111735
internal_count=343000 167634 22970 19947 1977 17970 144664 17412 16456 15847 127252 120520 8785 111735
is_linear=0
shrinkage=0.04


Tree=10
num_leaves=15
num_cat=0
split_feature=1 3 1 3 3 0 1 1 1 2 1 9 2 9
split_gain=1704.58 657.214 1464.43 580.026 508.946 700.934 495.847 467.513 475.054 445.277 627.832 642.742 591.512 694.161
threshold=2.2967679160299075 14.319600500000002 13.595078966244612 4.6002795000000001 17.000007500000006 14.084872404612256 4.0736761578474843 17.861789742531112 4.254946172028081 68.607055500000016 6.9242875595266584 0.18090693373906161 108.452263 0.28223787195032413
decision_type=2 2 2 2 2 2 2 2 2 2 2 2 2 2
left_child=-1 2 3 6 5 7 -2 8 -3 -6 11 -11 -12 -14
right_child=1 4 -4 -5 9 -7 -8 -9 -10 10 12 -13 13 -15
leaf_value=0 0.0010271492975893286 -1.4734563019835196e-05 -0.052001818292881058 0.00050111800781140251 0.0014015806029725182 -0.023218939446350666 -0.01734353598252537 -0.029242997626339987 0.0028785591082290218 -0.00058867750221809883 0.0019715397813858228 0.00062887017642951825 -0.0010013458795303496 0.0013270298547520393
leaf_weight=174453 498 2401 3278 18357 6962 936 1112 583 13618 5119 27424 1564 14492 72095
leaf_count=174453 498 2401 3278 18357 6962 936 1112 583 13618 5119 27424 1564 14492 72095
internal_value=0.00264993 0.0055201 -0.000724457 0.00334352 0.00651983 0.0129091 -0.019677 0.0148079 0.0160884 0.00564204 0.00507465 -0.00684124 0.00577313 0.00415166
internal_weight=342892 168439 23245 19967 145194 17538 1610 16602 16019 127656 120694 6683 114011 86587
internal_count=342892 168439 23245 19967 145194 17538 1610 16602 16019 127656 120694 6683 114011 86587
is_linear=0
shrinkage=0.04


Tree=11
num_leaves=15
num_cat=0
split_feature=10 3 1 3 10 3 0 1 0 1 3 1 3 10
split_gain=1626.66 629.197 1351.26 551.823 635.055 491.931 664.29 454.692 429.479 425.956 369.862 970.925 1348.65 457.355
threshold=-2.3902665021358276 14.319600500000002 13.595078966244612 4.6813965000000008 -4.3075978776330324 17.000007500000006 14.084872404612256 17.861789742531112 12.671970150643647 4.4220382723516316 40.398829500000005 29.17654475013633 26.505088000000004 -39.540510733079195
decision_type=2 2 2 2 2 2 2 2 2 2 2 2 2 2
left_child=1 2 3 4 -1 6 7 9 -5 -3 11 -7 -13 -14
right_child=-2 5 -4 8 -6 10 -8 -9 -10 -11 -12 12 13 -15
leaf_value=-0.021058251822429676 0 1.4667897136185845e-05 -0.049351077550699451 0.00063512261915958104 0.00068685702411581679 0.0008583353087930108 -0.022098129258621944 -0.027916692743182744 -0.023027505269111806 0.0028320556695821688 0.001688572900023233 -0.12878312019528979 -0.014541630187561595 0.0043848263830637123
leaf_weight=1121 175553 2372 3261 17284 870 77391 961 584 458 13500 40959 1947 1756 5217
leaf_count=1121 175553 2372 3261 17284 870 77391 961 584 458 13500 40959 1947 1756 5217
internal_value=0.00253903 0.0053566 -0.000789771 0.00315208 -0.0168157 0.0063334 0.0126382 0.014526 0.00539285 0.0158014 0.00547057 0.00398512 -0.00851121 -0.000292557
internal_weight=343234 167681 22994 19733 1991 144687 17417 16456 17742 15872 127270 86311 8920 6973
internal_count=343234 167681 22994 19733 1991 144687 17417 16456 17742 15872 127270 86311 8920 6973
is_linear=0
shrinkage=0.04


Tree=12
num_leaves=15
num_cat=0
split_feature=10 3 1 2 3 1 3 1 9 0 0 1 2 9
split_gain=1519.64 586.654 461.63 444.629 464.715 1405.44 766.962 612.539 615.649 558.044 558.032 805.293 545.272 642.248
threshold=-2.3902665021358276 4.6002795000000001 4.0736761578474843 68.607055500000016 14.731003500000002 13.455302545891831 17.000007500000006 6.9242875595266584 0.210793736580101 14.084872404612256 7.6612598508808141 15.936850219379966 108.07067100000002 0.27420167031938175
decision_type=2 2 2 2 2 2 2 2 2 2 2 2 2 2
left_child=1 2 -1 -3 5 -5 9 8 -8 -6 11 -7 -9 -14
right_child=-2 3 -4 4 6 10 7 12 -10 -11 -12 -13 13 -15
leaf_value=0.0010210239415478668 0 0.0012033021062395045 -0.016255377640188008 0.00038722525696714938 0.0022743966239076596 0.011352939413821131 -0.00044897949002240325 0.0018720430913238897 0.0006038498214856479 -0.015587477726508168 -0.056995189811032958 -0.064699611715119273 -0.00098121199720848057 0.0012257321035946129
leaf_weight=468 175266 11818 1136 16199 12492 1180 5548 26559 1042 830 2092 946 14704 72681
leaf_count=468 175266 11818 1136 16199 12492 1180 5548 26559 1042 830 2092 946 14704 72681
internal_value=0.00244996 0.00517201 -0.0189027 0.00540451 0.00483169 -0.000789538 0.0056891 0.0046825 -0.00717451 0.0147966 -0.0213561 -0.0069238 0.00536825 0.00384276
internal_weight=342961 167695 1604 166091 154273 20417 133856 120534 6590 13322 4218 2126 113944 87385
internal_count=342961 167695 1604 166091 154273 20417 133856 120534 6590 13322 4218 2126 113944 87385
is_linear=0
shrinkage=0.04


Tree=13
num_leaves=15
num_cat=0
split_feature=10 3 10 2 0 3 0 1 3 8 8 9 8 3
split_gain=1413.24 787.551 977.021 747.485 593.791 468.077 449.218 565.548 393.517 291.758 333.966 274.703 1044.77 482.983
threshold=-7.0332756760386763 14.002198500000002 -12.608149719772756 108.452263 16.978931713216905 19.820414500000002 10.266628816038951 15.275602393111708 9.5106895000000033 0.9960960661326882 0.82035187076651017 0.035716777817488506 0.99999990486857915 29.808617000000002
decision_type=2 2 2 2 2 2 2 2 2 2 2 2 2 2
left_child=1 2 6 11 9 -6 7 -1 -4 10 -5 12 13 -3
right_child=-2 3 8 4 5 -7 -8 -9 -10 -11 -12 -13 -14 -15
leaf_value=0.0029411863583952923 0 0.00019686418404882402 -0.011025690904570928 0.0012168063145718306 -0.069193345754636579 -0.00067772222847077763 -0.050412813198092793 -0.061845299414067897 0.0016118062263989603 0.013793967521200195 -0.0015075314868925147 0.0025184511936772657 0.0027024066432052418 -0.0091831006703812588
leaf_weight=1142 202856 3011 1201 78125 671 10126 1551 941 4860 2082 3441 19073 12036 1746
leaf_count=1142 202856 3011 1201 78125 671 10126 1551 941 4860 2082 3441 19073 12036 1746
internal_value=0.00235827 0.00544948 -0.00554925 0.00626777 0.00440087 -0.00442716 -0.0219483 -0.00981277 0.00428312 0.00554036 0.00516294 0.0111839 0.00745311 -0.00841707
internal_weight=342862 140006 9695 130311 94445 10797 3634 2083 6061 83648 81566 35866 16793 4757
internal_count=342862 140006 9695 130311 94445 10797 3634 2083 6061 83648 81566 35866 16793 4757
is_linear=0
shrinkage=0.04


Tree=14
num_leaves=15
num_cat=0
split_feature=10 3 1 2 0 3 0 1 3 9 9 3 2 9
split_gain=1300.58 719.745 990.98 653.466 569.129 382.372 380.039 485.673 364.393 286.899 962.609 414.732 458.817 348.405
threshold=-7.0332756760386763 13.908696000000001 12.45990658307055 107.62970750000001 18.809547738835139 21.622888000000003 10.370933550518432 15.275602393111708 9.5106895000000033 0.035716777817488506 4.9091453747096567e-06 29.808617000000002 69.597168000000025 0.00022019494198743941
decision_type=2 2 2 2 2 2 2 2 2 2 2 2 2 2
left_child=1 2 8 9 -5 -6 7 -4 -1 10 -3 13 -13 -12
right_child=-2 3 6 4 5 -7 -8 -9 -10 -11 11 12 -14 -15
leaf_value=-0.010584663268388091 0 0.002458812001547522 0.0019576100156402636 0.0011412673045149062 -0.072847860173824344 -0.0011705315859970274 -0.04756727871014016 -0.06104887178850648 0.0016669512488573146 0.0024360717036455226 -0.0080744836539858485 0.001157341516236876 -0.013172869620136139 0.0011819489522153226
leaf_weight=1219 203073 12051 1095 88316 573 7766 1485 874 4565 17482 618 322 1402 2185
leaf_count=1219 203073 12051 1095 88316 573 7766 1485 874 4565 17482 618 322 1402 2185
internal_value=0.00226374 0.00523061 -0.00555964 0.00599319 0.00431431 -0.00567454 -0.022513 -0.0109904 0.00456432 0.0107575 0.00698757 -0.00873868 -0.0241763 0.000756333
internal_weight=343026 139953 9238 130715 96655 8339 3454 1969 5784 34060 16578 4527 1724 2803
internal_count=343026 139953 9238 130715 96655 8339 3454 1969 5784 34060 16578 4527 1724 2803
is_linear=0
shrinkage=0.04


Tree=15
num_leaves=15
num_cat=0
split_feature=10 3 0 1 2 0 3 3 8 8 3 1 3 10
split_gain=1217.74 679.299 1009.15 744.132 620.079 500.817 361.61 329.607 315.37 487.311 238.348 237.54 398.205 225.956
threshold=-7.0332756760386763 14.114383000000002 12.462310257189307 15.275602393111708 107.62970750000001 18.809547738835139 21.914942000000003 9.5106895000000033 0.99825064101780503 0.83902130552695797 17.220702000000003 9.1544786145243702 13.277705500000001 -10.02624040259912
decision_type=2 2 2 2 2 2 2 2 2 2 2 2 2 2
left_child=1 2 3 7 13 8 -7 -1 9 -6 -11 -9 -13 -3
right_child=-2 4 -4 -5 5 6 -8 11 -10 10 -12 12 -14 -15
leaf_value=-0.010771812244304898 0 0.0026540128847440648 -0.046513511488701427 -0.057474013817906171 0.0011193731623657464 -0.068042094341700471 -0.00087628053735323429 0.0030557136103188148 0.0059331882092623469 0.0033390869624376845 -0.0022872264793664283 -0.0015351180160756229 0.0044495537350777957 0.00048249880976801527
leaf_weight=1206 203056 24984 1408 1068 80432 658 7631 2063 3099 873 3337 2619 1793 8573
leaf_count=1206 203056 24984 1408 1068 80432 658 7631 2063 3099 873 3337 2619 1793 8573
internal_value=0.00215309 0.00502691 -0.00493453 0.000123443 0.00580768 0.00417203 -0.0052262 0.00447338 0.00505989 0.00460103 -0.00866508 0.00804942 0.00281052 0.0104884
internal_weight=342800 139744 10157 8749 129587 96030 8289 7681 87741 84642 4210 6475 4412 33557
internal_count=342800 139744 10157 8749 129587 96030 8289 7681 87741 84642 4210 6475 4412 33557
is_linear=0
shrinkage=0.04


Tree=16
num_leaves=15
num_cat=0
split_feature=10 3 1 2 3 1 3 0 1 1 3 0 1 2
split_gain=1122.06 642.283 497.949 482.137 372.764 1134.02 519.551 773.082 552.625 445.94 425.182 391.075 509.008 385.204
threshold=-2.9070400022903704 4.6813965000000008 4.3376492500442891 68.607055500000016 14.002198500000002 12.838454963253247 17.000007500000006 13.914625225507054 17.861789742531112 7.9573592101050759 15.954180000000003 8.1847568770536032 15.936850219379966 108.07067100000002
decision_type=2 2 2 2 2 2 2 2 2 2 2 2 2 2
left_child=1 2 -1 -3 5 -5 7 8 -6 -8 -9 12 -7 -11
right_child=-2 3 -4 4 6 11 9 10 -10 13 -12 -13 -14 -15
leaf_value=0.0011096408511540711 0 0.0013524337438806002 -0.019910800993515367 0.00031165179258273732 0.0022304951642183298 0.0029722950785397374 -0.00020178152499389997 -0.039480080184972149 -0.033037586203719438 0.0017666880300332905 0.010937991449717077 -0.047362759163819074 -0.071012941982841277 0.00079342971924413583
leaf_weight=723 178634 9716 1094 12830 14714 1108 8617 821 656 24611 444 1675 618 86697
leaf_count=723 178634 9716 1094 12830 14714 1108 8617 821 656 24611 444 1675 618 86697
internal_value=0.00209005 0.00447555 -0.0191745 0.00473998 0.00419056 -0.00154026 0.0048717 0.0114962 0.0139701 0.0039528 -0.0185613 -0.0220759 -0.00871379 0.00463147
internal_weight=342958 164324 1817 162507 152791 16231 136560 16635 15370 119925 1265 3401 1726 111308
internal_count=342958 164324 1817 162507 152791 16231 136560 16635 15370 119925 1265 3401 1726 111308
is_linear=0
shrinkage=0.04


Tree=17
num_leaves=15
num_cat=0
split_feature=10 3 10 3 1 3 0 3 8 10 3 9 3 1
split_gain=1054.4 521.483 330.762 266.443 832.245 1379.88 528.533 1217.07 689.03 480.889 707.266 455.68 774.629 403.008
threshold=-2.2269431231677155 4.5176720000000001 -4.050342004283868 43.385015000000003 29.17654475013633 26.350653000000005 13.757609379611074 15.954180000000003 0.99767660409522396 -17.392184447845157 19.999941500000002 0.053285125653714134 59.230808000000003 5.7287492749090996
decision_type=2 2 2 2 2 2 2 2 2 2 2 2 2 2
left_child=1 2 -1 4 6 -6 -3 -8 -9 10 -10 12 -5 -13
right_child=-2 3 -4 11 5 -7 7 8 9 -11 -12 13 -14 -15
leaf_value=-0.016270317431372947 0 0.00068625189144619987 0.00055415864410935105 0.00080959143844564103 -0.12893545203186105 -0.00030360165731459292 -0.048962852049385663 -0.0019228431848679489 -0.067173381686179423 0.0085906073681326529 0.0016600060603128028 -0.00027472183092990633 -0.0061585527061404546 0.0021832304961450638
leaf_weight=855 174264 104485 371 3279 1871 8631 1543 7216 644 2623 3822 980 1472 31071
leaf_count=855 174264 104485 371 3279 1871 8631 1543 7216 644 2623 3822 980 1472 31071
internal_value=0.00201103 0.00426357 -0.0217292 0.00445367 0.0036079 -0.00719101 0.00455037 -0.00225644 0.00138413 0.0102412 0.00225705 0.00746046 -0.00410019 0.00917413
internal_weight=343127 168863 1226 167637 130835 10502 120333 15848 14305 7089 4466 36802 4751 32051
internal_count=343127 168863 1226 167637 130835 10502 120333 15848 14305 7089 4466 36802 4751 32051
is_linear=0
shrinkage=0.04


Tree=18
num_leaves=15
num_cat=0
split_feature=1 3 1 2 0 0 1 3 9 8 3 3 9 8
split_gain=939.59 592.007 929.258 517.034 476.781 470.028 384.946 473.508 309.255 503.225 302.853 213.119 211.433 847.951
threshold=7.0867308516766707 13.908696000000001 9.2894525810971231 108.07067100000002 12.350074815892842 18.809547738835139 15.53687569956003 10.358374000000003 0.0017718686267304553 0.83902130552695797 21.622888000000003 17.000007500000006 0.035716777817488506 0.99999990486857915
decision_type=2 2 2 2 2 2 2 2 2 2 2 2 2 2
left_child=-1 2 -2 12 6 8 7 -4 -5 -10 -7 -11 13 -3
right_child=1 3 4 5 -6 10 -8 -9 9 11 -12 -13 -14 -15
leaf_value=0 0.0020759576692421077 -0.0016947091899602346 -0.019779798375601523 0.0055822316585444325 -0.043915465848724765 -0.06716708545457839 -0.062481314160374453 0.0012851996674457791 0.0009870531391336086 0.0027196709374430949 -0.0012845275149513081 -0.0023040512798780978 0.0021383478500297572 0.0022738333111621033
leaf_weight=203171 2922 4708 1034 3087 1254 572 815 3256 80409 787 7532 3307 18204 11977
leaf_count=203171 2922 4708 1034 3087 1254 572 815 3256 80409 787 7532 3307 18204 11977
internal_value=0.00187258 0.0043957 -0.0053658 0.00508948 -0.0139456 0.00356971 -0.00851714 -0.0037296 0.00442242 0.00396814 -0.00564659 -0.00971177 0.00925793 0.00600539
internal_weight=343035 139864 9281 130583 6359 95694 5105 4290 87590 84503 8104 4094 34889 16685
internal_count=343035 139864 9281 130583 6359 95694 5105 4290 87590 84503 8104 4094 34889 16685
is_linear=0
shrinkage=0.04


Tree=19
num_leaves=15
num_cat=0
split_feature=10 2 9 9 2 10 1 2 9 8 9 0 10 10
split_gain=908.47 430.394 432.769 236.094 225.996 257.646 270.824 185.937 259.928 654.491 488.666 303.61 246.885 204.615
threshold=-7.7905680447759442 108.07067100000002 0.27420167031938175 0.002549535925532143 111.39678950000003 -14.336414532353144 12.062745603111965 68.607055500000016 0.035716777817488506 0.9999951226700946 0.00028084881037587778 17.905928992042043 -21.130929434325608 -17.949027065726373
decision_type=2 2 2 2 2 2 2 2 2 2 2 2 2 2
left_child=1 7 3 -3 -5 -6 -7 -1 9 10 -9 12 -10 -14
right_child=-2 2 -4 4 5 6 -8 8 11 -11 -12 -13 13 -15
leaf_value=0.0020704144022713885 0 0.0012961150853083325 0.00092609210368107403 0.0013108367779986999 -0.0030553294884403189 -0.0010935882203992045 0.0043341360618133562 -0.021606361831968672 -0.0004559474698865451 0.0019194609370105553 -0.00021740778668113164 0.0076755892276184666 0.0070659786949953188 0.0013216112540140746
leaf_weight=1351 206267 6375 81093 2658 7586 1344 1141 1111 3219 12410 2965 2355 932 11921
leaf_count=1351 206267 6375 81093 2658 7586 1344 1141 1111 3219 12410 2965 2355 932 11921
internal_value=0.0018236 0.00435553 0.00300408 -0.00241206 -0.00555896 -0.00829709 0.00288129 0.00808957 0.00752614 0.00387723 -0.0100294 0.0107907 0.00882529 0.0113063
internal_weight=342728 136461 100197 19104 12729 10071 2485 36264 34913 16486 4076 18427 16072 12853
internal_count=342728 136461 100197 19104 12729 10071 2485 36264 34913 16486 4076 18427 16072 12853
is_linear=0
shrinkage=0.04


Tree=20
num_leaves=15
num_cat=0
split_feature=10 3 1 2 0 3 3 0 10 10 0 1 3 1
split_gain=847.258 604.893 862.698 501.596 415.088 412.569 286.595 269.282 341.2 254.467 198.752 185.702 179.885 837.105
threshold=-7.7905680447759442 13.694287500000002 12.45990658307055 108.07067100000002 20.021147225948877 9.879291000000002 23.718067000000005 10.740879343323153 -14.890500984218724 -9.509748289832979 8.6857129269646673 9.1544786145243702 39.56776150000001 29.17654475013633
decision_type=2 2 2 2 2 2 2 2 2 2 2 2 2 2
left_child=1 2 5 -3 12 9 -6 8 -4 -1 -11 -7 13 -5
right_child=-2 3 7 4 6 11 -8 -9 -10 10 -12 -13 -14 -15
leaf_value=-0.050242261281586535 0 0.0016148328974636709 -0.048023713432403588 0.00092743098221735837 -0.066110694891955646 0.0069972578230909077 -0.0012753308142922398 -0.043498812401092178 0.0013295237507015311 0.0022127947137136638 -0.022735529056112824 0.00067710318305903904 0.001473011442165828 -0.0091980049509744512
leaf_weight=498 206528 33249 869 56322 654 1248 5855 1188 835 778 208 2169 25256 7299
leaf_count=498 206528 33249 869 56322 654 1248 5855 1188 835 778 208 2169 25256 7299
internal_value=0.00179988 0.00424605 -0.00657513 0.00490162 0.00342692 0.00364824 -0.00632355 -0.0239004 -0.0137089 -0.0139623 -0.00219067 0.0112965 0.004141 0.00300718
internal_weight=342956 136428 7793 128635 95386 4901 6509 2892 1704 1484 986 3417 88877 63621
internal_count=342956 136428 7793 128635 95386 4901 6509 2892 1704 1484 986 3417 88877 63621
is_linear=0
shrinkage=0.04


Tree=21
num_leaves=15
num_cat=0
split_feature=10 3 2 3 0 1 3 0 10 2 3 1 0 0
split_gain=785.19 559.163 509.706 263.115 1357.82 902.067 596.392 455.975 447.173 495.873 507.938 894.588 577.89 427.255
threshold=-2.9070400022903704 4.5176720000000001 68.607055500000016 14.731003500000002 13.006805675641909 15.936850219379966 17.000007500000006 14.680098874482505 -11.347218943344322 102.36229750000001 18.601719500000005 19.992062648230661 16.46235589414373 4.5654007466055422
decision_type=2 2 2 2 2 2 2 2 2 2 2 2 2 2
left_child=1 -1 -3 4 5 13 7 -5 9 -8 11 12 -11 -4
right_child=-2 2 3 6 -6 -7 8 -9 -10 10 -12 -13 -14 -15
leaf_value=-0.0093024431878988498 0 0.0012563638801887662 0.0010943346077036775 0.001795528520220771 -0.046392194478386148 -0.059306336464314761 0.0031316259547631339 -0.02908137294064865 -0.00016499912670611932 0.0027283770278182834 0.00087244436981320978 -0.094052826361282843 -0.064630707766875642 -0.00045783323090759111
leaf_weight=1097 178781 9849 7521 12693 1460 1094 12228 495 17198 2474 86183 1440 459 10078
leaf_count=1097 178781 9849 7521 12693 1460 1094 12228 495 17198 2474 86183 1440 459 10078
internal_value=0.00170751 0.00370392 0.00389528 0.00332866 -0.000930879 0.00197079 0.00397327 0.0120473 0.0030858 0.00408468 0.00306374 -0.0102355 0.00244119 0.0041616
internal_weight=343050 164269 163172 153323 20153 18693 133170 13188 119982 102784 90556 4373 2933 17599
internal_count=343050 164269 163172 153323 20153 18693 133170 13188 119982 102784 90556 4373 2933 17599
is_linear=0
shrinkage=0.04


Tree=22
num_leaves=15
num_cat=0
split_feature=10 3 1 2 0 0 3 1 3 3 0 10 3 8
split_gain=727.457 532.527 817.954 428.642 395.015 387.74 312.535 262.633 356.665 197.22 181.958 168.071 281.034 875.438
threshold=-7.7905680447759442 13.599429500000001 9.4265199040228129 108.452263 12.117024453800928 18.510732980593975 20.693895000000001 15.16423868654846 9.879291000000002 9.5106895000000033 8.2539116937354269 -10.02624040259912 51.931405500000004 0.99767660409522396
decision_type=2 2 2 2 2 2 2 2 2 2 2 2 2 2
left_child=1 2 9 11 7 -5 -7 8 -4 10 -1 12 -3 -14
right_child=-2 3 4 5 -6 6 -8 -9 -10 -11 -12 -13 13 -15
leaf_value=0.0027290550032076422 0 0.001678845430721877 -0.041953454618747762 0.0008335639079984741 -0.038712882492788273 -0.07145389827524469 -0.0011845002836373142 -0.054575426292573448 0.00026721407113256213 0.0040774428296365987 -0.020336282839792292 0.00029108249250726524 0.011202838602489842 -0.03309743225979133
leaf_weight=431 206619 25160 541 86453 1033 418 7940 703 2490 1885 242 6715 2135 330
leaf_count=431 206619 25160 541 86453 1033 418 7940 703 2490 1885 242 6715 2135 330
internal_value=0.0016125 0.00387878 -0.00661297 0.00447383 -0.0164044 0.00308698 -0.00513999 -0.0103482 -0.00523919 0.0116341 -0.00695394 0.00830285 0.00968253 0.022572
internal_weight=343095 136476 7325 129151 4767 94811 8358 3734 3031 2558 673 34340 27625 2465
internal_count=343095 136476 7325 129151 4767 94811 8358 3734 3031 2558 673 34340 27625 2465
is_linear=0
shrinkage=0.04


Tree=23
num_leaves=15
num_cat=0
split_feature=10 3 10 2 0 3 3 9 8 1 8 3 0 1
split_gain=625.457 585.747 747.443 413.735 354.627 504.656 320.699 312.614 305.364 523.285 267.825 244.434 230.082 267.745
threshold=-7.7905680447759442 13.496534000000002 -12.038744955692911 108.07067100000002 13.691278076197369 18.777554500000004 9.5106895000000033 0.00044136474134592879 0.99767660409522396 20.298734009150923 0.53130980135126771 23.718067000000005 8.1234889902544563 15.046385841292512
decision_type=2 2 2 2 2 2 2 2 2 2 2 2 2 2
left_child=1 2 12 -3 7 -6 -4 -5 10 -10 -7 -11 13 -1
right_child=-2 3 6 4 5 8 -8 -9 9 11 -12 -13 -14 -15
leaf_value=0.0016320268217187965 0 0.0014320148802399804 -0.012548635023437615 0.039193318370943489 -0.023047865498227439 0.002870217216412208 0.0015611595163354842 0.000773665321314059 0.0083585649164471722 -0.067545460942594823 -0.0016000348115894269 0.00028669411832208308 -0.034227344889493867 -0.042737102958745492
leaf_weight=537 206462 33605 1070 720 1538 1857 3317 78328 1829 440 10071 1214 1346 568
leaf_count=537 206462 33605 1070 720 1538 1857 3317 78328 1829 440 10071 1214 1346 568
internal_value=0.00149337 0.00359484 -0.00781515 0.00419685 0.00285967 -0.0023907 0.00206975 0.00398543 -0.000210239 0.0102096 -0.00325285 -0.00609432 -0.025508 -0.0119819
internal_weight=342902 136440 6838 129602 95997 16949 4387 79048 15411 3483 11928 1654 2451 1105
internal_count=342902 136440 6838 129602 95997 16949 4387 79048 15411 3483 11928 1654 2451 1105
is_linear=0
shrinkage=0.04


Tree=24
num_leaves=15
num_cat=0
split_feature=10 3 2 8 3 3 10 3 0 3 10 3 3 10
split_gain=580.822 517.045 462.983 286.061 545.899 434.749 512.107 1475.99 432.858 361.637 352.657 494.678 339.353 622.203
threshold=-2.9070400022903704 4.5176720000000001 68.607055500000016 0.94256592983472431 61.729847500000005 44.999829500000011 -29.108225407622214 26.505088000000004 13.127822984493767 29.808617000000002 -39.540510733079195 35.766897500000006 25.395358500000004 -22.749766077450435
decision_type=2 2 2 2 2 2 2 2 2 2 2 2 2 2
left_child=1 -1 -3 5 -5 6 7 -4 9 12 11 -9 -8 -14
right_child=-2 2 3 4 -6 -7 8 10 -10 -11 -12 -13 13 -15
leaf_value=-0.009134501519959138 0 0.00118691752419172 -0.11785634194811978 8.4889521384163836e-05 -0.0053330256559746513 0.0016364963451388464 0.0007754738779931549 -0.13014254271874345 -0.0014042422559032879 -8.1918939961891644e-05 0.0041939204942234593 0.00012941552041313128 0.056780429601655504 0.00048510921000053357
leaf_weight=1095 178696 9854 2033 36271 1447 29874 43546 809 6438 15714 6376 1915 3998 4929
leaf_count=1095 178696 9854 2033 36271 1447 29874 43546 809 6438 15714 6376 1915 3998 4929
internal_value=0.0014588 0.00317543 0.00335923 0.00281917 -0.000205737 0.00380587 0.00235826 -0.00564448 0.00355216 0.00448825 0.00123956 -0.0108076 0.00608237 0.013187
internal_weight=342995 164299 163204 153350 37718 115632 85758 11133 74625 68187 9100 2724 52473 8927
internal_count=342995 164299 163204 153350 37718 115632 85758 11133 74625 68187 9100 2724 52473 8927
is_linear=0
shrinkage=0.04


Tree=25
num_leaves=15
num_cat=0
split_feature=10 3 1 3 1 0 3 3 1 3 10 3 1 3
split_gain=569.73 1030.48 479.386 713.721 838.406 1066.03 415.232 371.413 376.887 340.342 536.927 305.836 462.301 1535.3
threshold=-11.061589057147549 13.496534000000002 14.567349143605634 18.777554500000004 19.992062648230661 8.7676869892685811 17.339024500000004 15.954180000000003 15.53687569956003 14.999899500000001 -16.593762680749489 44.999829500000011 29.17654475013633 26.028664000000003
decision_type=2 2 2 2 2 2 2 2 2 2 2 2 2 2
left_child=1 -1 6 4 5 9 -3 -7 -9 10 -4 12 -5 -14
right_child=-2 2 3 11 -6 7 -8 8 -10 -11 -12 -13 13 -15
leaf_value=-0.018386194716530597 0 0.0032226851976995077 -0.052836924628707531 0.00095943342315301793 -0.086466324623262439 -0.046261380099372272 0.00043584429277454263 0.0073921428524067493 -0.018351260647617225 0.0037246447891481262 0.010474312733584573 0.0018892235711334025 -0.12321328005791472 0.00097952265935091895
leaf_weight=2857 222117 9625 595 50847 1556 1273 8601 560 1298 3672 742 27871 1778 9771
leaf_count=2857 222117 9625 595 50847 1556 1273 8601 560 1298 3672 742 27871 1778 9771
internal_value=0.0013829 0.0035907 0.00416452 0.00307674 -0.00723597 -0.00209337 0.0101306 -0.0204024 -0.00899892 0.00935117 -0.0079282 0.00418447 0.00262837 -0.00459607
internal_weight=343163 121046 118189 99963 9696 8140 18226 3131 1858 5009 1337 90267 62396 11549
internal_count=343163 121046 118189 99963 9696 8140 18226 3131 1858 5009 1337 90267 62396 11549
is_linear=0
shrinkage=0.04


Tree=26
num_leaves=15
num_cat=0
split_feature=10 3 1 3 1 0 1 3 3 0 3 0 3 3
split_gain=497.19 904.881 403.933 689.16 791.417 954.919 388.35 531.024 370.336 446.631 284.722 450.85 585.02 280.422
threshold=-11.061589057147549 13.388991500000001 14.706285551157526 18.777554500000004 20.298734009150923 7.5940741168828927 17.479568878969392 15.954180000000003 16.168202500000003 16.46235589414373 17.339024500000004 13.691278076197369 15.437255500000001 43.385015000000003
decision_type=2 2 2 2 2 2 2 2 2 2 2 2 2 2
left_child=1 -1 10 4 5 6 -4 -8 -7 -10 11 -3 -13 -5
right_child=-2 2 3 13 -6 8 7 -9 9 -11 -12 12 -14 -15
leaf_value=-0.019409577331087495 0 0.0039395816514377806 0.0041621464903820703 0.00062678871717863655 -0.093281261726222559 -0.04259474601849543 -0.05294720754866427 0.0070787986134229 0.0020244565194652837 -0.05773211466139852 0.00046246069123505665 -0.003899797953460188 0.020520797708991283 0.0018021331328956392
leaf_weight=2451 221728 8809 2922 60318 1400 1507 602 1009 1407 553 8984 940 484 29675
leaf_count=2451 221728 8809 2922 60318 1400 1507 602 1009 1407 553 8984 940 484 29675
internal_value=0.00131813 0.00337978 0.00387691 0.0028505 -0.00745532 -0.0026 0.00948599 -0.00628181 -0.0184021 -0.00693878 0.00918562 0.0137477 -0.00713483 0.00392697
internal_weight=342789 121061 118610 99393 9400 8000 4533 1611 3467 1960 19217 10233 1424 89993
internal_count=342789 121061 118610 99393 9400 8000 4533 1611 3467 1960 19217 10233 1424 89993
is_linear=0
shrinkage=0.04


Tree=27
num_leaves=15
num_cat=0
split_feature=10 3 0 10 8 9 2 3 0 3 3 0 9 2
split_gain=503.999 443.062 652.622 398.545 323.227 399.647 395.961 408.793 439.776 355.865 313.009 353.897 296.546 270.498
threshold=-7.7905680447759442 13.599429500000001 12.002730159863008 -15.220020493314035 0.99999990486857915 0.035716777817488506 107.62970750000001 51.931405500000004 7.6612598508808141 29.103087000000006 10.000159500000001 8.7676869892685811 0.28223787195032413 68.607055500000016
decision_type=2 2 2 2 2 2 2 2 2 2 2 2 2 2
left_child=1 2 3 -1 5 9 7 -7 -9 -3 11 -5 -8 -11
right_child=-2 4 -4 10 -6 6 12 8 -10 13 -12 -13 -14 -15
leaf_value=-0.049967485088887001 0 -0.00011714820901840916 -0.031654904018781446 0.00011766490636967612 0.0022674983126457077 0.001071806912529504 -0.00076683801558753164 -0.0010516436817333669 0.012177456477455856 0.001156053676989049 0.0026902147551726842 -0.027399288485125978 0.00075801706817987867 -0.0098665352035101767
leaf_weight=666 206500 6020 1085 1382 14818 14753 10808 440 1875 162 3583 625 78526 1967
leaf_count=666 206500 6020 1085 1382 14818 14753 10808 440 1875 162 3583 625 78526 1967
internal_value=0.00132758 0.00321147 -0.00634791 -0.00138107 0.00375391 0.00303481 0.00368865 0.00927115 0.0248985 -0.00550252 0.00210376 -0.0105431 0.00262207 -0.0195585
internal_weight=343210 136710 7341 6256 129369 114551 106402 17068 2315 8149 5590 2007 89334 2129
internal_count=343210 136710 7341 6256 129369 114551 106402 17068 2315 8149 5590 2007 89334 2129
is_linear=0
shrinkage=0.04


Tree=28
num_leaves=15
num_cat=0
split_feature=10 3 1 3 0 10 2 0 3 8 8 3 1 1
split_gain=467.124 314.924 684.579 330.496 322.44 318.042 253.46 322.18 314.951 299.714 356.518 242.462 226.313 212.434
threshold=-7.7905680447759442 13.599429500000001 12.838454963253247 9.5106895000000033 7.5940741168828927 -15.971296663676876 108.07067100000002 18.510732980593975 20.693895000000001 0.99825064101780503 0.82035187076651017 17.220702000000003 9.1544786145243702 14.430392058722973
decision_type=2 2 2 2 2 2 2 2 2 2 2 2 2 2
left_child=1 2 3 -1 5 -4 -3 9 -9 10 -8 13 -5 -12
right_child=-2 6 4 12 -6 -7 7 8 -10 -11 11 -13 -14 -15
leaf_value=-0.011624894264631506 0 0.0012536540561407981 -0.061824998264754912 0.0066125332048263307 -0.039083924615987219 0.0029570434618918242 0.00071817877984964144 -0.06856385594351741 -0.0011172055706961943 0.0051758816275987067 0.011870794690903574 -0.0020437838808706672 0.00024518694129578063 -0.025969113434154534
leaf_weight=1074 206215 33365 379 1385 1286 677 79628 437 8123 2997 854 3472 2515 307
leaf_count=1074 206215 33365 379 1385 1286 677 79628 437 8123 2997 854 3472 2515 307
internal_value=0.00127208 0.0030872 -0.00498633 0.00340973 -0.0228181 -0.00643939 0.00354443 0.0024989 -0.00490654 0.00322538 0.00278326 -0.00800345 0.00882051 0.00782084
internal_weight=342714 136499 7316 4974 2342 1056 129183 95818 8560 87258 84261 4633 3900 1161
internal_count=342714 136499 7316 4974 2342 1056 129183 95818 8560 87258 84261 4633 3900 1161
is_linear=0
shrinkage=0.04


Tree=29
num_leaves=15
num_cat=0
split_feature=1 3 0 1 3 2 0 3 8 8 3 0 1 0
split_gain=404.735 265.995 686.886 397.911 315.04 245.373 283.801 325.352 278.86 277.732 245.422 530.281 208.662 198.522
threshold=7.7848623963572328 13.496534000000002 12.002730159863008 15.16423868654846 9.5106895000000033 108.07067100000002 18.510732980593975 20.693895000000001 0.99964354798514454 0.82035187076651017 19.820414500000002 13.757609379611074 9.1544786145243702 8.2539116937354269
decision_type=2 2 2 2 2 2 2 2 2 2 2 2 2 2
left_child=-1 2 3 4 13 -3 8 -8 9 -7 11 -10 -6 -2
right_child=1 5 -4 -5 12 6 7 -9 10 -11 -12 -13 -14 -15
leaf_value=0 -0.000341015445999428 0.0012061407907940111 -0.032031756739709226 -0.048595353131527991 0.0063771986455921281 0.00068148369846958337 -0.063978373662517921 -0.0010256646612797457 0.037302628621406562 -0.0011227225260867376 0.065192024411472135 -0.013767751099326847 0.00035838579530852739 -0.035234088056118419
leaf_weight=206541 630 33526 956 610 1409 79892 444 8128 718 5351 691 883 2848 430
leaf_count=206541 630 33526 956 610 1409 79892 444 8128 718 5351 691 883 2848 430
internal_value=0.00120143 0.00289138 -0.00477118 0.000303695 0.00381418 0.00329823 0.00227039 -0.00467569 0.00295059 0.00258039 0.016719 0.00811993 0.00867277 -0.0156981
internal_weight=343057 136516 6883 5927 5317 129633 96107 8572 87535 85243 2292 1601 4257 1060
internal_count=343057 136516 6883 5927 5317 129633 96107 8572 87535 85243 2292 1601 4257 1060
is_linear=0
shrinkage=0.04


Tree=30
num_leaves=15
num_cat=0
split_feature=10 2 8 3 3 10 2 2 1 3 3 0 1 3
split_gain=326.995 358.465 325.505 464.475 351.386 380.147 539.881 395.552 287.825 1502.27 371.587 501.177 312.027 276.762
threshold=-2.2269431231677155 68.607055500000016 0.94256592983472431 61.729847500000005 44.999829500000011 -5.6286734728834498 109.21984500000001 84.757812500000014 29.17654475013633 26.028664000000003 29.103087000000006 11.075322722997972 40.957603454362648 23.917122000000003
decision_type=2 2 2 2 2 2 2 2 2 2 2 2 2 2
left_child=1 -1 4 -4 8 6 7 -6 10 -10 11 13 -11 -3
right_child=-2 2 3 -5 5 -7 -8 -9 9 12 -12 -13 -14 -15
leaf_value=0.00077980008807360297 0 0.00060778909152295172 -8.4910458111470239e-05 -0.0052501886676068832 0.00036318999058929688 -0.00033285033082135082 0.0010434107437537043 0.0060229773321912481 -0.11645443714119895 0.0040047613422971688 -0.00023717793977883657 -0.0010732719113329459 -0.011849916792651665 0.0026836389332009197
leaf_weight=12950 174121 35934 38288 1447 2074 871 22731 4067 1777 7423 19174 7122 1725 12931
leaf_count=12950 174121 35934 38288 1447 2074 871 22731 4067 1777 7423 19174 7122 1725 12931
internal_value=0.00106632 0.00232242 0.00179013 -0.00133384 0.0028618 0.00660996 0.0073954 0.0179189 0.00156681 -0.00449977 0.00244861 0.00409452 0.0020376 0.00553934
internal_weight=342635 168514 155564 39735 115829 29743 28872 6141 86086 10925 75161 55987 9148 48865
internal_count=342635 168514 155564 39735 115829 29743 28872 6141 86086 10925 75161 55987 9148 48865
is_linear=0
shrinkage=0.04


Tree=31
num_leaves=15
num_cat=0
split_feature=10 3 0 3 1 1 3 3 1 3 8 1 3 3
split_gain=324.125 249.714 474.407 1431.08 536.097 443.154 1398.52 388.667 355.432 324.263 384.544 615.808 430.685 298.735
threshold=-7.7905680447759442 44.999829500000011 13.006805675641909 15.225621500000001 14.706285551157526 29.17654475013633 26.350653000000005 29.808617000000002 40.516501920913122 18.777554500000004 0.99767660409522396 18.001349422083006 20.355856000000003 36.56279150000001
decision_type=2 2 2 2 2 2 2 2 2 2 2 2 2 2
left_child=1 2 5 -4 -5 7 -7 -1 -8 -6 -11 -12 -13 -10
right_child=-2 -3 3 4 9 6 8 -9 13 10 11 12 -14 -15
leaf_value=0.0010844270756556079 0 0.0012760894782954458 -0.02150314273153615 0.0083386281519254521 -0.021342879476837093 -0.10945810772378829 0.0045917328256238361 -0.00019580431136412613 -0.1514324780695043 -0.0012685574991344742 0.011062506737758101 -0.0088352199886165654 0.0010323007345561215 -0.0011698907852696959
leaf_weight=58981 206438 30679 2369 2000 1606 1860 5511 15486 563 10257 1573 466 3782 1479
leaf_count=58981 206438 30679 2369 2000 1606 1860 5511 15486 563 10257 1573 466 3782 1479
internal_value=0.00102539 0.00253682 0.00161649 -0.00360404 -6.90916e-05 0.00298903 -0.00518857 0.00402272 0.0024626 -0.00228907 -0.000577186 0.00763443 -0.000282486 -0.0117924
internal_weight=343050 136612 105933 22053 19684 83880 9413 74467 7553 17684 16078 5821 4248 2042
internal_count=343050 136612 105933 22053 19684 83880 9413 74467 7553 17684 16078 5821 4248 2042
is_linear=0
shrinkage=0.04


Tree=32
num_leaves=15
num_cat=0
split_feature=10 2 0 0 2 10 8 1 8 10 10 0 2 10
split_gain=337.29 291.402 306.232 178.987 649.715 309.03 213.638 193.484 171.126 162.243 208.738 171.499 186.426 168.781
threshold=-7.7905680447759442 108.07067100000002 17.211837463213008 4.5654007466055422 68.607055500000016 -3.9205477163869991 0.95665779578962618 6.9242875595266584 0.82035187076651017 -19.97067504843324 -27.155948064196227 6.9621067213805157 115.61061500000001 -17.392184447845157
decision_type=2 2 2 2 2 2 2 2 2 2 2 2 2 2
left_child=1 -1 9 5 -5 -2 7 -6 -9 10 11 -3 -13 -11
right_child=3 2 -4 4 6 -7 -8 8 -10 13 -12 12 -14 -15
leaf_value=0.00099275959917623918 0.00042252284896221752 -0.00029997058056697805 -0.0017289231172554697 0.0012032578675186443 -0.00025605487645471758 0 -0.0031004724911417553 -9.5268345395862217e-05 0.0021743367432395903 -0.00056349902161763386 0.0016381493113157414 -0.0001921863093267437 0.0033452307024509648 0.00022654640875652277
leaf_weight=36398 9449 18707 10586 3616 2060 184247 6175 454 459 12347 21563 4923 7453 24762
leaf_count=36398 9449 18707 10586 3616 2060 184247 6175 454 459 12347 21563 4923 7453 24762
internal_value=0.0010331 0.00257395 0.00146182 1.25932e-05 -0.00457537 0.000314926 -0.0102492 -0.00143962 0.0138883 0.00222071 0.00364852 0.00155069 0.00520362 0.000195101
internal_weight=343199 136739 100341 206460 12764 193696 9148 2973 913 89755 52646 31083 12376 37109
internal_count=343199 136739 100341 206460 12764 193696 9148 2973 913 89755 52646 31083 12376 37109
is_linear=0
shrinkage=0.04


Tree=33
num_leaves=15
num_cat=0
split_feature=10 3 1 2 3 10 3 1 9 3 0 10 3 0
split_gain=312.585 408.807 583.205 439.463 251.417 938.46 440.397 439.215 621.824 210.073 758.61 448.602 315.944 679.581
threshold=-2.9070400022903704 4.6813965000000008 4.3376492500442891 68.607055500000016 5.736390000000001 -4.7876769154986905 5.3289600000000013 6.9242875595266584 0.21622493661835743 13.800271000000002 12.773994429072696 -15.971296663676876 17.000007500000006 14.084872404612256
decision_type=2 2 2 2 2 2 2 2 2 2 2 2 2 2
left_child=1 2 -1 -3 5 6 -5 8 -6 10 11 -9 13 -11
right_child=-2 3 -4 4 7 -7 -8 9 -10 12 -12 -13 -14 -15
leaf_value=0.0016660256614416248 0 0.0010525915684587662 -0.018634521954750235 -0.015361997844751396 -0.00045761476896037824 0.0082730747887714336 0.0034110216725042304 -0.057453332894726032 0.00067309350936331763 0.0016630565824164011 -0.038714255362200356 0.00039545227626231003 0.00041743983956247675 -0.023990099215365941
leaf_weight=713 178815 9708 1083 797 8606 2823 459 541 1648 14638 905 7179 113957 1133
leaf_count=713 178815 9708 1083 797 8606 2823 459 541 1648 14638 905 7179 113957 1133
internal_value=0.00101526 0.00227541 -0.0167038 0.00248531 0.00196063 0.0117578 -0.0170064 0.00169171 -0.00629608 0.00228372 -0.00376116 0.000300518 0.00268562 0.00799188
internal_weight=343005 164190 1796 162394 152686 4079 1256 148607 10254 138353 8625 7720 129728 15771
internal_count=343005 164190 1796 162394 152686 4079 1256 148607 10254 138353 8625 7720 129728 15771
is_linear=0
shrinkage=0.04


Tree=34
num_leaves=15
num_cat=0
split_feature=10 3 1 3 3 0 1 3 1 3 9 1 3 0
split_gain=326.485 738.207 398.264 671.949 442.975 347.512 694.563 322.427 344.193 1260.36 404.622 322.597 345.803 384.234
threshold=-11.60354355501641 13.388991500000001 14.567349143605634 14.999899500000001 17.339024500000004 4.2432714350900422 16.797625578197469 43.385015000000003 29.17654475013633 26.028664000000003 0.95139891749418026 40.516501920913122 33.024982000000008 6.1933638113108982
decision_type=2 2 2 2 2 2 2 2 2 2 2 2 2 2
left_child=1 -1 4 5 -3 6 -4 8 10 -10 -5 12 -11 -14
right_child=-2 2 3 7 -6 -7 -8 -9 9 11 -12 -13 13 -15
leaf_value=-0.016840518811178883 0 0.0031833637087622592 0.020848208077077574 0.00035793891305397176 0.00019785203106453209 -0.046383501659862589 -0.048859642977937108 0.0014981327130289407 -0.10843847846205204 -0.0061516262553974735 0.036451849649099616 -0.014624529798286967 0.056631835413157375 0.0016900410773152349
leaf_weight=2258 224275 9034 494 56422 7378 1236 464 29885 1779 2543 1168 1715 1349 3169
leaf_count=2258 224275 9034 494 56422 7378 1236 464 29885 1779 2543 1168 1715 1349 3169
internal_value=0.000869776 0.0025643 0.00300285 0.00205699 0.00877894 -0.0198359 -0.00175365 0.00254698 0.00102781 -0.00561251 0.00224483 0.000610757 0.00439031 0.0110314
internal_weight=343169 118894 116636 100224 16412 2194 958 98030 68145 10555 57590 8776 7061 4518
internal_count=343169 118894 116636 100224 16412 2194 958 98030 68145 10555 57590 8776 7061 4518
is_linear=0
shrinkage=0.04


Tree=35
num_leaves=15
num_cat=0
split_feature=1 3 2 3 8 0 3 1 3 2 0 1 0 9
split_gain=284.508 617.929 426.16 344.043 600.034 311.027 500.098 277.392 572.215 335.11 275.383 253.454 185.02 163.268
threshold=11.427886735388574 13.388991500000001 108.07067100000002 51.931405500000004 0.99767660409522396 17.211837463213008 20.000043500000004 14.430392058722973 15.954180000000003 88.288422000000011 12.117024453800928 13.922959794807237 10.161107067985379 0.002549535925532143
decision_type=2 2 2 2 2 2 2 2 2 2 2 2 2 2
left_child=-1 10 3 7 -5 -4 -7 9 12 -3 11 -2 -9 -8
right_child=1 2 5 4 -6 6 13 8 -10 -11 -12 -13 -14 -15
leaf_value=0 0.0019058181433465016 0.00042729581511485621 0.00054595374274329705 0.0098593958650369413 -0.043114524708965603 -0.036331118719764327 0.001267582385360127 -7.2633924166719681e-05 0.001449784432656994 0.0035285781966143187 -0.029720817758408128 -0.030061448346283038 -0.041798273754690259 -0.0017604576774110246
leaf_weight=223022 695 4121 83357 1924 218 877 2613 338 11528 4626 782 862 699 7110
leaf_count=223022 695 4121 83357 1924 218 877 2613 338 11528 4626 782 862 699 7110
internal_value=0.000811618 0.0023843 0.00278986 0.0076132 0.0228945 0.00158583 -0.00486792 0.00607733 0.0022698 0.0115468 -0.0179735 -0.00824663 -0.0261909 -0.00225856
internal_weight=342772 119750 117411 23454 2142 93957 10600 21312 12565 8747 2339 1557 1037 9723
internal_count=342772 119750 117411 23454 2142 93957 10600 21312 12565 8747 2339 1557 1037 9723
is_linear=0
shrinkage=0.04


Tree=36
num_leaves=15
num_cat=0
split_feature=1 3 2 3 8 0 3 0 1 3 2 1 0 8
split_gain=266.202 540.245 368.331 337.012 666.755 287.903 467.056 274.678 254.104 522.174 322.363 211.859 211.81 196.234
threshold=11.042083002248461 13.277705500000001 108.452263 51.931405500000004 0.99767660409522396 17.905928992042043 20.355856000000003 12.002730159863008 14.430392058722973 15.954180000000003 87.115097000000006 13.922959794807237 10.61895060877584 0.87681627662944339
decision_type=2 2 2 2 2 2 2 2 2 2 2 2 2 2
left_child=-1 7 3 8 -5 -4 -7 11 10 12 13 -2 -10 -3
right_child=1 2 5 4 -6 6 -8 -9 9 -11 -12 -13 -14 -15
leaf_value=0 0.0016040576086228735 -0.0012007231334962036 0.00048476620057795488 0.0088231088885945309 -0.038323472466816666 -0.038907429250961884 -0.0008923688742360819 -0.030090346765456008 -6.8038365738735672e-05 0.0013195902044527881 0.0029004463272223804 -0.03026359531367856 -0.041227803586568509 0.0009187606622137024
leaf_weight=221476 658 888 84235 2065 252 725 8618 673 411 12078 5630 707 733 3683
leaf_count=221476 658 888 84235 2065 252 725 8618 673 411 12078 5630 707 733 3683
internal_value=0.000779741 0.00228551 0.0026343 0.00687179 0.0214243 0.00146872 -0.00519319 -0.0181354 0.00543227 0.0017728 0.0101755 -0.00782418 -0.0240559 0.00228396
internal_weight=342832 121356 119318 25740 2317 93578 9343 2038 23423 13222 10201 1365 1144 4571
internal_count=342832 121356 119318 25740 2317 93578 9343 2038 23423 13222 10201 1365 1144 4571
is_linear=0
shrinkage=0.04


Tree=37
num_leaves=15
num_cat=0
split_feature=10 3 2 3 8 1 3 0 2 0 3 10 0 1
split_gain=282.407 637.532 368.582 320.99 553.818 257.149 458.578 235.818 233.295 212.903 265.215 180.386 188.907 191.436
threshold=-11.60354355501641 13.388991500000001 108.07067100000002 51.931405500000004 0.99767660409522396 14.567349143605634 15.649953000000002 12.350074815892842 88.288422000000011 20.021147225948877 22.401191000000001 -15.971296663676876 6.4330500164967388 13.696152190840561
decision_type=2 2 2 2 2 2 2 2 2 2 2 2 2 2
left_child=1 7 3 5 -5 8 -7 11 -3 -4 -11 -1 -13 -14
right_child=-2 2 9 4 -6 6 -8 -9 -10 10 -12 12 13 -15
leaf_value=-0.062581617534086129 0 0.00044114585515120472 0.0004937559843162828 0.0088858448999998268 -0.040278724373020741 -0.035211341327421326 0.0013083667685331801 -0.031187455908807529 0.0032966118414523354 -0.071397732583983797 -0.0013043320665900384 0.0044938328786093386 6.4282492177282212e-05 -0.033325580029728873
leaf_weight=332 224278 3772 87166 1913 207 871 11447 708 4689 377 6134 435 509 300
leaf_count=332 224278 3772 87166 1913 207 871 11447 708 4689 377 6134 435 509 300
internal_value=0.000788837 0.00236514 0.00277519 0.00732434 0.0221509 0.00581164 0.00212372 -0.0185639 0.0111807 0.00166316 -0.00531408 -0.00994924 -0.0029582 -0.0143881
internal_weight=343138 118860 116576 22899 2120 20779 12318 2284 8461 93677 6511 1576 1244 809
internal_count=343138 118860 116576 22899 2120 20779 12318 2284 8461 93677 6511 1576 1244 809
is_linear=0
shrinkage=0.04


Tree=38
num_leaves=15
num_cat=0
split_feature=1 3 2 3 8 0 0 1 3 2 3 1 8 0
split_gain=234.479 492.692 308.129 376.083 625.267 270.573 256.053 219.214 382.601 234.602 215.091 208.458 182.28 179.315
threshold=11.042083002248461 13.277705500000001 109.55030050000001 51.931405500000004 0.99767660409522396 20.021147225948877 12.002730159863008 14.706285551157526 14.999899500000001 87.115097000000006 22.401191000000001 13.922959794807237 0.87681627662944339 10.61895060877584
decision_type=2 2 2 2 2 2 2 2 2 2 2 2 2 2
left_child=-1 6 3 7 -5 -4 11 9 -9 12 -7 -2 -3 -10
right_child=1 2 5 4 -6 10 -8 8 13 -11 -12 -13 -14 -15
leaf_value=0 0.0015373240045908677 -0.0011860213655122719 0.00042251011595990012 0.00704626085726509 -0.035839723659533466 -0.068541823280624442 -0.025852572538316746 -0.045062054570326436 0.0023740587400606196 0.0024798046504162057 -0.002039799315159158 -0.027655515853138985 0.00082220827138208222 1.8856296659192641e-05
leaf_weight=221509 644 891 85315 2468 250 353 693 549 3403 6548 5426 748 3757 10329
leaf_count=221509 644 891 85315 2468 250 353 693 549 3403 6548 5426 748 3757 10329
internal_value=0.000731678 0.00214478 0.0024817 0.00613584 0.0202796 0.00135069 -0.0171319 0.00462692 0.00134164 0.00881743 -0.00702544 -0.00724138 0.00194492 0.00265074
internal_weight=342883 121374 119289 28195 2718 91094 2085 25477 14281 11196 5779 1392 4648 13732
internal_count=342883 121374 119289 28195 2718 91094 2085 25477 14281 11196 5779 1392 4648 13732
is_linear=0
shrinkage=0.04


Tree=39
num_leaves=15
num_cat=0
split_feature=10 0 3 2 1 3 3 1 3 1 9 2 2 3
split_gain=229.85 360.743 1324.14 511.178 437.507 284.208 482.402 297.823 238.892 254.446 226.551 238.063 217.347 192.448
threshold=-7.2906628353537792 4.3830773471941811 5.1682955000000002 70.286045000000016 3.895712535452208 4.4289150000000008 5.736390000000001 4.565384883537658 5.736390000000001 5.0482136736472123 0.18090693373906161 67.506882000000004 67.506882000000004 4.9999920000000015
decision_type=2 2 2 2 2 2 2 2 2 2 2 2 2 2
left_child=12 4 -3 -4 -2 -6 7 -7 9 -5 11 -8 -1 -9
right_child=1 2 3 8 5 6 10 13 -10 -11 -12 -13 -14 -15
leaf_value=0.001975053773843148 0 -0.010598147514384797 0.0013016683521516654 0.0086681290836405477 -0.0046497339354230503 0.015697517211072189 0.00072993961416143534 -0.011946011888633984 -0.00044468034626493614 -0.0071402489115411352 0.00086388678346322172 -0.00071685000539543269 0.00034791163670204017 0.0018178194003836965
leaf_weight=1186 183752 2238 3872 720 319 1829 934 226 6298 200 1829 1447 137601 351
leaf_count=1186 183752 2238 3872 720 319 1829 934 226 6298 200 1829 1447 137601 351
internal_value=0.000715865 -0.000138421 -0.0065006 -0.00083679 0.000306261 0.0101687 0.0119468 0.0262344 -0.00712663 0.011913 0.00378147 -0.00435111 0.00197165 0.00117851
internal_weight=342802 204015 13328 11090 190687 6935 6616 2406 7218 920 4210 2381 138787 577
internal_count=342802 204015 13328 11090 190687 6935 6616 2406 7218 920 4210 2381 138787 577
is_linear=0
shrinkage=0.04


Tree=40
num_leaves=15
num_cat=0
split_feature=10 2 3 10 3 0 1 8 0 3 3 8 2 2
split_gain=183.54 459.686 415.795 704.377 512.497 543.088 337.235 589.281 244.656 229.638 181.625 456.016 367.715 338.561
threshold=-2.9070400022903704 68.607055500000016 4.9416075000000008 -4.4240491861205244 5.736390000000001 4.7777204438456016 6.9242875595266584 0.82035187076651017 5.0445412519327606 5.3289600000000013 44.999829500000011 0.94781035889857923 109.55030050000001 84.757812500000014
decision_type=2 2 2 2 2 2 2 2 2 2 2 2 2 2
left_child=1 -1 3 -3 5 -4 7 8 -6 -7 -8 12 13 -12
right_child=-2 2 4 -5 6 9 10 -9 -10 -11 11 -13 -14 -15
leaf_value=0.00094439649378363834 0 -0.016379519590238964 0.0090197152424615536 0.001451760022677009 0.00088589670941057743 -0.011743649267380021 0.00015260286742942205 -0.00053890229156521865 -0.00025494920792046419 0.0012724837153325747 2.3102734116190462e-05 -0.0033334086905712325 0.00074508972234947179 0.0050823489389766356
leaf_weight=10017 178704 1364 2552 925 2053 338 107970 7960 297 325 1839 1870 22661 4123
leaf_count=10017 178704 1364 2552 925 2053 338 107970 7960 297 325 1839 1870 22661 4123
internal_value=0.000750442 0.00171546 0.00117633 -0.0157449 0.00143117 0.0172317 0.00108971 -0.00588943 0.0117106 -0.0150226 0.00160938 0.00433542 0.00558572 0.0144247
internal_weight=342998 164294 154277 2289 151988 3215 148773 10310 2350 663 138463 30493 28623 5962
internal_count=342998 164294 154277 2289 151988 3215 148773 10310 2350 663 138463 30493 28623 5962
is_linear=0
shrinkage=0.04


Tree=41
num_leaves=15
num_cat=0
split_feature=1 3 2 1 3 3 0 1 3 3 1 0 1 3
split_gain=171.652 548.88 257.641 184.887 350.497 233.612 323.599 553.159 221.291 454.57 598.353 406.437 211.606 897.045
threshold=11.609251106093916 13.277705500000001 105.75604600000001 12.719360645495774 17.220702000000003 15.000312500000001 11.184210301923478 16.368215035688554 17.000007500000006 18.429024500000001 19.992062648230661 16.176031729651605 19.386127306158961 22.978312000000003
decision_type=2 2 2 2 2 2 2 2 2 2 2 2 2 2
left_child=-1 -2 -3 4 -4 6 7 -5 -7 10 11 -10 13 -11
right_child=1 2 3 5 -6 8 -8 -9 9 12 -12 -13 -14 -15
leaf_value=0 -0.015075278358390336 0.0014996408995139262 0.036973545282695877 0.0023647554340646259 -0.00072608121859326193 0.008854636439203924 -0.0099435428620380153 -0.030086918853256553 0.0020811928974297589 0.0017797433763698412 -0.084745159388939659 -0.052108742134554985 0.00085572962413839847 -0.00088509049223209823
leaf_weight=223940 1928 19320 1191 2190 803 4079 1277 1048 1929 6585 1252 413 64771 11924
leaf_count=223940 1928 19320 1191 2190 803 4079 1277 1048 1929 6585 1252 413 64771 11924
internal_value=0.000602714 0.00183236 0.00218184 0.00134534 0.0134002 0.00109356 -0.00778738 -0.00106238 0.00153442 0.00110689 -0.0128214 -0.00088813 0.00170797 -0.00206386
internal_weight=342650 118710 116782 97462 1994 95468 4515 3238 90953 86874 3594 2342 83280 18509
internal_count=342650 118710 116782 97462 1994 95468 4515 3238 90953 86874 3594 2342 83280 18509
is_linear=0
shrinkage=0.04


Tree=42
num_leaves=15
num_cat=0
split_feature=1 3 2 8 8 1 8 0 3 8 1 3 2 1
split_gain=164.849 460.931 233.803 194.574 310.546 283.898 257.108 191.289 630.874 597.751 268.013 408.141 250.143 243.399
threshold=11.609251106093916 13.164934500000003 101.491112 0.96495340481770153 0.99999990486857915 34.327855421369527 0.99046741302362395 13.127822984493767 15.326066000000003 0.99968267633779362 15.046385841292512 18.429024500000001 150.02795450000005 18.311716409104239
decision_type=2 2 2 2 2 2 2 2 2 2 2 2 2 2
left_child=-1 -2 3 5 6 -3 -5 9 -9 -4 -10 -12 13 -13
right_child=1 2 7 4 -6 -7 -8 8 10 -11 11 12 -14 -15
leaf_value=0 -0.015398091584018144 0.0028819876077479595 0.00044413478305643973 0.00036320887945887807 0.0015600189592267955 -0.012366625130185851 -0.020528840012465795 -0.015830275609703133 0.019993914023678942 0.052069907964146268 -0.033230061399366823 0.002055306438580371 -0.0036065804519061994 -0.00026818774129358985
leaf_weight=223876 1525 6449 78588 726 6522 718 670 1258 697 928 964 2948 386 16574
leaf_count=223876 1525 6449 78588 726 6522 718 670 1258 697 928 964 2948 386 16574
internal_value=0.000580581 0.0017839 0.00206765 0.00671661 0.00239454 0.0114916 -0.0147278 0.00138241 -0.00184518 0.00230897 -0.000239232 -0.00105404 0.000176813 0.000807294
internal_weight=342829 118953 117428 15085 7918 7167 1396 102343 22827 79516 21569 20872 19908 19522
internal_count=342829 118953 117428 15085 7918 7167 1396 102343 22827 79516 21569 20872 19908 19522
is_linear=0
shrinkage=0.04


Tree=43
num_leaves=15
num_cat=0
split_feature=10 3 0 2 10 0 1 3 8 0 9 3 8 1
split_gain=188.42 468.494 300.206 231.704 213.513 283.537 245.524 201.148 507.628 186.332 390.767 353.697 308.464 548.391
threshold=-11.60354355501641 13.496534000000002 12.89327829803284 105.75604600000001 -16.387973313047798 6.1933638113108982 13.696152190840561 51.931405500000004 0.99767660409522396 13.757609379611074 0.00044136474134592879 18.777554500000004 0.99767660409522396 18.311716409104239
decision_type=2 2 2 2 2 2 2 2 2 2 2 2 2 2
left_child=1 2 4 7 -1 -6 -7 -3 -9 10 -5 -11 -13 -14
right_child=-2 3 -4 9 5 6 -8 8 -10 11 -12 12 13 -15
leaf_value=-0.063354978998096806 0 0.0010997318703207359 -0.035025336327352663 0.027608398935823054 0.0074681229469148597 0.00016112916926753207 -0.030280595280138808 0.010159990988646702 -0.034221512122806955 -0.022932605691178564 0.0004641054753993382 -0.00087020580887887803 0.024822549432792461 -6.7592130529674633e-05
leaf_weight=320 224163 17543 597 925 513 780 432 1457 201 1597 77975 12819 1116 2688
leaf_count=320 224163 17543 597 925 513 780 432 1457 201 1597 77975 12819 1116 2688
internal_value=0.000592552 0.00187924 -0.0147767 0.00225755 -0.00749144 -0.00192464 -0.0124752 0.00627259 0.0195899 0.00146376 0.0023057 -0.00218222 -0.000454792 0.00954784
internal_weight=343126 118963 2642 116321 2045 1725 1212 19201 1658 97120 78900 18220 16623 3804
internal_count=343126 118963 2642 116321 2045 1725 1212 19201 1658 97120 78900 18220 16623 3804
is_linear=0
shrinkage=0.04


Tree=44
num_leaves=15
num_cat=0
split_feature=10 3 3 10 0 10 3 1 3 10 8 2 3 3
split_gain=140.609 1259.17 511.899 1945.8 705.669 352.461 614.25 278.435 655.475 332.621 317.474 313.248 299.742 278.325
threshold=-19.280126907799353 18.429024500000001 24.119348000000006 -25.195282185311036 9.7489374515884766 -23.009822510879143 21.527772000000002 29.17654475013633 33.331583000000009 -30.828110072552203 0.049017117399899841 99.82328050000001 29.103087000000006 25.721242500000006
decision_type=2 2 2 2 2 2 2 2 2 2 2 2 2 2
left_child=1 -1 3 -3 5 6 -5 10 9 -9 -4 -12 -13 -11
right_child=-2 2 7 4 -6 -7 -8 8 -10 13 11 12 -14 -15
leaf_value=-0.07175279984853139 0 -0.085593906731125977 0.11235574424743111 -0.049916164128596438 -0.0138887137947621 0.0050054129127671499 0.013607189822618606 -0.059079194609139983 0.0013665382853045055 -0.033614365033992087 0.0043426678192155961 0.0028840826332060315 0.0004465505921525221 0.011217974370477359
leaf_weight=1779 270173 3426 503 857 2158 4733 1265 2356 25851 366 1563 10950 16082 985
leaf_count=1779 270173 3426 503 857 2158 4733 1265 2356 25851 366 1563 10950 16082 985
internal_value=0.000493577 0.00205286 0.00288459 -0.00448589 0.00526795 0.0115478 -0.00199811 0.00444763 0.00171324 -0.0140167 0.00722524 0.0066711 0.0056644 0.00180607
internal_weight=343047 72874 71095 12439 9013 6855 2122 58656 29558 3707 29098 28595 27032 1351
internal_count=343047 72874 71095 12439 9013 6855 2122 58656 29558 3707 29098 28595 27032 1351
is_linear=0
shrinkage=0.04


Tree=45
num_leaves=15
num_cat=0
split_feature=10 0 3 2 10 3 1 3 3 9 3 1 1 3
split_gain=137.917 266.988 997.746 495.278 361.212 262.819 443.966 391.876 208.923 227 227.57 230.333 218.801 207.651
threshold=-7.7905680447759442 4.3432576256710655 5.1682955000000002 71.11269750000001 -3.7930635067651681 5.736390000000001 4.7564487831014768 4.4289150000000008 5.736390000000001 0.044205450880787651 63.048773000000004 6.9242875595266584 4.9497312538632725 5.0890805000000006
decision_type=2 2 2 2 2 2 2 2 2 2 2 2 2 2
left_child=-1 4 -3 -4 5 6 7 -2 12 -10 11 -11 -5 -8
right_child=1 2 3 8 -6 -7 13 -9 9 10 -12 -13 -14 -15
leaf_value=0.00029519001920875137 -0.0029099799920985943 -0.0088454218480615195 0.0011903127583093359 0.0099177923310119695 0 0.00017153481072029779 -0.010868097832099717 0.015581083059573973 -0.001786456642187515 -0.00037883248587989833 0.000335884741752763 0.00081377963953939848 -0.0044704283975932676 0.007363316570672249
leaf_weight=136516 267 2393 4555 646 183017 5202 300 1895 4255 1728 927 742 287 169
leaf_count=136516 267 2393 4555 646 183017 5202 300 1895 4255 1728 927 742 287 169
internal_value=0.00051677 -0.00013567 -0.00517865 -0.000852359 0.000274771 0.00868633 0.018989 0.026642 -0.00650903 -0.00868792 -0.000977333 -0.00731984 0.0113612 -0.01629
internal_weight=342899 206383 15533 13140 190850 7833 2631 2162 8585 7652 3397 2470 933 469
internal_count=342899 206383 15533 13140 190850 7833 2631 2162 8585 7652 3397 2470 933 469
is_linear=0
shrinkage=0.04


Tree=46
num_leaves=15
num_cat=0
split_feature=10 3 2 10 1 3 10 3 1 9 1 0 0 3
split_gain=131.282 418.905 460.864 273.176 154.071 147.697 918.655 466.148 316.006 538.575 305.6 248.859 167.029 166.899
threshold=-2.9070400022903704 4.5176720000000001 68.607055500000016 -4.050342004283868 3.2722546858643322 5.736390000000001 -4.6457574213757376 5.3289600000000013 6.9242875595266584 0.18090693373906161 3.8133381282595722 5.0445412519327606 3.8333790280581677 27.981876500000002
decision_type=2 2 2 2 2 2 2 2 2 2 2 2 2 2
left_child=1 3 -3 -1 -2 6 7 12 9 13 -8 -11 -4 -7
right_child=4 2 5 -5 -6 8 10 -9 -10 11 -12 -13 -14 -15
leaf_value=-0.012743640333280673 0 0.00091064369397581035 0.00026508670921597993 0.0019630576076528762 -0.29513536098134729 -0.00042803201092825148 -0.00042612918872990055 0.005159450993775995 0.00025938070560459203 0.0008501786390040742 0.0096683957313918739 -0.0002516925027017816 -0.013229920471108512 -0.00063708482690269183
leaf_weight=849 178728 9831 225 228 155 5744 324 571 138402 2030 2412 287 1085 2200
leaf_count=849 178728 9831 225 228 155 5744 324 571 138402 2030 2412 287 1085 2200
internal_value=0.000612351 0.00142909 0.00159327 -0.0234355 -0.000137296 0.0010548 0.0081005 -0.0134184 0.000835985 -0.00593704 0.0228947 0.0110315 -0.0265649 -0.0108862
internal_weight=343071 164188 163111 1077 178883 153280 4617 1881 148663 10261 2736 2317 1310 7944
internal_count=343071 164188 163111 1077 178883 153280 4617 1881 148663 10261 2736 2317 1310 7944
is_linear=0
shrinkage=0.04


Tree=47
num_leaves=15
num_cat=0
split_feature=1 3 3 1 0 10 3 8 1 3 2 1 1 3
split_gain=124.337 1207.37 368.683 2002.24 630.732 304.63 392.05 361.143 268.849 455.432 310.148 304.459 268.169 281.162
threshold=19.386127306158961 19.296557000000004 23.917122000000003 24.596793381778983 10.056142215308133 -26.268719408900534 22.110084500000003 0.31162948282970299 28.364405480011708 26.837539000000003 120.8339385 29.986953867538883 21.59939206346375 18.064891000000006
decision_type=2 2 2 2 2 2 2 2 2 2 2 2 2 2
left_child=-1 12 3 4 -3 -5 -7 -8 -4 11 -11 -10 13 -2
right_child=1 2 8 5 -6 6 7 -9 9 10 -12 -13 -14 -15
leaf_value=0 -0.035047698082176275 0.0046444362009817443 0.001696837543448517 -0.10626643652995267 -0.010102854726495289 -0.054355306256932481 0.016575765892523131 -0.059091971743423705 -0.003249138984900517 -0.00012601596829981716 0.0029492474987966315 -0.068621143486713818 -0.10325952169815313 0.0040226172271551446
leaf_weight=270530 773 5254 26341 2168 1753 746 627 255 954 18379 12144 849 1193 668
leaf_count=270530 773 5254 26341 2168 1753 746 627 255 954 18379 12144 849 1193 668
internal_value=0.000474559 0.00195052 0.0029584 -0.00383227 0.00884259 -0.0272287 -0.0141523 0.00390023 0.00420884 0.00176452 0.00291845 -0.0177704 -0.0246317 -0.0130187
internal_weight=342634 72104 69470 10803 7007 3796 1628 882 58667 32326 30523 1803 2634 1441
internal_count=342634 72104 69470 10803 7007 3796 1628 882 58667 32326 30523 1803 2634 1441
is_linear=0
shrinkage=0.04


Tree=48
num_leaves=15
num_cat=0
split_feature=10 3 2 0 0 3 8 1 3 8 1 3 2 8
split_gain=110.393 440.171 206.369 203.522 170.783 504.241 234.542 184.973 393.215 176.476 365.338 237.521 235.312 278.999
threshold=-11.60354355501641 13.277705500000001 105.75604600000001 12.350074815892842 13.691278076197369 15.225621500000001 0.99956920980867092 16.092750191605145 18.429024500000001 0.99767660409522396 23.017531512151418 44.481455500000003 111.39678950000003 0.81153509486617448
decision_type=2 2 2 2 2 2 2 2 2 2 2 2 2 2
left_child=1 3 -3 -1 6 -6 -4 -7 -9 11 -11 -10 13 -13
right_child=-2 2 4 -5 5 7 -8 8 9 10 -12 12 -14 -15
leaf_value=-0.0059274716766640131 0 0.0012691285183513657 0.0003616767621341524 -0.027654097082825128 -0.021082217649479925 0.011273233756474675 0.042935595588946641 -0.051694488969900511 -0.0023447014259749834 0.0021425042279055056 -0.012993119494274419 -0.014704031499021416 -0.00050916079467243391 0.0041841747113673129
leaf_weight=1335 224043 19307 78274 588 591 946 773 607 6621 2613 1036 187 4845 1284
leaf_count=1335 224043 19307 78274 588 591 946 773 607 6621 2613 1036 187 4845 1284
internal_value=0.00046244 0.00144697 0.00175874 -0.0175351 0.00101251 -0.00242178 0.00182626 -0.00123711 -0.00218461 -0.00102737 0.00674157 -0.00321868 0.00233059 0.0163426
internal_weight=343050 119007 117084 1923 97777 18730 79047 18139 17193 16586 3649 12937 6316 1471
internal_count=343050 119007 117084 1923 97777 18730 79047 18139 17193 16586 3649 12937 6316 1471
is_linear=0
shrinkage=0.04


Tree=49
num_leaves=15
num_cat=0
split_feature=10 3 0 10 0 1 1 3 3 0 1 10 0 3
split_gain=120.599 374.872 313.385 231.781 269.509 292.198 182.917 511.574 333.489 322.098 632.206 214.671 284.77 201.161
threshold=-11.60354355501641 13.496534000000002 12.773994429072696 -13.975806866279397 3.9077377027196749 16.65970961892052 14.706285551157526 14.999899500000001 17.339024500000004 3.9448478084111498 16.93646228029662 -12.788617479025509 9.0116471057232825 15.225621500000001
decision_type=2 2 2 2 2 2 2 2 2 2 2 2 2 2
left_child=1 2 3 4 5 -1 8 9 11 10 -8 13 -13 -3
right_child=-2 6 -4 -5 -6 -7 7 -9 -10 -11 -12 12 -14 -15
leaf_value=0.013785786510732274 0 -3.6595148289915792e-05 -0.032069938974270074 0.0013693955321213154 -0.033354099259179891 -0.069505422135833633 0.01998583956740739 0.00036029365260477434 -6.7678940260303141e-05 -0.042249963042076913 -0.048040314436174299 -0.00044998857856772434 0.0251932946094248 0.01331460663214876
leaf_weight=299 224223 3305 648 980 588 162 442 97273 7699 1081 396 637 2463 2808
leaf_count=299 224223 3305 648 980 588 162 442 97273 7699 1081 396 637 2463 2808
internal_value=0.000454922 0.00148542 -0.0133134 -0.0055791 -0.0186463 0.00425163 0.00182664 0.00117106 0.00567171 -0.0192809 -0.000668258 0.0108065 0.0193806 0.00645837
internal_weight=343004 118781 2677 2029 1049 461 116104 99192 16912 1919 838 9213 3100 6113
internal_count=343004 118781 2677 2029 1049 461 116104 99192 16912 1919 838 9213 3100 6113
is_linear=0
shrinkage=0.04


Tree=50
num_leaves=15
num_cat=0
split_feature=10 0 2 1 8 2 1 2 2 0 2 1 8 2
split_gain=100.602 252.936 583.538 398.62 197.436 179.348 175.235 154.837 445.84 142.16 129.674 125.792 137.336 124.238
threshold=-7.7905680447759442 4.3092519734370587 69.597168000000025 3.895712535452208 0.95665779578962618 76.912887500000011 34.327855421369527 83.443668500000015 74.813641000000004 0.60671519641065352 63.135542000000008 6.9242875595266584 0.82035187076651017 159.06201150000004
decision_type=2 2 2 2 2 2 2 2 2 2 2 2 2 2
left_child=5 3 10 -2 7 6 -1 8 -4 -7 -3 -9 -13 -11
right_child=1 2 4 -5 -6 9 -8 11 -10 13 -12 12 -14 -15
leaf_value=0.0013894418404536118 0 0.0018241576166768934 -0.00082711615417219891 0.00084322924756273759 -0.0016301861205337748 0.037410140608402795 -0.019956577411917958 -0.00024461411929995879 0.0069542900042816524 0.00023911096695086051 0.00020371921333362214 -0.00017753882525578052 0.001436161115649176 -0.00070809013268413156
leaf_weight=5068 183696 1644 237 6607 7631 379 636 2134 506 121737 3005 514 316 8661
leaf_count=5068 183696 1644 237 6607 7631 379 636 2134 506 121737 3005 514 316 8661
internal_value=0.000433292 -0.000124097 -0.00495653 0.000281866 -0.00985006 0.00127578 0.00821879 -0.00227677 0.0140511 0.000972954 0.00697784 -0.00636977 0.00684337 0.000901854
internal_weight=342771 206290 15987 190303 11338 136481 5704 3707 743 130777 4649 2964 830 130398
internal_count=342771 206290 15987 190303 11338 136481 5704 3707 743 130777 4649 2964 830 130398
is_linear=0
shrinkage=0.04


Tree=51
num_leaves=15
num_cat=0
split_feature=10 1 2 2 1 8 10 0 2 2 2 8 2 10
split_gain=95.1764 227.635 201.951 200.42 269.921 211.14 161.745 182.879 156.61 244.914 182.062 136.464 128.145 122.609
threshold=-19.280126907799353 17.724268558743081 153.83238250000002 101.491112 34.327855421369527 0.60071266666099954 -27.155948064196227 8.9273509845822794 78.213402000000016 106.39326850000002 133.20602400000004 0.95302334807322253 115.61061500000001 -11.60354355501641
decision_type=2 2 2 2 2 2 2 2 2 2 2 2 2 2
left_child=3 13 8 4 -1 6 7 -5 -3 11 -11 -10 -9 -2
right_child=1 2 -4 5 -6 -7 -8 12 9 10 -12 -13 -14 -15
leaf_value=0.0038373434742972582 0.00039042454821542992 -0.0023643824612178273 -0.0015431210622788944 -0.00046987425450392559 -0.01237526410045699 -0.0010269740816261585 0.00098859881083034453 -0.00060952080253668631 0.007893792798968605 -0.001011244795048191 0.001783659622013422 -0.0012884782161664938 0.0029488700794526447 0
leaf_weight=3010 35888 515 1773 23985 702 12342 25111 2176 480 5922 1157 286 5550 224226
leaf_count=3010 35888 515 1773 23985 702 12342 25111 2176 480 5922 1157 286 5550 224226
internal_value=0.000373627 2.76784e-05 -0.00585414 0.00165651 0.0107112 0.00117055 0.00220056 0.000301473 -0.00325359 -0.00185086 -0.00417573 0.0196345 0.00565364 0.00025681
internal_weight=343123 270247 10133 72876 3712 69164 56822 31711 8360 7845 7079 766 7726 260114
internal_count=343123 270247 10133 72876 3712 69164 56822 31711 8360 7845 7079 766 7726 260114
is_linear=0
shrinkage=0.04


Tree=52
num_leaves=15
num_cat=0
split_feature=1 3 3 1 0 1 3 0 1 3 3 2 1 0
split_gain=98.7252 1085.53 462.906 1960.28 590.492 363.579 496.357 473.429 255.097 527.354 231.737 250.986 224.519 839.286
threshold=19.386127306158961 18.429024500000001 23.718067000000005 23.705611281857426 10.161107067985379 26.221766774317256 21.914942000000003 6.6229252480397998 28.364405480011708 24.999868000000003 29.103087000000006 99.82328050000001 24.075715754361301 5.2227117994666115
decision_type=2 2 2 2 2 2 2 2 2 2 2 2 2 2
left_child=-1 -2 3 4 -3 6 -5 -8 10 -10 12 -12 -4 -14
right_child=1 2 8 5 -6 -7 7 -9 9 -11 11 -13 13 -15
leaf_value=0 -0.066646549312706416 0.0044351288525104875 0.0012340732200152465 -0.059134615059601763 -0.012538527778374702 -0.10469089270329521 0.017874881528055216 -0.043379701878215132 -0.060989879706900112 0.00079237565342985439 0.0032135850306274304 0.00034296858012776682 0.094197463895579286 0.00076721150925724766
leaf_weight=270941 1688 5145 5712 1222 1574 2081 890 461 607 31902 1235 14043 2730 2969
leaf_count=270941 1688 5145 5712 1222 1574 2081 890 461 607 31902 1235 14043 2730 2969
internal_value=0.000433916 0.0017476 0.00250585 -0.00488525 0.00893585 -0.0248388 -0.0147843 0.0019245 0.00392581 0.00154665 0.00682379 0.00360257 0.0111366 0.0167538
internal_weight=343200 72259 70571 11373 6719 4654 2573 1351 59198 32509 26689 15278 11411 5699
internal_count=343200 72259 70571 11373 6719 4654 2573 1351 59198 32509 26689 15278 11411 5699
is_linear=0
shrinkage=0.04


Tree=53
num_leaves=15
num_cat=0
split_feature=0 3 1 3 8 1 9 3 2 3 0 1 3 2
split_gain=90.2997 287.641 1702.01 420.62 281.241 277.298 255.331 334.21 325.732 302.499 261.187 230.836 281.793 287.174
threshold=7.7255509309666248 14.8306725 13.187257837903983 9.879291000000002 0.99999990486857915 8.8452778946162933 0.035716777817488506 40.398829500000005 109.83624300000001 38.169258000000006 13.127822984493767 18.311716409104239 21.914942000000003 78.213402000000016
decision_type=2 2 2 2 2 2 2 2 2 2 2 2 2 2
left_child=-1 2 3 5 6 -2 9 10 -9 -3 -8 -6 -13 -14
right_child=1 4 -4 -5 11 -7 7 8 -10 -11 -12 12 13 -15
leaf_value=0 0.003267199305613859 -0.0004242864605965544 -0.027956444977421696 0.0026790063237890926 0.0022966224026042753 -0.044473550100856248 0.00023967309572972732 0.0038477259826047252 0.00070670471710792139 -0.010599334763988768 -0.0017579319788741811 -0.050089043965699104 -0.0025260475790370505 0.0030179735248941808
leaf_weight=268262 354 6348 2396 4006 9550 455 18913 5895 14508 1465 7261 548 382 2644
leaf_count=268262 354 6348 2396 4006 9550 455 18913 5895 14508 1465 7261 548 382 2644
internal_value=0.000323161 0.00155289 -0.00604077 0.00766771 0.00236395 -0.0186403 0.00109579 0.00221826 0.00605597 -0.0055958 -0.000773286 0.00761963 -0.00105204 0.00372769
internal_weight=342987 74725 7211 4815 67514 809 54390 46577 20403 7813 26174 13124 3574 3026
internal_count=342987 74725 7211 4815 67514 809 54390 46577 20403 7813 26174 13124 3574 3026
is_linear=0
shrinkage=0.04


Tree=54
num_leaves=15
num_cat=0
split_feature=0 2 8 0 2 1 10 9 8 1 1 9 8 2
split_gain=76.5727 200.35 171.069 168.111 360.572 374.888 167.316 268.848 219.96 283.538 185.038 170.291 142.957 140.553
threshold=7.7255509309666248 76.912887500000011 0.42955670678320484 4.3092519734370587 64.23906700000002 5.7287492749090996 -3.7930635067651681 0.0010248672824925145 0.89304237157515842 4.9497312538632725 28.049563007472312 0.95139891749418026 0.11962878176122048 114.90459800000001
decision_type=2 2 2 2 2 2 2 2 2 2 2 2 2 2
left_child=3 -2 -3 6 -5 -6 7 -1 9 -9 11 -11 -12 -7
right_child=1 2 -4 4 5 13 -8 8 -10 10 12 -13 -14 -15
leaf_value=0.0011595101700675979 0.0012386792127253834 0.001339205176750411 -2.413314828199703e-05 0.0015091018155943031 -0.00052311416830528104 -0.00032002173484040205 0 0.005207203099242253 -0.00077607877900124137 0.00039008903550416692 -0.0007327110401305337 0.033848919741020972 -0.0029041100936823909 0.00016905735385722541
leaf_weight=3409 5583 12217 57186 2140 7313 15688 182867 1005 824 24449 5917 1154 1169 22094
leaf_count=3409 5583 12217 57186 2140 7313 15688 182867 1005 824 24449 5917 1154 1169 22094
internal_value=0.000270892 0.00140079 0.000814374 -4.5219e-05 -0.00221107 -0.00297239 0.000418127 0.00283597 0.00177762 0.00227696 0.00163358 0.00321681 -0.00408693 -0.00136785
internal_weight=343015 74986 69403 268029 47235 45095 220794 37927 34518 33694 32689 25603 7086 37782
internal_count=343015 74986 69403 268029 47235 45095 220794 37927 34518 33694 32689 25603 7086 37782
is_linear=0
shrinkage=0.04


Tree=55
num_leaves=15
num_cat=0
split_feature=0 3 1 3 3 1 2 2 10 8 2 9 0 3
split_gain=62.6377 260.172 1604.45 404.262 236.664 590.386 231.241 218.353 186.279 171.127 284.969 286.663 298.195 281.817
threshold=7.7255509309666248 14.8306725 13.187257837903983 9.5106895000000033 17.220702000000003 15.16423868654846 101.491112 153.83238250000002 -8.2782718952067498 0.60071266666099954 110.564091 0.002549535925532143 18.261479264544452 20.186925500000005
decision_type=2 2 2 2 2 2 2 2 2 2 2 2 2 2
left_child=-1 2 3 8 5 6 -3 9 -2 -6 -11 12 -12 -14
right_child=1 4 -4 -5 7 -7 -8 -9 -10 10 11 -13 13 -15
leaf_value=0 -0.033864355861481815 0.0016527037909475478 -0.027160849283458213 0.0023370088257040882 0.0011456025054305699 -0.01725049846986023 0.011163596298027266 -0.0012302048664380267 0.0070170944920325282 0.00049685361710703562 0.0098745004584689239 -0.0014862722853930643 -0.038694476007557078 0.00052317367150056017
leaf_weight=268092 466 2912 2374 4185 21608 978 3465 1285 122 22711 1268 11010 331 1904
leaf_count=268092 466 2912 2374 4185 21608 978 3465 1285 122 22711 1268 11010 331 1904
internal_value=0.00024919 0.00127421 -0.00598293 0.0073832 0.00204292 0.00881577 0.0132539 0.0012143 -0.0236735 0.00157057 -7.30711e-05 -0.00445118 0.00551527 -0.00327517
internal_weight=342711 74619 7147 4773 67472 7355 6377 60117 588 58832 37224 14513 3503 2235
internal_count=342711 74619 7147 4773 67472 7355 6377 60117 588 58832 37224 14513 3503 2235
is_linear=0
shrinkage=0.04


Tree=56
num_leaves=15
num_cat=0
split_feature=8 6 0 3 8 8 2 3 0 2 3 0 8 10
split_gain=73.7802 207.654 168.01 225.389 166.073 535.968 308.388 249.909 1407.24 197.158 184.547 470.695 182.904 166.098
threshold=0.51291298456902013 1.0000000180025095e-35 9.1035058643481666 23.340375000000005 0.99998516938541659 0.99987244190698921 53.18856250000001 15.225621500000001 13.252372340818676 69.597168000000025 4.6002795000000001 4.1621007525413569 0.88353300001156987 -18.263053001505266
decision_type=2 2 2 2 2 2 2 2 2 2 2 2 2 2
left_child=2 4 -1 -4 5 9 -6 8 10 12 11 -8 -2 -9
right_child=1 -3 3 -5 6 -7 7 13 -10 -11 -12 -13 -14 -15
leaf_value=0 0.00036047820001840593 -0.16505346445466232 -0.029713212418997843 0.0019171132364069593 -7.8311245888471601e-05 -0.00048843413318429686 0.00026162797997043586 -0.00018247944542854145 -0.016494712034825332 -0.00014469540244826007 0.00019276781983687007 -0.013528739808329769 0.00014336992520838976 0.00054393750714599673
leaf_weight=214053 334 214 560 9919 12173 5505 1122 3965 1665 51371 19046 649 3022 19247
leaf_count=214053 334 214 560 9919 12173 5505 1122 3965 1665 51371 19046 649 3022 19247
internal_value=0.000175123 -0.000633236 0.000601072 0.00554633 -0.000561901 -0.00203214 0.000968428 0.0024756 -0.000530202 -0.000835419 0.00230004 -0.0100508 0.00855781 0.00538687
internal_weight=342845 118313 224532 10479 118099 60232 57867 45694 22482 54727 20817 1771 3356 23212
internal_count=342845 118313 224532 10479 118099 60232 57867 45694 22482 54727 20817 1771 3356 23212
is_linear=0
shrinkage=0.04


Tree=57
num_leaves=15
num_cat=0
split_feature=0 3 10 3 8 8 2 2 3 2 8 10 3 2
split_gain=76.9534 284.14 1354.56 347.239 336.598 263.014 285.023 288.876 271.102 265.076 266.439 255.322 264.675 256.276
threshold=7.7255509309666248 14.530581500000002 -13.131514433950185 9.5106895000000033 0.99999990486857915 0.99972389913718696 106.39326850000002 68.607055500000016 44.481455500000003 109.83624300000001 0.96120462641754878 -18.263053001505266 19.999941500000002 89.894024000000016
decision_type=2 2 2 2 2 2 2 2 2 2 2 2 2 2
left_child=-1 2 -2 -4 5 8 7 -7 -3 10 -10 12 -6 -13
right_child=1 4 3 -5 11 6 -8 -9 9 -11 -12 13 -14 -15
leaf_value=0 -0.02545007922468048 -0.00013318442634451644 -0.02399799062570657 0.0020332087711652292 -0.06639621920329801 0.0011106299473726889 0.00010445699208931514 -0.017929370756502236 0.0045606695842362035 0.00052157847716674424 -0.0014065644115300552 0.001087453041144097 0.0004538266708026201 0.0096007859323801355
leaf_weight=267898 2135 34453 581 3788 266 151 1063 1045 4687 12988 455 6144 3355 3725
leaf_count=267898 2135 34453 581 3788 266 151 1063 1045 4687 12988 455 6144 3355 3725
internal_value=0.000237502 0.00137153 -0.00661747 0.00614328 0.00213194 0.000739579 -0.0126251 -0.0260201 0.00131373 0.00527303 0.0129599 0.00779244 -0.00129246 0.0111257
internal_weight=342734 74836 6504 4369 68332 54842 2259 1196 52583 18130 5142 13490 3621 9869
internal_count=342734 74836 6504 4369 68332 54842 2259 1196 52583 18130 5142 13490 3621 9869
is_linear=0
shrinkage=0.04


Tree=58
num_leaves=15
num_cat=0
split_feature=9 8 8 2 2 2 9 1 2 0 1 2 0 2
split_gain=65.4371 189.837 483.823 290.974 227.806 186.124 145.111 336.201 225.593 202.092 212.819 169.835 149.583 190.072
threshold=0.38566687845925235 0.99998516938541659 0.99987244190698921 53.18856250000001 111.39678950000003 172.49402600000005 0.035716777817488506 4.1682328316441355 76.05765150000002 16.978931713216905 21.12189395896625 79.822464000000011 1.4753176502690593 74.813641000000004
decision_type=2 2 2 2 2 2 2 2 2 2 2 2 2 2
left_child=1 2 4 -3 6 -6 7 11 -9 10 12 -1 -8 -14
right_child=-2 3 -4 -5 5 -7 9 8 -10 -11 -12 -13 13 -15
leaf_value=7.3944803886115561e-05 0 -7.5466225482523439e-05 -0.00047475218932551414 0.00018022295117157576 -0.0010827388699990879 0.0011731706921917163 0.00031536253094673159 0.00040267570959095524 -0.0020229061134735744 0.0028955671475348901 -0.0051521496696058438 0.00090467872408364766 -0.00054472552661900613 0.00014168538338774468
leaf_weight=2999 232799 12172 5519 45686 15109 687 383 1517 4889 3704 382 608 859 15644
leaf_count=2999 232799 12172 5519 45686 15109 687 383 1517 4889 3704 382 608 859 15644
internal_value=0.000204807 -0.000598413 -0.00234493 0.000980331 -0.00102349 -0.00493289 0.000969501 -0.00299211 -0.00849204 0.00286096 0.00104239 0.00677571 0.00171029 0.00113676
internal_weight=342957 110158 52300 57858 46781 15796 30985 10013 6406 20972 17268 3607 16886 16503
internal_count=342957 110158 52300 57858 46781 15796 30985 10013 6406 20972 17268 3607 16886 16503
is_linear=0
shrinkage=0.04


Tree=59
num_leaves=15
num_cat=0
split_feature=9 5 8 8 2 2 8 2 2 8 1 2 0 1
split_gain=59.9766 185.884 158.55 398.419 272.901 205.354 173.134 135.966 134.902 272.919 199.848 241.174 195.424 200.445
threshold=0.38566687845925235 1.0000000180025095e-35 0.99998516938541659 0.99987244190698921 53.18856250000001 69.597168000000025 0.88353300001156987 51.638672000000007 111.39678950000003 0.96495340481770153 3.895712535452208 78.213402000000016 16.734146380268431 21.12189395896625
decision_type=2 2 2 2 2 2 2 2 2 2 2 2 2 2
left_child=1 -1 3 5 7 6 -3 -4 9 12 11 -11 13 -7
right_child=-2 2 4 -5 -6 8 -8 -9 -10 10 -12 -13 -14 -15
leaf_value=-0.15016088749487497 0 0.0003249374978542328 -1.0422442942857742e-05 -0.00046033961926461987 0.00017301403312471237 7.5409663403638863e-05 0.00014225626686215401 -0.00015951392044872046 -0.00079015512443727154 -0.00081481481271979518 -0.0012773316664508685 0.00084797392965954294 0.0027843034883160613 -0.0048008669705780814
leaf_weight=199 232935 330 6664 5446 45580 16306 3041 5552 15832 335 6116 544 3834 371
leaf_count=199 232935 330 6664 5446 45580 16306 3041 5552 15832 335 6116 544 3834 371
internal_value=0.000197502 -0.000571584 -0.000501678 -0.00210066 0.000941242 -0.000906892 0.00860279 -0.00436804 -0.00164659 4.65353e-05 -0.00677627 0.011058 0.00237336 0.000501289
internal_weight=343085 110150 109951 52155 57796 46709 3371 12216 43338 27506 6995 879 20511 16677
internal_count=343085 110150 109951 52155 57796 46709 3371 12216 43338 27506 6995 879 20511 16677
is_linear=0
shrinkage=0.04


Tree=60
num_leaves=15
num_cat=0
split_feature=0 3 8 2 3 8 8 0 3 10 3 8 8 2
split_gain=56.8688 404.033 174.147 108.71 121.819 109.944 100.5 79.9707 340.072 966.604 266.406 245.264 216.374 250.736
threshold=22.765995019075262 26.505088000000004 0.79624902444109147 109.83624300000001 51.263304500000004 0.99992791948838267 0.9998602938203569 7.7255509309666248 14.114383000000002 -13.298224092339241 9.5106895000000033 0.99999990486857915 0.99972389913718696 109.21984500000001
decision_type=2 2 2 2 2 2 2 2 2 2 2 2 2 2
left_child=7 -2 -3 4 5 -4 -6 -1 9 -9 -11 12 -10 -14
right_child=1 2 3 -5 6 -7 -8 8 11 10 -12 -13 13 -15
leaf_value=0 -0.058480120024485334 -0.010363708426200425 -0.017060753451662362 -0.0022375710796823391 0.0064646037849217909 0.0046309610277605433 -0.03062091198495032 -0.028996734438326763 0.00030836492403007304 -0.021958190603798933 0.0013301993154835668 0.0016989305715293392 -0.013615863427426525 0.0034161013089629147
leaf_weight=268420 610 464 461 2664 1112 726 57 1541 48660 594 3340 12618 1296 734
leaf_count=268420 610 464 461 2664 1112 726 57 1541 48660 594 3340 12618 1296 734
internal_value=0.000219518 -0.00361011 -0.000175055 0.00199203 0.00825127 -0.000775063 0.0174166 0.000288728 0.0015056 -0.00805845 0.0024606 0.00233272 0.00109055 -0.0117044
internal_weight=343297 6094 5484 5020 2356 1187 1169 337203 68783 5475 3934 63308 50690 2030
internal_count=343297 6094 5484 5020 2356 1187 1169 337203 68783 5475 3934 63308 50690 2030
is_linear=0
shrinkage=0.04


Tree=61
num_leaves=15
num_cat=0
split_feature=8 5 9 8 2 2 8 0 1 9 2 0 1 8
split_gain=47.1477 177.538 145.99 412.87 269.12 172.906 170.968 145.231 229.71 130.429 206.002 202.4 163.199 152.916
threshold=0.51291298456902013 1.0000000180025095e-35 1.4864568771755239e-05 0.99987244190698921 53.18856250000001 69.597168000000025 0.88353300001156987 2.5143189135784882 0.77098908810720979 0.035716777817488506 110.564091 16.176031729651605 20.789054136348721 0.78528140814349212
decision_type=2 2 2 2 2 2 2 2 2 2 2 2 2 2
left_child=-1 -2 4 5 -3 6 -4 8 -8 12 11 -11 -7 -12
right_child=1 2 3 -5 -6 9 7 -9 -10 10 13 -13 -14 -15
leaf_value=0 -0.15239353774387898 -7.1743249315917487e-05 0.00031359704431772233 -0.00044175109486161937 0.00016617284459416516 -0.00049938378008683676 0.00011833558168053628 0.0011599118109453679 -0.0019102402931845189 3.4583006132841709e-05 -0.00010256601116032189 0.002695309371048258 -0.016548891165157394 -0.0017623352380997104
leaf_weight=224806 220 12199 322 5453 45646 8878 1387 867 783 17959 12316 4075 1007 7158
leaf_count=224806 220 12199 322 5453 45646 8878 1387 867 783 17959 12316 4075 1007 7158
internal_value=0.000182467 -0.000464023 -0.00039712 -0.00177593 0.00103795 -0.000730567 0.00806192 0.00512348 -0.00040553 -0.00130524 -0.000321866 0.00232731 -0.0054345 -0.0033193
internal_weight=343076 118270 118050 60205 57845 54752 3359 3037 2170 51393 41508 22034 9885 19474
internal_count=343076 118270 118050 60205 57845 54752 3359 3037 2170 51393 41508 22034 9885 19474
is_linear=0
shrinkage=0.04


Tree=62
num_leaves=15
num_cat=0
split_feature=8 5 0 3 1 10 3 2 1 3 10 3 10 2
split_gain=56.7339 151.095 150.434 199.486 149.84 141.392 2080.4 256.185 425.426 332.984 228.172 1309.51 424.411 322.388
threshold=0.51291298456902013 1.0000000180025095e-35 9.1035058643481666 25.000081500000004 23.280024178531544 -27.155948064196227 25.395358500000004 115.93883550000002 29.986953867538883 27.489470000000004 -20.195038767491177 19.999941500000002 -22.181931943124617 148.29803450000003
decision_type=2 2 2 2 2 2 2 2 2 2 2 2 2 2
left_child=2 -2 5 4 -4 6 -1 -8 -9 -10 11 12 -7 -13
right_child=1 -3 3 -5 -6 10 7 8 9 -11 -12 13 -14 -15
leaf_value=-0.052097479900665641 -0.14683239115419824 -2.4433432204981285e-05 0.0032956367141483288 0.0019592349516623147 -0.012870988711038841 -0.097228994840794294 -0.0010297452192687016 0.014329301225886442 -0.037931583042167309 0.0014030575511087165 0 0.0017295132110632658 -0.0033576781208984291 0.029584916216494287
leaf_weight=3552 225 118060 390 9436 677 1221 6272 2110 592 12006 173227 12287 1031 1969
leaf_count=3552 225 118060 390 9436 677 1221 6272 2110 592 12006 173227 12287 1031 1969
internal_value=0.000212327 -0.000496766 0.000585487 0.00525945 -0.011134 0.000356378 -0.00250122 0.00229171 0.00517813 0.00239403 0.000725854 0.00521929 -0.0231261 0.00969697
internal_weight=343055 118285 224770 10503 1067 214267 24532 20980 14708 12598 189735 16508 2252 14256
internal_count=343055 118285 224770 10503 1067 214267 24532 20980 14708 12598 189735 16508 2252 14256
is_linear=0
shrinkage=0.04


Tree=63
num_leaves=15
num_cat=0
split_feature=8 0 3 1 9 8 3 1 2 10 3 1 3 3
split_gain=69.1301 131.939 183.36 157.397 131.316 341.865 277.196 936.281 301.149 355.742 508.262 223.864 317.58 176.711
threshold=0.51291298456902013 9.1035058643481666 23.340375000000005 23.280024178531544 1.3369498053639186e-05 0.99987244190698921 15.225621500000001 13.696152190840561 89.894024000000016 -17.392184447845157 19.643148500000002 22.826917426756175 26.505088000000004 23.523092000000002
decision_type=2 2 2 2 2 2 2 2 2 2 2 2 2 2
left_child=1 -1 3 -3 6 -6 7 -2 -8 10 -10 13 -13 -12
right_child=4 2 -4 -5 5 -7 8 -9 9 -11 11 12 -14 -15
leaf_value=0 -1.4641883468683177e-05 0.0028194026255465975 0.0017048099621210973 -0.062390703982691573 -8.0763484532902501e-05 -0.00034585846535420726 8.7820928852292983e-05 -0.031845719983788476 -0.049483285782951983 0.019776381916603584 0.00097989303537746411 -0.081188679299151564 0.0034980573076210386 0.038616523927782496
leaf_weight=214217 29920 252 9939 312 54837 6005 20061 1031 439 2898 943 374 992 744
leaf_count=214217 29920 252 9939 312 54837 6005 20061 1031 439 2898 943 374 992 744
internal_value=0.000234194 0.000646137 0.00502333 -0.0171631 -0.000548696 -0.00184346 0.000823665 -0.00174599 0.00383048 0.0113928 0.00279496 0.00858172 -0.00345534 0.0183284
internal_weight=342964 224720 10503 564 118244 60842 57402 30951 26451 6390 3492 3053 1366 1687
internal_count=342964 224720 10503 564 118244 60842 57402 30951 26451 6390 3492 3053 1366 1687
is_linear=0
shrinkage=0.04


Tree=64
num_leaves=15
num_cat=0
split_feature=9 3 0 9 8 2 0 3 8 9 2 0 3 8
split_gain=80.4217 132.566 430.305 138.865 329.118 232.035 187.812 225.976 233.871 301.205 216.607 216.054 168.124 426.6
threshold=0.38566687845925235 4.5176720000000001 4.1621007525413569 1.4864568771755239e-05 0.99987244190698921 53.18856250000001 4.2753965743327997 50.63688650000001 0.88353300001156987 0.002549535925532143 79.822464000000011 2.5143189135784882 49.741574000000007 0.99046741302362395
decision_type=2 2 2 2 2 2 2 2 2 2 2 2 2 2
left_child=1 2 -1 5 6 -3 7 8 -5 11 -9 -10 -8 -14
right_child=-2 3 -4 4 -6 -7 12 10 9 -11 -12 -13 13 -15
leaf_value=-2.7203738134178529e-05 0 -7.1422426268422004e-05 -0.014819728795952893 0.00063774617587695429 -0.00040944431479720281 0.00014841401052244018 -0.00033861563000971742 -0.00050041630710463626 4.0801097131652816e-05 -0.00063303449424057608 0.005645528172961981 0.0011482763813056218 0.00085805581231510086 -0.0043944729072618221
leaf_weight=2443 233124 11258 638 1549 5254 44299 31612 477 1914 1330 90 1143 7200 894
leaf_count=2443 233124 11258 638 1549 5254 44299 31612 477 1914 1330 90 1143 7200 894
internal_value=0.000203948 -0.000687006 -0.00886725 -0.000451504 -0.00194858 0.000935256 -0.00086996 0.00543134 0.00773585 0.00301801 -0.0186949 0.00993131 -0.00190198 0.00324191
internal_weight=343225 110101 3081 107020 51463 55557 46209 6503 5936 4387 567 3057 39706 8094
internal_count=343225 110101 3081 107020 51463 55557 46209 6503 5936 4387 567 3057 39706 8094
is_linear=0
shrinkage=0.04


Tree=65
num_leaves=15
num_cat=0
split_feature=9 3 0 9 8 2 2 8 3 2 0 2 2 9
split_gain=68.1729 137.035 442.912 127.173 260.271 218.968 189.57 159.859 151.707 166.603 270.674 213.067 126.957 223.378
threshold=0.38566687845925235 4.5176720000000001 4.1621007525413569 1.3369498053639186e-05 0.99987244190698921 53.18856250000001 69.597168000000025 0.88353300001156987 17.000007500000006 73.016006500000017 2.0589356613015095 108.452263 111.66563800000002 0.035716777817488506
decision_type=2 2 2 2 2 2 2 2 2 2 2 2 2 2
left_child=1 2 -1 5 6 -3 7 -5 -6 10 -10 -11 13 -8
right_child=-2 3 -4 4 8 -7 12 -9 9 11 -12 -13 -14 -15
leaf_value=-2.2732577845275869e-05 0 -6.8751281505192169e-05 -0.014444623629390701 0.00027975119217945064 6.4743533908318862e-06 0.00015614087428713174 -0.0007215703942498225 0.00014276129403120331 -0.00027359342759559639 -0.011060922056020604 1.2724632466647353e-05 0.00063442628705627935 -0.00073215662611671769 0.00017809849757778482
leaf_weight=2393 233203 11135 661 320 1635 43866 7039 2817 909 1011 1888 321 15342 20719
leaf_count=2393 233203 11135 661 320 1635 43866 7039 2817 909 1011 1888 321 15342 20719
internal_value=0.000216513 -0.000604056 -0.00895874 -0.000365601 -0.00178381 0.000975255 -0.000784653 0.00870896 -0.00979875 -0.0138823 -0.0083375 -0.0255255 -0.00147564 0.000138338
internal_weight=343259 110056 3054 107002 52001 55001 46237 3137 5764 4129 2797 1332 43100 27758
internal_count=343259 110056 3054 107002 52001 55001 46237 3137 5764 4129 2797 1332 43100 27758
is_linear=0
shrinkage=0.04


Tree=66
num_leaves=15
num_cat=0
split_feature=9 5 0 3 10 3 0 9 9 2 0 3 2 3
split_gain=62.0722 128.465 125.9 160.609 151.464 121.41 414.394 103.665 256.329 202.435 200.907 201.798 214.015 154.784
threshold=0.4842391518606689 1.0000000180025095e-35 9.1035058643481666 22.876181000000006 -22.749766077450435 4.5176720000000001 4.1621007525413569 1.4864568771755239e-05 0.00012866484953816262 53.18856250000001 4.2753965743327997 50.092751500000006 79.822464000000011 57.570230500000001
decision_type=2 2 2 2 2 2 2 2 2 2 2 2 2 2
left_child=1 -1 -2 4 -4 6 -3 9 13 -7 11 -10 -13 -9
right_child=2 5 3 -5 -6 7 -8 8 10 -11 -12 12 -14 -15
leaf_value=-0.14004368627351468 0 -1.9010284744031877e-05 -0.068125818294704987 0.0016681166579340697 0.0028022593794688479 -6.5815477957477435e-05 -0.013880496492518907 -0.00028192465377679536 0.00021568398670027199 0.00015111972549415985 -0.00017983296908926472 -0.00046640384368739507 0.0054135031038324991 -0.02439106148036926
leaf_weight=221 214389 2451 287 10202 182 11115 656 5024 6380 44306 46891 481 94 263
leaf_count=221 214389 2451 287 10202 182 11115 656 5024 6380 44306 46891 481 94 263
internal_value=0.000261735 -0.000481838 0.000651204 0.00489176 -0.0179957 -0.00042461 -0.00822659 -0.000213 -0.00137791 0.00102993 -0.000552687 0.00579152 -0.0169043 -0.00978249
internal_weight=342942 117882 225060 10671 469 117661 3107 114554 59133 55421 53846 6955 575 5287
internal_count=342942 117882 225060 10671 469 117661 3107 114554 59133 55421 53846 6955 575 5287
is_linear=0
shrinkage=0.04


Tree=67
num_leaves=15
num_cat=0
split_feature=9 3 0 6 9 8 2 2 3 2 0 2 8 2
split_gain=55.3497 118.667 321.841 115.85 108.106 240.611 192.119 183.028 162.883 158.136 243.134 197.007 157.098 128.388
threshold=0.38566687845925235 4.4289150000000008 3.978947631206784 1.0000000180025095e-35 1.3369498053639186e-05 0.99987244190698921 53.18856250000001 69.597168000000025 17.078250500000003 76.912887500000011 2.0589356613015095 107.08577350000002 0.88353300001156987 176.75301350000004
decision_type=2 2 2 2 2 2 2 2 2 2 2 2 2 2
left_child=1 2 -1 4 6 7 -3 12 -7 10 -10 -11 -6 -9
right_child=-2 3 -4 -5 5 8 -8 13 9 11 -12 -13 -14 -15
leaf_value=-9.2286707863058093e-06 0 -6.3836004673981908e-05 -0.011280632880845744 -0.126516101031281 0.00025827673864660286 1.496556153279106e-05 0.00015505319408887217 -0.00013765720201837307 -0.00025050402252245382 -0.010580628073536998 -3.935947542356655e-05 0.00044273781044307985 0.00013255298117262893 0.0011500849464449675
leaf_weight=1527 232836 11383 538 196 324 1736 44355 42725 874 905 1940 334 2862 417
leaf_count=1527 232836 11383 538 196 324 1736 44355 42725 874 905 1940 334 2862 417
internal_value=0.000261611 -0.000477315 -0.00997579 -0.000295786 -0.000239952 -0.00154959 0.000984607 -0.000588845 -0.00923821 -0.0136294 -0.00838664 -0.0255367 0.0086629 -0.00127208
internal_weight=342952 110116 2065 108051 107855 52117 55738 46328 5789 4053 2814 1239 3186 43142
internal_count=342952 110116 2065 108051 107855 52117 55738 46328 5789 4053 2814 1239 3186 43142
is_linear=0
shrinkage=0.04


Tree=68
num_leaves=15
num_cat=0
split_feature=8 5 0 3 1 0 3 0 3 8 8 3 1 0
split_gain=60.7559 118.634 103.563 160.623 146.373 97.7455 97.4361 323.772 82.5463 79.237 224.347 194.376 352.49 211.059
threshold=0.51291298456902013 1.0000000180025095e-35 9.1035058643481666 26.189718500000001 24.944432858953839 1.5336568527267433 4.4289150000000008 3.978947631206784 21.914942000000003 0.99998682461569344 0.99987244190698921 23.138876500000006 20.789054136348721 8.6857129269646673
decision_type=2 2 2 2 2 2 2 2 2 2 2 2 2 2
left_child=2 5 -1 4 8 -2 7 -3 -4 10 11 12 -8 -13
right_child=1 6 3 -5 -6 -7 9 -9 -10 -11 -12 13 -14 -15
leaf_value=0 0.021309249337562192 6.7392652305714451e-06 -0.033953502673855038 0.0017586950465752649 -0.013703649784264967 -0.13350392556392102 0.00020873356144235252 -0.010073605263125155 0.0029539655777274356 3.4903974177836348e-05 -0.0002716944102534026 -0.00029406792803042737 -0.07089003303009131 -0.00010475421355681192
leaf_weight=214370 28 1520 213 9164 498 192 21239 535 668 55620 5839 8580 412 24115
leaf_count=214370 28 1520 213 9164 498 192 21239 535 668 55620 5839 8580 412 24115
internal_value=0.000262513 -0.000472222 0.000648251 0.00451864 -0.00820885 -0.0298182 -0.000417444 -0.00905109 0.0015891 -0.000264237 -0.00127008 -0.000469584 0.00247009 -0.00241627
internal_weight=342993 118080 224913 10543 1379 220 117860 2055 881 115805 60185 54346 21651 32695
internal_count=342993 118080 224913 10543 1379 220 117860 2055 881 115805 60185 54346 21651 32695
is_linear=0
shrinkage=0.04


Tree=69
num_leaves=15
num_cat=0
split_feature=9 3 1 5 0 9 8 3 0 10 1 3 0 9
split_gain=59.1963 99.814 390.351 96.3068 95.8351 92.7699 246.217 169.056 923.604 209.926 294.274 420.322 162.561 198.648
threshold=0.38566687845925235 4.5176720000000001 4.254946172028081 1.0000000180025095e-35 1.5336568527267433 1.4864568771755239e-05 0.99987244190698921 15.225621500000001 13.757609379611074 -9.509748289832979 18.001349422083006 19.999941500000002 4.2753965743327997 0.18090693373906161
decision_type=2 2 2 2 2 2 2 2 2 2 2 2 2 2
left_child=1 2 -1 4 -3 7 12 8 -5 10 -9 -12 13 -7
right_child=-2 3 -4 5 -6 6 -8 9 -10 -11 11 -13 -14 -15
leaf_value=-1.2537784862331277e-06 0 0.020456879364059707 -0.014285247100647512 2.5010755307640225e-06 -0.12518526479908904 6.0829794724798153e-05 -0.00035179159191497521 0.003492274108354444 -0.032139507580248326 4.6000385251847996e-06 -0.055086036091853259 0.00062539600210881504 -0.00016602484574566783 0.0011850988617490121
leaf_weight=2408 232947 28 680 27646 166 5256 5225 7249 983 15306 428 3821 39690 1174
leaf_count=2408 232947 28 680 27646 166 5256 5225 7249 983 15306 428 3821 39690 1174
internal_value=0.000263668 -0.000500818 -0.00759067 -0.000296152 -0.0284536 -0.000244994 -0.00147006 0.000889723 -0.00124769 0.00317266 0.00725691 -0.00110144 -0.000537728 0.00536236
internal_weight=343007 110060 3088 106972 194 106778 51345 55433 28629 26804 11498 4249 46120 6430
internal_count=343007 110060 3088 106972 194 106778 51345 55433 28629 26804 11498 4249 46120 6430
is_linear=0
shrinkage=0.04


Tree=70
num_leaves=15
num_cat=0
split_feature=8 3 9 9 1 1 2 2 3 10 2 0 3 0
split_gain=65.9795 387.157 213.359 160.466 165.425 226.916 194.821 239.212 168.086 139.11 209.721 174.852 227.844 415.58
threshold=0.94256592983472431 63.048773000000004 0.0014252481994518897 0.002549535925532143 16.65970961892052 7.4530405473653181 71.11269750000001 96.446838000000014 17.220702000000003 -1.9213583028943233 74.034153000000018 3.0634550437912362 4.9416075000000008 4.3830773471941811
decision_type=2 2 2 2 2 2 2 2 2 2 2 2 2 2
left_child=-1 3 -3 9 5 -5 -7 8 -8 10 11 -2 13 -13
right_child=1 2 -4 4 -6 6 7 -9 -10 -11 -12 12 -14 -15
leaf_value=0 -7.7181201197912895e-05 -0.011975717687565304 -0.00045603456280966434 -0.00081581629580948945 -0.003867239924072148 -0.001011745776506584 -0.00060694561151422122 -0.0015721214321841514 0.0025515140232779867 -4.600789032657029e-05 -8.2847344417971155e-05 0.0032397101000958802 0.00087251518229929299 -0.015049605195303069
leaf_weight=264020 5646 654 759 1495 2434 266 378 1283 1297 23758 27860 457 12218 479
leaf_count=264020 5646 654 759 1495 2434 266 378 1283 1297 23758 27860 457 12218 479
internal_value=0.000221222 -0.000793072 -0.0215428 -0.000415104 -0.0061233 -0.00175461 0.00421836 0.007167 0.0171224 0.000164731 0.00143335 0.00469787 0.00722518 -0.0117949
internal_weight=343004 78984 1413 77571 7153 4719 3224 2958 1675 70418 46660 18800 13154 936
internal_count=343004 78984 1413 77571 7153 4719 3224 2958 1675 70418 46660 18800 13154 936
is_linear=0
shrinkage=0.04


Tree=71
num_leaves=15
num_cat=0
split_feature=9 5 0 3 10 0 3 0 9 9 3 3 0 2
split_gain=62.3319 121.297 112.642 147.139 126.458 94.7455 85.976 307.982 74.3187 222.037 164.398 161.944 885.181 181.808
threshold=0.4842391518606689 1.0000000180025095e-35 9.3485821295216294 22.978312000000003 -22.749766077450435 1.5336568527267433 4.4289150000000008 3.978947631206784 1.4864568771755239e-05 0.00012866484953816262 17.000007500000006 15.225621500000001 13.757609379611074 91.82456950000001
decision_type=2 2 2 2 2 2 2 2 2 2 2 2 2 2
left_child=1 5 -2 4 -4 -1 7 -3 11 10 -10 12 -8 -13
right_child=2 6 3 -5 -6 -7 8 -9 9 -11 -12 13 -14 -15
leaf_value=0.020110251457790947 0 1.470609472748248e-05 -0.060543217527728482 0.0016119537768657466 0.0049793739058239172 -0.13034494169018124 -8.3205139322625744e-07 -0.010314868336037121 3.0069953092716037e-05 -4.8534760844670192e-05 -0.0007294285459489994 6.2702905913314034e-05 -0.03053506643483964 0.0059840030894410239
leaf_weight=27 215038 1535 280 9502 122 193 28459 557 1657 54012 3712 20685 972 6053
leaf_count=27 215038 1535 280 9502 122 193 28459 557 1657 54012 3712 20685 972 6053
internal_value=0.000236753 -0.000508391 0.000627184 0.00479806 -0.0189055 -0.0301818 -0.000452899 -0.00848948 -0.000307399 -0.00129402 -0.00905196 0.000735637 -0.00131154 0.002989
internal_weight=342804 117862 224942 9904 402 220 117642 2092 115550 59381 5369 56169 29431 26738
internal_count=342804 117862 224942 9904 402 220 117642 2092 115550 59381 5369 56169 29431 26738
is_linear=0
shrinkage=0.04


Tree=72
num_leaves=15
num_cat=0
split_feature=8 5 0 3 1 0 3 0 3 1 3 0 0 3
split_gain=48.8128 116.751 98.8176 129.148 104.296 94.3738 81.3 256.296 78.5767 241.187 167.841 165.911 205.193 156.231
threshold=0.51291298456902013 1.0000000180025095e-35 8.9273509845822794 22.208853000000001 22.826917426756175 1.5336568527267433 4.4289150000000008 3.978947631206784 29.808617000000002 23.017531512151418 24.851730500000006 0.85594949503572793 2.3564415799214249 40.398829500000005
decision_type=2 2 2 2 2 2 2 2 2 2 2 2 2 2
left_child=2 5 -1 4 -4 -2 7 -3 9 -8 -11 -10 -13 -14
right_child=1 6 3 -5 -6 -7 8 -9 11 10 -12 12 13 -15
leaf_value=0 0.019320604277897276 3.308181596476307e-06 0.00035975914254550532 0.0014251037786937454 -0.077168480267093761 -0.11992486960864175 3.2272439516741536e-05 -0.0091351145940469034 0.00015061408119541007 -0.092143588178060482 -0.0016436952902583171 -0.0013826345063160698 -0.00045957991282075556 5.8986653523268976e-05
leaf_weight=213360 27 1517 216 10695 189 187 83796 544 878 499 803 1011 11196 17808
leaf_count=213360 27 1517 216 10695 189 187 83796 544 878 499 803 1011 11196 17808
internal_value=0.00026937 -0.000388277 0.000615878 0.0042955 -0.0178765 -0.0299065 -0.000334768 -0.00820961 -0.000194843 0.000432443 -0.0166513 -0.00192277 -0.00242412 -0.00180665
internal_weight=342726 118266 224460 11100 405 214 118052 2061 115991 85098 1302 30893 30015 29004
internal_count=342726 118266 224460 11100 405 214 118052 2061 115991 85098 1302 30893 30015 29004
is_linear=0
shrinkage=0.04


Tree=73
num_leaves=15
num_cat=0
split_feature=8 5 0 0 3 1 1 3 2 3 1 3 0 3
split_gain=55.0991 129.998 95.2664 84.0709 120.844 103.553 65.4074 1501.58 172.156 143.646 134.365 1107.81 294.821 257.499
threshold=0.51291298456902013 1.0000000180025095e-35 1.5336568527267433 9.3485821295216294 22.876181000000006 23.280024178531544 28.982151642026064 25.878890500000001 115.25592050000002 34.538179500000005 20.154297077712904 19.296557000000004 2.0589356613015095 22.401191000000001
decision_type=2 2 2 2 2 2 2 2 2 2 2 2 2 2
left_child=3 2 -2 6 5 -5 10 -8 9 -9 -1 -12 -13 -14
right_child=1 -3 -4 4 -6 -7 7 8 -10 -11 11 12 13 -15
leaf_value=0 0.018533017228363417 -2.1761040765894889e-05 -0.11737833001621122 0.0031765817904712691 0.001405072947614756 -0.062819919420391959 -0.09212008343427136 -0.094769748563696479 0.0014385215476843754 -0.00055196338258331381 -0.054710821324594539 0.050305585509463513 -0.00086472663850487702 0.0014508544635295898
leaf_weight=173078 27 117972 202 138 9301 232 1909 382 13906 3770 1754 1582 3668 14849
leaf_count=173078 27 117972 202 138 9301 232 1909 382 13906 3770 1754 1582 3668 14849
internal_value=0.000239811 -0.000459218 -0.0305677 0.000607742 0.00425602 -0.0181622 0.000443559 -0.00173687 0.00182966 -0.00531792 0.000666903 0.00362239 0.0062829 0.00486688
internal_weight=342770 118201 229 224569 9671 370 214898 19967 18058 4152 194931 21853 20099 18517
internal_count=342770 118201 229 224569 9671 370 214898 19967 18058 4152 194931 21853 20099 18517
is_linear=0
shrinkage=0.04


Tree=74
num_leaves=15
num_cat=0
split_feature=9 2 0 5 0 2 1 8 3 1 9 2 0 3
split_gain=47.0392 100.441 106.205 99.4501 96.2412 96.1908 364.097 293.367 183.413 534.11 157.298 147.547 140.287 490.289
threshold=0.38566687845925235 176.75301350000004 13.691278076197369 1.0000000180025095e-35 1.5336568527267433 74.034153000000018 3.0608124296150407 0.88353300001156987 4.9999920000000015 4.4220382723516316 0.0043023767527554666 62.158500500000009 4.3092519734370587 4.9999920000000015
decision_type=2 2 2 2 2 2 2 2 2 2 2 2 2 2
left_child=1 3 -3 4 -1 6 7 -5 9 -8 -10 -9 -7 -14
right_child=-2 2 -4 5 -6 12 8 11 10 -11 -12 -13 13 -15
leaf_value=0.017799077978437862 0 0.001471029255998269 -0.0034754251569482702 0.00025406620276208772 -0.10513811145055471 0.00014759458097305677 0.0032640823260857779 -2.6337970499042928e-05 0.00087149659261722464 -0.014710215311110065 -0.00048636160260447065 -0.00068387794289681721 -0.010696187684573645 -0.00016877087024119288
leaf_weight=28 233006 512 84 335 171 6657 512 27568 12209 521 947 1642 1028 57750
leaf_count=28 233006 512 84 335 171 6657 512 27568 12209 521 947 1642 1028 57750
internal_value=0.000278858 -0.000403041 0.0159732 -0.000492283 -0.0287437 -0.000440784 0.00101157 -0.00151768 0.0062781 -0.0099516 0.00755245 -0.00194454 -0.00141148 -0.00203477
internal_weight=342970 109964 596 109368 199 109169 43734 29545 14189 1033 13156 29210 65435 58778
internal_count=342970 109964 596 109368 199 109169 43734 29545 14189 1033 13156 29210 65435 58778
is_linear=0
shrinkage=0.04


Tree=75
num_leaves=15
num_cat=0
split_feature=8 3 9 9 1 1 2 2 3 10 2 8 2 0
split_gain=59.892 402.862 208.973 144.446 142.786 218.792 181.751 216.5 170.09 136.973 175.549 160.737 150.495 255.017
threshold=0.94256592983472431 63.048773000000004 0.0014252481994518897 0.002549535925532143 16.65970961892052 7.4530405473653181 71.11269750000001 96.446838000000014 16.893340000000002 -1.9213583028943233 74.034153000000018 0.99986582634168719 111.09329600000002 4.3092519734370587
decision_type=2 2 2 2 2 2 2 2 2 2 2 2 2 2
left_child=-1 3 -3 9 5 -5 -7 8 -8 10 11 -2 13 -12
right_child=1 2 -4 4 -6 6 7 -9 -10 -11 12 -13 -14 -15
leaf_value=0 0.001265411512796999 -0.011169731044766006 -0.00055543596178182916 -0.00077413690245739758 -0.003621020075809406 -0.0009338012492441268 -0.00092980745108228345 -0.0013627200263682672 0.00238745846035826 -4.5049563118856648e-05 0.00030431096204558173 0.0003286029921758128 0.0006601403517938867 -0.00040102453937299553
leaf_weight=263896 1049 668 752 1500 2379 261 350 1253 1315 23870 2917 17685 5978 18871
leaf_count=263896 1049 668 752 1500 2379 261 350 1253 1315 23870 2917 17685 5978 18871
internal_value=0.000277408 -0.000689935 -0.0218028 -0.000302733 -0.00575801 -0.00170122 0.00424033 0.00710075 0.0165526 0.000244422 0.00150882 0.00450091 -0.000509976 -0.00205251
internal_weight=342744 78848 1420 77428 7058 4679 3179 2918 1665 70370 46500 18734 27766 21788
internal_count=342744 78848 1420 77428 7058 4679 3179 2918 1665 70370 46500 18734 27766 21788
is_linear=0
shrinkage=0.04


Tree=76
num_leaves=15
num_cat=0
split_feature=9 3 9 3 9 0 2 8 0 8 2 1 3 0
split_gain=53.6305 507.063 196.597 135.966 128.295 103.914 198.082 152.962 138.116 179.716 151.531 137.27 329.516 784.898
threshold=0.035716777817488506 63.048773000000004 0.002549535925532143 29.103087000000006 0.0014252481994518897 1.9643833848126642 74.034153000000018 0.99986582634168719 5.3879237689192161 0.99990471272594594 59.693140000000007 10.492037497389761 15.000312500000001 13.006805675641909
decision_type=2 2 2 2 2 2 2 2 2 2 2 2 2 2
left_child=1 2 5 -4 -3 -1 7 -7 9 10 -9 -8 13 -13
right_child=-2 4 3 -5 -6 6 11 8 -10 -11 -12 12 -14 -15
leaf_value=-3.8685425119107831e-05 0 -0.010128437485677369 -0.0005905535562685969 -0.0020303292301438016 -0.00082660567822268993 0.0012155508538209616 -0.00019840797558685606 -0.0023480260714328662 0.001066088544096307 0.0001798451337284058 0.011707493759438923 0.0022612469559934669 0.0011924095633145347 -0.0098604681305757332
leaf_weight=23986 266649 671 3754 967 478 1051 11919 358 5188 11978 78 1610 12320 1828
leaf_count=23986 266649 671 3754 967 478 1051 11919 358 5188 11978 78 1610 12320 1828
internal_value=0.000257617 -0.00067834 -0.000274531 -0.00817623 -0.0270496 0.000255987 0.0013624 0.00454833 0.00366322 0.00137264 -0.0238532 -0.000784767 0.00166519 -0.00928447
internal_weight=342835 76186 75037 4721 1149 70316 46330 18653 17602 12414 436 27677 15758 3438
internal_count=342835 76186 75037 4721 1149 70316 46330 18653 17602 12414 436 27677 15758 3438
is_linear=0
shrinkage=0.04


Tree=77
num_leaves=15
num_cat=0
split_feature=0 3 9 3 2 9 9 9 10 3 2 0 10 3
split_gain=49.4161 291.756 153.37 96.864 140.884 121.018 106.659 74.0155 70.9116 365.463 229.655 237.557 231.47 756.24
threshold=22.765995019075262 24.999868000000003 0.20531605932603839 51.263304500000004 111.39678950000003 0.085158586845086107 0.00011428592226470081 0.053285125653714134 -11.60354355501641 13.164934500000003 160.02613850000003 1.9133360119893228 -13.975806866279397 17.339024500000004
decision_type=2 2 2 2 2 2 2 2 2 2 2 2 2 2
left_child=8 -2 3 6 7 -6 -3 -5 9 -1 11 -11 -13 -14
right_child=1 2 -4 4 5 -7 -8 -9 -10 10 -12 12 13 -15
leaf_value=-0.011489076650567044 -0.092349149806069716 0.00022675249478437521 -0.0099617277278001536 -0.026112604628240724 0.0013127612912834862 -0.01098810650603893 -0.010336994017988132 0.0048886637956418637 0 0.0083831777684306285 -0.00077929270676253782 0.00018377358347687142 0.0037532854273299829 -0.00044483187944471147
leaf_weight=1523 327 1351 449 56 655 274 1657 1319 224009 4185 7747 87088 6359 5922
leaf_count=1523 327 1351 449 56 655 274 1657 1319 224009 4185 7747 87088 6359 5922
internal_value=0.000325906 -0.00324573 -0.00115952 0.000737952 0.00690972 -0.00512379 -0.00398936 0.01504 0.000390461 0.00120825 0.00147456 0.00197153 0.00157836 0.00671932
internal_weight=342921 6088 5761 5312 2304 929 3008 1375 336833 112824 111301 103554 99369 12281
internal_count=342921 6088 5761 5312 2304 929 3008 1375 336833 112824 111301 103554 99369 12281
is_linear=0
shrinkage=0.04


Tree=78
num_leaves=15
num_cat=0
split_feature=0 3 9 3 9 8 10 3 1 3 0 1 3 3
split_gain=44.8085 283.622 134.74 102.61 95.5251 86.9321 66.8467 1022.31 1265.53 679.22 423.031 303.206 1089.51 332.55
threshold=22.765995019075262 24.999868000000003 0.20531605932603839 51.263304500000004 0.00011428592226470081 0.94781035889857923 -19.447910200760262 22.401191000000001 23.894930764633497 18.245710000000003 10.056142215308133 28.364405480011708 24.999868000000003 29.103087000000006
decision_type=2 2 2 2 2 2 2 2 2 2 2 2 2 2
left_child=6 -2 3 4 -3 -5 7 8 9 -1 -11 13 -13 -9
right_child=1 2 -4 5 -6 -7 -8 11 -10 10 -12 12 -14 -15
leaf_value=-0.047295158019610567 -0.090375404115839872 0.00021768239499300013 -0.0095305446096951383 0.0031632681378184774 -0.0096014263877179633 -0.0083234375773633771 0 0.0036945618860535624 -0.085863796157483657 0.0031677698263146048 -0.026124936284212055 -0.077688076608592921 0.00075297269878055629 0.00036191959620858195
leaf_weight=1239 316 1349 459 2144 1663 157 271297 13567 2723 4226 874 1196 27877 13861
leaf_count=1239 316 1349 459 2144 1663 157 271297 13567 2723 4226 874 1196 27877 13861
internal_value=0.000299871 -0.00310118 -0.00108108 0.000715227 -0.00414343 0.00707518 0.000361337 0.00150756 -0.0109645 -0.00116738 0.00528627 0.0035079 0.000661782 0.00652472
internal_weight=342948 6088 5772 5313 3012 2301 336860 65563 9062 6339 5100 56501 29073 27428
internal_count=342948 6088 5772 5313 3012 2301 336860 65563 9062 6339 5100 56501 29073 27428
is_linear=0
shrinkage=0.04


Tree=79
num_leaves=15
num_cat=0
split_feature=8 3 8 8 1 1 2 2 3 10 3 1 2 2
split_gain=44.5857 394.633 210.412 138.447 158.907 183.134 194.171 210.266 155.016 132.263 153.56 167.406 158.273 168.545
threshold=0.94256592983472431 63.048773000000004 0.99865268182669953 0.99767660409522396 16.65970961892052 7.4530405473653181 71.11269750000001 96.446838000000014 16.893340000000002 -1.9213583028943233 4.4289150000000008 4.254946172028081 74.034153000000018 111.09329600000002
decision_type=2 2 2 2 2 2 2 2 2 2 2 2 2 2
left_child=-1 3 -3 4 5 -2 -7 8 -8 10 11 -5 -12 -14
right_child=1 2 -4 9 -6 6 7 -9 -10 -11 12 -13 13 -15
leaf_value=0 -0.00069811176876326893 -0.00044084350127160805 -0.010416500525344477 0.00016556753391409697 -0.0035438922029475788 -0.00082034766875221216 -0.00075004166319132413 -0.0012633084397361972 0.0023164679090756611 -4.1872470267291567e-05 0.00040008966822598302 -0.014641534337773999 -0.00011138238878803058 0.00057868741185047499
leaf_weight=264288 1508 760 658 424 2414 267 358 1295 1342 23736 18378 371 21495 5841
leaf_count=264288 1508 760 658 424 2414 267 358 1295 1342 23736 18378 371 21495 5841
internal_value=0.000250863 -0.000583916 -0.0214951 -0.000200958 -0.00548998 -0.00125786 0.00407112 0.00698497 0.0162353 0.000339953 0.00157991 -0.0158491 0.00188301 -4.68247e-05
internal_weight=343135 78847 1418 77429 7184 4770 3262 2995 1700 70245 46509 795 45714 27336
internal_count=343135 78847 1418 77429 7184 4770 3262 2995 1700 70245 46509 795 45714 27336
is_linear=0
shrinkage=0.04


Tree=80
num_leaves=15
num_cat=0
split_feature=8 6 1 0 3 1 3 3 1 0 0 2 2 2
split_gain=43.9049 113.492 105.997 74.8994 123.112 132.718 77.5915 68.9069 247.496 178.962 201.358 289.723 301.072 255.649
threshold=0.51291298456902013 1.0000000180025095e-35 1.6963364482550913 9.1035058643481666 25.000081500000004 24.075715754361301 21.914942000000003 29.808617000000002 24.423175630017621 0.85594949503572793 2.3564415799214249 66.36336900000002 88.88382350000002 110.33656300000001
decision_type=2 2 2 2 2 2 2 2 2 2 2 2 2 2
left_child=3 7 -3 -1 5 6 -5 8 -2 -9 -11 -12 -13 -14
right_child=1 2 -4 4 -6 -7 -8 9 -10 10 11 12 13 -15
leaf_value=0 2.1571716968653911e-05 0.018271331246852301 -0.11427755319306225 -0.017984542859855696 0.0014211439722020608 -0.014431488569197435 0.0059703698544714282 0.00015279450807720042 -0.047083284128651044 -0.0013203808672726193 0.001326828809641502 -0.00039744679918444879 0.001295285671562775 -0.00079692726997738659
leaf_weight=214479 86423 33 193 198 9406 500 361 869 694 1036 2029 9126 7934 9899
leaf_count=214479 86423 33 193 198 9406 500 361 869 694 1036 2029 9126 7934 9899
internal_value=0.000270179 -0.000353869 -0.0286726 0.000598193 0.00390253 -0.00902738 0.00436494 -0.000299636 0.000275951 -0.00192277 -0.00244071 -0.00182144 -0.00291851 0.000105423
internal_weight=343180 118236 226 224944 10465 1059 559 118010 87117 30893 30024 28988 26959 17833
internal_count=343180 118236 226 224944 10465 1059 559 118010 87117 30893 30024 28988 26959 17833
is_linear=0
shrinkage=0.04


Tree=81
num_leaves=15
num_cat=0
split_feature=9 2 6 2 0 10 1 9 1 0 3 2 1 3
split_gain=40.5142 112.755 91.4527 88.7234 420.313 123.029 121.187 109.058 108.546 74.7656 74.754 74.5133 143.861 146.191
threshold=0.38566687845925235 176.75301350000004 1.0000000180025095e-35 159.06201150000004 6.1323353940737748 -29.828582949523547 16.368215035688554 0.66001080404980761 13.318420350299645 0.73694776674137363 13.908696000000001 127.33433550000002 20.967813851960141 22.876181000000006
decision_type=2 2 2 2 2 2 2 2 2 2 2 2 2 2
left_child=1 2 -1 7 5 -5 8 11 -6 -4 -10 -2 -13 -14
right_child=3 -3 9 4 6 -7 -8 -9 10 -11 -12 12 13 -15
leaf_value=-2.0074788904502205e-05 0.00034619191907657746 0.0011211534211642319 0.017632229810866758 -0.036978735353868968 -0.0019838426770444157 0 -0.001852185705055327 0 -0.019445550505947429 -0.095787400056630251 0.0064312397910589103 0.003485676520676283 -0.033353534365817547 0.0016840708163468221
leaf_weight=109439 17812 605 23 255 336 67694 1664 139954 93 173 330 1288 319 2943
leaf_count=109439 17812 605 23 255 336 67694 1664 139954 93 173 330 1288 319 2943
internal_value=0.000270261 -0.000361393 -0.000456424 0.000569518 -0.000616723 -3.29659e-05 -0.0169872 0.00108381 -0.00374177 -0.0277551 0.00973995 0.00367767 0.00824615 0.00377682
internal_weight=342928 110240 109635 232688 70372 67949 2423 162316 759 196 423 22362 4550 3262
internal_count=342928 110240 109635 232688 70372 67949 2423 162316 759 196 423 22362 4550 3262
is_linear=0
shrinkage=0.04


Tree=82
num_leaves=15
num_cat=0
split_feature=0 2 8 1 9 8 9 10 10 1 2 2 2 2
split_gain=42.1073 114.124 149.515 95.3511 82.49 70.6021 68.7175 56.2252 52.1011 161.657 162.857 253.988 120.289 156.925
threshold=22.765995019075262 109.83624300000001 0.94256592983472431 23.017531512151418 0.19491296451028264 0.99994924073772018 0.035716777817488506 -34.843257371433431 -19.280126907799353 17.724268558743081 149.11859900000005 130.59001900000001 118.93086250000002 100.60580800000001
decision_type=2 2 2 2 2 2 2 2 2 2 2 2 2 2
left_child=8 2 4 -3 -2 6 -4 -6 12 -10 11 -11 13 -1
right_child=1 3 5 -5 7 -7 -8 -9 9 10 -12 -13 -14 -15
leaf_value=0.0018915464792475312 0.0053991555845116406 0.00018576772559669505 -0.032974492945038215 -0.0051996512384953021 -0.020512113518663045 -4.0816884133218769e-05 -0.00040567025008223434 0.0012398321456295936 0 -0.00081569472462763074 -0.00143934872543323 0.0026463515964018974 0.00069457553708270146 -0.0004360657333639964
leaf_weight=3071 1083 135 242 3358 74 880 165 148 260073 7082 2100 967 40323 23260
leaf_count=3071 1083 135 242 3358 74 880 165 148 260073 7082 2100 967 40323 23260
internal_value=0.000241077 -0.0030567 0.00330247 -0.00777555 0.0128429 -0.00637141 -0.0201474 -0.00936937 0.000300645 5.35856e-05 -0.004899 -0.00231085 0.00130225 -0.000800577
internal_weight=342961 6085 2592 3493 1305 1287 407 222 336876 270222 10149 8049 66654 26331
internal_count=342961 6085 2592 3493 1305 1287 407 222 336876 270222 10149 8049 66654 26331
is_linear=0
shrinkage=0.04


Tree=83
num_leaves=15
num_cat=0
split_feature=8 3 9 9 10 10 2 2 3 3 2 10 3 0
split_gain=41.7839 367.049 220.534 126.675 121.96 186.367 176.863 223.589 122.952 114.958 111.598 160.482 297.062 267.997
threshold=0.94256592983472431 63.048773000000004 0.0014252481994518897 0.002549535925532143 -16.992817446671346 -7.5390373392836842 71.11269750000001 96.446838000000014 16.893340000000002 5.736390000000001 111.09329600000002 -23.009822510879143 19.472653500000003 16.978931713216905
decision_type=2 2 2 2 2 2 2 2 2 2 2 2 2 2
left_child=-1 3 -3 10 -5 6 -6 8 -8 -7 -2 -12 13 -13
right_child=1 2 -4 4 5 9 7 -9 -10 -11 11 12 -14 -15
leaf_value=0 -5.4875772625006004e-06 -0.0092564424834420643 -0.00032310472140442968 -0.0035210989758273394 -0.00080177781312378005 0.0016813253057417856 -0.00074262980701317251 -0.0015031868437341298 0.0021978737458000033 -0.00076230886276819679 -0.014273714546075013 0.00014964734055612812 0.0048965183235499497 -0.047222693895480151
leaf_weight=263786 64302 673 758 2255 267 228 344 1319 1441 1254 671 2883 2092 290
leaf_count=263786 64302 673 758 2255 267 228 344 1319 1441 1254 671 2883 2092 290
internal_value=0.000280824 -0.000527565 -0.020601 -0.000156181 -0.00524479 -0.00167319 0.00352418 0.00621134 0.0154398 -0.0134953 0.00035878 0.00560647 0.00795442 0.000239521
internal_weight=342563 78777 1431 77346 7108 4853 3371 3104 1785 1482 70238 5936 5265 3173
internal_count=342563 78777 1431 77346 7108 4853 3371 3104 1785 1482 70238 5936 5265 3173
is_linear=0
shrinkage=0.04


Tree=84
num_leaves=15
num_cat=0
split_feature=0 3 9 3 2 9 9 10 2 8 9 2 3 10
split_gain=44.5694 366.141 121.949 70.9659 111.441 114.512 101.852 73.0736 91.8525 71.7436 69.0476 86.0724 74.1096 118.616
threshold=22.765995019075262 26.505088000000004 0.20531605932603839 51.263304500000004 111.39678950000003 0.085158586845086107 0.00011428592226470081 -42.487436094486903 124.49778000000002 0.94256592983472431 0.030788325393645125 118.36623000000002 34.908647000000009 -30.828110072552203
decision_type=2 2 2 2 2 2 2 2 2 2 2 2 2 2
left_child=-1 -2 3 6 9 7 -3 -6 -9 -5 -8 12 13 -12
right_child=1 2 -4 4 5 -7 10 8 -10 -11 11 -13 -14 -15
leaf_value=0 -0.047489182261679024 0.0025188249400069618 -0.0089413707024052561 0.0049995725984765937 -0.0064313972655718364 -0.010788131264769027 -0.02161449263010284 0.0070211785410910863 -0.0044283784377733967 -0.01287010280985057 -0.11379723664013229 -0.012471063111557814 0.0049304796922091474 0.0090769725886800344
leaf_weight=336624 623 1111 453 1269 163 272 406 413 102 89 172 212 662 172
leaf_count=336624 623 1111 453 1269 163 272 406 413 102 89 172 212 662 172
internal_value=0.000278109 -0.00310508 0.000189229 0.00197501 0.00714038 -0.00336842 -0.00238391 0.00542773 0.0128155 0.0144919 -0.00876847 -0.00400657 0.000874751 -0.014186
internal_weight=342743 6119 5496 5043 2308 950 2735 678 515 1358 1624 1218 1006 344
internal_count=342743 6119 5496 5043 2308 950 2735 678 515 1358 1624 1218 1006 344
is_linear=0
shrinkage=0.04


Tree=85
num_leaves=15
num_cat=0
split_feature=10 3 2 0 10 3 3 0 10 2 2 3 10 10
split_gain=47.5031 328.553 160.226 269.529 200.991 784.828 550.428 361.613 452.732 213.864 256.364 178.367 453.098 203.874
threshold=-11.60354355501641 13.053889500000002 159.06201150000004 1.9133360119893228 -13.975806866279397 14.999899500000001 17.339024500000004 8.9273509845822794 -15.971296663676876 101.491112 121.20766800000001 24.119348000000006 -27.155948064196227 -30.828110072552203
decision_type=2 2 2 2 2 2 2 2 2 2 2 2 2 2
left_child=1 -1 3 11 5 7 -6 8 -5 -7 -11 12 -3 -13
right_child=-2 2 -4 4 6 9 -8 -9 -10 10 -12 13 -14 -15
leaf_value=-0.012428973770390175 0 -0.093376141056256717 -0.00075412011477617624 -0.040473989909315049 0.0034479426224281375 0.0019022700122900565 -0.00037729689573161139 -0.032415064184175266 0.0088594270733400836 -0.00033792558727891125 0.00062044174980501582 0.0013265958999881312 0.010104628758349157 0.09062191472215321
leaf_weight=1116 224020 357 8092 524 6508 8528 5862 1197 691 44030 38165 402 2670 775
leaf_count=1116 224020 357 8092 524 6508 8528 5862 1197 691 44030 38165 402 2670 775
internal_value=0.000310144 0.000956297 0.00116094 0.00156159 0.00116582 0.000529554 0.00595635 -0.02199 -0.00661728 0.00112827 0.000502707 0.0114938 0.00635613 0.0247069
internal_weight=342937 118917 117801 109709 105505 93135 12370 2412 1215 90723 82195 4204 3027 1177
internal_count=342937 118917 117801 109709 105505 93135 12370 2412 1215 90723 82195 4204 3027 1177
is_linear=0
shrinkage=0.04


Tree=86
num_leaves=15
num_cat=0
split_feature=8 3 9 9 1 1 9 3 10 3 0 0 3 3
split_gain=35.7275 324.396 187.956 127.414 129.218 170.081 106.973 106.966 106.896 141.746 170 109.595 315.132 149.681
threshold=0.94256592983472431 63.048773000000004 0.0014252481994518897 0.002549535925532143 16.65970961892052 7.4530405473653181 0.014177704524360514 14.940688500000002 -1.9213583028943233 4.4289150000000008 4.4224837163098476 0.81919587966427987 22.978312000000003 20.533159500000004
decision_type=2 2 2 2 2 2 2 2 2 2 2 2 2 2
left_child=-1 3 -3 8 5 -5 -7 -8 9 10 -2 13 -13 -10
right_child=1 2 -4 4 -6 6 7 -9 11 -11 -12 12 -14 -15
leaf_value=0 -2.7057940273384363e-05 -0.0096128819414694564 -0.00031018053254825247 -0.00062299407997845212 -0.0031937354731940704 -0.00060073439910174884 -0.0036652045724137987 0.0016346656218612947 -8.1888558553828209e-06 0.00017377294191573911 -0.017596474266617958 -5.1641902658712651e-05 -0.00066697086105220709 0.0001445768120837888
leaf_weight=263941 485 665 764 1480 2404 989 329 1917 10786 45839 294 10436 1439 1118
leaf_count=263941 485 665 764 1480 2404 989 329 1917 10786 45839 294 10436 1439 1118
internal_value=0.000233314 -0.000513269 -0.0193982 -0.000165127 -0.00526478 -0.00141676 0.00372179 0.00854853 0.000350583 0.00146381 -0.0154557 -0.00183187 -0.00455074 0.000880376
internal_weight=342886 78945 1429 77516 7119 4715 3235 2246 70397 46618 779 23779 11875 11904
internal_count=342886 78945 1429 77516 7119 4715 3235 2246 70397 46618 779 23779 11875 11904
is_linear=0
shrinkage=0.04


Tree=87
num_leaves=15
num_cat=0
split_feature=9 3 9 2 3 9 8 8 1 0 2 3 1 2
split_gain=35.4522 385.404 165.373 153.984 130.173 96.6375 93.7935 176.312 159.732 150.389 202.817 122.481 844.197 241.314
threshold=0.035716777817488506 59.230808000000003 0.002549535925532143 80.682647500000016 29.103087000000006 0.030788325393645125 0.99986582634168719 0.99998360318535939 21.264385595154316 0.81919587966427987 58.934145000000008 15.225621500000001 13.803643388412931 91.82456950000001
decision_type=2 2 2 2 2 2 2 2 2 2 2 2 2 2
left_child=1 2 6 -3 -4 -6 8 9 -1 10 -8 12 -9 -13
right_child=-2 3 4 -5 5 -7 7 11 -10 -11 -12 13 -14 -15
leaf_value=0.00027018614662899573 0 -0.0002883356017059853 -0.00045239396756197769 -0.0074128271042540874 -0.002597850031794695 -9.0029963541498611e-05 0.00012584108956875364 -2.0330010370598739e-06 -0.013418361702741412 -0.00057294218937161421 -0.00047505062817267601 2.244340788711878e-05 -0.028612830500444667 0.0056055478637373661
leaf_weight=6276 266665 520 3781 770 643 284 851 30283 337 4176 194 21208 936 6094
leaf_count=6276 266665 520 3781 770 643 284 851 30283 337 4176 194 21208 936 6094
internal_value=0.000236606 -0.000523359 -0.000150807 -0.0222016 -0.00740867 -0.0208414 0.000334873 -0.000135546 0.0048692 -0.0071787 0.00639234 0.000492815 -0.00121849 0.00244964
internal_weight=343018 76353 75063 1290 4708 927 70355 63742 6613 5221 1045 58521 31219 27302
internal_count=343018 76353 75063 1290 4708 927 70355 63742 6613 5221 1045 58521 31219 27302
is_linear=0
shrinkage=0.04


Tree=88
num_leaves=15
num_cat=0
split_feature=8 3 9 9 10 10 2 2 10 9 3 0 9 0
split_gain=38.2478 268.902 196.523 118.983 118.935 199.322 170.108 164.661 143.14 102.918 91.6036 77.0984 75.151 74.2347
threshold=0.94256592983472431 63.048773000000004 0.0014252481994518897 0.002549535925532143 -16.593762680749489 -7.5390373392836842 71.11269750000001 96.446838000000014 -11.835539333516151 0.062814997860432834 5.736390000000001 4.4600253234922338 0.030788325393645125 4.9093887959084794
decision_type=2 2 2 2 2 2 2 2 2 2 2 2 2 2
left_child=9 3 13 -2 -5 6 -6 8 -8 -1 11 -7 -10 -3
right_child=1 2 -4 4 5 10 7 -9 12 -11 -12 -13 -14 -15
leaf_value=0.0024894142840501464 1.0438886483146349e-05 -0.00014289220801527947 -0.00018278163842144757 -0.0029471002394865463 -0.00072484356379514346 0.0060702140532385455 0.0078828888602942068 -0.00099764147400054548 5.1122254805647803e-05 0 -0.00071171051043402323 -0.0053479587494229073 0.0024047363714650503 -0.0099884950174432118
leaf_weight=1292 70364 105 753 2438 263 109 354 1248 713 262768 1264 119 613 565
leaf_count=1292 70364 105 753 2438 263 109 354 1248 713 262768 1264 119 613 565
internal_value=0.000210049 -0.000562681 -0.0177934 -0.000246241 -0.00517343 -0.00144352 0.00419931 0.00696721 0.0151429 0.00044096 -0.0135121 0.00982456 0.00911011 -0.0335522
internal_weight=342968 78908 1423 77485 7121 4683 3191 2928 1680 264060 1492 228 1326 670
internal_count=342968 78908 1423 77485 7121 4683 3191 2928 1680 264060 1492 228 1326 670
is_linear=0
shrinkage=0.04


Tree=89
num_leaves=15
num_cat=0
split_feature=9 2 2 0 8 3 10 9 2 10 0 3 2 2
split_gain=41.2687 119.43 86.5319 277.52 279.658 185.657 446.489 165.409 135.331 131.277 137.04 436.105 334.566 283.044
threshold=0.38566687845925235 176.75301350000004 74.034153000000018 3.1023653460643019 0.88353300001156987 4.9999920000000015 -4.4240491861205244 0.0043023767527554666 60.444622000000003 -1.4315077790230555 4.3092519734370587 4.9999920000000015 133.99220250000002 79.822464000000011
decision_type=2 2 2 2 2 2 2 2 2 2 2 2 2 2
left_child=1 2 3 4 -1 6 -5 -7 -6 10 12 -12 13 -4
right_child=-2 -3 9 5 8 7 -8 -9 -10 -11 11 -13 -14 -15
leaf_value=0.00026028867352837436 0 0.0010024309633485391 -0.00017568390846406032 -0.013949492084455133 -1.960861074249265e-05 0.00075563440905597413 0.0027378451652148449 -0.00041133658812944173 -0.00039340778228813447 -0.027271337623719694 -0.0099225818477937065 -0.00014522691868120729 -0.00067942741863075812 0.00047460824211805532
leaf_weight=362 232816 608 2161 508 26921 12138 499 919 2481 209 1038 57839 516 3931
leaf_count=362 232816 608 2161 508 26921 12138 499 919 2481 209 1038 57839 516 3931
internal_value=0.000195599 -0.000442386 -0.000540531 0.000835995 -0.00135197 0.00546644 -0.0110824 0.00674274 -0.00178219 -0.00145889 -0.00135787 -0.00197089 0.00410412 0.00672357
internal_weight=342946 110130 109522 43828 29764 14064 1007 13057 29402 65694 65485 58877 6608 6092
internal_count=342946 110130 109522 43828 29764 14064 1007 13057 29402 65694 65485 58877 6608 6092
is_linear=0
shrinkage=0.04


Tree=90
num_leaves=15
num_cat=0
split_feature=8 3 9 9 9 10 1 3 0 3 0 1 3 0
split_gain=40.1164 256.743 193.499 109.708 97.9008 116.517 153.275 102.579 94.832 177.739 833.487 201.11 464.052 195.81
threshold=0.94256592983472431 63.048773000000004 0.0014252481994518897 0.062814997860432834 0.002549535925532143 -16.992817446671346 7.4530405473653181 5.736390000000001 7.6612598508808141 15.000312500000001 13.757609379611074 17.861789742531112 19.999941500000002 13.252372340818676
decision_type=2 2 2 2 2 2 2 2 2 2 2 2 2 2
left_child=3 4 -3 -1 8 -6 7 -7 -2 10 -10 13 -13 -11
right_child=1 2 -4 -5 5 6 -8 -9 9 11 -12 12 -14 -15
leaf_value=0.0023707417619569021 -2.3329869249561362e-05 -0.0088842334058417804 -0.00017962321084494416 0 -0.0032006086345260066 0.0018676363012322644 0.00049876758050798142 -0.00066894246690272162 0.00023717686880215806 0.00072453770331981746 -0.026775600271034063 -0.049532068529999126 0.00017998280684995192 0.0050024923929829134
leaf_weight=1264 48348 644 751 263098 2216 242 3384 1255 4785 6806 936 535 4828 3993
leaf_count=1264 48348 644 751 263098 2216 242 3384 1255 4785 6806 936 535 4828 3993
internal_value=0.000223035 -0.000569592 -0.0175771 0.000459067 -0.000262777 -0.00474003 -0.00128662 -0.0119439 0.00018966 0.00237445 -0.00368467 0.00451924 -0.00181242 0.00766367
internal_weight=343085 78723 1395 264362 77328 7097 4881 1497 70231 21883 5721 16162 5363 10799
internal_count=343085 78723 1395 264362 77328 7097 4881 1497 70231 21883 5721 16162 5363 10799
is_linear=0
shrinkage=0.04


Tree=91
num_leaves=15
num_cat=0
split_feature=8 3 9 0 9 3 9 0 2 9 3 0 0 0
split_gain=38.6505 257.175 155.391 113.811 112.489 106.409 124.587 118.871 125.862 149.757 160.865 111.749 100.958 99.9378
threshold=0.94256592983472431 63.048773000000004 0.0014252481994518897 5.1798547169882871 0.002549535925532143 30.000227500000005 0.030788325393645125 3.4202176172328498 97.778469000000015 0.014177704524360514 17.220702000000003 5.5183714772249397 3.6274282120259298 3.9448478084111498
decision_type=2 2 2 2 2 2 2 2 2 2 2 2 2 2
left_child=-1 4 3 -3 -2 7 11 -6 9 13 12 -7 -11 -9
right_child=1 2 -4 -5 5 6 -8 8 -10 10 -12 -13 -14 -15
leaf_value=0 1.0902803810763201e-05 0.00022376101638795415 -0.00021022819887706477 -0.0097351451621088235 -0.00065767958493880159 0.00058967627458051677 -0.00053181909093990675 0.0011379726375285993 -0.00193783858008246 0.00077150964338002924 0.0017337971089257096 -0.0031780916276825102 -0.00093120854465973018 -0.00092722604551189565
leaf_weight=264367 70367 116 744 537 203 87 851 64 2398 62 1568 592 520 746
leaf_count=264367 70367 116 744 537 203 87 851 64 2398 62 1568 592 520 746
internal_value=0.00023495 -0.000542261 -0.0175519 -0.0317917 -0.000235482 -0.00503737 -0.0143791 -0.00246718 -0.00132885 0.00418919 0.00971163 -0.0271576 -0.00824742 -0.0104691
internal_weight=343222 78855 1397 653 77458 7091 1530 5561 5358 2960 2150 679 582 810
internal_count=343222 78855 1397 653 77458 7091 1530 5561 5358 2960 2150 679 582 810
is_linear=0
shrinkage=0.04


Tree=92
num_leaves=15
num_cat=0
split_feature=9 3 2 9 3 9 0 2 10 1 0 2 3 10
split_gain=42.5574 291.724 173.517 100.638 101.13 141.48 118.934 119.399 143.771 144.543 114.638 89.9457 139.072 265.627
threshold=0.053285125653714134 63.048773000000004 83.443668500000015 0.002549535925532143 30.000227500000005 0.030788325393645125 3.4202176172328498 98.976940000000013 -8.6654037816772913 3.8133381282595722 5.5183714772249397 111.09329600000002 18.963624500000005 -21.339842825999494
decision_type=2 2 2 2 2 2 2 2 2 2 2 2 2 2
left_child=1 3 -3 11 6 10 -5 8 -8 -10 -6 -1 -13 -14
right_child=-2 2 -4 4 5 -7 7 -9 9 -11 -12 12 13 -15
leaf_value=-1.0248778767717764e-05 0 -0.00036075428453724053 -0.0076753198360273167 -0.00072793743187451576 0.00059211751161878322 -0.00035734480023059777 0.0015127225524044175 -0.0019323358103922859 0.00072491502520270225 -0.00050672821419512032 -0.0030509679625752096 -9.2241682267067237e-05 -0.0064720986332688357 0.0092536956858992481
leaf_weight=64363 264655 629 674 188 84 784 1432 2202 114 1360 598 3028 1040 1825
leaf_count=64363 264655 629 674 188 84 784 1432 2202 114 1360 598 3028 1040 1825
internal_value=0.000216925 -0.000602137 -0.0193707 -0.000284609 -0.00494528 -0.0142428 -0.0023716 -0.00122161 0.00410186 -0.00466757 -0.027566 0.000163972 0.00489394 0.0112112
internal_weight=342976 78321 1303 77018 6762 1466 5296 5108 2906 1474 682 70256 5893 2865
internal_count=342976 78321 1303 77018 6762 1466 5296 5108 2906 1474 682 70256 5893 2865
is_linear=0
shrinkage=0.04


Tree=93
num_leaves=15
num_cat=0
split_feature=9 3 2 9 3 9 10 2 9 3 0 1 2 9
split_gain=37.7285 306.07 184.304 131.89 123.303 95.3938 85.7675 191.266 152.334 123.818 397.77 144.582 118.015 184.309
threshold=0.035716777817488506 59.230808000000003 83.443668500000015 0.002549535925532143 29.103087000000006 0.030788325393645125 -2.0792450595840246 74.034153000000018 0.00013467466711702961 4.9999920000000015 4.4966762110322795 3.5378964871579748 60.444622000000003 9.6272112764195241e-05
decision_type=2 2 2 2 2 2 2 2 2 2 2 2 2 2
left_child=1 3 -3 6 -5 -6 7 8 9 10 -1 12 13 -11
right_child=-2 2 -4 4 5 -7 -8 -9 -10 11 -12 -13 -14 -15
leaf_value=0.0014746996765910559 0 -0.00051101427046247887 -0.0096601651158500675 -0.00034175547956138015 -0.0022489970957500268 1.319708308389721e-05 -3.0518527463726425e-05 -9.2609100338569844e-05 0.0010728293142651707 0.00025096422911755734 -0.014072015917722452 0.00075908149292166268 -0.00046147170797940625 -0.0018109255496529353
leaf_weight=937 266633 716 590 3757 653 266 24938 27319 1014 4014 431 9809 1452 274
leaf_count=937 266633 716 590 3757 653 266 24938 27319 1014 4014 431 9809 1452 274
internal_value=0.000196964 -0.000588158 -0.0197856 -0.000253259 -0.00675791 -0.0198912 0.000180088 0.00121812 0.00442809 0.00352545 -0.0080117 0.00454048 -0.000501742 0.00283582
internal_weight=342803 76170 1306 74864 4676 919 70188 45250 17931 16917 1368 15549 5740 4288
internal_count=342803 76170 1306 74864 4676 919 70188 45250 17931 16917 1368 15549 5740 4288
is_linear=0
shrinkage=0.04


Tree=94
num_leaves=15
num_cat=0
split_feature=8 3 9 0 10 3 9 2 1 3 0 3 1 3
split_gain=40.722 210.972 161.205 138.061 118.351 413.808 207.427 240.128 235.915 343.405 146.452 294.152 1092.81 248.33
threshold=0.94256592983472431 64.979156000000017 0.0014252481994518897 5.1798547169882871 -17.747152817537529 20.355856000000003 8.1861500620283869e-05 78.213402000000016 20.446351655384095 23.718067000000005 7.6612598508808141 14.940688500000002 13.076951282030858 10.000159500000001
decision_type=2 2 2 2 2 2 2 2 2 2 2 2 2 2
left_child=-1 4 3 -3 5 -2 7 -7 -9 -10 -6 12 13 -12
right_child=1 2 -4 -5 10 6 -8 8 9 -11 11 -13 -14 -15
leaf_value=0 -0.026939224351864244 0.00027289010038166194 -0.00016007552966484261 -0.0093471219949180437 -2.8400301134060764e-05 -0.0020953206991633296 -0.0028886715362282122 0.012195506219851755 -0.050973600712018716 0.0024561364153061634 -0.0049472010099508327 0.00092585798344844712 -0.017288865399343104 0.0035427135769503806
leaf_weight=264141 930 113 719 512 49908 484 2469 896 455 1972 1013 14905 1426 3023
leaf_count=264141 930 113 719 512 49908 484 2469 896 455 1972 1013 14905 1426 3023
internal_value=0.000200603 -0.000597272 -0.0163095 -0.031168 -0.000324725 -0.00520677 -0.00151689 0.00433937 0.00817334 0.00169757 0.00017588 0.00303432 -0.00490663 0.00572844
internal_weight=342966 78825 1344 625 77481 7206 6276 3807 3323 2427 70275 20367 5462 4036
internal_count=342966 78825 1344 625 77481 7206 6276 3807 3323 2427 70275 20367 5462 4036
is_linear=0
shrinkage=0.04


Tree=95
num_leaves=15
num_cat=0
split_feature=9 2 2 0 1 10 10 9 2 10 3 3 1 2
split_gain=29.0221 116.009 68.6881 373.738 111.909 103.65 99.1428 91.8364 85.8635 132.03 120.333 90.6957 78.5718 66.325
threshold=0.38566687845925235 176.75301350000004 159.06201150000004 6.1323353940737748 16.368215035688554 -13.298224092339241 -29.828582949523547 0.66001080404980761 127.33433550000002 -20.907559824940694 22.011335000000006 18.064891000000006 5.2332913876701044 72.144817500000016
decision_type=2 2 2 2 2 2 2 2 2 2 2 2 2 2
left_child=1 13 7 6 5 -5 -4 8 12 10 -10 -11 -2 -1
right_child=2 -3 3 4 -6 -7 -8 -9 9 11 -12 -13 -14 -15
leaf_value=2.4926239724789215e-05 0.0044077594386654874 0.0009743950417173483 -0.035415322757650809 0.0019619639936194863 -0.0018139620066840605 -0.00182788994048664 0 0 -0.052594964489642959 -0.0007449219485095302 0.0015641072922174394 0.0039645261930862374 0.00025549299483641394 -0.00010249813378863427
leaf_weight=41741 232 580 249 432 1660 350 67717 139916 195 186 3093 1059 17512 67676
leaf_count=41741 232 580 249 432 1660 350 67717 139916 195 186 3093 1059 17512 67676
internal_value=0.000210626 -0.000324736 0.000463799 -0.00057948 -0.0159541 -0.00347826 -2.70724e-05 0.000916686 0.00330206 0.00821531 0.0040146 0.0193092 0.00204689 -0.000419313
internal_weight=342598 109997 232601 70408 2442 782 67966 162193 22277 4533 3288 1245 17744 109417
internal_count=342598 109997 232601 70408 2442 782 67966 162193 22277 4533 3288 1245 17744 109417
is_linear=0
shrinkage=0.04


Tree=96
num_leaves=15
num_cat=0
split_feature=9 3 2 9 3 0 2 10 3 2 10 3 3 3
split_gain=30.6324 299.877 183.588 136.715 105.804 99.5919 171.408 172.899 887.344 311.105 280.044 433.593 261.335 171.531
threshold=0.035716777817488506 59.230808000000003 83.443668500000015 0.002549535925532143 29.103087000000006 7.6612598508808141 135.45677200000003 -4.5539797322667424 4.9999920000000015 65.332866500000009 -3.7930635067651681 5.736390000000001 4.3382475000000005 23.138876500000006
decision_type=2 2 2 2 2 2 2 2 2 2 2 2 2 2
left_child=1 3 -3 5 -5 6 7 8 -1 -10 11 12 -9 -13
right_child=-2 2 -4 4 -6 -7 -8 10 9 -11 -12 13 -14 -15
leaf_value=-0.01530271836439125 0 -0.00041208596350103045 -0.0089655370968846123 -0.00037832876273070546 -0.001496820660904029 0.00035829810856550322 -0.00085142184750106671 -0.0024761150762076111 0.00099635636947910172 -0.00035302065017027857 -1.5693017500721138e-05 -0.00023001846015763868 0.0087718407820332883 0.00085951020723881006
leaf_weight=1054 266468 698 581 3758 927 21854 299 165 2215 5784 33562 2352 2341 427
leaf_count=1054 266468 698 581 3758 927 21854 299 165 2215 5784 33562 2352 2341 427
internal_value=0.000241529 -0.000466738 -0.0196716 -0.000138082 -0.00675347 0.000304341 -0.000711218 -0.000522756 -0.00550094 -0.000955119 0.000637372 0.00919584 0.021261 -0.00168406
internal_weight=342485 76017 1279 74738 4685 70053 48199 47900 9053 7999 38847 5285 2506 2779
internal_count=342485 76017 1279 74738 4685 70053 48199 47900 9053 7999 38847 5285 2506 2779
is_linear=0
shrinkage=0.04


Tree=97
num_leaves=15
num_cat=0
split_feature=8 3 9 9 0 10 3 2 9 0 3 10 3 2
split_gain=33.1409 198.141 177.21 110.246 97.515 82.7856 326.899 231.48 190.591 166.012 223.375 1105.84 249.67 190.052
threshold=0.94256592983472431 63.048773000000004 0.00044136474134592879 0.062814997860432834 5.2227117994666115 -18.263053001505266 19.472653500000003 78.213402000000016 8.1861500620283869e-05 7.6612598508808141 14.940688500000002 -13.298224092339241 9.5106895000000033 71.11269750000001
decision_type=2 2 2 2 2 2 2 2 2 2 2 2 2 2
left_child=3 5 4 -1 -3 6 -2 -8 -9 13 11 -11 -13 -7
right_child=1 2 -4 -5 -6 9 7 8 -10 10 -12 12 -14 -15
leaf_value=0.0023439714228104085 -0.057135489530238955 0.00027793671214854543 -0.00027650584342744033 0 -0.008943938928457856 8.3598728831917075e-06 -0.0025843021295424134 0.0018162547159654911 -0.0023690749489638317 -0.019618426419677641 0.00083490620060123414 -0.018467512271391325 0.0020682720289915209 -0.00025554124595920144
leaf_weight=1274 391 57 853 262820 484 37950 431 3347 2329 1290 15494 531 3615 11985
leaf_count=1274 391 57 853 262820 484 37950 431 3347 2329 1290 15494 531 3615 11985
internal_value=0.000229021 -0.000491131 -0.0154376 0.000443781 -0.0333457 -0.000221811 -0.00454294 -0.0022728 -0.00012685 0.000174416 0.00316484 -0.00381163 0.00625181 -0.001079
internal_weight=342851 78757 1394 264094 541 77363 6498 6107 5676 70865 20930 5436 4146 49935
internal_count=342851 78757 1394 264094 541 77363 6498 6107 5676 70865 20930 5436 4146 49935
is_linear=0
shrinkage=0.04


Tree=98
num_leaves=15
num_cat=0
split_feature=8 3 8 0 9 10 3 0 2 0 3 2 2 3
split_gain=31.3536 192.355 162.868 106.298 97.359 93.7032 268.887 88.0313 185.782 166.842 807.606 300.22 169.389 159.948
threshold=0.94256592983472431 63.048773000000004 0.99902239380622027 5.1798547169882871 0.062814997860432834 -23.009822510879143 26.189718500000001 7.6612598508808141 135.45677200000003 4.7777204438456016 5.408106000000001 65.332866500000009 96.446838000000014 14.208550500000001
decision_type=2 2 2 2 2 2 2 2 2 2 2 2 2 2
left_child=4 5 -3 -4 -1 6 -2 8 9 12 -11 -12 -7 -9
right_child=1 2 3 -5 -6 7 -8 13 -10 10 11 -13 -14 -15
leaf_value=0.0022181265011582151 -0.072962022509924729 -0.00015369917113463249 0.00026681924366260377 -0.0080290088281074028 0 -2.7596980736566137e-06 -0.0015228955903400132 -0.0015437186211386814 -0.00089895908836072375 -0.015622379185197037 0.0011055914132648015 -0.00047826818688320179 0.0011183837517028483 0.00051284012434577616
leaf_weight=1275 434 785 96 528 263037 40485 1957 4277 357 1117 1841 5131 1045 20772
leaf_count=1275 434 785 96 528 263037 40485 1957 4277 357 1117 1841 5131 1045 20772
internal_value=0.000215541 -0.000484618 -0.0151313 -0.0303846 0.000424347 -0.000218043 -0.00801338 3.03899e-05 -0.000939651 -0.000732784 -0.00598838 -0.000929432 0.000290874 0.00196575
internal_weight=343137 78825 1409 624 264312 77416 2391 75025 49976 49619 8089 6972 41530 25049
internal_count=343137 78825 1409 624 264312 77416 2391 75025 49976 49619 8089 6972 41530 25049
is_linear=0
shrinkage=0.04


Tree=99
num_leaves=15
num_cat=0
split_feature=2 0 0 0 1 1 10 3 10 2 2 8 1 3
split_gain=29.6794 191.593 129.972 219.764 185.008 86.0855 95.6324 104.131 92.7383 83.2391 127.944 152.423 150.199 192.884
threshold=158.17876400000003 13.757609379611074 11.482499640256174 5.9040926795941919 16.368215035688554 9.4265199040228129 -13.298224092339241 14.731003500000002 -14.336414532353144 119.55410400000001 109.55030050000001 0.99825064101780503 23.017531512151418 19.472653500000003
decision_type=2 2 2 2 2 2 2 2 2 2 2 2 2 2
left_child=9 2 3 -2 5 -5 7 8 -7 10 -1 -12 13 -13
right_child=1 -3 -4 4 -6 6 -8 -9 -10 -11 11 12 -14 -15
leaf_value=0 0 -0.0035460212899486102 0.0011522184303983979 0.028748243620478647 -0.001458589175211758 -0.02149996592531344 -0.0016184097874601259 0.0080550095074609137 0.0085255619732955527 0 -0.00040281957704707853 -0.00011564375042543419 -0.011708110088372879 0.01362635985948364
leaf_weight=160762 68970 351 596 203 1990 156 770 409 102 71556 34276 1376 537 1351
leaf_count=160762 68970 351 596 203 1990 156 770 409 102 71556 34276 1376 537 1351
internal_value=0.000222827 -0.000489483 -0.000348106 -0.000500826 -0.0100937 -0.000146341 -0.00359081 0.00749625 -0.0124031 0.00041696 -5.04281e-06 -0.00210762 0.00615196 0.00995966
internal_weight=343405 73547 73196 72600 3630 1640 1437 667 258 269858 198302 37540 3264 2727
internal_count=343405 73547 73196 72600 3630 1640 1437 667 258 269858 198302 37540 3264 2727
is_linear=0
shrinkage=0.04


Tree=100
num_leaves=15
num_cat=0
split_feature=2 0 1 0 9 1 9 3 10 3 9 1 3 1
split_gain=34.0171 180.198 117.434 115.34 204.728 181.136 110.251 302.546 423.743 283.936 179.232 165.12 126.035 109.18
threshold=158.17876400000003 13.914625225507054 29.66927499345292 11.605641714340278 0.69010837073306186 16.368215035688554 0.89895865560753718 25.000081500000004 -21.884295341407753 20.355856000000003 0.95139891749418026 24.768618270434867 23.523092000000002 13.595078966244612
decision_type=2 2 2 2 2 2 2 2 2 2 2 2 2 2
left_child=-1 2 3 4 5 13 7 8 9 -6 -8 -11 -13 -2
right_child=1 -3 -4 -5 6 -7 10 -9 -10 11 -12 12 -14 -15
leaf_value=0 -0.00082320368268894075 -0.0036097987873378984 -0.034577618195714623 0.0011084463447424908 -0.055313231911599869 -0.0014003152441466327 -0.0021565542292253516 0.081235398233298423 0.027649979645126412 0.03769049042447728 0 -0.047016009663407701 0.00066238875180837974 0.003036504559397859
leaf_weight=269227 1570 322 360 596 495 1485 850 671 943 295 64389 335 362 779
leaf_count=269227 1570 322 360 596 495 1485 850 671 943 295 64389 335 362 779
internal_value=0.000309911 -0.000453085 -0.000321619 -0.000208877 -0.00035359 -0.00934794 0.00015101 0.00752015 0.000954733 -0.012347 -0.000199267 0 -0.0106169 -0.00243508
internal_weight=342679 73452 73130 72770 72174 3834 68340 3101 2430 1487 65239 992 697 2349
internal_count=342679 73452 73130 72770 72174 3834 68340 3101 2430 1487 65239 992 697 2349
is_linear=0
shrinkage=0.04


Tree=101
num_leaves=15
num_cat=0
split_feature=8 3 8 0 9 10 3 0 2 0 3 3 0 3
split_gain=32.7349 164.917 153.731 131.993 94.1125 76.3915 238.333 97.7185 182.814 370.523 393.274 336.627 184.247 147.938
threshold=0.94256592983472431 63.048773000000004 0.99902239380622027 6.2634429907017823 0.062814997860432834 -23.009822510879143 26.028664000000003 7.6612598508808141 71.11269750000001 4.6886547502018008 5.2527085000000007 5.736390000000001 3.1023653460643019 9.5106895000000033
decision_type=2 2 2 2 2 2 2 2 2 2 2 2 2 2
left_child=4 5 -3 -4 -1 6 -2 8 12 11 -11 -10 -7 -9
right_child=1 2 3 -5 -6 7 -8 13 9 10 -12 -13 -14 -15
leaf_value=0.0021631853794093505 -0.070601739055913729 -7.7631372948713256e-05 7.6067729027794461e-05 -0.0084231527368308044 0 -2.3095551438154401e-05 -0.00085087249028325315 -0.016938819295193881 0.00033116028299996411 -0.014283920193922661 -0.0007919138916177976 -0.00037061597685480416 0.00045607758051763189 0.00032027736583277011
leaf_weight=1289 410 781 179 459 262848 28702 2005 536 4351 855 3778 3070 9287 24464
leaf_count=1289 410 781 179 459 262848 28702 2005 536 4351 855 3778 3070 9287 24464
internal_value=0.000331182 -0.000383889 -0.0138971 -0.0284639 0.000544717 -0.000136332 -0.00713872 8.90156e-05 -0.000931199 -0.00522316 -0.0140989 0.000318016 0.000430651 0.0021312
internal_weight=343014 78877 1419 638 264137 77458 2415 75043 50043 12054 4633 7421 37989 25000
internal_count=343014 78877 1419 638 264137 77458 2415 75043 50043 12054 4633 7421 37989 25000
is_linear=0
shrinkage=0.04


Tree=102
num_leaves=15
num_cat=0
split_feature=9 3 2 9 10 3 0 2 9 2 0 2 3 1
split_gain=36.1149 215.368 188.086 122.685 83.2006 227.408 771.033 145.978 131.261 120.899 130.283 117.359 145.699 241.506
threshold=0.035716777817488506 59.230808000000003 84.395645000000016 0.002549535925532143 -2.0792450595840246 4.8557120000000014 4.4600253234922338 74.034153000000018 0.00013467466711702961 65.332866500000009 7.1896542148524967 111.09329600000002 19.296557000000004 21.425409842021498
decision_type=2 2 2 2 2 2 2 2 2 2 2 2 2 2
left_child=1 3 -3 4 5 6 -1 8 -7 -10 -11 -9 -13 -14
right_child=-2 2 -4 -5 -6 7 -8 11 9 10 -12 12 13 -15
leaf_value=0.00049352416457051169 0 -0.0004061669803159357 -0.012018108832348091 -0.00060167865816644118 -3.0605378876827009e-05 0.00029134590179520707 -0.012547538879795365 -0.00012711281338410453 0.0021684928205233439 -0.00039291591741558499 0.0016068768083555751 -0.00011325099910886726 0.0094824140137744796 -0.0058473123340456214
leaf_weight=1615 267015 859 433 4701 25012 15809 957 20168 303 421 277 2920 1783 1039
leaf_count=1615 267015 859 433 4701 25012 15809 957 20168 303 421 277 2920 1783 1039
internal_value=0.000303514 -0.000463976 -0.0166563 -0.000185054 0.000233273 0.00125585 -0.0102955 0.00195131 0.00485425 0.0189011 0.00974212 6.79274e-05 0.0051132 0.0115946
internal_weight=343312 76297 1292 75005 70304 45292 2572 42720 16810 1001 698 25910 5742 2822
internal_count=343312 76297 1292 75005 70304 45292 2572 42720 16810 1001 698 25910 5742 2822
is_linear=0
shrinkage=0.04


Tree=103
num_leaves=15
num_cat=0
split_feature=8 1 2 8 0 2 0 2 2 10 2 2 0 10
split_gain=36.8796 102.344 127.143 144.748 104.085 168.351 352.6 174.216 193.719 171.662 141.532 123.454 198.354 203.63
threshold=0.94256592983472431 17.861789742531112 78.213402000000016 0.99999990486857915 7.6612598508808141 71.11269750000001 4.6886547502018008 133.20602400000004 81.93746950000002 -2.9070400022903704 80.682647500000016 88.88382350000002 13.914625225507054 -15.76350769696492
decision_type=2 2 2 2 2 2 2 2 2 2 2 2 2 2
left_child=-1 4 -3 -4 5 9 7 8 -7 -2 -6 -12 -13 -14
right_child=1 2 3 -5 10 6 -8 -9 -10 -11 11 12 13 -15
leaf_value=0 0.00041242527652555165 -0.0025054397637248728 -0.0026681171071770747 0.00044226143741887841 0.00095216669761605927 -0.00019042641659965662 -0.0019069220793519839 -0.00080430395246014062 0.00024559544012455094 -2.544840653319891e-05 -0.00097360871777609718 0.0014643641689502007 0.0013879280123486127 -0.0097462448523166646
leaf_weight=264237 9878 468 3409 3489 6193 3557 5027 369 3644 28122 4725 5718 2017 2225
leaf_count=264237 9878 468 3409 3489 6193 3557 5027 369 3644 28122 4725 5718 2017 2225
internal_value=0.000296026 -0.000463211 -0.00495248 -0.00358365 -5.59636e-07 -0.000981086 -0.00498849 0.000464993 0.00183863 0.000347368 0.00237571 0.000236977 0.00276305 -0.00379066
internal_weight=343078 78841 7366 6898 71475 50597 12597 7570 7201 38000 20878 14685 9960 4242
internal_count=343078 78841 7366 6898 71475 50597 12597 7570 7201 38000 20878 14685 9960 4242
is_linear=0
shrinkage=0.04


Tree=104
num_leaves=15
num_cat=0
split_feature=8 3 9 0 10 3 2 9 3 10 10 3 10 3
split_gain=37.5573 139.999 162.07 104.843 98.5062 400.982 142.565 195.041 159.799 282.081 172.562 142.873 108.089 185.26
threshold=0.94256592983472431 66.607043500000017 0.00044136474134592879 6.0797701002854359 -17.747152817537529 19.643148500000002 78.213402000000016 8.1861500620283869e-05 23.718067000000005 -20.406305714504455 -23.009822510879143 20.533159500000004 -7.5390373392836842 14.530581500000002
decision_type=2 2 2 2 2 2 2 2 2 2 2 2 2 2
left_child=-1 4 3 -3 5 -2 -7 8 9 -8 -10 -11 13 -6
right_child=1 2 -4 -5 12 6 7 -9 10 11 -12 -13 -14 -15
leaf_value=0 -0.047553993196767952 0.00034562732714170429 -0.00024269085921461175 -0.0087946315990160926 -0.0012590354953380168 -0.0022781333702060719 -0.048867245506169311 -0.0021539217203999216 0.00042457097992212325 -0.00013552146597367991 0.0070526423638235134 0.015130374699813135 -2.3558926104963069e-05 0.00075691250410728108
leaf_weight=264270 538 77 786 406 4861 506 492 2583 1264 321 1135 431 49744 15884
leaf_count=264270 538 77 786 406 4861 506 492 2583 1264 321 1135 431 49744 15884
internal_value=0.00029537 -0.000469707 -0.0136485 -0.0318841 -0.000254633 -0.00468776 -0.00203209 -0.000372631 0.0055888 -0.00604502 0.0116215 0.0093617 0.000202585 0.0026281
internal_weight=343298 79028 1269 483 77759 7270 6732 6226 3643 1244 2399 752 70489 20745
internal_count=343298 79028 1269 483 77759 7270 6732 6226 3643 1244 2399 752 70489 20745
is_linear=0
shrinkage=0.04


Tree=105
num_leaves=15
num_cat=0
split_feature=0 3 1 3 9 3 10 3 2 3 10 3 2 0
split_gain=40.1062 1118.8 274.54 583.885 298.108 148.026 124.258 106.261 92.968 69.1287 161.672 65.5265 61.3045 61.0046
threshold=13.691278076197369 15.649953000000002 16.65970961892052 19.135777500000003 0.058073339045383206 51.931405500000004 -13.975806866279397 61.729847500000005 156.00045000000003 16.371384500000005 -14.890500984218724 15.000312500000001 111.09329600000002 8.6103925786201376
decision_type=2 2 2 2 2 2 2 2 2 2 2 2 2 2
left_child=13 6 4 -4 7 -6 -2 9 -5 10 -3 -8 -11 -1
right_child=1 2 3 8 5 -7 11 -9 -10 12 -12 -13 -14 -15
leaf_value=0 -0.027234194379829459 -0.021378994538130618 -0.041345793180478652 0.00014824645220988726 -0.0022003652429575084 0.012071747312497974 -0.0003089390883380735 -0.02205764692405162 -0.0044815153815074369 0.0040141448627015628 0.0096473963782060454 0.0034126573516102903 0.041958883870210802 0.00032825632880496781
leaf_weight=278256 1227 112 822 21725 608 76 583 52 90 1928 199 50 662 36546
leaf_count=278256 1227 112 822 21725 608 76 583 52 90 1928 199 50 662 36546
internal_value=0.000286817 -0.00116016 0.000962168 -0.000676768 0.011163 -0.0126316 -0.0311398 0.0166746 0.00057025 0.0176905 -0.000128617 -0.0167457 0.0198301 0.000416135
internal_weight=342936 28134 26274 22637 3637 684 1860 2953 21815 2901 311 633 2590 314802
internal_count=342936 28134 26274 22637 3637 684 1860 2953 21815 2901 311 633 2590 314802
is_linear=0
shrinkage=0.04


Tree=106
num_leaves=15
num_cat=0
split_feature=8 3 9 0 1 3 3 9 3 1 3 1 0 3
split_gain=42.8999 118.044 182.833 91.0522 85.1821 414.747 149.788 133.799 202.598 368.369 140.952 142.941 126.359 100.274
threshold=0.94256592983472431 66.607043500000017 0.00044136474134592879 6.0797701002854359 17.600150716588157 19.472653500000003 38.169258000000006 8.1861500620283869e-05 24.851730500000006 21.805614016677385 22.208853000000001 20.154297077712904 23.643355253010096 20.533159500000004
decision_type=2 2 2 2 2 2 2 2 2 2 2 2 2 2
left_child=-1 4 3 -3 -2 -6 7 8 9 10 11 13 -10 -7
right_child=1 2 -4 -5 5 6 -8 -9 12 -11 -12 -13 -14 -15
leaf_value=0 3.8459486257182369e-06 0.00032154378765116731 -4.8287201432254957e-05 -0.008455976588207648 -0.043997513367268967 -0.00013603046542312816 -0.0020129795493580177 -0.0011831362156387716 0.011311106430664091 -0.062674023979206073 0.017570162358344785 -0.030416939800867248 0.00040552140867634786 0.016172721808746366
leaf_weight=264390 70108 74 752 405 547 345 1700 2164 897 365 441 145 540 239
leaf_count=264390 70108 74 752 405 547 345 1700 2164 897 365 441 145 540 239
internal_value=0.000273963 -0.000545718 -0.0128351 -0.0321503 -0.000350492 -0.00443722 -0.00175541 0.00165109 0.00716016 -0.00294463 0.008 -0.00279835 0.0179541 0.0060274
internal_weight=343112 78722 1231 479 77491 7383 6836 5136 2972 1535 1170 729 1437 584
internal_count=343112 78722 1231 479 77491 7383 6836 5136 2972 1535 1170 729 1437 584
is_linear=0
shrinkage=0.04


Tree=107
num_leaves=15
num_cat=0
split_feature=8 10 2 8 9 2 0 2 10 10 2 0 2 2
split_gain=36.7377 107.275 90.7408 115.706 82.4648 77.4069 64.5818 63.9692 63.4422 62.1925 148.973 140.879 361.672 159.608
threshold=0.94256592983472431 -17.747152817537529 78.213402000000016 0.99999990486857915 0.062814997860432834 95.16140750000001 3.797243565537014 125.74502600000001 -18.12920022382303 -7.5390373392836842 133.99220250000002 4.7777204438456016 65.332866500000009 96.446838000000014
decision_type=2 2 2 2 2 2 2 2 2 2 2 2 2 2
left_child=4 2 8 5 6 -4 -1 -8 -2 -3 11 13 -13 -11
right_child=1 9 3 -5 -6 -7 7 -9 -10 10 -12 12 -14 -15
leaf_value=-0.0020634831001208483 -0.0022504621464301817 0.00022852025949658851 -0.038619733687804414 0.00029932561812760024 0 -0.0018796370514109256 0.0026821480294982004 -0.0032307241580475281 0.0037543450378483751 -5.9924536851673616e-08 -0.0008106853685901725 0.00083443268736329971 -0.0012332951366628487 0.0012164647128650899
leaf_weight=39 462 21165 124 3512 262471 3366 1164 74 47 40695 359 1892 6142 1023
leaf_count=39 462 21165 124 3512 262471 3366 1164 74 47 40695 359 1892 6142 1023
internal_value=0.000314712 -0.00044322 -0.00499001 -0.00380463 0.000541123 -0.00896275 0.0106813 0.0122779 -0.0212967 3.59167e-05 -0.000731975 -0.000546712 -0.00539706 0.000387363
internal_weight=342535 78787 7511 7002 263748 3490 1277 1238 509 71276 50111 49752 8034 41718
internal_count=342535 78787 7511 7002 263748 3490 1277 1238 509 71276 50111 49752 8034 41718
is_linear=0
shrinkage=0.04


Tree=108
num_leaves=15
num_cat=0
split_feature=9 2 2 9 3 1 1 3 1 1 3 1 3 8
split_gain=38.9628 90.4715 83.9761 161.938 166.413 219.343 170.037 144.364 198.868 149.681 110.783 171.306 106.621 335.166
threshold=0.38566687845925235 176.75301350000004 111.95371650000001 0.00044136474134592879 19.296557000000004 18.229673443878294 17.358083295127894 24.494082500000005 21.425409842021498 23.017531512151418 15.954180000000003 13.595078966244612 51.931405500000004 0.98261585627081083
decision_type=2 2 2 2 2 2 2 2 2 2 2 2 2 2
left_child=1 2 12 4 6 -6 10 8 -7 -9 11 -4 -1 -14
right_child=-2 -3 3 -5 5 7 -8 9 -10 -11 -12 -13 13 -15
leaf_value=-1.1528179982450149e-05 0 0.00094300415175019477 0.00010154247781749649 -0.00079542822320760294 0.083923959245284188 0.0018881757143739365 -0.042464198064250731 0.074385197942892931 -0.062599760610142871 0.00037346440156468488 0.024004891544287647 -0.011568032979925572 0.0012038197459571379 -0.0013623237206830002
leaf_weight=84041 232861 597 1564 14493 418 457 198 349 219 428 427 346 5158 1383
leaf_count=84041 232861 597 1564 14493 418 457 198 349 219 428 427 346 5158 1383
internal_value=0.000300345 -0.000319773 -0.000404454 -0.00282978 0.00388561 0.0129343 -0.0027929 0.00558844 -0.00792899 0.0173488 0.000222507 -0.00389529 0.000101565 0.00502064
internal_weight=342939 110078 109481 18899 4406 1871 2535 1453 676 777 2337 1910 90582 6541
internal_count=342939 110078 109481 18899 4406 1871 2535 1453 676 777 2337 1910 90582 6541
is_linear=0
shrinkage=0.04


Tree=109
num_leaves=15
num_cat=0
split_feature=0 3 3 10 3 3 8 9 9 3 1 10 9 3
split_gain=42.6083 376.312 111.91 116.906 323.387 300.165 120.357 100.271 106.896 93.3588 166.137 86.2002 61.4196 83.2199
threshold=18.261479264544452 20.533159500000004 51.263304500000004 -21.339842825999494 24.494082500000005 36.971538000000002 0.99865268182669953 0.047945909812760541 0.066880598344404421 22.208853000000001 19.857021964129704 -33.230507046472383 0.00014121542359402109 26.189718500000001
decision_type=2 2 2 2 2 2 2 2 2 2 2 2 2 2
left_child=-1 -2 3 4 -3 6 -5 -4 -9 10 -8 -6 13 -13
right_child=1 2 7 5 11 -7 9 8 -10 -11 -12 12 -14 -15
leaf_value=0 -0.029583988820563054 -0.050087607149890544 -0.016427484180476661 0.00015672497842759037 -0.0045254199207052015 -0.0012191400154242336 0.011449216748985172 0.0038162709672247522 0.00058333126379481984 0.028651124948532263 -0.015894032010687491 -0.0018013788887239217 -0.0012646308912870831 0.0093244516074092801
leaf_weight=329456 698 624 122 854 1313 726 180 982 3207 782 128 349 2745 912
leaf_count=329456 698 624 122 854 1313 726 180 982 3207 782 128 349 2745 912
internal_value=0.000312932 -0.00187931 -0.000334262 -0.00296761 -0.0060912 0.00398502 0.0121811 0.00492693 0.00596801 0.0209908 0.00233766 -0.00289528 1.997e-05 0.00732752
internal_weight=343078 13622 12924 8613 5943 2670 1944 4311 4189 1090 308 5319 4006 1261
internal_count=343078 13622 12924 8613 5943 2670 1944 4311 4189 1090 308 5319 4006 1261
is_linear=0
shrinkage=0.04


Tree=110
num_leaves=15
num_cat=0
split_feature=0 3 9 2 3 9 9 8 2 2 8 2 8 8
split_gain=44.9103 298.776 105.964 70.6437 96.9838 62.9632 66.335 56.2449 52.2862 47.2963 45.723 45.0146 44.1888 40.0369
threshold=22.765995019075262 25.395358500000004 0.20531605932603839 109.83624300000001 51.263304500000004 0.00011428592226470081 0.035716777817488506 0.94256592983472431 114.90459800000001 101.491112 0.80646053814339047 107.62970750000001 0.96120462641754878 0.91549995323458322
decision_type=2 2 2 2 2 2 2 2 2 2 2 2 2 2
left_child=-1 -2 3 4 5 9 -7 10 -4 -3 -6 -8 -13 -5
right_child=1 2 8 13 7 6 11 -9 -10 -11 -12 12 -14 -15
leaf_value=0 -0.040293341433651451 0.011095961060461765 -0.011716373770376359 -0.005236870977214968 -0.0011336430997499719 -0.032775396722614814 0.016496391414271797 -0.0097549404995075969 -0.003820671018228652 -0.0005635149247551224 0.0057253420799967068 -0.017427143224401451 0.01443593959874717 2.3882454689083398e-05
leaf_weight=336783 478 254 170 970 176 182 99 84 274 497 905 148 47 1800
leaf_count=336783 478 254 170 970 176 182 99 84 274 497 905 148 47 1800
internal_value=0.000289675 -0.00311637 -0.000528006 0.00108485 0.0061204 -0.00172779 -0.0131092 0.0143863 -0.0192793 0.00548602 0.0168363 -0.00136054 -0.0125128 -0.00326354
internal_weight=342867 6084 5606 5162 2392 1227 476 1165 444 751 1081 294 195 2770
internal_count=342867 6084 5606 5162 2392 1227 476 1165 444 751 1081 294 195 2770
is_linear=0
shrinkage=0.04


Tree=111
num_leaves=15
num_cat=0
split_feature=9 1 3 1 0 3 1 8 10 3 9 2 2 3
split_gain=34.0915 72.4607 1337.82 214.004 166.695 156.797 395.184 185.697 451.751 183.196 268.404 299.809 177.694 185.299
threshold=0.38566687845925235 14.161372616012006 15.954180000000003 14.706285551157526 10.487502963946413 18.601719500000005 16.93646228029662 0.99998083119721626 -18.263053001505266 46.821706000000006 0.047945909812760541 111.39678950000003 78.213402000000016 23.718067000000005
decision_type=2 2 2 2 2 2 2 2 2 2 2 2 2 2
left_child=1 -1 4 -4 -3 6 -5 9 12 -7 -11 -12 -9 -14
right_child=-2 2 3 5 -6 7 -8 8 -10 10 11 -13 13 -15
leaf_value=9.5484185078003778e-06 0 0.00065664354684631611 0.0043049293983877116 0.0014785916527973062 -0.027386512560894413 -0.00071594952860437003 -0.044396623871211002 -0.0021646133309139292 0.0064785732896855564 -0.03024784162354258 0.0034346173857140129 -0.0011238496091199016 -0.012441974967438912 0.0023446540077350078
leaf_weight=81714 232950 183 990 958 1916 12722 619 417 1726 228 3011 2363 1054 2294
leaf_count=81714 232950 183 990 958 1916 12722 619 417 1726 228 3011 2363 1054 2294
internal_value=0.000293287 -0.000286401 -0.00202381 0.0004215 -0.0327585 -0.000289855 -0.0125048 0.000519001 0.00697141 -0.00141454 0.00461264 0.00641608 -0.000796813 0.00227001
internal_weight=343145 110195 28481 26382 2099 25392 1577 23815 5491 18324 5602 5374 3765 3348
internal_count=343145 110195 28481 26382 2099 25392 1577 23815 5491 18324 5602 5374 3765 3348
is_linear=0
shrinkage=0.04


Tree=112
num_leaves=15
num_cat=0
split_feature=0 3 2 3 9 8 8 8 1 8 10 3 2 10
split_gain=44.4223 258.393 98.8902 63.0512 78.1246 67.6017 71.9159 65.2269 57.389 56.2204 46.9951 42.193 63.7154 67.9989
threshold=22.765995019075262 24.851730500000006 109.83624300000001 51.263304500000004 0.00011428592226470081 0.80646053814339047 0.9998602938203569 0.96495340481770153 35.935475417340186 0.91549995323458322 -34.33757163215089 46.821706000000006 124.91401300000003 -42.487436094486903
decision_type=2 2 2 2 2 2 2 2 2 2 2 2 2 2
left_child=-1 -2 3 4 10 8 -7 -6 -5 -4 -3 -11 13 -13
right_child=1 2 9 5 7 6 -8 -9 -10 11 -12 12 -14 -15
leaf_value=0 -0.070332677829014381 -0.0015704717246732801 -0.0056447344646755682 0.00059018371901904958 -0.0031245087489693286 0.0053385010159603683 -0.014219471202133191 -0.031400323408454715 -0.020692853850016464 -0.0010888504606488525 0.0057958267193638814 -0.0028131900206571081 -0.0068130425547688759 0.0053029750987267131
leaf_weight=337260 313 316 1329 166 309 936 53 188 65 1118 459 209 67 519
leaf_count=337260 313 316 1329 166 309 936 53 188 65 1118 459 209 67 519
internal_value=0.000322161 -0.00307591 -0.00114405 0.00484751 -0.00138365 0.0113443 0.0158948 -0.0137626 -0.00813853 -0.00574954 0.00655484 -0.00135912 0.00568553 0.00912088
internal_weight=343307 6047 5734 2492 1272 1220 989 497 231 3242 775 1913 795 728
internal_count=343307 6047 5734 2492 1272 1220 989 497 231 3242 775 1913 795 728
is_linear=0
shrinkage=0.04


Tree=113
num_leaves=15
num_cat=0
split_feature=8 9 2 8 2 2 2 2 3 8 8 0 3 10
split_gain=43.563 85.1762 144.815 199.672 173.364 129.967 138.615 113.351 151.774 108.078 203.883 184.64 124.943 99.6662
threshold=0.88795158521079054 1.4864568771755239e-05 52.008179000000005 0.99986582634168719 114.90459800000001 76.912887500000011 58.187654500000008 109.55030050000001 17.000007500000006 0.99997272380744895 0.99990471272594594 0.97859531199407701 17.000007500000006 -5.4295548517645322
decision_type=2 2 2 2 2 2 2 2 2 2 2 2 2 2
left_child=-1 13 -3 4 -4 6 9 8 -7 10 11 -5 -11 -2
right_child=1 2 3 5 -6 7 -8 -9 -10 12 -12 -13 -14 -15
leaf_value=0 0.00030812806972587678 0.00012824577386761526 3.8121459414841242e-05 0.0003224672893151137 -0.0014267011653066851 -0.0012635440543934718 6.899488984777062e-05 0.00068246233718942677 -0.0081794905895362733 0.00060831999582229156 0.00034219095843971093 -0.000957077023809783 -0.0013149087662071267 -2.2796733534123281e-05
leaf_weight=256028 21665 1428 17879 76 4705 544 1813 323 984 41 339 538 555 36194
leaf_count=256028 21665 1428 17879 76 4705 544 1813 323 984 41 339 538 555 36194
internal_value=0.000306139 -0.000466676 -0.00222686 -0.00286506 -0.00123627 -0.00992135 -0.00523498 -0.0184333 -0.0229843 -0.0140219 -0.00566632 -0.0194137 -0.0273826 0.000422406
internal_weight=343112 87084 29225 27797 22584 5213 3362 1851 1528 1549 953 614 596 57859
internal_count=343112 87084 29225 27797 22584 5213 3362 1851 1528 1549 953 614 596 57859
is_linear=0
shrinkage=0.04


Tree=114
num_leaves=15
num_cat=0
split_feature=0 3 2 3 8 8 8 2 3 2 10 9 8 10
split_gain=43.5424 333.457 84.2715 76.2474 73.8944 61.941 59.6971 70.0911 52.6082 63.2519 71.0889 48.4299 84.5818 46.4714
threshold=22.123784686586369 24.851730500000006 110.33656300000001 51.263304500000004 0.91549995323458322 0.9998602938203569 0.80646053814339047 107.08577350000002 46.821706000000006 124.91401300000003 -42.487436094486903 0.00011428592226470081 0.96495340481770153 -19.447910200760262
decision_type=2 2 2 2 2 2 2 2 2 2 2 2 2 2
left_child=13 -2 3 11 -4 6 7 -5 -6 10 -10 -3 -13 -1
right_child=1 2 4 5 8 -7 -8 -9 9 -11 -12 12 -14 -15
leaf_value=0.00036554782071387569 -0.06004718694711407 0.0018236325360789644 -0.0053047287021120802 0.0021867377455315135 -0.00072520173488073371 -0.013427732643949079 0.005070718284001261 -0.019350733730210751 -0.0044026765495010526 -0.0057637298332741957 0.0038724187595190781 -0.00050696220556850082 -0.030339449440720073 0
leaf_weight=64925 409 861 1382 188 1178 56 1059 75 187 60 597 587 190 271346
leaf_count=64925 409 861 1382 188 1178 56 1059 75 187 60 597 587 190 271346
internal_value=0.000332964 -0.00282911 -0.000598131 0.00427056 -0.00491187 0.0112046 0.0129501 -0.00410646 -3.95648e-05 0.00758294 0.0106122 -0.00156288 -0.00880309 0.00039718
internal_weight=343100 6829 6420 3016 3404 1378 1322 263 2022 844 784 1638 777 336271
internal_count=343100 6829 6420 3016 3404 1378 1322 263 2022 844 784 1638 777 336271
is_linear=0
shrinkage=0.04


Tree=115
num_leaves=15
num_cat=0
split_feature=0 3 1 3 1 2 1 1 9 3 2 3 2 1
split_gain=43.5287 861.309 221.437 298.607 208.615 201.888 200.181 165.663 325.306 237.125 110.516 106.457 103.607 151.576
threshold=13.691278076197369 15.649953000000002 14.82105808138334 18.245710000000003 14.161372616012006 156.00045000000003 16.797625578197469 18.311716409104239 1.3369498053639186e-05 19.999941500000002 111.39678950000003 16.475994000000004 78.213402000000016 20.446351655384095
decision_type=2 2 2 2 2 2 2 2 2 2 2 2 2 2
left_child=-1 4 -3 6 -2 7 11 8 10 -9 -5 -4 -11 -14
right_child=1 2 3 5 -6 -7 -8 9 -10 12 -12 -13 13 -15
leaf_value=0 -0.00023588929589796559 0.0059659082638187332 -0.013661890696121049 0.003161574334576069 -0.028384674441854347 -0.0027656733995518857 -0.049284260936350618 -0.031880793564068401 7.2602167519364441e-07 -0.0018418445848813257 0.054602977323274758 0.0021545176283882775 0.0014432421426335566 -0.00025778197893196241
leaf_weight=314929 789 1100 169 1217 1077 196 492 336 3079 725 510 408 2946 15029
leaf_count=314929 789 1100 169 1217 1077 196 492 336 3079 725 510 408 2946 15029
internal_value=0.000328045 -0.00118121 0.000688366 -8.12522e-05 -0.0274384 0.000838672 -0.0207671 0.00117104 0.00780691 -0.000504308 0.0217024 -0.00478336 9.41176e-05 0.000692072
internal_weight=343002 28073 26207 25107 1866 24038 1069 23842 4806 19036 1727 577 18700 17975
internal_count=343002 28073 26207 25107 1866 24038 1069 23842 4806 19036 1727 577 18700 17975
is_linear=0
shrinkage=0.04


Tree=116
num_leaves=15
num_cat=0
split_feature=0 3 2 1 3 2 8 8 10 3 8 1 8 3
split_gain=51.4106 405.474 161.239 163.074 364.397 118.448 79.058 207.435 70.8955 78.2646 64.1688 63.2903 75.7363 84.8431
threshold=18.261479264544452 20.533159500000004 78.213402000000016 20.446351655384095 23.340375000000005 111.39678950000003 0.96495340481770153 0.9999951226700946 -28.266562730047983 25.395358500000004 0.9960960661326882 33.582066964127669 0.80646053814339047 38.989137000000007
decision_type=2 2 2 2 2 2 2 2 2 2 2 2 2 2
left_child=-1 -2 -3 10 -5 6 11 -8 -7 -10 -4 -6 -13 -14
right_child=1 2 3 4 5 8 7 -9 9 -11 -12 12 13 -15
leaf_value=0 -0.026108268699271329 -0.0021159661503539896 -3.2542173908411964e-05 -0.044203442502018325 0.0029621439317702347 -0.0037140200678666842 -0.015623242465716709 0.0020919006827138402 -0.0022911803015030884 0.00086305621783486447 0.0027157061199946418 -0.0066200717221124444 -0.056214098231795399 0.0032056521801032386
leaf_weight=329495 700 459 474 586 2124 2432 401 1250 506 2296 1113 368 65 782
leaf_count=329495 700 459 474 586 2124 2432 401 1250 506 2296 1113 368 65 782
internal_value=0.000289636 -0.00212452 -0.000510268 0.000351698 -0.00140611 0.000352113 0.00476152 -0.00239855 -0.00385174 0.000485368 0.0123251 0.00830189 0.00102058 0.00760331
internal_weight=343051 13556 12856 12397 10810 10224 4990 1651 5234 2802 1587 3339 1215 847
internal_count=343051 13556 12856 12397 10810 10224 4990 1651 5234 2802 1587 3339 1215 847
is_linear=0
shrinkage=0.04


Tree=117
num_leaves=15
num_cat=0
split_feature=0 3 1 1 3 1 2 1 8 3 3 2 2 2
split_gain=42.1238 831.065 222.557 206.669 273.65 233.358 199.818 150.126 275.787 187.567 110.478 101.328 100.402 75.0345
threshold=13.691278076197369 15.649953000000002 14.161372616012006 14.82105808138334 18.429024500000001 16.797625578197469 156.00045000000003 17.724268558743081 0.99998682461569344 19.472653500000003 16.573134000000003 108.07067100000002 105.75604600000001 78.213402000000016
decision_type=2 2 2 2 2 2 2 2 2 2 2 2 2 2
left_child=-1 2 12 -3 5 10 7 8 -6 -9 -5 -10 -2 -11
right_child=1 3 -4 4 6 -7 -8 9 11 13 -12 -13 -14 -15
leaf_value=0 -0.00040641540721057952 0.0059977191626152176 -0.027148181132014663 -0.012565248782524723 4.387850058958531e-05 -0.043486370557281051 -0.0026472628093795712 -0.019248766949000243 0.0027238969649737432 -0.0013291384788707056 0.0030365588981570288 0.071136794586546939 0.00015126078336564287 0.00017568027626482964
leaf_weight=314895 440 1101 1097 192 2359 534 198 268 870 815 422 431 326 19136
leaf_count=314895 440 1101 1097 192 2359 534 198 268 870 815 422 431 326 19136
internal_value=0.000310711 -0.00117067 -0.0269887 0.000656385 -8.40436e-05 -0.0191638 0.000825684 0.0011575 0.00861202 -0.000191899 -0.00234528 0.0233974 -0.0104439 0.000254624
internal_weight=343084 28189 1863 26326 25225 1148 24077 23879 3660 20219 614 1301 766 19951
internal_count=343084 28189 1863 26326 25225 1148 24077 23879 3660 20219 614 1301 766 19951
is_linear=0
shrinkage=0.04


Tree=118
num_leaves=15
num_cat=0
split_feature=0 3 2 1 3 2 3 9 8 9 1 2 10 3
split_gain=44.6382 356.057 138.585 106.989 350.283 113.174 90.7517 89.2404 191.434 71.579 59.9004 59.0934 58.482 69.1259
threshold=18.261479264544452 19.472653500000003 78.213402000000016 20.446351655384095 23.340375000000005 111.39678950000003 21.058369500000005 0.035716777817488506 0.9999951226700946 0.0043023767527554666 19.26670741289561 85.675415000000015 -28.266562730047983 31.836044000000005
decision_type=2 2 2 2 2 2 2 2 2 2 2 2 2 2
left_child=-1 -2 -3 6 -5 7 10 8 -6 -8 -4 -10 13 -7
right_child=1 2 3 4 5 12 9 -9 11 -11 -12 -13 -14 -15
leaf_value=0 -0.044588299253373001 -0.0019647182446580085 5.3706343225058479e-05 -0.042534789168693701 -0.016499227269950706 -0.11919339893553506 0.0026000506641442635 0.0020903905933062749 -0.00097789922854329861 -0.00011345723690566579 -0.020898598238169207 0.0029294163699295122 9.3935789788412446e-05 -0.0023970899764210354
leaf_weight=329440 394 459 234 621 411 138 1095 3359 76 466 97 1173 2787 2291
leaf_count=329440 394 459 234 621 411 138 1095 3359 76 466 97 1173 2787 2291
internal_value=0.000325209 -0.00192045 -0.000802605 -2.5102e-05 -0.0015549 0.000214949 0.00875264 0.00450289 -0.00308434 0.0127867 -0.0102719 0.00470777 -0.00391104 -0.00844792
internal_weight=343041 13601 13207 12748 10856 10235 1892 5019 1660 1561 331 1249 5216 2429
internal_count=343041 13601 13207 12748 10856 10235 1892 5019 1660 1561 331 1249 5216 2429
is_linear=0
shrinkage=0.04


Tree=119
num_leaves=15
num_cat=0
split_feature=0 3 2 9 8 2 8 3 9 2 1 3 1 2
split_gain=44.8527 238.231 78.4629 76.5382 131.78 65.2073 62.5047 54.2505 52.8807 78.896 48.2702 46.4328 72.1291 39.8001
threshold=22.765995019075262 24.851730500000006 109.83624300000001 0.035716777817488506 0.99994924073772018 101.491112 0.80646053814339047 44.481455500000003 0.17450781210705227 113.67552150000002 35.935475417340186 30.945683000000002 27.877468929746261 158.17876400000003
decision_type=2 2 2 2 2 2 2 2 2 2 2 2 2 2
left_child=13 -2 3 4 -3 -6 10 -8 11 -10 -5 12 -4 -1
right_child=1 2 8 6 5 -7 7 -9 9 -11 -12 -13 -14 -15
leaf_value=0 -0.065596897699188167 -0.023201562540127237 -0.00060501981691023199 0.00028028954754065195 0.0095339926218992507 -0.00042516512550801362 -0.0038515425712244682 0.0052078748850117899 -0.0097672467467420938 -0.0016668696197430653 -0.018906639033548441 -0.0001570731514936427 -0.12707340201802872 0
leaf_weight=263677 311 242 473 187 263 549 264 962 178 336 59 2123 125 73276
leaf_count=263677 311 242 473 187 263 549 264 962 178 336 59 2123 125 73276
internal_value=0.000337468 -0.00306983 -0.00122895 0.00405384 -0.00417457 0.0035468 0.00994565 0.0136378 -0.00535394 -0.0171206 -0.00845528 -0.0031312 -0.0129766 0.000398869
internal_weight=343025 6072 5761 2526 1054 812 1472 1226 3235 514 246 2721 598 336953
internal_count=343025 6072 5761 2526 1054 812 1472 1226 3235 514 246 2721 598 336953
is_linear=0
shrinkage=0.04


Tree=120
num_leaves=15
num_cat=0
split_feature=0 3 8 3 1 3 1 3 2 0 3 3 8 8
split_gain=57.0026 233.317 62.2431 63.2595 94.6728 64.3753 74.5769 43.7375 43.5374 40.27 71.0629 53.9592 48.066 66.4977
threshold=22.765995019075262 24.307094500000002 0.79624902444109147 30.945683000000002 27.877468929746261 27.981876500000002 24.247468416064809 25.395358500000004 114.90459800000001 29.512498728641379 34.256252500000009 86.447255000000013 0.99998682461569344 0.97044382797584017
decision_type=2 2 2 2 2 2 2 2 2 2 2 2 2 2
left_child=-1 -2 8 4 5 6 7 -4 -3 11 -11 12 13 -5
right_child=1 2 3 9 -6 -7 -8 -9 -10 10 -12 -13 -14 -15
leaf_value=0 -0.07130069326548745 -0.0097686207484910144 -0.00058081902423382263 0.0018898045486648684 -0.12371727933631008 0.0062047724252553126 -0.038070900825108576 0.0090997561894347705 -0.0026360669890123636 -0.094310218292989842 -0.00031997409286094891 -0.011892477573168856 0.019289568627930263 -0.0080539951912710871
leaf_weight=336922 272 192 180 1843 145 224 182 127 277 98 2052 42 261 206
leaf_count=336922 272 192 180 1843 145 224 182 127 277 98 2052 42 261 206
internal_value=0.000337353 -0.00349451 -0.00180477 -0.00058209 -0.0105361 -0.00454418 -0.0126789 -0.000651466 -0.0157783 0.00131497 -0.00264186 0.00493197 0.00574892 0.0036896
internal_weight=343023 6101 5829 5360 858 713 489 307 469 4502 2150 2352 2310 2049
internal_count=343023 6101 5829 5360 858 713 489 307 469 4502 2150 2352 2310 2049
is_linear=0
shrinkage=0.04


Tree=121
num_leaves=15
num_cat=0
split_feature=0 3 9 0 3 3 3 10 1 10 3 1 0 3
split_gain=47.4237 242.011 75.05 46.4317 112.106 44.3593 41.4511 42.6065 50.3291 29.6204 868.014 374.313 296.399 355.47
threshold=22.765995019075262 26.189718500000001 0.20531605932603839 29.512498728641379 34.256252500000009 86.447255000000013 24.307094500000002 -23.673515232088864 22.826917426756175 -19.447910200760262 19.296557000000004 21.805614016677385 5.6993688231749156 17.885454000000003
decision_type=2 2 2 2 2 2 2 2 2 2 2 2 2 2
left_child=9 6 3 5 -5 -3 -2 -8 -9 10 11 12 13 -1
right_child=1 2 -4 4 -6 -7 7 8 -10 -11 -12 -13 -14 -15
leaf_value=-0.019819701652826351 -0.068448665534867947 0.0017616220799039606 -0.0069324274496637018 -0.11876858816285768 -0.00031779269430512848 -0.011416778470242105 -0.034713711454970396 -0.00055758626326446968 0.004696166891383767 0 0.00052484141042859255 -0.092592724888972425 -0.05026991538296046 0.014236382500123376
leaf_weight=483 267 2845 436 155 2055 36 127 107 73 271163 63186 1135 422 558
leaf_count=483 267 2845 436 155 2055 36 127 107 73 271163 63186 1135 422 558
internal_value=0.000341527 -0.00315358 -0.000586213 0.000777843 -0.00358371 0.00412357 -0.0278746 -0.0178502 -0.00533333 0.000404811 0.00116624 -0.0214935 -0.0081203 0.00334294
internal_weight=343048 6101 5527 5091 2210 2881 574 307 180 336947 65784 2598 1463 1041
internal_count=343048 6101 5527 5091 2210 2881 574 307 180 336947 65784 2598 1463 1041
is_linear=0
shrinkage=0.04


Tree=122
num_leaves=15
num_cat=0
split_feature=0 3 2 1 3 3 8 1 2 1 2 3 1 2
split_gain=50.1293 304.487 129.253 94.5733 380.808 107.871 136.434 99.9399 92.3079 68.3894 62.916 62.6478 60.1503 72.3067
threshold=18.261479264544452 19.472653500000003 81.390655500000022 21.264385595154316 24.307094500000002 21.427715000000003 0.99992791948838267 19.26670741289561 110.81332750000001 28.364405480011708 110.09468450000001 31.836044000000005 33.582066964127669 90.801822500000014
decision_type=2 2 2 2 2 2 2 2 2 2 2 2 2 2
left_child=-1 -2 -3 5 -5 7 -7 -4 12 -10 -8 -11 13 -6
right_child=1 2 3 4 8 6 10 -9 9 11 -12 -13 -14 -15
leaf_value=0 -0.04073477634318115 -0.0011700127688967906 0.00022683258521616763 -0.040397011373892899 -0.0018457326660634332 0.00014389461921656465 0.0039714242826680143 -0.022447208020764782 0.00018499892672932755 -0.10855329279170399 0.051587388818489142 -0.0023282475701726498 -0.00040591916091860274 0.0030408572528718863
leaf_weight=329493 386 634 265 614 204 1227 480 192 2544 148 405 2363 1572 2511
leaf_count=329493 386 634 265 614 204 1227 480 192 2544 148 405 2363 1572 2511
internal_value=0.00030294 -0.00208195 -0.00105479 -0.000162874 -0.00192849 0.00667964 0.0104924 -0.0109409 7.70713e-05 -0.00358457 0.0224633 -0.00826762 0.00439468 0.008
internal_weight=343038 13545 13159 12525 9956 2569 2112 457 9342 5055 885 2511 4287 2715
internal_count=343038 13545 13159 12525 9956 2569 2112 457 9342 5055 885 2511 4287 2715
is_linear=0
shrinkage=0.04


Tree=123
num_leaves=15
num_cat=0
split_feature=0 3 1 3 3 0 1 2 8 2 0 3 3 1
split_gain=42.4379 778.84 198.899 122.914 118.313 274.112 110.599 101.608 89.5928 79.7944 62.6098 382.612 140.446 601.438
threshold=14.680098874482505 18.064891000000006 16.65970961892052 19.135777500000003 16.168202500000003 15.640466517164713 17.600150716588157 153.83238250000002 0.96495340481770153 109.83624300000001 8.6103925786201376 9.879291000000002 17.339024500000004 14.298087551365446
decision_type=2 2 2 2 2 2 2 2 2 2 2 2 2 2
left_child=10 4 8 6 -2 -6 -4 -5 -3 -10 -1 -12 13 -13
right_child=1 2 3 7 5 -7 -8 -9 9 -11 11 12 -14 -15
leaf_value=0 -0.033154186876514023 -0.0021143236762808399 0.0015961731698660995 4.2484786087409469e-05 0.0031319525041187263 -0.034119481773850525 -0.021650071697265922 -0.0038117361893943336 0.0024891673091242288 0.064152793349075823 -0.030822588149380471 0.0021863307836228162 0.0001552482532757328 -0.010676503349006864
leaf_weight=278184 780 201 91 19883 308 515 286 120 912 455 472 9075 29742 1915
leaf_count=278184 780 201 91 19883 308 515 286 120 912 455 472 9075 29742 1915
internal_value=0.000332537 -0.0013061 0.000659741 -0.000396467 -0.0282221 -0.0176428 -0.0230239 2.99955e-05 0.0143878 0.0180541 0.000453367 0.00190855 0.00232348 0.00618744
internal_weight=342939 23551 21948 20380 1603 823 377 20003 1568 1367 319388 41204 40732 10990
internal_count=342939 23551 21948 20380 1603 823 377 20003 1568 1367 319388 41204 40732 10990
is_linear=0
shrinkage=0.04


Tree=124
num_leaves=15
num_cat=0
split_feature=9 2 0 0 3 10 10 3 3 3 10 0 3 0
split_gain=48.7921 89.2956 92.9517 169.948 150.906 106.265 91.3297 81.2908 87.7687 69.5101 145.824 79.3606 67.6252 227.162
threshold=0.16270604827310223 124.121075 3.8725919349895812 9.1715335311642505 9.5106895000000033 -11.60354355501641 -4.5539797322667424 34.908647000000009 14.208550500000001 17.000007500000006 -14.540591975395168 12.462310257189307 4.4289150000000008 4.2034237255116143
decision_type=2 2 2 2 2 2 2 2 2 2 2 2 2 2
left_child=1 12 -3 4 6 7 -4 8 -5 10 -10 -11 13 -1
right_child=-2 2 3 5 -6 -7 -8 -9 9 11 -12 -13 -14 -15
leaf_value=-9.6720407635669484e-06 0 -0.00057056269776998691 -0.0035202489795692761 -0.010462936033136661 0.019244366192292965 -0.0022517341184007797 0.017505077893964986 -0.001905811333668342 -0.016173706170007882 -0.0033825842709218502 0.027744420623487077 8.9296905928445969e-06 -2.6372679249790645e-06 -0.010650066428289974
leaf_weight=1556 249845 515 264 232 351 589 99 475 117 228 352 1742 86261 394
leaf_count=1556 249845 515 264 232 351 589 99 475 117 228 352 1742 86261 394
internal_value=0.000263891 -0.000517306 -0.00573731 -0.00387503 0.0140056 -0.00729317 -0.00407713 -0.00437381 -0.0016623 0.000574006 0.0144136 -0.00272081 -0.000223555 -0.00758974
internal_weight=343020 93175 4964 4449 714 3735 363 3146 2671 2439 469 1970 88211 1950
internal_count=343020 93175 4964 4449 714 3735 363 3146 2671 2439 469 1970 88211 1950
is_linear=0
shrinkage=0.04


Tree=125
num_leaves=15
num_cat=0
split_feature=9 2 1 10 3 3 3 2 10 3 3 10 1 2
split_gain=41.0004 143.984 88.0051 138.819 145.15 135.849 71.2142 61.913 56.398 57.8568 92.0579 116.775 89.134 79.7038
threshold=0.16270604827310223 124.121075 3.8133381282595722 -9.1272249815227138 10.709492500000001 5.0890805000000006 34.908647000000009 152.86807250000001 -10.02624040259912 15.000312500000001 17.000007500000006 -14.540591975395168 12.45990658307055 136.61254850000003
decision_type=2 2 2 2 2 2 2 2 2 2 2 2 2 2
left_child=1 -1 -3 4 -4 -5 8 -8 9 -6 11 -11 13 -12
right_child=-2 2 3 5 6 -7 7 -9 -10 10 12 -13 -14 -15
leaf_value=-3.0802514894603951e-06 0 -0.00056779698455855434 -0.028347602445078338 -0.0016131458016471777 -0.0041063083742506985 0.01838012197018175 -0.0011330085504678478 -0.0024670220334830815 0.02390735389168281 -0.0090159710468440454 -0.0018733543924659996 0.053037997288375952 -7.6102321760414439e-06 0.00076053457040919513
leaf_weight=88275 249623 517 263 129 422 454 298 172 50 95 562 219 1750 93
leaf_count=88275 249623 517 263 129 422 454 298 172 50 95 562 219 1750 93
internal_value=0.000263967 -0.000451452 -0.00703822 -0.00524517 -0.00795107 0.0129674 -0.0058891 -0.0204255 -0.00374804 -0.00441897 -0.00228025 0.0180892 -0.00493971 -0.0175267
internal_weight=342922 93299 5024 4507 3924 583 3661 470 3191 3141 2719 314 2405 655
internal_count=342922 93299 5024 4507 3924 583 3661 470 3191 3141 2719 314 2405 655
is_linear=0
shrinkage=0.04


Tree=126
num_leaves=15
num_cat=0
split_feature=9 2 1 1 3 3 10 3 2 3 1 3 10 10
split_gain=40.1861 91.8364 96.4465 213.379 99.9792 98.9592 89.5458 57.4465 74.0695 55.2785 314.537 48.2114 531.5 355.097
threshold=0.16270604827310223 124.121075 3.8133381282595722 9.1544786145243702 10.709492500000001 9.5106895000000033 -4.7876769154986905 34.908647000000009 152.86807250000001 4.5176720000000001 4.496759530985555 5.736390000000001 -4.930982042652519 -2.6974109615996733
decision_type=2 2 2 2 2 2 2 2 2 2 2 2 2 2
left_child=1 9 -3 5 -5 6 -4 -6 -9 10 -1 12 -11 -14
right_child=-2 2 3 4 7 -7 -8 8 -10 11 -12 -13 13 -15
leaf_value=-4.2717031151635194e-06 0 -0.00055720991801104806 -0.0058185817461173465 -0.03069248478678048 -0.00040781742528340787 0.032586792760709339 0.0063051236812589262 -0.00097383292942192299 -0.0022521846812615853 -0.012873465986987654 -0.014953083578055857 -2.231788800212534e-05 0.0041410960332149954 -2.2961193126021673e-06
leaf_weight=2497 249720 523 183 220 3192 259 172 303 173 781 398 69286 4235 11105
leaf_count=2497 249720 523 183 220 3192 259 172 303 173 781 398 69286 4235 11105
internal_value=0.00027658 -0.000431601 -0.00569154 -0.00380275 -0.00726337 0.0181107 0.00439437 -0.00569248 -0.0186555 -0.000132273 -0.00556822 5.19864e-05 0.00202221 0.00366102
internal_weight=343047 93327 5025 4502 3888 614 355 3668 476 88302 2895 85407 16121 15340
internal_count=343047 93327 5025 4502 3888 614 355 3668 476 88302 2895 85407 16121 15340
is_linear=0
shrinkage=0.04


Tree=127
num_leaves=15
num_cat=0
split_feature=8 2 3 1 3 1 3 10 3 1 10 8 10 3
split_gain=49.6472 118.996 218.923 194.939 211.806 393.096 202.558 256.374 142.786 699.118 186.178 444.437 235.058 406.512
threshold=0.94256592983472431 74.034153000000018 34.908647000000009 3.0608124296150407 5.0000175000000011 4.254946172028081 5.736390000000001 -4.930982042652519 15.000312500000001 13.922959794807237 -9.509748289832979 0.9998602938203569 -17.392184447845157 19.135777500000003
decision_type=2 2 2 2 2 2 2 2 2 2 2 2 2 2
left_child=-1 3 8 -2 5 -5 7 -6 9 -3 12 -12 13 -10
right_child=1 2 -4 4 6 -7 -8 -9 10 -11 11 -13 -14 -15
leaf_value=0 -2.3121075282277077e-05 -7.010652817328184e-05 -0.0013495568590814631 0.0052841828641453908 -0.0063635596362737199 -0.0040903672043616302 0.00039864290204950583 0.013943355151214393 -0.033511955830283401 -0.022647116933170303 0.00036345583085897526 -0.0024210832223173213 0.0022398430883483322 4.1906810940575692e-05
leaf_weight=264400 29055 11773 4247 480 149 793 11729 896 519 930 2257 2246 8810 4985
leaf_count=264400 29055 11773 4247 480 149 793 11729 896 519 930 2257 2246 8810 4985
internal_value=0.000252397 -0.000628384 -0.002334 0.00078697 0.0046558 -0.0109034 0.00620636 0.0230813 -0.00118528 -0.00446194 0.00102673 -0.00606707 0.00325835 -0.00322674
internal_weight=343269 78869 35767 43102 14047 1273 12774 1045 31520 12703 18817 4503 14314 5504
internal_count=343269 78869 35767 43102 14047 1273 12774 1045 31520 12703 18817 4503 14314 5504
is_linear=0
shrinkage=0.04


Tree=128
num_leaves=15
num_cat=0
split_feature=0 3 1 3 1 2 1 3 1 8 3 1 3 2
split_gain=58.0498 888.183 186.353 245.185 255.048 181.302 157.798 133.677 118.046 317.929 148.191 256.293 95.4946 92.1868
threshold=13.691278076197369 15.537822500000003 14.82105808138334 18.601719500000005 16.797625578197469 156.00045000000003 14.041575061598147 16.371384500000005 18.229673443878294 0.99998682461569344 22.299990500000003 20.298734009150923 19.472653500000003 107.62970750000001
decision_type=2 2 2 2 2 2 2 2 2 2 2 2 2 2
left_child=-1 6 -3 4 7 8 -2 -4 9 -5 11 12 -10 -11
right_child=1 2 3 5 -6 -7 -8 -9 10 13 -12 -13 -14 -15
leaf_value=0 -0.00034170835291136314 0.0053635317866447567 -0.015356272563511139 -0.00012156677604415856 -0.035196955263914295 -0.0021145183554199653 -0.023559682536346993 0.0026724232660935497 -0.016017662651749011 0.0029954281599265655 0.00010398693150141713 -0.045751011353343557 0.001039811370384922 0.058262400592440741
leaf_weight=314879 682 1161 174 2908 601 198 1110 502 140 912 17928 510 799 529
leaf_count=314879 682 1161 174 2908 601 198 1110 502 140 912 17928 510 799 529
internal_value=0.00023986 -0.00150032 0.000352022 -0.000369827 -0.0174471 0.000541715 -0.02875 -0.000591716 0.000859816 0.00681536 -0.000476854 -0.0127812 -0.000383387 0.022179
internal_weight=343033 28154 26362 25201 1277 23924 1792 676 23726 4349 19377 1449 939 1441
internal_count=343033 28154 26362 25201 1277 23924 1792 676 23726 4349 19377 1449 939 1441
is_linear=0
shrinkage=0.04


Tree=129
num_leaves=15
num_cat=0
split_feature=9 2 0 0 3 3 10 3 1 3 2 3 3 0
split_gain=50.9148 109.644 71.3016 136.409 143.748 128.853 82.802 51.5162 460.924 48.8291 63.3212 48.6998 48.3593 69.895
threshold=0.16270604827310223 124.121075 3.8725919349895812 9.1035058643481666 9.5106895000000033 10.709492500000001 -4.5539797322667424 4.6002795000000001 4.496759530985555 34.908647000000009 152.86807250000001 4.9416075000000008 107.40897650000001 4.9093887959084794
decision_type=2 2 2 2 2 2 2 2 2 2 2 2 2 2
left_child=1 7 11 4 6 -5 -4 8 -1 -7 -11 -3 -9 -14
right_child=-2 2 3 5 -6 9 -8 12 -10 10 -12 -13 13 -15
leaf_value=2.8568443156556883e-05 0 0.00015344031280889098 -0.0024725777755879252 -0.027137601389303236 0.028592688297285514 -0.00045016218041588903 0.016619999924148848 2.0609877447715694e-06 -0.014312061745906188 -0.00083458112500396371 -0.002077516559794323 -0.00068963713224289892 0.00016453325662514918 -0.0017661765153211756
leaf_weight=3337 249711 89 280 231 291 3141 102 84271 553 313 166 437 95 203
leaf_count=3337 249711 89 280 231 291 3141 102 84271 553 313 166 437 95 203
internal_value=0.000239613 -0.000556524 -0.00628911 -0.00466844 0.0119465 -0.00757206 -0.00418848 -0.000229259 -0.00473008 -0.00572376 -0.01762 -0.0202281 -2.22304e-05 -0.0161074
internal_weight=343220 93509 5050 4524 673 3851 382 88459 3890 3620 479 526 84569 298
internal_count=343220 93509 5050 4524 673 3851 382 88459 3890 3620 479 526 84569 298
is_linear=0
shrinkage=0.04


Tree=130
num_leaves=15
num_cat=0
split_feature=0 3 1 3 1 2 1 3 1 9 3 2 2 1
split_gain=57.6279 848.662 163.483 245.322 195.363 177.155 144.039 114.577 108.212 243.502 162.739 115.142 89.3668 78.1089
threshold=13.691278076197369 15.437255500000001 14.82105808138334 18.245710000000003 16.797625578197469 156.00045000000003 14.298087551365446 16.371384500000005 17.724268558743081 1.3369498053639186e-05 19.472653500000003 108.07067100000002 81.390655500000022 15.16423868654846
decision_type=2 2 2 2 2 2 2 2 2 2 2 2 2 2
left_child=-1 6 -3 4 7 8 -2 -4 9 11 -10 12 -5 -11
right_child=1 2 3 5 -6 -7 -8 -9 10 13 -12 -13 -14 -15
leaf_value=0 -0.00046010045023681155 0.0048275497803999924 -0.016506390654166047 0.0048933229523214928 -0.038609150410126539 -0.0020119311339865313 -0.027531065968188707 0.0021441534296157199 -0.015324666704062271 -0.0023810435636267284 2.7162506409342535e-05 0.061400448677068904 0.00050285726048067913 0.00019317480399508481
leaf_weight=314895 830 1173 179 293 480 202 893 444 322 157 19877 425 578 2219
leaf_count=314895 830 1173 179 293 480 202 893 444 322 157 19877 425 578 2219
internal_value=0.000263232 -0.00147335 0.000305135 -0.00037496 -0.0188214 0.000470236 -0.0286709 -0.00404494 0.000785891 0.0071024 -0.000362394 0.0210494 0.012721 -0.000505051
internal_weight=342967 28072 26349 25176 1103 24073 1723 623 23871 3672 20199 1296 871 2376
internal_count=342967 28072 26349 25176 1103 24073 1723 623 23871 3672 20199 1296 871 2376
is_linear=0
shrinkage=0.04


Tree=131
num_leaves=15
num_cat=0
split_feature=0 3 10 3 10 2 10 10 8 3 10 2 3 0
split_gain=62.8554 847.423 148.989 226.092 188.081 162.907 140.898 100.078 242.721 167.22 189.48 111.321 93.0909 100.254
threshold=13.691278076197369 15.437255500000001 -14.72654308938224 18.245710000000003 -17.211837522819266 156.00045000000003 -14.336414532353144 -17.747152817537529 0.99998682461569344 21.622888000000003 -19.615561448988526 108.07067100000002 16.371384500000005 15.640466517164713
decision_type=2 2 2 2 2 2 2 2 2 2 2 2 2 2
left_child=-1 6 3 4 -3 7 -2 9 -9 10 -5 -10 -6 -14
right_child=1 2 -4 5 12 -7 -8 8 11 -11 -12 -13 13 -15
leaf_value=0 -0.027870466384625949 -0.041282993935561278 0.0048160128445321228 -0.040026835011704974 -0.010270217888888853 -0.0019306125129095381 -0.00044169643222733904 -0.00014791679354798443 0.0025177173590056261 0.00011546050711978923 -0.00041163611280566108 0.05894443072998614 0.0047876799090488713 -0.005680184313695158
leaf_weight=314829 869 423 1079 412 232 192 867 2396 894 18882 870 458 302 215
leaf_count=314829 869 423 1079 412 232 192 867 2396 894 18882 870 458 302 215
internal_value=0.000265135 -0.00154783 0.000235249 -0.000386137 -0.0175427 0.000448058 -0.0286175 0.000742723 0.00674493 -0.000372942 -0.0143526 0.0202959 -0.00550067 0.00394584
internal_weight=342920 28091 26355 25276 1172 24104 1736 23912 3748 20164 1282 1352 749 517
internal_count=342920 28091 26355 25276 1172 24104 1736 23912 3748 20164 1282 1352 749 517
is_linear=0
shrinkage=0.04


Tree=132
num_leaves=15
num_cat=0
split_feature=0 3 1 1 3 10 2 1 3 3 2 2 8 2
split_gain=54.7235 842.099 165.861 154.741 211.835 235.61 175.207 97.3094 481.28 94.7089 84.2202 123.328 106.602 122.002
threshold=13.691278076197369 15.537822500000003 14.298087551365446 14.82105808138334 18.601719500000005 -17.211837522819266 156.00045000000003 21.264385595154316 23.917122000000003 16.371384500000005 76.05765150000002 79.18666450000002 0.99998682461569344 111.09329600000002
decision_type=2 2 2 2 2 2 2 2 2 2 2 2 2 2
left_child=-1 2 -2 -3 5 -5 7 10 -9 -7 -6 -12 -13 -14
right_child=1 3 -4 4 6 9 -8 8 -10 -11 11 12 13 -15
leaf_value=0 -0.00042402857493824546 0.004620632362571723 -0.025434845893641134 -0.034488431334334373 0.0049996299158112968 -0.01367103975875829 -0.0018533880123931565 -0.047595021377599418 0.00011996736051082708 0.0017953142019879297 -0.0011348540663216353 0.00021570299696106721 0.00075286859112840606 0.032076541682864938
leaf_weight=315063 862 1156 932 531 204 168 203 706 13516 577 586 6080 1633 1060
leaf_count=315063 862 1156 932 531 204 168 203 706 13516 577 586 6080 1633 1060
internal_value=0.000247264 -0.00144042 -0.0279599 0.000360333 -0.00029449 -0.0161755 0.000550275 0.000866092 -0.00123189 -0.00166443 0.0039862 0.00343199 0.00461872 0.011244
internal_weight=343277 28214 1794 26420 25264 1276 23988 23785 14222 745 9563 9359 8773 2693
internal_count=343277 28214 1794 26420 25264 1276 23988 23785 14222 745 9563 9359 8773 2693
is_linear=0
shrinkage=0.04


Tree=133
num_leaves=15
num_cat=0
split_feature=0 2 10 2 2 2 8 1 2 2 8 8 10 10
split_gain=64.12 176.779 106.425 135.535 77.669 69.0337 175.83 122.289 112.058 77.9281 98.3479 122.502 74.0285 94.5639
threshold=13.691278076197369 152.86807250000001 -15.76350769696492 84.395645000000016 111.39678950000003 102.36229750000001 0.94256592983472431 21.12189395896625 76.05765150000002 89.894024000000016 0.9999951226700946 0.99350074962956703 -23.95033566253057 -28.266562730047983
decision_type=2 2 2 2 2 2 2 2 2 2 2 2 2 2
left_child=-1 2 5 -4 -5 6 7 -2 -8 -10 11 -11 13 -9
right_child=1 -3 3 4 -6 -7 8 12 9 10 -12 -13 -14 -15
leaf_value=0 0.005864793786100826 -0.001950465754191188 0.0029304341523134748 -0.0021426762205897882 0.00013061458602096657 -0.00031532489492190618 0.0040441396232773555 0.0027486806461460424 -0.0010609783738822235 4.7353107475286014e-05 0.0055867418862508575 -0.05051622631623344 -0.00088889427759797086 0.012262887991466437
leaf_weight=315000 613 477 448 2812 643 18684 160 978 1249 635 691 176 374 258
leaf_count=315000 613 477 448 2812 643 18684 160 978 1249 635 691 176 374 258
internal_value=0.000227274 -0.00160011 -0.00118466 -0.0073072 -0.00999132 -0.000181375 0.00392676 0.0123977 -0.00254208 -0.00443475 0.00170439 -0.00774353 0.0066087 0.0113269
internal_weight=343198 28198 27721 3903 3455 23818 5134 2223 2911 2751 1502 811 1610 1236
internal_count=343198 28198 27721 3903 3455 23818 5134 2223 2911 2751 1502 811 1610 1236
is_linear=0
shrinkage=0.04


Tree=134
num_leaves=15
num_cat=0
split_feature=9 2 8 2 2 0 2 8 8 8 0 8 10 8
split_gain=47.2227 89.0301 149.147 104.713 105.813 177.127 139.688 149.492 126.585 126.145 182.073 294.371 159.232 140.234
threshold=0.16270604827310223 114.90459800000001 0.99956920980867092 100.60580800000001 74.034153000000018 3.1023653460643019 62.158500500000009 0.99902239380622027 0.9960960661326882 0.98261585627081083 4.3830773471941811 0.9999951226700946 -7.7905680447759442 0.99972389913718696
decision_type=2 2 2 2 2 2 2 2 2 2 2 2 2 2
left_child=1 3 -3 4 5 6 7 -1 -7 -6 -11 13 -13 -12
right_child=-2 2 -4 -5 9 8 -8 -9 -10 10 11 12 -14 -15
leaf_value=0.00028259297966929265 0 -0.0012520570584159273 0.00014470577351191312 0.00065137961341511731 8.2378660024246184e-05 -0.00036929267099844676 -0.00052421327813764219 -1.6720723726820981e-05 0.00045496501019568842 0.00014123061194226677 -0.0011723625827829774 -6.0182081927828272e-05 -0.00088018984659422427 -0.0047880980258768763
leaf_weight=439 249932 6020 3832 11929 8589 919 1683 27611 13194 3754 1982 8823 3118 1689
leaf_count=439 249932 6020 3832 11929 8589 919 1683 27611 13194 3754 1982 8823 3118 1689
internal_value=0.000303103 -0.000463337 -0.00406009 -4.0129e-05 -0.000616705 0.000609406 -0.00114217 -0.000470588 0.00429958 -0.0025398 -0.00432924 -0.0062311 -0.00318566 -0.0161373
internal_weight=343514 93582 9852 83730 71801 43846 29733 28050 14113 27955 19366 15612 11941 3671
internal_count=343514 93582 9852 83730 71801 43846 29733 28050 14113 27955 19366 15612 11941 3671
is_linear=0
shrinkage=0.04


Tree=135
num_leaves=15
num_cat=0
split_feature=0 3 1 3 10 3 8 3 1 8 3 1 3 8
split_gain=56.154 805.327 129.427 396.77 67.473 62.7071 61.347 55.7148 67.669 66.9771 49.4465 44.2508 458.707 55.1626
threshold=14.471462243665714 15.742772500000003 16.513930428382725 18.963624500000005 -17.949027065726373 17.709107500000005 0.9999951226700946 16.371384500000005 14.929104742601377 0.99998682461569344 31.532911000000002 21.805614016677385 24.307094500000002 0.99992791948838267
decision_type=2 2 2 2 2 2 2 2 2 2 2 2 2 2
left_child=-1 -2 7 4 -4 -6 -7 8 -3 10 -9 13 -13 -5
right_child=1 2 3 11 5 6 -8 9 -10 -11 -12 12 -14 -15
leaf_value=0 -0.02533842599057266 0.0025350442626670476 -0.037989682036782123 -2.5692543750215834e-05 -0.026211830863087277 0.0029205627182938977 -0.0035950571014439106 0.0031930364381321931 -0.015300647844834514 0.0047587593723260333 -0.0039263723742559674 -0.051892247168548969 4.4935961560517159e-05 0.0017035464462179415
leaf_weight=318581 842 68 465 5056 110 83 87 485 98 1239 232 606 12011 2898
leaf_count=318581 842 68 465 5056 110 83 87 485 98 1239 232 606 12011 2898
internal_value=0.000289213 -0.00156507 -0.000184316 -0.00112216 -0.0297987 -0.0142857 0.000941176 0.00923657 -0.013012 0.0111247 0.0013947 -8.36129e-05 -0.00155663 0.00225295
internal_weight=342861 24280 23438 21316 745 280 170 2122 166 1956 717 20571 12617 7954
internal_count=342861 24280 23438 21316 745 280 170 2122 166 1956 717 20571 12617 7954
is_linear=0
shrinkage=0.04


Tree=136
num_leaves=15
num_cat=0
split_feature=8 1 3 1 3 3 1 3 8 3 1 2 2 2
split_gain=36.9382 102.646 781.834 222.151 294.507 127.637 123.613 303.308 132.018 146.809 206.73 115.919 96.4646 222.651
threshold=0.94256592983472431 14.298087551365446 15.742772500000003 16.797625578197469 18.963624500000005 38.169258000000006 22.013461877626195 24.851730500000006 0.9960960661326882 22.299990500000003 19.616546421162052 76.05765150000002 98.976940000000013 123.38353350000001
decision_type=2 2 2 2 2 2 2 2 2 2 2 2 2 2
left_child=-1 12 -3 -4 -5 6 8 -8 -6 10 -10 -7 -2 -14
right_child=1 2 3 4 5 11 7 -9 9 -11 -12 -13 13 -15
leaf_value=0 -1.1163438054513173e-05 -0.021312562700297175 0.0028199533370700607 -0.023908240829962627 -0.00097354783643952502 0.0028120674047566454 -0.040756694625966219 0.000666488671563385 0.001948787502379415 0.0067914424148560904 -0.024427616581095723 -0.0022050982141730196 0.0014744878152812317 -0.0003704518812766261
leaf_weight=264309 60584 956 2527 570 1272 96 453 1566 984 1499 287 2018 3944 2165
leaf_count=264309 60584 956 2527 570 1272 96 453 1566 984 1499 287 2018 3944 2165
internal_value=0.000281444 -0.000477946 -0.00384691 -0.000901348 -0.00391995 -0.00198165 0.000970137 -0.00711243 0.00500742 0.00990614 -9.44138e-05 -0.0104447 0.000139745 0.00493043
internal_weight=343230 78921 12228 11272 8745 8175 6061 2019 4042 2770 1271 2114 66693 6109
internal_count=343230 78921 12228 11272 8745 8175 6061 2019 4042 2770 1271 2114 66693 6109
is_linear=0
shrinkage=0.04


Tree=137
num_leaves=15
num_cat=0
split_feature=8 1 3 1 3 8 1 3 2 10 3 2 10 2
split_gain=46.2453 108.238 690.522 215.65 250.639 142.003 177.626 118.242 147.241 124.7 180.852 166.341 98.6449 96.3651
threshold=0.94256592983472431 14.430392058722973 15.742772500000003 16.65970961892052 18.963624500000005 0.99994924073772018 18.229673443878294 21.914942000000003 77.494896000000011 -21.884295341407753 24.307094500000002 99.82328050000001 -19.280126907799353 91.82456950000001
decision_type=2 2 2 2 2 2 2 2 2 2 2 2 2 2
left_child=-1 -2 -3 -4 -5 13 -7 12 -9 10 -10 -11 -8 -6
right_child=1 2 3 4 5 6 7 8 9 11 -12 -13 -14 -15
leaf_value=0 6.088293003029752e-07 -0.023136373281678155 0.0030484644391027605 -0.021536733761658589 -0.026828848341455633 0.0058672847795862839 -0.026066949374146057 -0.0019590662373955791 -0.030845407832808914 -8.8510281797911657e-05 0.0010231603608248374 0.041467521915020712 -0.00029400600065622689 -0.0011986996763617762
leaf_weight=264056 66990 865 2201 589 148 686 315 317 240 611 1507 639 365 3429
leaf_count=264056 66990 865 2201 589 148 686 315 317 240 611 1507 639 365 3429
internal_value=0.000259624 -0.000590099 -0.00410343 -0.00140853 -0.00419625 -0.00239797 0.00218803 -0.00104156 0.00207604 0.00481815 -0.00208357 0.014464 -0.0162353 -0.0083981
internal_weight=342958 78902 11912 11047 8846 8257 4680 3994 3314 2997 1747 1250 680 3577
internal_count=342958 78902 11912 11047 8846 8257 4680 3994 3314 2997 1747 1250 680 3577
is_linear=0
shrinkage=0.04


Tree=138
num_leaves=15
num_cat=0
split_feature=0 3 1 3 10 2 10 10 3 1 8 3 10 2
split_gain=63.359 797.223 142.277 147.461 233.149 160.163 138.726 93.5338 112.126 92.1182 217.386 167.825 137.232 105.079
threshold=13.691278076197369 15.437255500000001 14.430392058722973 18.245710000000003 -17.211837522819266 156.00045000000003 -14.336414532353144 -15.052207543280556 16.573134000000003 18.229673443878294 0.99998682461569344 21.622888000000003 -19.77933477567106 110.33656300000001
decision_type=2 2 2 2 2 2 2 2 2 2 2 2 2 2
left_child=-1 6 -3 4 -4 9 -2 8 -6 10 -5 12 -11 -12
right_child=1 2 3 5 7 -7 -8 -9 -10 11 13 -13 -14 -15
leaf_value=0 -0.022995137901348554 0.006030978773002813 -0.034190506346335851 -0.00011026322462689309 -0.015332759849802216 -0.0017650961390029923 -0.0003185309154898426 0.003695033870097255 0.00063320631236626901 -0.038368925159821668 0.0023970949384384266 7.6552445873256551e-05 -0.00099045061863497564 0.051556513445079756
leaf_weight=314994 886 757 417 3007 196 197 882 307 393 364 1192 18388 726 478
leaf_count=314994 886 757 417 3007 196 197 882 307 393 364 1192 18388 726 478
internal_value=0.000264465 -0.00155232 0.000187722 -0.000316384 -0.013374 0.000387648 -0.0275566 -0.001875 -0.0112054 0.000680604 0.00572162 -0.000529829 -0.0157798 0.0172934
internal_weight=343184 28190 26422 25665 1313 24352 1768 896 589 24155 4677 19478 1090 1670
internal_count=343184 28190 26422 25665 1313 24352 1768 896 589 24155 4677 19478 1090 1670
is_linear=0
shrinkage=0.04


Tree=139
num_leaves=15
num_cat=0
split_feature=0 3 2 1 3 9 3 0 2 2 2 2 8 1
split_gain=49.9883 664.27 120.038 134.06 171.411 161.466 118.359 207.702 86.1355 95.3255 77.3221 109.567 106.986 66.7223
threshold=14.680098874482505 18.064891000000006 154.91696950000002 18.001349422083006 19.472653500000003 1.3369498053639186e-05 15.742772500000003 15.640466517164713 111.09329600000002 79.822464000000011 81.93746950000002 98.976940000000013 0.92588151062465907 22.013461877626195
decision_type=2 2 2 2 2 2 2 2 2 2 2 2 2 2
left_child=-1 6 3 5 -5 8 -2 -8 9 -3 -6 12 -12 -13
right_child=1 2 -4 4 10 -7 7 -9 -10 -11 11 13 -14 -15
leaf_value=0 -0.025263360673695844 0.0040971910464271157 -0.0021542041393233136 -0.015481219864186487 -0.00084825144457043977 8.0052787417829587e-05 0.0014723727462294912 -0.023339895278953721 0.05214304703057758 0.00090041382542345948 0.0068668120501263674 0.00062514817593860945 0.0002461199793454365 -0.00060301686208688175
leaf_weight=319484 707 289 151 321 909 1956 405 530 438 791 750 4242 978 11145
leaf_count=319484 707 289 151 321 909 1956 405 530 438 791 750 4242 978 11145
internal_value=0.000251358 -0.00152465 0.000309513 0.000555479 -0.00080894 0.00776051 -0.0260658 -0.0167273 0.0175494 0.0114815 -0.000292943 0.000310838 0.00986111 -0.000761682
internal_weight=343096 23612 21970 21819 18345 3474 1642 935 1518 1080 18024 17115 1728 15387
internal_count=343096 23612 21970 21819 18345 3474 1642 935 1518 1080 18024 17115 1728 15387
is_linear=0
shrinkage=0.04


Tree=140
num_leaves=15
num_cat=0
split_feature=0 3 1 3 2 1 2 8 8 2 3 0 3 2
split_gain=54.1163 662.517 121.039 131.996 106.141 93.7001 85.2062 76.7385 74.2996 55.7548 49.7568 156.749 48.9739 120.632
threshold=14.899969086565422 17.709107500000005 16.513930428382725 19.296557000000004 153.83238250000002 18.001349422083006 110.09468450000001 0.99998682461569344 0.99902239380622027 80.682647500000016 16.371384500000005 15.640466517164713 51.263304500000004 111.39678950000003
decision_type=2 2 2 2 2 2 2 2 2 2 2 2 2 2
left_child=-1 10 6 5 12 7 9 -4 -8 -3 -2 -12 -5 -14
right_child=1 2 3 4 -6 -7 8 -9 -10 -11 11 -13 13 -15
leaf_value=0 -0.0260036546032394 0.0064523351980556925 0.0047521551872603011 -0.00024431748742416047 -0.002596412074573169 -0.017941532945293926 0.0024632145735068605 -0.0040997154661877987 0.066749458945367407 -0.00021851009317806815 0.0027634485757440609 -0.026830160482660983 0.0020449874364530272 -0.00050388336608799022
leaf_weight=320214 632 146 99 13834 144 359 182 122 293 653 168 334 2715 3172
leaf_count=320214 632 146 99 13834 144 359 182 122 293 653 168 334 2715 3172
internal_value=0.000293004 -0.00158754 -3.1309e-05 -0.000776718 -0.000227536 -0.0195862 0.0119309 0.000904977 0.0253474 0.00395494 -0.0313933 -0.021992 2.23112e-05 0.00307797
internal_weight=343067 22853 21719 20445 19865 580 1274 221 475 799 1134 502 19721 5887
internal_count=343067 22853 21719 20445 19865 580 1274 221 475 799 1134 502 19721 5887
is_linear=0
shrinkage=0.04


Tree=141
num_leaves=15
num_cat=0
split_feature=0 3 1 3 2 1 2 8 2 2 3 0 3 2
split_gain=50.0523 669.203 116.768 133.928 84.5231 76.1431 60.4882 93.1799 61.5855 53.8318 52.16 137.6 44.8741 114.67
threshold=14.899969086565422 17.709107500000005 16.65970961892052 19.135777500000003 154.91696950000002 17.724268558743081 110.09468450000001 0.99902239380622027 79.822464000000011 116.27877400000001 15.851702500000002 15.389427284330685 51.263304500000004 111.39678950000003
decision_type=2 2 2 2 2 2 2 2 2 2 2 2 2 2
left_child=-1 10 6 5 12 -4 8 9 -3 -8 -2 -12 -5 -14
right_child=1 2 3 4 -6 -7 7 -9 -10 -11 11 -13 13 -15
leaf_value=0 -0.027281110801430027 0.0072697367344784283 0.000956891501821926 -0.00023454478792719405 -0.002728657543890949 -0.015380372293247728 0.05709809383242026 0.060550760793004629 0.00015544903470948558 -0.0010442643167068622 0.0014992666191720805 -0.021179540811305356 0.0019894477002140652 -0.00048372803144447056
leaf_weight=320023 564 137 141 13749 104 376 45 326 780 169 161 432 2692 3180
leaf_count=320023 564 137 141 13749 104 376 45 326 780 169 161 432 2692 3180
internal_value=0.000299814 -0.00150858 7.18927e-05 -0.000715344 -0.000188593 -0.0208124 0.0110089 0.0216296 0.00475463 0.0011215 -0.0311495 -0.0228668 2.03863e-06 0.00292916
internal_weight=342879 22856 21699 20242 19725 517 1457 540 917 214 1157 593 19621 5872
internal_count=342879 22856 21699 20242 19725 517 1457 540 917 214 1157 593 19621 5872
is_linear=0
shrinkage=0.04


Tree=142
num_leaves=15
num_cat=0
split_feature=0 3 2 1 3 10 2 2 3 0 3 8 8 8
split_gain=53.2538 673.032 98.1253 107.459 101.57 94.5613 84.3548 69.0797 59.3533 132.442 73.0295 55.2741 54.8557 55.7764
threshold=14.899969086565422 17.885454000000003 154.91696950000002 16.65970961892052 19.296557000000004 -18.12920022382303 110.09468450000001 79.822464000000011 15.851702500000002 15.894824009906051 16.573134000000003 0.99998360318535939 0.99902239380622027 0.99865268182669953
decision_type=2 2 2 2 2 2 2 2 2 2 2 2 2 2
left_child=-1 8 3 6 5 -5 7 -3 -2 10 -10 -7 13 -8
right_child=1 2 -4 4 -6 11 12 -9 9 -11 -12 -13 -14 -15
leaf_value=0 -0.026368152854392861 0.0071565315059843341 -0.0018549228256852612 -0.020070474204995623 5.9635281685066488e-08 0.0048102450372719922 0.048303317250600115 -0.00012807269174862579 -0.010795627087287199 -0.025090968322767266 0.0036178537370530053 -0.0030273763086294371 0.067729750187319651 -0.0026856519078952701
leaf_weight=320069 555 140 141 303 19579 98 110 770 121 391 185 120 298 74
leaf_count=320069 555 140 141 303 19579 98 110 770 121 391 185 120 298 74
internal_value=0.000282254 -0.00158182 6.8414e-05 0.000286618 -0.000457711 -0.0178887 0.0110345 0.00386813 -0.0300958 -0.0223242 -0.00261438 0.00220183 0.0245643 0.0073913
internal_weight=342954 22885 21633 21492 20100 521 1392 910 1252 697 306 218 482 184
internal_count=342954 22885 21633 21492 20100 521 1392 910 1252 697 306 218 482 184
is_linear=0
shrinkage=0.04


Tree=143
num_leaves=15
num_cat=0
split_feature=0 3 1 3 2 1 8 2 8 2 3 0 0 3
split_gain=57.5659 665.505 91.4874 115.71 96.0363 93.4849 58.5794 58.1825 63.2278 56.3471 53.8994 128.918 46.7804 265.394
threshold=14.899969086565422 17.709107500000005 16.513930428382725 19.296557000000004 154.91696950000002 18.001349422083006 0.99998360318535939 110.09468450000001 0.99902239380622027 79.822464000000011 15.851702500000002 15.389427284330685 22.123784686586369 24.851730500000006
decision_type=2 2 2 2 2 2 2 2 2 2 2 2 2 2
left_child=-1 10 7 5 12 6 -4 9 -9 -3 -2 -12 -5 -14
right_child=1 2 3 4 -6 -7 -8 8 -10 -11 11 -13 13 -15
leaf_value=0 -0.025327741323618758 0.0068720953401478482 0.0048331537969125331 0.00025734699297196603 -0.0021074755237161309 -0.015927554899060635 -0.0033349411501475768 0.00035509488308489213 0.062830384740746759 -0.00021086474316937888 0.001481193025991946 -0.019606532420403795 -0.042870888910085891 -0.00021503848739423681
leaf_weight=320133 574 131 90 12809 123 379 124 175 293 671 157 433 412 6413
leaf_count=320133 574 131 90 12809 123 379 124 175 293 671 157 433 412 6413
internal_value=0.000271319 -0.00167135 -8.51064e-05 -0.000735135 -0.000212583 -0.018145 0.00299065 0.0103307 0.0215385 0.00379052 -0.031134 -0.0226441 8.14913e-06 -0.00266667
internal_weight=342917 22784 21620 20350 19757 593 214 1270 468 802 1164 590 19634 6825
internal_count=342917 22784 21620 20350 19757 593 214 1270 468 802 1164 590 19634 6825
is_linear=0
shrinkage=0.04


Tree=144
num_leaves=15
num_cat=0
split_feature=0 3 1 3 2 1 2 8 3 0 2 0 3 9
split_gain=48.8094 652.729 100.546 96.1244 97.2716 79.7089 55.3414 78.7558 53.7178 127.011 49.5947 48.698 202.935 73.8527
threshold=14.899969086565422 17.709107500000005 16.513930428382725 19.135777500000003 154.91696950000002 19.020927900987576 105.75604600000001 0.99902239380622027 15.851702500000002 15.389427284330685 79.822464000000011 22.765995019075262 26.189718500000001 0.19491296451028264
decision_type=2 2 2 2 2 2 2 2 2 2 2 2 2 2
left_child=-1 8 6 5 11 -4 10 -8 -2 -10 -3 -5 -13 -14
right_child=1 2 3 4 -6 -7 7 -9 9 -11 -12 12 13 -15
leaf_value=0 -0.023923202816330532 0.0066276435480832124 -0.0026334672284888416 0.00023778019117115038 -0.0021211236041441713 -0.038520818711586316 0.00032582660436789756 0.055226534715310034 0.0014219453049522678 -0.018750326247572512 -0.0001145151943519046 -0.01879083350260622 0.00037574639033308762 -0.0050982039499331026
leaf_weight=319868 560 133 351 13696 124 175 205 314 157 435 612 581 4886 632
leaf_count=319868 560 133 351 13696 124 175 205 314 157 435 612 581 4886 632
internal_value=0.00029306 -0.0014925 6.44894e-05 -0.000612375 -0.000166675 -0.0174905 0.0110127 0.0210405 -0.0308333 -0.0224324 0.00402685 5.45592e-05 -0.00291851 -0.000550924
internal_weight=342729 22861 21709 20445 19919 526 1264 519 1152 592 745 19795 6099 5518
internal_count=342729 22861 21709 20445 19919 526 1264 519 1152 592 745 19795 6099 5518
is_linear=0
shrinkage=0.04


Tree=145
num_leaves=15
num_cat=0
split_feature=0 3 2 1 3 1 2 3 0 3 8 1 3 2
split_gain=36.8513 642.701 91.355 86.633 80.2331 77.6242 77.243 67.8891 127.197 67.5173 54.8992 112.222 123.918 200.319
threshold=14.899969086565422 17.885454000000003 154.91696950000002 16.65970961892052 19.135777500000003 19.020927900987576 110.09468450000001 15.537822500000003 16.176031729651605 16.573134000000003 0.99998083119721626 18.229673443878294 23.340375000000005 88.88382350000002
decision_type=2 2 2 2 2 2 2 2 2 2 2 2 2 2
left_child=-1 7 3 6 5 -5 -3 -2 9 -9 -6 -12 -13 -14
right_child=1 2 -4 4 10 -7 -8 8 -10 -11 11 12 13 -15
leaf_value=0 -0.024775839987024598 0.00088505781991606199 -0.0016817687357988521 -0.0012798118382105095 -0.00017664591924850537 -0.030934906810824715 0.041033428728645779 -0.0093718775267282815 -0.024224504090897082 0.0022310500925582437 0.0052275669206627105 -0.0018893960168932977 -0.00066276221303718241 0.0043923178273033523
leaf_weight=320086 522 916 139 295 15102 161 481 160 352 232 655 1059 764 2052
leaf_count=320086 522 916 139 295 15102 161 481 160 352 232 655 1059 764 2052
internal_value=0.000309759 -0.00124072 0.000381058 0.000590179 -7.96495e-05 -0.0166667 0.0102219 -0.0289415 -0.0211828 -0.0055102 0.000305623 0.00416777 0.00157935 0.00596591
internal_weight=342976 22890 21624 21485 20088 456 1397 1266 744 392 19632 4530 3875 2816
internal_count=342976 22890 21624 21485 20088 456 1397 1266 744 392 19632 4530 3875 2816
is_linear=0
shrinkage=0.04


Tree=146
num_leaves=15
num_cat=0
split_feature=0 1 2 2 0 0 2 10 1 10 1 1 10 8
split_gain=36.7124 126.734 74.147 73.8894 45.7169 135.332 191.552 291.532 100.529 184.173 166.417 115.811 84.3257 194.505
threshold=14.899969086565422 15.53687569956003 91.82456950000001 154.91696950000002 7.7255509309666248 4.7777204438456016 64.23906700000002 -5.95570252754323 29.66927499345292 -3.7930635067651681 33.582066964127669 40.516501920913122 -4.5539797322667424 0.85145278050640172
decision_type=2 2 2 2 2 2 2 2 2 2 2 2 2 2
left_child=4 2 -2 -3 5 8 -7 -8 9 12 -10 -12 -1 -14
right_child=1 3 -4 -5 -6 6 7 -9 10 -11 11 -13 13 -15
leaf_value=0.00027574931208534242 0.00028173379759935169 -9.790601374401166e-05 -0.0092204517838287495 -0.0017849024629054988 0.0002192560103617386 0.0010841290245468891 -0.00015131358514845942 -0.0015765340647792062 -0.009916453614544702 0 0.0017579081507753836 -0.0022913991794859864 0.0073298160119334771 0.00032837904868667693
leaf_weight=33611 281 21726 613 149 52085 1479 32624 3725 2433 183099 2247 2341 390 6311
leaf_count=33611 281 21726 613 149 52085 1479 32624 3725 2433 183099 2247 2341 390 6311
internal_value=0.000295878 -0.00125609 -0.0160179 -0.0006528 0.000406187 0.000195631 -0.00202178 -0.00259594 0.000559644 0.000707754 -0.00415325 0.000331299 0.00315539 0.00725265
internal_weight=343114 22769 894 21875 320345 268260 37828 36349 230432 223411 7021 4588 40312 6701
internal_count=343114 22769 894 21875 320345 268260 37828 36349 230432 223411 7021 4588 40312 6701
is_linear=0
shrinkage=0.04


Tree=147
num_leaves=15
num_cat=0
split_feature=0 3 1 3 2 3 1 8 1 3 10 3 2 2
split_gain=42.1308 628.487 117.207 312.883 87.6201 49.1655 70.8943 57.7482 46.9205 416.637 74.0503 70.8248 63.538 108.857
threshold=14.471462243665714 16.168202500000003 16.227952469242449 18.777554500000004 154.91696950000002 17.709107500000005 18.001349422083006 0.9999951226700946 20.446351655384095 23.340375000000005 -20.907559824940694 22.401191000000001 76.05765150000002 79.18666450000002
decision_type=2 2 2 2 2 2 2 2 2 2 2 2 2 2
left_child=-1 -2 -3 5 8 -4 7 -7 12 10 -10 -12 -5 -14
right_child=1 2 3 4 -6 6 -8 -9 9 -11 11 -13 13 -15
leaf_value=0 -0.014342969431877463 0.0032703443945856958 -0.028143483163129996 0.0025039475131225153 -0.0014405300351047906 0.0032556068692658003 -0.017762947709816537 -0.0040763736372302671 -0.043914373703364484 0.00010590960732043798 -0.01346316312016751 0.0063973539559790795 -0.0010425350628683033 0.00069096090670514143
leaf_weight=318466 937 1606 305 127 156 102 253 100 611 13655 121 55 582 5798
leaf_count=318466 937 1606 305 127 156 102 253 100 611 13655 121 55 582 5798
internal_value=0.000300402 -0.00130121 -1.87465e-05 -0.000784816 0.000123194 -0.026 -0.0176703 0 0.000345601 -0.00092508 -0.0292249 -0.00636364 0.00316582 0.00260815
internal_weight=342874 24408 23471 21865 21105 760 455 202 20949 14442 787 176 6507 6380
internal_count=342874 24408 23471 21865 21105 760 455 202 20949 14442 787 176 6507 6380
is_linear=0
shrinkage=0.04


Tree=148
num_leaves=15
num_cat=0
split_feature=9 2 1 10 3 3 3 1 3 2 3 1 2 3
split_gain=37.6573 74.9531 56.2393 136.333 159.456 112.509 61.6053 90.5195 51.6294 51.0699 50.1624 439.365 48.525 205.532
threshold=0.16270604827310223 124.121075 3.8133381282595722 -9.2981647795442264 5.0890805000000006 10.358374000000003 9.879291000000002 8.6964615156949687 33.024982000000008 140.06305700000004 4.6002795000000001 4.565384883537658 90.801822500000014 14.731003500000002
decision_type=2 2 2 2 2 2 2 2 2 2 2 2 2 2
left_child=1 10 9 5 -5 -4 7 -6 -7 -3 11 -1 -12 -14
right_child=-2 2 3 4 6 8 -8 -9 -10 -11 12 -13 13 -15
leaf_value=1.9508115831726016e-05 0 -0.00014438634622154886 -0.03529793654666602 -0.002949328933715262 0.010042078523680234 -0.00036003454810569263 0.038109915298306991 -0.0074087511402643183 -0.0010733907113544114 -0.0027788226596829114 -1.7392391510589446e-05 -0.014406713700837971 -0.0015315731878581596 0.00053798648443185721
leaf_weight=3387 249765 362 177 122 238 3073 233 67 570 159 60986 493 3823 19747
leaf_count=3387 249765 362 177 122 238 3073 233 67 570 159 60986 493 3823 19747
internal_value=0.000306175 -0.000378865 -0.00514297 -0.00369643 0.0130909 -0.00659686 0.0224535 0.010623 -0.00508372 -0.0175816 -0.000109458 -0.0045567 9.46119e-05 0.00163598
internal_weight=343202 93437 5001 4480 660 3820 538 305 3643 521 88436 3880 84556 23570
internal_count=343202 93437 5001 4480 660 3820 538 305 3643 521 88436 3880 84556 23570
is_linear=0
shrinkage=0.04


Tree=149
num_leaves=15
num_cat=0
split_feature=0 3 1 3 1 1 2 3 0 3 9 1 2 3
split_gain=55.8673 711.863 145.11 160.842 185.419 111.364 105.053 64.302 63.9776 111.22 59.8508 187.186 108.047 99.49
threshold=13.691278076197369 15.437255500000001 14.82105808138334 18.777554500000004 16.93646228029662 14.161372616012006 156.00045000000003 17.149637500000004 15.138029610440904 16.792822000000005 2.8503258590495409e-05 18.229673443878294 109.83624300000001 23.340375000000005
decision_type=2 2 2 2 2 2 2 2 2 2 2 2 2 2
left_child=-1 5 7 4 8 -2 10 -3 -4 -10 11 12 -5 -13
right_child=1 2 3 6 -6 -7 -8 -9 9 -11 -12 13 -14 -15
leaf_value=0 -0.00033607937866199269 0.013730535155779738 0.0027196777381027762 0.0017108839384002495 -0.01990504456731268 -0.014539766655316812 -0.0011018031386921961 0.0014590660149073826 -0.012212861883450322 0.00056829099800493113 -0.00011196276592574605 -0.0018793287849094133 0.046198826656047846 0.00057215964866378212
leaf_weight=314819 737 481 243 997 633 994 201 690 146 364 18135 1116 484 2868
leaf_count=314819 737 481 243 997 633 994 201 690 146 364 18135 1116 484 2868
internal_value=0.000283808 -0.00142547 0.000206389 -0.000433557 -0.0136797 -0.0262738 0.000337801 0.013971 -0.000265604 -0.00831373 0.000583051 0.00425252 0.0163943 -0.000261044
internal_weight=342908 28089 26358 25187 1386 1731 23801 1171 753 510 23600 5465 1481 3984
internal_count=342908 28089 26358 25187 1386 1731 23801 1171 753 510 23600 5465 1481 3984
is_linear=0
shrinkage=0.04


Tree=150
num_leaves=15
num_cat=0
split_feature=9 3 2 2 1 3 10 2 8 1 3 1 3 8
split_gain=40.3205 119.796 218.828 73.2965 159.27 181.887 224.045 104.135 104.521 101.931 335.653 224.589 158.544 250.995
threshold=0.035716777817488506 59.230808000000003 84.757812500000014 74.034153000000018 3.0608124296150407 4.6813965000000008 -4.050342004283868 60.444622000000003 0.99902239380622027 4.3376492500442891 4.9999920000000015 4.496759530985555 8.7843230000000023 0.99986582634168719
decision_type=2 2 2 2 2 2 2 2 2 2 2 2 2 2
left_child=1 3 -3 4 7 6 -6 8 -1 12 11 -11 -5 -14
right_child=-2 2 -4 9 5 -7 -8 -9 -10 10 -12 -13 13 -15
leaf_value=0.00024789433061261511 0 -8.5481842061163612e-05 -0.011067294802159405 0.00038798738998085074 -0.0056104421118208236 0.00044225150194841459 0.005000090637984126 -0.00031425844644510841 -9.3505308551054136e-06 0.00095297046944859245 -0.00018138604697677489 -0.010864855155382132 0.000278472167605059 -0.0012228917787036329
leaf_weight=173 266816 889 400 2737 439 13160 157 2215 26583 210 26711 710 975 715
leaf_count=173 266816 889 400 2737 439 13160 157 2215 26583 210 26711 710 975 715
internal_value=0.000272857 -0.000539475 -0.0126299 -0.000331082 0.000753622 0.00429776 -0.0173154 -0.000929205 -0.000239199 -0.00177678 -0.0026796 -0.0264348 0.00385814 -0.00577515
internal_weight=342890 76074 1289 74785 42727 13756 596 28971 26756 32058 27631 920 4427 1690
internal_count=342890 76074 1289 74785 42727 13756 596 28971 26756 32058 27631 920 4427 1690
is_linear=0
shrinkage=0.04


Tree=151
num_leaves=15
num_cat=0
split_feature=0 3 1 3 1 2 3 0 8 2 3 8 2 2
split_gain=46.2129 559.555 83.2435 95.582 79.1217 68.0376 53.4687 113.606 41.0692 75.0994 50.2503 49.5458 66.7937 50.1989
threshold=14.899969086565422 17.709107500000005 16.65970961892052 19.135777500000003 17.724268558743081 154.91696950000002 15.537822500000003 15.389427284330685 0.99998083119721626 105.75604600000001 18.963624500000005 0.99865268182669953 96.446838000000014 110.09468450000001
decision_type=2 2 2 2 2 2 2 2 2 2 2 2 2 2
left_child=-1 6 8 4 -4 -5 -2 -8 11 -10 -11 12 -3 -14
right_child=1 2 3 5 -6 -7 7 -9 9 10 -12 -13 13 -15
leaf_value=0 -0.022878226825091205 0.0047236275964353319 0.0010241284772998448 -1.3953472611079217e-05 -0.011947926326510929 -0.0021173782675760855 0.0011363439426143463 -0.016208650790132423 0.00081707237878895448 0.0012321581753777368 0.069835291385644316 -0.0049304930265818663 -0.0046683539125600068 0.0099163187248182978
leaf_weight=319592 503 135 150 19588 371 98 180 450 553 69 239 173 138 140
leaf_count=319592 503 135 150 19588 371 98 180 450 553 69 239 173 138 140
internal_value=0.000299201 -0.00144117 -7.38894e-06 -0.000671055 -0.0175816 -0.000223509 -0.0288438 -0.0210794 0.00926054 0.01482 0.0306494 0.00109215 0.00861985 -0.00258993
internal_weight=342379 22787 21654 20207 521 19686 1133 630 1447 861 308 586 413 278
internal_count=342379 22787 21654 20207 521 19686 1133 630 1447 861 308 586 413 278
is_linear=0
shrinkage=0.04


Tree=152
num_leaves=15
num_cat=0
split_feature=0 3 2 1 3 1 8 2 2 1 3 8 2 8
split_gain=51.1373 517.685 94.5704 74.8685 156.135 205.899 94.36 129.41 79.0359 102.007 377.11 154.198 135.93 169.542
threshold=14.899969086565422 17.885454000000003 154.91696950000002 17.724268558743081 21.527772000000002 19.151642906231501 0.99991108192099831 108.07067100000002 81.390655500000022 21.264385595154316 23.340375000000005 0.99992791948838267 107.08577350000002 0.96495340481770153
decision_type=2 2 2 2 2 2 2 2 2 2 2 2 2 2
left_child=-1 -2 3 6 5 -5 -3 -8 -6 11 -11 12 13 -10
right_child=1 2 -4 4 8 -7 7 -9 9 10 -12 -13 -14 -15
leaf_value=0 -0.014473011095710841 -0.00016520734896637162 -0.0015205053450039962 -0.00019000392739207506 -0.00083128065648098437 -0.025476351015343165 0.00067839656638422842 0.039658897594624508 0.0037296162962101621 -0.044635751275684948 9.6461534105612978e-05 0.016008711777739406 -0.00036518986691116457 -0.029941556641853748
leaf_weight=320247 1248 1556 135 764 923 531 895 529 621 437 12069 904 2144 118
leaf_count=320247 1248 1556 135 764 923 531 895 529 621 437 12069 904 2144 118
internal_value=0.000274306 -0.00155285 -0.000107278 0.000102368 -0.000844903 -0.0142394 0.00598658 0.013427 0.000162639 0.000807709 -0.000933952 0.00655928 0.00203954 0.0168336
internal_weight=343121 22874 21626 21491 18511 1295 2980 1424 17216 16293 12506 3787 2883 739
internal_count=343121 22874 21626 21491 18511 1295 2980 1424 17216 16293 12506 3787 2883 739
is_linear=0
shrinkage=0.04


Tree=153
num_leaves=15
num_cat=0
split_feature=0 3 2 3 10 1 3 0 3 1 0 2 8 8
split_gain=50.8547 503.482 102.576 84.1329 133.363 76.0408 68.1776 62.0808 47.1082 126.545 47.2725 44.7397 58.0088 66.2501
threshold=14.899969086565422 18.245710000000003 154.91696950000002 15.537822500000003 -16.593762680749489 16.65970961892052 16.573134000000003 15.138029610440904 20.000043500000004 19.151642906231501 17.549030255744359 110.09468450000001 0.99902239380622027 0.99865268182669953
decision_type=2 2 2 2 2 2 2 2 2 2 2 2 2 2
left_child=-1 3 5 -2 -5 11 7 -6 9 10 -7 -3 13 -13
right_child=1 2 -4 4 6 8 -8 -9 -10 -11 -12 12 -14 -15
leaf_value=0 -0.021332232769113148 0.00071426079070553868 -0.0014596851312038363 -0.019252529035549974 0.0019874693772501529 0.0030044697364673511 0.0020261411455079203 -0.011146487721761163 1.0421726249866815e-05 -0.031665612221450638 -0.00087645197807386527 0.043975412293610974 0.055639716013263556 -0.0041297208386096478
leaf_weight=320078 508 881 139 484 45 245 297 114 19057 186 478 102 281 70
leaf_count=320078 508 881 139 484 45 245 297 114 19057 186 478 102 281 70
internal_value=0.000285277 -0.00153624 5.59728e-06 -0.0243646 -0.0172766 0.000229108 -0.00175439 -0.0228931 -0.000388661 -0.00928493 -0.00171508 0.00947526 0.0196909 0.00139535
internal_weight=342965 22887 21439 1448 940 21300 456 159 19966 909 723 1334 453 172
internal_count=342965 22887 21439 1448 940 21300 456 159 19966 909 723 1334 453 172
is_linear=0
shrinkage=0.04


Tree=154
num_leaves=15
num_cat=0
split_feature=0 3 2 1 3 1 3 0 2 2 8 3 8 1
split_gain=49.8833 488.044 77.167 77.4191 87.2562 76.8959 62.5562 132.776 44.4556 46.4417 41.179 66.0778 56.3818 45.9965
threshold=14.899969086565422 17.709107500000005 154.91696950000002 16.65970961892052 19.135777500000003 19.020927900987576 15.537822500000003 15.389427284330685 110.09468450000001 80.682647500000016 0.99902239380622027 18.777554500000004 0.99865268182669953 15.936850219379966
decision_type=2 2 2 2 2 2 2 2 2 2 2 2 2 2
left_child=-1 6 3 8 5 -5 -2 -8 9 -3 12 13 -10 -12
right_child=1 2 -4 4 -6 -7 7 -9 10 -11 11 -13 -14 -15
leaf_value=0 -0.019403930003509658 0.0048990052610001725 -0.0013577192173527953 -0.0011483034671888027 -2.8205315529194476e-05 -0.029921998611157439 0.0019079706021601472 -0.014654766082062985 0.042452787404360315 -7.3222047247769036e-05 0.013513418451216177 0.065853832858654468 -0.0035985876604717484 -0.0096175178674024597
leaf_weight=320254 509 160 137 344 19581 181 179 445 100 760 19 256 77 39
leaf_count=320254 509 160 137 344 19581 181 179 445 100 760 19 256 77 39
internal_value=0.000321478 -0.00148681 -0.000147779 4.27569e-05 -0.000592858 -0.0166857 -0.0270786 -0.0185897 0.00909993 0.00391304 0.0188187 0.0275159 0.00338983 -0.0110345
internal_weight=343041 22787 21654 21517 20106 525 1133 624 1411 920 491 314 177 58
internal_count=343041 22787 21654 21517 20106 525 1133 624 1411 920 491 314 177 58
is_linear=0
shrinkage=0.04


Tree=155
num_leaves=15
num_cat=0
split_feature=0 1 2 2 0 0 2 10 2 1 2 10 1 1
split_gain=49.5831 108.452 67.6542 58.7352 35.3318 90.5513 169.498 310.988 97.356 141.013 100.354 91.2536 182.287 129.514
threshold=14.899969086565422 15.53687569956003 154.91696950000002 91.82456950000001 8.6103925786201376 4.7777204438456016 64.23906700000002 -5.95570252754323 159.06201150000004 9.9612414683330019 145.43838500000001 -3.7930635067651681 28.760199822637727 27.877468929746261
decision_type=2 2 2 2 2 2 2 2 2 2 2 2 2 2
left_child=4 3 -3 -2 5 11 -7 8 10 -10 -8 12 13 -1
right_child=1 2 -4 -5 -6 6 7 -9 9 -11 -12 -13 -14 -15
leaf_value=0.00027787167967860643 -3.0181597840776011e-05 -0.00011924967779756269 -0.0013469889572615707 -0.0067554301408634969 0.00021934041338083466 0.0010482747552652463 -7.036823716685396e-05 -0.0014876442140360204 0.015347329626919145 -0.0011271573989140836 0.0027350151257524258 0 -0.0013605149239907194 0.00073005893987576609
leaf_weight=38361 280 21840 162 609 41893 1587 37541 3744 292 3196 1520 183046 7856 1072
leaf_count=38361 280 21840 162 609 41893 1587 37541 3744 292 3196 1520 183046 7856 1072
internal_value=0.000332362 -0.00146608 -0.000912644 -0.0151631 0.000460969 0.000297899 -0.00128488 -0.00172553 -0.000753014 -0.00715596 -0.000181255 0.000626913 0.00219332 0.0033018
internal_weight=342999 22891 22002 889 320108 278215 47880 46293 42549 3488 39061 230335 47289 39433
internal_count=342999 22891 22002 889 320108 278215 47880 46293 42549 3488 39061 230335 47289 39433
is_linear=0
shrinkage=0.04


Tree=156
num_leaves=15
num_cat=0
split_feature=0 3 1 3 1 3 2 10 3 2 2 3 0 10
split_gain=46.6046 660.794 130.097 123.206 175.824 108.552 84.8499 77.0363 67.6598 65.1163 97.8741 57.495 65.2691 59.4452
threshold=13.691278076197369 15.537822500000003 14.82105808138334 18.777554500000004 17.075400319317179 14.624711000000001 156.00045000000003 -15.052207543280556 17.149637500000004 89.894024000000016 105.02199950000001 16.371384500000005 16.176031729651605 -15.220020493314035
decision_type=2 2 2 2 2 2 2 2 2 2 2 2 2 2
left_child=-1 5 8 4 11 -2 -5 -7 -3 -9 -11 13 -13 -4
right_child=1 2 3 6 -6 7 -8 9 -10 10 -12 12 -14 -15
leaf_value=0 -0.011272422587152579 0.013671429177400248 -0.011149306962343593 0.00011557481890048405 -0.017305079125009896 -0.016136519178286294 -0.0010161950674532766 0.00037438294269653963 0.0012794004096081247 -0.0003241543781716754 3.4707489578428983e-05 0.0033092866741979156 -0.001770181710763823 0.0017668233870932061
leaf_weight=314714 926 456 102 23665 589 167 191 78 693 312 313 432 159 71
leaf_count=314714 926 456 102 23665 589 167 191 78 693 312 313 432 159 71
internal_value=0.000269141 -0.00129005 0.000309583 -0.000290372 -0.0120325 -0.0247661 0.000375587 -0.0146207 0.0134726 -0.00881935 -0.01312 0.000628272 0.00656514 -0.0196532
internal_weight=342868 28154 26358 25209 1353 1796 23856 870 1149 703 625 764 591 173
internal_count=342868 28154 26358 25209 1353 1796 23856 870 1149 703 625 764 591 173
is_linear=0
shrinkage=0.04


Tree=157
num_leaves=15
num_cat=0
split_feature=0 3 3 0 3 0 2 10 3 10 3 10 8 2
split_gain=40.9657 438.588 72.7512 136.369 76.3967 70.6138 65.7286 67.0416 96.6081 376.119 167.352 104.142 90.378 110.639
threshold=14.899969086565422 18.245710000000003 15.537822500000003 16.176031729651605 16.573134000000003 15.138029610440904 154.91696950000002 -17.747152817537529 23.340375000000005 -20.907559824940694 20.355856000000003 -19.280126907799353 0.99991108192099831 108.07067100000002
decision_type=2 2 2 2 2 2 2 2 2 2 2 2 2 2
left_child=-1 2 -2 4 5 -4 7 8 9 -3 11 -11 -9 -14
right_child=1 6 3 -5 -6 -7 -8 12 -10 10 -12 -13 13 -15
leaf_value=0 -0.018520979688325258 -0.040274482758565225 0.0020311960482245527 -0.014947645923378392 0.0030192680777712199 -0.0099664537367475225 -0.0012222064528881417 -0.00016267409581462777 9.8015638426990001e-05 -0.028797434033713848 0.0033574429528969896 -0.00072893822584901792 0.00075379761868124226 0.038542166834671751
leaf_weight=319831 505 602 44 497 279 121 139 1550 15972 180 989 573 882 507
leaf_count=319831 505 602 44 497 279 121 139 1550 15972 180 989 573 882 507
internal_value=0.000274082 -0.00136252 -0.0226833 -0.0161105 0 -0.0215758 7.85267e-05 0.000257822 -0.000642062 -0.00822526 0.00119403 -0.0130146 0.00586594 0.0132757
internal_weight=342671 22840 1446 941 444 165 21394 21255 18316 2344 1742 753 2939 1389
internal_count=342671 22840 1446 941 444 165 21394 21255 18316 2344 1742 753 2939 1389
is_linear=0
shrinkage=0.04


Tree=158
num_leaves=15
num_cat=0
split_feature=0 3 0 3 1 3 1 9 1 8 3 9 0 3
split_gain=49.4729 422.722 87.0801 67.0784 54.9541 63.7137 139.839 49.5399 108.913 101.264 79.5409 150.019 81.5447 73.2767
threshold=14.899969086565422 17.709107500000005 15.138029610440904 15.326066000000003 16.513930428382725 20.000043500000004 19.151642906231501 2.8503258590495409e-05 18.229673443878294 0.94256592983472431 38.169258000000006 0.14400472732105504 17.905928992042043 39.281171000000008
decision_type=2 2 2 2 2 2 2 2 2 2 2 2 2 2
left_child=-1 2 3 -2 -3 6 -6 8 -7 10 -9 12 -12 -11
right_child=1 4 -4 -5 5 7 -8 9 -10 13 11 -13 -14 -15
leaf_value=0 -0.0033917318897629125 0.0023944903896423305 -0.015896899144303749 0.0028450816439061035 -0.0003726999199568931 0.0051374520132257328 -0.032220045969009875 -0.0013807500551799913 0.00022112217708404963 -0.00067853235350456571 0.0035684943434841692 -0.0004711858881924548 0.0013906531341453098 -0.0078239069615281438
leaf_weight=319807 155 1274 911 101 891 593 249 2732 3610 2857 519 5353 2910 682
leaf_count=319807 155 1274 911 101 891 593 249 2732 3610 2857 519 5353 2910 682
internal_value=0.000262547 -0.0015361 -0.0249871 -0.004375 -0.000273189 -0.000776623 -0.00996491 -0.000232655 0.00360695 -0.00130472 0.000514157 0.00236848 0.00890055 -0.00722238
internal_weight=342644 22837 1167 256 21670 20396 1140 19256 4203 15053 11514 8782 3429 3539
internal_count=342644 22837 1167 256 21670 20396 1140 19256 4203 15053 11514 8782 3429 3539
is_linear=0
shrinkage=0.04


Tree=159
num_leaves=15
num_cat=0
split_feature=0 3 0 2 3 10 3 10 3 10 2 2 8 8
split_gain=49.9582 395.068 94.3475 77.5467 68.797 56.3895 122.828 353.92 185.473 161.85 79.0728 95.1399 92.3066 75.2812
threshold=14.899969086565422 17.709107500000005 15.138029610440904 154.91696950000002 15.326066000000003 -17.569324442732515 23.340375000000005 -20.907559824940694 21.058369500000005 -19.280126907799353 81.93746950000002 99.82328050000001 0.92588151062465907 0.99991108192099831
decision_type=2 2 2 2 2 2 2 2 2 2 2 2 2 2
left_child=-1 2 4 5 -2 6 7 -3 9 -9 -8 12 -12 -7
right_child=1 3 -4 -5 -6 13 10 8 -10 -11 11 -13 -14 -15
leaf_value=0 -0.003002677890668686 -0.038707908670213585 -0.015496593958873905 -0.0011282718020218263 0.0027332353069994594 -0.0001290267475748713 -0.00078887107476848298 -0.023439516487039579 0.0037034025838712991 -0.00035779207217022938 0.0055614698424811693 -1.2007162497979853e-05 0.00058840757388831772 0.0041267945397377177
leaf_weight=320338 155 605 913 135 100 1429 955 284 922 797 898 13302 968 1406
leaf_count=320338 155 605 913 135 100 1429 955 284 922 797 898 13302 968 1406
internal_value=0.000289738 -0.00151646 -0.0241781 -0.000296761 -0.00266667 -0.000107577 -0.000903315 -0.00895706 -0.000858712 -0.0120999 0.000399429 0.00110232 0.00956056 0.00514991
internal_weight=343207 22869 1168 21701 255 21566 18731 2608 2003 1081 16123 15168 1866 2835
internal_count=343207 22869 1168 21701 255 21566 18731 2608 2003 1081 16123 15168 1866 2835
is_linear=0
shrinkage=0.04


end of trees

feature_importances:
control_value=605
pressure_bar=370
liquid_tpd=335
oil_tpd=309
injection_minus_liquid=223
oil_fraction=216
watercut=168
target_lrat=10
target_wrat=4

parameters:
[boosting: gbdt]
[objective: regression_l1]
[metric: l1]
[tree_learner: serial]
[device_type: cpu]
[data_sample_strategy: bagging]
[data: ]
[valid: ]
[num_iterations: 160]
[learning_rate: 0.04]
[num_leaves: 15]
[num_threads: 1]
[seed: 20260883]
[deterministic: 1]
[force_col_wise: 1]
[force_row_wise: 0]
[histogram_pool_size: -1]
[max_depth: -1]
[min_data_in_leaf: 12]
[min_sum_hessian_in_leaf: 0.001]
[bagging_fraction: 0.9]
[pos_bagging_fraction: 1]
[neg_bagging_fraction: 1]
[bagging_freq: 1]
[bagging_seed: 16129]
[bagging_by_query: 0]
[feature_fraction: 0.9]
[feature_fraction_bynode: 1]
[feature_fraction_seed: 22985]
[extra_trees: 0]
[extra_seed: 26276]
[early_stopping_round: 0]
[early_stopping_min_delta: 0]
[first_metric_only: 0]
[max_delta_step: 0]
[lambda_l1: 0]
[lambda_l2: 0]
[linear_lambda: 0]
[min_gain_to_split: 0]
[drop_rate: 0.1]
[max_drop: 50]
[skip_drop: 0.5]
[xgboost_dart_mode: 0]
[uniform_drop: 0]
[drop_seed: 17174]
[top_rate: 0.2]
[other_rate: 0.1]
[min_data_per_group: 100]
[max_cat_threshold: 32]
[cat_l2: 10]
[cat_smooth: 10]
[max_cat_to_onehot: 4]
[top_k: 20]
[monotone_constraints: ]
[monotone_constraints_method: basic]
[monotone_penalty: 0]
[feature_contri: ]
[forcedsplits_filename: ]
[refit_decay_rate: 0.9]
[cegb_tradeoff: 1]
[cegb_penalty_split: 0]
[cegb_penalty_feature_lazy: ]
[cegb_penalty_feature_coupled: ]
[path_smooth: 0]
[interaction_constraints: ]
[verbosity: -1]
[saved_feature_importance_type: 0]
[use_quantized_grad: 0]
[num_grad_quant_bins: 4]
[quant_train_renew_leaf: 0]
[stochastic_rounding: 1]
[linear_tree: 0]
[max_bin: 255]
[max_bin_by_feature: ]
[min_data_in_bin: 3]
[bin_construct_sample_cnt: 200000]
[data_random_seed: 4965]
[is_enable_sparse: 1]
[enable_bundle: 1]
[use_missing: 1]
[zero_as_missing: 0]
[feature_pre_filter: 1]
[pre_partition: 0]
[two_round: 0]
[header: 0]
[label_column: ]
[weight_column: ]
[group_column: ]
[ignore_column: ]
[categorical_feature: ]
[forcedbins_filename: ]
[precise_float_parser: 0]
[parser_config_file: ]
[objective_seed: 17867]
[num_class: 1]
[is_unbalance: 0]
[scale_pos_weight: 1]
[sigmoid: 1]
[boost_from_average: 1]
[reg_sqrt: 0]
[alpha: 0.9]
[fair_c: 1]
[poisson_max_delta_step: 0.7]
[tweedie_variance_power: 1.5]
[lambdarank_truncation_level: 30]
[lambdarank_norm: 1]
[label_gain: ]
[lambdarank_position_bias_regularization: 0]
[eval_at: ]
[multi_error_top_k: 1]
[auc_mu_weights: ]
[num_machines: 1]
[local_listen_port: 12400]
[time_out: 120]
[machine_list_filename: ]
[machines: ]
[gpu_platform_id: -1]
[gpu_device_id: -1]
[gpu_use_dp: 0]
[num_gpu: 1]

end of parameters

pandas_categorical:null
