tree
version=v4
num_class=1
num_tree_per_iteration=1
label_index=0
max_feature_idx=10
objective=regression_l1
feature_names=oil_tpd liquid_tpd pressure_bar control_value target_orat target_lrat target_wrat status oil_fraction watercut injection_minus_liquid
feature_infos=[0:43.283089712508982] [0:65.870736625282802] [0:285.438782] [0:415.8689] none [0:1] [0:1] [0:1] [0:1] [0:1] [-65.870736625282802:415.8689]
tree_sizes=1535 1552 1552 1558 1546 1547 1548 1543 1552 1576 1551 1571 1559 1561 1553 1561 1561 1566 1560 1567 1578 1580 1565 1567 1556 1559 1582 1583 1578 1583 1571 1570 1570 1573 1575 1567 1566 1569 1583 1562 1575 1568 1573 1574 1576 1572 1563 1568 1576 1570 1583 1572 1577 1580 1566 1578 1553 1569 1558 1566 1569 1566 1562 1567 1575 1569 1560 1576 1570 1562 1570 1561 1581 1560 1574 1546 1576 1571 1574 1560 1564 1561 1580 1577 1538 1566 1577 1565 1580 1583 1580 1571 1565 1551 1559 1562 1571 1563 1562 1559 1571 1584 1581 1572 1571 1578 1575 1569 1574 1564 1561 1556 1585 1568 1551 1556 1560 1546 1552 1538 1557 1563 1570 1564 1544 1560 1588 1564 1559 1561 1541 1557 1533 1543 1554 1555 1535 1559 1530 1559 1551 1570 1557 1549 1579 1548 1510 1553 1567 1536 1571 1522 1533 1536 1521 1533 1546 1596 1548 1512

Tree=0
num_leaves=15
num_cat=0
split_feature=2 10 2 1 2 3 10 2 0 2 3 1 3 3
split_gain=142994 6959.3 4735.97 4351.25 3837.62 2231.85 1533.77 1398.94 1219.91 1075.33 763.511 742.631 693.086 666.298
threshold=88.789757000000009 128.16908850000002 56.842987000000008 13.380458080433222 193.18820200000002 29.580352500000004 86.758527500000014 96.381179500000016 9.0445289952251482 204.42054750000003 25.192897000000006 21.538870785866731 5.0890580000000005 36.448002500000008
decision_type=2 2 2 2 2 2 2 2 2 2 2 2 2 2
left_child=2 3 -1 4 6 10 7 -2 12 -3 -5 -12 -4 -10
right_child=1 9 8 5 -6 -7 -8 -9 13 -11 11 -13 -14 -15
leaf_value=-0.16444761753082277 -0.088074467778205878 -0.12561219453811645 -0.09294641852378846 -0.04843260049819946 -0.025954327583312987 -0.055661597251892091 -0.10296057343482971 -0.058856620788574218 -0.083385251611471173 -0.062523955106735224 -0.063959789276123044 -0.07293306022882462 -0.10154986381530762 -0.092405441999435428
leaf_weight=87796 4835 9866 4734 40468 27399 51230 4996 57868 6686 718 4971 7470 29867 4112
leaf_count=87796 4835 9866 4734 40468 27399 51230 4996 57868 6686 718 4971 7470 29867 4112
internal_value=-0.0821029 -0.061526 -0.114518 -0.0598469 -0.0660328 -0.0541981 -0.0711447 -0.0694452 -0.104029 -0.0931326 -0.0599602 -0.0686264 -0.107692 -0.0922913
internal_weight=343016 209821 133195 199237 95098 104139 67699 62703 45399 10584 52909 12441 34601 10798
internal_count=343016 209821 133195 199237 95098 104139 67699 62703 45399 10584 52909 12441 34601 10798
is_linear=0
shrinkage=1


Tree=1
num_leaves=15
num_cat=0
split_feature=2 1 2 2 10 3 2 0 3 10 3 5 3 3
split_gain=139776 6798.48 5312.91 4946.06 4940.54 2249.65 1357.61 1143.85 772.952 709.258 690.192 654.4 630.569 629.592
threshold=88.789757000000009 13.380458080433222 198.31983950000003 56.842987000000008 92.200454500000021 29.580352500000004 96.381179500000016 9.0445289952251482 25.000033000000006 -22.288098551631247 4.9999920000000015 1.0000000180025095e-35 36.448002500000008 1.0000000180025095e-35
decision_type=2 2 2 2 2 2 2 2 2 2 2 2 2 2
left_child=3 2 4 13 6 8 -2 10 -3 -10 -5 -12 -9 -1
right_child=1 5 -4 7 -6 -7 -8 12 9 -11 11 -13 -14 -15
leaf_value=-0.079071032524108895 -0.0058563396453857417 0.032421262741088863 0.052574656867980955 -0.007982307338714599 -0.036072986316680912 0.025376490688323976 0.023150697326660159 -0.0014222809612751009 0.0080533679246902468 0.017991354942321777 0.81340350151062013 -0.018630387783050536 -0.0097656498908996591 -0.039000937461853027
leaf_weight=61063 4774 39973 25587 3532 14195 51397 60868 6680 7322 5717 255 30762 4125 26689
leaf_count=61063 4774 39973 25587 3532 14195 51397 60868 6680 7322 5717 255 30762 4125 26689
internal_value=-0.000153613 0.0201854 0.0130202 -0.0322167 0.00793667 0.0274202 0.0125639 -0.0214914 0.0216389 0.013182 -0.0250439 -0.0269517 -0.0101323 -0.0377601
internal_weight=342939 209833 105424 133106 79837 104409 65642 45354 53012 13039 34549 31017 10805 87752
internal_count=342939 209833 105424 133106 79837 104409 65642 45354 53012 13039 34549 31017 10805 87752
is_linear=0
shrinkage=0.04


Tree=2
num_leaves=15
num_cat=0
split_feature=2 1 2 2 10 3 2 0 3 3 1 3 10 0
split_gain=136128 6691.56 5171.24 5034.27 4566.41 2327.1 1234.96 1201.62 734.068 712.988 641.655 614.897 1152.7 579.854
threshold=88.789757000000009 13.380458080433222 56.224499000000009 198.31983950000003 92.200454500000021 29.580352500000004 96.381179500000016 9.0445289952251482 5.3406235000000013 25.878068000000003 21.538870785866731 1.0000000180025095e-35 -1.0000000180025095e-35 2.6974283367631258
decision_type=2 2 2 2 2 2 2 2 2 2 2 2 2 2
left_child=2 3 11 4 6 9 -2 8 13 -3 -11 -1 -13 -4
right_child=1 5 7 -5 -6 -7 -8 -9 -10 10 -12 12 -14 -15
leaf_value=-0.07590819122314453 -0.0054027940149307249 0.030180039815902712 -0.025475198761940005 0.050264489616394042 -0.034492337553024291 0.024340509830474852 0.022264015651702881 -0.0042838886141777039 -0.01852460494041443 0.016692880635261535 0.0056516626162528994 -0.037410754318237309 -0.077510995025634771 -0.0023133720636367796
leaf_weight=60996 4765 42956 2614 25544 14190 51302 61097 10776 29556 4048 6126 22711 2911 3527
leaf_count=60996 4765 42956 2614 25544 14190 51302 61097 10776 29556 4048 6126 22711 2911 3527
internal_value=-0.000390185 0.0196659 -0.0320403 0.0125656 0.00763204 0.0268454 0.0120664 -0.021276 -0.0248099 0.020978 0.0114567 -0.0378157 -0.0326157 -0.012226
internal_weight=343119 210028 133091 105596 80052 104432 65862 46473 35697 53130 10174 86618 25622 6141
internal_count=343119 210028 133091 105596 80052 104432 65862 46473 35697 53130 10174 86618 25622 6141
is_linear=0
shrinkage=0.04


Tree=3
num_leaves=15
num_cat=0
split_feature=2 1 2 2 3 3 2 0 3 3 3 10 1 10
split_gain=131869 6471.3 5488.41 4913.19 4256.4 2364.75 1463.63 1189.69 691.326 681.687 670.581 1126.38 600.321 599.267
threshold=88.789757000000009 13.380458080433222 56.842987000000008 198.31983950000003 84.799531500000015 29.580352500000004 99.750706000000022 9.0445289952251482 5.0890580000000005 25.718519000000004 1.0000000180025095e-35 -1.0000000180025095e-35 26.863713792677832 -22.288098551631247
decision_type=2 2 2 2 2 2 2 2 2 2 2 2 2 2
left_child=2 3 10 4 6 9 -2 8 -4 12 -1 -12 -3 -11
right_child=1 5 7 -5 -6 -7 -8 -9 -10 13 11 -13 -14 -15
leaf_value=-0.072871863574218751 -0.0036308210156249998 0.026210966408538816 -0.0091841114474868757 0.048447734799804687 -0.028403273747749331 0.023366889437255858 0.022995281912765501 -0.0039179164538383484 -0.017195109514236449 0.0046614452685785294 -0.035844658236694339 -0.074410555224609376 0.085545469820785522 0.016070373765277864
leaf_weight=60999 6314 38166 4730 25624 15182 51430 58510 10802 29836 6000 23817 2870 4084 4684
leaf_count=60999 6314 38166 4730 25624 15182 51430 58510 10802 29836 6000 23817 2870 4084 4684
internal_value=-0.000686551 0.0190543 -0.0318427 0.0120746 0.00719246 0.0261186 0.0116574 -0.0205484 -0.0241694 0.0201836 -0.0376863 -0.0323978 0.0224663 0.0111569
internal_weight=343048 209994 133054 105630 80006 104364 64824 45368 34566 52934 87686 26687 42250 10684
internal_count=343048 209994 133054 105630 80006 104364 64824 45368 34566 52934 87686 26687 42250 10684
is_linear=0
shrinkage=0.04


Tree=4
num_leaves=15
num_cat=0
split_feature=2 2 10 3 10 10 2 0 2 3 2 3 10 3
split_gain=128718 6248.66 6035.81 3471.3 2955.78 1737.19 1612.81 1421.55 1216.56 1045.03 799.171 708.798 1126.75 628.773
threshold=90.699222500000005 56.842987000000008 17.360102000000005 29.580352500000004 128.16908850000002 14.794726000000002 189.83226000000002 9.0445289952251482 101.48437100000001 84.799531500000015 204.42054750000003 1.0000000180025095e-35 -1.0000000180025095e-35 4.9999920000000015
decision_type=2 2 2 2 2 2 2 2 2 2 2 2 2 2
left_child=1 11 3 5 6 8 9 13 -2 -4 -6 -1 -13 -3
right_child=2 7 4 -5 10 -7 -8 -9 -10 -11 -12 12 -14 -15
leaf_value=-0.06995698903125 0.0013602616261732103 -0.0069779812128005969 0.022301511714822388 0.022250479297845457 -0.038278921939265444 0.075246307074377447 0.031359316527197263 -0.0031584596690750122 0.023621962020761111 -0.016222561241252136 0.012690457617590332 -0.034413527890197748 -0.071434133015624998 -0.0160425729470253
leaf_weight=61058 8273 3638 32819 51763 9846 9901 17813 11879 71315 5041 737 23847 2889 31958
leaf_count=61058 8273 3638 32819 51763 9846 9901 17813 11879 71315 5041 737 23847 2889 31958
internal_value=-0.000940436 -0.0312997 0.01885 0.0235222 0.00888916 0.0187531 0.0125727 -0.0196086 0.0167875 0.0079028 -0.0104885 -0.0376217 -0.0321903 -0.0236071
internal_weight=342777 135269 207508 141252 66256 89489 55673 47475 79588 37860 10583 87794 26736 35596
internal_count=342777 135269 207508 141252 66256 89489 55673 47475 79588 37860 10583 87794 26736 35596
is_linear=0
shrinkage=0.04


Tree=5
num_leaves=15
num_cat=0
split_feature=2 2 10 3 10 10 2 1 2 3 3 3 10 2
split_gain=125711 6404.27 5843.24 3382.23 2745.05 1737.47 1582.87 1417.95 1146.54 958.552 788.433 735.803 1128.61 725.59
threshold=90.699222500000005 56.842987000000008 17.360102000000005 29.580352500000004 128.16908850000002 14.794726000000002 189.83226000000002 9.784318489896572 101.48437100000001 84.799531500000015 16.884516000000005 1.0000000180025095e-35 -1.0000000180025095e-35 204.42054750000003
decision_type=2 2 2 2 2 2 2 2 2 2 2 2 2 2
left_child=1 11 3 5 6 8 9 10 -2 -4 -3 -1 -13 -6
right_child=2 7 4 -5 13 -7 -8 -9 -10 -11 -12 12 -14 -15
leaf_value=-0.067158709470000008 0.0013395248716107867 -0.016407347545980073 0.020904797792402587 0.021425495945938965 -0.03632208299382373 0.07307225973067237 0.030104943866109377 -0.003205114381524658 0.022735947124703157 -0.01557365879160205 -0.014788567742366792 -0.033040129131462405 -0.068576767694999999 0.012213895717000489
leaf_weight=61001 8248 18145 32801 51829 9839 9942 17867 12585 71347 5081 16927 23783 2897 717
leaf_count=61001 8248 18145 32801 51829 9839 9942 17867 12585 71347 5081 16927 23783 2897 717
internal_value=-0.0011651 -0.0311617 0.0183835 0.0229787 0.00858638 0.0182713 0.0121279 -0.0193592 0.016302 0.00749908 -0.0234922 -0.0375767 -0.032036 -0.0101175
internal_weight=343009 135338 207671 141366 66305 89537 55749 47657 79595 37882 35072 87681 26680 10556
internal_count=343009 135338 207671 141366 66305 89537 55749 47657 79595 37882 35072 87681 26680 10556
is_linear=0
shrinkage=0.04


Tree=6
num_leaves=15
num_cat=0
split_feature=2 2 1 2 10 3 0 2 3 10 3 3 10 1
split_gain=122713 6105.91 5989.4 4178.46 3550.12 2367.6 1128.35 1000.66 708.222 1121.71 688.509 678.659 650.933 593.079
threshold=88.789757000000009 56.224499000000009 14.981513036874313 193.18820200000002 92.200454500000021 44.999829500000011 9.0445289952251482 102.329975 1.0000000180025095e-35 -1.0000000180025095e-35 4.9999920000000015 165.06154550000002 -6.2423090463165058 9.6108156629208583
decision_type=2 2 2 2 2 2 2 2 2 2 2 2 2 2
left_child=1 8 3 4 7 -4 10 12 -1 -10 -3 -5 -2 -9
right_child=2 6 5 11 -6 -7 -8 13 9 -11 -12 -13 -14 -15
leaf_value=-0.064472361091199998 0.0028925308380195048 -0.0060901903854855641 0.021282348735910398 0.043381569209704138 -0.029414690415800519 0.022540965465096034 -0.0037430374527099002 0.018353567896153476 -0.031786621080766894 -0.065833696987199999 -0.015563410372243087 -0.040120962541044664 -0.008174842164224488 0.017765638649638583
leaf_weight=61057 6935 3653 69200 28291 13618 26201 10818 47876 22699 2880 31992 442 2639 14783
leaf_count=61057 6935 3653 69200 28291 13618 26201 10818 47876 22699 2880 31992 442 2639 14783
internal_value=-0.00133728 -0.0313851 0.0177085 0.0115444 0.00712537 0.0251121 -0.0196862 0.0106572 -0.0376592 -0.0320716 -0.0231202 0.0247479 -0.00138709 0.0124975
internal_weight=343084 133099 209985 114584 85851 95401 46463 72233 86636 25579 35645 28733 9574 62659
internal_count=343084 133099 209985 114584 85851 95401 46463 72233 86636 25579 35645 28733 9574 62659
is_linear=0
shrinkage=0.04


Tree=7
num_leaves=15
num_cat=0
split_feature=2 2 1 2 10 3 0 2 3 10 3 10 3 1
split_gain=119203 6325.59 5971.12 3933.95 3396.39 2373.9 1114.97 969.402 726.271 1082.52 676.368 647.672 597.41 544.252
threshold=88.789757000000009 56.224499000000009 14.981513036874313 193.18820200000002 80.004076500000011 44.999829500000011 8.9559380981903001 102.329975 1.0000000180025095e-35 -1.0000000180025095e-35 5.1718875000000013 -6.2423090463165058 165.06154550000002 2.7333248986705612
decision_type=2 2 2 2 2 2 2 2 2 2 2 2 2 2
left_child=1 8 3 4 7 -4 10 11 -1 -10 13 -2 -5 -3
right_child=2 6 5 12 -6 -7 -8 -9 9 -11 -12 -13 -14 -15
leaf_value=-0.061893466647551999 0.002727246507017994 -0.019465248939094723 0.02037275588826102 0.041191581594419609 -0.02306834757875529 0.02161690715540638 -0.0036215052572119324 0.018249646108407677 -0.030511084048205159 -0.063200349107712009 -0.015370407245972367 -0.0078452625144579367 -0.038143358975163369 0.0018932469490004777
leaf_weight=60986 6953 2257 69078 28304 14972 26266 11012 61279 22790 2873 30164 2644 435 2981
leaf_count=60986 6953 2257 69078 28304 14972 26266 11012 61279 22790 2873 30164 2644 435 2981
internal_value=-0.00162242 -0.0312414 0.0171513 0.0109978 0.00670953 0.0245469 -0.0193252 0.0103663 -0.0376244 -0.0319791 -0.0227829 -0.00145462 0.0238074 -0.00951508
internal_weight=342994 133063 209931 114587 85848 95344 46414 70876 86649 25663 35402 9597 28739 5238
internal_count=342994 133063 209931 114587 85848 95344 46414 70876 86649 25663 35402 9597 28739 5238
is_linear=0
shrinkage=0.04


Tree=8
num_leaves=15
num_cat=0
split_feature=2 2 10 2 10 3 0 2 3 10 3 3 10 10
split_gain=116291 6477.49 5660.58 3682.3 2999.32 2431.58 1085.98 845.98 809.621 1045.82 759.533 639.874 637.033 594.896
threshold=88.789757000000009 56.842987000000008 -14.920743651185228 189.83226000000002 92.200454500000021 44.999829500000011 8.9559380981903001 102.329975 1.0000000180025095e-35 -1.0000000180025095e-35 156.87709950000001 16.884516000000005 -4.5237247353464465 -6.2423090463165058
decision_type=2 2 2 2 2 2 2 2 2 2 2 2 2 2
left_child=1 8 5 4 7 -2 11 13 -1 -10 -5 12 -3 -4
right_child=2 6 3 10 -6 -7 -8 -9 9 -11 -12 -13 -14 -15
leaf_value=-0.059417727981649925 0.019502588447640162 -0.0058477716753165057 0.0027156531089514578 0.039090427119705326 -0.027897587066184299 0.020685888515369323 -0.0034352002673614279 0.015982560187395956 -0.029241111610654395 -0.060672335143403519 -0.030252692555915141 -0.010704987164445576 -0.018769285511867084 -0.0075409865017225675
leaf_weight=61046 69397 5972 6852 30065 13156 26402 11086 60972 23827 2901 737 17325 10979 2640
leaf_count=61046 69397 5972 6852 30065 13156 26402 11086 60972 23827 2901 737 17325 10979 2640
internal_value=-0.0018636 -0.0311153 0.0166619 0.010656 0.00630088 0.0238353 -0.0188422 0.00957425 -0.037458 -0.0316522 0.0224791 -0.022362 -0.0168368 -0.00153392
internal_weight=343357 133136 210221 114422 83620 95799 45362 70464 87774 26728 30802 34276 16951 9492
internal_count=343357 133136 210221 114422 83620 95799 45362 70464 87774 26728 30802 34276 16951 9492
is_linear=0
shrinkage=0.04


Tree=9
num_leaves=15
num_cat=0
split_feature=2 2 10 2 10 3 10 2 3 10 3 10 10 10
split_gain=112661 6748.85 5416.35 3423.58 3343.84 2428.66 1118.01 957.209 886.639 1060.25 801.265 1051.07 585.816 478.067
threshold=88.789757000000009 56.224499000000009 -15.106306522653055 208.67443850000004 92.200454500000021 44.999829500000011 -12.631599811876802 105.82517250000002 20.871748500000006 -4.5237247353464465 1.0000000180025095e-35 -1.0000000180025095e-35 -6.2423090463165058 -9.7187102125612181
decision_type=2 2 2 2 2 2 2 2 2 2 2 2 2 2
left_child=1 10 5 4 7 -2 -3 12 9 -8 -1 -12 -4 -9
right_child=2 6 3 -5 -6 -7 8 13 -10 -11 11 -13 -14 -15
leaf_value=-0.057041018862383927 0.01873920282050116 -0.00050297949345285862 0.0027000221866271107 0.042371804579900023 -0.021693609731730259 0.019891870914894322 -0.0058659579788235411 0.017228514787886565 -0.0094787410889700489 -0.020377229625602605 -0.028124744161914253 -0.058245441737667374 -0.0071340676835990463 0.020005387948902813
leaf_weight=61084 68327 5504 8800 19427 15302 26139 11235 13726 15291 14395 22705 2871 2858 55380
leaf_count=61084 68327 5504 8800 19427 15302 26139 11235 13726 15291 14395 22705 2871 2858 55380
internal_value=-0.00212614 -0.0309183 0.0161241 0.0103137 0.00721671 0.0232278 -0.0186115 0.0104651 -0.0208881 -0.0163402 -0.0375112 -0.0315671 -0.000137245 0.0122536
internal_weight=343044 133085 209959 115493 96066 94466 46425 80764 40921 25630 86660 25576 11658 69106
internal_count=343044 133085 209959 115493 96066 94466 46425 80764 40921 25630 86660 25576 11658 69106
is_linear=0
shrinkage=0.04


Tree=10
num_leaves=15
num_cat=0
split_feature=2 2 1 3 3 2 2 1 3 1 3 8 1 2
split_gain=109767 7608.4 5148.27 3002.88 2183.36 1965.78 1879.92 1433 833.318 907.153 775.173 1039.41 562.757 1086.61
threshold=90.699222500000005 55.647701500000004 17.31807655234088 75.285085000000009 44.999829500000011 189.83226000000002 200.01949300000004 9.784318489896572 17.212463500000002 4.4837459665775361 1.0000000180025095e-35 0.99747694329302783 9.6108156629208583 121.42223750000001
decision_type=2 2 2 2 2 2 2 2 2 2 2 2 2 2
left_child=1 10 3 5 -4 12 -5 8 9 -3 -1 -12 -2 -14
right_child=2 7 4 6 -6 -7 -8 -9 -10 -11 11 -13 13 -15
leaf_value=-0.054759378107888564 0.014360064947745428 -0.018360738037001906 0.019157922418421625 -0.017162945613699358 0.019231418751714684 0.051522631707006758 0.0080695844314635414 -0.0025483928648781886 -0.012779528569663565 -0.005003636873587145 -0.055915624068160689 -0.02703967043395087 0.0047191118075910424 0.027155279478957777
leaf_weight=61029 47827 12972 56750 16741 25794 22671 6808 12677 16999 7126 2868 21698 19072 12093
leaf_count=61029 47827 12972 56750 16741 25794 22671 6808 12677 16999 7126 2868 21698 19072 12093
internal_value=-0.0023258 -0.0303535 0.0159364 0.0108239 0.0236916 0.0138052 -0.0020468 -0.0179178 -0.0218853 -0.0163718 -0.0375849 -0.0315851 0.0108254 0.0150079
internal_weight=343125 135369 207756 125212 82544 101663 23549 49774 37097 20098 85595 24566 78992 31165
internal_count=343125 135369 207756 125212 82544 101663 23549 49774 37097 20098 85595 24566 78992 31165
is_linear=0
shrinkage=0.04


Tree=11
num_leaves=15
num_cat=0
split_feature=2 2 10 3 2 2 10 10 10 3 3 10 10 3
split_gain=107241 7793.87 5042.93 3461.27 1792.7 1390.58 1805.82 1294.67 1045.16 905.252 886.532 1023.89 780.331 739.948
threshold=90.699222500000005 56.842987000000008 69.410595500000014 55.125045500000006 210.01718150000002 112.49173750000001 17.360102000000005 -9.7187102125612181 14.999641500000001 29.580352500000004 1.0000000180025095e-35 -1.0000000180025095e-35 -13.987363626441629 25.000033000000006
decision_type=2 2 2 2 2 2 2 2 2 2 2 2 2 2
left_child=1 10 3 5 -4 12 8 -3 9 13 -1 -12 -2 -7
right_child=2 7 4 -5 -6 6 -8 -9 -10 -11 11 -13 -14 -15
leaf_value=-0.052569002983573025 0.0076266135663306013 -0.0024993046688522834 -0.011435453172146989 0.019194267972028788 0.0092197462675228711 0.02521054468735081 0.025601894554272867 -0.012337344571576122 0.063686967481817305 0.019420266833289498 -0.025875748144485899 -0.053678999105434264 0.00052577185190797544 0.0089252889908401599
leaf_weight=61150 18295 12769 18425 19585 5335 47699 40778 34614 9205 23934 23827 2891 13623 10732
leaf_count=61150 18295 12769 18425 19585 5335 47699 40778 34614 9205 23934 23827 2891 13623 10732
internal_value=-0.00257666 -0.030293 0.0154795 0.0177207 -0.00186195 0.0158256 0.0176329 -0.0172171 0.0207509 0.0193223 -0.0373442 -0.0312658 0.00833135 0.0166384
internal_weight=342862 135251 207611 183851 23760 164266 132348 47383 91570 82365 87868 26718 31918 58431
internal_count=342862 135251 207611 183851 23760 164266 132348 47383 91570 82365 87868 26718 31918 58431
is_linear=0
shrinkage=0.04


Tree=12
num_leaves=15
num_cat=0
split_feature=2 2 10 1 2 2 1 1 7 10 2 10 0 2
split_gain=104478 8076.13 4735.25 3230.33 1677.5 1385.93 1273.98 1114.76 919.431 997.621 781.437 573.832 511.791 558.062
threshold=90.699222500000005 56.842987000000008 69.410595500000014 27.305649917465505 200.01949300000004 208.67443850000004 9.988242737243306 14.981513036874313 1.0000000180025095e-35 -1.0000000180025095e-35 113.37194450000001 -9.094414899432179 5.9668716587301303 121.42223750000001
decision_type=2 2 2 2 2 2 2 2 2 2 2 2 2 2
left_child=1 8 3 5 -4 7 -3 10 -1 -10 -2 -12 -9 -14
right_child=2 6 4 -5 -6 -7 -8 12 9 -11 11 -13 13 -15
leaf_value=-0.050466242864230106 0.0013734520018122815 -0.011683147018284941 -0.014925880313701177 0.019500168518484805 0.0075519065625433918 0.05613512389432241 -0.0021711015288816394 0.011882161599045387 -0.024828043887041424 -0.051531839141216888 0.022127209705386033 0.022317340863696484 0.01032498745829478 0.029875446988339417
leaf_weight=61023 16872 35504 16974 36843 6791 14163 12087 23117 23775 2880 9546 48636 20893 13526
leaf_count=61023 16872 35504 16974 36843 6791 14163 12087 23117 23775 2880 9546 48636 20893 13526
internal_value=-0.00274418 -0.030092 0.0150958 0.0172705 -0.00170503 0.014612 -0.0168259 0.0133416 -0.0372928 -0.0310951 0.0101303 0.0123282 0.0175306 0.0206223
internal_weight=342630 135269 207361 183596 23765 146753 47591 132590 87678 26655 75054 58182 57536 34419
internal_count=342630 135269 207361 183596 23765 146753 47591 132590 87678 26655 75054 58182 57536 34419
is_linear=0
shrinkage=0.04


Tree=13
num_leaves=15
num_cat=0
split_feature=2 2 1 10 2 1 1 2 2 7 10 0 10 5
split_gain=101216 8423.17 4439.57 3128.31 1551.61 1436.13 1295.39 1137.48 964.078 854.532 972.502 548.142 520.261 515.028
threshold=90.699222500000005 55.647701500000004 25.527079139998222 128.16908850000002 208.67443850000004 9.6108156629208583 9.988242737243306 122.52783950000001 155.57042700000002 1.0000000180025095e-35 -1.0000000180025095e-35 3.6772208765321204 80.004076500000011 1.0000000180025095e-35
decision_type=2 2 2 2 2 2 2 2 2 2 2 2 2 2
left_child=1 9 3 4 5 8 13 -7 12 -1 -11 -4 -2 -3
right_child=2 6 11 -5 -6 7 -8 -9 -10 10 -12 -13 -14 -15
leaf_value=-0.048447593149660906 0.0039250193569680828 0.81924328762825793 0.018655645710240532 -0.023008576989483817 0.038064287035695053 0.0065259223824417735 -0.0020760469279085636 0.023775300680833885 0.020762101436839982 -0.023932368573210159 -0.049470565575568219 0.018572637019671427 -0.019231787540504454 -0.011829529093286105
leaf_weight=61050 23112 267 6865 10523 19079 38227 12181 31763 38932 21664 2861 36807 2324 37452
leaf_count=61050 23112 267 6865 10523 19079 38227 12181 31763 38932 21664 2861 36807 2324 37452
internal_value=-0.0029543 -0.0298502 0.0145947 0.011576 0.0130229 0.0115072 -0.0167888 0.0154731 0.00719488 -0.0374665 -0.03116 0.0259278 0.00113854 -0.0204512
internal_weight=343107 135475 207632 163960 153437 134358 49900 69990 64368 85575 24525 43672 25436 37719
internal_count=343107 135475 207632 163960 153437 134358 49900 69990 64368 85575 24525 43672 25436 37719
is_linear=0
shrinkage=0.04


Tree=14
num_leaves=15
num_cat=0
split_feature=2 2 1 2 10 3 2 3 10 3 1 3 1 3
split_gain=98474.8 6970.27 4981.9 2933.99 2299.7 1954.31 1449.19 956.346 942.358 771.054 713.254 676.641 666.263 824.451
threshold=86.120079000000018 56.224499000000009 17.31807655234088 189.83226000000002 80.004076500000011 44.999829500000011 100.55897500000002 1.0000000180025095e-35 -1.0000000180025095e-35 17.302557000000004 6.4897128522630885 14.530872 8.8652780526769757 5.0890580000000005
decision_type=2 2 2 2 2 2 2 2 2 2 2 2 2 2
left_child=1 7 3 4 6 -4 10 -1 -9 11 -2 -5 13 -3
right_child=2 12 5 9 -6 -7 -8 8 -10 -11 -12 -13 -14 -15
leaf_value=-0.046509689423674463 -0.0046426599962141324 -0.0045133984949205976 0.016190428505281077 0.030489834796904432 -0.018159851513206465 0.016149386235201825 0.012274443290765326 -0.022932230011617202 -0.04749174295254549 0.016655918257700769 0.00052205272708940155 0.061622925690680827 -0.0045293711400737607 -0.014061951767521579
leaf_weight=61001 3702 4551 57112 4406 14513 26054 71914 22779 2878 19589 10097 6862 11176 26350
leaf_count=61001 3702 4551 57112 4406 14513 26054 71914 22779 2878 19589 10097 6862 11176 26350
internal_value=-0.00313904 -0.0307891 0.013475 0.00861653 0.00529603 0.0211327 0.00778925 -0.0372748 -0.0307955 0.0194018 -0.00408435 0.0277387 -0.0174319 -0.0204589
internal_weight=342984 128735 214249 131083 100226 83166 85713 86658 25657 30857 13799 11268 42077 30901
internal_count=342984 128735 214249 131083 100226 83166 85713 86658 25657 30857 13799 11268 42077 30901
is_linear=0
shrinkage=0.04


Tree=15
num_leaves=15
num_cat=0
split_feature=2 2 10 2 10 3 2 3 10 10 0 3 0 3
split_gain=95840 7228.06 4722.73 2806.97 2106.05 1848.8 1325.64 933.621 992.708 775.141 728.404 782.154 708.296 611.828
threshold=86.120079000000018 55.647701500000004 -17.469820206756783 189.83226000000002 92.200454500000021 44.999829500000011 100.55897500000002 1.0000000180025095e-35 -1.0000000180025095e-35 41.120488500000008 8.7205080597511415 5.1718875000000013 8.2064301474911225 20.000043500000004
decision_type=2 2 2 2 2 2 2 2 2 2 2 2 2 2
left_child=1 7 5 4 6 13 12 -1 -9 -5 11 -3 -4 -2
right_child=2 10 3 9 -6 -7 -8 8 -10 -11 -12 -13 -14 -15
leaf_value=-0.044649301846727482 0.050373010220263109 -0.0051942047786617783 -0.0025818368232815377 0.043750545656235394 -0.021785452443980696 0.015539039826659115 0.011269542351272326 -0.022057055068965017 -0.04559207323444367 0.0058339251034690218 -0.0037770557509474779 -0.013043703705820633 0.0031265295517834127 0.01335717189592682
leaf_weight=61008 6880 5102 7492 20998 13165 26129 74101 21716 2864 9734 9825 28158 6473 49514
leaf_count=61008 6880 5102 7492 20998 13165 26129 74101 21716 2864 9734 9825 28158 6473 49514
internal_value=-0.00332942 -0.0306218 0.0130436 0.00834992 0.00513558 0.0205494 0.00736629 -0.0373482 -0.0307665 0.0189379 -0.0172598 -0.0200866 -0.00393842 0.0164741
internal_weight=343159 128673 214486 131963 101231 82523 88066 85588 24580 30732 43085 33260 13965 56394
internal_count=343159 128673 214486 131963 101231 82523 88066 85588 24580 30732 43085 33260 13965 56394
is_linear=0
shrinkage=0.04


Tree=16
num_leaves=15
num_cat=0
split_feature=2 2 1 10 2 2 0 10 10 3 10 3 3 3
split_gain=92900 7577.86 4550.42 2683.73 2602.06 1231.88 1196.59 1030.65 1285.81 1024.79 937.591 827.834 793.238 720.623
threshold=86.120079000000018 56.224499000000009 25.695583081352677 69.410595500000014 113.89431750000001 215.31893900000003 7.701134625559221 17.360102000000005 14.794726000000002 1.0000000180025095e-35 -1.0000000180025095e-35 49.159816000000006 25.000033000000006 28.750557500000003
decision_type=2 2 2 2 2 2 2 2 2 2 2 2 2 2
left_child=1 9 3 4 6 -5 -2 8 -6 -1 -11 12 -4 -14
right_child=2 -3 11 5 7 -7 -8 -9 -10 10 -12 -13 13 -15
leaf_value=-0.04286332977285838 -0.0020715007268502241 -0.0094588967854413834 0.069137134134573744 -0.0086824986529811937 0.01676150186614065 0.0072751843865352271 0.0049053451853029286 0.022308382314341617 0.053580600119844959 -0.021141523011164912 -0.043768390305065921 0.015656406551616434 0.0013747080630992948 0.014917809750746112
leaf_weight=60869 15080 42013 4752 19378 56723 4470 23364 42397 9941 22704 2878 18704 4126 15595
leaf_count=60869 15080 42013 4752 19378 56723 4470 23364 42397 9941 22704 2878 18704 4126 15595
internal_value=-0.00350257 -0.0304042 0.0126065 0.00968223 0.0116951 -0.00276753 0.00274685 0.0148493 0.0179503 -0.0371767 -0.0304589 0.024212 0.0193699 0.0158349
internal_weight=342994 128464 214530 171353 147505 23848 38444 109061 66664 86451 25582 43177 24473 19721
internal_count=342994 128464 214530 171353 147505 23848 38444 109061 66664 86451 25582 43177 24473 19721
is_linear=0
shrinkage=0.04


Tree=17
num_leaves=15
num_cat=0
split_feature=2 2 10 10 2 0 2 2 2 10 3 3 3 10
split_gain=90742.5 7882.7 4247.3 2448.32 2526.4 1136.07 1122.22 1058.28 938.935 921.973 825.61 872.267 815.008 1013.77
threshold=86.120079000000018 54.325567000000007 -25.52618461578642 69.410595500000014 114.48855200000001 7.7698045369770217 215.31893900000003 208.67443850000004 67.284424000000016 -9.094414899432179 44.467445000000005 25.000033000000006 1.0000000180025095e-35 -1.0000000180025095e-35
decision_type=2 2 2 2 2 2 2 2 2 2 2 2 2 2
left_child=1 12 10 4 5 -4 -5 9 -3 -6 11 -2 -1 -14
right_child=2 8 3 6 7 -7 -8 -9 -10 -11 -12 -13 13 -15
leaf_value=-0.041148796581944043 0.066167771493328628 -0.019066693632124598 -0.0019352128691474102 -0.0081865670618081095 0.016548019385994834 0.0048714090946230283 0.0070851520476949113 0.047484642229354626 -0.0047496526264962343 0.018586466714761114 0.015106253500000996 0.011899507264344994 -0.020480774772297906 -0.042017654692863289
leaf_weight=61013 4993 18763 15579 19298 44575 23654 4471 14196 27708 48583 22585 16294 18464 2882
leaf_count=61013 4993 18763 15579 19298 44575 23654 4471 14196 27708 48583 22585 16294 18464 2882
internal_value=-0.00368567 -0.0302141 0.0122677 0.00940947 0.0113404 0.00265389 -0.00249905 0.014515 -0.017042 0.0129646 0.0233662 0.0177141 -0.0376464 -0.0309191
internal_weight=343058 128830 214228 170356 146587 39233 23769 107354 46471 93158 43872 21287 82359 21346
internal_count=343058 128830 214228 170356 146587 39233 23769 107354 46471 93158 43872 21287 82359 21346
is_linear=0
shrinkage=0.04


Tree=18
num_leaves=15
num_cat=0
split_feature=2 2 1 3 2 1 2 1 3 3 8 3 2 3
split_gain=88632.5 9141.07 3761.39 2367.45 1541.82 1480.71 1395.17 1266.66 823.218 816.72 942.006 757.391 719.265 670.745
threshold=88.789757000000009 54.325567000000007 25.527079139998222 125.00382700000002 189.83226000000002 9.6108156629208583 121.42223750000001 12.660195867716896 44.467445000000005 1.0000000180025095e-35 0.99747694329302783 25.000033000000006 155.57042700000002 4.9999920000000015
decision_type=2 2 2 2 2 2 2 2 2 2 2 2 2 2
left_child=1 9 3 4 5 12 -7 13 11 -1 -11 -4 -2 -3
right_child=2 7 8 -5 -6 6 -8 -9 -10 10 -12 -13 -14 -15
leaf_value=-0.039502844718666275 -0.0011178987169774748 -0.0023706419532355839 0.062759026505969581 -0.018996671038232313 0.028256798448417188 0.0044760568383013918 0.019304890523371934 0.00065937808755354933 0.014562690425125466 -0.040336948505148761 -0.019659293110019269 0.011739575840894419 0.014060354237576921 -0.010515075570619854
leaf_weight=61006 26380 4043 4990 11054 29851 37968 32303 5435 22520 2856 18426 16343 28451 41275
leaf_count=61006 26380 4043 4990 11054 29851 37968 32303 5435 22520 2856 18426 16343 28451 41275
internal_value=-0.00387062 -0.029412 0.0123214 0.00956899 0.0108448 0.00889578 0.0127398 -0.0160613 0.0227405 -0.0376463 -0.0308994 0.0171096 0.00396929 -0.0182497
internal_weight=342901 133041 209860 166007 154953 125102 70271 50753 43853 82288 21282 21333 54831 45318
internal_count=342901 133041 209860 166007 154953 125102 70271 50753 43853 82288 21282 21333 54831 45318
is_linear=0
shrinkage=0.04


Tree=19
num_leaves=15
num_cat=0
split_feature=2 2 10 10 2 1 2 0 2 2 3 10 3 10
split_gain=85781.6 8160.51 3966.23 2581.96 2455.1 1130.11 980.81 1237.76 945.441 860.64 841.592 989.15 611.625 619.453
threshold=85.573494000000025 54.325567000000007 -29.881598908842061 69.410595500000014 112.78327950000001 13.50582819062053 208.67443850000004 5.9051771992593753 67.284424000000016 217.20789350000004 1.0000000180025095e-35 -1.0000000180025095e-35 12.822951000000002 -2.5443194145027026
decision_type=2 2 2 2 2 2 2 2 2 2 2 2 2 2
left_child=1 10 -2 4 5 -4 7 -6 12 -5 -1 -12 13 -3
right_child=2 8 3 9 6 -7 -8 -9 -10 -11 11 -13 -14 -15
leaf_value=-0.037922730929919622 0.016407765367378271 0.0068941339051468353 -0.0013618933910887765 -0.0076215518081587091 0.013768443558403143 0.0041066305632936496 0.044709226747322632 0.017038772248843044 -0.0042922224238907602 0.0067854311945221828 -0.018881547369810396 -0.038723470564942811 -0.017878041756684497 -0.023155056616093399
leaf_weight=60913 27347 1882 18402 19828 75686 22910 14217 32847 26606 4000 18344 2882 12126 4797
leaf_count=60913 27347 1882 18402 19828 75686 22910 14217 32847 26606 4000 18344 2882 12126 4797
internal_value=-0.00409362 -0.030087 0.0113101 0.0092386 0.0110256 0.00259101 0.0138643 0.0125702 -0.0164797 -0.0030653 -0.0376099 -0.030751 -0.0233449 -0.0136248
internal_weight=342787 127550 215237 187890 164062 41312 122750 108533 45411 23828 82139 21226 18805 6679
internal_count=342787 127550 215237 187890 164062 41312 122750 108533 45411 23828 82139 21226 18805 6679
is_linear=0
shrinkage=0.04


Tree=20
num_leaves=15
num_cat=0
split_feature=2 2 2 10 10 2 0 0 2 3 10 2 3 2
split_gain=84253.5 5573.39 5098.73 3778.47 2465.22 1369.27 1068.9 1014.66 1343.78 859.102 980.385 799.557 752.996 595.607
threshold=78.13199250000001 95.062404500000014 54.325567000000007 69.410595500000014 -29.881598908842061 189.83226000000002 7.701134625559221 5.9668716587301303 121.42223750000001 1.0000000180025095e-35 -1.0000000180025095e-35 210.01718150000002 4.9999920000000015 116.77426150000001
decision_type=2 2 2 2 2 2 2 2 2 2 2 2 2 2
left_child=2 6 9 4 -3 7 -2 13 -9 -1 -11 -5 -4 -6
right_child=1 3 12 11 5 -7 -8 8 -10 10 -12 -13 -14 -15
leaf_value=-0.036405821692722835 -0.0030856639192807832 0.015750098332493922 0.00043208036629124093 -0.0089086544539690136 -0.00070377401804283264 0.037590537470794196 0.00011203155482119975 0.0053982286718600239 0.024072759668685287 -0.018110807340862706 -0.037174531742345092 0.0050737046606237415 -0.013800368961366903 0.011930795676023849
leaf_weight=60991 12670 27199 2990 18424 10654 23674 12612 34348 19098 18410 2857 5293 29139 64474
leaf_count=60991 12670 27199 2990 18424 10654 23674 12612 34348 19098 18410 2857 5293 29139 64474
internal_value=-0.00428512 0.00974655 -0.0323082 0.0119505 0.0139337 0.0119521 -0.00796456 0.0103243 0.0145373 -0.0375861 -0.0306635 -0.00305435 -0.0187955 0.00732723
internal_weight=342833 228446 114387 203164 179447 152248 25282 128574 53446 82258 21267 23717 32129 75128
internal_count=342833 228446 114387 203164 179447 152248 25282 128574 53446 82258 21267 23717 32129 75128
is_linear=0
shrinkage=0.04


Tree=21
num_leaves=15
num_cat=0
split_feature=2 2 10 7 10 2 1 0 2 2 10 2 2 0
split_gain=82997.2 8527.38 3546.88 2715.95 2352.65 1300.07 1013.39 925.909 1274.94 756.427 682.831 767.374 511.044 646.616
threshold=68.419861000000012 95.062404500000014 69.410595500000014 1.0000000180025095e-35 -29.881598908842061 189.83226000000002 9.988242737243306 5.9051771992593753 121.42223750000001 215.31893900000003 -1.0000000180025095e-35 54.325567000000007 125.21801000000001 0.97621537786661472
decision_type=2 2 2 2 2 2 2 2 2 2 2 2 2 2
left_child=3 6 4 -1 -3 7 -2 12 -9 -4 11 -5 -6 -14
right_child=1 2 9 10 5 -7 -8 8 -10 -11 -12 -13 13 -15
leaf_value=-0.034949588825013922 -0.0038635168119724428 0.015220356484045393 -0.0077280237106365215 -0.017377739526293141 0.0007170849656221867 0.035990419743291528 -0.00023576621560479239 0.0051870492934094972 0.023109369879068017 0.0053962597895147683 -0.035687550472651292 -0.016264311543696241 0.011614064489022692 0.014993843487752503
leaf_weight=60958 23287 27297 19257 18399 17904 23627 14144 34324 19465 4497 2931 19810 37540 19368
leaf_count=60958 23287 27297 19257 18399 17904 23627 14144 34324 19465 4497 2931 19810 37540 19368
internal_value=-0.00441973 0.00839849 0.0116291 -0.0346404 0.0135511 0.0116121 -0.00914643 0.0100276 0.0140304 -0.00289635 -0.0266991 -0.0281264 0.00714966 0.00900401
internal_weight=342808 240710 203279 102098 179525 152228 37431 128601 53789 23754 41140 38209 74812 56908
internal_count=342808 240710 203279 102098 179525 152228 37431 128601 53789 23754 41140 38209 74812 56908
is_linear=0
shrinkage=0.04


Tree=22
num_leaves=15
num_cat=0
split_feature=2 2 1 3 3 1 2 0 2 9 2 3 0 3
split_gain=81775.5 8020.97 3042.58 2751.09 2171.27 1046.54 991.995 1150.19 1210.21 600.33 779.807 624.108 667.285 592.18
threshold=68.419861000000012 95.062404500000014 30.028412915108998 1.0000000180025095e-35 125.00382700000002 7.6320419711517289 186.97550950000002 5.9051771992593753 123.93704600000002 0.21321555276872214 54.325567000000007 12.822951000000002 2.4529167957052773 21.217401500000005
decision_type=2 2 2 2 2 2 2 2 2 2 2 2 2 2
left_child=3 5 4 -1 6 -2 7 -3 -9 10 -5 12 -12 -8
right_child=1 2 -4 9 -6 -7 13 8 -10 -11 11 -13 -14 -15
leaf_value=-0.033551605272013368 -0.004147455513264813 0.0065258763759488024 0.014530245145706982 -0.016702394845448932 -0.017558691537175385 -0.00086706373941440151 0.037785627582836025 0.0052882371466935144 0.025156283712599762 -0.034260048453745244 -0.021357520141242991 -0.015515570159458002 0.0066396578973441445 0.014042513657081092
leaf_weight=60926 16863 79426 26888 18467 11121 20818 14169 37300 16557 2851 4760 12996 2127 17749
leaf_count=60926 16863 79426 26888 18467 11121 20818 14169 37300 16557 2851 4760 12996 2127 17749
internal_value=-0.00460594 0.00811072 0.0112538 -0.0346012 0.00934245 -0.00883947 0.0104941 0.00897729 0.0134898 -0.0266178 -0.0279343 -0.0224373 -0.0127022 0.0168281
internal_weight=343018 240891 203210 102127 176322 37681 165201 133283 53857 41201 38350 19883 6887 31918
internal_count=343018 240891 203210 102127 176322 37681 165201 133283 53857 41201 38350 19883 6887 31918
is_linear=0
shrinkage=0.04


Tree=23
num_leaves=15
num_cat=0
split_feature=3 8 0 1 0 3 10 3 3 3 1 0 3 3
split_gain=57627.4 20351.6 6175.17 3758.46 1777.35 1635.06 2114.71 1650.18 1553.41 1480.88 1319.12 971.487 880.391 840.64
threshold=1.0000000180025095e-35 0.99896838550821088 4.5357968541578639 15.460405522101714 13.543437555993423 40.30890500000001 14.177088000000003 17.302557000000004 14.426921000000002 51.747366000000007 9.784318489896572 1.6020216361242074 8.5307070000000014 21.217401500000005
decision_type=2 2 2 2 2 2 2 2 2 2 2 2 2 2
left_child=-1 3 11 5 8 6 10 -8 -4 -5 13 -3 -13 -2
right_child=1 2 4 9 -6 -7 7 -9 -10 -11 -12 12 -14 -15
leaf_value=-0.032209541061132836 -0.001661299742743454 -0.016221171533930781 0.0063278144461044114 0.0098052805442145358 0.010521238879446252 -0.0015925911455415265 0.039958366078090661 0.018314923976520806 -0.010231862607672577 0.011112107034678718 0.0054266601638332315 -0.0043253251774367915 -0.014406079593375093 -0.0028978649937940839
leaf_weight=61055 15829 20769 7155 69421 10052 35888 12071 36113 13532 19224 18196 5883 12223 5443
leaf_count=61055 15829 20769 7155 69421 10052 35888 12071 36113 13532 19224 18196 5883 12223 5443
internal_value=-0.00476868 0.00286459 -0.0159025 0.00902175 -0.00250496 0.00451222 0.00745676 0.0130799 -0.00920965 0.0153064 0.000591872 -0.0264962 -0.0197238 -0.00617149
internal_weight=342854 281799 69614 212185 30739 123540 87652 48184 20687 88645 39468 38875 18106 21272
internal_count=342854 281799 69614 212185 30739 123540 87652 48184 20687 88645 39468 38875 18106 21272
is_linear=0
shrinkage=0.04


Tree=24
num_leaves=15
num_cat=0
split_feature=3 8 0 1 0 3 10 3 3 3 10 0 3 3
split_gain=57026.3 19673.4 6057.6 3513.71 1656.56 1508.62 1983.12 1598.21 1457.5 1378.13 1252.18 997.857 836.003 790.402
threshold=1.0000000180025095e-35 0.99896838550821088 4.4946843344548544 15.460405522101714 13.543437555993423 40.30890500000001 14.177088000000003 17.302557000000004 14.530872 51.747366000000007 -9.7187102125612181 1.6020216361242074 8.5307070000000014 21.217401500000005
decision_type=2 2 2 2 2 2 2 2 2 2 2 2 2 2
left_child=-1 3 11 5 8 6 10 -8 -4 -5 -2 -3 -13 -12
right_child=1 2 4 9 -6 -7 7 -9 -10 -11 13 12 -14 -15
leaf_value=-0.030921159418687515 0.005308179084715329 -0.015572324672573551 0.0056114406186727299 0.0094386664848825595 0.010236562343228931 -0.001523470430476659 0.03825629655811106 0.017415060638460142 -0.0099615478488521234 0.010621220913953715 -0.0017608474404904651 -0.0042244479502130906 -0.013826700582251439 -0.0028214251562168058
leaf_weight=60999 18389 20753 7470 69336 9977 35971 12153 36070 13491 19336 15759 5731 12108 5401
leaf_count=60999 18389 20753 7470 69336 9977 35971 12153 36070 13491 19336 15759 5731 12108 5401
internal_value=-0.00493235 0.00265456 -0.0158136 0.00869976 -0.00262719 0.00434481 0.00717222 0.0126172 -0.00901293 0.0147772 0.00053301 -0.0263847 -0.0194473 -0.00610208
internal_weight=342944 281945 69530 212415 30938 123743 87772 48223 20961 88672 39549 38592 17839 21160
internal_count=342944 281945 69530 212415 30938 123743 87772 48223 20961 88672 39549 38592 17839 21160
is_linear=0
shrinkage=0.04


Tree=25
num_leaves=15
num_cat=0
split_feature=2 2 3 1 3 2 0 0 2 9 2 3 0 0
split_gain=78183.6 7036.72 2905.05 2719 1921.43 1383.31 1139.61 916.227 966.41 619.146 848.608 654.022 651.065 570.022
threshold=68.419861000000012 100.55897500000002 1.0000000180025095e-35 30.028412915108998 96.152118000000016 186.97550950000002 8.649936179492876 6.2001007849511351 121.42223750000001 0.21321555276872214 54.325567000000007 12.822951000000002 2.4529167957052773 5.7733179829865584
decision_type=2 2 2 2 2 2 2 2 2 2 2 2 2 2
left_child=2 6 -1 4 5 7 -2 -3 -9 10 -4 12 -12 -6
right_child=1 3 9 -5 13 -7 -8 8 -10 -11 11 -13 -14 -15
leaf_value=-0.029684313041940014 -0.0029944427836918618 0.0061408551659000348 -0.014768052367433305 0.013263106906000174 -0.0049240172239729454 0.028992661624391236 0.00014807947808078702 0.0045644180386770318 0.021611754648972293 -0.032660874909594996 -0.019420306444993683 -0.013993532009797019 0.007204037146414528 0.010526962984040463
leaf_weight=60915 25355 76775 18468 26650 19563 26820 17711 29465 17559 2877 4772 12989 2149 1011
leaf_count=60915 25355 76775 18468 26650 19563 26820 17711 29465 17559 2877 4772 12989 2149 1011
internal_value=-0.0051278 0.00730749 -0.0344493 0.010497 0.00864685 0.0102131 -0.00734501 0.00842882 0.0128258 -0.0262533 -0.027595 -0.0218664 -0.0119347 -0.00281909
internal_weight=343079 240909 102170 197843 171193 150619 43066 123799 47024 41255 38378 19910 6921 20574
internal_count=343079 240909 102170 197843 171193 150619 43066 123799 47024 41255 38378 19910 6921 20574
is_linear=0
shrinkage=0.04


Tree=26
num_leaves=15
num_cat=0
split_feature=2 2 7 10 10 2 1 0 2 2 10 2 2 0
split_gain=77207.1 6551.17 2947.19 2869.16 1832.71 1286.86 1047.42 858.215 1085.25 723.791 618.453 894.988 537.952 570.73
threshold=68.419861000000012 100.55897500000002 1.0000000180025095e-35 69.410595500000014 -29.881598908842061 186.97550950000002 6.9748602156688024 5.9051771992593753 124.31876000000001 210.01718150000002 -1.0000000180025095e-35 54.325567000000007 125.21801000000001 0.97621537786661472
decision_type=2 2 2 2 2 2 2 2 2 2 2 2 2 2
left_child=2 6 -1 4 -3 7 -2 12 -9 -5 11 -4 -6 -14
right_child=1 3 10 9 5 -7 -8 8 -10 -11 -12 -13 13 -15
leaf_value=-0.028496940520262415 -0.0038204834018454271 0.012640245135261218 -0.014188407199921031 -0.0084697417156163971 -0.00032693628119107368 0.029666032488781191 -0.0006411576715750697 0.0045328280945276921 0.023345194385758574 0.0048149608947554998 -0.031354439913211199 -0.013467283345303125 0.0089207551122486538 0.01300623543279629
leaf_weight=60977 15974 26917 18396 18355 16927 25254 27070 33411 16137 5287 2927 19901 36135 19144
leaf_count=60977 15974 26917 18396 18355 16927 25254 27070 33411 16137 5287 2927 19901 36135 19144
internal_value=-0.00528826 0.00708347 -0.0344149 0.0101642 0.0119415 0.0101845 -0.00705696 0.00848005 0.0125341 -0.00291008 -0.0261537 -0.0275082 0.00569814 0.00760868
internal_weight=342812 240611 102201 197567 173925 147008 43044 121754 49548 23642 41224 38297 72206 55279
internal_count=342812 240611 102201 197567 173925 147008 43044 121754 49548 23642 41224 38297 72206 55279
is_linear=0
shrinkage=0.04


Tree=27
num_leaves=15
num_cat=0
split_feature=2 2 3 10 10 2 0 1 2 8 2 10 2 3
split_gain=76366.4 6326.78 3002.28 2557.58 1863.76 1448.25 889.181 825.505 742.439 919.022 649.126 636.856 908.398 629.421
threshold=68.419861000000012 93.933914000000016 1.0000000180025095e-35 92.200454500000021 -29.881598908842061 175.71733900000001 13.001053749673771 6.9748602156688024 116.48950200000002 0.19430744597616875 200.01949300000004 -1.0000000180025095e-35 54.325567000000007 12.822951000000002
decision_type=2 2 2 2 2 2 2 2 2 2 2 2 2 2
left_child=2 7 -1 4 -3 6 8 -2 -6 -10 -5 12 -4 -14
right_child=1 3 11 10 5 -7 -8 -9 9 -11 -12 -13 13 -15
leaf_value=-0.027357062899451917 -0.0036891229299836461 0.012136078125253039 -0.013620432221738645 -0.017328763555064068 1.1165738227815193e-05 0.025606416694285129 0.012145100228316427 -0.00090957350114181045 0.0053206323468145897 0.010915688594820314 0.0035071047189445272 -0.030100262316682749 -0.013439139684974106 -0.012907011643925171
leaf_weight=61101 14951 27267 18436 14373 26815 37139 20423 21600 44682 27754 6080 2909 6931 12969
leaf_count=61101 14951 27267 18436 14373 26815 37139 20423 21600 44682 27754 6080 2909 6931 12969
internal_value=-0.00542177 0.00686798 -0.0343713 0.00960725 0.0110982 0.00941988 0.00727844 -0.00846051 0.0057144 0.00781932 -0.00381167 -0.0260327 -0.0274019 -0.0214754
internal_weight=343430 241084 102346 204533 184080 156813 119674 36551 99251 72436 20453 41245 38336 19900
internal_count=343430 241084 102346 204533 184080 156813 119674 36551 99251 72436 20453 41245 38336 19900
is_linear=0
shrinkage=0.04


Tree=28
num_leaves=15
num_cat=0
split_feature=2 2 7 10 1 2 0 0 2 10 2 2 2 0
split_gain=74886.4 6036.96 2901.05 2634.32 1617.48 1237.15 909.742 777.768 1071.73 630.392 818.083 608.748 495.06 541.882
threshold=67.284424000000016 100.55897500000002 1.0000000180025095e-35 69.410595500000014 30.028412915108998 186.97550950000002 9.0445289952251482 5.9051771992593753 124.31876000000001 -1.0000000180025095e-35 54.325567000000007 211.73518400000003 125.66571050000002 0.97621537786661472
decision_type=2 2 2 2 2 2 2 2 2 2 2 2 2 2
left_child=2 6 -1 4 5 7 -2 12 -9 10 -4 -5 -3 -14
right_child=1 3 9 11 -6 -7 -8 8 -10 -11 -12 -13 13 -15
leaf_value=-0.026262780383473842 -0.0026907548328255182 -0.00043471220633686249 -0.013067098621223589 -0.0076098611781602 0.011741529699339597 0.027745880139932275 0.00022382346391913111 0.0040363981669080248 0.022100757983823448 -0.028896251824015434 -0.012768526214963081 0.0044069358866320575 0.0080644304503142503 0.012273160721611855
leaf_weight=60975 27603 17289 18396 18715 26566 25353 16723 33586 16144 2901 18660 5008 36044 19019
leaf_count=60975 27603 17289 18396 18715 26566 25353 16723 33586 16144 2901 18660 5008 36044 19019
internal_value=-0.00556601 0.00650345 -0.0345104 0.00949445 0.0111992 0.00956218 -0.00683842 0.0078924 0.0117434 -0.0261331 -0.0275389 -0.00300974 0.00524547 0.0070995
internal_weight=342982 242050 100932 197724 174001 147435 44326 122082 49730 39957 37056 23723 72352 55063
internal_count=342982 242050 100932 197724 174001 147435 44326 122082 49730 39957 37056 23723 72352 55063
is_linear=0
shrinkage=0.04


Tree=29
num_leaves=15
num_cat=0
split_feature=2 2 3 10 10 2 1 10 2 3 2 2 9 2
split_gain=73745.2 5607.44 3033.42 2286.14 1501.49 1285.57 735.605 602.031 866.132 623.067 592.146 563.309 1211.98 788.409
threshold=67.284424000000016 95.062404500000014 1.0000000180025095e-35 69.410595500000014 -29.881598908842061 186.97550950000002 6.9748602156688024 -1.0000000180025095e-35 54.325567000000007 12.822951000000002 217.20789350000004 115.53347400000001 0.7981250940702076 135.11470800000004
decision_type=2 2 2 2 2 2 2 2 2 2 2 2 2 2
left_child=2 6 -1 4 -3 11 -2 8 -4 -10 -5 -6 13 -13
right_child=1 3 7 10 5 -7 -8 -9 9 -11 -12 12 -14 -15
leaf_value=-0.025212269168134887 -0.0034616055505612055 0.011142741008924607 -0.012546155132002088 -0.0063540915382766915 0.0015172431078156311 0.026404717803676307 -0.00091201472986416786 -0.027740401751054817 -0.012742909393679063 -0.012284304865403564 0.0053340871460929072 0.0068829772937577562 0.0071722894435823662 0.024983173491611624
leaf_weight=60975 15706 27189 18379 19762 35821 25452 22863 2911 6707 12055 4011 24666 52792 13576
leaf_count=60975 15706 27189 18379 19762 35821 25452 22863 2911 6707 12055 4011 24666 52792 13576
internal_value=-0.00568072 0.00630935 -0.0343825 0.00896251 0.0105063 0.00896059 -0.00767352 -0.0258304 -0.0272034 -0.0211577 -0.00269381 0.00731449 0.00898653 0.0144093
internal_weight=342865 241838 101027 203269 179496 152307 38569 40052 37141 18762 23773 126855 91034 38242
internal_count=342865 241838 101027 203269 179496 152307 38569 40052 37141 18762 23773 126855 91034 38242
is_linear=0
shrinkage=0.04


Tree=30
num_leaves=15
num_cat=0
split_feature=2 2 3 10 1 2 1 0 2 8 10 10 2 3
split_gain=72856.5 5281.97 3122.08 2308.31 1371.35 1189.63 803.986 797.259 796.468 1001.1 616.066 579.887 910.162 604.198
threshold=67.284424000000016 100.55897500000002 1.0000000180025095e-35 97.19670050000002 30.028412915108998 208.67443850000004 6.8234096003484792 17.149842368965825 151.52811450000004 0.23903664346262468 14.479653500000003 -1.0000000180025095e-35 54.325567000000007 5.5935925000000006
decision_type=2 2 2 2 2 2 2 2 2 2 2 2 2 2
left_child=2 6 -1 4 5 7 -2 8 -3 -10 -7 12 -4 -14
right_child=1 3 11 -5 -6 10 -8 -9 9 -11 -12 -13 13 -15
leaf_value=-0.024203778401409491 -0.0035232027986269098 0.0030313075324395135 -0.012047198559900716 -0.0047311659081861459 0.01075046278271068 0.013719768797479458 -0.00064784473735587597 0.016348623337963684 0.012722991462020645 0.030615061943677826 0.033968209764559061 -0.026630785681012625 -0.0094623773349281556 -0.012023530965235743
leaf_weight=61020 16063 79247 18321 19321 26544 4354 28141 8720 42055 6358 10723 2934 4030 14760
leaf_count=61020 16063 79247 18321 19321 26544 4354 28141 8720 42055 6358 10723 2934 4030 14760
internal_value=-0.00578871 0.0061436 -0.0343047 0.00894335 0.0103687 0.0088989 -0.00635418 0.00772019 0.00692088 0.0109632 0.0195609 -0.0256262 -0.0269796 -0.020794
internal_weight=342591 241526 101065 197322 178001 151457 44204 136380 127660 48413 15077 40045 37111 18790
internal_count=342591 241526 101065 197322 178001 151457 44204 136380 127660 48413 15077 40045 37111 18790
is_linear=0
shrinkage=0.04


Tree=31
num_leaves=15
num_cat=0
split_feature=2 2 3 1 3 2 0 1 2 8 3 0 3 2
split_gain=71949.5 5034.37 3186.57 1781.75 1397.83 1189.04 953.88 662.056 563.03 912.928 579.604 552.209 492.48 461.694
threshold=67.284424000000016 93.933914000000016 1.0000000180025095e-35 30.028412915108998 130.00584200000003 174.82629400000002 13.897901314715343 6.9748602156688024 54.325567000000007 0.99747694329302783 12.822951000000002 2.4011248089241586 4.9999920000000015 113.08114250000001
decision_type=2 2 2 2 2 2 2 2 2 2 2 2 2 2
left_child=2 7 -1 4 5 6 13 12 9 -4 11 -10 -2 -3
right_child=1 3 8 -5 -6 -7 -8 -9 10 -11 -12 -13 -14 -15
leaf_value=-0.023235627265353109 0.0017148213518158716 -0.00026611316888426107 -0.025565554253772122 0.010229475118571054 -0.016569737856194453 0.016892177230332584 0.012521236739892486 -0.00091821042828648617 -0.016005737215846146 -0.011565274854717825 -0.011231201704070992 0.0084818281226767978 -0.0039331331735348663 0.0056619014020887265
leaf_weight=61082 2350 23583 2860 26978 10112 44992 16949 22060 4677 18386 12150 1992 13224 82012
leaf_count=61082 2350 23583 2860 26978 10112 44992 16949 22060 4677 18386 12150 1992 13224 82012
internal_value=-0.00591426 0.00591629 -0.03425 0.00838916 0.00693461 0.00780632 0.00576446 -0.00752936 -0.0254836 -0.0299463 -0.0204453 -0.0109702 -0.0138436 0.00435058
internal_weight=343407 242260 101147 204626 177648 167536 122544 37634 40065 21246 18819 6669 15574 105595
internal_count=343407 242260 101147 204626 177648 167536 122544 37634 40065 21246 18819 6669 15574 105595
is_linear=0
shrinkage=0.04


Tree=32
num_leaves=15
num_cat=0
split_feature=2 2 3 10 1 2 0 10 3 1 10 2 10 3
split_gain=70816.6 4628.3 3266.27 2212.45 1175.57 1150.82 914.389 777.881 852.983 743.569 642.734 588.731 914.856 600.839
threshold=67.284424000000016 100.55897500000002 1.0000000180025095e-35 69.410595500000014 30.028412915108998 151.52811450000004 17.149842368965825 17.360102000000005 14.953235500000002 6.8234096003484792 -9.094414899432179 54.325567000000007 -1.0000000180025095e-35 5.5935925000000006
decision_type=2 2 2 2 2 2 2 2 2 2 2 2 2 2
left_child=2 9 -1 4 5 6 -3 8 10 -2 -7 12 -4 -13
right_child=1 3 11 -5 -6 7 -8 -9 -10 -11 -12 13 -14 -15
leaf_value=-0.022306202174738984 -0.003245515344407418 0.0028697742190124664 -0.011102663860529112 -0.0027103287685076262 0.010007080306755246 0.061555136832255608 0.014774707829946828 0.01459459275932457 0.029972320180530074 -0.00058583846780220993 0.0047600925597494669 -0.0083468485914130718 -0.024542932083621238 -0.011048411679348526
leaf_weight=61031 16142 78712 18356 23730 26664 1935 8790 33298 17397 28018 7346 3999 2872 14740
leaf_count=61031 16142 78712 18356 23730 26664 1935 8790 33298 17397 28018 7346 3999 2872 14740
internal_value=-0.00604425 0.00569611 -0.0341789 0.00830921 0.00987057 0.00847313 0.00554776 0.0127411 0.0178304 -0.00601268 0.00803793 -0.0252899 -0.0298511 -0.0201227
internal_weight=343030 242032 100998 197872 174142 147478 87502 59976 26678 44160 9281 39967 21228 18739
internal_count=343030 242032 100998 197872 174142 147478 87502 59976 26678 44160 9281 39967 21228 18739
is_linear=0
shrinkage=0.04


Tree=33
num_leaves=15
num_cat=0
split_feature=2 2 3 1 3 2 1 0 2 8 2 8 3 1
split_gain=69794.6 4274.48 3359.77 1567.45 1350.13 1195.55 715.606 638.629 722.061 1279.01 601.884 885.529 610.284 534.374
threshold=67.284424000000016 100.55897500000002 1.0000000180025095e-35 30.028412915108998 96.152118000000016 208.67443850000004 6.8234096003484792 17.494630065688696 129.78093700000002 0.23673886429815541 54.325567000000007 0.99747694329302783 12.822951000000002 2.4054242748633343
decision_type=2 2 2 2 2 2 2 2 2 2 2 2 2 2
left_child=2 6 -1 4 5 7 -2 8 -3 -10 11 -4 13 -12
right_child=1 3 10 -5 -6 -7 -8 -9 9 -11 12 -13 -14 -15
leaf_value=-0.021413954087749428 -0.0031790157406936582 0.0012587547380926661 -0.023561214800276391 0.0096692806436030777 -0.0030278504093322624 0.02638950144388387 -0.00052847590831906583 0.014954082406800016 0.0084781232194987791 0.020214026000714903 -0.014855996048429229 -0.010652971158799596 -0.010396010767472492 0.0088612890804124194
leaf_weight=60915 16133 51702 2883 26651 20667 14950 28066 8129 61085 14690 4661 18399 12141 2027
leaf_count=60915 16133 51702 2883 26651 20667 14950 28066 8129 61085 14690 4661 18399 12141 2027
internal_value=-0.00615414 0.00550065 -0.0340807 0.00801278 0.00660822 0.00792423 -0.00574583 0.0067407 0.00604752 0.00853421 -0.0250914 -0.0297002 -0.0198821 -0.0101794
internal_weight=343099 242073 101026 197874 171223 150556 44199 135606 127477 75775 40111 21282 18829 6688
internal_count=343099 242073 101026 197874 171223 150556 44199 135606 127477 75775 40111 21282 18829 6688
is_linear=0
shrinkage=0.04


Tree=34
num_leaves=15
num_cat=0
split_feature=2 2 3 10 1 2 0 2 9 1 2 10 2 10
split_gain=69131.6 3977.44 3400.7 2020.42 992.501 1018.07 713.986 940.135 748.143 666.471 631.008 625.592 591.573 886.023
threshold=67.284424000000016 101.48437100000001 1.0000000180025095e-35 69.410595500000014 35.55523600082519 208.67443850000004 17.149842368965825 118.82228100000002 0.7981250940702076 6.8234096003484792 138.38880150000003 14.794726000000002 54.325567000000007 -1.0000000180025095e-35
decision_type=2 2 2 2 2 2 2 2 2 2 2 2 2 2
left_child=2 9 -1 4 5 6 7 -3 10 -2 -9 -7 13 -4
right_child=1 3 12 -5 -6 11 -8 8 -10 -11 -12 -13 -14 -15
leaf_value=-0.020557395924239455 -0.0029844413515468181 0.00033345471770226623 -0.010227994337441508 -0.0027135231685479601 0.0097762552216919627 0.012460364240108933 0.012543773065221947 0.00566468516343396 0.0088168230902257762 -0.00048608216897268576 0.023200969056412779 0.035139278789805058 -0.01007584598157751 -0.022618766208265334
leaf_weight=61071 16181 34608 18364 23705 16922 4982 11006 18565 65943 29110 11739 9245 18753 2875
leaf_count=61071 16181 34608 18364 23705 16922 4982 11006 18565 65943 29110 11739 9245 18753 2875
internal_value=-0.00627641 0.00532714 -0.0340623 0.00778771 0.00928825 0.00829071 0.00726768 0.00644469 0.00847777 -0.00536001 0.01368 0.0184916 -0.024995 -0.0295664
internal_weight=343069 242006 101063 196715 173010 156088 141861 130855 96247 45291 30304 14227 39992 21239
internal_count=343069 242006 101063 196715 173010 156088 141861 130855 96247 45291 30304 14227 39992 21239
is_linear=0
shrinkage=0.04


Tree=35
num_leaves=15
num_cat=0
split_feature=2 2 3 10 1 2 10 10 0 0 2 10 2 10
split_gain=68058.4 3969.22 3348.01 1795.61 962.781 1162 938.441 901.85 959.698 848.496 577.638 894.688 547.643 540.619
threshold=66.21010600000001 95.062404500000014 1.0000000180025095e-35 69.410595500000014 35.55523600082519 125.66571050000002 17.360102000000005 14.999641500000001 0.97621537786661472 12.674875856565647 54.325567000000007 -1.0000000180025095e-35 217.20789350000004 19.180073000000004
decision_type=2 2 2 2 2 2 2 2 2 2 2 2 2 2
left_child=2 -2 -1 4 5 9 7 8 -7 -3 11 -4 -5 -8
right_child=1 3 10 12 -6 6 13 -9 -10 -11 -12 -13 -14 -15
leaf_value=-0.019735100087269874 -0.0017232260299520686 0.00017678106943238569 -0.00982176181293677 -0.0065061273533255637 0.0092772295424145487 2.6845461958755481e-05 -0.038524182467034644 0.032617348456887386 0.014383133080906605 0.0065801887271374091 -0.010046860548776633 -0.02171401555993472 0.005032023802581778 0.012004212822837049
leaf_weight=61010 39740 43356 18422 19646 16919 9330 2034 9120 38995 20090 17704 2889 3988 39588
leaf_count=61010 39740 43356 18422 19646 16919 9330 2034 9120 38995 20090 17704 2889 3988 39588
internal_value=-0.0063804 0.00505852 -0.0341479 0.00732097 0.00868608 0.00774067 0.0104475 0.0137613 0.0115841 0.00351417 -0.0249965 -0.0294327 -0.00304307 0.00587382
internal_weight=342831 242806 100025 203066 179432 162513 99067 57445 48325 63446 39015 21311 23634 41622
internal_count=342831 242806 100025 203066 179432 162513 99067 57445 48325 63446 39015 21311 23634 41622
is_linear=0
shrinkage=0.04


Tree=36
num_leaves=15
num_cat=0
split_feature=2 2 3 10 2 1 2 0 2 2 10 0 3 8
split_gain=67249.1 3694.26 3384.19 1475.06 1375.46 723.152 898.583 701.946 627.657 616.746 865.856 611.751 553.516 544.011
threshold=66.21010600000001 85.573494000000025 1.0000000180025095e-35 69.410595500000014 111.94205450000001 29.442307843737986 208.67443850000004 6.0796143224103192 135.11470800000004 54.325567000000007 -1.0000000180025095e-35 12.674875856565647 14.530872 0.99977301009769037
decision_type=2 2 2 2 2 2 2 2 2 2 2 2 2 2
left_child=2 -2 -1 4 11 6 7 -6 -9 10 -4 13 -13 -3
right_child=1 3 9 -5 5 -7 -8 8 -10 -11 -12 12 -14 -15
leaf_value=-0.018945696083779079 -0.002858202918382893 0.00011630409768963457 -0.0094415227567400967 -0.0024254038950614928 0.006303884999255333 0.0092898583833736469 0.025478201801289246 0.0053244023867456683 0.023708201917337392 -0.0096449861268255652 -0.020845454937537335 0.070699403731539726 0.003212111618632405 -0.0073745627434085494
leaf_weight=60900 27677 22800 18433 23725 76732 24700 14188 23358 9544 17725 2895 996 14104 4834
leaf_count=60900 27677 22800 18433 23725 76732 24700 14188 23358 9544 17725 2895 996 14104 4834
internal_value=-0.00649378 0.00487995 -0.034106 0.00665082 0.00781779 0.00963736 0.00839075 0.00716493 0.0120528 -0.0249149 -0.0294974 0.00149389 0.00796821 -0.00204386
internal_weight=342611 242658 99953 214981 191256 148522 123822 109634 32902 39053 21328 42734 15100 27634
internal_count=342611 242658 99953 214981 191256 148522 123822 109634 32902 39053 21328 42734 15100 27634
is_linear=0
shrinkage=0.04


Tree=37
num_leaves=15
num_cat=0
split_feature=2 3 2 10 2 10 10 10 2 3 2 10 1 3
split_gain=66436.6 3474.84 3449.08 1388.08 1270.41 645.532 978.731 731.24 753.568 862.872 640.439 856.592 593.936 557.946
threshold=66.21010600000001 1.0000000180025095e-35 85.573494000000025 69.410595500000014 115.53347400000001 17.360102000000005 14.999641500000001 12.759740000000003 138.38880150000003 40.969739000000004 54.325567000000007 -1.0000000180025095e-35 42.479313566432253 18.389647500000002
decision_type=2 2 2 2 2 2 2 2 2 2 2 2 2 2
left_child=1 -1 -2 4 12 6 7 8 9 -6 11 -3 -4 -7
right_child=2 10 3 -5 5 13 -8 -9 -10 -11 -12 -13 -14 -15
leaf_value=-0.018187868240427917 -0.0028106749462478552 -0.0090499334330793775 0.0005063509965096036 -0.0023489864322947798 0.0042212222654082554 -0.052974403055607258 0.030007970172640661 -0.003519779814518884 0.020968746650837745 0.007573455500127362 -0.0092158651157796135 -0.020011636740035837 0.0076996284675334842 0.011100853823316261
leaf_weight=60992 27631 18393 53800 23848 36460 1126 9150 7302 23051 17418 17613 2868 2026 41212
leaf_count=60992 27631 18393 53800 23848 36460 1126 9150 7302 23051 17418 17613 2868 2026 41212
internal_value=-0.0065768 -0.0340432 0.00470999 0.00641674 0.00754977 0.00963903 0.0114966 0.0101469 0.0112951 0.00870559 -0.0246972 -0.0293702 0.00247053 0.00554207
internal_weight=342890 99866 243024 215393 191545 135719 93381 84231 76929 53878 38874 21261 55826 42338
internal_count=342890 99866 243024 215393 191545 135719 93381 84231 76929 53878 38874 21261 55826 42338
is_linear=0
shrinkage=0.04


Tree=38
num_leaves=15
num_cat=0
split_feature=2 7 2 10 2 10 2 9 2 2 10 0 2 9
split_gain=65889.2 3545.53 3212.93 1314.34 1175.76 677.375 851.368 759.609 819.453 641.802 878.525 556.003 515.62 345.421
threshold=66.21010600000001 1.0000000180025095e-35 85.573494000000025 69.410595500000014 111.94205450000001 -28.876075115619511 174.82629400000002 0.7981250940702076 133.64628600000003 54.325567000000007 -1.0000000180025095e-35 13.897901314715343 220.98799100000005 0.00023108701635560228
decision_type=2 2 2 2 2 2 2 2 2 2 2 2 2 2
left_child=1 -1 -2 4 11 -6 7 8 -7 10 -3 13 -5 -4
right_child=2 9 3 12 5 6 -8 -9 -10 -11 -12 -13 -14 -15
leaf_value=-0.017460353510810798 -0.0026284395516273109 -0.0086858645372506656 -0.0048677448042349913 -0.0050322130444928614 0.0084777081084467139 0.0034769503757956198 0.01881731801928346 0.0024626230229651113 0.016633200140761865 -0.0089294249229804595 -0.019211171270434403 0.0054682444884754456 0.0054993769737808852 0.00017409842327671844
leaf_weight=61065 27737 18346 6288 20867 26434 30517 36613 42561 12719 17697 2857 11545 2956 24797
leaf_count=61065 27737 18346 6288 20867 26434 30517 36613 42561 12719 17697 2857 11545 2956 24797
internal_value=-0.0066518 -0.0339875 0.00459195 0.00624273 0.00734512 0.0090226 0.00776865 0.00558947 0.00932371 -0.0245491 -0.029243 0.00148815 -0.00261764 -0.0012958
internal_weight=342999 99965 243034 215297 191474 148844 122410 85797 43236 38900 21203 42630 23823 31085
internal_count=342999 99965 243034 215297 191474 148844 122410 85797 43236 38900 21203 42630 23823 31085
is_linear=0
shrinkage=0.04


Tree=39
num_leaves=15
num_cat=0
split_feature=3 9 0 0 1 3 0 3 1 10 9 3 1 3
split_gain=51298 12071.6 5113.23 1691.07 1293.66 1124.67 863.946 843.266 1192.31 1033.4 900.538 888.568 808.333 567.681
threshold=1.0000000180025095e-35 0.00023108701635560228 2.8469011258771038 13.543437555993423 39.521330406239606 14.530872 10.948892443308729 22.167383000000005 22.75887371713295 14.479653500000003 0.018286850834869587 17.302557000000004 4.8622540328020474 14.953235500000002
decision_type=2 2 2 2 2 2 2 2 2 2 2 2 2 2
left_child=-1 2 -2 5 6 -4 7 8 9 12 -9 -11 -3 -5
right_child=1 4 3 13 -6 -7 -8 10 -10 11 -12 -13 -14 -15
leaf_value=-0.016761939370378363 -0.0084749028356773115 -0.0057476554526432171 -0.00036737496841136917 0.075391862183023961 0.009029297015091817 -0.0068866983014773276 0.0063839485860852519 -0.0079803676386382486 0.07575762970100286 0.026364907046874074 0.00078125289093255556 0.007334640631563194 0.004873956818247727 0.0046277123945828299
leaf_weight=60966 28456 12825 11592 1002 12103 16050 29326 1830 3195 11044 109932 8082 28008 8685
leaf_count=60966 28456 12825 11592 1002 12103 16050 29326 1830 3195 11044 109932 8082 28008 8685
internal_value=-0.00672768 0.000462198 -0.0145425 -0.00480591 0.00502475 -0.00984589 0.0042718 0.00320657 0.00690123 0.00563252 0.00111881 0.0133054 0.00203855 0.00957572
internal_weight=343096 282130 65785 37329 216345 27642 204242 174916 63154 59959 111762 19126 40833 9687
internal_count=343096 282130 65785 37329 216345 27642 204242 174916 63154 59959 111762 19126 40833 9687
is_linear=0
shrinkage=0.04


Tree=40
num_leaves=15
num_cat=0
split_feature=2 3 2 3 1 2 0 2 8 1 3 8 3 2
split_gain=64009.2 3709.91 2806.67 1174.64 825.785 860.111 1002.72 708.437 815.597 473.006 544.386 510.857 468.892 464.635
threshold=66.21010600000001 1.0000000180025095e-35 100.55897500000002 130.00584200000003 39.521330406239606 174.82629400000002 13.264101984003576 54.325567000000007 0.99747694329302783 12.784270636707442 38.901845000000009 0.99570398713531338 5.5073905000000005 119.13544450000002
decision_type=2 2 2 2 2 2 2 2 2 2 2 2 2 2
left_child=1 -1 9 4 5 6 13 8 -3 10 -2 -12 -9 -4
right_child=2 7 3 -5 -6 -7 -8 12 -10 -11 11 -13 -14 -15
leaf_value=-0.016091461795563228 -0.0012496479957266927 -0.018304703920182384 -0.00041184306305280582 -0.014931901814061588 0.0086824538818971383 0.012952103062362391 0.008716243581052472 -0.0058474070739158559 -0.0080086770316984621 0.0010228423301242085 -0.0012459096335364461 -0.01145806951927201 -0.0084403220362330566 0.0049430185437069826
leaf_weight=60847 27745 2871 31713 10103 12046 44983 21559 3628 18388 11003 4400 1934 14111 77273
leaf_count=60847 27745 2871 31713 10103 12046 44983 21559 3628 18388 11003 4400 1934 14111 77273
internal_value=-0.00686787 -0.0338272 0.00422032 0.00627428 0.00698988 0.00629461 0.00465096 -0.0241961 -0.0291208 -0.00478595 -0.00711406 -0.017695 -0.0182942 0.00309177
internal_weight=342604 99845 242759 197677 187574 175528 130545 38998 21259 45082 34079 6334 17739 108986
internal_count=342604 99845 242759 197677 187574 175528 130545 38998 21259 45082 34079 6334 17739 108986
is_linear=0
shrinkage=0.04


Tree=41
num_leaves=15
num_cat=0
split_feature=2 3 2 10 2 2 10 0 0 2 3 10 3 3
split_gain=63439 3779.43 2630.68 1203.08 1199.85 729.851 812.787 630.171 601.148 845.195 515.207 514.437 660.534 455.123
threshold=66.21010600000001 1.0000000180025095e-35 84.690979000000013 69.410595500000014 115.53347400000001 54.325567000000007 -1.0000000180025095e-35 20.464892300603292 5.5781663431598529 193.18820200000002 38.368446500000005 -28.876075115619511 26.188475000000004 5.5935925000000006
decision_type=2 2 2 2 2 2 2 2 2 2 2 2 2 2
left_child=1 -1 10 4 7 6 -3 -4 9 11 -2 12 -6 -7
right_child=2 5 3 -5 8 13 -8 -9 -10 -11 -12 -13 -14 -15
leaf_value=-0.015447803323740699 -0.001394846683754083 -0.0076793892537142128 6.8930094587774657e-05 -0.002578238256341223 0.093462009454029604 -0.0064968855987964152 -0.017572515763375086 0.0071995597966539471 0.0093138841263098633 0.019416184695694599 -0.0049100318872827434 0.0043656688152132793 0.0057426400902870966 -0.008049642747112196
leaf_weight=61030 18129 18381 51726 23790 1756 3842 2872 6327 40015 21861 7322 64348 7858 13937
leaf_count=61030 18129 18381 51726 23790 1756 3842 2872 6327 40015 21861 7322 64348 7858 13937
internal_value=-0.00697565 -0.0337831 0.00405706 0.00547976 0.0065214 -0.0240623 -0.0290651 0.00170809 0.00857845 0.0068589 -0.00811127 0.00481653 0.0134471 -0.018082
internal_weight=343194 100062 243132 217681 193891 39032 21253 58053 135838 95823 25451 73962 9614 17779
internal_count=343194 100062 243132 217681 193891 39032 21253 58053 135838 95823 25451 73962 9614 17779
is_linear=0
shrinkage=0.04


Tree=42
num_leaves=15
num_cat=0
split_feature=2 3 2 10 2 0 2 2 10 0 10 10 3 3
split_gain=62660.5 3519.35 2911.47 1084.59 1055.79 675.118 818.312 672.305 817.547 594.271 499.267 482.642 605.194 470.136
threshold=64.188831500000006 1.0000000180025095e-35 84.690979000000013 97.19670050000002 116.48950200000002 5.5781663431598529 208.67443850000004 54.325567000000007 -1.0000000180025095e-35 20.464892300603292 -42.416017058153031 -28.876075115619511 26.341262000000004 4.9999920000000015
decision_type=2 2 2 2 2 2 2 2 2 2 2 2 2 2
left_child=1 -1 13 4 9 6 11 8 -3 10 -4 12 -6 -2
right_child=2 7 3 -5 5 -7 -8 -9 -10 -11 -12 -13 -14 -15
leaf_value=-0.014829891190791073 0.012152026890681027 -0.0073768366198144223 0.0059154372838637137 -0.0040624554382163993 0.088622215045511071 0.0094651403373831808 0.020170188681457805 -0.0083752318372420174 -0.016869615132840084 0.0070527005136101087 -7.8716901047195539e-05 0.0045171087425099768 0.0057513591107844686 -0.0032729760496509365
leaf_weight=61006 1699 18398 2137 19371 1798 37512 15068 15504 2855 6772 52605 75108 7414 25840
leaf_count=61006 1699 18398 2137 19371 1798 37512 15068 15504 2855 6772 52605 75108 7414 25840
internal_value=-0.0070297 -0.034109 0.00376156 0.00531111 0.00619311 0.00814901 0.00642331 -0.0243317 -0.0289521 0.00184023 0.000457418 0.00488899 0.0135302 -0.00849268
internal_weight=343087 97763 245324 217785 198414 136900 99388 36757 21253 61514 54742 84320 9212 27539
internal_count=343087 97763 245324 217785 198414 136900 99388 36757 21253 61514 54742 84320 9212 27539
is_linear=0
shrinkage=0.04


Tree=43
num_leaves=15
num_cat=0
split_feature=2 3 2 10 2 2 10 0 2 0 9 3 10 3
split_gain=61777.2 4006.56 2277.85 1028.33 1023.9 803.215 806.278 593.216 712.921 552.903 681.861 653.317 485.669 507.976
threshold=66.21010600000001 1.0000000180025095e-35 84.690979000000013 69.410595500000014 116.48950200000002 54.325567000000007 -1.0000000180025095e-35 5.5781663431598529 193.18820200000002 12.674875856565647 0.00018304103734395619 14.953235500000002 -29.881598908842061 26.654440500000003
decision_type=2 2 2 2 2 2 2 2 2 2 2 2 2 2
left_child=1 -1 -2 4 9 6 -3 8 12 10 -4 -11 13 -6
right_child=2 5 3 -5 7 -7 -8 -9 -10 11 -12 -13 -14 -15
leaf_value=-0.014236695543159428 -0.00272300876080827 -0.0070775193043138354 -0.0057331026064530478 -0.0024139982405076365 0.097471246069119763 -0.0073453134834062664 -0.016194830527526481 0.0090340989395371937 0.018125847588082805 0.058585358040023565 0.00022461427318439586 0.0027586817636989515 0.003978234491895407 0.0062389457863090891
leaf_weight=61001 25401 18366 5730 23805 1281 17746 2878 37647 21801 1425 35659 18659 64910 6898
leaf_count=61001 25401 18366 5730 23805 1281 17746 2878 37647 21801 1425 35659 18659 64910 6898
internal_value=-0.00713121 -0.0335986 0.00375008 0.00507201 0.00603474 -0.0235835 -0.0288307 0.00801376 0.00632817 0.00176793 -0.000874629 0.0072137 0.00443459 0.0136202
internal_weight=343207 99991 243216 217815 194010 38990 21244 132537 94890 61473 41389 20084 73089 8179
internal_count=343207 99991 243216 217815 194010 38990 21244 132537 94890 61473 41389 20084 73089 8179
is_linear=0
shrinkage=0.04


Tree=44
num_leaves=15
num_cat=0
split_feature=2 7 2 10 2 0 2 10 1 0 2 9 10 2
split_gain=61012.3 3352.98 2906.66 938.083 995.769 708.856 647.905 802.989 635.326 744.387 606.998 534.49 460.49 456.484
threshold=62.145424000000013 1.0000000180025095e-35 84.690979000000013 69.410595500000014 119.13544450000002 5.9051771992593753 54.325567000000007 -1.0000000180025095e-35 42.479313566432253 12.674875856565647 225.34911350000002 0.00018304103734395619 -29.881598908842061 210.01718150000002
decision_type=2 2 2 2 2 2 2 2 2 2 2 2 2 2
left_child=1 -1 -2 4 8 10 7 -3 9 11 12 -4 -6 -5
right_child=2 6 3 13 5 -7 -8 -9 -10 -11 -12 -13 -14 -15
leaf_value=-0.013667227721433051 -0.0029572141275333291 -0.0068009678905092 -0.0055775541817272914 -0.0065610876624601277 0.010716033792143786 0.010441432016595482 -0.0079012456245985425 -0.015547037306425419 0.0066105733778690379 0.0040432656880056081 0.031906221248109067 -2.948294391091011e-05 0.0054404542045776421 0.0036467866699311457
leaf_weight=61241 29790 18423 5861 18463 7275 29308 13259 2894 3289 22587 7809 39569 78106 5296
leaf_count=61241 29790 18423 5861 18463 7275 29308 13259 2894 3289 22587 7809 39569 78106 5296
internal_value=-0.00727872 -0.0343776 0.00321856 0.00482306 0.00574271 0.00793025 -0.0244193 -0.0287376 0.00198469 0.00115442 0.00622384 -0.00179617 0.00524754 -0.00267856
internal_weight=343170 95817 247353 217563 193804 122498 34576 21317 71306 68017 93190 45430 85381 23759
internal_count=343170 95817 247353 217563 193804 122498 34576 21317 71306 68017 93190 45430 85381 23759
is_linear=0
shrinkage=0.04


Tree=45
num_leaves=15
num_cat=0
split_feature=3 9 0 1 3 1 3 0 3 10 9 10 1 3
split_gain=49518.6 9679.34 5103.83 1474.74 1220.04 996.387 711.622 616.527 668.954 1320.36 777.228 709.791 784.219 780.01
threshold=1.0000000180025095e-35 0.00023108701635560228 2.3045258712625891 12.784270636707442 5.2582130000000005 39.521330406239606 14.953235500000002 10.948892443308729 22.724640000000004 -23.769885736333375 0.018286850834869587 14.794726000000002 4.8622540328020474 17.302557000000004
decision_type=2 2 2 2 2 2 2 2 2 2 2 2 2 2
left_child=-1 2 -2 4 -4 7 -5 8 9 -3 -10 12 -11 -13
right_child=1 5 3 6 -6 -7 -8 -9 10 11 -12 13 -14 -15
leaf_value=-0.013120538612575726 -0.0066435525632840744 0.080446621935395549 0.0066201442417895143 0.060056894612276618 -0.0056801459578063266 0.0073048764321411389 0.00230855179420013 0.0051712695728251814 -0.0069580523064224284 -0.0050851274027874441 0.00031885598620468692 0.02402720826854603 0.0040989884239455258 0.0048638590204732714
leaf_weight=61044 25165 3175 4348 1464 25065 12133 9710 29311 1690 14127 105840 9876 30483 9388
leaf_count=61044 25165 3175 4348 1464 25065 12133 9710 29311 1690 14127 105840 9876 30483 9388
internal_value=-0.0073381 -0.000262195 -0.0137 -0.00492473 -0.00962432 0.00382793 0.00744586 0.00316524 0.00226396 0.00539963 0.000308751 0.00414817 0.00137727 0.0105648
internal_weight=342819 281775 65752 40587 29413 216023 11174 203890 174579 67049 107530 63874 44610 19264
internal_count=342819 281775 65752 40587 29413 216023 11174 203890 174579 67049 107530 63874 44610 19264
is_linear=0
shrinkage=0.04


Tree=46
num_leaves=15
num_cat=0
split_feature=2 3 2 2 1 3 2 9 0 3 3 2 8 3
split_gain=59482.6 3333.61 2924.68 854.944 909.797 750.456 904.322 815.203 772.563 662.112 654.201 634.778 780.921 388.106
threshold=61.246441000000011 1.0000000180025095e-35 84.690979000000013 225.34911350000002 30.028412915108998 96.152118000000016 151.52811450000004 0.75365344478042118 12.674875856565647 14.953235500000002 26.817247000000005 54.325567000000007 0.99747694329302783 11.400451000000002
decision_type=2 2 2 2 2 2 2 2 2 2 2 2 2 2
left_child=1 -1 -2 4 5 6 8 -8 -4 -10 -6 12 13 -3
right_child=2 11 3 -5 10 -7 7 -9 9 -11 -12 -13 -14 -15
leaf_value=-0.012595717068072698 -0.0029565052239771371 0.53616255332857399 -6.6602015832853688e-05 0.018668043013246257 0.097231607353801763 -0.0052892940844637268 0.021210473982828749 0.0079154664058412247 0.057931133204328307 0.0040915435256020085 0.0046705188309672701 -0.0071765458597990422 -0.0062642981029360813 -0.014721750718056903
leaf_weight=60954 30964 745 82151 9968 1486 18890 6294 49199 1607 22357 25602 12088 18310 2113
leaf_count=60954 30964 745 82151 9968 1486 18890 6294 49199 1607 22357 25602 12088 18310 2113
internal_value=-0.00737705 -0.0344422 0.00288301 0.00452007 0.0039706 0.00294474 0.00382654 0.00796425 0.00166272 0.00798197 0.0108063 -0.0242555 -0.0284316 -0.0089853
internal_weight=342728 94210 248518 217554 207586 180498 161608 55493 106115 23964 27088 33256 21168 2858
internal_count=342728 94210 248518 217554 207586 180498 161608 55493 106115 23964 27088 33256 21168 2858
is_linear=0
shrinkage=0.04


Tree=47
num_leaves=15
num_cat=0
split_feature=2 3 2 10 2 0 2 10 2 1 0 10 3 2
split_gain=59027.5 3424.1 2667.35 822.776 893.377 685.563 637.509 743.829 581.552 541.745 522.551 505.633 498.89 479.535
threshold=61.246441000000011 1.0000000180025095e-35 84.690979000000013 92.200454500000021 118.82228100000002 5.9051771992593753 54.325567000000007 -1.0000000180025095e-35 186.97550950000002 29.442307843737986 20.464892300603292 -42.416017058153031 26.654440500000003 198.31983950000003
decision_type=2 2 2 2 2 2 2 2 2 2 2 2 2 2
left_child=1 -1 -2 4 10 8 7 -3 9 -6 11 -4 -11 -5
right_child=2 6 3 13 5 -7 -8 -9 -10 12 -12 -13 -14 -15
leaf_value=-0.012091888385349794 -0.0027995166546387531 -0.0060087527672585805 0.0053031574979868438 -0.013927461366701267 0.0027162227801146477 0.0096678091911336066 -0.0068855456864403801 -0.014132880689334631 0.014050460607110633 0.087965319134905406 0.006482720537430633 -0.0001184257861203164 0.005602648767145735 0.0028855899290220191
leaf_weight=60892 30986 18319 2830 14227 63350 29840 12108 2848 25980 1461 7483 59682 6520 6277
leaf_count=60892 30986 18319 2830 14227 63350 29840 12108 2848 25980 1461 7483 59682 6520 6277
internal_value=-0.00739048 -0.0343615 0.00282437 0.00438759 0.00518073 0.00717855 -0.0240433 -0.0282307 0.0055521 0.00368591 0.00155154 0.000355772 0.0135071 -0.00323839
internal_weight=342803 94167 248636 217650 197146 127151 33275 21167 97311 71331 69995 62512 7981 20504
internal_count=342803 94167 248636 217650 197146 127151 33275 21167 97311 71331 69995 62512 7981 20504
is_linear=0
shrinkage=0.04


Tree=48
num_leaves=15
num_cat=0
split_feature=2 2 3 2 1 2 3 1 8 3 0 0 3 2
split_gain=58429.5 4865.42 1443.29 827.994 863.639 1129.33 958.691 842.028 751.489 631.469 703.224 616.014 600.181 594.277
threshold=54.325567000000007 81.794326500000011 1.0000000180025095e-35 225.34911350000002 13.643471782571057 138.38880150000003 14.744584000000001 35.122683620701444 0.99747694329302783 4.9999920000000015 6.2001007849511351 17.850957291204928 89.834718500000022 154.48060600000005
decision_type=2 2 2 2 2 2 2 2 2 2 2 2 2 2
left_child=2 9 -1 4 12 6 -6 11 -4 -2 -11 -8 13 -3
right_child=1 3 8 -5 5 -7 7 -9 -10 10 -12 -13 -14 -15
leaf_value=-0.011608212849935802 0.0058347137964359268 -0.00021857813886739478 -0.013567565461761246 0.01742885674279945 0.047120562390820117 0.017103177657619532 -0.00019386861190292759 0.0052387825750987568 -0.0057750283088814714 -0.0061543868193197149 -0.0019960513695734196 0.0065852601709020858 -0.0045413515711784022 0.007045746475912198
leaf_weight=61038 3276 45048 2850 10085 2760 19288 55155 16306 18420 22625 11689 11319 19835 43324
leaf_count=61038 3276 45048 2850 10085 2760 19288 55155 16306 18420 22625 11689 11319 19835 43324
internal_value=-0.00749162 0.00178436 -0.0368732 0.00402725 0.00349708 0.00608463 0.00411316 0.00333994 -0.0279003 -0.0115286 -0.0131305 0.00134188 0.000990324 0.00240167
internal_weight=343018 260710 82308 223120 213035 104828 85540 82780 21270 37590 34314 66474 108207 88372
internal_count=343018 260710 82308 223120 213035 104828 85540 82780 21270 37590 34314 66474 108207 88372
is_linear=0
shrinkage=0.04


Tree=49
num_leaves=15
num_cat=0
split_feature=3 9 0 0 3 10 0 3 1 10 3 9 10 3
split_gain=48897.9 8274.66 4971.02 1273.3 1008.84 755.4 549.841 695.115 1225.03 762.181 845.423 674.538 559.518 540.804
threshold=1.0000000180025095e-35 0.00023108701635560228 2.3045258712625891 13.543437555993423 14.114950000000002 -39.630127479472598 10.948892443308729 22.167383000000005 22.351925824992236 15.000171500000002 17.302557000000004 0.018286850834869587 19.180073000000004 14.953235500000002
decision_type=2 2 2 2 2 2 2 2 2 2 2 2 2 2
left_child=-1 2 -2 4 -4 -3 7 8 9 -7 -11 -9 -12 -5
right_child=1 5 3 13 -6 6 -8 11 -10 10 12 -13 -14 -15
leaf_value=-0.011143884335938372 -0.0056694234282046807 0.0062314165674324596 0.0005683680274186975 0.06443275718961633 -0.005400986989135808 0.00097114395353029796 0.0045666493401679701 -0.0061004233404294709 0.059010743570395319 0.033711768152280372 -0.040428832022677164 0.00016689034892478639 0.013348675100781372 0.0036084189911628904
leaf_weight=61029 25225 11974 12229 1016 18701 43622 29358 1827 3765 7535 2235 109779 5839 8701
leaf_count=61029 25225 11974 12229 1016 18701 43622 29358 1827 3765 7535 2235 109779 5839 8701
internal_value=-0.00753844 -0.000508435 -0.0129184 -0.00426206 -0.0082302 0.0032773 0.00270406 0.00185244 0.00521176 0.00380544 0.0113909 -4.37252e-05 0.00239782 0.00836884
internal_weight=342835 281806 65872 40647 30930 215934 203960 174602 62996 59231 15609 111606 8074 9717
internal_count=342835 281806 65872 40647 30930 215934 203960 174602 62996 59231 15609 111606 8074 9717
is_linear=0
shrinkage=0.04


Tree=50
num_leaves=15
num_cat=0
split_feature=2 2 3 2 10 2 10 3 1 0 10 2 0 10
split_gain=57635.5 4511.21 1529.4 741.525 847.936 763.623 740.555 617.648 583.301 583.112 421.164 598.292 754.813 458.799
threshold=54.325567000000007 79.744369500000019 1.0000000180025095e-35 225.34911350000002 97.19670050000002 112.49173750000001 -1.0000000180025095e-35 4.9999920000000015 4.4837459665775361 12.674875856565647 -42.416017058153031 147.03555300000002 1.0246239593497044 14.177088000000003
decision_type=2 2 2 2 2 2 2 2 2 2 2 2 2 2
left_child=2 7 -1 4 5 -3 -4 -2 -9 10 -7 -12 13 -13
right_child=1 3 6 -5 -6 9 -8 8 -10 -11 11 12 -14 -15
leaf_value=-0.010698128962500837 0.0063120162027251259 -8.0956672388698971e-06 -0.0053250632162351865 0.016370572042787242 -0.0072151932323691438 0.0065974705752999043 -0.013063708601432005 -0.0064699040318632675 -0.0031501249440146141 0.0093226679688949328 0.00090621179540237295 -0.02081146990153785 0.017811069670375313 0.0068509759341124797
leaf_weight=60987 3153 55941 18374 9954 17342 6684 2866 16399 14844 15361 60842 3060 13154 43646
leaf_count=60987 3153 55941 18374 9954 17342 6684 2866 16399 14844 15361 60842 3060 13154 43646
internal_value=-0.00758595 0.00163361 -0.0367806 0.00368769 0.00319585 0.00393622 -0.0275367 -0.0118618 -0.0135646 0.00548859 0.00460082 0.00405958 0.00689876 0.00451505
internal_weight=342607 260380 82227 225984 216030 198688 21240 34396 31243 142747 127386 120702 59860 46706
internal_count=342607 260380 82227 225984 216030 198688 21240 34396 31243 142747 127386 120702 59860 46706
is_linear=0
shrinkage=0.04


Tree=51
num_leaves=15
num_cat=0
split_feature=2 2 3 8 2 1 3 2 1 0 3 0 3 2
split_gain=57206.3 4209.52 1597.65 691.349 670.961 644.063 1142.43 981.5 674.348 613.355 545.44 514.668 504.774 528.899
threshold=54.325567000000007 81.794326500000011 1.0000000180025095e-35 0.99747694329302783 232.02574200000001 14.059597591203064 14.744584000000001 138.38880150000003 35.122683620701444 4.4569340959872523 21.217401500000005 17.149842368965825 89.834718500000022 154.48060600000005
decision_type=2 2 2 2 2 2 2 2 2 2 2 2 2 2
left_child=2 9 -1 -4 5 12 -7 8 11 -2 -11 -8 13 -3
right_child=1 4 3 -5 -6 6 7 -9 -10 10 -12 -13 -14 -15
leaf_value=-0.010270203804000805 -0.0057244776382325965 -0.00015088154487461036 -0.012541160257374725 -0.0051050797915896864 0.017664443088978785 0.056484690327866661 -0.00035661367054193652 0.015102193800938997 0.0046623706634730455 0.00082664389834221253 -0.0038935870390063498 0.0056652165411881228 -0.0037859140215653312 0.0067819364435782467
leaf_weight=60978 19935 47939 2887 18412 7749 3502 51820 17495 16344 8766 8967 12529 20516 45200
leaf_count=60978 19935 47939 2887 18412 7749 3502 51820 17495 16344 8766 8967 12529 20516 45200
internal_value=-0.00762584 0.00154961 -0.0367058 -0.0272745 0.00363793 0.00322181 0.00553447 0.00473378 0.00287162 -0.0108187 -0.00540687 0.00102877 0.00115261 0.00240372
internal_weight=343039 260762 82277 21299 223094 215345 101690 98188 80693 37668 17733 64349 113655 93139
internal_count=343039 260762 82277 21299 223094 215345 101690 98188 80693 37668 17733 64349 113655 93139
is_linear=0
shrinkage=0.04


Tree=52
num_leaves=15
num_cat=0
split_feature=2 2 7 10 2 10 9 0 1 2 0 10 2 2
split_gain=56754.5 3971.57 1658.36 701.213 859.753 693.23 608.419 568.077 507.414 783.117 425.897 372.105 348.129 330.313
threshold=54.325567000000007 81.794326500000011 1.0000000180025095e-35 69.410595500000014 118.82228100000002 -1.0000000180025095e-35 0.5345710357769925 4.4569340959872523 29.442307843737986 151.52811450000004 20.464892300603292 -42.416017058153031 188.42130300000002 228.90114600000001
decision_type=2 2 2 2 2 2 2 2 2 2 2 2 2 2
left_child=2 7 -1 4 10 -4 -6 -2 9 -8 11 -3 -5 -11
right_child=1 3 5 12 6 -7 8 -9 -10 13 -12 -13 -14 -15
leaf_value=-0.009859395651840774 -0.0055453721231726542 0.0043307988526327 -0.0049058595482293207 -0.0088115620813682544 0.012752521621919125 -0.01203951384707974 -0.00048432515792498968 -0.002168249683311483 0.007714012799366541 0.008204567624006032 0.0054488708122200748 -0.00017916891148727187 0.0019318752433940167 0.028212567326681724
leaf_weight=60993 19900 2853 18421 15304 17018 2901 35781 17789 14834 49245 7504 65168 8470 6957
leaf_count=60993 19900 2853 18421 15304 17018 2901 35781 17789 14834 49245 7504 65168 8470 6957
internal_value=-0.00768577 0.00145309 -0.0366431 0.00348167 0.00425602 -0.0270406 0.00630743 -0.0105569 0.00518831 0.00408119 0.00089242 -0.000105262 -0.00301169 0.00702608
internal_weight=343138 260823 82315 223134 199360 21322 123835 37689 106817 91983 75525 68021 23774 56202
internal_count=343138 260823 82315 223134 199360 21322 123835 37689 106817 91983 75525 68021 23774 56202
is_linear=0
shrinkage=0.04


Tree=53
num_leaves=15
num_cat=0
split_feature=2 2 3 10 10 2 8 3 1 1 2 3 0 3
split_gain=56455.7 4034.52 1540.95 702.313 663.386 918.304 563.729 545.833 536.79 503.116 671.099 564.78 430.963 702.274
threshold=54.042345000000005 79.744369500000019 1.0000000180025095e-35 -1.0000000180025095e-35 69.410595500000014 119.13544450000002 0.45473883561605594 4.9999920000000015 4.4837459665775361 29.442307843737986 147.03555300000002 26.654440500000003 12.674875856565647 14.426921000000002
decision_type=2 2 2 2 2 2 2 2 2 2 2 2 2 2
left_child=2 7 -1 -4 5 12 9 -2 -9 10 -7 -11 -3 -14
right_child=1 4 3 -5 -6 6 -8 8 -10 11 -12 -13 13 -15
leaf_value=-0.0094650198257671472 0.0055300632681512972 -0.00028109327855550646 -0.0047594117339881323 -0.011557933293196552 -0.0026336085955157751 -0.00058549072899427795 0.01235505338262013 -0.0055077796980388394 -0.0028521821592332897 0.085931196571060978 0.0092672967824256741 0.0053191765079510355 0.054814781131578859 0.0018412966063869152
leaf_weight=60975 3236 55617 17256 2857 23825 31499 16996 17295 14878 1706 59599 12725 1271 22804
leaf_count=60975 3236 55617 17256 2857 23825 31499 16996 17295 14878 1706 59599 12725 1271 22804
internal_value=-0.00767387 0.00136974 -0.0368331 -0.0272321 0.00333637 0.00408017 0.00625407 -0.0111847 -0.0127598 0.00516522 0.00406595 0.0121045 0.000737841 0.00520872
internal_weight=342539 261451 81088 20113 226042 202217 122525 35409 32173 105529 91098 14431 79692 24075
internal_count=342539 261451 81088 20113 226042 202217 122525 35409 32173 105529 91098 14431 79692 24075
is_linear=0
shrinkage=0.04


Tree=54
num_leaves=15
num_cat=0
split_feature=2 2 3 8 2 3 0 3 1 2 8 0 3 3
split_gain=56166 3768.31 1615.41 648.798 624.584 578.396 537.34 520.241 474.599 563.425 1043.57 545.129 655.846 396.617
threshold=54.042345000000005 81.794326500000011 1.0000000180025095e-35 0.99747694329302783 232.02574200000001 130.00584200000003 4.4175300817901926 34.500833000000007 39.521330406239606 125.21801000000001 0.33716600014737746 12.674875856565647 14.953235500000002 11.400451000000002
decision_type=2 2 2 2 2 2 2 2 2 2 2 2 2 2
left_child=2 6 -1 13 5 8 -2 -8 9 11 -11 -3 -13 -4
right_child=1 4 3 -5 -6 -7 7 -9 -10 10 -12 12 -14 -15
leaf_value=-0.0090864190327364629 -0.0048352312390936162 -0.00036610059017434527 0.51775331592329699 -0.0045674807754928623 0.015990164396534744 -0.014227807121635738 -0.00014808609226668712 -0.0045302383367243106 0.0051944692173478838 0.003551913221080092 0.013004749218810266 0.045988159816532898 0.0021430008042678827 -0.011095615961468691
leaf_weight=60929 20772 60422 750 17327 7782 9829 11878 6053 12031 92496 15292 1608 23608 2115
leaf_count=60929 20772 60422 750 17327 7782 9829 11878 6053 12031 92496 15292 1608 23608 2115
internal_value=-0.00766935 0.0013427 -0.0367505 -0.0269453 0.00334176 0.00293935 -0.0101791 -0.00510624 0.00339283 0.00291336 0.00483764 0.000491371 0.00543147 -0.00931239
internal_weight=342892 261771 81121 20192 223068 215286 38703 17931 205457 193426 107788 85638 25216 2865
internal_count=342892 261771 81121 20192 223068 215286 38703 17931 205457 193426 107788 85638 25216 2865
is_linear=0
shrinkage=0.04


Tree=55
num_leaves=15
num_cat=0
split_feature=2 2 3 10 10 2 8 3 0 10 0 3 2 10
split_gain=55567.3 3639.92 1726.15 634.183 614.312 729.576 713.425 533.361 748.984 528.778 544.882 616.069 443.586 416.949
threshold=54.042345000000005 81.794326500000011 1.0000000180025095e-35 -1.0000000180025095e-35 69.410595500000014 125.66571050000002 0.33716600014737746 5.1718875000000013 6.2001007849511351 -42.416017058153031 12.674875856565647 14.316747500000002 228.90114600000001 -29.152984308234206
decision_type=2 2 2 2 2 2 2 2 2 2 2 2 2 2
left_child=2 7 -1 -4 5 9 12 -2 -9 -3 -11 -12 13 -7
right_child=1 4 3 -5 -6 6 -8 8 -10 10 11 -13 -14 -15
leaf_value=-0.0087229622714270066 0.0020467773709545558 0.0048414381105823211 -0.0043764130523466791 -0.010651791323009939 -0.0025446680492723895 0.011080453718965941 0.012436563950364202 -0.0047728148194218466 -0.0013869212688379735 -0.00033481124348756606 0.052449067953936217 0.0023332857135167731 0.026616788342217756 0.0038093888278952106
leaf_weight=61007 4960 6635 17399 2845 23913 7439 15363 21996 11744 63616 1170 24824 6907 73350
leaf_count=61007 4960 6635 17399 2845 23913 7439 15363 21996 11744 63616 1170 24824 6907 73350
internal_value=-0.00774245 0.00122252 -0.0366415 -0.0265205 0.00318596 0.00391282 0.00625156 -0.0101023 -0.0119028 0.00140849 0.000601719 0.00548126 0.0048586 0.00402679
internal_weight=343168 261917 81251 20244 223217 199304 103059 38700 33740 96245 89610 25994 87696 80789
internal_count=343168 261917 81251 20244 223217 199304 103059 38700 33740 96245 89610 25994 87696 80789
is_linear=0
shrinkage=0.04


Tree=56
num_leaves=15
num_cat=0
split_feature=2 2 3 10 10 2 9 2 3 3 1 10 3 3
split_gain=55335.1 3314.68 1808.89 616.075 578.612 693.61 778.501 571.259 642.23 508.693 517.031 476.691 415.694 428.677
threshold=54.042345000000005 81.794326500000011 1.0000000180025095e-35 -1.0000000180025095e-35 69.410595500000014 131.57148750000002 0.95821030038695676 193.18820200000002 14.530872 5.1718875000000013 6.2276600036703522 -34.946988321203051 11.400451000000002 30.000025500000003
decision_type=2 2 2 2 2 2 2 2 2 2 2 2 2 2
left_child=2 9 -1 -4 5 11 -7 8 -8 -2 -11 -3 -5 -14
right_child=1 4 3 12 -6 6 7 -9 -10 10 -12 -13 13 -15
leaf_value=-0.0083740437805699224 0.0023791410768627488 0.0035626624468376856 -0.0042203203440345496 0.65725469729158037 -0.002431244571523342 0.011248352619373642 -0.036233353140465836 0.01195860739251951 0.0033335696180997643 -0.0047729912976348481 -0.0017658976232685108 0.00019114329578898915 -0.010225719670089539 4.164787605949595
leaf_weight=61082 4958 15876 17334 744 23820 29769 2042 21012 36484 21374 12316 94237 1959 186
leaf_count=61082 4958 15876 17334 744 23820 29769 2042 21012 36484 21374 12316 94237 1959 186
internal_value=-0.0077406 0.00120876 -0.036567 -0.0261979 0.00308117 0.00378498 0.00640443 0.00376365 0.000870062 -0.00960671 -0.0113672 0.00166048 -0.00909657 -0.0180326
internal_weight=343193 261888 81305 20223 223240 199420 89307 59538 38526 38648 33690 110113 2889 2145
internal_count=343193 261888 81305 20223 223240 199420 89307 59538 38526 38648 33690 110113 2889 2145
is_linear=0
shrinkage=0.04


Tree=57
num_leaves=15
num_cat=0
split_feature=3 8 1 0 3 10 3 10 3 3 10 10 3 1
split_gain=48329 5636.48 4115.95 1159.03 799.812 494.356 487.311 464.012 547.051 462.894 1410.77 452.819 948.11 546.151
threshold=1.0000000180025095e-35 0.99971614388005869 1.6947819998084697 13.543437555993423 14.114950000000002 -34.946988321203051 14.953235500000002 -9.094414899432179 5.2582130000000005 22.724640000000004 -23.769885736333375 15.323317000000001 17.302557000000004 4.8622540328020474
decision_type=2 2 2 2 2 2 2 2 2 2 2 2 2 2
left_child=-1 5 -3 4 7 -2 -5 -4 -9 10 -7 13 -13 -12
right_child=1 2 3 6 -6 9 -8 8 -10 -11 11 12 -14 -15
leaf_value=-0.0080390820293471249 0.0039667685618175776 -0.0041926799393307854 0.021952893049743585 0.053001335042235781 -0.0039851912797532509 0.073781245887615587 0.0033159843397767277 0.0038733451301642243 -0.0045820716457294535 0.0001456282278153176 -0.0032311930125142351 0.033633190317314821 0.0019729804373751002 0.0033555753847512061
leaf_weight=61082 18147 20624 1919 1021 21351 3378 8722 5532 7056 125075 17369 6434 9346 36040
leaf_count=61082 18147 20624 1919 1021 21351 3378 8722 5532 7056 125075 17369 6434 9346 36040
internal_value=-0.00774221 -0.000755423 -0.0109632 -0.00425692 -0.00758101 0.00237732 0.00797701 -0.000333632 -0.00312679 0.00179719 0.00433861 0.00310627 0.00905957 0.00134734
internal_weight=343096 282014 66225 45601 35858 215789 9743 14507 12588 197642 72567 69189 15780 53409
internal_count=343096 282014 66225 45601 35858 215789 9743 14507 12588 197642 72567 69189 15780 53409
is_linear=0
shrinkage=0.04


Tree=58
num_leaves=15
num_cat=0
split_feature=2 2 3 10 2 1 3 2 1 3 10 10 3 3
split_gain=54312.8 2945.39 1866.04 596.591 545.95 547.415 1022.94 839.379 629.557 808.73 533.323 518.742 604.096 460.52
threshold=53.757978500000007 78.13199250000001 1.0000000180025095e-35 -1.0000000180025095e-35 232.02574200000001 14.981513036874313 19.424549500000001 138.38880150000003 25.348070454446127 23.729897500000003 -19.510754806993493 -20.288211957335889 14.744584000000001 28.750557500000003
decision_type=2 2 2 2 2 2 2 2 2 2 2 2 2 2
left_child=2 -2 -1 -4 5 -3 11 8 -8 -10 -9 -7 -13 -11
right_child=1 4 3 -5 -6 6 7 10 9 13 -12 12 -14 -15
leaf_value=-0.0077175187481732356 -0.0034473424150914768 0.00025577446722151897 -0.0039605806519138033 -0.009687443162785395 0.014254853181055759 0.091687895509494202 -0.0013827639209437516 0.0097896601114159636 0.0659277409810681 -0.0056930693438832858 0.017799172177386774 0.063011650128062049 0.0064475023219020414 0.0021749382931987239
leaf_weight=60985 34303 124068 16252 2878 7739 1913 33194 10783 1890 4438 3508 2318 6475 32204
leaf_count=60985 34303 124068 16252 2878 7739 1913 33194 10783 1890 4438 3508 2318 6475 32204
internal_value=-0.00774858 0.0010399 -0.0365809 -0.0256811 0.00268044 0.00231441 0.00457016 0.00311892 0.00135516 0.00483339 0.0119712 0.0162302 0.0121233 0.00351728
internal_weight=342948 262833 80115 19130 228530 220791 96723 86017 71726 38532 14291 10706 8793 36642
internal_count=342948 262833 80115 19130 228530 220791 96723 86017 71726 38532 14291 10706 8793 36642
is_linear=0
shrinkage=0.04


Tree=59
num_leaves=15
num_cat=0
split_feature=2 2 3 10 2 1 3 2 3 10 8 3 3 3
split_gain=54149.2 2910.43 1742.98 637.624 507.913 583.38 1057.21 824.239 448.246 416.628 466.539 398.046 432.192 385.396
threshold=53.428676500000009 78.13199250000001 1.0000000180025095e-35 -1.0000000180025095e-35 225.34911350000002 14.192459822108153 14.744584000000001 137.70754250000002 4.9999920000000015 -42.416017058153031 0.88394355893075782 11.400451000000002 29.949445500000003 40.30890500000001
decision_type=2 2 2 2 2 2 2 2 2 2 2 2 2 2
left_child=2 8 -1 -4 5 13 -7 9 -2 -8 -11 -5 -13 -3
right_child=1 4 3 11 -6 6 7 -9 -10 10 -12 12 -14 -15
leaf_value=-0.007408817998246304 0.0056396342624984146 0.00091131715369653144 -0.0038668952226206966 0.52320429638135291 0.012564025554567428 0.051074361752226183 0.0044242846319325962 0.012260537990385382 -0.0034429648156844286 -0.00021794680606058493 0.0053666918578429016 -0.0092999454362739792 3.9897343905199478 -0.0017666806235287439
leaf_weight=60954 3252 84637 15208 747 10040 3319 7146 18054 32129 59389 13662 1933 191 32347
leaf_count=60954 3252 84637 15208 747 10040 3319 7146 18054 32129 59389 13662 1933 191 32347
internal_value=-0.00771924 0.000976911 -0.0367649 -0.0258576 0.00262929 0.00222517 0.00444304 0.00369299 -0.00969899 0.00195469 0.00105296 -0.00856844 -0.0174011 0.000299528
internal_weight=343008 263975 79033 18079 228594 218554 101570 98251 35381 80197 73051 2871 2124 116984
internal_count=343008 263975 79033 18079 228594 218554 101570 98251 35381 80197 73051 2871 2124 116984
is_linear=0
shrinkage=0.04


Tree=60
num_leaves=15
num_cat=0
split_feature=2 2 3 10 10 2 0 0 3 10 0 3 3 3
split_gain=53932 2620.3 1829.87 562.043 503.089 689.296 566.711 555.15 535.102 533.242 403.529 501.499 380.117 439.47
threshold=53.428676500000009 81.794326500000011 1.0000000180025095e-35 -1.0000000180025095e-35 97.19670050000002 151.52811450000004 13.897901314715343 6.1355790134050121 15.515913000000001 -39.630127479472598 4.5357968541578639 34.500833000000007 11.400451000000002 29.949445500000003
decision_type=2 2 2 2 2 2 2 2 2 2 2 2 2 2
left_child=2 10 -1 -4 5 6 9 -7 -8 -3 -2 -12 -5 -14
right_child=1 4 3 12 -6 7 8 -9 -10 -11 11 -13 13 -15
leaf_value=-0.0071124652783164516 -0.0036265960383669426 0.0040352358953148438 -0.0037122194137158716 0.50336037592990746 -0.0038576677385459956 0.0071919523482961495 0.047461898821121444 0.021210931385866348 0.0036306302195611229 -0.00014312966353068502 0.00049655300055488464 -0.0038786321676937876 -0.0089279476188230244 3.8389883986882118
leaf_weight=61013 23603 10659 15254 746 19364 59292 1070 5022 23589 103898 11340 5891 1957 191
leaf_count=61013 23603 10659 15254 746 19364 59292 1070 5022 23589 103898 11340 5891 1957 191
internal_value=-0.00772787 0.000963417 -0.0366832 -0.0255323 0.00266997 0.00325613 0.00167395 0.00668097 0.00717466 0.000489887 -0.00835186 -0.00369799 -0.00937111 -0.0179143
internal_weight=342889 263728 79161 18148 222894 203530 139216 64314 24659 114557 40834 17231 2894 2148
internal_count=342889 263728 79161 18148 222894 203530 139216 64314 24659 114557 40834 17231 2894 2148
is_linear=0
shrinkage=0.04


Tree=61
num_leaves=15
num_cat=0
split_feature=2 2 3 10 10 2 0 0 3 1 3 0 2 3
split_gain=53801.2 2379.77 1897.08 526.62 517.952 554.112 590.497 548.82 496.386 477.834 395.677 431.938 343.271 327.779
threshold=53.428676500000009 81.794326500000011 1.0000000180025095e-35 -1.0000000180025095e-35 123.47118900000001 151.52811450000004 6.1355790134050121 13.897901314715343 15.8227995 39.521330406239606 4.9999920000000015 6.2001007849511351 232.02574200000001 11.400451000000002
decision_type=2 2 2 2 2 2 2 2 2 2 2 2 2 2
left_child=2 10 -1 -4 5 7 12 9 -9 -3 -2 -12 -7 -5
right_child=1 4 3 13 -6 6 -8 8 -10 -11 11 -13 -14 -15
leaf_value=-0.0068279666671837895 0.0053441319699983735 -0.00013850992477789647 -0.0035692643323881868 0.48214170948890256 -0.0090777858986280258 0.0045413439737882963 0.020281205697207795 0.042552099643497467 0.0035186185576727546 0.0038817230728495147 -0.0035337088953830077 -0.00099361847109512356 0.017354928920231476 -0.0085708297140701002
leaf_weight=61006 3506 105088 15145 760 11663 58827 5000 1203 23476 10756 25509 11772 7105 2139
leaf_count=61006 3506 105088 15145 760 11663 58827 5000 1203 23476 10756 25509 11772 7105 2139
internal_value=-0.00768252 0.000988386 -0.03663 -0.0252361 0.00261243 0.00306505 0.0059471 0.00161027 0.00702622 0.000456476 -0.00789565 -0.00910383 0.00494206 -0.00961711
internal_weight=342955 263905 79050 18044 223118 211455 70932 140523 24679 115844 40787 37281 65932 2899
internal_count=342955 263905 79050 18044 223118 211455 70932 140523 24679 115844 40787 37281 65932 2899
is_linear=0
shrinkage=0.04


Tree=62
num_leaves=15
num_cat=0
split_feature=2 2 3 10 2 1 3 2 1 3 10 1 3 3
split_gain=53431 2560.68 1524.53 544.354 485.138 442.556 970.334 654.791 560.734 806.068 513.126 503.746 564.817 398.059
threshold=52.821016000000007 78.13199250000001 1.0000000180025095e-35 -1.0000000180025095e-35 243.09978450000003 14.981513036874313 20.000043500000004 137.70754250000002 25.348070454446127 23.729897500000003 -19.510754806993493 21.538870785866731 14.744584000000001 28.750557500000003
decision_type=2 2 2 2 2 2 2 2 2 2 2 2 2 2
left_child=2 -2 -1 -4 5 -3 11 8 -8 -10 -9 12 -7 -11
right_child=1 4 3 -5 -6 6 7 10 9 13 -12 -13 -14 -15
leaf_value=-0.0065548480004964382 -0.0027287624348411167 0.00024653639819012361 -0.0035368148040145365 -0.008227996525507297 0.031162711823578038 0.056760780338502279 -0.0015936423038626713 0.0081398228054713855 0.063392431918046055 -0.0055398044843947263 0.015957276557450609 0.067890025925650924 0.0059387767464046757 0.0018428075746833117
leaf_weight=60975 37623 127355 13003 2858 4437 2294 31134 10805 1852 4390 3325 2142 8904 32087
leaf_count=60975 37623 127355 13003 2858 4437 2294 31134 10805 1852 4390 3325 2142 8904 32087
internal_value=-0.00774069 0.00073648 -0.0371263 -0.0260791 0.00232716 0.00206806 0.00410469 0.00250595 0.000909261 0.0041483 0.0103553 0.0141229 0.0107233 0.00284124
internal_weight=343184 266348 76836 15861 228725 224288 96933 83593 69463 38329 14130 13340 11198 36477
internal_count=343184 266348 76836 15861 228725 224288 96933 83593 69463 38329 14130 13340 11198 36477
is_linear=0
shrinkage=0.04


Tree=63
num_leaves=15
num_cat=0
split_feature=3 9 1 0 3 3 3 0 0 10 3 3 10 10
split_gain=48194.8 3978.42 3328.65 851.255 579.896 445.961 403.468 351.438 346.685 334.67 353.164 300.317 1319.96 442.287
threshold=1.0000000180025095e-35 0.00023108701635560228 1.6947819998084697 13.543437555993423 5.2582130000000005 14.953235500000002 208.03935750000002 0.73484997327970281 4.6830707526958282 -34.946988321203051 33.326672000000009 22.724640000000004 -24.519379877582001 15.323317000000001
decision_type=2 2 2 2 2 2 2 2 2 2 2 2 2 2
left_child=-1 2 7 4 8 -5 9 -2 -4 10 -3 12 -11 -14
right_child=1 6 3 5 -6 -7 -8 -9 -10 11 -12 -13 13 -15
leaf_value=-0.0062926540804765811 -0.0035719960738534694 0.086411263232186536 0.00055577307631257125 0.047064689231823331 -0.0030421799940825991 0.0028527153068220791 -0.044883536362641793 -0.0028220906524460878 0.02331591769969641 0.073603025345084241 0.0026687319197487591 0.00015041315554144673 0.00060499200198908646 0.013884057576924685
leaf_weight=61020 9082 780 4431 1020 30134 8598 3055 11539 991 2662 17524 122044 54417 15848
leaf_count=61020 9082 780 4431 1020 30134 8598 3055 11539 991 2662 17524 122044 54417 15848
internal_value=-0.00776663 -0.000794967 -0.00940801 -0.00332935 -0.00618517 0.00722811 0.00182462 -0.0227244 0.00585762 0.00203137 0.0072028 0.00154587 0.00357673 0.00252928
internal_weight=343145 282125 65795 45174 35556 9618 216330 20621 5422 213275 18304 194971 72927 70265
internal_count=343145 282125 65795 45174 35556 9618 216330 20621 5422 213275 18304 194971 72927 70265
is_linear=0
shrinkage=0.04


Tree=64
num_leaves=15
num_cat=0
split_feature=2 2 3 10 10 2 9 10 3 2 3 1 3 3
split_gain=53168.4 2301.53 1391.44 582.568 456.949 599.247 549.055 416.871 603.994 583.89 360.324 467.601 331.193 456.304
threshold=52.490995000000005 81.794326500000011 1.0000000180025095e-35 -1.0000000180025095e-35 69.410595500000014 118.82228100000002 0.45759602905910018 -29.881598908842061 26.817247000000005 151.52811450000004 17.212463500000002 4.4043422032524271 30.000025500000003 21.695706500000004
decision_type=2 2 2 2 2 2 2 2 2 2 2 2 2 2
left_child=2 10 -1 -4 5 -3 -7 8 -8 -9 11 -2 13 -5
right_child=1 4 3 12 -6 6 7 9 -10 -11 -12 -13 -14 -15
leaf_value=-0.0060409479172575152 -0.0026790391653906511 3.0294309681693221e-05 -0.0032691564378085139 -0.0078311906258954882 -0.0025375617472551681 0.011654487749892231 0.081756588920981574 -0.0008794101167038038 0.0038945519807054253 0.0072212440417373271 -0.0027776062319710051 0.0026271325802630077 3.6816731073695137 -0.0083932258467692561
leaf_weight=60941 16352 75501 11941 1644 23751 14150 1471 37958 12994 57192 20750 6937 196 1043
leaf_count=60941 16352 75501 11941 1644 23751 14150 1471 37958 12994 57192 20750 6937 196 1043
internal_value=-0.0077518 0.000638668 -0.0373265 -0.0263357 0.00228879 0.00291389 0.00462716 0.00366994 0.00999654 0.00270815 -0.0077177 -0.00430246 -0.0101977 -0.0138593
internal_weight=342821 267056 75765 14824 223017 199266 123765 109615 14465 95150 44039 23289 2883 2687
internal_count=342821 267056 75765 14824 223017 199266 123765 109615 14465 95150 44039 23289 2883 2687
is_linear=0
shrinkage=0.04


Tree=65
num_leaves=15
num_cat=0
split_feature=2 2 3 10 2 0 3 3 2 1 10 3 3 0
split_gain=53078.9 2085.21 1431.45 576.398 450.511 441.075 537.566 382.06 492.314 570.488 451.525 328.426 447.172 328.289
threshold=52.490995000000005 81.794326500000011 1.0000000180025095e-35 -1.0000000180025095e-35 243.09978450000003 13.897901314715343 15.515913000000001 180.61969250000004 151.52811450000004 15.460405522101714 -42.416017058153031 30.000025500000003 21.784633500000002 4.5357968541578639
decision_type=2 2 2 2 2 2 2 2 2 2 2 2 2 2
left_child=2 13 -1 -4 5 7 -7 8 10 -10 -3 12 -5 -2
right_child=1 4 3 11 -6 6 -8 -9 9 -11 -12 -13 -14 -15
leaf_value=-0.0057993100005672106 -0.0027951163201113574 0.0040360492874837737 -0.0031507839534573989 -0.0075179430008596709 0.029185256473226479 0.044903862530104276 0.0034969984446420409 -0.03718296279626504 0.0031318818779891401 0.015273948397393234 -0.00024625001670947278 3.5045360353696555 -0.0080574968128984906 -0.0011235364650298196
leaf_weight=60991 26884 7337 11904 1658 4393 1176 24027 4033 63203 8692 110490 196 999 17274
leaf_count=60991 26884 7337 11904 1658 4393 1176 24027 4033 63203 8692 110490 196 999 17274
internal_value=-0.00773589 0.000634147 -0.0372952 -0.0261164 0.00220442 0.00194996 0.00692775 0.00130247 0.00156144 0.00416997 -3.02138e-05 -0.00996845 -0.0136545 -0.0073083
internal_weight=343257 267509 75748 14757 223351 218958 25203 193755 189722 71895 117827 2853 2657 44158
internal_count=343257 267509 75748 14757 223351 218958 25203 193755 189722 71895 117827 2853 2657 44158
is_linear=0
shrinkage=0.04


Tree=66
num_leaves=15
num_cat=0
split_feature=3 9 0 0 3 1 3 0 3 10 0 10 3 1
split_gain=48204.7 3337.93 2865.82 969.269 438.53 453.2 398.225 353.35 331.074 330.943 284.605 281.477 326.213 948.868
threshold=1.0000000180025095e-35 0.00023108701635560228 0.94731559076962191 13.543437555993423 15.000171500000002 4.7624139124529874 14.426921000000002 18.456111583187848 5.2582130000000005 203.17970500000004 8.4252261249678799 -42.416017058153031 21.695706500000004 23.146710306454896
decision_type=2 2 2 2 2 2 2 2 2 2 2 2 2 2
left_child=-1 2 -2 4 5 -4 -5 9 -7 11 -10 -3 13 -13
right_child=1 7 3 6 -6 8 -8 -9 10 -11 -12 12 -14 -15
leaf_value=-0.0055673376005445268 -0.0029767724650411778 0.0039101515108152275 -0.0023519377492802816 0.048585594237324142 -0.0028607177448582233 0.02385007701602623 0.0029922155835298359 0.0049399849079065699 -0.0050665765408706431 -0.041454058552908089 0.0094733287986820229 0.00246150291196912 3.6689205080535636e-05 0.074301286400484071
leaf_weight=60945 12710 7460 14376 753 22429 847 8955 8826 2526 3183 3380 61875 132701 2061
leaf_count=60945 12710 7460 14376 753 22429 847 8955 8826 2526 3183 3380 61875 132701 2061
internal_value=-0.00774038 -0.000770556 -0.00864557 -0.00457327 -0.00712062 -0.00298547 0.0068562 0.00163364 0.00556197 0.00129988 0.00220792 0.00149948 0.00121015 0.00355731
internal_weight=343027 282082 65976 53266 43558 21129 9708 216106 6753 207280 5906 204097 196637 63936
internal_count=343027 282082 65976 53266 43558 21129 9708 216106 6753 207280 5906 204097 196637 63936
is_linear=0
shrinkage=0.04


Tree=67
num_leaves=15
num_cat=0
split_feature=2 2 3 10 2 10 2 9 1 3 9 2 3 3
split_gain=53036.1 1793.5 1470.53 542.36 438.857 376.436 460.439 611.358 431.565 581.105 368.335 366.256 331.924 462.654
threshold=52.490995000000005 81.794326500000011 1.0000000180025095e-35 -1.0000000180025095e-35 243.09978450000003 69.410595500000014 120.02318950000002 0.45759602905910018 29.442307843737986 26.817247000000005 1.3192899896652401e-05 151.52811450000004 30.000025500000003 21.217401500000005
decision_type=2 2 2 2 2 2 2 2 2 2 2 2 2 2
left_child=2 10 -1 -4 5 6 -3 -8 11 -10 -2 -9 13 -5
right_child=1 4 3 12 -6 -7 7 8 9 -11 -12 -13 -14 -15
leaf_value=-0.0053446440965227464 -0.0015666224869857936 2.7620237276277937e-05 -0.0029050181176480286 0.048015913540362991 0.028276666052004532 -0.0024036981631217025 0.011808794312454947 -0.00088457768597648872 0.075032018370734019 0.0034634076765663615 -0.002728901094681897 0.0054425139040203477 3.4104015577831501 -0.0077366645085857671
leaf_weight=61064 31139 79875 11932 1529 4431 23735 12876 36081 1655 11815 13047 52629 196 1115
leaf_count=61064 31139 79875 11932 1529 4431 23735 12876 36081 1655 11815 13047 52629 196 1115
internal_value=-0.00773667 0.000640071 -0.0372604 -0.0259356 0.00209828 0.00184574 0.00242486 0.00404464 0.00300959 0.00968077 -0.00672249 0.00199662 -0.0102254 -0.0139486
internal_weight=343119 267283 75836 14772 223097 218666 194931 115056 102180 13470 44186 88710 2840 2644
internal_count=343119 267283 75836 14772 223097 218666 194931 115056 102180 13470 44186 88710 2840 2644
is_linear=0
shrinkage=0.04


Tree=68
num_leaves=15
num_cat=0
split_feature=2 2 3 10 2 10 2 9 1 3 9 2 2 3
split_gain=52867.8 1705.15 1529.31 524.005 393.805 403.836 406.565 508.408 486.264 643.411 351.348 340.984 332.185 324.673
threshold=52.490995000000005 81.794326500000011 1.0000000180025095e-35 -1.0000000180025095e-35 225.34911350000002 80.004076500000011 118.2524145 0.50065118754124927 29.442307843737986 26.341262000000004 1.3192899896652401e-05 147.03555300000002 136.33075700000003 30.000025500000003
decision_type=2 2 2 2 2 2 2 2 2 2 2 2 2 2
left_child=2 10 -1 -4 5 6 -3 12 11 -10 -2 -9 -8 -5
right_child=1 4 3 13 -6 -7 7 8 9 -11 -12 -13 -14 -15
leaf_value=-0.0051308583326618341 -0.0015685618987985751 -3.0373052980279257e-05 -0.0027888173929421088 -0.0074271979282423397 0.009946754562093223 -0.0037639152329351443 0.0046713138799489773 -0.0012692327202417798 0.075972231136457721 0.0034387111577405707 -0.0025571970683733979 0.0042431268683392424 0.017660189329249711 3.253385519885887
leaf_weight=61172 31114 73354 11949 2698 9990 20521 10530 33753 1576 14071 12961 53250 6011 191
leaf_count=61172 31114 73354 11949 2698 9990 20521 10530 33753 1576 14071 12961 53250 6011 191
internal_value=-0.00777185 0.0006033 -0.0372056 -0.0256854 0.00202389 0.00165996 0.00222847 0.00367041 0.00262172 0.00911357 -0.00658605 0.0014542 0.0101783 -0.0103981
internal_weight=343141 267131 76010 14838 223056 213066 192545 119191 102650 15647 44075 87003 16541 2889
internal_count=343141 267131 76010 14838 223056 213066 192545 119191 102650 15647 44075 87003 16541 2889
is_linear=0
shrinkage=0.04


Tree=69
num_leaves=15
num_cat=0
split_feature=2 2 3 10 2 1 3 2 0 3 10 8 3 3
split_gain=52534.4 1594.46 1593.73 528.465 402.182 526.489 1162.18 647.671 471.301 340.136 753.144 512.461 339.453 453.93
threshold=52.490995000000005 78.13199250000001 1.0000000180025095e-35 -1.0000000180025095e-35 186.97550950000002 12.660195867716896 14.013821000000002 134.36869850000002 19.952803443312941 40.30890500000001 36.307524500000007 0.98221501739425299 30.000025500000003 21.217401500000005
decision_type=2 2 2 2 2 2 2 2 2 2 2 2 2 2
left_child=2 -2 -1 -4 5 9 -7 8 -8 10 -3 -11 13 -5
right_child=1 4 3 12 -6 6 7 -9 -10 11 -12 -13 -14 -15
leaf_value=-0.0049256239993553663 -0.0021192140365668567 -0.00018337051179407205 -0.0026705426374180963 0.05603720706370531 0.0057590730184557942 0.038534454523572792 -0.00021635834207504591 0.0071441914660538468 0.005048904784769841 -0.00193687820226347 0.063422802496349767 -0.017485734568866578 3.1276717909849823 -0.0071301100111126475
leaf_weight=61007 38660 58405 11927 1548 34251 3462 73675 22589 9810 23022 2419 826 202 1133
leaf_count=61007 38660 58405 11927 1548 34251 3462 73675 22589 9810 23022 2419 826 202 1133
internal_value=-0.00775632 0.000584459 -0.0371426 -0.025372 0.00185574 0.00115093 0.00298203 0.00223768 0.000611846 -0.00121788 0.000369591 -0.00526669 -0.0100035 -0.013771
internal_weight=342936 267119 75817 14810 228459 194208 109536 106074 83485 84672 60824 23848 2883 2681
internal_count=342936 267119 75817 14810 228459 194208 109536 106074 83485 84672 60824 23848 2883 2681
is_linear=0
shrinkage=0.04


Tree=70
num_leaves=15
num_cat=0
split_feature=2 3 2 10 2 0 3 2 0 10 3 3 3 3
split_gain=52386.5 1651.27 1460.85 501.715 400.544 388.618 492.043 364.659 597.399 384.475 354.07 376.571 538.735 432.325
threshold=52.490995000000005 1.0000000180025095e-35 78.13199250000001 -1.0000000180025095e-35 243.09978450000003 13.264101984003576 14.426921000000002 151.52811450000004 1.1722812267536751 -42.416017058153031 180.61969250000004 15.000171500000002 17.302557000000004 18.389647500000002
decision_type=2 2 2 2 2 2 2 2 2 2 2 2 2 2
left_child=1 -1 -2 -3 5 7 -7 9 10 -4 11 -9 -13 -14
right_child=2 3 4 -5 -6 6 -8 8 -10 -11 -12 12 13 -15
leaf_value=-0.004728599039381152 -0.0020376821633164167 -0.0025593183808268272 0.0035166555261379306 -0.0068449056106681377 0.026740876348271644 0.047521887671060421 0.0027752162840939312 -0.0062937445587957974 0.01205130698850709 -0.00035433930847887483 -0.033200492524947334 0.022346974775604486 -0.055420480543759219 0.0027229213809836007
leaf_weight=61034 38724 11950 7352 2875 4412 1038 28100 6507 10915 112245 3516 5258 942 48180
leaf_count=61034 38724 11950 7352 2875 4412 1038 28100 6507 10915 112245 3516 5258 942 48180
internal_value=-0.00775565 -0.0370914 0.000573227 -0.025117 0.00179091 0.00155588 0.00586451 0.000911782 0.00309196 -0.000461216 0.00162539 0.0023381 0.00342626 0.00212369
internal_weight=343048 75859 267189 14825 228465 224053 29138 194915 75318 119597 64403 60887 54380 49122
internal_count=343048 75859 267189 14825 228465 224053 29138 194915 75318 119597 64403 60887 54380 49122
is_linear=0
shrinkage=0.04


Tree=71
num_leaves=15
num_cat=0
split_feature=2 3 2 8 9 2 3 3 3 9 0 3 2 1
split_gain=52047.7 1690.7 1368.68 470.992 361.57 341.838 324.518 323.702 452.973 292.664 285.398 526.979 383.119 472.744
threshold=52.490995000000005 1.0000000180025095e-35 81.794326500000011 0.99747694329302783 1.3192899896652401e-05 243.09978450000003 208.03935750000002 30.000025500000003 21.217401500000005 1.934702759798235e-05 13.897901314715343 15.421393000000002 151.52811450000004 15.728109095077484
decision_type=2 2 2 2 2 2 2 2 2 2 2 2 2 2
left_child=1 -1 4 7 -2 6 10 8 -3 -6 12 -12 -4 -14
right_child=2 3 5 -5 9 -7 -8 -9 -10 -11 11 -13 13 -15
leaf_value=-0.004539455077805901 -0.0013424380449867802 -0.01099881179858146 -6.9771880803299878e-05 -0.002449998128198736 -0.004512682053535424 0.025228446312820091 -0.038260612548680885 2.9729685678649314 -0.0065711093862414142 -0.0021966230103574905 0.042639305597400659 0.0027753287423992689 0.0024458330472580015 0.013019738603188086
leaf_weight=60957 31085 1577 117719 11958 1068 4429 3047 190 1126 11888 1142 23954 64190 8434
leaf_count=60957 31085 1577 117719 11958 1068 4429 3047 190 1126 11888 1142 23954 64190 8434
internal_value=-0.00780152 -0.0370515 0.000504652 -0.0249492 -0.00593901 0.00177772 0.0015547 -0.0104666 -0.0140141 -0.0115529 0.00173803 0.00574753 0.0012094 0.00349416
internal_weight=342764 75808 266956 14851 44041 222915 218486 2893 2703 12956 215439 25096 190343 72624
internal_count=342764 75808 266956 14851 44041 222915 218486 2893 2703 12956 215439 25096 190343 72624
is_linear=0
shrinkage=0.04


Tree=72
num_leaves=15
num_cat=0
split_feature=2 3 2 10 10 2 9 9 10 3 0 2 3 10
split_gain=51756.3 1802.88 1286.43 454.162 364.419 472.909 664.119 357.377 346.322 358.755 343.543 334.18 361.573 418.402
threshold=52.490995000000005 1.0000000180025095e-35 81.794326500000011 -1.0000000180025095e-35 69.410595500000014 127.64214350000002 0.45008074622555372 1.3192899896652401e-05 -29.881598908842061 27.302444500000004 20.464892300603292 171.63034850000003 15.216990000000001 17.360102000000005
decision_type=2 2 2 2 2 2 2 2 2 2 2 2 2 2
left_child=1 -1 7 -3 5 10 -7 -2 9 -8 -4 -10 -13 -14
right_child=2 3 4 -5 -6 6 8 -9 11 -11 -12 12 13 -15
leaf_value=-0.0043578768746936622 -0.0012796879381840266 -0.0023597325017768434 -0.00010421946035404251 -0.0063082650107917542 -0.0024939051680506717 0.015538468159916712 0.077665487804097336 -0.0022781066731956657 0.00035458503465789714 0.0056756782656889326 0.0046093300741730523 -0.0020236691788416872 0.020088302209396895 0.0064312495717208495
leaf_weight=61013 31075 11957 92946 2860 23876 7832 1156 13006 45977 4527 8776 8194 7758 22139
leaf_count=61013 31075 11957 92946 2860 23876 7832 1156 13006 45977 4527 8776 8194 7758 22139
internal_value=-0.00779406 -0.0369606 0.000481325 -0.0244449 0.00171466 0.0022741 0.00426345 -0.00576303 0.00328865 0.0128453 0.000365703 0.00264262 0.00541335 0.00745359
internal_weight=343092 75830 267262 14817 223181 199305 97583 44081 89751 5683 101722 84068 38091 29897
internal_count=343092 75830 267262 14817 223181 199305 97583 44081 89751 5683 101722 84068 38091 29897
is_linear=0
shrinkage=0.04


Tree=73
num_leaves=15
num_cat=0
split_feature=2 3 2 10 3 3 2 0 3 2 2 1 3 1
split_gain=51555.3 1882.18 1192.94 430.711 320.53 450.082 317.047 326.682 686.466 464.905 318.054 435.108 913.976 395.59
threshold=52.490995000000005 1.0000000180025095e-35 78.13199250000001 -1.0000000180025095e-35 30.000025500000003 21.217401500000005 243.09978450000003 11.064461373426036 14.114950000000002 119.71316900000001 151.52811450000004 27.503874283373722 24.888010500000004 16.038379061049334
decision_type=2 2 2 2 2 2 2 2 2 2 2 2 2 2
left_child=1 -1 -2 -3 5 -5 7 10 -9 -10 11 -4 -13 -12
right_child=2 3 6 4 -6 -7 -8 8 9 -11 13 12 -14 -15
leaf_value=-0.0041835617997059236 -0.0018219875239457606 -0.0022705168848722759 -0.0006607494289309979 0.024999901944535895 2.8601870129285003 -0.0060559344103600843 0.024173384568543305 0.034289806677321136 0.00040489919523574837 0.0083173065735767972 0.0017662884073045238 0.067570994010679564 0.00084180491001420335 0.011173735989002096
leaf_weight=60969 38665 11839 81660 1553 191 1092 4446 2088 30199 10820 66689 1603 22948 7887
leaf_count=60969 38665 11839 81660 1553 191 1092 4446 2088 30199 10820 66689 1603 22948 7887
internal_value=-0.00775406 -0.0369044 0.00050441 -0.0240436 -0.0100423 -0.013656 0.00160462 0.00139459 0.00452363 0.00338477 0.000648498 -0.00075736 0.00391186 0.00265072
internal_weight=342649 75644 267005 14675 2836 2645 228340 223894 43107 41019 180787 106211 24551 74576
internal_count=342649 75644 267005 14675 2836 2645 228340 223894 43107 41019 180787 106211 24551 74576
is_linear=0
shrinkage=0.04


Tree=74
num_leaves=15
num_cat=0
split_feature=3 8 1 0 3 9 9 3 3 0 3 3 8 10
split_gain=48248.3 2242.32 2469.28 634.797 432.721 402.391 487.829 371.524 306.662 234.796 220.021 283.931 218.336 209.98
threshold=1.0000000180025095e-35 0.99896838550821088 0.89000999100991895 13.543437555993423 28.110675000000004 0.00014494518250862678 1.3192899896652401e-05 20.000043500000004 208.03935750000002 20.464892300603292 9.2735185000000016 21.880192500000003 0.99999995294695732 -42.416017058153031
decision_type=2 2 2 2 2 2 2 2 2 2 2 2 2 2
left_child=-1 8 10 4 5 6 -4 -5 9 13 -3 -12 -9 -2
right_child=1 2 3 7 -6 -7 -8 12 -10 -11 11 -13 -14 -15
leaf_value=-0.0040162193277176782 0.0032833920720627451 -0.0024651690793504335 -0.0011657177780785854 0.015984138096364613 -0.0036500086798193013 0.0048223071734060444 -0.0029771977743206792 -0.042059899142090219 -0.037177229120627535 0.0044637343805451349 -0.001532612271914733 -0.0018614296394684439 0.0018413913752322797 0.00047821308054801114
leaf_weight=61114 7499 8654 35175 4228 5129 2697 3755 1087 3049 6363 3035 1202 4683 195443
leaf_count=61114 7499 8654 35175 4228 5129 2697 3755 1087 3049 6363 3035 1202 4683 195443
internal_value=-0.00777924 -0.000796457 -0.00702477 -0.00343518 -0.00539139 -0.00404065 -0.00507578 0.00571314 0.00124622 0.00142968 -0.0228283 -0.0153599 -0.000887348 0.00119246
internal_weight=343113 281999 69645 56754 46756 41627 38930 9998 212354 209305 12891 4237 5770 202942
internal_count=343113 281999 69645 56754 46756 41627 38930 9998 212354 209305 12891 4237 5770 202942
is_linear=0
shrinkage=0.04


Tree=75
num_leaves=15
num_cat=0
split_feature=2 3 2 10 3 3 2 1 3 2 10 3 0 1
split_gain=51142.5 2044.4 1039.03 353.826 323.889 431.711 303.431 322.316 1011.27 554.453 549.138 493.101 413.955 410.522
threshold=52.490995000000005 1.0000000180025095e-35 78.13199250000001 -1.0000000180025095e-35 30.000025500000003 21.217401500000005 225.34911350000002 14.981513036874313 19.424549500000001 137.70754250000002 -20.496927900603492 14.530872 16.446035812880364 25.348070454446127
decision_type=2 2 2 2 2 2 2 2 2 2 2 2 2 2
left_child=1 -1 -2 -3 5 -5 7 -4 10 13 -9 -12 -13 -10
right_child=2 3 6 4 -6 -7 -8 8 9 -11 11 12 -14 -15
leaf_value=-0.0038555705546089668 -0.0016984029779677945 -0.0020810894463033679 -8.1519565836769004e-05 -0.011325653327209891 2.8196285711170357 -0.0058328255571676027 0.0085015392430226565 0.086081437190447807 -0.0016048386171348111 0.0083178672076611986 0.051852080744295377 0.0018066767298867015 0.064509254439317584 0.0012851213488710789
leaf_weight=60986 38685 11895 121820 1544 188 1117 9959 1796 32922 14777 2049 6130 796 38221
leaf_count=60986 38685 11895 121820 1544 188 1117 9959 1796 32922 14777 2049 6130 796 38221
internal_value=-0.00775339 -0.0367685 0.000471487 -0.0234021 -0.0107406 -0.0143254 0.00149796 0.00118676 0.00291113 0.00146276 0.0144648 0.0104245 0.00532486 -1.68674e-06
internal_weight=342885 75730 267155 14744 2849 2661 228470 218511 96691 85920 10771 8975 6926 71143
internal_count=342885 75730 267155 14744 2849 2661 228470 218511 96691 85920 10771 8975 6926 71143
is_linear=0
shrinkage=0.04


Tree=76
num_leaves=15
num_cat=0
split_feature=2 3 2 10 9 3 3 10 2 9 10 3 2 3
split_gain=50919.9 2098.06 995.288 370.434 329.171 320.567 453.913 316.608 413.079 427.843 317.937 699.312 388.167 349.264
threshold=52.490995000000005 1.0000000180025095e-35 81.794326500000011 -1.0000000180025095e-35 1.3192899896652401e-05 30.000025500000003 21.217401500000005 69.410595500000014 118.82228100000002 0.45759602905910018 -29.152984308234206 26.026883000000005 171.63034850000003 15.216990000000001
decision_type=2 2 2 2 2 2 2 2 2 2 2 2 2 2
left_child=1 -1 4 -3 -2 6 -5 8 -4 -10 11 -11 -12 -14
right_child=2 3 7 5 -6 -7 -8 -9 9 10 12 -13 13 -15
leaf_value=-0.0037013477324246047 -0.0010450307503678147 -0.0020175940793582116 -7.1546172502849891e-05 0.012827277101804037 -0.002042981608823562 2.7068434282723546 -0.0055995125348808905 -0.002460578101473202 0.0090958206667171582 0.071116487218905289 -0.00032128805182515043 0.0027058810981410255 -0.0026278110589237169 0.0094235228697491999
leaf_weight=60956 31116 11846 75625 1556 13009 190 1096 23858 14188 1640 56041 13856 8086 29906
leaf_count=60956 31116 11846 75625 1556 13009 190 1096 23858 14188 1640 56041 13856 8086 29906
internal_value=-0.00775592 -0.0367299 0.000442757 -0.023159 -0.00504657 -0.01019 -0.0137858 0.00152796 0.00204914 0.00347276 0.00262615 0.00793495 0.0017513 0.0048726
internal_weight=342969 75644 267325 14688 44125 2842 2652 223200 199342 123717 109529 15496 94033 37992
internal_count=342969 75644 267325 14688 44125 2842 2652 223200 199342 123717 109529 15496 94033 37992
is_linear=0
shrinkage=0.04


Tree=77
num_leaves=15
num_cat=0
split_feature=3 8 0 0 3 9 9 3 10 0 3 3 0 3
split_gain=48157.6 1937.32 2303.04 652.287 481.046 369.072 390.369 356.303 269.804 241.349 218.36 202.063 193.83 379.931
threshold=1.0000000180025095e-35 0.99896838550821088 0.73484997327970281 13.543437555993423 28.110675000000004 0.00014494518250862678 1.3192899896652401e-05 14.426921000000002 123.47118900000001 20.923007547427293 8.5307070000000014 25.192897000000006 4.5357968541578639 4.9222700000000001
decision_type=2 2 2 2 2 2 2 2 2 2 2 2 2 2
left_child=-1 8 10 4 5 6 12 -5 9 -2 -3 -9 -4 -14
right_child=1 2 3 7 -6 -7 -8 11 -10 -11 -12 -13 13 -15
leaf_value=-0.0035532938231276211 0.00060236887206490124 -0.0022213046075657151 -0.0013614274276969019 0.039493788285778306 -0.003216412431552853 0.0040999815073054667 -0.0022874500091034735 0.0072346997986355091 -0.0074208032037196905 0.0044188369606904089 -0.0016374764134019593 -0.0028066741366122483 0.023621352186422646 -0.00080782276572818998
leaf_weight=61093 194650 7162 22648 769 5417 3120 4028 5919 11720 5864 2533 3343 758 14033
leaf_count=61093 194650 7162 22648 769 5417 3120 4028 5919 11720 5864 2533 3343 758 14033
internal_value=-0.00780337 -0.00082734 -0.00661179 -0.00369051 -0.00555796 -0.00419046 -0.0051887 0.00561858 0.00107316 0.00141796 -0.0247014 0.00344634 -0.0039157 -0.000354269
internal_weight=343057 281964 69730 60035 50004 44587 41467 10031 212234 200514 9695 9262 37439 14791
internal_count=343057 281964 69730 60035 50004 44587 41467 10031 212234 200514 9695 9262 37439 14791
is_linear=0
shrinkage=0.04


Tree=78
num_leaves=15
num_cat=0
split_feature=2 3 2 10 3 3 2 10 9 3 3 2 0 2
split_gain=50293.2 2344.74 878.867 315.326 309.867 420.09 307.173 417.165 297.643 295.133 352.882 289.616 434.705 381.016
threshold=52.490995000000005 1.0000000180025095e-35 81.794326500000011 -1.0000000180025095e-35 11.400451000000002 30.000025500000003 194.96920000000003 69.410595500000014 1.3192899896652401e-05 15.216990000000001 17.302557000000004 117.67490400000001 3.2314182214429095 143.33889000000002
decision_type=2 2 2 2 2 2 2 2 2 2 2 2 2 2
left_child=1 -1 8 -3 -5 -6 7 11 -2 -8 -11 -4 -13 -14
right_child=2 3 6 4 5 -7 9 -9 -10 10 -12 12 13 -15
leaf_value=-0.0034111620702025115 -0.00097283922864829894 -0.0018465051004176304 -0.00014476089390265347 0.45967422460177754 -0.0053996267883682589 2.4911935424389302 -0.0018717181389831072 -0.0067882251464037946 -0.0019018542451617248 0.023004771216102855 0.0042353076971732451 0.00016477688201386732 0.0021303444799116102 0.010557547740577653
leaf_weight=61027 31120 11931 71298 746 1957 187 6942 16288 13007 4324 17215 53486 41663 11942
leaf_count=61027 31120 11931 71298 746 1957 187 6942 16288 13007 4324 17215 53486 41663 11942
internal_value=-0.00778672 -0.0365341 0.00037099 -0.022263 -0.0104083 -0.0181343 0.00139094 0.000823312 -0.00478709 0.00527088 0.00758252 0.00138282 0.00269789 0.00524354
internal_weight=343133 75848 267285 14821 2890 2144 223158 194677 44127 28481 21539 178389 107091 53605
internal_count=343133 75848 267285 14821 2890 2144 223158 194677 44127 28481 21539 178389 107091 53605
is_linear=0
shrinkage=0.04


Tree=79
num_leaves=15
num_cat=0
split_feature=2 3 2 2 1 3 10 3 3 2 10 2 8 3
split_gain=50225.4 2413.22 778.592 339.777 669.899 360.992 311.675 313.539 415.993 303.85 248.136 364.386 409.752 303.681
threshold=52.490995000000005 1.0000000180025095e-35 78.13199250000001 56.224499000000009 2.8717861152152424 4.7551805000000007 -1.0000000180025095e-35 11.400451000000002 30.000025500000003 266.29190050000005 97.19670050000002 150.49664300000003 0.53740780411147537 13.909848000000002
decision_type=2 2 2 2 2 2 2 2 2 2 2 2 2 2
left_child=1 -1 3 -2 -5 -6 -3 -8 -9 10 11 -4 13 -13
right_child=2 6 9 4 5 -7 7 8 -10 -11 -12 12 -14 -15
leaf_value=-0.0032747155873944144 0.00022037481381313563 -0.0017780045460591243 0.00017309473135938448 -0.0063597378993192821 0.019449091196107018 -0.0014639518269346575 0.52511793646487437 -0.0051836417168335206 2.4191448302823888 0.039722315167720235 -0.0032971310601694558 -0.013379858232360396 0.024214080427133983 0.0046597431152451034
leaf_weight=61077 10783 11970 143757 6893 967 19962 746 1946 186 1142 19455 3865 2902 57211
leaf_count=61077 10783 11970 143757 6893 967 19962 746 1946 186 1142 19455 3865 2902 57211
internal_value=-0.00777782 -0.0364839 0.000387058 -0.00486673 -0.00720293 -0.00364088 -0.0220205 -0.0102015 -0.0180113 0.00127534 0.00117188 0.00157643 0.00408766 0.00338987
internal_weight=342862 75925 266937 38605 27822 20929 14848 2878 2132 228332 227190 207735 63978 61076
internal_count=342862 75925 266937 38605 27822 20929 14848 2878 2132 228332 227190 207735 63978 61076
is_linear=0
shrinkage=0.04


Tree=80
num_leaves=15
num_cat=0
split_feature=2 3 2 10 3 3 2 10 2 0 3 10 3 2
split_gain=49851.7 2042.28 974.38 328.569 323.662 439.114 320.301 272.321 276.622 349.124 435.388 289.642 1251.29 281.752
threshold=52.008179000000005 1.0000000180025095e-35 78.13199250000001 -1.0000000180025095e-35 30.000025500000003 21.217401500000005 266.29190050000005 203.17970500000004 174.82629400000002 13.264101984003576 14.114950000000002 -27.81578497759271 24.888010500000004 119.71316900000001
decision_type=2 2 2 2 2 2 2 2 2 2 2 2 2 2
left_child=1 -1 -2 -3 5 -5 7 8 9 11 -11 12 -4 -12
right_child=2 3 6 4 -6 -7 -8 -9 -10 10 13 -13 -14 -15
leaf_value=-0.0031437269638986366 -0.001369814961468574 -0.0017835159737982532 0.074301533962293456 -0.010986482292868178 2.3566708766707025 -0.0049762960481601762 0.039020313675918898 -0.034966533294614618 0.0040994221624184087 0.043841996422270033 0.00078156534228128298 -0.00040405448965065373 0.00051204566118854709 0.008142374574867231
leaf_weight=60954 40831 9664 1964 1566 196 1126 1119 3194 46255 843 21083 121705 25130 7221
leaf_count=60954 40831 9664 1964 1566 196 1126 1119 3194 46255 843 21083 121705 25130 7221
internal_value=-0.00777726 -0.0369744 0.000190833 -0.0222817 -0.0104432 -0.0140565 0.0012078 0.00110275 0.00126797 0.000551628 0.00455484 -0.000232528 0.00350779 0.00371114
internal_weight=342851 73506 269345 12552 2888 2692 228514 227395 224201 177946 29147 148799 27094 28304
internal_count=342851 73506 269345 12552 2888 2692 228514 227395 224201 177946 29147 148799 27094 28304
is_linear=0
shrinkage=0.04


Tree=81
num_leaves=15
num_cat=0
split_feature=2 3 2 10 3 3 2 2 2 1 3 10 2 0
split_gain=49784.1 2122.15 889.122 303.559 311.666 445.93 267.636 264.523 429.351 686.079 358.838 246.047 251.029 468.745
threshold=52.008179000000005 1.0000000180025095e-35 78.13199250000001 -1.0000000180025095e-35 30.000025500000003 21.217401500000005 266.29190050000005 52.821016000000007 56.224499000000009 2.8717861152152424 5.2582130000000005 203.17970500000004 153.48967000000002 7.3103309089084414
decision_type=2 2 2 2 2 2 2 2 2 2 2 2 2 2
left_child=1 -1 7 -3 5 -5 11 -2 -9 -10 -11 12 -4 -14
right_child=2 3 6 4 -6 -7 -8 8 9 10 -12 -13 13 -15
leaf_value=-0.0030179778853426952 -0.0013300041756573134 -0.0017147082302697125 0.00010427201874264824 -0.010547023001153448 2.3040862347116779 -0.0047772442062337644 0.036078587644589905 0.00053607196456874286 -0.0060501123263306368 0.011182343308906537 -0.0014614884660516902 -0.033163301125642732 0.0027435698180303535 0.018381277705332249
leaf_weight=61003 3280 9734 150152 1542 189 1120 1116 9756 6937 2258 18659 3185 71155 3118
leaf_count=61003 3280 9734 150152 1542 189 1120 1116 9756 6937 2258 18659 3185 71155 3118
internal_value=-0.00775399 -0.0369147 0.000205032 -0.0219595 -0.0104805 -0.0140045 0.00117625 -0.00522768 -0.00427759 -0.00680692 -0.00319166 0.00108044 0.00123712 0.00313923
internal_weight=343204 73588 269616 12585 2851 2662 228726 40890 37610 27854 20917 227610 224425 74273
internal_count=343204 73588 269616 12585 2851 2662 228726 40890 37610 27854 20917 227610 224425 74273
is_linear=0
shrinkage=0.04


Tree=82
num_leaves=15
num_cat=0
split_feature=2 7 2 2 10 0 2 10 2 1 0 2 2 2
split_gain=49633 2200.37 864.187 300.695 288.657 284.921 353.16 247.069 326.536 304.643 239.769 410.307 236.699 410.99
threshold=52.008179000000005 1.0000000180025095e-35 78.13199250000001 243.09978450000003 -1.0000000180025095e-35 11.064461373426036 136.97528100000002 -42.416017058153031 151.52811450000004 16.038379061049334 2.0071510389434963 130.92199700000003 52.821016000000007 56.224499000000009
decision_type=2 2 2 2 2 2 2 2 2 2 2 2 2 2
left_child=1 -1 12 5 -3 7 -7 -4 10 -10 -9 -12 -2 -14
right_child=2 4 3 -5 -6 6 -8 8 9 -11 11 -13 13 -15
leaf_value=-0.0028972587699289854 -0.0012506313106317979 -0.001643792935726891 0.0032492586249717936 0.021416726950847585 -0.0045861544379844155 0.0016194230555742074 0.016446396949675465 -0.0064298506692240399 0.0011849600092670887 0.0090766697614470902 -0.00041020411021764681 0.0046512055605871794 0.00049805285168346813 -0.0023681527426275741
leaf_weight=60967 3312 9705 6765 4417 2843 40165 3009 20955 66759 7885 65280 13480 9759 27882
leaf_count=60967 3312 9705 6765 4417 2843 40165 3009 20955 66759 7885 65280 13480 9759 27882
internal_value=-0.00772591 -0.0368605 0.000216563 0.00117474 -0.0216066 0.000971208 0.00389123 0.000275171 -1.58294e-05 0.00198489 -0.00151351 -0.000501778 -0.00513467 -0.00423262
internal_weight=343183 73515 269668 228715 12548 224298 43174 181124 174359 74644 99715 78760 40953 37641
internal_count=343183 73515 269668 228715 12548 224298 43174 181124 174359 74644 99715 78760 40953 37641
is_linear=0
shrinkage=0.04


Tree=83
num_leaves=15
num_cat=0
split_feature=2 3 2 5 2 10 2 9 10 3 2 2 3 3
split_gain=49321 2269.54 831.135 283.088 281.037 243.921 280.419 359.058 316.457 552.527 301.206 300.432 311.225 693.772
threshold=52.008179000000005 1.0000000180025095e-35 78.13199250000001 1.0000000180025095e-35 255.63282050000001 97.19670050000002 117.67490400000001 0.45008074622555372 -29.881598908842061 25.878068000000003 136.97528100000002 152.58179500000003 23.941368500000006 30.638647000000002
decision_type=2 2 2 2 2 2 2 2 2 2 2 2 2 2
left_child=1 -1 -2 -3 5 6 -4 10 9 -9 -8 12 -10 -14
right_child=2 3 4 -5 -6 -7 7 8 11 -11 -12 -13 13 -15
leaf_value=-0.0027813684191318267 -0.0012421607669504198 4.3528977932757389 -0.00014173267988089932 -0.0017529309704736118 0.029257194931226263 -0.0034402671387308284 0.0033070082337077712 0.071132215884895211 0.0021474646208362726 0.0025304845233281559 0.015923323029695343 0.0031276955283403929 -0.0096333183311994204 0.0010405002430363775
leaf_weight=60964 40813 127 76521 12399 2271 19488 10302 1178 17958 14504 5012 57903 10686 12809
leaf_count=60964 40813 127 76521 12399 2271 19488 10302 1178 17958 14504 5012 57903 10686 12809
internal_value=-0.00776742 -0.0368137 0.000154837 -0.0213061 0.00109346 0.000952991 0.001356 0.00248435 0.00171839 0.00699911 0.00823821 0.000884899 -0.00171471 -0.00474484
internal_weight=342935 73490 269445 12526 228632 226361 206873 130352 115038 15682 15314 99356 41453 23495
internal_count=342935 73490 269445 12526 228632 226361 206873 130352 115038 15682 15314 99356 41453 23495
is_linear=0
shrinkage=0.04


Tree=84
num_leaves=15
num_cat=0
split_feature=2 3 2 5 10 2 9 1 3 0 3 2 3 10
split_gain=49238.2 2395.88 830.733 283.003 262.103 357.876 535.743 308.803 330.029 276.532 343.241 242.936 278.267 516.908
threshold=52.008179000000005 1.0000000180025095e-35 78.13199250000001 1.0000000180025095e-35 69.410595500000014 128.06903100000002 0.45008074622555372 30.028412915108998 27.302444500000004 19.952803443312941 23.536290500000003 266.29190050000005 14.114950000000002 12.759740000000003
decision_type=2 2 2 2 2 2 2 2 2 2 2 2 2 2
left_child=1 -1 -2 -3 5 9 -7 11 -9 -4 -11 12 13 -8
right_child=2 3 4 -5 -6 6 7 8 -10 10 -12 -13 -14 -15
leaf_value=-0.0026701136823665552 -0.0012205024820589028 4.1970899870134604 -0.00018447415640418185 -0.0016800256119216695 -0.0023636361338612343 0.01303385488767359 0.021352000296069446 0.068906393897215604 0.0052444312234502148 0.068077919261342018 0.0022114286381709871 0.033174741312747245 0.0024822016917467327 -0.025832113908183754
leaf_weight=61081 40891 129 98603 12405 23870 7614 1641 1054 4240 777 8818 1113 77061 3938
leaf_count=61081 40891 129 98603 12405 23870 7614 1641 1054 4240 777 8818 1113 77061 3938
internal_value=-0.00773709 -0.0367311 0.000179215 -0.020801 0.001118 0.00158021 0.00334902 0.00247824 0.0118474 0 0.00648254 0.00188602 0.00163601 -0.0069905
internal_weight=343235 73615 269620 12534 228729 204859 96661 89047 5294 108198 9595 83753 82640 5579
internal_count=343235 73615 269620 12534 228729 204859 96661 89047 5294 108198 9595 83753 82640 5579
is_linear=0
shrinkage=0.04


Tree=85
num_leaves=15
num_cat=0
split_feature=2 3 2 5 2 10 3 3 0 3 2 0 3 1
split_gain=48816.1 2511.65 735.9 278.956 248.562 334.383 297.542 338.936 212.118 319.69 237.854 326.21 322.937 314.081
threshold=52.008179000000005 1.0000000180025095e-35 78.13199250000001 1.0000000180025095e-35 194.96920000000003 92.200454500000021 15.317492500000002 17.302557000000004 18.456111583187848 23.536290500000003 118.2524145 3.2314182214429095 15.000171500000002 28.397201500027663
decision_type=2 2 2 2 2 2 2 2 2 2 2 2 2 2
left_child=1 -1 -2 -3 5 8 -6 -8 10 -10 -4 -12 -13 -14
right_child=2 3 4 -5 6 -7 7 -9 9 -11 11 12 13 -15
leaf_value=-0.0025633091350719009 -0.0011506446046472174 4.0130363435876086 -0.00028684541604923286 -0.0016072560421494764 -0.0024901342431198617 -0.0095585524591808111 0.023711147515208291 0.0036625056776681221 0.050247847782665132 0.0018033922227636313 -0.00034068131808569381 0.016327094688609222 0.00047998793106647232 0.0043421513419806251
leaf_weight=60983 40966 129 69441 12466 7160 13822 4129 17209 1610 10981 55492 4639 29101 15078
leaf_count=60983 40966 129 69441 12466 7160 13822 4129 17209 1610 10981 55492 4639 29101 15078
internal_value=-0.00776303 -0.0366414 0.000117495 -0.0203795 0.001002 0.000504386 0.00449716 0.00686475 0.000949652 0.00596299 0.000586356 0.00179388 0.00417879 0.00312456
internal_weight=343206 73578 269628 12595 228662 200164 28498 21338 186342 12591 173751 104310 48818 44179
internal_count=343206 73578 269628 12595 228662 200164 28498 21338 186342 12591 173751 104310 48818 44179
is_linear=0
shrinkage=0.04


Tree=86
num_leaves=15
num_cat=0
split_feature=2 3 2 5 2 10 2 0 0 2 10 1 3 3
split_gain=48542.4 2569.62 694.549 283.728 239.465 229.174 225.082 426.524 353.599 337.821 283.92 293.2 466.834 441.048
threshold=52.008179000000005 1.0000000180025095e-35 78.13199250000001 1.0000000180025095e-35 266.29190050000005 203.17970500000004 151.52811450000004 8.8706733738246921 2.0557983301440337 136.97528100000002 -3.58106565413425 5.2684132209558872 4.9222700000000001 14.206225000000002
decision_type=2 2 2 2 2 2 2 2 2 2 2 2 2 2
left_child=1 -1 -2 -3 5 6 8 -8 -4 10 11 12 -10 -13
right_child=2 3 4 -5 -6 -7 7 -9 9 -11 -12 13 -14 -15
leaf_value=-0.0024607767696690173 -0.0011195554250214991 4.1571511203128546 -0.0054264951183739399 -0.0015462340261636154 0.031177452533329337 -0.031711854653633298 0.0024182317805202837 0.019546399642084451 0.010531891245053738 0.0063568590764086922 0.0041510070123987912 0.010435777730751781 -0.0028063618342766918 -6.9692043865484673e-05
leaf_weight=61019 40841 132 20990 12461 1128 3199 74227 2073 1353 10157 1386 7777 4506 101750
leaf_count=61019 40841 132 20990 12461 1128 3199 74227 2073 1353 10157 1386 7777 4506 101750
internal_value=-0.00781845 -0.0366049 4.76638e-05 -0.0201541 0.000906251 0.000815063 0.000966733 0.00273132 5.65174e-05 0.000851815 0.000243209 2.70397e-05 -0.0086909 0.000493394
internal_weight=342999 73612 269387 12593 228546 227418 224219 76300 147919 126929 116772 115386 5859 109527
internal_count=342999 73612 269387 12593 228546 227418 224219 76300 147919 126929 116772 115386 5859 109527
is_linear=0
shrinkage=0.04


Tree=87
num_leaves=15
num_cat=0
split_feature=2 3 2 5 2 3 10 10 2 1 8 3 9 2
split_gain=48422.1 2743.48 599.459 252.995 230.602 223.28 210.43 281.232 232.935 323.179 327.885 324.004 317.737 373.156
threshold=52.008179000000005 1.0000000180025095e-35 78.13199250000001 1.0000000180025095e-35 243.09978450000003 14.632253000000002 45.359724000000007 36.307524500000007 158.7643285 15.224907927935655 0.60287465581063315 24.999868000000003 0.92586658332911764 137.70754250000002
decision_type=2 2 2 2 2 2 2 2 2 2 2 2 2 2
left_child=1 -1 -2 -3 6 -6 7 8 12 11 -11 -10 13 -4
right_child=2 3 4 -5 5 -7 -8 -9 9 10 -12 -13 -14 -15
leaf_value=-0.0023623456988822512 -0.0010504436198282541 3.6908473753050277 5.0352768881856135e-05 -0.0014852338344472217 -0.0047169962997504287 0.026833316084749939 -0.0021944522062082149 0.025543258783812108 -0.00087730363111964142 0.008199375781572189 0.02773751470136273 0.011641623058966774 -0.0069498070544182916 0.0060836208051488726
leaf_weight=61137 40982 124 119040 12373 1540 2841 29002 4190 23956 5750 693 12505 16437 12569
leaf_count=61137 40982 124 119040 12373 1540 2841 29002 4190 23956 5750 693 12505 16437 12569
internal_value=-0.00776234 -0.0365092 9.18721e-05 -0.0194319 0.000890764 0.00997946 0.000713119 0.00118561 0.00096067 0.00355585 0.0118144 0.00209649 0.000208584 0.000863467
internal_weight=343139 73634 269505 12497 228523 4381 224142 195140 190950 42904 6443 36461 148046 131609
internal_count=343139 73634 269505 12497 228523 4381 224142 195140 190950 42904 6443 36461 148046 131609
is_linear=0
shrinkage=0.04


Tree=88
num_leaves=15
num_cat=0
split_feature=3 2 2 10 9 0 2 10 3 3 10 2 2 10
split_gain=48157.8 3138.05 392.065 355.687 343.756 313.758 520.021 447.312 465.513 393.453 303.061 301.525 249.639 238.535
threshold=1.0000000180025095e-35 52.821016000000007 113.08114250000001 -1.0000000180025095e-35 0.34777498384740035 6.2001007849511351 56.224499000000009 -2.8891135696318364 4.8382070000000015 13.807995000000002 -13.151135000198156 73.998664500000018 266.29190050000005 -29.152984308234206
decision_type=2 2 2 2 2 2 2 2 2 2 2 2 2 2
left_child=-1 -2 3 5 -4 6 -3 8 -8 10 -7 -9 13 -6
right_child=1 2 4 -5 12 9 7 11 -10 -11 -12 -13 -14 -15
leaf_value=-0.0022678518709269646 -0.0013470557509057547 0.00068076648807982034 0.0061703796580235126 0.22937396407055247 0.0022927435326331172 0.035605546172025812 0.013299486244230064 -0.005506539412759413 -0.00098019099664814263 -0.00028714925247435018 0.0068158472550252317 0.00029966820848874586 0.030195480123475803 -3.5123357997579596e-06
leaf_weight=60987 15902 9711 16723 706 22696 852 2019 6602 27179 46243 3138 1497 1138 127247
leaf_count=60987 15902 9711 16723 706 22696 852 2019 6602 27179 46243 3138 1497 1138 127247
internal_value=-0.00777352 -0.000795447 0.000237365 -0.00177361 0.00141117 -0.001979 -0.00432777 -0.00647452 -0.00416741 0.00021898 0.0122707 -0.0147919 0.000808838 0.000667187
internal_weight=342640 281653 265751 97947 167804 97241 47008 37297 29198 50233 3990 8099 151081 149943
internal_count=342640 281653 265751 97947 167804 97241 47008 37297 29198 50233 3990 8099 151081 149943
is_linear=0
shrinkage=0.04


Tree=89
num_leaves=15
num_cat=0
split_feature=3 2 2 6 9 0 2 3 1 2 9 9 3 10
split_gain=48310.4 2920.6 386.145 351.392 332.202 286.814 575.465 525.521 355.221 302.29 268.233 325.393 831.325 289.683
threshold=1.0000000180025095e-35 52.821016000000007 112.78327950000001 1.0000000180025095e-35 0.34777498384740035 4.8102814960574962 56.224499000000009 9.6513390000000019 2.8717861152152424 73.998664500000018 0.30382528290361283 0.02623508436154565 51.747366000000007 -10.783362793395193
decision_type=2 2 2 2 2 2 2 2 2 2 2 2 2 2
left_child=-1 -2 3 5 -4 6 -3 -7 9 -8 11 12 -9 -13
right_child=1 2 4 -5 -6 7 8 10 -10 -11 -12 13 -14 -15
leaf_value=-0.0021771377960898876 -0.0012787470203771889 0.00065682317945552353 0.0059291047447045742 0.26373587213549332 0.00067157043074990159 0.01971239969371015 -0.0052876085487927639 -0.00025019217778557477 -0.0010000393197396261 0.00033028080618764834 -0.0015409257375696944 0.00060138271405256569 -0.016105376603308425 0.00078967684188697485
leaf_weight=61022 15849 9731 17108 699 151921 2096 6583 24886 20384 1501 13480 10932 1161 5566
leaf_count=61022 15849 9731 17108 699 151921 2096 6583 24886 20384 1501 13480 10932 1161 5566
internal_value=-0.00773092 -0.000745662 0.000248076 -0.00176337 0.0014026 -0.00196844 -0.00466085 -0.000198895 -0.00753126 -0.0146264 -0.000934583 0.00062334 -0.00216071 0.00501879
internal_weight=342919 281897 266048 97019 169029 96320 38199 58121 28468 8084 56025 42545 26047 16498
internal_count=342919 281897 266048 97019 169029 96320 38199 58121 28468 8084 56025 42545 26047 16498
is_linear=0
shrinkage=0.04


Tree=90
num_leaves=15
num_cat=0
split_feature=3 2 2 2 1 3 1 10 2 0 2 0 3 10
split_gain=48186.8 2755.13 369.406 422.685 710.852 302.005 245.781 235.891 244.899 241.864 451.244 248.409 280.65 245.386
threshold=1.0000000180025095e-35 52.821016000000007 78.13199250000001 56.224499000000009 2.8717861152152424 34.500833000000007 4.653971888435092 203.17970500000004 174.82629400000002 2.0557983301440337 136.97528100000002 20.464892300603292 23.536290500000003 -3.58106565413425
decision_type=2 2 2 2 2 2 2 2 2 2 2 2 2 2
left_child=-1 -2 3 -3 -5 6 -6 8 9 -4 11 13 -13 -11
right_child=1 2 7 4 5 -7 -8 -9 -10 10 -12 12 -14 -15
leaf_value=-0.0020900522842462977 -0.001236566123227112 0.00063179487506613617 -0.0027768885888879605 -0.0050568612548854523 -0.0010274217708359722 -0.0022597772207061562 0.0015480143731535635 -0.031386477983897661 0.0036150747759283244 -0.00016464344163243051 0.0059682617864819992 0.066403569863871734 0.002430043197636129 0.0036330515972734733
leaf_weight=61014 15925 9780 43952 6901 7274 5185 8440 3194 47553 106049 17284 631 8513 1383
leaf_count=61014 15925 9780 43952 6901 7274 5185 8440 3194 47553 106049 17284 631 8513 1383
internal_value=-0.00776803 -0.000795848 0.000171189 -0.00350399 -0.00602014 -0.00234461 0.000417462 0.000775467 0.000928449 0.000246553 0.00109189 0.000197639 0.00652668 -0.000341053
internal_weight=343078 282064 266139 37580 27800 20899 15714 228559 225365 177812 133860 116576 9144 107432
internal_count=343078 282064 266139 37580 27800 20899 15714 228559 225365 177812 133860 116576 9144 107432
is_linear=0
shrinkage=0.04


Tree=91
num_leaves=15
num_cat=0
split_feature=3 2 2 10 2 10 0 2 10 3 3 10 2 9
split_gain=48286.3 2595.77 342.564 325.645 338.731 297.479 274.055 536.259 425.225 425.958 358 335.543 300.24 215.835
threshold=1.0000000180025095e-35 53.171905500000008 114.81013100000001 69.410595500000014 135.11470800000004 -1.0000000180025095e-35 6.2001007849511351 56.224499000000009 -2.8891135696318364 4.8382070000000015 13.807995000000002 -13.151135000198156 73.998664500000018 1.4920348899605253e-05
decision_type=2 2 2 2 2 2 2 2 2 2 2 2 2 2
left_child=-1 -2 5 -4 -5 6 7 13 9 -9 11 -8 -10 -3
right_child=1 2 3 4 -6 -7 10 8 12 -11 -12 -13 -14 -15
leaf_value=-0.00200645019287645 -0.0012034893921013534 0.0011716725686618768 0.0018232477626201416 -0.021305937030885375 -0.0016289974199609199 0.18447578276633711 0.034870574875302575 0.013537379679071067 -0.0048480090789745581 -0.00090707694849496707 -0.00026148489602895734 0.0057147345347048377 0.00045872131516302875 -0.0007153212252333452
leaf_weight=61091 16939 7020 138134 793 22763 759 917 2015 6621 28901 50896 3157 1484 1616
leaf_count=61091 16939 7020 138134 793 22763 759 917 2015 6621 28901 50896 3157 1484 1616
internal_value=-0.00775923 -0.000775136 0.000194963 0.0013448 -0.00300221 -0.00160331 -0.00178783 -0.00400781 -0.00600395 -0.00386596 0.000136802 0.0115464 -0.0141592 0.00501158
internal_weight=343106 282015 265076 161690 23556 103386 102627 47657 39021 30916 54970 4074 8105 8636
internal_count=343106 282015 265076 161690 23556 103386 102627 47657 39021 30916 54970 4074 8105 8636
is_linear=0
shrinkage=0.04


Tree=92
num_leaves=15
num_cat=0
split_feature=3 2 2 0 2 2 10 1 3 3 1 0 2 3
split_gain=48231 2443.47 329.773 327.01 333.173 321.224 306.081 269.403 391.845 352.199 265.368 262.049 453.348 411.711
threshold=1.0000000180025095e-35 53.171905500000008 117.67490400000001 3.1491856308220041 194.96920000000003 143.33889000000002 15.323317000000001 28.397201500027663 20.353248000000004 24.332154000000006 21.363712333865859 6.2001007849511351 56.224499000000009 14.013821000000002
decision_type=2 2 2 2 2 2 2 2 2 2 2 2 2 2
left_child=-1 -2 11 4 -4 7 -6 8 10 -9 -5 12 -3 -13
right_child=1 2 3 5 6 -7 -8 9 -10 -11 -12 13 -14 -15
leaf_value=-0.0019261921851613905 -0.0011437252371903207 0.00078825465864637676 -0.0018780744591251675 0.0051216213478302124 -0.0032121079059787938 0.0084899394557945481 0.005350582639545156 0.072621531175518769 -0.0015968940892024453 0.0024990513206712708 0.060536961472455637 0.011887978688750156 -0.0013023278489000356 -0.00022648258074248418
leaf_weight=61100 16967 8653 68592 6357 7793 12449 20393 633 20337 14241 761 4817 42367 57578
leaf_count=61100 16967 8653 68592 6357 7793 12449 20393 633 20337 14241 761 4817 42367 57578
internal_value=-0.0077813 -0.000799041 0.000143261 0.00136398 -3.3892e-05 0.00383366 0.00362733 0.00217251 -0.000176288 0.006508 0.0079011 -0.00148799 -0.00361427 0.000250661
internal_weight=343038 281938 264971 151556 96778 54778 28186 42329 27455 14874 7118 113415 51020 62395
internal_count=343038 281938 264971 151556 96778 54778 28186 42329 27455 14874 7118 113415 51020 62395
is_linear=0
shrinkage=0.04


Tree=93
num_leaves=15
num_cat=0
split_feature=3 2 2 2 1 3 3 9 1 2 10 10 2 9
split_gain=48394.7 2276.89 327.243 427.92 644.506 285.136 215.765 222.177 220.276 210.233 198.38 194.924 200.92 434.939
threshold=1.0000000180025095e-35 53.171905500000008 78.13199250000001 56.224499000000009 2.8717861152152424 4.7551805000000007 34.500833000000007 0.67676914398206112 4.653971888435092 266.29190050000005 13.57146 69.410595500000014 128.06903100000002 0.45008074622555372
decision_type=2 2 2 2 2 2 2 2 2 2 2 2 2 2
left_child=-1 10 3 -3 -5 -6 8 -8 -7 11 -2 12 -4 -14
right_child=1 2 9 4 5 6 7 -9 -10 -11 -12 -13 13 -15
leaf_value=-0.0018491444977549421 -0.0011326661309619813 0.00074858625648301926 -3.4236680251393818e-05 -0.0045679901221285756 0.017210681627884118 -0.0011039537220575246 -0.0025008497135601136 0.0041135332529704961 0.0011010021429373042 0.028154960605449225 3.5367052718369036 -0.0022011797097997343 0.011164115812037414 0.0017610052426628321
leaf_weight=61062 16820 8657 108121 6883 951 6632 4684 527 8146 1142 113 23817 7599 88059
leaf_count=61062 16820 8657 108121 6883 951 6632 4684 527 8146 1142 113 23817 7599 88059
internal_value=-0.00771264 -0.000725144 0.000182793 -0.00333553 -0.00575208 -0.0022617 -0.0032798 -0.0102783 -0.000812018 0.000743908 -0.014946 0.000658008 0.00105821 0.00239353
internal_weight=343213 282151 265218 36480 27823 20940 19989 5211 14778 228738 16933 227596 203779 95658
internal_count=343213 282151 265218 36480 27823 20940 19989 5211 14778 228738 16933 227596 203779 95658
is_linear=0
shrinkage=0.04


Tree=94
num_leaves=15
num_cat=0
split_feature=3 2 2 2 1 3 10 1 1 2 9 2 3 10
split_gain=48289.4 2143.21 331.69 390 680.613 285.606 208.238 208.177 195.377 212.261 314.406 349.436 241.355 354.043
threshold=1.0000000180025095e-35 53.171905500000008 78.13199250000001 56.224499000000009 2.8717861152152424 34.500833000000007 13.57146 4.653971888435092 46.018793114985407 186.97550950000002 0.30382528290361283 142.69225300000002 15.317492500000002 17.360102000000005
decision_type=2 2 2 2 2 2 2 2 2 2 2 2 2 2
left_child=-1 6 3 -3 -5 7 -2 -6 9 10 11 -4 -11 -14
right_child=1 2 8 4 5 -7 -8 -9 -10 12 -12 -13 13 -15
leaf_value=-0.0017751787178447388 -0.0010726872063655879 0.00066557466971013397 0.00046242551769015038 -0.0044291971156310032 -0.00087022765963903122 -0.0021032456951616085 3.3963060917251462 0.0014506719365553562 0.0027943420074380064 -0.0029884686960033858 -0.00067067622971942245 0.021416134305624029 0.019027757183489813 0.0025184810383598634
leaf_weight=60996 16904 8663 53337 6925 7300 5169 120 8414 4592 7269 134107 2334 5527 21370
leaf_count=60996 16904 8663 53337 6925 7300 5169 120 8414 4592 7269 134107 2334 5527 21370
internal_value=-0.00772849 -0.000748996 0.000134789 -0.00340764 -0.00571634 -0.00211272 -0.0145066 0.000570192 0.000700109 0.000532633 1.01171e-05 0.00253705 0.00343499 0.00518273
internal_weight=343027 282031 265007 36471 27808 20883 17024 15714 228536 223944 189778 55671 34166 26897
internal_count=343027 282031 265007 36471 27808 20883 17024 15714 228536 223944 189778 55671 34166 26897
is_linear=0
shrinkage=0.04


Tree=95
num_leaves=15
num_cat=0
split_feature=3 2 2 2 1 3 2 8 3 1 0 3 1 2
split_gain=48461.8 1964.02 309.564 412.742 618.7 257.734 203.833 201.64 189.513 196.577 187.21 317.645 188.068 216.158
threshold=1.0000000180025095e-35 53.171905500000008 78.13199250000001 56.224499000000009 2.8717861152152424 4.7551805000000007 266.29190050000005 0.99998685078308969 34.500833000000007 4.7624139124529874 19.952803443312941 23.536290500000003 46.018793114985407 147.03555300000002
decision_type=2 2 2 2 2 2 2 2 2 2 2 2 2 2
left_child=-1 -2 3 7 -5 -6 10 -3 9 -7 12 -12 13 -4
right_child=1 2 6 4 5 8 -8 -9 -10 -11 11 -13 -14 -15
leaf_value=-0.0017041715691309457 -0.0010069329224459312 -0.00032416400353097786 -0.00027391885414105753 -0.0042493471064298707 0.016301452301699861 -0.0010301225623054221 0.026187719242172589 0.0010917459509731308 -0.0019767512700345868 0.0010540911606193415 0.060713404158809915 0.0020348006648488303 0.0026825683271404868 0.0019100035261916037
leaf_weight=61110 17018 1809 128299 6896 948 6913 1130 6843 5165 7807 829 9092 4574 84727
leaf_count=61110 17018 1809 128299 6896 948 6913 1130 6843 5165 7807 829 9092 4574 84727
internal_value=-0.00770626 -0.000709378 0.000136436 -0.00329073 -0.0056706 -0.002233 0.000681738 0.00433657 -0.00320443 -0.000891304 0.000597571 0.00597117 0.000352574 0.00018026
internal_weight=343160 282050 265032 36381 27729 20833 228651 8652 19885 14720 227521 9921 217600 213026
internal_count=343160 282050 265032 36381 27729 20833 228651 8652 19885 14720 227521 9921 217600 213026
is_linear=0
shrinkage=0.04


Tree=96
num_leaves=15
num_cat=0
split_feature=3 2 2 2 1 3 10 2 0 2 3 1 2 0
split_gain=48460.1 1885.5 297.533 348.595 616.949 236.976 213.367 217.532 375.848 212.014 202.983 480.626 470.347 201.358
threshold=1.0000000180025095e-35 53.171905500000008 78.13199250000001 56.224499000000009 2.8717861152152424 4.7551805000000007 69.410595500000014 147.03555300000002 7.3103309089084414 143.33889000000002 15.115197500000003 16.038379061049334 217.20789350000004 21.429411270801307
decision_type=2 2 2 2 2 2 2 2 2 2 2 2 2 2
left_child=-1 -2 3 -3 -5 -6 7 13 10 -8 11 -9 -12 -4
right_child=1 2 6 4 5 -7 9 8 -10 -11 12 -13 -14 -15
leaf_value=-0.0016360047063657035 -0.00098028513894505838 0.00062904560514336798 -6.090415882727296e-05 -0.0040544824115213316 0.016539188061383225 -0.00073347137655131788 -0.012404702137766087 -0.0046699795805428138 0.013896075004279621 -0.0012935448964638641 0.0026847163577187329 0.058355292129989876 0.023442994171521597 0.0036019203869943131
leaf_weight=61111 16977 8666 132035 6958 931 20043 2413 10374 3908 21378 44663 546 5572 7703
leaf_count=61111 16977 8666 132035 6958 931 20043 2413 10374 3908 21378 44663 546 5572 7703
internal_value=-0.00770594 -0.000711777 0.00011554 -0.00323296 -0.00540742 -0.00198341 0.000651641 0.00106816 0.00297865 -0.00293388 0.00221012 -0.0027326 0.00328456 0.00017862
internal_weight=343278 282167 265190 36598 27932 20974 228592 204801 65063 23791 61155 10920 50235 139738
internal_count=343278 282167 265190 36598 27932 20974 228592 204801 65063 23791 61155 10920 50235 139738
is_linear=0
shrinkage=0.04


Tree=97
num_leaves=15
num_cat=0
split_feature=3 2 2 2 1 3 2 3 8 9 1 3 0 3
split_gain=48463.1 1731.53 299.564 348.737 576.994 234.359 202.567 198.424 197.34 183.952 175.887 189.252 150.277 670.962
threshold=1.0000000180025095e-35 53.171905500000008 78.13199250000001 56.224499000000009 2.8717861152152424 34.500833000000007 266.29190050000005 208.03935750000002 0.99998685078308969 0.67676914398206112 4.653971888435092 4.8382070000000015 11.064461373426036 13.807995000000002
decision_type=2 2 2 2 2 2 2 2 2 2 2 2 2 2
left_child=-1 -2 3 8 -5 10 7 12 -3 -7 -6 -12 -4 -14
right_child=1 2 6 4 5 9 -8 -9 -10 -11 11 -13 13 -15
leaf_value=-0.001570564518111084 -0.0009443134043822355 -0.00035821132008289957 7.8975007064508438e-05 -0.0038942426826355805 -0.0008166247988665099 -0.0022048054821379348 0.024939970589450605 -0.029477540712916177 0.00099388136397773321 0.0036464822805201335 0.021697628114859025 0.00089295597573904595 0.032413647413448217 0.0010752094123624529
leaf_weight=61119 17025 1814 181211 6950 7175 4660 1113 3045 6885 534 387 8104 1582 41432
leaf_count=61119 17025 1814 181211 6950 7175 4660 1113 3045 6885 534 387 8104 1582 41432
internal_value=-0.00770998 -0.000709571 8.51668e-05 -0.00327919 -0.00546566 -0.00213998 0.000622989 0.000539622 0.00371077 -0.00950327 0.000301289 0.00419739 0.000677355 0.00280281
internal_weight=343036 281917 264892 36509 27810 20860 228383 227270 8699 5194 15666 8491 224225 43014
internal_count=343036 281917 264892 36509 27810 20860 228383 227270 8699 5194 15666 8491 224225 43014
is_linear=0
shrinkage=0.04


Tree=98
num_leaves=15
num_cat=0
split_feature=3 2 2 2 1 3 10 2 9 3 0 3 3 1
split_gain=48360.9 1566.15 274.732 354.548 582.144 249.923 186.423 223.714 344.917 290.29 199.373 264.839 192.729 185.352
threshold=1.0000000180025095e-35 53.171905500000008 78.13199250000001 56.224499000000009 2.8717861152152424 34.500833000000007 97.19670050000002 147.03555300000002 0.39944806578886488 29.580352500000004 20.464892300603292 23.941368500000006 15.317492500000002 39.521330406239606
decision_type=2 2 2 2 2 2 2 2 2 2 2 2 2 2
left_child=-1 -2 3 -3 -5 -6 7 10 9 12 13 -12 -9 -4
right_child=1 2 6 4 5 -7 -8 8 -10 -11 11 -13 -14 -15
leaf_value=-0.0015077419373866442 -0.00088773950100231149 0.00062659143382047587 -0.0002655025650379339 -0.003754185224325717 0.0001458036854028233 -0.0018313478274387563 -0.0030960390726426736 0.029858989784848636 0.0025141070612351292 0.020518184944626931 0.058423541216080219 0.0019540928524976221 -0.027505050803937853 0.0019644540307576985
leaf_weight=60914 16931 8645 119749 6935 15713 5182 19414 1386 66150 761 730 8427 595 11243
leaf_count=60914 16931 8645 119749 6935 15713 5182 19414 1386 66150 761 730 8427 595 11243
internal_value=-0.00768072 -0.000696088 5.76756e-05 -0.003166 -0.005364 -0.00203111 0.000572367 0.000920585 0.00278697 0.0166885 3.13952e-06 0.00570929 0.00862191 -0.000395749
internal_weight=342775 281861 264930 36475 27830 20895 228455 209041 68892 2742 140149 9157 1981 130992
internal_count=342775 281861 264930 36475 27830 20895 228455 209041 68892 2742 140149 9157 1981 130992
is_linear=0
shrinkage=0.04


Tree=99
num_leaves=15
num_cat=0
split_feature=3 2 2 2 0 3 8 2 3 9 0 3 0 3
split_gain=48443.1 1490.01 264.721 318.386 509.946 241.935 199.71 193.915 184.119 174.76 170.849 197.365 151.363 237.061
threshold=1.0000000180025095e-35 53.171905500000008 78.13199250000001 56.224499000000009 2.8469011258771038 34.500833000000007 0.99998685078308969 255.63282050000001 208.03935750000002 0.66405350045268186 4.6418810648074826 5.1718875000000013 21.429411270801307 24.332154000000006
decision_type=2 2 2 2 2 2 2 2 2 2 2 2 2 2
left_child=-1 -2 3 6 -5 10 -3 8 12 -7 -6 -12 -4 -14
right_child=1 2 7 4 5 9 -8 -9 -10 -11 11 -13 13 -15
leaf_value=-0.0014474322598911726 -0.00086506117880929439 -0.00036894652463240088 0.00018074911662831734 -0.0035636942213508192 -0.00074374019090115654 -0.0020990362523139881 0.00094649973753233138 0.021478905583594107 -0.029031252909286299 0.0032390050198628471 0.016289487517789018 0.0007888905500342047 0.066994325855278813 0.0021728448073210548
leaf_weight=60934 16990 1812 215817 7037 7330 4629 6858 2268 3050 552 582 7798 480 7145
leaf_count=60934 16990 1812 215817 7037 7330 4629 6858 2268 3050 552 582 7798 480 7145
internal_value=-0.00765458 -0.000674062 6.12003e-05 -0.00309744 -0.00517617 -0.00203916 0.00359862 0.000566533 0.000449994 -0.00953484 0.000432845 0.00433413 0.000583239 0.00612197
internal_weight=343282 282348 265358 36598 27928 20891 8670 228760 226492 5181 15710 8380 223442 7625
internal_count=343282 282348 265358 36598 27928 20891 8670 228760 226492 5181 15710 8380 223442 7625
is_linear=0
shrinkage=0.04


Tree=100
num_leaves=15
num_cat=0
split_feature=3 2 2 2 1 3 1 0 2 1 3 9 2 2
split_gain=48628.7 1371.71 264.604 306.803 566.528 223.429 180.455 247.449 171.642 166.871 171.404 166.275 321.521 237.746
threshold=1.0000000180025095e-35 53.171905500000008 78.13199250000001 56.842987000000008 2.8717861152152424 34.500833000000007 6.2276600036703522 10.835520923182628 255.63282050000001 4.653971888435092 5.0890580000000005 0.30382528290361283 142.69225300000002 81.794326500000011
decision_type=2 2 2 2 2 2 2 2 2 2 2 2 2 2
left_child=-1 -2 3 -3 -5 9 -7 -8 11 -6 -11 12 -4 -13
right_child=1 2 8 4 5 6 7 -9 -10 10 -12 13 -14 -15
leaf_value=-0.0013895349694955251 -0.00082666455331376737 0.00043892621735721173 0.00041915042354228048 -0.0037618982075731289 -0.00076274304714138094 -0.0021281437508117308 0.0024929337570826536 -0.0032719364889279711 0.020261776444109945 0.016498048470851127 0.00073242984121942413 -0.0015816640439266605 0.019019927637293765 -4.4885968838759281e-05
leaf_weight=61096 17029 9711 53337 5975 7154 1621 1518 2003 2253 538 7856 634 2370 170126
leaf_count=61096 17029 9711 53337 5975 7154 1621 1518 2003 2253 538 7856 634 2370 170126
internal_value=-0.00764557 -0.000639008 6.78999e-05 -0.00310095 -0.00531783 -0.00218463 -0.00941268 -0.00432832 0.000571878 0.000205814 0.00403145 0.000462584 0.00236021 -0.000156477
internal_weight=343221 282125 265096 36376 26665 20690 5142 3521 228720 15548 8394 226467 55707 170760
internal_count=343221 282125 265096 36376 26665 20690 5142 3521 228720 15548 8394 226467 55707 170760
is_linear=0
shrinkage=0.04


Tree=101
num_leaves=15
num_cat=0
split_feature=3 2 2 1 3 3 1 2 9 3 10 9 10 0
split_gain=48506.2 1296.71 246.065 296.544 640.796 284.062 708.994 308.247 487.696 283.595 365.155 288.69 252.969 238.346
threshold=1.0000000180025095e-35 53.171905500000008 117.36821000000002 29.442307843737986 25.384838000000006 21.695706500000004 23.146710306454896 151.52811450000004 0.38364866668982828 30.638647000000002 69.410595500000014 0.89652230144893663 -1.0000000180025095e-35 6.2001007849511351
decision_type=2 2 2 2 2 2 2 2 2 2 2 2 2 2
left_child=-1 -2 12 5 -5 6 -4 9 -9 11 -11 -7 13 -3
right_child=1 2 3 4 -6 7 -8 8 -10 10 -12 -13 -14 -15
leaf_value=-0.0013339535707157068 -0.00079816774319995786 -0.00060580525275856446 0.0021460674175707273 0.069072410324248282 0.0019539148547259755 -0.0030786126239612565 0.063489077910115099 0.020347872188898632 0.00074568187944588752 0.0016386608760127585 -0.01146837396504549 -0.026119692148211228 0.14512484119796795 3.8162076602086258e-05
leaf_weight=60906 16917 49911 44002 1272 16201 14167 1735 672 51318 14685 3971 4797 903 61577
leaf_count=60906 16917 49911 44002 1272 16201 14167 1735 672 51318 14685 3971 4797 903 61577
internal_value=-0.007627 -0.000638292 4.66044e-05 0.00109148 0.00599554 0.000458377 0.00302337 -0.000850798 0.00114484 -0.00360872 -0.000107204 -0.00705336 -0.00137413 -0.00154492
internal_weight=343034 282128 265211 152820 17473 135347 45737 89610 51990 37620 18656 18964 112391 111488
internal_count=343034 282128 265211 152820 17473 135347 45737 89610 51990 37620 18656 18964 112391 111488
is_linear=0
shrinkage=0.04


Tree=102
num_leaves=15
num_cat=0
split_feature=3 2 2 2 1 3 9 3 2 9 1 3 2 3
split_gain=48647 1224.54 243.051 306.183 537.602 210.907 190.874 174.808 166.376 224.596 251.495 756.505 233.679 217.607
threshold=1.0000000180025095e-35 53.171905500000008 78.13199250000001 56.842987000000008 2.8717861152152424 34.500833000000007 0.66405350045268186 208.03935750000002 174.82629400000002 0.30382528290361283 29.442307843737986 25.192897000000006 136.33075700000003 23.174028500000002
decision_type=2 2 2 2 2 2 2 2 2 2 2 2 2 2
left_child=-1 -2 3 -3 -5 -6 -7 8 9 12 13 -12 -4 -11
right_child=1 2 7 4 5 6 -8 -9 -10 10 11 -13 -14 -15
leaf_value=-0.0012805954278870856 -0.00076819587815895934 0.0004531015518165571 0.00039799492080696777 -0.0035732251413531559 5.1537852544250031e-05 -0.0019391537865284382 0.0034078341215299825 -0.027266556052764922 0.0029191034435101272 0.00056963328873151033 0.068255322514070307 0.00051763858413964134 0.011723345701480188 -0.0017304396530804333
leaf_weight=60912 17011 9709 52215 6039 15615 4594 555 3063 47581 36646 1261 23684 2970 60985
leaf_count=60912 17011 9709 52215 6039 15615 4594 555 3063 47581 36646 1261 23684 2970 60985
internal_value=-0.00758395 -0.00058029 8.77256e-05 -0.00294259 -0.00514719 -0.00209208 -0.00911245 0.000572142 0.000701156 0.000138838 -0.000815168 0.00276929 0.00225786 -0.00173101
internal_weight=342840 281928 264917 36512 26803 20764 5149 228405 225342 177761 122576 24945 55185 97631
internal_count=342840 281928 264917 36512 26803 20764 5149 228405 225342 177761 122576 24945 55185 97631
is_linear=0
shrinkage=0.04


Tree=103
num_leaves=15
num_cat=0
split_feature=3 2 2 2 1 3 9 2 0 3 2 10 3 2
split_gain=48727.2 1089.3 214.817 290.926 525.506 197.559 191.577 171.253 173.812 624.485 246.61 170.695 227.866 175.223
threshold=1.0000000180025095e-35 53.171905500000008 78.13199250000001 56.842987000000008 2.8717861152152424 34.500833000000007 0.66405350045268186 255.63282050000001 11.064461373426036 13.807995000000002 120.02318950000002 -42.416017058153031 36.850685500000004 145.72410600000003
decision_type=2 2 2 2 2 2 2 2 2 2 2 2 2 2
left_child=-1 -2 3 -3 -5 -6 -7 8 11 -10 -11 12 -4 -13
right_child=1 2 7 4 5 6 -8 -9 9 10 -12 13 -14 -15
leaf_value=-0.0012293716107716079 -0.00071935299939246639 0.00046282672201841457 0.10458704042316376 -0.0033864057953399509 9.0353748722111769e-05 -0.0018367675485417023 0.0034435873940903794 0.019606671468042718 0.03097592109243116 -3.3099949619539439e-05 0.0051969041855766474 -0.00045927957881311879 0.0016978931230532779 0.0010391289443735551
leaf_weight=60966 17017 9805 321 6004 15588 4580 559 2263 1576 30831 10773 92229 6440 84007
leaf_count=60966 17017 9805 321 6004 15588 4580 559 2263 1576 30831 10773 92229 6440 84007
internal_value=-0.0075735 -0.000562993 6.70249e-05 -0.00278082 -0.00494258 -0.00192406 -0.00872543 0.0005225 0.000412951 0.00269569 0.00175945 -0.000125685 0.00611152 -0.000364965
internal_weight=342959 281993 264976 36536 26731 20727 5139 228440 226177 43180 41604 182997 6761 176236
internal_count=342959 281993 264976 36536 26731 20727 5139 228440 226177 43180 41604 182997 6761 176236
is_linear=0
shrinkage=0.04


Tree=104
num_leaves=15
num_cat=0
split_feature=3 2 2 2 0 3 3 2 9 0 3 2 0 8
split_gain=48705.6 1010.64 213.461 274.584 493.981 193.665 170.961 164.047 153.404 151.475 214.802 143.808 146.726 141.15
threshold=1.0000000180025095e-35 53.171905500000008 78.13199250000001 56.842987000000008 2.8469011258771038 5.2582130000000005 263.67257150000006 255.63282050000001 1.3192899896652401e-05 22.702996975414468 24.999868000000003 58.859213000000004 18.208692145869048 0.99996993804803291
decision_type=2 2 2 2 2 2 2 2 2 2 2 2 2 2
left_child=-1 -2 3 8 -5 -6 7 9 -3 -4 -11 -7 -13 -10
right_child=1 2 6 4 5 11 -8 -9 13 10 -12 12 -14 -15
leaf_value=-0.0011801967463407515 -0.00069313222684725068 0.00076139967943364081 0.00011892611958039368 -0.0032564917333312861 0.0081965463558352925 -0.0026763590367829605 -0.043592184310226142 0.019071184136064227 -0.00012462780474563397 0.079276830191901557 0.0025204866632478231 -0.0003706328483989285 -0.004101565947084362 -0.00044661630090905293
leaf_weight=61062 16953 7809 219013 6083 2209 1133 1021 2272 1414 338 5777 16793 472 527
leaf_count=61062 16953 7809 219013 6083 2209 1133 1021 2272 1414 338 5777 16793 472 527
internal_value=-0.00761255 -0.000595002 1.10247e-05 -0.00283205 -0.00493069 -0.00197409 0.000464581 0.000537907 0.00291282 0.000429978 0.00663941 -0.00331775 -0.00241182 -0.00715095
internal_weight=342876 281814 264861 36440 26690 20607 228421 227400 9750 225128 6115 18398 17265 1941
internal_count=342876 281814 264861 36440 26690 20607 228421 227400 9750 225128 6115 18398 17265 1941
is_linear=0
shrinkage=0.04


Tree=105
num_leaves=15
num_cat=0
split_feature=3 2 2 1 3 0 3 1 2 0 3 3 5 9
split_gain=48712.6 960.193 215.287 304.22 781.452 253.803 244.245 668.575 279.107 468.545 299.12 230.518 230.437 222.037
threshold=1.0000000180025095e-35 53.171905500000008 117.36821000000002 28.608618658106035 24.332154000000006 2.9358775219923126 21.695706500000004 23.146710306454896 154.48060600000005 11.171663754256288 31.833235500000004 63.194340500000003 1.0000000180025095e-35 0.85595404658848906
decision_type=2 2 2 2 2 2 2 2 2 2 2 2 2 2
left_child=-1 -2 12 6 -5 -6 7 -4 10 -10 13 -12 -3 -8
right_child=1 2 3 4 5 -7 8 -9 9 -11 11 -13 -14 -15
leaf_value=-0.0011329888764871222 -0.00068035190494944334 0.13693244252036146 0.0018813402371754863 0.073289359997955592 -0.0064585773233639858 0.0024213015015232121 -0.0026254399455593845 0.059402863369290668 0.00068968692287208117 0.020559767706453274 0.0026152572671051112 -0.0036521681255537119 -0.00031217430691564462 -0.020855535515837156
leaf_weight=60929 16978 903 44061 1255 1423 16422 12580 1689 49322 587 11420 6699 111427 7323
leaf_count=60929 16978 903 44061 1255 1423 16422 12580 1689 49322 587 11420 6699 111427 7323
internal_value=-0.00756578 -0.000560249 3.03269e-05 0.00100772 0.00572984 0.0035842 0.000333032 0.00270339 -0.000900251 0.00106674 -0.00348219 0.000236216 -0.00129903 -0.00686731
internal_weight=343018 282089 265111 152781 19100 17845 133681 45750 87931 49909 38022 18119 112330 19903
internal_count=343018 282089 265111 152781 19100 17845 133681 45750 87931 49909 38022 18119 112330 19903
is_linear=0
shrinkage=0.04


Tree=106
num_leaves=15
num_cat=0
split_feature=3 1 10 3 3 10 3 0 3 3 3 3 3 10
split_gain=48763.9 418.269 903.677 682.102 529.122 579.633 418.219 356.826 325.682 264.895 262.092 244.766 363.146 876.145
threshold=1.0000000180025095e-35 5.4428310179205459 15.000171500000002 17.302557000000004 14.316747500000002 -13.816472939984893 18.389647500000002 0.66427280530873356 20.528394000000002 16.042227500000006 40.30890500000001 16.996333000000003 19.946072000000004 -21.214699548564585
decision_type=2 2 2 2 2 2 2 2 2 2 2 2 2 2
left_child=-1 2 7 9 5 -3 -5 10 -9 -4 -2 -6 13 -13
right_child=1 4 3 6 11 -7 -8 8 -10 -11 -12 12 -14 -15
leaf_value=-0.00108766932142764 -0.0016274846450653069 0.037445503847992154 0.0056864558757704483 -0.06047674466076277 -0.0029146249681744202 0.0033851801833006422 -7.6172102830619482e-05 -0.00023214023816917395 -0.001239848242325241 0.032961125790364608 0.0017195332783558116 0.077585542570362834 2.3864108144683317e-05 0.0021646527102745241
leaf_weight=61039 21157 2992 3565 1218 14582 9119 65315 31288 8780 3969 170 1741 108534 9599
leaf_count=61039 21157 2992 3565 1218 14582 9119 65315 31288 8780 3969 170 1741 108534 9599
internal_value=-0.0075838 -0.000568027 -0.00217035 0.000804137 0.000912893 0.00892082 -0.000487578 -0.00575878 -0.00353399 0.0122113 -0.00993858 0.000191587 0.000786826 0.00759788
internal_weight=343068 282029 135462 74067 146567 12111 66533 61395 40068 7534 21327 134456 119874 11340
internal_count=343068 282029 135462 74067 146567 12111 66533 61395 40068 7534 21327 134456 119874 11340
is_linear=0
shrinkage=0.04


Tree=107
num_leaves=15
num_cat=0
split_feature=3 2 2 2 1 3 0 9 3 3 1 0 1 3
split_gain=48855.5 787.139 248.699 187.594 517.101 193.215 174.683 191.158 166.704 149.629 167.886 231.945 148.079 149.625
threshold=1.0000000180025095e-35 52.273632000000013 78.13199250000001 56.842987000000008 2.8717861152152424 4.5840120000000013 2.0557983301440337 1.4920348899605253e-05 263.67257150000006 34.500833000000007 6.2276600036703522 10.835520923182628 4.9725273013575881 10.000080000000002
decision_type=2 2 2 2 2 2 2 2 2 2 2 2 2 2
left_child=-1 -2 3 6 -5 -6 7 -3 -4 12 -11 -12 -7 -14
right_child=1 2 8 4 5 9 -8 -9 -10 10 11 -13 13 -15
leaf_value=-0.0010441625485705331 -0.00065764735712918747 6.208020167759898e-05 0.00024870459740511386 -0.0031845853090418518 0.017810408913686317 -0.00076897319289718439 0.0016076234396560185 -0.0018880748633423484 -0.041738979531961533 -0.0018165668742027075 0.0025652782440957543 -0.0029651909371453322 0.014979420015604313 0.00052606307065058641
leaf_weight=61109 13676 8984 227419 6062 627 7715 2664 1351 1008 1629 1517 2008 640 6651
leaf_count=61109 13676 8984 227419 6062 627 7715 2664 1351 1008 1629 1517 2008 640 6651
internal_value=-0.00757605 -0.000548606 -7.14193e-05 -0.00298735 -0.00489702 -0.00189926 0.000956997 -0.00139719 0.000437251 -0.00257937 -0.00845945 -0.00355177 -0.000559776 0.00352764
internal_weight=343060 281951 268275 39848 26849 20787 12999 10335 228427 20160 5154 3525 15006 7291
internal_count=343060 281951 268275 39848 26849 20787 12999 10335 228427 20160 5154 3525 15006 7291
is_linear=0
shrinkage=0.04


Tree=108
num_leaves=15
num_cat=0
split_feature=3 1 10 3 3 10 3 0 3 3 3 3 3 3
split_gain=48969.8 353.404 816.542 599.47 499.367 519.199 407.387 313.563 305.793 245.989 239.827 238.273 233.743 369.287
threshold=1.0000000180025095e-35 5.4428310179205459 15.000171500000002 17.302557000000004 14.316747500000002 -13.816472939984893 18.389647500000002 0.66427280530873356 21.217401500000005 9.6513390000000019 40.30890500000001 15.929633000000001 16.996333000000003 19.597057000000003
decision_type=2 2 2 2 2 2 2 2 2 2 2 2 2 2
left_child=-1 2 7 11 5 -3 -5 10 -9 -7 -2 -4 -6 -14
right_child=1 4 3 6 12 9 -8 8 -10 -11 -12 -13 13 -15
leaf_value=-0.001002396046627716 -0.0014849053888208097 0.036687452331369767 0.0040689395511255989 -0.057365522380540192 -0.0028603957868525722 0.021064217454306235 5.0680436637753348e-05 -0.00021436439513976779 -0.0012275002164429251 0.00039199616695152154 0.0015895847950577657 0.029085837754597305 0.0075884157766145498 1.3834301013296857e-05
leaf_weight=61140 21153 3038 3142 1211 14583 1737 65237 32123 7900 7381 163 4368 10223 109622
leaf_count=61140 21153 3038 3142 1211 14583 1737 65237 32123 7900 7381 163 4368 10223 109622
internal_value=-0.00754858 -0.000509861 -0.00198408 0.000845886 0.000850843 0.00861468 -0.000364797 -0.00539624 -0.0033091 0.00384295 -0.00931507 0.0115579 0.000148779 0.00073061
internal_weight=343021 281881 135297 73958 146584 12156 66448 61339 40023 9118 21316 7510 134428 119845
internal_count=343021 281881 135297 73958 146584 12156 66448 61339 40023 9118 21316 7510 134428 119845
is_linear=0
shrinkage=0.04


Tree=109
num_leaves=15
num_cat=0
split_feature=3 2 1 3 10 3 0 2 1 1 3 3 3 9
split_gain=48937.8 589.345 210.08 1011.67 529.353 486.253 401.006 307.138 308.296 249.058 935.149 302.252 384.873 254.843
threshold=1.0000000180025095e-35 52.273632000000013 14.981513036874313 19.424549500000001 -20.496927900603492 14.953235500000002 17.149842368965825 137.70754250000002 17.700763215510687 25.159399311229301 23.729897500000003 28.750557500000003 33.326672000000009 0.87410421177234909
decision_type=2 2 2 2 2 2 2 2 2 2 2 2 2 2
left_child=-1 -2 -3 4 -4 -6 -7 9 -9 13 -11 -12 -13 -5
right_child=1 2 3 7 5 6 -8 8 -10 10 11 12 -14 -15
leaf_value=-0.00096230020476260945 -0.0005764417377482012 -0.00027738825879677133 0.074696902242399693 -0.0014627695208136154 0.040405719297624966 1.5438019040308061e-05 0.069337435006198919 0.016075431707116429 0.0033410268426061498 0.046271347898146756 -0.0057281232534528263 0.013251738148410382 -8.1993736704704116e-05 -0.029679516418389278
leaf_weight=61005 13642 169676 1780 32132 2552 5851 576 1091 13668 1995 4577 2449 30982 901
leaf_count=61005 13642 169676 1780 32132 2552 5851 576 1091 13668 1995 4577 2449 30982 901
internal_value=-0.00751698 -0.000486746 -7.42646e-05 0.00139457 0.0129715 0.00902105 0.00315544 -2.41472e-05 0.00523884 -0.00108768 0.00103492 -0.000366239 0.000953606 -0.00365816
internal_weight=342877 281872 268230 98554 10759 8979 6427 87795 14759 73036 40003 38008 33431 33033
internal_count=342877 281872 268230 98554 10759 8979 6427 87795 14759 73036 40003 38008 33431 33033
is_linear=0
shrinkage=0.04


Tree=110
num_leaves=15
num_cat=0
split_feature=3 2 2 3 3 0 3 0 0 2 1 3 0 9
split_gain=48927.6 568.77 264.961 160.587 228.017 189.172 160.037 145.666 146.173 324.247 212.82 209.718 194.848 140.278
threshold=1.0000000180025095e-35 51.067718500000005 78.13199250000001 21.217401500000005 35.000115000000008 0.45695054824083453 263.67257150000006 18.208692145869048 4.6418810648074826 56.842987000000008 2.8717861152152424 5.2582130000000005 2.0557983301440337 0.30382528290361283
decision_type=2 2 2 2 2 2 2 2 2 2 2 2 2 2
left_child=-1 3 7 -2 -5 -6 13 8 9 12 -11 -10 -3 -4
right_child=1 2 6 4 5 -7 -8 -9 11 10 -12 -13 -14 -15
leaf_value=-0.0009238081965721001 -0.00092152565237699322 -0.00015399626848898508 0.00053063179801745794 -0.0032025765034052259 2.0080775149038197 -0.00055327128220042713 -0.041178878496536946 -0.0035895748079142198 0.01401831925128607 -0.002954961687077309 -0.00071449913905904721 -5.748364082363233e-05 0.0015250499611563441 -0.00011769981649214501
leaf_weight=61076 4328 18015 55693 1314 169 206 999 481 638 6036 7894 11756 2680 171781
leaf_count=61076 4328 18015 55693 1314 169 206 999 481 638 6036 7894 11756 2680 171781
internal_value=-0.00754141 -0.000511224 -0.000245966 -0.0126774 -0.023138 0.00437333 0.000319162 -0.00296421 -0.00274017 -0.00407451 -0.00879253 0.000987575 -0.000898768 0.000389319
internal_weight=343066 281990 275973 6017 1689 375 228473 47500 47019 34625 13930 12394 20695 227474
internal_count=343066 281990 275973 6017 1689 375 228473 47500 47019 34625 13930 12394 20695 227474
is_linear=0
shrinkage=0.04


Tree=111
num_leaves=15
num_cat=0
split_feature=3 2 2 3 3 0 10 2 8 3 3 1 2 10
split_gain=49108.2 539.721 262.222 176.165 211.845 187.947 159.311 173.044 310.857 278.461 198.616 481.032 382.475 165.135
threshold=1.0000000180025095e-35 51.067718500000005 78.13199250000001 21.217401500000005 35.000115000000008 0.45695054824083453 97.19670050000002 147.03555300000002 0.60287465581063315 29.580352500000004 15.115197500000003 16.038379061049334 217.20789350000004 69.410595500000014
decision_type=2 2 2 2 2 2 2 2 2 2 2 2 2 2
left_child=-1 3 -3 -2 -5 -6 7 13 10 -10 11 -9 -12 -4
right_child=1 2 6 4 5 -7 -8 8 9 -11 12 -13 -14 -15
leaf_value=-0.00088685586870921543 -0.00083558102028697518 -0.00033710998403355677 -3.7998828145680008e-06 -0.0030744734432690103 1.9314787795420418 -0.00053691871551285074 -0.0030475877389727658 -0.004895931136886098 0.015974925964525443 0.016837588899719976 0.0019219862501899864 0.063860250702468951 0.017002718844677772 -0.009002847989284293
leaf_weight=61057 4323 47472 139458 1324 161 208 19403 10333 1967 736 49317 635 6115 648
leaf_count=61057 4323 47472 139458 1324 161 208 19403 10333 1967 736 49317 635 6115 648
internal_value=-0.00747448 -0.000434739 -0.000176468 -0.0122872 -0.023225 0.00357724 0.000385282 0.000706853 0.00234491 0.0156419 0.00180361 -0.00311451 0.00277674 -0.000101066
internal_weight=343157 282100 276084 6016 1693 369 228612 209209 69103 2703 66400 10968 55432 140106
internal_count=343157 282100 276084 6016 1693 369 228612 209209 69103 2703 66400 10968 55432 140106
is_linear=0
shrinkage=0.04


Tree=112
num_leaves=15
num_cat=0
split_feature=7 2 2 9 2 2 1 2 2 1 2 0 10 10
split_gain=49171.6 500.234 245.767 154.326 265.13 204.147 192.959 169.486 191.454 267.07 194.939 195.531 224.296 380.746
threshold=1.0000000180025095e-35 51.067718500000005 78.13199250000001 0.30382528290361283 142.69225300000002 81.794326500000011 14.323957691189907 85.573494000000025 117.36821000000002 28.608618658106035 155.57042700000002 2.0071510389434963 32.277110500000006 69.410595500000014
decision_type=2 2 2 2 2 2 2 2 2 2 2 2 2 2
left_child=-1 -2 -3 4 -4 -5 -6 -7 -9 10 11 12 -10 -14
right_child=1 2 3 5 6 7 -8 8 9 -11 -12 -13 13 -15
leaf_value=-0.00085138163396084824 -0.0013794430692399028 -0.00033350748434394009 0.00038449546141918758 -0.0013306369665071994 0.011324772103967616 0.0092951983093210351 0.018285522651658833 -0.0010755746601780957 -0.014427356520449509 0.0026909948832566279 0.0011248911138625629 -5.5046346490446043e-05 0.019196731693643051 -0.0098285440923138977
leaf_weight=61180 6002 47395 53309 638 1338 353 1041 30313 11029 18633 73525 28803 4994 4459
leaf_count=61180 6002 47395 53309 638 1338 353 1041 30313 11029 18633 73525 28803 4994 4459
internal_value=-0.00749478 -0.000438559 -0.000189972 0.000353886 0.00218503 -0.000236415 0.0152501 -0.000152694 -0.0002096 0.000408645 -0.000268382 -0.00221487 -0.00520262 -0.000681265
internal_weight=343012 281832 275830 228435 55688 172747 2379 172109 171756 141443 122810 49285 20482 9453
internal_count=343012 281832 275830 228435 55688 172747 2379 172109 171756 141443 122810 49285 20482 9453
is_linear=0
shrinkage=0.04


Tree=113
num_leaves=15
num_cat=0
split_feature=3 2 2 3 3 0 3 0 2 8 0 2 10 10
split_gain=48986 461.953 202.719 166.083 219.189 237.086 143.014 140.444 135.231 276.302 263.295 242.857 223.169 210.693
threshold=1.0000000180025095e-35 51.067718500000005 78.13199250000001 21.217401500000005 31.242730000000005 0.45695054824083453 208.03935750000002 18.208692145869048 155.57042700000002 0.60287465581063315 2.0557983301440337 136.97528100000002 -3.58106565413425 -14.920743651185228
decision_type=2 2 2 2 2 2 2 2 2 2 2 2 2 2
left_child=-1 3 7 -2 -5 -6 8 -3 10 -10 -4 12 -12 -11
right_child=1 2 6 4 5 -7 -8 -9 9 13 11 -13 -14 -15
leaf_value=-0.00081732636860241568 -0.00074894939416927822 -0.00027519113713566414 -0.0048576230281845217 -0.0028963167827686575 1.8552998915323486 -0.00032629782628254669 -0.025082043832164006 -0.0035789981639206547 0.0015066084657919877 0.018553169574522129 -8.9946676641952113e-05 0.0048245238900491661 0.003530974806658098 0.011415812789131605
leaf_weight=60903 4290 46940 23885 1173 189 319 3092 470 71198 783 115216 11695 1385 1325
leaf_count=60903 4290 46940 23885 1173 189 319 3092 470 71198 783 115216 11695 1385 1325
internal_value=-0.00746806 -0.000441197 -0.000203052 -0.0114487 -0.0221059 -0.00015748 0.000290665 -0.00258342 0.000407828 0.00181922 -0.000272044 0.000445844 -0.000105316 0.0160911
internal_weight=342863 281960 275989 5971 1681 508 228579 47410 225487 73306 152181 128296 116601 2108
internal_count=342863 281960 275989 5971 1681 508 228579 47410 225487 73306 152181 128296 116601 2108
is_linear=0
shrinkage=0.04


Tree=114
num_leaves=15
num_cat=0
split_feature=3 2 1 3 1 3 0 2 1 0 1 1 3 3
split_gain=49305.4 442.269 197.957 889.525 517.661 465.627 449.336 265.264 299.807 232.899 225.304 223.955 363.709 223.451
threshold=1.0000000180025095e-35 51.067718500000005 14.981513036874313 19.424549500000001 20.559917908744463 14.632253000000002 7.8991926585928667 137.70754250000002 17.700763215510687 21.429411270801307 30.028412915108998 35.122683620701444 33.326672000000009 27.302444500000004
decision_type=2 2 2 2 2 2 2 2 2 2 2 2 2 2
left_child=-1 -2 -3 4 5 -4 -7 9 -9 11 -10 -5 -13 -12
right_child=1 2 3 7 -6 6 -8 8 10 -11 13 12 -14 -15
leaf_value=-0.00078463331385831842 -0.0012864822435612044 -0.00022675941115058329 0.041269015187630896 -0.0013277587534285739 0.073403671700396314 -0.0038020477831965938 0.017678853356958856 0.014546352321455652 0.00054668724027071122 0.0030237678256088475 0.066837513007266605 0.072505083434505832 0.00038106321627041863 0.0057430531860285195
leaf_weight=61043 5986 177499 2170 50551 1752 3920 2842 1080 10632 7639 711 638 14223 2273
leaf_count=61043 5986 177499 2170 50551 1752 3920 2842 1080 10632 7639 711 638 14223 2273
internal_value=-0.00740672 -0.000349324 -0.000115971 0.00132275 0.0122201 0.00832064 0.003147 -4.1027e-06 0.00489929 -0.000990541 0.00329025 -0.00176237 0.00255434 0.0130027
internal_weight=342959 281916 275930 98431 10684 8932 6762 87747 14696 73051 13616 65412 14861 2984
internal_count=342959 281916 275930 98431 10684 8932 6762 87747 14696 73051 13616 65412 14861 2984
is_linear=0
shrinkage=0.04


Tree=115
num_leaves=15
num_cat=0
split_feature=3 2 2 3 3 0 3 0 3 2 3 2 1 3
split_gain=49171.8 377.082 192.07 163.12 269.074 219.305 148.292 128.666 595.345 207.513 252.109 175.058 209.92 1136.18
threshold=1.0000000180025095e-35 51.067718500000005 78.13199250000001 21.217401500000005 29.580352500000004 0.45695054824083453 208.03935750000002 10.717615545327314 13.807995000000002 150.49664300000003 29.580352500000004 167.82599650000003 27.503874283373722 24.332154000000006
decision_type=2 2 2 2 2 2 2 2 2 2 2 2 2 2
left_child=-1 3 -3 -2 -5 -6 7 11 -9 -10 -11 12 -4 -14
right_child=1 2 6 4 5 -7 -8 8 9 10 -12 -13 13 -15
leaf_value=-0.00075324798130399278 -0.00066654745992837054 -0.00029052298913704531 -0.0006096463891664594 -0.0027290048217154706 1.7817153744479066 -0.00024673032398006892 -0.024830882975683845 0.028686759167904644 0.00052764810694844405 -0.0068980145059258785 0.014993089638816555 0.0019149507579512069 0.062344856490724701 6.1512063182207475e-05
leaf_weight=60877 4306 47455 98940 1148 198 343 3079 1657 42171 512 704 55940 1651 23695
leaf_count=60877 4306 47455 98940 1148 198 343 3079 1657 42171 512 704 55940 1651 23695
internal_value=-0.00739988 -0.000357276 -0.00014155 -0.0102819 -0.0208171 0.00243993 0.000339656 0.000458827 0.00237102 0.00147233 0.0177632 -1.90871e-05 -0.000855446 0.00239249
internal_weight=342676 281799 275804 5995 1689 541 228349 225270 45044 43387 1216 180226 124286 25346
internal_count=342676 281799 275804 5995 1689 541 228349 225270 45044 43387 1216 180226 124286 25346
is_linear=0
shrinkage=0.04


Tree=116
num_leaves=15
num_cat=0
split_feature=3 2 3 3 0 2 3 2 9 2 10 2 2 2
split_gain=49353 384.752 185.598 242.615 226.778 169.639 142.527 128.973 126.549 255.214 237.294 198.983 168.224 194.346
threshold=1.0000000180025095e-35 51.067718500000005 21.217401500000005 29.580352500000004 0.45695054824083453 78.13199250000001 208.03935750000002 255.63282050000001 0.30382528290361283 146.35878800000003 -14.920743651185228 81.794326500000011 86.120079000000018 105.07196050000002
decision_type=2 2 2 2 2 2 2 2 2 2 2 2 2 2
left_child=-1 2 -2 -4 -5 -3 7 8 9 -7 -11 -10 -13 -14
right_child=1 5 3 4 -6 6 -8 -9 11 10 -12 12 13 -15
leaf_value=-0.00072311806205183516 -0.00064026464707200859 -0.00028298018932159329 -0.0026198446288468523 1.709870740182881 -0.00026803450647685525 0.00035745461101389101 -0.023935256359381693 0.017448293076663453 -0.0013170387676014761 0.016957452393821376 0.011805605523591778 0.0078332225018319431 -0.0022500943978240829 3.2797887034263783e-06
leaf_weight=61231 4282 47623 1159 187 354 53506 3051 2244 612 741 1363 477 4446 161982
leaf_count=61231 4282 47623 1159 187 354 53506 3051 2244 612 741 1363 477 4446 161982
internal_value=-0.00744886 -0.000381666 -0.0104179 -0.0216 0.00051756 -0.000164176 0.000288589 0.000404844 0.000308882 0.00196224 0.0156274 -0.000239976 -0.000156496 -0.000224481
internal_weight=343258 282027 5982 1700 541 276045 228422 225371 223127 55610 2104 167517 166905 166428
internal_count=343258 282027 5982 1700 541 276045 228422 225371 223127 55610 2104 167517 166905 166428
is_linear=0
shrinkage=0.04


Tree=117
num_leaves=15
num_cat=0
split_feature=3 2 3 3 0 1 3 10 3 0 2 1 0 1
split_gain=49425.2 375.013 180.453 259.3 196.687 160.407 813.195 492.196 431.102 427.817 255.185 248.627 224.084 229.089
threshold=1.0000000180025095e-35 51.067718500000005 21.217401500000005 29.580352500000004 0.45695054824083453 14.981513036874313 19.424549500000001 -20.750250015116219 14.953235500000002 17.149842368965825 137.70754250000002 17.700763215510687 20.923007547427293 48.120438187673081
decision_type=2 2 2 2 2 2 2 2 2 2 2 2 2 2
left_child=-1 2 -2 -4 -5 -3 7 -7 -9 -10 12 -12 13 -8
right_child=1 5 3 4 -6 6 10 8 9 -11 11 -13 -14 -15
leaf_value=-0.00069419333956975747 -0.00061525964438004623 -0.00021112282079139622 -0.0025150508436929718 1.6435376781536908 -0.00025731312621777745 0.073017667690723584 -0.0010568802590740255 0.036678713414914882 -0.00054540400905259026 0.068624700038370623 0.013082060628395471 0.0028388576450471569 0.0027972883967069873 0.0029719335559516779
leaf_weight=61186 4337 177490 1155 184 351 1661 61635 2562 5911 616 1076 13753 8422 3086
leaf_count=61186 4337 177490 1155 184 351 1661 61635 2562 5911 616 1076 13753 8422 3086
internal_value=-0.00740878 -0.000343397 -0.010214 -0.0213018 0.00171963 -0.000128018 0.00116448 0.0115498 0.00789086 0.00243297 -0.000104579 0.00468002 -0.00107461 -0.00187327
internal_weight=343425 282239 6027 1690 535 276212 98722 10750 9089 6527 87972 14829 73143 64721
internal_count=343425 282239 6027 1690 535 276212 98722 10750 9089 6527 87972 14829 73143 64721
is_linear=0
shrinkage=0.04


Tree=118
num_leaves=15
num_cat=0
split_feature=3 2 3 3 1 1 3 1 3 9 2 1 1 3
split_gain=49267.8 380.638 185.683 263.678 210.108 165.078 787.673 464.619 382.155 337.416 233.728 232.947 208.855 857.154
threshold=1.0000000180025095e-35 51.067718500000005 21.217401500000005 30.000025500000003 0.45716376502020478 14.981513036874313 19.424549500000001 21.220304213321921 14.632253000000002 0.0044931687856471511 137.70754250000002 17.700763215510687 25.159399311229301 23.941368500000006
decision_type=2 2 2 2 2 2 2 2 2 2 2 2 2 2
left_child=-1 2 -2 -4 -5 -3 7 8 -7 -10 12 -12 -8 -14
right_child=1 5 3 4 -6 6 10 -9 9 -11 11 -13 13 -15
leaf_value=-0.00066642560598696222 -0.00063690797755273649 -0.00021403295088326057 -0.0024144488099452489 1.5747093180001994 -0.00024829653900636294 0.038676592255614983 -0.0015447706472066182 0.073291567054961662 0.03008054408653844 -0.00054065677943655906 0.012233653939496226 0.0027085616672396372 0.041414894410675189 -0.00016993150588417993
leaf_weight=61024 4299 177559 1166 191 341 2166 33012 1422 1437 5723 1101 13723 2107 37887
leaf_count=61024 4299 177559 1166 191 341 2166 33012 1422 1437 5723 1101 13723 2107 37887
internal_value=-0.00741093 -0.000362097 -0.0103318 -0.0215312 0.00180451 -0.00014558 0.00116699 0.0113882 0.00814068 0.00368715 -8.37982e-05 0.00449541 -0.00101362 0.00093014
internal_weight=343158 282134 5997 1698 532 276137 98578 10748 9326 7160 87830 14824 73006 39994
internal_count=343158 282134 5997 1698 532 276137 98578 10748 9326 7160 87830 14824 73006 39994
is_linear=0
shrinkage=0.04


Tree=119
num_leaves=15
num_cat=0
split_feature=3 2 3 3 0 0 3 10 3 1 2 3 0 1
split_gain=49322.3 361.274 186.367 275.572 196.875 158.575 426.008 409.265 246.695 280.544 308.366 338.9 304.784 236.855
threshold=1.0000000180025095e-35 51.067718500000005 21.217401500000005 29.580352500000004 0.45695054824083453 5.5192592645863527 14.114950000000002 -13.816472939984893 17.302557000000004 16.207938157577143 86.996738500000006 15.8227995 13.682414326794662 30.729160947998974
decision_type=2 2 2 2 2 2 2 2 2 2 2 2 2 2
left_child=-1 2 -2 -4 -5 13 7 -7 9 10 -8 12 -12 -3
right_child=1 5 3 4 -6 6 8 -9 -10 -11 11 -13 -14 -15
leaf_value=-0.00063976858174747526 -0.00061143165845062525 -0.00032821208634657316 -0.0023178708575474437 1.5127460307294101 -0.00022097164366154942 0.038060458289312579 0.0017679316759121766 0.0053783942741994798 0.00036694808005328428 0.032733503661873865 -0.0050758258821398394 -0.023957212290850849 0.010029318786783233 0.0029176680035777293
leaf_weight=61066 4301 166381 1156 188 356 1564 3298 5962 81112 624 3821 3488 1212 8468
leaf_count=61066 4301 166381 1156 188 356 1564 3298 5962 81112 624 3821 3488 1212 8468
internal_value=-0.00740823 -0.00034888 -0.0100583 -0.0212706 0.00220588 -0.000137716 0.00112346 0.010279 0.000386938 -0.00485735 -0.00623741 -0.010257 -0.00361613 -0.000866805
internal_weight=342997 281931 6001 1700 544 275930 101081 7526 93555 12443 11819 8521 5033 174849
internal_count=342997 281931 6001 1700 544 275930 101081 7526 93555 12443 11819 8521 5033 174849
is_linear=0
shrinkage=0.04


Tree=120
num_leaves=15
num_cat=0
split_feature=3 0 3 10 10 3 3 1 3 0 3 3 1 3
split_gain=49531.6 206.761 454.381 399.844 294.637 633.621 397.309 382.935 273.478 285.337 270.154 333.329 199.689 437.938
threshold=1.0000000180025095e-35 4.7279160527929891 13.909848000000002 -13.816472939984893 15.323317000000001 17.302557000000004 18.389647500000002 0.39703149144723299 9.6513390000000019 8.8706733738246921 21.217401500000005 30.000025500000003 30.729160947998974 32.738478000000008
decision_type=2 2 2 2 2 2 2 2 2 2 2 2 2 2
left_child=-1 4 3 -3 7 -6 -7 10 -5 -10 -2 -12 -9 -14
right_child=1 2 -4 8 5 6 -8 12 9 -11 11 -13 13 -15
leaf_value=-0.00061417783847756986 -0.0022424998070758395 0.038817682779538759 8.1459897848596978e-05 0.017806405329920432 0.020976718506348961 -0.055033216950405577 5.7102471600301018e-06 -0.00029407530319511824 -0.005977346057206785 0.011114319208562633 -0.0022251560232455425 1.4522361895002336 0.03829874908044445 -0.00058337938709903888
leaf_weight=61093 16397 1405 104161 2838 6494 1229 65351 71743 2852 2197 1171 113 1719 4372
leaf_count=61093 16397 1405 104161 2838 6494 1229 65351 71743 2852 2197 1171 113 1719 4372
internal_value=-0.0073465 -0.000273434 0.00104678 0.00952217 -0.00116188 0.000749925 -0.000413337 -0.00262451 0.00602003 0.00043573 -0.00793847 -0.0256075 -0.00141738 0.00553604
internal_weight=343135 282042 113453 9292 168589 73074 66580 95515 7887 5049 17681 1284 77834 6091
internal_count=343135 282042 113453 9292 168589 73074 66580 95515 7887 5049 17681 1284 77834 6091
is_linear=0
shrinkage=0.04


Tree=121
num_leaves=15
num_cat=0
split_feature=3 2 3 3 1 3 2 8 1 3 10 2 3 1
split_gain=49319.4 291.739 292.591 387.807 142.64 353.268 180.93 247.896 191.628 310.25 255.424 222.364 264.837 260.162
threshold=1.0000000180025095e-35 50.679672000000004 30.000025500000003 21.695706500000004 39.521330406239606 34.880349500000001 154.48060600000005 0.60287465581063315 5.4428310179205459 14.316747500000002 -13.816472939984893 56.842987000000008 4.6676605000000011 4.653971888435092
decision_type=2 2 2 2 2 2 2 2 2 2 2 2 2 2
left_child=-1 2 3 -2 6 -6 8 -8 11 10 -10 -3 13 -13
right_child=1 4 -4 -5 5 -7 7 -9 9 -11 -12 12 -14 -15
leaf_value=-0.00058961072493847412 -0.0016821591554605319 2.8234257517310015e-05 1.3941467419202243 -0.0021361497823157195 0.099940093034539115 0.0010225545322605912 0.00097169460632256404 0.014262659566029727 0.022628875766516815 -0.00020575632079647744 0.0023158644504365578 0.00018014827589178941 -0.0020655296310554227 0.028361384842614905
leaf_weight=60917 2524 22931 195 1029 501 11632 74749 2173 2417 113179 8272 1931 39912 682
leaf_count=60917 2524 22931 195 1029 501 11632 74749 2173 2417 113179 8272 1931 39912 682
internal_value=-0.00736022 -0.000312625 -0.0113981 -0.0140163 -0.000163374 0.00407813 -0.000356663 0.00127922 -0.00102132 -9.62315e-05 0.00641781 -0.00277194 -0.00448395 0.00785304
internal_weight=343044 282127 3748 3553 278379 12133 266246 76922 189324 123868 10689 65456 42525 2613
internal_count=343044 282127 3748 3553 278379 12133 266246 76922 189324 123868 10689 65456 42525 2613
is_linear=0
shrinkage=0.04


Tree=122
num_leaves=15
num_cat=0
split_feature=3 2 3 3 0 3 0 10 2 3 3 3 1 3
split_gain=49622.7 298.583 281.093 387.174 140.445 377.326 338.974 243.406 242.022 222.16 308.645 201.751 875.734 288.718
threshold=1.0000000180025095e-35 50.679672000000004 30.000025500000003 21.695706500000004 5.5192592645863527 13.807995000000002 9.1307987539813187 -42.416017058153031 157.78275300000004 15.115197500000003 17.302557000000004 23.941368500000006 26.25224958923916 30.309518500000003
decision_type=2 2 2 2 2 2 2 2 2 2 2 2 2 2
left_child=-1 2 3 -2 7 6 -6 -3 11 -10 -11 12 -9 -13
right_child=1 4 -4 -5 5 -7 -8 8 9 10 -12 13 -14 -15
leaf_value=-0.00056602629594094012 -0.0016478843048155589 0.0056193184978242487 1.3381257452902902 -0.0020507037910230965 0.0019234081704470529 0.00014052311641441273 0.025335756417299446 -0.00021860501907821738 -0.0046437505205384963 0.014995710783177785 0.00087853177203771836 -0.003776000371561521 0.049125201181179079 -0.00046752464629232552
leaf_weight=61089 2544 2607 191 1007 3634 94504 2869 64627 9005 6349 53400 12603 1428 27233
leaf_count=61089 2544 2607 191 1007 3634 94504 2869 64627 9005 6349 53400 12603 1428 27233
internal_value=-0.00731563 -0.000235318 -0.0114591 -0.0140017 -8.43818e-05 0.00110606 0.010426 -0.000762756 -0.000943858 0.000904093 0.00178681 -0.00214371 -0.000787828 -0.00439201
internal_weight=343090 282001 3742 3551 278259 101007 6503 177252 174645 68754 59749 105891 66055 39836
internal_count=343090 282001 3742 3551 278259 101007 6503 177252 174645 68754 59749 105891 66055 39836
is_linear=0
shrinkage=0.04


Tree=123
num_leaves=15
num_cat=0
split_feature=3 2 3 3 0 3 2 9 1 9 3 1 8 0
split_gain=49541.9 263.75 264.687 407.52 142.829 438.425 259.229 198.648 388.53 327.367 640.402 446.589 280.418 208.41
threshold=1.0000000180025095e-35 50.679672000000004 30.000025500000003 22.724640000000004 4.8102814960574962 9.6513390000000019 119.71316900000001 0.30382528290361283 15.728109095077484 0.02623508436154565 56.39312300000001 10.726281327909224 0.87987932608788444 13.682414326794662
decision_type=2 2 2 2 2 2 2 2 2 2 2 2 2 2
left_child=-1 2 3 -2 -3 -6 7 9 -9 10 13 -11 -13 -7
right_child=1 4 -4 -5 5 6 -8 8 -10 11 -12 12 -14 -15
leaf_value=-0.0005433852441032983 -0.00142822257098997 -0.00023490433803353473 1.2848558424318037 -0.0019686756393821805 0.021372009194134973 -0.001090070154131665 0.0021348406912512631 -0.0028522488114697269 -0.0003706586425072134 0.00082713710845555566 -0.018427788499466344 -0.0016908798107970213 0.0032383418044514079 0.0026891551320782185
leaf_weight=61075 2701 166167 186 852 2537 17278 34523 4794 21065 5608 1070 8399 6725 9992
leaf_count=61075 2701 166167 186 852 2537 17278 34523 4794 21065 5608 1070 8399 6725 9992
internal_value=-0.00733891 -0.000262649 -0.0108157 -0.0132508 -0.000120795 0.000983293 0.000602262 -0.000719062 -0.00355621 0.000776003 -0.00201835 0.00459579 0.00102089 -0.000827283
internal_weight=342972 281897 3739 3553 278158 111991 109454 74931 25859 49072 28340 20732 15124 27270
internal_count=342972 281897 3739 3553 278158 111991 109454 74931 25859 49072 28340 20732 15124 27270
is_linear=0
shrinkage=0.04


Tree=124
num_leaves=15
num_cat=0
split_feature=3 2 3 3 0 3 2 0 10 3 3 2 10 10
split_gain=49508.6 290.81 255.497 409.213 138.99 212.707 148.17 321.562 407.018 256.845 231.205 223.942 159.561 146.694
threshold=1.0000000180025095e-35 50.679672000000004 30.000025500000003 22.074597500000003 22.702996975414468 24.999868000000003 127.21108250000002 1.0246239593497044 13.874834500000002 11.400451000000002 15.000171500000002 243.09978450000003 -30.884567982084885 -28.30003215577203
decision_type=2 2 2 2 2 2 2 2 2 2 2 2 2 2
left_child=-1 2 3 -2 6 -6 -3 8 9 -8 -9 -10 -11 -12
right_child=1 4 -4 -5 5 -7 7 10 11 12 13 -13 -14 -15
leaf_value=-0.00052164983433916851 -0.001371093668150376 -0.00019381044672470594 1.2333340452579689 -0.0018899286138069017 0.076658392741173462 0.0018401421161374331 0.028110956346356117 0.011972266569323091 -0.00037992734912804636 0.029219417410265208 0.0057768082569302328 0.016942189914953363 -0.027549905469683021 0.00083144843106025773
leaf_weight=61044 2615 150118 178 995 354 5783 713 4554 74750 166 7273 3298 4385 26843
leaf_count=61044 2615 150118 178 995 354 5783 713 4554 74750 166 7273 3298 4385 26843
internal_value=-0.00733882 -0.000269338 -0.0112777 -0.0135845 -0.000119466 0.00583347 -0.00025373 0.000781755 -0.000617438 -0.011383 0.00379622 0.000108651 -0.0148802 0.0026662
internal_weight=343069 282025 3788 3610 278237 6137 272100 121982 83312 5264 38670 78048 4551 34116
internal_count=343069 282025 3788 3610 278237 6137 272100 121982 83312 5264 38670 78048 4551 34116
is_linear=0
shrinkage=0.04


Tree=125
num_leaves=15
num_cat=0
split_feature=3 2 3 3 0 3 2 0 10 3 3 3 3 2
split_gain=49577.4 249.832 268.098 407.574 131.072 222.543 134.938 294.996 359.089 440.763 320.473 212.736 199.321 173.005
threshold=1.0000000180025095e-35 50.679672000000004 30.000025500000003 21.695706500000004 21.429411270801307 24.332154000000006 128.47671500000004 0.97621537786661472 15.000171500000002 17.302557000000004 18.389647500000002 16.141450000000003 15.000171500000002 206.63068400000003
decision_type=2 2 2 2 2 2 2 2 2 2 2 2 2 2
left_child=-1 2 3 -2 6 -6 -3 8 13 11 -11 -10 -9 -8
right_child=1 4 -4 -5 5 -7 7 12 9 10 -12 -13 -14 -15
leaf_value=-0.00050078384096559955 -0.001436984767483871 -0.00018890838112314512 1.1840006834476504 -0.0018143314692546219 0.061168960632278092 0.0015493257959967321 -0.015050652536525178 0.011842717771365146 0.0045580288777063594 -0.051444006707826742 -0.00027373980976057142 0.028953227042126089 0.0019892364349075663 -0.0026100174467828686
leaf_weight=61136 2536 151879 190 1031 492 7179 4525 4239 3817 1105 63440 3570 31578 6140
leaf_count=61136 2536 151879 190 1031 492 7179 4525 4239 3817 1105 63440 3570 31578 6140
internal_value=-0.00734825 -0.000262529 -0.0105084 -0.0129745 -0.000124045 0.00503194 -0.000270373 0.000741804 -0.000572902 0.00044264 -0.000616624 0.00969812 0.00377363 -0.00742241
internal_weight=342857 281721 3757 3567 277964 7671 270293 118414 82597 71932 64545 7387 35817 10665
internal_count=342857 281721 3757 3567 277964 7671 270293 118414 82597 71932 64545 7387 35817 10665
is_linear=0
shrinkage=0.04


Tree=126
num_leaves=15
num_cat=0
split_feature=3 2 3 3 1 2 8 0 2 3 2 1 9 9
split_gain=49596.7 277.724 258.523 407.827 139.503 127.546 228.079 209.097 203.996 201.478 204.226 212.232 253.019 202.542
threshold=1.0000000180025095e-35 50.679672000000004 30.000025500000003 21.695706500000004 52.445073601004161 155.57042700000002 0.60287465581063315 2.0071510389434963 128.47671500000004 4.5840120000000013 56.224499000000009 5.4428310179205459 0.28668358212843392 0.02623508436154565
decision_type=2 2 2 2 2 2 2 2 2 2 2 2 2 2
left_child=-1 2 3 -2 5 7 -7 -3 9 -9 -11 -12 13 -13
right_child=1 4 -4 -5 -6 6 -8 8 -10 10 11 12 -14 -15
leaf_value=-0.00048075248732697417 -0.00141251689235796 -0.00045971816772552468 1.140732605572635 -0.0017417582104844343 0.0046901164725132284 0.00092718025536837174 0.013328817972258227 0.011195447709154266 0.0023845670729675519 0.0015813031218822361 -0.0010161314444159463 -0.0002540414026930615 -0.00076441617474841904 0.00071941865089083959
leaf_weight=60997 2558 47383 184 1018 1518 73941 2115 1684 24236 2356 19274 28368 54617 22888
leaf_count=60997 2558 47383 184 1018 1518 73941 2115 1684 24236 2356 19274 28368 54617 22888
internal_value=-0.00729376 -0.000222868 -0.0110213 -0.0134004 -7.7017e-05 -0.00014332 0.00125171 -0.000671693 4.56255e-05 -0.000586127 -0.000767668 -0.000987319 -0.000284492 0.00173404
internal_weight=343137 282140 3760 3576 278380 276862 76056 200806 153423 129187 127503 125147 105873 51256
internal_count=343137 282140 3760 3576 278380 276862 76056 200806 153423 129187 127503 125147 105873 51256
is_linear=0
shrinkage=0.04


Tree=127
num_leaves=15
num_cat=0
split_feature=3 2 3 3 0 3 1 2 8 10 3 2 0 2
split_gain=49577.8 247.728 297.522 366.555 138.859 264.476 127.445 136.536 203.48 176.387 171.873 239.022 161.095 209.57
threshold=1.0000000180025095e-35 1.0000000180025095e-35 30.000025500000003 21.695706500000004 20.464892300603292 23.355058500000002 52.445073601004161 155.57042700000002 0.60287465581063315 -14.755236696354661 180.61969250000004 167.82599650000003 2.0071510389434963 136.97528100000002
decision_type=2 2 2 2 2 2 2 2 2 2 2 2 2 2
left_child=-1 2 3 -2 6 -6 7 12 10 -10 -9 -12 -3 -14
right_child=1 4 -4 -5 5 -7 -8 8 9 -11 11 -13 13 -15
leaf_value=-0.00046152238783388812 -0.0013560162166636402 -0.00044132944101650474 1.0922909539376202 -0.0016720878820650497 0.053903424749379342 0.0014157569863078789 0.0042819353619633869 0.0011896946512837058 0.014432697765904621 0.0064779777601329646 0.069231262343773817 -0.023966333782216093 -0.00018217105983620586 0.0038542765741054552
leaf_weight=61131 1475 48548 193 1001 582 8562 1535 70288 827 1278 223 3265 132662 11646
leaf_count=61131 1475 48548 193 1001 582 8562 1535 70288 827 1278 223 3265 132662 11646
internal_value=-0.00734278 -0.000265594 -0.0123942 -0.0161228 -0.000149741 0.00469816 -0.000313758 -0.000379404 0.00105797 0.0133207 0.000708089 -0.00795872 -0.000944954 -0.000274413
internal_weight=343216 282085 2669 2476 279416 9144 270272 268737 75881 2105 73776 3488 192856 144308
internal_count=343216 282085 2669 2476 279416 9144 270272 268737 75881 2105 73776 3488 192856 144308
is_linear=0
shrinkage=0.04


Tree=128
num_leaves=15
num_cat=0
split_feature=3 2 3 3 3 1 2 1 10 2 0 3 0 3
split_gain=49598.3 262.063 274.037 409.541 121.6 113.878 118.927 188.304 178.839 216.462 130.884 334.111 361.041 264.119
threshold=1.0000000180025095e-35 50.679672000000004 30.000025500000003 22.999594500000004 263.67257150000006 52.445073601004161 178.12245150000004 15.106306522653059 15.323317000000001 235.77985350000003 4.7279160527929891 13.807995000000002 9.412264656174175 10.000080000000002
decision_type=2 2 2 2 2 2 2 2 2 2 2 2 2 2
left_child=-1 2 3 -2 5 6 10 8 -8 -10 -3 12 13 -12
right_child=1 4 -4 -5 -6 -7 7 -9 9 -11 11 -13 -14 -15
leaf_value=-0.00044306149232053115 -0.0012937734582031625 -0.0003076970370178822 1.0504187737879278 -0.0016052043667824556 -0.03449753056293578 0.0041322273166393524 -0.0034386684369220079 0.011277282353504425 0.0015696025343622643 0.022786988480619261 0.010992158184137922 -2.6150834238046762e-05 0.024171606796221514 -0.0050198520039683395
leaf_weight=60982 2767 120360 195 810 1029 1520 8497 2473 30823 2753 3315 101974 2640 2868
leaf_count=60982 2767 120360 195 810 1029 1520 8497 2473 30823 2753 3315 101974 2640 2868
internal_value=-0.00728967 -0.000216719 -0.0106893 -0.0132066 -7.47524e-05 -2.38075e-05 -8.40034e-05 0.00180847 0.00117795 0.00248987 -0.000448699 0.000543336 0.00801088 0.0027236
internal_weight=343006 282024 3772 3577 278252 277223 275703 44546 42073 33576 231157 110797 8823 6183
internal_count=343006 282024 3772 3577 278252 277223 275703 44546 42073 33576 231157 110797 8823 6183
is_linear=0
shrinkage=0.04


Tree=129
num_leaves=15
num_cat=0
split_feature=3 2 3 3 10 3 3 10 2 8 3 9 0 3
split_gain=49539.3 258.004 283.844 379.913 122.178 343.327 145.708 299.167 301.158 264.161 358.31 257.521 225.282 302.143
threshold=1.0000000180025095e-35 1.0000000180025095e-35 30.000025500000003 21.695706500000004 -39.630127479472598 34.880349500000001 39.758477500000005 36.307524500000007 188.42130300000002 0.97480203678470401 63.194340500000003 0.11288477717911673 17.850957291204928 19.597057000000003
decision_type=2 2 2 2 2 2 2 2 2 2 2 2 2 2
left_child=-1 2 3 -2 5 -3 7 12 -9 11 -11 -8 -6 -14
right_child=1 4 -4 -5 6 -7 9 8 -10 10 -12 -13 13 -15
leaf_value=-0.00042533903262771845 -0.001250024629668971 0.096836140923869496 1.0051753993012544 -0.0015409961921111659 -6.1875427765043507e-05 0.00091038586466086091 0.0027666077920356358 0.054144281951894122 -0.0053326391681662267 -0.00072265572848481782 -0.013988543118205075 -0.00058622894612974101 0.071421211168409354 0.0039246972475524798
leaf_weight=61043 1456 475 187 1019 193579 11513 3025 2083 524 5458 1097 54693 539 6491
leaf_count=61043 1456 475 187 1019 193579 11513 3025 2083 524 5458 1097 54693 539 6491
internal_value=-0.00732719 -0.000258171 -0.0126521 -0.0162424 -0.000140119 0.00381048 -0.000317172 0.000207858 0.0136709 -0.00197719 -0.00958658 -0.001113 3.28998e-05 0.00706686
internal_weight=343182 282139 2662 2475 279477 11988 267489 203216 2607 64273 6555 57718 200609 7030
internal_count=343182 282139 2662 2475 279477 11988 267489 203216 2607 64273 6555 57718 200609 7030
is_linear=0
shrinkage=0.04


Tree=130
num_leaves=15
num_cat=0
split_feature=3 2 3 3 10 3 3 1 1 3 0 0 3 1
split_gain=49531.6 243.152 303.017 376.802 118.405 1384.83 457.26 469.754 415.804 507.547 397.363 364.356 329.318 316.368
threshold=1.0000000180025095e-35 1.0000000180025095e-35 30.000025500000003 22.074597500000003 -21.977959140411588 23.729897500000003 28.750557500000003 30.729160947998974 26.25224958923916 19.946072000000004 5.8379400482484769 10.948892443308729 35.000115000000008 23.406004772689815
decision_type=2 2 2 2 2 2 2 2 2 2 2 2 2 2
left_child=-1 2 3 -2 5 8 7 10 9 -3 13 -11 -8 -7
right_child=1 4 -4 -5 -6 6 12 -9 -10 11 -12 -13 -14 -15
leaf_value=-0.00040832547132261258 -0.0012000236444822043 0.070516666179295029 0.96861584426670444 -0.0014793563444267122 -0.00014511720605488553 0.011748038355849895 0.0051165153011288123 0.023278024036511715 0.059883441086596489 -0.00061263356124617195 -0.0019836660308609044 0.058371535906457342 -0.00014722233015913356 -0.02677628556683502
leaf_weight=61031 1514 1357 194 963 219988 431 6227 1049 2080 3434 4725 656 34210 4961
leaf_count=61031 1514 1357 194 963 219988 431 6227 1049 2080 3434 4725 656 34210 4961
internal_value=-0.00732956 -0.000253665 -0.0122651 -0.0160355 -0.000138723 0.00145036 -0.000887545 -0.00805302 0.0174784 0.0116688 -0.0106949 0.0046357 0.00109108 -0.0181157
internal_weight=342820 281789 2671 2477 279118 59130 51603 11166 7527 5447 10117 4090 40437 5392
internal_count=342820 281789 2671 2477 279118 59130 51603 11166 7527 5447 10117 4090 40437 5392
is_linear=0
shrinkage=0.04


Tree=131
num_leaves=15
num_cat=0
split_feature=3 2 3 3 2 3 0 3 1 2 2 8 1 3
split_gain=49614.5 259.864 285.472 385.936 118.119 112.798 106.756 212.713 109.001 108.473 107.487 195.937 171.235 146.031
threshold=1.0000000180025095e-35 1.0000000180025095e-35 30.000025500000003 21.695706500000004 266.29190050000005 263.67257150000006 22.702996975414468 24.999868000000003 52.445073601004161 110.07617950000001 155.57042700000002 0.60287465581063315 14.736115801370177 156.87709950000001
decision_type=2 2 2 2 2 2 2 2 2 2 2 2 2 2
left_child=-1 2 3 -2 5 6 8 -8 10 -9 13 -12 -13 -3
right_child=1 4 -4 -5 -6 -7 7 9 -10 -11 11 12 -14 -15
leaf_value=-0.00039199245246971162 -0.0011520226987029147 -0.00018559728487614892 0.92622374955853615 -0.0014201820906496465 0.0189646674014174 -0.033141872122146004 0.071154630142272482 -0.0012431325234103685 0.0037103938055875175 0.0053044698566461854 0.00067068886855540914 0.005633184511634237 0.013906096123152909 0.11425438557453678
leaf_weight=60996 1464 194992 191 1038 1118 1018 357 2689 1515 3136 71970 1271 824 495
leaf_count=60996 1464 194992 191 1038 1118 1018 357 2689 1515 3136 71970 1271 824 495
internal_value=-0.00728822 -0.000214692 -0.0125808 -0.0161791 -9.54955e-05 -0.000147628 -9.88281e-05 0.00509867 -0.000217363 0.0032618 -0.000277497 0.00102018 0.0130788 -0.000769156
internal_weight=343074 282078 2693 2502 279385 278267 277249 6182 271067 5825 269552 74065 2095 195487
internal_count=343074 282078 2693 2502 279385 278267 277249 6182 271067 5825 269552 74065 2095 195487
is_linear=0
shrinkage=0.04


Tree=132
num_leaves=15
num_cat=0
split_feature=3 10 3 3 1 1 3 0 0 3 10 1 3 0
split_gain=49584.2 115.903 1326.94 408.34 447.503 407.996 486.023 342.355 332.779 261.046 265.422 255.094 229.062 172.242
threshold=1.0000000180025095e-35 -21.977959140411588 23.729897500000003 28.750557500000003 30.729160947998974 26.25224958923916 19.946072000000004 5.8379400482484769 10.343110007341341 35.000115000000008 -37.871590083421687 23.406004772689815 25.552829000000003 5.9051771992593753
decision_type=2 2 2 2 2 2 2 2 2 2 2 2 2 2
left_child=-1 2 5 4 7 6 -2 11 -8 10 -5 -4 -13 -12
right_child=1 -3 3 9 -6 -7 8 -9 -10 -11 13 12 -14 -15
leaf_value=-0.0003763127543709288 0.066665941772857146 -0.00016576430508680407 0.010952658689134679 0.054439329205674694 0.023909934228077051 0.058137819828319712 -0.00097964194591058104 -0.0020083236245251124 0.050037119305650142 -0.00013432000717750192 -0.0047626231669262295 -0.0030068989983469676 -0.062735843225518576 0.0047053695658153824
leaf_weight=60925 1336 222911 419 932 1049 2071 3360 4665 731 34207 1648 2212 2703 3661
leaf_count=60925 1336 222911 419 932 1049 2071 3360 4665 731 34207 1648 2212 2703 3661
internal_value=-0.00727754 -0.000205601 0.00137099 -0.00091813 -0.00773353 0.0170926 0.0113285 -0.010341 0.0044879 0.000943434 0.00846659 -0.0172628 -0.0198169 0.00501036
internal_weight=342830 281905 58994 51496 11048 7498 5427 9999 4091 40448 6241 5334 4915 5309
internal_count=342830 281905 58994 51496 11048 7498 5427 9999 4091 40448 6241 5334 4915 5309
is_linear=0
shrinkage=0.04


Tree=133
num_leaves=15
num_cat=0
split_feature=3 2 3 3 10 3 10 2 9 3 10 8 1 2
split_gain=49754.1 240.195 288.951 385.791 111.353 106.165 321.801 332.56 281.735 368.396 239.715 239.196 197.75 201.829
threshold=1.0000000180025095e-35 1.0000000180025095e-35 30.000025500000003 22.074597500000003 -54.880674706320342 40.30890500000001 36.307524500000007 185.64068600000004 0.010789969182060268 63.194340500000003 -3.914637508553926 0.87987932608788444 4.653971888435092 74.683750000000018
decision_type=2 2 2 2 2 2 2 2 2 2 2 2 2 2
left_child=-1 2 3 -2 -3 6 -6 -8 9 -7 -11 -10 -13 -14
right_child=1 4 -4 -5 5 8 7 -9 11 10 -12 12 13 -15
leaf_value=-0.00036126024419608883 -0.0010993112185513354 0.0043190597122272443 0.88943655710152314 -0.0013567442348201909 4.0630278494466768e-05 -0.00068252850272018108 0.057149976458782864 -0.0054899921164256772 -0.00043027469265731531 -0.017943823654933869 1.2370931806393362 -0.0023623870362613265 -0.0032063423942188729 0.0040679188111285456
leaf_weight=61043 1509 1095 193 966 203870 5040 2415 669 61195 961 70 131 316 3461
leaf_count=61043 1509 1095 193 966 203870 5040 2415 669 61195 961 70 131 316 3461
internal_value=-0.00725901 -0.000169001 -0.0121139 -0.0157899 -5.48665e-05 -0.000104988 0.000353315 0.0131777 -0.0014376 -0.0096788 -0.0314646 -0.000669094 0.00892528 0.010601
internal_weight=342934 281891 2668 2475 279223 278128 206954 3084 71174 6071 1031 65103 3908 3777
internal_count=342934 281891 2668 2475 279223 278128 206954 3084 71174 6071 1031 65103 3908 3777
is_linear=0
shrinkage=0.04


Tree=134
num_leaves=15
num_cat=0
split_feature=3 2 3 3 2 1 3 10 2 9 3 5 9 2
split_gain=49654.1 267.082 254.379 367.829 111.107 101.021 110.357 286.543 299.01 271.257 353.324 206.82 200.192 291.173
threshold=1.0000000180025095e-35 1.0000000180025095e-35 30.000025500000003 21.695706500000004 266.29190050000005 52.445073601004161 40.30890500000001 37.571421000000008 185.64068600000004 0.010789969182060268 59.251906500000011 1.0000000180025095e-35 0.28668358212843392 74.683750000000018
decision_type=2 2 2 2 2 2 2 2 2 2 2 2 2 2
left_child=-1 2 3 -2 5 6 7 -3 -9 10 -8 -12 13 -11
right_child=1 4 -4 -5 -6 -7 9 8 -10 12 11 -13 -14 -15
leaf_value=-0.00034680983442823886 -0.0010553387698092819 3.7638773641557326e-05 0.8509718267510562 -0.0013024744654273768 0.01917993013414904 0.003472772550514063 -0.00062522040018626163 0.066672123013514425 -0.0051482205121766112 -0.003349684807778832 1.4921409369963308 -0.016002263830428749 -0.00069365052648518778 0.0010180525394524521
leaf_weight=60959 1475 203637 184 1012 1125 1509 4947 1616 456 523 65 1106 55597 8568
leaf_count=60959 1475 203637 184 1012 1125 1509 4947 1616 456 523 65 1106 55597 8568
internal_value=-0.00726614 -0.00018565 -0.0127742 -0.0161319 -6.51982e-05 -0.000115961 -0.000172287 0.000296535 0.0150965 -0.00153433 -0.00958483 -0.0293424 -0.000772941 0.00472995
internal_weight=342779 281820 2671 2487 279149 278024 276515 205709 2072 70806 6118 1171 64688 9091
internal_count=342779 281820 2671 2487 279149 278024 276515 205709 2072 70806 6118 1171 64688 9091
is_linear=0
shrinkage=0.04


Tree=135
num_leaves=15
num_cat=0
split_feature=3 2 3 3 0 3 10 3 10 3 0 1 3 10
split_gain=49610.2 272.009 266.813 359.853 101.273 333.598 367.823 212.544 201.728 190.359 288.359 291.989 268.614 206.65
threshold=1.0000000180025095e-35 1.0000000180025095e-35 30.000025500000003 22.074597500000003 5.5192592645863527 13.909848000000002 -13.151135000198156 9.6513390000000019 -42.416017058153031 17.302557000000004 14.904084779287286 11.122438856939565 15.317492500000002 -17.294180876655936
decision_type=2 2 2 2 2 2 2 2 2 2 2 2 2 2
left_child=-1 2 3 -2 8 6 -6 -8 -3 10 11 -7 -13 -14
right_child=1 4 -4 -5 5 9 7 -9 -10 -11 -12 12 13 -15
leaf_value=-0.00033293744105110433 -0.0010131252190169172 0.0050244639263809666 0.81982022174742042 -0.0012503754868102845 0.03076139033946779 0.0027889980107456049 0.032544494717174681 -0.00021547636620191103 -0.00020997263675331278 0.00028491349223668915 0.021794421415078886 -0.0013203265888256099 0.061430503485768374 -0.015477422286987412
leaf_weight=60957 1504 2657 192 969 1756 2667 1074 4016 175513 81157 747 4748 157 4802
leaf_count=60957 1504 2657 192 969 1756 2667 1074 4016 175513 81157 747 4748 157 4802
internal_value=-0.00727852 -0.000204427 -0.0129231 -0.0164497 -8.30666e-05 0.00092797 0.0094537 0.00400786 -0.000656901 0.000308874 -0.00416127 -0.00561823 -0.00883898 -0.0153499
internal_weight=342916 281959 2665 2473 279294 101124 6846 5090 178170 94278 13121 12374 9707 4959
internal_count=342916 281959 2665 2473 279294 101124 6846 5090 178170 94278 13121 12374 9707 4959
is_linear=0
shrinkage=0.04


Tree=136
num_leaves=15
num_cat=0
split_feature=3 2 3 3 10 3 1 3 3 1 0 0 1 10
split_gain=49742 296.396 280.251 348.27 100.496 1301.8 418.724 482.1 394.261 382.473 331.104 315.708 239.75 240.44
threshold=1.0000000180025095e-35 1.0000000180025095e-35 30.000025500000003 21.695706500000004 -21.977959140411588 23.941368500000006 26.863713792677832 19.946072000000004 28.750557500000003 30.729160947998974 15.614284591587005 6.2686874477026011 23.406004772689815 -27.521071087656917
decision_type=2 2 2 2 2 2 2 2 2 2 2 2 2 2
left_child=-1 2 3 -2 5 6 7 -3 9 11 -9 12 -7 -14
right_child=1 4 -4 -5 -6 8 -8 10 -10 -11 -12 -13 13 -15
leaf_value=-0.00031961994340905519 -0.0075755979827866237 0.064917808589339154 0.78702741287752365 -0.0012003604673378732 -0.00010646624535635141 0.010089203680495581 0.057207109622908647 0.0012346756271612769 0.00030705940614547347 0.021318390128191984 0.069686947599798807 -0.0016911149906393952 -0.0030377748470793078 -0.064474125229218943
leaf_weight=61004 1478 1372 194 1037 220240 423 1952 4154 40401 1018 465 4219 2533 2617
leaf_count=61004 1478 1372 194 1037 220240 423 1952 4154 40401 1018 465 4219 2533 2617
internal_value=-0.00724847 -0.000166039 -0.0133333 -0.0169066 -3.83688e-05 0.00142543 0.0164925 0.0112502 -0.000911523 -0.00769658 0.00506603 -0.0101225 -0.0163718 -0.0187495
internal_weight=343107 282103 2709 2515 279394 59154 7943 5991 51211 10810 4619 9792 5573 5150
internal_count=343107 282103 2709 2515 279394 59154 7943 5991 51211 10810 4619 9792 5573 5150
is_linear=0
shrinkage=0.04


Tree=137
num_leaves=15
num_cat=0
split_feature=3 2 3 3 10 10 2 2 2 3 2 10 1 3
split_gain=49712.2 279.186 270.347 362.252 109.581 220.837 153.104 310.701 111.317 187.868 261.28 226.919 268.124 190.284
threshold=1.0000000180025095e-35 1.0000000180025095e-35 30.000025500000003 21.695706500000004 69.410595500000014 57.100277000000006 99.750706000000022 134.36869850000002 160.69728050000003 40.30890500000001 225.34911350000002 24.998291000000005 14.855178351116242 28.750557500000003
decision_type=2 2 2 2 2 2 2 2 2 2 2 2 2 2
left_child=-1 2 3 -2 5 8 -6 -8 -3 11 -11 12 -10 -13
right_child=1 4 -4 -5 6 -7 7 -9 9 10 -12 13 -14 -15
leaf_value=-0.00030683514567268587 -0.0072725740634751544 -6.3633330891550439e-05 0.75541875288586025 -0.0011523460486443505 0.75713515631215489 0.062318882512458373 -0.018813636116295128 -0.0016493349899325055 -0.0011699804007029658 -0.0090964109367161605 0.034695466730687539 0.024747849897874152 0.0078290370338324686 0.0023692327560844539
leaf_weight=60981 1453 203388 188 1025 145 1073 933 22892 27316 3816 246 6525 5940 7049
leaf_count=60981 1453 203388 188 1025 145 1073 933 22892 27316 3816 246 6525 5940 7049
internal_value=-0.00725218 -0.000170361 -0.0130533 -0.0165617 -4.74003e-05 0.000195337 -0.00263329 -0.00288269 0.000118924 0.00179203 -0.00645987 0.00250779 0.000728891 0.00686607
internal_weight=342970 281989 2666 2478 279323 255353 23970 23825 254280 50892 4062 46830 33256 13574
internal_count=342970 281989 2666 2478 279323 255353 23970 23825 254280 50892 4062 46830 33256 13574
is_linear=0
shrinkage=0.04


Tree=138
num_leaves=15
num_cat=0
split_feature=3 2 3 3 3 1 2 2 2 0 3 2 8 8
split_gain=49682.9 301.298 222.78 353.774 113.313 101.882 100.046 91.3321 209.895 89.2465 302.621 116.667 191.398 175.206
threshold=1.0000000180025095e-35 1.0000000180025095e-35 30.000025500000003 21.695706500000004 263.67257150000006 52.445073601004161 266.29190050000005 176.62200900000002 123.61187350000002 19.952803443312941 23.174028500000002 102.329975 0.99747694329302783 0.99994574974513928
decision_type=2 2 2 2 2 2 2 2 2 2 2 2 2 2
left_child=-1 2 3 -2 5 6 9 8 -6 -3 -11 13 -13 -12
right_child=1 4 -4 -5 7 -7 -8 -9 -10 10 11 12 -14 -15
leaf_value=-0.00029456173984577561 -0.0069816711009361493 -5.7892479476295833e-05 0.72532956624698841 -0.0011062522066985815 -0.092668117097936736 0.0037129655427228015 0.0169683069460503 -0.038422962954339009 0.051329655120078109 0.049246182736245196 -0.0082565193604876626 0.0036479348214163653 -0.0066456608444016713 0.0026997589594423949
leaf_weight=60877 1479 265701 188 1021 281 1533 1126 433 318 725 1078 5515 1983 610
leaf_count=60877 1479 265701 188 1021 281 1533 1126 433 318 725 1078 5515 1983 610
internal_value=-0.0072289 -0.000154189 -0.0134821 -0.01664 -2.59217e-05 2.31429e-05 -3.38226e-05 -0.0132558 -0.00313856 -8.24347e-05 0.00364444 0.00168082 0.00381969 -0.00781991
internal_weight=342868 281991 2688 2500 279303 278271 276738 1032 599 275612 9911 9186 7498 1688
internal_count=342868 281991 2688 2500 279303 278271 276738 1032 599 275612 9911 9186 7498 1688
is_linear=0
shrinkage=0.04


Tree=139
num_leaves=15
num_cat=0
split_feature=3 2 3 3 3 2 2 10 3 9 3 10 2 10
split_gain=49703.8 294.005 240.673 351.485 117.933 101.698 202.804 94.7966 95.6665 274.64 377.231 267.614 286.278 186.885
threshold=1.0000000180025095e-35 1.0000000180025095e-35 30.000025500000003 21.695706500000004 263.67257150000006 176.62200900000002 123.61187350000002 -54.880674706320342 40.30890500000001 0.010789969182060268 63.194340500000003 37.571421000000008 186.97550950000002 -28.073406360292655
decision_type=2 2 2 2 2 2 2 2 2 2 2 2 2 2
left_child=-1 2 3 -2 7 6 -6 -3 11 10 -10 13 -13 -9
right_child=1 4 -4 -5 5 -7 -8 8 9 -11 -12 12 -14 -15
leaf_value=-0.00028277927025193605 -0.0067024042568987066 0.0040039902097632309 0.69606125664398411 -0.0010620021184306338 -0.089329712830608768 -0.037406731539436924 0.049276468915274985 0.0036851963267803714 -0.0006234566284908905 -0.00013659616247441164 -0.01561606279794114 0.067078023742135701 -0.0051889744775019155 -1.163215593735334e-05
leaf_weight=60937 1465 1082 193 1008 280 432 319 12149 5092 64159 1013 1613 461 192803
leaf_count=60937 1465 1082 193 1008 280 432 319 12149 5092 64159 1013 1613 461 192803
internal_value=-0.00724022 -0.000162939 -0.0133833 -0.0167408 -3.67927e-05 -0.0135403 -0.00287145 1.32197e-05 -3.28898e-05 -0.00130821 -0.00941523 0.00039995 0.0146962 0.000255279
internal_weight=343006 282069 2666 2473 279403 1031 599 278372 277290 70264 6105 207026 2074 204952
internal_count=343006 282069 2666 2473 279403 1031 599 278372 277290 70264 6105 207026 2074 204952
is_linear=0
shrinkage=0.04


Tree=140
num_leaves=15
num_cat=0
split_feature=3 2 3 3 3 3 3 2 3 0 3 1 3 0
split_gain=49546.6 202.492 268.698 383.121 276.662 164.039 118.097 85.5363 195.472 126.852 284.508 355.472 193.609 264.856
threshold=1.0000000180025095e-35 1.0000000180025095e-35 21.695706500000004 30.000025500000003 17.302557000000004 11.400451000000002 263.67257150000006 194.96920000000003 15.421393000000002 4.7279160527929891 13.909848000000002 14.323957691189907 9.6513390000000019 10.024802581422597
decision_type=2 2 2 2 2 2 2 2 2 2 2 2 2 2
left_child=-1 2 4 -4 5 -2 7 9 -9 -3 11 12 -11 -14
right_child=1 6 3 -5 -6 -7 -8 8 -10 10 -12 -13 13 -15
leaf_value=-0.00027146809944186503 1.9163707383663333 -0.0002727447118921855 -0.0010195220336934162 0.66834636985478713 3.2290377797734848 -0.0064343080866227625 -0.029680575269192461 -0.0031969849006484854 0.0036447016318793125 0.015982294871695064 2.4578453871897389e-05 0.039587544690136076 -0.0042889786038769629 0.011443248290947948
leaf_weight=60836 554 136175 1010 184 236 654 1028 7392 20999 2795 103902 1068 3741 1664
leaf_count=60836 554 136175 1010 184 236 654 1028 7392 20999 2795 103902 1068 3741 1664
internal_value=-0.00726699 -0.000190475 -0.0112206 -0.0252596 0.000387812 -0.00735099 -8.60943e-05 -3.60054e-05 0.00204431 -0.000272875 0.000716798 0.00743202 0.00460488 0.000185014
internal_weight=342238 281402 2638 1194 1444 1208 278764 277736 28391 249345 113170 9268 8200 5405
internal_count=342238 281402 2638 1194 1444 1208 278764 277736 28391 249345 113170 9268 8200 5405
is_linear=0
shrinkage=0.04


Tree=141
num_leaves=15
num_cat=0
split_feature=3 2 3 3 10 2 8 1 5 1 3 10 2 1
split_gain=49771.5 288.842 216.108 372.287 105.669 109.385 171.131 151.735 178.76 150.143 271.415 136.251 132.344 337.702
threshold=1.0000000180025095e-35 1.0000000180025095e-35 30.000025500000003 21.695706500000004 203.17970500000004 155.57042700000002 0.60287465581063315 0.39703149144723299 1.0000000180025095e-35 27.916552340973031 25.878068000000003 -14.755236696354661 56.842987000000008 1.6947819998084697
decision_type=2 2 2 2 2 2 2 2 2 2 2 2 2 2
left_child=-1 2 3 -2 5 7 9 -3 -9 -7 -11 -8 -10 -14
right_child=1 4 -4 -5 -6 6 11 8 12 10 -12 -13 13 -15
leaf_value=-0.00026060937546418472 -0.0061769357631578535 -0.0017447896524704553 0.64148495158403307 -0.00097874115234567686 -0.019902091016569895 0.00075706016045202552 0.012412388617167336 1.4028204188188482 0.00020076799303937244 0.065629634311024782 -0.010419087348878095 0.0060609010129220311 -0.0053493645239223305 -6.6248560971537973e-05
leaf_weight=61037 1465 21794 193 1030 3230 70088 832 186 20146 589 394 1281 2288 158714
leaf_count=61037 1465 21794 193 1030 3230 70088 832 186 20146 589 394 1281 2288 158714
internal_value=-0.00724789 -0.000164688 -0.0132143 -0.0163687 -3.9207e-05 4.48768e-05 0.00137079 -0.000432831 -5.38233e-05 0.00103727 0.0165615 0.0125887 -9.40667e-05 -0.000476516
internal_weight=343267 282230 2688 2495 279542 276312 73184 203128 181334 71071 983 2113 181148 161002
internal_count=343267 282230 2688 2495 279542 276312 73184 203128 181334 71071 983 2113 181148 161002
is_linear=0
shrinkage=0.04


Tree=142
num_leaves=15
num_cat=0
split_feature=3 2 3 3 3 3 2 10 3 0 3 10 3 3
split_gain=49731.4 279.154 219.027 281.243 186.391 100.677 95.6879 95.4741 226.055 91.876 296.907 296.835 204.658 164.485
threshold=1.0000000180025095e-35 1.0000000180025095e-35 11.400451000000002 30.000025500000003 22.999594500000004 263.67257150000006 266.29190050000005 -42.416017058153031 36.850685500000004 5.6355625854900104 13.909848000000002 -13.151135000198156 10.000080000000002 17.302557000000004
decision_type=2 2 2 2 2 2 2 2 2 2 2 2 2 2
left_child=-1 2 -2 4 -4 6 7 8 -3 -9 11 -11 -13 -12
right_child=1 5 3 -5 -6 -7 -8 9 -10 10 13 12 -14 -15
leaf_value=-0.00025018500044561522 1.8403090555981438 0.094101205405221433 -0.0059298583326315418 0.61856328545426553 -0.00093959150625185124 -0.026921549928797122 0.017506032632033455 -0.00018467531645677049 0.00091916356890004108 0.028810956934035747 -0.0024630039048135787 0.020594303858120232 -0.0014915856695632995 0.00025990412763723383
leaf_weight=61016 553 316 1118 182 806 1019 1116 175120 7394 1714 13050 1559 3312 74825
leaf_count=61016 553 316 1118 182 806 1019 1116 175120 7394 1714 13050 1559 3312 74825
internal_value=-0.00725596 -0.000173282 -0.0130726 -0.0189554 -0.0234511 -5.05323e-05 -4.5976e-06 -5.16427e-05 0.00433722 -0.000177164 0.000828287 0.0090205 0.00398276 0.000214395
internal_weight=343100 282084 2659 2106 1924 279425 278406 277290 7710 269580 94460 6585 4871 87875
internal_count=343100 282084 2659 2106 1924 279425 278406 277290 7710 269580 94460 6585 4871 87875
is_linear=0
shrinkage=0.04


Tree=143
num_leaves=15
num_cat=0
split_feature=7 2 10 2 8 1 10 2 10 2 10 10 10 10
split_gain=49827.3 302.273 111.277 121.042 141.603 139.701 160.454 253.779 143.717 146.599 146.156 130.125 434.51 200.778
threshold=1.0000000180025095e-35 1.0000000180025095e-35 97.19670050000002 158.7643285 0.60287465581063315 27.073431963749886 15.323317000000001 217.20789350000004 12.759740000000003 178.12245150000004 13.57146 24.998291000000005 28.844685000000002 21.576868500000003
decision_type=2 2 2 2 2 2 2 2 2 2 2 2 2 2
left_child=-1 -2 3 -3 5 6 8 11 9 -5 -10 13 -13 -8
right_child=1 2 -4 4 -6 -7 7 -9 10 -11 -12 12 -14 -15
leaf_value=-0.00024017760042779556 -0.00090200784600177994 -5.6926560902823554e-05 -0.0029347480348097931 -0.0027604733962659036 0.010181959832911463 0.022156587277957912 0.0026626940996206817 0.015470501337409211 -0.027943861556292679 0.01071234581048656 -0.00236318233183316 0.025452851864618903 -0.00064028561042264287 -0.028096862895860761
leaf_weight=61101 2678 202739 19466 3576 1922 998 7313 5656 1794 3247 6396 6502 14604 5202
leaf_count=61101 2678 202739 19466 3576 1922 998 7313 5656 1794 3247 6396 6502 14604 5202
internal_value=-0.00725118 -0.00015782 -2.96333e-05 0.000188806 0.00181367 0.00144263 0.00117001 0.00251445 -0.0023473 0.0019405 -0.00591941 0.00119568 0.00311191 -0.00203596
internal_weight=343194 282093 279415 259949 57210 55288 54290 39277 15013 6823 8190 33621 21106 12515
internal_count=343194 282093 279415 259949 57210 55288 54290 39277 15013 6823 8190 33621 21106 12515
is_linear=0
shrinkage=0.04


Tree=144
num_leaves=15
num_cat=0
split_feature=3 2 3 3 3 3 1 3 1 3 2 2 9 9
split_gain=49687.7 284.709 222.606 234.526 183.718 96.6887 90.3844 92.7602 184.299 126.718 188.605 295.083 93.3168 204.834
threshold=1.0000000180025095e-35 1.0000000180025095e-35 11.400451000000002 30.000025500000003 22.999594500000004 263.67257150000006 48.120438187673081 4.6676605000000011 4.653971888435092 8.5307070000000014 56.842987000000008 62.145424000000013 0.35628578295935481 0.02623508436154565
decision_type=2 2 2 2 2 2 2 2 2 2 2 2 2 2
left_child=-1 2 -2 4 -4 6 7 8 -3 -9 -11 -12 13 -13
right_child=1 5 3 -5 -6 -7 -8 9 -10 10 11 12 -14 -15
leaf_value=-0.00023057049641067806 1.7637464760806365 0.00019356887635562536 -0.0056565836854862092 0.59034914392024751 -0.00086592753216171655 -0.025518548239134679 0.0020616495289528781 -0.0004888772571424127 0.030764231221546028 0.00032288439093801634 -0.0015217462239430501 -0.00030051690162886778 -0.00034092720478760662 0.00060466024335842806
leaf_weight=60980 551 4460 1112 188 790 1014 3095 15622 702 14053 5914 36152 166434 31974
leaf_count=60980 551 4460 1112 188 790 1014 3095 15622 702 14053 5914 36152 166434 31974
internal_value=-0.00725919 -0.000180812 -0.0132526 -0.0192153 -0.023428 -5.72615e-05 -1.23561e-05 -8.87723e-05 0.00522278 -0.000190265 2.43589e-05 -0.000238862 -1.63711e-05 0.00123066
internal_weight=343041 282061 2641 2090 1902 279420 278406 275311 5162 270149 254527 240474 234560 68126
internal_count=343041 282061 2641 2090 1902 279420 278406 275311 5162 270149 254527 240474 234560 68126
is_linear=0
shrinkage=0.04


Tree=145
num_leaves=15
num_cat=0
split_feature=3 2 3 3 3 3 3 0 3 1 2 1 3 3
split_gain=49706.2 244.197 243.147 329.389 132.194 166.589 95.6384 92.002 201.496 88.5848 89.6765 143.924 144.805 143.903
threshold=1.0000000180025095e-35 1.0000000180025095e-35 22.167383000000005 30.000025500000003 17.302557000000004 11.400451000000002 263.67257150000006 22.702996975414468 24.999868000000003 52.445073601004161 178.12245150000004 15.224907927935655 18.915384000000003 23.941368500000006
decision_type=2 2 2 2 2 2 2 2 2 2 2 2 2 2
left_child=-1 2 4 -4 5 -2 7 9 -9 10 13 -12 -13 -3
right_child=1 6 3 -5 -6 -7 -8 8 -10 -11 11 12 -14 -15
leaf_value=-0.00022134767655424882 1.6958368453088952 0.0001138262739316942 -0.00083129043087524221 0.56833628289976557 3.0829585468494334 -0.0054303203380667679 -0.024497806309569291 0.06276136122744623 0.0015475820954044472 0.0031929333413497573 0.00085232780542627402 0.098693331847261367 0.0041984020870662955 -0.00043214279125717518
leaf_weight=60976 552 112288 951 190 294 687 1005 361 5869 1519 42248 518 1942 113926
leaf_count=60976 552 112288 951 190 294 687 1005 361 5869 1519 42248 518 1942 113926
internal_value=-0.00724885 -0.000175952 -0.0122064 -0.0261876 -0.00180039 -0.0075222 -6.09276e-05 -1.65069e-05 0.00478973 -0.000126413 -0.000180421 0.00145656 0.0108618 -0.000503948
internal_weight=343326 282350 2674 1141 1533 1239 279676 278671 6230 272441 270922 44708 2460 226214
internal_count=343326 282350 2674 1141 1533 1239 279676 278671 6230 272441 270922 44708 2460 226214
is_linear=0
shrinkage=0.04


Tree=146
num_leaves=15
num_cat=0
split_feature=3 2 3 3 3 3 3 3 2 2 2 10 2 2
split_gain=49748.8 300.456 248.623 243.725 179.393 96.4029 94.2554 168.461 91.9575 186.873 154.391 81.8208 82.1795 77.2335
threshold=1.0000000180025095e-35 1.0000000180025095e-35 11.400451000000002 30.000025500000003 22.724640000000004 208.03935750000002 16.996333000000003 21.217401500000005 171.63034850000003 128.06903100000002 101.48437100000001 -54.880674706320342 266.29190050000005 167.82599650000003
decision_type=2 2 2 2 2 2 2 2 2 2 2 2 2 2
left_child=-1 2 -2 4 6 11 -4 -8 9 10 -7 -3 -13 -11
right_child=1 5 3 -5 -6 8 7 -9 -10 13 -12 12 -14 -15
leaf_value=-0.00021249376949207034 1.6287165672973209 0.0035356520544586444 -0.0052131075245440963 0.54502681229666561 -0.00079803881364023607 0.040834265741303923 3.4826452708934243 -0.0001078282222159288 -0.022371957963065674 0.13677162294836445 -0.081698989326554075 -1.0415016103992869e-05 0.015799059901605423 0.022446132781116096
leaf_weight=60971 558 1080 635 190 868 84 177 266 2221 239 275 274379 1128 259
leaf_count=60971 558 1080 635 190 868 84 177 266 2221 239 275 274379 1128 259
internal_value=-0.00723316 -0.000157672 -0.0134521 -0.0196629 -0.0238849 -2.96069e-05 -0.012987 0.00117381 -0.00706953 0.00406068 -0.0179387 4.87369e-05 5.66229e-06 0.0199197
internal_weight=343330 282359 2694 2136 1946 279665 1078 443 3078 857 359 276587 275507 498
internal_count=343330 282359 2694 2136 1946 279665 1078 443 3078 857 359 276587 275507 498
is_linear=0
shrinkage=0.04


Tree=147
num_leaves=15
num_cat=0
split_feature=3 2 3 3 3 3 2 9 1 5 10 3 3 2
split_gain=49679 311.635 213.546 218.763 183.176 98.5807 93.2757 152.992 152.652 176.554 134.586 130.199 351.767 220.515
threshold=1.0000000180025095e-35 1.0000000180025095e-35 11.400451000000002 30.000025500000003 22.999594500000004 208.03935750000002 155.57042700000002 0.39944806578886488 0.39703149144723299 1.0000000180025095e-35 -14.755236696354661 32.43592300000001 75.285085000000009 136.97528100000002
decision_type=2 2 2 2 2 2 2 2 2 2 2 2 2 2
left_child=-1 2 -2 4 -4 6 8 10 11 -10 -8 13 -13 -3
right_child=1 5 3 -5 -6 -7 7 -9 9 -11 -12 12 -14 -15
leaf_value=-0.00020399401871237899 1.5626358977694903 -0.00011743145853161607 -0.0050045832235623249 0.52309817632823641 -0.00076611726109462094 -0.017362771318336634 0.011794223931649092 0.00088983163623919566 1.3251071155269625 -1.1995680286545074e-05 0.0053902507316995153 0.01866199186897571 -0.0083962806516032912 -0.016293771037630342
leaf_weight=60915 541 6244 1129 186 808 3070 834 71245 188 180999 1291 4957 4172 6456
leaf_count=60915 541 6244 1129 186 808 3070 834 71245 188 180999 1291 4957 4172 6456
internal_value=-0.00724089 -0.000167588 -0.0137838 -0.0195007 -0.0234796 -3.77877e-05 4.13914e-05 0.00126373 -0.000400363 -1.96482e-05 0.01184 -0.0035604 8.32512e-05 -0.00617953
internal_weight=343035 282120 2664 2123 1937 279456 276386 73370 203016 181187 2125 21829 9129 12700
internal_count=343035 282120 2664 2123 1937 279456 276386 73370 203016 181187 2125 21829 9129 12700
is_linear=0
shrinkage=0.04


Tree=148
num_leaves=15
num_cat=0
split_feature=7 2 10 0 8 2 2 10 1 2 10 2 2 10
split_gain=49794.8 210.277 87.4103 89.0821 113.123 105.708 94.3508 146.093 169.917 142.872 125.767 96.9311 198.499 99.3464
threshold=1.0000000180025095e-35 1.0000000180025095e-35 -54.880674706320342 21.429411270801307 0.8620902663598663 113.61735900000001 194.96920000000003 15.646116500000002 22.351925824992236 235.77985350000003 97.19670050000002 99.750706000000022 134.36869850000002 111.61889500000002
decision_type=2 2 2 2 2 2 2 2 2 2 2 2 2 2
left_child=-1 -2 -3 6 5 -5 10 8 -8 -9 -4 -12 -13 -14
right_child=1 2 3 4 -6 -7 7 9 -10 -11 11 12 13 -15
leaf_value=-0.00019583425796389166 -0.00073547257065083478 0.0034616025571954311 -6.1669113223574717e-05 -0.0033413072294829725 0.0046144475881360596 0.00820061538002014 -0.003584991636487045 0.0019223324835572842 0.045493823208916297 0.020858971753429909 0.16529777152885264 -0.018561143270349374 -0.013453271481881428 -0.0041054658383427459
leaf_weight=61068 2687 1086 228786 1523 5552 574 8300 17196 433 2547 121 778 1761 10790
leaf_count=61068 2687 1086 228786 1523 5552 574 8300 17196 433 2547 121 778 1761 10790
internal_value=-0.00725101 -0.000162476 -5.53951e-05 -9.95829e-05 0.00415741 -0.00375775 -0.000219865 0.00195814 -0.00234971 0.00386365 -0.0004759 -0.00423494 -0.00455848 -0.00334316
internal_weight=343202 282134 279447 278361 7649 2097 270712 28476 8733 19743 242236 13450 13329 12551
internal_count=343202 282134 279447 278361 7649 2097 270712 28476 8733 19743 242236 13450 13329 12551
is_linear=0
shrinkage=0.04


Tree=149
num_leaves=15
num_cat=0
split_feature=3 2 3 3 3 3 3 3 3 10 3 9 3 8
split_gain=49741.7 212.892 232.918 355.693 117.33 99.3015 121.096 151.018 96.2986 74.9979 223.346 94.3527 88.3163 229.088
threshold=1.0000000180025095e-35 1.0000000180025095e-35 22.724640000000004 30.000025500000003 22.167383000000005 11.400451000000002 16.996333000000003 21.217401500000005 263.67257150000006 -42.416017058153031 36.096632000000007 0.87269507410936009 39.466378500000012 0.99330027707196666
decision_type=2 2 2 2 2 2 2 2 2 2 2 2 2 2
left_child=-1 2 4 -4 5 -2 -7 -8 9 10 -3 -12 -11 -14
right_child=1 8 3 -5 -6 6 7 -9 -10 12 11 -13 13 -15
leaf_value=-0.00018800088764534095 1.498949172143373 0.093998119181593703 -0.00070605366782480413 0.50233123165449567 0.00012608713844123543 -0.0047749809917938006 3.3311717539398469 -0.12305902527663962 -0.02240888425959886 7.9757106583098198e-05 -0.00037383089089348731 0.0028512642511543665 -0.00016687086358446179 -0.0013221050283526825
leaf_weight=61039 558 277 848 194 100 635 180 162 1023 202942 4140 3301 61146 6499
leaf_count=61039 558 277 848 194 100 635 180 162 1023 202942 4140 3301 61146 6499
internal_value=-0.00726064 -0.000174323 -0.0114008 -0.0261804 -0.00198165 -0.00471661 -0.0124053 0.00678363 -6.67316e-05 -2.17028e-05 0.00386629 0.00255342 -0.000132601 -0.00138429
internal_weight=343044 282005 2677 1042 1635 1535 977 342 279328 278305 7718 7441 270587 67645
internal_count=343044 282005 2677 1042 1635 1535 977 342 279328 278305 7718 7441 270587 67645
is_linear=0
shrinkage=0.04


Tree=150
num_leaves=15
num_cat=0
split_feature=3 3 3 1 3 3 10 0 3 10 3 10 3 3
split_gain=49552.2 98.3922 89.1503 147.528 130.837 110.253 1277.51 301.387 172.307 343.733 221.988 182.923 362.199 479.474
threshold=1.0000000180025095e-35 263.67257150000006 4.7551805000000007 4.653971888435092 8.5307070000000014 22.819251000000005 -24.519379877582001 18.720180970999738 21.217401500000005 -21.692922838334528 18.915384000000003 15.646116500000002 17.302557000000004 19.424549500000001
decision_type=2 2 2 2 2 2 2 2 2 2 2 2 2 2
left_child=-1 2 3 -2 -4 6 -6 8 9 10 -8 -11 -13 -14
right_child=1 -3 4 -5 5 -7 7 -9 -10 11 -12 12 13 -15
leaf_value=-0.00018048085213953513 0.000202900974985738 -0.022480150305306826 -0.00052758490856970048 0.028096837971577911 0.04927556663323452 -0.00022212516443223196 0.069820148230474638 0.037260190344099352 -0.001557856606770467 -0.00011788303037304271 0.0051334147948627739 0.021175740580627128 -0.03627785605903755 0.0073688692449764663
leaf_weight=60815 5528 1033 14835 828 2835 153367 701 1166 14876 74003 1298 5372 2583 3167
leaf_count=60815 5528 1033 14835 828 2835 153367 701 1166 14876 74003 1298 5372 2583 3167
internal_value=-0.00725651 -0.000184948 -0.000139578 0.00454374 -0.000248137 -3.91721e-05 0.000952821 0.00022488 -6.27451e-06 0.000673064 0.0170685 0.000288047 0.00507103 -0.00190609
internal_weight=342407 281592 280559 6356 274203 259368 106001 103166 102000 87124 1999 85125 11122 5750
internal_count=342407 281592 280559 6356 274203 259368 106001 103166 102000 87124 1999 85125 11122 5750
is_linear=0
shrinkage=0.04


Tree=151
num_leaves=15
num_cat=0
split_feature=3 2 3 3 3 3 3 3 10 2 2 2 8 3
split_gain=49759.6 221.232 243.853 333.759 109.667 98.4302 104.296 155.674 92.8924 103.206 200.725 99.4101 133.956 144.814
threshold=1.0000000180025095e-35 1.0000000180025095e-35 22.724640000000004 30.000025500000003 22.167383000000005 11.400451000000002 16.996333000000003 21.217401500000005 123.47118900000001 133.64628600000003 104.17893950000001 158.7643285 0.60287465581063315 15.515913000000001
decision_type=2 2 2 2 2 2 2 2 2 2 2 2 2 2
left_child=-1 2 4 -4 5 -2 -7 -8 11 10 -10 -3 13 -13
right_child=1 8 3 -5 -6 6 7 -9 9 -11 -12 12 -14 -15
leaf_value=-0.00017326161805394591 1.4369499307242932 -6.7796425110373538e-05 -0.00066892651453452244 0.48224686739489303 0.00018335791717440488 -0.0045792664309071184 3.1854024384589366 -0.11808514107754402 0.19273190270215021 -0.0034185882381868862 -0.022855921187642025 -0.0027407517641755063 0.0092828648001996601 0.0021074515715577748
leaf_weight=60964 560 204185 853 189 94 638 176 161 152 10990 629 10662 1931 50932
leaf_count=60964 560 204185 853 189 94 638 176 161 152 10990 629 10662 1931 50932
internal_value=-0.00722951 -0.000148856 -0.0116061 -0.0267179 -0.00193984 -0.00450814 -0.0121846 0.00581602 -3.93587e-05 -0.00351712 -0.0175672 0.000113556 0.00149547 0.00117024
internal_weight=343116 282152 2671 1042 1629 1535 975 337 279481 11771 781 267710 63525 61594
internal_count=343116 282152 2671 1042 1629 1535 975 337 279481 11771 781 267710 63525 61594
is_linear=0
shrinkage=0.04


Tree=152
num_leaves=15
num_cat=0
split_feature=3 2 3 3 3 10 3 3 3 0 3 2 2 2
split_gain=49857.2 223.253 255.089 323.67 113.17 93.574 92.8507 112.854 139.516 80.6885 194.437 85.4173 84.5842 194.941
threshold=1.0000000180025095e-35 1.0000000180025095e-35 22.724640000000004 30.000025500000003 22.167383000000005 203.17970500000004 11.400451000000002 16.996333000000003 21.217401500000005 22.702996975414468 32.738478000000008 113.08114250000001 56.842987000000008 63.096979000000012
decision_type=2 2 2 2 2 2 2 2 2 2 2 2 2 2
left_child=-1 2 4 -4 6 9 -2 -8 -9 12 -11 -12 -3 -14
right_child=1 5 3 -5 -6 -7 7 8 -10 10 11 -13 13 -15
leaf_value=-0.00016633115333178239 1.3792971440666104 0.00016162313393597305 -0.00064216945395314086 0.46295699269909735 0.00017602360048742937 -0.016486036875437232 -0.0043960957736708297 3.0834579900905013 -0.11336173543444225 0.024125815702494512 -0.0014970279231107809 0.0053816525636830904 -0.001382366344094974 -1.4640510778503036e-05
leaf_weight=61029 555 24004 868 189 98 3208 635 177 163 1425 3065 1673 8975 237022
leaf_count=61029 555 24004 868 189 98 3208 635 177 163 1425 3065 1673 8975 237022
internal_value=-0.00721895 -0.000126074 -0.0116052 -0.0269063 -0.00167076 -1.57496e-05 -0.00433987 -0.0117744 0.00682353 6.31509e-05 0.00458867 0.000692275 -4.0148e-05 -0.000261304
internal_weight=343086 282057 2685 1057 1628 279372 1530 975 340 276164 6163 4738 270001 245997
internal_count=343086 282057 2685 1057 1628 279372 1530 975 340 276164 6163 4738 270001 245997
is_linear=0
shrinkage=0.04


Tree=153
num_leaves=15
num_cat=0
split_feature=3 2 3 3 3 3 3 3 2 2 3 9 10 8
split_gain=49802.9 217.024 262.053 326.744 117.56 98.2634 118.775 135.214 91.6114 201.295 146.923 104.611 283.511 168.906
threshold=1.0000000180025095e-35 1.0000000180025095e-35 22.724640000000004 30.000025500000003 22.167383000000005 11.400451000000002 16.996333000000003 21.217401500000005 56.842987000000008 58.859213000000004 9.2735185000000016 1.4920348899605253e-05 -0.8262416351580697 0.99996993804803291
decision_type=2 2 2 2 2 2 2 2 2 2 2 2 2 2
left_child=-1 2 4 -4 5 -2 -7 -8 10 -10 -3 -12 13 -13
right_child=1 8 3 -5 -6 6 7 -9 9 -11 11 12 -14 -15
leaf_value=-0.00015967790719850327 1.324300047732657 -8.1375507932275327e-05 -0.00061648267579501599 0.44431114951457118 0.00016898265646792866 -0.0042202519427240051 2.9598460803989908 -0.10882726601706455 -0.0017084377949155628 -5.0173530914068285e-05 0.00046962024042921161 -1.011074674822865e-05 0.00097005887444943538 -0.0010024973292562045
leaf_weight=61052 566 10316 873 190 103 623 176 155 3398 251720 11880 982 272 579
leaf_count=61052 566 10316 873 190 103 623 176 155 3398 251720 11880 982 272 579
internal_value=-0.00724639 -0.000151153 -0.0114669 -0.026905 -0.00135551 -0.00415789 -0.0119916 0.0073716 -4.22716e-05 -0.000264662 0.00231886 0.00503172 -0.00386252 -0.0104292
internal_weight=342885 281833 2686 1063 1623 1520 954 331 279147 255118 24029 13713 1833 1561
internal_count=342885 281833 2686 1063 1623 1520 954 331 279147 255118 24029 13713 1833 1561
is_linear=0
shrinkage=0.04


Tree=154
num_leaves=15
num_cat=0
split_feature=3 2 3 3 3 3 3 3 10 10 2 2 3 8
split_gain=49819.4 188.15 270.67 313.16 140.011 102.648 122.37 150.501 95.5967 195.696 148.691 227.009 126.637 121.846
threshold=1.0000000180025095e-35 1.0000000180025095e-35 22.819251000000005 30.000025500000003 22.167383000000005 11.400451000000002 16.996333000000003 21.217401500000005 69.410595500000014 57.100277000000006 135.11470800000004 114.20055000000001 102.52942700000001 0.99857054728253358
decision_type=2 2 2 2 2 2 2 2 2 2 2 2 2 2
left_child=-1 2 4 -4 5 -2 -7 -8 9 12 11 -10 -3 -14
right_child=1 8 3 -5 -6 6 7 -9 10 -11 -12 -13 13 -15
leaf_value=-0.00015329079091056742 1.2746011323712023 8.9582758724571225e-06 -0.00059182336876322243 0.42666626701055066 0.00016222335020920297 -0.0040514418650150399 2.9663101935886704 -0.10445259322390041 0.28317639364376318 0.059454222675625702 -0.0013647223868574504 -0.015399120789182246 0.00096784496824167568 -0.011933035559166805
leaf_weight=61011 569 251761 837 189 125 638 176 162 276 1062 22690 817 2678 80
leaf_count=61011 569 251761 837 189 125 638 176 162 276 1062 22690 817 2678 80
internal_value=-0.00722568 -0.000136425 -0.0106528 -0.0268226 -0.000718563 -0.00401294 -0.0118852 0.00757396 -3.49365e-05 0.000190781 -0.00246058 -0.016871 0.000119284 0.00864394
internal_weight=343071 282060 2696 1026 1670 1545 976 338 279364 255581 23783 1093 254519 2758
internal_count=343071 282060 2696 1026 1670 1545 976 338 279364 255581 23783 1093 254519 2758
is_linear=0
shrinkage=0.04


Tree=155
num_leaves=15
num_cat=0
split_feature=3 2 3 3 3 3 3 3 3 2 2 0 3 3
split_gain=49872.6 194.434 261.972 315.289 135.012 98.6964 131.706 145.187 88.3479 82.8656 185.243 172.069 187.827 167.245
threshold=1.0000000180025095e-35 1.0000000180025095e-35 22.819251000000005 30.000025500000003 22.167383000000005 11.400451000000002 16.996333000000003 21.217401500000005 263.67257150000006 56.842987000000008 63.096979000000012 2.3540484061834319 12.822951000000002 9.2735185000000016
decision_type=2 2 2 2 2 2 2 2 2 2 2 2 2 2
left_child=-1 2 4 -4 5 -2 -7 -8 9 13 11 -11 -13 -3
right_child=1 8 3 -5 -6 6 7 -9 -10 10 -12 12 -14 -15
leaf_value=-0.00014715915927414615 1.2241527480121059 -0.0001043024663424852 -0.00056815043401268637 0.40857453088091006 0.00015573441620084339 -0.0038893841904144469 2.7227998294394844 -0.10028528057118517 -0.022983582715252346 -0.003649619831909381 -9.0689361070661612e-06 0.016778058759804235 -0.00063359397250293712 0.00034662398837358665
leaf_weight=61209 553 10301 835 195 119 644 188 162 1038 3496 245509 979 4483 13697
leaf_count=61209 553 10301 835 195 119 644 188 162 1038 3496 245509 979 4483 13697
internal_value=-0.00726925 -0.000169951 -0.0108605 -0.0267184 -0.00105642 -0.00421461 -0.0117505 0.008 -6.68329e-05 -2.34141e-05 -0.000235315 -0.00588524 -0.00145002 0.00222352
internal_weight=343408 282199 2696 1030 1666 1547 994 350 279503 278465 254467 8958 5462 23998
internal_count=343408 282199 2696 1030 1666 1547 994 350 279503 278465 254467 8958 5462 23998
is_linear=0
shrinkage=0.04


Tree=156
num_leaves=15
num_cat=0
split_feature=3 0 3 10 3 3 1 1 0 3 0 3 10 3
split_gain=49667.7 96.7764 257.084 327.861 199.946 183.928 240.265 300.11 258.112 204.956 214.621 184.009 171.432 164.352
threshold=1.0000000180025095e-35 5.3936374541090961 14.114950000000002 -13.151135000198156 9.6513390000000019 17.302557000000004 16.207938157577143 11.122438856939565 13.682414326794662 19.597057000000003 17.149842368965825 15.929633000000001 -42.416017058153031 36.096632000000007
decision_type=2 2 2 2 2 2 2 2 2 2 2 2 2 2
left_child=-1 12 3 -3 -5 6 7 -4 -9 10 -7 -10 13 -2
right_child=1 2 5 4 -6 9 -8 8 11 -11 -12 -13 -14 -15
leaf_value=-0.0001412727929031732 0.090392498243854577 0.025483594648156763 0.0028778917657327676 0.028611131193559989 -0.00081403876572650803 0.0037042667833607767 0.029103884182906197 -0.0074551284673121101 0.0088332828108388245 0.00010716572232692512 0.055724621457054049 -0.013083169630999234 -0.00022675005222221156 0.0022334338920064712
leaf_weight=60966 275 2106 2631 1106 4515 4073 637 7270 1319 77479 616 719 177084 2220
leaf_count=60966 275 2106 2631 1106 4515 4073 637 7270 1319 77479 616 719 177084 2220
internal_value=-0.00726147 -0.000184932 0.000795933 0.00781157 0.00276819 0.000223761 -0.00428117 -0.00555825 -0.00892995 0.000913251 0.00903391 0.00365064 -0.00074463 0.00966733
internal_weight=343016 282050 102471 7727 5621 94744 12576 11939 9308 82168 4689 2038 179579 2495
internal_count=343016 282050 102471 7727 5621 94744 12576 11939 9308 82168 4689 2038 179579 2495
is_linear=0
shrinkage=0.04


Tree=157
num_leaves=15
num_cat=0
split_feature=7 2 10 10 9 2 2 10 0 2 10 2 8 9
split_gain=49857.3 184.306 90.5886 78.3712 146.252 80.3627 172.637 126.206 98.8801 189.688 220.725 139 173.178 376.584
threshold=1.0000000180025095e-35 1.0000000180025095e-35 203.17970500000004 -42.416017058153031 0.87269507410936009 56.842987000000008 58.859213000000004 -2.688317369955731 5.3936374541090961 168.51074950000003 163.05334450000001 119.71316900000001 0.87987932608788444 0.036432074153505474
decision_type=2 2 2 2 2 2 2 2 2 2 2 2 2 2
left_child=-1 -2 3 4 -3 7 -7 -5 9 10 -8 12 -10 -14
right_child=1 2 -4 5 -6 6 8 -9 11 -11 -12 -13 13 -15
leaf_value=-0.0001356218811870491 -0.00053635441456329153 -0.0002841433373387381 -0.015751928542681048 0.0033800550706777613 0.0041080454265764168 -0.0016074999150658931 -0.0008660691980979518 0.00010992735057121727 -0.00066324196970569569 0.0010659963585937548 0.058222359174317333 0.0020755029107683742 -0.00021242823439406532 0.0022491598120728653
leaf_weight=61063 2655 4108 3213 901 3620 3365 90360 23113 31882 52542 787 28846 27939 8497
leaf_count=61063 2655 4108 3213 901 3620 3365 90360 23113 31882 52542 787 28846 27939 8497
internal_value=-0.00723204 -0.000132279 -3.25246e-05 4.52239e-05 0.00401656 -6.91938e-05 -0.000286302 0.00213875 -0.000160596 -0.000827064 -0.00193051 0.000824997 -0.000158084 0.00172577
internal_weight=342891 281828 279173 275960 7728 268232 244218 24014 240853 143689 91147 97164 68318 36436
internal_count=342891 281828 279173 275960 7728 268232 244218 24014 240853 143689 91147 97164 68318 36436
is_linear=0
shrinkage=0.04


Tree=158
num_leaves=15
num_cat=0
split_feature=3 2 3 3 3 3 3 3 2 2 3 0 2 2
split_gain=49744.3 173.926 292.367 311.03 166.788 90.5462 133.289 145.126 83.9854 176.455 139.42 102.052 342.275 192.2
threshold=1.0000000180025095e-35 1.0000000180025095e-35 22.999594500000004 30.000025500000003 22.167383000000005 11.400451000000002 16.996333000000003 21.217401500000005 56.842987000000008 58.859213000000004 9.6513390000000019 3.0279874967944402 73.998664500000018 142.69225300000002
decision_type=2 2 2 2 2 2 2 2 2 2 2 2 2 2
left_child=-1 2 4 -4 5 -2 -7 -8 10 -10 -3 12 -11 -13
right_child=1 8 3 -5 -6 6 7 -9 9 11 -12 13 -14 -15
leaf_value=-0.00013019700593956075 1.1722600840982131 -7.8580546320967669e-05 -0.00051490023798075771 0.39226207382434497 0.000180029218224238 -0.0037032846441264413 2.613918360440576 -0.096232554093425557 -0.0015689143412191365 -0.0024311874627526353 0.00033348099110241058 2.1619211984987839e-05 -0.00060902221756619301 0.004045281932434106
leaf_weight=60936 557 10503 813 189 151 645 186 152 3352 4034 13589 132800 101917 13218
leaf_count=60936 557 10503 813 189 151 645 186 152 3352 4034 13589 132800 101917 13218
internal_value=-0.00722617 -0.000146895 -0.0102636 -0.0273852 -0.000118273 -0.00405195 -0.011353 0.00899408 -4.93893e-05 -0.000262415 0.0022082 -0.000141128 -0.00108616 0.00054459
internal_weight=343042 282106 2693 1002 1691 1540 983 338 279413 255321 24092 251969 105951 146018
internal_count=343042 282106 2693 1002 1691 1540 983 338 279413 255321 24092 251969 105951 146018
is_linear=0
shrinkage=0.04


Tree=159
num_leaves=15
num_cat=0
split_feature=3 2 3 3 3 3 3 3 3 2 2 2 2 2
split_gain=49953.9 174.132 297.302 293.365 167.25 109.908 123.559 149.035 76.2869 73.0554 227.808 81.1425 72.4557 138.866
threshold=1.0000000180025095e-35 1.0000000180025095e-35 22.999594500000004 30.000025500000003 22.167383000000005 11.400451000000002 16.996333000000003 21.217401500000005 263.67257150000006 176.62200900000002 123.61187350000002 97.649410500000016 56.842987000000008 58.859213000000004
decision_type=2 2 2 2 2 2 2 2 2 2 2 2 2 2
left_child=-1 2 4 -4 5 -2 -7 -8 12 10 11 -10 -3 -14
right_child=1 8 3 -5 -6 6 7 -9 9 -11 -12 -13 13 -15
leaf_value=-0.00012498912570197974 1.1286938853712083 0.0001484028542327609 -0.00049430422846151955 0.37695657011941819 0.00017282804949527274 -0.0035551532583613897 2.5093616260229532 -0.092383251929688534 0.12598876276968327 -0.024337740133114513 0.059918294326032316 -0.081232128209532461 -0.0014579149567892191 -1.3543860082361193e-05
leaf_weight=61011 556 24010 804 186 152 633 182 164 41 427 314 245 3374 250931
leaf_count=61011 556 24010 804 186 152 633 182 164 41 427 314 245 3374 250931
internal_value=-0.00718188 -8.21221e-05 -0.0102353 -0.0276364 -2.37107e-05 -0.00398697 -0.0120531 0.00716763 1.51785e-05 -0.0108666 -0.00186667 -0.0276923 5.5333e-05 -0.000142978
internal_weight=343030 282019 2677 990 1687 1535 979 346 279342 1027 600 286 278315 254305
internal_count=343030 282019 2677 990 1687 1535 979 346 279342 1027 600 286 278315 254305
is_linear=0
shrinkage=0.04


end of trees

feature_importances:
control_value=727
pressure_bar=631
injection_minus_liquid=311
oil_tpd=209
liquid_tpd=207
watercut=79
oil_fraction=51
status=13
target_lrat=11
target_wrat=1

parameters:
[boosting: gbdt]
[objective: regression_l1]
[metric: l1]
[tree_learner: serial]
[device_type: cpu]
[data_sample_strategy: bagging]
[data: ]
[valid: ]
[num_iterations: 160]
[learning_rate: 0.04]
[num_leaves: 15]
[num_threads: 1]
[seed: 20260867]
[deterministic: 1]
[force_col_wise: 1]
[force_row_wise: 0]
[histogram_pool_size: -1]
[max_depth: -1]
[min_data_in_leaf: 12]
[min_sum_hessian_in_leaf: 0.001]
[bagging_fraction: 0.9]
[pos_bagging_fraction: 1]
[neg_bagging_fraction: 1]
[bagging_freq: 1]
[bagging_seed: 7995]
[bagging_by_query: 0]
[feature_fraction: 0.9]
[feature_fraction_bynode: 1]
[feature_fraction_seed: 31188]
[extra_trees: 0]
[extra_seed: 28984]
[early_stopping_round: 0]
[early_stopping_min_delta: 0]
[first_metric_only: 0]
[max_delta_step: 0]
[lambda_l1: 0]
[lambda_l2: 0]
[linear_lambda: 0]
[min_gain_to_split: 0]
[drop_rate: 0.1]
[max_drop: 50]
[skip_drop: 0.5]
[xgboost_dart_mode: 0]
[uniform_drop: 0]
[drop_seed: 26259]
[top_rate: 0.2]
[other_rate: 0.1]
[min_data_per_group: 100]
[max_cat_threshold: 32]
[cat_l2: 10]
[cat_smooth: 10]
[max_cat_to_onehot: 4]
[top_k: 20]
[monotone_constraints: ]
[monotone_constraints_method: basic]
[monotone_penalty: 0]
[feature_contri: ]
[forcedsplits_filename: ]
[refit_decay_rate: 0.9]
[cegb_tradeoff: 1]
[cegb_penalty_split: 0]
[cegb_penalty_feature_lazy: ]
[cegb_penalty_feature_coupled: ]
[path_smooth: 0]
[interaction_constraints: ]
[verbosity: -1]
[saved_feature_importance_type: 0]
[use_quantized_grad: 0]
[num_grad_quant_bins: 4]
[quant_train_renew_leaf: 0]
[stochastic_rounding: 1]
[linear_tree: 0]
[max_bin: 255]
[max_bin_by_feature: ]
[min_data_in_bin: 3]
[bin_construct_sample_cnt: 200000]
[data_random_seed: 4912]
[is_enable_sparse: 1]
[enable_bundle: 1]
[use_missing: 1]
[zero_as_missing: 0]
[feature_pre_filter: 1]
[pre_partition: 0]
[two_round: 0]
[header: 0]
[label_column: ]
[weight_column: ]
[group_column: ]
[ignore_column: ]
[categorical_feature: ]
[forcedbins_filename: ]
[precise_float_parser: 0]
[parser_config_file: ]
[objective_seed: 16674]
[num_class: 1]
[is_unbalance: 0]
[scale_pos_weight: 1]
[sigmoid: 1]
[boost_from_average: 1]
[reg_sqrt: 0]
[alpha: 0.9]
[fair_c: 1]
[poisson_max_delta_step: 0.7]
[tweedie_variance_power: 1.5]
[lambdarank_truncation_level: 30]
[lambdarank_norm: 1]
[label_gain: ]
[lambdarank_position_bias_regularization: 0]
[eval_at: ]
[multi_error_top_k: 1]
[auc_mu_weights: ]
[num_machines: 1]
[local_listen_port: 12400]
[time_out: 120]
[machine_list_filename: ]
[machines: ]
[gpu_platform_id: -1]
[gpu_device_id: -1]
[gpu_use_dp: 0]
[num_gpu: 1]

end of parameters

pandas_categorical:null
